cod_mun;pop_2010;pop_2022
1100015;24392;21494
1100023;90353;96833
1100031;6313;5351
1100049;78574;86887
1100056;17029;15890
1100064;18591;15663
1100072;8783;7519
1100080;13678;12627
1100098;28729;29414
1100106;41656;39387
1100114;52005;50591
1100122;116610;124333
1100130;31135;30707
1100148;19874;15679
1100155;37928;35044
1100189;33822;35079
1100205;428527;460434
1100254;22319;19327
1100262;3316;3471
1100288;50648;56406
1100296;8886;7419
1100304;76202;95832
1100320;21828;21635
1100338;22546;25444
1100346;16853;13117
1100379;12816;11479
1100403;17135;16320
1100452;32383;27992
1100502;10240;7667
1100601;5736;4150
1100700;12665;8844
1100809;19779;22310
1100908;3575;3233
1100924;8301;9324
1100940;15854;14863
1101005;10512;8001
1101104;8566;8548
1101203;10352;6466
1101302;11878;9235
1101401;14091;11548
1101435;7493;6200
1101450;4810;4125
1101468;2315;2156
1101476;3524;3076
1101484;6018;5258
1101492;16035;16286
1101500;11629;11171
1101559;4888;4256
1101609;10649;8113
1101708;12974;10725
1101757;9384;7788
1101807;8210;6479
1200013;12538;14021
1200054;6072;8100
1200104;21398;26000
1200138;8471;12917
1200179;8798;10392
1200203;78507;91888
1200252;15100;18757
1200302;32412;35426
1200328;6577;9222
1200336;15206;19294
1200344;7981;11996
1200351;14227;17093
1200385;17209;16560
1200393;9176;10735
1200401;336038;364756
1200427;14389;14938
1200435;4691;6723
1200450;20179;21454
1200500;38029;41343
1200609;35590;43467
1200708;16091;18243
1200807;14880;16693
1300029;14088;15866
1300060;9467;10819
1300086;10214;9962
1300102;16317;17194
1300144;18007;20647
1300201;15153;15314
1300300;32135;41564
1300409;25718;18834
1300508;27355;31051
1300607;33411;37648
1300631;15486;20718
1300680;14979;23785
1300706;30632;35447
1300805;34961;33080
1300839;10975;13469
1300904;12738;16869
1301001;25774;28742
1301100;32734;30792
1301159;23930;19637
1301209;75965;70616
1301308;23206;23549
1301407;30665;33170
1301506;16338;17186
1301605;22817;25871
1301654;13974;13815
1301704;44227;57473
1301803;22254;24311
1301852;40781;61163
1301902;86839;103598
1301951;8038;10937
1302009;8211;10162
1302108;7326;8858
1302207;10802;10742
1302306;17992;25172
1302405;37701;45448
1302504;85141;101883
1302553;22801;17107
1302603;1802014;2063689
1302702;47017;53914
1302801;17528;15529
1302900;52236;61204
1303007;18278;20136
1303106;30696;27062
1303205;14723;15761
1303304;21451;23818
1303403;102033;96372
1303502;18166;19373
1303536;27175;30668
1303569;25719;24936
1303601;18146;14164
1303700;24481;28211
1303809;37896;51795
1303908;31422;32967
1303957;10705;11670
1304005;8444;11559
1304062;52272;66764
1304104;19077;19599
1304203;61453;73669
1304237;17079;19247
1304260;11891;14431
1304302;17094;18631
1304401;17837;23945
1400027;9327;13927
1400050;16448;21096
1400100;284313;413486
1400159;10943;13923
1400175;13902;18682
1400209;18398;20957
1400233;8114;10656
1400282;8696;10023
1400308;14792;18095
1400407;8940;13986
1400456;10433;19305
1400472;24279;32647
1400506;6769;8858
1400605;6750;7315
1400704;8375;13751
1500107;141100;158188
1500131;6780;6136
1500206;53569;59023
1500305;35042;37765
1500347;25057;18080
1500404;52626;69377
1500503;33614;34280
1500602;99075;126279
1500701;24759;28011
1500800;471980;478778
1500859;20543;31850
1500909;40497;44573
1500958;26546;23774
1501006;15849;18290
1501105;23864;31892
1501204;36882;51641
1501253;3431;4031
1501303;99859;126650
1501402;1393399;1303403
1501451;16318;18099
1501501;51651;63567
1501576;15298;18005
1501600;13630;12622
1501709;113227;123082
1501725;15690;24718
1501758;7317;6783
1501782;52493;45712
1501808;92860;106968
1501907;25695;24383
1501956;26484;19630
1502004;20443;23981
1502103;120896;134184
1502152;26716;77079
1502202;63639;70394
1502301;51893;56506
1502400;173149;192256
1502509;21005;20757
1502608;11381;12868
1502707;45557;44617
1502756;28216;26881
1502764;10466;14036
1502772;18288;19950
1502806;28549;33903
1502855;12254;14117
1502905;34294;41262
1502939;51319;58484
1502954;31786;28192
1503002;8177;8728
1503044;17768;17898
1503077;25034;24703
1503093;30436;26362
1503101;29062;31786
1503200;35887;35797
1503309;58077;64831
1503408;10037;10325
1503457;51309;30329
1503507;31364;30955
1503606;97493;123314
1503705;51220;49754
1503754;14103;24042
1503804;51360;37707
1503903;47086;50881
1504000;25021;29569
1504059;27904;34353
1504109;8115;8115
1504208;233669;266533
1504307;28376;25971
1504406;26605;26573
1504422;108246;111785
1504455;27328;27094
1504505;24808;27881
1504604;26731;27198
1504703;70018;84094
1504802;55462;60012
1504901;34204;45368
1504950;20158;20478
1504976;14645;13955
1505007;13670;12806
1505031;25124;33638
1505064;62050;60732
1505106;49333;52229
1505205;28595;33844
1505304;62794;68294
1505403;16311;17855
1505437;27359;32467
1505486;39979;41097
1505494;7475;6885
1505502;97819;105550
1505536;153908;267836
1505551;6033;6931
1505601;7854;8285
1505635;12697;12832
1505650;23934;18668
1505700;25999;24984
1505809;52172;62503
1505908;33956;40597
1506005;29349;35577
1506104;10268;10851
1506112;12411;11524
1506138;75556;85597
1506161;17697;18384
1506187;46964;53143
1506195;40087;35769
1506203;37421;44772
1506302;20183;24129
1506351;17141;21087
1506401;8155;7445
1506500;59466;73019
1506559;19424;20370
1506583;17206;16548
1506609;23026;24624
1506708;56153;32413
1506807;294580;331942
1506906;6141;6116
1507003;26674;27461
1507102;16891;16666
1507151;23130;21092
1507201;29846;30599
1507300;91340;65418
1507409;15060;14894
1507458;25587;24255
1507466;5265;4430
1507474;20647;20689
1507508;13155;13664
1507607;51567;52894
1507706;22904;25643
1507755;5047;5847
1507805;13045;22576
1507904;23001;24204
1507953;79297;72493
1507961;10262;10400
1507979;16949;18782
1508001;56518;67585
1508035;27455;28595
1508050;16875;15242
1508084;33690;39550
1508100;97128;91306
1508126;43341;37972
1508159;44789;43558
1508209;47889;50832
1508308;56716;58692
1508357;13431;15607
1508407;40573;52893
1600055;4380;4673
1600105;8069;7943
1600154;10772;12847
1600204;9000;10612
1600212;4696;4461
1600238;5802;6666
1600253;4265;5599
1600279;39942;35114
1600303;398204;442933
1600402;17032;21924
1600501;20509;27482
1600535;16809;17848
1600550;3793;3803
1600600;101262;107618
1600709;12563;12945
1600808;12428;11291
1700251;2391;2576
1700301;5162;4497
1700350;5671;5147
1700400;7586;6499
1700707;8374;8802
1701002;9865;10325
1701051;3175;2876
1701101;4213;4856
1701309;5882;5290
1701903;6317;5927
1702000;8786;8133
1702109;150484;171301
1702158;5030;4310
1702208;31329;31918
1702307;6742;5550
1702406;10645;10287
1702554;15950;17484
1702703;3446;3342
1702901;9275;10262
1703008;10424;7880
1703057;3122;3407
1703073;4123;4476
1703107;5349;4846
1703206;4456;4229
1703305;3768;4038
1703602;2064;1974
1703701;5185;4725
1703800;9768;10307
1703826;2148;1961
1703842;8139;8653
1703867;3756;4007
1703883;2316;2201
1703891;3688;3318
1703909;4601;4847
1704105;2566;2131
1704600;1335;1501
1705102;3277;3117
1705508;30838;34233
1705557;4669;4756
1705607;4182;3887
1706001;5009;5331
1706100;7234;6371
1706258;1564;1470
1706506;5273;5827
1707009;19112;17739
1707108;6363;7024
1707207;7161;6327
1707306;4592;4248
1707405;9476;7530
1707553;3805;3467
1707652;5340;5211
1707702;8505;7712
1708205;18427;18881
1708254;2419;3455
1708304;4956;4738
1709005;12064;12433
1709302;23200;24775
1709500;76755;85125
1709807;1639;1590
1710508;7104;6819
1710706;6029;5172
1710904;3532;3577
1711100;2445;2404
1711506;3507;3334
1711803;2231;2243
1711902;10210;15288
1711951;3525;3516
1712009;2773;3357
1712157;1605;1626
1712405;3725;2999
1712454;2622;2717
1712504;4352;4615
1712702;2223;2748
1712801;3154;3095
1713205;20684;18566
1713304;12623;12701
1713601;6716;5694
1713700;2085;2396
1713809;5740;4872
1713957;3152;3367
1714203;9000;8754
1714302;4386;4521
1714880;10686;10367
1715002;3770;3362
1715101;3762;3969
1715150;2286;1846
1715259;2457;2230
1715507;1037;1164
1715705;4954;4798
1715754;7339;6975
1716109;44417;52360
1716208;10338;10542
1716307;4588;4043
1716505;11539;14055
1716604;10384;9317
1716653;5054;4921
1716703;8611;8941
1717008;4506;4478
1717206;2920;2282
1717503;6694;7128
1717800;4544;4220
1717909;7180;7586
1718006;2796;2866
1718204;49146;64418
1718303;7659;9044
1718402;3681;3047
1718451;2369;2193
1718501;3768;3421
1718550;4191;3960
1718659;1714;1768
1718709;2570;2738
1718758;6254;4841
1718808;3864;4215
1718840;3326;3723
1718865;6599;7216
1718881;2894;2680
1718899;2128;2219
1718907;4568;4653
1719004;2523;2781
1720002;2474;2406
1720101;4608;5654
1720150;1437;1783
1720200;10481;13241
1720259;2910;2385
1720309;4283;4100
1720499;4383;4422
1720655;5068;5108
1720804;9148;10830
1720853;1742;1577
1720903;15051;14011
1720937;1945;2021
1720978;2562;2456
1721000;228332;302692
1721109;6736;7459
1721208;22619;22615
1721257;1574;1909
1721307;2097;1874
1722081;10981;10522
1722107;11484;10517
2100055;104047;106550
2100105;5905;6144
2100154;11581;12142
2100204;21851;18467
2100303;23952;23286
2100402;11063;6447
2100436;24599;24048
2100477;31057;25710
2100501;10766;11109
2100550;6431;7170
2100600;37932;37085
2100709;25291;25322
2100808;13939;13793
2100832;14959;17519
2100873;13973;11181
2100907;42505;39052
2100956;31702;25517
2101004;28488;29472
2101103;11407;11790
2101202;100014;103711
2101251;14925;16966
2101301;16604;16290
2101350;5293;5252
2101400;83528;101767
2101509;17841;18984
2101608;82830;84532
2101707;54930;65589
2101731;6524;8460
2101772;12049;11750
2101806;5469;5469
2101905;20344;19584
2101939;5996;5840
2101970;7949;7574
2102002;39049;33100
2102036;28459;28599
2102077;14818;12212
2102101;33359;34120
2102150;5577;9218
2102200;27013;29685
2102309;22899;22455
2102325;65237;55499
2102358;14784;12918
2102374;8446;9732
2102408;10593;10121
2102507;18338;16412
2102556;13369;12301
2102606;18505;19932
2102705;20448;24303
2102754;10698;11374
2102804;23959;24062
2102903;22006;24238
2103000;155129;156973
2103109;10297;10208
2103125;7887;7094
2103158;12565;12342
2103174;17622;16267
2103208;73350;81386
2103257;13681;12878
2103307;118038;114275
2103406;46750;41658
2103505;39132;40316
2103554;14436;14915
2103604;61725;59566
2103703;32652;31558
2103752;12579;14404
2103802;22681;23053
2103901;10649;10223
2104008;18452;18311
2104057;35835;33294
2104073;8126;8048
2104081;9241;10873
2104099;17757;17719
2104107;11646;12640
2104206;15098;16976
2104305;10635;10186
2104404;17482;17206
2104503;10205;10231
2104552;15895;18411
2104602;15991;13930
2104628;7337;7063
2104651;11921;10713
2104677;25401;23128
2104701;6140;6023
2104800;62093;73872
2104909;12081;10290
2105005;26189;25680
2105104;25145;24794
2105153;12550;13974
2105203;11041;10231
2105302;247505;273110
2105351;14297;13828
2105401;62110;60440
2105427;24863;22513
2105450;8526;7471
2105476;15440;17076
2105500;20381;24709
2105609;15433;14924
2105658;4020;5146
2105708;46083;44403
2105807;10729;9506
2105906;15412;14769
2105922;10934;10572
2105948;7794;8758
2105963;10517;11411
2105989;6923;7057
2106003;11423;11297
2106102;11390;11597
2106201;6510;7161
2106300;17587;13807
2106326;19155;21149
2106359;8051;7027
2106375;14065;13761
2106409;15150;17090
2106508;21885;22034
2106607;31015;32174
2106631;13794;17432
2106672;8118;8818
2106706;20452;21030
2106755;24427;23864
2106805;14218;13978
2106904;31738;27751
2107001;9413;9106
2107100;17783;18554
2107209;12464;14176
2107258;4885;5021
2107308;4590;4320
2107357;19134;14314
2107407;18601;17919
2107456;13181;13577
2107506;105121;145643
2107605;18764;21059
2107704;20103;18274
2107803;34586;31250
2107902;17562;17220
2108009;18067;18802
2108058;14519;17056
2108108;20079;20341
2108207;39448;37050
2108256;22732;24320
2108306;34267;32511
2108405;13803;11108
2108454;21201;20479
2108504;31152;31429
2108603;78162;84621
2108702;22016;21886
2108801;17381;17714
2108900;19708;17161
2109007;21530;23903
2109056;6030;5954
2109106;44731;45155
2109205;11541;11356
2109239;6374;4696
2109270;17165;17511
2109304;10717;10549
2109403;13954;13614
2109452;26327;30839
2109502;20209;22145
2109551;7318;7420
2109601;39576;38475
2109700;5487;5568
2109759;7061;6697
2109809;39110;41561
2109908;77282;85014
2110005;74043;57635
2110039;22644;24307
2110104;29191;23957
2110203;32366;37035
2110237;11661;10567
2110278;13820;13949
2110302;14288;14304
2110401;17799;18364
2110500;40736;46395
2110609;26476;26943
2110658;6983;7992
2110708;33607;34034
2110807;4702;4402
2110856;10261;9051
2110906;12146;12064
2111003;19920;18544
2111029;12309;12251
2111052;10814;9904
2111078;17238;16889
2111102;24928;25020
2111201;163045;244579
2111250;7496;6957
2111300;1014837;1037775
2111409;20153;17818
2111508;39093;38829
2111532;12028;14338
2111573;4425;5783
2111607;17474;18672
2111631;6090;5650
2111672;5957;4544
2111706;20863;19498
2111722;11990;8784
2111748;10256;10207
2111763;17998;14700
2111789;10940;10202
2111805;17002;17074
2111904;10444;10238
2111953;4613;4985
2112001;7796;8862
2112100;27997;26484
2112209;155460;174465
2112233;18953;22484
2112274;5596;5507
2112308;39183;36251
2112407;33933;37491
2112456;22846;31638
2112506;52788;53356
2112605;24573;32812
2112704;49412;43261
2112803;49496;51442
2112852;11258;10362
2112902;31217;30805
2113009;31658;30845
2114007;50173;40801
2200053;6749;6420
2200103;5098;4940
2200202;16451;17573
2200251;7341;6819
2200277;5153;4634
2200301;13646;13479
2200400;38822;47453
2200459;5050;5322
2200509;17135;17234
2200608;6672;6827
2200707;9098;9407
2200806;3039;3152
2200905;5779;5369
2200954;2440;2690
2201002;4688;4520
2201051;7503;7452
2201101;11067;10866
2201150;10516;13272
2201176;3852;3995
2201200;44850;47938
2201309;3234;3264
2201408;6607;6640
2201507;25774;26300
2201556;3778;4091
2201572;3284;3423
2201606;9911;9929
2201705;5319;5562
2201739;6015;6220
2201770;6296;6902
2201804;4369;4078
2201903;22629;28796
2201919;5304;5636
2201929;5393;5913
2201945;6193;6545
2201960;7966;8436
2201988;3850;3904
2202000;19074;19654
2202026;7974;7434
2202059;9928;10212
2202075;3343;3108
2202083;7163;7957
2202091;5671;5503
2202109;5408;4938
2202117;4693;4616
2202133;5592;6020
2202174;6803;7419
2202208;45177;45793
2202251;3921;3414
2202307;20020;19365
2202406;10953;11100
2202455;3878;3974
2202505;10212;10318
2202539;5525;5630
2202554;4826;5033
2202604;18336;19288
2202653;5039;5496
2202703;26036;28212
2202711;4525;4911
2202729;5572;6386
2202737;3811;4117
2202752;6036;6150
2202778;7433;6994
2202802;4475;4932
2202851;4541;4250
2202901;25407;27278
2203008;7831;7356
2203107;9981;10503
2203206;10761;11270
2203230;4704;4854
2203255;4183;4413
2203271;4869;5073
2203305;13278;16352
2203354;6675;7054
2203404;6569;6320
2203420;4264;4075
2203453;9245;9159
2203503;14512;13607
2203602;4665;4377
2203701;37767;40970
2203750;5074;5284
2203800;4366;4414
2203859;2482;2333
2203909;57690;62036
2204006;5235;4505
2204105;4477;4412
2204154;2879;2929
2204204;8592;8237
2204303;11117;10259
2204352;5475;5445
2204402;10402;10892
2204501;10268;10270
2204550;4401;4276
2204600;3771;3518
2204659;8914;9274
2204709;14845;14958
2204808;9327;9420
2204907;8221;7774
2205003;11109;10790
2205102;10678;10323
2205151;5722;5613
2205201;18035;17527
2205250;4309;4180
2205276;4656;4494
2205300;4390;4497
2205359;2960;2970
2205409;13817;13886
2205458;5100;5394
2205508;37085;42559
2205516;4757;5214
2205524;5373;5388
2205532;4517;4425
2205540;2656;2939
2205557;8008;8256
2205565;4523;4995
2205573;6422;6331
2205581;3863;4810
2205599;4850;4520
2205607;5281;5213
2205706;28406;30641
2205805;24721;25375
2205854;7816;8032
2205904;5213;5209
2205953;7812;8533
2206001;4456;4724
2206050;6220;5218
2206100;10473;10641
2206209;32289;32150
2206308;1253;1318
2206357;6769;6542
2206407;10333;10255
2206506;7391;7577
2206605;10345;10660
2206654;4068;4377
2206670;6499;6425
2206696;8464;9797
2206704;7321;6665
2206720;8068;10262
2206753;4556;5228
2206803;8206;8525
2206902;6498;6097
2206951;3260;2827
2207009;35640;38161
2207108;2626;2637
2207207;6657;6382
2207306;4059;4088
2207355;3363;3000
2207405;4993;4952
2207504;13745;13264
2207553;4147;3813
2207603;10276;10103
2207702;145705;162159
2207751;4546;4135
2207777;6105;5425
2207793;3757;3880
2207801;19785;21055
2207850;3663;3628
2207900;37496;37894
2207934;2407;2458
2207959;4187;4076
2208007;73414;83090
2208106;11733;11341
2208205;17671;17613
2208304;27553;28846
2208403;61834;65538
2208502;11897;12052
2208551;2559;2364
2208601;3085;3042
2208650;8553;8738
2208700;8400;8394
2208809;17556;17133
2208858;4241;4165
2208874;4263;4055
2208908;6845;6164
2209005;6273;5801
2209104;6027;5831
2209153;3794;3435
2209203;6096;6087
2209302;5513;5336
2209351;4917;4125
2209377;5149;4650
2209401;6007;5839
2209450;2059;2138
2209500;3648;3646
2209559;4313;4358
2209609;3069;2842
2209658;5567;5572
2209708;6298;5392
2209757;2825;2947
2209807;4754;4837
2209856;4445;4242
2209872;5608;5522
2209906;6157;6114
2209955;4651;4383
2209971;7336;8186
2210003;19548;21421
2210052;5148;4841
2210102;3700;3297
2210201;6591;6597
2210300;5675;6025
2210359;4427;4410
2210375;2561;2309
2210383;2110;2269
2210391;2976;2829
2210409;18134;17554
2210508;13639;13755
2210607;32327;38934
2210623;3560;3202
2210631;4116;4446
2210656;9619;9460
2210706;14180;14350
2210805;12077;13870
2210904;4522;4141
2210938;6229;6220
2210953;2753;2949
2210979;2620;2316
2211001;814230;866300
2211100;42654;46119
2211209;20149;25203
2211308;20326;22279
2211357;4913;5055
2211407;4336;4417
2211506;2986;3185
2211605;3076;2935
2211704;4280;4059
2300101;10496;10038
2300150;15338;14027
2300200;57551;65264
2300309;51160;44962
2300408;16203;14076
2300507;10771;11369
2300606;6856;6782
2300705;16359;14155
2300754;39232;42156
2300804;6984;7245
2300903;13925;12928
2301000;72628;80645
2301109;69159;75113
2301208;25391;25553
2301257;10491;11096
2301307;20685;19783
2301406;11529;11224
2301505;7650;7429
2301604;22445;21697
2301703;24566;23714
2301802;6026;5704
2301851;17315;17195
2301901;55323;75033
2301950;19573;22392
2302008;21514;19381
2302057;14476;14567
2302107;33321;35218
2302206;49311;53114
2302305;30878;32775
2302404;52498;50411
2302503;45193;51090
2302602;60158;62326
2302701;26506;25135
2302800;74473;74174
2302909;17062;17254
2303006;20020;16377
2303105;18347;17632
2303204;26393;26320
2303303;18567;17015
2303402;16746;17210
2303501;66142;72720
2303600;18745;10243
2303659;9952;10444
2303709;325441;355679
2303808;24527;22344
2303907;12615;12462
2303931;12853;12113
2303956;18915;20163
2304004;21954;20953
2304103;72812;76390
2304202;121428;131050
2304236;17069;17481
2304251;22479;29761
2304269;9095;8932
2304277;6840;6474
2304285;46033;74170
2304301;19007;18217
2304350;21786;24173
2304400;2452185;2428708
2304459;14817;17294
2304509;12991;15657
2304608;6218;6734
2304657;15049;13801
2304707;52645;53344
2304806;4629;4841
2304905;10228;10910
2304954;24091;24325
2305001;37775;42053
2305100;4164;5654
2305209;19325;17855
2305233;55187;74755
2305266;12922;11956
2305308;23808;23965
2305332;11335;11611
2305357;18392;21433
2305407;65456;62642
2305506;96495;98064
2305605;25573;24024
2305654;11343;11575
2305704;12009;12083
2305803;40296;41081
2305902;37862;36798
2306009;13722;14001
2306108;22324;23915
2306207;7316;7536
2306256;35817;64650
2306306;48350;46426
2306405;116065;131123
2306504;18626;17841
2306553;37471;42957
2306603;18894;20424
2306702;17863;17232
2306801;10399;10356
2306900;34409;33726
2307007;32236;31701
2307106;26688;27411
2307205;7660;7861
2307254;17002;25555
2307304;249939;286120
2307403;23807;23922
2307502;31090;30802
2307601;56264;59560
2307635;18088;16896
2307650;209057;234509
2307700;113561;105093
2307809;24703;25799
2307908;10214;10846
2308005;35191;37697
2308104;44240;45561
2308203;13693;15157
2308302;28316;25900
2308351;13086;14123
2308377;12800;14196
2308401;34274;36822
2308500;42690;37735
2308609;16705;17149
2308708;62065;61443
2308807;8070;8254
2308906;20700;22753
2309003;14102;13666
2309102;11485;10569
2309201;14256;15399
2309300;30965;30699
2309409;27453;27545
2309458;24007;24493
2309508;21389;19675
2309607;61838;70983
2309706;72299;81524
2309805;11607;11186
2309904;5986;6175
2310001;8866;9346
2310100;12005;10242
2310209;31636;38980
2310258;30041;32216
2310308;31309;31445
2310407;11308;10384
2310506;41890;40187
2310605;8226;8972
2310704;35400;37813
2310803;15757;15274
2310852;18683;23391
2310902;15467;16616
2310951;10216;10606
2311009;12001;12065
2311108;15061;17050
2311207;10276;8833
2311231;6126;5974
2311264;19921;20213
2311306;80604;84168
2311355;15000;15910
2311405;71887;82177
2311504;19412;20874
2311603;26415;27214
2311702;19455;18606
2311801;69833;72928
2311900;15752;13854
2311959;15453;16633
2312007;29946;30628
2312106;17170;16954
2312205;42763;40183
2312304;44178;47640
2312403;43890;54143
2312502;7900;5855
2312601;12332;10822
2312700;26469;24266
2312809;6852;7262
2312908;188233;203023
2313005;17665;18179
2313104;29204;30652
2313203;25451;24815
2313252;8910;7529
2313302;55716;61227
2313351;16827;17154
2313401;68892;81506
2313500;51422;58415
2313559;14408;15412
2313609;31787;32767
2313708;7545;6871
2313757;18802;17470
2313807;19765;20189
2313906;12883;13746
2313955;17593;18105
2314003;38434;38984
2314102;54955;59712
2400109;11035;10597
2400208;53227;56496
2400307;10844;10839
2400406;2980;2946
2400505;13507;13640
2400604;4871;4687
2400703;12305;12484
2400802;11549;11632
2400901;6907;6577
2401008;34763;36093
2401107;25315;24093
2401206;12924;13251
2401305;9289;9730
2401404;8573;8825
2401453;24182;26913
2401503;3950;3986
2401602;5113;4807
2401651;2425;2306
2401701;9440;9952
2401800;11577;12202
2401859;6016;6293
2401909;3308;3268
2402006;62709;61146
2402105;10266;10215
2402204;30916;29668
2402303;19576;19727
2402402;7429;7992
2402501;9762;9714
2402600;68141;79115
2402709;10916;11000
2402808;5405;5117
2402907;4772;4237
2403004;7967;8005
2403103;42652;41313
2403202;6492;7044
2403251;202456;252716
2403301;5231;6016
2403400;5822;5360
2403509;10475;10620
2403608;24569;61635
2403707;5734;5944
2403756;2854;2938
2403806;8959;10196
2403905;2874;2700
2404002;4233;4122
2404101;2159;2104
2404200;22481;26741
2404309;12374;11938
2404408;9393;9924
2404507;12404;15295
2404606;12171;11615
2404705;13856;14131
2404804;2077;2035
2404853;6932;7292
2404903;5564;5320
2405009;7925;7834
2405108;6801;6562
2405207;5345;4746
2405306;9011;9051
2405405;5522;5117
2405504;2607;2437
2405603;13506;13977
2405702;12113;11655
2405801;32227;33290
2405900;2601;2076
2406007;5868;5803
2406106;17692;17793
2406155;3582;3739
2406205;6227;6654
2406304;6989;7338
2406403;2668;2567
2406502;13983;15573
2406601;7564;8319
2406700;10381;9866
2406809;4612;4787
2406908;3633;3490
2407005;9610;9070
2407104;69467;82249
2407203;28954;27369
2407252;3536;3924
2407302;8265;7896
2407401;8218;8179
2407500;10441;10255
2407609;4188;4274
2407708;11413;11444
2407807;20685;23031
2407906;2261;2276
2408003;259815;264577
2408102;803739;751300
2408201;23784;31942
2408300;35490;34269
2408409;4295;3905
2408508;4699;4913
2408607;3952;3934
2408706;3859;3579
2408805;4845;4801
2408904;20354;21499
2408953;10059;10351
2409100;11100;10896
2409209;2895;3115
2409308;11964;11007
2409332;4762;4847
2409407;27745;30479
2409506;3521;3618
2409605;2590;2441
2409704;7171;6242
2409803;14114;13824
2409902;13432;12278
2410009;3453;2965
2410108;13949;12390
2410207;7320;7601
2410256;5217;5228
2410306;8768;10125
2410405;8424;9362
2410504;4692;5432
2410603;3063;2934
2410702;3165;2701
2410801;4156;4127
2410900;7067;7389
2411007;4418;4242
2411056;3687;5382
2411106;3595;3206
2411205;35797;37313
2411403;13809;12456
2411429;2526;2696
2411502;22216;22177
2411601;2975;3304
2411700;3905;3792
2411809;3401;3492
2411908;3874;4161
2412005;87668;115838
2412104;5922;5956
2412203;39776;47286
2412302;12356;11121
2412401;4231;4558
2412500;22157;23537
2412559;8670;10221
2412609;15843;16786
2412708;6235;5776
2412807;8111;7711
2412906;10827;9972
2413003;6028;6310
2413102;5637;5965
2413201;3924;4065
2413300;5743;5703
2413359;10287;13091
2413409;7770;7597
2413508;6581;6436
2413557;4540;4659
2413607;5752;5487
2413706;5020;4654
2413805;2317;2338
2413904;11836;11422
2414001;14175;13281
2414100;9883;10262
2414159;5406;5891
2414209;11385;16929
2414308;2295;2348
2414407;31089;33035
2414456;3368;3376
2414506;10659;10078
2414605;12992;13577
2414704;5236;5233
2414753;3821;3014
2414803;10719;10735
2414902;1618;1822
2415008;2872;3174
2500106;9449;9335
2500205;5530;5003
2500304;28479;26062
2500403;19681;21013
2500502;13576;13725
2500536;5239;5578
2500577;2366;2953
2500601;18007;21730
2500700;18201;17964
2500734;2088;2234
2500775;7676;7960
2500809;17224;16646
2500908;12653;12212
2501005;18879;17189
2501104;23829;22633
2501153;1927;2005
2501203;6470;7128
2501302;19082;18705
2501351;3522;4152
2501401;8012;9224
2501500;21851;23134
2501534;4220;4762
2501575;8206;8059
2501609;14157;12904
2501708;5611;5906
2501807;99716;82742
2501906;17093;16401
2502003;7143;6268
2502052;3075;3504
2502102;5751;5207
2502151;6227;6377
2502201;2400;2286
2502300;5035;4661
2502409;10804;10252
2502508;16888;17598
2502607;6156;5648
2502706;5111;4214
2502805;13123;13613
2502904;6198;5742
2503001;20362;21193
2503100;5035;5335
2503209;57944;66519
2503308;9546;9151
2503407;3557;3291
2503506;16748;16064
2503555;6814;7223
2503605;7220;6602
2503704;58446;63239
2503753;3033;2740
2503803;5637;5753
2503902;5749;6085
2504009;385213;419379
2504033;5601;6970
2504074;3899;3944
2504108;2378;2312
2504157;7058;6889
2504207;4812;4491
2504306;28759;30661
2504355;4543;5254
2504405;18363;18260
2504504;6584;6451
2504603;21400;27605
2504702;4687;4933
2504801;15149;14683
2504850;1771;1824
2504900;16257;17095
2505006;6866;7580
2505105;19978;19719
2505204;6889;6730
2505238;6202;6251
2505279;5209;5254
2505303;2505;2292
2505352;4900;4982
2505402;7991;8067
2505501;3512;3641
2505600;6616;6299
2505709;10517;10380
2505808;3638;3327
2505907;3317;3011
2506004;31095;31231
2506103;11405;11049
2506202;2933;2846
2506251;8376;8179
2506301;55326;57484
2506400;13872;13766
2506509;3159;3242
2506608;6031;5631
2506707;11352;10392
2506806;18180;17692
2506905;24481;23182
2507002;23192;23940
2507101;16997;18382
2507200;10201;10499
2507309;13942;14477
2507408;7538;7516
2507507;723515;833932
2507606;7459;7796
2507705;16776;17007
2507804;6643;6793
2507903;10237;10012
2508000;9826;9234
2508109;4681;4415
2508208;7370;7819
2508307;25900;27730
2508406;2841;3162
2508505;7164;6877
2508554;3942;4797
2508604;11730;12560
2508703;4019;3583
2508802;5613;6046
2508901;42303;44599
2509008;10759;10434
2509057;7609;8999
2509107;21176;21512
2509156;6173;6705
2509206;12902;14139
2509305;7407;8244
2509339;4321;4571
2509370;2702;2543
2509396;5939;6433
2509404;12491;13899
2509503;4990;5812
2509602;4508;4338
2509701;30852;32277
2509800;9469;8791
2509909;10566;8945
2510006;7280;7203
2510105;10533;9724
2510204;6070;5787
2510303;4361;4259
2510402;6931;6060
2510501;3627;3580
2510600;2928;2918
2510659;1256;1720
2510709;2233;2463
2510808;100674;103165
2510907;11788;11834
2511004;3721;3739
2511103;7475;6859
2511202;27032;29662
2511301;15465;16441
2511400;18222;18333
2511509;11191;12311
2511608;6978;6815
2511707;5155;5329
2511806;10326;9340
2511905;17024;16751
2512002;17032;17469
2512036;3751;3830
2512077;3978;4006
2512101;32110;32473
2512200;3854;3915
2512309;21283;21114
2512408;12923;14277
2512507;41049;47658
2512606;1699;1743
2512705;17581;17885
2512721;5765;5766
2512747;3266;2927
2512754;4264;4690
2512762;4164;4738
2512788;1722;1955
2512804;8314;8493
2512903;22976;24581
2513000;3508;3355
2513109;11976;11505
2513158;6658;7670
2513208;6471;5947
2513307;5369;5865
2513356;3539;3227
2513406;14719;14959
2513505;5331;5010
2513604;7266;6569
2513653;2615;2539
2513703;120310;149910
2513802;4581;4402
2513851;2638;2622
2513901;30879;32235
2513927;4138;4327
2513943;2420;2585
2513968;2855;2595
2513984;3364;3137
2514008;4344;4226
2514107;4396;4263
2514206;7564;7126
2514305;6010;5034
2514404;4760;4083
2514453;5508;5891
2514503;19096;19067
2514552;4219;3416
2514602;3233;3242
2514651;1684;1699
2514701;4010;4138
2514800;3985;3411
2514909;7748;7470
2515005;6696;7066
2515104;11041;11040
2515203;3235;3279
2515302;50143;51306
2515401;10230;10291
2515500;12973;13614
2515609;3204;3094
2515708;2975;2942
2515807;7050;6828
2515906;6238;4885
2515930;4395;5054
2515971;7373;8236
2516003;26693;26774
2516102;13739;13968
2516151;3169;3345
2516201;65803;67259
2516300;16060;17166
2516409;10262;8010
2516508;14936;14068
2516607;14103;14101
2516706;14153;14631
2516755;2813;2966
2516805;9220;9892
2516904;14584;14930
2517001;9298;9124
2517100;2504;2668
2517209;5045;4864
2517407;2075;2228
2600054;94429;98462
2600104;35088;40241
2600203;17586;18674
2600302;22679;23779
2600401;33095;26461
2600500;40235;41548
2600609;13759;13542
2600708;37415;35741
2600807;22353;20674
2600906;21939;18205
2601003;10202;10241
2601052;18156;19243
2601102;77302;85088
2601201;68793;77742
2601300;12776;12263
2601409;40732;40121
2601508;11353;10378
2601607;20253;18301
2601706;72432;79507
2601805;12003;11232
2601904;58668;61694
2602001;35158;34478
2602100;45503;44294
2602209;37826;37629
2602308;37566;37474
2602407;8844;9079
2602506;7307;7720
2602605;45180;48648
2602704;12537;12808
2602803;52105;52097
2602902;185025;203440
2603009;30873;30294
2603108;18819;19899
2603207;26577;28827
2603306;11125;11093
2603405;5648;5228
2603454;144466;147771
2603504;17104;17419
2603603;8156;7750
2603702;24521;24329
2603801;19593;18338
2603900;18574;18644
2603926;11782;12239
2604007;74858;79293
2604106;314912;378048
2604155;13766;12967
2604205;37820;32156
2604304;10778;10518
2604403;12404;12984
2604502;20137;20546
2604601;24282;24587
2604700;17419;17131
2604809;12452;10198
2604908;17183;15920
2605004;23390;23518
2605103;33855;37699
2605152;16917;17188
2605202;63517;59891
2605301;31636;31843
2605400;20571;21427
2605459;2630;3167
2605509;11430;15026
2605608;22169;20347
2605707;29285;30137
2605806;14293;13636
2605905;27912;18214
2606002;129408;142506
2606101;29019;29347
2606200;75644;81055
2606309;6855;6967
2606408;76458;86516
2606507;18360;17165
2606606;26954;26593
2606705;7534;7140
2606804;102021;115196
2606903;11779;11081
2607000;19081;25603
2607109;4496;4765
2607208;80637;98932
2607307;28120;29009
2607406;4369;4284
2607505;26256;32650
2607604;21884;24540
2607653;35398;34935
2607703;13881;13791
2607752;23769;27749
2607802;15692;16554
2607901;644620;644037
2607950;11501;10247
2608008;15819;15843
2608057;13963;14020
2608107;30743;27725
2608206;15773;13269
2608255;10604;11517
2608305;13705;15329
2608404;14541;13648
2608453;16007;17981
2608503;20659;19003
2608602;12132;11933
2608701;15615;14076
2608750;22760;24088
2608800;36628;39582
2608909;55439;56510
2609006;23925;23879
2609105;13596;11333
2609154;18083;23763
2609204;12230;9359
2609303;14308;14166
2609402;56696;55292
2609501;30796;30648
2609600;377779;349976
2609709;22878;21808
2609808;13180;13613
2609907;64358;65245
2610004;59526;54584
2610103;8189;7031
2610202;25645;22991
2610301;11001;12199
2610400;20224;18612
2610509;28628;28340
2610608;51357;56665
2610707;300466;342167
2610806;20944;22795
2610905;62931;62722
2611002;32492;34161
2611101;293962;386791
2611200;11242;10500
2611309;24046;27552
2611408;13439;13838
2611507;24186;17928
2611533;6739;6554
2611606;1537704;1488920
2611705;19162;20639
2611804;44439;33507
2611903;22151;20009
2612000;11240;10887
2612109;9312;5727
2612208;56629;62372
2612307;15309;13836
2612406;21955;18624
2612455;13594;13841
2612471;11768;11567
2612505;87582;98254
2612554;13371;12106
2612604;39435;40578
2612703;13021;14013
2612802;10991;10244
2612901;13941;13113
2613008;53242;49449
2613107;35274;37126
2613206;21312;23837
2613305;20488;20037
2613404;18180;18825
2613503;32617;34843
2613602;31829;31004
2613701;102895;111249
2613800;17000;16677
2613909;79232;92228
2614006;18331;18207
2614105;33787;32811
2614204;40296;37596
2614303;11132;10540
2614402;5744;5210
2614501;58515;64120
2614600;26427;27681
2614709;12725;13738
2614808;22068;23902
2614857;20715;23561
2615003;24903;24736
2615102;6737;6513
2615201;9278;8920
2615300;53825;46147
2615409;35554;41137
2615508;13055;13867
2615607;26116;30321
2615706;15006;14705
2615805;24425;26937
2615904;7925;8005
2616001;16052;17251
2616100;9142;9169
2616183;7873;7558
2616209;18222;21959
2616308;30732;26359
2616407;129974;134084
2616506;14093;11611
2700102;19377;19008
2700201;17424;13966
2700300;214006;234696
2700409;44322;37512
2700508;14230;16365
2700607;7574;7944
2700706;17076;16448
2700805;4551;4722
2700904;7030;5936
2701001;25776;21187
2701100;10583;9603
2701209;10195;10482
2701308;20409;16024
2701357;6598;6665
2701407;50816;32106
2701506;9032;8143
2701605;17250;15559
2701704;17077;15032
2701803;8290;8999
2701902;7146;5910
2702009;10926;10810
2702108;20019;15816
2702207;5526;5581
2702306;52130;50414
2702355;22641;25397
2702405;48096;51318
2702504;10880;9805
2702553;17251;15429
2702603;21321;22712
2702702;4345;3963
2702801;12325;9618
2702900;36600;36102
2703007;15149;13731
2703106;25188;23995
2703205;23292;21372
2703304;17898;15167
2703403;5413;5083
2703502;6997;5352
2703601;7754;9219
2703700;5558;4985
2703759;12029;9470
2703809;22575;17150
2703908;4202;4092
2704005;23836;23907
2704104;18250;18457
2704203;26992;24740
2704302;932748;957916
2704401;18897;17700
2704500;28749;32174
2704609;10284;9534
2704708;45977;60370
2704807;13619;13679
2704906;3652;3155
2705002;24698;21844
2705101;23785;23857
2705200;15682;15405
2705309;5275;4845
2705408;6935;7184
2705507;26710;25187
2705606;12060;10020
2705705;20364;20695
2705804;8491;8349
2705903;4957;4330
2706000;11047;10812
2706109;10912;11446
2706208;5112;4325
2706307;70368;71574
2706406;23811;23823
2706422;10264;10573
2706448;11347;13835
2706505;14763;13804
2706604;7426;6576
2706703;60378;58650
2706802;17203;15908
2706901;33305;35370
2707008;2866;2731
2707107;23045;22609
2707206;13872;12518
2707305;25708;24071
2707404;8429;9295
2707503;19334;20082
2707602;11480;11080
2707701;68481;93927
2707800;6656;6474
2707909;6891;6919
2708006;44932;46220
2708105;10961;11323
2708204;6718;6555
2708303;22686;20813
2708402;30088;30604
2708501;32412;30873
2708600;54577;51990
2708709;7163;8482
2708808;32010;31786
2708907;14603;24278
2708956;13047;12303
2709004;6122;5796
2709103;19020;19032
2709152;41152;38053
2709202;25702;23565
2709301;62358;59280
2709400;25407;24092
2800100;2275;2170
2800209;20056;20131
2800308;571149;602757
2800407;10878;10318
2800506;16857;18081
2800605;24976;41511
2800670;25533;24636
2800704;7742;7841
2801009;16749;18149
2801108;3956;3791
2801207;24686;26834
2801306;30761;31645
2801405;20007;19939
2801504;13503;13853
2801603;5633;5391
2801702;16519;17100
2801900;3813;3824
2802007;4326;4340
2802106;64409;65078
2802205;5324;5975
2802304;13874;14530
2802403;11405;11096
2802502;2929;3037
2802601;5645;5834
2802700;8348;8321
2802809;15831;16549
2802908;86967;103440
2803005;38910;40678
2803104;4972;4745
2803203;30419;34411
2803302;16864;16209
2803401;12938;13407
2803500;94861;101579
2803609;26902;23975
2803708;6401;6838
2803807;3456;3579
2803906;12042;11533
2804003;16343;15719
2804102;11001;11050
2804201;13627;14336
2804300;7344;7822
2804409;18506;16426
2804458;8508;9232
2804508;32497;41212
2804607;24580;24996
2804706;6238;6268
2804805;160827;192330
2804904;13137;12502
2805000;2974;2778
2805109;8833;7396
2805208;5973;5677
2805307;8369;7913
2805406;30880;33439
2805505;21983;21794
2805604;27146;26576
2805703;28451;26618
2805802;19386;18313
2805901;9355;8748
2806008;17173;17033
2806107;9221;9295
2806206;19365;20279
2806305;12969;13616
2806404;7038;7346
2806503;3749;3937
2806602;11410;11092
2806701;78864;95612
2806800;10271;10327
2806909;3393;3243
2807006;3698;3434
2807105;38702;42578
2807204;8004;7834
2807303;2957;3274
2807402;48040;50905
2807501;12855;12012
2807600;22434;23917
2900108;8316;7301
2900207;17064;17639
2900306;14653;13795
2900355;15702;14201
2900405;15731;14497
2900504;10859;10604
2900603;4602;4447
2900702;141949;151055
2900801;21271;24530
2900900;6357;5218
2901007;34351;36521
2901106;25190;24138
2901155;15961;15137
2901205;25516;25438
2901304;13960;13080
2901353;14414;15012
2901403;14073;13732
2901502;10242;11031
2901601;17072;14206
2901700;11554;11146
2901809;11015;10862
2901908;17731;15922
2901957;7459;6913
2902005;13743;13936
2902054;11561;11557
2902104;51651;48294
2902203;10036;9833
2902252;10392;10191
2902302;8599;8677
2902401;13595;11179
2902500;13850;13614
2902609;20060;18220
2902658;11814;11958
2902708;49325;51092
2902807;21187;26026
2902906;34788;36539
2903003;13987;13836
2903102;6313;5775
2903201;137427;159734
2903235;13612;13453
2903276;14191;15203
2903300;6453;5833
2903409;21798;20121
2903508;16021;18412
2903607;14836;15146
2903706;15411;13690
2903805;17991;16873
2903904;63480;65550
2903953;10113;9730
2904001;13695;13622
2904050;14834;15844
2904100;22037;19322
2904209;11154;11024
2904308;14282;12943
2904407;11077;9108
2904506;10717;11765
2904605;64602;70510
2904704;18605;14804
2904753;19600;19589
2904803;11420;6205
2904852;17327;16559
2904902;32026;29250
2905008;22236;22462
2905107;10368;10384
2905156;13639;11266
2905206;47515;52012
2905305;17209;17466
2905404;15374;17761
2905503;12491;13080
2905602;31472;22579
2905701;242970;300372
2905800;35180;30469
2905909;28090;30671
2906006;66616;71377
2906105;9410;10225
2906204;24067;24206
2906303;32336;32683
2906402;8895;7772
2906501;83158;72382
2906600;13210;13016
2906709;27918;25247
2906808;32908;37439
2906824;15732;16105
2906857;11527;10744
2906873;26577;33235
2906899;10222;9940
2906907;21414;20580
2907004;8899;8365
2907103;28380;28869
2907202;64940;72086
2907301;25408;24712
2907400;2612;3434
2907509;51077;48148
2907558;8843;8841
2907608;17013;16348
2907707;10734;10579
2907806;32300;30907
2907905;15755;17230
2908002;20964;17333
2908101;18153;19151
2908200;20391;20800
2908309;17889;15794
2908408;62040;67825
2908507;30123;35308
2908606;23620;23654
2908705;16898;17053
2908804;4663;4333
2908903;22401;26692
2909000;8168;7546
2909109;14307;13990
2909208;17066;17056
2909307;31249;32457
2909406;13636;13063
2909505;5041;4415
2909604;20046;19729
2909703;13280;13993
2909802;58606;60348
2909901;32168;34180
2910008;12836;10820
2910057;66440;71485
2910107;11355;11884
2910206;3874;4407
2910305;7947;7808
2910404;23766;19107
2910503;39872;38098
2910602;32802;32554
2910701;56289;61456
2910727;100196;113710
2910750;17652;17895
2910776;6184;5631
2910800;556642;616272
2910859;16740;17897
2910909;5384;4873
2911006;10660;11059
2911105;22528;25899
2911204;30336;32178
2911253;4561;4360
2911303;10622;10884
2911402;15076;15524
2911501;8357;5555
2911600;19818;20605
2911659;10412;8050
2911709;78833;87817
2911808;22165;19049
2911857;13192;12309
2911907;25736;24607
2912004;10062;10429
2912103;24272;21665
2912202;17282;20785
2912301;15785;13934
2912400;17008;16603
2912509;14171;13863
2912608;4866;3725
2912707;22598;25344
2912806;7956;8896
2912905;18943;18792
2913002;15508;14637
2913101;17840;16969
2913200;25424;26309
2913309;5255;6190
2913408;15205;15527
2913457;13343;13151
2913507;25705;21491
2913606;184236;178649
2913705;36306;33790
2913804;15331;13709
2913903;44390;40706
2914000;59343;56876
2914109;9285;9935
2914208;7002;6101
2914307;11990;10752
2914406;22601;23879
2914505;27466;28043
2914604;66181;74507
2914653;28390;28165
2914703;61631;65073
2914802;204667;186708
2914901;24318;27704
2915007;14924;13472
2915106;13051;13803
2915205;15193;15310
2915304;7110;6347
2915353;13209;12311
2915403;7309;6037
2915502;21081;18781
2915601;63069;59605
2915700;7903;7051
2915809;23089;24394
2915908;7598;5914
2916005;20216;17813
2916104;20725;19789
2916203;10995;10341
2916302;10495;9174
2916401;68273;65897
2916500;32261;31679
2916609;10207;10279
2916708;7678;8153
2916807;18539;17052
2916856;14522;15737
2916906;12693;10999
2917003;36113;33872
2917102;19914;16617
2917201;18127;17914
2917300;26591;21902
2917334;10900;11118
2917359;8973;9275
2917409;13651;14436
2917508;79247;82590
2917607;51011;45964
2917706;30343;32703
2917805;16467;17659
2917904;10331;9285
2918001;151895;158813
2918100;37680;37626
2918209;14118;13629
2918308;14115;14355
2918357;22549;24854
2918407;197965;237821
2918456;10290;9655
2918506;15052;16354
2918555;6474;5888
2918605;8031;7379
2918704;3901;4075
2918753;13934;14105
2918803;22201;21052
2918902;3733;3845
2919009;3936;3527
2919058;8305;7494
2919108;9560;9015
2919157;25646;25736
2919207;163449;203331
2919306;10368;10774
2919405;12311;11834
2919504;42693;43903
2919553;60105;107909
2919603;11229;10454
2919702;17093;21599
2919801;47051;41859
2919900;8073;7256
2919926;17376;18504
2919959;7038;6973
2920007;8782;8731
2920106;19326;17674
2920205;16014;15398
2920304;8468;8670
2920403;14387;13860
2920452;12592;13919
2920502;24613;27620
2920601;42815;35859
2920700;19101;24527
2920809;10500;9267
2920908;14640;13544
2921005;40183;42566
2921054;11145;10330
2921104;21560;22194
2921203;26475;24661
2921302;10306;11071
2921401;16279;15734
2921450;10507;10187
2921500;52338;47780
2921609;8280;7996
2921708;35164;33594
2921807;12477;11143
2921906;10545;12137
2922003;36026;37977
2922052;12249;13152
2922102;24395;17305
2922201;7317;7190
2922250;10272;10443
2922300;28899;28707
2922409;21449;20037
2922508;27274;27060
2922607;12530;12063
2922656;12371;18523
2922706;16713;13715
2922730;7602;7967
2922755;6648;6501
2922805;7435;7780
2922854;8034;7538
2922904;24136;24236
2923001;38556;39509
2923035;10673;11162
2923050;15051;10660
2923100;24943;22633
2923209;21831;20715
2923308;8298;7716
2923357;16425;19243
2923407;20775;20078
2923506;8410;10339
2923605;21001;20351
2923704;29504;29252
2923803;27778;26604
2923902;10852;9370
2924009;108396;112870
2924058;13752;13243
2924108;6876;6235
2924207;16995;13954
2924306;17982;20086
2924405;32860;35357
2924504;15628;14731
2924603;20121;19083
2924652;10342;10325
2924678;9799;10974
2924702;12783;9152
2924801;22399;17566
2924900;8822;8022
2925006;24481;23334
2925105;44701;48293
2925204;33066;32136
2925253;15742;17938
2925303;126929;168326
2925402;9810;10274
2925501;27627;35003
2925600;13750;15130
2925709;13652;12621
2925758;23846;27734
2925808;24602;25988
2925907;27228;25272
2925931;9554;9461
2925956;22874;19662
2926004;38957;40586
2926103;12055;13651
2926202;21937;21642
2926301;33172;33386
2926400;30646;30711
2926509;14276;13841
2926608;47518;54010
2926657;8602;9740
2926707;13007;13184
2926806;14815;13146
2926905;11918;10497
2927002;37164;35362
2927101;7775;10308
2927200;29887;28282
2927309;13456;14987
2927408;2675656;2417678
2927507;19064;20952
2927606;15060;14965
2927705;26264;29185
2927804;6673;4681
2927903;10363;10300
2928000;33838;37834
2928059;13344;13896
2928109;40309;38604
2928208;24750;24755
2928307;8776;8716
2928406;26250;27390
2928505;9648;10441
2928604;57800;56012
2928703;90985;103055
2928802;47880;52276
2928901;27659;32828
2928950;9226;8426
2929008;14098;11026
2929057;13048;15194
2929107;20305;20283
2929206;33183;38733
2929255;18427;18600
2929305;33283;39513
2929354;5715;5315
2929370;10180;10187
2929404;10414;10334
2929503;42153;40958
2929602;16585;17963
2929701;18964;16008
2929750;11201;11438
2929800;11845;10478
2929909;41798;46160
2930006;10371;9360
2930105;74419;74523
2930154;31638;34222
2930204;37425;38154
2930303;18112;17066
2930402;15401;17996
2930501;76762;80435
2930600;12344;13335
2930709;118047;114559
2930758;12050;13408
2930766;12592;14773
2930774;22000;25475
2930808;15899;17054
2930907;11431;11979
2931004;20013;21006
2931053;16128;17158
2931103;8008;7717
2931202;18748;18044
2931301;16516;15818
2931350;138341;145216
2931400;7895;7110
2931509;21482;21176
2931608;14836;15332
2931707;12803;10798
2931806;17029;16296
2931905;52418;48736
2932002;24294;24665
2932101;19750;18626
2932200;20691;17596
2932309;25004;16094
2932408;13625;13432
2932457;17000;13642
2932507;24110;18131
2932606;16466;15355
2932705;19837;21420
2932804;18173;16277
2932903;88673;85655
2933000;24560;24362
2933059;13786;13800
2933109;8661;8101
2933158;13073;13377
2933174;9109;9913
2933208;37567;42529
2933257;6800;6003
2933307;306866;370879
2933406;8983;9503
2933455;12485;12968
2933505;22189;24474
2933604;45536;44757
3100104;6704;6272
3100203;22690;22675
3100302;13311;13927
3100401;3920;3909
3100500;10276;8943
3100609;15195;12589
3100708;2025;2108
3100807;4054;4357
3100906;18479;18448
3101003;12722;14037
3101102;24959;25269
3101201;6162;6233
3101300;2709;2749
3101409;2913;2952
3101508;34349;30717
3101607;73774;78970
3101631;6075;6931
3101706;38775;40364
3101805;7172;6903
3101904;18488;18300
3102001;13717;13915
3102050;5297;5795
3102100;12159;10891
3102209;4444;3975
3102308;15261;15059
3102407;3546;4159
3102506;5053;4541
3102605;37270;40553
3102704;8959;9110
3102803;12173;11927
3102852;8003;7718
3102902;11114;11095
3103009;9565;9219
3103108;1671;1538
3103207;2243;2181
3103306;2058;2049
3103405;36013;34297
3103504;109801;117808
3103603;2823;2915
3103702;8152;8048
3103751;6144;8479
3103801;2775;2631
3103900;7883;9199
3104007;93672;111691
3104106;9509;9177
3104205;36597;41416
3104304;13731;13881
3104403;2901;2688
3104452;4770;4719
3104502;17674;17272
3104601;13049;14138
3104700;14455;13736
3104809;4960;4538
3104908;18307;18366
3105004;7913;7492
3105103;22734;23546
3105202;4987;4741
3105301;5338;5943
3105400;28442;30778
3105509;5720;4964
3105608;126284;125317
3105707;6143;5666
3105905;19599;20080
3106002;10004;10167
3106101;3403;3244
3106200;2375151;2315560
3106309;23397;23928
3106408;7536;8627
3106507;12300;9826
3106606;4498;4451
3106655;4370;4201
3106705;378089;411846
3106804;3793;3361
3106903;13653;13978
3107000;2630;2383
3107109;38516;39848
3107208;5007;5348
3107307;46654;48032
3107406;45624;51737
3107505;6501;6783
3107604;3887;4474
3107703;5491;5631
3107802;15364;14536
3107901;10457;12649
3108008;17243;17151
3108107;6818;7434
3108206;5865;5528
3108255;9673;10204
3108305;17118;17404
3108404;14920;14828
3108503;6497;5790
3108552;14226;15020
3108602;31213;32025
3108701;4637;4260
3108800;5030;4441
3108909;14661;14246
3109006;33973;38915
3109105;10892;10911
3109204;10292;9150
3109253;3992;4041
3109303;22737;24030
3109402;26922;23910
3109451;6453;6627
3109501;13823;11410
3109600;3654;3693
3109709;11034;11883
3109808;2505;2315
3109907;10218;11435
3110004;40750;38776
3110103;4968;5304
3110202;4047;4088
3110301;13633;14217
3110400;3154;2838
3110509;21080;26097
3110608;26488;29536
3110707;12602;12313
3110806;3564;2923
3110905;15433;15935
3111002;20686;20696
3111101;19324;18011
3111150;3684;3714
3111200;51544;52277
3111309;11476;11377
3111408;6870;8466
3111507;14206;12979
3111606;27600;26105
3111705;4628;4715
3111804;11365;10608
3111903;5589;5272
3112000;14595;14001
3112059;4195;3974
3112109;5209;5048
3112208;4755;4362
3112307;34803;39626
3112406;7089;6562
3112505;8881;10663
3112604;15290;14655
3112653;4925;4585
3112703;14206;14108
3112802;8183;10380
3112901;9030;8936
3113008;22343;19548
3113107;3288;2933
3113206;23346;23812
3113305;32296;31240
3113404;85239;87360
3113503;9148;8512
3113602;6298;6816
3113701;20069;18615
3113800;2446;2605
3113909;11836;11547
3114006;10927;11019
3114105;13750;13797
3114204;20012;23479
3114303;29735;29011
3114402;20426;20954
3114501;17048;18003
3114550;9471;9422
3114600;3948;4049
3114709;3341;3341
3114808;4556;4422
3114907;2244;2214
3115003;2857;2712
3115102;17412;17155
3115201;3954;3560
3115300;69757;66261
3115359;4846;5473
3115409;3462;3110
3115458;6708;7030
3115474;5102;4739
3115508;21705;21056
3115607;1210;1081
3115706;6772;6171
3115805;10266;10207
3115904;2792;3075
3116001;5645;6075
3116100;15189;10337
3116159;10805;12355
3116209;2785;2800
3116308;6547;5581
3116407;4542;4658
3116506;7775;7166
3116605;25771;30159
3116704;7054;7117
3116803;9024;8163
3116902;2972;2773
3117009;8298;6660
3117108;9820;10371
3117207;2749;2772
3117306;23043;28381
3117405;4456;4409
3117504;17908;23163
3117603;5158;5415
3117702;12949;12541
3117801;10388;10880
3117836;7101;7237
3117876;5936;7350
3117900;10468;11083
3118007;48519;52890
3118106;4943;4831
3118205;6526;6694
3118304;116512;131621
3118403;22242;20824
3118502;1727;1563
3118601;603442;621863
3118700;9289;9023
3118809;26033;25377
3118908;8667;7547
3119005;3435;3200
3119104;23914;23532
3119203;10270;10884
3119302;27547;28894
3119401;103694;104736
3119500;9117;8200
3119609;2983;2762
3119708;3301;3486
3119807;3391;2960
3119906;3730;4272
3119955;5790;6133
3120003;3127;2875
3120102;4204;4245
3120151;6047;5265
3120201;11286;12197
3120300;5760;5121
3120409;5007;4667
3120508;10210;10374
3120607;4757;5434
3120706;3934;3521
3120805;14591;15362
3120839;4680;3983
3120870;6913;7406
3120904;74219;80665
3121001;5211;5465
3121100;7971;7952
3121209;6830;8393
3121258;8089;10494
3121308;4768;4928
3121407;7002;7653
3121506;3015;2994
3121605;45880;47702
3121704;3848;3549
3121803;8739;6847
3121902;3293;4226
3122009;19133;20706
3122108;4937;4178
3122207;7024;6516
3122306;213016;231091
3122355;5884;6321
3122405;5763;5851
3122454;8974;10213
3122470;3814;3697
3122504;5209;4904
3122603;4535;4899
3122702;5196;5228
3122801;2994;3095
3122900;6001;6093
3123007;9299;10007
3123106;5223;5029
3123205;13778;12630
3123304;4462;4987
3123403;1440;1461
3123502;1841;1829
3123528;7423;7817
3123601;25220;26336
3123700;10280;13622
3123809;7122;6354
3123858;5175;5179
3123908;14242;14746
3124005;17946;20255
3124104;60271;85598
3124203;22856;24102
3124302;31113;30443
3124401;4429;6611
3124500;10845;11502
3124609;2470;2186
3124708;3516;2772
3124807;7446;6840
3124906;10540;10801
3125002;3753;3875
3125101;28599;53482
3125200;2350;2578
3125309;3376;3188
3125408;5142;5133
3125507;3056;3032
3125606;6877;6489
3125705;14121;13978
3125804;3030;2789
3125903;10837;9590
3125952;10349;10445
3126000;6600;8045
3126109;65128;68248
3126208;8177;7949
3126307;4098;3477
3126406;2705;3093
3126505;10248;7366
3126604;4863;4503
3126703;24912;23476
3126752;5800;5034
3126802;5879;5640
3126901;8920;8226
3126950;3329;3391
3127008;14041;14540
3127057;4687;4345
3127073;5940;4647
3127107;53468;58588
3127206;3855;4686
3127305;6951;6222
3127339;5139;4793
3127354;2962;2928
3127370;3053;2830
3127388;3659;4053
3127404;4220;4727
3127503;5921;5230
3127602;11681;11331
3127701;263689;257171
3127800;15024;13901
3127909;1373;1392
3128006;31262;32244
3128105;13872;13772
3128204;10223;9753
3128253;4718;5051
3128303;18714;19150
3128402;8678;7714
3128501;3929;3149
3128600;6565;6539
3128709;49430;50911
3128808;7206;7131
3128907;7265;8478
3129004;8707;7778
3129103;6137;5192
3129202;6121;6134
3129301;10315;12030
3129400;5036;5198
3129509;23218;22229
3129608;7839;6286
3129657;6155;5081
3129707;12176;10948
3129806;158954;170537
3129905;3382;3365
3130002;2866;2698
3130051;10746;10677
3130101;34851;45847
3130200;9264;10830
3130309;8029;6826
3130408;5859;7003
3130507;11488;12741
3130556;6424;6986
3130606;6908;7301
3130655;7330;6346
3130705;6190;6171
3130804;2629;2580
3130903;24294;22692
3131000;5760;6239
3131109;6724;7371
3131158;16708;17136
3131208;18170;19522
3131307;239468;227731
3131406;4107;3775
3131505;9521;9135
3131604;6467;7180
3131703;109783;113343
3131802;10692;10362
3131901;45449;53365
3132008;4988;4252
3132107;17720;17208
3132206;12372;13846
3132305;11798;10463
3132404;90658;93073
3132503;32175;32948
3132602;4079;3690
3132701;22809;21042
3132800;2283;2142
3132909;10349;10770
3133006;14003;14786
3133105;14175;15236
3133204;11856;11128
3133303;21001;19151
3133402;13656;13690
3133501;21377;21046
3133600;8664;12692
3133709;9928;12966
3133758;14945;14406
3133808;85463;97669
3133907;5799;5642
3134004;14407;13745
3134103;5830;6055
3134202;97171;102217
3134301;6139;6638
3134400;34456;38295
3134509;3913;4217
3134608;17134;20406
3134707;12134;11042
3134806;7502;7495
3134905;22772;25525
3135001;2990;3092
3135050;33587;37660
3135076;5067;4296
3135100;66803;70699
3135209;65463;65150
3135308;3939;4506
3135357;8298;8127
3135407;5395;6197
3135456;7116;6100
3135506;12848;12419
3135605;8005;6484
3135704;5156;5883
3135803;24131;24007
3135902;4768;5138
3136009;14941;13888
3136108;5425;4329
3136207;73610;80187
3136306;45260;46801
3136405;4305;3854
3136504;10324;10304
3136520;4553;3969
3136553;4376;4268
3136579;4566;3630
3136603;5555;5909
3136652;22202;30716
3136702;516247;540756
3136801;4113;3768
3136900;9238;11084
3136959;5708;5789
3137007;16994;14383
3137106;7600;6631
3137205;45984;51412
3137304;4225;3313
3137403;12256;12769
3137502;17161;18904
3137536;8631;8969
3137601;52520;75145
3137700;19609;20835
3137809;19554;20414
3137908;3452;3184
3138005;6465;5963
3138104;6484;7124
3138203;92200;104761
3138302;3205;3199
3138351;4804;4341
3138401;51130;51145
3138500;5346;4737
3138609;16149;17221
3138625;6890;8687
3138658;8397;8790
3138674;6234;6956
3138682;6400;6210
3138708;5422;5586
3138807;17486;17875
3138906;6976;6487
3139003;38688;37684
3139102;4904;5191
3139201;18776;17516
3139250;6321;5997
3139300;19813;18886
3139409;79574;91886
3139508;21382;20613
3139607;27111;26535
3139706;7163;7333
3139805;11749;12721
3139904;14216;14247
3140001;54219;61387
3140100;4219;4224
3140159;13192;15900
3140209;2788;3387
3140308;4012;4592
3140407;2968;3200
3140506;12611;14003
3140530;7173;8396
3140555;7874;9112
3140605;4595;3963
3140704;27856;37841
3140803;13435;14121
3140852;9979;8895
3140902;17639;18552
3141009;12684;12038
3141108;33955;37618
3141207;3761;3814
3141306;3444;3900
3141405;21026;20156
3141504;6331;5606
3141603;10368;10373
3141702;6069;5040
3141801;30794;24405
3141900;3840;3741
3142007;13042;13651
3142106;10251;8968
3142205;13808;13633
3142254;4549;3985
3142304;4689;5125
3142403;7028;7548
3142502;2360;2169
3142601;8161;8340
3142700;15862;14060
3142809;19619;20170
3142908;21994;20328
3143005;13061;13046
3143104;45772;47692
3143153;4656;4381
3143203;21234;20890
3143302;361915;414240
3143401;21203;24089
3143450;7464;6888
3143500;8255;9067
3143609;2660;2411
3143708;3399;3133
3143807;6257;7451
3143906;100765;104108
3144003;26661;27635
3144102;20430;21891
3144201;3154;2459
3144300;40834;35038
3144359;6341;6303
3144375;3280;3520
3144409;4658;4691
3144508;7954;8179
3144607;25733;25018
3144656;9815;10588
3144672;3732;3151
3144706;17528;17438
3144805;80998;111697
3144904;3790;3663
3145000;12812;14598
3145059;7398;6706
3145109;15374;16387
3145208;73699;105552
3145307;30725;26975
3145356;10339;10275
3145372;4963;4571
3145406;1976;1945
3145455;5267;5385
3145505;2533;2555
3145604;39466;39262
3145703;2123;2027
3145802;3055;2969
3145851;4493;4917
3145877;7284;8437
3145901;35268;38724
3146008;31568;32094
3146107;70281;74821
3146206;6016;5757
3146255;5834;5058
3146305;18849;17334
3146404;4631;4224
3146503;8014;8142
3146552;5934;5551
3146602;1558;1474
3146701;6545;5707
3146750;6931;6301
3146909;14175;13920
3147006;84718;94023
3147105;84215;97139
3147204;20245;21723
3147303;19379;20445
3147402;22563;24107
3147501;1766;1600
3147600;15582;15515
3147709;8197;8473
3147808;2079;2233
3147907;106290;111939
3147956;5579;4837
3148004;138710;159235
3148103;82471;89826
3148202;5287;5576
3148301;9271;8659
3148400;4918;4389
3148509;8589;8047
3148608;17260;17446
3148707;23839;24410
3148756;6673;7320
3148806;3365;3311
3148905;3875;4112
3149002;2191;2757
3149101;11467;10760
3149150;10315;10433
3149200;3490;3344
3149309;58740;62580
3149408;1785;1810
3149507;3165;3351
3149606;4076;4155
3149705;8912;12268
3149804;14404;17151
3149903;20087;21384
3149952;7036;6553
3150000;4128;3570
3150109;2841;2796
3150158;7110;8529
3150208;4062;3976
3150307;4709;4604
3150406;4640;5019
3150505;8236;8563
3150539;4420;4706
3150570;7211;7084
3150604;6406;6700
3150703;4656;5537
3150802;17232;17018
3150901;5217;6041
3151008;8016;9120
3151107;10364;11077
3151206;53368;55606
3151305;10862;11610
3151404;25311;26685
3151503;31883;36062
3151602;10384;11145
3151701;15959;16390
3151800;152435;163742
3151909;8986;8350
3152006;29105;31047
3152105;57390;57776
3152131;3966;3747
3152170;11345;10883
3152204;37627;37438
3152303;10417;10569
3152402;15667;13666
3152501;130615;152217
3152600;6213;6566
3152709;8391;9048
3152808;25802;28342
3152907;8807;8406
3153004;3265;3559
3153103;5537;4850
3153202;3908;3465
3153301;2959;3071
3153400;18577;18765
3153509;8318;8397
3153608;9573;11466
3153707;3303;3179
3153806;1861;1770
3153905;15342;16279
3154002;23818;23423
3154101;10299;11007
3154150;6569;7848
3154200;10913;11230
3154309;17089;17226
3154408;4711;4548
3154457;8007;6863
3154507;9360;8756
3154606;296317;329794
3154705;3826;4080
3154804;9090;10261
3154903;14201;12789
3155009;2465;2484
3155108;5217;4639
3155207;6070;5429
3155306;5276;5568
3155405;8712;8518
3155504;11885;14532
3155603;29099;28271
3155702;14149;14631
3155801;17110;17443
3155900;5292;5141
3156007;13645;12641
3156106;4925;4994
3156205;2116;2291
3156304;6867;8664
3156403;3596;3386
3156452;4247;4734
3156502;7772;5679
3156601;9919;10298
3156700;126269;129380
3156809;15704;14240
3156908;23896;26670
3157005;39178;40178
3157104;6859;6110
3157203;27876;30466
3157252;7682;8458
3157278;2788;3095
3157302;4570;4208
3157336;7865;8109
3157377;4397;3910
3157401;4992;4673
3157500;4600;4039
3157609;3968;3522
3157658;6055;5938
3157708;11337;15734
3157807;202942;219132
3157906;15011;16395
3158003;10552;10485
3158102;5284;4755
3158201;14395;12788
3158300;7231;6691
3158409;3622;3489
3158508;8009;7030
3158607;3860;3747
3158706;2234;2137
3158805;4607;4214
3158904;8582;8987
3158953;27265;44800
3159001;4023;5313
3159100;3822;3469
3159209;9027;8460
3159308;4993;4755
3159357;6547;6773
3159407;3583;3301
3159506;5697;5826
3159605;37754;40635
3159704;3224;3382
3159803;18138;20973
3159902;17345;17285
3160009;3538;3769
3160108;4085;4229
3160207;4135;3915
3160306;11775;10327
3160405;25975;27295
3160454;6955;6629
3160504;1777;1808
3160603;3238;2717
3160702;46284;42406
3160801;4577;4713
3160900;3513;3989
3160959;5408;5626
3161007;17357;17392
3161056;3382;3200
3161106;53828;52762
3161205;6483;6187
3161304;5776;5732
3161403;5178;4800
3161502;10263;10282
3161601;4389;3305
3161650;3486;3143
3161700;6264;7375
3161809;10398;11770
3161908;9777;11850
3162005;23906;23959
3162104;31819;40910
3162203;6887;7652
3162252;4656;4822
3162302;2731;2914
3162401;25358;23930
3162450;11715;13024
3162500;84469;90225
3162559;10245;11246
3162575;5188;5331
3162609;7874;7070
3162658;4060;3972
3162708;22319;23910
3162807;15553;15315
3162906;25057;25565
3162922;25537;34348
3162948;6778;7793
3162955;19799;26090
3163003;4075;3806
3163102;4198;4536
3163201;3996;4133
3163300;3834;3464
3163409;5636;5396
3163508;6553;6197
3163607;2592;2753
3163706;41657;44798
3163805;6760;6334
3163904;5040;4885
3164001;8356;7166
3164100;5570;5103
3164209;10276;10315
3164308;6686;7129
3164407;4948;6387
3164431;2798;3113
3164472;5739;6194
3164506;10647;10079
3164605;5805;8815
3164704;64980;71796
3164803;1613;1259
3164902;2110;2300
3165008;10561;11192
3165107;7093;6740
3165206;6655;6904
3165305;7008;6804
3165404;6241;6311
3165503;5594;5104
3165537;25814;36844
3165552;10885;9917
3165560;2847;2433
3165578;5219;6206
3165602;1988;2240
3165701;7230;7716
3165800;1868;2068
3165909;4574;4008
3166006;5683;5483
3166105;3497;3067
3166204;10196;10384
3166303;7128;7345
3166402;1789;1819
3166501;4220;3792
3166600;815;833
3166709;8412;6944
3166808;10549;11801
3166907;7542;7621
3166956;4425;4399
3167004;1995;1990
3167103;20835;21952
3167202;214152;227397
3167301;2192;2323
3167400;6027;6179
3167509;2537;2947
3167608;18298;19750
3167707;5830;5137
3167806;5676;5613
3167905;4079;4014
3168002;30917;33050
3168051;3137;3387
3168101;4112;4118
3168200;1873;1690
3168309;3794;4224
3168408;14293;14709
3168507;11355;12255
3168606;134745;137418
3168705;81243;81579
3168804;6961;7744
3168903;6906;7883
3169000;15823;16185
3169059;3950;3826
3169109;5764;7214
3169208;9537;8609
3169307;72765;75485
3169356;28318;28895
3169406;53860;55255
3169505;6293;5886
3169604;24188;25470
3169703;18055;20000
3169802;4658;4935
3169901;101519;103365
3170008;11681;11708
3170057;12040;13017
3170107;295988;337836
3170206;604013;713224
3170305;2705;2684
3170404;77565;86619
3170438;4418;3828
3170479;3235;3282
3170503;10291;10600
3170529;13604;17479
3170578;6461;5780
3170602;2163;2158
3170651;4733;4633
3170701;123081;136467
3170750;6054;6969
3170800;35809;33744
3170909;19116;18840
3171006;19723;19975
3171030;8346;7672
3171071;5549;5181
3171105;3483;3411
3171154;4689;4899
3171204;104527;129246
3171303;72220;76430
3171402;3731;3700
3171501;3370;3038
3171600;13619;11804
3171709;8623;8908
3171808;10572;10314
3171907;5658;4552
3172004;37942;39160
3172103;5070;4443
3172202;2553;2356
3200102;31091;30684
3200136;9519;9711
3200169;11771;12042
3200201;30768;29177
3200300;13955;13836
3200359;7317;7434
3200409;23902;29984
3200508;7512;7223
3200607;81832;94765
3200706;9850;10540
3200805;29081;30674
3200904;40649;42498
3201001;14199;13608
3201100;9476;10254
3201159;11915;12985
3201209;189889;185786
3201308;348738;353491
3201407;34747;36930
3201506;111788;120033
3201605;28449;27458
3201704;11681;11937
3201803;4516;5083
3201902;31847;35416
3202009;6397;6596
3202108;23212;21992
3202207;17025;18014
3202256;10869;11009
3202306;27851;29358
3202405;105286;124656
3202454;22366;25380
3202504;11178;11723
3202553;8957;9520
3202603;12523;12326
3202652;11723;13710
3202702;14134;13589
3202801;30988;39832
3202900;10881;10597
3203007;27328;28590
3203056;24678;28931
3203106;10879;11575
3203130;15809;14079
3203163;10826;11094
3203205;141306;166786
3203304;13612;12770
3203320;34140;41929
3203346;14262;17641
3203353;11107;12387
3203403;25902;24475
3203502;17849;18900
3203601;5655;5466
3203700;18397;18153
3203809;14396;13745
3203908;46031;49065
3204005;21548;18893
3204054;23794;21522
3204104;23895;23915
3204203;18123;22300
3204252;6979;6497
3204302;10314;13696
3204351;17530;19274
3204401;11325;11069
3204500;12240;13106
3204559;34176;41636
3204609;21823;22808
3204658;8001;8589
3204708;31859;32252
3204807;10408;10878
3204906;109028;123752
3204955;11273;10886
3205002;409267;520653
3205010;23843;26502
3205036;19130;19563
3205069;20447;23831
3205101;65001;73423
3205150;8672;8911
3205176;13830;13728
3205200;414586;467722
3205309;327801;322869
3300100;169511;167434
3300159;10213;11034
3300209;112008;129671
3300225;11423;11828
3300233;27560;40006
3300258;27715;30986
3300308;94778;92883
3300407;177813;169894
3300456;469332;483087
3300506;25333;28102
3300605;35411;35173
3300704;186227;222161
3300803;54273;56943
3300902;14827;14616
3300936;13359;13847
3300951;8180;8741
3301009;463731;483540
3301108;19830;19390
3301157;12600;12958
3301207;17434;17198
3301306;35347;46110
3301405;21211;21104
3301504;20430;20783
3301603;10930;10980
3301702;855048;808161
3301801;13237;12242
3301850;51483;51696
3301876;22851;27920
3301900;218008;224267
3302007;109091;116841
3302056;14063;14073
3302106;22899;22919
3302205;95841;101041
3302254;28783;30908
3302270;95492;96289
3302304;7487;7336
3302403;206728;246391
3302452;5269;5415
3302502;227322;228127
3302601;36456;41220
3302700;127461;197277
3302809;17935;17502
3302858;168376;167127
3302908;24642;26582
3303005;26843;26881
3303104;15082;15074
3303203;157425;146774
3303302;487562;481749
3303401;182082;189939
3303500;796257;785867
3303609;47124;41375
3303708;41084;42063
3303807;37533;45243
3303856;26359;29619
3303906;295917;278881
3303955;22719;24298
3304003;26314;27474
3304102;17760;17288
3304110;16592;20373
3304128;12793;13682
3304144;137962;140523
3304151;20242;22393
3304201;119769;129612
3304300;55551;56276
3304409;17425;17401
3304508;8561;8954
3304524;105676;156491
3304557;6320446;6211223
3304607;10321;10232
3304706;40589;41325
3304755;41354;45059
3304805;37543;38961
3304904;999728;896744
3305000;32747;36573
3305109;458673;440962
3305133;7003;7070
3305158;20251;22080
3305208;87875;104029
3305307;8895;7750
3305406;17525;17729
3305505;74234;89559
3305554;78186;80596
3305604;21349;21352
3305703;14900;15206
3305752;30732;31086
3305802;163746;165123
3305901;10289;10302
3306008;77432;78346
3306107;71843;68088
3306156;9475;10207
3306206;34410;33976
3306305;257803;261563
3500105;33797;34687
3500204;3557;4351
3500303;32148;32072
3500402;7584;7369
3500501;17266;17930
3500550;5601;7177
3500600;2707;2780
3500709;34524;37680
3500758;4884;6141
3500808;3891;4445
3500907;3815;3451
3501004;15607;16818
3501103;4102;3841
3501152;16839;17301
3501202;3897;3915
3501301;23513;27255
3501400;4650;4808
3501509;3000;2885
3501608;210638;237240
3501707;34478;33019
3501806;5706;5870
3501905;65829;68008
3502002;4293;4589
3502101;55334;59783
3502200;22210;24022
3502309;5653;5674
3502408;3738;4023
3502507;35007;32569
3502606;4450;4086
3502705;25191;24585
3502754;17080;21522
3502804;181579;200124
3502903;27299;32443
3503000;5152;5420
3503109;6123;6885
3503158;2493;2330
3503208;208662;242228
3503307;118843;130866
3503356;1925;2044
3503406;7841;8130
3503505;3696;3577
3503604;10579;10130
3503703;8547;7602
3503802;44177;51456
3503901;74905;86678
3503950;1809;1842
3504008;95144;101409
3504107;126603;158647
3504206;14202;13692
3504305;4959;4483
3504404;11310;11263
3504503;82934;92805
3504602;14603;27260
3504701;3702;3887
3504800;8160;9596
3504909;10223;9969
3505005;3116;3531
3505104;6593;5640
3505203;31593;31595
3505302;35246;34346
3505351;5244;5179
3505401;7729;6876
3505500;112101;122485
3505609;28496;32092
3505708;240749;316473
3505807;20445;21503
3505906;56476;58402
3506003;343937;379146
3506102;75035;76373
3506201;2674;2606
3506300;10775;11607
3506359;47645;64188
3506409;7048;7319
3506508;108728;118979
3506607;28575;29683
3506706;13645;12978
3506805;10859;11259
3506904;9618;10460
3507001;48314;61081
3507100;19708;22006
3507159;3571;3555
3507209;805;907
3507308;4268;4715
3507407;14529;14226
3507456;2293;2713
3507506;127328;145155
3507605;146744;176811
3507704;5021;5356
3507753;2573;2565
3507803;21107;25201
3507902;21580;23898
3508009;18563;20250
3508108;15418;17210
3508207;4053;4356
3508306;4365;4299
3508405;41604;47011
3508504;84752;96202
3508603;30091;31564
3508702;18538;17101
3508801;16607;16654
3508900;4072;3712
3509007;86529;95032
3509106;5039;5466
3509205;64114;92689
3509254;28372;28515
3509304;9768;9133
3509403;23371;23830
3509452;5567;5954
3509502;1080113;1139047
3509601;74074;77632
3509700;47789;46974
3509809;4539;4888
3509908;12226;12289
3509957;4385;4931
3510005;29884;29449
3510104;2668;2889
3510153;4369;6283
3510203;46178;46337
3510302;17532;22866
3510401;48576;50068
3510500;100840;134873
3510609;369584;386984
3510708;11805;11345
3510807;28307;28083
3510906;2634;2799
3511003;18003;19977
3511102;112820;115791
3511201;7127;7003
3511300;7972;12618
3511409;17532;21469
3511508;39617;44695
3511607;15540;19048
3511706;15085;15535
3511904;7065;6982
3512001;17371;18486
3512100;5994;6629
3512209;25229;28101
3512308;16288;15232
3512407;21080;24514
3512506;5238;5400
3512605;5001;4280
3512704;3874;4195
3512803;58827;59773
3512902;7214;8719
3513009;201150;274413
3513108;31691;33281
3513207;7588;9272
3513306;2274;2108
3513405;77039;74961
3513504;118720;112476
3513603;21866;22110
3513702;31056;31756
3513801;386089;393237
3513850;1689;1620
3513900;11208;11158
3514007;7939;8759
3514106;24761;24510
3514205;2096;2207
3514304;8609;8096
3514403;43258;45474
3514502;12251;12328
3514601;8143;9471
3514700;6318;6205
3514809;14641;13069
3514908;15775;17699
3514924;3120;3138
3514957;2423;2323
3515004;240230;250691
3515103;62769;66970
3515129;3020;3014
3515152;15721;19566
3515186;41907;39816
3515194;4244;4157
3515202;8208;9417
3515301;2658;2703
3515350;9585;7924
3515400;15320;16641
3515509;64696;71186
3515608;5534;5942
3515657;1563;1656
3515707;168306;179198
3515806;1752;1487
3515905;3003;2733
3516002;12848;12958
3516101;2829;3851
3516200;318640;352536
3516309;154472;165139
3516408;131604;144849
3516507;2708;2763
3516606;7011;6380
3516705;43115;42110
3516804;4193;3252
3516853;4419;4702
3516903;10669;10312
3517000;10765;10232
3517109;4565;4138
3517208;10670;11239
3517307;5425;5512
3517406;37404;39279
3517505;17869;21711
3517604;17998;17071
3517703;19858;18606
3517802;8435;7441
3517901;9976;10350
3518008;1970;1968
3518107;6404;6427
3518206;30597;31043
3518305;25844;31236
3518404;112072;118044
3518503;14565;15013
3518602;35486;37498
3518701;290752;287634
3518800;1221979;1291771
3518859;6966;7320
3518909;4754;4246
3519006;8696;9125
3519055;11299;15094
3519071;192692;236641
3519105;10013;10437
3519204;6419;6131
3519253;6376;8010
3519303;30734;32178
3519402;10896;11690
3519501;6725;6385
3519600;53158;60033
3519709;71217;75605
3519808;7462;7819
3519907;7628;7619
3520004;23362;23106
3520103;27952;26212
3520202;8831;10605
3520301;28841;29115
3520400;28196;34934
3520426;9025;13419
3520442;25064;25549
3520509;201619;255748
3520608;4825;5090
3520707;3903;4035
3520806;3630;3615
3520905;13663;13712
3521002;28300;36459
3521101;6016;6831
3521150;4463;6761
3521200;4299;4046
3521309;14148;14454
3521408;20029;21967
3521507;7275;6867
3521606;7789;7085
3521705;17858;17983
3521804;24008;25180
3521903;14556;16989
3522000;3246;3618
3522109;87057;112476
3522158;3228;3422
3522208;152614;158522
3522307;144377;157790
3522406;87753;89728
3522505;200769;232297
3522604;68537;72022
3522653;3880;4306
3522703;40051;39493
3522802;14549;14085
3522901;12173;13659
3523008;4357;3979
3523107;321770;369275
3523206;47934;44438
3523305;15471;15528
3523404;101471;121590
3523503;18052;19070
3523602;15524;16148
3523701;5914;5779
3523800;7546;8046
3523909;154147;168240
3524006;44859;70616
3524105;38695;37571
3524204;6592;6221
3524303;71662;71821
3524402;211214;240275
3524501;5657;7613
3524600;17208;16097
3524709;44311;59347
3524808;47012;48776
3524907;5349;6397
3525003;108344;118045
3525102;37661;45282
3525201;23847;37535
3525300;131040;133497
3525409;3160;3863
3525508;11768;12815
3525607;4150;4371
3525706;32763;36633
3525805;4430;4254
3525854;2798;3056
3525904;370126;443221
3526001;18726;20448
3526100;19246;17154
3526209;28737;27404
3526308;4841;5083
3526407;25251;26261
3526506;8779;9689
3526605;6590;7171
3526704;91756;98161
3526803;61428;66505
3526902;276022;291869
3527009;6712;7014
3527108;71432;74779
3527207;82537;84855
3527256;2128;1950
3527306;37125;51847
3527405;19882;20061
3527504;2249;2372
3527603;11286;12265
3527702;5030;4701
3527801;4353;3981
3527900;2714;2661
3528007;16259;16829
3528106;7663;7481
3528205;3664;3963
3528304;3200;3165
3528403;43223;50027
3528502;80956;93853
3528601;8992;9871
3528700;4812;4573
3528809;13332;12673
3528858;2633;3292
3528908;3916;3513
3529005;216745;237627
3529104;2113;1860
3529203;24219;24881
3529302;76786;79033
3529401;417064;418261
3529500;4640;6159
3529609;3855;4572
3529658;1886;1952
3529708;20451;19441
3529807;12038;11230
3529906;20592;18553
3530003;2820;3126
3530102;27483;27983
3530201;17059;15917
3530300;53792;63337
3530409;4295;4669
3530508;66290;67681
3530607;387779;451505
3530706;137245;153658
3530805;86505;92558
3530904;3266;3722
3531001;2132;1937
3531100;46293;61951
3531209;7152;8627
3531308;46642;47574
3531407;21746;22280
3531506;18931;18151
3531605;4063;4222
3531704;4120;4138
3531803;48949;64662
3531902;29116;27933
3532009;11769;13720
3532058;4290;4034
3532108;4186;3737
3532157;2707;2660
3532207;4288;5713
3532306;6678;6999
3532405;16414;18217
3532504;8772;9699
3532603;10725;9852
3532702;4274;4750
3532801;5891;6693
3532827;8515;8497
3532843;2114;2032
3532868;1125;1062
3532900;9300;9311
3533007;19180;19419
3533106;2177;2156
3533205;3068;4609
3533254;4592;4412
3533304;3441;2837
3533403;51242;62019
3533502;36593;38324
3533601;6817;7391
3533700;4163;4331
3533809;2673;2512
3533908;50024;55074
3534005;3884;4771
3534104;6097;6085
3534203;5675;6024
3534302;39781;38319
3534401;666740;728615
3534500;2537;2470
3534609;30917;31272
3534708;103035;103970
3534757;8405;10294
3534807;7800;7779
3534906;13226;14877
3535002;11051;11476
3535101;10934;9650
3535200;9584;8903
3535309;21186;19594
3535408;14583;14964
3535507;42278;41120
3535606;17388;17667
3535705;5898;6099
3535804;17808;19395
3535903;3815;4031
3536000;10844;10580
3536109;5582;7153
3536208;18446;19233
3536257;2032;2892
3536307;13000;14512
3536406;6339;7955
3536505;82146;110537
3536570;1779;2090
3536604;8589;7400
3536703;41497;44827
3536802;5780;6557
3536901;2558;2787
3537008;15700;15525
3537107;41558;43112
3537156;2940;2804
3537206;10204;11281
3537305;58510;61679
3537404;24962;24095
3537503;7454;8737
3537602;59773;68352
3537701;5287;5519
3537800;52143;52970
3537909;26406;27619
3538006;146995;165428
3538105;15039;14542
3538204;13105;15224
3538303;3537;3264
3538501;14107;12490
3538600;25116;26029
3538709;364571;423323
3538808;28475;29436
3538907;22704;22431
3539004;10623;10885
3539103;15733;18370
3539202;24694;25348
3539301;70081;73545
3539400;12072;15108
3539509;35307;33674
3539608;4463;4389
3539707;3192;3025
3539806;106013;103765
3539905;5395;5592
3540002;19964;20196
3540101;3481;3395
3540200;40244;37607
3540259;4074;4127
3540309;2518;2387
3540408;4223;4127
3540507;8326;10451
3540606;48893;56497
3540705;51400;52649
3540754;19397;20392
3540804;15449;18496
3540853;2858;2578
3540903;17377;17078
3541000;262051;349935
3541059;4599;5126
3541109;4123;3804
3541208;13570;14490
3541307;41318;39505
3541406;207610;225668
3541505;37910;35201
3541604;35674;35131
3541653;3236;3405
3541703;12799;13163
3541802;2808;3265
3541901;11309;9159
3542008;6004;7038
3542107;8612;8965
3542206;28804;28588
3542305;3873;4494
3542404;18494;20145
3542503;7323;7662
3542602;54261;59947
3542701;6587;6404
3542800;3358;3132
3542909;12135;10989
3543006;18269;18627
3543105;4273;4608
3543204;4446;4677
3543238;2187;2025
3543253;7422;7450
3543303;113068;115559
3543402;604682;698642
3543501;6163;5599
3543600;3436;4049
3543709;10414;9098
3543808;9935;9259
3543907;186253;201418
3544004;29501;31328
3544103;43974;44170
3544202;10575;10309
3544251;19691;17440
3544301;9599;10832
3544400;2729;2700
3544509;2862;3833
3544608;5217;5112
3544707;2395;2474
3544806;5451;6437
3544905;10568;11411
3545001;15635;15202
3545100;4818;4808
3545159;7059;8161
3545209;105516;134319
3545308;40132;43748
3545407;8787;9050
3545506;3699;3645
3545605;14333;14018
3545704;5723;6393
3545803;180009;183347
3546009;13763;13975
3546108;2084;2598
3546207;4002;4277
3546256;1953;2116
3546306;29932;28864
3546405;43921;46442
3546504;5568;6118
3546603;29239;34794
3546702;21634;23611
3546801;50453;53174
3546900;8248;7149
3547007;5413;5243
3547106;2831;2956
3547205;1641;1670
3547304;108813;154105
3547403;2543;2733
3547502;26478;24833
3547601;23862;23411
3547650;1447;1645
3547700;20475;17963
3547809;676407;748919
3547908;6304;6775
3548005;20650;23244
3548054;7626;8379
3548104;5943;6126
3548203;6486;7133
3548302;2803;3000
3548401;4277;3899
3548500;419400;418608
3548609;10468;11674
3548708;765463;810729
3548807;149263;165655
3548906;221950;254857
3549003;2793;2602
3549102;83639;92547
3549201;2566;2580
3549250;1780;1846
3549300;2103;2242
3549409;46512;48558
3549508;8406;7626
3549607;4077;3853
3549706;51900;52205
3549805;408258;480393
3549904;629921;697054
3549953;13973;16067
3550001;10397;10337
3550100;38342;37289
3550209;31450;32039
3550308;11253503;11451999
3550407;31662;38256
3550506;7198;7217
3550605;78821;79484
3550704;73942;81595
3550803;12099;10441
3550902;14346;13442
3551009;332445;329911
3551108;9027;10369
3551207;3622;3704
3551306;3031;3130
3551405;11256;12746
3551504;38878;43909
3551603;26387;29894
3551702;110074;126887
3551801;13005;12730
3551900;15501;14576
3552007;5792;6186
3552106;36686;40122
3552205;586625;723682
3552304;7435;7355
3552403;241311;279545
3552502;262480;307429
3552551;3383;3408
3552601;11363;11323
3552700;14686;14769
3552809;244528;273542
3552908;5714;6260
3553005;10828;12669
3553104;5894;5677
3553203;5447;6548
3553302;22406;21435
3553401;24055;25265
3553500;8012;7996
3553609;12737;11816
3553658;2726;2619
3553708;53988;52260
3553807;22291;24350
3553856;5151;6876
3553906;6607;6536
3553955;12885;14882
3554003;107326;123942
3554102;278686;310739
3554201;4809;4127
3554300;21386;22173
3554409;8505;7904
3554508;36835;37663
3554607;2646;2464
3554656;2254;2046
3554706;9330;9335
3554755;1544;1682
3554805;40984;51173
3554904;5427;6804
3554953;5930;6778
3555000;63476;63928
3555109;14269;15854
3555208;1930;1818
3555307;1978;1669
3555356;5289;5365
3555406;78801;92981
3555505;4427;5132
3555604;9471;10394
3555703;1599;1603
3555802;8836;8833
3555901;1251;1387
3556008;12714;13744
3556107;11036;14098
3556206;106793;126373
3556305;22576;24241
3556354;8801;10512
3556404;39266;40133
3556453;42997;50415
3556503;107089;115771
3556602;10769;10176
3556701;63611;76540
3556800;17297;17414
3556909;6886;8109
3556958;1737;1794
3557006;108809;127923
3557105;84692;96634
3557154;2335;2692
3557204;12114;12211
3557303;10044;11295
4100103;7764;7241
4100202;6376;6256
4100301;8270;10233
4100400;103204;119825
4100459;4306;3590
4100509;20516;18742
4100608;13663;13909
4100707;10179;9727
4100806;10283;10326
4100905;5443;4762
4101002;17308;19620
4101051;2874;2918
4101101;20610;19878
4101150;2859;3235
4101200;18891;18091
4101309;7351;7018
4101408;120919;130134
4101507;104150;119138
4101606;25855;25777
4101655;3561;3527
4101705;13419;14485
4101804;119123;151666
4101853;2453;2329
4101903;16354;13797
4102000;33025;36808
4102109;24698;25475
4102208;3913;3980
4102307;11300;13395
4102406;32184;31273
4102505;12656;10795
4102604;9735;9759
4102703;2727;2814
4102752;3945;4031
4102802;15079;14833
4102901;15880;15533
4103008;4568;4558
4103024;2764;2455
4103040;6554;6378
4103057;7911;7924
4103107;10987;13299
4103156;3796;3980
4103206;6561;6581
4103222;3293;3202
4103305;7878;7735
4103354;5735;4854
4103370;3209;3708
4103404;2695;2627
4103453;14662;18997
4103479;4290;4473
4103503;8069;8710
4103602;23886;23212
4103701;96733;107208
4103800;7236;9460
4103909;15394;15723
4103958;4076;3936
4104006;38769;47825
4104055;4407;4027
4104105;7125;7508
4104204;112377;136327
4104253;24843;30160
4104303;87194;99432
4104402;16655;15244
4104428;14983;14973
4104451;12952;10933
4104501;18526;20481
4104600;14970;14648
4104659;19163;23283
4104709;13706;16905
4104808;286205;348051
4104907;67084;73075
4105003;10202;10446
4105102;11190;10832
4105201;16938;16134
4105300;11032;11087
4105409;19679;21085
4105508;69958;79527
4105607;11062;11467
4105706;17240;15070
4105805;212967;232212
4105904;22345;22896
4106001;8279;8320
4106100;3636;3461
4106209;15891;19128
4106308;16312;17470
4106407;46928;45206
4106456;7238;5649
4106506;21749;23331
4106555;4002;3760
4106571;4278;4133
4106605;20416;23831
4106704;4563;4494
4106803;18040;15978
4106852;3162;2892
4106902;1751907;1773718
4107009;13923;13647
4107108;5516;5142
4107124;3510;3171
4107157;5027;4557
4107207;36179;44869
4107256;7445;9161
4107306;5828;6327
4107405;6103;5999
4107504;13906;12454
4107520;1970;1849
4107538;3926;4575
4107546;4677;4797
4107553;3472;3039
4107603;16314;16389
4107652;81675;148873
4107702;4802;4492
4107736;5932;6255
4107751;8293;8062
4107801;5050;4792
4107850;4726;4364
4107900;5931;10458
4108007;11222;11446
4108106;2543;2652
4108205;7541;7635
4108304;256088;285415
4108320;6418;8116
4108403;78943;96666
4108452;5420;4926
4108502;13669;11062
4108551;3337;2977
4108601;29018;28437
4108650;7503;6566
4108700;6625;5641
4108809;30704;32097
4108908;6197;6587
4108957;7900;7856
4109005;3891;4626
4109104;2219;2191
4109203;5227;4748
4109302;14582;13735
4109401;167328;182093
4109500;7871;7430
4109609;32095;42062
4109658;5955;4941
4109708;28751;28830
4109757;6066;6218
4109807;48198;51603
4109906;8839;8991
4110003;3982;5338
4110052;2234;2144
4110078;11274;14249
4110102;28455;29924
4110201;10943;9670
4110300;2988;2536
4110409;4299;4448
4110508;14150;14142
4110607;14981;15746
4110656;2578;2343
4110706;56207;59250
4110805;10622;10684
4110904;4568;4481
4110953;9026;11485
4111001;6759;5908
4111100;5979;6111
4111209;10531;12344
4111258;23887;31217
4111308;3583;3572
4111407;12815;13229
4111506;31816;32720
4111555;7514;6831
4111605;3010;2708
4111704;4902;5427
4111803;39121;40375
4111902;12225;15122
4112009;32606;35141
4112108;20269;21408
4112207;6532;5870
4112306;4903;4972
4112405;8549;9144
4112504;12324;12004
4112603;1409;1343
4112702;11875;11813
4112751;9001;10506
4112801;10736;11945
4112900;3433;3333
4112959;7641;7771
4113007;6610;6690
4113106;4506;4582
4113205;44932;45003
4113254;6360;5600
4113304;30777;32227
4113403;4145;3752
4113429;3973;3938
4113452;5361;5175
4113502;21201;23225
4113601;4401;4601
4113700;506701;555965
4113734;7315;6690
4113759;5160;4872
4113809;4592;4813
4113908;12973;13428
4114005;13961;13452
4114104;19781;31457
4114203;32658;36716
4114302;22220;27439
4114351;3127;2770
4114401;17048;16603
4114500;13169;14240
4114609;46819;55836
4114708;5956;5865
4114807;31959;41851
4114906;8863;8677
4115002;6858;7253
4115101;10224;9847
4115200;357077;409657
4115309;6268;6371
4115358;5684;6555
4115408;13900;15901
4115457;4981;4504
4115507;4603;4699
4115606;16078;18450
4115705;29428;39259
4115739;3818;3267
4115754;8555;9383
4115804;41817;54369
4115853;5046;5931
4115903;2327;2238
4116000;1862;1966
4116059;10474;11064
4116109;12606;11175
4116208;15718;18309
4116307;3672;3951
4116406;3836;3669
4116505;1431;1323
4116604;3478;3280
4116703;11866;13765
4116802;7425;6790
4116901;26615;26585
4116950;5098;5597
4117008;8147;7225
4117057;11241;12074
4117107;13067;12923
4117206;5503;5833
4117214;3908;4184
4117222;7626;8322
4117255;10377;12699
4117271;7398;6848
4117297;2827;3125
4117305;23380;24192
4117404;3380;3187
4117453;5692;6785
4117503;35936;45962
4117602;42888;48247
4117701;32123;33855
4117800;14865;13033
4117909;28683;35011
4118006;11772;13245
4118105;10250;9557
4118204;140469;145829
4118303;2791;2398
4118402;81590;92001
4118451;4822;5733
4118501;72370;91836
4118600;5434;5666
4118709;6913;6343
4118808;13624;13346
4118857;5653;7189
4118907;10208;11878
4119004;6761;6221
4119103;11236;13655
4119152;117008;127019
4119202;6215;6566
4119251;2625;2761
4119301;30208;29886
4119400;23424;23651
4119509;93207;118730
4119608;32638;33567
4119657;2814;3046
4119707;4095;4070
4119806;13654;14374
4119905;311611;358371
4119954;20920;30425
4120002;14189;11624
4120101;4514;4098
4120150;3663;3110
4120200;2530;3182
4120309;4020;3562
4120333;3434;3709
4120358;5628;5737
4120408;4784;4336
4120507;10832;10082
4120606;48792;49393
4120655;4856;4201
4120705;7045;8099
4120804;19851;24191
4120853;3803;4480
4120903;30605;30738
4121000;11729;10685
4121109;5088;5001
4121208;17089;18398
4121257;4134;4221
4121307;3955;3512
4121356;2847;2618
4121406;16338;19247
4121505;14176;14514
4121604;6812;6845
4121703;25172;24573
4121752;7307;6553
4121802;10678;12364
4121901;13524;13060
4122008;14093;14025
4122107;3334;3197
4122156;13661;13929
4122172;3898;3808
4122206;30650;37558
4122305;31274;31324
4122404;57862;71670
4122503;11537;11251
4122602;8996;9097
4122651;5588;5435
4122701;6096;8822
4122800;4403;4075
4122909;5178;5192
4123006;13689;15223
4123105;3803;3394
4123204;3646;3365
4123303;8092;8613
4123402;10432;11378
4123501;23413;25492
4123600;1818;1748
4123709;8760;8912
4123808;13132;14070
4123824;3925;3644
4123857;11500;9934
4123907;12435;11066
4123956;3571;3356
4124004;5249;5514
4124020;10332;13174
4124053;20841;24262
4124103;42707;44369
4124202;2727;2493
4124301;2408;2125
4124400;18893;23673
4124509;5269;6181
4124608;6354;6587
4124707;11337;10830
4124806;10599;11886
4124905;5911;5586
4125001;11525;10667
4125100;13704;13726
4125209;9085;9378
4125308;5517;5168
4125357;6041;6504
4125407;6511;6040
4125456;3830;3957
4125506;264210;329628
4125555;2098;2138
4125605;41257;42366
4125704;25769;29122
4125753;6491;5784
4125803;10167;8690
4125902;2491;2661
4126009;8626;8063
4126108;5349;5232
4126207;6736;6695
4126256;82847;118455
4126272;5028;6108
4126306;18414;17270
4126355;4568;5007
4126405;5817;5616
4126504;15638;15930
4126603;18454;22811
4126652;3394;3440
4126678;12262;10707
4126702;4664;4880
4126801;14598;15869
4126900;5836;5745
4127007;10283;9547
4127106;69872;75042
4127205;15776;17568
4127304;15221;14842
4127403;16759;18119
4127502;19344;19961
4127601;14537;17621
4127700;119313;150470
4127809;8791;8426
4127858;11824;11135
4127882;6256;6219
4127908;8695;8067
4127957;7997;8077
4127965;13811;14231
4128005;21558;24749
4128104;100676;117095
4128203;52735;55033
4128302;2466;2136
4128401;11472;10406
4128500;19298;19188
4128534;9957;9681
4128559;8973;8215
4128609;7878;7932
4128625;3206;3055
4128633;5727;5697
4128658;3950;3811
4128708;6513;9706
4128807;6012;5798
4200051;2653;2598
4200101;17100;17392
4200200;9323;10990
4200309;4904;6055
4200408;6961;6508
4200507;6110;6036
4200556;2424;2839
4200606;5548;6743
4200705;9410;10481
4200754;2005;1856
4200804;6380;5943
4200903;5250;5358
4201000;8623;8285
4201109;3214;3593
4201208;7458;11224
4201257;9600;9811
4201273;4193;4378
4201307;24810;45283
4201406;61310;71922
4201505;7753;8834
4201604;3502;3556
4201653;2260;2510
4201703;7412;8319
4201802;3300;3227
4201901;5549;6780
4201950;9586;15820
4202008;108089;139155
4202057;8430;14912
4202073;8234;15669
4202081;2906;3144
4202099;1878;1668
4202107;22386;45369
4202131;6004;5872
4202156;2635;2658
4202206;10336;10520
4202305;58206;76773
4202404;309011;361261
4202438;3290;3515
4202453;14293;25058
4202503;4395;4026
4202537;2526;2777
4202578;2132;2187
4202602;8942;8418
4202701;4468;5363
4202800;29018;33773
4202859;3457;4026
4202875;2850;2489
4202909;105503;141385
4203006;70762;73720
4203105;6219;6304
4203154;3387;3443
4203204;62361;103074
4203253;2753;2625
4203303;11748;12501
4203402;7483;7257
4203501;9370;9623
4203600;32824;36932
4203709;10603;12821
4203808;52765;55016
4203907;20769;23314
4203956;21674;23975
4204004;9555;10566
4204103;4411;4614
4204152;2771;2805
4204178;3581;3317
4204194;2762;2950
4204202;183530;254785
4204251;15159;17240
4204301;68621;81646
4204350;3767;4781
4204400;10213;10388
4204459;2458;2065
4204509;13852;15267
4204558;14785;15727
4204608;192308;214493
4204707;10613;10953
4204756;1882;1968
4204806;37748;40045
4204905;8634;8530
4205001;14811;15008
4205100;3721;4221
4205159;3604;3637
4205175;3018;3402
4205191;2050;2269
4205209;4352;4885
4205308;10661;11192
4205357;1588;1783
4205407;421240;537211
4205431;2601;2682
4205456;22548;31431
4205506;34553;33481
4205555;2474;2411
4205605;3472;3210
4205704;18138;29959
4205803;14761;18545
4205902;57981;72570
4206009;12999;16915
4206108;6223;6277
4206207;10635;12435
4206306;18430;24543
4206405;10498;10796
4206504;35172;46711
4206603;4908;4829
4206652;4679;8425
4206702;21239;21724
4206751;1945;2008
4206801;3373;3269
4206900;17330;19862
4207007;58833;59035
4207106;12355;17046
4207205;11672;11881
4207304;40170;52579
4207403;5707;5982
4207502;54854;71549
4207577;2739;2877
4207601;4752;4578
4207650;8409;9335
4207684;6798;7730
4207700;7220;7816
4207759;4253;3986
4207809;9531;10195
4207858;2096;2069
4207908;10448;10285
4208005;6426;7067
4208104;20301;22051
4208203;183373;264054
4208302;45797;75940
4208401;15409;16638
4208450;14763;30750
4208500;22250;26525
4208609;4041;4310
4208708;10609;10624
4208807;17290;20375
4208906;143123;182660
4208955;1766;1776
4209003;27020;30146
4209102;515288;616317
4209151;4721;5985
4209177;2148;2555
4209201;2199;2248
4209300;156727;164981
4209409;51562;42785
4209458;1490;1702
4209508;6004;7932
4209607;14367;14381
4209706;11838;11472
4209805;3365;3330
4209854;4642;4549
4209904;10244;12873
4210001;10438;11684
4210035;5600;5794
4210050;1826;1778
4210100;52912;55286
4210209;3279;3214
4210308;7479;7425
4210407;6404;7815
4210506;22101;28251
4210555;2203;2184
4210605;14674;17162
4210704;2839;2761
4210803;7000;7006
4210852;2513;2511
4210902;4045;4080
4211009;10231;10066
4211058;9312;9117
4211108;8346;7736
4211207;16126;18537
4211256;2890;3010
4211306;60556;86401
4211405;4275;5155
4211454;4267;4536
4211504;12190;13727
4211603;13309;13664
4211652;2750;2643
4211702;21393;23661
4211751;16337;17312
4211801;7372;7032
4211850;2271;2181
4211876;1763;1927
4211892;2353;2215
4211900;137334;222598
4212007;7765;7605
4212056;2373;2561
4212106;16020;15626
4212205;17928;19150
4212239;4080;4267
4212254;6627;12897
4212270;4425;4034
4212304;6692;9063
4212403;4107;4245
4212502;25141;33663
4212601;2988;2992
4212700;6131;6716
4212809;17078;27127
4212908;16332;21972
4213005;3147;3473
4213104;4786;5769
4213153;2654;2946
4213203;27759;34289
4213302;4894;4437
4213351;3303;3210
4213401;11031;10649
4213500;16083;27688
4213609;33493;32970
4213708;14810;17123
4213807;7267;8270
4213906;1725;1689
4214003;14887;20010
4214102;2284;2301
4214151;2758;2964
4214201;10248;11022
4214300;2748;3279
4214409;6143;6253
4214508;6192;6452
4214607;7090;7747
4214706;10284;10865
4214805;61198;72587
4214904;4446;4847
4215000;39846;39261
4215059;2436;2397
4215075;4838;4768
4215109;10922;12757
4215208;5551;4823
4215307;7370;7489
4215356;3961;3632
4215406;4301;4390
4215455;10400;12882
4215505;15757;15546
4215554;2382;2425
4215604;2065;2088
4215653;8054;9792
4215679;8767;8066
4215687;2896;2576
4215695;1465;1651
4215703;19823;27272
4215752;2677;2684
4215802;74801;83277
4215901;3008;2946
4216008;10291;10282
4216057;5012;6084
4216107;9491;9226
4216206;42520;52674
4216255;6036;6295
4216305;26260;32687
4216354;3435;4463
4216404;7002;8668
4216503;24812;25939
4216602;209804;270299
4216701;13684;14167
4216800;9273;8708
4216909;21792;24791
4217006;10993;13509
4217105;3209;3405
4217154;1904;1781
4217204;36306;44330
4217253;4704;5776
4217303;9016;10265
4217402;15316;20061
4217501;16936;18620
4217550;3285;3303
4217600;12998;13714
4217709;26613;29991
4217758;2766;2832
4217808;17260;18310
4217907;8674;8143
4217956;1757;2329
4218004;30960;51592
4218103;5308;5386
4218202;36774;46099
4218251;7167;7342
4218301;18129;19746
4218350;3527;3782
4218400;6876;7362
4218509;6341;8787
4218608;6553;7274
4218707;97235;110088
4218756;4633;4916
4218806;11854;13043
4218855;2910;2774
4218905;10699;10834
4218954;2482;2656
4219002;20223;20919
4219101;3532;3634
4219150;2808;2627
4219176;4793;4576
4219200;6290;6189
4219309;47188;55466
4219358;5207;5370
4219408;3600;4255
4219507;44128;51607
4219606;4142;3653
4219705;25713;31918
4219853;2991;3930
4300034;4394;4170
4300059;3722;3912
4300109;16722;16041
4300208;7255;6720
4300307;7045;6123
4300406;77653;72409
4300455;4301;3651
4300471;2067;1969
4300505;8027;7117
4300554;1848;1800
4300570;2917;3072
4300604;195673;187315
4300638;6353;5310
4300646;7323;7650
4300661;1216;1135
4300703;6073;5957
4300802;12833;13045
4300851;3693;4112
4300877;4864;8525
4300901;6565;6483
4301008;18783;21958
4301057;7740;11057
4301073;2730;2599
4301107;13606;14601
4301206;12648;12058
4301305;18470;17558
4301404;10225;10322
4301503;7096;7149
4301552;3665;3396
4301602;116794;117938
4301636;10856;14955
4301651;5741;6461
4301701;6529;7144
4301750;7018;5889
4301800;5357;4831
4301859;3089;3161
4301875;4012;4241
4301909;12572;12225
4301925;2003;1696
4301958;2367;2498
4302006;11133;9296
4302055;2307;2082
4302105;107278;123151
4302154;2114;1933
4302204;6574;6966
4302220;2441;2229
4302238;2425;2271
4302253;2776;2779
4302303;11519;11202
4302352;11789;13142
4302378;2328;2096
4302402;11472;12294
4302451;7673;6247
4302501;6884;5890
4302584;2200;2151
4302600;3702;3268
4302659;4675;4966
4302709;20406;19084
4302808;33690;32515
4302907;13676;11157
4303004;83827;80070
4303103;118278;136258
4303202;4868;4603
4303301;4954;4704
4303400;5071;4836
4303509;62764;62200
4303558;2592;2981
4303608;6542;6361
4303673;3247;3242
4303707;6117;5882
4303806;5506;5284
4303905;60074;62886
4304002;5459;4975
4304101;3494;3613
4304200;30171;28906
4304309;6535;6294
4304358;8771;10710
4304408;39229;48946
4304507;53259;49680
4304606;323827;347657
4304614;1807;1656
4304622;1754;1733
4304630;42040;63594
4304655;3104;3119
4304663;24298;26487
4304671;3890;3991
4304689;11612;11159
4304697;2636;2921
4304705;59317;61804
4304713;7312;7394
4304804;25192;30420
4304853;1607;1368
4304903;8651;9465
4304952;3007;3000
4305009;9323;8674
4305108;435564;463501
4305116;2965;2721
4305124;6402;5808
4305132;4454;3802
4305157;2417;2379
4305173;10268;9178
4305207;13289;13705
4305306;9377;9540
4305355;35320;35012
4305371;3471;2768
4305405;4044;3913
4305439;5917;6262
4305447;4944;4597
4305454;12668;17071
4305504;4922;4149
4305587;2420;2423
4305603;3550;3258
4305702;6552;6406
4305801;9752;10385
4305835;1528;1290
4305850;2457;2211
4305871;2459;2822
4305900;7748;6144
4305934;1725;1607
4305959;3917;3846
4305975;2826;2667
4306007;14084;12886
4306056;7280;7299
4306072;2826;2692
4306106;62821;58913
4306130;2141;1635
4306205;12320;11600
4306304;4683;4321
4306320;3190;2751
4306353;2866;2507
4306379;3064;2806
4306403;27572;30709
4306429;2157;2090
4306452;3278;3097
4306502;14380;13051
4306551;2550;2562
4306601;38898;36981
4306700;3401;3079
4306734;5313;4470
4306759;2030;1888
4306767;34343;39559
4306809;20510;22962
4306908;24534;23819
4306924;1527;1296
4306932;8938;9158
4306957;3080;2685
4306973;2970;3054
4307005;96087;105705
4307054;3088;3034
4307104;6753;6191
4307203;5163;4930
4307302;7878;6787
4307401;3168;3195
4307450;3272;3226
4307500;15240;15173
4307559;6011;5582
4307609;42574;47924
4307708;80755;76137
4307807;30619;32183
4307815;3628;3070
4307831;2798;2633
4307864;2579;2566
4307906;63635;70286
4308003;6672;6702
4308052;2567;2520
4308078;3697;4291
4308102;12359;13764
4308201;27126;30892
4308250;2018;1668
4308300;10719;9550
4308409;7014;6413
4308433;2479;2393
4308458;4575;4477
4308508;28843;32627
4308607;30689;34335
4308656;3234;2688
4308706;5862;5665
4308805;8447;7612
4308854;1677;1744
4308904;16154;16602
4309001;17075;16013
4309050;6891;7658
4309100;32273;40134
4309126;2269;2014
4309159;3970;3304
4309209;255660;265074
4309258;1598;1417
4309308;95204;92924
4309407;22814;25268
4309506;8115;7415
4309555;4254;5378
4309571;2954;2565
4309605;18348;18851
4309654;6043;5976
4309704;4919;4681
4309753;4371;3732
4309803;4710;4527
4309902;7171;6776
4309951;4061;3723
4310009;19310;21583
4310108;31660;32808
4310207;78915;84780
4310306;4102;4157
4310330;17670;26824
4310363;3023;3080
4310405;6618;6427
4310413;2267;2014
4310439;6016;5399
4310462;1944;1720
4310504;8078;7482
4310538;5010;5572
4310553;3441;2995
4310579;2344;1937
4310603;38159;35768
4310652;2584;2638
4310702;4171;3208
4310751;2156;1929
4310801;19874;22983
4310850;4098;3779
4310876;2507;2040
4310900;3633;3338
4311007;27931;26603
4311106;11473;10579
4311122;4177;3690
4311130;3575;3349
4311155;8331;7184
4311205;19579;18226
4311239;2662;2251
4311254;6185;5341
4311270;1598;1738
4311304;27525;27659
4311403;71445;93646
4311429;2487;2601
4311502;7679;7157
4311601;5780;4781
4311627;5227;6248
4311643;1624;1683
4311700;5510;5735
4311718;4738;4425
4311734;3003;3131
4311759;7072;6801
4311775;6905;7418
4311791;2527;2470
4311809;36364;45124
4311908;5134;4320
4311981;3768;3916
4312005;2210;1858
4312054;4068;3969
4312104;5111;4698
4312138;2470;2553
4312153;3865;4859
4312179;1799;1795
4312203;4911;4191
4312252;7631;7505
4312302;4855;4427
4312351;1542;1499
4312377;3102;3180
4312385;2670;2557
4312401;59415;64322
4312427;2749;2756
4312443;3182;3071
4312450;6227;6046
4312476;5676;6029
4312500;12124;12090
4312609;4791;4601
4312617;2988;2879
4312625;1813;1721
4312658;15936;17898
4312674;1721;1932
4312708;12074;13719
4312757;3182;3163
4312807;4001;4954
4312906;8840;9649
4312955;1960;2042
4313003;3184;3044
4313011;2751;3061
4313037;4671;4865
4313060;18346;20088
4313086;2450;2343
4313102;6342;5586
4313201;19045;23300
4313300;22830;25692
4313334;2437;2163
4313359;3343;3466
4313375;22716;29024
4313391;3855;3568
4313409;238940;227646
4313425;3925;3198
4313441;2277;2146
4313466;1757;1646
4313490;3978;4272
4313508;40906;47396
4313607;4243;3629
4313656;10969;12844
4313706;34328;33216
4313805;6920;7839
4313904;38058;43515
4313953;9895;10212
4314001;6812;7194
4314027;7336;6519
4314035;3511;4319
4314050;51502;52058
4314068;5154;3983
4314076;6011;6025
4314100;184826;206215
4314134;2196;2144
4314159;8044;7978
4314175;2212;2061
4314209;7811;7484
4314308;3973;3745
4314407;328275;325685
4314423;5182;5351
4314456;2513;2959
4314464;2130;2248
4314472;4471;3805
4314498;4497;4540
4314506;12780;11214
4314555;2757;2260
4314605;19841;17504
4314704;10524;10406
4314753;2017;2171
4314779;3857;3296
4314787;1750;1575
4314803;30920;34071
4314902;1409351;1332845
4315008;5413;4360
4315057;2542;2142
4315073;1852;1560
4315107;10558;9938
4315131;1875;1739
4315149;2484;3077
4315156;6163;5340
4315172;2000;2025
4315206;4141;3747
4315305;23021;23500
4315313;1775;1552
4315321;2710;2507
4315354;3653;3910
4315404;10222;9738
4315453;2155;1796
4315503;15849;14939
4315552;3616;2835
4315602;197228;191900
4315701;37591;34654
4315750;4330;4473
4315800;10284;10418
4315909;5743;6654
4315958;2546;2291
4316006;19485;21253
4316105;10221;9777
4316204;5518;4991
4316303;7203;6576
4316402;39707;36630
4316428;2595;2480
4316436;2869;2575
4316451;11880;10203
4316477;2669;2877
4316501;6747;6879
4316600;15373;16399
4316709;8829;8122
4316733;1655;1674
4316758;5697;6887
4316808;118374;133230
4316907;261031;271735
4316956;6053;6340
4316972;2352;2596
4317004;8242;7024
4317103;82464;84421
4317202;68587;76963
4317251;1720;1505
4317301;30990;30983
4317400;49071;48938
4317509;76275;76917
4317558;2139;2091
4317608;39685;42947
4317707;11210;10300
4317756;1987;2089
4317806;13968;13902
4317905;14378;15320
4317954;2461;2349
4318002;61671;59676
4318051;2926;2754
4318101;19254;17618
4318200;20537;21893
4318309;60425;58487
4318408;22134;21028
4318424;4726;4461
4318432;2635;2649
4318440;2774;2912
4318457;2720;2362
4318465;2204;1902
4318481;4094;4447
4318499;2200;2406
4318507;25503;25443
4318606;6904;6834
4318614;2082;2380
4318622;3290;4172
4318705;214087;217409
4318804;43111;41989
4318903;34556;34752
4319000;20103;21084
4319109;5773;5481
4319125;3201;2860
4319158;7421;7056
4319208;5727;5118
4319307;6364;5846
4319356;3315;3548
4319364;1886;1757
4319372;2873;3070
4319406;16368;15577
4319505;21932;24428
4319604;23798;21219
4319703;3632;3264
4319711;2168;2207
4319737;2647;2543
4319752;1944;2251
4319802;8440;8097
4319901;74985;75648
4320008;130957;132107
4320107;21285;22851
4320206;10897;11950
4320230;3011;2704
4320263;7158;6009
4320305;4929;5107
4320321;2814;2673
4320354;5198;5306
4320404;14253;16961
4320453;2281;1941
4320503;6294;5541
4320552;5850;5863
4320578;2124;1830
4320602;3842;3406
4320651;2449;2028
4320677;10068;8578
4320701;14283;14226
4320800;30044;29991
4320859;4131;4461
4320909;19250;24557
4321006;10448;10592
4321105;16629;14695
4321204;54643;53242
4321303;26092;25198
4321329;2966;3119
4321352;5351;5212
4321402;13719;14497
4321436;9878;10334
4321451;27272;32797
4321469;2724;3267
4321477;6461;5129
4321493;2952;2554
4321501;34656;41751
4321600;41585;54387
4321626;2314;2152
4321634;2855;2591
4321667;10217;10962
4321709;23848;24425
4321808;23726;24916
4321832;2914;2760
4321857;4381;4716
4321907;23965;25436
4321956;5787;7556
4322004;25793;27498
4322103;5898;5542
4322152;4395;3681
4322186;1573;1374
4322202;22281;20005
4322251;3924;5029
4322301;8557;8363
4322327;3522;3419
4322343;2296;1994
4322350;1487;1170
4322376;2450;1995
4322400;125435;117210
4322509;61342;64197
4322525;3253;3150
4322533;11077;9897
4322541;5118;6058
4322558;1984;2004
4322608;65946;68763
4322707;23983;26710
4322806;22810;24021
4322855;1974;1818
4322905;5311;4769
4323002;239384;224112
4323101;5285;4665
4323200;3036;2780
4323309;3207;3646
4323358;2152;2079
4323408;4221;4413
4323457;4221;3863
4323507;2832;2660
4323606;1569;1590
4323705;2759;2783
4323754;3485;3260
4323770;2793;3098
4323804;12434;16463
5000203;14424;16741
5000252;4569;4537
5000609;34730;39325
5000708;23835;24114
5000807;8493;7653
5000856;9185;10729
5000906;8208;9303
5001003;22320;27674
5001102;45614;46803
5001243;10251;10748
5001508;6609;7940
5001904;19839;23031
5002001;10936;10712
5002100;23181;21613
5002159;7985;8567
5002209;19587;23659
5002308;11826;11579
5002407;25767;30612
5002605;13625;13583
5002704;786797;898100
5002803;5398;5036
5002902;20966;20988
5002951;19648;30993
5003108;4862;4783
5003157;14064;14289
5003207;103703;96268
5003256;19695;26037
5003306;32159;32151
5003454;12139;13663
5003488;10363;11100
5003504;5364;5578
5003702;196035;243367
5003751;11694;11386
5003801;19035;20609
5003900;2928;3539
5004007;9927;10444
5004106;10366;9940
5004304;14875;13808
5004403;7669;8404
5004502;20865;24137
5004601;18614;19423
5004700;22341;27821
5004809;7731;8148
5004908;6341;7139
5005004;24346;23981
5005103;4011;3586
5005152;5900;6729
5005202;19617;21522
5005251;6491;6799
5005400;37405;45047
5005608;25595;25536
5005681;17043;19193
5005707;46424;50457
5005806;14391;13220
5006002;16432;21822
5006200;45585;48563
5006259;4940;4721
5006309;40192;40957
5006358;12350;12921
5006408;7967;6941
5006606;77872;92017
5006903;15372;12859
5007109;20946;23150
5007208;30663;37601
5007307;5036;4841
5007406;18890;19818
5007505;4928;5199
5007554;7259;7027
5007695;22203;29579
5007703;10780;10994
5007802;6287;8142
5007901;42132;47118
5007935;14833;14516
5007950;10215;10808
5007976;3518;3625
5008008;17146;17652
5008305;101791;132152
5008404;5901;6336
5100102;5516;5014
5100201;20856;29219
5100250;49164;58613
5100300;15644;17193
5100359;5247;5715
5100409;10350;13052
5100508;10066;8009
5100607;8072;10904
5100805;8567;8590
5101001;3197;3795
5101209;1096;1010
5101258;15342;14786
5101308;10316;10576
5101407;18656;24626
5101605;7591;7253
5101704;31793;29403
5101803;56560;69210
5101852;5314;7280
5101902;15357;17004
5102504;87942;89681
5102603;14305;15347
5102637;27577;45899
5102678;31589;44585
5102686;5154;8822
5102694;4786;4485
5102702;18754;25858
5102793;10990;10332
5102850;8231;7506
5103007;17821;18990
5103056;11028;9593
5103106;5490;6220
5103205;30766;31370
5103254;26381;25766
5103304;18178;18238
5103353;25124;35075
5103361;3385;3760
5103379;14983;11011
5103403;551098;650877
5103437;4866;4903
5103452;8523;7014
5103502;20341;21941
5103601;8171;7872
5103700;10933;10521
5103809;3796;3187
5103858;6293;8642
5103908;5027;6037
5103957;3135;2905
5104104;32216;31024
5104203;13934;10966
5104500;2397;2213
5104526;5123;7815
5104542;5276;7539
5104559;4575;5020
5104609;11478;12236
5104807;25647;28569
5104906;7696;7426
5105002;10455;8367
5105101;32791;34906
5105150;39255;45869
5105176;11201;10213
5105200;11430;11480
5105234;5431;4790
5105259;45556;83798
5105309;2224;2509
5105507;14493;16774
5105580;12006;11396
5105606;14174;20091
5105622;25299;26785
5105903;15002;15492
5106000;6436;5956
5106109;11609;12940
5106158;11643;13635
5106174;3029;4200
5106182;5436;6670
5106190;3468;4239
5106208;4587;3932
5106216;12127;11707
5106224;31649;55839
5106232;17515;16352
5106240;9218;11530
5106257;19643;24345
5106265;7332;6520
5106273;3749;3349
5106281;6042;6919
5106299;10684;11671
5106307;19290;26423
5106315;2005;2015
5106372;15755;18066
5106422;30812;32714
5106455;2726;3166
5106505;31779;31217
5106653;5395;6932
5106703;1768;2008
5106752;41408;52018
5106778;10748;12127
5106802;5449;5593
5106828;11031;10204
5106851;3649;3224
5107008;17599;23283
5107040;52066;85146
5107065;13033;26769
5107107;18998;17849
5107156;2572;2122
5107180;8881;10089
5107198;2199;2593
5107206;5070;4535
5107248;4085;5374
5107263;2991;2519
5107297;3592;2875
5107305;17124;14911
5107354;5240;5964
5107404;4158;4191
5107578;3604;3505
5107602;195476;244911
5107701;17679;15453
5107743;1900;2661
5107750;3908;3679
5107768;2491;3276
5107776;7397;7596
5107792;3754;4099
5107800;18463;15246
5107859;10625;13621
5107875;18094;28944
5107883;1365;1800
5107909;113099;196312
5107925;66521;110635
5107941;9932;9818
5107958;83431;106434
5108006;10392;14370
5108055;11291;10616
5108105;3418;3025
5108204;4071;4164
5108303;3760;3838
5108352;3052;2904
5108402;252596;300078
5108501;10235;12800
5108600;21382;19888
5108808;4932;4590
5108857;2951;3529
5108907;6590;5846
5108956;8093;8313
5200050;6876;19128
5200100;15757;17232
5200134;20279;21568
5200159;2477;2297
5200175;5090;4954
5200209;2013;1858
5200258;159378;225693
5200308;23814;27008
5200506;2051;1973
5200555;4505;6072
5200605;6885;10306
5200803;8084;8446
5200829;3434;3268
5200852;5508;5259
5200902;3609;3007
5201108;334613;398869
5201207;1020;924
5201306;20239;18503
5201405;455657;527796
5201454;2427;2907
5201504;3803;4325
5201603;3802;3799
5201702;18305;18390
5201801;8365;11890
5202155;7510;7153
5202353;3277;2946
5202502;7496;8300
5202601;3650;3284
5202809;2450;2868
5203104;3714;3351
5203203;8716;10371
5203302;24554;34445
5203401;8423;7826
5203500;20727;23958
5203559;7536;10296
5203575;3503;3299
5203609;3232;3992
5203807;5509;5695
5203906;9054;10495
5203939;2560;2732
5203962;3321;3145
5204003;7354;7560
5204102;10553;11513
5204201;1417;1405
5204250;8254;7782
5204300;13283;13774
5204409;16757;16513
5204508;70473;98622
5204557;3325;4507
5204607;3387;3755
5204656;3656;3708
5204706;11111;12510
5204805;6060;7422
5204854;6241;8081
5204904;18410;18108
5204953;5020;4005
5205000;8928;9710
5205059;3638;2985
5205109;86647;114427
5205208;4686;5184
5205307;9392;9583
5205406;20722;22046
5205455;7545;8090
5205471;7001;12870
5205497;55915;91767
5205513;17407;25016
5205521;3523;4030
5205703;2632;2454
5205802;10361;10562
5205901;8181;9164
5206206;46580;62337
5206305;2932;3504
5206404;15760;17065
5206503;3555;3883
5206602;2964;2927
5206701;3292;3770
5206800;2747;2724
5206909;2056;1902
5207105;2479;2062
5207253;7892;6956
5207352;3733;4001
5207402;11266;11747
5207501;3320;3205
5207535;6983;7070
5207600;6322;5877
5207808;11580;10419
5207907;12066;13744
5208004;100085;115901
5208103;4883;4660
5208152;3275;3456
5208301;4962;4457
5208400;10695;13967
5208509;5265;4973
5208608;59549;73707
5208707;1302001;1437366
5208806;34060;71916
5208905;24727;24071
5209101;32492;35664
5209150;4949;4390
5209200;13976;19545
5209291;2376;2188
5209408;4258;4085
5209457;2299;2161
5209606;3571;3354
5209705;17398;27742
5209804;4029;3545
5209903;12427;10584
5209937;5699;5954
5209952;13687;17061
5210000;48246;52204
5210109;24735;25548
5210158;2844;2919
5210208;31274;35684
5210307;2887;2560
5210406;35371;44734
5210562;4513;4963
5210604;5437;4904
5210802;5062;4380
5210901;18458;21087
5211008;7835;8007
5211206;26125;26113
5211305;6300;6101
5211404;8575;7736
5211503;92883;107970
5211602;2663;2693
5211701;6164;6272
5211800;41870;45223
5211909;88006;105729
5212006;3000;2924
5212055;2300;2123
5212105;7118;7159
5212204;19153;19620
5212253;1254;1390
5212303;7882;8745
5212501;174531;209129
5212600;2374;2561
5212709;6871;8124
5212808;10649;10700
5212907;2072;2758
5212956;4414;4042
5213004;11521;10304
5213053;2685;2614
5213087;31154;27075
5213103;52935;70081
5213400;1763;1685
5213509;7730;6692
5213707;7987;8756
5213756;10572;12521
5213772;4122;3779
5213806;41460;51351
5213855;2356;2456
5213905;5007;4654
5214002;13404;14750
5214051;6438;6189
5214101;3849;3564
5214408;7874;8189
5214507;24210;31932
5214606;42361;34964
5214705;2259;2337
5214804;2062;2101
5214838;11927;12815
5214861;8508;8310
5214879;2826;3010
5214903;3471;3076
5215009;8129;9481
5215207;3519;3527
5215231;95018;103804
5215256;3956;3716
5215306;14300;16399
5215405;4034;4057
5215504;5467;7200
5215603;27671;34967
5215652;3371;3132
5215702;23338;31858
5215801;2335;2259
5215900;3557;3851
5216007;2682;2455
5216304;9100;7607
5216403;10863;10659
5216452;2950;2964
5216809;10283;9573
5216908;2773;2328
5217104;24026;24883
5217203;11266;11712
5217302;23006;26690
5217401;28762;32373
5217609;81649;105031
5217708;17121;18309
5218003;42355;44317
5218052;3347;4070
5218102;3839;3280
5218300;31419;34914
5218391;3239;3649
5218508;43220;48447
5218607;10523;12165
5218706;4566;3980
5218789;3312;3864
5218805;176424;225696
5218904;18915;19788
5219001;7550;7918
5219100;5751;6149
5219209;3142;3002
5219258;4762;4951
5219308;36469;38492
5219357;3686;3538
5219407;6924;5924
5219456;3173;2689
5219506;2909;2820
5219605;3995;3293
5219704;10302;10645
5219712;4423;4267
5219738;4703;7386
5219753;63248;72127
5219803;11272;9711
5219902;6120;6378
5220009;10257;14041
5220058;1689;1774
5220108;30034;33852
5220157;4617;4837
5220207;22283;21900
5220264;3757;4464
5220280;1991;2143
5220405;17088;17020
5220454;84443;155635
5220504;7481;8027
5220603;19089;22245
5220686;6514;5742
5220702;2825;2927
5221007;3541;4026
5221080;3016;2701
5221197;6561;7944
5221304;2819;2921
5221403;104488;142431
5221452;3452;3120
5221502;4839;4480
5221551;4399;4985
5221577;2933;2798
5221601;36929;42546
5221700;13826;13729
5221809;3074;3553
5221858;132982;198861
5221908;3659;3716
5222005;12548;14956
5222054;7371;8768
5222203;4735;4215
5222302;5145;5815
5300108;2570160;2817381
