cod_mun;pop;pensioners;pension_val
1100015;24392.0;2665.95;1524600.92
1100023;90353.0;6682.92;4532945.39
1100031;6313.0;796.1;501491.57
1100049;78574.0;7966.43;5650370.88
1100056;17029.0;2074.12;1280841.08
1100064;18591.0;2678.37;1579753.13
1100072;8783.0;1087.48;656584.68
1100080;13678.0;976.49;581155.82
1100098;28729.0;2798.46;1776140.73
1100106;41656.0;3229.54;2956730.26
1100114;52005.0;5600.25;3653731.36
1100122;116610.0;10579.06;7625907.93
1100130;31135.0;2901.98;1787859.73
1100148;19874.0;2002.98;1176715.67
1100155;37928.0;4776.17;3231860.48
1100189;33822.0;2859.6;2357528.34
1100205;428527.0;27395.45;27527408.34
1100254;22319.0;2546.53;1644265.57
1100262;3316.0;312.84;176683.05
1100288;50648.0;6020.27;3720100.2
1100296;8886.0;1252.53;762871.79
1100304;76202.0;7126.06;4908208.14
1100320;21828.0;1911.27;1297412.69
1100338;22546.0;2079.94;1510141.79
1100346;16853.0;1978.29;1230177.94
1100379;12816.0;1460.49;858813.44
1100403;17135.0;1647.91;1286543.44
1100452;32383.0;2630.34;1506744.85
1100502;10240.0;1415.79;857290.29
1100601;5736.0;606.62;377989.03
1100700;12665.0;839.3;487650.86
1100809;19779.0;1384.58;976357.22
1100908;3575.0;383.99;229339.27
1100924;8301.0;545.85;331739.39
1100940;15854.0;1076.2;565092.2
1101005;10512.0;1294.08;740688.63
1101104;8566.0;680.0;432943.81
1101203;10352.0;1258.66;778674.38
1101302;11878.0;1627.73;956309.48
1101401;14091.0;1447.83;894203.55
1101435;7493.0;898.81;531936.65
1101450;4810.0;401.51;216804.25
1101468;2315.0;243.25;149446.41
1101476;3524.0;443.07;262648.36
1101484;6018.0;793.01;470234.69
1101492;16035.0;1425.71;841539.37
1101500;11629.0;991.61;550835.09
1101559;4888.0;588.07;347969.76
1101609;10649.0;1331.97;745800.1
1101708;12974.0;1873.99;1138910.0
1101757;9384.0;949.33;587057.57
1101807;8210.0;1177.58;755384.79
1200013;12538.0;1045.38;604192.69
1200054;6072.0;302.22;202925.03
1200104;21398.0;1978.19;1231359.39
1200138;8471.0;764.21;559556.86
1200179;8798.0;697.67;391366.86
1200203;78507.0;6398.61;4288997.69
1200252;15100.0;1307.12;896046.52
1200302;32412.0;2299.25;1419508.54
1200328;6577.0;260.21;142394.3
1200336;15206.0;1492.63;904448.57
1200344;7981.0;516.72;305908.93
1200351;14227.0;585.57;340257.39
1200385;17209.0;1800.96;1126586.46
1200393;9176.0;571.02;331355.04
1200401;336038.0;26175.8;29611375.97
1200427;14389.0;931.04;569219.84
1200435;4691.0;94.35;53644.53
1200450;20179.0;1861.51;1421233.83
1200500;38029.0;3020.07;1914114.17
1200609;35590.0;2714.98;1579793.15
1200708;16091.0;1623.63;1179272.84
1200807;14880.0;1555.94;919024.83
1300029;14088.0;779.43;393686.3
1300060;9467.0;671.13;403169.75
1300086;10214.0;679.81;381651.89
1300102;16317.0;1185.44;722746.28
1300144;18007.0;998.95;540987.78
1300201;15153.0;553.64;317677.66
1300300;32135.0;2221.0;1273182.13
1300409;25718.0;844.83;524076.83
1300508;27355.0;2041.75;1105242.28
1300607;33411.0;1985.17;1052333.97
1300631;15486.0;1065.8;588797.59
1300680;14979.0;980.33;531982.84
1300706;30632.0;2277.82;1369861.29
1300805;34961.0;2463.77;1466446.72
1300839;10975.0;686.37;342002.52
1300904;12738.0;613.19;391127.89
1301001;25774.0;1253.11;711750.68
1301100;32734.0;1594.46;854598.5
1301159;23930.0;1982.95;1107372.91
1301209;75965.0;4185.11;2488090.45
1301308;23206.0;1332.99;765690.34
1301407;30665.0;1696.39;1026183.17
1301506;16338.0;1128.67;664022.28
1301605;22817.0;1251.78;699565.65
1301654;13974.0;829.42;642360.43
1301704;44227.0;3217.45;1922219.78
1301803;22254.0;1069.58;555811.74
1301852;40781.0;2730.09;2678175.94
1301902;86839.0;7633.73;4973869.64
1301951;8038.0;205.42;102729.77
1302009;8211.0;479.97;279425.4
1302108;7326.0;124.17;59840.36
1302207;10802.0;649.16;352192.53
1302306;17992.0;887.55;467597.0
1302405;37701.0;2583.81;1497397.22
1302504;85141.0;6890.59;4760200.75
1302553;22801.0;1564.86;1042426.64
1302603;1802014.0;107291.46;111426413.63
1302702;47017.0;2778.0;1659121.25
1302801;17528.0;681.84;332281.08
1302900;52236.0;4172.01;2716224.83
1303007;18278.0;1266.59;662950.74
1303106;30696.0;1909.22;1075674.08
1303205;14723.0;876.14;536780.5
1303304;21451.0;1402.77;738327.38
1303403;102033.0;7758.7;5212068.57
1303502;18166.0;851.57;497595.05
1303536;27175.0;1412.02;995668.15
1303569;25719.0;1523.71;988704.85
1303601;18146.0;732.48;412935.91
1303700;24481.0;1411.51;761806.61
1303809;37896.0;1807.98;1063005.15
1303908;31422.0;2113.17;1177696.19
1303957;10705.0;595.7;322362.18
1304005;8444.0;646.2;402793.36
1304062;52272.0;2923.91;1977881.63
1304104;19077.0;853.61;468960.22
1304203;61453.0;4770.44;3141102.3
1304237;17079.0;845.2;460472.98
1304260;11891.0;519.23;410108.79
1304302;17094.0;1143.21;653180.98
1304401;17837.0;1475.84;797135.42
1400027;9327.0;456.85;251744.2
1400050;16448.0;845.93;557539.56
1400100;284313.0;17298.34;16667556.09
1400159;10943.0;600.5;401476.31
1400175;13902.0;1149.79;637632.37
1400209;18398.0;1240.89;756589.83
1400233;8114.0;552.85;335309.95
1400282;8696.0;548.95;306615.8
1400308;14792.0;1097.63;613683.95
1400407;8940.0;507.17;309612.25
1400456;10433.0;469.16;294204.03
1400472;24279.0;1729.78;886295.76
1400506;6769.0;403.96;236485.19
1400605;6750.0;444.6;305050.75
1400704;8375.0;393.62;239447.29
1500107;141100.0;10379.25;6618142.35
1500131;6780.0;542.27;316073.57
1500206;53569.0;3955.18;2241540.91
1500305;35042.0;1673.58;1012387.13
1500347;25057.0;1301.84;709563.18
1500404;52626.0;4629.46;2777350.32
1500503;33614.0;1678.11;1232425.65
1500602;99075.0;7146.02;5046228.81
1500701;24759.0;1073.02;561616.88
1500800;471980.0;33553.21;30955209.78
1500859;20543.0;1028.95;555778.5
1500909;40497.0;3503.26;1942115.64
1500958;26546.0;2170.38;1200646.15
1501006;15849.0;1525.23;843254.5
1501105;23864.0;1308.41;750513.37
1501204;36882.0;2828.05;1642726.49
1501253;3431.0;208.98;119227.48
1501303;99859.0;5566.6;3902800.93
1501402;1393399.0;129670.58;163689033.6
1501451;16318.0;1742.54;1255322.59
1501501;51651.0;3595.55;2778713.73
1501576;15298.0;1429.88;910992.74
1501600;13630.0;1050.7;668770.98
1501709;113227.0;10265.39;6881147.7
1501725;15690.0;1344.19;831274.89
1501758;7317.0;704.19;416010.94
1501782;52493.0;3474.87;1903425.21
1501808;92860.0;4904.9;2711992.29
1501907;25695.0;1714.91;922629.01
1501956;26484.0;1298.18;672330.08
1502004;20443.0;1551.62;1083130.03
1502103;120896.0;10029.11;5637510.12
1502152;26716.0;1242.57;909585.19
1502202;63639.0;6151.81;4348724.98
1502301;51893.0;4344.15;2541912.43
1502400;173149.0;12730.5;10134219.68
1502509;21005.0;1343.1;1191373.53
1502608;11381.0;1335.8;906262.07
1502707;45557.0;4785.0;2751597.86
1502756;28216.0;2180.21;1150063.12
1502764;10466.0;395.92;260210.79
1502772;18288.0;1492.7;843137.0
1502806;28549.0;1614.43;912508.06
1502855;12254.0;812.75;483534.62
1502905;34294.0;4050.29;2714419.16
1502939;51319.0;2859.17;1591893.69
1502954;31786.0;2127.88;1157457.21
1503002;8177.0;652.56;319730.24
1503044;17768.0;1326.56;729406.69
1503077;25034.0;2081.23;1134186.28
1503093;30436.0;1599.02;839091.51
1503101;29062.0;1917.3;1030248.88
1503200;35887.0;3913.36;2591188.08
1503309;58077.0;3950.9;2283479.89
1503408;10037.0;908.05;538065.16
1503457;51309.0;2332.27;1244916.65
1503507;31364.0;3401.23;2070627.44
1503606;97493.0;6883.59;3886034.26
1503705;51220.0;3696.65;1923161.17
1503754;14103.0;528.71;291884.73
1503804;51360.0;3658.58;1941412.04
1503903;47086.0;3318.72;1811717.67
1504000;25021.0;1598.09;894042.25
1504059;27904.0;2495.3;2471558.7
1504109;8115.0;990.66;594828.62
1504208;233669.0;13138.73;9233046.37
1504307;28376.0;3087.75;1913413.26
1504406;26605.0;2857.61;2040595.11
1504422;108246.0;6634.03;5185686.79
1504455;27328.0;1571.98;937239.16
1504505;24808.0;892.65;450686.24
1504604;26731.0;1994.87;1137903.11
1504703;70018.0;3961.15;2160172.91
1504802;55462.0;5176.03;3133903.6
1504901;34204.0;1886.69;1059439.84
1504950;20158.0;983.32;488279.3
1504976;14645.0;1334.77;738663.03
1505007;13670.0;1582.58;1040185.97
1505031;25124.0;1251.96;725872.76
1505064;62050.0;3982.25;2080176.96
1505106;49333.0;4499.14;2630659.86
1505205;28595.0;1995.89;1137272.34
1505304;62794.0;4025.71;2357031.51
1505403;16311.0;1819.71;1097447.08
1505437;27359.0;934.66;532882.56
1505486;39979.0;2517.44;1630002.77
1505494;7475.0;753.05;449080.4
1505502;97819.0;4052.38;2333278.07
1505536;153908.0;6595.8;4910546.63
1505551;6033.0;576.39;315756.22
1505601;7854.0;909.09;554845.66
1505635;12697.0;782.51;445646.28
1505650;23934.0;1373.24;797356.4
1505700;25999.0;1810.89;1151526.37
1505809;52172.0;2629.06;1435773.14
1505908;33956.0;1581.87;844226.69
1506005;29349.0;1571.1;821115.49
1506104;10268.0;1259.31;835463.2
1506112;12411.0;1346.71;828831.47
1506138;75556.0;5043.44;3155145.48
1506161;17697.0;1352.21;807080.89
1506187;46964.0;3257.24;1848277.18
1506195;40087.0;2583.99;1471847.47
1506203;37421.0;2841.08;1874215.51
1506302;20183.0;1780.79;1335982.83
1506351;17141.0;1256.25;780632.68
1506401;8155.0;549.5;322583.31
1506500;59466.0;4300.65;3136979.65
1506559;19424.0;1880.76;1063749.82
1506583;17206.0;1281.59;713657.84
1506609;23026.0;2204.52;1436755.57
1506708;56153.0;2393.74;1511036.69
1506807;294580.0;24314.37;17048918.97
1506906;6141.0;575.7;361564.67
1507003;26674.0;2620.46;1656645.06
1507102;16891.0;1779.46;1162696.22
1507151;23130.0;2190.88;1315807.95
1507201;29846.0;2420.78;1491327.31
1507300;91340.0;3937.49;2433067.4
1507409;15060.0;1659.38;1125855.91
1507458;25587.0;2134.71;1184025.64
1507466;5265.0;572.57;339481.22
1507474;20647.0;2062.42;1235654.81
1507508;13155.0;1081.43;574095.75
1507607;51567.0;4646.07;2741313.38
1507706;22904.0;1362.11;861087.91
1507755;5047.0;243.88;135243.13
1507805;13045.0;597.23;312021.89
1507904;23001.0;2174.85;1683948.69
1507953;79297.0;2900.63;1617763.63
1507961;10262.0;967.59;586155.85
1507979;16949.0;1481.8;857928.15
1508001;56518.0;4149.78;2393415.18
1508035;27455.0;3037.91;1800531.4
1508050;16875.0;1003.75;576776.85
1508084;33690.0;2081.14;1148344.75
1508100;97128.0;5324.53;3949168.77
1508126;43341.0;1599.83;923725.86
1508159;44789.0;2442.09;1331445.91
1508209;47889.0;4607.02;3137276.34
1508308;56716.0;4611.14;2530784.75
1508357;13431.0;971.21;606705.77
1508407;40573.0;2608.6;1553447.7
1600055;4380.0;253.31;171325.21
1600105;8069.0;423.48;283112.99
1600154;10772.0;633.04;385576.5
1600204;9000.0;360.59;226936.02
1600212;4696.0;242.52;132220.23
1600238;5802.0;490.49;358335.82
1600253;4265.0;224.92;167786.3
1600279;39942.0;1993.55;1293327.59
1600303;398204.0;21438.28;21005158.32
1600402;17032.0;1080.13;648399.84
1600501;20509.0;577.27;363728.79
1600535;16809.0;901.16;658847.39
1600550;3793.0;183.61;112987.87
1600600;101262.0;5497.64;3551164.41
1600709;12563.0;660.9;382605.72
1600808;12428.0;602.45;351235.02
1700251;2391.0;260.3;147415.13
1700301;5162.0;430.12;240236.45
1700350;5671.0;694.37;429348.08
1700400;7586.0;940.01;512841.18
1700707;8374.0;791.57;437641.43
1701002;9865.0;1100.32;598061.67
1701051;3175.0;385.67;213533.97
1701101;4213.0;540.96;286894.56
1701309;5882.0;666.92;366477.25
1701903;6317.0;636.71;354502.48
1702000;8786.0;1288.3;720574.55
1702109;150484.0;11692.49;8421865.26
1702158;5030.0;483.1;259679.83
1702208;31329.0;3405.15;1857609.56
1702307;6742.0;801.5;455578.29
1702406;10645.0;1363.5;881425.9
1702554;15950.0;1621.52;900910.49
1702703;3446.0;519.16;328527.13
1702901;9275.0;1168.26;688860.3
1703008;10424.0;1226.73;704600.99
1703057;3122.0;265.68;147215.64
1703073;4123.0;489.09;274850.77
1703107;5349.0;531.96;297456.74
1703206;4456.0;504.35;259808.05
1703305;3768.0;361.21;215244.66
1703602;2064.0;218.51;125293.74
1703701;5185.0;650.69;408128.57
1703800;9768.0;962.16;512408.93
1703826;2148.0;279.42;163541.39
1703842;8139.0;497.28;265685.31
1703867;3756.0;335.92;189055.32
1703883;2316.0;184.96;105540.87
1703891;3688.0;377.99;205990.84
1703909;4601.0;430.94;243343.24
1704105;2566.0;331.11;276790.23
1704600;1335.0;193.24;123537.92
1705102;3277.0;448.61;301144.55
1705508;30838.0;2553.33;1545173.01
1705557;4669.0;490.87;300889.37
1705607;4182.0;564.24;334205.76
1706001;5009.0;524.8;309136.74
1706100;7234.0;866.62;508935.69
1706258;1564.0;147.02;98722.11
1706506;5273.0;642.11;345642.28
1707009;19112.0;2033.02;1486068.59
1707108;6363.0;765.72;426839.42
1707207;7161.0;805.13;489282.0
1707306;4592.0;491.91;314354.83
1707405;9476.0;1013.51;519958.99
1707553;3805.0;405.5;278988.43
1707652;5340.0;667.67;366172.36
1707702;8505.0;1005.06;605390.48
1708205;18427.0;1810.83;1086645.83
1708254;2419.0;226.47;117509.59
1708304;4956.0;471.68;259890.44
1709005;12064.0;1330.53;785710.79
1709302;23200.0;2033.07;1268904.42
1709500;76755.0;6328.38;5015865.0
1709807;1639.0;201.09;105401.79
1710508;7104.0;893.96;545037.98
1710706;6029.0;675.0;478192.59
1710904;3532.0;459.52;270346.94
1711100;2445.0;292.51;165853.46
1711506;3507.0;503.53;641347.93
1711803;2231.0;223.54;126783.18
1711902;10210.0;614.3;320682.19
1711951;3525.0;238.52;138410.37
1712009;2773.0;244.1;149076.44
1712157;1605.0;170.31;101556.45
1712405;3725.0;412.48;230089.7
1712454;2622.0;336.21;186892.12
1712504;4352.0;401.77;214969.01
1712702;2223.0;171.26;93693.67
1712801;3154.0;415.47;229529.37
1713205;20684.0;1726.18;1237684.91
1713304;12623.0;1257.04;750691.36
1713601;6716.0;795.74;460583.51
1713700;2085.0;300.09;165474.76
1713809;5740.0;678.75;369247.31
1713957;3152.0;337.8;174293.86
1714203;9000.0;1070.83;673161.64
1714302;4386.0;722.98;451250.44
1714880;10686.0;1126.43;634249.11
1715002;3770.0;542.59;292194.35
1715101;3762.0;390.27;290514.62
1715150;2286.0;341.98;221247.37
1715259;2457.0;230.46;142512.42
1715507;1037.0;147.47;80075.93
1715705;4954.0;558.43;305463.06
1715754;7339.0;899.29;557557.18
1716109;44417.0;3468.03;2630086.09
1716208;10338.0;1349.86;918034.3
1716307;4588.0;477.88;256869.38
1716505;11539.0;1091.08;787407.47
1716604;10384.0;1129.8;688359.75
1716653;5054.0;612.06;332480.91
1716703;8611.0;1104.2;617153.39
1717008;4506.0;564.52;306421.0
1717206;2920.0;284.82;154948.78
1717503;6694.0;908.4;592748.7
1717800;4544.0;684.88;512115.19
1717909;7180.0;897.02;531454.76
1718006;2796.0;317.13;180158.05
1718204;49146.0;4541.93;3344816.59
1718303;7659.0;947.67;533608.93
1718402;3681.0;422.78;259611.58
1718451;2369.0;225.73;122063.91
1718501;3768.0;315.71;178264.5
1718550;4191.0;530.44;278287.78
1718659;1714.0;181.14;117406.95
1718709;2570.0;261.74;141476.06
1718758;6254.0;812.43;412765.81
1718808;3864.0;384.28;216987.09
1718840;3326.0;357.63;273290.19
1718865;6599.0;400.96;242977.14
1718881;2894.0;340.36;185949.37
1718899;2128.0;228.75;130603.87
1718907;4568.0;560.16;295764.31
1719004;2523.0;307.29;174099.1
1720002;2474.0;319.94;181882.17
1720101;4608.0;510.26;270487.4
1720150;1437.0;131.1;68932.99
1720200;10481.0;1166.84;618570.42
1720259;2910.0;327.44;204735.82
1720309;4283.0;465.62;266762.75
1720499;4383.0;574.7;330878.38
1720655;5068.0;747.63;426821.15
1720804;9148.0;1097.26;619002.96
1720853;1742.0;153.4;91131.62
1720903;15051.0;1733.08;1280158.89
1720937;1945.0;200.48;117523.93
1720978;2562.0;232.65;148338.22
1721000;228332.0;11146.15;11790446.27
1721109;6736.0;543.83;379831.7
1721208;22619.0;2917.34;1870825.12
1721257;1574.0;167.08;97592.03
1721307;2097.0;254.71;145609.48
1722081;10981.0;1152.59;702811.06
1722107;11484.0;1163.64;817325.5
2100055;104047.0;8059.22;4630686.68
2100105;5905.0;510.68;259647.18
2100154;11581.0;1435.74;794774.23
2100204;21851.0;2323.11;1268842.74
2100303;23952.0;2281.29;1136993.29
2100402;11063.0;1138.05;637270.46
2100436;24599.0;2434.54;1258364.84
2100477;31057.0;3023.09;1538224.75
2100501;10766.0;1153.16;640429.49
2100550;6431.0;564.27;271017.73
2100600;37932.0;4263.78;2287122.01
2100709;25291.0;3138.97;1835503.98
2100808;13939.0;1267.82;725072.89
2100832;14959.0;1212.91;638675.54
2100873;13973.0;1427.19;732531.74
2100907;42505.0;5048.71;2793310.39
2100956;31702.0;2775.76;1373978.05
2101004;28488.0;3402.46;2186473.87
2101103;11407.0;1140.0;656827.15
2101202;100014.0;11984.68;7094843.67
2101251;14925.0;1258.56;703252.15
2101301;16604.0;2016.7;1176417.49
2101350;5293.0;768.42;432046.58
2101400;83528.0;6216.51;3940780.67
2101509;17841.0;2189.62;1395772.76
2101608;82830.0;10218.73;6319704.16
2101707;54930.0;4301.2;2396557.62
2101731;6524.0;466.16;226796.59
2101772;12049.0;1469.39;769138.27
2101806;5469.0;778.53;505184.44
2101905;20344.0;2903.86;1613120.12
2101939;5996.0;825.82;479862.56
2101970;7949.0;744.86;417546.92
2102002;39049.0;4094.83;2286642.09
2102036;28459.0;1911.93;1050441.79
2102077;14818.0;1839.05;1012585.53
2102101;33359.0;3698.32;2091836.1
2102150;5577.0;515.55;277932.37
2102200;27013.0;2986.44;1580294.36
2102309;22899.0;3074.12;1656723.3
2102325;65237.0;4793.62;2376961.28
2102358;14784.0;1985.15;1215056.4
2102374;8446.0;641.25;329244.5
2102408;10593.0;1195.28;665153.41
2102507;18338.0;1780.46;932753.31
2102556;13369.0;1169.42;829156.61
2102606;18505.0;1608.65;837968.34
2102705;20448.0;1927.79;1061905.36
2102754;10698.0;1387.69;750108.41
2102804;23959.0;2516.56;1546466.36
2102903;22006.0;1975.0;1033117.09
2103000;155129.0;18127.49;11440280.0
2103109;10297.0;1228.22;612105.43
2103125;7887.0;930.46;503192.68
2103158;12565.0;923.09;492001.04
2103174;17622.0;873.45;453547.22
2103208;73350.0;8140.07;4686146.65
2103257;13681.0;1442.1;767554.99
2103307;118038.0;13690.47;7758069.09
2103406;46750.0;4716.79;2591625.89
2103505;39132.0;4056.68;2337894.2
2103554;14436.0;1150.26;606144.98
2103604;61725.0;7453.44;4285215.67
2103703;32652.0;3597.61;2208414.47
2103752;12579.0;1448.61;805624.59
2103802;22681.0;2715.35;1425692.2
2103901;10649.0;1053.88;581054.32
2104008;18452.0;2548.37;1352818.78
2104057;35835.0;2911.35;1783295.64
2104073;8126.0;928.42;504034.47
2104081;9241.0;904.4;461671.72
2104099;17757.0;1448.24;784560.83
2104107;11646.0;1063.59;582938.47
2104206;15098.0;1932.68;1120525.79
2104305;10635.0;903.35;503963.59
2104404;17482.0;2488.49;1356560.26
2104503;10205.0;1352.58;758486.22
2104552;15895.0;1569.14;884774.35
2104602;15991.0;2113.09;1200670.75
2104628;7337.0;929.56;491990.35
2104651;11921.0;1287.16;740095.2
2104677;25401.0;2199.76;1097844.51
2104701;6140.0;799.54;509126.98
2104800;62093.0;5289.53;2977914.96
2104909;12081.0;1696.06;1071416.83
2105005;26189.0;2187.69;1166625.37
2105104;25145.0;3034.97;1548670.62
2105153;12550.0;1330.54;703627.42
2105203;11041.0;1784.93;979300.85
2105302;247505.0;22349.73;15545183.18
2105351;14297.0;1373.84;680552.55
2105401;62110.0;6028.98;3249500.72
2105427;24863.0;2317.53;1283472.6
2105450;8526.0;896.53;489680.32
2105476;15440.0;1384.0;742476.03
2105500;20381.0;2432.73;1305657.4
2105609;15433.0;2042.27;1120428.14
2105658;4020.0;440.83;224993.26
2105708;46083.0;5536.6;3062653.62
2105807;10729.0;1258.4;740944.7
2105906;15412.0;1912.09;1013412.72
2105922;10934.0;1262.62;726331.01
2105948;7794.0;1170.5;655101.64
2105963;10517.0;1073.81;558802.39
2105989;6923.0;855.56;446104.97
2106003;11423.0;1779.26;1075222.71
2106102;11390.0;1463.35;836445.13
2106201;6510.0;626.93;353209.57
2106300;17587.0;1748.66;968627.04
2106326;19155.0;1988.43;1121480.52
2106359;8051.0;566.35;266543.27
2106375;14065.0;1194.43;651770.32
2106409;15150.0;1402.9;786119.55
2106508;21885.0;2916.5;1675825.93
2106607;31015.0;3849.37;2123682.37
2106631;13794.0;902.71;471792.55
2106672;8118.0;836.97;452731.28
2106706;20452.0;2190.64;1230954.89
2106755;24427.0;2051.09;1089518.32
2106805;14218.0;1667.86;976852.21
2106904;31738.0;3221.74;1704664.19
2107001;9413.0;1259.95;690692.52
2107100;17783.0;1632.21;835508.6
2107209;12464.0;1019.68;552087.55
2107258;4885.0;514.38;292691.13
2107308;4590.0;671.16;363108.8
2107357;19134.0;2193.44;1163165.42
2107407;18601.0;2353.53;1284062.44
2107456;13181.0;1326.71;728666.3
2107506;105121.0;7163.75;5221809.4
2107605;18764.0;2004.02;1135851.78
2107704;20103.0;2790.17;1480858.84
2107803;34586.0;3915.62;2138801.17
2107902;17562.0;2251.76;1271558.28
2108009;18067.0;2200.31;1284991.9
2108058;14519.0;1426.24;781026.6
2108108;20079.0;2535.43;1310803.11
2108207;39448.0;5186.7;3132694.42
2108256;22732.0;2001.34;1036225.48
2108306;34267.0;3658.77;2080785.85
2108405;13803.0;1830.58;1073695.35
2108454;21201.0;2548.91;1456990.28
2108504;31152.0;3762.62;2246391.65
2108603;78162.0;9075.31;5186351.78
2108702;22016.0;2918.9;1597214.09
2108801;17381.0;1917.96;1062916.68
2108900;19708.0;2720.17;1525859.09
2109007;21530.0;2199.24;1356325.59
2109056;6030.0;804.58;437337.85
2109106;44731.0;4871.26;3020285.34
2109205;11541.0;947.73;507982.14
2109239;6374.0;667.23;378439.53
2109270;17165.0;1569.14;830007.15
2109304;10717.0;1025.96;510827.24
2109403;13954.0;1375.12;797997.72
2109452;26327.0;1833.08;976482.22
2109502;20209.0;2615.63;1347295.88
2109551;7318.0;827.45;461388.36
2109601;39576.0;3879.51;2382865.51
2109700;5487.0;683.77;451148.89
2109759;7061.0;778.16;403556.56
2109809;39110.0;3999.59;2175335.15
2109908;77282.0;8265.83;4616606.79
2110005;74043.0;7797.46;4108358.78
2110039;22644.0;2505.96;1386554.63
2110104;29191.0;3324.05;1746351.98
2110203;32366.0;3091.85;1716512.17
2110237;11661.0;1368.05;731378.71
2110278;13820.0;1057.26;563130.04
2110302;14288.0;1694.49;915127.58
2110401;17799.0;1981.18;1063915.07
2110500;40736.0;4696.36;2678252.62
2110609;26476.0;2882.45;1509787.72
2110658;6983.0;797.94;443678.65
2110708;33607.0;4111.41;2242186.5
2110807;4702.0;718.83;395506.03
2110856;10261.0;858.77;446357.42
2110906;12146.0;1790.58;1022468.98
2111003;19920.0;2637.03;1441307.94
2111029;12309.0;1038.46;553062.75
2111052;10814.0;1341.84;731130.48
2111078;17238.0;2110.54;1087428.97
2111102;24928.0;3334.1;2402021.52
2111201;163045.0;10494.48;8176895.44
2111250;7496.0;959.74;510744.32
2111300;1014837.0;83760.49;97930467.17
2111409;20153.0;2455.27;1326204.9
2111508;39093.0;4826.04;2820529.0
2111532;12028.0;1213.89;687475.66
2111573;4425.0;495.17;296080.99
2111607;17474.0;2134.97;1349100.25
2111631;6090.0;641.22;352470.98
2111672;5957.0;579.9;293557.4
2111706;20863.0;2582.36;1450982.29
2111722;11990.0;1037.52;511102.65
2111748;10256.0;1268.92;692375.2
2111763;17998.0;2362.45;1318694.06
2111789;10940.0;1082.14;551952.79
2111805;17002.0;1839.6;1026955.24
2111904;10444.0;1354.27;801730.25
2111953;4613.0;682.63;416337.8
2112001;7796.0;841.28;461719.41
2112100;27997.0;3064.91;1641517.1
2112209;155460.0;14098.74;9080199.04
2112233;18953.0;2528.64;1370652.62
2112274;5596.0;558.79;279320.14
2112308;39183.0;4634.33;2452910.17
2112407;33933.0;3178.81;1701292.64
2112456;22846.0;1977.99;1022382.02
2112506;52788.0;6106.29;3646421.37
2112605;24573.0;2098.47;1102981.66
2112704;49412.0;4780.43;2470264.56
2112803;49496.0;5886.44;3453800.02
2112852;11258.0;1047.48;557343.85
2112902;31217.0;3443.96;1916399.33
2113009;31658.0;4123.65;2341695.55
2114007;50173.0;5365.47;3149673.27
2200053;6749.0;1005.6;576673.57
2200103;5098.0;968.99;544094.03
2200202;16451.0;2420.06;1614473.41
2200251;7341.0;1234.35;722539.15
2200277;5153.0;793.53;456818.05
2200301;13646.0;2036.02;1213683.35
2200400;38822.0;5008.09;3073643.31
2200459;5050.0;612.05;356177.35
2200509;17135.0;2757.98;1693277.43
2200608;6672.0;1215.1;752078.78
2200707;9098.0;1040.51;576231.39
2200806;3039.0;403.14;243465.94
2200905;5779.0;932.57;562063.81
2200954;2440.0;480.08;268366.28
2201002;4688.0;612.9;354262.02
2201051;7503.0;979.73;523843.47
2201101;11067.0;1629.16;921353.91
2201150;10516.0;787.09;433846.92
2201176;3852.0;592.47;317069.62
2201200;44850.0;5333.92;3081779.0
2201309;3234.0;469.83;306045.69
2201408;6607.0;1075.36;610688.16
2201507;25774.0;3520.24;2098497.69
2201556;3778.0;482.15;281601.27
2201572;3284.0;480.91;251532.91
2201606;9911.0;1579.78;1036606.01
2201705;5319.0;782.67;520258.59
2201739;6015.0;652.33;355913.93
2201770;6296.0;662.46;371775.9
2201804;4369.0;687.65;430666.67
2201903;22629.0;2100.2;1279256.47
2201919;5304.0;578.13;385619.39
2201929;5393.0;893.61;501250.11
2201945;6193.0;959.24;514124.19
2201960;7966.0;1116.59;721953.0
2201988;3850.0;569.06;333946.19
2202000;19074.0;2451.17;1430593.81
2202026;7974.0;1094.18;637624.65
2202059;9928.0;1430.52;838686.41
2202075;3343.0;498.57;267939.82
2202083;7163.0;710.95;448609.6
2202091;5671.0;809.28;517823.42
2202109;5408.0;830.87;483536.29
2202117;4693.0;535.37;298663.7
2202133;5592.0;863.98;484122.34
2202174;6803.0;687.99;379518.01
2202208;45177.0;6408.14;4131957.6
2202251;3921.0;446.92;247126.37
2202307;20020.0;2953.72;1784436.18
2202406;10953.0;1555.16;939278.8
2202455;3878.0;570.48;315229.25
2202505;10212.0;1068.12;610731.17
2202539;5525.0;670.91;373796.66
2202554;4826.0;568.0;325800.13
2202604;18336.0;2640.64;1572709.17
2202653;5039.0;500.29;281911.06
2202703;26036.0;3227.55;1861982.57
2202711;4525.0;654.28;347092.32
2202729;5572.0;705.42;415598.58
2202737;3811.0;555.73;321782.79
2202752;6036.0;843.12;513789.76
2202778;7433.0;1073.97;616552.59
2202802;4475.0;765.83;432938.8
2202851;4541.0;702.84;404733.03
2202901;25407.0;2961.95;1974812.54
2203008;7831.0;963.8;534651.94
2203107;9981.0;1277.52;793500.62
2203206;10761.0;1440.85;905606.52
2203230;4704.0;639.12;355870.06
2203255;4183.0;487.09;261006.29
2203271;4869.0;482.46;272220.38
2203305;13278.0;1652.38;1079618.26
2203354;6675.0;985.72;644770.57
2203404;6569.0;1007.86;645781.24
2203420;4264.0;584.02;384622.06
2203453;9245.0;1443.32;809505.17
2203503;14512.0;2638.57;1492269.39
2203602;4665.0;824.07;488163.72
2203701;37767.0;4779.08;2880019.95
2203750;5074.0;607.6;337511.62
2203800;4366.0;702.87;386552.27
2203859;2482.0;461.74;272121.87
2203909;57690.0;6908.16;4908941.89
2204006;5235.0;883.39;502401.93
2204105;4477.0;884.4;541033.14
2204154;2879.0;429.18;252791.37
2204204;8592.0;1244.96;739348.49
2204303;11117.0;1506.6;990546.39
2204352;5475.0;753.89;427412.8
2204402;10402.0;1072.68;684904.85
2204501;10268.0;1207.73;839752.85
2204550;4401.0;409.94;220084.3
2204600;3771.0;518.21;286692.35
2204659;8914.0;1084.7;629692.28
2204709;14845.0;1878.39;1072126.42
2204808;9327.0;1488.44;904799.3
2204907;8221.0;1164.2;1219612.13
2205003;11109.0;2190.65;1282661.17
2205102;10678.0;1790.61;1161943.75
2205151;5722.0;743.45;394696.84
2205201;18035.0;2532.1;1494994.62
2205250;4309.0;608.28;351093.53
2205276;4656.0;834.75;462511.28
2205300;4390.0;658.37;380949.42
2205359;2960.0;437.13;238057.72
2205409;13817.0;1603.26;845785.32
2205458;5100.0;570.75;282645.3
2205508;37085.0;5091.02;3070939.4
2205516;4757.0;633.86;376329.44
2205524;5373.0;810.2;459633.71
2205532;4517.0;601.0;334133.94
2205540;2656.0;468.28;252924.87
2205557;8008.0;1128.58;644523.05
2205565;4523.0;638.37;355806.34
2205573;6422.0;921.48;513128.6
2205581;3863.0;463.02;255387.6
2205599;4850.0;718.21;397712.26
2205607;5281.0;864.01;515597.34
2205706;28406.0;2774.66;1829597.67
2205805;24721.0;3176.89;1894718.42
2205854;7816.0;820.91;415466.01
2205904;5213.0;795.56;447572.36
2205953;7812.0;803.87;562587.94
2206001;4456.0;688.67;410855.07
2206050;6220.0;1061.41;583592.52
2206100;10473.0;1233.88;717370.94
2206209;32289.0;3912.89;2319122.1
2206308;1253.0;148.52;118969.02
2206357;6769.0;827.48;457871.19
2206407;10333.0;1529.96;903842.04
2206506;7391.0;1172.04;732799.17
2206605;10345.0;1280.01;802467.27
2206654;4068.0;466.94;244655.39
2206670;6499.0;709.95;424340.5
2206696;8464.0;972.16;503735.04
2206704;7321.0;1304.33;774040.13
2206720;8068.0;1021.6;636397.82
2206753;4556.0;845.48;455631.15
2206803;8206.0;981.3;575901.84
2206902;6498.0;1224.47;759474.55
2206951;3260.0;545.06;296018.9
2207009;35640.0;4950.51;3155735.54
2207108;2626.0;422.89;250264.93
2207207;6657.0;1093.41;639590.68
2207306;4059.0;635.87;376894.53
2207355;3363.0;625.07;350964.51
2207405;4993.0;596.24;347033.03
2207504;13745.0;1747.45;1005017.36
2207553;4147.0;643.0;336469.9
2207603;10276.0;998.82;589866.52
2207702;145705.0;17134.1;14536954.43
2207751;4546.0;619.78;347124.16
2207777;6105.0;1104.31;609702.25
2207793;3757.0;470.98;270976.53
2207801;19785.0;2633.64;1583328.05
2207850;3663.0;521.17;315740.28
2207900;37496.0;5223.16;3094221.22
2207934;2407.0;292.21;156227.53
2207959;4187.0;574.22;321218.26
2208007;73414.0;8379.55;6396674.41
2208106;11733.0;1687.85;936621.84
2208205;17671.0;2483.09;1422224.12
2208304;27553.0;3668.97;2378072.12
2208403;61834.0;8195.31;6114337.22
2208502;11897.0;1225.62;734936.53
2208551;2559.0;285.79;176082.26
2208601;3085.0;597.96;323655.35
2208650;8553.0;1130.56;637785.41
2208700;8400.0;1067.85;679915.24
2208809;17556.0;2549.18;1459855.11
2208858;4241.0;444.4;245881.09
2208874;4263.0;450.43;252632.41
2208908;6845.0;736.99;437604.67
2209005;6273.0;1031.76;620322.17
2209104;6027.0;996.88;571101.97
2209153;3794.0;565.08;326164.33
2209203;6096.0;695.55;404020.56
2209302;5513.0;694.17;399760.02
2209351;4917.0;818.51;478177.46
2209377;5149.0;758.11;438413.17
2209401;6007.0;1090.51;646789.08
2209450;2059.0;299.24;175226.26
2209500;3648.0;567.18;347533.75
2209559;4313.0;689.79;398928.22
2209609;3069.0;486.94;306464.8
2209658;5567.0;676.21;368441.19
2209708;6298.0;1000.05;658250.78
2209757;2825.0;345.86;198694.08
2209807;4754.0;727.51;418270.38
2209856;4445.0;879.6;523711.76
2209872;5608.0;740.95;438500.82
2209906;6157.0;1058.84;621926.85
2209955;4651.0;714.38;405958.38
2209971;7336.0;999.0;557196.07
2210003;19548.0;2615.58;1853887.42
2210052;5148.0;604.15;341070.55
2210102;3700.0;562.37;356440.39
2210201;6591.0;1123.73;638562.23
2210300;5675.0;980.1;568276.05
2210359;4427.0;769.87;472161.7
2210375;2561.0;432.84;262155.58
2210383;2110.0;409.66;237495.45
2210391;2976.0;370.76;202349.69
2210409;18134.0;2424.83;1316347.85
2210508;13639.0;1922.14;1251498.38
2210607;32327.0;3793.85;2401298.06
2210623;3560.0;370.1;203377.66
2210631;4116.0;563.44;305024.38
2210656;9619.0;1410.78;815057.25
2210706;14180.0;1727.84;1060390.08
2210805;12077.0;1747.73;1187035.03
2210904;4522.0;597.9;353490.42
2210938;6229.0;1056.52;640638.9
2210953;2753.0;360.3;192541.31
2210979;2620.0;366.1;218677.09
2211001;814230.0;78787.0;84142801.61
2211100;42654.0;5482.19;3002512.35
2211209;20149.0;2167.7;1290140.7
2211308;20326.0;3629.31;2433276.97
2211357;4913.0;634.1;364811.65
2211407;4336.0;767.04;445379.35
2211506;2986.0;448.54;248980.27
2211605;3076.0;518.93;271930.34
2211704;4280.0;588.23;330015.33
2300101;10496.0;1602.96;892484.09
2300150;15338.0;1817.54;1056496.61
2300200;57551.0;6641.68;4021142.33
2300309;51160.0;8795.4;4949522.98
2300408;16203.0;2513.63;1430958.84
2300507;10771.0;1564.22;891524.53
2300606;6856.0;1361.08;784332.5
2300705;16359.0;2548.48;1415711.49
2300754;39232.0;4674.14;2543023.76
2300804;6984.0;1318.49;760258.25
2300903;13925.0;2111.25;1261810.3
2301000;72628.0;6853.9;4472801.14
2301109;69159.0;8280.68;5239569.13
2301208;25391.0;3868.65;2301133.25
2301257;10491.0;1797.44;952604.39
2301307;20685.0;2700.3;1551840.13
2301406;11529.0;1637.76;994082.9
2301505;7650.0;1256.49;722996.41
2301604;22445.0;3994.97;2265196.36
2301703;24566.0;4528.34;2684515.76
2301802;6026.0;1153.73;676746.87
2301851;17315.0;2485.7;1503139.88
2301901;55323.0;7429.97;4809764.99
2301950;19573.0;2738.53;1532360.52
2302008;21514.0;3674.65;2195721.62
2302057;14476.0;1687.0;900494.09
2302107;33321.0;4623.84;2669719.74
2302206;49311.0;6659.45;4012376.51
2302305;30878.0;3919.35;2253738.5
2302404;52498.0;8849.22;4970031.4
2302503;45193.0;5733.14;3355030.44
2302602;60158.0;5753.95;3607915.95
2302701;26506.0;4357.16;2534588.77
2302800;74473.0;9998.94;6044927.86
2302909;17062.0;2342.49;1278531.91
2303006;20020.0;2308.24;1262883.12
2303105;18347.0;2945.93;1703243.4
2303204;26393.0;4014.04;2257752.73
2303303;18567.0;3606.31;2154019.93
2303402;16746.0;2467.0;1446088.28
2303501;66142.0;8334.55;4810904.16
2303600;18745.0;2720.29;1454280.63
2303659;9952.0;1548.95;894929.47
2303709;325441.0;25140.27;16854668.26
2303808;24527.0;4832.48;2821014.31
2303907;12615.0;1377.26;748461.05
2303931;12853.0;1873.89;1005055.25
2303956;18915.0;2171.59;1290468.94
2304004;21954.0;2879.82;1657416.65
2304103;72812.0;11515.64;7791371.04
2304202;121428.0;15183.12;12035913.77
2304236;17069.0;2610.59;1438648.29
2304251;22479.0;3136.47;1748271.49
2304269;9095.0;1806.49;1043042.51
2304277;6840.0;1132.07;611956.83
2304285;46033.0;3310.94;3152526.72
2304301;19007.0;3214.99;1845062.93
2304350;21786.0;2442.83;1472259.82
2304400;2452185.0;235627.81;278349309.56
2304459;14817.0;1993.45;1264029.99
2304509;12991.0;1727.29;1026539.19
2304608;6218.0;852.31;514092.02
2304657;15049.0;2454.65;1397211.47
2304707;52645.0;6113.09;3435171.54
2304806;4629.0;667.28;371505.9
2304905;10228.0;1727.79;1043153.93
2304954;24091.0;2639.11;1456321.97
2305001;37775.0;5134.26;2885262.52
2305100;4164.0;460.04;263441.21
2305209;19325.0;3401.96;1982309.01
2305233;55187.0;4817.59;2801876.91
2305266;12922.0;2028.33;1152838.45
2305308;23808.0;3659.49;2151702.86
2305332;11335.0;1722.13;880487.55
2305357;18392.0;2173.17;1242225.19
2305407;65456.0;9818.43;5984209.97
2305506;96495.0;13658.64;8836513.24
2305605;25573.0;4543.68;2829514.1
2305654;11343.0;1972.88;1109861.13
2305704;12009.0;2085.37;1377921.37
2305803;40296.0;6435.46;3936000.9
2305902;37862.0;6077.03;3442581.18
2306009;13722.0;2482.06;1481686.83
2306108;22324.0;2587.22;1458743.79
2306207;7316.0;1246.03;740254.06
2306256;35817.0;2888.02;1755431.27
2306306;48350.0;5402.77;3393341.8
2306405;116065.0;13659.81;7841156.4
2306504;18626.0;2651.76;1461786.76
2306553;37471.0;3756.63;2125125.19
2306603;18894.0;2693.51;1389631.66
2306702;17863.0;3279.4;1775124.96
2306801;10399.0;1618.7;901020.13
2306900;34409.0;5574.64;3343761.45
2307007;32236.0;4337.18;2578666.52
2307106;26688.0;4038.17;2348771.17
2307205;7660.0;1124.36;643852.32
2307254;17002.0;1593.15;914577.41
2307304;249939.0;26576.05;17774157.49
2307403;23807.0;4082.04;2229782.35
2307502;31090.0;5419.66;3264228.52
2307601;56264.0;8073.59;5088338.67
2307635;18088.0;2554.77;1531657.19
2307650;209057.0;16164.18;10342851.88
2307700;113561.0;10459.46;6385357.01
2307809;24703.0;2608.23;1498728.2
2307908;10214.0;1196.61;681324.26
2308005;35191.0;3846.36;2167346.63
2308104;44240.0;6229.06;3775991.67
2308203;13693.0;1959.7;1136257.34
2308302;28316.0;4520.04;2804022.04
2308351;13086.0;2672.96;1567911.76
2308377;12800.0;1650.63;914710.52
2308401;34274.0;4800.31;2982366.57
2308500;42690.0;7414.93;4170370.15
2308609;16705.0;2504.17;1417374.32
2308708;62065.0;9832.41;6034097.38
2308807;8070.0;947.8;541638.97
2308906;20700.0;2721.79;1470115.65
2309003;14102.0;2321.93;1395077.87
2309102;11485.0;1485.23;830219.48
2309201;14256.0;1933.75;1118511.5
2309300;30965.0;5265.43;3208454.34
2309409;27453.0;4023.48;2422007.98
2309458;24007.0;3870.59;2237875.23
2309508;21389.0;4138.32;2523403.11
2309607;61838.0;6105.35;3657327.21
2309706;72299.0;6301.07;4457255.55
2309805;11607.0;1628.37;913804.97
2309904;5986.0;977.52;601161.05
2310001;8866.0;1622.21;968917.16
2310100;12005.0;1817.78;1045936.99
2310209;31636.0;3523.72;2364966.89
2310258;30041.0;3310.84;2017953.93
2310308;31309.0;5296.06;2897994.48
2310407;11308.0;1438.89;826632.23
2310506;41890.0;7315.93;4099141.99
2310605;8226.0;866.84;506706.55
2310704;35400.0;4172.99;2806639.07
2310803;15757.0;2608.15;1467280.7
2310852;18683.0;2350.59;1415446.48
2310902;15467.0;2796.12;1634892.27
2310951;10216.0;1639.89;965863.75
2311009;12001.0;1923.96;1041348.84
2311108;15061.0;2425.99;1332125.07
2311207;10276.0;1586.57;875092.25
2311231;6126.0;990.26;553389.25
2311264;19921.0;2872.67;1576547.89
2311306;80604.0;10580.9;6470729.97
2311355;15000.0;2701.65;1596675.33
2311405;71887.0;10816.88;6553700.71
2311504;19412.0;2781.14;1608502.23
2311603;26415.0;4160.57;2389541.69
2311702;19455.0;3308.89;2025492.76
2311801;69833.0;9774.52;6387548.56
2311900;15752.0;2580.8;1477777.22
2311959;15453.0;1868.84;1012888.23
2312007;29946.0;3494.46;1901038.39
2312106;17170.0;2373.71;1384579.2
2312205;42763.0;6207.48;3501321.49
2312304;44178.0;6286.95;3629948.2
2312403;43890.0;4522.08;2696962.66
2312502;7900.0;1776.33;1170001.15
2312601;12332.0;1599.99;958831.84
2312700;26469.0;4934.4;2953412.63
2312809;6852.0;885.1;488222.91
2312908;188233.0;17026.27;11865874.88
2313005;17665.0;3509.81;2107143.39
2313104;29204.0;4474.94;2910361.86
2313203;25451.0;4198.06;2251145.6
2313252;8910.0;1434.41;775354.99
2313302;55716.0;9322.7;5567572.27
2313351;16827.0;2142.13;1203042.54
2313401;68892.0;6894.87;4909732.72
2313500;51422.0;5969.57;3522294.77
2313559;14408.0;1986.75;1147411.78
2313609;31787.0;3990.14;2474673.08
2313708;7545.0;1489.4;855734.25
2313757;18802.0;2237.81;1321676.69
2313807;19765.0;2127.27;1285612.84
2313906;12883.0;1662.29;940689.6
2313955;17593.0;2528.28;1560185.5
2314003;38434.0;6564.6;4118159.91
2314102;54955.0;6862.82;4113906.34
2400109;11035.0;1844.32;1264096.75
2400208;53227.0;6477.79;4568860.45
2400307;10844.0;1668.22;1001373.22
2400406;2980.0;402.22;225538.55
2400505;13507.0;2546.88;1528497.57
2400604;4871.0;902.13;570781.48
2400703;12305.0;1393.57;881019.09
2400802;11549.0;1580.91;1097788.23
2400901;6907.0;1225.44;741272.79
2401008;34763.0;5379.42;3309848.16
2401107;25315.0;3391.33;2931827.67
2401206;12924.0;1598.43;1238341.85
2401305;9289.0;1514.51;888308.42
2401404;8573.0;1022.53;629923.89
2401453;24182.0;2713.0;1488548.06
2401503;3950.0;572.16;352326.79
2401602;5113.0;779.23;441892.91
2401651;2425.0;330.5;181675.21
2401701;9440.0;1393.95;831133.22
2401800;11577.0;1600.37;1014267.04
2401859;6016.0;810.91;501616.11
2401909;3308.0;513.33;303385.13
2402006;62709.0;8533.88;6301836.14
2402105;10266.0;1837.39;1179375.5
2402204;30916.0;2886.47;1780582.37
2402303;19576.0;3244.13;2051703.57
2402402;7429.0;1015.82;661517.97
2402501;9762.0;1178.81;751924.84
2402600;68141.0;8311.53;5574508.93
2402709;10916.0;1703.8;1144506.96
2402808;5405.0;936.1;565947.51
2402907;4772.0;754.58;479085.71
2403004;7967.0;1318.77;867049.41
2403103;42652.0;5971.04;4284539.74
2403202;6492.0;1134.97;669707.17
2403251;202456.0;17175.58;22148136.46
2403301;5231.0;1028.79;606266.37
2403400;5822.0;864.33;564834.65
2403509;10475.0;1548.19;889871.33
2403608;24569.0;2704.28;2888093.43
2403707;5734.0;1030.87;590324.75
2403756;2854.0;466.17;249867.63
2403806;8959.0;1683.35;1112218.17
2403905;2874.0;544.98;333483.7
2404002;4233.0;881.6;519403.71
2404101;2159.0;186.96;120595.75
2404200;22481.0;2230.53;1839991.31
2404309;12374.0;2088.48;1202750.96
2404408;9393.0;949.23;804470.64
2404507;12404.0;1225.08;701022.31
2404606;12171.0;1493.81;817286.17
2404705;13856.0;1514.5;838388.59
2404804;2077.0;405.43;259254.78
2404853;6932.0;843.03;502740.08
2404903;5564.0;986.43;605907.86
2405009;7925.0;1414.12;849313.97
2405108;6801.0;839.0;459824.25
2405207;5345.0;957.9;562406.76
2405306;9011.0;1319.47;765011.95
2405405;5522.0;810.64;481873.35
2405504;2607.0;430.48;262394.84
2405603;13506.0;1628.51;881653.9
2405702;12113.0;2390.09;1713310.13
2405801;32227.0;4003.81;2423613.75
2405900;2601.0;412.88;235208.31
2406007;5868.0;1260.7;847949.98
2406106;17692.0;3057.23;1827797.56
2406155;3582.0;541.32;300527.66
2406205;6227.0;891.67;565603.36
2406304;6989.0;1006.02;571986.11
2406403;2668.0;405.23;250570.83
2406502;13983.0;1952.09;1125453.52
2406601;7564.0;1072.41;637314.18
2406700;10381.0;1318.92;839440.15
2406809;4612.0;815.96;495369.51
2406908;3633.0;632.41;391191.07
2407005;9610.0;1598.82;977863.16
2407104;69467.0;7393.47;6233905.3
2407203;28954.0;3749.17;2682327.57
2407252;3536.0;761.18;467379.12
2407302;8265.0;1480.97;861643.34
2407401;8218.0;1702.57;1106874.83
2407500;10441.0;1317.28;871348.0
2407609;4188.0;683.86;488120.38
2407708;11413.0;1670.79;976950.36
2407807;20685.0;2703.44;1573891.66
2407906;2261.0;302.51;192517.39
2408003;259815.0;28789.84;22131559.78
2408102;803739.0;91937.81;133441649.21
2408201;23784.0;2448.48;1831388.62
2408300;35490.0;5463.38;3322548.12
2408409;4295.0;910.04;519028.27
2408508;4699.0;966.6;617927.4
2408607;3952.0;713.61;398838.87
2408706;3859.0;694.57;420097.75
2408805;4845.0;698.54;414553.3
2408904;20354.0;3024.49;1902287.02
2408953;10059.0;945.66;561122.02
2409100;11100.0;1751.9;1050463.03
2409209;2895.0;423.3;256225.82
2409308;11964.0;2288.27;1528146.7
2409332;4762.0;587.22;320954.09
2409407;27745.0;4198.31;2823373.49
2409506;3521.0;463.31;250860.5
2409605;2590.0;373.49;220054.53
2409704;7171.0;1142.86;684734.46
2409803;14114.0;2144.62;1456393.32
2409902;13432.0;1757.75;1144819.72
2410009;3453.0;623.55;386439.91
2410108;13949.0;1874.58;1271821.19
2410207;7320.0;1264.81;798947.67
2410256;5217.0;471.16;268977.38
2410306;8768.0;1260.66;728014.9
2410405;8424.0;1141.39;671085.47
2410504;4692.0;783.45;490619.7
2410603;3063.0;439.38;287459.68
2410702;3165.0;502.07;276708.75
2410801;4156.0;855.85;482038.98
2410900;7067.0;1018.14;680893.92
2411007;4418.0;794.1;482582.03
2411056;3687.0;431.17;301134.81
2411106;3595.0;536.56;322914.47
2411205;35797.0;4493.48;2944794.52
2411403;13809.0;2378.59;1469794.94
2411429;2526.0;461.92;294912.04
2411502;22216.0;3603.72;2181669.41
2411601;2975.0;439.69;300922.06
2411700;3905.0;580.74;349888.6
2411809;3401.0;566.21;422666.74
2411908;3874.0;616.19;380862.52
2412005;87668.0;8536.53;5890076.01
2412104;5922.0;1231.96;915330.15
2412203;39776.0;4766.8;3172122.72
2412302;12356.0;1907.66;1108793.84
2412401;4231.0;607.0;422567.6
2412500;22157.0;3969.61;2284129.14
2412559;8670.0;1072.69;608817.17
2412609;15843.0;2340.6;1358695.97
2412708;6235.0;1060.39;644860.53
2412807;8111.0;1678.94;1010621.69
2412906;10827.0;1874.79;1078194.94
2413003;6028.0;994.07;703625.39
2413102;5637.0;800.93;451795.27
2413201;3924.0;380.41;214487.86
2413300;5743.0;947.16;594458.99
2413359;10287.0;1191.32;699887.74
2413409;7770.0;1265.6;750972.71
2413508;6581.0;1036.56;652314.88
2413557;4540.0;941.23;552158.6
2413607;5752.0;1081.59;620239.18
2413706;5020.0;775.79;445685.05
2413805;2317.0;333.5;204464.23
2413904;11836.0;1487.34;834125.05
2414001;14175.0;1892.68;1215822.38
2414100;9883.0;1652.72;881012.77
2414159;5406.0;712.86;422503.59
2414209;11385.0;1119.11;848337.19
2414308;2295.0;435.67;275540.28
2414407;31089.0;3891.02;2318282.16
2414456;3368.0;508.91;311243.45
2414506;10659.0;1907.3;1257244.54
2414605;12992.0;1885.13;1104091.15
2414704;5236.0;1009.69;645401.8
2414753;3821.0;488.5;304172.51
2414803;10719.0;1497.51;880147.58
2414902;1618.0;242.23;145514.91
2415008;2872.0;220.13;128948.54
2500106;9449.0;1402.95;868018.58
2500205;5530.0;1067.05;641386.95
2500304;28479.0;4435.2;2396592.3
2500403;19681.0;3123.3;1939495.86
2500502;13576.0;2135.2;1373161.77
2500536;5239.0;836.61;472325.11
2500577;2366.0;363.21;206962.99
2500601;18007.0;1866.81;1078242.45
2500700;18201.0;3474.37;2178584.92
2500734;2088.0;330.08;196703.34
2500775;7676.0;1508.09;824271.67
2500809;17224.0;3197.28;1891191.55
2500908;12653.0;2668.06;1620257.09
2501005;18879.0;2887.07;1704910.64
2501104;23829.0;3521.37;2368119.64
2501153;1927.0;258.38;148418.38
2501203;6470.0;1108.24;720237.34
2501302;19082.0;3231.06;1924423.65
2501351;3522.0;488.81;301305.79
2501401;8012.0;815.17;499802.74
2501500;21851.0;3165.73;2220902.7
2501534;4220.0;710.14;391887.36
2501575;8206.0;1545.12;911898.91
2501609;14157.0;2466.92;1409695.33
2501708;5611.0;828.07;527104.37
2501807;99716.0;10792.82;6943231.3
2501906;17093.0;3138.18;1820492.54
2502003;7143.0;1189.46;635152.02
2502052;3075.0;404.58;232426.46
2502102;5751.0;891.29;495388.35
2502151;6227.0;917.74;551531.44
2502201;2400.0;392.94;256610.49
2502300;5035.0;1115.73;615436.91
2502409;10804.0;1592.67;915054.47
2502508;16888.0;2666.7;1694783.77
2502607;6156.0;1130.63;683044.76
2502706;5111.0;779.03;444916.9
2502805;13123.0;1862.5;1202170.61
2502904;6198.0;1206.27;659635.57
2503001;20362.0;1566.09;945394.21
2503100;5035.0;915.45;611869.95
2503209;57944.0;5740.78;6456758.51
2503308;9546.0;1628.45;955349.15
2503407;3557.0;468.3;284479.39
2503506;16748.0;2744.91;1606855.22
2503555;6814.0;988.75;565619.11
2503605;7220.0;1278.87;807314.08
2503704;58446.0;8945.19;6411965.48
2503753;3033.0;459.74;257850.72
2503803;5637.0;892.02;526809.9
2503902;5749.0;1070.89;621224.13
2504009;385213.0;44418.43;41370799.35
2504033;5601.0;636.85;355785.04
2504074;3899.0;751.77;464969.37
2504108;2378.0;329.63;192463.78
2504157;7058.0;1093.81;616620.63
2504207;4812.0;760.1;426547.08
2504306;28759.0;4807.28;2924702.38
2504355;4543.0;725.16;397440.85
2504405;18363.0;2812.84;1744078.04
2504504;6584.0;1266.8;757580.08
2504603;21400.0;1838.24;1397225.24
2504702;4687.0;792.63;468767.34
2504801;15149.0;2387.5;1371355.09
2504850;1771.0;368.06;218168.25
2504900;16257.0;1814.31;1027115.86
2505006;6866.0;1042.82;604144.09
2505105;19978.0;3438.51;2022579.99
2505204;6889.0;1027.69;623167.69
2505238;6202.0;972.34;543097.54
2505279;5209.0;857.28;517112.96
2505303;2505.0;325.58;180306.25
2505352;4900.0;769.73;419914.61
2505402;7991.0;1289.0;727444.24
2505501;3512.0;576.76;332020.63
2505600;6616.0;960.41;542010.89
2505709;10517.0;1609.13;942420.0
2505808;3638.0;701.94;374278.53
2505907;3317.0;449.36;253147.62
2506004;31095.0;4712.76;3289860.81
2506103;11405.0;2031.05;1179592.28
2506202;2933.0;631.14;360449.68
2506251;8376.0;1374.24;767257.05
2506301;55326.0;7060.79;5010916.32
2506400;13872.0;2176.27;1217603.16
2506509;3159.0;563.93;324815.86
2506608;6031.0;1166.61;702199.47
2506707;11352.0;1539.44;881557.18
2506806;18180.0;3092.96;1981068.13
2506905;24481.0;3674.23;2486386.5
2507002;23192.0;3415.34;1962632.01
2507101;16997.0;2631.14;1449480.53
2507200;10201.0;1522.01;840794.05
2507309;13942.0;2314.91;1332347.12
2507408;7538.0;1431.59;812303.3
2507507;723515.0;81878.42;105866917.28
2507606;7459.0;1223.11;706678.66
2507705;16776.0;2156.42;1288769.18
2507804;6643.0;945.05;572131.41
2507903;10237.0;1459.46;869202.36
2508000;9826.0;1627.11;996717.41
2508109;4681.0;989.9;536290.23
2508208;7370.0;1230.12;671631.3
2508307;25900.0;3551.11;2402001.94
2508406;2841.0;519.57;278044.28
2508505;7164.0;1279.61;730722.64
2508554;3942.0;651.25;367465.92
2508604;11730.0;1233.73;841349.3
2508703;4019.0;658.14;372871.92
2508802;5613.0;799.24;507319.94
2508901;42303.0;4920.58;3237386.15
2509008;10759.0;1780.61;999908.51
2509057;7609.0;803.86;446212.41
2509107;21176.0;3779.01;2116771.59
2509156;6173.0;992.65;605511.32
2509206;12902.0;2099.5;1176456.59
2509305;7407.0;646.04;409777.93
2509339;4321.0;710.61;395337.85
2509370;2702.0;487.73;271453.61
2509396;5939.0;845.93;508704.43
2509404;12491.0;1947.89;1107058.62
2509503;4990.0;836.21;484096.11
2509602;4508.0;734.26;460445.84
2509701;30852.0;5122.17;3702167.17
2509800;9469.0;1624.76;928456.21
2509909;10566.0;1694.87;913784.89
2510006;7280.0;1331.67;773872.1
2510105;10533.0;1816.35;1085162.42
2510204;6070.0;940.69;580813.82
2510303;4361.0;737.43;454710.13
2510402;6931.0;965.81;530558.34
2510501;3627.0;564.07;321587.64
2510600;2928.0;528.65;359156.88
2510659;1256.0;249.11;153318.38
2510709;2233.0;355.36;208270.99
2510808;100674.0;10881.35;7462541.5
2510907;11788.0;1912.28;1047799.55
2511004;3721.0;548.68;326557.07
2511103;7475.0;1186.71;712497.42
2511202;27032.0;3451.44;1989651.31
2511301;15465.0;2308.04;1480083.57
2511400;18222.0;2923.53;1941384.82
2511509;11191.0;1586.22;974116.91
2511608;6978.0;984.2;651361.66
2511707;5155.0;775.46;425420.96
2511806;10326.0;1478.64;945543.23
2511905;17024.0;1549.62;981122.33
2512002;17032.0;2642.13;1627196.31
2512036;3751.0;539.72;293057.99
2512077;3978.0;801.26;458504.05
2512101;32110.0;5661.53;3229993.4
2512200;3854.0;701.89;430149.52
2512309;21283.0;3111.12;1822027.88
2512408;12923.0;1903.1;1183603.67
2512507;41049.0;5713.13;3408804.89
2512606;1699.0;228.51;155747.73
2512705;17581.0;2418.6;1558022.09
2512721;5765.0;1034.78;618316.05
2512747;3266.0;479.61;267475.14
2512754;4264.0;669.27;427038.05
2512762;4164.0;697.74;447990.16
2512788;1722.0;202.28;126107.29
2512804;8314.0;1375.0;761129.13
2512903;22976.0;3286.99;2045790.87
2513000;3508.0;475.09;258805.29
2513109;11976.0;2363.03;1359103.64
2513158;6658.0;1016.44;527833.7
2513208;6471.0;1389.51;807896.42
2513307;5369.0;1187.05;705303.97
2513356;3539.0;511.54;275765.53
2513406;14719.0;2220.76;1320174.13
2513505;5331.0;708.08;364285.35
2513604;7266.0;1341.59;767904.53
2513653;2615.0;440.17;245201.68
2513703;120310.0;13291.43;8207605.75
2513802;4581.0;787.67;434293.27
2513851;2638.0;597.44;372491.34
2513901;30879.0;3483.4;1900919.58
2513927;4138.0;819.57;504903.13
2513943;2420.0;450.4;280013.37
2513968;2855.0;540.43;310212.3
2513984;3364.0;682.28;395847.1
2514008;4344.0;960.84;641971.67
2514107;4396.0;787.93;438458.16
2514206;7564.0;1458.12;796446.64
2514305;6010.0;791.58;435229.78
2514404;4760.0;754.8;419794.62
2514453;5508.0;809.16;435444.8
2514503;19096.0;3349.03;2120971.67
2514552;4219.0;713.63;396531.25
2514602;3233.0;483.1;276533.9
2514651;1684.0;241.98;130752.14
2514701;4010.0;649.39;384985.03
2514800;3985.0;891.87;553315.68
2514909;7748.0;1621.82;1011628.27
2515005;6696.0;925.2;519288.14
2515104;11041.0;1752.7;1028016.59
2515203;3235.0;608.32;341304.5
2515302;50143.0;6329.78;3752657.82
2515401;10230.0;1412.28;814552.4
2515500;12973.0;2570.97;1720689.53
2515609;3204.0;512.89;350592.26
2515708;2975.0;452.28;259813.34
2515807;7050.0;1298.19;756189.99
2515906;6238.0;1073.68;635368.98
2515930;4395.0;827.76;450509.54
2515971;7373.0;1058.35;588328.28
2516003;26693.0;4523.82;2726394.31
2516102;13739.0;1975.42;1205066.18
2516151;3169.0;461.2;257770.99
2516201;65803.0;9136.69;5925057.18
2516300;16060.0;2611.94;1753003.58
2516409;10262.0;1579.41;864404.58
2516508;14936.0;2605.54;1505298.69
2516607;14103.0;2105.47;1198199.09
2516706;14153.0;1923.13;1154653.93
2516755;2813.0;393.85;221467.49
2516805;9220.0;1787.7;1034362.07
2516904;14584.0;2742.52;1603566.93
2517001;9298.0;1601.44;969018.57
2517100;2504.0;518.74;344304.86
2517209;5045.0;1064.68;569672.52
2517407;2075.0;384.11;239364.18
2600054;94429.0;10891.43;7669329.89
2600104;35088.0;5259.83;3610011.85
2600203;17586.0;2442.96;1425791.31
2600302;22679.0;3610.4;2017407.9
2600401;33095.0;3676.48;2028365.79
2600500;40235.0;5847.96;3301267.69
2600609;13759.0;2492.28;1525608.54
2600708;37415.0;4248.74;2671124.22
2600807;22353.0;3793.93;2259677.52
2600906;21939.0;2448.34;1446968.34
2601003;10202.0;1650.63;1044628.6
2601052;18156.0;1818.62;962341.04
2601102;77302.0;8618.56;4856879.56
2601201;68793.0;8462.56;6687775.86
2601300;12776.0;1345.42;820390.48
2601409;40732.0;4277.87;2567268.3
2601508;11353.0;1667.71;982969.41
2601607;20253.0;2632.25;1794548.02
2601706;72432.0;10027.45;6460291.88
2601805;12003.0;1964.42;1125410.05
2601904;58668.0;9831.1;6271511.09
2602001;35158.0;4361.76;2594434.81
2602100;45503.0;6552.06;3892030.6
2602209;37826.0;6511.52;3843398.35
2602308;37566.0;5283.37;3245808.24
2602407;8844.0;1377.89;788036.72
2602506;7307.0;1136.97;687422.59
2602605;45180.0;5413.26;3149356.74
2602704;12537.0;1659.83;970562.84
2602803;52105.0;6884.53;3945718.96
2602902;185025.0;18164.57;12812386.82
2603009;30873.0;3612.47;2109649.09
2603108;18819.0;3249.16;1931860.85
2603207;26577.0;3745.44;1973626.16
2603306;11125.0;1766.77;992968.41
2603405;5648.0;894.9;537011.87
2603454;144466.0;15029.0;10736665.42
2603504;17104.0;2181.71;1270943.81
2603603;8156.0;1117.12;673835.32
2603702;24521.0;3621.54;2071523.26
2603801;19593.0;2948.0;1589199.52
2603900;18574.0;3015.75;1834588.95
2603926;11782.0;1566.34;859195.45
2604007;74858.0;8936.26;6543569.27
2604106;314912.0;33152.67;25190176.81
2604155;13766.0;2216.85;1228627.27
2604205;37820.0;4584.87;2984288.3
2604304;10778.0;1505.38;841564.08
2604403;12404.0;1454.01;823460.21
2604502;20137.0;2789.53;2021974.48
2604601;24282.0;3027.26;1863966.24
2604700;17419.0;2451.51;1487081.3
2604809;12452.0;1233.66;699804.26
2604908;17183.0;3054.68;1879861.7
2605004;23390.0;3493.17;2122568.46
2605103;33855.0;4546.04;2801876.0
2605152;16917.0;2360.79;1322870.86
2605202;63517.0;6818.26;4188310.41
2605301;31636.0;4299.27;2592801.85
2605400;20571.0;3255.94;1894454.6
2605459;2630.0;82.29;106111.71
2605509;11430.0;1795.19;1023664.35
2605608;22169.0;3909.17;2307854.65
2605707;29285.0;3452.69;2136387.96
2605806;14293.0;3013.15;1850494.5
2605905;27912.0;2628.28;1581215.76
2606002;129408.0;14703.15;10875910.93
2606101;29019.0;3992.74;2302915.7
2606200;75644.0;8170.03;6575010.59
2606309;6855.0;1066.57;651087.75
2606408;76458.0;9675.81;6619011.1
2606507;18360.0;2443.93;1354268.12
2606606;26954.0;3123.93;1818481.1
2606705;7534.0;1391.71;798686.75
2606804;102021.0;10383.82;7291197.02
2606903;11779.0;2060.13;1465604.18
2607000;19081.0;1823.67;1078651.6
2607109;4496.0;737.64;467900.93
2607208;80637.0;6016.48;3982498.3
2607307;28120.0;3437.42;1948232.99
2607406;4369.0;550.56;334990.61
2607505;26256.0;4041.62;2237647.01
2607604;21884.0;1760.9;2452385.07
2607653;35398.0;3835.59;2319574.96
2607703;13881.0;2635.12;1859843.29
2607752;23769.0;2043.03;1261023.83
2607802;15692.0;1688.56;1036002.96
2607901;644620.0;64721.92;59623620.06
2607950;11501.0;1128.38;640284.12
2608008;15819.0;2445.47;1365872.27
2608057;13963.0;1787.59;1225517.87
2608107;30743.0;5048.58;2930708.19
2608206;15773.0;1600.38;917658.6
2608255;10604.0;1483.79;819120.91
2608305;13705.0;2121.88;1267666.12
2608404;14541.0;2458.08;1425628.67
2608453;16007.0;2017.06;1238526.72
2608503;20659.0;2814.93;1650219.76
2608602;12132.0;1897.6;1081348.32
2608701;15615.0;2401.95;1491613.7
2608750;22760.0;2208.92;1220063.18
2608800;36628.0;5867.51;3637897.6
2608909;55439.0;8713.69;5630777.54
2609006;23925.0;3389.61;2021511.26
2609105;13596.0;1830.5;1115497.22
2609154;18083.0;2064.71;1129578.1
2609204;12230.0;753.4;445626.53
2609303;14308.0;1736.72;956686.37
2609402;56696.0;6839.94;4800901.95
2609501;30796.0;4344.32;2886901.68
2609600;377779.0;47113.18;49649952.22
2609709;22878.0;3711.32;2135182.64
2609808;13180.0;1210.62;700354.96
2609907;64358.0;7897.4;4639936.95
2610004;59526.0;6107.21;3996687.38
2610103;8189.0;1338.09;761973.52
2610202;25645.0;4299.23;2385437.48
2610301;11001.0;1896.52;1102970.87
2610400;20224.0;2655.33;1632551.5
2610509;28628.0;4743.33;2897219.44
2610608;51357.0;4849.15;3911690.07
2610707;300466.0;34580.32;30257402.79
2610806;20944.0;2953.83;1763567.27
2610905;62931.0;9686.9;6349601.74
2611002;32492.0;3290.78;2268486.17
2611101;293962.0;23352.53;17588870.9
2611200;11242.0;1438.21;860417.42
2611309;24046.0;2921.35;1676500.61
2611408;13439.0;1408.95;824806.12
2611507;24186.0;3165.76;1720990.87
2611533;6739.0;974.15;559911.75
2611606;1537704.0;193948.85;248013420.91
2611705;19162.0;3076.72;1856205.39
2611804;44439.0;4954.18;3352819.34
2611903;22151.0;1990.63;1261442.79
2612000;11240.0;1803.96;1105482.95
2612109;9312.0;1474.05;816602.8
2612208;56629.0;7052.81;5152111.29
2612307;15309.0;2754.62;1636408.26
2612406;21955.0;3222.51;2154672.57
2612455;13594.0;2037.21;1107402.48
2612471;11768.0;1931.05;1111262.16
2612505;87582.0;5940.33;3561503.13
2612554;13371.0;2061.27;1143962.1
2612604;39435.0;4384.96;2347525.49
2612703;13021.0;2197.16;1288790.2
2612802;10991.0;1523.3;908601.44
2612901;13941.0;1660.85;936669.95
2613008;53242.0;7238.17;4013574.16
2613107;35274.0;4533.82;2744609.93
2613206;21312.0;3050.51;1821863.48
2613305;20488.0;3371.55;2304368.54
2613404;18180.0;1713.89;1254853.02
2613503;32617.0;4290.01;2615304.43
2613602;31829.0;5284.17;3526877.97
2613701;102895.0;11012.58;7768046.18
2613800;17000.0;2339.19;1330265.98
2613909;79232.0;9770.61;6534034.43
2614006;18331.0;2638.19;1505879.68
2614105;33787.0;4533.29;3026432.27
2614204;40296.0;3199.33;1876772.26
2614303;11132.0;1722.05;1004753.08
2614402;5744.0;870.13;508721.4
2614501;58515.0;9418.92;5463831.35
2614600;26427.0;4263.57;2580783.12
2614709;12725.0;2110.91;1221787.67
2614808;22068.0;2849.85;1617336.42
2614857;20715.0;1769.55;1438454.24
2615003;24903.0;3460.58;2435847.15
2615102;6737.0;1048.72;586638.83
2615201;9278.0;1136.88;720872.14
2615300;53825.0;6643.43;3971809.14
2615409;35554.0;2321.0;1375278.54
2615508;13055.0;1391.43;814472.0
2615607;26116.0;2779.77;1527785.4
2615706;15006.0;2638.93;1831394.85
2615805;24425.0;3132.9;1709414.28
2615904;7925.0;1682.97;1004316.22
2616001;16052.0;2295.69;1351737.79
2616100;9142.0;1457.32;880253.98
2616183;7873.0;1421.06;807530.28
2616209;18222.0;2836.74;1738578.27
2616308;30732.0;3088.38;1718634.49
2616407;129974.0;15185.52;10209558.47
2616506;14093.0;1300.19;775172.48
2700102;19377.0;2798.56;1628990.36
2700201;17424.0;2198.28;1310025.85
2700300;214006.0;22803.6;15318125.45
2700409;44322.0;3900.61;2458894.23
2700508;14230.0;1121.99;750507.27
2700607;7574.0;550.88;564428.66
2700706;17076.0;1939.09;1083725.08
2700805;4551.0;616.28;354906.81
2700904;7030.0;741.87;422729.36
2701001;25776.0;2196.65;1477226.09
2701100;10583.0;1165.52;616139.79
2701209;10195.0;1436.52;875299.4
2701308;20409.0;1824.21;1087320.14
2701357;6598.0;640.91;389234.99
2701407;50816.0;3871.79;2147569.17
2701506;9032.0;1080.28;579693.63
2701605;17250.0;2306.56;1289354.62
2701704;17077.0;1685.01;996347.4
2701803;8290.0;883.03;512652.47
2701902;7146.0;971.17;626171.77
2702009;10926.0;1593.8;902232.63
2702108;20019.0;1816.92;1120956.13
2702207;5526.0;648.56;499958.14
2702306;52130.0;4740.73;3053042.96
2702355;22641.0;2622.78;1507829.34
2702405;48096.0;6234.2;4046552.02
2702504;10880.0;1184.6;705914.45
2702553;17251.0;2956.41;1684448.06
2702603;21321.0;2846.19;1519669.17
2702702;4345.0;300.18;206773.76
2702801;12325.0;1102.78;604000.27
2702900;36600.0;4101.49;2244853.13
2703007;15149.0;1684.09;986541.63
2703106;25188.0;4178.11;2376379.03
2703205;23292.0;3278.52;3009567.71
2703304;17898.0;2114.91;1092429.91
2703403;5413.0;534.7;357932.29
2703502;6997.0;561.6;319249.21
2703601;7754.0;662.68;429608.69
2703700;5558.0;491.66;270140.12
2703759;12029.0;1080.17;648252.98
2703809;22575.0;1772.04;982203.28
2703908;4202.0;384.7;212077.53
2704005;23836.0;2652.87;1659831.42
2704104;18250.0;2303.35;1293294.94
2704203;26992.0;3216.63;1800374.52
2704302;932748.0;98061.93;112159779.92
2704401;18897.0;2654.83;1752390.64
2704500;28749.0;2087.46;1379863.09
2704609;10284.0;1226.53;712414.32
2704708;45977.0;4059.71;4361607.34
2704807;13619.0;2179.07;1416335.23
2704906;3652.0;553.0;320567.26
2705002;24698.0;3434.33;1957047.46
2705101;23785.0;2140.7;1324062.14
2705200;15682.0;1480.8;887500.3
2705309;5275.0;762.42;435342.32
2705408;6935.0;861.43;458416.54
2705507;26710.0;2733.3;1720941.38
2705606;12060.0;1122.06;602595.58
2705705;20364.0;2195.24;1339066.64
2705804;8491.0;994.85;565354.75
2705903;4957.0;564.18;330216.92
2706000;11047.0;1610.07;915193.85
2706109;10912.0;1394.81;825278.65
2706208;5112.0;615.46;384857.86
2706307;70368.0;10286.24;6933581.73
2706406;23811.0;2929.4;1712251.24
2706422;10264.0;1695.17;971717.27
2706448;11347.0;956.93;656556.76
2706505;14763.0;1264.7;744819.62
2706604;7426.0;1064.11;643620.55
2706703;60378.0;7209.2;4442608.32
2706802;17203.0;1905.98;1228495.56
2706901;33305.0;3054.25;2106452.12
2707008;2866.0;363.19;228666.0
2707107;23045.0;1976.39;1205490.11
2707206;13872.0;1525.17;835545.63
2707305;25708.0;2105.08;1296007.31
2707404;8429.0;699.55;533735.39
2707503;19334.0;2214.72;1270504.88
2707602;11480.0;1592.95;935399.62
2707701;68481.0;7683.31;5229735.05
2707800;6656.0;551.5;301837.77
2707909;6891.0;782.39;532414.95
2708006;44932.0;5183.95;3403697.27
2708105;10961.0;1551.23;804688.58
2708204;6718.0;725.13;486402.42
2708303;22686.0;2586.51;1529397.29
2708402;30088.0;3138.05;1709349.41
2708501;32412.0;2611.75;1769632.93
2708600;54577.0;4972.44;3407879.6
2708709;7163.0;716.35;440589.19
2708808;32010.0;3910.54;2160280.01
2708907;14603.0;1362.13;1178593.87
2708956;13047.0;1279.22;694686.03
2709004;6122.0;969.58;543729.11
2709103;19020.0;2814.55;1578253.98
2709152;41152.0;3369.97;1915337.74
2709202;25702.0;3033.59;1794397.5
2709301;62358.0;7624.58;4798856.7
2709400;25407.0;2971.88;1986699.64
2800100;2275.0;312.99;178047.85
2800209;20056.0;2973.84;1879547.49
2800308;571149.0;62300.57;95316010.5
2800407;10878.0;1122.46;650933.54
2800506;16857.0;1779.45;1135276.78
2800605;24976.0;1711.67;1462472.18
2800670;25533.0;3277.93;1840142.0
2800704;7742.0;758.84;442877.54
2801009;16749.0;2234.97;1576535.3
2801108;3956.0;511.18;408200.42
2801207;24686.0;2004.34;1065855.12
2801306;30761.0;3127.6;1993868.6
2801405;20007.0;2437.7;1418973.66
2801504;13503.0;1006.63;664455.06
2801603;5633.0;864.11;594558.6
2801702;16519.0;1463.9;803929.75
2801900;3813.0;615.82;395768.0
2802007;4326.0;402.33;224474.23
2802106;64409.0;7046.43;4808328.88
2802205;5324.0;688.35;424881.77
2802304;13874.0;1793.9;1122504.33
2802403;11405.0;1355.15;757401.31
2802502;2929.0;299.77;210350.42
2802601;5645.0;829.46;488359.25
2802700;8348.0;921.58;579531.66
2802809;15831.0;1393.29;805746.94
2802908;86967.0;9222.72;6269686.29
2803005;38910.0;4522.43;2697316.94
2803104;4972.0;874.56;601080.65
2803203;30419.0;3039.86;1854019.58
2803302;16864.0;1717.3;1013466.56
2803401;12938.0;1571.99;963106.36
2803500;94861.0;12503.48;8052043.31
2803609;26902.0;1973.38;1400491.3
2803708;6401.0;902.78;548983.3
2803807;3456.0;397.77;260440.33
2803906;12042.0;1574.96;1022529.93
2804003;16343.0;1299.38;900510.8
2804102;11001.0;1822.87;1051333.73
2804201;13627.0;1329.18;739993.58
2804300;7344.0;912.53;629096.41
2804409;18506.0;2283.34;1538634.71
2804458;8508.0;1167.58;640050.1
2804508;32497.0;3480.39;2149128.15
2804607;24580.0;3036.55;1810631.41
2804706;6238.0;746.69;457322.04
2804805;160827.0;10242.73;7575560.21
2804904;13137.0;1620.87;903998.54
2805000;2974.0;290.17;215256.89
2805109;8833.0;1045.8;614941.13
2805208;5973.0;844.54;527117.38
2805307;8369.0;751.26;457755.43
2805406;30880.0;3096.53;1659779.39
2805505;21983.0;3603.14;2093907.78
2805604;27146.0;3081.7;1890145.56
2805703;28451.0;3097.4;2220372.7
2805802;19386.0;2374.87;1374441.33
2805901;9355.0;811.71;555580.69
2806008;17173.0;2569.69;1568281.74
2806107;9221.0;696.75;514712.61
2806206;19365.0;2447.52;1823567.29
2806305;12969.0;1077.77;665360.25
2806404;7038.0;750.34;441657.82
2806503;3749.0;444.21;238240.86
2806602;11410.0;1262.98;960691.81
2806701;78864.0;6480.71;5098296.75
2806800;10271.0;1347.71;825168.4
2806909;3393.0;393.63;234899.0
2807006;3698.0;532.58;310299.84
2807105;38702.0;5649.37;3485919.41
2807204;8004.0;815.36;503702.92
2807303;2957.0;324.65;208290.31
2807402;48040.0;6488.82;3933879.69
2807501;12855.0;1584.25;862474.47
2807600;22434.0;2356.92;1444058.74
2900108;8316.0;1827.34;1102100.0
2900207;17064.0;2034.54;1149656.78
2900306;14653.0;1872.55;1195639.56
2900355;15702.0;2236.82;1236255.12
2900405;15731.0;2351.02;1391760.27
2900504;10859.0;1941.84;1194457.03
2900603;4602.0;584.59;333782.41
2900702;141949.0;16134.42;14103974.15
2900801;21271.0;2144.01;1337523.04
2900900;6357.0;727.23;424732.07
2901007;34351.0;5237.51;3442259.09
2901106;25190.0;2444.9;1772300.26
2901155;15961.0;2163.06;1131644.46
2901205;25516.0;4431.62;2515712.37
2901304;13960.0;1658.15;884696.48
2901353;14414.0;1738.88;1048782.34
2901403;14073.0;2082.07;1158878.92
2901502;10242.0;1679.3;931040.86
2901601;17072.0;2712.46;1624221.13
2901700;11554.0;1585.09;898555.73
2901809;11015.0;1657.56;1001735.63
2901908;17731.0;2257.1;1261769.79
2901957;7459.0;731.53;414796.16
2902005;13743.0;2271.39;1294161.77
2902054;11561.0;992.0;599082.41
2902104;51651.0;6328.79;3460230.77
2902203;10036.0;1096.54;704941.88
2902252;10392.0;871.73;478492.71
2902302;8599.0;1023.77;684942.23
2902401;13595.0;1247.15;679359.65
2902500;13850.0;1983.02;1178762.31
2902609;20060.0;2777.16;1584819.81
2902658;11814.0;1762.12;1043587.26
2902708;49325.0;5119.61;2949356.58
2902807;21187.0;2175.05;1271212.25
2902906;34788.0;3992.38;2137719.95
2903003;13987.0;2532.28;1586824.84
2903102;6313.0;619.9;383922.64
2903201;137427.0;9742.44;7438771.87
2903235;13612.0;2090.14;1227956.36
2903276;14191.0;1738.51;1060212.5
2903300;6453.0;780.54;456376.76
2903409;21798.0;1901.87;1153524.87
2903508;16021.0;2510.21;1429133.08
2903607;14836.0;2147.79;1176313.2
2903706;15411.0;2233.35;1239109.48
2903805;17991.0;2223.19;1162786.01
2903904;63480.0;6393.07;4118128.69
2903953;10113.0;1493.37;788274.86
2904001;13695.0;2151.27;1281488.23
2904050;14834.0;1455.73;849763.16
2904100;22037.0;3831.67;2247775.88
2904209;11154.0;1746.53;946525.95
2904308;14282.0;1951.89;1103460.55
2904407;11077.0;1789.69;993479.34
2904506;10717.0;2168.52;1305319.64
2904605;64602.0;8735.32;5762043.06
2904704;18605.0;2224.92;1497190.27
2904753;19600.0;2360.83;1198410.46
2904803;11420.0;1390.14;781927.61
2904852;17327.0;2436.31;1385971.06
2904902;32026.0;3918.23;3088538.63
2905008;22236.0;3712.47;2429717.76
2905107;10368.0;1528.09;878173.01
2905156;13639.0;1979.98;1067949.43
2905206;47515.0;6681.9;3914979.67
2905305;17209.0;2304.13;1327106.22
2905404;15374.0;1027.81;609758.69
2905503;12491.0;1900.51;1054790.17
2905602;31472.0;3202.35;1869166.05
2905701;242970.0;16680.74;14259033.56
2905800;35180.0;2983.66;1688111.82
2905909;28090.0;3798.42;2148779.82
2906006;66616.0;7985.42;4999945.91
2906105;9410.0;1504.52;853874.5
2906204;24067.0;3522.83;2036053.44
2906303;32336.0;3989.28;2622578.5
2906402;8895.0;1545.31;890466.68
2906501;83158.0;7420.44;5998146.59
2906600;13210.0;2151.84;1217466.6
2906709;27918.0;3541.3;1987075.89
2906808;32908.0;4587.91;2547225.04
2906824;15732.0;1962.91;1337843.28
2906857;11527.0;2119.31;1313298.56
2906873;26577.0;3437.92;1961237.57
2906899;10222.0;1943.75;1077789.59
2906907;21414.0;2226.05;2011445.22
2907004;8899.0;781.88;434970.41
2907103;28380.0;3272.15;1866309.03
2907202;64940.0;7899.87;4491664.37
2907301;25408.0;3593.01;2308188.52
2907400;2612.0;441.18;234774.68
2907509;51077.0;5319.12;4155861.74
2907558;8843.0;1561.48;887367.93
2907608;17013.0;2628.75;1479659.09
2907707;10734.0;1752.65;1190530.2
2907806;32300.0;5503.42;3394417.33
2907905;15755.0;1998.08;1226064.72
2908002;20964.0;2751.71;1826297.49
2908101;18153.0;2641.74;1478249.44
2908200;20391.0;2168.18;1473336.97
2908309;17889.0;2654.57;1575775.33
2908408;62040.0;7502.6;4397101.3
2908507;30123.0;3378.69;2303040.32
2908606;23620.0;2196.41;1435514.57
2908705;16898.0;3243.1;1875869.99
2908804;4663.0;631.22;403453.96
2908903;22401.0;3224.85;2047369.41
2909000;8168.0;1470.25;837082.49
2909109;14307.0;2216.66;1236658.45
2909208;17066.0;2303.71;1297031.21
2909307;31249.0;4338.94;2534770.56
2909406;13636.0;1733.1;1000537.71
2909505;5041.0;616.44;344313.29
2909604;20046.0;3046.17;1626544.68
2909703;13280.0;2078.46;1174186.74
2909802;58606.0;7077.53;5516549.46
2909901;32168.0;4484.72;2645946.7
2910008;12836.0;1242.16;678597.74
2910057;66440.0;4503.12;3677105.64
2910107;11355.0;1832.71;1048174.49
2910206;3874.0;671.8;385953.54
2910305;7947.0;1739.35;1057410.32
2910404;23766.0;2289.14;1294644.76
2910503;39872.0;3262.13;2128332.5
2910602;32802.0;3416.23;2056014.97
2910701;56289.0;8458.22;4839620.51
2910727;100196.0;7724.12;4776345.96
2910750;17652.0;2661.76;1557749.04
2910776;6184.0;893.33;478519.03
2910800;556642.0;53119.82;42891036.37
2910859;16740.0;2413.01;1404955.53
2910909;5384.0;761.33;492001.54
2911006;10660.0;1505.45;822351.6
2911105;22528.0;2245.38;1501280.26
2911204;30336.0;2919.69;1847062.12
2911253;4561.0;749.46;415880.5
2911303;10622.0;1852.55;1063203.76
2911402;15076.0;2187.07;1306354.02
2911501;8357.0;877.11;504827.01
2911600;19818.0;2914.25;1879680.63
2911659;10412.0;1865.69;1032348.7
2911709;78833.0;9177.67;5613945.24
2911808;22165.0;2674.73;1481850.77
2911857;13192.0;2127.13;1209178.85
2911907;25736.0;3069.19;1914717.79
2912004;10062.0;1775.08;1108250.3
2912103;24272.0;3522.27;2333291.29
2912202;17282.0;1320.57;753426.84
2912301;15785.0;2051.25;1267526.6
2912400;17008.0;2532.46;1475638.25
2912509;14171.0;2015.64;1159022.41
2912608;4866.0;623.98;343082.16
2912707;22598.0;2057.56;1080398.15
2912806;7956.0;947.32;615087.79
2912905;18943.0;2279.27;1300856.73
2913002;15508.0;2662.35;1523260.91
2913101;17840.0;2823.54;1682393.82
2913200;25424.0;3119.83;1959902.13
2913309;5255.0;921.35;585045.54
2913408;15205.0;2211.68;1297911.0
2913457;13343.0;1106.73;677717.97
2913507;25705.0;3506.0;1998385.71
2913606;184236.0;22324.4;19999101.89
2913705;36306.0;4151.95;2349253.91
2913804;15331.0;2266.18;1332254.64
2913903;44390.0;5211.23;3382653.79
2914000;59343.0;8458.36;4926864.95
2914109;9285.0;1775.79;1067053.9
2914208;7002.0;923.52;490576.72
2914307;11990.0;1318.93;751964.47
2914406;22601.0;2986.04;1741324.27
2914505;27466.0;4030.47;2591966.22
2914604;66181.0;6273.65;3923414.44
2914653;28390.0;2521.79;1322080.29
2914703;61631.0;7323.52;4633264.67
2914802;204667.0;22432.26;19027019.6
2914901;24318.0;1614.35;916522.32
2915007;14924.0;1920.84;1053422.46
2915106;13051.0;1209.56;657257.47
2915205;15193.0;1784.22;1021600.49
2915304;7110.0;848.22;474129.37
2915353;13209.0;1615.8;874806.2
2915403;7309.0;693.58;398322.09
2915502;21081.0;2595.19;1734323.5
2915601;63069.0;7677.93;4581949.03
2915700;7903.0;974.49;567063.37
2915809;23089.0;3097.71;1777095.44
2915908;7598.0;519.59;309384.5
2916005;20216.0;3096.13;1745838.5
2916104;20725.0;2119.59;1854684.53
2916203;10995.0;1284.92;729855.69
2916302;10495.0;960.61;521749.27
2916401;68273.0;7445.5;4851888.28
2916500;32261.0;3766.84;2038647.08
2916609;10207.0;1131.04;661559.24
2916708;7678.0;1089.61;614671.77
2916807;18539.0;2569.9;1502538.73
2916856;14522.0;1183.08;687771.46
2916906;12693.0;1941.37;1188191.96
2917003;36113.0;4473.82;2617734.76
2917102;19914.0;2711.65;1496817.91
2917201;18127.0;2568.81;1503017.06
2917300;26591.0;2780.79;1775891.88
2917334;10900.0;1183.57;649455.73
2917359;8973.0;1345.94;716188.96
2917409;13651.0;2556.97;1522323.77
2917508;79247.0;10688.86;6779904.51
2917607;51011.0;6047.11;3538437.31
2917706;30343.0;4594.76;2910819.01
2917805;16467.0;1909.95;1169839.96
2917904;10331.0;906.8;552634.79
2918001;151895.0;16118.04;11393332.46
2918100;37680.0;5198.59;2905705.45
2918209;14118.0;1911.41;1108230.31
2918308;14115.0;1595.39;933698.51
2918357;22549.0;2722.99;1511699.75
2918407;197965.0;17707.28;12859424.77
2918456;10290.0;1064.63;557810.81
2918506;15052.0;2132.99;1153662.96
2918555;6474.0;543.57;337397.05
2918605;8031.0;1786.7;1059111.1
2918704;3901.0;488.48;277679.47
2918753;13934.0;2102.82;1156664.85
2918803;22201.0;2879.8;1651038.02
2918902;3733.0;478.87;344592.97
2919009;3936.0;463.99;253985.11
2919058;8305.0;1199.61;680996.33
2919108;9560.0;1337.39;752828.8
2919157;25646.0;3048.37;1787152.54
2919207;163449.0;11648.0;13643661.16
2919306;10368.0;926.91;637909.83
2919405;12311.0;2069.54;1216574.27
2919504;42693.0;6072.86;3559254.88
2919553;60105.0;1736.29;2368563.45
2919603;11229.0;1713.6;935099.14
2919702;17093.0;2320.94;1378750.65
2919801;47051.0;6700.61;4119671.28
2919900;8073.0;1272.25;745188.61
2919926;17376.0;1359.9;1145420.75
2919959;7038.0;1272.76;722381.22
2920007;8782.0;1147.28;609031.4
2920106;19326.0;3379.62;1964636.76
2920205;16014.0;1722.54;912768.31
2920304;8468.0;1432.66;847403.79
2920403;14387.0;1860.78;988484.6
2920452;12592.0;1576.51;876161.34
2920502;24613.0;3947.09;2200758.41
2920601;42815.0;6044.14;4059038.14
2920700;19101.0;1430.4;1130006.12
2920809;10500.0;1310.1;692974.19
2920908;14640.0;1295.6;709975.66
2921005;40183.0;3316.39;2367961.47
2921054;11145.0;1602.47;864622.57
2921104;21560.0;2769.03;1512899.06
2921203;26475.0;4139.92;2802767.18
2921302;10306.0;1445.84;899118.28
2921401;16279.0;2326.05;1276505.58
2921450;10507.0;1552.89;822217.93
2921500;52338.0;6937.6;3710582.14
2921609;8280.0;1347.77;802112.48
2921708;35164.0;4737.85;2718391.17
2921807;12477.0;2047.61;1172942.67
2921906;10545.0;1335.46;840684.24
2922003;36026.0;2548.37;1640210.61
2922052;12249.0;1565.8;848016.65
2922102;24395.0;3435.0;2147230.85
2922201;7317.0;1083.35;635761.48
2922250;10272.0;949.51;508302.44
2922300;28899.0;4660.87;3041116.55
2922409;21449.0;3076.95;1806797.05
2922508;27274.0;3633.33;2435437.77
2922607;12530.0;1255.41;686582.99
2922656;12371.0;1849.44;1014145.87
2922706;16713.0;2557.61;1383821.62
2922730;7602.0;1264.06;708303.28
2922755;6648.0;670.5;491081.7
2922805;7435.0;897.01;484316.6
2922854;8034.0;1161.24;617270.18
2922904;24136.0;3716.52;2030723.53
2923001;38556.0;3440.29;2336347.42
2923035;10673.0;1713.93;959891.23
2923050;15051.0;1943.6;1098463.83
2923100;24943.0;3165.86;1937359.94
2923209;21831.0;3682.82;2049911.98
2923308;8298.0;1069.57;602985.78
2923357;16425.0;1680.74;864324.11
2923407;20775.0;2637.34;1391566.43
2923506;8410.0;1138.78;918919.79
2923605;21001.0;3178.76;1937026.34
2923704;29504.0;4129.82;2391489.4
2923803;27778.0;4385.81;2627227.4
2923902;10852.0;1103.18;645548.47
2924009;108396.0;13028.73;13542357.48
2924058;13752.0;2244.68;1222674.37
2924108;6876.0;1229.08;725934.23
2924207;16995.0;1764.34;934811.17
2924306;17982.0;3002.17;1766120.67
2924405;32860.0;4090.56;2138459.68
2924504;15628.0;2504.07;1395481.19
2924603;20121.0;2649.6;1500331.56
2924652;10342.0;1603.18;934061.62
2924678;9799.0;790.53;431873.5
2924702;12783.0;1929.43;1103573.04
2924801;22399.0;3578.32;2170448.31
2924900;8822.0;1367.79;748516.0
2925006;24481.0;3334.94;1803461.41
2925105;44701.0;6138.48;3587221.14
2925204;33066.0;2640.98;2015474.37
2925253;15742.0;2208.45;1344839.78
2925303;126929.0;6828.29;4870590.13
2925402;9810.0;1336.79;711768.96
2925501;27627.0;2811.6;1865177.22
2925600;13750.0;2144.6;1149471.1
2925709;13652.0;2237.17;1239149.96
2925758;23846.0;2497.13;1516398.21
2925808;24602.0;3484.27;2130968.79
2925907;27228.0;3777.93;2081486.22
2925931;9554.0;1589.15;881447.01
2925956;22874.0;3880.54;2153714.96
2926004;38957.0;4996.44;2900488.99
2926103;12055.0;1905.63;1152888.01
2926202;21937.0;3134.21;1666560.4
2926301;33172.0;5082.68;2919039.19
2926400;30646.0;4198.61;2396767.0
2926509;14276.0;2145.0;1210871.66
2926608;47518.0;7019.93;4257208.46
2926657;8602.0;1008.81;547811.14
2926707;13007.0;2690.84;1547905.44
2926806;14815.0;2347.86;1386137.1
2926905;11918.0;2002.44;1233295.99
2927002;37164.0;3968.7;2363340.31
2927101;7775.0;925.2;591564.94
2927200;29887.0;4134.19;2434726.2
2927309;13456.0;1354.53;982061.73
2927408;2675656.0;278463.15;327411116.77
2927507;19064.0;2947.15;1823176.26
2927606;15060.0;2200.22;1228329.94
2927705;26264.0;1535.58;997252.41
2927804;6673.0;726.98;434012.89
2927903;10363.0;1347.68;811532.26
2928000;33838.0;4508.35;2541816.53
2928059;13344.0;1409.84;750047.76
2928109;40309.0;5601.46;3282349.47
2928208;24750.0;3889.74;2337673.31
2928307;8776.0;1562.7;1059844.81
2928406;26250.0;3535.88;1984585.73
2928505;9648.0;1719.14;982760.64
2928604;57800.0;7045.85;4952953.84
2928703;90985.0;10745.17;7307297.33
2928802;47880.0;5921.83;3990093.2
2928901;27659.0;2658.26;1532773.78
2928950;9226.0;1528.38;908483.87
2929008;14098.0;1843.58;1177500.2
2929057;13048.0;1404.68;817051.74
2929107;20305.0;3173.23;1944083.84
2929206;33183.0;2632.69;1878376.89
2929255;18427.0;2494.75;1405332.65
2929305;33283.0;3750.69;2927745.31
2929354;5715.0;629.45;356667.84
2929370;10180.0;1707.32;972095.75
2929404;10414.0;1545.37;896725.19
2929503;42153.0;3954.92;2770443.62
2929602;16585.0;2304.76;1437530.1
2929701;18964.0;2675.68;1504591.5
2929750;11201.0;1530.91;1025668.59
2929800;11845.0;1794.56;1198421.42
2929909;41798.0;5381.42;3230359.36
2930006;10371.0;1476.75;767703.25
2930105;74419.0;9620.53;6450064.93
2930154;31638.0;4332.57;2328702.82
2930204;37425.0;4321.62;2383050.83
2930303;18112.0;2888.3;1652366.71
2930402;15401.0;2648.19;1471580.02
2930501;76762.0;8469.94;5926122.81
2930600;12344.0;2081.55;1207080.11
2930709;118047.0;8741.96;6807880.87
2930758;12050.0;1253.74;638476.13
2930766;12592.0;1899.87;1093054.22
2930774;22000.0;2684.8;1735866.07
2930808;15899.0;2255.35;1266485.33
2930907;11431.0;1787.76;991989.68
2931004;20013.0;3125.61;1834883.66
2931053;16128.0;2356.69;1373734.14
2931103;8008.0;1227.63;754036.88
2931202;18748.0;1666.22;996762.97
2931301;16516.0;1656.19;933249.5
2931350;138341.0;12238.01;8141494.85
2931400;7895.0;1157.09;673537.8
2931509;21482.0;2538.41;1538747.53
2931608;14836.0;1170.93;635650.8
2931707;12803.0;1661.51;991004.38
2931806;17029.0;3296.19;1837263.95
2931905;52418.0;7664.08;4650508.09
2932002;24294.0;4097.14;2352655.87
2932101;19750.0;2788.47;1691235.58
2932200;20691.0;2071.22;1408529.17
2932309;25004.0;2517.25;1663455.01
2932408;13625.0;2234.41;1315354.08
2932457;17000.0;1668.47;862475.57
2932507;24110.0;2032.43;1193374.48
2932606;16466.0;2492.0;1423045.82
2932705;19837.0;2260.99;1417141.93
2932804;18173.0;2114.61;1672704.44
2932903;88673.0;9688.04;6673525.26
2933000;24560.0;3373.51;1965254.61
2933059;13786.0;2270.97;1232362.68
2933109;8661.0;1372.38;858056.2
2933158;13073.0;1931.59;1036286.31
2933174;9109.0;1537.74;926318.76
2933208;37567.0;4208.41;3859916.83
2933257;6800.0;901.09;483404.17
2933307;306866.0;31674.91;22736303.78
2933406;8983.0;1255.48;816183.18
2933455;12485.0;1773.31;966089.57
2933505;22189.0;2132.95;1115880.14
2933604;45536.0;5852.63;3379674.77
3100104;6704.0;1089.81;748049.55
3100203;22690.0;3402.01;2976791.79
3100302;13311.0;2086.07;1541742.57
3100401;3920.0;703.92;456164.99
3100500;10276.0;1759.04;1032932.35
3100609;15195.0;1985.69;1219399.29
3100708;2025.0;305.73;227821.14
3100807;4054.0;751.92;482970.32
3100906;18479.0;2497.27;1617869.64
3101003;12722.0;1755.64;1019735.16
3101102;24959.0;4144.4;3079232.65
3101201;6162.0;1055.46;813199.01
3101300;2709.0;536.22;334992.83
3101409;2913.0;428.63;261451.74
3101508;34349.0;5557.33;5239596.03
3101607;73774.0;9955.68;9723076.26
3101631;6075.0;894.26;586440.21
3101706;38775.0;5394.12;3871267.12
3101805;7172.0;1077.6;674327.22
3101904;18488.0;2576.48;1796524.47
3102001;13717.0;2105.4;1372173.03
3102050;5297.0;778.94;566684.95
3102100;12159.0;2420.84;1520068.77
3102209;4444.0;818.84;489231.61
3102308;15261.0;2954.47;2113526.25
3102407;3546.0;460.16;273095.33
3102506;5053.0;1027.55;673349.59
3102605;37270.0;4958.84;4253490.26
3102704;8959.0;1400.2;806800.74
3102803;12173.0;1992.76;1624794.29
3102852;8003.0;846.15;444565.21
3102902;11114.0;1663.56;1218354.56
3103009;9565.0;1555.64;1092269.95
3103108;1671.0;368.97;278989.31
3103207;2243.0;335.59;254597.01
3103306;2058.0;431.44;287711.85
3103405;36013.0;5119.35;3131235.8
3103504;109801.0;15619.41;15317161.37
3103603;2823.0;535.8;405239.5
3103702;8152.0;1017.63;611037.83
3103751;6144.0;507.97;345176.28
3103801;2775.0;605.65;354988.47
3103900;7883.0;901.65;580720.37
3104007;93672.0;12526.92;11009089.33
3104106;9509.0;1503.34;1105993.12
3104205;36597.0;5380.82;4144331.21
3104304;13731.0;2043.8;1462646.37
3104403;2901.0;566.91;387128.78
3104452;4770.0;420.44;241971.7
3104502;17674.0;2107.2;1260131.04
3104601;13049.0;2177.92;1538997.63
3104700;14455.0;2536.4;1478090.73
3104809;4960.0;808.12;498835.12
3104908;18307.0;2855.39;2050972.27
3105004;7913.0;1624.67;1142950.36
3105103;22734.0;4009.64;3756827.71
3105202;4987.0;974.75;557720.88
3105301;5338.0;666.25;427527.23
3105400;28442.0;4001.61;3447390.95
3105509;5720.0;1125.3;749952.71
3105608;126284.0;20445.51;21820546.77
3105707;6143.0;1319.83;898233.17
3105905;19599.0;2992.03;2419868.56
3106002;10004.0;1478.22;1118782.21
3106101;3403.0;563.72;406349.18
3106200;2375151.0;328654.1;438308189.95
3106309;23397.0;2945.23;2085037.73
3106408;7536.0;1445.13;1127740.82
3106507;12300.0;1844.71;1236243.2
3106606;4498.0;626.12;349996.08
3106655;4370.0;572.56;309430.15
3106705;378089.0;33432.78;28688753.76
3106804;3793.0;640.58;368677.39
3106903;13653.0;2689.55;2474913.26
3107000;2630.0;522.98;331547.34
3107109;38516.0;5946.34;4708020.06
3107208;5007.0;694.23;542181.02
3107307;46654.0;5618.52;3985098.75
3107406;45624.0;5832.69;6226394.21
3107505;6501.0;1243.33;900345.81
3107604;3887.0;708.34;438718.01
3107703;5491.0;814.11;638523.84
3107802;15364.0;3282.08;1983405.42
3107901;10457.0;1194.05;719276.34
3108008;17243.0;2820.09;1927968.81
3108107;6818.0;1607.57;1033536.89
3108206;5865.0;1081.54;685576.05
3108255;9673.0;1331.3;718284.18
3108305;17118.0;2673.93;2062358.55
3108404;14920.0;2443.77;1551128.53
3108503;6497.0;922.07;508002.18
3108552;14226.0;1458.67;905459.9
3108602;31213.0;4354.03;2672733.91
3108701;4637.0;1077.61;640012.18
3108800;5030.0;1045.5;692080.35
3108909;14661.0;2523.0;1770747.25
3109006;33973.0;4257.29;3763601.79
3109105;10892.0;1799.36;1128361.26
3109204;10292.0;1698.04;1080689.12
3109253;3992.0;670.55;381301.25
3109303;22737.0;2800.96;1873438.15
3109402;26922.0;2405.9;1551469.61
3109451;6453.0;776.48;479956.27
3109501;13823.0;1762.41;1091184.63
3109600;3654.0;747.9;598656.12
3109709;11034.0;1728.55;1131567.83
3109808;2505.0;358.22;238582.83
3109907;10218.0;1719.57;1309516.77
3110004;40750.0;5717.73;4512638.91
3110103;4968.0;807.8;514631.23
3110202;4047.0;681.96;464943.14
3110301;13633.0;2303.66;1597304.77
3110400;3154.0;536.38;331885.52
3110509;21080.0;2433.98;1676859.13
3110608;26488.0;4438.12;3759623.13
3110707;12602.0;1919.23;1727282.23
3110806;3564.0;503.38;300827.07
3110905;15433.0;2089.86;1856252.95
3111002;20686.0;3133.98;2062744.86
3111101;19324.0;2942.62;2078733.79
3111150;3684.0;558.97;313387.8
3111200;51544.0;8454.49;6387846.68
3111309;11476.0;1788.71;1205194.8
3111408;6870.0;643.97;456324.1
3111507;14206.0;1705.2;1239454.18
3111606;27600.0;3825.4;2427931.86
3111705;4628.0;802.63;538516.12
3111804;11365.0;1518.25;1017301.38
3111903;5589.0;993.35;663642.48
3112000;14595.0;2711.25;1988495.13
3112059;4195.0;672.9;409582.31
3112109;5209.0;463.93;285228.44
3112208;4755.0;1024.25;644822.32
3112307;34803.0;3906.13;2429149.33
3112406;7089.0;1124.37;727375.43
3112505;8881.0;1398.26;1070474.53
3112604;15290.0;2066.15;1464951.6
3112653;4925.0;903.44;510548.61
3112703;14206.0;1222.77;745738.27
3112802;8183.0;1061.03;778490.64
3112901;9030.0;1354.68;788426.42
3113008;22343.0;2992.72;1717053.39
3113107;3288.0;603.72;404262.51
3113206;23346.0;3567.37;2534800.39
3113305;32296.0;6127.45;4777064.38
3113404;85239.0;14325.13;10480474.08
3113503;9148.0;1346.61;819251.28
3113602;6298.0;997.0;710488.06
3113701;20069.0;2947.65;1815877.48
3113800;2446.0;431.06;250041.93
3113909;11836.0;1377.48;1020697.87
3114006;10927.0;1910.02;1283984.32
3114105;13750.0;1713.74;1315537.03
3114204;20012.0;2851.29;2093013.76
3114303;29735.0;4848.59;3886039.55
3114402;20426.0;3056.44;2085003.87
3114501;17048.0;2246.34;1473704.85
3114550;9471.0;1401.01;933251.35
3114600;3948.0;650.97;479457.0
3114709;3341.0;609.64;399831.35
3114808;4556.0;872.05;552860.73
3114907;2244.0;362.81;225133.32
3115003;2857.0;536.47;390431.46
3115102;17412.0;2993.63;2312690.32
3115201;3954.0;719.53;481509.6
3115300;69757.0;13058.67;10572673.46
3115359;4846.0;666.12;510940.8
3115409;3462.0;529.89;337173.81
3115458;6708.0;876.87;495260.32
3115474;5102.0;650.23;360209.66
3115508;21705.0;3347.83;3465209.48
3115607;1210.0;119.05;74988.98
3115706;6772.0;1237.26;766355.75
3115805;10266.0;1517.59;923257.81
3115904;2792.0;366.5;261400.79
3116001;5645.0;969.54;592844.07
3116100;15189.0;1865.67;1442304.03
3116159;10805.0;1032.12;570126.78
3116209;2785.0;443.9;362927.64
3116308;6547.0;1267.31;779170.99
3116407;4542.0;583.84;376940.56
3116506;7775.0;1222.07;780775.42
3116605;25771.0;3367.42;2275664.55
3116704;7054.0;1084.56;836176.28
3116803;9024.0;1296.65;790702.93
3116902;2972.0;344.41;260330.31
3117009;8298.0;1286.11;755839.06
3117108;9820.0;1530.81;1016085.65
3117207;2749.0;413.39;250869.84
3117306;23043.0;2005.18;1581670.39
3117405;4456.0;883.53;536403.98
3117504;17908.0;2771.51;1774590.0
3117603;5158.0;799.96;675013.86
3117702;12949.0;1602.06;1169569.23
3117801;10388.0;1131.12;750930.85
3117836;7101.0;1227.36;700877.93
3117876;5936.0;529.1;478660.56
3117900;10468.0;1407.44;871333.66
3118007;48519.0;6140.37;5801291.74
3118106;4943.0;1046.72;633493.76
3118205;6526.0;860.99;690298.54
3118304;116512.0;16772.39;16769369.64
3118403;22242.0;3486.14;2487745.61
3118502;1727.0;309.46;193410.17
3118601;603442.0;67089.16;63100714.28
3118700;9289.0;1454.35;1051139.87
3118809;26033.0;3697.39;2179739.4
3118908;8667.0;1365.31;988667.48
3119005;3435.0;476.13;326393.26
3119104;23914.0;3885.08;3340498.45
3119203;10270.0;1657.84;1059967.31
3119302;27547.0;4171.99;2832473.63
3119401;103694.0;13061.54;11912750.27
3119500;9117.0;1305.46;877182.1
3119609;2983.0;534.6;499401.12
3119708;3301.0;636.0;449096.46
3119807;3391.0;709.5;485331.49
3119906;3730.0;879.53;647242.05
3119955;5790.0;872.06;479714.3
3120003;3127.0;622.02;359255.22
3120102;4204.0;609.04;375402.18
3120151;6047.0;894.2;500861.82
3120201;11286.0;1677.19;1185207.02
3120300;5760.0;600.89;336301.66
3120409;5007.0;755.56;541177.27
3120508;10210.0;1503.88;975434.03
3120607;4757.0;842.97;571634.71
3120706;3934.0;559.44;335789.02
3120805;14591.0;1930.5;1293147.47
3120839;4680.0;738.09;468577.77
3120870;6913.0;895.6;480485.3
3120904;74219.0;10699.38;8560386.68
3121001;5211.0;797.17;499351.2
3121100;7971.0;1083.05;891583.12
3121209;6830.0;820.25;551521.79
3121258;8089.0;701.02;482825.81
3121308;4768.0;680.89;466420.32
3121407;7002.0;1513.26;918260.55
3121506;3015.0;555.6;353374.57
3121605;45880.0;5718.15;5111677.91
3121704;3848.0;782.58;474351.91
3121803;8739.0;1694.87;1132637.17
3121902;3293.0;568.98;388490.33
3122009;19133.0;3150.25;2030228.98
3122108;4937.0;961.67;638813.79
3122207;7024.0;1046.26;677168.11
3122306;213016.0;26329.41;23929301.74
3122355;5884.0;582.56;328268.09
3122405;5763.0;874.63;557584.69
3122454;8974.0;1180.21;649261.54
3122470;3814.0;541.05;324889.77
3122504;5209.0;1040.93;703867.46
3122603;4535.0;761.71;574015.43
3122702;5196.0;1061.33;794985.78
3122801;2994.0;562.41;350871.66
3122900;6001.0;922.97;647587.81
3123007;9299.0;1543.62;1106964.04
3123106;5223.0;991.68;613970.11
3123205;13778.0;2799.64;2099056.46
3123304;4462.0;753.88;511291.44
3123403;1440.0;193.56;126405.37
3123502;1841.0;346.69;214090.79
3123528;7423.0;806.42;469542.19
3123601;25220.0;3684.53;2471401.6
3123700;10280.0;1452.37;903236.49
3123809;7122.0;931.96;558720.77
3123858;5175.0;1116.02;741427.87
3123908;14242.0;2337.03;1684040.12
3124005;17946.0;2909.32;1845473.47
3124104;60271.0;5715.77;4858615.12
3124203;22856.0;3618.2;2590984.36
3124302;31113.0;4852.62;2909651.19
3124401;4429.0;712.13;459606.98
3124500;10845.0;1674.18;989833.25
3124609;2470.0;457.81;375123.22
3124708;3516.0;751.6;565438.09
3124807;7446.0;984.41;709078.73
3124906;10540.0;1872.6;1275868.44
3125002;3753.0;541.14;346479.49
3125101;28599.0;3547.01;3412256.34
3125200;2350.0;424.72;322110.27
3125309;3376.0;579.36;538768.68
3125408;5142.0;900.27;576014.37
3125507;3056.0;468.01;303261.92
3125606;6877.0;1202.28;672363.83
3125705;14121.0;1881.25;1423650.74
3125804;3030.0;515.39;301319.03
3125903;10837.0;2168.54;1558764.86
3125952;10349.0;1681.74;1026944.78
3126000;6600.0;898.39;870101.9
3126109;65128.0;10986.27;8225432.06
3126208;8177.0;755.16;445536.72
3126307;4098.0;759.78;569698.25
3126406;2705.0;349.71;241668.53
3126505;10248.0;1787.82;1137553.46
3126604;4863.0;638.56;385045.54
3126703;24912.0;3090.13;1812763.49
3126752;5800.0;881.57;543886.59
3126802;5879.0;906.27;494943.93
3126901;8920.0;1230.61;797203.31
3126950;3329.0;501.3;255319.42
3127008;14041.0;1223.12;1017816.22
3127057;4687.0;813.31;448876.92
3127073;5940.0;886.26;500066.14
3127107;53468.0;6557.3;4724913.65
3127206;3855.0;600.03;422066.82
3127305;6951.0;1212.83;808159.47
3127339;5139.0;802.3;484442.59
3127354;2962.0;486.98;329329.58
3127370;3053.0;518.61;283933.69
3127388;3659.0;718.72;589431.37
3127404;4220.0;704.95;473660.58
3127503;5921.0;832.84;536422.51
3127602;11681.0;1816.72;1197402.48
3127701;263689.0;33683.35;31148598.74
3127800;15024.0;1925.93;1149099.12
3127909;1373.0;267.0;169520.91
3128006;31262.0;4157.49;2738160.89
3128105;13872.0;1969.41;1279005.54
3128204;10223.0;2144.07;1309672.78
3128253;4718.0;627.56;385204.22
3128303;18714.0;2746.51;2015277.67
3128402;8678.0;1578.84;1269002.95
3128501;3929.0;698.87;515584.61
3128600;6565.0;753.88;534732.91
3128709;49430.0;7152.63;7185144.06
3128808;7206.0;1441.69;1088818.33
3128907;7265.0;875.44;578304.99
3129004;8707.0;1930.26;1247978.01
3129103;6137.0;1175.65;746196.66
3129202;6121.0;984.18;693765.96
3129301;10315.0;1783.12;1144467.44
3129400;5036.0;757.97;476136.6
3129509;23218.0;2821.1;2108544.55
3129608;7839.0;936.1;589355.48
3129657;6155.0;934.06;505248.7
3129707;12176.0;1249.13;910866.1
3129806;158954.0;13639.54;9609406.49
3129905;3382.0;546.19;344858.23
3130002;2866.0;552.08;353128.48
3130051;10746.0;1344.51;763458.87
3130101;34851.0;3765.46;2584761.99
3130200;9264.0;831.32;560285.3
3130309;8029.0;1230.17;873663.25
3130408;5859.0;758.07;509029.18
3130507;11488.0;1780.33;1134353.01
3130556;6424.0;957.39;549083.59
3130606;6908.0;969.22;669088.66
3130655;7330.0;1213.53;744737.99
3130705;6190.0;653.59;395673.08
3130804;2629.0;328.78;196957.36
3130903;24294.0;4448.55;2766269.0
3131000;5760.0;598.91;484175.41
3131109;6724.0;1075.26;777305.79
3131158;16708.0;1832.73;1317201.32
3131208;18170.0;3012.83;1996044.13
3131307;239468.0;29550.79;33273091.8
3131406;4107.0;659.8;405804.61
3131505;9521.0;1242.48;765551.02
3131604;6467.0;815.38;493805.59
3131703;109783.0;15697.84;16416784.65
3131802;10692.0;1644.7;980877.54
3131901;45449.0;6243.9;5997257.53
3132008;4988.0;745.63;450610.06
3132107;17720.0;2012.55;1100534.43
3132206;12372.0;1897.27;1375073.47
3132305;11798.0;1429.34;874184.22
3132404;90658.0;12303.95;13540942.33
3132503;32175.0;3522.6;2065122.57
3132602;4079.0;618.96;401303.82
3132701;22809.0;3307.02;2120351.54
3132800;2283.0;456.85;281671.41
3132909;10349.0;1842.84;1315552.19
3133006;14003.0;1866.26;1731364.52
3133105;14175.0;2072.41;1623385.9
3133204;11856.0;2238.37;1702814.84
3133303;21001.0;3051.7;1943600.41
3133402;13656.0;2017.62;1428896.75
3133501;21377.0;4231.81;3220873.99
3133600;8664.0;1168.84;894015.8
3133709;9928.0;1297.9;1073466.25
3133758;14945.0;2273.26;1912560.71
3133808;85463.0;12591.37;10417496.27
3133907;5799.0;1007.3;632357.16
3134004;14407.0;2407.39;1399225.31
3134103;5830.0;999.71;675490.7
3134202;97171.0;14848.06;12501256.21
3134301;6139.0;873.89;672949.47
3134400;34456.0;4486.19;2988988.4
3134509;3913.0;687.62;605255.24
3134608;17134.0;2406.25;1783264.21
3134707;12134.0;2078.73;1153159.44
3134806;7502.0;1448.93;985529.28
3134905;22772.0;2834.49;1966378.97
3135001;2990.0;525.5;442981.33
3135050;33587.0;2878.97;1604209.49
3135076;5067.0;817.55;512891.4
3135100;66803.0;6681.13;4330172.32
3135209;65463.0;9526.91;6323563.87
3135308;3939.0;516.1;319757.73
3135357;8298.0;1189.66;707807.43
3135407;5395.0;971.2;635906.87
3135456;7116.0;940.17;620492.65
3135506;12848.0;2453.32;1646202.5
3135605;8005.0;1043.33;646778.19
3135704;5156.0;844.7;568140.27
3135803;24131.0;3524.81;2485373.9
3135902;4768.0;591.58;422432.56
3136009;14941.0;2294.89;1368821.88
3136108;5425.0;1201.16;763841.44
3136207;73610.0;10531.49;10120440.33
3136306;45260.0;6148.38;4200254.63
3136405;4305.0;653.85;466038.3
3136504;10324.0;958.86;533275.37
3136520;4553.0;612.25;386439.37
3136553;4376.0;829.11;491680.27
3136579;4566.0;629.96;360713.19
3136603;5555.0;877.79;557915.08
3136652;22202.0;2332.9;2083860.52
3136702;516247.0;86958.65;100466737.57
3136801;4113.0;527.75;347491.66
3136900;9238.0;1189.6;832866.81
3136959;5708.0;724.39;378175.79
3137007;16994.0;2329.61;1398663.38
3137106;7600.0;1436.93;1032437.47
3137205;45984.0;5579.1;4291869.18
3137304;4225.0;537.34;317563.87
3137403;12256.0;1852.22;1194024.82
3137502;17161.0;3390.13;2148032.92
3137536;8631.0;916.91;506936.41
3137601;52520.0;6025.74;6848721.98
3137700;19609.0;2786.55;1854478.92
3137809;19554.0;2916.88;2450642.37
3137908;3452.0;712.66;442222.14
3138005;6465.0;1251.4;1073185.04
3138104;6484.0;797.11;521103.78
3138203;92200.0;13609.73;15187122.24
3138302;3205.0;521.43;441209.52
3138351;4804.0;680.89;417802.19
3138401;51130.0;8487.3;6846374.67
3138500;5346.0;823.69;527943.0
3138609;16149.0;2785.07;2082767.79
3138625;6890.0;796.79;488257.12
3138658;8397.0;1244.08;828540.14
3138674;6234.0;786.79;470982.14
3138682;6400.0;820.78;468698.51
3138708;5422.0;773.97;503958.82
3138807;17486.0;2663.89;1874034.56
3138906;6976.0;1022.43;660920.73
3139003;38688.0;4973.74;3642579.75
3139102;4904.0;817.77;595480.88
3139201;18776.0;3116.97;1850998.37
3139250;6321.0;1317.46;791605.88
3139300;19813.0;2412.5;1318747.45
3139409;79574.0;9143.84;7545495.32
3139508;21382.0;2960.28;2020745.22
3139607;27111.0;4240.74;2934829.66
3139706;7163.0;875.14;583495.58
3139805;11749.0;2100.11;1532724.56
3139904;14216.0;1619.92;1109536.56
3140001;54219.0;7223.87;5727169.79
3140100;4219.0;651.48;411996.39
3140159;13192.0;1349.91;1139070.91
3140209;2788.0;338.59;231588.18
3140308;4012.0;666.65;484273.32
3140407;2968.0;402.59;250639.35
3140506;12611.0;1894.46;1426199.74
3140530;7173.0;954.55;535347.92
3140555;7874.0;1151.2;652259.62
3140605;4595.0;570.41;348680.97
3140704;27856.0;4010.1;3083649.13
3140803;13435.0;1955.39;1660122.99
3140852;9979.0;995.84;638602.38
3140902;17639.0;2027.53;1198510.93
3141009;12684.0;2104.26;1216479.37
3141108;33955.0;3877.55;2998547.08
3141207;3761.0;780.42;699335.06
3141306;3444.0;444.88;280620.11
3141405;21026.0;3004.09;1946247.81
3141504;6331.0;1192.62;697872.39
3141603;10368.0;2116.28;1564822.75
3141702;6069.0;1196.23;814132.53
3141801;30794.0;3146.61;2085181.96
3141900;3840.0;549.96;409597.27
3142007;13042.0;1929.51;1191206.66
3142106;10251.0;1692.89;1139512.71
3142205;13808.0;2377.69;1656359.11
3142254;4549.0;612.71;362399.55
3142304;4689.0;713.52;521298.05
3142403;7028.0;843.8;650802.59
3142502;2360.0;333.29;209351.66
3142601;8161.0;1134.36;810202.36
3142700;15862.0;2246.19;1224384.21
3142809;19619.0;2827.7;1831190.11
3142908;21994.0;4091.58;2511662.88
3143005;13061.0;2008.21;1281599.88
3143104;45772.0;5769.76;3962479.09
3143153;4656.0;390.34;245096.8
3143203;21234.0;4059.03;3106480.29
3143302;361915.0;37507.15;34134178.82
3143401;21203.0;2318.92;1787014.71
3143450;7464.0;984.85;585910.46
3143500;8255.0;972.24;825033.82
3143609;2660.0;426.76;274820.23
3143708;3399.0;629.14;391210.64
3143807;6257.0;786.51;492239.97
3143906;100765.0;16064.84;12455908.87
3144003;26661.0;4732.3;3167444.07
3144102;20430.0;2877.08;2342936.08
3144201;3154.0;478.55;299781.58
3144300;40834.0;5245.52;3320893.67
3144359;6341.0;782.91;524186.56
3144375;3280.0;507.22;295572.56
3144409;4658.0;807.44;561953.28
3144508;7954.0;1193.86;810412.38
3144607;25733.0;3606.16;2406849.57
3144656;9815.0;1525.85;782397.71
3144672;3732.0;496.49;293302.77
3144706;17528.0;2353.92;2230853.71
3144805;80998.0;9950.19;10780185.61
3144904;3790.0;691.93;415247.37
3145000;12812.0;1024.7;682252.89
3145059;7398.0;867.98;526614.89
3145109;15374.0;2032.25;1298494.68
3145208;73699.0;3695.98;2396389.73
3145307;30725.0;4178.21;2579914.89
3145356;10339.0;1683.25;909830.22
3145372;4963.0;917.06;507956.96
3145406;1976.0;362.46;215728.25
3145455;5267.0;602.55;349331.65
3145505;2533.0;418.09;290392.74
3145604;39466.0;6269.38;5121065.78
3145703;2123.0;360.21;248130.42
3145802;3055.0;376.45;239220.41
3145851;4493.0;706.19;446217.75
3145877;7284.0;1195.99;765295.66
3145901;35268.0;4116.67;4056596.29
3146008;31568.0;4754.26;3916862.11
3146107;70281.0;9352.32;8430712.14
3146206;6016.0;936.91;544988.0
3146255;5834.0;804.04;429801.5
3146305;18849.0;2712.09;1525909.66
3146404;4631.0;882.15;587570.46
3146503;8014.0;1414.89;1041957.57
3146552;5934.0;827.86;442446.39
3146602;1558.0;370.77;257584.29
3146701;6545.0;1397.04;1145577.89
3146750;6931.0;1201.27;670251.95
3146909;14175.0;1030.41;807518.2
3147006;84718.0;7919.0;5875884.62
3147105;84215.0;11318.75;9200514.89
3147204;20245.0;3007.39;2019757.69
3147303;19379.0;2719.47;2175978.8
3147402;22563.0;3025.11;2020695.33
3147501;1766.0;409.48;274297.75
3147600;15582.0;1978.12;1716473.22
3147709;8197.0;1596.36;1164864.8
3147808;2079.0;332.6;252681.44
3147907;106290.0;16318.18;14696576.76
3147956;5579.0;859.09;484265.94
3148004;138710.0;20460.78;17922066.0
3148103;82471.0;9763.37;7399196.2
3148202;5287.0;1088.09;1034247.81
3148301;9271.0;1520.55;1244491.98
3148400;4918.0;886.88;499377.38
3148509;8589.0;1364.04;848478.06
3148608;17260.0;2787.74;1917321.89
3148707;23839.0;2978.98;1823873.96
3148756;6673.0;778.65;454115.07
3148806;3365.0;771.26;462877.96
3148905;3875.0;590.8;379659.41
3149002;2191.0;324.27;216026.9
3149101;11467.0;1641.61;1118323.31
3149150;10315.0;1650.79;949456.2
3149200;3490.0;516.89;335232.78
3149309;58740.0;8859.69;7407717.2
3149408;1785.0;222.16;136415.02
3149507;3165.0;626.09;589072.01
3149606;4076.0;649.22;521400.14
3149705;8912.0;901.11;615739.0
3149804;14404.0;1417.27;913164.9
3149903;20087.0;2857.04;2310865.27
3149952;7036.0;1026.85;630304.54
3150000;4128.0;743.76;436006.9
3150109;2841.0;521.88;323866.74
3150158;7110.0;987.52;603828.06
3150208;4062.0;738.8;460845.01
3150307;4709.0;927.15;642278.06
3150406;4640.0;999.64;624910.53
3150505;8236.0;1188.22;779407.12
3150539;4420.0;676.62;419593.23
3150570;7211.0;802.56;523481.58
3150604;6406.0;1235.99;823325.13
3150703;4656.0;437.34;285221.09
3150802;17232.0;2912.04;1909628.73
3150901;5217.0;796.33;639748.09
3151008;8016.0;1076.06;839593.36
3151107;10364.0;1528.75;1178382.88
3151206;53368.0;5521.51;4577842.03
3151305;10862.0;2126.98;1541617.75
3151404;25311.0;3134.83;2419372.73
3151503;31883.0;4767.57;3431152.26
3151602;10384.0;1148.69;907840.25
3151701;15959.0;2557.67;1612544.61
3151800;152435.0;21498.71;22473820.63
3151909;8986.0;1898.51;1174281.15
3152006;29105.0;3213.21;2143294.21
3152105;57390.0;9080.8;7576450.24
3152131;3966.0;435.2;247103.72
3152170;11345.0;1762.95;1003256.08
3152204;37627.0;5367.79;3231914.21
3152303;10417.0;1804.81;1140463.18
3152402;15667.0;2660.76;1731968.86
3152501;130615.0;15578.27;15426722.27
3152600;6213.0;1057.45;863694.15
3152709;8391.0;1356.04;920270.1
3152808;25802.0;3305.83;2814208.33
3152907;8807.0;1799.01;1498487.7
3153004;3265.0;467.31;305273.93
3153103;5537.0;678.62;492092.41
3153202;3908.0;661.11;406116.17
3153301;2959.0;492.97;287453.0
3153400;18577.0;3152.7;2039713.97
3153509;8318.0;1285.59;937902.93
3153608;9573.0;985.76;837897.65
3153707;3303.0;508.05;425089.88
3153806;1861.0;395.7;302128.62
3153905;15342.0;2226.33;1842396.32
3154002;23818.0;4723.62;3188158.28
3154101;10299.0;2189.15;1708798.59
3154150;6569.0;790.01;496275.17
3154200;10913.0;2162.3;1537528.41
3154309;17089.0;2851.48;2224986.03
3154408;4711.0;808.8;504009.05
3154457;8007.0;1097.36;630443.8
3154507;9360.0;1277.99;714313.48
3154606;296317.0;26552.83;18836152.88
3154705;3826.0;773.58;767797.51
3154804;9090.0;1029.18;864317.19
3154903;14201.0;2282.34;1547477.76
3155009;2465.0;457.19;300056.04
3155108;5217.0;877.98;517694.21
3155207;6070.0;1211.84;779514.2
3155306;5276.0;981.03;668934.42
3155405;8712.0;1490.23;1200825.92
3155504;11885.0;1436.85;971305.17
3155603;29099.0;3538.16;2358097.48
3155702;14149.0;2274.13;1805646.35
3155801;17110.0;2975.46;2686812.24
3155900;5292.0;858.88;762224.66
3156007;13645.0;1963.56;1103138.34
3156106;4925.0;1067.52;712691.99
3156205;2116.0;323.95;224635.51
3156304;6867.0;971.87;619273.4
3156403;3596.0;548.59;363028.75
3156452;4247.0;737.75;439565.09
3156502;7772.0;1350.66;792998.07
3156601;9919.0;1512.06;881003.51
3156700;126269.0;13659.11;11787822.54
3156809;15704.0;2341.13;1535455.84
3156908;23896.0;3252.91;2180258.66
3157005;39178.0;5632.87;3431701.45
3157104;6859.0;802.02;445089.98
3157203;27876.0;3914.23;3044482.41
3157252;7682.0;1290.25;732705.68
3157278;2788.0;396.53;268679.97
3157302;4570.0;866.83;599010.67
3157336;7865.0;1207.31;815894.53
3157377;4397.0;848.35;507068.69
3157401;4992.0;1078.69;731934.7
3157500;4600.0;734.76;423530.02
3157609;3968.0;173.52;112858.13
3157658;6055.0;867.71;514432.95
3157708;11337.0;1040.0;657137.76
3157807;202942.0;19634.12;15644097.79
3157906;15011.0;1823.57;1199366.24
3158003;10552.0;1694.14;1092400.65
3158102;5284.0;921.17;547463.42
3158201;14395.0;2448.04;1563566.64
3158300;7231.0;963.81;631105.56
3158409;3622.0;762.33;490246.7
3158508;8009.0;1664.03;983111.71
3158607;3860.0;573.1;400644.45
3158706;2234.0;404.01;241863.31
3158805;4607.0;769.46;517832.76
3158904;8582.0;1180.43;726335.81
3158953;27265.0;3205.94;2728815.14
3159001;4023.0;618.75;381691.36
3159100;3822.0;747.33;447611.32
3159209;9027.0;1439.58;917359.74
3159308;4993.0;953.84;744477.57
3159357;6547.0;843.69;509316.15
3159407;3583.0;550.44;325956.19
3159506;5697.0;819.22;510837.69
3159605;37754.0;4563.19;3700447.12
3159704;3224.0;499.43;329707.61
3159803;18138.0;2667.84;1681386.37
3159902;17345.0;2360.07;1449514.81
3160009;3538.0;686.17;509112.78
3160108;4085.0;775.73;499433.4
3160207;4135.0;421.1;254896.08
3160306;11775.0;2028.85;1166363.0
3160405;25975.0;2977.22;2419642.71
3160454;6955.0;886.19;486343.82
3160504;1777.0;297.03;217643.01
3160603;3238.0;551.76;500354.42
3160702;46284.0;8593.03;7739376.25
3160801;4577.0;471.13;282400.17
3160900;3513.0;427.81;358528.2
3160959;5408.0;674.19;469211.99
3161007;17357.0;3312.57;2308950.0
3161056;3382.0;595.69;353546.55
3161106;53828.0;7056.81;4284291.7
3161205;6483.0;1105.93;759108.03
3161304;5776.0;793.59;488508.88
3161403;5178.0;817.28;529991.47
3161502;10263.0;1834.71;1345079.98
3161601;4389.0;706.81;429857.42
3161650;3486.0;479.01;329918.77
3161700;6264.0;956.59;611953.96
3161809;10398.0;1588.4;1155422.47
3161908;9777.0;1288.99;844990.43
3162005;23906.0;3369.86;2663353.11
3162104;31819.0;3128.66;2064437.57
3162203;6887.0;1062.37;786048.37
3162252;4656.0;695.11;394037.28
3162302;2731.0;385.5;250057.6
3162401;25358.0;4018.89;2228647.03
3162450;11715.0;1239.11;655118.98
3162500;84469.0;15781.64;15474180.18
3162559;10245.0;1214.65;802003.26
3162575;5188.0;948.82;535414.22
3162609;7874.0;1378.71;816209.15
3162658;4060.0;632.48;368264.55
3162708;22319.0;2961.95;1692803.05
3162807;15553.0;2464.87;1525446.29
3162906;25057.0;4782.75;3909131.45
3162922;25537.0;2589.89;2271888.2
3162948;6778.0;850.92;719233.54
3162955;19799.0;1919.53;1572140.96
3163003;4075.0;520.86;317135.66
3163102;4198.0;480.59;310673.39
3163201;3996.0;610.68;473084.95
3163300;3834.0;554.29;343022.03
3163409;5636.0;998.82;767148.52
3163508;6553.0;1118.4;691871.22
3163607;2592.0;404.43;287857.12
3163706;41657.0;7196.06;7675124.36
3163805;6760.0;1165.97;735810.48
3163904;5040.0;905.38;618958.32
3164001;8356.0;1451.76;914049.44
3164100;5570.0;1051.64;660107.52
3164209;10276.0;908.55;687522.47
3164308;6686.0;950.91;602192.89
3164407;4948.0;675.96;490803.0
3164431;2798.0;489.8;277484.53
3164472;5739.0;769.54;463002.47
3164506;10647.0;1618.25;958160.26
3164605;5805.0;802.89;514240.49
3164704;64980.0;9779.33;8127557.85
3164803;1613.0;358.55;235473.36
3164902;2110.0;361.89;278579.55
3165008;10561.0;1923.05;1239214.06
3165107;7093.0;1230.95;842739.42
3165206;6655.0;586.69;337452.1
3165305;7008.0;1038.91;850648.28
3165404;6241.0;877.17;618948.78
3165503;5594.0;742.78;485125.29
3165537;25814.0;2509.06;2036592.92
3165552;10885.0;1464.55;815377.8
3165560;2847.0;690.9;437100.94
3165578;5219.0;560.22;339443.41
3165602;1988.0;359.94;541231.5
3165701;7230.0;1801.86;1219227.47
3165800;1868.0;392.91;258924.76
3165909;4574.0;814.05;498944.06
3166006;5683.0;1069.72;680740.83
3166105;3497.0;595.99;361324.19
3166204;10196.0;1776.87;1064005.71
3166303;7128.0;985.83;605665.19
3166402;1789.0;296.12;212449.34
3166501;4220.0;550.15;291200.61
3166600;815.0;104.97;71904.37
3166709;8412.0;790.84;578101.23
3166808;10549.0;1055.53;801106.39
3166907;7542.0;897.91;592278.15
3166956;4425.0;697.22;523996.16
3167004;1995.0;320.86;220499.85
3167103;20835.0;2823.02;1749918.53
3167202;214152.0;25219.71;23305468.14
3167301;2192.0;410.27;284727.36
3167400;6027.0;1064.09;733120.53
3167509;2537.0;369.49;307339.44
3167608;18298.0;2224.18;1424941.59
3167707;5830.0;988.4;620840.41
3167806;5676.0;947.04;777568.03
3167905;4079.0;847.32;582330.08
3168002;30917.0;3767.23;2324792.56
3168051;3137.0;634.14;372493.6
3168101;4112.0;480.04;380620.13
3168200;1873.0;307.93;231188.43
3168309;3794.0;560.27;353254.64
3168408;14293.0;2765.48;1744327.56
3168507;11355.0;2002.99;1408827.56
3168606;134745.0;17514.98;13957855.43
3168705;81243.0;11880.01;13319587.86
3168804;6961.0;944.36;867281.72
3168903;6906.0;1113.21;631251.08
3169000;15823.0;2892.44;2032913.16
3169059;3950.0;582.07;387986.88
3169109;5764.0;1025.08;728480.93
3169208;9537.0;2177.54;1707030.83
3169307;72765.0;8220.84;9108599.29
3169356;28318.0;3105.18;2312780.23
3169406;53860.0;6931.19;5424825.58
3169505;6293.0;931.3;597928.52
3169604;24188.0;3427.33;2711026.99
3169703;18055.0;2104.39;1324147.28
3169802;4658.0;715.8;551204.2
3169901;101519.0;14481.48;11838625.4
3170008;11681.0;1535.94;900771.87
3170057;12040.0;1966.56;1192984.74
3170107;295988.0;40156.02;40336376.84
3170206;604013.0;69251.62;66323288.15
3170305;2705.0;340.56;196744.17
3170404;77565.0;7927.22;5613317.07
3170438;4418.0;594.18;411678.92
3170479;3235.0;510.87;309532.28
3170503;10291.0;1543.57;1014989.15
3170529;13604.0;1503.23;899799.25
3170578;6461.0;1372.94;863353.71
3170602;2163.0;329.99;217646.46
3170651;4733.0;593.73;336517.38
3170701;123081.0;16421.78;15045360.2
3170750;6054.0;616.38;376447.8
3170800;35809.0;3852.31;2590196.12
3170909;19116.0;2489.21;1461634.9
3171006;19723.0;2281.38;1687758.18
3171030;8346.0;659.88;379632.36
3171071;5549.0;786.67;485937.3
3171105;3483.0;419.49;276067.68
3171154;4689.0;830.29;576441.88
3171204;104527.0;9950.74;7640317.88
3171303;72220.0;8288.05;9305370.28
3171402;3731.0;695.38;458939.63
3171501;3370.0;373.95;227125.67
3171600;13619.0;2289.06;1441461.69
3171709;8623.0;1248.31;862839.16
3171808;10572.0;1730.14;1058076.81
3171907;5658.0;1047.71;611108.17
3172004;37942.0;6676.82;5131908.82
3172103;5070.0;745.42;643963.38
3172202;2553.0;422.42;314826.74
3200102;31091.0;5132.29;3531918.34
3200136;9519.0;1274.8;918720.6
3200169;11771.0;1953.72;1263083.79
3200201;30768.0;5045.97;4485896.63
3200300;13955.0;2469.44;1871252.75
3200359;7317.0;1060.63;687177.88
3200409;23902.0;2628.16;2501453.11
3200508;7512.0;1351.2;1207307.55
3200607;81832.0;7663.88;6698099.19
3200706;9850.0;1268.72;826710.11
3200805;29081.0;5009.15;3353916.48
3200904;40649.0;5878.28;3907014.21
3201001;14199.0;1902.09;1142973.86
3201100;9476.0;1639.07;1363167.26
3201159;11915.0;1184.01;749081.98
3201209;189889.0;24353.7;21815302.68
3201308;348738.0;36627.13;31083183.1
3201407;34747.0;5574.07;4695183.13
3201506;111788.0;15630.02;13157627.71
3201605;28449.0;2739.44;2035036.38
3201704;11681.0;1820.95;1279810.0
3201803;4516.0;594.74;373880.54
3201902;31847.0;4492.73;3117729.01
3202009;6397.0;710.83;476483.76
3202108;23212.0;3123.63;2118360.16
3202207;17025.0;2043.6;1741082.71
3202256;10869.0;1609.2;1115656.8
3202306;27851.0;4110.52;3714600.85
3202405;105286.0;11983.0;13451383.37
3202454;22366.0;3106.15;1881431.23
3202504;11178.0;1342.26;2343486.29
3202553;8957.0;998.78;576906.78
3202603;12523.0;1794.43;1284160.5
3202652;11723.0;1618.16;1044810.62
3202702;14134.0;2618.96;1794829.65
3202801;30988.0;3803.66;2980063.74
3202900;10881.0;1779.01;1387057.03
3203007;27328.0;3012.28;2485599.92
3203056;24678.0;2308.41;1422635.71
3203106;10879.0;1864.57;1456238.18
3203130;15809.0;2149.28;1978293.95
3203163;10826.0;2073.56;1311020.75
3203205;141306.0;13082.65;10324422.94
3203304;13612.0;2057.61;1273329.32
3203320;34140.0;4354.57;3940199.21
3203346;14262.0;1802.34;1256216.61
3203353;11107.0;1820.45;1168302.24
3203403;25902.0;4086.88;3321179.56
3203502;17849.0;2218.11;1465044.04
3203601;5655.0;763.17;488717.22
3203700;18397.0;2681.39;1975710.61
3203809;14396.0;2378.69;1962080.22
3203908;46031.0;5632.78;4056282.22
3204005;21548.0;2904.84;1961843.55
3204054;23794.0;1918.62;1161188.35
3204104;23895.0;2914.93;2001443.77
3204203;18123.0;2060.93;2030069.82
3204252;6979.0;1069.44;648504.97
3204302;10314.0;1282.02;767047.18
3204351;17530.0;2275.99;1384202.86
3204401;11325.0;1639.47;1228956.91
3204500;12240.0;1879.17;1424166.71
3204559;34176.0;4243.79;2774978.97
3204609;21823.0;3089.55;2848479.9
3204658;8001.0;1148.85;711413.42
3204708;31859.0;3954.97;2615899.52
3204807;10408.0;1973.71;1651297.79
3204906;109028.0;10374.6;9158700.14
3204955;11273.0;1777.14;1194282.78
3205002;409267.0;36678.75;36890987.96
3205010;23843.0;2039.62;1380597.12
3205036;19130.0;2449.33;1747783.12
3205069;20447.0;2342.33;1739644.02
3205101;65001.0;5801.88;4377439.79
3205150;8672.0;1283.3;823670.47
3205176;13830.0;1772.3;1081381.54
3205200;414586.0;49592.82;70616870.47
3205309;327801.0;43071.79;75478556.23
3300100;169511.0;15872.21;16872510.09
3300159;10213.0;1360.69;1059384.88
3300209;112008.0;16364.0;20100953.57
3300225;11423.0;1369.98;1285174.2
3300233;27560.0;2290.75;2605963.44
3300258;27715.0;3653.36;4608569.55
3300308;94778.0;15585.31;15404146.92
3300407;177813.0;23638.68;23530345.04
3300456;469332.0;47034.01;36435512.34
3300506;25333.0;3629.75;3286333.88
3300605;35411.0;6309.25;5931811.3
3300704;186227.0;22098.83;29279876.81
3300803;54273.0;7518.39;7478692.38
3300902;14827.0;2794.99;2265182.55
3300936;13359.0;1510.45;1180284.22
3300951;8180.0;1351.21;986042.59
3301009;463731.0;55265.23;53804903.32
3301108;19830.0;3120.91;3101980.03
3301157;12600.0;2039.86;1314795.41
3301207;17434.0;2604.02;2389605.61
3301306;35347.0;3887.63;4218286.77
3301405;21211.0;2716.27;2164084.66
3301504;20430.0;3292.8;2914727.05
3301603;10930.0;1276.0;1087084.86
3301702;855048.0;93120.57;81229484.39
3301801;13237.0;2242.31;1881102.5
3301850;51483.0;5444.46;5266290.19
3301876;22851.0;3657.37;5544599.95
3301900;218008.0;23976.01;20392889.53
3302007;109091.0;10917.74;9729336.66
3302056;14063.0;2464.39;1870430.63
3302106;22899.0;3929.58;3427587.29
3302205;95841.0;14132.13;12411067.22
3302254;28783.0;3736.79;3998097.82
3302270;95492.0;9090.27;6521036.92
3302304;7487.0;1071.77;795538.09
3302403;206728.0;17097.1;19394660.82
3302452;5269.0;777.12;677231.85
3302502;227322.0;28958.64;24875953.53
3302601;36456.0;4585.89;6847935.09
3302700;127461.0;17756.6;23929756.86
3302809;17935.0;3229.64;2918269.47
3302858;168376.0;19265.39;19746793.94
3302908;24642.0;4225.34;5353063.54
3303005;26843.0;5024.78;4553220.25
3303104;15082.0;2663.69;2568117.7
3303203;157425.0;22304.86;24724551.13
3303302;487562.0;84053.34;177428043.39
3303401;182082.0;30029.34;32424297.49
3303500;796257.0;89188.87;82826310.64
3303609;47124.0;7494.75;6368954.06
3303708;41084.0;6922.42;5930616.33
3303807;37533.0;3533.88;3215160.65
3303856;26359.0;3396.39;2853854.61
3303906;295917.0;43884.81;47151069.5
3303955;22719.0;3353.48;3550207.17
3304003;26314.0;3169.24;3127908.4
3304102;17760.0;2915.94;2615291.94
3304110;16592.0;1837.13;1388030.82
3304128;12793.0;1424.35;1258149.09
3304144;137962.0;13751.7;11039498.44
3304151;20242.0;2138.14;1807474.57
3304201;119769.0;14528.87;17630802.98
3304300;55551.0;7148.05;6281915.15
3304409;17425.0;2352.92;2112402.64
3304508;8561.0;1104.79;1048157.81
3304524;105676.0;10265.03;15072688.69
3304557;6320446.0;954451.95;1532981978.63
3304607;10321.0;1403.52;1254718.4
3304706;40589.0;6258.75;5361280.09
3304755;41354.0;4339.45;2967321.38
3304805;37543.0;6835.4;5807852.74
3304904;999728.0;130404.86;121270429.97
3305000;32747.0;4332.07;3303610.01
3305109;458673.0;53399.0;49947921.51
3305133;7003.0;976.23;657309.4
3305158;20251.0;2294.57;1746373.43
3305208;87875.0;10184.2;12825201.66
3305307;8895.0;1363.05;1004295.45
3305406;17525.0;2461.93;2206800.15
3305505;74234.0;9833.41;12274542.04
3305554;78186.0;8186.02;8360250.33
3305604;21349.0;2811.29;2247679.16
3305703;14900.0;1564.54;1071109.57
3305752;30732.0;3227.1;2529064.57
3305802;163746.0;24003.64;27567936.75
3305901;10289.0;1708.08;1488251.83
3306008;77432.0;12209.81;13096990.02
3306107;71843.0;12845.13;12200037.19
3306156;9475.0;1239.67;936119.71
3306206;34410.0;5262.32;5289169.59
3306305;257803.0;41295.73;48810175.27
3500105;33797.0;6492.77;5986353.43
3500204;3557.0;594.84;457297.66
3500303;32148.0;4716.64;3465167.17
3500402;7584.0;1440.94;1526715.75
3500501;17266.0;2647.41;2677495.46
3500550;5601.0;874.56;1000212.56
3500600;2707.0;599.41;940426.31
3500709;34524.0;4662.76;4147622.29
3500758;4884.0;608.86;546725.9
3500808;3891.0;921.59;634224.71
3500907;3815.0;416.95;301220.84
3501004;15607.0;2131.79;1784358.53
3501103;4102.0;893.26;619900.78
3501152;16839.0;1836.34;1914138.4
3501202;3897.0;917.36;652374.17
3501301;23513.0;3547.3;2894718.87
3501400;4650.0;543.79;362144.49
3501509;3000.0;494.61;359415.87
3501608;210638.0;31182.03;33356054.51
3501707;34478.0;3680.66;3119282.42
3501806;5706.0;1129.32;822392.12
3501905;65829.0;11200.36;11321538.0
3502002;4293.0;552.65;486306.89
3502101;55334.0;9853.35;8915056.78
3502200;22210.0;3382.2;2669254.49
3502309;5653.0;730.24;606044.23
3502408;3738.0;584.68;469343.29
3502507;35007.0;4619.63;4102369.16
3502606;4450.0;1022.1;750023.19
3502705;25191.0;2778.68;2678903.68
3502754;17080.0;1570.79;1445487.08
3502804;181579.0;27008.75;28336875.53
3502903;27299.0;3890.47;3685217.21
3503000;5152.0;944.97;839905.26
3503109;6123.0;927.21;655908.63
3503158;2493.0;338.65;238842.44
3503208;208662.0;31037.71;36502179.05
3503307;118843.0;17241.42;17426407.34
3503356;1925.0;370.95;232189.22
3503406;7841.0;1357.64;1101396.13
3503505;3696.0;216.19;145205.69
3503604;10579.0;1207.34;870577.84
3503703;8547.0;1218.28;945083.16
3503802;44177.0;4796.01;4190860.55
3503901;74905.0;6854.67;7250299.85
3503950;1809.0;333.54;198488.8
3504008;95144.0;14629.92;15058949.49
3504107;126603.0;14938.12;15908695.54
3504206;14202.0;2466.23;1861274.88
3504305;4959.0;574.56;462493.13
3504404;11310.0;1204.05;929850.43
3504503;82934.0;12178.97;12119607.46
3504602;14603.0;1680.44;1378152.54
3504701;3702.0;246.72;181366.83
3504800;8160.0;1423.81;1296146.53
3504909;10223.0;1473.37;1338907.21
3505005;3116.0;452.89;300349.12
3505104;6593.0;949.16;748224.3
3505203;31593.0;4644.02;4441690.95
3505302;35246.0;5595.57;5570449.3
3505351;5244.0;647.21;393329.21
3505401;7729.0;1154.88;725105.17
3505500;112101.0;17395.76;17241208.36
3505609;28496.0;3179.04;2669537.49
3505708;240749.0;17946.91;18785259.86
3505807;20445.0;2778.94;2019452.1
3505906;56476.0;7868.8;6935019.27
3506003;343937.0;48316.1;58539216.15
3506102;75035.0;10446.58;9549418.9
3506201;2674.0;365.21;275328.32
3506300;10775.0;2158.54;1957250.14
3506359;47645.0;3886.2;4634216.41
3506409;7048.0;1378.13;1146221.65
3506508;108728.0;16345.47;14365894.46
3506607;28575.0;3736.49;2933974.74
3506706;13645.0;1425.98;996194.03
3506805;10859.0;1493.17;1286213.35
3506904;9618.0;1507.81;1258355.41
3507001;48314.0;5635.94;5068451.68
3507100;19708.0;1982.96;1660877.11
3507159;3571.0;299.2;194783.17
3507209;805.0;113.51;108654.56
3507308;4268.0;496.32;407301.33
3507407;14529.0;2163.45;1610241.92
3507456;2293.0;233.69;184638.66
3507506;127328.0;18368.6;23583737.07
3507605;146744.0;19365.99;18905665.52
3507704;5021.0;924.48;812294.89
3507753;2573.0;420.7;285289.75
3507803;21107.0;2081.73;1721875.72
3507902;21580.0;2708.05;2554860.16
3508009;18563.0;1934.41;1356330.9
3508108;15418.0;2632.96;2199908.48
3508207;4053.0;592.85;477432.8
3508306;4365.0;538.19;347406.69
3508405;41604.0;3852.07;3672118.28
3508504;84752.0;11261.83;12699676.4
3508603;30091.0;4988.38;5602244.56
3508702;18538.0;3235.11;2576434.75
3508801;16607.0;2625.95;2257724.89
3508900;4072.0;766.36;499081.43
3509007;86529.0;8127.45;7877288.51
3509106;5039.0;892.22;592117.63
3509205;64114.0;5123.78;4399973.27
3509254;28372.0;3166.73;2358894.52
3509304;9768.0;1507.7;1122395.66
3509403;23371.0;2920.45;2581290.92
3509452;5567.0;912.16;636324.74
3509502;1080113.0;135161.1;167173916.36
3509601;74074.0;8135.16;8150407.79
3509700;47789.0;4762.42;4263481.41
3509809;4539.0;672.19;507729.13
3509908;12226.0;1598.65;1394559.86
3509957;4385.0;446.23;346418.9
3510005;29884.0;4982.99;3889302.48
3510104;2668.0;501.71;371293.47
3510153;4369.0;502.37;390395.75
3510203;46178.0;5581.52;4364274.43
3510302;17532.0;2012.85;1559316.17
3510401;48576.0;5869.21;5536126.03
3510500;100840.0;12336.26;12649918.19
3510609;369584.0;33103.71;30753368.83
3510708;11805.0;2264.28;1715486.86
3510807;28307.0;4171.68;3826956.92
3510906;2634.0;345.52;270147.7
3511003;18003.0;2621.23;2186974.84
3511102;112820.0;18392.66;17148822.53
3511201;7127.0;1036.74;871063.87
3511300;7972.0;1289.12;1282483.44
3511409;17532.0;2638.41;2208073.53
3511508;39617.0;5391.91;4955924.78
3511607;15540.0;2121.34;1910190.7
3511706;15085.0;1819.41;1572025.98
3511904;7065.0;857.88;666692.41
3512001;17371.0;2304.57;1957829.95
3512100;5994.0;715.24;489095.96
3512209;25229.0;2732.15;2050659.33
3512308;16288.0;2589.68;2411197.35
3512407;21080.0;2533.92;2635648.51
3512506;5238.0;813.46;571474.54
3512605;5001.0;680.47;474715.64
3512704;3874.0;480.33;520763.76
3512803;58827.0;6106.54;5683834.71
3512902;7214.0;1050.88;768869.95
3513009;201150.0;16099.14;17073371.8
3513108;31691.0;4136.05;3708742.93
3513207;7588.0;855.35;634966.11
3513306;2274.0;389.03;261684.78
3513405;77039.0;11886.15;12040855.21
3513504;118720.0;12241.41;12744946.51
3513603;21866.0;3241.12;2321098.13
3513702;31056.0;4825.61;4664183.65
3513801;386089.0;33436.46;29784837.59
3513850;1689.0;333.56;209554.95
3513900;11208.0;2036.98;1477529.26
3514007;7939.0;816.04;592580.48
3514106;24761.0;3520.12;3080203.42
3514205;2096.0;442.07;313604.59
3514304;8609.0;1580.98;1172394.42
3514403;43258.0;8549.33;7385209.34
3514502;12251.0;2201.27;1769309.82
3514601;8143.0;1014.2;897718.36
3514700;6318.0;1035.29;951966.15
3514809;14641.0;1846.56;1270380.09
3514908;15775.0;1426.03;1094346.98
3514924;3120.0;499.68;398097.56
3514957;2423.0;448.38;288837.28
3515004;240230.0;17076.34;13750709.03
3515103;62769.0;6349.01;5583100.46
3515129;3020.0;452.94;300121.57
3515152;15721.0;1158.71;982244.45
3515186;41907.0;6867.41;7654540.43
3515194;4244.0;457.64;346827.09
3515202;8208.0;1308.11;876929.87
3515301;2658.0;376.14;283876.02
3515350;9585.0;1258.11;868405.75
3515400;15320.0;2381.4;2000275.5
3515509;64696.0;11029.85;10776028.46
3515608;5534.0;1049.09;796422.36
3515657;1563.0;233.71;162247.28
3515707;168306.0;13818.35;11735887.69
3515806;1752.0;348.14;237125.91
3515905;3003.0;657.59;487819.2
3516002;12848.0;1905.35;1433844.65
3516101;2829.0;420.01;302007.73
3516200;318640.0;40245.25;36531918.51
3516309;154472.0;10617.76;7898157.98
3516408;131604.0;11162.9;9780837.96
3516507;2708.0;600.64;499594.92
3516606;7011.0;1207.07;968257.28
3516705;43115.0;7024.09;6575711.26
3516804;4193.0;575.82;420129.68
3516853;4419.0;457.2;347116.11
3516903;10669.0;1822.57;1500702.94
3517000;10765.0;1620.22;1244608.08
3517109;4565.0;734.46;534697.33
3517208;10670.0;1541.13;1299570.7
3517307;5425.0;799.24;574444.34
3517406;37404.0;4595.88;3747945.24
3517505;17869.0;1894.47;1554182.0
3517604;17998.0;2686.39;1636620.73
3517703;19858.0;3001.97;2335866.36
3517802;8435.0;1662.96;1179930.91
3517901;9976.0;1182.82;837027.01
3518008;1970.0;374.73;242363.62
3518107;6404.0;833.29;686449.28
3518206;30597.0;5554.2;4663141.1
3518305;25844.0;3000.44;2841531.29
3518404;112072.0;15899.23;20427199.47
3518503;14565.0;1421.23;1119424.86
3518602;35486.0;3965.06;3241384.34
3518701;290752.0;29799.67;32220977.97
3518800;1221979.0;111132.74;109664325.06
3518859;6966.0;693.16;601945.98
3518909;4754.0;759.29;555261.6
3519006;8696.0;1279.05;845327.11
3519055;11299.0;1061.14;1124558.36
3519071;192692.0;15741.7;13516723.28
3519105;10013.0;1418.11;1258608.22
3519204;6419.0;1094.48;770846.19
3519253;6376.0;430.52;348888.35
3519303;30734.0;3354.24;2429507.59
3519402;10896.0;1894.43;1694039.49
3519501;6725.0;794.5;597179.33
3519600;53158.0;7213.63;5633380.13
3519709;71217.0;7351.21;6672020.82
3519808;7462.0;907.11;804154.45
3519907;7628.0;1438.54;991545.26
3520004;23362.0;3374.39;2758919.93
3520103;27952.0;4626.43;4612796.89
3520202;8831.0;977.21;951689.48
3520301;28841.0;4114.86;5454388.61
3520400;28196.0;2122.16;2394858.0
3520426;9025.0;1366.77;1398929.77
3520442;25064.0;4468.63;5674863.29
3520509;201619.0;21991.64;23213512.17
3520608;4825.0;804.49;591519.02
3520707;3903.0;673.28;526549.25
3520806;3630.0;593.47;426544.26
3520905;13663.0;2143.0;1711789.32
3521002;28300.0;3047.62;2762994.87
3521101;6016.0;616.82;659639.14
3521150;4463.0;666.46;523624.85
3521200;4299.0;613.84;414184.67
3521309;14148.0;1766.91;1342238.75
3521408;20029.0;2451.39;2176242.57
3521507;7275.0;846.85;664181.61
3521606;7789.0;1284.5;976189.81
3521705;17858.0;2445.9;1646632.87
3521804;24008.0;2820.53;2102119.35
3521903;14556.0;2509.42;1827971.15
3522000;3246.0;473.26;423360.1
3522109;87057.0;13194.7;14732809.85
3522158;3228.0;485.41;306307.76
3522208;152614.0;10747.34;8900992.0
3522307;144377.0;17847.61;17863307.92
3522406;87753.0;9581.86;8741114.81
3522505;200769.0;14321.39;12533529.4
3522604;68537.0;11144.17;10119518.62
3522653;3880.0;410.59;236161.32
3522703;40051.0;6635.0;5560472.92
3522802;14549.0;2223.28;1558680.16
3522901;12173.0;1412.23;1211099.95
3523008;4357.0;627.37;487663.1
3523107;321770.0;23613.38;18426352.79
3523206;47934.0;6245.97;4790747.96
3523305;15471.0;1619.33;1231431.34
3523404;101471.0;13326.49;14332582.17
3523503;18052.0;1965.55;1537527.96
3523602;15524.0;1586.91;1483562.66
3523701;5914.0;833.64;552441.66
3523800;7546.0;1205.75;866508.58
3523909;154147.0;18021.17;19502337.7
3524006;44859.0;3822.9;3403749.82
3524105;38695.0;6679.07;5886473.6
3524204;6592.0;1007.33;708750.16
3524303;71662.0;10639.33;10858718.46
3524402;211214.0;27471.09;28143118.23
3524501;5657.0;548.3;400362.57
3524600;17208.0;1994.16;1572058.68
3524709;44311.0;4817.42;4394894.22
3524808;47012.0;7806.09;7248634.5
3524907;5349.0;595.77;566430.07
3525003;108344.0;8598.63;7615343.43
3525102;37661.0;4698.95;4151814.51
3525201;23847.0;2665.96;2487628.4
3525300;131040.0;18988.9;18479607.11
3525409;3160.0;374.65;236967.77
3525508;11768.0;1801.49;1482780.29
3525607;4150.0;565.76;453716.6
3525706;32763.0;4449.63;3572524.79
3525805;4430.0;693.43;472799.41
3525854;2798.0;339.01;270111.9
3525904;370126.0;55161.15;63254569.8
3526001;18726.0;3361.11;2323616.88
3526100;19246.0;2586.73;1960743.15
3526209;28737.0;2768.41;2221878.51
3526308;4841.0;921.27;677227.78
3526407;25251.0;4013.82;3498676.54
3526506;8779.0;951.81;658301.18
3526605;6590.0;598.22;530012.2
3526704;91756.0;10887.6;9299938.5
3526803;61428.0;8200.35;7807365.85
3526902;276022.0;35371.69;34390407.53
3527009;6712.0;988.36;829427.7
3527108;71432.0;11089.2;11504861.21
3527207;82537.0;10918.22;12641706.57
3527256;2128.0;449.75;291956.04
3527306;37125.0;2742.26;2425937.66
3527405;19882.0;3168.03;3086207.9
3527504;2249.0;366.6;314991.41
3527603;11286.0;1035.42;1022232.58
3527702;5030.0;824.31;541398.22
3527801;4353.0;640.04;449975.64
3527900;2714.0;449.04;327322.4
3528007;16259.0;2321.37;2206441.39
3528106;7663.0;1551.65;1192084.01
3528205;3664.0;718.43;445531.06
3528304;3200.0;548.11;382913.98
3528403;43223.0;5260.14;5406154.82
3528502;80956.0;8231.85;8688441.4
3528601;8992.0;1437.4;1193104.69
3528700;4812.0;455.04;296054.05
3528809;13332.0;2067.58;1494169.88
3528858;2633.0;396.99;265979.09
3528908;3916.0;723.4;508311.04
3529005;216745.0;32187.45;32666931.4
3529104;2113.0;375.83;271771.24
3529203;24219.0;3553.97;2972965.07
3529302;76786.0;10191.41;9627949.05
3529401;417064.0;41783.43;39684501.61
3529500;4640.0;787.3;579628.24
3529609;3855.0;719.03;567919.46
3529658;1886.0;308.28;202785.5
3529708;20451.0;2423.75;1662417.83
3529807;12038.0;1983.1;1516866.21
3529906;20592.0;2134.31;1645153.55
3530003;2820.0;542.85;402077.1
3530102;27483.0;4805.37;4264909.44
3530201;17059.0;2767.06;1975697.2
3530300;53792.0;7001.77;6488802.89
3530409;4295.0;720.86;508210.74
3530508;66290.0;10561.92;11513198.45
3530607;387779.0;45389.39;49244495.46
3530706;137245.0;19609.03;18109711.79
3530805;86505.0;12505.58;11628041.93
3530904;3266.0;395.92;348932.27
3531001;2132.0;446.71;295096.04
3531100;46293.0;7129.62;7992567.27
3531209;7152.0;1234.11;1302955.74
3531308;46642.0;7381.11;6020951.96
3531407;21746.0;3615.79;3182458.07
3531506;18931.0;2815.06;2215650.53
3531605;4063.0;794.69;540427.23
3531704;4120.0;533.32;533816.23
3531803;48949.0;4364.26;3545814.72
3531902;29116.0;3205.21;2802657.82
3532009;11769.0;1437.85;1153770.18
3532058;4290.0;503.34;435485.18
3532108;4186.0;932.86;666847.9
3532157;2707.0;352.88;216796.13
3532207;4288.0;526.71;311963.3
3532306;6678.0;1152.59;885424.15
3532405;16414.0;2211.45;1732314.42
3532504;8772.0;1563.48;1301792.73
3532603;10725.0;1734.35;1783595.6
3532702;4274.0;599.7;458037.3
3532801;5891.0;866.21;709609.12
3532827;8515.0;796.37;507049.19
3532843;2114.0;541.08;338736.1
3532868;1125.0;191.04;112692.2
3532900;9300.0;1222.13;950838.15
3533007;19180.0;2649.93;2430763.1
3533106;2177.0;509.68;465703.39
3533205;3068.0;413.36;273467.61
3533254;4592.0;407.76;245823.56
3533304;3441.0;570.81;412169.41
3533403;51242.0;5924.07;5727652.25
3533502;36593.0;5673.96;4711114.69
3533601;6817.0;1136.74;946613.0
3533700;4163.0;660.35;473977.46
3533809;2673.0;529.22;424761.64
3533908;50024.0;7413.98;6907057.51
3534005;3884.0;312.75;216071.52
3534104;6097.0;798.11;652075.49
3534203;5675.0;489.53;406430.19
3534302;39781.0;5411.99;5213586.85
3534401;666740.0;74932.21;78291152.35
3534500;2537.0;570.33;509229.19
3534609;30917.0;5393.78;4258886.59
3534708;103035.0;14461.32;15520652.47
3534757;8405.0;1289.82;998473.43
3534807;7800.0;1519.9;992246.94
3534906;13226.0;2114.63;1619486.4
3535002;11051.0;1686.57;1320259.41
3535101;10934.0;1060.99;867654.38
3535200;9584.0;2080.44;1517854.96
3535309;21186.0;3706.51;3157967.76
3535408;14583.0;1927.92;1532104.69
3535507;42278.0;6374.1;5654210.37
3535606;17388.0;2134.72;2017407.47
3535705;5898.0;922.73;661689.91
3535804;17808.0;2011.54;1510247.46
3535903;3815.0;649.88;405895.81
3536000;10844.0;1969.93;1408170.99
3536109;5582.0;705.57;584290.03
3536208;18446.0;2202.19;1736946.36
3536257;2032.0;388.21;244125.5
3536307;13000.0;1651.48;1199708.51
3536406;6339.0;854.34;685457.13
3536505;82146.0;7414.1;8923889.95
3536570;1779.0;274.16;183264.15
3536604;8589.0;1148.47;897380.44
3536703;41497.0;5825.24;4782599.78
3536802;5780.0;835.03;559391.08
3536901;2558.0;533.89;379875.91
3537008;15700.0;2009.19;1738070.18
3537107;41558.0;6337.91;5475897.86
3537156;2940.0;427.37;345661.11
3537206;10204.0;1363.65;1200560.04
3537305;58510.0;9792.96;9067622.56
3537404;24962.0;3534.68;3235997.97
3537503;7454.0;1098.11;1048864.11
3537602;59773.0;9335.35;10221037.2
3537701;5287.0;947.53;605816.81
3537800;52143.0;7077.81;5448791.4
3537909;26406.0;3411.28;2556416.1
3538006;146995.0;17159.15;19346222.59
3538105;15039.0;2564.75;2072015.18
3538204;13105.0;2084.18;1909633.89
3538303;3537.0;554.44;383791.69
3538501;14107.0;2359.53;3170677.22
3538600;25116.0;3421.16;3076109.25
3538709;364571.0;46135.42;53283102.58
3538808;28475.0;4586.06;4542284.81
3538907;22704.0;3313.66;3041792.82
3539004;10623.0;1523.44;1073107.95
3539103;15733.0;1259.22;1078708.18
3539202;24694.0;3624.86;3158817.83
3539301;70081.0;11638.78;13823541.48
3539400;12072.0;1876.72;2123656.42
3539509;35307.0;4038.08;3102107.99
3539608;4463.0;551.37;349691.63
3539707;3192.0;504.04;349869.95
3539806;106013.0;10827.5;10094661.12
3539905;5395.0;1035.59;947456.85
3540002;19964.0;3037.26;2834697.29
3540101;3481.0;654.16;572528.18
3540200;40244.0;3240.24;2574500.06
3540259;4074.0;594.88;346484.44
3540309;2518.0;310.59;233768.91
3540408;4223.0;846.06;604528.14
3540507;8326.0;1510.78;1430239.29
3540606;48893.0;6018.43;5568623.9
3540705;51400.0;7174.54;6619000.9
3540754;19397.0;1521.25;1197904.43
3540804;15449.0;2064.3;1869095.84
3540853;2858.0;281.56;207455.19
3540903;17377.0;2007.84;1863154.91
3541000;262051.0;34724.72;39595403.52
3541059;4599.0;457.09;313107.42
3541109;4123.0;655.42;543224.2
3541208;13570.0;2853.7;2215521.25
3541307;41318.0;6982.8;6304323.31
3541406;207610.0;30475.43;31369119.81
3541505;37910.0;6553.53;5539251.39
3541604;35674.0;5204.47;4516437.19
3541653;3236.0;475.87;345168.92
3541703;12799.0;1821.28;1592068.44
3541802;2808.0;331.52;228789.14
3541901;11309.0;1313.56;970635.67
3542008;6004.0;967.24;744753.15
3542107;8612.0;1079.11;1035295.41
3542206;28804.0;4619.32;4098753.15
3542305;3873.0;593.62;459328.58
3542404;18494.0;2952.04;2504322.42
3542503;7323.0;909.8;783099.48
3542602;54261.0;6654.97;5826981.18
3542701;6587.0;734.97;502990.93
3542800;3358.0;581.7;381458.04
3542909;12135.0;1724.36;1609357.94
3543006;18269.0;1643.67;1006792.68
3543105;4273.0;548.93;382880.01
3543204;4446.0;736.53;523936.5
3543238;2187.0;485.58;330549.76
3543253;7422.0;1018.78;736584.43
3543303;113068.0;13895.6;14478910.76
3543402;604682.0;80285.82;92749099.29
3543501;6163.0;1087.69;714001.63
3543600;3436.0;503.34;416425.0
3543709;10414.0;1282.87;1093260.63
3543808;9935.0;1778.73;1396100.52
3543907;186253.0;26168.94;30713563.78
3544004;29501.0;3054.75;2667178.71
3544103;43974.0;4197.03;3597285.86
3544202;10575.0;1180.83;785421.15
3544251;19691.0;2521.3;2413444.24
3544301;9599.0;1049.35;996564.8
3544400;2729.0;415.04;290342.74
3544509;2862.0;701.01;585738.04
3544608;5217.0;915.84;736910.77
3544707;2395.0;398.63;301551.22
3544806;5451.0;975.69;773153.19
3544905;10568.0;1374.97;1306677.93
3545001;15635.0;2076.81;1975691.59
3545100;4818.0;859.91;616310.18
3545159;7059.0;528.14;436623.38
3545209;105516.0;12770.81;12268211.52
3545308;40132.0;5281.59;4846388.92
3545407;8787.0;1245.4;1151904.78
3545506;3699.0;453.6;315138.18
3545605;14333.0;2147.35;1723801.58
3545704;5723.0;1157.5;774436.06
3545803;180009.0;23624.1;21866989.5
3546009;13763.0;2039.97;1816940.71
3546108;2084.0;215.2;171824.96
3546207;4002.0;582.84;574166.41
3546256;1953.0;293.3;300768.64
3546306;29932.0;3609.49;2906158.23
3546405;43921.0;7443.6;6608621.61
3546504;5568.0;652.58;598641.5
3546603;29239.0;5295.36;4815718.86
3546702;21634.0;2139.67;1770441.23
3546801;50453.0;5798.7;4872552.24
3546900;8248.0;983.23;748547.86
3547007;5413.0;578.97;408492.33
3547106;2831.0;545.12;411939.24
3547205;1641.0;464.14;316320.05
3547304;108813.0;8070.26;11814062.06
3547403;2543.0;661.24;426306.95
3547502;26478.0;5074.97;5464156.11
3547601;23862.0;3560.13;3484903.28
3547650;1447.0;318.27;237103.0
3547700;20475.0;3275.24;2769203.71
3547809;676407.0;100058.88;117643050.1
3547908;6304.0;931.47;695592.93
3548005;20650.0;2372.26;1728863.89
3548054;7626.0;976.69;709357.1
3548104;5943.0;961.37;689153.26
3548203;6486.0;753.36;589442.03
3548302;2803.0;537.2;426036.93
3548401;4277.0;652.52;443282.47
3548500;419400.0;81360.36;124531446.79
3548609;10468.0;1543.87;1209724.94
3548708;765463.0;90338.5;107829402.61
3548807;149263.0;28497.47;36679241.63
3548906;221950.0;33609.19;36744905.68
3549003;2793.0;614.22;425358.73
3549102;83639.0;13981.99;14423498.79
3549201;2566.0;439.49;276733.89
3549250;1780.0;381.87;259872.39
3549300;2103.0;553.97;395142.36
3549409;46512.0;7348.78;6467603.62
3549508;8406.0;1089.31;712705.79
3549607;4077.0;374.15;490348.51
3549706;51900.0;8823.39;8053761.9
3549805;408258.0;55374.78;60307113.22
3549904;629921.0;71590.26;87932260.21
3549953;13973.0;1488.02;1244081.47
3550001;10397.0;1623.67;1287746.7
3550100;38342.0;5742.19;5602973.54
3550209;31450.0;4059.18;2991387.0
3550308;11253503.0;1337641.17;1664137281.6
3550407;31662.0;4765.14;5291951.78
3550506;7198.0;1070.87;756132.08
3550605;78821.0;11030.25;11961959.11
3550704;73942.0;6112.03;7147312.36
3550803;12099.0;1795.89;1363478.94
3550902;14346.0;2193.04;2378451.1
3551009;332445.0;43380.51;49012896.26
3551108;9027.0;1310.13;1204607.42
3551207;3622.0;623.55;477056.84
3551306;3031.0;440.17;309599.19
3551405;11256.0;1276.07;986770.84
3551504;38878.0;3856.12;3092608.11
3551603;26387.0;4378.27;4277932.04
3551702;110074.0;12859.34;13416809.02
3551801;13005.0;1491.27;1109081.05
3551900;15501.0;1763.25;1555209.16
3552007;5792.0;787.61;589514.92
3552106;36686.0;6692.28;6175075.29
3552205;586625.0;81540.1;89335178.14
3552304;7435.0;1034.81;700821.99
3552403;241311.0;21906.83;19575532.74
3552502;262480.0;26911.16;24504290.79
3552551;3383.0;545.34;358887.11
3552601;11363.0;1989.21;1497433.33
3552700;14686.0;1971.87;1362502.88
3552809;244528.0;19464.16;18070478.78
3552908;5714.0;944.83;637936.17
3553005;10828.0;1306.38;898086.89
3553104;5894.0;789.77;630094.56
3553203;5447.0;927.48;791331.27
3553302;22406.0;3482.89;3165497.82
3553401;24055.0;3655.77;3198924.01
3553500;8012.0;1034.05;764926.95
3553609;12737.0;2353.81;2040498.98
3553658;2726.0;465.28;296564.62
3553708;53988.0;7323.43;6234677.29
3553807;22291.0;3036.38;2419279.23
3553856;5151.0;448.18;285627.06
3553906;6607.0;851.84;643537.11
3553955;12885.0;1409.12;1054729.74
3554003;107326.0;16214.12;14323297.3
3554102;278686.0;34150.03;41585387.29
3554201;4809.0;664.65;428794.0
3554300;21386.0;2576.08;1850293.1
3554409;8505.0;1300.68;940035.23
3554508;36835.0;5356.77;5423205.91
3554607;2646.0;510.31;394555.09
3554656;2254.0;452.57;395839.63
3554706;9330.0;1293.54;1016016.22
3554755;1544.0;204.1;172659.29
3554805;40984.0;4114.0;5047284.94
3554904;5427.0;1071.97;828863.96
3554953;5930.0;1074.73;824253.88
3555000;63476.0;11296.05;10465179.03
3555109;14269.0;2983.23;2647167.75
3555208;1930.0;424.93;301541.74
3555307;1978.0;510.15;404827.47
3555356;5289.0;543.98;369026.64
3555406;78801.0;7235.31;6884846.68
3555505;4427.0;666.64;479319.83
3555604;9471.0;1601.55;1437689.6
3555703;1599.0;246.89;155553.25
3555802;8836.0;1568.05;1178195.56
3555901;1251.0;198.73;150533.47
3556008;12714.0;2337.14;1912076.68
3556107;11036.0;1524.67;1215200.01
3556206;106793.0;13927.8;16741232.04
3556305;22576.0;2707.2;2182956.6
3556354;8801.0;1257.18;1015043.08
3556404;39266.0;5517.06;4314783.61
3556453;42997.0;4086.73;3763064.39
3556503;107089.0;9969.15;8669034.24
3556602;10769.0;1917.22;1738447.46
3556701;63611.0;7360.92;8924777.67
3556800;17297.0;2588.56;1995401.66
3556909;6886.0;794.83;547908.67
3556958;1737.0;300.18;178636.14
3557006;108809.0;14979.93;13944364.03
3557105;84692.0;13975.1;13030872.11
3557154;2335.0;424.44;270244.22
3557204;12114.0;1844.56;1925602.19
3557303;10044.0;1393.74;1141628.72
4100103;7764.0;1429.26;1012003.75
4100202;6376.0;1037.55;723789.46
4100301;8270.0;1171.46;989253.12
4100400;103204.0;8687.22;6419309.33
4100459;4306.0;744.73;454178.18
4100509;20516.0;3779.38;2458427.63
4100608;13663.0;1767.14;1150767.63
4100707;10179.0;1852.84;1133252.28
4100806;10283.0;1612.68;1145926.39
4100905;5443.0;666.75;429472.76
4101002;17308.0;2467.79;1618388.76
4101051;2874.0;546.95;338122.48
4101101;20610.0;3567.97;2560163.45
4101150;2859.0;377.14;242083.27
4101200;18891.0;2824.04;3047725.54
4101309;7351.0;1390.35;929753.09
4101408;120919.0;16358.01;13349215.34
4101507;104150.0;12193.1;9571193.79
4101606;25855.0;3024.68;2225825.43
4101655;3561.0;681.4;410069.51
4101705;13419.0;2167.27;1440935.44
4101804;119123.0;10329.23;8560482.24
4101853;2453.0;459.55;274758.2
4101903;16354.0;2597.12;2006246.93
4102000;33025.0;5833.23;4050622.36
4102109;24698.0;3669.0;2638543.0
4102208;3913.0;739.49;468331.27
4102307;11300.0;1271.01;1429713.19
4102406;32184.0;5222.97;3849667.57
4102505;12656.0;2553.02;1519641.73
4102604;9735.0;1478.9;1021610.63
4102703;2727.0;528.01;414649.99
4102752;3945.0;812.65;501476.78
4102802;15079.0;2648.06;2128633.43
4102901;15880.0;1701.98;1080379.81
4103008;4568.0;838.69;541747.29
4103024;2764.0;372.55;229520.86
4103040;6554.0;789.11;454535.64
4103057;7911.0;1421.91;940135.78
4103107;10987.0;1236.81;841640.59
4103156;3796.0;872.09;508905.74
4103206;6561.0;1006.07;668355.49
4103222;3293.0;584.63;350046.2
4103305;7878.0;1636.36;1073699.16
4103354;5735.0;852.77;582817.58
4103370;3209.0;511.98;294216.22
4103404;2695.0;211.66;141140.71
4103453;14662.0;1431.25;903480.98
4103479;4290.0;690.28;415969.27
4103503;8069.0;1271.1;806482.59
4103602;23886.0;4130.24;3168865.54
4103701;96733.0;11348.96;8902657.65
4103800;7236.0;1050.92;716793.66
4103909;15394.0;2598.54;1797530.57
4103958;4076.0;534.68;313678.05
4104006;38769.0;3452.91;2738228.61
4104055;4407.0;592.42;362957.76
4104105;7125.0;801.11;579401.52
4104204;112377.0;13487.92;10987954.19
4104253;24843.0;2321.31;1643430.66
4104303;87194.0;11340.9;9820061.38
4104402;16655.0;2531.45;1473383.86
4104428;14983.0;1697.21;1072837.6
4104451;12952.0;1587.74;938700.2
4104501;18526.0;3484.13;2469470.04
4104600;14970.0;2230.98;1493272.67
4104659;19163.0;1731.46;1464097.37
4104709;13706.0;2330.28;1743189.25
4104808;286205.0;28189.64;24558476.84
4104907;67084.0;8114.87;6073562.85
4105003;10202.0;1209.43;695353.98
4105102;11190.0;1785.44;1230542.24
4105201;16938.0;2373.5;1378150.96
4105300;11032.0;1557.71;1158389.94
4105409;19679.0;2738.3;2060940.44
4105508;69958.0;9044.13;6822341.92
4105607;11062.0;1544.56;1100162.26
4105706;17240.0;2399.61;1758981.72
4105805;212967.0;18666.87;15338276.22
4105904;22345.0;3211.66;2352886.92
4106001;8279.0;1335.76;928252.19
4106100;3636.0;594.53;408852.02
4106209;15891.0;2151.71;1706592.71
4106308;16312.0;2101.52;1581861.5
4106407;46928.0;8026.87;6777566.23
4106456;7238.0;715.55;431462.9
4106506;21749.0;3776.48;2811485.39
4106555;4002.0;860.87;519591.98
4106571;4278.0;705.19;436808.3
4106605;20416.0;3731.38;2498806.98
4106704;4563.0;765.79;474160.47
4106803;18040.0;2572.68;1680390.31
4106852;3162.0;579.56;340552.27
4106902;1751907.0;222846.64;303631143.9
4107009;13923.0;1876.28;1241890.86
4107108;5516.0;1039.4;712999.06
4107124;3510.0;541.36;311044.51
4107157;5027.0;720.99;466921.72
4107207;36179.0;4665.02;3576154.63
4107256;7445.0;1081.99;722403.24
4107306;5828.0;1163.94;800071.8
4107405;6103.0;1060.03;784541.51
4107504;13906.0;2230.34;1539573.38
4107520;1970.0;458.8;284152.71
4107538;3926.0;571.64;387842.64
4107546;4677.0;696.25;394241.44
4107553;3472.0;609.52;428695.01
4107603;16314.0;2422.71;1610020.47
4107652;81675.0;6053.87;4358992.59
4107702;4802.0;919.09;584405.06
4107736;5932.0;738.02;525694.51
4107751;8293.0;1490.74;1153992.68
4107801;5050.0;1026.72;703785.51
4107850;4726.0;776.65;481257.42
4107900;5931.0;729.54;581769.97
4108007;11222.0;1596.39;1085370.26
4108106;2543.0;378.74;232346.65
4108205;7541.0;1668.44;1056787.04
4108304;256088.0;21569.33;18750078.28
4108320;6418.0;1326.83;787681.42
4108403;78943.0;10025.7;8125353.02
4108452;5420.0;720.26;497129.77
4108502;13669.0;1555.03;1041868.88
4108551;3337.0;763.59;468558.23
4108601;29018.0;4418.77;3357262.76
4108650;7503.0;891.2;490381.57
4108700;6625.0;1183.27;703651.84
4108809;30704.0;3962.74;2956225.25
4108908;6197.0;995.38;644519.3
4108957;7900.0;1119.27;739532.22
4109005;3891.0;689.23;439213.9
4109104;2219.0;374.55;224602.83
4109203;5227.0;878.96;604865.72
4109302;14582.0;2417.48;1662703.68
4109401;167328.0;18462.28;14967489.84
4109500;7871.0;1033.44;736058.77
4109609;32095.0;3550.66;3519936.75
4109658;5955.0;690.52;429637.18
4109708;28751.0;4446.82;3427357.04
4109757;6066.0;820.87;520173.27
4109807;48198.0;6049.97;4936629.09
4109906;8839.0;1649.25;977354.64
4110003;3982.0;580.14;499416.21
4110052;2234.0;419.94;262981.27
4110078;11274.0;1683.92;1089225.76
4110102;28455.0;3488.93;2194961.75
4110201;10943.0;1136.22;673189.3
4110300;2988.0;509.63;317101.03
4110409;4299.0;745.74;551124.66
4110508;14150.0;1876.64;1172233.78
4110607;14981.0;2610.31;1799096.04
4110656;2578.0;558.88;349137.8
4110706;56207.0;7807.39;5900876.71
4110805;10622.0;1854.08;1246106.85
4110904;4568.0;728.29;470015.6
4110953;9026.0;1143.97;783530.01
4111001;6759.0;1270.98;860466.49
4111100;5979.0;942.62;644498.86
4111209;10531.0;1834.93;1213154.37
4111258;23887.0;1696.8;1211418.59
4111308;3583.0;634.51;396688.87
4111407;12815.0;1851.33;1177231.16
4111506;31816.0;5264.99;3671021.35
4111555;7514.0;1044.27;597734.21
4111605;3010.0;391.03;269496.99
4111704;4902.0;736.96;501982.09
4111803;39121.0;5402.62;4975103.8
4111902;12225.0;1820.75;1213869.88
4112009;32606.0;4340.61;3432153.51
4112108;20269.0;3386.27;2475709.47
4112207;6532.0;1417.79;953352.17
4112306;4903.0;680.53;611809.19
4112405;8549.0;1311.49;934844.24
4112504;12324.0;2289.81;1496557.73
4112603;1409.0;210.36;173306.84
4112702;11875.0;1462.92;969140.63
4112751;9001.0;1892.36;1220207.74
4112801;10736.0;1544.2;1260130.85
4112900;3433.0;643.29;507176.6
4112959;7641.0;1110.45;700104.19
4113007;6610.0;967.91;642673.52
4113106;4506.0;1074.3;667681.55
4113205;44932.0;6524.85;5101146.74
4113254;6360.0;761.2;423282.26
4113304;30777.0;4150.49;3275419.73
4113403;4145.0;731.65;481936.34
4113429;3973.0;814.73;487608.94
4113452;5361.0;862.28;495814.93
4113502;21201.0;3308.12;2344742.19
4113601;4401.0;650.07;537264.37
4113700;506701.0;68077.42;70752721.09
4113734;7315.0;1013.55;636843.16
4113759;5160.0;1009.06;641395.71
4113809;4592.0;774.33;567207.55
4113908;12973.0;2089.02;1428917.62
4114005;13961.0;2093.92;1440806.18
4114104;19781.0;2587.64;1840353.19
4114203;32658.0;4991.03;3851268.69
4114302;22220.0;2824.83;2068435.28
4114351;3127.0;570.01;335522.14
4114401;17048.0;2479.0;1544864.01
4114500;13169.0;1522.34;959527.7
4114609;46819.0;6353.16;4855533.97
4114708;5956.0;1102.36;698170.74
4114807;31959.0;4561.19;3213265.3
4114906;8863.0;1271.52;788145.85
4115002;6858.0;1156.82;725633.97
4115101;10224.0;1579.36;968406.08
4115200;357077.0;42978.13;43844460.92
4115309;6268.0;852.97;561393.05
4115358;5684.0;1057.54;723582.62
4115408;13900.0;2235.05;1490532.96
4115457;4981.0;548.6;297153.0
4115507;4603.0;787.61;490648.89
4115606;16078.0;1958.66;1292722.21
4115705;29428.0;4010.72;4807046.78
4115739;3818.0;634.4;361072.66
4115754;8555.0;793.43;518227.63
4115804;41817.0;4970.16;3983774.81
4115853;5046.0;811.83;536941.7
4115903;2327.0;395.9;252666.68
4116000;1862.0;342.89;226796.59
4116059;10474.0;1998.29;1316739.4
4116109;12606.0;2239.21;1541940.82
4116208;15718.0;2414.58;2256303.65
4116307;3672.0;739.76;535956.5
4116406;3836.0;638.11;448233.18
4116505;1431.0;221.15;143903.09
4116604;3478.0;563.97;377318.4
4116703;11866.0;1800.61;1119403.58
4116802;7425.0;1164.81;709252.39
4116901;26615.0;4255.16;3402244.79
4116950;5098.0;755.52;485475.26
4117008;8147.0;1303.94;997886.67
4117057;11241.0;1590.66;943008.6
4117107;13067.0;1935.11;1453449.68
4117206;5503.0;995.12;657903.39
4117214;3908.0;728.87;482188.5
4117222;7626.0;1440.82;917070.23
4117255;10377.0;1880.23;1187905.8
4117271;7398.0;1475.68;858377.53
4117297;2827.0;529.02;321701.17
4117305;23380.0;3701.23;2252993.85
4117404;3380.0;582.52;407756.74
4117453;5692.0;913.7;573697.0
4117503;35936.0;4056.96;2760155.93
4117602;42888.0;4161.94;3077900.46
4117701;32123.0;3649.27;2788124.04
4117800;14865.0;2082.52;1273396.52
4117909;28683.0;3965.43;2775159.5
4118006;11772.0;1652.86;1364689.36
4118105;10250.0;1265.7;857872.94
4118204;140469.0;15273.77;16666261.4
4118303;2791.0;370.63;258397.61
4118402;81590.0;12888.04;10800664.0
4118451;4822.0;756.32;492136.54
4118501;72370.0;7829.8;6229352.92
4118600;5434.0;912.89;649789.45
4118709;6913.0;1129.5;772998.24
4118808;13624.0;2159.05;1613265.05
4118857;5653.0;1021.46;672370.41
4118907;10208.0;1857.66;1182285.5
4119004;6761.0;1275.28;854716.06
4119103;11236.0;1411.92;943609.16
4119152;117008.0;10261.84;9997183.05
4119202;6215.0;963.16;751458.82
4119251;2625.0;490.36;321670.52
4119301;30208.0;3015.14;1921396.98
4119400;23424.0;3461.73;2483841.34
4119509;93207.0;7241.08;6247287.66
4119608;32638.0;4717.72;3163748.83
4119657;2814.0;365.25;273735.37
4119707;4095.0;677.48;425800.38
4119806;13654.0;2794.12;1783335.65
4119905;311611.0;38919.13;39618044.67
4119954;20920.0;2835.43;3193605.63
4120002;14189.0;2405.15;2084603.45
4120101;4514.0;610.37;448881.44
4120150;3663.0;602.02;385854.06
4120200;2530.0;396.91;285185.72
4120309;4020.0;646.49;385742.55
4120333;3434.0;491.05;301105.76
4120358;5628.0;1015.98;708712.63
4120408;4784.0;573.81;384766.31
4120507;10832.0;1794.77;1413230.13
4120606;48792.0;7487.71;4930640.1
4120655;4856.0;730.61;445011.47
4120705;7045.0;1125.02;731417.29
4120804;19851.0;1697.09;1554304.04
4120853;3803.0;663.56;484796.73
4120903;30605.0;3984.46;2655617.82
4121000;11729.0;1768.96;1135775.28
4121109;5088.0;814.62;555393.04
4121208;17089.0;2612.25;1830630.52
4121257;4134.0;589.76;330163.94
4121307;3955.0;765.88;524769.64
4121356;2847.0;419.53;267193.86
4121406;16338.0;2763.47;1938424.77
4121505;14176.0;2288.89;1686839.25
4121604;6812.0;1009.34;723055.02
4121703;25172.0;3688.78;2107902.86
4121752;7307.0;578.15;346125.71
4121802;10678.0;1788.9;1312854.11
4121901;13524.0;2461.01;1794297.75
4122008;14093.0;1783.93;1111728.74
4122107;3334.0;648.4;448762.12
4122156;13661.0;1779.86;1051839.1
4122172;3898.0;547.41;305473.51
4122206;30650.0;3181.21;2195716.47
4122305;31274.0;4391.52;3889421.3
4122404;57862.0;7236.89;5696747.98
4122503;11537.0;1702.3;1096929.7
4122602;8996.0;1347.76;953996.75
4122651;5588.0;1057.55;629821.43
4122701;6096.0;940.78;768960.52
4122800;4403.0;757.65;489862.8
4122909;5178.0;887.85;643779.45
4123006;13689.0;2097.47;1315642.68
4123105;3803.0;695.59;472644.02
4123204;3646.0;711.29;454994.42
4123303;8092.0;1347.06;861949.4
4123402;10432.0;1520.52;1182275.69
4123501;23413.0;3422.78;2258353.97
4123600;1818.0;316.25;235495.74
4123709;8760.0;1735.84;1259865.5
4123808;13132.0;2130.66;1392138.08
4123824;3925.0;690.63;410626.92
4123857;11500.0;1588.1;901516.46
4123907;12435.0;2290.07;1641528.65
4123956;3571.0;515.74;324554.41
4124004;5249.0;929.29;589355.56
4124020;10332.0;1159.3;720782.62
4124053;20841.0;2280.68;1813194.39
4124103;42707.0;6072.35;4571005.4
4124202;2727.0;496.61;320421.48
4124301;2408.0;445.67;328480.86
4124400;18893.0;2893.73;1949384.35
4124509;5269.0;795.38;644175.89
4124608;6354.0;922.25;607109.5
4124707;11337.0;1719.0;1219279.28
4124806;10599.0;2016.69;1398563.22
4124905;5911.0;1039.73;686533.38
4125001;11525.0;2436.4;1652284.01
4125100;13704.0;1798.38;1116665.15
4125209;9085.0;1528.14;1008527.6
4125308;5517.0;1028.82;742335.77
4125357;6041.0;1279.49;800428.71
4125407;6511.0;1169.8;788551.85
4125456;3830.0;726.15;456630.4
4125506;264210.0;22582.07;20212407.17
4125555;2098.0;424.84;291993.7
4125605;41257.0;5189.66;4157551.56
4125704;25769.0;3495.16;2417917.18
4125753;6491.0;1224.05;741112.13
4125803;10167.0;1400.52;1012997.96
4125902;2491.0;454.42;342137.01
4126009;8626.0;1402.69;1027576.49
4126108;5349.0;846.44;638094.49
4126207;6736.0;1038.47;745272.02
4126256;82847.0;8890.06;5504391.45
4126272;5028.0;796.53;464297.8
4126306;18414.0;1952.07;1359120.57
4126355;4568.0;918.93;600566.11
4126405;5817.0;1072.43;926221.09
4126504;15638.0;2368.6;1790312.72
4126603;18454.0;2673.27;1931485.99
4126652;3394.0;580.43;338839.19
4126678;12262.0;1471.39;882892.46
4126702;4664.0;734.04;493421.8
4126801;14598.0;2034.46;1268642.56
4126900;5836.0;969.22;630910.78
4127007;10283.0;1317.54;978738.57
4127106;69872.0;8674.75;7173620.53
4127205;15776.0;2550.22;1871725.41
4127304;15221.0;2436.71;1709061.29
4127403;16759.0;2653.74;1707924.48
4127502;19344.0;2211.92;1592484.18
4127601;14537.0;2042.74;1526711.18
4127700;119313.0;15059.46;11702579.13
4127809;8791.0;1680.65;1088028.9
4127858;11824.0;1629.95;990991.94
4127882;6256.0;475.89;284443.96
4127908;8695.0;1358.67;828651.9
4127957;7997.0;1488.77;1027975.04
4127965;13811.0;1852.78;1160129.63
4128005;21558.0;3441.06;2190410.93
4128104;100676.0;13229.68;9982723.4
4128203;52735.0;7595.19;6658721.59
4128302;2466.0;392.97;273265.19
4128401;11472.0;2178.24;1707453.52
4128500;19298.0;3030.44;2090175.6
4128534;9957.0;1213.06;739973.97
4128559;8973.0;1380.46;864406.13
4128609;7878.0;1452.95;912486.59
4128625;3206.0;476.39;262439.58
4128633;5727.0;777.79;448815.07
4128658;3950.0;600.47;392929.94
4128708;6513.0;1042.32;753249.79
4128807;6012.0;1287.04;847329.18
4200051;2653.0;541.17;342447.91
4200101;17100.0;2079.92;1312587.48
4200200;9323.0;1608.94;1128944.27
4200309;4904.0;760.73;521762.95
4200408;6961.0;1200.82;862922.22
4200507;6110.0;1229.0;781379.34
4200556;2424.0;487.96;345896.69
4200606;5548.0;1102.43;762117.61
4200705;9410.0;1489.84;982609.01
4200754;2005.0;542.26;367500.26
4200804;6380.0;1216.81;824181.78
4200903;5250.0;1057.71;800564.21
4201000;8623.0;1608.21;1047628.52
4201109;3214.0;647.02;463275.7
4201208;7458.0;1060.71;730171.41
4201257;9600.0;1585.05;1239127.57
4201273;4193.0;909.22;554186.04
4201307;24810.0;2382.6;1879291.55
4201406;61310.0;7794.61;7194845.72
4201505;7753.0;1505.45;1145469.29
4201604;3502.0;776.31;522655.81
4201653;2260.0;447.57;269125.49
4201703;7412.0;1301.19;1026578.52
4201802;3300.0;627.42;471517.35
4201901;5549.0;929.58;681838.68
4201950;9586.0;1936.84;2060104.45
4202008;108089.0;14114.64;20937784.24
4202057;8430.0;1977.66;1870928.71
4202073;8234.0;1665.12;1524463.52
4202081;2906.0;626.34;367661.2
4202099;1878.0;420.43;245315.4
4202107;22386.0;3675.77;3344227.96
4202131;6004.0;764.05;468750.91
4202156;2635.0;542.86;333114.5
4202206;10336.0;1792.06;1362296.64
4202305;58206.0;6412.98;6341789.47
4202404;309011.0;43440.47;46484206.94
4202438;3290.0;609.85;415184.79
4202453;14293.0;1485.55;1386870.72
4202503;4395.0;589.23;395357.15
4202537;2526.0;387.57;266748.51
4202578;2132.0;495.56;324809.38
4202602;8942.0;1366.67;961684.95
4202701;4468.0;884.73;611549.73
4202800;29018.0;3928.6;2921128.95
4202859;3457.0;678.2;519143.69
4202875;2850.0;499.21;277201.45
4202909;105503.0;14265.72;13783413.77
4203006;70762.0;8981.01;7092816.56
4203105;6219.0;1054.11;734962.15
4203154;3387.0;387.53;227987.66
4203204;62361.0;5076.77;4152638.12
4203253;2753.0;495.22;329743.66
4203303;11748.0;1684.94;1336624.3
4203402;7483.0;1216.58;787071.66
4203501;9370.0;1511.3;1022769.3
4203600;32824.0;4631.16;3420082.73
4203709;10603.0;1379.11;947820.66
4203808;52765.0;7479.98;6500405.63
4203907;20769.0;3248.77;2384186.12
4203956;21674.0;3341.48;3318756.79
4204004;9555.0;1321.3;992153.81
4204103;4411.0;950.94;618247.94
4204152;2771.0;564.07;356216.88
4204178;3581.0;649.9;400377.42
4204194;2762.0;379.26;220775.83
4204202;183530.0;22914.61;18786278.75
4204251;15159.0;2543.39;2478716.16
4204301;68621.0;12607.41;9682613.69
4204350;3767.0;630.01;400306.3
4204400;10213.0;1759.39;1070786.54
4204459;2458.0;467.74;307777.41
4204509;13852.0;2151.82;1781181.74
4204558;14785.0;2105.25;1703979.56
4204608;192308.0;27812.49;27825724.98
4204707;10613.0;2156.28;1581824.92
4204756;1882.0;344.18;221525.86
4204806;37748.0;5766.45;5252198.38
4204905;8634.0;1826.33;1157388.45
4205001;14811.0;2327.78;1509905.12
4205100;3721.0;669.42;573871.51
4205159;3604.0;705.54;485811.71
4205175;3018.0;475.38;283508.79
4205191;2050.0;304.82;202224.47
4205209;4352.0;848.21;649788.87
4205308;10661.0;1514.36;1181577.76
4205357;1588.0;371.05;226026.93
4205407;421240.0;57577.12;108937729.67
4205431;2601.0;490.03;304361.9
4205456;22548.0;2891.83;2670210.5
4205506;34553.0;4799.22;3595469.49
4205555;2474.0;331.69;234410.16
4205605;3472.0;662.75;447792.47
4205704;18138.0;2662.21;2381292.4
4205803;14761.0;1301.03;1095680.04
4205902;57981.0;7611.42;6984893.99
4206009;12999.0;1725.76;1604729.81
4206108;6223.0;1092.12;764880.92
4206207;10635.0;2013.34;1699772.06
4206306;18430.0;2695.68;2252228.8
4206405;10498.0;2224.95;1457523.36
4206504;35172.0;3583.08;3321209.5
4206603;4908.0;994.0;711559.54
4206652;4679.0;863.25;535918.75
4206702;21239.0;3674.79;3006938.1
4206751;1945.0;382.23;243424.73
4206801;3373.0;876.29;620845.5
4206900;17330.0;2984.9;2313904.67
4207007;58833.0;7927.87;6877725.12
4207106;12355.0;1635.37;1331089.29
4207205;11672.0;3011.1;2405647.43
4207304;40170.0;7224.4;7862686.69
4207403;5707.0;812.9;558316.56
4207502;54854.0;7627.73;6370936.69
4207577;2739.0;636.18;436912.36
4207601;4752.0;813.05;523409.28
4207650;8409.0;1573.3;1034219.66
4207684;6798.0;826.72;555323.18
4207700;7220.0;1379.39;891722.11
4207759;4253.0;907.65;540580.83
4207809;9531.0;1331.88;903111.19
4207858;2096.0;419.91;254819.94
4207908;10448.0;1643.41;1054086.75
4208005;6426.0;1102.11;790195.81
4208104;20301.0;2972.91;1870220.57
4208203;183373.0;20720.26;21740965.54
4208302;45797.0;5323.79;6844937.25
4208401;15409.0;2343.5;1711677.44
4208450;14763.0;2378.73;2743362.05
4208500;22250.0;2914.23;2391710.44
4208609;4041.0;942.29;661145.71
4208708;10609.0;2067.76;1406869.64
4208807;17290.0;3120.22;2500875.51
4208906;143123.0;16613.99;16172641.06
4208955;1766.0;301.74;189252.18
4209003;27020.0;4686.08;4303179.0
4209102;515288.0;63208.3;66623530.37
4209151;4721.0;816.58;539503.95
4209177;2148.0;430.96;326441.14
4209201;2199.0;503.18;367788.42
4209300;156727.0;21393.36;22260061.87
4209409;51562.0;10208.69;9332244.89
4209458;1490.0;295.35;196592.34
4209508;6004.0;1028.24;749144.59
4209607;14367.0;2815.69;2384049.62
4209706;11838.0;1572.9;940095.39
4209805;3365.0;568.27;320822.78
4209854;4642.0;917.32;619415.2
4209904;10244.0;1755.39;1352626.29
4210001;10438.0;1148.35;907805.35
4210035;5600.0;1254.12;1057817.99
4210050;1826.0;292.49;165781.81
4210100;52912.0;7620.88;6795011.71
4210209;3279.0;611.3;480916.62
4210308;7479.0;1081.95;725808.01
4210407;6404.0;958.06;793408.29
4210506;22101.0;4007.4;2825598.71
4210555;2203.0;427.68;269484.25
4210605;14674.0;2567.11;1986462.5
4210704;2839.0;487.32;350564.28
4210803;7000.0;1204.53;1013120.18
4210852;2513.0;487.41;316222.55
4210902;4045.0;823.03;620550.79
4211009;10231.0;1660.88;1128278.17
4211058;9312.0;1306.22;798972.56
4211108;8346.0;1252.38;907993.32
4211207;16126.0;2042.76;1709286.6
4211256;2890.0;377.4;234134.51
4211306;60556.0;7809.22;6656827.35
4211405;4275.0;713.7;475445.46
4211454;4267.0;703.09;490614.8
4211504;12190.0;1863.32;1485486.65
4211603;13309.0;1956.97;1491025.53
4211652;2750.0;528.63;340475.5
4211702;21393.0;3342.38;2687125.08
4211751;16337.0;2142.79;1837693.95
4211801;7372.0;1407.49;961685.87
4211850;2271.0;363.2;222463.06
4211876;1763.0;368.73;227353.43
4211892;2353.0;416.37;281044.13
4211900;137334.0;16039.17;15947967.91
4212007;7765.0;1117.52;715980.19
4212056;2373.0;422.11;270088.27
4212106;16020.0;3314.83;2662078.21
4212205;17928.0;2592.82;1755852.52
4212239;4080.0;982.91;616921.24
4212254;6627.0;840.78;704081.32
4212270;4425.0;531.92;331654.93
4212304;6692.0;990.36;864524.04
4212403;4107.0;1023.61;728489.87
4212502;25141.0;4101.32;3743821.85
4212601;2988.0;704.38;506814.29
4212700;6131.0;1152.91;762110.61
4212809;17078.0;2326.91;2298885.1
4212908;16332.0;2338.92;1710990.44
4213005;3147.0;491.84;364287.08
4213104;4786.0;990.34;777645.69
4213153;2654.0;558.97;353447.91
4213203;27759.0;5244.09;4627153.55
4213302;4894.0;851.15;636305.05
4213351;3303.0;305.18;191373.84
4213401;11031.0;1422.81;975612.88
4213500;16083.0;2089.79;2453346.26
4213609;33493.0;5522.78;4628035.85
4213708;14810.0;2248.56;1792374.23
4213807;7267.0;1396.28;1089702.58
4213906;1725.0;392.33;260287.21
4214003;14887.0;2861.96;2133115.2
4214102;2284.0;451.96;311917.11
4214151;2758.0;484.61;295387.14
4214201;10248.0;1691.78;1073284.22
4214300;2748.0;498.2;482055.98
4214409;6143.0;1202.25;802298.32
4214508;6192.0;1037.35;746333.39
4214607;7090.0;1324.84;910202.69
4214706;10284.0;1967.32;1626789.17
4214805;61198.0;9125.17;8370821.56
4214904;4446.0;850.05;745587.59
4215000;39846.0;4850.43;3535825.78
4215059;2436.0;346.63;205625.68
4215075;4838.0;985.7;652505.35
4215109;10922.0;2431.28;1835384.97
4215208;5551.0;1233.48;791075.23
4215307;7370.0;1279.88;892022.06
4215356;3961.0;786.69;474104.61
4215406;4301.0;756.27;525911.33
4215455;10400.0;1058.08;674259.91
4215505;15757.0;1740.66;1421327.76
4215554;2382.0;524.18;336434.98
4215604;2065.0;416.96;284791.96
4215653;8054.0;1185.62;773470.5
4215679;8767.0;1068.1;703050.85
4215687;2896.0;414.94;249361.6
4215695;1465.0;305.75;205462.95
4215703;19823.0;2481.44;2294878.96
4215752;2677.0;494.07;304649.1
4215802;74801.0;9390.71;7859202.77
4215901;3008.0;784.39;587154.96
4216008;10291.0;1774.22;1255851.74
4216057;5012.0;1308.73;880547.31
4216107;9491.0;1533.34;1023778.92
4216206;42520.0;6201.95;7130106.81
4216255;6036.0;1298.95;1007796.2
4216305;26260.0;2557.38;1845803.85
4216354;3435.0;469.25;351022.74
4216404;7002.0;1044.43;705172.44
4216503;24812.0;3388.05;2432544.68
4216602;209804.0;25733.01;34941494.85
4216701;13684.0;2838.51;1963917.84
4216800;9273.0;1944.48;1241455.97
4216909;21792.0;3546.95;2573797.91
4217006;10993.0;1428.54;1096414.59
4217105;3209.0;778.02;521096.05
4217154;1904.0;405.16;246052.23
4217204;36306.0;6214.49;5391408.41
4217253;4704.0;809.07;673494.59
4217303;9016.0;1579.03;1002637.77
4217402;15316.0;1844.46;1603060.94
4217501;16936.0;2489.45;1676134.57
4217550;3285.0;641.22;411706.21
4217600;12998.0;2347.81;2147405.25
4217709;26613.0;3530.63;2622478.04
4217758;2766.0;514.83;335284.74
4217808;17260.0;2872.69;2081176.29
4217907;8674.0;1519.47;1075663.06
4217956;1757.0;407.87;253728.81
4218004;30960.0;4517.95;3916634.02
4218103;5308.0;998.9;729401.7
4218202;36774.0;6132.86;7338623.7
4218251;7167.0;715.25;440990.11
4218301;18129.0;2040.7;1650032.86
4218350;3527.0;771.89;815735.43
4218400;6876.0;1150.75;791760.24
4218509;6341.0;953.25;818443.27
4218608;6553.0;1025.84;802247.77
4218707;97235.0;16267.24;17279072.19
4218756;4633.0;1038.65;713789.05
4218806;11854.0;1655.55;1302715.91
4218855;2910.0;565.47;341832.0
4218905;10699.0;1456.46;1171680.71
4218954;2482.0;392.13;261183.26
4219002;20223.0;4251.02;3995447.96
4219101;3532.0;569.39;457850.05
4219150;2808.0;521.91;323897.91
4219176;4793.0;609.98;421442.09
4219200;6290.0;980.48;712805.41
4219309;47188.0;7006.01;5444686.99
4219358;5207.0;788.64;532812.55
4219408;3600.0;559.24;384071.82
4219507;44128.0;5780.06;4378510.63
4219606;4142.0;783.54;516466.15
4219705;25713.0;3902.61;2839240.67
4219853;2991.0;533.92;376620.91
4300034;4394.0;661.31;462990.23
4300059;3722.0;707.1;468680.75
4300109;16722.0;3206.58;2467099.03
4300208;7255.0;1615.42;1087122.7
4300307;7045.0;2117.6;1529928.06
4300406;77653.0;13399.62;12296739.85
4300455;4301.0;1177.35;786736.41
4300471;2067.0;499.72;346088.29
4300505;8027.0;1925.02;1229405.76
4300554;1848.0;448.84;305943.7
4300570;2917.0;662.53;487023.86
4300604;195673.0;22422.95;17938003.11
4300638;6353.0;1035.5;649886.85
4300646;7323.0;1139.61;733974.71
4300661;1216.0;256.43;179403.61
4300703;6073.0;1493.54;1012990.6
4300802;12833.0;2617.19;2048700.98
4300851;3693.0;848.4;791547.51
4300877;4864.0;716.43;532357.04
4300901;6565.0;1487.68;1066829.41
4301008;18783.0;4139.67;3391700.05
4301057;7740.0;1543.9;1780109.4
4301073;2730.0;643.33;441216.95
4301107;13606.0;2432.29;1959159.6
4301206;12648.0;2384.98;2178546.86
4301305;18470.0;3423.37;2702251.15
4301404;10225.0;2018.76;1483394.77
4301503;7096.0;1750.57;1307330.45
4301552;3665.0;934.3;610845.92
4301602;116794.0;20047.19;22092732.61
4301636;10856.0;2297.08;2495798.57
4301651;5741.0;1145.1;908656.09
4301701;6529.0;1515.75;1084564.06
4301750;7018.0;1151.53;772808.21
4301800;5357.0;960.41;673654.2
4301859;3089.0;578.56;357197.06
4301875;4012.0;279.05;187648.44
4301909;12572.0;2035.45;1719654.33
4301925;2003.0;531.43;340639.87
4301958;2367.0;492.83;334407.59
4302006;11133.0;2140.49;1493874.28
4302055;2307.0;376.19;212954.99
4302105;107278.0;20123.91;20155651.52
4302154;2114.0;393.57;258712.0
4302204;6574.0;1351.02;1025796.46
4302220;2441.0;496.35;298691.85
4302238;2425.0;450.92;318875.43
4302253;2776.0;743.1;512069.19
4302303;11519.0;2022.94;1508729.04
4302352;11789.0;2009.96;1610333.93
4302378;2328.0;404.54;308437.58
4302402;11472.0;2172.36;1773652.75
4302451;7673.0;1182.6;846540.7
4302501;6884.0;1251.46;942952.02
4302584;2200.0;505.67;341171.71
4302600;3702.0;809.84;518630.16
4302659;4675.0;1114.2;836495.34
4302709;20406.0;3741.24;3145611.73
4302808;33690.0;7089.84;5927424.31
4302907;13676.0;2501.99;2098127.03
4303004;83827.0;16408.53;15722092.63
4303103;118278.0;15726.56;14405411.29
4303202;4868.0;1038.14;746107.26
4303301;4954.0;1184.08;921832.56
4303400;5071.0;1185.39;854552.48
4303509;62764.0;10393.31;8284017.14
4303558;2592.0;417.03;264421.25
4303608;6542.0;909.35;711309.73
4303673;3247.0;699.36;504708.7
4303707;6117.0;1760.95;1230625.94
4303806;5506.0;1343.4;972658.11
4303905;60074.0;9305.58;7883464.36
4304002;5459.0;1017.69;707539.59
4304101;3494.0;859.69;554124.69
4304200;30171.0;6083.22;4704375.58
4304309;6535.0;1728.25;1221315.83
4304358;8771.0;1114.16;1044762.78
4304408;39229.0;5204.17;4934792.09
4304507;53259.0;11267.84;7722240.58
4304606;323827.0;42634.05;46285349.11
4304614;1807.0;477.27;332326.86
4304622;1754.0;354.02;248411.04
4304630;42040.0;5010.78;6275099.84
4304655;3104.0;515.26;346729.09
4304663;24298.0;3352.59;2762547.52
4304671;3890.0;459.18;402855.87
4304689;11612.0;1699.29;1266320.39
4304697;2636.0;646.9;449326.59
4304705;59317.0;10750.9;10348599.65
4304713;7312.0;1829.24;1277691.04
4304804;25192.0;4888.99;4495423.69
4304853;1607.0;382.67;266490.75
4304903;8651.0;1973.9;1704742.04
4304952;3007.0;672.24;417695.26
4305009;9323.0;2273.03;1714983.97
4305108;435564.0;63849.1;70850445.83
4305116;2965.0;706.21;447420.4
4305124;6402.0;1331.91;953924.89
4305132;4454.0;1059.31;700654.38
4305157;2417.0;563.03;345161.9
4305173;10268.0;1447.1;977597.15
4305207;13289.0;2751.52;2262280.27
4305306;9377.0;2130.99;1376976.17
4305355;35320.0;5044.96;4885628.59
4305371;3471.0;648.03;423186.5
4305405;4044.0;754.79;520567.76
4305439;5917.0;567.96;469179.22
4305447;4944.0;723.25;465526.03
4305454;12668.0;2799.61;3257862.32
4305504;4922.0;1247.71;838807.5
4305587;2420.0;784.95;553533.11
4305603;3550.0;825.41;529390.15
4305702;6552.0;1142.51;846906.02
4305801;9752.0;1922.58;1388755.69
4305835;1528.0;569.14;380425.81
4305850;2457.0;627.82;484410.91
4305871;2459.0;647.1;466969.2
4305900;7748.0;1612.32;1048813.37
4305934;1725.0;487.7;332630.85
4305959;3917.0;1054.18;756551.17
4305975;2826.0;476.11;320403.25
4306007;14084.0;3718.17;2531260.59
4306056;7280.0;1150.88;761204.72
4306072;2826.0;634.66;396707.09
4306106;62821.0;10754.81;10962493.43
4306130;2141.0;504.65;370400.32
4306205;12320.0;2913.03;2376360.25
4306304;4683.0;989.65;630477.6
4306320;3190.0;671.45;435123.98
4306353;2866.0;757.68;495325.42
4306379;3064.0;720.8;690225.26
4306403;27572.0;4429.65;3599637.94
4306429;2157.0;352.6;219995.16
4306452;3278.0;895.4;737474.19
4306502;14380.0;2423.97;1562305.55
4306551;2550.0;564.71;401396.26
4306601;38898.0;6871.06;5891420.31
4306700;3401.0;763.82;616755.16
4306734;5313.0;1309.42;975121.87
4306759;2030.0;544.02;405688.36
4306767;34343.0;4086.94;3938933.75
4306809;20510.0;4303.13;3572675.14
4306908;24534.0;4577.36;3501316.32
4306924;1527.0;281.87;188942.05
4306932;8938.0;1960.28;1501639.36
4306957;3080.0;741.81;488573.03
4306973;2970.0;477.5;328226.63
4307005;96087.0;16759.41;15367352.36
4307054;3088.0;671.0;501364.7
4307104;6753.0;1426.4;986912.43
4307203;5163.0;1274.35;822015.9
4307302;7878.0;1674.97;1105190.94
4307401;3168.0;652.65;395934.51
4307450;3272.0;969.67;615157.81
4307500;15240.0;3114.45;2205459.85
4307559;6011.0;1184.52;1061467.41
4307609;42574.0;6138.59;5579400.77
4307708;80755.0;12362.6;13440390.06
4307807;30619.0;6069.87;5926505.99
4307815;3628.0;666.08;416011.85
4307831;2798.0;719.36;487232.85
4307864;2579.0;645.58;475748.12
4307906;63635.0;10027.38;8606106.29
4308003;6672.0;1417.19;1117181.42
4308052;2567.0;573.49;372977.01
4308078;3697.0;691.79;543440.2
4308102;12359.0;2559.48;2098400.81
4308201;27126.0;4024.72;3549330.97
4308250;2018.0;540.32;335942.04
4308300;10719.0;2037.59;1337229.95
4308409;7014.0;1771.4;1318952.22
4308433;2479.0;744.33;557897.12
4308458;4575.0;807.19;555462.85
4308508;28843.0;4574.74;3752191.01
4308607;30689.0;6010.45;6074296.08
4308656;3234.0;630.66;426488.95
4308706;5862.0;1507.57;1097738.39
4308805;8447.0;1742.48;1520729.89
4308854;1677.0;345.5;226705.6
4308904;16154.0;3446.82;2824021.35
4309001;17075.0;3420.72;2462003.27
4309050;6891.0;1280.3;1072537.37
4309100;32273.0;4721.69;5145228.97
4309126;2269.0;514.64;347835.74
4309159;3970.0;509.08;322456.28
4309209;255660.0;32680.75;31315299.09
4309258;1598.0;417.11;331539.85
4309308;95204.0;14228.12;13605226.39
4309407;22814.0;4271.17;3795020.72
4309506;8115.0;1970.76;1421812.12
4309555;4254.0;794.64;614798.13
4309571;2954.0;344.14;215976.0
4309605;18348.0;3658.41;3514161.39
4309654;6043.0;937.73;630452.09
4309704;4919.0;1246.94;972177.78
4309753;4371.0;809.97;576048.72
4309803;4710.0;1101.33;862663.63
4309902;7171.0;1451.13;1003139.87
4309951;4061.0;973.34;619187.98
4310009;19310.0;3719.71;3279158.23
4310108;31660.0;4615.9;3533101.94
4310207;78915.0;13929.28;12177451.71
4310306;4102.0;908.24;601561.55
4310330;17670.0;3376.38;3814914.41
4310363;3023.0;970.51;681653.19
4310405;6618.0;1508.62;1076619.69
4310413;2267.0;436.73;266736.69
4310439;6016.0;1361.51;1034102.64
4310462;1944.0;478.25;333861.99
4310504;8078.0;1514.96;1320802.72
4310538;5010.0;795.81;1110360.85
4310553;3441.0;665.03;448645.49
4310579;2344.0;436.46;270856.57
4310603;38159.0;4438.22;3747651.44
4310652;2584.0;623.61;429990.3
4310702;4171.0;1029.03;641904.65
4310751;2156.0;587.14;422217.49
4310801;19874.0;2850.8;2408153.03
4310850;4098.0;886.02;593440.37
4310876;2507.0;503.36;320866.63
4310900;3633.0;843.47;549896.04
4311007;27931.0;5678.35;4760607.63
4311106;11473.0;2654.53;2350697.23
4311122;4177.0;785.07;501768.98
4311130;3575.0;733.28;433298.67
4311155;8331.0;1485.78;962504.57
4311205;19579.0;3236.77;2641224.08
4311239;2662.0;524.06;343471.91
4311254;6185.0;1090.23;695421.81
4311270;1598.0;366.67;237564.49
4311304;27525.0;5252.22;4179320.21
4311403;71445.0;11270.95;11390315.55
4311429;2487.0;499.43;295721.02
4311502;7679.0;1374.06;1067896.74
4311601;5780.0;1379.49;886161.75
4311627;5227.0;524.34;378161.62
4311643;1624.0;448.38;335139.45
4311700;5510.0;1268.56;906865.33
4311718;4738.0;567.83;448785.4
4311734;3003.0;615.2;425156.69
4311759;7072.0;1330.36;1043290.65
4311775;6905.0;1433.35;1135587.49
4311791;2527.0;675.33;537598.14
4311809;36364.0;5778.0;4520999.32
4311908;5134.0;1352.21;999399.15
4311981;3768.0;831.48;767571.35
4312005;2210.0;415.68;277081.36
4312054;4068.0;1044.66;719821.91
4312104;5111.0;1181.4;764301.58
4312138;2470.0;522.57;398988.33
4312153;3865.0;864.13;630767.09
4312179;1799.0;523.24;374460.79
4312203;4911.0;1180.66;804195.13
4312252;7631.0;1252.25;3158045.6
4312302;4855.0;1111.69;762055.13
4312351;1542.0;437.92;274244.34
4312377;3102.0;555.68;351791.72
4312385;2670.0;823.85;523047.29
4312401;59415.0;9443.93;10007240.72
4312427;2749.0;684.28;419247.92
4312443;3182.0;670.53;450543.02
4312450;6227.0;1635.87;1175703.28
4312476;5676.0;1175.98;864276.84
4312500;12124.0;1911.82;1284793.48
4312609;4791.0;1431.55;1279941.19
4312617;2988.0;531.86;358898.96
4312625;1813.0;341.18;218396.16
4312658;15936.0;2930.8;2490455.51
4312674;1721.0;238.95;185536.07
4312708;12074.0;2276.0;1777015.14
4312757;3182.0;636.57;410827.43
4312807;4001.0;737.75;664723.14
4312906;8840.0;1855.83;1386053.66
4312955;1960.0;514.61;355029.4
4313003;3184.0;871.93;679860.56
4313011;2751.0;646.84;419030.91
4313037;4671.0;918.85;611609.27
4313060;18346.0;2262.23;1791277.57
4313086;2450.0;594.03;384933.47
4313102;6342.0;1300.09;947247.33
4313201;19045.0;4100.94;3490033.63
4313300;22830.0;4110.66;4006655.16
4313334;2437.0;548.43;348680.16
4313359;3343.0;720.85;494175.66
4313375;22716.0;2892.31;2552627.66
4313391;3855.0;883.75;584556.88
4313409;238940.0;34587.08;34102682.9
4313425;3925.0;1003.45;679671.08
4313441;2277.0;506.65;329186.08
4313466;1757.0;448.74;295048.07
4313490;3978.0;939.18;581038.99
4313508;40906.0;6189.74;6772867.28
4313607;4243.0;1051.76;705599.26
4313656;10969.0;2131.85;1943357.01
4313706;34328.0;5203.9;4309452.84
4313805;6920.0;1475.05;1087062.48
4313904;38058.0;6148.37;4893593.74
4313953;9895.0;1670.53;1240854.47
4314001;6812.0;1327.31;917785.3
4314027;7336.0;1729.82;1184777.18
4314035;3511.0;705.65;525264.57
4314050;51502.0;6151.08;4853651.16
4314068;5154.0;945.62;612819.9
4314076;6011.0;1279.95;945338.26
4314100;184826.0;28134.19;30339865.53
4314134;2196.0;588.14;358917.64
4314159;8044.0;1875.25;1304003.33
4314175;2212.0;322.47;276899.99
4314209;7811.0;1626.7;1476721.01
4314308;3973.0;736.7;539824.59
4314407;328275.0;58905.87;61220542.93
4314423;5182.0;1137.75;836798.54
4314456;2513.0;504.18;334033.48
4314464;2130.0;481.22;311427.08
4314472;4471.0;876.88;548391.94
4314498;4497.0;811.69;526722.06
4314506;12780.0;2566.58;2130173.81
4314555;2757.0;659.19;430497.69
4314605;19841.0;4583.28;3443058.63
4314704;10524.0;2139.65;1456729.0
4314753;2017.0;537.84;401086.88
4314779;3857.0;648.68;462953.61
4314787;1750.0;481.21;314177.62
4314803;30920.0;4351.7;3600558.6
4314902;1409351.0;240810.06;368833916.97
4315008;5413.0;1584.9;1169980.65
4315057;2542.0;644.44;469953.43
4315073;1852.0;554.21;366709.13
4315107;10558.0;2208.34;1585510.78
4315131;1875.0;500.52;389847.91
4315149;2484.0;483.29;340427.97
4315156;6163.0;1198.6;816696.7
4315172;2000.0;505.48;376917.51
4315206;4141.0;1002.07;617431.92
4315305;23021.0;3442.88;2655739.46
4315313;1775.0;357.98;211461.31
4315321;2710.0;547.6;351037.74
4315354;3653.0;845.36;599771.1
4315404;10222.0;1389.85;876038.63
4315453;2155.0;657.62;442527.24
4315503;15849.0;3198.88;2335639.03
4315552;3616.0;874.17;509887.02
4315602;197228.0;35995.72;38938802.72
4315701;37591.0;6782.31;5945774.29
4315750;4330.0;829.47;553600.04
4315800;10284.0;2302.81;1737471.01
4315909;5743.0;1201.15;916453.26
4315958;2546.0;707.09;418407.18
4316006;19485.0;3868.9;2729173.8
4316105;10221.0;2062.74;1407509.23
4316204;5518.0;1450.87;956862.5
4316303;7203.0;1453.15;1078224.93
4316402;39707.0;7914.64;6411671.58
4316428;2595.0;590.68;365058.54
4316436;2869.0;614.31;409833.79
4316451;11880.0;1793.15;1625656.71
4316477;2669.0;682.57;467730.78
4316501;6747.0;1352.61;1022326.56
4316600;15373.0;3338.11;2437433.52
4316709;8829.0;1330.7;989614.73
4316733;1655.0;377.33;242290.39
4316758;5697.0;1404.63;1031343.03
4316808;118374.0;22269.36;21974335.4
4316907;261031.0;43583.82;60638390.62
4316956;6053.0;1297.14;964284.29
4316972;2352.0;453.11;299847.73
4317004;8242.0;2018.96;1319026.48
4317103;82464.0;13958.93;13595008.88
4317202;68587.0;11523.24;10307858.7
4317251;1720.0;584.54;457401.27
4317301;30990.0;5432.21;4638466.32
4317400;49071.0;9113.18;9892702.53
4317509;76275.0;13830.65;13201728.57
4317558;2139.0;382.22;248862.81
4317608;39685.0;8022.25;6087607.05
4317707;11210.0;2300.79;1532954.18
4317756;1987.0;456.82;285214.42
4317806;13968.0;2536.58;1788915.25
4317905;14378.0;3143.7;2388358.83
4317954;2461.0;598.66;392583.49
4318002;61671.0;9659.31;8250553.36
4318051;2926.0;758.39;548089.16
4318101;19254.0;4369.96;3036553.62
4318200;20537.0;3481.7;2858494.11
4318309;60425.0;10789.42;9548576.75
4318408;22134.0;3876.85;4029505.34
4318424;4726.0;1172.0;777245.37
4318432;2635.0;467.91;356264.21
4318440;2774.0;659.05;427760.48
4318457;2720.0;620.58;412771.1
4318465;2204.0;395.24;298382.5
4318481;4094.0;875.2;648078.81
4318499;2200.0;588.06;374970.86
4318507;25503.0;5092.29;3733864.73
4318606;6904.0;1319.68;972166.72
4318614;2082.0;531.24;418433.67
4318622;3290.0;390.24;246077.68
4318705;214087.0;28379.35;30325562.06
4318804;43111.0;8727.43;6681310.63
4318903;34556.0;6130.07;5208646.89
4319000;20103.0;3570.76;3220114.32
4319109;5773.0;1401.69;1053708.35
4319125;3201.0;692.62;490167.48
4319158;7421.0;1476.3;973891.24
4319208;5727.0;1299.75;842558.6
4319307;6364.0;1223.37;849965.28
4319356;3315.0;574.16;412566.8
4319364;1886.0;411.91;263298.11
4319372;2873.0;717.37;471902.98
4319406;16368.0;3963.05;3172971.15
4319505;21932.0;4012.83;3697250.24
4319604;23798.0;4692.21;3909014.56
4319703;3632.0;1046.3;687177.54
4319711;2168.0;624.34;462912.07
4319737;2647.0;436.77;283725.33
4319752;1944.0;397.48;301821.05
4319802;8440.0;1603.82;1284008.31
4319901;74985.0;10257.08;7974543.06
4320008;130957.0;17459.07;16273687.97
4320107;21285.0;3671.11;3091053.22
4320206;10897.0;2311.01;1649026.01
4320230;3011.0;667.73;500340.44
4320263;7158.0;1316.36;821946.48
4320305;4929.0;962.86;814801.48
4320321;2814.0;670.25;426591.47
4320354;5198.0;1103.28;831334.78
4320404;14253.0;2425.83;1805696.23
4320453;2281.0;560.3;359823.26
4320503;6294.0;1391.48;1027117.33
4320552;5850.0;1228.6;902470.47
4320578;2124.0;540.5;348303.86
4320602;3842.0;973.29;656126.6
4320651;2449.0;659.1;559705.63
4320677;10068.0;2248.55;1568896.63
4320701;14283.0;2425.61;2154964.97
4320800;30044.0;5334.42;4888385.03
4320859;4131.0;831.54;600070.01
4320909;19250.0;2977.4;2252289.09
4321006;10448.0;2084.75;1616148.26
4321105;16629.0;3149.26;2728172.2
4321204;54643.0;9370.82;8443163.38
4321303;26092.0;4593.98;3773614.33
4321329;2966.0;670.86;479442.42
4321352;5351.0;1212.1;796382.23
4321402;13719.0;2734.62;2159420.0
4321436;9878.0;1664.71;1293099.23
4321451;27272.0;5326.43;4030208.93
4321469;2724.0;564.77;377727.99
4321477;6461.0;1837.39;1247910.64
4321493;2952.0;785.03;507096.92
4321501;34656.0;5675.36;6452477.23
4321600;41585.0;6696.81;7264484.62
4321626;2314.0;720.91;466078.55
4321634;2855.0;950.6;1353115.69
4321667;10217.0;1754.94;1325071.26
4321709;23848.0;3529.83;2514435.8
4321808;23726.0;4593.79;3740360.23
4321832;2914.0;679.03;468437.58
4321857;4381.0;1067.2;694967.54
4321907;23965.0;5122.68;4599559.59
4321956;5787.0;1285.8;826990.51
4322004;25793.0;4211.12;4021276.79
4322103;5898.0;1400.8;1068305.82
4322152;4395.0;774.06;484972.59
4322186;1573.0;399.61;251597.59
4322202;22281.0;3237.3;2340695.45
4322251;3924.0;733.69;501674.84
4322301;8557.0;2315.1;1807471.94
4322327;3522.0;878.75;556093.68
4322343;2296.0;531.34;353541.14
4322350;1487.0;480.34;321095.22
4322376;2450.0;588.64;425627.77
4322400;125435.0;14054.58;14128579.36
4322509;61342.0;9340.03;8111519.97
4322525;3253.0;824.75;544279.45
4322533;11077.0;2263.83;1524674.5
4322541;5118.0;881.19;652087.27
4322558;1984.0;446.06;318526.51
4322608;65946.0;13172.66;10401800.09
4322707;23983.0;4772.77;3706926.37
4322806;22810.0;4607.62;4522351.0
4322855;1974.0;534.87;359656.25
4322905;5311.0;1394.93;922765.79
4323002;239384.0;31226.05;30478182.04
4323101;5285.0;1007.87;618604.88
4323200;3036.0;622.99;426756.7
4323309;3207.0;721.07;493875.98
4323358;2152.0;500.79;350675.67
4323408;4221.0;983.53;630324.34
4323457;4221.0;996.81;670894.23
4323507;2832.0;616.15;408075.89
4323606;1569.0;371.25;192329.16
4323705;2759.0;553.12;365900.07
4323754;3485.0;1023.64;634973.18
4323770;2793.0;799.46;576183.81
4323804;12434.0;1393.33;1503797.66
5000203;14424.0;561.88;435801.45
5000252;4569.0;324.78;186076.42
5000609;34730.0;3177.09;2414544.3
5000708;23835.0;2912.26;2046178.81
5000807;8493.0;938.23;716067.32
5000856;9185.0;1141.06;777405.07
5000906;8208.0;758.47;443469.18
5001003;22320.0;2942.08;2458087.32
5001102;45614.0;5104.64;4248180.32
5001243;10251.0;826.52;446970.82
5001508;6609.0;634.89;470421.24
5001904;19839.0;1938.84;1551312.4
5002001;10936.0;1568.18;1161407.87
5002100;23181.0;2129.28;2343031.9
5002159;7985.0;796.19;461827.69
5002209;19587.0;1817.9;1414636.09
5002308;11826.0;1102.14;755983.74
5002407;25767.0;2655.32;1763160.33
5002605;13625.0;1394.62;960655.25
5002704;786797.0;81909.9;100269284.51
5002803;5398.0;437.62;262444.42
5002902;20966.0;3325.29;2420350.36
5002951;19648.0;980.28;798152.81
5003108;4862.0;583.38;447274.26
5003157;14064.0;1184.19;629571.18
5003207;103703.0;9434.49;9527475.84
5003256;19695.0;1743.37;1098324.13
5003306;32159.0;3283.29;2428656.35
5003454;12139.0;1721.91;1280023.61
5003488;10363.0;821.15;553751.79
5003504;5364.0;673.83;449742.47
5003702;196035.0;19602.71;16971476.77
5003751;11694.0;1541.91;1047970.39
5003801;19035.0;3015.79;2299565.23
5003900;2928.0;228.06;140644.64
5004007;9927.0;1651.33;1152184.95
5004106;10366.0;1204.54;790775.49
5004304;14875.0;1715.69;1094104.6
5004403;7669.0;727.99;432646.49
5004502;20865.0;2089.25;1333089.76
5004601;18614.0;1948.0;1145255.38
5004700;22341.0;3170.02;1982535.8
5004809;7731.0;797.77;453289.9
5004908;6341.0;829.97;616026.53
5005004;24346.0;2403.31;1985206.5
5005103;4011.0;474.89;359091.76
5005152;5900.0;695.44;436047.92
5005202;19617.0;1812.06;2170845.0
5005251;6491.0;593.46;349976.65
5005400;37405.0;2702.89;2240503.59
5005608;25595.0;2598.11;1893233.58
5005681;17043.0;2464.35;1711908.41
5005707;46424.0;4653.65;3203962.24
5005806;14391.0;1360.17;1001557.8
5006002;16432.0;936.5;681430.74
5006200;45585.0;5085.33;3823416.56
5006259;4940.0;748.25;487246.17
5006309;40192.0;5171.96;3714421.31
5006358;12350.0;860.8;441001.13
5006408;7967.0;882.3;517753.77
5006606;77872.0;6598.57;4970104.63
5006903;15372.0;1103.95;1027291.27
5007109;20946.0;1220.06;786264.3
5007208;30663.0;2009.09;1324210.57
5007307;5036.0;666.09;480960.51
5007406;18890.0;2151.86;1615497.97
5007505;4928.0;489.57;333450.46
5007554;7259.0;731.22;452340.73
5007695;22203.0;1730.17;1258125.63
5007703;10780.0;1373.56;894596.65
5007802;6287.0;887.92;675499.89
5007901;42132.0;3346.18;2383747.51
5007935;14833.0;775.44;505959.93
5007950;10215.0;1048.61;568673.09
5007976;3518.0;514.19;350829.82
5008008;17146.0;1464.16;974911.69
5008305;101791.0;11604.69;10717735.97
5008404;5901.0;1140.81;761188.12
5100102;5516.0;784.69;481984.19
5100201;20856.0;1764.14;1208289.58
5100250;49164.0;4496.7;2930524.67
5100300;15644.0;1594.65;1248122.39
5100359;5247.0;397.45;219866.28
5100409;10350.0;1014.0;718686.52
5100508;10066.0;1004.6;645672.3
5100607;8072.0;446.96;302807.84
5100805;8567.0;487.26;267005.04
5101001;3197.0;362.99;271954.37
5101209;1096.0;155.75;89618.06
5101258;15342.0;1408.14;989735.21
5101308;10316.0;1285.38;741887.16
5101407;18656.0;836.24;475255.25
5101605;7591.0;933.4;620630.28
5101704;31793.0;2313.17;1532150.02
5101803;56560.0;5704.49;4643466.66
5101852;5314.0;335.42;189982.93
5101902;15357.0;831.92;497294.57
5102504;87942.0;9042.89;7274855.64
5102603;14305.0;1390.6;735007.41
5102637;27577.0;1227.21;913830.63
5102678;31589.0;1852.52;1274893.17
5102686;5154.0;138.33;98414.48
5102694;4786.0;375.05;210713.9
5102702;18754.0;1463.23;957414.13
5102793;10990.0;1519.96;878945.96
5102850;8231.0;715.44;405868.94
5103007;17821.0;1708.92;1474223.95
5103056;11028.0;712.39;428369.95
5103106;5490.0;447.18;272889.97
5103205;30766.0;3772.76;2210135.45
5103254;26381.0;1373.97;784626.01
5103304;18178.0;1430.24;1007605.17
5103353;25124.0;1991.05;1184008.14
5103361;3385.0;340.7;195180.58
5103379;14983.0;851.27;471972.91
5103403;551098.0;48152.4;61194329.38
5103437;4866.0;695.78;419122.0
5103452;8523.0;600.75;395913.97
5103502;20341.0;1719.97;1110799.92
5103601;8171.0;1217.16;868853.65
5103700;10933.0;343.65;192815.58
5103809;3796.0;528.41;322459.16
5103858;6293.0;312.59;170009.83
5103908;5027.0;464.32;298554.61
5103957;3135.0;437.52;282914.25
5104104;32216.0;2709.29;1586181.11
5104203;13934.0;1995.44;1345030.61
5104500;2397.0;219.54;128428.48
5104526;5123.0;241.57;154259.55
5104542;5276.0;237.57;138645.66
5104559;4575.0;427.67;358445.16
5104609;11478.0;607.0;419389.39
5104807;25647.0;2278.22;1863007.64
5104906;7696.0;722.67;439672.24
5105002;10455.0;1542.2;1047790.44
5105101;32791.0;2737.97;1659711.67
5105150;39255.0;3704.45;2472247.01
5105176;11201.0;604.65;354916.57
5105200;11430.0;1530.38;959618.32
5105234;5431.0;531.27;313158.25
5105259;45556.0;1613.62;1127374.5
5105309;2224.0;270.9;171924.95
5105507;14493.0;1039.37;658612.63
5105580;12006.0;806.49;512539.27
5105606;14174.0;1269.26;757554.57
5105622;25299.0;2703.07;1646960.3
5105903;15002.0;1709.45;1037557.62
5106000;6436.0;788.25;493455.29
5106109;11609.0;1569.8;916915.17
5106158;11643.0;715.67;655049.12
5106174;3029.0;320.9;205628.24
5106182;5436.0;222.69;129786.15
5106190;3468.0;446.58;256424.19
5106208;4587.0;544.73;300606.23
5106216;12127.0;1562.0;892859.62
5106224;31649.0;1474.79;1010913.22
5106232;17515.0;883.53;491148.43
5106240;9218.0;422.96;239269.17
5106257;19643.0;2325.06;1854165.99
5106265;7332.0;552.34;316698.52
5106273;3749.0;513.99;301182.54
5106281;6042.0;700.14;373045.75
5106299;10684.0;1134.66;645659.58
5106307;19290.0;1363.6;816991.36
5106315;2005.0;213.95;115174.56
5106372;15755.0;1675.91;1120366.53
5106422;30812.0;2525.8;1438740.48
5106455;2726.0;330.76;176956.24
5106505;31779.0;3323.19;1916516.57
5106653;5395.0;495.68;298253.19
5106703;1768.0;197.04;214791.02
5106752;41408.0;3634.47;2151504.42
5106778;10748.0;1038.7;563291.83
5106802;5449.0;521.96;302092.19
5106828;11031.0;899.89;612188.58
5106851;3649.0;441.13;247079.15
5107008;17599.0;2571.66;1802907.12
5107040;52066.0;2603.54;1731643.22
5107065;13033.0;559.62;371903.29
5107107;18998.0;2616.03;1613382.93
5107156;2572.0;381.2;222213.07
5107180;8881.0;800.51;474832.14
5107198;2199.0;141.02;93451.86
5107206;5070.0;663.62;408110.47
5107248;4085.0;335.69;253461.13
5107263;2991.0;363.43;240515.8
5107297;3592.0;608.33;352760.95
5107305;17124.0;1213.67;754036.12
5107354;5240.0;262.0;159354.04
5107404;4158.0;460.52;324571.35
5107578;3604.0;334.01;203534.71
5107602;195476.0;16999.49;13115546.71
5107701;17679.0;2458.77;1607542.06
5107743;1900.0;93.97;51909.36
5107750;3908.0;515.66;310608.76
5107768;2491.0;79.01;49154.08
5107776;7397.0;683.58;387524.28
5107792;3754.0;144.14;75914.64
5107800;18463.0;1935.4;1511711.84
5107859;10625.0;1043.94;660318.09
5107875;18094.0;529.96;398385.0
5107883;1365.0;152.69;81969.51
5107909;113099.0;7523.4;5421904.16
5107925;66521.0;3503.36;2465012.86
5107941;9932.0;761.6;439377.75
5107958;83431.0;7071.56;4887635.46
5108006;10392.0;397.78;263322.24
5108055;11291.0;1500.97;952703.0
5108105;3418.0;406.51;253581.75
5108204;4071.0;540.25;332521.25
5108303;3760.0;167.8;126678.41
5108352;3052.0;427.21;259991.22
5108402;252596.0;18988.26;14541751.43
5108501;10235.0;758.74;449048.62
5108600;21382.0;1760.07;1147594.41
5108808;4932.0;648.88;398825.51
5108857;2951.0;298.38;186165.5
5108907;6590.0;217.41;123625.32
5108956;8093.0;573.89;341480.66
5200050;6876.0;450.89;315713.99
5200100;15757.0;1489.58;996563.51
5200134;20279.0;1844.57;1166802.75
5200159;2477.0;360.15;220056.79
5200175;5090.0;548.36;381245.93
5200209;2013.0;311.88;208427.91
5200258;159378.0;7287.64;4883621.66
5200308;23814.0;2898.91;2196291.7
5200506;2051.0;392.71;257603.76
5200555;4505.0;440.63;271043.01
5200605;6885.0;625.12;1428938.72
5200803;8084.0;891.4;504232.65
5200829;3434.0;356.3;183516.51
5200852;5508.0;888.93;548822.82
5200902;3609.0;701.97;456154.49
5201108;334613.0;35540.1;31264599.99
5201207;1020.0;172.67;181749.67
5201306;20239.0;2588.29;1698466.99
5201405;455657.0;34158.13;26415872.5
5201454;2427.0;255.27;155543.56
5201504;3803.0;325.32;214306.33
5201603;3802.0;648.39;453065.27
5201702;18305.0;2026.61;1671124.92
5201801;8365.0;986.68;709492.5
5202155;7510.0;920.04;588587.14
5202353;3277.0;386.17;246969.56
5202502;7496.0;771.41;665845.32
5202601;3650.0;757.17;506754.99
5202809;2450.0;417.09;278267.96
5203104;3714.0;406.37;288106.62
5203203;8716.0;891.52;548249.54
5203302;24554.0;2959.15;2013584.27
5203401;8423.0;1213.06;819360.19
5203500;20727.0;1521.2;864223.26
5203559;7536.0;869.16;589983.78
5203575;3503.0;426.21;275144.78
5203609;3232.0;459.84;351472.3
5203807;5509.0;615.77;440037.8
5203906;9054.0;1401.97;1032385.68
5203939;2560.0;456.06;306080.39
5203962;3321.0;467.32;306975.14
5204003;7354.0;723.56;429580.06
5204102;10553.0;1233.65;1002341.22
5204201;1417.0;212.61;158568.37
5204250;8254.0;1118.85;786178.17
5204300;13283.0;1618.83;978124.78
5204409;16757.0;2054.56;1368944.35
5204508;70473.0;6776.29;7891781.37
5204557;3325.0;383.13;274892.31
5204607;3387.0;353.83;198783.72
5204656;3656.0;461.14;291130.01
5204706;11111.0;1320.72;768980.57
5204805;6060.0;527.94;336113.61
5204854;6241.0;578.34;347044.25
5204904;18410.0;1789.8;1260793.18
5204953;5020.0;620.63;318811.19
5205000;8928.0;1300.18;833263.06
5205059;3638.0;452.56;276353.74
5205109;86647.0;9837.89;8599962.92
5205208;4686.0;549.28;373492.17
5205307;9392.0;1105.49;669230.46
5205406;20722.0;2775.88;2244583.52
5205455;7545.0;853.0;566232.97
5205471;7001.0;215.42;139039.34
5205497;55915.0;2950.97;3168125.89
5205513;17407.0;1673.15;1115987.18
5205521;3523.0;442.53;291596.57
5205703;2632.0;432.35;261406.13
5205802;10361.0;1526.58;1087509.78
5205901;8181.0;879.53;576046.63
5206206;46580.0;3632.84;2585262.03
5206305;2932.0;387.38;283144.27
5206404;15760.0;1834.06;1220494.72
5206503;3555.0;533.55;342872.63
5206602;2964.0;546.61;536662.67
5206701;3292.0;367.99;250589.42
5206800;2747.0;355.66;230691.25
5206909;2056.0;368.77;231589.59
5207105;2479.0;420.18;268076.02
5207253;7892.0;980.54;578996.53
5207352;3733.0;587.72;372731.5
5207402;11266.0;1279.33;834538.19
5207501;3320.0;511.7;325632.95
5207535;6983.0;983.35;625927.76
5207600;6322.0;930.84;638883.64
5207808;11580.0;2082.78;1324774.39
5207907;12066.0;820.81;567646.32
5208004;100085.0;8466.02;6325160.14
5208103;4883.0;783.35;521963.93
5208152;3275.0;451.24;363467.39
5208301;4962.0;551.55;316551.84
5208400;10695.0;1125.79;794623.84
5208509;5265.0;975.82;840864.17
5208608;59549.0;6265.36;4355318.76
5208707;1302001.0;130536.07;174138735.37
5208806;34060.0;2701.16;1684738.73
5208905;24727.0;3468.64;3012516.28
5209101;32492.0;4493.89;2995662.76
5209150;4949.0;522.9;290427.64
5209200;13976.0;1682.21;1167193.74
5209291;2376.0;394.52;255463.81
5209408;4258.0;608.84;331930.05
5209457;2299.0;427.8;245924.44
5209606;3571.0;491.17;289621.22
5209705;17398.0;1962.83;1569413.56
5209804;4029.0;488.78;299026.04
5209903;12427.0;1133.81;730790.19
5209937;5699.0;708.63;408877.33
5209952;13687.0;1288.41;810724.59
5210000;48246.0;5792.85;4033135.75
5210109;24735.0;3652.82;3043770.12
5210158;2844.0;579.05;328490.65
5210208;31274.0;4823.64;3331768.33
5210307;2887.0;439.22;324668.24
5210406;35371.0;3934.8;2942049.73
5210562;4513.0;714.09;421119.5
5210604;5437.0;939.36;616910.37
5210802;5062.0;717.75;499282.33
5210901;18458.0;2055.44;1490835.28
5211008;7835.0;1196.46;744083.88
5211206;26125.0;4035.74;2626834.01
5211305;6300.0;680.42;388256.06
5211404;8575.0;1425.7;931362.95
5211503;92883.0;11983.8;9139878.03
5211602;2663.0;436.69;274783.3
5211701;6164.0;925.08;576757.84
5211800;41870.0;4120.56;2646216.86
5211909;88006.0;8851.85;7472654.08
5212006;3000.0;511.0;306987.3
5212055;2300.0;371.13;215353.45
5212105;7118.0;894.96;589748.77
5212204;19153.0;2254.82;1458264.33
5212253;1254.0;140.84;144572.28
5212303;7882.0;889.57;606309.36
5212501;174531.0;13058.56;10041550.36
5212600;2374.0;302.0;200119.7
5212709;6871.0;491.28;285517.47
5212808;10649.0;1394.0;939699.88
5212907;2072.0;273.43;220160.47
5212956;4414.0;494.93;307952.49
5213004;11521.0;897.47;620295.63
5213053;2685.0;359.11;278117.02
5213087;31154.0;4261.81;3053576.13
5213103;52935.0;4796.29;3489518.15
5213400;1763.0;325.96;201527.87
5213509;7730.0;902.11;492842.24
5213707;7987.0;1126.67;686093.17
5213756;10572.0;681.64;410454.92
5213772;4122.0;434.72;241429.36
5213806;41460.0;5995.3;4219169.91
5213855;2356.0;409.43;243798.1
5213905;5007.0;808.43;587912.75
5214002;13404.0;1261.31;822743.78
5214051;6438.0;719.67;405371.53
5214101;3849.0;546.0;556271.26
5214408;7874.0;1178.58;773291.25
5214507;24210.0;2450.39;1755082.97
5214606;42361.0;4494.86;2936282.39
5214705;2259.0;390.5;215717.94
5214804;2062.0;363.98;266772.31
5214838;11927.0;1102.48;641209.09
5214861;8508.0;1514.89;989978.85
5214879;2826.0;246.51;134917.83
5214903;3471.0;506.38;317920.19
5215009;8129.0;1008.77;825343.37
5215207;3519.0;686.07;427730.34
5215231;95018.0;5498.75;4365178.63
5215256;3956.0;397.51;234514.15
5215306;14300.0;1918.69;1490549.93
5215405;4034.0;588.39;377867.48
5215504;5467.0;857.19;632711.4
5215603;27671.0;2929.6;2229342.38
5215652;3371.0;422.96;252102.64
5215702;23338.0;2762.8;2082010.17
5215801;2335.0;407.59;459571.0
5215900;3557.0;428.46;360658.87
5216007;2682.0;440.44;286437.46
5216304;9100.0;1198.33;761306.43
5216403;10863.0;1130.81;682581.98
5216452;2950.0;287.84;182875.16
5216809;10283.0;1317.68;879898.85
5216908;2773.0;479.47;285018.53
5217104;24026.0;3558.0;2461890.76
5217203;11266.0;1404.17;1007386.4
5217302;23006.0;2658.23;1907838.84
5217401;28762.0;3661.37;3053852.89
5217609;81649.0;5600.94;3780072.16
5217708;17121.0;2468.71;1740426.44
5218003;42355.0;4567.79;3017543.34
5218052;3347.0;251.43;177541.55
5218102;3839.0;418.69;263421.9
5218300;31419.0;3018.57;1997122.3
5218391;3239.0;455.18;273729.98
5218508;43220.0;4777.63;3260583.65
5218607;10523.0;1265.89;989930.41
5218706;4566.0;593.97;387170.89
5218789;3312.0;227.96;142108.7
5218805;176424.0;13017.05;10263541.75
5218904;18915.0;2726.37;1898002.78
5219001;7550.0;1278.98;847982.47
5219100;5751.0;661.08;409996.86
5219209;3142.0;488.2;386021.3
5219258;4762.0;534.98;315967.28
5219308;36469.0;3636.64;2849701.6
5219357;3686.0;646.49;396370.25
5219407;6924.0;686.08;424148.11
5219456;3173.0;397.59;232596.37
5219506;2909.0;447.68;271728.52
5219605;3995.0;578.87;362568.52
5219704;10302.0;1387.92;876224.02
5219712;4423.0;477.91;264097.31
5219738;4703.0;387.34;325784.11
5219753;63248.0;4029.61;2733561.82
5219803;11272.0;1080.95;577664.94
5219902;6120.0;928.77;595304.82
5220009;10257.0;882.64;741023.66
5220058;1689.0;256.05;154029.04
5220108;30034.0;4558.47;3117893.47
5220157;4617.0;510.21;306109.02
5220207;22283.0;2433.13;1492275.2
5220264;3757.0;439.19;321724.7
5220280;1991.0;338.82;220480.91
5220405;17088.0;1977.45;1419593.71
5220454;84443.0;6300.06;4256835.73
5220504;7481.0;767.88;543693.82
5220603;19089.0;2498.75;2036438.69
5220686;6514.0;700.87;391129.22
5220702;2825.0;328.37;194688.4
5221007;3541.0;523.05;322879.58
5221080;3016.0;313.56;200802.63
5221197;6561.0;541.08;329487.07
5221304;2819.0;434.42;334504.22
5221403;104488.0;10499.65;6939895.35
5221452;3452.0;599.22;344670.12
5221502;4839.0;828.29;556399.66
5221551;4399.0;372.42;208887.76
5221577;2933.0;460.43;274379.16
5221601;36929.0;4470.61;3063545.75
5221700;13826.0;1934.08;1294650.41
5221809;3074.0;360.89;282632.03
5221858;132982.0;6581.85;8879723.2
5221908;3659.0;566.89;373153.33
5222005;12548.0;1429.95;929321.77
5222054;7371.0;591.2;415842.2
5222203;4735.0;343.38;225710.72
5222302;5145.0;543.15;336729.6
5300108;2570160.0;230882.6;531383560.42
