cod_mun;age_group;level;pop
1100122;10;1;10104
1100122;10;2;444
1100122;10;3;0
1100122;10;4;0
1100122;15;1;2913
1100122;15;2;3689
1100122;15;3;316
1100122;15;4;0
1100122;18;1;1101
1100122;18;2;1518
1100122;18;3;1518
1100122;18;4;13
1100122;20;1;3241
1100122;20;2;2611
1100122;20;3;5191
1100122;20;4;376
1100122;25;1;3342
1100122;25;2;2090
1100122;25;3;4686
1100122;25;4;1023
1100122;30;1;3980
1100122;30;2;1702
1100122;30;3;3208
1100122;30;4;1020
1100122;35;1;4064
1100122;35;2;1356
1100122;35;3;2617
1100122;35;4;792
1100122;40;1;4065
1100122;40;2;1318
1100122;40;3;1970
1100122;40;4;770
1100122;45;1;3960
1100122;45;2;836
1100122;45;3;1505
1100122;45;4;807
1100122;50;1;3203
1100122;50;2;817
1100122;50;3;989
1100122;50;4;553
1100122;55;1;2861
1100122;55;2;509
1100122;55;3;696
1100122;55;4;244
1100122;60;1;4071
1100122;60;2;356
1100122;60;3;388
1100122;60;4;300
1100122;70;1;3374
1100122;70;2;182
1100122;70;3;94
1100122;70;4;65
1100205;10;1;39462
1100205;10;2;1170
1100205;10;3;94
1100205;10;4;0
1100205;15;1;12466
1100205;15;2;10588
1100205;15;3;1069
1100205;15;4;9
1100205;18;1;4674
1100205;18;2;4964
1100205;18;3;6338
1100205;18;4;113
1100205;20;1;12024
1100205;20;2;9510
1100205;20;3;21839
1100205;20;4;2616
1100205;25;1;12788
1100205;25;2;8023
1100205;25;3;18381
1100205;25;4;5054
1100205;30;1;12338
1100205;30;2;6282
1100205;30;3;14917
1100205;30;4;5287
1100205;35;1;12275
1100205;35;2;4876
1100205;35;3;11146
1100205;35;4;4033
1100205;40;1;11361
1100205;40;2;4420
1100205;40;3;8898
1100205;40;4;3960
1100205;45;1;10692
1100205;45;2;3756
1100205;45;3;7077
1100205;45;4;3428
1100205;50;1;9257
1100205;50;2;2804
1100205;50;3;4425
1100205;50;4;2853
1100205;55;1;7860
1100205;55;2;2056
1100205;55;3;2648
1100205;55;4;1635
1100205;60;1;9791
1100205;60;2;1892
1100205;60;3;2090
1100205;60;4;1217
1100205;70;1;7576
1100205;70;2;743
1100205;70;3;735
1100205;70;4;292
1100809;10;1;2150
1100809;10;2;32
1100809;10;3;5
1100809;10;4;0
1100809;15;1;767
1100809;15;2;426
1100809;15;3;19
1100809;15;4;0
1100809;18;1;262
1100809;18;2;276
1100809;18;3;179
1100809;18;4;0
1100809;20;1;733
1100809;20;2;394
1100809;20;3;602
1100809;20;4;38
1100809;25;1;780
1100809;25;2;368
1100809;25;3;583
1100809;25;4;56
1100809;30;1;866
1100809;30;2;234
1100809;30;3;413
1100809;30;4;87
1100809;35;1;777
1100809;35;2;220
1100809;35;3;260
1100809;35;4;74
1100809;40;1;723
1100809;40;2;187
1100809;40;3;240
1100809;40;4;51
1100809;45;1;636
1100809;45;2;191
1100809;45;3;162
1100809;45;4;35
1100809;50;1;588
1100809;50;2;131
1100809;50;3;105
1100809;50;4;46
1100809;55;1;500
1100809;55;2;81
1100809;55;3;101
1100809;55;4;16
1100809;60;1;711
1100809;60;2;69
1100809;60;3;53
1100809;60;4;17
1100809;70;1;441
1100809;70;2;28
1100809;70;3;28
1100809;70;4;6
1200401;10;1;33948
1200401;10;2;1444
1200401;10;3;41
1200401;10;4;0
1200401;15;1;7491
1200401;15;2;11156
1200401;15;3;1357
1200401;15;4;23
1200401;18;1;2965
1200401;18;2;4657
1200401;18;3;4926
1200401;18;4;111
1200401;20;1;7964
1200401;20;2;7594
1200401;20;3;16005
1200401;20;4;2150
1200401;25;1;8808
1200401;25;2;6193
1200401;25;3;14475
1200401;25;4;4102
1200401;30;1;10043
1200401;30;2;5050
1200401;30;3;10279
1200401;30;4;4635
1200401;35;1;9742
1200401;35;2;3688
1200401;35;3;7244
1200401;35;4;3380
1200401;40;1;9255
1200401;40;2;3133
1200401;40;3;5289
1200401;40;4;3106
1200401;45;1;7809
1200401;45;2;2228
1200401;45;3;3967
1200401;45;4;2095
1200401;50;1;7072
1200401;50;2;1639
1200401;50;3;2821
1200401;50;4;1986
1200401;55;1;5549
1200401;55;2;1252
1200401;55;3;1797
1200401;55;4;1326
1200401;60;1;8356
1200401;60;2;1157
1200401;60;3;1784
1200401;60;4;1047
1200401;70;1;7757
1200401;70;2;591
1200401;70;3;635
1200401;70;4;316
1302603;10;1;172660
1302603;10;2;6220
1302603;10;3;194
1302603;10;4;0
1302603;15;1;52570
1302603;15;2;47119
1302603;15;3;4767
1302603;15;4;72
1302603;18;1;18781
1302603;18;2;24412
1302603;18;3;22512
1302603;18;4;741
1302603;20;1;40544
1302603;20;2;40682
1302603;20;3;88639
1302603;20;4;8518
1302603;25;1;39231
1302603;25;2;31255
1302603;25;3;93920
1302603;25;4;18932
1302603;30;1;43407
1302603;30;2;26339
1302603;30;3;77611
1302603;30;4;19062
1302603;35;1;40210
1302603;35;2;20803
1302603;35;3;60188
1302603;35;4;16510
1302603;40;1;37873
1302603;40;2;17725
1302603;40;3;44611
1302603;40;4;14048
1302603;45;1;34544
1302603;45;2;13883
1302603;45;3;32737
1302603;45;4;10903
1302603;50;1;30841
1302603;50;2;11430
1302603;50;3;22685
1302603;50;4;8978
1302603;55;1;25770
1302603;55;2;7749
1302603;55;3;14470
1302603;55;4;6318
1302603;60;1;36492
1302603;60;2;8002
1302603;60;3;12521
1302603;60;4;6346
1302603;70;1;32652
1302603;70;2;4760
1302603;70;3;5843
1302603;70;4;1801
1303403;10;1;12820
1303403;10;2;739
1303403;10;3;0
1303403;10;4;0
1303403;15;1;3380
1303403;15;2;3907
1303403;15;3;189
1303403;15;4;0
1303403;18;1;1020
1303403;18;2;1674
1303403;18;3;1331
1303403;18;4;22
1303403;20;1;2746
1303403;20;2;2447
1303403;20;3;3723
1303403;20;4;223
1303403;25;1;2902
1303403;25;2;1517
1303403;25;3;3070
1303403;25;4;562
1303403;30;1;2611
1303403;30;2;1390
1303403;30;3;2309
1303403;30;4;614
1303403;35;1;2512
1303403;35;2;1146
1303403;35;3;1642
1303403;35;4;433
1303403;40;1;2015
1303403;40;2;922
1303403;40;3;1348
1303403;40;4;400
1303403;45;1;2363
1303403;45;2;480
1303403;45;3;804
1303403;45;4;489
1303403;50;1;1971
1303403;50;2;438
1303403;50;3;679
1303403;50;4;325
1303403;55;1;1964
1303403;55;2;356
1303403;55;3;307
1303403;55;4;159
1303403;60;1;3056
1303403;60;2;416
1303403;60;3;192
1303403;60;4;126
1303403;70;1;3230
1303403;70;2;176
1303403;70;3;68
1303403;70;4;9
1400100;10;1;28835
1400100;10;2;1187
1400100;10;3;87
1400100;10;4;0
1400100;15;1;6742
1400100;15;2;9655
1400100;15;3;772
1400100;15;4;9
1400100;18;1;2255
1400100;18;2;4150
1400100;18;3;5058
1400100;18;4;79
1400100;20;1;5110
1400100;20;2;5891
1400100;20;3;16715
1400100;20;4;1765
1400100;25;1;5432
1400100;25;2;4237
1400100;25;3;15971
1400100;25;4;3823
1400100;30;1;6316
1400100;30;2;3560
1400100;30;3;12287
1400100;30;4;3314
1400100;35;1;6108
1400100;35;2;2937
1400100;35;3;8247
1400100;35;4;2927
1400100;40;1;5972
1400100;40;2;2496
1400100;40;3;6110
1400100;40;4;2473
1400100;45;1;5756
1400100;45;2;2193
1400100;45;3;4259
1400100;45;4;1986
1400100;50;1;4508
1400100;50;2;1532
1400100;50;3;2509
1400100;50;4;1851
1400100;55;1;4548
1400100;55;2;979
1400100;55;3;1749
1400100;55;4;894
1400100;60;1;5856
1400100;60;2;777
1400100;60;3;1403
1400100;60;4;796
1400100;70;1;4966
1400100;70;2;526
1400100;70;3;413
1400100;70;4;149
1500107;10;1;15859
1500107;10;2;379
1500107;10;3;11
1500107;10;4;0
1500107;15;1;6043
1500107;15;2;3817
1500107;15;3;237
1500107;15;4;0
1500107;18;1;2269
1500107;18;2;2371
1500107;18;3;1426
1500107;18;4;20
1500107;20;1;5709
1500107;20;2;3404
1500107;20;3;5327
1500107;20;4;315
1500107;25;1;5740
1500107;25;2;2199
1500107;25;3;4618
1500107;25;4;728
1500107;30;1;5641
1500107;30;2;1657
1500107;30;3;3015
1500107;30;4;688
1500107;35;1;5322
1500107;35;2;1233
1500107;35;3;2215
1500107;35;4;546
1500107;40;1;4586
1500107;40;2;842
1500107;40;3;1722
1500107;40;4;337
1500107;45;1;4130
1500107;45;2;686
1500107;45;3;877
1500107;45;4;251
1500107;50;1;3696
1500107;50;2;405
1500107;50;3;600
1500107;50;4;198
1500107;55;1;3312
1500107;55;2;350
1500107;55;3;383
1500107;55;4;120
1500107;60;1;5022
1500107;60;2;296
1500107;60;3;237
1500107;60;4;131
1500107;70;1;4077
1500107;70;2;127
1500107;70;3;98
1500107;70;4;0
1500800;10;1;43477
1500800;10;2;1410
1500800;10;3;54
1500800;10;4;0
1500800;15;1;13393
1500800;15;2;12502
1500800;15;3;1177
1500800;15;4;0
1500800;18;1;4261
1500800;18;2;7359
1500800;18;3;5786
1500800;18;4;151
1500800;20;1;10375
1500800;20;2;12612
1500800;20;3;22075
1500800;20;4;1651
1500800;25;1;9221
1500800;25;2;11819
1500800;25;3;22806
1500800;25;4;3810
1500800;30;1;11426
1500800;30;2;10037
1500800;30;3;18750
1500800;30;4;3228
1500800;35;1;12667
1500800;35;2;7654
1500800;35;3;14513
1500800;35;4;2898
1500800;40;1;11780
1500800;40;2;6270
1500800;40;3;11734
1500800;40;4;2507
1500800;45;1;10323
1500800;45;2;5133
1500800;45;3;8687
1500800;45;4;2057
1500800;50;1;9017
1500800;50;2;4960
1500800;50;3;5976
1500800;50;4;1509
1500800;55;1;7162
1500800;55;2;2987
1500800;55;3;5372
1500800;55;4;1184
1500800;60;1;11278
1500800;60;2;2401
1500800;60;3;4065
1500800;60;4;1123
1500800;70;1;8939
1500800;70;2;1008
1500800;70;3;1308
1500800;70;4;342
1501402;10;1;113358
1501402;10;2;5269
1501402;10;3;185
1501402;10;4;0
1501402;15;1;35585
1501402;15;2;34566
1501402;15;3;3680
1501402;15;4;22
1501402;18;1;12343
1501402;18;2;19872
1501402;18;3;17506
1501402;18;4;238
1501402;20;1;27405
1501402;20;2;31772
1501402;20;3;67005
1501402;20;4;8035
1501402;25;1;27553
1501402;25;2;26578
1501402;25;3;63499
1501402;25;4;19193
1501402;30;1;29996
1501402;30;2;23208
1501402;30;3;52890
1501402;30;4;17701
1501402;35;1;31331
1501402;35;2;19811
1501402;35;3;42897
1501402;35;4;15508
1501402;40;1;29853
1501402;40;2;18040
1501402;40;3;34721
1501402;40;4;14385
1501402;45;1;27358
1501402;45;2;14959
1501402;45;3;26633
1501402;45;4;13439
1501402;50;1;25038
1501402;50;2;11649
1501402;50;3;21379
1501402;50;4;12152
1501402;55;1;21929
1501402;55;2;8723
1501402;55;3;15789
1501402;55;4;8632
1501402;60;1;37359
1501402;60;2;9516
1501402;60;3;15623
1501402;60;4;10528
1501402;70;1;35918
1501402;70;2;8063
1501402;70;3;8425
1501402;70;4;4082
1501501;10;1;5318
1501501;10;2;145
1501501;10;3;0
1501501;10;4;0
1501501;15;1;1760
1501501;15;2;1397
1501501;15;3;76
1501501;15;4;0
1501501;18;1;548
1501501;18;2;975
1501501;18;3;530
1501501;18;4;0
1501501;20;1;1357
1501501;20;2;1481
1501501;20;3;2085
1501501;20;4;84
1501501;25;1;1669
1501501;25;2;1331
1501501;25;3;1913
1501501;25;4;171
1501501;30;1;1704
1501501;30;2;1169
1501501;30;3;1502
1501501;30;4;147
1501501;35;1;1799
1501501;35;2;794
1501501;35;3;1086
1501501;35;4;148
1501501;40;1;1513
1501501;40;2;647
1501501;40;3;768
1501501;40;4;189
1501501;45;1;1315
1501501;45;2;463
1501501;45;3;419
1501501;45;4;215
1501501;50;1;1309
1501501;50;2;434
1501501;50;3;334
1501501;50;4;107
1501501;55;1;1002
1501501;55;2;155
1501501;55;3;189
1501501;55;4;49
1501501;60;1;1511
1501501;60;2;149
1501501;60;3;195
1501501;60;4;86
1501501;70;1;1300
1501501;70;2;102
1501501;70;3;23
1501501;70;4;60
1501709;10;1;12582
1501709;10;2;226
1501709;10;3;17
1501709;10;4;0
1501709;15;1;5230
1501709;15;2;2519
1501709;15;3;176
1501709;15;4;0
1501709;18;1;2058
1501709;18;2;1804
1501709;18;3;648
1501709;18;4;0
1501709;20;1;4677
1501709;20;2;2877
1501709;20;3;3784
1501709;20;4;154
1501709;25;1;4919
1501709;25;2;1659
1501709;25;3;3162
1501709;25;4;407
1501709;30;1;4684
1501709;30;2;1106
1501709;30;3;1939
1501709;30;4;452
1501709;35;1;4430
1501709;35;2;920
1501709;35;3;1437
1501709;35;4;399
1501709;40;1;3831
1501709;40;2;644
1501709;40;3;1021
1501709;40;4;336
1501709;45;1;3323
1501709;45;2;448
1501709;45;3;807
1501709;45;4;214
1501709;50;1;3055
1501709;50;2;345
1501709;50;3;481
1501709;50;4;216
1501709;55;1;2692
1501709;55;2;231
1501709;55;3;377
1501709;55;4;99
1501709;60;1;4017
1501709;60;2;352
1501709;60;3;330
1501709;60;4;166
1501709;70;1;3476
1501709;70;2;231
1501709;70;3;89
1501709;70;4;54
1502103;10;1;15002
1502103;10;2;293
1502103;10;3;21
1502103;10;4;0
1502103;15;1;5673
1502103;15;2;2748
1502103;15;3;114
1502103;15;4;0
1502103;18;1;2614
1502103;18;2;1948
1502103;18;3;691
1502103;18;4;10
1502103;20;1;4919
1502103;20;2;3644
1502103;20;3;3544
1502103;20;4;181
1502103;25;1;4686
1502103;25;2;2125
1502103;25;3;3202
1502103;25;4;346
1502103;30;1;4659
1502103;30;2;1158
1502103;30;3;2293
1502103;30;4;435
1502103;35;1;4153
1502103;35;2;856
1502103;35;3;1455
1502103;35;4;320
1502103;40;1;3846
1502103;40;2;532
1502103;40;3;868
1502103;40;4;235
1502103;45;1;3214
1502103;45;2;418
1502103;45;3;499
1502103;45;4;114
1502103;50;1;2836
1502103;50;2;329
1502103;50;3;392
1502103;50;4;60
1502103;55;1;2929
1502103;55;2;331
1502103;55;3;258
1502103;55;4;70
1502103;60;1;4498
1502103;60;2;197
1502103;60;3;185
1502103;60;4;22
1502103;70;1;3869
1502103;70;2;215
1502103;70;3;73
1502103;70;4;31
1502400;10;1;16913
1502400;10;2;568
1502400;10;3;50
1502400;10;4;0
1502400;15;1;5966
1502400;15;2;4395
1502400;15;3;441
1502400;15;4;0
1502400;18;1;2331
1502400;18;2;2836
1502400;18;3;1856
1502400;18;4;10
1502400;20;1;4980
1502400;20;2;5194
1502400;20;3;7142
1502400;20;4;553
1502400;25;1;5785
1502400;25;2;3482
1502400;25;3;6685
1502400;25;4;1250
1502400;30;1;6094
1502400;30;2;3197
1502400;30;3;4469
1502400;30;4;1092
1502400;35;1;6033
1502400;35;2;2318
1502400;35;3;3458
1502400;35;4;787
1502400;40;1;5472
1502400;40;2;2159
1502400;40;3;2631
1502400;40;4;466
1502400;45;1;4481
1502400;45;2;1562
1502400;45;3;1862
1502400;45;4;481
1502400;50;1;4024
1502400;50;2;1148
1502400;50;3;1375
1502400;50;4;351
1502400;55;1;3371
1502400;55;2;655
1502400;55;3;908
1502400;55;4;257
1502400;60;1;5383
1502400;60;2;577
1502400;60;3;729
1502400;60;4;276
1502400;70;1;4590
1502400;70;2;276
1502400;70;3;258
1502400;70;4;85
1504208;10;1;23952
1504208;10;2;787
1504208;10;3;0
1504208;10;4;0
1504208;15;1;7850
1504208;15;2;6033
1504208;15;3;563
1504208;15;4;0
1504208;18;1;3431
1504208;18;2;3091
1504208;18;3;2402
1504208;18;4;17
1504208;20;1;8890
1504208;20;2;6367
1504208;20;3;9104
1504208;20;4;548
1504208;25;1;8621
1504208;25;2;5046
1504208;25;3;8708
1504208;25;4;1507
1504208;30;1;8599
1504208;30;2;3623
1504208;30;3;6362
1504208;30;4;1359
1504208;35;1;7143
1504208;35;2;2612
1504208;35;3;4787
1504208;35;4;1018
1504208;40;1;7112
1504208;40;2;2127
1504208;40;3;3135
1504208;40;4;709
1504208;45;1;6292
1504208;45;2;1650
1504208;45;3;2092
1504208;45;4;660
1504208;50;1;5528
1504208;50;2;1042
1504208;50;3;1445
1504208;50;4;257
1504208;55;1;4535
1504208;55;2;875
1504208;55;3;727
1504208;55;4;316
1504208;60;1;6286
1504208;60;2;446
1504208;60;3;654
1504208;60;4;147
1504208;70;1;5160
1504208;70;2;150
1504208;70;3;120
1504208;70;4;30
1504422;10;1;10447
1504422;10;2;542
1504422;10;3;20
1504422;10;4;0
1504422;15;1;2788
1504422;15;2;2745
1504422;15;3;266
1504422;15;4;0
1504422;18;1;1100
1504422;18;2;1967
1504422;18;3;1217
1504422;18;4;0
1504422;20;1;2776
1504422;20;2;3602
1504422;20;3;4495
1504422;20;4;243
1504422;25;1;3651
1504422;25;2;2845
1504422;25;3;4506
1504422;25;4;380
1504422;30;1;3719
1504422;30;2;2620
1504422;30;3;4182
1504422;30;4;331
1504422;35;1;3038
1504422;35;2;2087
1504422;35;3;3347
1504422;35;4;319
1504422;40;1;3163
1504422;40;2;1575
1504422;40;3;1974
1504422;40;4;237
1504422;45;1;2004
1504422;45;2;1304
1504422;45;3;1407
1504422;45;4;324
1504422;50;1;2255
1504422;50;2;865
1504422;50;3;734
1504422;50;4;130
1504422;55;1;1904
1504422;55;2;451
1504422;55;3;462
1504422;55;4;64
1504422;60;1;2619
1504422;60;2;532
1504422;60;3;272
1504422;60;4;78
1504422;70;1;1918
1504422;70;2;126
1504422;70;3;168
1504422;70;4;42
1505536;10;1;15233
1505536;10;2;375
1505536;10;3;51
1505536;10;4;0
1505536;15;1;4381
1505536;15;2;4303
1505536;15;3;213
1505536;15;4;0
1505536;18;1;1705
1505536;18;2;2635
1505536;18;3;1862
1505536;18;4;0
1505536;20;1;4402
1505536;20;2;5010
1505536;20;3;8675
1505536;20;4;265
1505536;25;1;5508
1505536;25;2;3942
1505536;25;3;8111
1505536;25;4;944
1505536;30;1;5026
1505536;30;2;3019
1505536;30;3;5762
1505536;30;4;912
1505536;35;1;4540
1505536;35;2;2204
1505536;35;3;3356
1505536;35;4;806
1505536;40;1;4106
1505536;40;2;1515
1505536;40;3;2360
1505536;40;4;547
1505536;45;1;3626
1505536;45;2;1132
1505536;45;3;1288
1505536;45;4;471
1505536;50;1;3182
1505536;50;2;651
1505536;50;3;947
1505536;50;4;191
1505536;55;1;1981
1505536;55;2;344
1505536;55;3;478
1505536;55;4;232
1505536;60;1;2727
1505536;60;2;267
1505536;60;3;202
1505536;60;4;39
1505536;70;1;1783
1505536;70;2;103
1505536;70;3;65
1505536;70;4;13
1506807;10;1;31230
1506807;10;2;1747
1506807;10;3;12
1506807;10;4;0
1506807;15;1;7874
1506807;15;2;10749
1506807;15;3;832
1506807;15;4;0
1506807;18;1;3086
1506807;18;2;5174
1506807;18;3;4033
1506807;18;4;11
1506807;20;1;6470
1506807;20;2;7393
1506807;20;3;14191
1506807;20;4;882
1506807;25;1;6897
1506807;25;2;5257
1506807;25;3;11697
1506807;25;4;1977
1506807;30;1;7875
1506807;30;2;4047
1506807;30;3;8147
1506807;30;4;2179
1506807;35;1;7530
1506807;35;2;3400
1506807;35;3;5813
1506807;35;4;2015
1506807;40;1;7684
1506807;40;2;2991
1506807;40;3;3966
1506807;40;4;1104
1506807;45;1;7238
1506807;45;2;2198
1506807;45;3;3349
1506807;45;4;1089
1506807;50;1;6705
1506807;50;2;1983
1506807;50;3;1918
1506807;50;4;733
1506807;55;1;6161
1506807;55;2;1292
1506807;55;3;1322
1506807;55;4;529
1506807;60;1;9752
1506807;60;2;1143
1506807;60;3;1251
1506807;60;4;406
1506807;70;1;8973
1506807;70;2;598
1506807;70;3;371
1506807;70;4;100
1600303;10;1;42767
1600303;10;2;1960
1600303;10;3;42
1600303;10;4;0
1600303;15;1;10810
1600303;15;2;13271
1600303;15;3;1287
1600303;15;4;0
1600303;18;1;4142
1600303;18;2;6115
1600303;18;3;6073
1600303;18;4;141
1600303;20;1;8647
1600303;20;2;8618
1600303;20;3;21587
1600303;20;4;2541
1600303;25;1;8248
1600303;25;2;6061
1600303;25;3;19847
1600303;25;4;5267
1600303;30;1;8965
1600303;30;2;4527
1600303;30;3;15407
1600303;30;4;5419
1600303;35;1;8820
1600303;35;2;3725
1600303;35;3;12004
1600303;35;4;4780
1600303;40;1;7986
1600303;40;2;2994
1600303;40;3;8105
1600303;40;4;3954
1600303;45;1;6882
1600303;45;2;2472
1600303;45;3;5804
1600303;45;4;2662
1600303;50;1;6274
1600303;50;2;1866
1600303;50;3;4008
1600303;50;4;2087
1600303;55;1;5142
1600303;55;2;1150
1600303;55;3;2358
1600303;55;4;1216
1600303;60;1;7378
1600303;60;2;1250
1600303;60;3;2028
1600303;60;4;1101
1600303;70;1;7170
1600303;70;2;716
1600303;70;3;835
1600303;70;4;224
1600600;10;1;11528
1600600;10;2;541
1600600;10;3;0
1600600;10;4;0
1600600;15;1;2786
1600600;15;2;3866
1600600;15;3;282
1600600;15;4;0
1600600;18;1;1063
1600600;18;2;1791
1600600;18;3;1566
1600600;18;4;41
1600600;20;1;2821
1600600;20;2;2278
1600600;20;3;5168
1600600;20;4;442
1600600;25;1;2580
1600600;25;2;1748
1600600;25;3;4646
1600600;25;4;666
1600600;30;1;2477
1600600;30;2;978
1600600;30;3;3817
1600600;30;4;811
1600600;35;1;2553
1600600;35;2;1004
1600600;35;3;2529
1600600;35;4;780
1600600;40;1;2512
1600600;40;2;734
1600600;40;3;1585
1600600;40;4;515
1600600;45;1;2049
1600600;45;2;494
1600600;45;3;1042
1600600;45;4;359
1600600;50;1;1832
1600600;50;2;344
1600600;50;3;612
1600600;50;4;225
1600600;55;1;1911
1600600;55;2;269
1600600;55;3;403
1600600;55;4;91
1600600;60;1;2723
1600600;60;2;160
1600600;60;3;236
1600600;60;4;110
1600600;70;1;2202
1600600;70;2;136
1600600;70;3;95
1600600;70;4;11
1702109;10;1;13643
1702109;10;2;621
1702109;10;3;37
1702109;10;4;0
1702109;15;1;3050
1702109;15;2;5109
1702109;15;3;532
1702109;15;4;0
1702109;18;1;1014
1702109;18;2;2426
1702109;18;3;2872
1702109;18;4;15
1702109;20;1;2604
1702109;20;2;3525
1702109;20;3;10082
1702109;20;4;767
1702109;25;1;3030
1702109;25;2;2797
1702109;25;3;7327
1702109;25;4;1779
1702109;30;1;3433
1702109;30;2;2222
1702109;30;3;5703
1702109;30;4;1877
1702109;35;1;3782
1702109;35;2;1706
1702109;35;3;3829
1702109;35;4;1589
1702109;40;1;3914
1702109;40;2;1374
1702109;40;3;2941
1702109;40;4;1197
1702109;45;1;3329
1702109;45;2;1231
1702109;45;3;1836
1702109;45;4;1007
1702109;50;1;3250
1702109;50;2;640
1702109;50;3;1358
1702109;50;4;695
1702109;55;1;2877
1702109;55;2;517
1702109;55;3;629
1702109;55;4;365
1702109;60;1;4851
1702109;60;2;415
1702109;60;3;521
1702109;60;4;281
1702109;70;1;4418
1702109;70;2;355
1702109;70;3;161
1702109;70;4;70
1721000;10;1;20223
1721000;10;2;740
1721000;10;3;33
1721000;10;4;0
1721000;15;1;4712
1721000;15;2;6988
1721000;15;3;1091
1721000;15;4;29
1721000;18;1;1603
1721000;18;2;3181
1721000;18;3;5155
1721000;18;4;97
1721000;20;1;3808
1721000;20;2;5384
1721000;20;3;15826
1721000;20;4;1829
1721000;25;1;3933
1721000;25;2;3846
1721000;25;3;13363
1721000;25;4;4895
1721000;30;1;4886
1721000;30;2;3135
1721000;30;3;9939
1721000;30;4;4723
1721000;35;1;4615
1721000;35;2;2360
1721000;35;3;6506
1721000;35;4;4385
1721000;40;1;3895
1721000;40;2;1956
1721000;40;3;5072
1721000;40;4;3680
1721000;45;1;3802
1721000;45;2;1247
1721000;45;3;3292
1721000;45;4;2936
1721000;50;1;3210
1721000;50;2;1135
1721000;50;3;2291
1721000;50;4;1780
1721000;55;1;2444
1721000;55;2;748
1721000;55;3;1286
1721000;55;4;1074
1721000;60;1;4045
1721000;60;2;594
1721000;60;3;952
1721000;60;4;693
1721000;70;1;2958
1721000;70;2;238
1721000;70;3;320
1721000;70;4;185
2100055;10;1;11076
2100055;10;2;202
2100055;10;3;0
2100055;10;4;0
2100055;15;1;2952
2100055;15;2;3287
2100055;15;3;224
2100055;15;4;0
2100055;18;1;1188
2100055;18;2;1672
2100055;18;3;1266
2100055;18;4;0
2100055;20;1;3248
2100055;20;2;2915
2100055;20;3;4291
2100055;20;4;236
2100055;25;1;3731
2100055;25;2;2162
2100055;25;3;3428
2100055;25;4;515
2100055;30;1;4274
2100055;30;2;1445
2100055;30;3;2444
2100055;30;4;398
2100055;35;1;3797
2100055;35;2;1414
2100055;35;3;1376
2100055;35;4;346
2100055;40;1;3663
2100055;40;2;895
2100055;40;3;981
2100055;40;4;407
2100055;45;1;3280
2100055;45;2;836
2100055;45;3;595
2100055;45;4;314
2100055;50;1;2829
2100055;50;2;376
2100055;50;3;475
2100055;50;4;142
2100055;55;1;2455
2100055;55;2;180
2100055;55;3;218
2100055;55;4;107
2100055;60;1;3677
2100055;60;2;179
2100055;60;3;128
2100055;60;4;107
2100055;70;1;2770
2100055;70;2;111
2100055;70;3;48
2100055;70;4;16
2101202;10;1;10025
2101202;10;2;298
2101202;10;3;22
2101202;10;4;0
2101202;15;1;2550
2101202;15;2;3104
2101202;15;3;147
2101202;15;4;0
2101202;18;1;1189
2101202;18;2;1469
2101202;18;3;1303
2101202;18;4;0
2101202;20;1;3075
2101202;20;2;2259
2101202;20;3;4065
2101202;20;4;279
2101202;25;1;3455
2101202;25;2;1587
2101202;25;3;3545
2101202;25;4;484
2101202;30;1;3715
2101202;30;2;1133
2101202;30;3;2643
2101202;30;4;352
2101202;35;1;3275
2101202;35;2;915
2101202;35;3;1539
2101202;35;4;300
2101202;40;1;3302
2101202;40;2;694
2101202;40;3;1215
2101202;40;4;367
2101202;45;1;3041
2101202;45;2;552
2101202;45;3;1031
2101202;45;4;247
2101202;50;1;2932
2101202;50;2;382
2101202;50;3;614
2101202;50;4;247
2101202;55;1;2743
2101202;55;2;257
2101202;55;3;368
2101202;55;4;165
2101202;60;1;4304
2101202;60;2;344
2101202;60;3;367
2101202;60;4;131
2101202;70;1;4232
2101202;70;2;189
2101202;70;3;179
2101202;70;4;22
2103000;10;1;15506
2103000;10;2;557
2103000;10;3;11
2103000;10;4;0
2103000;15;1;5149
2103000;15;2;3719
2103000;15;3;214
2103000;15;4;14
2103000;18;1;2241
2103000;18;2;2652
2103000;18;3;1498
2103000;18;4;10
2103000;20;1;5082
2103000;20;2;3356
2103000;20;3;5974
2103000;20;4;398
2103000;25;1;5980
2103000;25;2;2087
2103000;25;3;4417
2103000;25;4;921
2103000;30;1;5858
2103000;30;2;1652
2103000;30;3;3388
2103000;30;4;710
2103000;35;1;5143
2103000;35;2;1022
2103000;35;3;2405
2103000;35;4;532
2103000;40;1;5145
2103000;40;2;956
2103000;40;3;1638
2103000;40;4;643
2103000;45;1;5255
2103000;45;2;765
2103000;45;3;1182
2103000;45;4;370
2103000;50;1;4483
2103000;50;2;573
2103000;50;3;873
2103000;50;4;323
2103000;55;1;4487
2103000;55;2;436
2103000;55;3;591
2103000;55;4;249
2103000;60;1;7391
2103000;60;2;229
2103000;60;3;515
2103000;60;4;265
2103000;70;1;7422
2103000;70;2;227
2103000;70;3;161
2103000;70;4;45
2103307;10;1;12904
2103307;10;2;183
2103307;10;3;0
2103307;10;4;0
2103307;15;1;4428
2103307;15;2;2801
2103307;15;3;54
2103307;15;4;0
2103307;18;1;1963
2103307;18;2;1755
2103307;18;3;966
2103307;18;4;21
2103307;20;1;4662
2103307;20;2;2588
2103307;20;3;3802
2103307;20;4;76
2103307;25;1;4857
2103307;25;2;1704
2103307;25;3;2855
2103307;25;4;295
2103307;30;1;4849
2103307;30;2;967
2103307;30;3;1880
2103307;30;4;315
2103307;35;1;4225
2103307;35;2;814
2103307;35;3;1049
2103307;35;4;357
2103307;40;1;4244
2103307;40;2;575
2103307;40;3;885
2103307;40;4;279
2103307;45;1;3892
2103307;45;2;354
2103307;45;3;786
2103307;45;4;286
2103307;50;1;4111
2103307;50;2;254
2103307;50;3;448
2103307;50;4;197
2103307;55;1;3327
2103307;55;2;281
2103307;55;3;256
2103307;55;4;127
2103307;60;1;6090
2103307;60;2;184
2103307;60;3;356
2103307;60;4;89
2103307;70;1;5523
2103307;70;2;56
2103307;70;3;125
2103307;70;4;56
2103752;10;1;1513
2103752;10;2;24
2103752;10;3;0
2103752;10;4;0
2103752;15;1;404
2103752;15;2;282
2103752;15;3;21
2103752;15;4;0
2103752;18;1;179
2103752;18;2;273
2103752;18;3;112
2103752;18;4;0
2103752;20;1;432
2103752;20;2;377
2103752;20;3;401
2103752;20;4;6
2103752;25;1;427
2103752;25;2;239
2103752;25;3;409
2103752;25;4;34
2103752;30;1;437
2103752;30;2;202
2103752;30;3;256
2103752;30;4;5
2103752;35;1;421
2103752;35;2;72
2103752;35;3;139
2103752;35;4;18
2103752;40;1;381
2103752;40;2;82
2103752;40;3;92
2103752;40;4;46
2103752;45;1;377
2103752;45;2;90
2103752;45;3;56
2103752;45;4;13
2103752;50;1;360
2103752;50;2;62
2103752;50;3;24
2103752;50;4;8
2103752;55;1;341
2103752;55;2;35
2103752;55;3;27
2103752;55;4;9
2103752;60;1;586
2103752;60;2;38
2103752;60;3;8
2103752;60;4;9
2103752;70;1;587
2103752;70;2;10
2103752;70;3;12
2103752;70;4;0
2105302;10;1;23484
2105302;10;2;1089
2105302;10;3;20
2105302;10;4;0
2105302;15;1;5579
2105302;15;2;8331
2105302;15;3;703
2105302;15;4;0
2105302;18;1;1950
2105302;18;2;3504
2105302;18;3;4240
2105302;18;4;50
2105302;20;1;4546
2105302;20;2;6004
2105302;20;3;14064
2105302;20;4;1036
2105302;25;1;5214
2105302;25;2;4799
2105302;25;3;12371
2105302;25;4;2105
2105302;30;1;6126
2105302;30;2;4230
2105302;30;3;9061
2105302;30;4;2009
2105302;35;1;5964
2105302;35;2;3302
2105302;35;3;6100
2105302;35;4;1804
2105302;40;1;5816
2105302;40;2;3191
2105302;40;3;4831
2105302;40;4;1326
2105302;45;1;5840
2105302;45;2;2132
2105302;45;3;3775
2105302;45;4;1150
2105302;50;1;6049
2105302;50;2;1528
2105302;50;3;2384
2105302;50;4;820
2105302;55;1;5273
2105302;55;2;894
2105302;55;3;1331
2105302;55;4;504
2105302;60;1;8675
2105302;60;2;1005
2105302;60;3;1027
2105302;60;4;511
2105302;70;1;8009
2105302;70;2;516
2105302;70;3;386
2105302;70;4;97
2107506;10;1;9706
2107506;10;2;369
2107506;10;3;59
2107506;10;4;0
2107506;15;1;2159
2107506;15;2;3456
2107506;15;3;352
2107506;15;4;10
2107506;18;1;653
2107506;18;2;1629
2107506;18;3;1702
2107506;18;4;25
2107506;20;1;1594
2107506;20;2;2140
2107506;20;3;7188
2107506;20;4;398
2107506;25;1;1687
2107506;25;2;2023
2107506;25;3;6696
2107506;25;4;839
2107506;30;1;2171
2107506;30;2;1424
2107506;30;3;5435
2107506;30;4;637
2107506;35;1;2117
2107506;35;2;1364
2107506;35;3;4077
2107506;35;4;548
2107506;40;1;1974
2107506;40;2;1066
2107506;40;3;3358
2107506;40;4;386
2107506;45;1;1717
2107506;45;2;908
2107506;45;3;2347
2107506;45;4;263
2107506;50;1;1489
2107506;50;2;776
2107506;50;3;1780
2107506;50;4;198
2107506;55;1;1527
2107506;55;2;481
2107506;55;3;1420
2107506;55;4;258
2107506;60;1;2214
2107506;60;2;515
2107506;60;3;896
2107506;60;4;185
2107506;70;1;2009
2107506;70;2;254
2107506;70;3;370
2107506;70;4;11
2109452;10;1;2961
2109452;10;2;76
2109452;10;3;0
2109452;10;4;0
2109452;15;1;752
2109452;15;2;780
2109452;15;3;61
2109452;15;4;0
2109452;18;1;394
2109452;18;2;384
2109452;18;3;249
2109452;18;4;0
2109452;20;1;951
2109452;20;2;898
2109452;20;3;1000
2109452;20;4;23
2109452;25;1;1029
2109452;25;2;557
2109452;25;3;937
2109452;25;4;37
2109452;30;1;1157
2109452;30;2;430
2109452;30;3;633
2109452;30;4;53
2109452;35;1;1140
2109452;35;2;257
2109452;35;3;390
2109452;35;4;81
2109452;40;1;839
2109452;40;2;234
2109452;40;3;298
2109452;40;4;55
2109452;45;1;736
2109452;45;2;71
2109452;45;3;239
2109452;45;4;44
2109452;50;1;641
2109452;50;2;131
2109452;50;3;111
2109452;50;4;16
2109452;55;1;524
2109452;55;2;57
2109452;55;3;81
2109452;55;4;24
2109452;60;1;853
2109452;60;2;11
2109452;60;3;48
2109452;60;4;12
2109452;70;1;623
2109452;70;2;67
2109452;70;3;0
2109452;70;4;8
2111201;10;1;15807
2111201;10;2;452
2111201;10;3;40
2111201;10;4;0
2111201;15;1;3616
2111201;15;2;5522
2111201;15;3;433
2111201;15;4;0
2111201;18;1;1232
2111201;18;2;2804
2111201;18;3;2720
2111201;18;4;55
2111201;20;1;3350
2111201;20;2;4296
2111201;20;3;9747
2111201;20;4;671
2111201;25;1;3823
2111201;25;2;2983
2111201;25;3;8725
2111201;25;4;899
2111201;30;1;4258
2111201;30;2;2653
2111201;30;3;6910
2111201;30;4;750
2111201;35;1;4417
2111201;35;2;2101
2111201;35;3;5160
2111201;35;4;753
2111201;40;1;3923
2111201;40;2;1978
2111201;40;3;4250
2111201;40;4;775
2111201;45;1;2970
2111201;45;2;1307
2111201;45;3;3295
2111201;45;4;604
2111201;50;1;2679
2111201;50;2;865
2111201;50;3;2241
2111201;50;4;540
2111201;55;1;2141
2111201;55;2;545
2111201;55;3;1200
2111201;55;4;248
2111201;60;1;3621
2111201;60;2;582
2111201;60;3;1253
2111201;60;4;208
2111201;70;1;3391
2111201;70;2;433
2111201;70;3;518
2111201;70;4;26
2111300;10;1;85065
2111300;10;2;3001
2111300;10;3;162
2111300;10;4;0
2111300;15;1;18306
2111300;15;2;33831
2111300;15;3;2686
2111300;15;4;21
2111300;18;1;6433
2111300;18;2;14013
2111300;18;3;19666
2111300;18;4;358
2111300;20;1;17774
2111300;20;2;21769
2111300;20;3;67692
2111300;20;4;6723
2111300;25;1;18406
2111300;25;2;17184
2111300;25;3;57772
2111300;25;4;15269
2111300;30;1;20024
2111300;30;2;13945
2111300;30;3;44428
2111300;30;4;12877
2111300;35;1;19981
2111300;35;2;13518
2111300;35;3;33011
2111300;35;4;10578
2111300;40;1;19273
2111300;40;2;10884
2111300;40;3;28696
2111300;40;4;9022
2111300;45;1;17979
2111300;45;2;9146
2111300;45;3;21117
2111300;45;4;7986
2111300;50;1;14567
2111300;50;2;6542
2111300;50;3;16949
2111300;50;4;7385
2111300;55;1;13277
2111300;55;2;4672
2111300;55;3;12012
2111300;55;4;5599
2111300;60;1;21190
2111300;60;2;4991
2111300;60;3;11502
2111300;60;4;6057
2111300;70;1;21864
2111300;70;2;4271
2111300;70;3;5603
2111300;70;4;2474
2112209;10;1;15844
2112209;10;2;467
2112209;10;3;11
2112209;10;4;0
2112209;15;1;4723
2112209;15;2;4283
2112209;15;3;283
2112209;15;4;0
2112209;18;1;1674
2112209;18;2;2363
2112209;18;3;1468
2112209;18;4;10
2112209;20;1;5125
2112209;20;2;3986
2112209;20;3;6218
2112209;20;4;264
2112209;25;1;6087
2112209;25;2;2596
2112209;25;3;5175
2112209;25;4;744
2112209;30;1;6286
2112209;30;2;2208
2112209;30;3;3887
2112209;30;4;665
2112209;35;1;5291
2112209;35;2;1707
2112209;35;3;2864
2112209;35;4;578
2112209;40;1;5470
2112209;40;2;1122
2112209;40;3;2035
2112209;40;4;450
2112209;45;1;4729
2112209;45;2;1014
2112209;45;3;1300
2112209;45;4;543
2112209;50;1;4445
2112209;50;2;725
2112209;50;3;766
2112209;50;4;346
2112209;55;1;4130
2112209;55;2;490
2112209;55;3;414
2112209;55;4;223
2112209;60;1;6006
2112209;60;2;344
2112209;60;3;545
2112209;60;4;203
2112209;70;1;5467
2112209;70;2;285
2112209;70;3;239
2112209;70;4;62
2207702;10;1;13448
2207702;10;2;279
2207702;10;3;0
2207702;10;4;0
2207702;15;1;4491
2207702;15;2;3640
2207702;15;3;204
2207702;15;4;0
2207702;18;1;1417
2207702;18;2;2342
2207702;18;3;1484
2207702;18;4;0
2207702;20;1;4114
2207702;20;2;3603
2207702;20;3;6211
2207702;20;4;484
2207702;25;1;4641
2207702;25;2;2561
2207702;25;3;4676
2207702;25;4;1221
2207702;30;1;5310
2207702;30;2;1728
2207702;30;3;3585
2207702;30;4;1211
2207702;35;1;4873
2207702;35;2;1862
2207702;35;3;2660
2207702;35;4;1127
2207702;40;1;5203
2207702;40;2;1298
2207702;40;3;2163
2207702;40;4;708
2207702;45;1;4252
2207702;45;2;1156
2207702;45;3;2027
2207702;45;4;714
2207702;50;1;3613
2207702;50;2;823
2207702;50;3;1198
2207702;50;4;709
2207702;55;1;3351
2207702;55;2;458
2207702;55;3;957
2207702;55;4;689
2207702;60;1;5971
2207702;60;2;667
2207702;60;3;936
2207702;60;4;531
2207702;70;1;6380
2207702;70;2;668
2207702;70;3;475
2207702;70;4;154
2211001;10;1;67731
2211001;10;2;2551
2211001;10;3;37
2211001;10;4;0
2211001;15;1;16109
2211001;15;2;24756
2211001;15;3;2164
2211001;15;4;17
2211001;18;1;5672
2211001;18;2;11807
2211001;18;3;12721
2211001;18;4;174
2211001;20;1;16917
2211001;20;2;19681
2211001;20;3;45899
2211001;20;4;5342
2211001;25;1;18751
2211001;25;2;15432
2211001;25;3;34933
2211001;25;4;13451
2211001;30;1;22345
2211001;30;2;13187
2211001;30;3;25607
2211001;30;4;11428
2211001;35;1;22387
2211001;35;2;11139
2211001;35;3;18387
2211001;35;4;8633
2211001;40;1;21027
2211001;40;2;9461
2211001;40;3;16241
2211001;40;4;7438
2211001;45;1;19490
2211001;45;2;7961
2211001;45;3;13706
2211001;45;4;7048
2211001;50;1;18162
2211001;50;2;5402
2211001;50;3;10205
2211001;50;4;5853
2211001;55;1;16093
2211001;55;2;3575
2211001;55;3;7707
2211001;55;4;4730
2211001;60;1;23558
2211001;60;2;4063
2211001;60;3;6848
2211001;60;4;4391
2211001;70;1;23282
2211001;70;2;2390
2211001;70;3;3123
2211001;70;4;1811
2301000;10;1;6970
2301000;10;2;241
2301000;10;3;8
2301000;10;4;0
2301000;15;1;2231
2301000;15;2;1825
2301000;15;3;176
2301000;15;4;0
2301000;18;1;1023
2301000;18;2;936
2301000;18;3;887
2301000;18;4;33
2301000;20;1;2680
2301000;20;2;1713
2301000;20;3;2693
2301000;20;4;108
2301000;25;1;2970
2301000;25;2;1521
2301000;25;3;2231
2301000;25;4;212
2301000;30;1;3210
2301000;30;2;954
2301000;30;3;1527
2301000;30;4;411
2301000;35;1;3288
2301000;35;2;856
2301000;35;3;907
2301000;35;4;233
2301000;40;1;3327
2301000;40;2;651
2301000;40;3;711
2301000;40;4;168
2301000;45;1;2848
2301000;45;2;444
2301000;45;3;409
2301000;45;4;194
2301000;50;1;2210
2301000;50;2;317
2301000;50;3;297
2301000;50;4;116
2301000;55;1;1895
2301000;55;2;116
2301000;55;3;223
2301000;55;4;104
2301000;60;1;3094
2301000;60;2;236
2301000;60;3;226
2301000;60;4;114
2301000;70;1;2958
2301000;70;2;121
2301000;70;3;47
2301000;70;4;50
2301901;10;1;5242
2301901;10;2;178
2301901;10;3;8
2301901;10;4;0
2301901;15;1;1419
2301901;15;2;1843
2301901;15;3;120
2301901;15;4;0
2301901;18;1;418
2301901;18;2;779
2301901;18;3;671
2301901;18;4;11
2301901;20;1;1318
2301901;20;2;1254
2301901;20;3;2948
2301901;20;4;173
2301901;25;1;1306
2301901;25;2;832
2301901;25;3;2520
2301901;25;4;444
2301901;30;1;1770
2301901;30;2;712
2301901;30;3;1666
2301901;30;4;258
2301901;35;1;1844
2301901;35;2;551
2301901;35;3;1019
2301901;35;4;283
2301901;40;1;1850
2301901;40;2;452
2301901;40;3;698
2301901;40;4;255
2301901;45;1;1595
2301901;45;2;277
2301901;45;3;646
2301901;45;4;236
2301901;50;1;1248
2301901;50;2;239
2301901;50;3;376
2301901;50;4;142
2301901;55;1;1523
2301901;55;2;176
2301901;55;3;270
2301901;55;4;162
2301901;60;1;2455
2301901;60;2;202
2301901;60;3;182
2301901;60;4;167
2301901;70;1;2698
2301901;70;2;135
2301901;70;3;120
2301901;70;4;92
2303709;10;1;33199
2303709;10;2;1054
2303709;10;3;38
2303709;10;4;0
2303709;15;1;9344
2303709;15;2;10436
2303709;15;3;773
2303709;15;4;0
2303709;18;1;3592
2303709;18;2;4800
2303709;18;3;4415
2303709;18;4;20
2303709;20;1;8392
2303709;20;2;8798
2303709;20;3;15015
2303709;20;4;588
2303709;25;1;8745
2303709;25;2;5849
2303709;25;3;13468
2303709;25;4;1402
2303709;30;1;11106
2303709;30;2;4849
2303709;30;3;8726
2303709;30;4;1212
2303709;35;1;11570
2303709;35;2;4571
2303709;35;3;6525
2303709;35;4;1064
2303709;40;1;11465
2303709;40;2;4587
2303709;40;3;5252
2303709;40;4;1096
2303709;45;1;10547
2303709;45;2;3507
2303709;45;3;4343
2303709;45;4;914
2303709;50;1;8297
2303709;50;2;1960
2303709;50;3;2761
2303709;50;4;655
2303709;55;1;6826
2303709;55;2;1116
2303709;55;3;1695
2303709;55;4;418
2303709;60;1;10708
2303709;60;2;1133
2303709;60;3;1301
2303709;60;4;403
2303709;70;1;9426
2303709;70;2;807
2303709;70;3;576
2303709;70;4;179
2304202;10;1;11051
2304202;10;2;572
2304202;10;3;0
2304202;10;4;0
2304202;15;1;2907
2304202;15;2;4021
2304202;15;3;366
2304202;15;4;0
2304202;18;1;810
2304202;18;2;1582
2304202;18;3;1993
2304202;18;4;20
2304202;20;1;2749
2304202;20;2;2543
2304202;20;3;6408
2304202;20;4;535
2304202;25;1;2827
2304202;25;2;1890
2304202;25;3;4793
2304202;25;4;1172
2304202;30;1;3005
2304202;30;2;1909
2304202;30;3;3698
2304202;30;4;1288
2304202;35;1;3798
2304202;35;2;1233
2304202;35;3;2412
2304202;35;4;875
2304202;40;1;3527
2304202;40;2;1182
2304202;40;3;2055
2304202;40;4;776
2304202;45;1;3290
2304202;45;2;838
2304202;45;3;1594
2304202;45;4;870
2304202;50;1;2954
2304202;50;2;642
2304202;50;3;1040
2304202;50;4;900
2304202;55;1;2572
2304202;55;2;443
2304202;55;3;846
2304202;55;4;416
2304202;60;1;5162
2304202;60;2;532
2304202;60;3;737
2304202;60;4;549
2304202;70;1;5134
2304202;70;2;484
2304202;70;3;452
2304202;70;4;333
2304285;10;1;4753
2304285;10;2;137
2304285;10;3;0
2304285;10;4;0
2304285;15;1;1189
2304285;15;2;1394
2304285;15;3;159
2304285;15;4;0
2304285;18;1;404
2304285;18;2;771
2304285;18;3;502
2304285;18;4;0
2304285;20;1;1311
2304285;20;2;1133
2304285;20;3;2136
2304285;20;4;153
2304285;25;1;1437
2304285;25;2;933
2304285;25;3;1809
2304285;25;4;195
2304285;30;1;1619
2304285;30;2;637
2304285;30;3;1359
2304285;30;4;187
2304285;35;1;1677
2304285;35;2;506
2304285;35;3;1184
2304285;35;4;173
2304285;40;1;1660
2304285;40;2;356
2304285;40;3;663
2304285;40;4;285
2304285;45;1;1467
2304285;45;2;383
2304285;45;3;421
2304285;45;4;189
2304285;50;1;1189
2304285;50;2;168
2304285;50;3;223
2304285;50;4;153
2304285;55;1;988
2304285;55;2;141
2304285;55;3;129
2304285;55;4;103
2304285;60;1;1435
2304285;60;2;151
2304285;60;3;146
2304285;60;4;158
2304285;70;1;1183
2304285;70;2;98
2304285;70;3;126
2304285;70;4;38
2304350;10;1;2164
2304350;10;2;197
2304350;10;3;0
2304350;10;4;0
2304350;15;1;447
2304350;15;2;668
2304350;15;3;74
2304350;15;4;0
2304350;18;1;217
2304350;18;2;423
2304350;18;3;226
2304350;18;4;0
2304350;20;1;618
2304350;20;2;646
2304350;20;3;967
2304350;20;4;29
2304350;25;1;548
2304350;25;2;561
2304350;25;3;653
2304350;25;4;109
2304350;30;1;784
2304350;30;2;362
2304350;30;3;355
2304350;30;4;83
2304350;35;1;812
2304350;35;2;271
2304350;35;3;235
2304350;35;4;80
2304350;40;1;1012
2304350;40;2;169
2304350;40;3;153
2304350;40;4;50
2304350;45;1;906
2304350;45;2;152
2304350;45;3;144
2304350;45;4;18
2304350;50;1;593
2304350;50;2;72
2304350;50;3;111
2304350;50;4;36
2304350;55;1;685
2304350;55;2;65
2304350;55;3;41
2304350;55;4;18
2304350;60;1;1092
2304350;60;2;51
2304350;60;3;39
2304350;60;4;0
2304350;70;1;1054
2304350;70;2;79
2304350;70;3;29
2304350;70;4;9
2304400;10;1;198515
2304400;10;2;8215
2304400;10;3;439
2304400;10;4;0
2304400;15;1;54559
2304400;15;2;70514
2304400;15;3;6350
2304400;15;4;106
2304400;18;1;19334
2304400;18;2;31072
2304400;18;3;36533
2304400;18;4;664
2304400;20;1;49102
2304400;20;2;55247
2304400;20;3;134675
2304400;20;4;10934
2304400;25;1;49098
2304400;25;2;45055
2304400;25;3;116355
2304400;25;4;30189
2304400;30;1;59082
2304400;30;2;35946
2304400;30;3;83946
2304400;30;4;29514
2304400;35;1;64310
2304400;35;2;32669
2304400;35;3;61329
2304400;35;4;24616
2304400;40;1;68005
2304400;40;2;31848
2304400;40;3;51629
2304400;40;4;23344
2304400;45;1;61384
2304400;45;2;27026
2304400;45;3;42714
2304400;45;4;24432
2304400;50;1;49687
2304400;50;2;17585
2304400;50;3;33330
2304400;50;4;19751
2304400;55;1;43463
2304400;55;2;12962
2304400;55;3;24306
2304400;55;4;16099
2304400;60;1;68532
2304400;60;2;15347
2304400;60;3;27721
2304400;60;4;18356
2304400;70;1;70465
2304400;70;2;11104
2304400;70;3;16365
2304400;70;4;8791
2306256;10;1;3529
2306256;10;2;154
2306256;10;3;0
2306256;10;4;0
2306256;15;1;1002
2306256;15;2;1118
2306256;15;3;60
2306256;15;4;0
2306256;18;1;544
2306256;18;2;594
2306256;18;3;338
2306256;18;4;0
2306256;20;1;1483
2306256;20;2;1094
2306256;20;3;1384
2306256;20;4;7
2306256;25;1;1518
2306256;25;2;760
2306256;25;3;1172
2306256;25;4;49
2306256;30;1;1563
2306256;30;2;643
2306256;30;3;876
2306256;30;4;65
2306256;35;1;1599
2306256;35;2;449
2306256;35;3;534
2306256;35;4;21
2306256;40;1;1522
2306256;40;2;300
2306256;40;3;342
2306256;40;4;95
2306256;45;1;1242
2306256;45;2;282
2306256;45;3;165
2306256;45;4;52
2306256;50;1;1040
2306256;50;2;94
2306256;50;3;64
2306256;50;4;9
2306256;55;1;879
2306256;55;2;85
2306256;55;3;60
2306256;55;4;24
2306256;60;1;1410
2306256;60;2;68
2306256;60;3;59
2306256;60;4;21
2306256;70;1;1395
2306256;70;2;32
2306256;70;3;42
2306256;70;4;0
2306405;10;1;12225
2306405;10;2;541
2306405;10;3;21
2306405;10;4;0
2306405;15;1;3202
2306405;15;2;3973
2306405;15;3;473
2306405;15;4;0
2306405;18;1;1197
2306405;18;2;1467
2306405;18;3;1648
2306405;18;4;0
2306405;20;1;3025
2306405;20;2;2852
2306405;20;3;5596
2306405;20;4;109
2306405;25;1;3406
2306405;25;2;2197
2306405;25;3;4115
2306405;25;4;381
2306405;30;1;4172
2306405;30;2;1283
2306405;30;3;2552
2306405;30;4;437
2306405;35;1;4007
2306405;35;2;1133
2306405;35;3;1676
2306405;35;4;443
2306405;40;1;3776
2306405;40;2;998
2306405;40;3;1229
2306405;40;4;377
2306405;45;1;3781
2306405;45;2;627
2306405;45;3;942
2306405;45;4;293
2306405;50;1;3253
2306405;50;2;403
2306405;50;3;524
2306405;50;4;237
2306405;55;1;2992
2306405;55;2;211
2306405;55;3;257
2306405;55;4;194
2306405;60;1;4894
2306405;60;2;356
2306405;60;3;276
2306405;60;4;147
2306405;70;1;5520
2306405;70;2;185
2306405;70;3;154
2306405;70;4;26
2307304;10;1;24462
2307304;10;2;799
2307304;10;3;0
2307304;10;4;0
2307304;15;1;5994
2307304;15;2;7502
2307304;15;3;682
2307304;15;4;0
2307304;18;1;2495
2307304;18;2;3740
2307304;18;3;3384
2307304;18;4;64
2307304;20;1;6272
2307304;20;2;6170
2307304;20;3;12252
2307304;20;4;875
2307304;25;1;6272
2307304;25;2;4460
2307304;25;3;9876
2307304;25;4;1952
2307304;30;1;8363
2307304;30;2;3358
2307304;30;3;7442
2307304;30;4;1796
2307304;35;1;8248
2307304;35;2;2723
2307304;35;3;4845
2307304;35;4;1247
2307304;40;1;7487
2307304;40;2;2404
2307304;40;3;3999
2307304;40;4;1232
2307304;45;1;7029
2307304;45;2;1700
2307304;45;3;2749
2307304;45;4;1034
2307304;50;1;6176
2307304;50;2;1213
2307304;50;3;1839
2307304;50;4;932
2307304;55;1;5657
2307304;55;2;659
2307304;55;3;1277
2307304;55;4;706
2307304;60;1;10423
2307304;60;2;1079
2307304;60;3;1175
2307304;60;4;766
2307304;70;1;11094
2307304;70;2;682
2307304;70;3;631
2307304;70;4;220
2307650;10;1;19739
2307650;10;2;781
2307650;10;3;24
2307650;10;4;0
2307650;15;1;5394
2307650;15;2;6460
2307650;15;3;633
2307650;15;4;12
2307650;18;1;2110
2307650;18;2;3011
2307650;18;3;3016
2307650;18;4;19
2307650;20;1;4523
2307650;20;2;5311
2307650;20;3;11977
2307650;20;4;389
2307650;25;1;3991
2307650;25;2;4143
2307650;25;3;11692
2307650;25;4;801
2307650;30;1;5152
2307650;30;2;3723
2307650;30;3;7799
2307650;30;4;658
2307650;35;1;6060
2307650;35;2;3046
2307650;35;3;5553
2307650;35;4;437
2307650;40;1;6956
2307650;40;2;2848
2307650;40;3;3911
2307650;40;4;363
2307650;45;1;6465
2307650;45;2;2335
2307650;45;3;2963
2307650;45;4;416
2307650;50;1;5490
2307650;50;2;1513
2307650;50;3;1996
2307650;50;4;256
2307650;55;1;4916
2307650;55;2;973
2307650;55;3;1000
2307650;55;4;231
2307650;60;1;7106
2307650;60;2;1001
2307650;60;3;901
2307650;60;4;91
2307650;70;1;6150
2307650;70;2;630
2307650;70;3;248
2307650;70;4;25
2307700;10;1;10935
2307700;10;2;840
2307700;10;3;9
2307700;10;4;0
2307700;15;1;2799
2307700;15;2;3648
2307700;15;3;442
2307700;15;4;0
2307700;18;1;1164
2307700;18;2;1964
2307700;18;3;1624
2307700;18;4;0
2307700;20;1;2659
2307700;20;2;3561
2307700;20;3;5780
2307700;20;4;210
2307700;25;1;2637
2307700;25;2;2172
2307700;25;3;5244
2307700;25;4;375
2307700;30;1;3509
2307700;30;2;1734
2307700;30;3;3218
2307700;30;4;263
2307700;35;1;3751
2307700;35;2;1483
2307700;35;3;1994
2307700;35;4;258
2307700;40;1;4192
2307700;40;2;1349
2307700;40;3;1706
2307700;40;4;256
2307700;45;1;4091
2307700;45;2;915
2307700;45;3;1191
2307700;45;4;200
2307700;50;1;3170
2307700;50;2;467
2307700;50;3;676
2307700;50;4;159
2307700;55;1;2511
2307700;55;2;283
2307700;55;3;389
2307700;55;4;84
2307700;60;1;4490
2307700;60;2;491
2307700;60;3;569
2307700;60;4;121
2307700;70;1;4098
2307700;70;2;311
2307700;70;3;246
2307700;70;4;74
2309706;10;1;6919
2309706;10;2;356
2309706;10;3;42
2309706;10;4;0
2309706;15;1;1766
2309706;15;2;1831
2309706;15;3;278
2309706;15;4;0
2309706;18;1;573
2309706;18;2;1122
2309706;18;3;1008
2309706;18;4;9
2309706;20;1;1464
2309706;20;2;1786
2309706;20;3;4023
2309706;20;4;160
2309706;25;1;1732
2309706;25;2;1365
2309706;25;3;3739
2309706;25;4;196
2309706;30;1;2123
2309706;30;2;1022
2309706;30;3;2709
2309706;30;4;225
2309706;35;1;2241
2309706;35;2;994
2309706;35;3;1635
2309706;35;4;143
2309706;40;1;2401
2309706;40;2;737
2309706;40;3;1362
2309706;40;4;209
2309706;45;1;2215
2309706;45;2;719
2309706;45;3;889
2309706;45;4;31
2309706;50;1;1973
2309706;50;2;385
2309706;50;3;608
2309706;50;4;75
2309706;55;1;1599
2309706;55;2;274
2309706;55;3;357
2309706;55;4;56
2309706;60;1;2054
2309706;60;2;438
2309706;60;3;239
2309706;60;4;82
2309706;70;1;2027
2309706;70;2;98
2309706;70;3;102
2309706;70;4;0
2312908;10;1;18694
2312908;10;2;700
2312908;10;3;8
2312908;10;4;0
2312908;15;1;3853
2312908;15;2;6955
2312908;15;3;528
2312908;15;4;0
2312908;18;1;1627
2312908;18;2;2874
2312908;18;3;3249
2312908;18;4;10
2312908;20;1;4770
2312908;20;2;5910
2312908;20;3;10316
2312908;20;4;643
2312908;25;1;5115
2312908;25;2;3556
2312908;25;3;7705
2312908;25;4;1414
2312908;30;1;5867
2312908;30;2;3036
2312908;30;3;5297
2312908;30;4;1223
2312908;35;1;6447
2312908;35;2;2482
2312908;35;3;3087
2312908;35;4;1118
2312908;40;1;6265
2312908;40;2;2028
2312908;40;3;2513
2312908;40;4;1008
2312908;45;1;5536
2312908;45;2;1373
2312908;45;3;1791
2312908;45;4;1169
2312908;50;1;4765
2312908;50;2;658
2312908;50;3;1034
2312908;50;4;849
2312908;55;1;3893
2312908;55;2;717
2312908;55;3;644
2312908;55;4;669
2312908;60;1;6995
2312908;60;2;565
2312908;60;3;631
2312908;60;4;597
2312908;70;1;6988
2312908;70;2;358
2312908;70;3;320
2312908;70;4;103
2403251;10;1;16668
2403251;10;2;915
2403251;10;3;9
2403251;10;4;0
2403251;15;1;4153
2403251;15;2;5969
2403251;15;3;629
2403251;15;4;0
2403251;18;1;1477
2403251;18;2;1968
2403251;18;3;3518
2403251;18;4;53
2403251;20;1;3900
2403251;20;2;3605
2403251;20;3;11706
2403251;20;4;1238
2403251;25;1;4252
2403251;25;2;2856
2403251;25;3;9971
2403251;25;4;3280
2403251;30;1;5279
2403251;30;2;2408
2403251;30;3;7828
2403251;30;4;3686
2403251;35;1;4706
2403251;35;2;2390
2403251;35;3;6419
2403251;35;4;2981
2403251;40;1;5527
2403251;40;2;1941
2403251;40;3;5183
2403251;40;4;2811
2403251;45;1;4619
2403251;45;2;1489
2403251;45;3;4776
2403251;45;4;2397
2403251;50;1;3393
2403251;50;2;1134
2403251;50;3;3180
2403251;50;4;1660
2403251;55;1;3217
2403251;55;2;833
2403251;55;3;1661
2403251;55;4;1077
2403251;60;1;4859
2403251;60;2;826
2403251;60;3;1811
2403251;60;4;1054
2403251;70;1;4401
2403251;70;2;618
2403251;70;3;846
2403251;70;4;194
2403608;10;1;2456
2403608;10;2;75
2403608;10;3;9
2403608;10;4;0
2403608;15;1;971
2403608;15;2;513
2403608;15;3;25
2403608;15;4;0
2403608;18;1;421
2403608;18;2;289
2403608;18;3;205
2403608;18;4;11
2403608;20;1;934
2403608;20;2;527
2403608;20;3;901
2403608;20;4;18
2403608;25;1;954
2403608;25;2;443
2403608;25;3;674
2403608;25;4;60
2403608;30;1;878
2403608;30;2;278
2403608;30;3;671
2403608;30;4;58
2403608;35;1;917
2403608;35;2;297
2403608;35;3;331
2403608;35;4;118
2403608;40;1;892
2403608;40;2;305
2403608;40;3;383
2403608;40;4;85
2403608;45;1;762
2403608;45;2;241
2403608;45;3;276
2403608;45;4;28
2403608;50;1;595
2403608;50;2;124
2403608;50;3;275
2403608;50;4;45
2403608;55;1;607
2403608;55;2;51
2403608;55;3;65
2403608;55;4;51
2403608;60;1;965
2403608;60;2;100
2403608;60;3;113
2403608;60;4;77
2403608;70;1;904
2403608;70;2;71
2403608;70;3;93
2403608;70;4;36
2407104;10;1;6753
2407104;10;2;249
2407104;10;3;9
2407104;10;4;0
2407104;15;1;2709
2407104;15;2;1468
2407104;15;3;150
2407104;15;4;0
2407104;18;1;949
2407104;18;2;918
2407104;18;3;531
2407104;18;4;0
2407104;20;1;2355
2407104;20;2;1790
2407104;20;3;2524
2407104;20;4;112
2407104;25;1;2454
2407104;25;2;1324
2407104;25;3;2120
2407104;25;4;261
2407104;30;1;2898
2407104;30;2;984
2407104;30;3;1510
2407104;30;4;293
2407104;35;1;2679
2407104;35;2;875
2407104;35;3;1150
2407104;35;4;256
2407104;40;1;3073
2407104;40;2;556
2407104;40;3;829
2407104;40;4;181
2407104;45;1;2491
2407104;45;2;509
2407104;45;3;637
2407104;45;4;133
2407104;50;1;1920
2407104;50;2;340
2407104;50;3;401
2407104;50;4;140
2407104;55;1;1811
2407104;55;2;203
2407104;55;3;127
2407104;55;4;62
2407104;60;1;2952
2407104;60;2;218
2407104;60;3;237
2407104;60;4;87
2407104;70;1;2872
2407104;70;2;80
2407104;70;3;34
2407104;70;4;12
2408003;10;1;20469
2408003;10;2;1090
2408003;10;3;17
2408003;10;4;0
2408003;15;1;5957
2408003;15;2;7066
2408003;15;3;759
2408003;15;4;0
2408003;18;1;2031
2408003;18;2;3186
2408003;18;3;3737
2408003;18;4;34
2408003;20;1;6215
2408003;20;2;5480
2408003;20;3;13952
2408003;20;4;928
2408003;25;1;7030
2408003;25;2;4044
2408003;25;3;11813
2408003;25;4;2387
2408003;30;1;7745
2408003;30;2;3560
2408003;30;3;8559
2408003;30;4;2378
2408003;35;1;8174
2408003;35;2;3264
2408003;35;3;6325
2408003;35;4;1865
2408003;40;1;9272
2408003;40;2;2698
2408003;40;3;5326
2408003;40;4;1896
2408003;45;1;7996
2408003;45;2;2433
2408003;45;3;4178
2408003;45;4;2132
2408003;50;1;6562
2408003;50;2;1518
2408003;50;3;2596
2408003;50;4;1765
2408003;55;1;5521
2408003;55;2;1016
2408003;55;3;1244
2408003;55;4;1017
2408003;60;1;10075
2408003;60;2;989
2408003;60;3;1072
2408003;60;4;1014
2408003;70;1;9766
2408003;70;2;558
2408003;70;3;499
2408003;70;4;271
2408102;10;1;62422
2408102;10;2;3197
2408102;10;3;121
2408102;10;4;0
2408102;15;1;18516
2408102;15;2;20853
2408102;15;3;2406
2408102;15;4;0
2408102;18;1;6061
2408102;18;2;9559
2408102;18;3;12541
2408102;18;4;99
2408102;20;1;16138
2408102;20;2;15616
2408102;20;3;44771
2408102;20;4;4812
2408102;25;1;16949
2408102;25;2;11960
2408102;25;3;37119
2408102;25;4;12406
2408102;30;1;18052
2408102;30;2;11215
2408102;30;3;27605
2408102;30;4;10752
2408102;35;1;19534
2408102;35;2;9502
2408102;35;3;20916
2408102;35;4;8472
2408102;40;1;21561
2408102;40;2;9576
2408102;40;3;19437
2408102;40;4;7294
2408102;45;1;19901
2408102;45;2;8410
2408102;45;3;16393
2408102;45;4;8595
2408102;50;1;16881
2408102;50;2;6648
2408102;50;3;12290
2408102;50;4;7451
2408102;55;1;14205
2408102;55;2;3961
2408102;55;3;8015
2408102;55;4;6333
2408102;60;1;24506
2408102;60;2;5273
2408102;60;3;9322
2408102;60;4;6822
2408102;70;1;26351
2408102;70;2;3968
2408102;70;3;5319
2408102;70;4;2712
2412005;10;1;8628
2412005;10;2;255
2412005;10;3;0
2412005;10;4;0
2412005;15;1;2906
2412005;15;2;1810
2412005;15;3;197
2412005;15;4;0
2412005;18;1;1141
2412005;18;2;1116
2412005;18;3;757
2412005;18;4;8
2412005;20;1;2808
2412005;20;2;2130
2412005;20;3;3324
2412005;20;4;192
2412005;25;1;2894
2412005;25;2;1502
2412005;25;3;3550
2412005;25;4;267
2412005;30;1;3152
2412005;30;2;1529
2412005;30;3;2567
2412005;30;4;248
2412005;35;1;3309
2412005;35;2;1087
2412005;35;3;1992
2412005;35;4;219
2412005;40;1;3440
2412005;40;2;952
2412005;40;3;1453
2412005;40;4;141
2412005;45;1;2889
2412005;45;2;672
2412005;45;3;1028
2412005;45;4;227
2412005;50;1;2618
2412005;50;2;423
2412005;50;3;597
2412005;50;4;107
2412005;55;1;1806
2412005;55;2;298
2412005;55;3;235
2412005;55;4;29
2412005;60;1;3388
2412005;60;2;294
2412005;60;3;215
2412005;60;4;113
2412005;70;1;2787
2412005;70;2;154
2412005;70;3;100
2412005;70;4;33
2501807;10;1;9093
2501807;10;2;320
2501807;10;3;9
2501807;10;4;0
2501807;15;1;3355
2501807;15;2;2126
2501807;15;3;174
2501807;15;4;0
2501807;18;1;1156
2501807;18;2;1345
2501807;18;3;1111
2501807;18;4;11
2501807;20;1;2804
2501807;20;2;2016
2501807;20;3;4332
2501807;20;4;236
2501807;25;1;3131
2501807;25;2;1974
2501807;25;3;3595
2501807;25;4;270
2501807;30;1;4284
2501807;30;2;1407
2501807;30;3;2772
2501807;30;4;244
2501807;35;1;4413
2501807;35;2;1425
2501807;35;3;1748
2501807;35;4;197
2501807;40;1;4231
2501807;40;2;1124
2501807;40;3;1654
2501807;40;4;231
2501807;45;1;3440
2501807;45;2;946
2501807;45;3;1028
2501807;45;4;231
2501807;50;1;2853
2501807;50;2;483
2501807;50;3;702
2501807;50;4;121
2501807;55;1;2542
2501807;55;2;363
2501807;55;3;354
2501807;55;4;120
2501807;60;1;4269
2501807;60;2;352
2501807;60;3;414
2501807;60;4;66
2501807;70;1;3644
2501807;70;2;183
2501807;70;3;162
2501807;70;4;54
2503209;10;1;4697
2503209;10;2;269
2503209;10;3;10
2503209;10;4;0
2503209;15;1;1332
2503209;15;2;1326
2503209;15;3;99
2503209;15;4;0
2503209;18;1;581
2503209;18;2;707
2503209;18;3;806
2503209;18;4;20
2503209;20;1;1373
2503209;20;2;972
2503209;20;3;2738
2503209;20;4;337
2503209;25;1;1818
2503209;25;2;842
2503209;25;3;2082
2503209;25;4;746
2503209;30;1;2144
2503209;30;2;806
2503209;30;3;1450
2503209;30;4;756
2503209;35;1;2088
2503209;35;2;613
2503209;35;3;1215
2503209;35;4;646
2503209;40;1;1919
2503209;40;2;658
2503209;40;3;887
2503209;40;4;609
2503209;45;1;1718
2503209;45;2;382
2503209;45;3;828
2503209;45;4;735
2503209;50;1;1290
2503209;50;2;388
2503209;50;3;569
2503209;50;4;548
2503209;55;1;1042
2503209;55;2;273
2503209;55;3;350
2503209;55;4;522
2503209;60;1;1541
2503209;60;2;270
2503209;60;3;411
2503209;60;4;596
2503209;70;1;1609
2503209;70;2;174
2503209;70;3;165
2503209;70;4;294
2504009;10;1;31577
2504009;10;2;1678
2504009;10;3;27
2504009;10;4;0
2504009;15;1;9641
2504009;15;2;9576
2504009;15;3;1019
2504009;15;4;30
2504009;18;1;4232
2504009;18;2;4302
2504009;18;3;5455
2504009;18;4;91
2504009;20;1;8897
2504009;20;2;7421
2504009;20;3;18971
2504009;20;4;1555
2504009;25;1;9720
2504009;25;2;6321
2504009;25;3;15604
2504009;25;4;4139
2504009;30;1;11456
2504009;30;2;4866
2504009;30;3;11325
2504009;30;4;4039
2504009;35;1;11503
2504009;35;2;4213
2504009;35;3;8318
2504009;35;4;3365
2504009;40;1;11743
2504009;40;2;3810
2504009;40;3;7308
2504009;40;4;3535
2504009;45;1;10341
2504009;45;2;3676
2504009;45;3;6211
2504009;45;4;3380
2504009;50;1;9060
2504009;50;2;2453
2504009;50;3;4330
2504009;50;4;3218
2504009;55;1;8001
2504009;55;2;1648
2504009;55;3;2729
2504009;55;4;2620
2504009;60;1;14894
2504009;60;2;2079
2504009;60;3;2456
2504009;60;4;2645
2504009;70;1;16324
2504009;70;2;1363
2504009;70;3;1678
2504009;70;4;1207
2504603;10;1;2112
2504603;10;2;90
2504603;10;3;0
2504603;10;4;0
2504603;15;1;818
2504603;15;2;448
2504603;15;3;100
2504603;15;4;0
2504603;18;1;360
2504603;18;2;246
2504603;18;3;175
2504603;18;4;46
2504603;20;1;838
2504603;20;2;611
2504603;20;3;598
2504603;20;4;12
2504603;25;1;1015
2504603;25;2;240
2504603;25;3;703
2504603;25;4;19
2504603;30;1;1188
2504603;30;2;187
2504603;30;3;358
2504603;30;4;20
2504603;35;1;1002
2504603;35;2;141
2504603;35;3;283
2504603;35;4;58
2504603;40;1;933
2504603;40;2;129
2504603;40;3;235
2504603;40;4;11
2504603;45;1;756
2504603;45;2;118
2504603;45;3;77
2504603;45;4;62
2504603;50;1;690
2504603;50;2;56
2504603;50;3;87
2504603;50;4;50
2504603;55;1;454
2504603;55;2;78
2504603;55;3;80
2504603;55;4;94
2504603;60;1;829
2504603;60;2;61
2504603;60;3;42
2504603;60;4;59
2504603;70;1;635
2504603;70;2;28
2504603;70;3;22
2504603;70;4;17
2507507;10;1;54027
2507507;10;2;2658
2507507;10;3;15
2507507;10;4;0
2507507;15;1;15899
2507507;15;2;18473
2507507;15;3;2353
2507507;15;4;33
2507507;18;1;6084
2507507;18;2;7397
2507507;18;3;10615
2507507;18;4;168
2507507;20;1;14018
2507507;20;2;13245
2507507;20;3;37398
2507507;20;4;5075
2507507;25;1;15739
2507507;25;2;10659
2507507;25;3;31425
2507507;25;4;12628
2507507;30;1;19500
2507507;30;2;8870
2507507;30;3;24000
2507507;30;4;10746
2507507;35;1;19117
2507507;35;2;8463
2507507;35;3;17935
2507507;35;4;9032
2507507;40;1;19489
2507507;40;2;7421
2507507;40;3;16229
2507507;40;4;9153
2507507;45;1;16710
2507507;45;2;6098
2507507;45;3;14182
2507507;45;4;9952
2507507;50;1;14065
2507507;50;2;4139
2507507;50;3;10180
2507507;50;4;8987
2507507;55;1;12620
2507507;55;2;3353
2507507;55;3;7136
2507507;55;4;7291
2507507;60;1;19166
2507507;60;2;4492
2507507;60;3;8388
2507507;60;4;8915
2507507;70;1;20874
2507507;70;2;3778
2507507;70;3;5389
2507507;70;4;3443
2508307;10;1;2327
2508307;10;2;97
2508307;10;3;12
2508307;10;4;0
2508307;15;1;871
2508307;15;2;625
2508307;15;3;55
2508307;15;4;0
2508307;18;1;262
2508307;18;2;310
2508307;18;3;246
2508307;18;4;0
2508307;20;1;885
2508307;20;2;576
2508307;20;3;811
2508307;20;4;55
2508307;25;1;1123
2508307;25;2;310
2508307;25;3;648
2508307;25;4;130
2508307;30;1;1095
2508307;30;2;343
2508307;30;3;379
2508307;30;4;126
2508307;35;1;1339
2508307;35;2;148
2508307;35;3;242
2508307;35;4;102
2508307;40;1;1234
2508307;40;2;169
2508307;40;3;153
2508307;40;4;77
2508307;45;1;1068
2508307;45;2;107
2508307;45;3;137
2508307;45;4;71
2508307;50;1;642
2508307;50;2;102
2508307;50;3;99
2508307;50;4;61
2508307;55;1;936
2508307;55;2;21
2508307;55;3;70
2508307;55;4;40
2508307;60;1;1500
2508307;60;2;23
2508307;60;3;55
2508307;60;4;33
2508307;70;1;1390
2508307;70;2;40
2508307;70;3;13
2508307;70;4;41
2508604;10;1;1139
2508604;10;2;60
2508604;10;3;0
2508604;10;4;0
2508604;15;1;423
2508604;15;2;215
2508604;15;3;16
2508604;15;4;0
2508604;18;1;223
2508604;18;2;141
2508604;18;3;117
2508604;18;4;0
2508604;20;1;544
2508604;20;2;167
2508604;20;3;334
2508604;20;4;19
2508604;25;1;663
2508604;25;2;119
2508604;25;3;210
2508604;25;4;12
2508604;30;1;608
2508604;30;2;151
2508604;30;3;161
2508604;30;4;66
2508604;35;1;592
2508604;35;2;93
2508604;35;3;139
2508604;35;4;27
2508604;40;1;500
2508604;40;2;69
2508604;40;3;105
2508604;40;4;21
2508604;45;1;415
2508604;45;2;46
2508604;45;3;47
2508604;45;4;30
2508604;50;1;442
2508604;50;2;40
2508604;50;3;40
2508604;50;4;26
2508604;55;1;311
2508604;55;2;12
2508604;55;3;37
2508604;55;4;5
2508604;60;1;524
2508604;60;2;16
2508604;60;3;21
2508604;60;4;25
2508604;70;1;430
2508604;70;2;14
2508604;70;3;3
2508604;70;4;14
2509206;10;1;1276
2509206;10;2;57
2509206;10;3;0
2509206;10;4;0
2509206;15;1;528
2509206;15;2;297
2509206;15;3;11
2509206;15;4;0
2509206;18;1;179
2509206;18;2;196
2509206;18;3;106
2509206;18;4;0
2509206;20;1;552
2509206;20;2;177
2509206;20;3;308
2509206;20;4;0
2509206;25;1;634
2509206;25;2;135
2509206;25;3;159
2509206;25;4;21
2509206;30;1;682
2509206;30;2;69
2509206;30;3;111
2509206;30;4;26
2509206;35;1;719
2509206;35;2;85
2509206;35;3;87
2509206;35;4;35
2509206;40;1;638
2509206;40;2;57
2509206;40;3;74
2509206;40;4;21
2509206;45;1;550
2509206;45;2;37
2509206;45;3;29
2509206;45;4;10
2509206;50;1;454
2509206;50;2;17
2509206;50;3;44
2509206;50;4;0
2509206;55;1;459
2509206;55;2;0
2509206;55;3;11
2509206;55;4;0
2509206;60;1;869
2509206;60;2;11
2509206;60;3;5
2509206;60;4;6
2509206;70;1;903
2509206;70;2;16
2509206;70;3;15
2509206;70;4;0
2510808;10;1;8578
2510808;10;2;390
2510808;10;3;10
2510808;10;4;0
2510808;15;1;2434
2510808;15;2;2597
2510808;15;3;358
2510808;15;4;0
2510808;18;1;907
2510808;18;2;945
2510808;18;3;1495
2510808;18;4;25
2510808;20;1;2761
2510808;20;2;2000
2510808;20;3;4467
2510808;20;4;288
2510808;25;1;3427
2510808;25;2;1523
2510808;25;3;3528
2510808;25;4;887
2510808;30;1;3744
2510808;30;2;1413
2510808;30;3;2721
2510808;30;4;671
2510808;35;1;3833
2510808;35;2;1105
2510808;35;3;1779
2510808;35;4;568
2510808;40;1;3304
2510808;40;2;937
2510808;40;3;1660
2510808;40;4;664
2510808;45;1;3086
2510808;45;2;735
2510808;45;3;1352
2510808;45;4;773
2510808;50;1;2594
2510808;50;2;397
2510808;50;3;867
2510808;50;4;540
2510808;55;1;2401
2510808;55;2;395
2510808;55;3;510
2510808;55;4;466
2510808;60;1;4642
2510808;60;2;299
2510808;60;3;411
2510808;60;4;347
2510808;70;1;4854
2510808;70;2;284
2510808;70;3;268
2510808;70;4;80
2512408;10;1;1183
2512408;10;2;31
2512408;10;3;0
2512408;10;4;0
2512408;15;1;378
2512408;15;2;305
2512408;15;3;35
2512408;15;4;0
2512408;18;1;146
2512408;18;2;149
2512408;18;3;103
2512408;18;4;0
2512408;20;1;461
2512408;20;2;267
2512408;20;3;445
2512408;20;4;9
2512408;25;1;468
2512408;25;2;185
2512408;25;3;384
2512408;25;4;27
2512408;30;1;552
2512408;30;2;142
2512408;30;3;242
2512408;30;4;26
2512408;35;1;544
2512408;35;2;125
2512408;35;3;153
2512408;35;4;34
2512408;40;1;541
2512408;40;2;96
2512408;40;3;92
2512408;40;4;24
2512408;45;1;504
2512408;45;2;70
2512408;45;3;83
2512408;45;4;31
2512408;50;1;428
2512408;50;2;38
2512408;50;3;47
2512408;50;4;30
2512408;55;1;397
2512408;55;2;33
2512408;55;3;30
2512408;55;4;5
2512408;60;1;733
2512408;60;2;35
2512408;60;3;31
2512408;60;4;9
2512408;70;1;799
2512408;70;2;23
2512408;70;3;9
2512408;70;4;6
2512507;10;1;4040
2512507;10;2;126
2512507;10;3;0
2512507;10;4;0
2512507;15;1;1728
2512507;15;2;928
2512507;15;3;44
2512507;15;4;0
2512507;18;1;589
2512507;18;2;533
2512507;18;3;336
2512507;18;4;0
2512507;20;1;1302
2512507;20;2;1052
2512507;20;3;1371
2512507;20;4;32
2512507;25;1;1398
2512507;25;2;692
2512507;25;3;1083
2512507;25;4;114
2512507;30;1;1668
2512507;30;2;506
2512507;30;3;697
2512507;30;4;54
2512507;35;1;1946
2512507;35;2;359
2512507;35;3;418
2512507;35;4;122
2512507;40;1;1967
2512507;40;2;217
2512507;40;3;402
2512507;40;4;104
2512507;45;1;1623
2512507;45;2;254
2512507;45;3;261
2512507;45;4;33
2512507;50;1;1349
2512507;50;2;165
2512507;50;3;99
2512507;50;4;60
2512507;55;1;1317
2512507;55;2;126
2512507;55;3;8
2512507;55;4;39
2512507;60;1;2391
2512507;60;2;132
2512507;60;3;58
2512507;60;4;23
2512507;70;1;2352
2512507;70;2;53
2512507;70;3;19
2512507;70;4;0
2512606;10;1;175
2512606;10;2;3
2512606;10;3;0
2512606;10;4;0
2512606;15;1;37
2512606;15;2;61
2512606;15;3;7
2512606;15;4;0
2512606;18;1;21
2512606;18;2;24
2512606;18;3;30
2512606;18;4;0
2512606;20;1;43
2512606;20;2;48
2512606;20;3;63
2512606;20;4;0
2512606;25;1;53
2512606;25;2;26
2512606;25;3;38
2512606;25;4;0
2512606;30;1;90
2512606;30;2;15
2512606;30;3;27
2512606;30;4;8
2512606;35;1;89
2512606;35;2;11
2512606;35;3;35
2512606;35;4;4
2512606;40;1;84
2512606;40;2;10
2512606;40;3;9
2512606;40;4;0
2512606;45;1;59
2512606;45;2;13
2512606;45;3;7
2512606;45;4;0
2512606;50;1;65
2512606;50;2;9
2512606;50;3;0
2512606;50;4;0
2512606;55;1;55
2512606;55;2;4
2512606;55;3;0
2512606;55;4;0
2512606;60;1;96
2512606;60;2;7
2512606;60;3;4
2512606;60;4;4
2512606;70;1;90
2512606;70;2;2
2512606;70;3;0
2512606;70;4;0
2513703;10;1;11407
2513703;10;2;312
2513703;10;3;11
2513703;10;4;0
2513703;15;1;3747
2513703;15;2;2601
2513703;15;3;152
2513703;15;4;0
2513703;18;1;1681
2513703;18;2;1534
2513703;18;3;1074
2513703;18;4;16
2513703;20;1;4012
2513703;20;2;2317
2513703;20;3;4114
2513703;20;4;251
2513703;25;1;4627
2513703;25;2;1918
2513703;25;3;3788
2513703;25;4;333
2513703;30;1;5253
2513703;30;2;1635
2513703;30;3;3148
2513703;30;4;337
2513703;35;1;5098
2513703;35;2;1580
2513703;35;3;2030
2513703;35;4;254
2513703;40;1;4781
2513703;40;2;1250
2513703;40;3;1871
2513703;40;4;237
2513703;45;1;4411
2513703;45;2;859
2513703;45;3;1027
2513703;45;4;255
2513703;50;1;3773
2513703;50;2;463
2513703;50;3;792
2513703;50;4;208
2513703;55;1;3245
2513703;55;2;412
2513703;55;3;516
2513703;55;4;138
2513703;60;1;5539
2513703;60;2;431
2513703;60;3;246
2513703;60;4;129
2513703;70;1;4932
2513703;70;2;223
2513703;70;3;133
2513703;70;4;44
2600054;10;1;7963
2600054;10;2;355
2600054;10;3;13
2600054;10;4;0
2600054;15;1;2181
2600054;15;2;2284
2600054;15;3;199
2600054;15;4;0
2600054;18;1;897
2600054;18;2;1143
2600054;18;3;1051
2600054;18;4;0
2600054;20;1;2139
2600054;20;2;1425
2600054;20;3;4486
2600054;20;4;159
2600054;25;1;2401
2600054;25;2;1512
2600054;25;3;4321
2600054;25;4;418
2600054;30;1;2957
2600054;30;2;1457
2600054;30;3;3459
2600054;30;4;329
2600054;35;1;3143
2600054;35;2;1428
2600054;35;3;2744
2600054;35;4;265
2600054;40;1;3516
2600054;40;2;1324
2600054;40;3;1813
2600054;40;4;255
2600054;45;1;2990
2600054;45;2;1318
2600054;45;3;1555
2600054;45;4;213
2600054;50;1;2798
2600054;50;2;956
2600054;50;3;1209
2600054;50;4;169
2600054;55;1;2786
2600054;55;2;533
2600054;55;3;636
2600054;55;4;56
2600054;60;1;4147
2600054;60;2;535
2600054;60;3;487
2600054;60;4;109
2600054;70;1;3262
2600054;70;2;328
2600054;70;3;129
2600054;70;4;14
2601052;10;1;1895
2601052;10;2;44
2601052;10;3;0
2601052;10;4;0
2601052;15;1;737
2601052;15;2;390
2601052;15;3;25
2601052;15;4;0
2601052;18;1;342
2601052;18;2;236
2601052;18;3;142
2601052;18;4;0
2601052;20;1;762
2601052;20;2;444
2601052;20;3;577
2601052;20;4;10
2601052;25;1;806
2601052;25;2;332
2601052;25;3;525
2601052;25;4;12
2601052;30;1;749
2601052;30;2;239
2601052;30;3;398
2601052;30;4;37
2601052;35;1;822
2601052;35;2;156
2601052;35;3;263
2601052;35;4;30
2601052;40;1;921
2601052;40;2;80
2601052;40;3;126
2601052;40;4;33
2601052;45;1;715
2601052;45;2;61
2601052;45;3;116
2601052;45;4;16
2601052;50;1;595
2601052;50;2;32
2601052;50;3;43
2601052;50;4;5
2601052;55;1;546
2601052;55;2;32
2601052;55;3;28
2601052;55;4;10
2601052;60;1;799
2601052;60;2;26
2601052;60;3;5
2601052;60;4;5
2601052;70;1;666
2601052;70;2;4
2601052;70;3;0
2601052;70;4;0
2602902;10;1;16130
2602902;10;2;910
2602902;10;3;25
2602902;10;4;0
2602902;15;1;4829
2602902;15;2;4040
2602902;15;3;568
2602902;15;4;7
2602902;18;1;2402
2602902;18;2;2340
2602902;18;3;2291
2602902;18;4;12
2602902;20;1;5229
2602902;20;2;3579
2602902;20;3;8353
2602902;20;4;406
2602902;25;1;5605
2602902;25;2;3236
2602902;25;3;8564
2602902;25;4;639
2602902;30;1;6755
2602902;30;2;2428
2602902;30;3;7285
2602902;30;4;631
2602902;35;1;6667
2602902;35;2;2280
2602902;35;3;5324
2602902;35;4;426
2602902;40;1;6377
2602902;40;2;1682
2602902;40;3;3759
2602902;40;4;568
2602902;45;1;5947
2602902;45;2;1514
2602902;45;3;2394
2602902;45;4;528
2602902;50;1;5313
2602902;50;2;1201
2602902;50;3;1543
2602902;50;4;353
2602902;55;1;5175
2602902;55;2;630
2602902;55;3;928
2602902;55;4;290
2602902;60;1;7186
2602902;60;2;698
2602902;60;3;835
2602902;60;4;238
2602902;70;1;5531
2602902;70;2;219
2602902;70;3;316
2602902;70;4;57
2603454;10;1;11738
2603454;10;2;634
2603454;10;3;0
2603454;10;4;0
2603454;15;1;3341
2603454;15;2;3405
2603454;15;3;498
2603454;15;4;0
2603454;18;1;1254
2603454;18;2;1907
2603454;18;3;1725
2603454;18;4;35
2603454;20;1;3269
2603454;20;2;3113
2603454;20;3;6131
2603454;20;4;311
2603454;25;1;3616
2603454;25;2;2287
2603454;25;3;6557
2603454;25;4;777
2603454;30;1;4655
2603454;30;2;1883
2603454;30;3;5988
2603454;30;4;836
2603454;35;1;5280
2603454;35;2;2193
2603454;35;3;4258
2603454;35;4;569
2603454;40;1;5246
2603454;40;2;1753
2603454;40;3;3098
2603454;40;4;570
2603454;45;1;4634
2603454;45;2;1436
2603454;45;3;2315
2603454;45;4;455
2603454;50;1;4481
2603454;50;2;930
2603454;50;3;1451
2603454;50;4;416
2603454;55;1;3859
2603454;55;2;593
2603454;55;3;1164
2603454;55;4;298
2603454;60;1;6138
2603454;60;2;763
2603454;60;3;900
2603454;60;4;338
2603454;70;1;5006
2603454;70;2;421
2603454;70;3;269
2603454;70;4;124
2604106;10;1;26773
2604106;10;2;981
2604106;10;3;14
2604106;10;4;0
2604106;15;1;9265
2604106;15;2;6825
2604106;15;3;787
2604106;15;4;0
2604106;18;1;4273
2604106;18;2;3276
2604106;18;3;3881
2604106;18;4;70
2604106;20;1;12057
2604106;20;2;6808
2604106;20;3;11404
2604106;20;4;996
2604106;25;1;12422
2604106;25;2;4922
2604106;25;3;9799
2604106;25;4;2184
2604106;30;1;13063
2604106;30;2;4169
2604106;30;3;7405
2604106;30;4;1981
2604106;35;1;12696
2604106;35;2;3836
2604106;35;3;5695
2604106;35;4;1519
2604106;40;1;12160
2604106;40;2;3128
2604106;40;3;4614
2604106;40;4;1683
2604106;45;1;9986
2604106;45;2;2586
2604106;45;3;3922
2604106;45;4;1853
2604106;50;1;7826
2604106;50;2;2006
2604106;50;3;2436
2604106;50;4;1379
2604106;55;1;7158
2604106;55;2;1235
2604106;55;3;1649
2604106;55;4;1115
2604106;60;1;12742
2604106;60;2;1372
2604106;60;3;1648
2604106;60;4;1226
2604106;70;1;12539
2604106;70;2;873
2604106;70;3;1003
2604106;70;4;544
2606002;10;1;12115
2606002;10;2;395
2606002;10;3;0
2606002;10;4;0
2606002;15;1;4078
2606002;15;2;2997
2606002;15;3;108
2606002;15;4;0
2606002;18;1;2040
2606002;18;2;1461
2606002;18;3;1177
2606002;18;4;31
2606002;20;1;4647
2606002;20;2;2985
2606002;20;3;4234
2606002;20;4;380
2606002;25;1;4154
2606002;25;2;2016
2606002;25;3;4119
2606002;25;4;1264
2606002;30;1;4639
2606002;30;2;1518
2606002;30;3;3190
2606002;30;4;1239
2606002;35;1;4542
2606002;35;2;1340
2606002;35;3;2039
2606002;35;4;925
2606002;40;1;4413
2606002;40;2;1066
2606002;40;3;1716
2606002;40;4;797
2606002;45;1;3930
2606002;45;2;907
2606002;45;3;1346
2606002;45;4;817
2606002;50;1;3368
2606002;50;2;579
2606002;50;3;853
2606002;50;4;587
2606002;55;1;3684
2606002;55;2;414
2606002;55;3;973
2606002;55;4;323
2606002;60;1;5941
2606002;60;2;384
2606002;60;3;634
2606002;60;4;552
2606002;70;1;5444
2606002;70;2;346
2606002;70;3;394
2606002;70;4;188
2606804;10;1;8828
2606804;10;2;665
2606804;10;3;0
2606804;10;4;0
2606804;15;1;2866
2606804;15;2;2466
2606804;15;3;380
2606804;15;4;0
2606804;18;1;1246
2606804;18;2;1079
2606804;18;3;1139
2606804;18;4;13
2606804;20;1;2829
2606804;20;2;1873
2606804;20;3;4376
2606804;20;4;149
2606804;25;1;3070
2606804;25;2;1262
2606804;25;3;4277
2606804;25;4;346
2606804;30;1;3688
2606804;30;2;1365
2606804;30;3;3814
2606804;30;4;200
2606804;35;1;3801
2606804;35;2;1455
2606804;35;3;2802
2606804;35;4;300
2606804;40;1;3960
2606804;40;2;1190
2606804;40;3;1847
2606804;40;4;331
2606804;45;1;3530
2606804;45;2;864
2606804;45;3;1267
2606804;45;4;349
2606804;50;1;3003
2606804;50;2;456
2606804;50;3;1105
2606804;50;4;216
2606804;55;1;2711
2606804;55;2;375
2606804;55;3;613
2606804;55;4;113
2606804;60;1;4319
2606804;60;2;347
2606804;60;3;279
2606804;60;4;144
2606804;70;1;3715
2606804;70;2;100
2606804;70;3;214
2606804;70;4;57
2607208;10;1;8094
2607208;10;2;183
2607208;10;3;0
2607208;10;4;0
2607208;15;1;3440
2607208;15;2;1237
2607208;15;3;105
2607208;15;4;0
2607208;18;1;1516
2607208;18;2;1079
2607208;18;3;728
2607208;18;4;5
2607208;20;1;3251
2607208;20;2;2103
2607208;20;3;2650
2607208;20;4;111
2607208;25;1;3780
2607208;25;2;1627
2607208;25;3;2456
2607208;25;4;199
2607208;30;1;3689
2607208;30;2;1056
2607208;30;3;1993
2607208;30;4;201
2607208;35;1;3424
2607208;35;2;841
2607208;35;3;1344
2607208;35;4;156
2607208;40;1;3554
2607208;40;2;511
2607208;40;3;716
2607208;40;4;161
2607208;45;1;2663
2607208;45;2;384
2607208;45;3;645
2607208;45;4;164
2607208;50;1;2318
2607208;50;2;202
2607208;50;3;394
2607208;50;4;118
2607208;55;1;1965
2607208;55;2;153
2607208;55;3;111
2607208;55;4;82
2607208;60;1;2631
2607208;60;2;200
2607208;60;3;147
2607208;60;4;109
2607208;70;1;1990
2607208;70;2;105
2607208;70;3;66
2607208;70;4;20
2607604;10;1;1798
2607604;10;2;69
2607604;10;3;0
2607604;10;4;0
2607604;15;1;620
2607604;15;2;376
2607604;15;3;37
2607604;15;4;0
2607604;18;1;293
2607604;18;2;253
2607604;18;3;169
2607604;18;4;10
2607604;20;1;1200
2607604;20;2;555
2607604;20;3;621
2607604;20;4;17
2607604;25;1;1243
2607604;25;2;489
2607604;25;3;600
2607604;25;4;56
2607604;30;1;1215
2607604;30;2;421
2607604;30;3;565
2607604;30;4;45
2607604;35;1;1019
2607604;35;2;294
2607604;35;3;368
2607604;35;4;97
2607604;40;1;925
2607604;40;2;282
2607604;40;3;267
2607604;40;4;65
2607604;45;1;782
2607604;45;2;121
2607604;45;3;281
2607604;45;4;64
2607604;50;1;641
2607604;50;2;156
2607604;50;3;218
2607604;50;4;51
2607604;55;1;459
2607604;55;2;74
2607604;55;3;139
2607604;55;4;47
2607604;60;1;649
2607604;60;2;113
2607604;60;3;183
2607604;60;4;65
2607604;70;1;516
2607604;70;2;42
2607604;70;3;83
2607604;70;4;17
2607752;10;1;2097
2607752;10;2;186
2607752;10;3;0
2607752;10;4;0
2607752;15;1;634
2607752;15;2;662
2607752;15;3;21
2607752;15;4;0
2607752;18;1;351
2607752;18;2;275
2607752;18;3;207
2607752;18;4;0
2607752;20;1;1061
2607752;20;2;586
2607752;20;3;733
2607752;20;4;44
2607752;25;1;1133
2607752;25;2;340
2607752;25;3;771
2607752;25;4;44
2607752;30;1;1072
2607752;30;2;318
2607752;30;3;589
2607752;30;4;97
2607752;35;1;955
2607752;35;2;308
2607752;35;3;447
2607752;35;4;23
2607752;40;1;934
2607752;40;2;242
2607752;40;3;299
2607752;40;4;30
2607752;45;1;913
2607752;45;2;97
2607752;45;3;175
2607752;45;4;33
2607752;50;1;695
2607752;50;2;102
2607752;50;3;116
2607752;50;4;39
2607752;55;1;659
2607752;55;2;78
2607752;55;3;79
2607752;55;4;31
2607752;60;1;870
2607752;60;2;166
2607752;60;3;79
2607752;60;4;22
2607752;70;1;767
2607752;70;2;45
2607752;70;3;20
2607752;70;4;0
2607901;10;1;54184
2607901;10;2;1822
2607901;10;3;25
2607901;10;4;0
2607901;15;1;16564
2607901;15;2;15004
2607901;15;3;1459
2607901;15;4;0
2607901;18;1;6023
2607901;18;2;7325
2607901;18;3;7259
2607901;18;4;109
2607901;20;1;14639
2607901;20;2;12575
2607901;20;3;28694
2607901;20;4;1964
2607901;25;1;16400
2607901;25;2;10301
2607901;25;3;27211
2607901;25;4;4828
2607901;30;1;19527
2607901;30;2;9728
2607901;30;3;22545
2607901;30;4;5005
2607901;35;1;20950
2607901;35;2;9179
2607901;35;3;17694
2607901;35;4;4339
2607901;40;1;21868
2607901;40;2;7607
2607901;40;3;14206
2607901;40;4;3407
2607901;45;1;19740
2607901;45;2;7040
2607901;45;3;11524
2607901;45;4;2831
2607901;50;1;17433
2607901;50;2;5654
2607901;50;3;8691
2607901;50;4;2738
2607901;55;1;13756
2607901;55;2;3364
2607901;55;3;6527
2607901;55;4;2363
2607901;60;1;21667
2607901;60;2;4079
2607901;60;3;5801
2607901;60;4;2745
2607901;70;1;17700
2607901;70;2;2204
2607901;70;3;2925
2607901;70;4;1028
2609402;10;1;5032
2609402;10;2;201
2609402;10;3;0
2609402;10;4;0
2609402;15;1;1568
2609402;15;2;1330
2609402;15;3;125
2609402;15;4;0
2609402;18;1;768
2609402;18;2;630
2609402;18;3;588
2609402;18;4;22
2609402;20;1;1705
2609402;20;2;1341
2609402;20;3;2192
2609402;20;4;106
2609402;25;1;1976
2609402;25;2;1052
2609402;25;3;1853
2609402;25;4;211
2609402;30;1;2321
2609402;30;2;709
2609402;30;3;1521
2609402;30;4;214
2609402;35;1;2405
2609402;35;2;639
2609402;35;3;1082
2609402;35;4;185
2609402;40;1;2407
2609402;40;2;506
2609402;40;3;769
2609402;40;4;141
2609402;45;1;2328
2609402;45;2;432
2609402;45;3;505
2609402;45;4;105
2609402;50;1;1899
2609402;50;2;360
2609402;50;3;363
2609402;50;4;150
2609402;55;1;1781
2609402;55;2;186
2609402;55;3;214
2609402;55;4;86
2609402;60;1;2398
2609402;60;2;266
2609402;60;3;350
2609402;60;4;99
2609402;70;1;2217
2609402;70;2;149
2609402;70;3;81
2609402;70;4;11
2609600;10;1;29233
2609600;10;2;1225
2609600;10;3;44
2609600;10;4;0
2609600;15;1;8613
2609600;15;2;8723
2609600;15;3;945
2609600;15;4;19
2609600;18;1;3338
2609600;18;2;3863
2609600;18;3;4636
2609600;18;4;98
2609600;20;1;7766
2609600;20;2;6441
2609600;20;3;16296
2609600;20;4;1545
2609600;25;1;7788
2609600;25;2;5687
2609600;25;3;15707
2609600;25;4;4071
2609600;30;1;8751
2609600;30;2;5646
2609600;30;3;13772
2609600;30;4;3897
2609600;35;1;10219
2609600;35;2;5029
2609600;35;3;11554
2609600;35;4;3282
2609600;40;1;9995
2609600;40;2;5096
2609600;40;3;9977
2609600;40;4;2876
2609600;45;1;10300
2609600;45;2;4054
2609600;45;3;7832
2609600;45;4;2969
2609600;50;1;8726
2609600;50;2;3146
2609600;50;3;6309
2609600;50;4;3059
2609600;55;1;7315
2609600;55;2;2431
2609600;55;3;4470
2609600;55;4;2374
2609600;60;1;12402
2609600;60;2;3240
2609600;60;3;5587
2609600;60;4;3208
2609600;70;1;12860
2609600;70;2;2177
2609600;70;3;3231
2609600;70;4;1544
2610608;10;1;5100
2610608;10;2;104
2610608;10;3;0
2610608;10;4;0
2610608;15;1;1535
2610608;15;2;1253
2610608;15;3;201
2610608;15;4;0
2610608;18;1;861
2610608;18;2;690
2610608;18;3;541
2610608;18;4;0
2610608;20;1;2059
2610608;20;2;1099
2610608;20;3;1678
2610608;20;4;28
2610608;25;1;2112
2610608;25;2;876
2610608;25;3;1368
2610608;25;4;196
2610608;30;1;2353
2610608;30;2;735
2610608;30;3;1323
2610608;30;4;93
2610608;35;1;2367
2610608;35;2;403
2610608;35;3;948
2610608;35;4;121
2610608;40;1;2161
2610608;40;2;436
2610608;40;3;572
2610608;40;4;202
2610608;45;1;1837
2610608;45;2;285
2610608;45;3;366
2610608;45;4;150
2610608;50;1;1677
2610608;50;2;189
2610608;50;3;178
2610608;50;4;150
2610608;55;1;1399
2610608;55;2;134
2610608;55;3;125
2610608;55;4;59
2610608;60;1;2146
2610608;60;2;79
2610608;60;3;165
2610608;60;4;142
2610608;70;1;1525
2610608;70;2;81
2610608;70;3;134
2610608;70;4;54
2610707;10;1;23559
2610707;10;2;1497
2610707;10;3;35
2610707;10;4;0
2610707;15;1;6073
2610707;15;2;7837
2610707;15;3;1008
2610707;15;4;0
2610707;18;1;2019
2610707;18;2;3213
2610707;18;3;3967
2610707;18;4;63
2610707;20;1;4970
2610707;20;2;5042
2610707;20;3;14860
2610707;20;4;1047
2610707;25;1;5230
2610707;25;2;4597
2610707;25;3;14568
2610707;25;4;2571
2610707;30;1;6706
2610707;30;2;4600
2610707;30;3;12744
2610707;30;4;2131
2610707;35;1;7417
2610707;35;2;4742
2610707;35;3;10749
2610707;35;4;1643
2610707;40;1;7693
2610707;40;2;4377
2610707;40;3;8419
2610707;40;4;1697
2610707;45;1;7384
2610707;45;2;4029
2610707;45;3;7043
2610707;45;4;1623
2610707;50;1;6297
2610707;50;2;3176
2610707;50;3;6330
2610707;50;4;1581
2610707;55;1;6838
2610707;55;2;2254
2610707;55;3;4216
2610707;55;4;1107
2610707;60;1;9590
2610707;60;2;2765
2610707;60;3;4507
2610707;60;4;1218
2610707;70;1;8437
2610707;70;2;1232
2610707;70;3;1508
2610707;70;4;421
2611101;10;1;28449
2611101;10;2;1096
2611101;10;3;23
2611101;10;4;0
2611101;15;1;8712
2611101;15;2;7557
2611101;15;3;946
2611101;15;4;10
2611101;18;1;3826
2611101;18;2;3451
2611101;18;3;3740
2611101;18;4;38
2611101;20;1;9523
2611101;20;2;6426
2611101;20;3;13614
2611101;20;4;825
2611101;25;1;9521
2611101;25;2;4859
2611101;25;3;11365
2611101;25;4;2313
2611101;30;1;10562
2611101;30;2;4136
2611101;30;3;9129
2611101;30;4;2512
2611101;35;1;9960
2611101;35;2;3181
2611101;35;3;6815
2611101;35;4;2399
2611101;40;1;9191
2611101;40;2;2676
2611101;40;3;5160
2611101;40;4;1911
2611101;45;1;8280
2611101;45;2;1806
2611101;45;3;3122
2611101;45;4;1789
2611101;50;1;7017
2611101;50;2;1321
2611101;50;3;2061
2611101;50;4;1269
2611101;55;1;5120
2611101;55;2;665
2611101;55;3;1110
2611101;55;4;987
2611101;60;1;9257
2611101;60;2;851
2611101;60;3;1164
2611101;60;4;886
2611101;70;1;7117
2611101;70;2;410
2611101;70;3;426
2611101;70;4;204
2611606;10;1;113725
2611606;10;2;5393
2611606;10;3;81
2611606;10;4;0
2611606;15;1;30867
2611606;15;2;37611
2611606;15;3;4085
2611606;15;4;45
2611606;18;1;11582
2611606;18;2;16816
2611606;18;3;21366
2611606;18;4;372
2611606;20;1;29772
2611606;20;2;27547
2611606;20;3;71936
2611606;20;4;9784
2611606;25;1;29839
2611606;25;2;21874
2611606;25;3;61373
2611606;25;4;27441
2611606;30;1;36947
2611606;30;2;19154
2611606;30;3;47223
2611606;30;4;26326
2611606;35;1;39554
2611606;35;2;18845
2611606;35;3;38991
2611606;35;4;21823
2611606;40;1;41145
2611606;40;2;17229
2611606;40;3;34227
2611606;40;4;19544
2611606;45;1;38460
2611606;45;2;14519
2611606;45;3;30716
2611606;45;4;20326
2611606;50;1;34038
2611606;50;2;12672
2611606;50;3;24338
2611606;50;4;18660
2611606;55;1;29106
2611606;55;2;8639
2611606;55;3;17832
2611606;55;4;15357
2611606;60;1;45741
2611606;60;2;11516
2611606;60;3;19766
2611606;60;4;20356
2611606;70;1;47963
2611606;70;2;9084
2611606;70;3;15532
2611606;70;4;11879
2613701;10;1;8992
2613701;10;2;258
2613701;10;3;0
2613701;10;4;0
2613701;15;1;3081
2613701;15;2;2214
2613701;15;3;239
2613701;15;4;0
2613701;18;1;1385
2613701;18;2;1137
2613701;18;3;993
2613701;18;4;40
2613701;20;1;3474
2613701;20;2;1982
2613701;20;3;3871
2613701;20;4;220
2613701;25;1;3531
2613701;25;2;1600
2613701;25;3;4236
2613701;25;4;374
2613701;30;1;3676
2613701;30;2;1597
2613701;30;3;3370
2613701;30;4;306
2613701;35;1;4325
2613701;35;2;1262
2613701;35;3;2179
2613701;35;4;165
2613701;40;1;4138
2613701;40;2;1008
2613701;40;3;1566
2613701;40;4;265
2613701;45;1;3767
2613701;45;2;759
2613701;45;3;1173
2613701;45;4;261
2613701;50;1;3327
2613701;50;2;646
2613701;50;3;868
2613701;50;4;177
2613701;55;1;2841
2613701;55;2;499
2613701;55;3;476
2613701;55;4;168
2613701;60;1;4446
2613701;60;2;395
2613701;60;3;487
2613701;60;4;113
2613701;70;1;3744
2613701;70;2;142
2613701;70;3;111
2613701;70;4;47
2616407;10;1;11472
2616407;10;2;257
2616407;10;3;0
2616407;10;4;0
2616407;15;1;3945
2616407;15;2;2640
2616407;15;3;333
2616407;15;4;0
2616407;18;1;1879
2616407;18;2;1440
2616407;18;3;1416
2616407;18;4;17
2616407;20;1;4661
2616407;20;2;2574
2616407;20;3;4361
2616407;20;4;259
2616407;25;1;5405
2616407;25;2;2200
2616407;25;3;3910
2616407;25;4;640
2616407;30;1;5711
2616407;30;2;1688
2616407;30;3;2913
2616407;30;4;639
2616407;35;1;5695
2616407;35;2;1374
2616407;35;3;2203
2616407;35;4;468
2616407;40;1;5484
2616407;40;2;1183
2616407;40;3;1602
2616407;40;4;444
2616407;45;1;5032
2616407;45;2;865
2616407;45;3;1159
2616407;45;4;407
2616407;50;1;4219
2616407;50;2;624
2616407;50;3;674
2616407;50;4;353
2616407;55;1;4297
2616407;55;2;321
2616407;55;3;476
2616407;55;4;220
2616407;60;1;6239
2616407;60;2;431
2616407;60;3;489
2616407;60;4;256
2616407;70;1;5899
2616407;70;2;196
2616407;70;3;259
2616407;70;4;96
2700300;10;1;21120
2700300;10;2;830
2700300;10;3;13
2700300;10;4;0
2700300;15;1;7018
2700300;15;2;5996
2700300;15;3;378
2700300;15;4;0
2700300;18;1;3171
2700300;18;2;2816
2700300;18;3;1798
2700300;18;4;5
2700300;20;1;7690
2700300;20;2;5275
2700300;20;3;7045
2700300;20;4;437
2700300;25;1;8281
2700300;25;2;3754
2700300;25;3;6094
2700300;25;4;1132
2700300;30;1;9072
2700300;30;2;2965
2700300;30;3;4229
2700300;30;4;1328
2700300;35;1;8310
2700300;35;2;2333
2700300;35;3;2899
2700300;35;4;988
2700300;40;1;8472
2700300;40;2;2250
2700300;40;3;2490
2700300;40;4;808
2700300;45;1;7373
2700300;45;2;1268
2700300;45;3;1695
2700300;45;4;963
2700300;50;1;6080
2700300;50;2;1068
2700300;50;3;1070
2700300;50;4;696
2700300;55;1;6318
2700300;55;2;435
2700300;55;3;751
2700300;55;4;586
2700300;60;1;9813
2700300;60;2;490
2700300;60;3;590
2700300;60;4;423
2700300;70;1;7704
2700300;70;2;321
2700300;70;3;206
2700300;70;4;113
2700508;10;1;1714
2700508;10;2;43
2700508;10;3;0
2700508;10;4;0
2700508;15;1;634
2700508;15;2;210
2700508;15;3;18
2700508;15;4;0
2700508;18;1;392
2700508;18;2;209
2700508;18;3;57
2700508;18;4;0
2700508;20;1;792
2700508;20;2;339
2700508;20;3;163
2700508;20;4;9
2700508;25;1;828
2700508;25;2;200
2700508;25;3;197
2700508;25;4;48
2700508;30;1;667
2700508;30;2;173
2700508;30;3;178
2700508;30;4;45
2700508;35;1;700
2700508;35;2;98
2700508;35;3;161
2700508;35;4;16
2700508;40;1;608
2700508;40;2;60
2700508;40;3;85
2700508;40;4;5
2700508;45;1;519
2700508;45;2;68
2700508;45;3;41
2700508;45;4;13
2700508;50;1;473
2700508;50;2;69
2700508;50;3;19
2700508;50;4;4
2700508;55;1;333
2700508;55;2;44
2700508;55;3;46
2700508;55;4;14
2700508;60;1;480
2700508;60;2;44
2700508;60;3;45
2700508;60;4;18
2700508;70;1;334
2700508;70;2;16
2700508;70;3;16
2700508;70;4;0
2702207;10;1;543
2702207;10;2;14
2702207;10;3;0
2702207;10;4;0
2702207;15;1;240
2702207;15;2;85
2702207;15;3;3
2702207;15;4;0
2702207;18;1;124
2702207;18;2;45
2702207;18;3;31
2702207;18;4;0
2702207;20;1;254
2702207;20;2;111
2702207;20;3;143
2702207;20;4;7
2702207;25;1;280
2702207;25;2;46
2702207;25;3;160
2702207;25;4;10
2702207;30;1;283
2702207;30;2;38
2702207;30;3;92
2702207;30;4;10
2702207;35;1;273
2702207;35;2;44
2702207;35;3;77
2702207;35;4;11
2702207;40;1;209
2702207;40;2;42
2702207;40;3;51
2702207;40;4;25
2702207;45;1;180
2702207;45;2;32
2702207;45;3;52
2702207;45;4;18
2702207;50;1;191
2702207;50;2;20
2702207;50;3;45
2702207;50;4;8
2702207;55;1;157
2702207;55;2;11
2702207;55;3;20
2702207;55;4;0
2702207;60;1;236
2702207;60;2;12
2702207;60;3;25
2702207;60;4;0
2702207;70;1;257
2702207;70;2;0
2702207;70;3;3
2702207;70;4;0
2704302;10;1;81960
2704302;10;2;2984
2704302;10;3;57
2704302;10;4;0
2704302;15;1;25679
2704302;15;2;22032
2704302;15;3;2047
2704302;15;4;34
2704302;18;1;9563
2704302;18;2;9756
2704302;18;3;12639
2704302;18;4;221
2704302;20;1;23765
2704302;20;2;16511
2704302;20;3;40857
2704302;20;4;5056
2704302;25;1;27387
2704302;25;2;14070
2704302;25;3;32928
2704302;25;4;12699
2704302;30;1;31145
2704302;30;2;12348
2704302;30;3;26840
2704302;30;4;11486
2704302;35;1;31076
2704302;35;2;11848
2704302;35;3;20620
2704302;35;4;9669
2704302;40;1;29307
2704302;40;2;9807
2704302;40;3;19055
2704302;40;4;8775
2704302;45;1;25368
2704302;45;2;7763
2704302;45;3;14644
2704302;45;4;8617
2704302;50;1;20421
2704302;50;2;6180
2704302;50;3;11573
2704302;50;4;7815
2704302;55;1;18581
2704302;55;2;4331
2704302;55;3;7574
2704302;55;4;6455
2704302;60;1;26233
2704302;60;2;4308
2704302;60;3;8306
2704302;60;4;6934
2704302;70;1;22275
2704302;70;2;3202
2704302;70;3;4242
2704302;70;4;2798
2704708;10;1;4852
2704708;10;2;201
2704708;10;3;0
2704708;10;4;0
2704708;15;1;1897
2704708;15;2;1015
2704708;15;3;63
2704708;15;4;0
2704708;18;1;620
2704708;18;2;474
2704708;18;3;520
2704708;18;4;0
2704708;20;1;1574
2704708;20;2;1086
2704708;20;3;1436
2704708;20;4;60
2704708;25;1;2024
2704708;25;2;647
2704708;25;3;1301
2704708;25;4;160
2704708;30;1;2237
2704708;30;2;567
2704708;30;3;872
2704708;30;4;164
2704708;35;1;1974
2704708;35;2;386
2704708;35;3;731
2704708;35;4;186
2704708;40;1;1690
2704708;40;2;396
2704708;40;3;596
2704708;40;4;202
2704708;45;1;1610
2704708;45;2;220
2704708;45;3;389
2704708;45;4;171
2704708;50;1;1372
2704708;50;2;151
2704708;50;3;383
2704708;50;4;161
2704708;55;1;1133
2704708;55;2;131
2704708;55;3;173
2704708;55;4;111
2704708;60;1;1438
2704708;60;2;170
2704708;60;3;322
2704708;60;4;108
2704708;70;1;1193
2704708;70;2;10
2704708;70;3;76
2704708;70;4;82
2705200;10;1;1945
2705200;10;2;22
2705200;10;3;0
2705200;10;4;0
2705200;15;1;644
2705200;15;2;293
2705200;15;3;13
2705200;15;4;0
2705200;18;1;289
2705200;18;2;233
2705200;18;3;83
2705200;18;4;0
2705200;20;1;750
2705200;20;2;342
2705200;20;3;348
2705200;20;4;11
2705200;25;1;809
2705200;25;2;211
2705200;25;3;385
2705200;25;4;47
2705200;30;1;833
2705200;30;2;99
2705200;30;3;235
2705200;30;4;40
2705200;35;1;747
2705200;35;2;88
2705200;35;3;161
2705200;35;4;5
2705200;40;1;675
2705200;40;2;68
2705200;40;3;88
2705200;40;4;13
2705200;45;1;602
2705200;45;2;28
2705200;45;3;93
2705200;45;4;0
2705200;50;1;531
2705200;50;2;29
2705200;50;3;57
2705200;50;4;19
2705200;55;1;373
2705200;55;2;14
2705200;55;3;19
2705200;55;4;4
2705200;60;1;609
2705200;60;2;15
2705200;60;3;20
2705200;60;4;0
2705200;70;1;479
2705200;70;2;11
2705200;70;3;17
2705200;70;4;6
2706448;10;1;1299
2706448;10;2;21
2706448;10;3;0
2706448;10;4;0
2706448;15;1;440
2706448;15;2;197
2706448;15;3;32
2706448;15;4;5
2706448;18;1;176
2706448;18;2;92
2706448;18;3;115
2706448;18;4;0
2706448;20;1;505
2706448;20;2;176
2706448;20;3;304
2706448;20;4;7
2706448;25;1;536
2706448;25;2;182
2706448;25;3;256
2706448;25;4;40
2706448;30;1;654
2706448;30;2;118
2706448;30;3;195
2706448;30;4;4
2706448;35;1;498
2706448;35;2;125
2706448;35;3;169
2706448;35;4;17
2706448;40;1;442
2706448;40;2;102
2706448;40;3;84
2706448;40;4;9
2706448;45;1;346
2706448;45;2;59
2706448;45;3;89
2706448;45;4;12
2706448;50;1;326
2706448;50;2;57
2706448;50;3;58
2706448;50;4;29
2706448;55;1;304
2706448;55;2;23
2706448;55;3;46
2706448;55;4;6
2706448;60;1;420
2706448;60;2;13
2706448;60;3;39
2706448;60;4;27
2706448;70;1;348
2706448;70;2;18
2706448;70;3;14
2706448;70;4;0
2707701;10;1;7074
2707701;10;2;249
2707701;10;3;0
2707701;10;4;0
2707701;15;1;2547
2707701;15;2;1426
2707701;15;3;126
2707701;15;4;0
2707701;18;1;1058
2707701;18;2;985
2707701;18;3;619
2707701;18;4;10
2707701;20;1;2458
2707701;20;2;1479
2707701;20;3;1944
2707701;20;4;105
2707701;25;1;2723
2707701;25;2;1160
2707701;25;3;1805
2707701;25;4;166
2707701;30;1;2782
2707701;30;2;1043
2707701;30;3;1524
2707701;30;4;229
2707701;35;1;2828
2707701;35;2;1075
2707701;35;3;1202
2707701;35;4;78
2707701;40;1;2520
2707701;40;2;776
2707701;40;3;1057
2707701;40;4;188
2707701;45;1;2219
2707701;45;2;586
2707701;45;3;844
2707701;45;4;142
2707701;50;1;1928
2707701;50;2;552
2707701;50;3;621
2707701;50;4;69
2707701;55;1;1658
2707701;55;2;224
2707701;55;3;304
2707701;55;4;60
2707701;60;1;2542
2707701;60;2;269
2707701;60;3;209
2707701;60;4;105
2707701;70;1;2224
2707701;70;2;203
2707701;70;3;139
2707701;70;4;45
2707909;10;1;730
2707909;10;2;29
2707909;10;3;0
2707909;10;4;0
2707909;15;1;325
2707909;15;2;81
2707909;15;3;10
2707909;15;4;0
2707909;18;1;126
2707909;18;2;66
2707909;18;3;33
2707909;18;4;0
2707909;20;1;324
2707909;20;2;93
2707909;20;3;185
2707909;20;4;7
2707909;25;1;358
2707909;25;2;65
2707909;25;3;170
2707909;25;4;0
2707909;30;1;380
2707909;30;2;79
2707909;30;3;117
2707909;30;4;14
2707909;35;1;326
2707909;35;2;62
2707909;35;3;84
2707909;35;4;26
2707909;40;1;232
2707909;40;2;45
2707909;40;3;69
2707909;40;4;20
2707909;45;1;200
2707909;45;2;27
2707909;45;3;63
2707909;45;4;19
2707909;50;1;239
2707909;50;2;33
2707909;50;3;27
2707909;50;4;5
2707909;55;1;163
2707909;55;2;14
2707909;55;3;34
2707909;55;4;7
2707909;60;1;321
2707909;60;2;12
2707909;60;3;10
2707909;60;4;11
2707909;70;1;266
2707909;70;2;7
2707909;70;3;10
2707909;70;4;2
2708907;10;1;1469
2708907;10;2;69
2708907;10;3;0
2708907;10;4;0
2708907;15;1;486
2708907;15;2;374
2708907;15;3;43
2708907;15;4;0
2708907;18;1;138
2708907;18;2;216
2708907;18;3;216
2708907;18;4;0
2708907;20;1;480
2708907;20;2;315
2708907;20;3;593
2708907;20;4;13
2708907;25;1;616
2708907;25;2;206
2708907;25;3;501
2708907;25;4;22
2708907;30;1;437
2708907;30;2;292
2708907;30;3;420
2708907;30;4;39
2708907;35;1;462
2708907;35;2;174
2708907;35;3;459
2708907;35;4;43
2708907;40;1;505
2708907;40;2;199
2708907;40;3;341
2708907;40;4;61
2708907;45;1;433
2708907;45;2;133
2708907;45;3;258
2708907;45;4;30
2708907;50;1;437
2708907;50;2;70
2708907;50;3;123
2708907;50;4;31
2708907;55;1;338
2708907;55;2;77
2708907;55;3;39
2708907;55;4;16
2708907;60;1;523
2708907;60;2;48
2708907;60;3;37
2708907;60;4;5
2708907;70;1;390
2708907;70;2;39
2708907;70;3;5
2708907;70;4;10
2800308;10;1;45131
2800308;10;2;1399
2800308;10;3;28
2800308;10;4;0
2800308;15;1;13633
2800308;15;2;14112
2800308;15;3;1222
2800308;15;4;26
2800308;18;1;4044
2800308;18;2;6134
2800308;18;3;8909
2800308;18;4;154
2800308;20;1;10400
2800308;20;2;10348
2800308;20;3;32354
2800308;20;4;4711
2800308;25;1;11785
2800308;25;2;8347
2800308;25;3;26640
2800308;25;4;11867
2800308;30;1;14255
2800308;30;2;6137
2800308;30;3;21156
2800308;30;4;10707
2800308;35;1;13478
2800308;35;2;6454
2800308;35;3;15613
2800308;35;4;8843
2800308;40;1;13002
2800308;40;2;6511
2800308;40;3;13660
2800308;40;4;7263
2800308;45;1;12262
2800308;45;2;5003
2800308;45;3;11104
2800308;45;4;6965
2800308;50;1;9954
2800308;50;2;3790
2800308;50;3;9575
2800308;50;4;6095
2800308;55;1;8412
2800308;55;2;2473
2800308;55;3;6295
2800308;55;4;5471
2800308;60;1;14059
2800308;60;2;3612
2800308;60;3;6696
2800308;60;4;5204
2800308;70;1;14546
2800308;70;2;2662
2800308;70;3;3033
2800308;70;4;2096
2800605;10;1;2424
2800605;10;2;69
2800605;10;3;0
2800605;10;4;0
2800605;15;1;828
2800605;15;2;464
2800605;15;3;49
2800605;15;4;0
2800605;18;1;415
2800605;18;2;318
2800605;18;3;208
2800605;18;4;5
2800605;20;1;992
2800605;20;2;492
2800605;20;3;812
2800605;20;4;75
2800605;25;1;983
2800605;25;2;480
2800605;25;3;809
2800605;25;4;91
2800605;30;1;1110
2800605;30;2;311
2800605;30;3;654
2800605;30;4;87
2800605;35;1;901
2800605;35;2;337
2800605;35;3;577
2800605;35;4;63
2800605;40;1;928
2800605;40;2;284
2800605;40;3;432
2800605;40;4;83
2800605;45;1;771
2800605;45;2;290
2800605;45;3;300
2800605;45;4;95
2800605;50;1;686
2800605;50;2;173
2800605;50;3;215
2800605;50;4;72
2800605;55;1;467
2800605;55;2;86
2800605;55;3;127
2800605;55;4;40
2800605;60;1;747
2800605;60;2;105
2800605;60;3;129
2800605;60;4;27
2800605;70;1;674
2800605;70;2;48
2800605;70;3;22
2800605;70;4;32
2801504;10;1;1494
2801504;10;2;26
2801504;10;3;7
2801504;10;4;0
2801504;15;1;516
2801504;15;2;202
2801504;15;3;30
2801504;15;4;0
2801504;18;1;191
2801504;18;2;203
2801504;18;3;121
2801504;18;4;0
2801504;20;1;502
2801504;20;2;279
2801504;20;3;543
2801504;20;4;36
2801504;25;1;478
2801504;25;2;234
2801504;25;3;561
2801504;25;4;51
2801504;30;1;521
2801504;30;2;187
2801504;30;3;406
2801504;30;4;38
2801504;35;1;485
2801504;35;2;105
2801504;35;3;283
2801504;35;4;29
2801504;40;1;370
2801504;40;2;144
2801504;40;3;198
2801504;40;4;55
2801504;45;1;427
2801504;45;2;61
2801504;45;3;147
2801504;45;4;29
2801504;50;1;360
2801504;50;2;39
2801504;50;3;113
2801504;50;4;23
2801504;55;1;320
2801504;55;2;17
2801504;55;3;45
2801504;55;4;15
2801504;60;1;392
2801504;60;2;26
2801504;60;3;26
2801504;60;4;5
2801504;70;1;317
2801504;70;2;11
2801504;70;3;0
2801504;70;4;0
2802007;10;1;502
2802007;10;2;9
2802007;10;3;0
2802007;10;4;0
2802007;15;1;173
2802007;15;2;73
2802007;15;3;12
2802007;15;4;0
2802007;18;1;65
2802007;18;2;70
2802007;18;3;36
2802007;18;4;0
2802007;20;1;120
2802007;20;2;81
2802007;20;3;174
2802007;20;4;0
2802007;25;1;142
2802007;25;2;73
2802007;25;3;152
2802007;25;4;9
2802007;30;1;164
2802007;30;2;47
2802007;30;3;125
2802007;30;4;3
2802007;35;1;168
2802007;35;2;28
2802007;35;3;108
2802007;35;4;13
2802007;40;1;176
2802007;40;2;23
2802007;40;3;50
2802007;40;4;10
2802007;45;1;139
2802007;45;2;29
2802007;45;3;39
2802007;45;4;7
2802007;50;1;114
2802007;50;2;23
2802007;50;3;20
2802007;50;4;2
2802007;55;1;129
2802007;55;2;3
2802007;55;3;12
2802007;55;4;4
2802007;60;1;185
2802007;60;2;13
2802007;60;3;0
2802007;60;4;3
2802007;70;1;145
2802007;70;2;0
2802007;70;3;2
2802007;70;4;2
2802502;10;1;303
2802502;10;2;27
2802502;10;3;0
2802502;10;4;0
2802502;15;1;121
2802502;15;2;80
2802502;15;3;4
2802502;15;4;0
2802502;18;1;27
2802502;18;2;26
2802502;18;3;12
2802502;18;4;0
2802502;20;1;88
2802502;20;2;50
2802502;20;3;130
2802502;20;4;2
2802502;25;1;81
2802502;25;2;27
2802502;25;3;148
2802502;25;4;10
2802502;30;1;65
2802502;30;2;35
2802502;30;3;119
2802502;30;4;4
2802502;35;1;100
2802502;35;2;39
2802502;35;3;78
2802502;35;4;8
2802502;40;1;115
2802502;40;2;12
2802502;40;3;45
2802502;40;4;15
2802502;45;1;92
2802502;45;2;25
2802502;45;3;20
2802502;45;4;4
2802502;50;1;79
2802502;50;2;22
2802502;50;3;18
2802502;50;4;10
2802502;55;1;85
2802502;55;2;8
2802502;55;3;10
2802502;55;4;0
2802502;60;1;135
2802502;60;2;14
2802502;60;3;4
2802502;60;4;0
2802502;70;1;99
2802502;70;2;4
2802502;70;3;4
2802502;70;4;4
2803609;10;1;2697
2803609;10;2;129
2803609;10;3;0
2803609;10;4;0
2803609;15;1;1070
2803609;15;2;613
2803609;15;3;52
2803609;15;4;0
2803609;18;1;344
2803609;18;2;500
2803609;18;3;239
2803609;18;4;0
2803609;20;1;932
2803609;20;2;671
2803609;20;3;1152
2803609;20;4;41
2803609;25;1;900
2803609;25;2;698
2803609;25;3;1057
2803609;25;4;69
2803609;30;1;983
2803609;30;2;454
2803609;30;3;713
2803609;30;4;128
2803609;35;1;883
2803609;35;2;265
2803609;35;3;616
2803609;35;4;90
2803609;40;1;959
2803609;40;2;199
2803609;40;3;449
2803609;40;4;53
2803609;45;1;753
2803609;45;2;121
2803609;45;3;347
2803609;45;4;77
2803609;50;1;699
2803609;50;2;85
2803609;50;3;213
2803609;50;4;22
2803609;55;1;554
2803609;55;2;51
2803609;55;3;92
2803609;55;4;23
2803609;60;1;896
2803609;60;2;24
2803609;60;3;96
2803609;60;4;38
2803609;70;1;675
2803609;70;2;48
2803609;70;3;43
2803609;70;4;0
2804003;10;1;1602
2804003;10;2;55
2804003;10;3;0
2804003;10;4;0
2804003;15;1;732
2804003;15;2;345
2804003;15;3;6
2804003;15;4;0
2804003;18;1;241
2804003;18;2;211
2804003;18;3;86
2804003;18;4;0
2804003;20;1;596
2804003;20;2;505
2804003;20;3;434
2804003;20;4;29
2804003;25;1;642
2804003;25;2;327
2804003;25;3;565
2804003;25;4;30
2804003;30;1;657
2804003;30;2;289
2804003;30;3;376
2804003;30;4;58
2804003;35;1;665
2804003;35;2;154
2804003;35;3;326
2804003;35;4;24
2804003;40;1;593
2804003;40;2;177
2804003;40;3;215
2804003;40;4;14
2804003;45;1;549
2804003;45;2;126
2804003;45;3;110
2804003;45;4;38
2804003;50;1;489
2804003;50;2;41
2804003;50;3;68
2804003;50;4;10
2804003;55;1;428
2804003;55;2;34
2804003;55;3;39
2804003;55;4;9
2804003;60;1;650
2804003;60;2;48
2804003;60;3;24
2804003;60;4;12
2804003;70;1;442
2804003;70;2;50
2804003;70;3;19
2804003;70;4;5
2804805;10;1;16569
2804805;10;2;423
2804805;10;3;0
2804805;10;4;0
2804805;15;1;5683
2804805;15;2;3810
2804805;15;3;308
2804805;15;4;0
2804805;18;1;2065
2804805;18;2;2538
2804805;18;3;1548
2804805;18;4;0
2804805;20;1;4537
2804805;20;2;4049
2804805;20;3;6820
2804805;20;4;183
2804805;25;1;5427
2804805;25;2;3205
2804805;25;3;6166
2804805;25;4;306
2804805;30;1;6113
2804805;30;2;2466
2804805;30;3;4643
2804805;30;4;328
2804805;35;1;6031
2804805;35;2;2424
2804805;35;3;3596
2804805;35;4;398
2804805;40;1;6292
2804805;40;2;2110
2804805;40;3;3191
2804805;40;4;296
2804805;45;1;5365
2804805;45;2;1847
2804805;45;3;2162
2804805;45;4;315
2804805;50;1;4339
2804805;50;2;997
2804805;50;3;1367
2804805;50;4;213
2804805;55;1;3322
2804805;55;2;490
2804805;55;3;611
2804805;55;4;130
2804805;60;1;4274
2804805;60;2;455
2804805;60;3;421
2804805;60;4;60
2804805;70;1;2729
2804805;70;2;152
2804805;70;3;115
2804805;70;4;0
2805901;10;1;988
2805901;10;2;24
2805901;10;3;0
2805901;10;4;0
2805901;15;1;397
2805901;15;2;230
2805901;15;3;4
2805901;15;4;0
2805901;18;1;137
2805901;18;2;104
2805901;18;3;40
2805901;18;4;0
2805901;20;1;332
2805901;20;2;230
2805901;20;3;333
2805901;20;4;30
2805901;25;1;345
2805901;25;2;225
2805901;25;3;373
2805901;25;4;25
2805901;30;1;353
2805901;30;2;151
2805901;30;3;238
2805901;30;4;30
2805901;35;1;301
2805901;35;2;114
2805901;35;3;151
2805901;35;4;46
2805901;40;1;305
2805901;40;2;84
2805901;40;3;135
2805901;40;4;26
2805901;45;1;303
2805901;45;2;38
2805901;45;3;86
2805901;45;4;32
2805901;50;1;284
2805901;50;2;10
2805901;50;3;34
2805901;50;4;19
2805901;55;1;225
2805901;55;2;24
2805901;55;3;21
2805901;55;4;6
2805901;60;1;333
2805901;60;2;15
2805901;60;3;19
2805901;60;4;14
2805901;70;1;265
2805901;70;2;12
2805901;70;3;0
2805901;70;4;7
2806107;10;1;938
2806107;10;2;25
2806107;10;3;0
2806107;10;4;0
2806107;15;1;354
2806107;15;2;221
2806107;15;3;33
2806107;15;4;0
2806107;18;1;187
2806107;18;2;61
2806107;18;3;64
2806107;18;4;6
2806107;20;1;282
2806107;20;2;186
2806107;20;3;365
2806107;20;4;37
2806107;25;1;269
2806107;25;2;182
2806107;25;3;354
2806107;25;4;59
2806107;30;1;319
2806107;30;2;129
2806107;30;3;253
2806107;30;4;31
2806107;35;1;324
2806107;35;2;119
2806107;35;3;208
2806107;35;4;51
2806107;40;1;354
2806107;40;2;120
2806107;40;3;106
2806107;40;4;27
2806107;45;1;259
2806107;45;2;61
2806107;45;3;90
2806107;45;4;40
2806107;50;1;226
2806107;50;2;67
2806107;50;3;51
2806107;50;4;20
2806107;55;1;203
2806107;55;2;40
2806107;55;3;33
2806107;55;4;8
2806107;60;1;311
2806107;60;2;25
2806107;60;3;17
2806107;60;4;12
2806107;70;1;226
2806107;70;2;20
2806107;70;3;23
2806107;70;4;5
2806701;10;1;7673
2806701;10;2;251
2806701;10;3;0
2806701;10;4;0
2806701;15;1;2760
2806701;15;2;1693
2806701;15;3;104
2806701;15;4;0
2806701;18;1;1111
2806701;18;2;1123
2806701;18;3;748
2806701;18;4;0
2806701;20;1;2436
2806701;20;2;1809
2806701;20;3;3508
2806701;20;4;157
2806701;25;1;2385
2806701;25;2;1572
2806701;25;3;3022
2806701;25;4;443
2806701;30;1;2862
2806701;30;2;1147
2806701;30;3;2426
2806701;30;4;338
2806701;35;1;3006
2806701;35;2;1050
2806701;35;3;1486
2806701;35;4;223
2806701;40;1;2694
2806701;40;2;689
2806701;40;3;1687
2806701;40;4;301
2806701;45;1;2379
2806701;45;2;656
2806701;45;3;977
2806701;45;4;273
2806701;50;1;2070
2806701;50;2;623
2806701;50;3;792
2806701;50;4;157
2806701;55;1;1914
2806701;55;2;365
2806701;55;3;292
2806701;55;4;94
2806701;60;1;2448
2806701;60;2;210
2806701;60;3;476
2806701;60;4;92
2806701;70;1;2058
2806701;70;2;135
2806701;70;3;68
2806701;70;4;22
2807204;10;1;880
2807204;10;2;30
2807204;10;3;0
2807204;10;4;0
2807204;15;1;341
2807204;15;2;190
2807204;15;3;11
2807204;15;4;0
2807204;18;1;107
2807204;18;2;118
2807204;18;3;44
2807204;18;4;0
2807204;20;1;247
2807204;20;2;179
2807204;20;3;293
2807204;20;4;9
2807204;25;1;259
2807204;25;2;108
2807204;25;3;287
2807204;25;4;16
2807204;30;1;256
2807204;30;2;103
2807204;30;3;191
2807204;30;4;32
2807204;35;1;284
2807204;35;2;99
2807204;35;3;130
2807204;35;4;40
2807204;40;1;297
2807204;40;2;44
2807204;40;3;103
2807204;40;4;29
2807204;45;1;268
2807204;45;2;32
2807204;45;3;53
2807204;45;4;20
2807204;50;1;201
2807204;50;2;63
2807204;50;3;45
2807204;50;4;9
2807204;55;1;192
2807204;55;2;39
2807204;55;3;32
2807204;55;4;10
2807204;60;1;369
2807204;60;2;13
2807204;60;3;26
2807204;60;4;3
2807204;70;1;333
2807204;70;2;14
2807204;70;3;0
2807204;70;4;7
2900702;10;1;12149
2900702;10;2;326
2900702;10;3;1
2900702;10;4;0
2900702;15;1;4715
2900702;15;2;2869
2900702;15;3;225
2900702;15;4;0
2900702;18;1;1810
2900702;18;2;2071
2900702;18;3;1050
2900702;18;4;0
2900702;20;1;3588
2900702;20;2;2883
2900702;20;3;6392
2900702;20;4;263
2900702;25;1;3642
2900702;25;2;2684
2900702;25;3;6514
2900702;25;4;1110
2900702;30;1;4187
2900702;30;2;2356
2900702;30;3;5262
2900702;30;4;1045
2900702;35;1;4043
2900702;35;2;1672
2900702;35;3;3917
2900702;35;4;932
2900702;40;1;4069
2900702;40;2;1496
2900702;40;3;3551
2900702;40;4;816
2900702;45;1;4001
2900702;45;2;1233
2900702;45;3;2733
2900702;45;4;571
2900702;50;1;3449
2900702;50;2;1075
2900702;50;3;1989
2900702;50;4;438
2900702;55;1;2862
2900702;55;2;658
2900702;55;3;1157
2900702;55;4;331
2900702;60;1;5567
2900702;60;2;720
2900702;60;3;1183
2900702;60;4;291
2900702;70;1;5535
2900702;70;2;442
2900702;70;3;688
2900702;70;4;95
2903201;10;1;12247
2903201;10;2;836
2903201;10;3;9
2903201;10;4;0
2903201;15;1;3132
2903201;15;2;4202
2903201;15;3;503
2903201;15;4;0
2903201;18;1;1317
2903201;18;2;1736
2903201;18;3;2195
2903201;18;4;48
2903201;20;1;3041
2903201;20;2;3417
2903201;20;3;7930
2903201;20;4;566
2903201;25;1;3652
2903201;25;2;2566
2903201;25;3;7259
2903201;25;4;1316
2903201;30;1;4015
2903201;30;2;1758
2903201;30;3;5086
2903201;30;4;1368
2903201;35;1;4311
2903201;35;2;1507
2903201;35;3;3325
2903201;35;4;960
2903201;40;1;4273
2903201;40;2;1243
2903201;40;3;2756
2903201;40;4;717
2903201;45;1;3873
2903201;45;2;855
2903201;45;3;2045
2903201;45;4;601
2903201;50;1;3048
2903201;50;2;649
2903201;50;3;1215
2903201;50;4;424
2903201;55;1;2602
2903201;55;2;339
2903201;55;3;892
2903201;55;4;241
2903201;60;1;3707
2903201;60;2;294
2903201;60;3;692
2903201;60;4;227
2903201;70;1;3397
2903201;70;2;186
2903201;70;3;191
2903201;70;4;58
2905701;10;1;21577
2905701;10;2;585
2905701;10;3;23
2905701;10;4;0
2905701;15;1;6753
2905701;15;2;4881
2905701;15;3;660
2905701;15;4;0
2905701;18;1;2969
2905701;18;2;3147
2905701;18;3;2851
2905701;18;4;0
2905701;20;1;6907
2905701;20;2;5991
2905701;20;3;11373
2905701;20;4;514
2905701;25;1;7863
2905701;25;2;5300
2905701;25;3;13193
2905701;25;4;1442
2905701;30;1;8349
2905701;30;2;4223
2905701;30;3;9921
2905701;30;4;1377
2905701;35;1;8126
2905701;35;2;3169
2905701;35;3;6431
2905701;35;4;1048
2905701;40;1;7648
2905701;40;2;2854
2905701;40;3;4636
2905701;40;4;807
2905701;45;1;6964
2905701;45;2;1866
2905701;45;3;3713
2905701;45;4;704
2905701;50;1;6422
2905701;50;2;1602
2905701;50;3;2497
2905701;50;4;593
2905701;55;1;4951
2905701;55;2;1067
2905701;55;3;1643
2905701;55;4;385
2905701;60;1;6031
2905701;60;2;836
2905701;60;3;1456
2905701;60;4;459
2905701;70;1;4525
2905701;70;2;385
2905701;70;3;322
2905701;70;4;174
2906501;10;1;7310
2906501;10;2;300
2906501;10;3;18
2906501;10;4;0
2906501;15;1;2343
2906501;15;2;1319
2906501;15;3;139
2906501;15;4;13
2906501;18;1;1029
2906501;18;2;869
2906501;18;3;1057
2906501;18;4;8
2906501;20;1;2333
2906501;20;2;1955
2906501;20;3;3641
2906501;20;4;149
2906501;25;1;2305
2906501;25;2;1713
2906501;25;3;4344
2906501;25;4;222
2906501;30;1;2586
2906501;30;2;1313
2906501;30;3;3756
2906501;30;4;244
2906501;35;1;2567
2906501;35;2;1139
2906501;35;3;2451
2906501;35;4;248
2906501;40;1;2635
2906501;40;2;966
2906501;40;3;1724
2906501;40;4;147
2906501;45;1;2441
2906501;45;2;781
2906501;45;3;1452
2906501;45;4;143
2906501;50;1;2437
2906501;50;2;672
2906501;50;3;890
2906501;50;4;120
2906501;55;1;1891
2906501;55;2;398
2906501;55;3;441
2906501;55;4;96
2906501;60;1;3057
2906501;60;2;316
2906501;60;3;420
2906501;60;4;78
2906501;70;1;2236
2906501;70;2;97
2906501;70;3;128
2906501;70;4;0
2910057;10;1;6197
2910057;10;2;142
2910057;10;3;0
2910057;10;4;0
2910057;15;1;2257
2910057;15;2;1260
2910057;15;3;104
2910057;15;4;12
2910057;18;1;1029
2910057;18;2;862
2910057;18;3;419
2910057;18;4;10
2910057;20;1;2120
2910057;20;2;1533
2910057;20;3;2736
2910057;20;4;116
2910057;25;1;2198
2910057;25;2;1353
2910057;25;3;3120
2910057;25;4;269
2910057;30;1;2291
2910057;30;2;1221
2910057;30;3;2589
2910057;30;4;250
2910057;35;1;1981
2910057;35;2;904
2910057;35;3;1904
2910057;35;4;166
2910057;40;1;2157
2910057;40;2;830
2910057;40;3;1192
2910057;40;4;154
2910057;45;1;1848
2910057;45;2;551
2910057;45;3;1028
2910057;45;4;106
2910057;50;1;1525
2910057;50;2;480
2910057;50;3;769
2910057;50;4;127
2910057;55;1;1384
2910057;55;2;333
2910057;55;3;446
2910057;55;4;96
2910057;60;1;1803
2910057;60;2;224
2910057;60;3;441
2910057;60;4;89
2910057;70;1;1254
2910057;70;2;72
2910057;70;3;75
2910057;70;4;7
2910727;10;1;9681
2910727;10;2;296
2910727;10;3;0
2910727;10;4;0
2910727;15;1;3014
2910727;15;2;2251
2910727;15;3;189
2910727;15;4;13
2910727;18;1;1223
2910727;18;2;1174
2910727;18;3;974
2910727;18;4;8
2910727;20;1;3021
2910727;20;2;2054
2910727;20;3;4087
2910727;20;4;328
2910727;25;1;3245
2910727;25;2;1812
2910727;25;3;4098
2910727;25;4;654
2910727;30;1;3400
2910727;30;2;1240
2910727;30;3;3379
2910727;30;4;731
2910727;35;1;3236
2910727;35;2;877
2910727;35;3;2439
2910727;35;4;536
2910727;40;1;3271
2910727;40;2;856
2910727;40;3;1627
2910727;40;4;522
2910727;45;1;3293
2910727;45;2;591
2910727;45;3;1138
2910727;45;4;414
2910727;50;1;2945
2910727;50;2;403
2910727;50;3;860
2910727;50;4;374
2910727;55;1;2521
2910727;55;2;351
2910727;55;3;442
2910727;55;4;194
2910727;60;1;3810
2910727;60;2;195
2910727;60;3;453
2910727;60;4;135
2910727;70;1;3520
2910727;70;2;116
2910727;70;3;77
2910727;70;4;9
2910800;10;1;47324
2910800;10;2;1318
2910800;10;3;53
2910800;10;4;0
2910800;15;1;15870
2910800;15;2;12227
2910800;15;3;1171
2910800;15;4;0
2910800;18;1;6901
2910800;18;2;7313
2910800;18;3;5929
2910800;18;4;79
2910800;20;1;14798
2910800;20;2;11770
2910800;20;3;26577
2910800;20;4;1301
2910800;25;1;16323
2910800;25;2;9243
2910800;25;3;26954
2910800;25;4;4782
2910800;30;1;17465
2910800;30;2;7204
2910800;30;3;22151
2910800;30;4;4385
2910800;35;1;17929
2910800;35;2;6477
2910800;35;3;15171
2910800;35;4;3652
2910800;40;1;17470
2910800;40;2;6239
2910800;40;3;12132
2910800;40;4;2544
2910800;45;1;14909
2910800;45;2;5633
2910800;45;3;9383
2910800;45;4;2215
2910800;50;1;13596
2910800;50;2;4032
2910800;50;3;7092
2910800;50;4;1870
2910800;55;1;10743
2910800;55;2;2539
2910800;55;3;4564
2910800;55;4;1498
2910800;60;1;18932
2910800;60;2;2650
2910800;60;3;3995
2910800;60;4;1570
2910800;70;1;17521
2910800;70;2;1439
2910800;70;3;1987
2910800;70;4;563
2913606;10;1;16671
2913606;10;2;441
2913606;10;3;13
2913606;10;4;0
2913606;15;1;5878
2913606;15;2;3979
2913606;15;3;257
2913606;15;4;0
2913606;18;1;2248
2913606;18;2;2057
2913606;18;3;1775
2913606;18;4;11
2913606;20;1;4955
2913606;20;2;4162
2913606;20;3;6910
2913606;20;4;408
2913606;25;1;5079
2913606;25;2;3192
2913606;25;3;7012
2913606;25;4;1343
2913606;30;1;6140
2913606;30;2;2338
2913606;30;3;5329
2913606;30;4;1355
2913606;35;1;5689
2913606;35;2;1860
2913606;35;3;3997
2913606;35;4;1306
2913606;40;1;5879
2913606;40;2;1815
2913606;40;3;3436
2913606;40;4;1135
2913606;45;1;5830
2913606;45;2;1548
2913606;45;3;2786
2913606;45;4;1102
2913606;50;1;5168
2913606;50;2;1352
2913606;50;3;2389
2913606;50;4;876
2913606;55;1;4641
2913606;55;2;839
2913606;55;3;1483
2913606;55;4;805
2913606;60;1;7214
2913606;60;2;660
2913606;60;3;1491
2913606;60;4;699
2913606;70;1;7353
2913606;70;2;613
2913606;70;3;698
2913606;70;4;363
2914802;10;1;16429
2914802;10;2;519
2914802;10;3;50
2914802;10;4;0
2914802;15;1;5013
2914802;15;2;4817
2914802;15;3;408
2914802;15;4;13
2914802;18;1;1835
2914802;18;2;2778
2914802;18;3;2059
2914802;18;4;40
2914802;20;1;4585
2914802;20;2;4759
2914802;20;3;9559
2914802;20;4;599
2914802;25;1;5162
2914802;25;2;3637
2914802;25;3;8947
2914802;25;4;1951
2914802;30;1;5987
2914802;30;2;2971
2914802;30;3;6729
2914802;30;4;1723
2914802;35;1;5524
2914802;35;2;2503
2914802;35;3;5286
2914802;35;4;1130
2914802;40;1;5948
2914802;40;2;2240
2914802;40;3;3918
2914802;40;4;1357
2914802;45;1;6051
2914802;45;2;1765
2914802;45;3;3625
2914802;45;4;1270
2914802;50;1;5821
2914802;50;2;1718
2914802;50;3;2845
2914802;50;4;1269
2914802;55;1;4791
2914802;55;2;1101
2914802;55;3;1889
2914802;55;4;834
2914802;60;1;8038
2914802;60;2;1166
2914802;60;3;1759
2914802;60;4;976
2914802;70;1;8631
2914802;70;2;705
2914802;70;3;747
2914802;70;4;513
2918001;10;1;12827
2918001;10;2;385
2918001;10;3;8
2918001;10;4;0
2918001;15;1;5083
2918001;15;2;2855
2918001;15;3;261
2918001;15;4;8
2918001;18;1;2099
2918001;18;2;1978
2918001;18;3;1381
2918001;18;4;0
2918001;20;1;4270
2918001;20;2;3529
2918001;20;3;5820
2918001;20;4;277
2918001;25;1;4605
2918001;25;2;2357
2918001;25;3;5909
2918001;25;4;1307
2918001;30;1;4831
2918001;30;2;2248
2918001;30;3;4572
2918001;30;4;1148
2918001;35;1;4869
2918001;35;2;1685
2918001;35;3;3143
2918001;35;4;785
2918001;40;1;5393
2918001;40;2;1157
2918001;40;3;2239
2918001;40;4;877
2918001;45;1;4952
2918001;45;2;1093
2918001;45;3;1771
2918001;45;4;696
2918001;50;1;4776
2918001;50;2;1043
2918001;50;3;1503
2918001;50;4;444
2918001;55;1;4042
2918001;55;2;542
2918001;55;3;1033
2918001;55;4;328
2918001;60;1;6881
2918001;60;2;396
2918001;60;3;926
2918001;60;4;307
2918001;70;1;7722
2918001;70;2;385
2918001;70;3;470
2918001;70;4;177
2918407;10;1;18484
2918407;10;2;854
2918407;10;3;0
2918407;10;4;0
2918407;15;1;6083
2918407;15;2;5046
2918407;15;3;519
2918407;15;4;0
2918407;18;1;2587
2918407;18;2;2468
2918407;18;3;2066
2918407;18;4;28
2918407;20;1;5886
2918407;20;2;4922
2918407;20;3;8039
2918407;20;4;468
2918407;25;1;6434
2918407;25;2;3556
2918407;25;3;7047
2918407;25;4;1219
2918407;30;1;7219
2918407;30;2;2757
2918407;30;3;6068
2918407;30;4;1169
2918407;35;1;6872
2918407;35;2;2331
2918407;35;3;4381
2918407;35;4;1216
2918407;40;1;7040
2918407;40;2;1836
2918407;40;3;3132
2918407;40;4;983
2918407;45;1;6127
2918407;45;2;1239
2918407;45;3;2422
2918407;45;4;805
2918407;50;1;4855
2918407;50;2;862
2918407;50;3;1984
2918407;50;4;581
2918407;55;1;3762
2918407;55;2;621
2918407;55;3;1121
2918407;55;4;449
2918407;60;1;6948
2918407;60;2;705
2918407;60;3;794
2918407;60;4;386
2918407;70;1;6091
2918407;70;2;345
2918407;70;3;258
2918407;70;4;190
2919207;10;1;13729
2919207;10;2;443
2919207;10;3;9
2919207;10;4;0
2919207;15;1;4301
2919207;15;2;3423
2919207;15;3;371
2919207;15;4;0
2919207;18;1;1567
2919207;18;2;1783
2919207;18;3;1723
2919207;18;4;64
2919207;20;1;3898
2919207;20;2;3316
2919207;20;3;7193
2919207;20;4;778
2919207;25;1;4198
2919207;25;2;2991
2919207;25;3;8327
2919207;25;4;1936
2919207;30;1;4653
2919207;30;2;2311
2919207;30;3;7016
2919207;30;4;2555
2919207;35;1;4805
2919207;35;2;2006
2919207;35;3;4835
2919207;35;4;2230
2919207;40;1;4379
2919207;40;2;1656
2919207;40;3;3753
2919207;40;4;1840
2919207;45;1;3491
2919207;45;2;1634
2919207;45;3;3030
2919207;45;4;1645
2919207;50;1;3074
2919207;50;2;1283
2919207;50;3;2543
2919207;50;4;1376
2919207;55;1;2758
2919207;55;2;606
2919207;55;3;1894
2919207;55;4;1054
2919207;60;1;3414
2919207;60;2;808
2919207;60;3;1607
2919207;60;4;1455
2919207;70;1;2468
2919207;70;2;445
2919207;70;3;900
2919207;70;4;521
2919926;10;1;1527
2919926;10;2;49
2919926;10;3;0
2919926;10;4;0
2919926;15;1;495
2919926;15;2;380
2919926;15;3;18
2919926;15;4;0
2919926;18;1;167
2919926;18;2;209
2919926;18;3;146
2919926;18;4;0
2919926;20;1;307
2919926;20;2;392
2919926;20;3;872
2919926;20;4;70
2919926;25;1;353
2919926;25;2;283
2919926;25;3;1057
2919926;25;4;105
2919926;30;1;460
2919926;30;2;223
2919926;30;3;820
2919926;30;4;104
2919926;35;1;346
2919926;35;2;240
2919926;35;3;727
2919926;35;4;92
2919926;40;1;365
2919926;40;2;237
2919926;40;3;668
2919926;40;4;47
2919926;45;1;443
2919926;45;2;248
2919926;45;3;380
2919926;45;4;58
2919926;50;1;311
2919926;50;2;129
2919926;50;3;299
2919926;50;4;38
2919926;55;1;393
2919926;55;2;142
2919926;55;3;124
2919926;55;4;17
2919926;60;1;565
2919926;60;2;99
2919926;60;3;93
2919926;60;4;27
2919926;70;1;405
2919926;70;2;47
2919926;70;3;45
2919926;70;4;15
2921005;10;1;3608
2921005;10;2;130
2921005;10;3;0
2921005;10;4;0
2921005;15;1;1405
2921005;15;2;718
2921005;15;3;83
2921005;15;4;0
2921005;18;1;546
2921005;18;2;611
2921005;18;3;326
2921005;18;4;0
2921005;20;1;1215
2921005;20;2;842
2921005;20;3;1769
2921005;20;4;59
2921005;25;1;1594
2921005;25;2;770
2921005;25;3;1838
2921005;25;4;77
2921005;30;1;1487
2921005;30;2;656
2921005;30;3;1550
2921005;30;4;101
2921005;35;1;1373
2921005;35;2;432
2921005;35;3;1078
2921005;35;4;52
2921005;40;1;1286
2921005;40;2;374
2921005;40;3;684
2921005;40;4;110
2921005;45;1;1188
2921005;45;2;276
2921005;45;3;556
2921005;45;4;84
2921005;50;1;1056
2921005;50;2;143
2921005;50;3;397
2921005;50;4;44
2921005;55;1;1056
2921005;55;2;125
2921005;55;3;274
2921005;55;4;13
2921005;60;1;1332
2921005;60;2;109
2921005;60;3;260
2921005;60;4;77
2921005;70;1;1296
2921005;70;2;45
2921005;70;3;92
2921005;70;4;11
2924009;10;1;9807
2924009;10;2;417
2924009;10;3;0
2924009;10;4;0
2924009;15;1;3221
2924009;15;2;2426
2924009;15;3;306
2924009;15;4;0
2924009;18;1;1334
2924009;18;2;1261
2924009;18;3;1239
2924009;18;4;33
2924009;20;1;3317
2924009;20;2;2248
2924009;20;3;4001
2924009;20;4;309
2924009;25;1;3205
2924009;25;2;1367
2924009;25;3;3777
2924009;25;4;739
2924009;30;1;3936
2924009;30;2;1416
2924009;30;3;3322
2924009;30;4;717
2924009;35;1;3690
2924009;35;2;968
2924009;35;3;2640
2924009;35;4;829
2924009;40;1;3906
2924009;40;2;965
2924009;40;3;1863
2924009;40;4;458
2924009;45;1;3327
2924009;45;2;764
2924009;45;3;1371
2924009;45;4;543
2924009;50;1;3121
2924009;50;2;534
2924009;50;3;853
2924009;50;4;264
2924009;55;1;2835
2924009;55;2;444
2924009;55;3;746
2924009;55;4;298
2924009;60;1;4945
2924009;60;2;505
2924009;60;3;583
2924009;60;4;390
2924009;70;1;4683
2924009;70;2;193
2924009;70;3;215
2924009;70;4;78
2925303;10;1;13316
2925303;10;2;328
2925303;10;3;42
2925303;10;4;0
2925303;15;1;3810
2925303;15;2;2876
2925303;15;3;273
2925303;15;4;0
2925303;18;1;1657
2925303;18;2;1556
2925303;18;3;1028
2925303;18;4;21
2925303;20;1;3805
2925303;20;2;3542
2925303;20;3;4431
2925303;20;4;159
2925303;25;1;4918
2925303;25;2;2764
2925303;25;3;4430
2925303;25;4;694
2925303;30;1;5641
2925303;30;2;2201
2925303;30;3;3390
2925303;30;4;834
2925303;35;1;4803
2925303;35;2;1517
2925303;35;3;2492
2925303;35;4;759
2925303;40;1;4561
2925303;40;2;1203
2925303;40;3;1673
2925303;40;4;566
2925303;45;1;3800
2925303;45;2;743
2925303;45;3;1173
2925303;45;4;558
2925303;50;1;3411
2925303;50;2;421
2925303;50;3;858
2925303;50;4;359
2925303;55;1;2345
2925303;55;2;280
2925303;55;3;465
2925303;55;4;434
2925303;60;1;3115
2925303;60;2;293
2925303;60;3;541
2925303;60;4;367
2925303;70;1;2542
2925303;70;2;89
2925303;70;3;59
2925303;70;4;130
2927408;10;1;199372
2927408;10;2;6822
2927408;10;3;472
2927408;10;4;0
2927408;15;1;64522
2927408;15;2;55238
2927408;15;3;5543
2927408;15;4;21
2927408;18;1;23370
2927408;18;2;28891
2927408;18;3;31472
2927408;18;4;418
2927408;20;1;50106
2927408;20;2;51008
2927408;20;3;133834
2927408;20;4;13646
2927408;25;1;56461
2927408;25;2;46167
2927408;25;3;140621
2927408;25;4;41066
2927408;30;1;62968
2927408;30;2;40364
2927408;30;3;116291
2927408;30;4;41788
2927408;35;1;63408
2927408;35;2;35418
2927408;35;3;86370
2927408;35;4;31038
2927408;40;1;63665
2927408;40;2;31656
2927408;40;3;74304
2927408;40;4;28190
2927408;45;1;58585
2927408;45;2;28016
2927408;45;3;63623
2927408;45;4;25404
2927408;50;1;53260
2927408;50;2;23460
2927408;50;3;50822
2927408;50;4;21781
2927408;55;1;43802
2927408;55;2;16719
2927408;55;3;35610
2927408;55;4;18820
2927408;60;1;65561
2927408;60;2;17672
2927408;60;3;35715
2927408;60;4;21587
2927408;70;1;62246
2927408;70;2;12348
2927408;70;3;20589
2927408;70;4;11846
2929206;10;1;3392
2929206;10;2;73
2929206;10;3;0
2929206;10;4;0
2929206;15;1;1104
2929206;15;2;683
2929206;15;3;49
2929206;15;4;0
2929206;18;1;565
2929206;18;2;381
2929206;18;3;392
2929206;18;4;10
2929206;20;1;989
2929206;20;2;704
2929206;20;3;1312
2929206;20;4;52
2929206;25;1;1220
2929206;25;2;789
2929206;25;3;1243
2929206;25;4;123
2929206;30;1;1356
2929206;30;2;575
2929206;30;3;1096
2929206;30;4;199
2929206;35;1;1043
2929206;35;2;453
2929206;35;3;841
2929206;35;4;151
2929206;40;1;1205
2929206;40;2;365
2929206;40;3;553
2929206;40;4;88
2929206;45;1;1028
2929206;45;2;309
2929206;45;3;346
2929206;45;4;44
2929206;50;1;972
2929206;50;2;198
2929206;50;3;103
2929206;50;4;26
2929206;55;1;743
2929206;55;2;163
2929206;55;3;180
2929206;55;4;15
2929206;60;1;1078
2929206;60;2;109
2929206;60;3;113
2929206;60;4;20
2929206;70;1;933
2929206;70;2;40
2929206;70;3;12
2929206;70;4;0
2929503;10;1;3798
2929503;10;2;75
2929503;10;3;10
2929503;10;4;0
2929503;15;1;1393
2929503;15;2;784
2929503;15;3;75
2929503;15;4;0
2929503;18;1;514
2929503;18;2;497
2929503;18;3;413
2929503;18;4;0
2929503;20;1;1202
2929503;20;2;862
2929503;20;3;1664
2929503;20;4;121
2929503;25;1;1280
2929503;25;2;789
2929503;25;3;1985
2929503;25;4;87
2929503;30;1;1701
2929503;30;2;648
2929503;30;3;1534
2929503;30;4;120
2929503;35;1;1522
2929503;35;2;644
2929503;35;3;824
2929503;35;4;116
2929503;40;1;1452
2929503;40;2;483
2929503;40;3;724
2929503;40;4;83
2929503;45;1;1472
2929503;45;2;260
2929503;45;3;579
2929503;45;4;49
2929503;50;1;1298
2929503;50;2;381
2929503;50;3;266
2929503;50;4;39
2929503;55;1;1226
2929503;55;2;178
2929503;55;3;278
2929503;55;4;33
2929503;60;1;1853
2929503;60;2;136
2929503;60;3;113
2929503;60;4;0
2929503;70;1;1565
2929503;70;2;54
2929503;70;3;78
2929503;70;4;8
2930709;10;1;11313
2930709;10;2;325
2930709;10;3;19
2930709;10;4;0
2930709;15;1;3967
2930709;15;2;2427
2930709;15;3;194
2930709;15;4;0
2930709;18;1;1479
2930709;18;2;1583
2930709;18;3;1011
2930709;18;4;9
2930709;20;1;3414
2930709;20;2;2514
2930709;20;3;5140
2930709;20;4;194
2930709;25;1;3389
2930709;25;2;2514
2930709;25;3;5904
2930709;25;4;405
2930709;30;1;3887
2930709;30;2;1707
2930709;30;3;5158
2930709;30;4;543
2930709;35;1;3756
2930709;35;2;1616
2930709;35;3;3701
2930709;35;4;402
2930709;40;1;3689
2930709;40;2;971
2930709;40;3;2664
2930709;40;4;381
2930709;45;1;3406
2930709;45;2;1013
2930709;45;3;1625
2930709;45;4;177
2930709;50;1;2933
2930709;50;2;933
2930709;50;3;1150
2930709;50;4;97
2930709;55;1;2501
2930709;55;2;592
2930709;55;3;692
2930709;55;4;117
2930709;60;1;3316
2930709;60;2;467
2930709;60;3;697
2930709;60;4;96
2930709;70;1;2369
2930709;70;2;336
2930709;70;3;145
2930709;70;4;34
2931350;10;1;12573
2931350;10;2;451
2931350;10;3;19
2931350;10;4;0
2931350;15;1;4034
2931350;15;2;3820
2931350;15;3;296
2931350;15;4;0
2931350;18;1;1430
2931350;18;2;1669
2931350;18;3;1912
2931350;18;4;0
2931350;20;1;3543
2931350;20;2;3011
2931350;20;3;6079
2931350;20;4;503
2931350;25;1;3916
2931350;25;2;2456
2931350;25;3;5610
2931350;25;4;1183
2931350;30;1;4443
2931350;30;2;1917
2931350;30;3;4175
2931350;30;4;956
2931350;35;1;4644
2931350;35;2;1359
2931350;35;3;3348
2931350;35;4;615
2931350;40;1;4929
2931350;40;2;1103
2931350;40;3;2265
2931350;40;4;802
2931350;45;1;4701
2931350;45;2;978
2931350;45;3;1600
2931350;45;4;542
2931350;50;1;3964
2931350;50;2;752
2931350;50;3;1024
2931350;50;4;450
2931350;55;1;4198
2931350;55;2;391
2931350;55;3;481
2931350;55;4;235
2931350;60;1;5551
2931350;60;2;417
2931350;60;3;482
2931350;60;4;170
2931350;70;1;5113
2931350;70;2;161
2931350;70;3;118
2931350;70;4;75
2933307;10;1;26359
2933307;10;2;842
2933307;10;3;25
2933307;10;4;0
2933307;15;1;8866
2933307;15;2;6723
2933307;15;3;741
2933307;15;4;0
2933307;18;1;3634
2933307;18;2;3792
2933307;18;3;3251
2933307;18;4;43
2933307;20;1;9255
2933307;20;2;7006
2933307;20;3;12261
2933307;20;4;761
2933307;25;1;10250
2933307;25;2;5539
2933307;25;3;10560
2933307;25;4;2696
2933307;30;1;12012
2933307;30;2;4024
2933307;30;3;7280
2933307;30;4;2875
2933307;35;1;11244
2933307;35;2;3439
2933307;35;3;5149
2933307;35;4;2508
2933307;40;1;11282
2933307;40;2;3149
2933307;40;3;4627
2933307;40;4;1747
2933307;45;1;9985
2933307;45;2;2608
2933307;45;3;3865
2933307;45;4;1364
2933307;50;1;8156
2933307;50;2;1818
2933307;50;3;3434
2933307;50;4;949
2933307;55;1;7482
2933307;55;2;957
2933307;55;3;2137
2933307;55;4;722
2933307;60;1;12570
2933307;60;2;1184
2933307;60;3;2001
2933307;60;4;828
2933307;70;1;12422
2933307;70;2;678
2933307;70;3;780
2933307;70;4;276
3101631;10;1;526
3101631;10;2;9
3101631;10;3;0
3101631;10;4;0
3101631;15;1;130
3101631;15;2;227
3101631;15;3;15
3101631;15;4;0
3101631;18;1;56
3101631;18;2;76
3101631;18;3;60
3101631;18;4;0
3101631;20;1;93
3101631;20;2;137
3101631;20;3;240
3101631;20;4;25
3101631;25;1;137
3101631;25;2;113
3101631;25;3;189
3101631;25;4;35
3101631;30;1;231
3101631;30;2;84
3101631;30;3;124
3101631;30;4;29
3101631;35;1;263
3101631;35;2;77
3101631;35;3;101
3101631;35;4;23
3101631;40;1;338
3101631;40;2;104
3101631;40;3;41
3101631;40;4;13
3101631;45;1;304
3101631;45;2;48
3101631;45;3;31
3101631;45;4;29
3101631;50;1;287
3101631;50;2;14
3101631;50;3;24
3101631;50;4;5
3101631;55;1;258
3101631;55;2;27
3101631;55;3;3
3101631;55;4;4
3101631;60;1;357
3101631;60;2;8
3101631;60;3;13
3101631;60;4;8
3101631;70;1;286
3101631;70;2;0
3101631;70;3;3
3101631;70;4;0
3102902;10;1;912
3102902;10;2;24
3102902;10;3;4
3102902;10;4;0
3102902;15;1;267
3102902;15;2;359
3102902;15;3;6
3102902;15;4;0
3102902;18;1;78
3102902;18;2;148
3102902;18;3;135
3102902;18;4;0
3102902;20;1;224
3102902;20;2;190
3102902;20;3;456
3102902;20;4;22
3102902;25;1;353
3102902;25;2;123
3102902;25;3;302
3102902;25;4;60
3102902;30;1;470
3102902;30;2;126
3102902;30;3;217
3102902;30;4;63
3102902;35;1;599
3102902;35;2;104
3102902;35;3;159
3102902;35;4;41
3102902;40;1;545
3102902;40;2;117
3102902;40;3;100
3102902;40;4;57
3102902;45;1;548
3102902;45;2;65
3102902;45;3;148
3102902;45;4;54
3102902;50;1;491
3102902;50;2;65
3102902;50;3;89
3102902;50;4;47
3102902;55;1;393
3102902;55;2;15
3102902;55;3;57
3102902;55;4;8
3102902;60;1;727
3102902;60;2;21
3102902;60;3;51
3102902;60;4;44
3102902;70;1;542
3102902;70;2;9
3102902;70;3;32
3102902;70;4;14
3103504;10;1;7944
3103504;10;2;445
3103504;10;3;0
3103504;10;4;0
3103504;15;1;1400
3103504;15;2;3225
3103504;15;3;520
3103504;15;4;11
3103504;18;1;462
3103504;18;2;921
3103504;18;3;2048
3103504;18;4;53
3103504;20;1;1454
3103504;20;2;2250
3103504;20;3;4901
3103504;20;4;806
3103504;25;1;1828
3103504;25;2;2098
3103504;25;3;3937
3103504;25;4;1167
3103504;30;1;2730
3103504;30;2;1969
3103504;30;3;3007
3103504;30;4;1161
3103504;35;1;3090
3103504;35;2;1757
3103504;35;3;2319
3103504;35;4;981
3103504;40;1;3672
3103504;40;2;1823
3103504;40;3;2158
3103504;40;4;821
3103504;45;1;3718
3103504;45;2;1458
3103504;45;3;1850
3103504;45;4;941
3103504;50;1;3255
3103504;50;2;1246
3103504;50;3;1311
3103504;50;4;791
3103504;55;1;3297
3103504;55;2;927
3103504;55;3;768
3103504;55;4;572
3103504;60;1;5478
3103504;60;2;706
3103504;60;3;934
3103504;60;4;804
3103504;70;1;5056
3103504;70;2;571
3103504;70;3;543
3103504;70;4;196
3105608;10;1;9435
3105608;10;2;519
3105608;10;3;15
3105608;10;4;0
3105608;15;1;2103
3105608;15;2;3966
3105608;15;3;261
3105608;15;4;21
3105608;18;1;675
3105608;18;2;1522
3105608;18;3;1857
3105608;18;4;31
3105608;20;1;1692
3105608;20;2;1861
3105608;20;3;6408
3105608;20;4;659
3105608;25;1;1976
3105608;25;2;1824
3105608;25;3;4399
3105608;25;4;2023
3105608;30;1;3313
3105608;30;2;1548
3105608;30;3;3394
3105608;30;4;1606
3105608;35;1;4195
3105608;35;2;1270
3105608;35;3;2522
3105608;35;4;1347
3105608;40;1;4763
3105608;40;2;1143
3105608;40;3;2238
3105608;40;4;1468
3105608;45;1;4693
3105608;45;2;1158
3105608;45;3;2321
3105608;45;4;1106
3105608;50;1;4385
3105608;50;2;1212
3105608;50;3;1970
3105608;50;4;1146
3105608;55;1;3721
3105608;55;2;674
3105608;55;3;1133
3105608;55;4;758
3105608;60;1;5963
3105608;60;2;879
3105608;60;3;1122
3105608;60;4;965
3105608;70;1;5183
3105608;70;2;541
3105608;70;3;710
3105608;70;4;502
3106200;10;1;163761
3106200;10;2;5252
3106200;10;3;394
3106200;10;4;0
3106200;15;1;37009
3106200;15;2;60979
3106200;15;3;5216
3106200;15;4;118
3106200;18;1;13113
3106200;18;2;24666
3106200;18;3;35792
3106200;18;4;603
3106200;20;1;29325
3106200;20;2;40585
3106200;20;3;128530
3106200;20;4;18340
3106200;25;1;32174
3106200;25;2;35394
3106200;25;3;101297
3106200;25;4;60721
3106200;30;1;44849
3106200;30;2;31348
3106200;30;3;78940
3106200;30;4;57688
3106200;35;1;51639
3106200;35;2;27029
3106200;35;3;58143
3106200;35;4;41289
3106200;40;1;54314
3106200;40;2;26652
3106200;40;3;48957
3106200;40;4;38801
3106200;45;1;54407
3106200;45;2;26173
3106200;45;3;44690
3106200;45;4;39328
3106200;50;1;56155
3106200;50;2;20994
3106200;50;3;36595
3106200;50;4;32910
3106200;55;1;46200
3106200;55;2;16263
3106200;55;3;29588
3106200;55;4;27528
3106200;60;1;77244
3106200;60;2;18872
3106200;60;3;32126
3106200;60;4;33744
3106200;70;1;83314
3106200;70;2;14408
3106200;70;3;21745
3106200;70;4;17443
3106309;10;1;2364
3106309;10;2;47
3106309;10;3;0
3106309;10;4;0
3106309;15;1;611
3106309;15;2;695
3106309;15;3;8
3106309;15;4;0
3106309;18;1;240
3106309;18;2;331
3106309;18;3;246
3106309;18;4;9
3106309;20;1;431
3106309;20;2;679
3106309;20;3;897
3106309;20;4;64
3106309;25;1;579
3106309;25;2;419
3106309;25;3;906
3106309;25;4;146
3106309;30;1;931
3106309;30;2;378
3106309;30;3;539
3106309;30;4;84
3106309;35;1;963
3106309;35;2;361
3106309;35;3;337
3106309;35;4;82
3106309;40;1;850
3106309;40;2;290
3106309;40;3;215
3106309;40;4;160
3106309;45;1;839
3106309;45;2;210
3106309;45;3;205
3106309;45;4;92
3106309;50;1;859
3106309;50;2;139
3106309;50;3;125
3106309;50;4;63
3106309;55;1;733
3106309;55;2;88
3106309;55;3;47
3106309;55;4;31
3106309;60;1;1092
3106309;60;2;52
3106309;60;3;83
3106309;60;4;10
3106309;70;1;1004
3106309;70;2;29
3106309;70;3;0
3106309;70;4;8
3106705;10;1;34756
3106705;10;2;784
3106705;10;3;9
3106705;10;4;0
3106705;15;1;6807
3106705;15;2;12492
3106705;15;3;921
3106705;15;4;11
3106705;18;1;2322
3106705;18;2;4930
3106705;18;3;5793
3106705;18;4;48
3106705;20;1;6151
3106705;20;2;8412
3106705;20;3;19766
3106705;20;4;1353
3106705;25;1;6852
3106705;25;2;8084
3106705;25;3;18503
3106705;25;4;3150
3106705;30;1;10980
3106705;30;2;6519
3106705;30;3;13940
3106705;30;4;2849
3106705;35;1;11838
3106705;35;2;5958
3106705;35;3;9382
3106705;35;4;2105
3106705;40;1;12671
3106705;40;2;5655
3106705;40;3;6821
3106705;40;4;1971
3106705;45;1;13175
3106705;45;2;3976
3106705;45;3;5043
3106705;45;4;1298
3106705;50;1;13093
3106705;50;2;3113
3106705;50;3;2972
3106705;50;4;974
3106705;55;1;9706
3106705;55;2;2071
3106705;55;3;1868
3106705;55;4;618
3106705;60;1;12204
3106705;60;2;1407
3106705;60;3;1496
3106705;60;4;721
3106705;70;1;9472
3106705;70;2;612
3106705;70;3;458
3106705;70;4;200
3109006;10;1;2862
3109006;10;2;22
3109006;10;3;8
3109006;10;4;0
3109006;15;1;658
3109006;15;2;968
3109006;15;3;37
3109006;15;4;0
3109006;18;1;314
3109006;18;2;432
3109006;18;3;376
3109006;18;4;7
3109006;20;1;766
3109006;20;2;751
3109006;20;3;1322
3109006;20;4;76
3109006;25;1;679
3109006;25;2;630
3109006;25;3;1159
3109006;25;4;297
3109006;30;1;1002
3109006;30;2;533
3109006;30;3;870
3109006;30;4;378
3109006;35;1;1443
3109006;35;2;361
3109006;35;3;557
3109006;35;4;242
3109006;40;1;1390
3109006;40;2;311
3109006;40;3;502
3109006;40;4;393
3109006;45;1;1405
3109006;45;2;253
3109006;45;3;517
3109006;45;4;239
3109006;50;1;1141
3109006;50;2;284
3109006;50;3;211
3109006;50;4;323
3109006;55;1;1042
3109006;55;2;186
3109006;55;3;126
3109006;55;4;261
3109006;60;1;1713
3109006;60;2;154
3109006;60;3;110
3109006;60;4;235
3109006;70;1;1406
3109006;70;2;107
3109006;70;3;68
3109006;70;4;128
3109253;10;1;343
3109253;10;2;23
3109253;10;3;0
3109253;10;4;0
3109253;15;1;78
3109253;15;2;154
3109253;15;3;8
3109253;15;4;0
3109253;18;1;41
3109253;18;2;45
3109253;18;3;50
3109253;18;4;0
3109253;20;1;97
3109253;20;2;101
3109253;20;3;89
3109253;20;4;5
3109253;25;1;143
3109253;25;2;54
3109253;25;3;79
3109253;25;4;6
3109253;30;1;182
3109253;30;2;47
3109253;30;3;42
3109253;30;4;6
3109253;35;1;215
3109253;35;2;32
3109253;35;3;13
3109253;35;4;10
3109253;40;1;212
3109253;40;2;35
3109253;40;3;21
3109253;40;4;6
3109253;45;1;208
3109253;45;2;31
3109253;45;3;17
3109253;45;4;10
3109253;50;1;184
3109253;50;2;11
3109253;50;3;5
3109253;50;4;4
3109253;55;1;168
3109253;55;2;18
3109253;55;3;3
3109253;55;4;0
3109253;60;1;265
3109253;60;2;3
3109253;60;3;7
3109253;60;4;6
3109253;70;1;299
3109253;70;2;0
3109253;70;3;0
3109253;70;4;2
3110004;10;1;3326
3110004;10;2;140
3110004;10;3;0
3110004;10;4;0
3110004;15;1;635
3110004;15;2;1331
3110004;15;3;106
3110004;15;4;0
3110004;18;1;191
3110004;18;2;492
3110004;18;3;485
3110004;18;4;30
3110004;20;1;635
3110004;20;2;761
3110004;20;3;1918
3110004;20;4;97
3110004;25;1;718
3110004;25;2;607
3110004;25;3;1886
3110004;25;4;294
3110004;30;1;1150
3110004;30;2;403
3110004;30;3;1461
3110004;30;4;293
3110004;35;1;1244
3110004;35;2;424
3110004;35;3;976
3110004;35;4;212
3110004;40;1;1382
3110004;40;2;402
3110004;40;3;686
3110004;40;4;351
3110004;45;1;1528
3110004;45;2;371
3110004;45;3;674
3110004;45;4;286
3110004;50;1;1533
3110004;50;2;420
3110004;50;3;464
3110004;50;4;196
3110004;55;1;1126
3110004;55;2;258
3110004;55;3;285
3110004;55;4;130
3110004;60;1;2166
3110004;60;2;257
3110004;60;3;271
3110004;60;4;135
3110004;70;1;1951
3110004;70;2;115
3110004;70;3;116
3110004;70;4;79
3115904;10;1;255
3115904;10;2;4
3115904;10;3;0
3115904;10;4;0
3115904;15;1;84
3115904;15;2;90
3115904;15;3;0
3115904;15;4;0
3115904;18;1;18
3115904;18;2;26
3115904;18;3;10
3115904;18;4;4
3115904;20;1;70
3115904;20;2;53
3115904;20;3;59
3115904;20;4;5
3115904;25;1;76
3115904;25;2;43
3115904;25;3;42
3115904;25;4;20
3115904;30;1;96
3115904;30;2;36
3115904;30;3;29
3115904;30;4;13
3115904;35;1;109
3115904;35;2;29
3115904;35;3;23
3115904;35;4;14
3115904;40;1;135
3115904;40;2;38
3115904;40;3;9
3115904;40;4;35
3115904;45;1;141
3115904;45;2;71
3115904;45;3;6
3115904;45;4;6
3115904;50;1;151
3115904;50;2;34
3115904;50;3;7
3115904;50;4;12
3115904;55;1;117
3115904;55;2;16
3115904;55;3;4
3115904;55;4;6
3115904;60;1;183
3115904;60;2;43
3115904;60;3;5
3115904;60;4;8
3115904;70;1;190
3115904;70;2;6
3115904;70;3;13
3115904;70;4;9
3116209;10;1;240
3116209;10;2;0
3116209;10;3;0
3116209;10;4;0
3116209;15;1;76
3116209;15;2;43
3116209;15;3;0
3116209;15;4;0
3116209;18;1;25
3116209;18;2;28
3116209;18;3;38
3116209;18;4;0
3116209;20;1;55
3116209;20;2;45
3116209;20;3;116
3116209;20;4;12
3116209;25;1;54
3116209;25;2;37
3116209;25;3;70
3116209;25;4;16
3116209;30;1;84
3116209;30;2;39
3116209;30;3;57
3116209;30;4;11
3116209;35;1;111
3116209;35;2;19
3116209;35;3;22
3116209;35;4;22
3116209;40;1;131
3116209;40;2;17
3116209;40;3;29
3116209;40;4;19
3116209;45;1;137
3116209;45;2;25
3116209;45;3;37
3116209;45;4;16
3116209;50;1;102
3116209;50;2;12
3116209;50;3;26
3116209;50;4;3
3116209;55;1;123
3116209;55;2;30
3116209;55;3;20
3116209;55;4;3
3116209;60;1;201
3116209;60;2;19
3116209;60;3;9
3116209;60;4;17
3116209;70;1;180
3116209;70;2;1
3116209;70;3;6
3116209;70;4;5
3116407;10;1;353
3116407;10;2;45
3116407;10;3;0
3116407;10;4;0
3116407;15;1;90
3116407;15;2;145
3116407;15;3;20
3116407;15;4;0
3116407;18;1;28
3116407;18;2;69
3116407;18;3;47
3116407;18;4;0
3116407;20;1;73
3116407;20;2;157
3116407;20;3;129
3116407;20;4;12
3116407;25;1;115
3116407;25;2;83
3116407;25;3;149
3116407;25;4;22
3116407;30;1;147
3116407;30;2;103
3116407;30;3;55
3116407;30;4;16
3116407;35;1;196
3116407;35;2;70
3116407;35;3;24
3116407;35;4;9
3116407;40;1;191
3116407;40;2;32
3116407;40;3;26
3116407;40;4;20
3116407;45;1;200
3116407;45;2;54
3116407;45;3;32
3116407;45;4;5
3116407;50;1;218
3116407;50;2;26
3116407;50;3;25
3116407;50;4;12
3116407;55;1;239
3116407;55;2;16
3116407;55;3;13
3116407;55;4;7
3116407;60;1;312
3116407;60;2;24
3116407;60;3;3
3116407;60;4;3
3116407;70;1;222
3116407;70;2;3
3116407;70;3;3
3116407;70;4;3
3117876;10;1;541
3117876;10;2;4
3117876;10;3;0
3117876;10;4;0
3117876;15;1;125
3117876;15;2;195
3117876;15;3;12
3117876;15;4;0
3117876;18;1;19
3117876;18;2;75
3117876;18;3;119
3117876;18;4;3
3117876;20;1;72
3117876;20;2;112
3117876;20;3;275
3117876;20;4;28
3117876;25;1;94
3117876;25;2;78
3117876;25;3;297
3117876;25;4;25
3117876;30;1;145
3117876;30;2;111
3117876;30;3;233
3117876;30;4;33
3117876;35;1;169
3117876;35;2;105
3117876;35;3;182
3117876;35;4;57
3117876;40;1;209
3117876;40;2;80
3117876;40;3;97
3117876;40;4;34
3117876;45;1;224
3117876;45;2;75
3117876;45;3;75
3117876;45;4;31
3117876;50;1;188
3117876;50;2;56
3117876;50;3;55
3117876;50;4;20
3117876;55;1;185
3117876;55;2;31
3117876;55;3;34
3117876;55;4;20
3117876;60;1;234
3117876;60;2;47
3117876;60;3;31
3117876;60;4;18
3117876;70;1;254
3117876;70;2;12
3117876;70;3;19
3117876;70;4;5
3118007;10;1;4083
3118007;10;2;97
3118007;10;3;0
3118007;10;4;0
3118007;15;1;1009
3118007;15;2;1483
3118007;15;3;73
3118007;15;4;0
3118007;18;1;431
3118007;18;2;618
3118007;18;3;663
3118007;18;4;54
3118007;20;1;858
3118007;20;2;1109
3118007;20;3;2054
3118007;20;4;290
3118007;25;1;1063
3118007;25;2;807
3118007;25;3;2122
3118007;25;4;486
3118007;30;1;1373
3118007;30;2;693
3118007;30;3;1365
3118007;30;4;496
3118007;35;1;1322
3118007;35;2;521
3118007;35;3;1135
3118007;35;4;455
3118007;40;1;1567
3118007;40;2;566
3118007;40;3;1156
3118007;40;4;317
3118007;45;1;1782
3118007;45;2;462
3118007;45;3;709
3118007;45;4;425
3118007;50;1;1452
3118007;50;2;479
3118007;50;3;714
3118007;50;4;233
3118007;55;1;1465
3118007;55;2;428
3118007;55;3;255
3118007;55;4;134
3118007;60;1;1988
3118007;60;2;231
3118007;60;3;269
3118007;60;4;200
3118007;70;1;1784
3118007;70;2;121
3118007;70;3;111
3118007;70;4;83
3118304;10;1;8902
3118304;10;2;142
3118304;10;3;0
3118304;10;4;0
3118304;15;1;2111
3118304;15;2;3372
3118304;15;3;179
3118304;15;4;0
3118304;18;1;886
3118304;18;2;1348
3118304;18;3;1699
3118304;18;4;21
3118304;20;1;1850
3118304;20;2;2031
3118304;20;3;6328
3118304;20;4;487
3118304;25;1;1875
3118304;25;2;1582
3118304;25;3;5689
3118304;25;4;1576
3118304;30;1;2481
3118304;30;2;1395
3118304;30;3;4069
3118304;30;4;1561
3118304;35;1;3191
3118304;35;2;1294
3118304;35;3;2509
3118304;35;4;1105
3118304;40;1;3560
3118304;40;2;1410
3118304;40;3;2183
3118304;40;4;1076
3118304;45;1;3668
3118304;45;2;1499
3118304;45;3;2363
3118304;45;4;912
3118304;50;1;3999
3118304;50;2;1151
3118304;50;3;1575
3118304;50;4;666
3118304;55;1;3287
3118304;55;2;917
3118304;55;3;1476
3118304;55;4;454
3118304;60;1;4926
3118304;60;2;799
3118304;60;3;1146
3118304;60;4;713
3118304;70;1;4754
3118304;70;2;351
3118304;70;3;425
3118304;70;4;209
3118601;10;1;46123
3118601;10;2;1626
3118601;10;3;126
3118601;10;4;0
3118601;15;1;10332
3118601;15;2;16756
3118601;15;3;1602
3118601;15;4;0
3118601;18;1;3397
3118601;18;2;6973
3118601;18;3;8516
3118601;18;4;125
3118601;20;1;10263
3118601;20;2;12048
3118601;20;3;30668
3118601;20;4;2892
3118601;25;1;12222
3118601;25;2;10666
3118601;25;3;29377
3118601;25;4;7043
3118601;30;1;15298
3118601;30;2;10253
3118601;30;3;23522
3118601;30;4;7277
3118601;35;1;15456
3118601;35;2;9898
3118601;35;3;17201
3118601;35;4;4479
3118601;40;1;17097
3118601;40;2;7887
3118601;40;3;14412
3118601;40;4;4048
3118601;45;1;17402
3118601;45;2;7249
3118601;45;3;12102
3118601;45;4;3271
3118601;50;1;17405
3118601;50;2;5884
3118601;50;3;8663
3118601;50;4;2908
3118601;55;1;15933
3118601;55;2;4392
3118601;55;3;5481
3118601;55;4;1516
3118601;60;1;23945
3118601;60;2;3999
3118601;60;3;3967
3118601;60;4;1434
3118601;70;1;18701
3118601;70;2;1562
3118601;70;3;1533
3118601;70;4;315
3119401;10;1;8461
3119401;10;2;322
3119401;10;3;0
3119401;10;4;0
3119401;15;1;1773
3119401;15;2;3135
3119401;15;3;270
3119401;15;4;0
3119401;18;1;785
3119401;18;2;976
3119401;18;3;1578
3119401;18;4;0
3119401;20;1;1711
3119401;20;2;2448
3119401;20;3;4759
3119401;20;4;358
3119401;25;1;1952
3119401;25;2;2023
3119401;25;3;4369
3119401;25;4;936
3119401;30;1;2479
3119401;30;2;1799
3119401;30;3;3249
3119401;30;4;980
3119401;35;1;2644
3119401;35;2;1627
3119401;35;3;2433
3119401;35;4;808
3119401;40;1;3181
3119401;40;2;1475
3119401;40;3;1992
3119401;40;4;693
3119401;45;1;3092
3119401;45;2;1435
3119401;45;3;1784
3119401;45;4;660
3119401;50;1;3274
3119401;50;2;1007
3119401;50;3;1659
3119401;50;4;558
3119401;55;1;2920
3119401;55;2;656
3119401;55;3;779
3119401;55;4;384
3119401;60;1;4586
3119401;60;2;629
3119401;60;3;562
3119401;60;4;338
3119401;70;1;4455
3119401;70;2;392
3119401;70;3;187
3119401;70;4;68
3119708;10;1;245
3119708;10;2;3
3119708;10;3;0
3119708;10;4;0
3119708;15;1;100
3119708;15;2;56
3119708;15;3;3
3119708;15;4;0
3119708;18;1;34
3119708;18;2;39
3119708;18;3;33
3119708;18;4;0
3119708;20;1;76
3119708;20;2;48
3119708;20;3;103
3119708;20;4;4
3119708;25;1;85
3119708;25;2;52
3119708;25;3;97
3119708;25;4;17
3119708;30;1;179
3119708;30;2;50
3119708;30;3;44
3119708;30;4;16
3119708;35;1;157
3119708;35;2;32
3119708;35;3;33
3119708;35;4;18
3119708;40;1;135
3119708;40;2;12
3119708;40;3;44
3119708;40;4;35
3119708;45;1;180
3119708;45;2;34
3119708;45;3;22
3119708;45;4;18
3119708;50;1;146
3119708;50;2;21
3119708;50;3;17
3119708;50;4;16
3119708;55;1;116
3119708;55;2;19
3119708;55;3;10
3119708;55;4;13
3119708;60;1;203
3119708;60;2;12
3119708;60;3;16
3119708;60;4;26
3119708;70;1;205
3119708;70;2;17
3119708;70;3;5
3119708;70;4;3
3122306;10;1;15739
3122306;10;2;640
3122306;10;3;19
3122306;10;4;0
3122306;15;1;3258
3122306;15;2;6195
3122306;15;3;657
3122306;15;4;0
3122306;18;1;1259
3122306;18;2;2517
3122306;18;3;3114
3122306;18;4;43
3122306;20;1;3002
3122306;20;2;4343
3122306;20;3;10422
3122306;20;4;1229
3122306;25;1;3231
3122306;25;2;3718
3122306;25;3;8523
3122306;25;4;3295
3122306;30;1;5385
3122306;30;2;3497
3122306;30;3;6478
3122306;30;4;3036
3122306;35;1;6712
3122306;35;2;3056
3122306;35;3;4412
3122306;35;4;2247
3122306;40;1;7014
3122306;40;2;3022
3122306;40;3;3824
3122306;40;4;2136
3122306;45;1;7639
3122306;45;2;2985
3122306;45;3;3441
3122306;45;4;1835
3122306;50;1;6695
3122306;50;2;2266
3122306;50;3;2908
3122306;50;4;1635
3122306;55;1;6126
3122306;55;2;1355
3122306;55;3;1699
3122306;55;4;1173
3122306;60;1;9449
3122306;60;2;1190
3122306;60;3;1635
3122306;60;4;1349
3122306;70;1;8512
3122306;70;2;747
3122306;70;3;659
3122306;70;4;516
3124104;10;1;6147
3124104;10;2;162
3124104;10;3;0
3124104;10;4;0
3124104;15;1;1789
3124104;15;2;1786
3124104;15;3;119
3124104;15;4;0
3124104;18;1;474
3124104;18;2;683
3124104;18;3;871
3124104;18;4;0
3124104;20;1;1369
3124104;20;2;1403
3124104;20;3;1972
3124104;20;4;161
3124104;25;1;1874
3124104;25;2;1143
3124104;25;3;1486
3124104;25;4;169
3124104;30;1;2616
3124104;30;2;986
3124104;30;3;1027
3124104;30;4;183
3124104;35;1;2685
3124104;35;2;854
3124104;35;3;764
3124104;35;4;143
3124104;40;1;2917
3124104;40;2;611
3124104;40;3;535
3124104;40;4;173
3124104;45;1;2579
3124104;45;2;604
3124104;45;3;397
3124104;45;4;132
3124104;50;1;2310
3124104;50;2;384
3124104;50;3;244
3124104;50;4;138
3124104;55;1;2099
3124104;55;2;225
3124104;55;3;139
3124104;55;4;86
3124104;60;1;2697
3124104;60;2;212
3124104;60;3;222
3124104;60;4;75
3124104;70;1;2072
3124104;70;2;171
3124104;70;3;51
3124104;70;4;55
3125002;10;1;331
3125002;10;2;17
3125002;10;3;2
3125002;10;4;0
3125002;15;1;74
3125002;15;2;115
3125002;15;3;10
3125002;15;4;0
3125002;18;1;24
3125002;18;2;40
3125002;18;3;83
3125002;18;4;0
3125002;20;1;99
3125002;20;2;79
3125002;20;3;139
3125002;20;4;9
3125002;25;1;95
3125002;25;2;48
3125002;25;3;119
3125002;25;4;20
3125002;30;1;144
3125002;30;2;68
3125002;30;3;57
3125002;30;4;8
3125002;35;1;159
3125002;35;2;43
3125002;35;3;72
3125002;35;4;6
3125002;40;1;195
3125002;40;2;41
3125002;40;3;50
3125002;40;4;0
3125002;45;1;188
3125002;45;2;38
3125002;45;3;19
3125002;45;4;20
3125002;50;1;172
3125002;50;2;16
3125002;50;3;24
3125002;50;4;2
3125002;55;1;117
3125002;55;2;12
3125002;55;3;17
3125002;55;4;6
3125002;60;1;210
3125002;60;2;11
3125002;60;3;3
3125002;60;4;0
3125002;70;1;162
3125002;70;2;12
3125002;70;3;9
3125002;70;4;0
3126307;10;1;325
3126307;10;2;39
3126307;10;3;0
3126307;10;4;0
3126307;15;1;82
3126307;15;2;99
3126307;15;3;9
3126307;15;4;0
3126307;18;1;37
3126307;18;2;52
3126307;18;3;27
3126307;18;4;0
3126307;20;1;82
3126307;20;2;94
3126307;20;3;96
3126307;20;4;15
3126307;25;1;69
3126307;25;2;70
3126307;25;3;162
3126307;25;4;36
3126307;30;1;122
3126307;30;2;39
3126307;30;3;110
3126307;30;4;35
3126307;35;1;148
3126307;35;2;60
3126307;35;3;70
3126307;35;4;33
3126307;40;1;187
3126307;40;2;28
3126307;40;3;45
3126307;40;4;6
3126307;45;1;189
3126307;45;2;27
3126307;45;3;37
3126307;45;4;3
3126307;50;1;215
3126307;50;2;24
3126307;50;3;40
3126307;50;4;21
3126307;55;1;173
3126307;55;2;15
3126307;55;3;9
3126307;55;4;9
3126307;60;1;287
3126307;60;2;21
3126307;60;3;27
3126307;60;4;9
3126307;70;1;203
3126307;70;2;13
3126307;70;3;6
3126307;70;4;12
3127701;10;1;22293
3127701;10;2;806
3127701;10;3;12
3127701;10;4;0
3127701;15;1;5784
3127701;15;2;7226
3127701;15;3;707
3127701;15;4;0
3127701;18;1;2171
3127701;18;2;3129
3127701;18;3;3489
3127701;18;4;30
3127701;20;1;5706
3127701;20;2;5729
3127701;20;3;10772
3127701;20;4;1259
3127701;25;1;5827
3127701;25;2;5004
3127701;25;3;9256
3127701;25;4;2568
3127701;30;1;6994
3127701;30;2;3992
3127701;30;3;7681
3127701;30;4;2508
3127701;35;1;8160
3127701;35;2;3141
3127701;35;3;5044
3127701;35;4;1965
3127701;40;1;8587
3127701;40;2;3640
3127701;40;3;4553
3127701;40;4;1921
3127701;45;1;8405
3127701;45;2;2754
3127701;45;3;3957
3127701;45;4;1747
3127701;50;1;7858
3127701;50;2;2080
3127701;50;3;2966
3127701;50;4;1539
3127701;55;1;7582
3127701;55;2;1217
3127701;55;3;1885
3127701;55;4;1267
3127701;60;1;11456
3127701;60;2;1787
3127701;60;3;1932
3127701;60;4;1479
3127701;70;1;12005
3127701;70;2;804
3127701;70;3;927
3127701;70;4;479
3129806;10;1;15194
3129806;10;2;504
3129806;10;3;19
3129806;10;4;0
3129806;15;1;3430
3129806;15;2;4851
3129806;15;3;283
3129806;15;4;10
3129806;18;1;1678
3129806;18;2;2100
3129806;18;3;1853
3129806;18;4;50
3129806;20;1;3651
3129806;20;2;3902
3129806;20;3;6580
3129806;20;4;391
3129806;25;1;4070
3129806;25;2;3375
3129806;25;3;6382
3129806;25;4;682
3129806;30;1;6295
3129806;30;2;3306
3129806;30;3;4471
3129806;30;4;558
3129806;35;1;6519
3129806;35;2;2621
3129806;35;3;2897
3129806;35;4;547
3129806;40;1;6585
3129806;40;2;2365
3129806;40;3;2037
3129806;40;4;259
3129806;45;1;6390
3129806;45;2;1371
3129806;45;3;1358
3129806;45;4;108
3129806;50;1;5745
3129806;50;2;837
3129806;50;3;788
3129806;50;4;162
3129806;55;1;5094
3129806;55;2;480
3129806;55;3;474
3129806;55;4;50
3129806;60;1;5560
3129806;60;2;595
3129806;60;3;260
3129806;60;4;93
3129806;70;1;4076
3129806;70;2;45
3129806;70;3;34
3129806;70;4;78
3130101;10;1;3262
3130101;10;2;68
3130101;10;3;0
3130101;10;4;0
3130101;15;1;985
3130101;15;2;958
3130101;15;3;39
3130101;15;4;10
3130101;18;1;296
3130101;18;2;503
3130101;18;3;306
3130101;18;4;0
3130101;20;1;1040
3130101;20;2;880
3130101;20;3;1081
3130101;20;4;96
3130101;25;1;847
3130101;25;2;644
3130101;25;3;1331
3130101;25;4;209
3130101;30;1;1274
3130101;30;2;480
3130101;30;3;971
3130101;30;4;244
3130101;35;1;1484
3130101;35;2;429
3130101;35;3;652
3130101;35;4;127
3130101;40;1;1367
3130101;40;2;434
3130101;40;3;372
3130101;40;4;175
3130101;45;1;1437
3130101;45;2;222
3130101;45;3;330
3130101;45;4;173
3130101;50;1;1237
3130101;50;2;387
3130101;50;3;200
3130101;50;4;111
3130101;55;1;997
3130101;55;2;108
3130101;55;3;127
3130101;55;4;8
3130101;60;1;1744
3130101;60;2;131
3130101;60;3;98
3130101;60;4;19
3130101;70;1;1314
3130101;70;2;8
3130101;70;3;58
3130101;70;4;9
3130408;10;1;509
3130408;10;2;13
3130408;10;3;0
3130408;10;4;0
3130408;15;1;122
3130408;15;2;182
3130408;15;3;11
3130408;15;4;0
3130408;18;1;39
3130408;18;2;54
3130408;18;3;119
3130408;18;4;0
3130408;20;1;77
3130408;20;2;67
3130408;20;3;299
3130408;20;4;22
3130408;25;1;110
3130408;25;2;79
3130408;25;3;268
3130408;25;4;49
3130408;30;1;156
3130408;30;2;85
3130408;30;3;186
3130408;30;4;49
3130408;35;1;217
3130408;35;2;44
3130408;35;3;130
3130408;35;4;30
3130408;40;1;269
3130408;40;2;55
3130408;40;3;88
3130408;40;4;14
3130408;45;1;287
3130408;45;2;43
3130408;45;3;23
3130408;45;4;25
3130408;50;1;240
3130408;50;2;38
3130408;50;3;32
3130408;50;4;6
3130408;55;1;208
3130408;55;2;33
3130408;55;3;33
3130408;55;4;7
3130408;60;1;329
3130408;60;2;30
3130408;60;3;6
3130408;60;4;13
3130408;70;1;295
3130408;70;2;8
3130408;70;3;4
3130408;70;4;0
3131000;10;1;500
3131000;10;2;50
3131000;10;3;0
3131000;10;4;0
3131000;15;1;119
3131000;15;2;191
3131000;15;3;2
3131000;15;4;0
3131000;18;1;36
3131000;18;2;89
3131000;18;3;80
3131000;18;4;1
3131000;20;1;125
3131000;20;2;147
3131000;20;3;239
3131000;20;4;0
3131000;25;1;120
3131000;25;2;122
3131000;25;3;263
3131000;25;4;7
3131000;30;1;198
3131000;30;2;110
3131000;30;3;139
3131000;30;4;19
3131000;35;1;232
3131000;35;2;68
3131000;35;3;74
3131000;35;4;13
3131000;40;1;248
3131000;40;2;47
3131000;40;3;65
3131000;40;4;14
3131000;45;1;215
3131000;45;2;62
3131000;45;3;53
3131000;45;4;16
3131000;50;1;244
3131000;50;2;39
3131000;50;3;64
3131000;50;4;13
3131000;55;1;192
3131000;55;2;31
3131000;55;3;28
3131000;55;4;16
3131000;60;1;280
3131000;60;2;38
3131000;60;3;30
3131000;60;4;15
3131000;70;1;238
3131000;70;2;30
3131000;70;3;9
3131000;70;4;10
3131158;10;1;1666
3131158;10;2;40
3131158;10;3;0
3131158;10;4;0
3131158;15;1;520
3131158;15;2;447
3131158;15;3;47
3131158;15;4;0
3131158;18;1;278
3131158;18;2;188
3131158;18;3;199
3131158;18;4;0
3131158;20;1;445
3131158;20;2;452
3131158;20;3;615
3131158;20;4;52
3131158;25;1;493
3131158;25;2;274
3131158;25;3;571
3131158;25;4;44
3131158;30;1;728
3131158;30;2;221
3131158;30;3;434
3131158;30;4;63
3131158;35;1;628
3131158;35;2;193
3131158;35;3;274
3131158;35;4;60
3131158;40;1;759
3131158;40;2;140
3131158;40;3;111
3131158;40;4;45
3131158;45;1;613
3131158;45;2;123
3131158;45;3;132
3131158;45;4;17
3131158;50;1;620
3131158;50;2;73
3131158;50;3;57
3131158;50;4;5
3131158;55;1;563
3131158;55;2;18
3131158;55;3;61
3131158;55;4;16
3131158;60;1;739
3131158;60;2;51
3131158;60;3;48
3131158;60;4;6
3131158;70;1;716
3131158;70;2;6
3131158;70;3;0
3131158;70;4;0
3131307;10;1;18295
3131307;10;2;1004
3131307;10;3;0
3131307;10;4;0
3131307;15;1;4042
3131307;15;2;7260
3131307;15;3;665
3131307;15;4;12
3131307;18;1;1347
3131307;18;2;2674
3131307;18;3;3983
3131307;18;4;89
3131307;20;1;3559
3131307;20;2;5618
3131307;20;3;12197
3131307;20;4;1386
3131307;25;1;3536
3131307;25;2;5178
3131307;25;3;10518
3131307;25;4;3359
3131307;30;1;5304
3131307;30;2;4188
3131307;30;3;7995
3131307;30;4;3184
3131307;35;1;5899
3131307;35;2;3384
3131307;35;3;5920
3131307;35;4;2292
3131307;40;1;7055
3131307;40;2;3173
3131307;40;3;4558
3131307;40;4;2043
3131307;45;1;6975
3131307;45;2;2895
3131307;45;3;4038
3131307;45;4;1858
3131307;50;1;7311
3131307;50;2;2522
3131307;50;3;3316
3131307;50;4;1332
3131307;55;1;7191
3131307;55;2;1895
3131307;55;3;2260
3131307;55;4;1125
3131307;60;1;8992
3131307;60;2;1382
3131307;60;3;1689
3131307;60;4;1042
3131307;70;1;8418
3131307;70;2;772
3131307;70;3;448
3131307;70;4;76
3131703;10;1;8832
3131703;10;2;193
3131703;10;3;0
3131703;10;4;0
3131703;15;1;2022
3131703;15;2;3038
3131703;15;3;240
3131703;15;4;9
3131703;18;1;914
3131703;18;2;1315
3131703;18;3;1534
3131703;18;4;39
3131703;20;1;1689
3131703;20;2;2206
3131703;20;3;5368
3131703;20;4;584
3131703;25;1;2125
3131703;25;2;1873
3131703;25;3;4441
3131703;25;4;1303
3131703;30;1;3080
3131703;30;2;1821
3131703;30;3;3520
3131703;30;4;1063
3131703;35;1;3204
3131703;35;2;1262
3131703;35;3;2667
3131703;35;4;1031
3131703;40;1;3345
3131703;40;2;1509
3131703;40;3;2380
3131703;40;4;826
3131703;45;1;3767
3131703;45;2;1280
3131703;45;3;1699
3131703;45;4;861
3131703;50;1;3549
3131703;50;2;1014
3131703;50;3;1189
3131703;50;4;534
3131703;55;1;3041
3131703;55;2;590
3131703;55;3;1004
3131703;55;4;489
3131703;60;1;4757
3131703;60;2;666
3131703;60;3;660
3131703;60;4;314
3131703;70;1;4646
3131703;70;2;308
3131703;70;3;413
3131703;70;4;81
3132404;10;1;6936
3132404;10;2;220
3132404;10;3;0
3132404;10;4;0
3132404;15;1;1502
3132404;15;2;2656
3132404;15;3;249
3132404;15;4;0
3132404;18;1;534
3132404;18;2;1189
3132404;18;3;1511
3132404;18;4;49
3132404;20;1;1367
3132404;20;2;1597
3132404;20;3;4847
3132404;20;4;497
3132404;25;1;1313
3132404;25;2;1320
3132404;25;3;3712
3132404;25;4;1447
3132404;30;1;2025
3132404;30;2;999
3132404;30;3;2556
3132404;30;4;1361
3132404;35;1;1887
3132404;35;2;1103
3132404;35;3;2265
3132404;35;4;1109
3132404;40;1;2308
3132404;40;2;1187
3132404;40;3;2038
3132404;40;4;826
3132404;45;1;2368
3132404;45;2;1101
3132404;45;3;1976
3132404;45;4;1028
3132404;50;1;2438
3132404;50;2;883
3132404;50;3;1525
3132404;50;4;1182
3132404;55;1;2040
3132404;55;2;772
3132404;55;3;783
3132404;55;4;619
3132404;60;1;3596
3132404;60;2;593
3132404;60;3;880
3132404;60;4;950
3132404;70;1;4051
3132404;70;2;506
3132404;70;3;473
3132404;70;4;411
3134301;10;1;502
3134301;10;2;11
3134301;10;3;0
3134301;10;4;0
3134301;15;1;109
3134301;15;2;225
3134301;15;3;7
3134301;15;4;0
3134301;18;1;25
3134301;18;2;59
3134301;18;3;111
3134301;18;4;0
3134301;20;1;90
3134301;20;2;107
3134301;20;3;287
3134301;20;4;20
3134301;25;1;107
3134301;25;2;97
3134301;25;3;256
3134301;25;4;36
3134301;30;1;184
3134301;30;2;98
3134301;30;3;166
3134301;30;4;43
3134301;35;1;222
3134301;35;2;81
3134301;35;3;105
3134301;35;4;12
3134301;40;1;264
3134301;40;2;73
3134301;40;3;80
3134301;40;4;18
3134301;45;1;244
3134301;45;2;71
3134301;45;3;81
3134301;45;4;32
3134301;50;1;248
3134301;50;2;52
3134301;50;3;62
3134301;50;4;3
3134301;55;1;241
3134301;55;2;23
3134301;55;3;45
3134301;55;4;0
3134301;60;1;379
3134301;60;2;40
3134301;60;3;34
3134301;60;4;7
3134301;70;1;328
3134301;70;2;16
3134301;70;3;44
3134301;70;4;14
3135001;10;1;239
3135001;10;2;2
3135001;10;3;0
3135001;10;4;0
3135001;15;1;79
3135001;15;2;57
3135001;15;3;0
3135001;15;4;0
3135001;18;1;48
3135001;18;2;44
3135001;18;3;41
3135001;18;4;0
3135001;20;1;95
3135001;20;2;52
3135001;20;3;102
3135001;20;4;5
3135001;25;1;85
3135001;25;2;43
3135001;25;3;114
3135001;25;4;10
3135001;30;1;110
3135001;30;2;34
3135001;30;3;61
3135001;30;4;9
3135001;35;1;99
3135001;35;2;31
3135001;35;3;48
3135001;35;4;14
3135001;40;1;171
3135001;40;2;17
3135001;40;3;5
3135001;40;4;3
3135001;45;1;126
3135001;45;2;37
3135001;45;3;32
3135001;45;4;0
3135001;50;1;147
3135001;50;2;6
3135001;50;3;28
3135001;50;4;8
3135001;55;1;137
3135001;55;2;15
3135001;55;3;16
3135001;55;4;8
3135001;60;1;157
3135001;60;2;19
3135001;60;3;18
3135001;60;4;3
3135001;70;1;159
3135001;70;2;2
3135001;70;3;14
3135001;70;4;0
3135407;10;1;451
3135407;10;2;8
3135407;10;3;0
3135407;10;4;0
3135407;15;1;124
3135407;15;2;156
3135407;15;3;10
3135407;15;4;0
3135407;18;1;43
3135407;18;2;28
3135407;18;3;60
3135407;18;4;0
3135407;20;1;146
3135407;20;2;75
3135407;20;3;192
3135407;20;4;9
3135407;25;1;186
3135407;25;2;90
3135407;25;3;110
3135407;25;4;24
3135407;30;1;224
3135407;30;2;54
3135407;30;3;80
3135407;30;4;35
3135407;35;1;237
3135407;35;2;58
3135407;35;3;82
3135407;35;4;28
3135407;40;1;297
3135407;40;2;40
3135407;40;3;47
3135407;40;4;20
3135407;45;1;338
3135407;45;2;23
3135407;45;3;35
3135407;45;4;11
3135407;50;1;268
3135407;50;2;46
3135407;50;3;20
3135407;50;4;14
3135407;55;1;249
3135407;55;2;24
3135407;55;3;14
3135407;55;4;9
3135407;60;1;348
3135407;60;2;25
3135407;60;3;19
3135407;60;4;12
3135407;70;1;338
3135407;70;2;5
3135407;70;3;8
3135407;70;4;7
3136652;10;1;2025
3136652;10;2;38
3136652;10;3;0
3136652;10;4;0
3136652;15;1;618
3136652;15;2;538
3136652;15;3;34
3136652;15;4;0
3136652;18;1;220
3136652;18;2;225
3136652;18;3;360
3136652;18;4;0
3136652;20;1;358
3136652;20;2;611
3136652;20;3;980
3136652;20;4;54
3136652;25;1;527
3136652;25;2;431
3136652;25;3;929
3136652;25;4;172
3136652;30;1;685
3136652;30;2;302
3136652;30;3;652
3136652;30;4;156
3136652;35;1;788
3136652;35;2;248
3136652;35;3;503
3136652;35;4;133
3136652;40;1;782
3136652;40;2;199
3136652;40;3;364
3136652;40;4;79
3136652;45;1;894
3136652;45;2;229
3136652;45;3;169
3136652;45;4;63
3136652;50;1;805
3136652;50;2;142
3136652;50;3;175
3136652;50;4;46
3136652;55;1;669
3136652;55;2;141
3136652;55;3;110
3136652;55;4;50
3136652;60;1;1052
3136652;60;2;82
3136652;60;3;39
3136652;60;4;43
3136652;70;1;685
3136652;70;2;71
3136652;70;3;31
3136652;70;4;36
3136702;10;1;36671
3136702;10;2;1352
3136702;10;3;0
3136702;10;4;0
3136702;15;1;8815
3136702;15;2;14092
3136702;15;3;946
3136702;15;4;0
3136702;18;1;3208
3136702;18;2;6377
3136702;18;3;7896
3136702;18;4;143
3136702;20;1;6900
3136702;20;2;8983
3136702;20;3;26022
3136702;20;4;3546
3136702;25;1;7143
3136702;25;2;7318
3136702;25;3;19156
3136702;25;4;10361
3136702;30;1;10090
3136702;30;2;7036
3136702;30;3;15424
3136702;30;4;8379
3136702;35;1;11400
3136702;35;2;6261
3136702;35;3;11354
3136702;35;4;6593
3136702;40;1;13781
3136702;40;2;6661
3136702;40;3;10151
3136702;40;4;6727
3136702;45;1;14738
3136702;45;2;6376
3136702;45;3;9839
3136702;45;4;7119
3136702;50;1;15189
3136702;50;2;5215
3136702;50;3;8802
3136702;50;4;5777
3136702;55;1;13265
3136702;55;2;3675
3136702;55;3;6896
3136702;55;4;4468
3136702;60;1;20825
3136702;60;2;4674
3136702;60;3;7358
3136702;60;4;5306
3136702;70;1;21258
3136702;70;2;3211
3136702;70;3;4799
3136702;70;4;2635
3137601;10;1;4469
3137601;10;2;245
3137601;10;3;0
3137601;10;4;0
3137601;15;1;991
3137601;15;2;1370
3137601;15;3;82
3137601;15;4;0
3137601;18;1;361
3137601;18;2;656
3137601;18;3;767
3137601;18;4;42
3137601;20;1;909
3137601;20;2;1128
3137601;20;3;2250
3137601;20;4;198
3137601;25;1;971
3137601;25;2;987
3137601;25;3;2044
3137601;25;4;524
3137601;30;1;1352
3137601;30;2;740
3137601;30;3;1722
3137601;30;4;612
3137601;35;1;1484
3137601;35;2;682
3137601;35;3;1352
3137601;35;4;623
3137601;40;1;1608
3137601;40;2;776
3137601;40;3;1042
3137601;40;4;517
3137601;45;1;1567
3137601;45;2;524
3137601;45;3;1037
3137601;45;4;598
3137601;50;1;1426
3137601;50;2;478
3137601;50;3;668
3137601;50;4;577
3137601;55;1;1169
3137601;55;2;300
3137601;55;3;413
3137601;55;4;433
3137601;60;1;1690
3137601;60;2;436
3137601;60;3;438
3137601;60;4;436
3137601;70;1;1752
3137601;70;2;241
3137601;70;3;181
3137601;70;4;246
3138203;10;1;6903
3138203;10;2;244
3138203;10;3;0
3138203;10;4;0
3138203;15;1;1637
3138203;15;2;2808
3138203;15;3;214
3138203;15;4;0
3138203;18;1;482
3138203;18;2;960
3138203;18;3;1576
3138203;18;4;33
3138203;20;1;1295
3138203;20;2;1588
3138203;20;3;4952
3138203;20;4;513
3138203;25;1;1239
3138203;25;2;1210
3138203;25;3;3853
3138203;25;4;1872
3138203;30;1;1908
3138203;30;2;1190
3138203;30;3;2938
3138203;30;4;1407
3138203;35;1;2446
3138203;35;2;1038
3138203;35;3;1900
3138203;35;4;1049
3138203;40;1;2729
3138203;40;2;1176
3138203;40;3;1650
3138203;40;4;1159
3138203;45;1;2912
3138203;45;2;1082
3138203;45;3;1522
3138203;45;4;912
3138203;50;1;2748
3138203;50;2;801
3138203;50;3;1138
3138203;50;4;926
3138203;55;1;2831
3138203;55;2;572
3138203;55;3;838
3138203;55;4;856
3138203;60;1;3569
3138203;60;2;643
3138203;60;3;851
3138203;60;4;989
3138203;70;1;4011
3138203;70;2;420
3138203;70;3;485
3138203;70;4;252
3140159;10;1;1229
3140159;10;2;39
3140159;10;3;0
3140159;10;4;0
3140159;15;1;308
3140159;15;2;411
3140159;15;3;12
3140159;15;4;0
3140159;18;1;109
3140159;18;2;165
3140159;18;3;201
3140159;18;4;7
3140159;20;1;315
3140159;20;2;336
3140159;20;3;437
3140159;20;4;55
3140159;25;1;373
3140159;25;2;223
3140159;25;3;487
3140159;25;4;54
3140159;30;1;556
3140159;30;2;157
3140159;30;3;315
3140159;30;4;72
3140159;35;1;597
3140159;35;2;156
3140159;35;3;207
3140159;35;4;33
3140159;40;1;628
3140159;40;2;157
3140159;40;3;158
3140159;40;4;32
3140159;45;1;569
3140159;45;2;140
3140159;45;3;71
3140159;45;4;20
3140159;50;1;461
3140159;50;2;100
3140159;50;3;73
3140159;50;4;5
3140159;55;1;434
3140159;55;2;58
3140159;55;3;36
3140159;55;4;6
3140159;60;1;546
3140159;60;2;22
3140159;60;3;54
3140159;60;4;11
3140159;70;1;441
3140159;70;2;4
3140159;70;3;23
3140159;70;4;0
3140308;10;1;369
3140308;10;2;3
3140308;10;3;0
3140308;10;4;0
3140308;15;1;112
3140308;15;2;100
3140308;15;3;6
3140308;15;4;0
3140308;18;1;33
3140308;18;2;64
3140308;18;3;25
3140308;18;4;0
3140308;20;1;110
3140308;20;2;49
3140308;20;3;105
3140308;20;4;6
3140308;25;1;107
3140308;25;2;85
3140308;25;3;114
3140308;25;4;17
3140308;30;1;164
3140308;30;2;40
3140308;30;3;84
3140308;30;4;21
3140308;35;1;163
3140308;35;2;24
3140308;35;3;44
3140308;35;4;14
3140308;40;1;201
3140308;40;2;36
3140308;40;3;37
3140308;40;4;3
3140308;45;1;188
3140308;45;2;44
3140308;45;3;27
3140308;45;4;8
3140308;50;1;153
3140308;50;2;26
3140308;50;3;25
3140308;50;4;7
3140308;55;1;169
3140308;55;2;12
3140308;55;3;13
3140308;55;4;9
3140308;60;1;240
3140308;60;2;18
3140308;60;3;27
3140308;60;4;15
3140308;70;1;286
3140308;70;2;10
3140308;70;3;4
3140308;70;4;0
3140803;10;1;1072
3140803;10;2;23
3140803;10;3;7
3140803;10;4;0
3140803;15;1;352
3140803;15;2;392
3140803;15;3;20
3140803;15;4;0
3140803;18;1;78
3140803;18;2;116
3140803;18;3;143
3140803;18;4;0
3140803;20;1;321
3140803;20;2;252
3140803;20;3;438
3140803;20;4;42
3140803;25;1;320
3140803;25;2;255
3140803;25;3;413
3140803;25;4;110
3140803;30;1;372
3140803;30;2;184
3140803;30;3;322
3140803;30;4;126
3140803;35;1;456
3140803;35;2;235
3140803;35;3;160
3140803;35;4;75
3140803;40;1;584
3140803;40;2;162
3140803;40;3;196
3140803;40;4;68
3140803;45;1;594
3140803;45;2;158
3140803;45;3;161
3140803;45;4;52
3140803;50;1;616
3140803;50;2;119
3140803;50;3;157
3140803;50;4;85
3140803;55;1;437
3140803;55;2;53
3140803;55;3;114
3140803;55;4;40
3140803;60;1;709
3140803;60;2;54
3140803;60;3;119
3140803;60;4;87
3140803;70;1;703
3140803;70;2;50
3140803;70;3;72
3140803;70;4;16
3143302;10;1;30306
3143302;10;2;1138
3143302;10;3;9
3143302;10;4;0
3143302;15;1;5820
3143302;15;2;12795
3143302;15;3;1218
3143302;15;4;0
3143302;18;1;2020
3143302;18;2;4348
3143302;18;3;7585
3143302;18;4;57
3143302;20;1;5056
3143302;20;2;6612
3143302;20;3;23317
3143302;20;4;2193
3143302;25;1;6073
3143302;25;2;5594
3143302;25;3;18084
3143302;25;4;5724
3143302;30;1;8043
3143302;30;2;4603
3143302;30;3;14127
3143302;30;4;4787
3143302;35;1;8916
3143302;35;2;4220
3143302;35;3;9818
3143302;35;4;3960
3143302;40;1;9650
3143302;40;2;4076
3143302;40;3;7293
3143302;40;4;3392
3143302;45;1;9838
3143302;45;2;3233
3143302;45;3;5567
3143302;45;4;2945
3143302;50;1;9737
3143302;50;2;2480
3143302;50;3;4208
3143302;50;4;2217
3143302;55;1;7665
3143302;55;2;1685
3143302;55;3;2701
3143302;55;4;1757
3143302;60;1;12540
3143302;60;2;1968
3143302;60;3;2663
3143302;60;4;1888
3143302;70;1;11596
3143302;70;2;756
3143302;70;3;1350
3143302;70;4;679
3143906;10;1;7629
3143906;10;2;164
3143906;10;3;0
3143906;10;4;0
3143906;15;1;1757
3143906;15;2;2794
3143906;15;3;117
3143906;15;4;0
3143906;18;1;911
3143906;18;2;1101
3143906;18;3;1166
3143906;18;4;43
3143906;20;1;2117
3143906;20;2;2331
3143906;20;3;3913
3143906;20;4;634
3143906;25;1;2435
3143906;25;2;1893
3143906;25;3;3351
3143906;25;4;1070
3143906;30;1;3537
3143906;30;2;1231
3143906;30;3;2417
3143906;30;4;1060
3143906;35;1;3644
3143906;35;2;1081
3143906;35;3;1285
3143906;35;4;881
3143906;40;1;4323
3143906;40;2;1148
3143906;40;3;1260
3143906;40;4;642
3143906;45;1;3854
3143906;45;2;1208
3143906;45;3;1276
3143906;45;4;520
3143906;50;1;3744
3143906;50;2;651
3143906;50;3;825
3143906;50;4;540
3143906;55;1;3999
3143906;55;2;514
3143906;55;3;709
3143906;55;4;413
3143906;60;1;5408
3143906;60;2;472
3143906;60;3;567
3143906;60;4;403
3143906;70;1;5290
3143906;70;2;319
3143906;70;3;419
3143906;70;4;235
3144359;10;1;643
3144359;10;2;3
3144359;10;3;0
3144359;10;4;0
3144359;15;1;191
3144359;15;2;196
3144359;15;3;12
3144359;15;4;0
3144359;18;1;82
3144359;18;2;92
3144359;18;3;94
3144359;18;4;3
3144359;20;1;180
3144359;20;2;118
3144359;20;3;264
3144359;20;4;10
3144359;25;1;151
3144359;25;2;118
3144359;25;3;222
3144359;25;4;23
3144359;30;1;213
3144359;30;2;87
3144359;30;3;166
3144359;30;4;20
3144359;35;1;212
3144359;35;2;78
3144359;35;3;82
3144359;35;4;24
3144359;40;1;239
3144359;40;2;39
3144359;40;3;67
3144359;40;4;26
3144359;45;1;269
3144359;45;2;50
3144359;45;3;55
3144359;45;4;21
3144359;50;1;196
3144359;50;2;40
3144359;50;3;31
3144359;50;4;10
3144359;55;1;247
3144359;55;2;25
3144359;55;3;20
3144359;55;4;6
3144359;60;1;340
3144359;60;2;17
3144359;60;3;9
3144359;60;4;6
3144359;70;1;317
3144359;70;2;2
3144359;70;3;4
3144359;70;4;0
3144805;10;1;5940
3144805;10;2;239
3144805;10;3;19
3144805;10;4;0
3144805;15;1;1575
3144805;15;2;1688
3144805;15;3;88
3144805;15;4;0
3144805;18;1;610
3144805;18;2;923
3144805;18;3;1178
3144805;18;4;30
3144805;20;1;1386
3144805;20;2;1454
3144805;20;3;3648
3144805;20;4;495
3144805;25;1;1295
3144805;25;2;1414
3144805;25;3;3068
3144805;25;4;1464
3144805;30;1;2152
3144805;30;2;1114
3144805;30;3;2474
3144805;30;4;1300
3144805;35;1;2065
3144805;35;2;945
3144805;35;3;1687
3144805;35;4;1332
3144805;40;1;2161
3144805;40;2;1110
3144805;40;3;1339
3144805;40;4;1359
3144805;45;1;2079
3144805;45;2;997
3144805;45;3;1331
3144805;45;4;1181
3144805;50;1;1880
3144805;50;2;825
3144805;50;3;1255
3144805;50;4;1080
3144805;55;1;1796
3144805;55;2;546
3144805;55;3;729
3144805;55;4;605
3144805;60;1;2810
3144805;60;2;487
3144805;60;3;782
3144805;60;4;952
3144805;70;1;2587
3144805;70;2;313
3144805;70;3;449
3144805;70;4;383
3145901;10;1;2950
3145901;10;2;53
3145901;10;3;0
3145901;10;4;0
3145901;15;1;786
3145901;15;2;963
3145901;15;3;30
3145901;15;4;0
3145901;18;1;361
3145901;18;2;594
3145901;18;3;554
3145901;18;4;0
3145901;20;1;660
3145901;20;2;761
3145901;20;3;2153
3145901;20;4;173
3145901;25;1;717
3145901;25;2;575
3145901;25;3;1628
3145901;25;4;526
3145901;30;1;923
3145901;30;2;393
3145901;30;3;1034
3145901;30;4;583
3145901;35;1;884
3145901;35;2;490
3145901;35;3;619
3145901;35;4;348
3145901;40;1;1143
3145901;40;2;316
3145901;40;3;684
3145901;40;4;283
3145901;45;1;1106
3145901;45;2;403
3145901;45;3;707
3145901;45;4;335
3145901;50;1;1056
3145901;50;2;369
3145901;50;3;690
3145901;50;4;345
3145901;55;1;823
3145901;55;2;159
3145901;55;3;432
3145901;55;4;239
3145901;60;1;1186
3145901;60;2;138
3145901;60;3;159
3145901;60;4;138
3145901;70;1;894
3145901;70;2;29
3145901;70;3;64
3145901;70;4;74
3147907;10;1;8112
3147907;10;2;460
3147907;10;3;0
3147907;10;4;0
3147907;15;1;1931
3147907;15;2;2979
3147907;15;3;227
3147907;15;4;0
3147907;18;1;766
3147907;18;2;1322
3147907;18;3;1539
3147907;18;4;43
3147907;20;1;1804
3147907;20;2;2371
3147907;20;3;4401
3147907;20;4;579
3147907;25;1;2191
3147907;25;2;1994
3147907;25;3;3329
3147907;25;4;1297
3147907;30;1;3299
3147907;30;2;1671
3147907;30;3;2305
3147907;30;4;1121
3147907;35;1;3682
3147907;35;2;1447
3147907;35;3;1809
3147907;35;4;920
3147907;40;1;4048
3147907;40;2;1477
3147907;40;3;1461
3147907;40;4;821
3147907;45;1;4186
3147907;45;2;1385
3147907;45;3;1014
3147907;45;4;737
3147907;50;1;3698
3147907;50;2;1145
3147907;50;3;902
3147907;50;4;829
3147907;55;1;3528
3147907;55;2;612
3147907;55;3;611
3147907;55;4;641
3147907;60;1;5289
3147907;60;2;732
3147907;60;3;676
3147907;60;4;727
3147907;70;1;4783
3147907;70;2;466
3147907;70;3;315
3147907;70;4;279
3148004;10;1;10461
3148004;10;2;489
3148004;10;3;0
3148004;10;4;0
3148004;15;1;2131
3148004;15;2;4487
3148004;15;3;438
3148004;15;4;0
3148004;18;1;652
3148004;18;2;1651
3148004;18;3;2392
3148004;18;4;46
3148004;20;1;1674
3148004;20;2;2755
3148004;20;3;6353
3148004;20;4;1130
3148004;25;1;1985
3148004;25;2;2333
3148004;25;3;5076
3148004;25;4;2183
3148004;30;1;3331
3148004;30;2;1807
3148004;30;3;3821
3148004;30;4;1966
3148004;35;1;4335
3148004;35;2;1960
3148004;35;3;3233
3148004;35;4;1503
3148004;40;1;4631
3148004;40;2;1991
3148004;40;3;3005
3148004;40;4;1200
3148004;45;1;4620
3148004;45;2;2012
3148004;45;3;2265
3148004;45;4;1106
3148004;50;1;4773
3148004;50;2;1446
3148004;50;3;1387
3148004;50;4;848
3148004;55;1;4576
3148004;55;2;772
3148004;55;3;1072
3148004;55;4;744
3148004;60;1;7078
3148004;60;2;623
3148004;60;3;877
3148004;60;4;607
3148004;70;1;6087
3148004;70;2;364
3148004;70;3;362
3148004;70;4;361
3149309;10;1;4781
3149309;10;2;198
3149309;10;3;0
3149309;10;4;0
3149309;15;1;917
3149309;15;2;1600
3149309;15;3;114
3149309;15;4;0
3149309;18;1;500
3149309;18;2;641
3149309;18;3;985
3149309;18;4;51
3149309;20;1;941
3149309;20;2;938
3149309;20;3;2965
3149309;20;4;325
3149309;25;1;983
3149309;25;2;836
3149309;25;3;2871
3149309;25;4;556
3149309;30;1;1389
3149309;30;2;755
3149309;30;3;2171
3149309;30;4;620
3149309;35;1;1759
3149309;35;2;593
3149309;35;3;1211
3149309;35;4;521
3149309;40;1;1759
3149309;40;2;902
3149309;40;3;1168
3149309;40;4;531
3149309;45;1;1899
3149309;45;2;737
3149309;45;3;1050
3149309;45;4;392
3149309;50;1;2154
3149309;50;2;542
3149309;50;3;626
3149309;50;4;388
3149309;55;1;1698
3149309;55;2;336
3149309;55;3;543
3149309;55;4;294
3149309;60;1;2443
3149309;60;2;401
3149309;60;3;403
3149309;60;4;287
3149309;70;1;2446
3149309;70;2;183
3149309;70;3;135
3149309;70;4;98
3150901;10;1;437
3150901;10;2;14
3150901;10;3;0
3150901;10;4;0
3150901;15;1;95
3150901;15;2;178
3150901;15;3;3
3150901;15;4;0
3150901;18;1;38
3150901;18;2;64
3150901;18;3;62
3150901;18;4;0
3150901;20;1;99
3150901;20;2;78
3150901;20;3;204
3150901;20;4;17
3150901;25;1;124
3150901;25;2;81
3150901;25;3;160
3150901;25;4;25
3150901;30;1;209
3150901;30;2;81
3150901;30;3;80
3150901;30;4;32
3150901;35;1;204
3150901;35;2;59
3150901;35;3;69
3150901;35;4;24
3150901;40;1;232
3150901;40;2;55
3150901;40;3;57
3150901;40;4;21
3150901;45;1;275
3150901;45;2;31
3150901;45;3;38
3150901;45;4;24
3150901;50;1;212
3150901;50;2;36
3150901;50;3;38
3150901;50;4;25
3150901;55;1;230
3150901;55;2;20
3150901;55;3;28
3150901;55;4;23
3150901;60;1;361
3150901;60;2;17
3150901;60;3;10
3150901;60;4;9
3150901;70;1;332
3150901;70;2;9
3150901;70;3;4
3150901;70;4;0
3151008;10;1;695
3151008;10;2;36
3151008;10;3;0
3151008;10;4;0
3151008;15;1;191
3151008;15;2;265
3151008;15;3;18
3151008;15;4;0
3151008;18;1;77
3151008;18;2;65
3151008;18;3;92
3151008;18;4;4
3151008;20;1;101
3151008;20;2;188
3151008;20;3;309
3151008;20;4;24
3151008;25;1;139
3151008;25;2;156
3151008;25;3;227
3151008;25;4;83
3151008;30;1;259
3151008;30;2;102
3151008;30;3;160
3151008;30;4;54
3151008;35;1;292
3151008;35;2;92
3151008;35;3;139
3151008;35;4;72
3151008;40;1;318
3151008;40;2;79
3151008;40;3;126
3151008;40;4;42
3151008;45;1;325
3151008;45;2;59
3151008;45;3;101
3151008;45;4;65
3151008;50;1;334
3151008;50;2;82
3151008;50;3;77
3151008;50;4;8
3151008;55;1;236
3151008;55;2;34
3151008;55;3;58
3151008;55;4;24
3151008;60;1;414
3151008;60;2;47
3151008;60;3;82
3151008;60;4;21
3151008;70;1;442
3151008;70;2;19
3151008;70;3;18
3151008;70;4;18
3151800;10;1;11107
3151800;10;2;308
3151800;10;3;46
3151800;10;4;0
3151800;15;1;2435
3151800;15;2;4126
3151800;15;3;326
3151800;15;4;10
3151800;18;1;824
3151800;18;2;1562
3151800;18;3;2316
3151800;18;4;40
3151800;20;1;1940
3151800;20;2;2617
3151800;20;3;7402
3151800;20;4;977
3151800;25;1;2139
3151800;25;2;2607
3151800;25;3;6368
3151800;25;4;2366
3151800;30;1;3186
3151800;30;2;2753
3151800;30;3;4593
3151800;30;4;2231
3151800;35;1;3753
3151800;35;2;2054
3151800;35;3;3689
3151800;35;4;1936
3151800;40;1;4139
3151800;40;2;2174
3151800;40;3;2874
3151800;40;4;1514
3151800;45;1;4847
3151800;45;2;1956
3151800;45;3;2181
3151800;45;4;1339
3151800;50;1;5152
3151800;50;2;1535
3151800;50;3;1881
3151800;50;4;1335
3151800;55;1;4542
3151800;55;2;1196
3151800;55;3;1595
3151800;55;4;1007
3151800;60;1;7262
3151800;60;2;1197
3151800;60;3;1490
3151800;60;4;1396
3151800;70;1;6897
3151800;70;2;900
3151800;70;3;755
3151800;70;4;513
3152501;10;1;10239
3152501;10;2;356
3152501;10;3;0
3152501;10;4;0
3152501;15;1;2198
3152501;15;2;3929
3152501;15;3;219
3152501;15;4;0
3152501;18;1;882
3152501;18;2;1419
3152501;18;3;2152
3152501;18;4;41
3152501;20;1;2039
3152501;20;2;2731
3152501;20;3;6037
3152501;20;4;830
3152501;25;1;2290
3152501;25;2;2250
3152501;25;3;5127
3152501;25;4;2341
3152501;30;1;3005
3152501;30;2;2086
3152501;30;3;3936
3152501;30;4;1957
3152501;35;1;3619
3152501;35;2;1873
3152501;35;3;3070
3152501;35;4;1402
3152501;40;1;4033
3152501;40;2;1793
3152501;40;3;2301
3152501;40;4;1503
3152501;45;1;3934
3152501;45;2;1449
3152501;45;3;2432
3152501;45;4;1261
3152501;50;1;3855
3152501;50;2;1370
3152501;50;3;1665
3152501;50;4;1279
3152501;55;1;3351
3152501;55;2;902
3152501;55;3;1017
3152501;55;4;963
3152501;60;1;5353
3152501;60;2;769
3152501;60;3;1032
3152501;60;4;870
3152501;70;1;4453
3152501;70;2;547
3152501;70;3;916
3152501;70;4;360
3153608;10;1;898
3153608;10;2;7
3153608;10;3;0
3153608;10;4;0
3153608;15;1;250
3153608;15;2;250
3153608;15;3;22
3153608;15;4;0
3153608;18;1;118
3153608;18;2;130
3153608;18;3;143
3153608;18;4;11
3153608;20;1;194
3153608;20;2;217
3153608;20;3;495
3153608;20;4;31
3153608;25;1;226
3153608;25;2;150
3153608;25;3;367
3153608;25;4;36
3153608;30;1;332
3153608;30;2;114
3153608;30;3;274
3153608;30;4;23
3153608;35;1;347
3153608;35;2;124
3153608;35;3;173
3153608;35;4;45
3153608;40;1;357
3153608;40;2;110
3153608;40;3;138
3153608;40;4;37
3153608;45;1;392
3153608;45;2;131
3153608;45;3;122
3153608;45;4;37
3153608;50;1;343
3153608;50;2;85
3153608;50;3;69
3153608;50;4;31
3153608;55;1;261
3153608;55;2;48
3153608;55;3;41
3153608;55;4;18
3153608;60;1;450
3153608;60;2;29
3153608;60;3;39
3153608;60;4;12
3153608;70;1;359
3153608;70;2;33
3153608;70;3;14
3153608;70;4;7
3153806;10;1;133
3153806;10;2;0
3153806;10;3;0
3153806;10;4;0
3153806;15;1;28
3153806;15;2;54
3153806;15;3;2
3153806;15;4;0
3153806;18;1;19
3153806;18;2;30
3153806;18;3;13
3153806;18;4;0
3153806;20;1;13
3153806;20;2;36
3153806;20;3;61
3153806;20;4;2
3153806;25;1;34
3153806;25;2;11
3153806;25;3;38
3153806;25;4;2
3153806;30;1;62
3153806;30;2;25
3153806;30;3;43
3153806;30;4;13
3153806;35;1;86
3153806;35;2;16
3153806;35;3;26
3153806;35;4;6
3153806;40;1;112
3153806;40;2;25
3153806;40;3;11
3153806;40;4;10
3153806;45;1;92
3153806;45;2;30
3153806;45;3;16
3153806;45;4;9
3153806;50;1;114
3153806;50;2;15
3153806;50;3;11
3153806;50;4;4
3153806;55;1;84
3153806;55;2;25
3153806;55;3;2
3153806;55;4;0
3153806;60;1;153
3153806;60;2;6
3153806;60;3;5
3153806;60;4;10
3153806;70;1;148
3153806;70;2;4
3153806;70;3;4
3153806;70;4;1
3153905;10;1;1224
3153905;10;2;49
3153905;10;3;6
3153905;10;4;0
3153905;15;1;377
3153905;15;2;410
3153905;15;3;31
3153905;15;4;0
3153905;18;1;104
3153905;18;2;178
3153905;18;3;236
3153905;18;4;5
3153905;20;1;171
3153905;20;2;462
3153905;20;3;700
3153905;20;4;57
3153905;25;1;293
3153905;25;2;454
3153905;25;3;589
3153905;25;4;114
3153905;30;1;392
3153905;30;2;257
3153905;30;3;654
3153905;30;4;99
3153905;35;1;457
3153905;35;2;245
3153905;35;3;367
3153905;35;4;52
3153905;40;1;558
3153905;40;2;196
3153905;40;3;202
3153905;40;4;60
3153905;45;1;565
3153905;45;2;179
3153905;45;3;190
3153905;45;4;42
3153905;50;1;609
3153905;50;2;151
3153905;50;3;182
3153905;50;4;45
3153905;55;1;479
3153905;55;2;103
3153905;55;3;67
3153905;55;4;6
3153905;60;1;729
3153905;60;2;106
3153905;60;3;71
3153905;60;4;24
3153905;70;1;576
3153905;70;2;27
3153905;70;3;14
3153905;70;4;10
3154606;10;1;27939
3154606;10;2;737
3154606;10;3;20
3154606;10;4;0
3154606;15;1;7907
3154606;15;2;7606
3154606;15;3;551
3154606;15;4;15
3154606;18;1;2977
3154606;18;2;3637
3154606;18;3;3397
3154606;18;4;32
3154606;20;1;8134
3154606;20;2;7320
3154606;20;3;12260
3154606;20;4;429
3154606;25;1;9017
3154606;25;2;6456
3154606;25;3;12083
3154606;25;4;953
3154606;30;1;12487
3154606;30;2;5305
3154606;30;3;8953
3154606;30;4;856
3154606;35;1;13102
3154606;35;2;4520
3154606;35;3;4364
3154606;35;4;694
3154606;40;1;12196
3154606;40;2;3868
3154606;40;3;3133
3154606;40;4;512
3154606;45;1;11683
3154606;45;2;2698
3154606;45;3;2288
3154606;45;4;377
3154606;50;1;11663
3154606;50;2;2005
3154606;50;3;1490
3154606;50;4;195
3154606;55;1;9242
3154606;55;2;1194
3154606;55;3;862
3154606;55;4;208
3154606;60;1;11147
3154606;60;2;903
3154606;60;3;649
3154606;60;4;319
3154606;70;1;7150
3154606;70;2;376
3154606;70;3;227
3154606;70;4;26
3154705;10;1;281
3154705;10;2;0
3154705;10;3;0
3154705;10;4;0
3154705;15;1;57
3154705;15;2;90
3154705;15;3;5
3154705;15;4;0
3154705;18;1;25
3154705;18;2;60
3154705;18;3;58
3154705;18;4;0
3154705;20;1;60
3154705;20;2;53
3154705;20;3;180
3154705;20;4;18
3154705;25;1;67
3154705;25;2;25
3154705;25;3;201
3154705;25;4;31
3154705;30;1;94
3154705;30;2;45
3154705;30;3;115
3154705;30;4;25
3154705;35;1;114
3154705;35;2;32
3154705;35;3;62
3154705;35;4;15
3154705;40;1;106
3154705;40;2;30
3154705;40;3;69
3154705;40;4;23
3154705;45;1;128
3154705;45;2;74
3154705;45;3;56
3154705;45;4;23
3154705;50;1;144
3154705;50;2;74
3154705;50;3;65
3154705;50;4;39
3154705;55;1;136
3154705;55;2;40
3154705;55;3;31
3154705;55;4;18
3154705;60;1;176
3154705;60;2;23
3154705;60;3;43
3154705;60;4;26
3154705;70;1;273
3154705;70;2;25
3154705;70;3;25
3154705;70;4;9
3154804;10;1;822
3154804;10;2;15
3154804;10;3;0
3154804;10;4;0
3154804;15;1;274
3154804;15;2;163
3154804;15;3;4
3154804;15;4;0
3154804;18;1;175
3154804;18;2;105
3154804;18;3;46
3154804;18;4;0
3154804;20;1;318
3154804;20;2;158
3154804;20;3;375
3154804;20;4;34
3154804;25;1;322
3154804;25;2;173
3154804;25;3;303
3154804;25;4;50
3154804;30;1;391
3154804;30;2;148
3154804;30;3;214
3154804;30;4;33
3154804;35;1;461
3154804;35;2;102
3154804;35;3;131
3154804;35;4;21
3154804;40;1;413
3154804;40;2;73
3154804;40;3;107
3154804;40;4;35
3154804;45;1;340
3154804;45;2;138
3154804;45;3;84
3154804;45;4;24
3154804;50;1;401
3154804;50;2;76
3154804;50;3;50
3154804;50;4;20
3154804;55;1;236
3154804;55;2;35
3154804;55;3;37
3154804;55;4;14
3154804;60;1;474
3154804;60;2;31
3154804;60;3;21
3154804;60;4;21
3154804;70;1;354
3154804;70;2;16
3154804;70;3;25
3154804;70;4;15
3156304;10;1;557
3156304;10;2;13
3156304;10;3;0
3156304;10;4;0
3156304;15;1;183
3156304;15;2;136
3156304;15;3;3
3156304;15;4;0
3156304;18;1;103
3156304;18;2;108
3156304;18;3;34
3156304;18;4;3
3156304;20;1;236
3156304;20;2;188
3156304;20;3;212
3156304;20;4;41
3156304;25;1;217
3156304;25;2;223
3156304;25;3;147
3156304;25;4;51
3156304;30;1;346
3156304;30;2;125
3156304;30;3;55
3156304;30;4;26
3156304;35;1;338
3156304;35;2;108
3156304;35;3;37
3156304;35;4;19
3156304;40;1;354
3156304;40;2;136
3156304;40;3;64
3156304;40;4;16
3156304;45;1;342
3156304;45;2;66
3156304;45;3;18
3156304;45;4;19
3156304;50;1;226
3156304;50;2;68
3156304;50;3;16
3156304;50;4;8
3156304;55;1;262
3156304;55;2;26
3156304;55;3;19
3156304;55;4;7
3156304;60;1;326
3156304;60;2;48
3156304;60;3;3
3156304;60;4;11
3156304;70;1;321
3156304;70;2;17
3156304;70;3;5
3156304;70;4;0
3156700;10;1;11233
3156700;10;2;351
3156700;10;3;15
3156700;10;4;0
3156700;15;1;2070
3156700;15;2;3943
3156700;15;3;355
3156700;15;4;0
3156700;18;1;933
3156700;18;2;1765
3156700;18;3;1636
3156700;18;4;23
3156700;20;1;2634
3156700;20;2;2487
3156700;20;3;5631
3156700;20;4;399
3156700;25;1;2744
3156700;25;2;2150
3156700;25;3;5726
3156700;25;4;948
3156700;30;1;3726
3156700;30;2;1886
3156700;30;3;4452
3156700;30;4;1055
3156700;35;1;3842
3156700;35;2;1556
3156700;35;3;3145
3156700;35;4;795
3156700;40;1;4191
3156700;40;2;1581
3156700;40;3;2477
3156700;40;4;591
3156700;45;1;4157
3156700;45;2;1258
3156700;45;3;2013
3156700;45;4;715
3156700;50;1;4097
3156700;50;2;991
3156700;50;3;1510
3156700;50;4;496
3156700;55;1;3425
3156700;55;2;834
3156700;55;3;974
3156700;55;4;196
3156700;60;1;5060
3156700;60;2;829
3156700;60;3;781
3156700;60;4;192
3156700;70;1;4427
3156700;70;2;270
3156700;70;3;327
3156700;70;4;80
3157336;10;1;670
3157336;10;2;8
3157336;10;3;0
3157336;10;4;0
3157336;15;1;143
3157336;15;2;267
3157336;15;3;2
3157336;15;4;0
3157336;18;1;72
3157336;18;2;105
3157336;18;3;107
3157336;18;4;4
3157336;20;1;163
3157336;20;2;140
3157336;20;3;359
3157336;20;4;31
3157336;25;1;169
3157336;25;2;138
3157336;25;3;333
3157336;25;4;40
3157336;30;1;286
3157336;30;2;126
3157336;30;3;243
3157336;30;4;23
3157336;35;1;321
3157336;35;2;136
3157336;35;3;127
3157336;35;4;37
3157336;40;1;346
3157336;40;2;77
3157336;40;3;134
3157336;40;4;31
3157336;45;1;349
3157336;45;2;91
3157336;45;3;71
3157336;45;4;15
3157336;50;1;367
3157336;50;2;61
3157336;50;3;64
3157336;50;4;16
3157336;55;1;261
3157336;55;2;44
3157336;55;3;9
3157336;55;4;2
3157336;60;1;424
3157336;60;2;33
3157336;60;3;8
3157336;60;4;0
3157336;70;1;288
3157336;70;2;9
3157336;70;3;3
3157336;70;4;0
3157807;10;1;18300
3157807;10;2;688
3157807;10;3;0
3157807;10;4;0
3157807;15;1;4162
3157807;15;2;5625
3157807;15;3;564
3157807;15;4;0
3157807;18;1;1780
3157807;18;2;2274
3157807;18;3;2764
3157807;18;4;59
3157807;20;1;4390
3157807;20;2;4158
3157807;20;3;9291
3157807;20;4;547
3157807;25;1;4543
3157807;25;2;3894
3157807;25;3;8977
3157807;25;4;1248
3157807;30;1;6747
3157807;30;2;3665
3157807;30;3;7091
3157807;30;4;1057
3157807;35;1;6932
3157807;35;2;3347
3157807;35;3;4754
3157807;35;4;861
3157807;40;1;7505
3157807;40;2;2656
3157807;40;3;3266
3157807;40;4;652
3157807;45;1;6945
3157807;45;2;2234
3157807;45;3;2372
3157807;45;4;538
3157807;50;1;7032
3157807;50;2;1490
3157807;50;3;1654
3157807;50;4;349
3157807;55;1;6549
3157807;55;2;890
3157807;55;3;1022
3157807;55;4;311
3157807;60;1;8422
3157807;60;2;1072
3157807;60;3;733
3157807;60;4;217
3157807;70;1;5748
3157807;70;2;451
3157807;70;3;271
3157807;70;4;104
3158607;10;1;326
3158607;10;2;5
3158607;10;3;0
3158607;10;4;0
3158607;15;1;159
3158607;15;2;54
3158607;15;3;3
3158607;15;4;0
3158607;18;1;43
3158607;18;2;47
3158607;18;3;28
3158607;18;4;7
3158607;20;1;104
3158607;20;2;62
3158607;20;3;130
3158607;20;4;3
3158607;25;1;83
3158607;25;2;66
3158607;25;3;106
3158607;25;4;17
3158607;30;1;124
3158607;30;2;64
3158607;30;3;74
3158607;30;4;10
3158607;35;1;129
3158607;35;2;49
3158607;35;3;77
3158607;35;4;14
3158607;40;1;173
3158607;40;2;43
3158607;40;3;76
3158607;40;4;18
3158607;45;1;178
3158607;45;2;44
3158607;45;3;41
3158607;45;4;14
3158607;50;1;149
3158607;50;2;24
3158607;50;3;34
3158607;50;4;9
3158607;55;1;146
3158607;55;2;9
3158607;55;3;20
3158607;55;4;17
3158607;60;1;248
3158607;60;2;22
3158607;60;3;18
3158607;60;4;13
3158607;70;1;235
3158607;70;2;4
3158607;70;3;20
3158607;70;4;4
3158953;10;1;2614
3158953;10;2;32
3158953;10;3;0
3158953;10;4;0
3158953;15;1;587
3158953;15;2;759
3158953;15;3;47
3158953;15;4;0
3158953;18;1;376
3158953;18;2;406
3158953;18;3;270
3158953;18;4;0
3158953;20;1;642
3158953;20;2;747
3158953;20;3;834
3158953;20;4;76
3158953;25;1;768
3158953;25;2;626
3158953;25;3;936
3158953;25;4;141
3158953;30;1;869
3158953;30;2;539
3158953;30;3;832
3158953;30;4;204
3158953;35;1;1073
3158953;35;2;390
3158953;35;3;544
3158953;35;4;103
3158953;40;1;1207
3158953;40;2;317
3158953;40;3;279
3158953;40;4;48
3158953;45;1;1077
3158953;45;2;282
3158953;45;3;144
3158953;45;4;57
3158953;50;1;1048
3158953;50;2;95
3158953;50;3;179
3158953;50;4;39
3158953;55;1;967
3158953;55;2;56
3158953;55;3;93
3158953;55;4;14
3158953;60;1;1126
3158953;60;2;87
3158953;60;3;34
3158953;60;4;20
3158953;70;1;961
3158953;70;2;8
3158953;70;3;31
3158953;70;4;22
3160900;10;1;227
3160900;10;2;15
3160900;10;3;0
3160900;10;4;0
3160900;15;1;82
3160900;15;2;85
3160900;15;3;0
3160900;15;4;0
3160900;18;1;53
3160900;18;2;37
3160900;18;3;11
3160900;18;4;0
3160900;20;1;102
3160900;20;2;71
3160900;20;3;110
3160900;20;4;32
3160900;25;1;113
3160900;25;2;59
3160900;25;3;73
3160900;25;4;38
3160900;30;1;137
3160900;30;2;16
3160900;30;3;78
3160900;30;4;43
3160900;35;1;160
3160900;35;2;16
3160900;35;3;31
3160900;35;4;16
3160900;40;1;188
3160900;40;2;34
3160900;40;3;33
3160900;40;4;36
3160900;45;1;177
3160900;45;2;27
3160900;45;3;35
3160900;45;4;25
3160900;50;1;179
3160900;50;2;38
3160900;50;3;30
3160900;50;4;17
3160900;55;1;98
3160900;55;2;29
3160900;55;3;22
3160900;55;4;11
3160900;60;1;216
3160900;60;2;9
3160900;60;3;30
3160900;60;4;6
3160900;70;1;227
3160900;70;2;6
3160900;70;3;11
3160900;70;4;4
3162500;10;1;6143
3162500;10;2;101
3162500;10;3;13
3162500;10;4;0
3162500;15;1;1654
3162500;15;2;2194
3162500;15;3;138
3162500;15;4;0
3162500;18;1;468
3162500;18;2;1060
3162500;18;3;1148
3162500;18;4;0
3162500;20;1;997
3162500;20;2;1572
3162500;20;3;3722
3162500;20;4;493
3162500;25;1;1221
3162500;25;2;1245
3162500;25;3;3201
3162500;25;4;1089
3162500;30;1;1999
3162500;30;2;1215
3162500;30;3;2459
3162500;30;4;1122
3162500;35;1;2491
3162500;35;2;910
3162500;35;3;1952
3162500;35;4;867
3162500;40;1;3028
3162500;40;2;1137
3162500;40;3;1397
3162500;40;4;914
3162500;45;1;3222
3162500;45;2;1195
3162500;45;3;1392
3162500;45;4;757
3162500;50;1;3085
3162500;50;2;888
3162500;50;3;980
3162500;50;4;635
3162500;55;1;2883
3162500;55;2;578
3162500;55;3;806
3162500;55;4;680
3162500;60;1;3937
3162500;60;2;692
3162500;60;3;823
3162500;60;4;733
3162500;70;1;4053
3162500;70;2;517
3162500;70;3;433
3162500;70;4;223
3162922;10;1;2334
3162922;10;2;11
3162922;10;3;0
3162922;10;4;0
3162922;15;1;852
3162922;15;2;466
3162922;15;3;54
3162922;15;4;0
3162922;18;1;270
3162922;18;2;325
3162922;18;3;184
3162922;18;4;21
3162922;20;1;1140
3162922;20;2;528
3162922;20;3;842
3162922;20;4;33
3162922;25;1;1096
3162922;25;2;565
3162922;25;3;1005
3162922;25;4;35
3162922;30;1;1281
3162922;30;2;425
3162922;30;3;536
3162922;30;4;108
3162922;35;1;1047
3162922;35;2;411
3162922;35;3;437
3162922;35;4;51
3162922;40;1;973
3162922;40;2;278
3162922;40;3;275
3162922;40;4;154
3162922;45;1;940
3162922;45;2;219
3162922;45;3;168
3162922;45;4;35
3162922;50;1;838
3162922;50;2;168
3162922;50;3;160
3162922;50;4;63
3162922;55;1;782
3162922;55;2;65
3162922;55;3;41
3162922;55;4;0
3162922;60;1;1144
3162922;60;2;80
3162922;60;3;81
3162922;60;4;25
3162922;70;1;863
3162922;70;2;12
3162922;70;3;47
3162922;70;4;11
3162955;10;1;1861
3162955;10;2;14
3162955;10;3;0
3162955;10;4;0
3162955;15;1;315
3162955;15;2;684
3162955;15;3;22
3162955;15;4;0
3162955;18;1;93
3162955;18;2;300
3162955;18;3;260
3162955;18;4;0
3162955;20;1;374
3162955;20;2;431
3162955;20;3;886
3162955;20;4;71
3162955;25;1;430
3162955;25;2;411
3162955;25;3;754
3162955;25;4;57
3162955;30;1;726
3162955;30;2;293
3162955;30;3;592
3162955;30;4;111
3162955;35;1;628
3162955;35;2;367
3162955;35;3;433
3162955;35;4;134
3162955;40;1;681
3162955;40;2;310
3162955;40;3;392
3162955;40;4;64
3162955;45;1;714
3162955;45;2;182
3162955;45;3;313
3162955;45;4;64
3162955;50;1;649
3162955;50;2;190
3162955;50;3;212
3162955;50;4;37
3162955;55;1;580
3162955;55;2;95
3162955;55;3;109
3162955;55;4;45
3162955;60;1;811
3162955;60;2;56
3162955;60;3;91
3162955;60;4;49
3162955;70;1;684
3162955;70;2;21
3162955;70;3;52
3162955;70;4;15
3163201;10;1;382
3163201;10;2;13
3163201;10;3;0
3163201;10;4;0
3163201;15;1;51
3163201;15;2;141
3163201;15;3;5
3163201;15;4;0
3163201;18;1;22
3163201;18;2;41
3163201;18;3;58
3163201;18;4;0
3163201;20;1;52
3163201;20;2;55
3163201;20;3;211
3163201;20;4;5
3163201;25;1;65
3163201;25;2;41
3163201;25;3;130
3163201;25;4;21
3163201;30;1;138
3163201;30;2;38
3163201;30;3;122
3163201;30;4;3
3163201;35;1;168
3163201;35;2;51
3163201;35;3;58
3163201;35;4;16
3163201;40;1;195
3163201;40;2;32
3163201;40;3;33
3163201;40;4;16
3163201;45;1;205
3163201;45;2;25
3163201;45;3;54
3163201;45;4;7
3163201;50;1;174
3163201;50;2;31
3163201;50;3;17
3163201;50;4;15
3163201;55;1;187
3163201;55;2;28
3163201;55;3;7
3163201;55;4;3
3163201;60;1;255
3163201;60;2;11
3163201;60;3;14
3163201;60;4;17
3163201;70;1;252
3163201;70;2;6
3163201;70;3;10
3163201;70;4;3
3165537;10;1;2315
3165537;10;2;43
3165537;10;3;0
3165537;10;4;0
3165537;15;1;564
3165537;15;2;777
3165537;15;3;51
3165537;15;4;0
3165537;18;1;191
3165537;18;2;454
3165537;18;3;347
3165537;18;4;0
3165537;20;1;429
3165537;20;2;497
3165537;20;3;1182
3165537;20;4;31
3165537;25;1;550
3165537;25;2;401
3165537;25;3;1003
3165537;25;4;102
3165537;30;1;830
3165537;30;2;520
3165537;30;3;933
3165537;30;4;152
3165537;35;1;931
3165537;35;2;501
3165537;35;3;741
3165537;35;4;101
3165537;40;1;905
3165537;40;2;462
3165537;40;3;491
3165537;40;4;144
3165537;45;1;878
3165537;45;2;298
3165537;45;3;371
3165537;45;4;83
3165537;50;1;947
3165537;50;2;164
3165537;50;3;197
3165537;50;4;30
3165537;55;1;664
3165537;55;2;93
3165537;55;3;80
3165537;55;4;30
3165537;60;1;886
3165537;60;2;91
3165537;60;3;59
3165537;60;4;51
3165537;70;1;772
3165537;70;2;10
3165537;70;3;10
3165537;70;4;0
3167202;10;1;17217
3167202;10;2;375
3167202;10;3;39
3167202;10;4;0
3167202;15;1;3767
3167202;15;2;6850
3167202;15;3;438
3167202;15;4;0
3167202;18;1;1504
3167202;18;2;2440
3167202;18;3;3300
3167202;18;4;13
3167202;20;1;3505
3167202;20;2;4850
3167202;20;3;10850
3167202;20;4;929
3167202;25;1;3898
3167202;25;2;4387
3167202;25;3;9042
3167202;25;4;2573
3167202;30;1;6065
3167202;30;2;3217
3167202;30;3;6560
3167202;30;4;2427
3167202;35;1;6395
3167202;35;2;2999
3167202;35;3;4673
3167202;35;4;1842
3167202;40;1;7229
3167202;40;2;2606
3167202;40;3;4042
3167202;40;4;1889
3167202;45;1;7305
3167202;45;2;2515
3167202;45;3;3164
3167202;45;4;1844
3167202;50;1;6692
3167202;50;2;1795
3167202;50;3;2308
3167202;50;4;1793
3167202;55;1;5842
3167202;55;2;1158
3167202;55;3;1565
3167202;55;4;1186
3167202;60;1;8364
3167202;60;2;1237
3167202;60;3;1714
3167202;60;4;1084
3167202;70;1;7336
3167202;70;2;780
3167202;70;3;800
3167202;70;4;311
3167509;10;1;233
3167509;10;2;0
3167509;10;3;0
3167509;10;4;0
3167509;15;1;92
3167509;15;2;29
3167509;15;3;4
3167509;15;4;0
3167509;18;1;28
3167509;18;2;32
3167509;18;3;16
3167509;18;4;4
3167509;20;1;63
3167509;20;2;44
3167509;20;3;86
3167509;20;4;4
3167509;25;1;99
3167509;25;2;47
3167509;25;3;41
3167509;25;4;2
3167509;30;1;125
3167509;30;2;29
3167509;30;3;52
3167509;30;4;3
3167509;35;1;104
3167509;35;2;41
3167509;35;3;25
3167509;35;4;0
3167509;40;1;139
3167509;40;2;36
3167509;40;3;20
3167509;40;4;3
3167509;45;1;121
3167509;45;2;14
3167509;45;3;28
3167509;45;4;11
3167509;50;1;103
3167509;50;2;23
3167509;50;3;18
3167509;50;4;7
3167509;55;1;95
3167509;55;2;13
3167509;55;3;13
3167509;55;4;3
3167509;60;1;147
3167509;60;2;7
3167509;60;3;22
3167509;60;4;22
3167509;70;1;124
3167509;70;2;8
3167509;70;3;0
3167509;70;4;10
3168606;10;1;11523
3168606;10;2;370
3168606;10;3;0
3168606;10;4;0
3168606;15;1;3237
3168606;15;2;3433
3168606;15;3;247
3168606;15;4;0
3168606;18;1;1451
3168606;18;2;1461
3168606;18;3;1632
3168606;18;4;40
3168606;20;1;3397
3168606;20;2;3195
3168606;20;3;4858
3168606;20;4;530
3168606;25;1;3744
3168606;25;2;2258
3168606;25;3;4199
3168606;25;4;1235
3168606;30;1;4208
3168606;30;2;1916
3168606;30;3;3264
3168606;30;4;1186
3168606;35;1;4626
3168606;35;2;1403
3168606;35;3;2514
3168606;35;4;1019
3168606;40;1;4905
3168606;40;2;1456
3168606;40;3;1679
3168606;40;4;1063
3168606;45;1;4533
3168606;45;2;1185
3168606;45;3;1625
3168606;45;4;1043
3168606;50;1;4084
3168606;50;2;993
3168606;50;3;1241
3168606;50;4;749
3168606;55;1;3935
3168606;55;2;461
3168606;55;3;865
3168606;55;4;659
3168606;60;1;6545
3168606;60;2;597
3168606;60;3;750
3168606;60;4;732
3168606;70;1;7334
3168606;70;2;345
3168606;70;3;405
3168606;70;4;295
3168705;10;1;6462
3168705;10;2;162
3168705;10;3;0
3168705;10;4;0
3168705;15;1;1175
3168705;15;2;2680
3168705;15;3;229
3168705;15;4;0
3168705;18;1;455
3168705;18;2;1035
3168705;18;3;1358
3168705;18;4;18
3168705;20;1;1039
3168705;20;2;1541
3168705;20;3;4151
3168705;20;4;340
3168705;25;1;1092
3168705;25;2;1515
3168705;25;3;3460
3168705;25;4;1100
3168705;30;1;1424
3168705;30;2;1142
3168705;30;3;3059
3168705;30;4;992
3168705;35;1;1779
3168705;35;2;1062
3168705;35;3;2170
3168705;35;4;694
3168705;40;1;2095
3168705;40;2;1223
3168705;40;3;2224
3168705;40;4;689
3168705;45;1;2214
3168705;45;2;1234
3168705;45;3;1937
3168705;45;4;871
3168705;50;1;2149
3168705;50;2;1018
3168705;50;3;1410
3168705;50;4;548
3168705;55;1;2049
3168705;55;2;574
3168705;55;3;669
3168705;55;4;394
3168705;60;1;3064
3168705;60;2;415
3168705;60;3;823
3168705;60;4;322
3168705;70;1;3144
3168705;70;2;273
3168705;70;3;303
3168705;70;4;115
3168804;10;1;548
3168804;10;2;18
3168804;10;3;0
3168804;10;4;0
3168804;15;1;162
3168804;15;2;166
3168804;15;3;13
3168804;15;4;0
3168804;18;1;75
3168804;18;2;89
3168804;18;3;86
3168804;18;4;0
3168804;20;1;139
3168804;20;2;121
3168804;20;3;274
3168804;20;4;9
3168804;25;1;173
3168804;25;2;136
3168804;25;3;246
3168804;25;4;56
3168804;30;1;276
3168804;30;2;134
3168804;30;3;153
3168804;30;4;61
3168804;35;1;336
3168804;35;2;87
3168804;35;3;90
3168804;35;4;56
3168804;40;1;324
3168804;40;2;94
3168804;40;3;95
3168804;40;4;51
3168804;45;1;290
3168804;45;2;75
3168804;45;3;74
3168804;45;4;60
3168804;50;1;266
3168804;50;2;28
3168804;50;3;64
3168804;50;4;58
3168804;55;1;247
3168804;55;2;25
3168804;55;3;55
3168804;55;4;45
3168804;60;1;256
3168804;60;2;48
3168804;60;3;57
3168804;60;4;68
3168804;70;1;226
3168804;70;2;28
3168804;70;3;23
3168804;70;4;28
3169901;10;1;8231
3169901;10;2;167
3169901;10;3;0
3169901;10;4;0
3169901;15;1;2179
3169901;15;2;2385
3169901;15;3;176
3169901;15;4;0
3169901;18;1;1098
3169901;18;2;1205
3169901;18;3;1151
3169901;18;4;43
3169901;20;1;2231
3169901;20;2;2861
3169901;20;3;3609
3169901;20;4;534
3169901;25;1;2619
3169901;25;2;2015
3169901;25;3;2975
3169901;25;4;1575
3169901;30;1;3635
3169901;30;2;1623
3169901;30;3;2105
3169901;30;4;1178
3169901;35;1;3809
3169901;35;2;1540
3169901;35;3;1457
3169901;35;4;674
3169901;40;1;3882
3169901;40;2;1457
3169901;40;3;1255
3169901;40;4;705
3169901;45;1;4148
3169901;45;2;1147
3169901;45;3;1010
3169901;45;4;751
3169901;50;1;3593
3169901;50;2;1008
3169901;50;3;979
3169901;50;4;474
3169901;55;1;3105
3169901;55;2;356
3169901;55;3;825
3169901;55;4;344
3169901;60;1;4710
3169901;60;2;581
3169901;60;3;448
3169901;60;4;287
3169901;70;1;4058
3169901;70;2;213
3169901;70;3;453
3169901;70;4;196
3170107;10;1;20568
3170107;10;2;892
3170107;10;3;40
3170107;10;4;0
3170107;15;1;4882
3170107;15;2;8158
3170107;15;3;676
3170107;15;4;5
3170107;18;1;1752
3170107;18;2;3112
3170107;18;3;5025
3170107;18;4;56
3170107;20;1;4159
3170107;20;2;6398
3170107;20;3;14210
3170107;20;4;2358
3170107;25;1;5240
3170107;25;2;5290
3170107;25;3;10849
3170107;25;4;5441
3170107;30;1;6771
3170107;30;2;4846
3170107;30;3;8712
3170107;30;4;4567
3170107;35;1;7228
3170107;35;2;4478
3170107;35;3;6367
3170107;35;4;3623
3170107;40;1;7821
3170107;40;2;4127
3170107;40;3;5853
3170107;40;4;3367
3170107;45;1;8099
3170107;45;2;3844
3170107;45;3;5594
3170107;45;4;3346
3170107;50;1;8705
3170107;50;2;3207
3170107;50;3;4477
3170107;50;4;2864
3170107;55;1;7850
3170107;55;2;2130
3170107;55;3;2535
3170107;55;4;1864
3170107;60;1;12765
3170107;60;2;2463
3170107;60;3;2378
3170107;60;4;2653
3170107;70;1;12625
3170107;70;2;1557
3170107;70;3;1659
3170107;70;4;1260
3170206;10;1;42531
3170206;10;2;2531
3170206;10;3;36
3170206;10;4;0
3170206;15;1;9817
3170206;15;2;17350
3170206;15;3;1627
3170206;15;4;12
3170206;18;1;3462
3170206;18;2;6789
3170206;18;3;10313
3170206;18;4;322
3170206;20;1;9178
3170206;20;2;12663
3170206;20;3;30086
3170206;20;4;5487
3170206;25;1;10876
3170206;25;2;10094
3170206;25;3;23645
3170206;25;4;12250
3170206;30;1;13404
3170206;30;2;10630
3170206;30;3;19223
3170206;30;4;10457
3170206;35;1;15066
3170206;35;2;9521
3170206;35;3;13803
3170206;35;4;8201
3170206;40;1;16733
3170206;40;2;8826
3170206;40;3;11965
3170206;40;4;6948
3170206;45;1;16808
3170206;45;2;8006
3170206;45;3;10399
3170206;45;4;6502
3170206;50;1;15511
3170206;50;2;6348
3170206;50;3;8362
3170206;50;4;4981
3170206;55;1;14795
3170206;55;2;4196
3170206;55;3;5607
3170206;55;4;3835
3170206;60;1;22391
3170206;60;2;4113
3170206;60;3;4667
3170206;60;4;3608
3170206;70;1;20827
3170206;70;2;2241
3170206;70;3;2249
3170206;70;4;1516
3170701;10;1;9604
3170701;10;2;255
3170701;10;3;21
3170701;10;4;0
3170701;15;1;2031
3170701;15;2;3677
3170701;15;3;368
3170701;15;4;5
3170701;18;1;673
3170701;18;2;1528
3170701;18;3;1622
3170701;18;4;9
3170701;20;1;1613
3170701;20;2;2364
3170701;20;3;6111
3170701;20;4;730
3170701;25;1;2299
3170701;25;2;2156
3170701;25;3;4791
3170701;25;4;1997
3170701;30;1;2740
3170701;30;2;2037
3170701;30;3;4397
3170701;30;4;1719
3170701;35;1;3132
3170701;35;2;1630
3170701;35;3;2727
3170701;35;4;1687
3170701;40;1;3326
3170701;40;2;1670
3170701;40;3;2397
3170701;40;4;1446
3170701;45;1;3401
3170701;45;2;1640
3170701;45;3;1989
3170701;45;4;1500
3170701;50;1;3842
3170701;50;2;1236
3170701;50;3;1328
3170701;50;4;1420
3170701;55;1;3424
3170701;55;2;865
3170701;55;3;1231
3170701;55;4;954
3170701;60;1;4819
3170701;60;2;998
3170701;60;3;841
3170701;60;4;803
3170701;70;1;4424
3170701;70;2;369
3170701;70;3;512
3170701;70;4;304
3171204;10;1;9930
3171204;10;2;287
3171204;10;3;0
3171204;10;4;0
3171204;15;1;2607
3171204;15;2;2746
3171204;15;3;234
3171204;15;4;0
3171204;18;1;1202
3171204;18;2;1277
3171204;18;3;1217
3171204;18;4;8
3171204;20;1;2744
3171204;20;2;2575
3171204;20;3;3958
3171204;20;4;295
3171204;25;1;2977
3171204;25;2;1956
3171204;25;3;4507
3171204;25;4;551
3171204;30;1;4283
3171204;30;2;1819
3171204;30;3;2858
3171204;30;4;671
3171204;35;1;4535
3171204;35;2;1647
3171204;35;3;1628
3171204;35;4;417
3171204;40;1;4493
3171204;40;2;1341
3171204;40;3;1149
3171204;40;4;323
3171204;45;1;3948
3171204;45;2;991
3171204;45;3;929
3171204;45;4;296
3171204;50;1;3663
3171204;50;2;643
3171204;50;3;649
3171204;50;4;175
3171204;55;1;3191
3171204;55;2;394
3171204;55;3;352
3171204;55;4;83
3171204;60;1;3586
3171204;60;2;600
3171204;60;3;321
3171204;60;4;129
3171204;70;1;3006
3171204;70;2;112
3171204;70;3;87
3171204;70;4;24
3172202;10;1;188
3172202;10;2;12
3172202;10;3;0
3172202;10;4;0
3172202;15;1;39
3172202;15;2;50
3172202;15;3;8
3172202;15;4;0
3172202;18;1;23
3172202;18;2;34
3172202;18;3;37
3172202;18;4;10
3172202;20;1;62
3172202;20;2;44
3172202;20;3;70
3172202;20;4;5
3172202;25;1;64
3172202;25;2;37
3172202;25;3;80
3172202;25;4;7
3172202;30;1;68
3172202;30;2;30
3172202;30;3;63
3172202;30;4;15
3172202;35;1;136
3172202;35;2;11
3172202;35;3;39
3172202;35;4;5
3172202;40;1;154
3172202;40;2;15
3172202;40;3;27
3172202;40;4;8
3172202;45;1;123
3172202;45;2;18
3172202;45;3;42
3172202;45;4;8
3172202;50;1;110
3172202;50;2;27
3172202;50;3;11
3172202;50;4;4
3172202;55;1;105
3172202;55;2;16
3172202;55;3;13
3172202;55;4;6
3172202;60;1;169
3172202;60;2;15
3172202;60;3;7
3172202;60;4;0
3172202;70;1;146
3172202;70;2;8
3172202;70;3;3
3172202;70;4;5
3201209;10;1;14856
3201209;10;2;789
3201209;10;3;23
3201209;10;4;0
3201209;15;1;3482
3201209;15;2;5409
3201209;15;3;557
3201209;15;4;0
3201209;18;1;1478
3201209;18;2;1951
3201209;18;3;2828
3201209;18;4;115
3201209;20;1;3831
3201209;20;2;3624
3201209;20;3;8278
3201209;20;4;1165
3201209;25;1;4207
3201209;25;2;3313
3201209;25;3;6905
3201209;25;4;2390
3201209;30;1;5275
3201209;30;2;3187
3201209;30;3;5518
3201209;30;4;1883
3201209;35;1;5704
3201209;35;2;2787
3201209;35;3;3811
3201209;35;4;1400
3201209;40;1;6609
3201209;40;2;2496
3201209;40;3;3473
3201209;40;4;1195
3201209;45;1;6365
3201209;45;2;2528
3201209;45;3;2989
3201209;45;4;1261
3201209;50;1;5828
3201209;50;2;1968
3201209;50;3;2400
3201209;50;4;1105
3201209;55;1;5434
3201209;55;2;1368
3201209;55;3;1438
3201209;55;4;674
3201209;60;1;7753
3201209;60;2;1261
3201209;60;3;1322
3201209;60;4;967
3201209;70;1;8290
3201209;70;2;472
3201209;70;3;611
3201209;70;4;447
3201308;10;1;29437
3201308;10;2;1272
3201308;10;3;10
3201308;10;4;0
3201308;15;1;7640
3201308;15;2;8668
3201308;15;3;950
3201308;15;4;26
3201308;18;1;3482
3201308;18;2;4117
3201308;18;3;4250
3201308;18;4;178
3201308;20;1;7662
3201308;20;2;7757
3201308;20;3;15544
3201308;20;4;1369
3201308;25;1;8973
3201308;25;2;7007
3201308;25;3;13954
3201308;25;4;2823
3201308;30;1;10426
3201308;30;2;5830
3201308;30;3;11252
3201308;30;4;2712
3201308;35;1;10383
3201308;35;2;5230
3201308;35;3;7898
3201308;35;4;2219
3201308;40;1;11657
3201308;40;2;4356
3201308;40;3;6381
3201308;40;4;1593
3201308;45;1;11690
3201308;45;2;4372
3201308;45;3;4571
3201308;45;4;1214
3201308;50;1;11218
3201308;50;2;2945
3201308;50;3;3652
3201308;50;4;749
3201308;55;1;10403
3201308;55;2;1905
3201308;55;3;2215
3201308;55;4;590
3201308;60;1;14419
3201308;60;2;1761
3201308;60;3;1513
3201308;60;4;360
3201308;70;1;11899
3201308;70;2;840
3201308;70;3;643
3201308;70;4;88
3201506;10;1;8448
3201506;10;2;322
3201506;10;3;20
3201506;10;4;0
3201506;15;1;1695
3201506;15;2;3303
3201506;15;3;323
3201506;15;4;0
3201506;18;1;767
3201506;18;2;1391
3201506;18;3;1691
3201506;18;4;8
3201506;20;1;2195
3201506;20;2;2049
3201506;20;3;5083
3201506;20;4;779
3201506;25;1;2653
3201506;25;2;2003
3201506;25;3;3846
3201506;25;4;1292
3201506;30;1;3097
3201506;30;2;1687
3201506;30;3;2951
3201506;30;4;1282
3201506;35;1;3589
3201506;35;2;1579
3201506;35;3;2274
3201506;35;4;1048
3201506;40;1;4206
3201506;40;2;1519
3201506;40;3;1760
3201506;40;4;1025
3201506;45;1;4224
3201506;45;2;1454
3201506;45;3;1632
3201506;45;4;692
3201506;50;1;4098
3201506;50;2;864
3201506;50;3;1089
3201506;50;4;520
3201506;55;1;3703
3201506;55;2;641
3201506;55;3;859
3201506;55;4;459
3201506;60;1;5305
3201506;60;2;365
3201506;60;3;637
3201506;60;4;496
3201506;70;1;5582
3201506;70;2;243
3201506;70;3;293
3201506;70;4;134
3202207;10;1;1486
3202207;10;2;41
3202207;10;3;0
3202207;10;4;0
3202207;15;1;360
3202207;15;2;527
3202207;15;3;18
3202207;15;4;5
3202207;18;1;117
3202207;18;2;155
3202207;18;3;228
3202207;18;4;0
3202207;20;1;359
3202207;20;2;383
3202207;20;3;623
3202207;20;4;31
3202207;25;1;464
3202207;25;2;245
3202207;25;3;537
3202207;25;4;162
3202207;30;1;620
3202207;30;2;240
3202207;30;3;349
3202207;30;4;150
3202207;35;1;665
3202207;35;2;135
3202207;35;3;294
3202207;35;4;119
3202207;40;1;602
3202207;40;2;129
3202207;40;3;291
3202207;40;4;171
3202207;45;1;619
3202207;45;2;139
3202207;45;3;261
3202207;45;4;36
3202207;50;1;623
3202207;50;2;143
3202207;50;3;152
3202207;50;4;65
3202207;55;1;578
3202207;55;2;69
3202207;55;3;152
3202207;55;4;53
3202207;60;1;803
3202207;60;2;77
3202207;60;3;99
3202207;60;4;59
3202207;70;1;944
3202207;70;2;55
3202207;70;3;48
3202207;70;4;6
3202405;10;1;9120
3202405;10;2;224
3202405;10;3;0
3202405;10;4;0
3202405;15;1;2587
3202405;15;2;2327
3202405;15;3;210
3202405;15;4;0
3202405;18;1;976
3202405;18;2;1236
3202405;18;3;1250
3202405;18;4;60
3202405;20;1;2277
3202405;20;2;1951
3202405;20;3;4358
3202405;20;4;370
3202405;25;1;2436
3202405;25;2;1759
3202405;25;3;3904
3202405;25;4;1123
3202405;30;1;3224
3202405;30;2;1319
3202405;30;3;3271
3202405;30;4;1017
3202405;35;1;3518
3202405;35;2;1147
3202405;35;3;2487
3202405;35;4;686
3202405;40;1;3693
3202405;40;2;1172
3202405;40;3;1802
3202405;40;4;807
3202405;45;1;3274
3202405;45;2;878
3202405;45;3;1682
3202405;45;4;850
3202405;50;1;3274
3202405;50;2;927
3202405;50;3;1454
3202405;50;4;617
3202405;55;1;2667
3202405;55;2;747
3202405;55;3;744
3202405;55;4;438
3202405;60;1;4077
3202405;60;2;682
3202405;60;3;997
3202405;60;4;603
3202405;70;1;3353
3202405;70;2;510
3202405;70;3;735
3202405;70;4;445
3203205;10;1;12461
3203205;10;2;327
3203205;10;3;12
3203205;10;4;0
3203205;15;1;3454
3203205;15;2;3453
3203205;15;3;389
3203205;15;4;0
3203205;18;1;1335
3203205;18;2;1760
3203205;18;3;1862
3203205;18;4;0
3203205;20;1;3409
3203205;20;2;3376
3203205;20;3;5991
3203205;20;4;861
3203205;25;1;3992
3203205;25;2;2338
3203205;25;3;5531
3203205;25;4;1632
3203205;30;1;4599
3203205;30;2;2133
3203205;30;3;4313
3203205;30;4;1319
3203205;35;1;4564
3203205;35;2;1864
3203205;35;3;3119
3203205;35;4;961
3203205;40;1;4975
3203205;40;2;1141
3203205;40;3;2297
3203205;40;4;905
3203205;45;1;4588
3203205;45;2;1203
3203205;45;3;1692
3203205;45;4;693
3203205;50;1;4636
3203205;50;2;993
3203205;50;3;1164
3203205;50;4;626
3203205;55;1;3536
3203205;55;2;678
3203205;55;3;671
3203205;55;4;430
3203205;60;1;5398
3203205;60;2;342
3203205;60;3;606
3203205;60;4;388
3203205;70;1;4714
3203205;70;2;272
3203205;70;3;129
3203205;70;4;56
3204906;10;1;10058
3204906;10;2;334
3204906;10;3;10
3204906;10;4;0
3204906;15;1;2785
3204906;15;2;3199
3204906;15;3;375
3204906;15;4;8
3204906;18;1;822
3204906;18;2;1570
3204906;18;3;1545
3204906;18;4;61
3204906;20;1;2053
3204906;20;2;1979
3204906;20;3;5356
3204906;20;4;529
3204906;25;1;2860
3204906;25;2;1527
3204906;25;3;4254
3204906;25;4;1089
3204906;30;1;3345
3204906;30;2;1335
3204906;30;3;3439
3204906;30;4;943
3204906;35;1;3204
3204906;35;2;1463
3204906;35;3;2636
3204906;35;4;698
3204906;40;1;3479
3204906;40;2;1004
3204906;40;3;2190
3204906;40;4;799
3204906;45;1;3396
3204906;45;2;1023
3204906;45;3;1623
3204906;45;4;636
3204906;50;1;3242
3204906;50;2;707
3204906;50;3;1208
3204906;50;4;486
3204906;55;1;3148
3204906;55;2;353
3204906;55;3;554
3204906;55;4;370
3204906;60;1;4117
3204906;60;2;342
3204906;60;3;524
3204906;60;4;213
3204906;70;1;3352
3204906;70;2;259
3204906;70;3;320
3204906;70;4;121
3205002;10;1;35978
3205002;10;2;1293
3205002;10;3;29
3205002;10;4;0
3205002;15;1;9109
3205002;15;2;10270
3205002;15;3;960
3205002;15;4;0
3205002;18;1;3393
3205002;18;2;5275
3205002;18;3;5527
3205002;18;4;154
3205002;20;1;8595
3205002;20;2;9867
3205002;20;3;20534
3205002;20;4;1672
3205002;25;1;9146
3205002;25;2;8334
3205002;25;3;19639
3205002;25;4;3968
3205002;30;1;11121
3205002;30;2;7209
3205002;30;3;15153
3205002;30;4;3734
3205002;35;1;11787
3205002;35;2;5170
3205002;35;3;11193
3205002;35;4;2697
3205002;40;1;11780
3205002;40;2;5353
3205002;40;3;8510
3205002;40;4;2038
3205002;45;1;12030
3205002;45;2;4517
3205002;45;3;6940
3205002;45;4;1582
3205002;50;1;10919
3205002;50;2;3491
3205002;50;3;5597
3205002;50;4;1189
3205002;55;1;9798
3205002;55;2;2563
3205002;55;3;3681
3205002;55;4;892
3205002;60;1;11836
3205002;60;2;2147
3205002;60;3;2551
3205002;60;4;897
3205002;70;1;9465
3205002;70;2;725
3205002;70;3;726
3205002;70;4;254
3205101;10;1;5554
3205101;10;2;135
3205101;10;3;13
3205101;10;4;0
3205101;15;1;1429
3205101;15;2;1710
3205101;15;3;118
3205101;15;4;0
3205101;18;1;528
3205101;18;2;857
3205101;18;3;599
3205101;18;4;21
3205101;20;1;2056
3205101;20;2;1947
3205101;20;3;2582
3205101;20;4;156
3205101;25;1;2278
3205101;25;2;1749
3205101;25;3;2346
3205101;25;4;304
3205101;30;1;2852
3205101;30;2;1354
3205101;30;3;1423
3205101;30;4;302
3205101;35;1;2701
3205101;35;2;1033
3205101;35;3;1075
3205101;35;4;113
3205101;40;1;2440
3205101;40;2;715
3205101;40;3;988
3205101;40;4;209
3205101;45;1;2605
3205101;45;2;581
3205101;45;3;578
3205101;45;4;160
3205101;50;1;2246
3205101;50;2;487
3205101;50;3;572
3205101;50;4;73
3205101;55;1;2213
3205101;55;2;247
3205101;55;3;189
3205101;55;4;87
3205101;60;1;2560
3205101;60;2;228
3205101;60;3;145
3205101;60;4;30
3205101;70;1;2065
3205101;70;2;108
3205101;70;3;29
3205101;70;4;0
3205200;10;1;30528
3205200;10;2;1289
3205200;10;3;39
3205200;10;4;0
3205200;15;1;6438
3205200;15;2;11197
3205200;15;3;964
3205200;15;4;12
3205200;18;1;2341
3205200;18;2;4217
3205200;18;3;6835
3205200;18;4;103
3205200;20;1;5441
3205200;20;2;7220
3205200;20;3;22141
3205200;20;4;3163
3205200;25;1;6420
3205200;25;2;6099
3205200;25;3;17979
3205200;25;4;8535
3205200;30;1;7583
3205200;30;2;5567
3205200;30;3;14652
3205200;30;4;8415
3205200;35;1;7091
3205200;35;2;5410
3205200;35;3;11663
3205200;35;4;6664
3205200;40;1;8316
3205200;40;2;5387
3205200;40;3;11168
3205200;40;4;5293
3205200;45;1;8281
3205200;45;2;4875
3205200;45;3;10821
3205200;45;4;5108
3205200;50;1;8211
3205200;50;2;4145
3205200;50;3;8906
3205200;50;4;4551
3205200;55;1;7741
3205200;55;2;2803
3205200;55;3;5887
3205200;55;4;3782
3205200;60;1;12393
3205200;60;2;3199
3205200;60;3;5764
3205200;60;4;3517
3205200;70;1;13620
3205200;70;2;1976
3205200;70;3;2664
3205200;70;4;1594
3205309;10;1;22356
3205309;10;2;1132
3205309;10;3;56
3205309;10;4;0
3205309;15;1;3723
3205309;15;2;9335
3205309;15;3;1137
3205309;15;4;14
3205309;18;1;1406
3205309;18;2;2805
3205309;18;3;6204
3205309;18;4;87
3205309;20;1;3060
3205309;20;2;4482
3205309;20;3;19720
3205309;20;4;3766
3205309;25;1;3373
3205309;25;2;4051
3205309;25;3;13318
3205309;25;4;11303
3205309;30;1;3869
3205309;30;2;3291
3205309;30;3;10240
3205309;30;4;11334
3205309;35;1;4524
3205309;35;2;2924
3205309;35;3;7727
3205309;35;4;7912
3205309;40;1;4842
3205309;40;2;3127
3205309;40;3;7632
3205309;40;4;6924
3205309;45;1;5032
3205309;45;2;3048
3205309;45;3;7121
3205309;45;4;7781
3205309;50;1;5595
3205309;50;2;2751
3205309;50;3;6542
3205309;50;4;6715
3205309;55;1;4430
3205309;55;2;2003
3205309;55;3;4855
3205309;55;4;6006
3205309;60;1;7427
3205309;60;2;2449
3205309;60;3;5685
3205309;60;4;5779
3205309;70;1;9120
3205309;70;2;2579
3205309;70;3;3922
3205309;70;4;2531
3300100;10;1;15230
3300100;10;2;736
3300100;10;3;47
3300100;10;4;0
3300100;15;1;4307
3300100;15;2;4154
3300100;15;3;273
3300100;15;4;20
3300100;18;1;1859
3300100;18;2;2140
3300100;18;3;1315
3300100;18;4;62
3300100;20;1;4301
3300100;20;2;3949
3300100;20;3;5635
3300100;20;4;329
3300100;25;1;4797
3300100;25;2;3568
3300100;25;3;5959
3300100;25;4;1193
3300100;30;1;6413
3300100;30;2;3236
3300100;30;3;4591
3300100;30;4;1285
3300100;35;1;5369
3300100;35;2;2795
3300100;35;3;4037
3300100;35;4;1218
3300100;40;1;5680
3300100;40;2;2900
3300100;40;3;3245
3300100;40;4;862
3300100;45;1;5366
3300100;45;2;2213
3300100;45;3;2545
3300100;45;4;710
3300100;50;1;4805
3300100;50;2;1591
3300100;50;3;1982
3300100;50;4;765
3300100;55;1;4452
3300100;55;2;1231
3300100;55;3;1392
3300100;55;4;552
3300100;60;1;5646
3300100;60;2;1210
3300100;60;3;1230
3300100;60;4;599
3300100;70;1;4590
3300100;70;2;423
3300100;70;3;428
3300100;70;4;195
3300209;10;1;9604
3300209;10;2;277
3300209;10;3;15
3300209;10;4;0
3300209;15;1;2928
3300209;15;2;2728
3300209;15;3;246
3300209;15;4;0
3300209;18;1;918
3300209;18;2;1407
3300209;18;3;1037
3300209;18;4;30
3300209;20;1;2389
3300209;20;2;2185
3300209;20;3;3684
3300209;20;4;446
3300209;25;1;2713
3300209;25;2;1680
3300209;25;3;3411
3300209;25;4;815
3300209;30;1;3231
3300209;30;2;1615
3300209;30;3;2958
3300209;30;4;792
3300209;35;1;3439
3300209;35;2;1534
3300209;35;3;2238
3300209;35;4;709
3300209;40;1;3703
3300209;40;2;1274
3300209;40;3;2060
3300209;40;4;798
3300209;45;1;3778
3300209;45;2;1216
3300209;45;3;1699
3300209;45;4;705
3300209;50;1;3297
3300209;50;2;1134
3300209;50;3;1562
3300209;50;4;723
3300209;55;1;2984
3300209;55;2;750
3300209;55;3;1243
3300209;55;4;821
3300209;60;1;4621
3300209;60;2;1047
3300209;60;3;1713
3300209;60;4;1097
3300209;70;1;4607
3300209;70;2;740
3300209;70;3;841
3300209;70;4;540
3300225;10;1;947
3300225;10;2;19
3300225;10;3;0
3300225;10;4;0
3300225;15;1;350
3300225;15;2;204
3300225;15;3;6
3300225;15;4;0
3300225;18;1;138
3300225;18;2;139
3300225;18;3;151
3300225;18;4;0
3300225;20;1;289
3300225;20;2;236
3300225;20;3;401
3300225;20;4;52
3300225;25;1;286
3300225;25;2;168
3300225;25;3;366
3300225;25;4;60
3300225;30;1;457
3300225;30;2;114
3300225;30;3;281
3300225;30;4;55
3300225;35;1;401
3300225;35;2;99
3300225;35;3;259
3300225;35;4;72
3300225;40;1;467
3300225;40;2;155
3300225;40;3;173
3300225;40;4;30
3300225;45;1;404
3300225;45;2;85
3300225;45;3;167
3300225;45;4;86
3300225;50;1;392
3300225;50;2;108
3300225;50;3;145
3300225;50;4;18
3300225;55;1;415
3300225;55;2;114
3300225;55;3;70
3300225;55;4;48
3300225;60;1;624
3300225;60;2;49
3300225;60;3;62
3300225;60;4;51
3300225;70;1;543
3300225;70;2;44
3300225;70;3;11
3300225;70;4;10
3300233;10;1;2390
3300233;10;2;88
3300233;10;3;0
3300233;10;4;0
3300233;15;1;719
3300233;15;2;509
3300233;15;3;53
3300233;15;4;0
3300233;18;1;281
3300233;18;2;337
3300233;18;3;245
3300233;18;4;16
3300233;20;1;496
3300233;20;2;524
3300233;20;3;1157
3300233;20;4;58
3300233;25;1;621
3300233;25;2;532
3300233;25;3;993
3300233;25;4;295
3300233;30;1;1030
3300233;30;2;569
3300233;30;3;722
3300233;30;4;195
3300233;35;1;981
3300233;35;2;559
3300233;35;3;613
3300233;35;4;212
3300233;40;1;1059
3300233;40;2;397
3300233;40;3;488
3300233;40;4;177
3300233;45;1;903
3300233;45;2;358
3300233;45;3;463
3300233;45;4;272
3300233;50;1;756
3300233;50;2;211
3300233;50;3;446
3300233;50;4;175
3300233;55;1;632
3300233;55;2;119
3300233;55;3;202
3300233;55;4;255
3300233;60;1;852
3300233;60;2;116
3300233;60;3;240
3300233;60;4;253
3300233;70;1;667
3300233;70;2;97
3300233;70;3;59
3300233;70;4;31
3300258;10;1;2288
3300258;10;2;95
3300258;10;3;9
3300258;10;4;0
3300258;15;1;599
3300258;15;2;737
3300258;15;3;37
3300258;15;4;0
3300258;18;1;225
3300258;18;2;245
3300258;18;3;330
3300258;18;4;0
3300258;20;1;390
3300258;20;2;499
3300258;20;3;1093
3300258;20;4;114
3300258;25;1;366
3300258;25;2;405
3300258;25;3;959
3300258;25;4;311
3300258;30;1;586
3300258;30;2;390
3300258;30;3;938
3300258;30;4;256
3300258;35;1;703
3300258;35;2;341
3300258;35;3;765
3300258;35;4;202
3300258;40;1;798
3300258;40;2;455
3300258;40;3;647
3300258;40;4;138
3300258;45;1;770
3300258;45;2;412
3300258;45;3;729
3300258;45;4;228
3300258;50;1;740
3300258;50;2;386
3300258;50;3;462
3300258;50;4;243
3300258;55;1;763
3300258;55;2;251
3300258;55;3;291
3300258;55;4;129
3300258;60;1;1073
3300258;60;2;324
3300258;60;3;436
3300258;60;4;227
3300258;70;1;1099
3300258;70;2;179
3300258;70;3;141
3300258;70;4;85
3300407;10;1;14237
3300407;10;2;328
3300407;10;3;30
3300407;10;4;0
3300407;15;1;3764
3300407;15;2;4208
3300407;15;3;303
3300407;15;4;0
3300407;18;1;1114
3300407;18;2;2368
3300407;18;3;2068
3300407;18;4;37
3300407;20;1;2747
3300407;20;2;3641
3300407;20;3;7373
3300407;20;4;1039
3300407;25;1;3201
3300407;25;2;3202
3300407;25;3;6281
3300407;25;4;2083
3300407;30;1;4125
3300407;30;2;2922
3300407;30;3;5375
3300407;30;4;1877
3300407;35;1;4428
3300407;35;2;2698
3300407;35;3;4444
3300407;35;4;1175
3300407;40;1;5372
3300407;40;2;2711
3300407;40;3;3972
3300407;40;4;1018
3300407;45;1;5895
3300407;45;2;2665
3300407;45;3;3762
3300407;45;4;1045
3300407;50;1;6362
3300407;50;2;2089
3300407;50;3;2480
3300407;50;4;814
3300407;55;1;5899
3300407;55;2;1451
3300407;55;3;1442
3300407;55;4;705
3300407;60;1;8557
3300407;60;2;1311
3300407;60;3;1581
3300407;60;4;875
3300407;70;1;7467
3300407;70;2;786
3300407;70;3;755
3300407;70;4;320
3300456;10;1;44390
3300456;10;2;1482
3300456;10;3;23
3300456;10;4;0
3300456;15;1;13645
3300456;15;2;10508
3300456;15;3;1288
3300456;15;4;22
3300456;18;1;5056
3300456;18;2;6841
3300456;18;3;4472
3300456;18;4;101
3300456;20;1;10311
3300456;20;2;10791
3300456;20;3;16471
3300456;20;4;966
3300456;25;1;10417
3300456;25;2;9229
3300456;25;3;17179
3300456;25;4;2080
3300456;30;1;12947
3300456;30;2;9379
3300456;30;3;14587
3300456;30;4;1794
3300456;35;1;14471
3300456;35;2;8869
3300456;35;3;10664
3300456;35;4;1614
3300456;40;1;15807
3300456;40;2;8458
3300456;40;3;8555
3300456;40;4;1231
3300456;45;1;14858
3300456;45;2;6707
3300456;45;3;7929
3300456;45;4;919
3300456;50;1;15496
3300456;50;2;5512
3300456;50;3;5602
3300456;50;4;800
3300456;55;1;12706
3300456;55;2;3697
3300456;55;3;2763
3300456;55;4;337
3300456;60;1;19852
3300456;60;2;3824
3300456;60;3;2692
3300456;60;4;333
3300456;70;1;15145
3300456;70;2;1548
3300456;70;3;911
3300456;70;4;147
3300704;10;1;16450
3300704;10;2;542
3300704;10;3;21
3300704;10;4;0
3300704;15;1;5136
3300704;15;2;4775
3300704;15;3;488
3300704;15;4;0
3300704;18;1;1650
3300704;18;2;2203
3300704;18;3;1882
3300704;18;4;18
3300704;20;1;3525
3300704;20;2;4024
3300704;20;3;6472
3300704;20;4;933
3300704;25;1;4465
3300704;25;2;2975
3300704;25;3;5976
3300704;25;4;1970
3300704;30;1;5163
3300704;30;2;2928
3300704;30;3;5068
3300704;30;4;1860
3300704;35;1;5504
3300704;35;2;2781
3300704;35;3;4068
3300704;35;4;1354
3300704;40;1;5327
3300704;40;2;2457
3300704;40;3;3580
3300704;40;4;1730
3300704;45;1;5677
3300704;45;2;2331
3300704;45;3;3492
3300704;45;4;1483
3300704;50;1;5086
3300704;50;2;1935
3300704;50;3;2633
3300704;50;4;1362
3300704;55;1;4090
3300704;55;2;1613
3300704;55;3;2268
3300704;55;4;1132
3300704;60;1;6109
3300704;60;2;1714
3300704;60;3;2383
3300704;60;4;1704
3300704;70;1;5222
3300704;70;2;1234
3300704;70;3;1222
3300704;70;4;789
3300936;10;1;1119
3300936;10;2;24
3300936;10;3;0
3300936;10;4;0
3300936;15;1;293
3300936;15;2;360
3300936;15;3;45
3300936;15;4;0
3300936;18;1;146
3300936;18;2;128
3300936;18;3;148
3300936;18;4;0
3300936;20;1;171
3300936;20;2;307
3300936;20;3;581
3300936;20;4;49
3300936;25;1;198
3300936;25;2;246
3300936;25;3;610
3300936;25;4;105
3300936;30;1;339
3300936;30;2;280
3300936;30;3;425
3300936;30;4;62
3300936;35;1;431
3300936;35;2;208
3300936;35;3;345
3300936;35;4;52
3300936;40;1;459
3300936;40;2;279
3300936;40;3;218
3300936;40;4;42
3300936;45;1;494
3300936;45;2;184
3300936;45;3;190
3300936;45;4;31
3300936;50;1;455
3300936;50;2;135
3300936;50;3;144
3300936;50;4;5
3300936;55;1;419
3300936;55;2;91
3300936;55;3;108
3300936;55;4;25
3300936;60;1;699
3300936;60;2;69
3300936;60;3;81
3300936;60;4;19
3300936;70;1;547
3300936;70;2;29
3300936;70;3;24
3300936;70;4;0
3300951;10;1;687
3300951;10;2;5
3300951;10;3;0
3300951;10;4;0
3300951;15;1;166
3300951;15;2;199
3300951;15;3;5
3300951;15;4;0
3300951;18;1;60
3300951;18;2;137
3300951;18;3;46
3300951;18;4;19
3300951;20;1;218
3300951;20;2;152
3300951;20;3;277
3300951;20;4;13
3300951;25;1;172
3300951;25;2;121
3300951;25;3;274
3300951;25;4;51
3300951;30;1;253
3300951;30;2;145
3300951;30;3;229
3300951;30;4;51
3300951;35;1;282
3300951;35;2;113
3300951;35;3;144
3300951;35;4;13
3300951;40;1;345
3300951;40;2;131
3300951;40;3;129
3300951;40;4;22
3300951;45;1;255
3300951;45;2;135
3300951;45;3;131
3300951;45;4;28
3300951;50;1;265
3300951;50;2;74
3300951;50;3;120
3300951;50;4;32
3300951;55;1;282
3300951;55;2;60
3300951;55;3;74
3300951;55;4;16
3300951;60;1;490
3300951;60;2;73
3300951;60;3;49
3300951;60;4;22
3300951;70;1;456
3300951;70;2;29
3300951;70;3;0
3300951;70;4;0
3301009;10;1;39073
3301009;10;2;1020
3301009;10;3;84
3301009;10;4;0
3301009;15;1;12257
3301009;15;2;10386
3301009;15;3;1025
3301009;15;4;13
3301009;18;1;4358
3301009;18;2;5631
3301009;18;3;5439
3301009;18;4;125
3301009;20;1;10659
3301009;20;2;8001
3301009;20;3;17510
3301009;20;4;2737
3301009;25;1;11605
3301009;25;2;6943
3301009;25;3;15342
3301009;25;4;5516
3301009;30;1;13382
3301009;30;2;6359
3301009;30;3;12645
3301009;30;4;4724
3301009;35;1;13272
3301009;35;2;5557
3301009;35;3;9699
3301009;35;4;3640
3301009;40;1;14662
3301009;40;2;5683
3301009;40;3;8590
3301009;40;4;3325
3301009;45;1;15257
3301009;45;2;4541
3301009;45;3;8016
3301009;45;4;3469
3301009;50;1;14189
3301009;50;2;4264
3301009;50;3;6575
3301009;50;4;2676
3301009;55;1;11800
3301009;55;2;2832
3301009;55;3;4407
3301009;55;4;2380
3301009;60;1;20024
3301009;60;2;3380
3301009;60;3;4727
3301009;60;4;2080
3301009;70;1;18768
3301009;70;2;2520
3301009;70;3;2722
3301009;70;4;974
3301306;10;1;2974
3301306;10;2;43
3301306;10;3;0
3301306;10;4;0
3301306;15;1;855
3301306;15;2;1022
3301306;15;3;50
3301306;15;4;0
3301306;18;1;227
3301306;18;2;541
3301306;18;3;210
3301306;18;4;0
3301306;20;1;722
3301306;20;2;794
3301306;20;3;1317
3301306;20;4;166
3301306;25;1;739
3301306;25;2;801
3301306;25;3;1226
3301306;25;4;291
3301306;30;1;1039
3301306;30;2;474
3301306;30;3;1003
3301306;30;4;435
3301306;35;1;1037
3301306;35;2;424
3301306;35;3;963
3301306;35;4;246
3301306;40;1;1275
3301306;40;2;496
3301306;40;3;625
3301306;40;4;168
3301306;45;1;1142
3301306;45;2;355
3301306;45;3;673
3301306;45;4;118
3301306;50;1;1109
3301306;50;2;303
3301306;50;3;429
3301306;50;4;133
3301306;55;1;908
3301306;55;2;230
3301306;55;3;376
3301306;55;4;255
3301306;60;1;1369
3301306;60;2;242
3301306;60;3;254
3301306;60;4;227
3301306;70;1;1247
3301306;70;2;138
3301306;70;3;153
3301306;70;4;88
3301405;10;1;1931
3301405;10;2;0
3301405;10;3;0
3301405;10;4;0
3301405;15;1;566
3301405;15;2;540
3301405;15;3;19
3301405;15;4;0
3301405;18;1;140
3301405;18;2;347
3301405;18;3;309
3301405;18;4;0
3301405;20;1;353
3301405;20;2;320
3301405;20;3;939
3301405;20;4;78
3301405;25;1;416
3301405;25;2;211
3301405;25;3;881
3301405;25;4;167
3301405;30;1;731
3301405;30;2;177
3301405;30;3;650
3301405;30;4;119
3301405;35;1;622
3301405;35;2;213
3301405;35;3;560
3301405;35;4;108
3301405;40;1;762
3301405;40;2;228
3301405;40;3;494
3301405;40;4;104
3301405;45;1;728
3301405;45;2;245
3301405;45;3;329
3301405;45;4;199
3301405;50;1;673
3301405;50;2;114
3301405;50;3;304
3301405;50;4;78
3301405;55;1;686
3301405;55;2;98
3301405;55;3;192
3301405;55;4;46
3301405;60;1;977
3301405;60;2;129
3301405;60;3;204
3301405;60;4;56
3301405;70;1;861
3301405;70;2;54
3301405;70;3;114
3301405;70;4;10
3301702;10;1;76681
3301702;10;2;3154
3301702;10;3;84
3301702;10;4;0
3301702;15;1;22528
3301702;15;2;20498
3301702;15;3;2113
3301702;15;4;59
3301702;18;1;7537
3301702;18;2;10629
3301702;18;3;10056
3301702;18;4;128
3301702;20;1;17083
3301702;20;2;18385
3301702;20;3;33590
3301702;20;4;2977
3301702;25;1;18168
3301702;25;2;16707
3301702;25;3;31019
3301702;25;4;5903
3301702;30;1;23046
3301702;30;2;15844
3301702;30;3;27525
3301702;30;4;4932
3301702;35;1;24456
3301702;35;2;15761
3301702;35;3;20227
3301702;35;4;3679
3301702;40;1;25271
3301702;40;2;15256
3301702;40;3;17772
3301702;40;4;3437
3301702;45;1;24775
3301702;45;2;13521
3301702;45;3;14598
3301702;45;4;2976
3301702;50;1;25097
3301702;50;2;11144
3301702;50;3;11244
3301702;50;4;2511
3301702;55;1;22055
3301702;55;2;7639
3301702;55;3;7376
3301702;55;4;1772
3301702;60;1;34600
3301702;60;2;7869
3301702;60;3;6216
3301702;60;4;1828
3301702;70;1;28740
3301702;70;2;3681
3301702;70;3;2423
3301702;70;4;581
3301850;10;1;4545
3301850;10;2;198
3301850;10;3;0
3301850;10;4;0
3301850;15;1;1542
3301850;15;2;1287
3301850;15;3;120
3301850;15;4;0
3301850;18;1;508
3301850;18;2;663
3301850;18;3;545
3301850;18;4;0
3301850;20;1;1205
3301850;20;2;1163
3301850;20;3;2007
3301850;20;4;82
3301850;25;1;1175
3301850;25;2;1083
3301850;25;3;1980
3301850;25;4;276
3301850;30;1;1748
3301850;30;2;867
3301850;30;3;1372
3301850;30;4;190
3301850;35;1;1729
3301850;35;2;856
3301850;35;3;1152
3301850;35;4;134
3301850;40;1;2072
3301850;40;2;790
3301850;40;3;776
3301850;40;4;202
3301850;45;1;1864
3301850;45;2;561
3301850;45;3;723
3301850;45;4;170
3301850;50;1;1618
3301850;50;2;438
3301850;50;3;464
3301850;50;4;217
3301850;55;1;1546
3301850;55;2;255
3301850;55;3;327
3301850;55;4;131
3301850;60;1;2103
3301850;60;2;251
3301850;60;3;323
3301850;60;4;173
3301850;70;1;1604
3301850;70;2;169
3301850;70;3;146
3301850;70;4;108
3301876;10;1;1829
3301876;10;2;139
3301876;10;3;0
3301876;10;4;0
3301876;15;1;408
3301876;15;2;662
3301876;15;3;27
3301876;15;4;0
3301876;18;1;119
3301876;18;2;319
3301876;18;3;342
3301876;18;4;0
3301876;20;1;237
3301876;20;2;392
3301876;20;3;794
3301876;20;4;89
3301876;25;1;299
3301876;25;2;338
3301876;25;3;813
3301876;25;4;229
3301876;30;1;387
3301876;30;2;476
3301876;30;3;652
3301876;30;4;115
3301876;35;1;651
3301876;35;2;315
3301876;35;3;594
3301876;35;4;87
3301876;40;1;608
3301876;40;2;307
3301876;40;3;501
3301876;40;4;169
3301876;45;1;505
3301876;45;2;494
3301876;45;3;547
3301876;45;4;119
3301876;50;1;600
3301876;50;2;310
3301876;50;3;437
3301876;50;4;146
3301876;55;1;511
3301876;55;2;211
3301876;55;3;374
3301876;55;4;114
3301876;60;1;933
3301876;60;2;416
3301876;60;3;489
3301876;60;4;299
3301876;70;1;872
3301876;70;2;222
3301876;70;3;150
3301876;70;4;239
3301900;10;1;19471
3301900;10;2;416
3301900;10;3;81
3301900;10;4;0
3301900;15;1;6033
3301900;15;2;4869
3301900;15;3;233
3301900;15;4;0
3301900;18;1;1988
3301900;18;2;3305
3301900;18;3;2059
3301900;18;4;47
3301900;20;1;4479
3301900;20;2;4496
3301900;20;3;8003
3301900;20;4;454
3301900;25;1;4870
3301900;25;2;3636
3301900;25;3;8031
3301900;25;4;1169
3301900;30;1;7046
3301900;30;2;3817
3301900;30;3;7020
3301900;30;4;1058
3301900;35;1;8306
3301900;35;2;3569
3301900;35;3;4885
3301900;35;4;994
3301900;40;1;7949
3301900;40;2;3370
3301900;40;3;4185
3301900;40;4;781
3301900;45;1;7534
3301900;45;2;3233
3301900;45;3;3332
3301900;45;4;721
3301900;50;1;7740
3301900;50;2;2075
3301900;50;3;2419
3301900;50;4;683
3301900;55;1;6410
3301900;55;2;1700
3301900;55;3;1402
3301900;55;4;292
3301900;60;1;9733
3301900;60;2;1816
3301900;60;3;1434
3301900;60;4;409
3301900;70;1;7485
3301900;70;2;711
3301900;70;3;756
3301900;70;4;134
3302007;10;1;9792
3302007;10;2;342
3302007;10;3;24
3302007;10;4;0
3302007;15;1;2820
3302007;15;2;2344
3302007;15;3;414
3302007;15;4;9
3302007;18;1;937
3302007;18;2;1249
3302007;18;3;1224
3302007;18;4;11
3302007;20;1;2453
3302007;20;2;2098
3302007;20;3;4465
3302007;20;4;240
3302007;25;1;2282
3302007;25;2;2051
3302007;25;3;4662
3302007;25;4;697
3302007;30;1;3307
3302007;30;2;2050
3302007;30;3;3606
3302007;30;4;637
3302007;35;1;3204
3302007;35;2;1700
3302007;35;3;3081
3302007;35;4;434
3302007;40;1;3485
3302007;40;2;1697
3302007;40;3;2017
3302007;40;4;534
3302007;45;1;3193
3302007;45;2;1228
3302007;45;3;1868
3302007;45;4;472
3302007;50;1;3464
3302007;50;2;1234
3302007;50;3;1605
3302007;50;4;284
3302007;55;1;2720
3302007;55;2;775
3302007;55;3;941
3302007;55;4;170
3302007;60;1;4141
3302007;60;2;965
3302007;60;3;874
3302007;60;4;235
3302007;70;1;3320
3302007;70;2;341
3302007;70;3;266
3302007;70;4;70
3302254;10;1;2397
3302254;10;2;79
3302254;10;3;0
3302254;10;4;0
3302254;15;1;735
3302254;15;2;750
3302254;15;3;11
3302254;15;4;0
3302254;18;1;237
3302254;18;2;266
3302254;18;3;351
3302254;18;4;12
3302254;20;1;549
3302254;20;2;561
3302254;20;3;1148
3302254;20;4;93
3302254;25;1;509
3302254;25;2;487
3302254;25;3;1206
3302254;25;4;305
3302254;30;1;689
3302254;30;2;332
3302254;30;3;1086
3302254;30;4;225
3302254;35;1;846
3302254;35;2;434
3302254;35;3;846
3302254;35;4;245
3302254;40;1;984
3302254;40;2;286
3302254;40;3;629
3302254;40;4;206
3302254;45;1;887
3302254;45;2;397
3302254;45;3;578
3302254;45;4;153
3302254;50;1;790
3302254;50;2;270
3302254;50;3;466
3302254;50;4;227
3302254;55;1;834
3302254;55;2;129
3302254;55;3;198
3302254;55;4;116
3302254;60;1;1126
3302254;60;2;247
3302254;60;3;277
3302254;60;4;187
3302254;70;1;968
3302254;70;2;93
3302254;70;3;102
3302254;70;4;77
3302270;10;1;9186
3302270;10;2;302
3302270;10;3;24
3302270;10;4;0
3302270;15;1;3372
3302270;15;2;2143
3302270;15;3;263
3302270;15;4;0
3302270;18;1;1092
3302270;18;2;1363
3302270;18;3;939
3302270;18;4;11
3302270;20;1;3021
3302270;20;2;2500
3302270;20;3;3186
3302270;20;4;189
3302270;25;1;3192
3302270;25;2;1650
3302270;25;3;3432
3302270;25;4;326
3302270;30;1;3613
3302270;30;2;1800
3302270;30;3;2602
3302270;30;4;128
3302270;35;1;3461
3302270;35;2;1604
3302270;35;3;1852
3302270;35;4;303
3302270;40;1;3751
3302270;40;2;1175
3302270;40;3;1441
3302270;40;4;143
3302270;45;1;3150
3302270;45;2;1086
3302270;45;3;1076
3302270;45;4;104
3302270;50;1;3059
3302270;50;2;717
3302270;50;3;672
3302270;50;4;88
3302270;55;1;2693
3302270;55;2;524
3302270;55;3;330
3302270;55;4;47
3302270;60;1;4075
3302270;60;2;396
3302270;60;3;281
3302270;60;4;95
3302270;70;1;3138
3302270;70;2;119
3302270;70;3;60
3302270;70;4;40
3302403;10;1;16253
3302403;10;2;544
3302403;10;3;0
3302403;10;4;0
3302403;15;1;4729
3302403;15;2;4239
3302403;15;3;335
3302403;15;4;0
3302403;18;1;1406
3302403;18;2;2734
3302403;18;3;2743
3302403;18;4;68
3302403;20;1;3679
3302403;20;2;4302
3302403;20;3;10960
3302403;20;4;835
3302403;25;1;4346
3302403;25;2;3743
3302403;25;3;10914
3302403;25;4;3276
3302403;30;1;5274
3302403;30;2;3429
3302403;30;3;8470
3302403;30;4;2889
3302403;35;1;4748
3302403;35;2;2907
3302403;35;3;6184
3302403;35;4;2078
3302403;40;1;5162
3302403;40;2;2486
3302403;40;3;4999
3302403;40;4;1820
3302403;45;1;5152
3302403;45;2;2252
3302403;45;3;4437
3302403;45;4;1830
3302403;50;1;4753
3302403;50;2;1980
3302403;50;3;3276
3302403;50;4;1617
3302403;55;1;3556
3302403;55;2;1268
3302403;55;3;1992
3302403;55;4;980
3302403;60;1;5449
3302403;60;2;1283
3302403;60;3;1919
3302403;60;4;767
3302403;70;1;4500
3302403;70;2;588
3302403;70;3;1063
3302403;70;4;293
3302502;10;1;21144
3302502;10;2;523
3302502;10;3;17
3302502;10;4;0
3302502;15;1;5715
3302502;15;2;5792
3302502;15;3;476
3302502;15;4;18
3302502;18;1;2173
3302502;18;2;3061
3302502;18;3;2875
3302502;18;4;69
3302502;20;1;4843
3302502;20;2;4832
3302502;20;3;8619
3302502;20;4;554
3302502;25;1;5384
3302502;25;2;3681
3302502;25;3;8190
3302502;25;4;1050
3302502;30;1;6291
3302502;30;2;3661
3302502;30;3;7023
3302502;30;4;918
3302502;35;1;6752
3302502;35;2;3721
3302502;35;3;5282
3302502;35;4;947
3302502;40;1;7180
3302502;40;2;3216
3302502;40;3;4921
3302502;40;4;769
3302502;45;1;7026
3302502;45;2;2994
3302502;45;3;3575
3302502;45;4;782
3302502;50;1;6955
3302502;50;2;2378
3302502;50;3;2453
3302502;50;4;675
3302502;55;1;6749
3302502;55;2;1569
3302502;55;3;1883
3302502;55;4;473
3302502;60;1;10455
3302502;60;2;1917
3302502;60;3;1487
3302502;60;4;493
3302502;70;1;8286
3302502;70;2;728
3302502;70;3;741
3302502;70;4;313
3302601;10;1;3038
3302601;10;2;153
3302601;10;3;10
3302601;10;4;0
3302601;15;1;708
3302601;15;2;1014
3302601;15;3;110
3302601;15;4;0
3302601;18;1;353
3302601;18;2;398
3302601;18;3;416
3302601;18;4;8
3302601;20;1;730
3302601;20;2;533
3302601;20;3;1578
3302601;20;4;57
3302601;25;1;789
3302601;25;2;559
3302601;25;3;1280
3302601;25;4;266
3302601;30;1;870
3302601;30;2;660
3302601;30;3;1082
3302601;30;4;349
3302601;35;1;831
3302601;35;2;656
3302601;35;3;1081
3302601;35;4;210
3302601;40;1;1045
3302601;40;2;576
3302601;40;3;839
3302601;40;4;228
3302601;45;1;1124
3302601;45;2;430
3302601;45;3;684
3302601;45;4;272
3302601;50;1;894
3302601;50;2;482
3302601;50;3;748
3302601;50;4;221
3302601;55;1;790
3302601;55;2;264
3302601;55;3;503
3302601;55;4;205
3302601;60;1;1325
3302601;60;2;459
3302601;60;3;615
3302601;60;4;296
3302601;70;1;1073
3302601;70;2;262
3302601;70;3;226
3302601;70;4;217
3302700;10;1;9677
3302700;10;2;489
3302700;10;3;11
3302700;10;4;0
3302700;15;1;2373
3302700;15;2;3147
3302700;15;3;278
3302700;15;4;10
3302700;18;1;727
3302700;18;2;1427
3302700;18;3;1466
3302700;18;4;58
3302700;20;1;1868
3302700;20;2;1596
3302700;20;3;5288
3302700;20;4;466
3302700;25;1;2328
3302700;25;2;1931
3302700;25;3;4707
3302700;25;4;1202
3302700;30;1;2838
3302700;30;2;1778
3302700;30;3;4214
3302700;30;4;1396
3302700;35;1;3346
3302700;35;2;1867
3302700;35;3;3438
3302700;35;4;1559
3302700;40;1;2980
3302700;40;2;1586
3302700;40;3;3535
3302700;40;4;1220
3302700;45;1;3374
3302700;45;2;1508
3302700;45;3;2929
3302700;45;4;1331
3302700;50;1;3212
3302700;50;2;1394
3302700;50;3;2534
3302700;50;4;1442
3302700;55;1;3116
3302700;55;2;1118
3302700;55;3;2133
3302700;55;4;1029
3302700;60;1;4980
3302700;60;2;1361
3302700;60;3;2679
3302700;60;4;1170
3302700;70;1;4055
3302700;70;2;974
3302700;70;3;1206
3302700;70;4;558
3302858;10;1;14256
3302858;10;2;489
3302858;10;3;14
3302858;10;4;0
3302858;15;1;4048
3302858;15;2;4040
3302858;15;3;337
3302858;15;4;0
3302858;18;1;1296
3302858;18;2;2131
3302858;18;3;2045
3302858;18;4;25
3302858;20;1;2504
3302858;20;2;3159
3302858;20;3;7054
3302858;20;4;678
3302858;25;1;2393
3302858;25;2;2593
3302858;25;3;7526
3302858;25;4;1365
3302858;30;1;3212
3302858;30;2;2937
3302858;30;3;6286
3302858;30;4;1314
3302858;35;1;3398
3302858;35;2;2761
3302858;35;3;5060
3302858;35;4;1206
3302858;40;1;3489
3302858;40;2;3030
3302858;40;3;4816
3302858;40;4;950
3302858;45;1;3898
3302858;45;2;2713
3302858;45;3;4186
3302858;45;4;895
3302858;50;1;4210
3302858;50;2;2105
3302858;50;3;3305
3302858;50;4;722
3302858;55;1;3842
3302858;55;2;1714
3302858;55;3;2451
3302858;55;4;565
3302858;60;1;6615
3302858;60;2;2168
3302858;60;3;1870
3302858;60;4;632
3302858;70;1;6148
3302858;70;2;1119
3302858;70;3;744
3302858;70;4;93
3303203;10;1;11719
3303203;10;2;676
3303203;10;3;41
3303203;10;4;0
3303203;15;1;3118
3303203;15;2;3863
3303203;15;3;417
3303203;15;4;0
3303203;18;1;877
3303203;18;2;1624
3303203;18;3;2128
3303203;18;4;17
3303203;20;1;1816
3303203;20;2;2817
3303203;20;3;7294
3303203;20;4;590
3303203;25;1;1699
3303203;25;2;2328
3303203;25;3;7418
3303203;25;4;1583
3303203;30;1;2240
3303203;30;2;2096
3303203;30;3;6852
3303203;30;4;1598
3303203;35;1;2457
3303203;35;2;2076
3303203;35;3;5740
3303203;35;4;1372
3303203;40;1;2574
3303203;40;2;2424
3303203;40;3;5309
3303203;40;4;1088
3303203;45;1;2956
3303203;45;2;2584
3303203;45;3;4530
3303203;45;4;965
3303203;50;1;3145
3303203;50;2;2122
3303203;50;3;4263
3303203;50;4;1020
3303203;55;1;3181
3303203;55;2;1729
3303203;55;3;2978
3303203;55;4;805
3303203;60;1;5948
3303203;60;2;2572
3303203;60;3;2527
3303203;60;4;518
3303203;70;1;6628
3303203;70;2;1411
3303203;70;3;1004
3303203;70;4;277
3303302;10;1;29987
3303302;10;2;1106
3303302;10;3;19
3303302;10;4;0
3303302;15;1;6949
3303302;15;2;10968
3303302;15;3;1104
3303302;15;4;25
3303302;18;1;1940
3303302;18;2;4141
3303302;18;3;6956
3303302;18;4;185
3303302;20;1;4477
3303302;20;2;5377
3303302;20;3;24814
3303302;20;4;3906
3303302;25;1;4910
3303302;25;2;4750
3303302;25;3;17150
3303302;25;4;15327
3303302;30;1;6512
3303302;30;2;4194
3303302;30;3;14146
3303302;30;4;14885
3303302;35;1;7091
3303302;35;2;4064
3303302;35;3;11169
3303302;35;4;12621
3303302;40;1;6982
3303302;40;2;4486
3303302;40;3;11440
3303302;40;4;11145
3303302;45;1;7178
3303302;45;2;4026
3303302;45;3;11603
3303302;45;4;13139
3303302;50;1;7111
3303302;50;2;3857
3303302;50;3;10151
3303302;50;4;12494
3303302;55;1;6357
3303302;55;2;3536
3303302;55;3;9293
3303302;55;4;11021
3303302;60;1;11949
3303302;60;2;5176
3303302;60;3;12094
3303302;60;4;13352
3303302;70;1;15384
3303302;70;2;6176
3303302;70;3;10595
3303302;70;4;8713
3303401;10;1;13311
3303401;10;2;265
3303401;10;3;0
3303401;10;4;0
3303401;15;1;3931
3303401;15;2;4320
3303401;15;3;153
3303401;15;4;0
3303401;18;1;1129
3303401;18;2;1727
3303401;18;3;2143
3303401;18;4;0
3303401;20;1;3433
3303401;20;2;3025
3303401;20;3;6583
3303401;20;4;953
3303401;25;1;4179
3303401;25;2;2830
3303401;25;3;5332
3303401;25;4;2165
3303401;30;1;5384
3303401;30;2;2964
3303401;30;3;4324
3303401;30;4;1982
3303401;35;1;5633
3303401;35;2;2874
3303401;35;3;3393
3303401;35;4;1551
3303401;40;1;6436
3303401;40;2;2796
3303401;40;3;3114
3303401;40;4;1584
3303401;45;1;6293
3303401;45;2;2488
3303401;45;3;2881
3303401;45;4;1706
3303401;50;1;6279
3303401;50;2;1834
3303401;50;3;2268
3303401;50;4;1450
3303401;55;1;5729
3303401;55;2;1507
3303401;55;3;2082
3303401;55;4;1186
3303401;60;1;9067
3303401;60;2;1723
3303401;60;3;2113
3303401;60;4;1427
3303401;70;1;8331
3303401;70;2;1229
3303401;70;3;1298
3303401;70;4;892
3303500;10;1;71659
3303500;10;2;3013
3303500;10;3;105
3303500;10;4;0
3303500;15;1;20742
3303500;15;2;20455
3303500;15;3;2015
3303500;15;4;24
3303500;18;1;6635
3303500;18;2;10608
3303500;18;3;9179
3303500;18;4;111
3303500;20;1;14191
3303500;20;2;16696
3303500;20;3;31252
3303500;20;4;2684
3303500;25;1;14613
3303500;25;2;15368
3303500;25;3;30499
3303500;25;4;5355
3303500;30;1;18811
3303500;30;2;15412
3303500;30;3;25886
3303500;30;4;5142
3303500;35;1;20126
3303500;35;2;13190
3303500;35;3;22191
3303500;35;4;4329
3303500;40;1;23525
3303500;40;2;12132
3303500;40;3;18532
3303500;40;4;3732
3303500;45;1;21107
3303500;45;2;12270
3303500;45;3;15079
3303500;45;4;3950
3303500;50;1;22060
3303500;50;2;9512
3303500;50;3;11112
3303500;50;4;3337
3303500;55;1;20268
3303500;55;2;7504
3303500;55;3;6915
3303500;55;4;1918
3303500;60;1;33355
3303500;60;2;7490
3303500;60;3;6027
3303500;60;4;2045
3303500;70;1;27829
3303500;70;2;4261
3303500;70;3;2537
3303500;70;4;716
3303609;10;1;3625
3303609;10;2;168
3303609;10;3;7
3303609;10;4;0
3303609;15;1;904
3303609;15;2;1363
3303609;15;3;131
3303609;15;4;0
3303609;18;1;375
3303609;18;2;700
3303609;18;3;703
3303609;18;4;39
3303609;20;1;617
3303609;20;2;1003
3303609;20;3;2099
3303609;20;4;104
3303609;25;1;772
3303609;25;2;831
3303609;25;3;1890
3303609;25;4;427
3303609;30;1;1005
3303609;30;2;922
3303609;30;3;1446
3303609;30;4;357
3303609;35;1;1327
3303609;35;2;797
3303609;35;3;1565
3303609;35;4;228
3303609;40;1;1575
3303609;40;2;805
3303609;40;3;1213
3303609;40;4;354
3303609;45;1;1577
3303609;45;2;864
3303609;45;3;1027
3303609;45;4;269
3303609;50;1;1387
3303609;50;2;547
3303609;50;3;762
3303609;50;4;162
3303609;55;1;1391
3303609;55;2;496
3303609;55;3;445
3303609;55;4;101
3303609;60;1;2486
3303609;60;2;462
3303609;60;3;224
3303609;60;4;74
3303609;70;1;1933
3303609;70;2;234
3303609;70;3;187
3303609;70;4;0
3303708;10;1;3488
3303708;10;2;42
3303708;10;3;0
3303708;10;4;0
3303708;15;1;1009
3303708;15;2;783
3303708;15;3;46
3303708;15;4;0
3303708;18;1;433
3303708;18;2;480
3303708;18;3;386
3303708;18;4;7
3303708;20;1;988
3303708;20;2;716
3303708;20;3;1397
3303708;20;4;87
3303708;25;1;1169
3303708;25;2;598
3303708;25;3;1120
3303708;25;4;253
3303708;30;1;1045
3303708;30;2;672
3303708;30;3;1023
3303708;30;4;293
3303708;35;1;1017
3303708;35;2;659
3303708;35;3;1096
3303708;35;4;178
3303708;40;1;1526
3303708;40;2;426
3303708;40;3;907
3303708;40;4;190
3303708;45;1;1481
3303708;45;2;481
3303708;45;3;661
3303708;45;4;287
3303708;50;1;1554
3303708;50;2;547
3303708;50;3;587
3303708;50;4;79
3303708;55;1;994
3303708;55;2;287
3303708;55;3;514
3303708;55;4;105
3303708;60;1;1963
3303708;60;2;417
3303708;60;3;299
3303708;60;4;259
3303708;70;1;2047
3303708;70;2;280
3303708;70;3;307
3303708;70;4;82
3303906;10;1;22615
3303906;10;2;849
3303906;10;3;18
3303906;10;4;0
3303906;15;1;6237
3303906;15;2;7408
3303906;15;3;479
3303906;15;4;0
3303906;18;1;2390
3303906;18;2;3573
3303906;18;3;3259
3303906;18;4;62
3303906;20;1;4762
3303906;20;2;5435
3303906;20;3;11245
3303906;20;4;1279
3303906;25;1;5532
3303906;25;2;4680
3303906;25;3;8956
3303906;25;4;3784
3303906;30;1;7776
3303906;30;2;4301
3303906;30;3;7646
3303906;30;4;3146
3303906;35;1;8638
3303906;35;2;4577
3303906;35;3;6031
3303906;35;4;2531
3303906;40;1;10235
3303906;40;2;4289
3303906;40;3;5292
3303906;40;4;2422
3303906;45;1;9859
3303906;45;2;3765
3303906;45;3;4959
3303906;45;4;2477
3303906;50;1;9206
3303906;50;2;3145
3303906;50;3;3495
3303906;50;4;2398
3303906;55;1;9325
3303906;55;2;2252
3303906;55;3;2715
3303906;55;4;2000
3303906;60;1;14358
3303906;60;2;2720
3303906;60;3;3573
3303906;60;4;2583
3303906;70;1;13849
3303906;70;2;2264
3303906;70;3;2045
3303906;70;4;1453
3303955;10;1;1951
3303955;10;2;31
3303955;10;3;0
3303955;10;4;0
3303955;15;1;505
3303955;15;2;600
3303955;15;3;20
3303955;15;4;0
3303955;18;1;219
3303955;18;2;287
3303955;18;3;245
3303955;18;4;6
3303955;20;1;368
3303955;20;2;469
3303955;20;3;1033
3303955;20;4;57
3303955;25;1;500
3303955;25;2;363
3303955;25;3;919
3303955;25;4;200
3303955;30;1;742
3303955;30;2;297
3303955;30;3;658
3303955;30;4;161
3303955;35;1;619
3303955;35;2;282
3303955;35;3;550
3303955;35;4;118
3303955;40;1;617
3303955;40;2;284
3303955;40;3;444
3303955;40;4;139
3303955;45;1;713
3303955;45;2;306
3303955;45;3;455
3303955;45;4;185
3303955;50;1;690
3303955;50;2;330
3303955;50;3;371
3303955;50;4;93
3303955;55;1;757
3303955;55;2;204
3303955;55;3;198
3303955;55;4;156
3303955;60;1;1068
3303955;60;2;113
3303955;60;3;175
3303955;60;4;69
3303955;70;1;798
3303955;70;2;115
3303955;70;3;81
3303955;70;4;23
3304110;10;1;1528
3304110;10;2;22
3304110;10;3;0
3304110;10;4;0
3304110;15;1;443
3304110;15;2;406
3304110;15;3;30
3304110;15;4;0
3304110;18;1;179
3304110;18;2;163
3304110;18;3;264
3304110;18;4;0
3304110;20;1;361
3304110;20;2;259
3304110;20;3;785
3304110;20;4;69
3304110;25;1;390
3304110;25;2;262
3304110;25;3;709
3304110;25;4;127
3304110;30;1;440
3304110;30;2;273
3304110;30;3;569
3304110;30;4;115
3304110;35;1;458
3304110;35;2;224
3304110;35;3;514
3304110;35;4;79
3304110;40;1;623
3304110;40;2;164
3304110;40;3;331
3304110;40;4;77
3304110;45;1;681
3304110;45;2;139
3304110;45;3;185
3304110;45;4;57
3304110;50;1;588
3304110;50;2;144
3304110;50;3;162
3304110;50;4;47
3304110;55;1;511
3304110;55;2;67
3304110;55;3;84
3304110;55;4;24
3304110;60;1;701
3304110;60;2;92
3304110;60;3;44
3304110;60;4;43
3304110;70;1;522
3304110;70;2;25
3304110;70;3;17
3304110;70;4;21
3304128;10;1;1031
3304128;10;2;31
3304128;10;3;0
3304128;10;4;0
3304128;15;1;306
3304128;15;2;284
3304128;15;3;15
3304128;15;4;0
3304128;18;1;164
3304128;18;2;138
3304128;18;3;133
3304128;18;4;0
3304128;20;1;319
3304128;20;2;196
3304128;20;3;513
3304128;20;4;32
3304128;25;1;313
3304128;25;2;254
3304128;25;3;437
3304128;25;4;124
3304128;30;1;457
3304128;30;2;168
3304128;30;3;362
3304128;30;4;94
3304128;35;1;395
3304128;35;2;132
3304128;35;3;313
3304128;35;4;88
3304128;40;1;491
3304128;40;2;119
3304128;40;3;233
3304128;40;4;57
3304128;45;1;567
3304128;45;2;100
3304128;45;3;159
3304128;45;4;53
3304128;50;1;482
3304128;50;2;133
3304128;50;3;182
3304128;50;4;53
3304128;55;1;375
3304128;55;2;46
3304128;55;3;86
3304128;55;4;42
3304128;60;1;591
3304128;60;2;71
3304128;60;3;121
3304128;60;4;43
3304128;70;1;505
3304128;70;2;26
3304128;70;3;42
3304128;70;4;27
3304144;10;1;13162
3304144;10;2;326
3304144;10;3;24
3304144;10;4;0
3304144;15;1;4420
3304144;15;2;3253
3304144;15;3;305
3304144;15;4;0
3304144;18;1;1480
3304144;18;2;1674
3304144;18;3;1398
3304144;18;4;0
3304144;20;1;3183
3304144;20;2;3051
3304144;20;3;5286
3304144;20;4;204
3304144;25;1;3403
3304144;25;2;2323
3304144;25;3;5115
3304144;25;4;636
3304144;30;1;4302
3304144;30;2;2360
3304144;30;3;4314
3304144;30;4;483
3304144;35;1;4416
3304144;35;2;2302
3304144;35;3;3254
3304144;35;4;593
3304144;40;1;4228
3304144;40;2;2151
3304144;40;3;2990
3304144;40;4;384
3304144;45;1;4382
3304144;45;2;1777
3304144;45;3;2112
3304144;45;4;231
3304144;50;1;4446
3304144;50;2;1348
3304144;50;3;1560
3304144;50;4;220
3304144;55;1;3745
3304144;55;2;999
3304144;55;3;794
3304144;55;4;210
3304144;60;1;5637
3304144;60;2;1196
3304144;60;3;651
3304144;60;4;145
3304144;70;1;4773
3304144;70;2;409
3304144;70;3;156
3304144;70;4;32
3304201;10;1;9657
3304201;10;2;236
3304201;10;3;12
3304201;10;4;0
3304201;15;1;2476
3304201;15;2;3287
3304201;15;3;296
3304201;15;4;0
3304201;18;1;587
3304201;18;2;1309
3304201;18;3;1592
3304201;18;4;9
3304201;20;1;1676
3304201;20;2;2186
3304201;20;3;5754
3304201;20;4;659
3304201;25;1;1992
3304201;25;2;1812
3304201;25;3;5045
3304201;25;4;1833
3304201;30;1;2476
3304201;30;2;1893
3304201;30;3;3991
3304201;30;4;1850
3304201;35;1;2643
3304201;35;2;1634
3304201;35;3;3377
3304201;35;4;1546
3304201;40;1;2973
3304201;40;2;1525
3304201;40;3;2788
3304201;40;4;1538
3304201;45;1;3047
3304201;45;2;1553
3304201;45;3;2327
3304201;45;4;1324
3304201;50;1;3215
3304201;50;2;1352
3304201;50;3;1920
3304201;50;4;1126
3304201;55;1;2645
3304201;55;2;991
3304201;55;3;1105
3304201;55;4;738
3304201;60;1;4280
3304201;60;2;1140
3304201;60;3;1278
3304201;60;4;866
3304201;70;1;3889
3304201;70;2;548
3304201;70;3;770
3304201;70;4;479
3304524;10;1;8798
3304524;10;2;175
3304524;10;3;12
3304524;10;4;0
3304524;15;1;2022
3304524;15;2;2385
3304524;15;3;192
3304524;15;4;0
3304524;18;1;816
3304524;18;2;1379
3304524;18;3;1276
3304524;18;4;8
3304524;20;1;1774
3304524;20;2;2036
3304524;20;3;4589
3304524;20;4;387
3304524;25;1;2334
3304524;25;2;1719
3304524;25;3;4665
3304524;25;4;1396
3304524;30;1;2896
3304524;30;2;1506
3304524;30;3;4229
3304524;30;4;1544
3304524;35;1;2713
3304524;35;2;1385
3304524;35;3;3275
3304524;35;4;1289
3304524;40;1;2817
3304524;40;2;1304
3304524;40;3;2546
3304524;40;4;1049
3304524;45;1;2629
3304524;45;2;1224
3304524;45;3;2275
3304524;45;4;985
3304524;50;1;2350
3304524;50;2;799
3304524;50;3;1836
3304524;50;4;787
3304524;55;1;2033
3304524;55;2;750
3304524;55;3;1385
3304524;55;4;553
3304524;60;1;2554
3304524;60;2;949
3304524;60;3;1291
3304524;60;4;752
3304524;70;1;2535
3304524;70;2;373
3304524;70;3;634
3304524;70;4;224
3304557;10;1;446248
3304557;10;2;16078
3304557;10;3;871
3304557;10;4;0
3304557;15;1;110616
3304557;15;2;148300
3304557;15;3;12589
3304557;15;4;269
3304557;18;1;37128
3304557;18;2;70391
3304557;18;3;74280
3304557;18;4;2011
3304557;20;1;86231
3304557;20;2;107316
3304557;20;3;272143
3304557;20;4;38890
3304557;25;1;93000
3304557;25;2;90800
3304557;25;3;244524
3304557;25;4;120330
3304557;30;1;116823
3304557;30;2;85438
3304557;30;3;199681
3304557;30;4;120191
3304557;35;1;118669
3304557;35;2;78600
3304557;35;3;165656
3304557;35;4;103823
3304557;40;1;121158
3304557;40;2;75804
3304557;40;3;148504
3304557;40;4;92441
3304557;45;1;118843
3304557;45;2;75440
3304557;45;3;143897
3304557;45;4;97317
3304557;50;1;117371
3304557;50;2;66704
3304557;50;3;130637
3304557;50;4;96518
3304557;55;1;113433
3304557;55;2;55266
3304557;55;3;97165
3304557;55;4;80970
3304557;60;1;189998
3304557;60;2;77994
3304557;60;3;116484
3304557;60;4;99538
3304557;70;1;226580
3304557;70;2;71694
3304557;70;3;90172
3304557;70;4;65039
3304904;10;1;77349
3304904;10;2;3106
3304904;10;3;173
3304904;10;4;0
3304904;15;1;20439
3304904;15;2;23479
3304904;15;3;2619
3304904;15;4;88
3304904;18;1;6621
3304904;18;2;10845
3304904;18;3;12094
3304904;18;4;288
3304904;20;1;15044
3304904;20;2;16906
3304904;20;3;44525
3304904;20;4;3277
3304904;25;1;15455
3304904;25;2;16512
3304904;25;3;45112
3304904;25;4;8339
3304904;30;1;20792
3304904;30;2;17805
3304904;30;3;39698
3304904;30;4;8311
3304904;35;1;22944
3304904;35;2;17281
3304904;35;3;30955
3304904;35;4;6945
3304904;40;1;25272
3304904;40;2;16585
3304904;40;3;27348
3304904;40;4;5649
3304904;45;1;26405
3304904;45;2;15428
3304904;45;3;24972
3304904;45;4;5165
3304904;50;1;26952
3304904;50;2;13498
3304904;50;3;19714
3304904;50;4;3484
3304904;55;1;25155
3304904;55;2;10545
3304904;55;3;12484
3304904;55;4;3416
3304904;60;1;42139
3304904;60;2;12070
3304904;60;3;12613
3304904;60;4;2703
3304904;70;1;37679
3304904;70;2;6649
3304904;70;3;5048
3304904;70;4;1170
3305000;10;1;2568
3305000;10;2;48
3305000;10;3;0
3305000;10;4;0
3305000;15;1;952
3305000;15;2;694
3305000;15;3;35
3305000;15;4;0
3305000;18;1;507
3305000;18;2;309
3305000;18;3;258
3305000;18;4;11
3305000;20;1;951
3305000;20;2;658
3305000;20;3;941
3305000;20;4;173
3305000;25;1;1231
3305000;25;2;342
3305000;25;3;896
3305000;25;4;204
3305000;30;1;1113
3305000;30;2;519
3305000;30;3;761
3305000;30;4;134
3305000;35;1;1207
3305000;35;2;440
3305000;35;3;413
3305000;35;4;178
3305000;40;1;1603
3305000;40;2;296
3305000;40;3;410
3305000;40;4;91
3305000;45;1;1340
3305000;45;2;309
3305000;45;3;528
3305000;45;4;62
3305000;50;1;1207
3305000;50;2;260
3305000;50;3;545
3305000;50;4;100
3305000;55;1;1022
3305000;55;2;183
3305000;55;3;247
3305000;55;4;82
3305000;60;1;2055
3305000;60;2;258
3305000;60;3;171
3305000;60;4;52
3305000;70;1;1545
3305000;70;2;146
3305000;70;3;117
3305000;70;4;37
3305109;10;1;39265
3305109;10;2;1258
3305109;10;3;69
3305109;10;4;0
3305109;15;1;11398
3305109;15;2;11191
3305109;15;3;947
3305109;15;4;10
3305109;18;1;3286
3305109;18;2;5897
3305109;18;3;5027
3305109;18;4;97
3305109;20;1;7297
3305109;20;2;8968
3305109;20;3;20061
3305109;20;4;1185
3305109;25;1;8286
3305109;25;2;7543
3305109;25;3;18959
3305109;25;4;3054
3305109;30;1;10206
3305109;30;2;7804
3305109;30;3;16451
3305109;30;4;2655
3305109;35;1;10838
3305109;35;2;7577
3305109;35;3;13491
3305109;35;4;1950
3305109;40;1;12170
3305109;40;2;8225
3305109;40;3;10650
3305109;40;4;1800
3305109;45;1;12532
3305109;45;2;7501
3305109;45;3;9606
3305109;45;4;1513
3305109;50;1;13011
3305109;50;2;7075
3305109;50;3;7595
3305109;50;4;1318
3305109;55;1;11473
3305109;55;2;4858
3305109;55;3;4934
3305109;55;4;1020
3305109;60;1;20105
3305109;60;2;5293
3305109;60;3;3626
3305109;60;4;954
3305109;70;1;18098
3305109;70;2;2038
3305109;70;3;1456
3305109;70;4;314
3305208;10;1;7841
3305208;10;2;235
3305208;10;3;22
3305208;10;4;0
3305208;15;1;2374
3305208;15;2;1968
3305208;15;3;126
3305208;15;4;0
3305208;18;1;782
3305208;18;2;1181
3305208;18;3;841
3305208;18;4;0
3305208;20;1;1602
3305208;20;2;1542
3305208;20;3;3515
3305208;20;4;185
3305208;25;1;1744
3305208;25;2;1410
3305208;25;3;3383
3305208;25;4;711
3305208;30;1;2152
3305208;30;2;1450
3305208;30;3;3147
3305208;30;4;732
3305208;35;1;2461
3305208;35;2;1123
3305208;35;3;2366
3305208;35;4;684
3305208;40;1;2950
3305208;40;2;952
3305208;40;3;2064
3305208;40;4;597
3305208;45;1;2978
3305208;45;2;1095
3305208;45;3;1390
3305208;45;4;489
3305208;50;1;2776
3305208;50;2;687
3305208;50;3;1036
3305208;50;4;347
3305208;55;1;2436
3305208;55;2;528
3305208;55;3;927
3305208;55;4;226
3305208;60;1;3545
3305208;60;2;581
3305208;60;3;983
3305208;60;4;446
3305208;70;1;2770
3305208;70;2;531
3305208;70;3;463
3305208;70;4;200
3305505;10;1;5975
3305505;10;2;268
3305505;10;3;6
3305505;10;4;0
3305505;15;1;1938
3305505;15;2;1584
3305505;15;3;307
3305505;15;4;0
3305505;18;1;638
3305505;18;2;756
3305505;18;3;926
3305505;18;4;19
3305505;20;1;1448
3305505;20;2;1549
3305505;20;3;2886
3305505;20;4;154
3305505;25;1;1853
3305505;25;2;1221
3305505;25;3;2859
3305505;25;4;330
3305505;30;1;2010
3305505;30;2;1094
3305505;30;3;2176
3305505;30;4;363
3305505;35;1;2268
3305505;35;2;897
3305505;35;3;1482
3305505;35;4;335
3305505;40;1;2499
3305505;40;2;958
3305505;40;3;1432
3305505;40;4;391
3305505;45;1;2573
3305505;45;2;884
3305505;45;3;1120
3305505;45;4;404
3305505;50;1;2380
3305505;50;2;721
3305505;50;3;1234
3305505;50;4;529
3305505;55;1;1939
3305505;55;2;487
3305505;55;3;876
3305505;55;4;310
3305505;60;1;3028
3305505;60;2;884
3305505;60;3;1120
3305505;60;4;604
3305505;70;1;2786
3305505;70;2;401
3305505;70;3;582
3305505;70;4;375
3305554;10;1;7049
3305554;10;2;177
3305554;10;3;0
3305554;10;4;0
3305554;15;1;2223
3305554;15;2;2029
3305554;15;3;110
3305554;15;4;0
3305554;18;1;678
3305554;18;2;934
3305554;18;3;1188
3305554;18;4;0
3305554;20;1;1409
3305554;20;2;1665
3305554;20;3;3904
3305554;20;4;299
3305554;25;1;1519
3305554;25;2;1364
3305554;25;3;3181
3305554;25;4;447
3305554;30;1;2131
3305554;30;2;1010
3305554;30;3;2463
3305554;30;4;529
3305554;35;1;2271
3305554;35;2;1399
3305554;35;3;1469
3305554;35;4;574
3305554;40;1;2296
3305554;40;2;1266
3305554;40;3;1426
3305554;40;4;412
3305554;45;1;2322
3305554;45;2;1049
3305554;45;3;1228
3305554;45;4;447
3305554;50;1;2577
3305554;50;2;878
3305554;50;3;744
3305554;50;4;354
3305554;55;1;2343
3305554;55;2;595
3305554;55;3;621
3305554;55;4;165
3305554;60;1;3247
3305554;60;2;506
3305554;60;3;599
3305554;60;4;187
3305554;70;1;2811
3305554;70;2;279
3305554;70;3;204
3305554;70;4;50
3305752;10;1;2782
3305752;10;2;16
3305752;10;3;0
3305752;10;4;0
3305752;15;1;813
3305752;15;2;667
3305752;15;3;19
3305752;15;4;0
3305752;18;1;352
3305752;18;2;426
3305752;18;3;357
3305752;18;4;0
3305752;20;1;828
3305752;20;2;693
3305752;20;3;980
3305752;20;4;33
3305752;25;1;1033
3305752;25;2;562
3305752;25;3;935
3305752;25;4;70
3305752;30;1;1307
3305752;30;2;482
3305752;30;3;804
3305752;30;4;88
3305752;35;1;1483
3305752;35;2;389
3305752;35;3;489
3305752;35;4;99
3305752;40;1;1491
3305752;40;2;293
3305752;40;3;343
3305752;40;4;86
3305752;45;1;1244
3305752;45;2;292
3305752;45;3;250
3305752;45;4;108
3305752;50;1;1206
3305752;50;2;201
3305752;50;3;190
3305752;50;4;97
3305752;55;1;1062
3305752;55;2;141
3305752;55;3;111
3305752;55;4;87
3305752;60;1;1736
3305752;60;2;102
3305752;60;3;89
3305752;60;4;32
3305752;70;1;1192
3305752;70;2;38
3305752;70;3;54
3305752;70;4;10
3305802;10;1;13688
3305802;10;2;467
3305802;10;3;21
3305802;10;4;0
3305802;15;1;3760
3305802;15;2;4265
3305802;15;3;366
3305802;15;4;11
3305802;18;1;1276
3305802;18;2;1827
3305802;18;3;1815
3305802;18;4;71
3305802;20;1;3253
3305802;20;2;3298
3305802;20;3;6141
3305802;20;4;605
3305802;25;1;4102
3305802;25;2;2401
3305802;25;3;4856
3305802;25;4;1467
3305802;30;1;5150
3305802;30;2;2409
3305802;30;3;3833
3305802;30;4;1492
3305802;35;1;5616
3305802;35;2;2216
3305802;35;3;2780
3305802;35;4;1391
3305802;40;1;6100
3305802;40;2;2128
3305802;40;3;2477
3305802;40;4;1470
3305802;45;1;5993
3305802;45;2;1640
3305802;45;3;1939
3305802;45;4;1572
3305802;50;1;5865
3305802;50;2;1349
3305802;50;3;1782
3305802;50;4;1196
3305802;55;1;4562
3305802;55;2;1061
3305802;55;3;1108
3305802;55;4;1098
3305802;60;1;7562
3305802;60;2;1513
3305802;60;3;1312
3305802;60;4;1472
3305802;70;1;6481
3305802;70;2;879
3305802;70;3;1129
3305802;70;4;1235
3306008;10;1;6313
3306008;10;2;84
3306008;10;3;0
3306008;10;4;0
3306008;15;1;1845
3306008;15;2;2001
3306008;15;3;60
3306008;15;4;0
3306008;18;1;454
3306008;18;2;999
3306008;18;3;930
3306008;18;4;16
3306008;20;1;1236
3306008;20;2;1361
3306008;20;3;3345
3306008;20;4;364
3306008;25;1;1452
3306008;25;2;1191
3306008;25;3;2884
3306008;25;4;728
3306008;30;1;1726
3306008;30;2;1188
3306008;30;3;2347
3306008;30;4;779
3306008;35;1;1926
3306008;35;2;1054
3306008;35;3;1811
3306008;35;4;662
3306008;40;1;2252
3306008;40;2;1138
3306008;40;3;1550
3306008;40;4;727
3306008;45;1;2277
3306008;45;2;1005
3306008;45;3;1510
3306008;45;4;624
3306008;50;1;2341
3306008;50;2;805
3306008;50;3;1153
3306008;50;4;514
3306008;55;1;2434
3306008;55;2;594
3306008;55;3;882
3306008;55;4;306
3306008;60;1;3472
3306008;60;2;628
3306008;60;3;1102
3306008;60;4;402
3306008;70;1;3206
3306008;70;2;490
3306008;70;3;406
3306008;70;4;218
3306305;10;1;19078
3306305;10;2;614
3306305;10;3;7
3306305;10;4;0
3306305;15;1;4196
3306305;15;2;6745
3306305;15;3;486
3306305;15;4;10
3306305;18;1;1361
3306305;18;2;3283
3306305;18;3;3608
3306305;18;4;140
3306305;20;1;2812
3306305;20;2;4707
3306305;20;3;11630
3306305;20;4;2027
3306305;25;1;3234
3306305;25;2;3796
3306305;25;3;10433
3306305;25;4;4674
3306305;30;1;4618
3306305;30;2;3418
3306305;30;3;8321
3306305;30;4;3841
3306305;35;1;5174
3306305;35;2;3332
3306305;35;3;6020
3306305;35;4;3071
3306305;40;1;6041
3306305;40;2;3319
3306305;40;3;6097
3306305;40;4;2853
3306305;45;1;7014
3306305;45;2;3614
3306305;45;3;6071
3306305;45;4;3084
3306305;50;1;7216
3306305;50;2;3264
3306305;50;3;5926
3306305;50;4;2561
3306305;55;1;6658
3306305;55;2;2786
3306305;55;3;3765
3306305;55;4;2057
3306305;60;1;9812
3306305;60;2;2674
3306305;60;3;3505
3306305;60;4;2218
3306305;70;1;10085
3306305;70;2;1833
3306305;70;3;1615
3306305;70;4;799
3500758;10;1;447
3500758;10;2;24
3500758;10;3;0
3500758;10;4;0
3500758;15;1;54
3500758;15;2;146
3500758;15;3;26
3500758;15;4;0
3500758;18;1;13
3500758;18;2;88
3500758;18;3;89
3500758;18;4;0
3500758;20;1;108
3500758;20;2;91
3500758;20;3;205
3500758;20;4;19
3500758;25;1;143
3500758;25;2;122
3500758;25;3;158
3500758;25;4;24
3500758;30;1;160
3500758;30;2;100
3500758;30;3;112
3500758;30;4;17
3500758;35;1;179
3500758;35;2;54
3500758;35;3;63
3500758;35;4;20
3500758;40;1;193
3500758;40;2;80
3500758;40;3;30
3500758;40;4;3
3500758;45;1;171
3500758;45;2;56
3500758;45;3;21
3500758;45;4;25
3500758;50;1;208
3500758;50;2;42
3500758;50;3;21
3500758;50;4;2
3500758;55;1;175
3500758;55;2;31
3500758;55;3;23
3500758;55;4;5
3500758;60;1;240
3500758;60;2;43
3500758;60;3;16
3500758;60;4;22
3500758;70;1;240
3500758;70;2;6
3500758;70;3;8
3500758;70;4;6
3500808;10;1;237
3500808;10;2;19
3500808;10;3;0
3500808;10;4;0
3500808;15;1;22
3500808;15;2;153
3500808;15;3;16
3500808;15;4;0
3500808;18;1;8
3500808;18;2;21
3500808;18;3;70
3500808;18;4;0
3500808;20;1;31
3500808;20;2;47
3500808;20;3;206
3500808;20;4;23
3500808;25;1;60
3500808;25;2;35
3500808;25;3;127
3500808;25;4;28
3500808;30;1;77
3500808;30;2;49
3500808;30;3;129
3500808;30;4;14
3500808;35;1;93
3500808;35;2;48
3500808;35;3;101
3500808;35;4;35
3500808;40;1;109
3500808;40;2;42
3500808;40;3;91
3500808;40;4;37
3500808;45;1;145
3500808;45;2;40
3500808;45;3;67
3500808;45;4;26
3500808;50;1;148
3500808;50;2;37
3500808;50;3;44
3500808;50;4;7
3500808;55;1;163
3500808;55;2;14
3500808;55;3;48
3500808;55;4;11
3500808;60;1;360
3500808;60;2;18
3500808;60;3;17
3500808;60;4;10
3500808;70;1;360
3500808;70;2;0
3500808;70;3;5
3500808;70;4;14
3501152;10;1;1496
3501152;10;2;36
3501152;10;3;0
3501152;10;4;0
3501152;15;1;297
3501152;15;2;557
3501152;15;3;39
3501152;15;4;0
3501152;18;1;74
3501152;18;2;221
3501152;18;3;265
3501152;18;4;0
3501152;20;1;186
3501152;20;2;235
3501152;20;3;961
3501152;20;4;102
3501152;25;1;274
3501152;25;2;264
3501152;25;3;883
3501152;25;4;127
3501152;30;1;268
3501152;30;2;206
3501152;30;3;919
3501152;30;4;101
3501152;35;1;431
3501152;35;2;226
3501152;35;3;617
3501152;35;4;96
3501152;40;1;481
3501152;40;2;145
3501152;40;3;526
3501152;40;4;93
3501152;45;1;442
3501152;45;2;164
3501152;45;3;355
3501152;45;4;68
3501152;50;1;380
3501152;50;2;125
3501152;50;3;162
3501152;50;4;60
3501152;55;1;463
3501152;55;2;122
3501152;55;3;149
3501152;55;4;14
3501152;60;1;677
3501152;60;2;103
3501152;60;3;97
3501152;60;4;21
3501152;70;1;563
3501152;70;2;45
3501152;70;3;30
3501152;70;4;0
3501301;10;1;1828
3501301;10;2;132
3501301;10;3;0
3501301;10;4;0
3501301;15;1;150
3501301;15;2;1041
3501301;15;3;81
3501301;15;4;0
3501301;18;1;138
3501301;18;2;178
3501301;18;3;469
3501301;18;4;11
3501301;20;1;172
3501301;20;2;460
3501301;20;3;1221
3501301;20;4;151
3501301;25;1;420
3501301;25;2;353
3501301;25;3;735
3501301;25;4;244
3501301;30;1;544
3501301;30;2;485
3501301;30;3;580
3501301;30;4;126
3501301;35;1;686
3501301;35;2;270
3501301;35;3;630
3501301;35;4;165
3501301;40;1;816
3501301;40;2;280
3501301;40;3;480
3501301;40;4;186
3501301;45;1;925
3501301;45;2;192
3501301;45;3;336
3501301;45;4;139
3501301;50;1;765
3501301;50;2;196
3501301;50;3;262
3501301;50;4;114
3501301;55;1;814
3501301;55;2;91
3501301;55;3;123
3501301;55;4;145
3501301;60;1;1463
3501301;60;2;98
3501301;60;3;97
3501301;60;4;126
3501301;70;1;1250
3501301;70;2;82
3501301;70;3;52
3501301;70;4;63
3501608;10;1;13585
3501608;10;2;866
3501608;10;3;22
3501608;10;4;0
3501608;15;1;1985
3501608;15;2;6837
3501608;15;3;625
3501608;15;4;0
3501608;18;1;763
3501608;18;2;1750
3501608;18;3;3790
3501608;18;4;87
3501608;20;1;2019
3501608;20;2;3369
3501608;20;3;10681
3501608;20;4;1877
3501608;25;1;2609
3501608;25;2;3119
3501608;25;3;9026
3501608;25;4;4207
3501608;30;1;3381
3501608;30;2;3251
3501608;30;3;7518
3501608;30;4;3497
3501608;35;1;4313
3501608;35;2;3351
3501608;35;3;5729
3501608;35;4;2900
3501608;40;1;5184
3501608;40;2;3556
3501608;40;3;5015
3501608;40;4;2649
3501608;45;1;5776
3501608;45;2;3365
3501608;45;3;4367
3501608;45;4;2448
3501608;50;1;6481
3501608;50;2;2549
3501608;50;3;2993
3501608;50;4;2107
3501608;55;1;5810
3501608;55;2;1697
3501608;55;3;2111
3501608;55;4;1656
3501608;60;1;9743
3501608;60;2;1801
3501608;60;3;1742
3501608;60;4;1229
3501608;70;1;10690
3501608;70;2;750
3501608;70;3;688
3501608;70;4;588
3501707;10;1;3050
3501707;10;2;21
3501707;10;3;0
3501707;10;4;0
3501707;15;1;372
3501707;15;2;1473
3501707;15;3;24
3501707;15;4;0
3501707;18;1;223
3501707;18;2;356
3501707;18;3;630
3501707;18;4;0
3501707;20;1;543
3501707;20;2;955
3501707;20;3;1796
3501707;20;4;122
3501707;25;1;700
3501707;25;2;721
3501707;25;3;1751
3501707;25;4;197
3501707;30;1;1306
3501707;30;2;519
3501707;30;3;1210
3501707;30;4;160
3501707;35;1;1424
3501707;35;2;454
3501707;35;3;762
3501707;35;4;109
3501707;40;1;1400
3501707;40;2;524
3501707;40;3;549
3501707;40;4;149
3501707;45;1;1185
3501707;45;2;460
3501707;45;3;330
3501707;45;4;94
3501707;50;1;1219
3501707;50;2;246
3501707;50;3;182
3501707;50;4;16
3501707;55;1;1048
3501707;55;2;100
3501707;55;3;168
3501707;55;4;50
3501707;60;1;1459
3501707;60;2;92
3501707;60;3;79
3501707;60;4;47
3501707;70;1;1024
3501707;70;2;31
3501707;70;3;17
3501707;70;4;19
3502408;10;1;306
3502408;10;2;13
3502408;10;3;4
3502408;10;4;0
3502408;15;1;48
3502408;15;2;151
3502408;15;3;3
3502408;15;4;0
3502408;18;1;9
3502408;18;2;27
3502408;18;3;74
3502408;18;4;0
3502408;20;1;60
3502408;20;2;46
3502408;20;3;187
3502408;20;4;23
3502408;25;1;68
3502408;25;2;55
3502408;25;3;138
3502408;25;4;24
3502408;30;1;111
3502408;30;2;67
3502408;30;3;82
3502408;30;4;20
3502408;35;1;135
3502408;35;2;45
3502408;35;3;54
3502408;35;4;19
3502408;40;1;123
3502408;40;2;61
3502408;40;3;72
3502408;40;4;30
3502408;45;1;135
3502408;45;2;34
3502408;45;3;68
3502408;45;4;21
3502408;50;1;131
3502408;50;2;49
3502408;50;3;17
3502408;50;4;11
3502408;55;1;133
3502408;55;2;15
3502408;55;3;27
3502408;55;4;13
3502408;60;1;216
3502408;60;2;15
3502408;60;3;28
3502408;60;4;10
3502408;70;1;226
3502408;70;2;0
3502408;70;3;10
3502408;70;4;15
3502507;10;1;2555
3502507;10;2;92
3502507;10;3;0
3502507;10;4;0
3502507;15;1;523
3502507;15;2;1068
3502507;15;3;102
3502507;15;4;0
3502507;18;1;342
3502507;18;2;452
3502507;18;3;479
3502507;18;4;50
3502507;20;1;517
3502507;20;2;631
3502507;20;3;1625
3502507;20;4;310
3502507;25;1;421
3502507;25;2;593
3502507;25;3;1410
3502507;25;4;622
3502507;30;1;626
3502507;30;2;468
3502507;30;3;1224
3502507;30;4;337
3502507;35;1;902
3502507;35;2;555
3502507;35;3;802
3502507;35;4;293
3502507;40;1;797
3502507;40;2;630
3502507;40;3;838
3502507;40;4;274
3502507;45;1;927
3502507;45;2;470
3502507;45;3;766
3502507;45;4;242
3502507;50;1;1042
3502507;50;2;389
3502507;50;3;438
3502507;50;4;372
3502507;55;1;881
3502507;55;2;274
3502507;55;3;326
3502507;55;4;257
3502507;60;1;1414
3502507;60;2;338
3502507;60;3;340
3502507;60;4;309
3502507;70;1;1671
3502507;70;2;146
3502507;70;3;73
3502507;70;4;76
3502804;10;1;11960
3502804;10;2;659
3502804;10;3;20
3502804;10;4;0
3502804;15;1;1995
3502804;15;2;5282
3502804;15;3;413
3502804;15;4;0
3502804;18;1;715
3502804;18;2;1503
3502804;18;3;3025
3502804;18;4;124
3502804;20;1;2118
3502804;20;2;3281
3502804;20;3;7756
3502804;20;4;1384
3502804;25;1;2601
3502804;25;2;3510
3502804;25;3;6245
3502804;25;4;2946
3502804;30;1;3348
3502804;30;2;3132
3502804;30;3;5608
3502804;30;4;2718
3502804;35;1;3760
3502804;35;2;3133
3502804;35;3;4893
3502804;35;4;2340
3502804;40;1;4367
3502804;40;2;2897
3502804;40;3;4122
3502804;40;4;2660
3502804;45;1;4840
3502804;45;2;2851
3502804;45;3;3451
3502804;45;4;2427
3502804;50;1;5156
3502804;50;2;2366
3502804;50;3;2879
3502804;50;4;1826
3502804;55;1;4897
3502804;55;2;1757
3502804;55;3;1748
3502804;55;4;1411
3502804;60;1;8715
3502804;60;2;1607
3502804;60;3;1693
3502804;60;4;1749
3502804;70;1;9419
3502804;70;2;775
3502804;70;3;933
3502804;70;4;989
3502903;10;1;2270
3502903;10;2;149
3502903;10;3;0
3502903;10;4;0
3502903;15;1;271
3502903;15;2;915
3502903;15;3;8
3502903;15;4;0
3502903;18;1;129
3502903;18;2;319
3502903;18;3;549
3502903;18;4;16
3502903;20;1;332
3502903;20;2;506
3502903;20;3;1165
3502903;20;4;139
3502903;25;1;569
3502903;25;2;302
3502903;25;3;1039
3502903;25;4;202
3502903;30;1;721
3502903;30;2;429
3502903;30;3;780
3502903;30;4;175
3502903;35;1;841
3502903;35;2;336
3502903;35;3;506
3502903;35;4;394
3502903;40;1;905
3502903;40;2;353
3502903;40;3;416
3502903;40;4;302
3502903;45;1;998
3502903;45;2;289
3502903;45;3;463
3502903;45;4;85
3502903;50;1;968
3502903;50;2;302
3502903;50;3;338
3502903;50;4;142
3502903;55;1;800
3502903;55;2;131
3502903;55;3;170
3502903;55;4;227
3502903;60;1;1490
3502903;60;2;147
3502903;60;3;214
3502903;60;4;164
3502903;70;1;1266
3502903;70;2;113
3502903;70;3;120
3502903;70;4;26
3503208;10;1;13795
3503208;10;2;516
3503208;10;3;26
3503208;10;4;0
3503208;15;1;1799
3503208;15;2;6821
3503208;15;3;283
3503208;15;4;9
3503208;18;1;637
3503208;18;2;2001
3503208;18;3;4090
3503208;18;4;42
3503208;20;1;1611
3503208;20;2;3084
3503208;20;3;12050
3503208;20;4;1541
3503208;25;1;2039
3503208;25;2;3354
3503208;25;3;9452
3503208;25;4;4026
3503208;30;1;3215
3503208;30;2;3320
3503208;30;3;7579
3503208;30;4;3788
3503208;35;1;4002
3503208;35;2;3147
3503208;35;3;5708
3503208;35;4;2725
3503208;40;1;4883
3503208;40;2;2757
3503208;40;3;4994
3503208;40;4;2437
3503208;45;1;4956
3503208;45;2;2682
3503208;45;3;4397
3503208;45;4;2911
3503208;50;1;5549
3503208;50;2;2097
3503208;50;3;3481
3503208;50;4;2798
3503208;55;1;4839
3503208;55;2;1424
3503208;55;3;2451
3503208;55;4;1896
3503208;60;1;9089
3503208;60;2;1694
3503208;60;3;2387
3503208;60;4;2120
3503208;70;1;9647
3503208;70;2;1460
3503208;70;3;1547
3503208;70;4;1170
3503307;10;1;8627
3503307;10;2;227
3503307;10;3;0
3503307;10;4;0
3503307;15;1;1602
3503307;15;2;3900
3503307;15;3;228
3503307;15;4;0
3503307;18;1;557
3503307;18;2;1223
3503307;18;3;1911
3503307;18;4;22
3503307;20;1;1397
3503307;20;2;2312
3503307;20;3;5922
3503307;20;4;993
3503307;25;1;1608
3503307;25;2;1918
3503307;25;3;5239
3503307;25;4;2128
3503307;30;1;2321
3503307;30;2;1755
3503307;30;3;3928
3503307;30;4;1840
3503307;35;1;3311
3503307;35;2;1732
3503307;35;3;2744
3503307;35;4;1190
3503307;40;1;3451
3503307;40;2;1693
3503307;40;3;2211
3503307;40;4;1239
3503307;45;1;3392
3503307;45;2;1685
3503307;45;3;2193
3503307;45;4;1076
3503307;50;1;3770
3503307;50;2;1238
3503307;50;3;1582
3503307;50;4;949
3503307;55;1;3416
3503307;55;2;936
3503307;55;3;1000
3503307;55;4;616
3503307;60;1;5609
3503307;60;2;607
3503307;60;3;1082
3503307;60;4;798
3503307;70;1;5531
3503307;70;2;392
3503307;70;3;465
3503307;70;4;485
3503901;10;1;6680
3503901;10;2;291
3503901;10;3;0
3503901;10;4;0
3503901;15;1;1093
3503901;15;2;2564
3503901;15;3;82
3503901;15;4;0
3503901;18;1;395
3503901;18;2;867
3503901;18;3;1261
3503901;18;4;42
3503901;20;1;1094
3503901;20;2;1172
3503901;20;3;3770
3503901;20;4;489
3503901;25;1;1172
3503901;25;2;1150
3503901;25;3;3440
3503901;25;4;880
3503901;30;1;1697
3503901;30;2;1027
3503901;30;3;2720
3503901;30;4;912
3503901;35;1;2047
3503901;35;2;1062
3503901;35;3;2030
3503901;35;4;602
3503901;40;1;2319
3503901;40;2;1006
3503901;40;3;1464
3503901;40;4;656
3503901;45;1;2260
3503901;45;2;912
3503901;45;3;997
3503901;45;4;616
3503901;50;1;2230
3503901;50;2;620
3503901;50;3;920
3503901;50;4;418
3503901;55;1;1849
3503901;55;2;513
3503901;55;3;662
3503901;55;4;373
3503901;60;1;2571
3503901;60;2;374
3503901;60;3;452
3503901;60;4;344
3503901;70;1;1957
3503901;70;2;216
3503901;70;3;124
3503901;70;4;112
3504107;10;1;9922
3504107;10;2;365
3504107;10;3;24
3504107;10;4;0
3504107;15;1;2086
3504107;15;2;3464
3504107;15;3;392
3504107;15;4;0
3504107;18;1;784
3504107;18;2;1478
3504107;18;3;1549
3504107;18;4;89
3504107;20;1;2441
3504107;20;2;2658
3504107;20;3;4767
3504107;20;4;856
3504107;25;1;2964
3504107;25;2;2668
3504107;25;3;3617
3504107;25;4;1534
3504107;30;1;3897
3504107;30;2;2147
3504107;30;3;2793
3504107;30;4;1557
3504107;35;1;3873
3504107;35;2;2004
3504107;35;3;2375
3504107;35;4;1395
3504107;40;1;4022
3504107;40;2;1520
3504107;40;3;1978
3504107;40;4;1386
3504107;45;1;3976
3504107;45;2;1632
3504107;45;3;1632
3504107;45;4;1394
3504107;50;1;3747
3504107;50;2;975
3504107;50;3;1527
3504107;50;4;1451
3504107;55;1;3031
3504107;55;2;963
3504107;55;3;1089
3504107;55;4;735
3504107;60;1;5220
3504107;60;2;1155
3504107;60;3;1270
3504107;60;4;1033
3504107;70;1;5045
3504107;70;2;809
3504107;70;3;931
3504107;70;4;642
3504602;10;1;1142
3504602;10;2;41
3504602;10;3;0
3504602;10;4;0
3504602;15;1;221
3504602;15;2;473
3504602;15;3;29
3504602;15;4;0
3504602;18;1;107
3504602;18;2;140
3504602;18;3;161
3504602;18;4;13
3504602;20;1;163
3504602;20;2;291
3504602;20;3;622
3504602;20;4;84
3504602;25;1;194
3504602;25;2;245
3504602;25;3;585
3504602;25;4;178
3504602;30;1;292
3504602;30;2;252
3504602;30;3;577
3504602;30;4;163
3504602;35;1;436
3504602;35;2;258
3504602;35;3;417
3504602;35;4;156
3504602;40;1;445
3504602;40;2;195
3504602;40;3;389
3504602;40;4;128
3504602;45;1;474
3504602;45;2;149
3504602;45;3;299
3504602;45;4;82
3504602;50;1;526
3504602;50;2;122
3504602;50;3;180
3504602;50;4;84
3504602;55;1;449
3504602;55;2;74
3504602;55;3;118
3504602;55;4;40
3504602;60;1;768
3504602;60;2;69
3504602;60;3;60
3504602;60;4;55
3504602;70;1;712
3504602;70;2;26
3504602;70;3;24
3504602;70;4;35
3504800;10;1;550
3504800;10;2;14
3504800;10;3;0
3504800;10;4;0
3504800;15;1;67
3504800;15;2;287
3504800;15;3;24
3504800;15;4;0
3504800;18;1;23
3504800;18;2;77
3504800;18;3;104
3504800;18;4;0
3504800;20;1;27
3504800;20;2;160
3504800;20;3;380
3504800;20;4;53
3504800;25;1;85
3504800;25;2;196
3504800;25;3;259
3504800;25;4;116
3504800;30;1;191
3504800;30;2;127
3504800;30;3;257
3504800;30;4;78
3504800;35;1;295
3504800;35;2;135
3504800;35;3;125
3504800;35;4;43
3504800;40;1;352
3504800;40;2;84
3504800;40;3;151
3504800;40;4;45
3504800;45;1;377
3504800;45;2;105
3504800;45;3;141
3504800;45;4;18
3504800;50;1;269
3504800;50;2;68
3504800;50;3;112
3504800;50;4;66
3504800;55;1;334
3504800;55;2;37
3504800;55;3;54
3504800;55;4;42
3504800;60;1;565
3504800;60;2;26
3504800;60;3;63
3504800;60;4;33
3504800;70;1;565
3504800;70;2;31
3504800;70;3;32
3504800;70;4;50
3505500;10;1;7679
3505500;10;2;452
3505500;10;3;0
3505500;10;4;0
3505500;15;1;1462
3505500;15;2;3392
3505500;15;3;458
3505500;15;4;12
3505500;18;1;473
3505500;18;2;924
3505500;18;3;1932
3505500;18;4;68
3505500;20;1;1431
3505500;20;2;2167
3505500;20;3;5416
3505500;20;4;814
3505500;25;1;1727
3505500;25;2;2024
3505500;25;3;4394
3505500;25;4;1738
3505500;30;1;2392
3505500;30;2;1636
3505500;30;3;3762
3505500;30;4;1357
3505500;35;1;2661
3505500;35;2;1479
3505500;35;3;2830
3505500;35;4;1273
3505500;40;1;2909
3505500;40;2;1505
3505500;40;3;2363
3505500;40;4;1111
3505500;45;1;2927
3505500;45;2;1340
3505500;45;3;2548
3505500;45;4;1109
3505500;50;1;3063
3505500;50;2;1214
3505500;50;3;1990
3505500;50;4;878
3505500;55;1;2843
3505500;55;2;812
3505500;55;3;1137
3505500;55;4;716
3505500;60;1;5649
3505500;60;2;881
3505500;60;3;992
3505500;60;4;786
3505500;70;1;5427
3505500;70;2;511
3505500;70;3;751
3505500;70;4;444
3505708;10;1;21028
3505708;10;2;744
3505708;10;3;23
3505708;10;4;0
3505708;15;1;3914
3505708;15;2;7348
3505708;15;3;483
3505708;15;4;35
3505708;18;1;1639
3505708;18;2;3002
3505708;18;3;3429
3505708;18;4;115
3505708;20;1;3908
3505708;20;2;5078
3505708;20;3;12065
3505708;20;4;1817
3505708;25;1;4792
3505708;25;2;4655
3505708;25;3;10847
3505708;25;4;3182
3505708;30;1;5781
3505708;30;2;3642
3505708;30;3;9308
3505708;30;4;2797
3505708;35;1;6706
3505708;35;2;3412
3505708;35;3;6500
3505708;35;4;2577
3505708;40;1;7392
3505708;40;2;3068
3505708;40;3;5241
3505708;40;4;2168
3505708;45;1;7146
3505708;45;2;2773
3505708;45;3;3467
3505708;45;4;1900
3505708;50;1;6446
3505708;50;2;1983
3505708;50;3;2197
3505708;50;4;1421
3505708;55;1;6119
3505708;55;2;1459
3505708;55;3;1501
3505708;55;4;1083
3505708;60;1;7496
3505708;60;2;1001
3505708;60;3;1042
3505708;60;4;1204
3505708;70;1;5045
3505708;70;2;472
3505708;70;3;586
3505708;70;4;429
3506003;10;1;24571
3506003;10;2;1039
3506003;10;3;32
3506003;10;4;0
3506003;15;1;4155
3506003;15;2;10653
3506003;15;3;776
3506003;15;4;11
3506003;18;1;1641
3506003;18;2;3039
3506003;18;3;5721
3506003;18;4;46
3506003;20;1;4230
3506003;20;2;6013
3506003;20;3;16557
3506003;20;4;2734
3506003;25;1;5115
3506003;25;2;4902
3506003;25;3;14080
3506003;25;4;7091
3506003;30;1;6662
3506003;30;2;5228
3506003;30;3;11161
3506003;30;4;6029
3506003;35;1;7334
3506003;35;2;4956
3506003;35;3;8865
3506003;35;4;4622
3506003;40;1;7332
3506003;40;2;4495
3506003;40;3;8140
3506003;40;4;4587
3506003;45;1;7963
3506003;45;2;4172
3506003;45;3;7100
3506003;45;4;4577
3506003;50;1;8381
3506003;50;2;3374
3506003;50;3;6052
3506003;50;4;3788
3506003;55;1;8015
3506003;55;2;2560
3506003;55;3;3839
3506003;55;4;2753
3506003;60;1;13142
3506003;60;2;3192
3506003;60;3;4045
3506003;60;4;3464
3506003;70;1;15076
3506003;70;2;2045
3506003;70;3;2416
3506003;70;4;1790
3506508;10;1;7529
3506508;10;2;278
3506508;10;3;0
3506508;10;4;0
3506508;15;1;1193
3506508;15;2;3515
3506508;15;3;287
3506508;15;4;0
3506508;18;1;397
3506508;18;2;1039
3506508;18;3;1769
3506508;18;4;48
3506508;20;1;864
3506508;20;2;2209
3506508;20;3;5151
3506508;20;4;774
3506508;25;1;1515
3506508;25;2;1947
3506508;25;3;4367
3506508;25;4;1703
3506508;30;1;2210
3506508;30;2;2057
3506508;30;3;3527
3506508;30;4;1493
3506508;35;1;3113
3506508;35;2;2036
3506508;35;3;3026
3506508;35;4;819
3506508;40;1;3460
3506508;40;2;1955
3506508;40;3;2392
3506508;40;4;820
3506508;45;1;3257
3506508;45;2;1724
3506508;45;3;1896
3506508;45;4;875
3506508;50;1;3518
3506508;50;2;1130
3506508;50;3;1393
3506508;50;4;744
3506508;55;1;3275
3506508;55;2;734
3506508;55;3;742
3506508;55;4;729
3506508;60;1;5735
3506508;60;2;731
3506508;60;3;597
3506508;60;4;589
3506508;70;1;4954
3506508;70;2;295
3506508;70;3;341
3506508;70;4;285
3506607;10;1;2576
3506607;10;2;144
3506607;10;3;0
3506607;10;4;0
3506607;15;1;442
3506607;15;2;877
3506607;15;3;91
3506607;15;4;0
3506607;18;1;256
3506607;18;2;324
3506607;18;3;505
3506607;18;4;11
3506607;20;1;623
3506607;20;2;459
3506607;20;3;1379
3506607;20;4;43
3506607;25;1;642
3506607;25;2;470
3506607;25;3;1108
3506607;25;4;173
3506607;30;1;882
3506607;30;2;307
3506607;30;3;807
3506607;30;4;149
3506607;35;1;1013
3506607;35;2;371
3506607;35;3;585
3506607;35;4;152
3506607;40;1;1125
3506607;40;2;249
3506607;40;3;462
3506607;40;4;101
3506607;45;1;1067
3506607;45;2;270
3506607;45;3;347
3506607;45;4;77
3506607;50;1;937
3506607;50;2;224
3506607;50;3;194
3506607;50;4;49
3506607;55;1;957
3506607;55;2;133
3506607;55;3;93
3506607;55;4;36
3506607;60;1;1524
3506607;60;2;181
3506607;60;3;142
3506607;60;4;59
3506607;70;1;1276
3506607;70;2;120
3506607;70;3;33
3506607;70;4;0
3507100;10;1;1702
3507100;10;2;39
3507100;10;3;5
3507100;10;4;0
3507100;15;1;363
3507100;15;2;534
3507100;15;3;67
3507100;15;4;0
3507100;18;1;175
3507100;18;2;221
3507100;18;3;289
3507100;18;4;5
3507100;20;1;374
3507100;20;2;412
3507100;20;3;872
3507100;20;4;56
3507100;25;1;526
3507100;25;2;350
3507100;25;3;834
3507100;25;4;125
3507100;30;1;805
3507100;30;2;256
3507100;30;3;447
3507100;30;4;122
3507100;35;1;800
3507100;35;2;236
3507100;35;3;422
3507100;35;4;102
3507100;40;1;706
3507100;40;2;284
3507100;40;3;310
3507100;40;4;75
3507100;45;1;739
3507100;45;2;220
3507100;45;3;238
3507100;45;4;96
3507100;50;1;755
3507100;50;2;127
3507100;50;3;147
3507100;50;4;56
3507100;55;1;500
3507100;55;2;73
3507100;55;3;112
3507100;55;4;86
3507100;60;1;903
3507100;60;2;108
3507100;60;3;95
3507100;60;4;69
3507100;70;1;741
3507100;70;2;86
3507100;70;3;30
3507100;70;4;34
3507506;10;1;9553
3507506;10;2;429
3507506;10;3;0
3507506;10;4;0
3507506;15;1;1706
3507506;15;2;3981
3507506;15;3;243
3507506;15;4;0
3507506;18;1;694
3507506;18;2;1215
3507506;18;3;2185
3507506;18;4;30
3507506;20;1;1412
3507506;20;2;1668
3507506;20;3;6625
3507506;20;4;872
3507506;25;1;1584
3507506;25;2;1548
3507506;25;3;5584
3507506;25;4;2764
3507506;30;1;2369
3507506;30;2;1613
3507506;30;3;4133
3507506;30;4;2354
3507506;35;1;2953
3507506;35;2;1276
3507506;35;3;3213
3507506;35;4;2022
3507506;40;1;3253
3507506;40;2;1461
3507506;40;3;2493
3507506;40;4;1774
3507506;45;1;3240
3507506;45;2;1477
3507506;45;3;2234
3507506;45;4;1311
3507506;50;1;3382
3507506;50;2;1117
3507506;50;3;1821
3507506;50;4;1311
3507506;55;1;2856
3507506;55;2;804
3507506;55;3;1529
3507506;55;4;1185
3507506;60;1;4944
3507506;60;2;937
3507506;60;3;1329
3507506;60;4;1597
3507506;70;1;6126
3507506;70;2;653
3507506;70;3;686
3507506;70;4;665
3507605;10;1;11206
3507605;10;2;535
3507605;10;3;27
3507605;10;4;0
3507605;15;1;2615
3507605;15;2;4619
3507605;15;3;381
3507605;15;4;0
3507605;18;1;735
3507605;18;2;1443
3507605;18;3;2049
3507605;18;4;61
3507605;20;1;2253
3507605;20;2;2316
3507605;20;3;6957
3507605;20;4;948
3507605;25;1;2399
3507605;25;2;2761
3507605;25;3;5718
3507605;25;4;2038
3507605;30;1;3234
3507605;30;2;2570
3507605;30;3;4822
3507605;30;4;2028
3507605;35;1;3647
3507605;35;2;2289
3507605;35;3;3415
3507605;35;4;1920
3507605;40;1;3839
3507605;40;2;1825
3507605;40;3;2953
3507605;40;4;1638
3507605;45;1;4158
3507605;45;2;1427
3507605;45;3;2637
3507605;45;4;1629
3507605;50;1;4154
3507605;50;2;1212
3507605;50;3;2120
3507605;50;4;1444
3507605;55;1;3669
3507605;55;2;1050
3507605;55;3;1203
3507605;55;4;1328
3507605;60;1;6764
3507605;60;2;1261
3507605;60;3;1132
3507605;60;4;1094
3507605;70;1;6204
3507605;70;2;719
3507605;70;3;973
3507605;70;4;614
3507704;10;1;360
3507704;10;2;21
3507704;10;3;0
3507704;10;4;0
3507704;15;1;49
3507704;15;2;172
3507704;15;3;15
3507704;15;4;0
3507704;18;1;24
3507704;18;2;58
3507704;18;3;70
3507704;18;4;0
3507704;20;1;87
3507704;20;2;103
3507704;20;3;223
3507704;20;4;36
3507704;25;1;120
3507704;25;2;93
3507704;25;3;157
3507704;25;4;69
3507704;30;1;141
3507704;30;2;82
3507704;30;3;108
3507704;30;4;41
3507704;35;1;154
3507704;35;2;94
3507704;35;3;72
3507704;35;4;35
3507704;40;1;175
3507704;40;2;75
3507704;40;3;40
3507704;40;4;44
3507704;45;1;153
3507704;45;2;75
3507704;45;3;51
3507704;45;4;21
3507704;50;1;215
3507704;50;2;38
3507704;50;3;43
3507704;50;4;13
3507704;55;1;188
3507704;55;2;34
3507704;55;3;22
3507704;55;4;9
3507704;60;1;330
3507704;60;2;25
3507704;60;3;14
3507704;60;4;27
3507704;70;1;398
3507704;70;2;3
3507704;70;3;9
3507704;70;4;8
3507753;10;1;173
3507753;10;2;0
3507753;10;3;0
3507753;10;4;0
3507753;15;1;44
3507753;15;2;21
3507753;15;3;3
3507753;15;4;0
3507753;18;1;24
3507753;18;2;27
3507753;18;3;17
3507753;18;4;0
3507753;20;1;26
3507753;20;2;53
3507753;20;3;112
3507753;20;4;14
3507753;25;1;42
3507753;25;2;51
3507753;25;3;85
3507753;25;4;37
3507753;30;1;87
3507753;30;2;79
3507753;30;3;65
3507753;30;4;16
3507753;35;1;87
3507753;35;2;58
3507753;35;3;47
3507753;35;4;7
3507753;40;1;84
3507753;40;2;29
3507753;40;3;39
3507753;40;4;26
3507753;45;1;108
3507753;45;2;23
3507753;45;3;18
3507753;45;4;3
3507753;50;1;101
3507753;50;2;20
3507753;50;3;7
3507753;50;4;0
3507753;55;1;130
3507753;55;2;11
3507753;55;3;3
3507753;55;4;0
3507753;60;1;174
3507753;60;2;14
3507753;60;3;5
3507753;60;4;0
3507753;70;1;138
3507753;70;2;3
3507753;70;3;0
3507753;70;4;0
3507803;10;1;1706
3507803;10;2;57
3507803;10;3;0
3507803;10;4;0
3507803;15;1;378
3507803;15;2;657
3507803;15;3;28
3507803;15;4;0
3507803;18;1;88
3507803;18;2;202
3507803;18;3;343
3507803;18;4;0
3507803;20;1;301
3507803;20;2;430
3507803;20;3;955
3507803;20;4;114
3507803;25;1;483
3507803;25;2;416
3507803;25;3;586
3507803;25;4;246
3507803;30;1;599
3507803;30;2;232
3507803;30;3;541
3507803;30;4;267
3507803;35;1;666
3507803;35;2;293
3507803;35;3;383
3507803;35;4;212
3507803;40;1;856
3507803;40;2;235
3507803;40;3;306
3507803;40;4;141
3507803;45;1;826
3507803;45;2;217
3507803;45;3;351
3507803;45;4;38
3507803;50;1;672
3507803;50;2;243
3507803;50;3;237
3507803;50;4;74
3507803;55;1;684
3507803;55;2;143
3507803;55;3;73
3507803;55;4;97
3507803;60;1;1032
3507803;60;2;110
3507803;60;3;119
3507803;60;4;136
3507803;70;1;1000
3507803;70;2;71
3507803;70;3;30
3507803;70;4;138
3508405;10;1;3794
3508405;10;2;107
3508405;10;3;0
3508405;10;4;0
3508405;15;1;640
3508405;15;2;1471
3508405;15;3;84
3508405;15;4;0
3508405;18;1;251
3508405;18;2;585
3508405;18;3;721
3508405;18;4;12
3508405;20;1;748
3508405;20;2;1060
3508405;20;3;1929
3508405;20;4;212
3508405;25;1;899
3508405;25;2;1038
3508405;25;3;1761
3508405;25;4;271
3508405;30;1;1446
3508405;30;2;690
3508405;30;3;1165
3508405;30;4;207
3508405;35;1;1738
3508405;35;2;632
3508405;35;3;704
3508405;35;4;185
3508405;40;1;1529
3508405;40;2;716
3508405;40;3;574
3508405;40;4;126
3508405;45;1;1397
3508405;45;2;436
3508405;45;3;499
3508405;45;4;162
3508405;50;1;1190
3508405;50;2;217
3508405;50;3;226
3508405;50;4;109
3508405;55;1;1224
3508405;55;2;248
3508405;55;3;142
3508405;55;4;127
3508405;60;1;1705
3508405;60;2;164
3508405;60;3;93
3508405;60;4;74
3508405;70;1;1210
3508405;70;2;78
3508405;70;3;35
3508405;70;4;28
3508504;10;1;6532
3508504;10;2;373
3508504;10;3;0
3508504;10;4;0
3508504;15;1;1003
3508504;15;2;2913
3508504;15;3;144
3508504;15;4;0
3508504;18;1;395
3508504;18;2;847
3508504;18;3;1478
3508504;18;4;21
3508504;20;1;999
3508504;20;2;1286
3508504;20;3;4169
3508504;20;4;643
3508504;25;1;1153
3508504;25;2;1093
3508504;25;3;4224
3508504;25;4;1064
3508504;30;1;1403
3508504;30;2;1086
3508504;30;3;3390
3508504;30;4;1249
3508504;35;1;1849
3508504;35;2;1252
3508504;35;3;2665
3508504;35;4;698
3508504;40;1;1948
3508504;40;2;918
3508504;40;3;2155
3508504;40;4;950
3508504;45;1;2424
3508504;45;2;941
3508504;45;3;1528
3508504;45;4;718
3508504;50;1;2276
3508504;50;2;840
3508504;50;3;1235
3508504;50;4;542
3508504;55;1;2160
3508504;55;2;612
3508504;55;3;985
3508504;55;4;460
3508504;60;1;3545
3508504;60;2;787
3508504;60;3;778
3508504;60;4;522
3508504;70;1;2945
3508504;70;2;421
3508504;70;3;353
3508504;70;4;251
3508900;10;1;315
3508900;10;2;10
3508900;10;3;0
3508900;10;4;0
3508900;15;1;65
3508900;15;2;119
3508900;15;3;7
3508900;15;4;0
3508900;18;1;5
3508900;18;2;38
3508900;18;3;109
3508900;18;4;4
3508900;20;1;31
3508900;20;2;57
3508900;20;3;243
3508900;20;4;32
3508900;25;1;58
3508900;25;2;41
3508900;25;3;180
3508900;25;4;12
3508900;30;1;67
3508900;30;2;54
3508900;30;3;119
3508900;30;4;17
3508900;35;1;122
3508900;35;2;35
3508900;35;3;133
3508900;35;4;0
3508900;40;1;152
3508900;40;2;49
3508900;40;3;120
3508900;40;4;7
3508900;45;1;174
3508900;45;2;42
3508900;45;3;76
3508900;45;4;13
3508900;50;1;166
3508900;50;2;26
3508900;50;3;42
3508900;50;4;7
3508900;55;1;153
3508900;55;2;17
3508900;55;3;22
3508900;55;4;4
3508900;60;1;295
3508900;60;2;11
3508900;60;3;4
3508900;60;4;6
3508900;70;1;316
3508900;70;2;5
3508900;70;3;0
3508900;70;4;0
3509007;10;1;7354
3509007;10;2;467
3509007;10;3;0
3509007;10;4;0
3509007;15;1;979
3509007;15;2;3162
3509007;15;3;261
3509007;15;4;0
3509007;18;1;366
3509007;18;2;870
3509007;18;3;1853
3509007;18;4;33
3509007;20;1;1015
3509007;20;2;1254
3509007;20;3;4985
3509007;20;4;504
3509007;25;1;1138
3509007;25;2;991
3509007;25;3;4457
3509007;25;4;1158
3509007;30;1;2016
3509007;30;2;1179
3509007;30;3;3112
3509007;30;4;1131
3509007;35;1;2261
3509007;35;2;1305
3509007;35;3;2480
3509007;35;4;920
3509007;40;1;2546
3509007;40;2;1204
3509007;40;3;2391
3509007;40;4;615
3509007;45;1;2496
3509007;45;2;1034
3509007;45;3;1802
3509007;45;4;692
3509007;50;1;2464
3509007;50;2;726
3509007;50;3;1039
3509007;50;4;498
3509007;55;1;2192
3509007;55;2;425
3509007;55;3;835
3509007;55;4;335
3509007;60;1;3133
3509007;60;2;518
3509007;60;3;506
3509007;60;4;154
3509007;70;1;2115
3509007;70;2;150
3509007;70;3;140
3509007;70;4;49
3509205;10;1;5427
3509205;10;2;320
3509205;10;3;22
3509205;10;4;0
3509205;15;1;1203
3509205;15;2;1744
3509205;15;3;268
3509205;15;4;13
3509205;18;1;615
3509205;18;2;736
3509205;18;3;932
3509205;18;4;8
3509205;20;1;1568
3509205;20;2;1135
3509205;20;3;3256
3509205;20;4;324
3509205;25;1;1833
3509205;25;2;1042
3509205;25;3;2964
3509205;25;4;540
3509205;30;1;1814
3509205;30;2;1089
3509205;30;3;2379
3509205;30;4;609
3509205;35;1;2212
3509205;35;2;1016
3509205;35;3;1642
3509205;35;4;268
3509205;40;1;2241
3509205;40;2;760
3509205;40;3;1176
3509205;40;4;285
3509205;45;1;2074
3509205;45;2;696
3509205;45;3;872
3509205;45;4;249
3509205;50;1;2061
3509205;50;2;487
3509205;50;3;523
3509205;50;4;123
3509205;55;1;1602
3509205;55;2;249
3509205;55;3;300
3509205;55;4;140
3509205;60;1;2320
3509205;60;2;195
3509205;60;3;100
3509205;60;4;85
3509205;70;1;1497
3509205;70;2;106
3509205;70;3;55
3509205;70;4;37
3509502;10;1;74028
3509502;10;2;3327
3509502;10;3;214
3509502;10;4;0
3509502;15;1;14834
3509502;15;2;29225
3509502;15;3;2509
3509502;15;4;59
3509502;18;1;5606
3509502;18;2;9987
3509502;18;3;15873
3509502;18;4;483
3509502;20;1;16415
3509502;20;2;18017
3509502;20;3;51899
3509502;20;4;9386
3509502;25;1;17322
3509502;25;2;17086
3509502;25;3;42591
3509502;25;4;26145
3509502;30;1;20834
3509502;30;2;15267
3509502;30;3;33780
3509502;30;4;25777
3509502;35;1;23218
3509502;35;2;14905
3509502;35;3;26159
3509502;35;4;19082
3509502;40;1;25429
3509502;40;2;13442
3509502;40;3;21749
3509502;40;4;18058
3509502;45;1;24682
3509502;45;2;12284
3509502;45;3;19238
3509502;45;4;16761
3509502;50;1;26371
3509502;50;2;10522
3509502;50;3;16075
3509502;50;4;14418
3509502;55;1;24397
3509502;55;2;8122
3509502;55;3;11081
3509502;55;4;10173
3509502;60;1;39948
3509502;60;2;9071
3509502;60;3;12248
3509502;60;4;11476
3509502;70;1;41422
3509502;70;2;5869
3509502;70;3;6993
3509502;70;4;5733
3509601;10;1;6027
3509601;10;2;308
3509601;10;3;0
3509601;10;4;0
3509601;15;1;1119
3509601;15;2;2770
3509601;15;3;161
3509601;15;4;0
3509601;18;1;256
3509601;18;2;689
3509601;18;3;1440
3509601;18;4;38
3509601;20;1;785
3509601;20;2;1380
3509601;20;3;4070
3509601;20;4;455
3509601;25;1;1182
3509601;25;2;1086
3509601;25;3;3781
3509601;25;4;739
3509601;30;1;1421
3509601;30;2;1154
3509601;30;3;2915
3509601;30;4;700
3509601;35;1;2080
3509601;35;2;1078
3509601;35;3;2123
3509601;35;4;506
3509601;40;1;2011
3509601;40;2;977
3509601;40;3;1832
3509601;40;4;436
3509601;45;1;2123
3509601;45;2;1012
3509601;45;3;1361
3509601;45;4;411
3509601;50;1;2017
3509601;50;2;923
3509601;50;3;996
3509601;50;4;289
3509601;55;1;2079
3509601;55;2;552
3509601;55;3;833
3509601;55;4;201
3509601;60;1;2911
3509601;60;2;526
3509601;60;3;437
3509601;60;4;256
3509601;70;1;2287
3509601;70;2;154
3509601;70;3;224
3509601;70;4;15
3510153;10;1;431
3510153;10;2;19
3510153;10;3;0
3510153;10;4;0
3510153;15;1;93
3510153;15;2;123
3510153;15;3;16
3510153;15;4;0
3510153;18;1;39
3510153;18;2;43
3510153;18;3;56
3510153;18;4;0
3510153;20;1;83
3510153;20;2;83
3510153;20;3;188
3510153;20;4;0
3510153;25;1;112
3510153;25;2;107
3510153;25;3;167
3510153;25;4;8
3510153;30;1;189
3510153;30;2;73
3510153;30;3;103
3510153;30;4;11
3510153;35;1;187
3510153;35;2;45
3510153;35;3;76
3510153;35;4;11
3510153;40;1;162
3510153;40;2;35
3510153;40;3;26
3510153;40;4;24
3510153;45;1;183
3510153;45;2;21
3510153;45;3;39
3510153;45;4;12
3510153;50;1;159
3510153;50;2;18
3510153;50;3;15
3510153;50;4;13
3510153;55;1;128
3510153;55;2;22
3510153;55;3;10
3510153;55;4;4
3510153;60;1;219
3510153;60;2;5
3510153;60;3;10
3510153;60;4;3
3510153;70;1;162
3510153;70;2;5
3510153;70;3;2
3510153;70;4;0
3510500;10;1;8091
3510500;10;2;550
3510500;10;3;71
3510500;10;4;0
3510500;15;1;1562
3510500;15;2;3157
3510500;15;3;359
3510500;15;4;0
3510500;18;1;659
3510500;18;2;1189
3510500;18;3;1428
3510500;18;4;52
3510500;20;1;1740
3510500;20;2;1859
3510500;20;3;4361
3510500;20;4;466
3510500;25;1;1856
3510500;25;2;1554
3510500;25;3;3942
3510500;25;4;1001
3510500;30;1;2645
3510500;30;2;1493
3510500;30;3;3481
3510500;30;4;1081
3510500;35;1;2905
3510500;35;2;1337
3510500;35;3;2748
3510500;35;4;825
3510500;40;1;3012
3510500;40;2;1363
3510500;40;3;1893
3510500;40;4;837
3510500;45;1;2582
3510500;45;2;1067
3510500;45;3;1618
3510500;45;4;801
3510500;50;1;2600
3510500;50;2;1082
3510500;50;3;1228
3510500;50;4;568
3510500;55;1;2831
3510500;55;2;631
3510500;55;3;1187
3510500;55;4;441
3510500;60;1;3937
3510500;60;2;915
3510500;60;3;1049
3510500;60;4;800
3510500;70;1;3398
3510500;70;2;405
3510500;70;3;456
3510500;70;4;420
3510609;10;1;30230
3510609;10;2;1769
3510609;10;3;80
3510609;10;4;0
3510609;15;1;5534
3510609;15;2;11415
3510609;15;3;950
3510609;15;4;36
3510609;18;1;2256
3510609;18;2;3712
3510609;18;3;5532
3510609;18;4;148
3510609;20;1;6334
3510609;20;2;6999
3510609;20;3;18622
3510609;20;4;1925
3510609;25;1;7312
3510609;25;2;7241
3510609;25;3;17694
3510609;25;4;3749
3510609;30;1;9512
3510609;30;2;6434
3510609;30;3;13826
3510609;30;4;3413
3510609;35;1;10470
3510609;35;2;5974
3510609;35;3;10521
3510609;35;4;2410
3510609;40;1;11076
3510609;40;2;5170
3510609;40;3;7578
3510609;40;4;2055
3510609;45;1;11168
3510609;45;2;4296
3510609;45;3;5268
3510609;45;4;1368
3510609;50;1;11687
3510609;50;2;3730
3510609;50;3;3523
3510609;50;4;875
3510609;55;1;10532
3510609;55;2;2593
3510609;55;3;2149
3510609;55;4;665
3510609;60;1;14687
3510609;60;2;2056
3510609;60;3;1657
3510609;60;4;695
3510609;70;1;9078
3510609;70;2;757
3510609;70;3;443
3510609;70;4;190
3511102;10;1;7402
3511102;10;2;344
3511102;10;3;0
3511102;10;4;0
3511102;15;1;1130
3511102;15;2;3642
3511102;15;3;186
3511102;15;4;0
3511102;18;1;544
3511102;18;2;1044
3511102;18;3;1846
3511102;18;4;24
3511102;20;1;1056
3511102;20;2;1883
3511102;20;3;5671
3511102;20;4;756
3511102;25;1;1454
3511102;25;2;1909
3511102;25;3;4349
3511102;25;4;2144
3511102;30;1;2106
3511102;30;2;1919
3511102;30;3;3452
3511102;30;4;1589
3511102;35;1;2719
3511102;35;2;1709
3511102;35;3;2526
3511102;35;4;1451
3511102;40;1;3152
3511102;40;2;1797
3511102;40;3;2238
3511102;40;4;1325
3511102;45;1;3258
3511102;45;2;1406
3511102;45;3;2290
3511102;45;4;1045
3511102;50;1;3437
3511102;50;2;1106
3511102;50;3;1664
3511102;50;4;1039
3511102;55;1;3522
3511102;55;2;1038
3511102;55;3;912
3511102;55;4;698
3511102;60;1;6046
3511102;60;2;741
3511102;60;3;789
3511102;60;4;1103
3511102;70;1;6614
3511102;70;2;536
3511102;70;3;428
3511102;70;4;641
3511201;10;1;509
3511201;10;2;0
3511201;10;3;1
3511201;10;4;0
3511201;15;1;99
3511201;15;2;189
3511201;15;3;13
3511201;15;4;0
3511201;18;1;48
3511201;18;2;40
3511201;18;3;172
3511201;18;4;0
3511201;20;1;100
3511201;20;2;139
3511201;20;3;346
3511201;20;4;25
3511201;25;1;142
3511201;25;2;154
3511201;25;3;333
3511201;25;4;35
3511201;30;1;231
3511201;30;2;126
3511201;30;3;196
3511201;30;4;37
3511201;35;1;258
3511201;35;2;92
3511201;35;3;156
3511201;35;4;24
3511201;40;1;350
3511201;40;2;104
3511201;40;3;79
3511201;40;4;22
3511201;45;1;367
3511201;45;2;64
3511201;45;3;75
3511201;45;4;10
3511201;50;1;279
3511201;50;2;87
3511201;50;3;62
3511201;50;4;20
3511201;55;1;264
3511201;55;2;13
3511201;55;3;41
3511201;55;4;16
3511201;60;1;408
3511201;60;2;29
3511201;60;3;8
3511201;60;4;15
3511201;70;1;395
3511201;70;2;25
3511201;70;3;3
3511201;70;4;0
3511300;10;1;555
3511300;10;2;10
3511300;10;3;0
3511300;10;4;0
3511300;15;1;129
3511300;15;2;166
3511300;15;3;15
3511300;15;4;0
3511300;18;1;28
3511300;18;2;76
3511300;18;3;132
3511300;18;4;4
3511300;20;1;78
3511300;20;2;123
3511300;20;3;359
3511300;20;4;65
3511300;25;1;125
3511300;25;2;117
3511300;25;3;276
3511300;25;4;104
3511300;30;1;135
3511300;30;2;116
3511300;30;3;310
3511300;30;4;106
3511300;35;1;190
3511300;35;2;129
3511300;35;3;165
3511300;35;4;112
3511300;40;1;254
3511300;40;2;126
3511300;40;3;186
3511300;40;4;29
3511300;45;1;257
3511300;45;2;109
3511300;45;3;92
3511300;45;4;62
3511300;50;1;294
3511300;50;2;90
3511300;50;3;81
3511300;50;4;45
3511300;55;1;264
3511300;55;2;55
3511300;55;3;44
3511300;55;4;35
3511300;60;1;551
3511300;60;2;17
3511300;60;3;49
3511300;60;4;71
3511300;70;1;544
3511300;70;2;57
3511300;70;3;66
3511300;70;4;27
3511706;10;1;1226
3511706;10;2;35
3511706;10;3;0
3511706;10;4;0
3511706;15;1;147
3511706;15;2;519
3511706;15;3;41
3511706;15;4;0
3511706;18;1;111
3511706;18;2;229
3511706;18;3;264
3511706;18;4;10
3511706;20;1;388
3511706;20;2;278
3511706;20;3;688
3511706;20;4;87
3511706;25;1;260
3511706;25;2;306
3511706;25;3;624
3511706;25;4;179
3511706;30;1;451
3511706;30;2;265
3511706;30;3;381
3511706;30;4;106
3511706;35;1;567
3511706;35;2;177
3511706;35;3;359
3511706;35;4;63
3511706;40;1;566
3511706;40;2;172
3511706;40;3;174
3511706;40;4;48
3511706;45;1;525
3511706;45;2;173
3511706;45;3;198
3511706;45;4;52
3511706;50;1;467
3511706;50;2;189
3511706;50;3;121
3511706;50;4;60
3511706;55;1;491
3511706;55;2;78
3511706;55;3;46
3511706;55;4;48
3511706;60;1;791
3511706;60;2;84
3511706;60;3;59
3511706;60;4;28
3511706;70;1;695
3511706;70;2;36
3511706;70;3;25
3511706;70;4;11
3512506;10;1;370
3512506;10;2;31
3512506;10;3;0
3512506;10;4;0
3512506;15;1;72
3512506;15;2;181
3512506;15;3;16
3512506;15;4;0
3512506;18;1;39
3512506;18;2;54
3512506;18;3;75
3512506;18;4;3
3512506;20;1;102
3512506;20;2;129
3512506;20;3;164
3512506;20;4;41
3512506;25;1;100
3512506;25;2;92
3512506;25;3;164
3512506;25;4;76
3512506;30;1;184
3512506;30;2;121
3512506;30;3;99
3512506;30;4;29
3512506;35;1;180
3512506;35;2;114
3512506;35;3;90
3512506;35;4;34
3512506;40;1;180
3512506;40;2;83
3512506;40;3;63
3512506;40;4;35
3512506;45;1;194
3512506;45;2;62
3512506;45;3;56
3512506;45;4;41
3512506;50;1;212
3512506;50;2;60
3512506;50;3;46
3512506;50;4;18
3512506;55;1;199
3512506;55;2;32
3512506;55;3;19
3512506;55;4;23
3512506;60;1;308
3512506;60;2;27
3512506;60;3;8
3512506;60;4;11
3512506;70;1;289
3512506;70;2;0
3512506;70;3;6
3512506;70;4;6
3512803;10;1;4618
3512803;10;2;149
3512803;10;3;0
3512803;10;4;0
3512803;15;1;904
3512803;15;2;1695
3512803;15;3;159
3512803;15;4;0
3512803;18;1;283
3512803;18;2;746
3512803;18;3;1010
3512803;18;4;51
3512803;20;1;984
3512803;20;2;993
3512803;20;3;3186
3512803;20;4;306
3512803;25;1;1366
3512803;25;2;1175
3512803;25;3;2575
3512803;25;4;555
3512803;30;1;1409
3512803;30;2;1244
3512803;30;3;2160
3512803;30;4;447
3512803;35;1;1728
3512803;35;2;949
3512803;35;3;1537
3512803;35;4;391
3512803;40;1;2034
3512803;40;2;844
3512803;40;3;1066
3512803;40;4;369
3512803;45;1;1959
3512803;45;2;797
3512803;45;3;781
3512803;45;4;368
3512803;50;1;1924
3512803;50;2;589
3512803;50;3;513
3512803;50;4;168
3512803;55;1;1510
3512803;55;2;424
3512803;55;3;325
3512803;55;4;120
3512803;60;1;2520
3512803;60;2;374
3512803;60;3;243
3512803;60;4;65
3512803;70;1;2062
3512803;70;2;71
3512803;70;3;105
3512803;70;4;43
3513009;10;1;17229
3513009;10;2;943
3513009;10;3;0
3513009;10;4;0
3513009;15;1;3285
3513009;15;2;5931
3513009;15;3;607
3513009;15;4;0
3513009;18;1;1142
3513009;18;2;2355
3513009;18;3;2783
3513009;18;4;107
3513009;20;1;3132
3513009;20;2;3957
3513009;20;3;8562
3513009;20;4;1267
3513009;25;1;3750
3513009;25;2;3681
3513009;25;3;8067
3513009;25;4;2993
3513009;30;1;5007
3513009;30;2;3332
3513009;30;3;6343
3513009;30;4;3178
3513009;35;1;5738
3513009;35;2;2675
3513009;35;3;4996
3513009;35;4;2759
3513009;40;1;5746
3513009;40;2;2763
3513009;40;3;3891
3513009;40;4;2369
3513009;45;1;5281
3513009;45;2;2085
3513009;45;3;3324
3513009;45;4;2248
3513009;50;1;5506
3513009;50;2;1855
3513009;50;3;1894
3513009;50;4;1620
3513009;55;1;4856
3513009;55;2;1134
3513009;55;3;1422
3513009;55;4;1343
3513009;60;1;6175
3513009;60;2;1063
3513009;60;3;1273
3513009;60;4;1372
3513009;70;1;4649
3513009;70;2;594
3513009;70;3;581
3513009;70;4;455
3513108;10;1;2520
3513108;10;2;160
3513108;10;3;0
3513108;10;4;0
3513108;15;1;447
3513108;15;2;1064
3513108;15;3;67
3513108;15;4;0
3513108;18;1;256
3513108;18;2;357
3513108;18;3;540
3513108;18;4;0
3513108;20;1;582
3513108;20;2;689
3513108;20;3;1422
3513108;20;4;158
3513108;25;1;616
3513108;25;2;442
3513108;25;3;1472
3513108;25;4;338
3513108;30;1;814
3513108;30;2;572
3513108;30;3;977
3513108;30;4;230
3513108;35;1;1070
3513108;35;2;403
3513108;35;3;626
3513108;35;4;263
3513108;40;1;1054
3513108;40;2;452
3513108;40;3;538
3513108;40;4;187
3513108;45;1;1031
3513108;45;2;347
3513108;45;3;527
3513108;45;4;136
3513108;50;1;1098
3513108;50;2;326
3513108;50;3;446
3513108;50;4;94
3513108;55;1;960
3513108;55;2;140
3513108;55;3;130
3513108;55;4;135
3513108;60;1;1646
3513108;60;2;95
3513108;60;3;157
3513108;60;4;88
3513108;70;1;1384
3513108;70;2;167
3513108;70;3;99
3513108;70;4;0
3513207;10;1;624
3513207;10;2;14
3513207;10;3;0
3513207;10;4;0
3513207;15;1;109
3513207;15;2;281
3513207;15;3;21
3513207;15;4;0
3513207;18;1;40
3513207;18;2;86
3513207;18;3;143
3513207;18;4;0
3513207;20;1;116
3513207;20;2;169
3513207;20;3;328
3513207;20;4;53
3513207;25;1;172
3513207;25;2;141
3513207;25;3;290
3513207;25;4;69
3513207;30;1;231
3513207;30;2;84
3513207;30;3;236
3513207;30;4;46
3513207;35;1;276
3513207;35;2;73
3513207;35;3;136
3513207;35;4;44
3513207;40;1;265
3513207;40;2;90
3513207;40;3;55
3513207;40;4;74
3513207;45;1;330
3513207;45;2;50
3513207;45;3;87
3513207;45;4;53
3513207;50;1;302
3513207;50;2;72
3513207;50;3;80
3513207;50;4;26
3513207;55;1;270
3513207;55;2;31
3513207;55;3;52
3513207;55;4;34
3513207;60;1;381
3513207;60;2;32
3513207;60;3;46
3513207;60;4;16
3513207;70;1;338
3513207;70;2;4
3513207;70;3;36
3513207;70;4;14
3513504;10;1;9935
3513504;10;2;320
3513504;10;3;11
3513504;10;4;0
3513504;15;1;2395
3513504;15;2;3145
3513504;15;3;236
3513504;15;4;9
3513504;18;1;976
3513504;18;2;1389
3513504;18;3;1793
3513504;18;4;33
3513504;20;1;2319
3513504;20;2;2279
3513504;20;3;5926
3513504;20;4;459
3513504;25;1;2619
3513504;25;2;2214
3513504;25;3;5774
3513504;25;4;864
3513504;30;1;2979
3513504;30;2;2010
3513504;30;3;4681
3513504;30;4;768
3513504;35;1;3464
3513504;35;2;1651
3513504;35;3;3380
3513504;35;4;630
3513504;40;1;3915
3513504;40;2;1438
3513504;40;3;2913
3513504;40;4;668
3513504;45;1;3543
3513504;45;2;1316
3513504;45;3;2355
3513504;45;4;670
3513504;50;1;3512
3513504;50;2;944
3513504;50;3;1554
3513504;50;4;537
3513504;55;1;3145
3513504;55;2;598
3513504;55;3;867
3513504;55;4;243
3513504;60;1;4414
3513504;60;2;535
3513504;60;3;517
3513504;60;4;190
3513504;70;1;3356
3513504;70;2;225
3513504;70;3;147
3513504;70;4;51
3513801;10;1;31896
3513801;10;2;1157
3513801;10;3;19
3513801;10;4;0
3513801;15;1;5607
3513801;15;2;12291
3513801;15;3;764
3513801;15;4;11
3513801;18;1;2261
3513801;18;2;4064
3513801;18;3;6121
3513801;18;4;188
3513801;20;1;5826
3513801;20;2;8291
3513801;20;3;20113
3513801;20;4;2451
3513801;25;1;6829
3513801;25;2;7552
3513801;25;3;19408
3513801;25;4;4186
3513801;30;1;9274
3513801;30;2;7226
3513801;30;3;15208
3513801;30;4;3336
3513801;35;1;10576
3513801;35;2;6704
3513801;35;3;11632
3513801;35;4;2534
3513801;40;1;11297
3513801;40;2;5727
3513801;40;3;9602
3513801;40;4;2260
3513801;45;1;11462
3513801;45;2;5140
3513801;45;3;6566
3513801;45;4;1344
3513801;50;1;11263
3513801;50;2;3869
3513801;50;3;4085
3513801;50;4;1078
3513801;55;1;10514
3513801;55;2;2949
3513801;55;3;2318
3513801;55;4;632
3513801;60;1;13886
3513801;60;2;2318
3513801;60;3;1832
3513801;60;4;499
3513801;70;1;9498
3513801;70;2;866
3513801;70;3;485
3513801;70;4;184
3514924;10;1;215
3514924;10;2;10
3514924;10;3;3
3514924;10;4;0
3514924;15;1;26
3514924;15;2;132
3514924;15;3;3
3514924;15;4;0
3514924;18;1;8
3514924;18;2;28
3514924;18;3;42
3514924;18;4;0
3514924;20;1;42
3514924;20;2;72
3514924;20;3;151
3514924;20;4;11
3514924;25;1;79
3514924;25;2;78
3514924;25;3;118
3514924;25;4;15
3514924;30;1;81
3514924;30;2;66
3514924;30;3;112
3514924;30;4;23
3514924;35;1;142
3514924;35;2;38
3514924;35;3;67
3514924;35;4;9
3514924;40;1;97
3514924;40;2;47
3514924;40;3;57
3514924;40;4;6
3514924;45;1;105
3514924;45;2;58
3514924;45;3;11
3514924;45;4;6
3514924;50;1;114
3514924;50;2;33
3514924;50;3;30
3514924;50;4;3
3514924;55;1;117
3514924;55;2;16
3514924;55;3;34
3514924;55;4;0
3514924;60;1;203
3514924;60;2;13
3514924;60;3;7
3514924;60;4;0
3514924;70;1;222
3514924;70;2;11
3514924;70;3;0
3514924;70;4;0
3514957;10;1;154
3514957;10;2;7
3514957;10;3;0
3514957;10;4;0
3514957;15;1;48
3514957;15;2;48
3514957;15;3;13
3514957;15;4;0
3514957;18;1;5
3514957;18;2;22
3514957;18;3;40
3514957;18;4;0
3514957;20;1;36
3514957;20;2;47
3514957;20;3;126
3514957;20;4;2
3514957;25;1;52
3514957;25;2;35
3514957;25;3;120
3514957;25;4;18
3514957;30;1;63
3514957;30;2;39
3514957;30;3;75
3514957;30;4;10
3514957;35;1;81
3514957;35;2;25
3514957;35;3;50
3514957;35;4;9
3514957;40;1;116
3514957;40;2;26
3514957;40;3;41
3514957;40;4;11
3514957;45;1;104
3514957;45;2;30
3514957;45;3;37
3514957;45;4;0
3514957;50;1;106
3514957;50;2;19
3514957;50;3;17
3514957;50;4;2
3514957;55;1;118
3514957;55;2;8
3514957;55;3;6
3514957;55;4;0
3514957;60;1;186
3514957;60;2;2
3514957;60;3;2
3514957;60;4;0
3514957;70;1;175
3514957;70;2;0
3514957;70;3;0
3514957;70;4;0
3515004;10;1;21913
3515004;10;2;1064
3515004;10;3;19
3515004;10;4;0
3515004;15;1;4574
3515004;15;2;7804
3515004;15;3;620
3515004;15;4;12
3515004;18;1;1871
3515004;18;2;2751
3515004;18;3;3254
3515004;18;4;68
3515004;20;1;4504
3515004;20;2;5820
3515004;20;3;10743
3515004;20;4;1096
3515004;25;1;4999
3515004;25;2;5483
3515004;25;3;10932
3515004;25;4;1751
3515004;30;1;6912
3515004;30;2;5120
3515004;30;3;8748
3515004;30;4;1554
3515004;35;1;8223
3515004;35;2;4667
3515004;35;3;5338
3515004;35;4;1154
3515004;40;1;8491
3515004;40;2;3510
3515004;40;3;3901
3515004;40;4;1068
3515004;45;1;7432
3515004;45;2;2803
3515004;45;3;2833
3515004;45;4;606
3515004;50;1;7588
3515004;50;2;1981
3515004;50;3;1854
3515004;50;4;477
3515004;55;1;6788
3515004;55;2;1286
3515004;55;3;1072
3515004;55;4;433
3515004;60;1;8835
3515004;60;2;1164
3515004;60;3;749
3515004;60;4;352
3515004;70;1;4466
3515004;70;2;453
3515004;70;3;206
3515004;70;4;98
3515103;10;1;5715
3515103;10;2;373
3515103;10;3;22
3515103;10;4;0
3515103;15;1;989
3515103;15;2;2013
3515103;15;3;234
3515103;15;4;0
3515103;18;1;305
3515103;18;2;728
3515103;18;3;1125
3515103;18;4;22
3515103;20;1;974
3515103;20;2;1444
3515103;20;3;2829
3515103;20;4;232
3515103;25;1;991
3515103;25;2;1184
3515103;25;3;2781
3515103;25;4;446
3515103;30;1;1169
3515103;30;2;1272
3515103;30;3;2362
3515103;30;4;472
3515103;35;1;1605
3515103;35;2;1027
3515103;35;3;1718
3515103;35;4;398
3515103;40;1;1591
3515103;40;2;886
3515103;40;3;1385
3515103;40;4;412
3515103;45;1;1801
3515103;45;2;911
3515103;45;3;815
3515103;45;4;302
3515103;50;1;2122
3515103;50;2;641
3515103;50;3;455
3515103;50;4;238
3515103;55;1;1841
3515103;55;2;304
3515103;55;3;403
3515103;55;4;100
3515103;60;1;2860
3515103;60;2;269
3515103;60;3;280
3515103;60;4;226
3515103;70;1;2082
3515103;70;2;206
3515103;70;3;134
3515103;70;4;92
3515129;10;1;205
3515129;10;2;8
3515129;10;3;0
3515129;10;4;0
3515129;15;1;29
3515129;15;2;124
3515129;15;3;0
3515129;15;4;0
3515129;18;1;8
3515129;18;2;24
3515129;18;3;64
3515129;18;4;0
3515129;20;1;47
3515129;20;2;46
3515129;20;3;142
3515129;20;4;12
3515129;25;1;47
3515129;25;2;42
3515129;25;3;98
3515129;25;4;23
3515129;30;1;81
3515129;30;2;24
3515129;30;3;103
3515129;30;4;15
3515129;35;1;107
3515129;35;2;40
3515129;35;3;67
3515129;35;4;17
3515129;40;1;121
3515129;40;2;19
3515129;40;3;64
3515129;40;4;22
3515129;45;1;127
3515129;45;2;29
3515129;45;3;66
3515129;45;4;8
3515129;50;1;111
3515129;50;2;24
3515129;50;3;32
3515129;50;4;6
3515129;55;1;123
3515129;55;2;11
3515129;55;3;21
3515129;55;4;3
3515129;60;1;238
3515129;60;2;7
3515129;60;3;17
3515129;60;4;13
3515129;70;1;208
3515129;70;2;4
3515129;70;3;14
3515129;70;4;0
3515301;10;1;206
3515301;10;2;21
3515301;10;3;0
3515301;10;4;0
3515301;15;1;34
3515301;15;2;113
3515301;15;3;15
3515301;15;4;0
3515301;18;1;16
3515301;18;2;30
3515301;18;3;56
3515301;18;4;0
3515301;20;1;33
3515301;20;2;36
3515301;20;3;148
3515301;20;4;18
3515301;25;1;38
3515301;25;2;33
3515301;25;3;105
3515301;25;4;15
3515301;30;1;52
3515301;30;2;27
3515301;30;3;95
3515301;30;4;9
3515301;35;1;82
3515301;35;2;36
3515301;35;3;59
3515301;35;4;10
3515301;40;1;127
3515301;40;2;25
3515301;40;3;53
3515301;40;4;6
3515301;45;1;130
3515301;45;2;29
3515301;45;3;36
3515301;45;4;11
3515301;50;1;84
3515301;50;2;26
3515301;50;3;31
3515301;50;4;11
3515301;55;1;55
3515301;55;2;15
3515301;55;3;24
3515301;55;4;6
3515301;60;1;141
3515301;60;2;8
3515301;60;3;22
3515301;60;4;1
3515301;70;1;136
3515301;70;2;7
3515301;70;3;5
3515301;70;4;0
3515707;10;1;15493
3515707;10;2;1037
3515707;10;3;57
3515707;10;4;0
3515707;15;1;2830
3515707;15;2;6294
3515707;15;3;354
3515707;15;4;0
3515707;18;1;962
3515707;18;2;1886
3515707;18;3;2861
3515707;18;4;99
3515707;20;1;2615
3515707;20;2;3729
3515707;20;3;8792
3515707;20;4;650
3515707;25;1;3046
3515707;25;2;3268
3515707;25;3;7929
3515707;25;4;1135
3515707;30;1;4456
3515707;30;2;2795
3515707;30;3;5967
3515707;30;4;846
3515707;35;1;5263
3515707;35;2;2475
3515707;35;3;4497
3515707;35;4;850
3515707;40;1;5569
3515707;40;2;2431
3515707;40;3;3509
3515707;40;4;611
3515707;45;1;5330
3515707;45;2;1937
3515707;45;3;2419
3515707;45;4;615
3515707;50;1;5662
3515707;50;2;1486
3515707;50;3;1347
3515707;50;4;315
3515707;55;1;4483
3515707;55;2;969
3515707;55;3;856
3515707;55;4;246
3515707;60;1;6217
3515707;60;2;586
3515707;60;3;538
3515707;60;4;147
3515707;70;1;3874
3515707;70;2;180
3515707;70;3;153
3515707;70;4;51
3516200;10;1;25330
3516200;10;2;1001
3516200;10;3;21
3516200;10;4;0
3516200;15;1;3289
3516200;15;2;11944
3516200;15;3;731
3516200;15;4;0
3516200;18;1;1250
3516200;18;2;3417
3516200;18;3;6288
3516200;18;4;100
3516200;20;1;3273
3516200;20;2;6472
3516200;20;3;16325
3516200;20;4;2439
3516200;25;1;4434
3516200;25;2;5058
3516200;25;3;13189
3516200;25;4;4440
3516200;30;1;6723
3516200;30;2;4684
3516200;30;3;10080
3516200;30;4;3733
3516200;35;1;7521
3516200;35;2;5083
3516200;35;3;7479
3516200;35;4;3670
3516200;40;1;8674
3516200;40;2;4621
3516200;40;3;7066
3516200;40;4;2999
3516200;45;1;9420
3516200;45;2;4396
3516200;45;3;5388
3516200;45;4;2797
3516200;50;1;8629
3516200;50;2;3476
3516200;50;3;3943
3516200;50;4;2433
3516200;55;1;9196
3516200;55;2;2391
3516200;55;3;2468
3516200;55;4;1763
3516200;60;1;14212
3516200;60;2;2206
3516200;60;3;2055
3516200;60;4;2232
3516200;70;1;12219
3516200;70;2;1052
3516200;70;3;1058
3516200;70;4;1186
3516309;10;1;15471
3516309;10;2;963
3516309;10;3;30
3516309;10;4;0
3516309;15;1;2669
3516309;15;2;5639
3516309;15;3;327
3516309;15;4;17
3516309;18;1;1170
3516309;18;2;2085
3516309;18;3;2052
3516309;18;4;62
3516309;20;1;3308
3516309;20;2;3867
3516309;20;3;7147
3516309;20;4;542
3516309;25;1;3633
3516309;25;2;3250
3516309;25;3;6924
3516309;25;4;656
3516309;30;1;4937
3516309;30;2;3024
3516309;30;3;4250
3516309;30;4;577
3516309;35;1;5488
3516309;35;2;2391
3516309;35;3;2702
3516309;35;4;466
3516309;40;1;6132
3516309;40;2;2002
3516309;40;3;1729
3516309;40;4;216
3516309;45;1;5871
3516309;45;2;1380
3516309;45;3;1276
3516309;45;4;143
3516309;50;1;6039
3516309;50;2;1127
3516309;50;3;733
3516309;50;4;127
3516309;55;1;4843
3516309;55;2;795
3516309;55;3;426
3516309;55;4;43
3516309;60;1;5507
3516309;60;2;489
3516309;60;3;424
3516309;60;4;38
3516309;70;1;3115
3516309;70;2;264
3516309;70;3;74
3516309;70;4;11
3516408;10;1;10996
3516408;10;2;669
3516408;10;3;15
3516408;10;4;0
3516408;15;1;2243
3516408;15;2;3949
3516408;15;3;342
3516408;15;4;25
3516408;18;1;1311
3516408;18;2;1174
3516408;18;3;1911
3516408;18;4;73
3516408;20;1;4082
3516408;20;2;2642
3516408;20;3;5884
3516408;20;4;543
3516408;25;1;4636
3516408;25;2;1903
3516408;25;3;6182
3516408;25;4;996
3516408;30;1;4414
3516408;30;2;2365
3516408;30;3;4464
3516408;30;4;1070
3516408;35;1;4689
3516408;35;2;1726
3516408;35;3;3077
3516408;35;4;725
3516408;40;1;4349
3516408;40;2;1530
3516408;40;3;2385
3516408;40;4;558
3516408;45;1;4376
3516408;45;2;1299
3516408;45;3;1485
3516408;45;4;283
3516408;50;1;4025
3516408;50;2;1342
3516408;50;3;1101
3516408;50;4;294
3516408;55;1;4001
3516408;55;2;898
3516408;55;3;556
3516408;55;4;204
3516408;60;1;4930
3516408;60;2;808
3516408;60;3;493
3516408;60;4;173
3516408;70;1;3149
3516408;70;2;251
3516408;70;3;141
3516408;70;4;65
3516853;10;1;354
3516853;10;2;7
3516853;10;3;0
3516853;10;4;0
3516853;15;1;70
3516853;15;2;170
3516853;15;3;2
3516853;15;4;0
3516853;18;1;3
3516853;18;2;73
3516853;18;3;88
3516853;18;4;0
3516853;20;1;87
3516853;20;2;120
3516853;20;3;224
3516853;20;4;6
3516853;25;1;124
3516853;25;2;113
3516853;25;3;126
3516853;25;4;41
3516853;30;1;146
3516853;30;2;67
3516853;30;3;114
3516853;30;4;19
3516853;35;1;153
3516853;35;2;73
3516853;35;3;109
3516853;35;4;8
3516853;40;1;185
3516853;40;2;70
3516853;40;3;53
3516853;40;4;12
3516853;45;1;184
3516853;45;2;46
3516853;45;3;37
3516853;45;4;9
3516853;50;1;151
3516853;50;2;17
3516853;50;3;12
3516853;50;4;5
3516853;55;1;174
3516853;55;2;25
3516853;55;3;7
3516853;55;4;0
3516853;60;1;211
3516853;60;2;13
3516853;60;3;13
3516853;60;4;0
3516853;70;1;208
3516853;70;2;3
3516853;70;3;6
3516853;70;4;7
3517505;10;1;1223
3517505;10;2;63
3517505;10;3;0
3517505;10;4;0
3517505;15;1;346
3517505;15;2;395
3517505;15;3;32
3517505;15;4;6
3517505;18;1;139
3517505;18;2;170
3517505;18;3;181
3517505;18;4;5
3517505;20;1;451
3517505;20;2;433
3517505;20;3;668
3517505;20;4;113
3517505;25;1;413
3517505;25;2;412
3517505;25;3;528
3517505;25;4;201
3517505;30;1;541
3517505;30;2;355
3517505;30;3;474
3517505;30;4;153
3517505;35;1;714
3517505;35;2;264
3517505;35;3;364
3517505;35;4;88
3517505;40;1;759
3517505;40;2;296
3517505;40;3;209
3517505;40;4;149
3517505;45;1;848
3517505;45;2;174
3517505;45;3;136
3517505;45;4;82
3517505;50;1;753
3517505;50;2;140
3517505;50;3;143
3517505;50;4;74
3517505;55;1;604
3517505;55;2;121
3517505;55;3;50
3517505;55;4;59
3517505;60;1;1078
3517505;60;2;73
3517505;60;3;66
3517505;60;4;60
3517505;70;1;910
3517505;70;2;53
3517505;70;3;19
3517505;70;4;20
3518404;10;1;8208
3518404;10;2;488
3518404;10;3;0
3518404;10;4;0
3518404;15;1;1528
3518404;15;2;3516
3518404;15;3;372
3518404;15;4;0
3518404;18;1;361
3518404;18;2;1234
3518404;18;3;2027
3518404;18;4;71
3518404;20;1;1345
3518404;20;2;1987
3518404;20;3;5417
3518404;20;4;573
3518404;25;1;1261
3518404;25;2;1554
3518404;25;3;4886
3518404;25;4;1639
3518404;30;1;1576
3518404;30;2;1586
3518404;30;3;4180
3518404;30;4;1553
3518404;35;1;2300
3518404;35;2;1370
3518404;35;3;3518
3518404;35;4;1297
3518404;40;1;2763
3518404;40;2;1299
3518404;40;3;2978
3518404;40;4;1164
3518404;45;1;2789
3518404;45;2;1545
3518404;45;3;2438
3518404;45;4;1378
3518404;50;1;2799
3518404;50;2;1249
3518404;50;3;1686
3518404;50;4;1225
3518404;55;1;2893
3518404;55;2;930
3518404;55;3;1109
3518404;55;4;1165
3518404;60;1;4748
3518404;60;2;956
3518404;60;3;1098
3518404;60;4;1336
3518404;70;1;4613
3518404;70;2;537
3518404;70;3;708
3518404;70;4;564
3518701;10;1;25373
3518701;10;2;922
3518701;10;3;48
3518701;10;4;0
3518701;15;1;5859
3518701;15;2;8873
3518701;15;3;662
3518701;15;4;0
3518701;18;1;2147
3518701;18;2;3091
3518701;18;3;4135
3518701;18;4;51
3518701;20;1;5220
3518701;20;2;5939
3518701;20;3;13052
3518701;20;4;1054
3518701;25;1;6046
3518701;25;2;5123
3518701;25;3;12116
3518701;25;4;2334
3518701;30;1;7805
3518701;30;2;5092
3518701;30;3;9393
3518701;30;4;2266
3518701;35;1;8907
3518701;35;2;4175
3518701;35;3;7876
3518701;35;4;1900
3518701;40;1;8922
3518701;40;2;4425
3518701;40;3;5935
3518701;40;4;2125
3518701;45;1;8919
3518701;45;2;3758
3518701;45;3;4472
3518701;45;4;1787
3518701;50;1;8378
3518701;50;2;2986
3518701;50;3;3471
3518701;50;4;1327
3518701;55;1;7693
3518701;55;2;1977
3518701;55;3;1797
3518701;55;4;1043
3518701;60;1;10485
3518701;60;2;2099
3518701;60;3;1779
3518701;60;4;1328
3518701;70;1;8235
3518701;70;2;1050
3518701;70;3;1061
3518701;70;4;533
3518800;10;1;103773
3518800;10;2;5797
3518800;10;3;170
3518800;10;4;0
3518800;15;1;17898
3518800;15;2;38115
3518800;15;3;3449
3518800;15;4;0
3518800;18;1;7464
3518800;18;2;13504
3518800;18;3;18064
3518800;18;4;771
3518800;20;1;19338
3518800;20;2;24580
3518800;20;3;56661
3518800;20;4;8433
3518800;25;1;22470
3518800;25;2;22193
3518800;25;3;52674
3518800;25;4;16004
3518800;30;1;28164
3518800;30;2;20478
3518800;30;3;43092
3518800;30;4;15739
3518800;35;1;31974
3518800;35;2;19948
3518800;35;3;33702
3518800;35;4;12683
3518800;40;1;34844
3518800;40;2;17437
3518800;40;3;27409
3518800;40;4;10676
3518800;45;1;32698
3518800;45;2;15101
3518800;45;3;20466
3518800;45;4;8399
3518800;50;1;32450
3518800;50;2;11894
3518800;50;3;14836
3518800;50;4;6881
3518800;55;1;28100
3518800;55;2;8642
3518800;55;3;9148
3518800;55;4;4417
3518800;60;1;42338
3518800;60;2;8165
3518800;60;3;6922
3518800;60;4;3538
3518800;70;1;30993
3518800;70;2;3485
3518800;70;3;2783
3518800;70;4;989
3519071;10;1;16153
3519071;10;2;790
3519071;10;3;18
3519071;10;4;0
3519071;15;1;2896
3519071;15;2;6511
3519071;15;3;382
3519071;15;4;10
3519071;18;1;1157
3519071;18;2;2540
3519071;18;3;2978
3519071;18;4;46
3519071;20;1;3553
3519071;20;2;4334
3519071;20;3;10154
3519071;20;4;921
3519071;25;1;3986
3519071;25;2;3895
3519071;25;3;9135
3519071;25;4;1528
3519071;30;1;5386
3519071;30;2;3448
3519071;30;3;7135
3519071;30;4;1323
3519071;35;1;5768
3519071;35;2;3462
3519071;35;3;5225
3519071;35;4;1094
3519071;40;1;6236
3519071;40;2;3229
3519071;40;3;4012
3519071;40;4;805
3519071;45;1;6257
3519071;45;2;2440
3519071;45;3;2968
3519071;45;4;727
3519071;50;1;6158
3519071;50;2;1894
3519071;50;3;1803
3519071;50;4;392
3519071;55;1;5443
3519071;55;2;1052
3519071;55;3;1035
3519071;55;4;277
3519071;60;1;7061
3519071;60;2;907
3519071;60;3;522
3519071;60;4;262
3519071;70;1;5171
3519071;70;2;362
3519071;70;3;177
3519071;70;4;87
3519303;10;1;2507
3519303;10;2;186
3519303;10;3;0
3519303;10;4;0
3519303;15;1;528
3519303;15;2;833
3519303;15;3;97
3519303;15;4;0
3519303;18;1;334
3519303;18;2;406
3519303;18;3;352
3519303;18;4;23
3519303;20;1;639
3519303;20;2;970
3519303;20;3;1434
3519303;20;4;121
3519303;25;1;945
3519303;25;2;783
3519303;25;3;1124
3519303;25;4;162
3519303;30;1;1154
3519303;30;2;593
3519303;30;3;793
3519303;30;4;125
3519303;35;1;1138
3519303;35;2;470
3519303;35;3;476
3519303;35;4;172
3519303;40;1;1314
3519303;40;2;279
3519303;40;3;389
3519303;40;4;109
3519303;45;1;1270
3519303;45;2;324
3519303;45;3;285
3519303;45;4;72
3519303;50;1;1003
3519303;50;2;260
3519303;50;3;136
3519303;50;4;43
3519303;55;1;999
3519303;55;2;178
3519303;55;3;97
3519303;55;4;28
3519303;60;1;1332
3519303;60;2;85
3519303;60;3;96
3519303;60;4;0
3519303;70;1;1112
3519303;70;2;36
3519303;70;3;20
3519303;70;4;0
3520400;10;1;2221
3520400;10;2;187
3520400;10;3;0
3520400;10;4;0
3520400;15;1;611
3520400;15;2;762
3520400;15;3;153
3520400;15;4;0
3520400;18;1;260
3520400;18;2;215
3520400;18;3;476
3520400;18;4;0
3520400;20;1;574
3520400;20;2;665
3520400;20;3;1245
3520400;20;4;122
3520400;25;1;846
3520400;25;2;673
3520400;25;3;1237
3520400;25;4;181
3520400;30;1;1128
3520400;30;2;437
3520400;30;3;1033
3520400;30;4;262
3520400;35;1;902
3520400;35;2;337
3520400;35;3;528
3520400;35;4;181
3520400;40;1;992
3520400;40;2;439
3520400;40;3;456
3520400;40;4;192
3520400;45;1;867
3520400;45;2;275
3520400;45;3;334
3520400;45;4;162
3520400;50;1;620
3520400;50;2;213
3520400;50;3;323
3520400;50;4;242
3520400;55;1;509
3520400;55;2;151
3520400;55;3;240
3520400;55;4;190
3520400;60;1;732
3520400;60;2;181
3520400;60;3;161
3520400;60;4;238
3520400;70;1;464
3520400;70;2;119
3520400;70;3;139
3520400;70;4;99
3520509;10;1;15183
3520509;10;2;456
3520509;10;3;20
3520509;10;4;0
3520509;15;1;2433
3520509;15;2;6633
3520509;15;3;500
3520509;15;4;0
3520509;18;1;975
3520509;18;2;2493
3520509;18;3;3027
3520509;18;4;98
3520509;20;1;2538
3520509;20;2;3558
3520509;20;3;10812
3520509;20;4;1491
3520509;25;1;2624
3520509;25;2;3433
3520509;25;3;9701
3520509;25;4;3477
3520509;30;1;3863
3520509;30;2;2972
3520509;30;3;7668
3520509;30;4;3500
3520509;35;1;4726
3520509;35;2;2911
3520509;35;3;5477
3520509;35;4;2805
3520509;40;1;5208
3520509;40;2;2871
3520509;40;3;4480
3520509;40;4;2490
3520509;45;1;5612
3520509;45;2;2518
3520509;45;3;3874
3520509;45;4;1824
3520509;50;1;5473
3520509;50;2;1887
3520509;50;3;2533
3520509;50;4;1790
3520509;55;1;5327
3520509;55;2;1466
3520509;55;3;1390
3520509;55;4;1158
3520509;60;1;7838
3520509;60;2;1336
3520509;60;3;1539
3520509;60;4;1210
3520509;70;1;7194
3520509;70;2;615
3520509;70;3;875
3520509;70;4;440
3520608;10;1;329
3520608;10;2;28
3520608;10;3;0
3520608;10;4;0
3520608;15;1;34
3520608;15;2;197
3520608;15;3;6
3520608;15;4;0
3520608;18;1;24
3520608;18;2;57
3520608;18;3;80
3520608;18;4;4
3520608;20;1;40
3520608;20;2;42
3520608;20;3;309
3520608;20;4;41
3520608;25;1;52
3520608;25;2;80
3520608;25;3;216
3520608;25;4;29
3520608;30;1;141
3520608;30;2;60
3520608;30;3;166
3520608;30;4;23
3520608;35;1;167
3520608;35;2;79
3520608;35;3;72
3520608;35;4;40
3520608;40;1;186
3520608;40;2;62
3520608;40;3;82
3520608;40;4;31
3520608;45;1;142
3520608;45;2;77
3520608;45;3;91
3520608;45;4;19
3520608;50;1;150
3520608;50;2;32
3520608;50;3;79
3520608;50;4;20
3520608;55;1;173
3520608;55;2;41
3520608;55;3;21
3520608;55;4;13
3520608;60;1;316
3520608;60;2;31
3520608;60;3;26
3520608;60;4;17
3520608;70;1;307
3520608;70;2;6
3520608;70;3;0
3520608;70;4;8
3521101;10;1;489
3521101;10;2;9
3521101;10;3;0
3521101;10;4;0
3521101;15;1;81
3521101;15;2;193
3521101;15;3;13
3521101;15;4;0
3521101;18;1;35
3521101;18;2;87
3521101;18;3;100
3521101;18;4;5
3521101;20;1;140
3521101;20;2;83
3521101;20;3;289
3521101;20;4;37
3521101;25;1;144
3521101;25;2;142
3521101;25;3;199
3521101;25;4;59
3521101;30;1;216
3521101;30;2;109
3521101;30;3;135
3521101;30;4;53
3521101;35;1;247
3521101;35;2;55
3521101;35;3;117
3521101;35;4;39
3521101;40;1;195
3521101;40;2;78
3521101;40;3;77
3521101;40;4;42
3521101;45;1;176
3521101;45;2;60
3521101;45;3;66
3521101;45;4;32
3521101;50;1;159
3521101;50;2;51
3521101;50;3;45
3521101;50;4;18
3521101;55;1;216
3521101;55;2;30
3521101;55;3;27
3521101;55;4;13
3521101;60;1;259
3521101;60;2;31
3521101;60;3;35
3521101;60;4;11
3521101;70;1;269
3521101;70;2;13
3521101;70;3;11
3521101;70;4;19
3521150;10;1;318
3521150;10;2;17
3521150;10;3;0
3521150;10;4;0
3521150;15;1;50
3521150;15;2;134
3521150;15;3;6
3521150;15;4;0
3521150;18;1;25
3521150;18;2;54
3521150;18;3;73
3521150;18;4;4
3521150;20;1;58
3521150;20;2;85
3521150;20;3;192
3521150;20;4;30
3521150;25;1;84
3521150;25;2;83
3521150;25;3;161
3521150;25;4;7
3521150;30;1;128
3521150;30;2;103
3521150;30;3;109
3521150;30;4;22
3521150;35;1;155
3521150;35;2;71
3521150;35;3;83
3521150;35;4;16
3521150;40;1;157
3521150;40;2;101
3521150;40;3;51
3521150;40;4;16
3521150;45;1;185
3521150;45;2;74
3521150;45;3;43
3521150;45;4;0
3521150;50;1;185
3521150;50;2;32
3521150;50;3;31
3521150;50;4;17
3521150;55;1;184
3521150;55;2;35
3521150;55;3;34
3521150;55;4;12
3521150;60;1;324
3521150;60;2;38
3521150;60;3;8
3521150;60;4;7
3521150;70;1;290
3521150;70;2;0
3521150;70;3;3
3521150;70;4;4
3521408;10;1;1475
3521408;10;2;30
3521408;10;3;5
3521408;10;4;0
3521408;15;1;188
3521408;15;2;620
3521408;15;3;42
3521408;15;4;0
3521408;18;1;96
3521408;18;2;202
3521408;18;3;369
3521408;18;4;6
3521408;20;1;231
3521408;20;2;329
3521408;20;3;1175
3521408;20;4;186
3521408;25;1;346
3521408;25;2;399
3521408;25;3;1046
3521408;25;4;239
3521408;30;1;487
3521408;30;2;292
3521408;30;3;696
3521408;30;4;214
3521408;35;1;529
3521408;35;2;311
3521408;35;3;621
3521408;35;4;122
3521408;40;1;529
3521408;40;2;346
3521408;40;3;459
3521408;40;4;120
3521408;45;1;698
3521408;45;2;278
3521408;45;3;292
3521408;45;4;118
3521408;50;1;608
3521408;50;2;206
3521408;50;3;251
3521408;50;4;109
3521408;55;1;607
3521408;55;2;141
3521408;55;3;99
3521408;55;4;69
3521408;60;1;921
3521408;60;2;86
3521408;60;3;71
3521408;60;4;55
3521408;70;1;860
3521408;70;2;26
3521408;70;3;16
3521408;70;4;4
3522109;10;1;7571
3522109;10;2;423
3522109;10;3;0
3522109;10;4;0
3522109;15;1;1359
3522109;15;2;2709
3522109;15;3;221
3522109;15;4;0
3522109;18;1;387
3522109;18;2;1031
3522109;18;3;1178
3522109;18;4;55
3522109;20;1;1028
3522109;20;2;1656
3522109;20;3;3360
3522109;20;4;160
3522109;25;1;1439
3522109;25;2;1182
3522109;25;3;3149
3522109;25;4;521
3522109;30;1;2065
3522109;30;2;1023
3522109;30;3;2516
3522109;30;4;732
3522109;35;1;2334
3522109;35;2;1105
3522109;35;3;1855
3522109;35;4;629
3522109;40;1;2337
3522109;40;2;1082
3522109;40;3;1532
3522109;40;4;507
3522109;45;1;2357
3522109;45;2;907
3522109;45;3;1426
3522109;45;4;607
3522109;50;1;2463
3522109;50;2;974
3522109;50;3;1098
3522109;50;4;544
3522109;55;1;2506
3522109;55;2;888
3522109;55;3;1199
3522109;55;4;486
3522109;60;1;4574
3522109;60;2;915
3522109;60;3;1354
3522109;60;4;684
3522109;70;1;3630
3522109;70;2;586
3522109;70;3;699
3522109;70;4;232
3522208;10;1;13663
3522208;10;2;983
3522208;10;3;43
3522208;10;4;0
3522208;15;1;2331
3522208;15;2;5179
3522208;15;3;583
3522208;15;4;0
3522208;18;1;1029
3522208;18;2;1917
3522208;18;3;2397
3522208;18;4;37
3522208;20;1;2689
3522208;20;2;4086
3522208;20;3;6719
3522208;20;4;818
3522208;25;1;3309
3522208;25;2;3525
3522208;25;3;6849
3522208;25;4;1142
3522208;30;1;4322
3522208;30;2;3211
3522208;30;3;5057
3522208;30;4;848
3522208;35;1;4723
3522208;35;2;2721
3522208;35;3;4214
3522208;35;4;835
3522208;40;1;5498
3522208;40;2;2188
3522208;40;3;2622
3522208;40;4;691
3522208;45;1;4948
3522208;45;2;1660
3522208;45;3;1657
3522208;45;4;589
3522208;50;1;4867
3522208;50;2;1287
3522208;50;3;1037
3522208;50;4;500
3522208;55;1;3939
3522208;55;2;777
3522208;55;3;872
3522208;55;4;279
3522208;60;1;5272
3522208;60;2;728
3522208;60;3;539
3522208;60;4;258
3522208;70;1;3532
3522208;70;2;132
3522208;70;3;203
3522208;70;4;140
3522307;10;1;11898
3522307;10;2;676
3522307;10;3;8
3522307;10;4;0
3522307;15;1;2020
3522307;15;2;5171
3522307;15;3;272
3522307;15;4;7
3522307;18;1;970
3522307;18;2;1463
3522307;18;3;2413
3522307;18;4;42
3522307;20;1;2981
3522307;20;2;3144
3522307;20;3;6202
3522307;20;4;629
3522307;25;1;3391
3522307;25;2;2703
3522307;25;3;5442
3522307;25;4;1617
3522307;30;1;3458
3522307;30;2;2279
3522307;30;3;4468
3522307;30;4;1727
3522307;35;1;3908
3522307;35;2;1891
3522307;35;3;3323
3522307;35;4;1228
3522307;40;1;4043
3522307;40;2;1726
3522307;40;3;2295
3522307;40;4;1364
3522307;45;1;3899
3522307;45;2;1689
3522307;45;3;2189
3522307;45;4;1320
3522307;50;1;4075
3522307;50;2;1507
3522307;50;3;1459
3522307;50;4;1283
3522307;55;1;3630
3522307;55;2;941
3522307;55;3;1088
3522307;55;4;921
3522307;60;1;5736
3522307;60;2;920
3522307;60;3;1116
3522307;60;4;1097
3522307;70;1;5206
3522307;70;2;537
3522307;70;3;631
3522307;70;4;688
3522505;10;1;18912
3522505;10;2;1364
3522505;10;3;22
3522505;10;4;0
3522505;15;1;3837
3522505;15;2;6907
3522505;15;3;716
3522505;15;4;0
3522505;18;1;1642
3522505;18;2;2104
3522505;18;3;3249
3522505;18;4;63
3522505;20;1;3987
3522505;20;2;4177
3522505;20;3;9731
3522505;20;4;893
3522505;25;1;4796
3522505;25;2;3860
3522505;25;3;9266
3522505;25;4;1181
3522505;30;1;6381
3522505;30;2;3432
3522505;30;3;6774
3522505;30;4;1033
3522505;35;1;7079
3522505;35;2;3272
3522505;35;3;4642
3522505;35;4;672
3522505;40;1;7478
3522505;40;2;2762
3522505;40;3;3084
3522505;40;4;632
3522505;45;1;6425
3522505;45;2;1927
3522505;45;3;2476
3522505;45;4;544
3522505;50;1;6094
3522505;50;2;1487
3522505;50;3;1681
3522505;50;4;495
3522505;55;1;5022
3522505;55;2;944
3522505;55;3;804
3522505;55;4;302
3522505;60;1;6932
3522505;60;2;605
3522505;60;3;499
3522505;60;4;216
3522505;70;1;3631
3522505;70;2;268
3522505;70;3;221
3522505;70;4;26
3523107;10;1;30859
3523107;10;2;1933
3523107;10;3;70
3523107;10;4;0
3523107;15;1;6981
3523107;15;2;10438
3523107;15;3;979
3523107;15;4;21
3523107;18;1;2674
3523107;18;2;4083
3523107;18;3;4562
3523107;18;4;128
3523107;20;1;6695
3523107;20;2;7740
3523107;20;3;14556
3523107;20;4;871
3523107;25;1;7238
3523107;25;2;6785
3523107;25;3;13750
3523107;25;4;1368
3523107;30;1;9727
3523107;30;2;6073
3523107;30;3;9962
3523107;30;4;1469
3523107;35;1;11352
3523107;35;2;5383
3523107;35;3;6922
3523107;35;4;1000
3523107;40;1;12109
3523107;40;2;4472
3523107;40;3;5306
3523107;40;4;737
3523107;45;1;11519
3523107;45;2;3362
3523107;45;3;3325
3523107;45;4;585
3523107;50;1;10806
3523107;50;2;2599
3523107;50;3;2209
3523107;50;4;526
3523107;55;1;8620
3523107;55;2;1641
3523107;55;3;1131
3523107;55;4;310
3523107;60;1;10773
3523107;60;2;1159
3523107;60;3;733
3523107;60;4;214
3523107;70;1;6105
3523107;70;2;411
3523107;70;3;327
3523107;70;4;109
3523404;10;1;7354
3523404;10;2;412
3523404;10;3;22
3523404;10;4;0
3523404;15;1;1497
3523404;15;2;3101
3523404;15;3;231
3523404;15;4;0
3523404;18;1;452
3523404;18;2;1027
3523404;18;3;1414
3523404;18;4;54
3523404;20;1;1543
3523404;20;2;2340
3523404;20;3;4642
3523404;20;4;828
3523404;25;1;1859
3523404;25;2;2139
3523404;25;3;4280
3523404;25;4;1309
3523404;30;1;2647
3523404;30;2;1492
3523404;30;3;3103
3523404;30;4;1553
3523404;35;1;3012
3523404;35;2;1535
3523404;35;3;2074
3523404;35;4;1185
3523404;40;1;3109
3523404;40;2;1409
3523404;40;3;1856
3523404;40;4;1108
3523404;45;1;3300
3523404;45;2;1099
3523404;45;3;1621
3523404;45;4;958
3523404;50;1;2957
3523404;50;2;815
3523404;50;3;1234
3523404;50;4;758
3523404;55;1;2831
3523404;55;2;777
3523404;55;3;993
3523404;55;4;574
3523404;60;1;4470
3523404;60;2;552
3523404;60;3;699
3523404;60;4;578
3523404;70;1;4105
3523404;70;2;276
3523404;70;3;333
3523404;70;4;233
3523701;10;1;534
3523701;10;2;25
3523701;10;3;0
3523701;10;4;0
3523701;15;1;107
3523701;15;2;240
3523701;15;3;8
3523701;15;4;0
3523701;18;1;33
3523701;18;2;66
3523701;18;3;93
3523701;18;4;0
3523701;20;1;147
3523701;20;2;102
3523701;20;3;208
3523701;20;4;28
3523701;25;1;119
3523701;25;2;119
3523701;25;3;167
3523701;25;4;46
3523701;30;1;206
3523701;30;2;100
3523701;30;3;111
3523701;30;4;40
3523701;35;1;234
3523701;35;2;73
3523701;35;3;102
3523701;35;4;13
3523701;40;1;210
3523701;40;2;63
3523701;40;3;63
3523701;40;4;25
3523701;45;1;235
3523701;45;2;49
3523701;45;3;53
3523701;45;4;18
3523701;50;1;234
3523701;50;2;30
3523701;50;3;25
3523701;50;4;8
3523701;55;1;221
3523701;55;2;27
3523701;55;3;21
3523701;55;4;32
3523701;60;1;358
3523701;60;2;19
3523701;60;3;16
3523701;60;4;18
3523701;70;1;324
3523701;70;2;6
3523701;70;3;9
3523701;70;4;3
3523909;10;1;12082
3523909;10;2;442
3523909;10;3;42
3523909;10;4;0
3523909;15;1;2639
3523909;15;2;4789
3523909;15;3;367
3523909;15;4;0
3523909;18;1;1038
3523909;18;2;1599
3523909;18;3;2017
3523909;18;4;90
3523909;20;1;2551
3523909;20;2;2827
3523909;20;3;7193
3523909;20;4;1051
3523909;25;1;2881
3523909;25;2;2339
3523909;25;3;6589
3523909;25;4;2323
3523909;30;1;3240
3523909;30;2;2514
3523909;30;3;5279
3523909;30;4;2292
3523909;35;1;3981
3523909;35;2;2362
3523909;35;3;3906
3523909;35;4;1820
3523909;40;1;4546
3523909;40;2;2071
3523909;40;3;3021
3523909;40;4;1542
3523909;45;1;4486
3523909;45;2;1765
3523909;45;3;2514
3523909;45;4;1589
3523909;50;1;4318
3523909;50;2;1488
3523909;50;3;1666
3523909;50;4;1351
3523909;55;1;3937
3523909;55;2;1108
3523909;55;3;1065
3523909;55;4;970
3523909;60;1;6141
3523909;60;2;976
3523909;60;3;1028
3523909;60;4;1016
3523909;70;1;5449
3523909;70;2;680
3523909;70;3;628
3523909;70;4;579
3524006;10;1;3503
3524006;10;2;296
3524006;10;3;20
3524006;10;4;0
3524006;15;1;644
3524006;15;2;1504
3524006;15;3;142
3524006;15;4;0
3524006;18;1;261
3524006;18;2;478
3524006;18;3;531
3524006;18;4;29
3524006;20;1;814
3524006;20;2;1107
3524006;20;3;2164
3524006;20;4;214
3524006;25;1;995
3524006;25;2;992
3524006;25;3;2067
3524006;25;4;528
3524006;30;1;1295
3524006;30;2;912
3524006;30;3;1676
3524006;30;4;375
3524006;35;1;1735
3524006;35;2;444
3524006;35;3;1062
3524006;35;4;370
3524006;40;1;1451
3524006;40;2;711
3524006;40;3;792
3524006;40;4;291
3524006;45;1;1405
3524006;45;2;589
3524006;45;3;527
3524006;45;4;234
3524006;50;1;1363
3524006;50;2;358
3524006;50;3;336
3524006;50;4;261
3524006;55;1;1036
3524006;55;2;196
3524006;55;3;311
3524006;55;4;216
3524006;60;1;1348
3524006;60;2;289
3524006;60;3;315
3524006;60;4;133
3524006;70;1;1226
3524006;70;2;149
3524006;70;3;74
3524006;70;4;0
3524402;10;1;16350
3524402;10;2;1069
3524402;10;3;11
3524402;10;4;0
3524402;15;1;2530
3524402;15;2;6572
3524402;15;3;718
3524402;15;4;0
3524402;18;1;943
3524402;18;2;2081
3524402;18;3;3762
3524402;18;4;29
3524402;20;1;1965
3524402;20;2;3501
3524402;20;3;10922
3524402;20;4;1008
3524402;25;1;2967
3524402;25;2;3252
3524402;25;3;9643
3524402;25;4;2426
3524402;30;1;3635
3524402;30;2;2773
3524402;30;3;8486
3524402;30;4;3201
3524402;35;1;4257
3524402;35;2;3051
3524402;35;3;6792
3524402;35;4;2485
3524402;40;1;5335
3524402;40;2;2976
3524402;40;3;5401
3524402;40;4;1999
3524402;45;1;5676
3524402;45;2;2457
3524402;45;3;4137
3524402;45;4;2128
3524402;50;1;5731
3524402;50;2;2187
3524402;50;3;3456
3524402;50;4;1113
3524402;55;1;5583
3524402;55;2;1842
3524402;55;3;2240
3524402;55;4;1203
3524402;60;1;8981
3524402;60;2;1842
3524402;60;3;1846
3524402;60;4;1140
3524402;70;1;7406
3524402;70;2;817
3524402;70;3;813
3524402;70;4;280
3524501;10;1;440
3524501;10;2;12
3524501;10;3;0
3524501;10;4;0
3524501;15;1;74
3524501;15;2;185
3524501;15;3;11
3524501;15;4;0
3524501;18;1;33
3524501;18;2;55
3524501;18;3;93
3524501;18;4;0
3524501;20;1;98
3524501;20;2;125
3524501;20;3;268
3524501;20;4;26
3524501;25;1;127
3524501;25;2;114
3524501;25;3;270
3524501;25;4;44
3524501;30;1;253
3524501;30;2;74
3524501;30;3;157
3524501;30;4;28
3524501;35;1;259
3524501;35;2;64
3524501;35;3;89
3524501;35;4;28
3524501;40;1;256
3524501;40;2;80
3524501;40;3;65
3524501;40;4;25
3524501;45;1;240
3524501;45;2;71
3524501;45;3;73
3524501;45;4;21
3524501;50;1;198
3524501;50;2;38
3524501;50;3;66
3524501;50;4;5
3524501;55;1;206
3524501;55;2;22
3524501;55;3;23
3524501;55;4;17
3524501;60;1;296
3524501;60;2;10
3524501;60;3;11
3524501;60;4;12
3524501;70;1;243
3524501;70;2;11
3524501;70;3;2
3524501;70;4;15
3524907;10;1;441
3524907;10;2;8
3524907;10;3;3
3524907;10;4;0
3524907;15;1;86
3524907;15;2;163
3524907;15;3;4
3524907;15;4;0
3524907;18;1;28
3524907;18;2;53
3524907;18;3;118
3524907;18;4;0
3524907;20;1;60
3524907;20;2;91
3524907;20;3;280
3524907;20;4;17
3524907;25;1;95
3524907;25;2;97
3524907;25;3;238
3524907;25;4;40
3524907;30;1;159
3524907;30;2;60
3524907;30;3;179
3524907;30;4;36
3524907;35;1;155
3524907;35;2;58
3524907;35;3;151
3524907;35;4;15
3524907;40;1;171
3524907;40;2;57
3524907;40;3;102
3524907;40;4;31
3524907;45;1;212
3524907;45;2;32
3524907;45;3;87
3524907;45;4;32
3524907;50;1;175
3524907;50;2;12
3524907;50;3;68
3524907;50;4;51
3524907;55;1;159
3524907;55;2;17
3524907;55;3;54
3524907;55;4;28
3524907;60;1;235
3524907;60;2;35
3524907;60;3;56
3524907;60;4;25
3524907;70;1;236
3524907;70;2;6
3524907;70;3;6
3524907;70;4;3
3525003;10;1;9439
3525003;10;2;547
3525003;10;3;11
3525003;10;4;0
3525003;15;1;2029
3525003;15;2;3522
3525003;15;3;327
3525003;15;4;0
3525003;18;1;666
3525003;18;2;1163
3525003;18;3;1633
3525003;18;4;53
3525003;20;1;1826
3525003;20;2;2214
3525003;20;3;5848
3525003;20;4;643
3525003;25;1;2256
3525003;25;2;1714
3525003;25;3;5830
3525003;25;4;1088
3525003;30;1;2941
3525003;30;2;1935
3525003;30;3;3856
3525003;30;4;1083
3525003;35;1;3013
3525003;35;2;1678
3525003;35;3;2997
3525003;35;4;879
3525003;40;1;3474
3525003;40;2;1559
3525003;40;3;2145
3525003;40;4;846
3525003;45;1;3301
3525003;45;2;1100
3525003;45;3;1679
3525003;45;4;650
3525003;50;1;3194
3525003;50;2;847
3525003;50;3;1001
3525003;50;4;350
3525003;55;1;3143
3525003;55;2;531
3525003;55;3;605
3525003;55;4;228
3525003;60;1;3480
3525003;60;2;362
3525003;60;3;464
3525003;60;4;160
3525003;70;1;2002
3525003;70;2;130
3525003;70;3;111
3525003;70;4;31
3525102;10;1;3147
3525102;10;2;83
3525102;10;3;8
3525102;10;4;0
3525102;15;1;851
3525102;15;2;857
3525102;15;3;72
3525102;15;4;0
3525102;18;1;244
3525102;18;2;395
3525102;18;3;576
3525102;18;4;7
3525102;20;1;652
3525102;20;2;857
3525102;20;3;1567
3525102;20;4;235
3525102;25;1;728
3525102;25;2;800
3525102;25;3;1323
3525102;25;4;332
3525102;30;1;1071
3525102;30;2;735
3525102;30;3;790
3525102;30;4;337
3525102;35;1;1236
3525102;35;2;480
3525102;35;3;678
3525102;35;4;233
3525102;40;1;1368
3525102;40;2;473
3525102;40;3;554
3525102;40;4;244
3525102;45;1;1245
3525102;45;2;386
3525102;45;3;515
3525102;45;4;241
3525102;50;1;1165
3525102;50;2;406
3525102;50;3;344
3525102;50;4;186
3525102;55;1;1223
3525102;55;2;324
3525102;55;3;145
3525102;55;4;143
3525102;60;1;1903
3525102;60;2;265
3525102;60;3;146
3525102;60;4;108
3525102;70;1;1574
3525102;70;2;153
3525102;70;3;79
3525102;70;4;35
3525201;10;1;2021
3525201;10;2;49
3525201;10;3;0
3525201;10;4;0
3525201;15;1;351
3525201;15;2;804
3525201;15;3;112
3525201;15;4;0
3525201;18;1;213
3525201;18;2;235
3525201;18;3;367
3525201;18;4;9
3525201;20;1;430
3525201;20;2;464
3525201;20;3;1001
3525201;20;4;80
3525201;25;1;605
3525201;25;2;487
3525201;25;3;868
3525201;25;4;213
3525201;30;1;904
3525201;30;2;366
3525201;30;3;521
3525201;30;4;205
3525201;35;1;945
3525201;35;2;457
3525201;35;3;394
3525201;35;4;93
3525201;40;1;952
3525201;40;2;235
3525201;40;3;337
3525201;40;4;113
3525201;45;1;870
3525201;45;2;275
3525201;45;3;209
3525201;45;4;75
3525201;50;1;725
3525201;50;2;187
3525201;50;3;134
3525201;50;4;106
3525201;55;1;700
3525201;55;2;184
3525201;55;3;219
3525201;55;4;118
3525201;60;1;1152
3525201;60;2;54
3525201;60;3;196
3525201;60;4;88
3525201;70;1;852
3525201;70;2;97
3525201;70;3;127
3525201;70;4;36
3525300;10;1;9121
3525300;10;2;477
3525300;10;3;7
3525300;10;4;0
3525300;15;1;1794
3525300;15;2;3703
3525300;15;3;177
3525300;15;4;0
3525300;18;1;1006
3525300;18;2;1235
3525300;18;3;1892
3525300;18;4;44
3525300;20;1;2146
3525300;20;2;2778
3525300;20;3;5495
3525300;20;4;733
3525300;25;1;2648
3525300;25;2;2475
3525300;25;3;4853
3525300;25;4;1875
3525300;30;1;3466
3525300;30;2;2005
3525300;30;3;3749
3525300;30;4;1934
3525300;35;1;3851
3525300;35;2;1977
3525300;35;3;2725
3525300;35;4;1336
3525300;40;1;3812
3525300;40;2;1822
3525300;40;3;2285
3525300;40;4;1341
3525300;45;1;3927
3525300;45;2;1786
3525300;45;3;2091
3525300;45;4;1266
3525300;50;1;4381
3525300;50;2;1300
3525300;50;3;1550
3525300;50;4;976
3525300;55;1;4265
3525300;55;2;785
3525300;55;3;1072
3525300;55;4;781
3525300;60;1;6361
3525300;60;2;835
3525300;60;3;736
3525300;60;4;849
3525300;70;1;6349
3525300;70;2;539
3525300;70;3;522
3525300;70;4;472
3525904;10;1;24110
3525904;10;2;1461
3525904;10;3;24
3525904;10;4;0
3525904;15;1;3383
3525904;15;2;10353
3525904;15;3;1123
3525904;15;4;23
3525904;18;1;1444
3525904;18;2;2619
3525904;18;3;6715
3525904;18;4;221
3525904;20;1;4303
3525904;20;2;5667
3525904;20;3;17251
3525904;20;4;3684
3525904;25;1;4571
3525904;25;2;5499
3525904;25;3;14937
3525904;25;4;8913
3525904;30;1;5920
3525904;30;2;5269
3525904;30;3;11971
3525904;30;4;9255
3525904;35;1;7280
3525904;35;2;4681
3525904;35;3;9281
3525904;35;4;7517
3525904;40;1;8065
3525904;40;2;5259
3525904;40;3;7958
3525904;40;4;6392
3525904;45;1;8548
3525904;45;2;4788
3525904;45;3;7175
3525904;45;4;5479
3525904;50;1;9208
3525904;50;2;3968
3525904;50;3;5468
3525904;50;4;4553
3525904;55;1;9363
3525904;55;2;2962
3525904;55;3;3937
3525904;55;4;3175
3525904;60;1;16201
3525904;60;2;3340
3525904;60;3;3725
3525904;60;4;3046
3525904;70;1;17629
3525904;70;2;2106
3525904;70;3;1870
3525904;70;4;1435
3526902;10;1;20905
3526902;10;2;554
3526902;10;3;0
3526902;10;4;0
3526902;15;1;3645
3526902;15;2;8163
3526902;15;3;485
3526902;15;4;0
3526902;18;1;1531
3526902;18;2;2855
3526902;18;3;4386
3526902;18;4;109
3526902;20;1;3887
3526902;20;2;5022
3526902;20;3;13341
3526902;20;4;1941
3526902;25;1;4273
3526902;25;2;4842
3526902;25;3;11389
3526902;25;4;4180
3526902;30;1;5542
3526902;30;2;4658
3526902;30;3;9346
3526902;30;4;3390
3526902;35;1;6956
3526902;35;2;4591
3526902;35;3;7005
3526902;35;4;2496
3526902;40;1;8063
3526902;40;2;4655
3526902;40;3;5095
3526902;40;4;2556
3526902;45;1;8170
3526902;45;2;3930
3526902;45;3;4920
3526902;45;4;2355
3526902;50;1;8853
3526902;50;2;3190
3526902;50;3;3532
3526902;50;4;2032
3526902;55;1;8290
3526902;55;2;2070
3526902;55;3;2269
3526902;55;4;1447
3526902;60;1;12995
3526902;60;2;1751
3526902;60;3;1947
3526902;60;4;1195
3526902;70;1;11850
3526902;70;2;772
3526902;70;3;954
3526902;70;4;662
3527306;10;1;2748
3527306;10;2;19
3527306;10;3;21
3527306;10;4;0
3527306;15;1;501
3527306;15;2;968
3527306;15;3;109
3527306;15;4;0
3527306;18;1;323
3527306;18;2;500
3527306;18;3;670
3527306;18;4;51
3527306;20;1;936
3527306;20;2;960
3527306;20;3;2125
3527306;20;4;235
3527306;25;1;1046
3527306;25;2;841
3527306;25;3;2080
3527306;25;4;387
3527306;30;1;1124
3527306;30;2;795
3527306;30;3;1226
3527306;30;4;524
3527306;35;1;1082
3527306;35;2;576
3527306;35;3;795
3527306;35;4;404
3527306;40;1;1141
3527306;40;2;458
3527306;40;3;528
3527306;40;4;402
3527306;45;1;985
3527306;45;2;423
3527306;45;3;478
3527306;45;4;315
3527306;50;1;1068
3527306;50;2;268
3527306;50;3;263
3527306;50;4;169
3527306;55;1;857
3527306;55;2;126
3527306;55;3;186
3527306;55;4;94
3527306;60;1;1196
3527306;60;2;150
3527306;60;3;157
3527306;60;4;90
3527306;70;1;1092
3527306;70;2;82
3527306;70;3;41
3527306;70;4;10
3528403;10;1;3709
3528403;10;2;106
3528403;10;3;7
3528403;10;4;0
3528403;15;1;800
3528403;15;2;1177
3528403;15;3;84
3528403;15;4;0
3528403;18;1;338
3528403;18;2;495
3528403;18;3;717
3528403;18;4;0
3528403;20;1;707
3528403;20;2;960
3528403;20;3;1898
3528403;20;4;101
3528403;25;1;823
3528403;25;2;592
3528403;25;3;2056
3528403;25;4;278
3528403;30;1;1107
3528403;30;2;628
3528403;30;3;1515
3528403;30;4;308
3528403;35;1;1042
3528403;35;2;596
3528403;35;3;1283
3528403;35;4;310
3528403;40;1;1441
3528403;40;2;480
3528403;40;3;1046
3528403;40;4;212
3528403;45;1;1447
3528403;45;2;523
3528403;45;3;734
3528403;45;4;198
3528403;50;1;1302
3528403;50;2;396
3528403;50;3;493
3528403;50;4;172
3528403;55;1;1311
3528403;55;2;392
3528403;55;3;222
3528403;55;4;111
3528403;60;1;1853
3528403;60;2;392
3528403;60;3;286
3528403;60;4;126
3528403;70;1;1423
3528403;70;2;174
3528403;70;3;134
3528403;70;4;79
3528502;10;1;6772
3528502;10;2;614
3528502;10;3;0
3528502;10;4;0
3528502;15;1;1238
3528502;15;2;2945
3528502;15;3;346
3528502;15;4;7
3528502;18;1;411
3528502;18;2;872
3528502;18;3;1030
3528502;18;4;47
3528502;20;1;968
3528502;20;2;1571
3528502;20;3;3676
3528502;20;4;398
3528502;25;1;1195
3528502;25;2;1623
3528502;25;3;2559
3528502;25;4;976
3528502;30;1;1742
3528502;30;2;2004
3528502;30;3;2309
3528502;30;4;867
3528502;35;1;2242
3528502;35;2;1631
3528502;35;3;2124
3528502;35;4;675
3528502;40;1;2111
3528502;40;2;1283
3528502;40;3;1337
3528502;40;4;886
3528502;45;1;2301
3528502;45;2;913
3528502;45;3;1447
3528502;45;4;868
3528502;50;1;2087
3528502;50;2;786
3528502;50;3;1072
3528502;50;4;809
3528502;55;1;2206
3528502;55;2;518
3528502;55;3;559
3528502;55;4;580
3528502;60;1;3926
3528502;60;2;587
3528502;60;3;523
3528502;60;4;492
3528502;70;1;2480
3528502;70;2;312
3528502;70;3;256
3528502;70;4;173
3528858;10;1;192
3528858;10;2;4
3528858;10;3;0
3528858;10;4;0
3528858;15;1;37
3528858;15;2;82
3528858;15;3;2
3528858;15;4;0
3528858;18;1;5
3528858;18;2;8
3528858;18;3;57
3528858;18;4;0
3528858;20;1;40
3528858;20;2;41
3528858;20;3;129
3528858;20;4;15
3528858;25;1;41
3528858;25;2;49
3528858;25;3;108
3528858;25;4;32
3528858;30;1;65
3528858;30;2;20
3528858;30;3;96
3528858;30;4;14
3528858;35;1;122
3528858;35;2;28
3528858;35;3;59
3528858;35;4;10
3528858;40;1;114
3528858;40;2;14
3528858;40;3;49
3528858;40;4;0
3528858;45;1;130
3528858;45;2;15
3528858;45;3;41
3528858;45;4;1
3528858;50;1;128
3528858;50;2;10
3528858;50;3;18
3528858;50;4;2
3528858;55;1;159
3528858;55;2;0
3528858;55;3;7
3528858;55;4;0
3528858;60;1;199
3528858;60;2;8
3528858;60;3;0
3528858;60;4;2
3528858;70;1;176
3528858;70;2;0
3528858;70;3;0
3528858;70;4;0
3529005;10;1;15890
3529005;10;2;601
3529005;10;3;82
3529005;10;4;0
3529005;15;1;2110
3529005;15;2;7746
3529005;15;3;430
3529005;15;4;0
3529005;18;1;738
3529005;18;2;1744
3529005;18;3;4089
3529005;18;4;98
3529005;20;1;1779
3529005;20;2;3201
3529005;20;3;11523
3529005;20;4;1949
3529005;25;1;2389
3529005;25;2;2852
3529005;25;3;9272
3529005;25;4;4070
3529005;30;1;3445
3529005;30;2;2768
3529005;30;3;7861
3529005;30;4;3771
3529005;35;1;4041
3529005;35;2;2900
3529005;35;3;6684
3529005;35;4;3023
3529005;40;1;4740
3529005;40;2;2867
3529005;40;3;5619
3529005;40;4;2555
3529005;45;1;4738
3529005;45;2;2821
3529005;45;3;4667
3529005;45;4;2735
3529005;50;1;5532
3529005;50;2;2310
3529005;50;3;3341
3529005;50;4;2433
3529005;55;1;5721
3529005;55;2;1455
3529005;55;3;2041
3529005;55;4;1959
3529005;60;1;9716
3529005;60;2;1865
3529005;60;3;2040
3529005;60;4;2108
3529005;70;1;10527
3529005;70;2;1138
3529005;70;3;1034
3529005;70;4;1008
3529401;10;1;34253
3529401;10;2;1720
3529401;10;3;94
3529401;10;4;0
3529401;15;1;5664
3529401;15;2;13807
3529401;15;3;1112
3529401;15;4;8
3529401;18;1;2124
3529401;18;2;4041
3529401;18;3;6989
3529401;18;4;285
3529401;20;1;5823
3529401;20;2;8238
3529401;20;3;23758
3529401;20;4;2550
3529401;25;1;6265
3529401;25;2;7603
3529401;25;3;22518
3529401;25;4;4293
3529401;30;1;8830
3529401;30;2;7283
3529401;30;3;17460
3529401;30;4;3440
3529401;35;1;10301
3529401;35;2;7043
3529401;35;3;12787
3529401;35;4;2805
3529401;40;1;11285
3529401;40;2;7135
3529401;40;3;9961
3529401;40;4;2599
3529401;45;1;11834
3529401;45;2;5844
3529401;45;3;7490
3529401;45;4;2045
3529401;50;1;12126
3529401;50;2;4785
3529401;50;3;4444
3529401;50;4;1187
3529401;55;1;11466
3529401;55;2;3497
3529401;55;3;2624
3529401;55;4;732
3529401;60;1;15724
3529401;60;2;3133
3529401;60;3;1803
3529401;60;4;432
3529401;70;1;11595
3529401;70;2;963
3529401;70;3;564
3529401;70;4;118
3530300;10;1;3621
3530300;10;2;151
3530300;10;3;20
3530300;10;4;0
3530300;15;1;601
3530300;15;2;1641
3530300;15;3;159
3530300;15;4;0
3530300;18;1;237
3530300;18;2;599
3530300;18;3;800
3530300;18;4;35
3530300;20;1;605
3530300;20;2;916
3530300;20;3;2607
3530300;20;4;362
3530300;25;1;753
3530300;25;2;849
3530300;25;3;2027
3530300;25;4;815
3530300;30;1;1300
3530300;30;2;874
3530300;30;3;1766
3530300;30;4;628
3530300;35;1;1621
3530300;35;2;840
3530300;35;3;1232
3530300;35;4;571
3530300;40;1;1669
3530300;40;2;759
3530300;40;3;1218
3530300;40;4;585
3530300;45;1;1828
3530300;45;2;652
3530300;45;3;993
3530300;45;4;440
3530300;50;1;1815
3530300;50;2;504
3530300;50;3;617
3530300;50;4;240
3530300;55;1;1984
3530300;55;2;330
3530300;55;3;334
3530300;55;4;367
3530300;60;1;2731
3530300;60;2;475
3530300;60;3;316
3530300;60;4;364
3530300;70;1;2875
3530300;70;2;185
3530300;70;3;161
3530300;70;4;176
3530409;10;1;336
3530409;10;2;6
3530409;10;3;0
3530409;10;4;0
3530409;15;1;50
3530409;15;2;125
3530409;15;3;0
3530409;15;4;0
3530409;18;1;18
3530409;18;2;36
3530409;18;3;95
3530409;18;4;0
3530409;20;1;34
3530409;20;2;64
3530409;20;3;224
3530409;20;4;8
3530409;25;1;47
3530409;25;2;39
3530409;25;3;217
3530409;25;4;36
3530409;30;1;76
3530409;30;2;91
3530409;30;3;157
3530409;30;4;29
3530409;35;1;128
3530409;35;2;67
3530409;35;3;80
3530409;35;4;17
3530409;40;1;170
3530409;40;2;74
3530409;40;3;64
3530409;40;4;13
3530409;45;1;185
3530409;45;2;29
3530409;45;3;43
3530409;45;4;14
3530409;50;1;191
3530409;50;2;17
3530409;50;3;40
3530409;50;4;19
3530409;55;1;162
3530409;55;2;24
3530409;55;3;17
3530409;55;4;3
3530409;60;1;309
3530409;60;2;32
3530409;60;3;29
3530409;60;4;13
3530409;70;1;288
3530409;70;2;3
3530409;70;3;11
3530409;70;4;8
3530607;10;1;32145
3530607;10;2;2270
3530607;10;3;51
3530607;10;4;0
3530607;15;1;4859
3530607;15;2;14022
3530607;15;3;815
3530607;15;4;0
3530607;18;1;2079
3530607;18;2;3996
3530607;18;3;5964
3530607;18;4;159
3530607;20;1;4842
3530607;20;2;7003
3530607;20;3;18941
3530607;20;4;2686
3530607;25;1;5566
3530607;25;2;5753
3530607;25;3;17017
3530607;25;4;5517
3530607;30;1;7393
3530607;30;2;4991
3530607;30;3;13835
3530607;30;4;6194
3530607;35;1;8640
3530607;35;2;4772
3530607;35;3;10743
3530607;35;4;5309
3530607;40;1;9204
3530607;40;2;4770
3530607;40;3;8863
3530607;40;4;4937
3530607;45;1;9319
3530607;45;2;4441
3530607;45;3;7586
3530607;45;4;4584
3530607;50;1;9634
3530607;50;2;3927
3530607;50;3;5032
3530607;50;4;3792
3530607;55;1;9021
3530607;55;2;2629
3530607;55;3;3073
3530607;55;4;2907
3530607;60;1;14444
3530607;60;2;2383
3530607;60;3;3054
3530607;60;4;2978
3530607;70;1;12709
3530607;70;2;1285
3530607;70;3;1412
3530607;70;4;1070
3530706;10;1;10070
3530706;10;2;542
3530706;10;3;43
3530706;10;4;0
3530706;15;1;1539
3530706;15;2;4728
3530706;15;3;321
3530706;15;4;6
3530706;18;1;592
3530706;18;2;1372
3530706;18;3;2437
3530706;18;4;47
3530706;20;1;1466
3530706;20;2;2428
3530706;20;3;7416
3530706;20;4;680
3530706;25;1;2084
3530706;25;2;2394
3530706;25;3;6046
3530706;25;4;1848
3530706;30;1;2726
3530706;30;2;2226
3530706;30;3;4898
3530706;30;4;1559
3530706;35;1;3352
3530706;35;2;2221
3530706;35;3;3276
3530706;35;4;1385
3530706;40;1;4128
3530706;40;2;2112
3530706;40;3;2776
3530706;40;4;1071
3530706;45;1;4202
3530706;45;2;1929
3530706;45;3;2241
3530706;45;4;1191
3530706;50;1;4655
3530706;50;2;1541
3530706;50;3;1506
3530706;50;4;703
3530706;55;1;4669
3530706;55;2;1164
3530706;55;3;789
3530706;55;4;477
3530706;60;1;7202
3530706;60;2;920
3530706;60;3;735
3530706;60;4;543
3530706;70;1;5979
3530706;70;2;390
3530706;70;3;135
3530706;70;4;160
3530805;10;1;6090
3530805;10;2;210
3530805;10;3;0
3530805;10;4;0
3530805;15;1;1375
3530805;15;2;2604
3530805;15;3;178
3530805;15;4;0
3530805;18;1;415
3530805;18;2;698
3530805;18;3;1451
3530805;18;4;53
3530805;20;1;1149
3530805;20;2;1549
3530805;20;3;3864
3530805;20;4;661
3530805;25;1;1355
3530805;25;2;1401
3530805;25;3;3408
3530805;25;4;1332
3530805;30;1;1582
3530805;30;2;1511
3530805;30;3;2725
3530805;30;4;1201
3530805;35;1;1966
3530805;35;2;1318
3530805;35;3;2074
3530805;35;4;1189
3530805;40;1;2514
3530805;40;2;1317
3530805;40;3;1483
3530805;40;4;1096
3530805;45;1;2418
3530805;45;2;1080
3530805;45;3;1789
3530805;45;4;929
3530805;50;1;2749
3530805;50;2;1014
3530805;50;3;1230
3530805;50;4;691
3530805;55;1;2595
3530805;55;2;622
3530805;55;3;862
3530805;55;4;486
3530805;60;1;4405
3530805;60;2;455
3530805;60;3;802
3530805;60;4;589
3530805;70;1;3968
3530805;70;2;363
3530805;70;3;367
3530805;70;4;291
3531100;10;1;3884
3531100;10;2;161
3531100;10;3;10
3531100;10;4;0
3531100;15;1;627
3531100;15;2;1404
3531100;15;3;146
3531100;15;4;0
3531100;18;1;320
3531100;18;2;379
3531100;18;3;618
3531100;18;4;11
3531100;20;1;886
3531100;20;2;835
3531100;20;3;1818
3531100;20;4;166
3531100;25;1;1016
3531100;25;2;701
3531100;25;3;1315
3531100;25;4;311
3531100;30;1;1101
3531100;30;2;628
3531100;30;3;1640
3531100;30;4;350
3531100;35;1;1053
3531100;35;2;617
3531100;35;3;1092
3531100;35;4;246
3531100;40;1;1413
3531100;40;2;512
3531100;40;3;841
3531100;40;4;294
3531100;45;1;1201
3531100;45;2;468
3531100;45;3;785
3531100;45;4;346
3531100;50;1;1325
3531100;50;2;572
3531100;50;3;742
3531100;50;4;222
3531100;55;1;1367
3531100;55;2;401
3531100;55;3;594
3531100;55;4;297
3531100;60;1;2308
3531100;60;2;571
3531100;60;3;789
3531100;60;4;316
3531100;70;1;1868
3531100;70;2;448
3531100;70;3;178
3531100;70;4;110
3531704;10;1;347
3531704;10;2;20
3531704;10;3;0
3531704;10;4;0
3531704;15;1;69
3531704;15;2;130
3531704;15;3;8
3531704;15;4;0
3531704;18;1;36
3531704;18;2;42
3531704;18;3;50
3531704;18;4;0
3531704;20;1;76
3531704;20;2;52
3531704;20;3;129
3531704;20;4;27
3531704;25;1;95
3531704;25;2;58
3531704;25;3;94
3531704;25;4;35
3531704;30;1;159
3531704;30;2;42
3531704;30;3;69
3531704;30;4;34
3531704;35;1;131
3531704;35;2;54
3531704;35;3;87
3531704;35;4;38
3531704;40;1;170
3531704;40;2;29
3531704;40;3;58
3531704;40;4;26
3531704;45;1;167
3531704;45;2;34
3531704;45;3;46
3531704;45;4;32
3531704;50;1;133
3531704;50;2;26
3531704;50;3;58
3531704;50;4;35
3531704;55;1;126
3531704;55;2;36
3531704;55;3;30
3531704;55;4;17
3531704;60;1;215
3531704;60;2;16
3531704;60;3;52
3531704;60;4;45
3531704;70;1;273
3531704;70;2;12
3531704;70;3;9
3531704;70;4;2
3531803;10;1;4391
3531803;10;2;130
3531803;10;3;10
3531803;10;4;0
3531803;15;1;1111
3531803;15;2;1325
3531803;15;3;105
3531803;15;4;0
3531803;18;1;403
3531803;18;2;664
3531803;18;3;659
3531803;18;4;0
3531803;20;1;901
3531803;20;2;1097
3531803;20;3;2216
3531803;20;4;265
3531803;25;1;1140
3531803;25;2;982
3531803;25;3;1784
3531803;25;4;422
3531803;30;1;1737
3531803;30;2;949
3531803;30;3;1302
3531803;30;4;403
3531803;35;1;1786
3531803;35;2;723
3531803;35;3;1110
3531803;35;4;309
3531803;40;1;1617
3531803;40;2;649
3531803;40;3;771
3531803;40;4;313
3531803;45;1;1638
3531803;45;2;367
3531803;45;3;652
3531803;45;4;238
3531803;50;1;1424
3531803;50;2;542
3531803;50;3;378
3531803;50;4;141
3531803;55;1;1392
3531803;55;2;298
3531803;55;3;336
3531803;55;4;89
3531803;60;1;2116
3531803;60;2;230
3531803;60;3;201
3531803;60;4;126
3531803;70;1;1673
3531803;70;2;51
3531803;70;3;80
3531803;70;4;9
3532207;10;1;369
3532207;10;2;5
3532207;10;3;0
3532207;10;4;0
3532207;15;1;99
3532207;15;2;162
3532207;15;3;20
3532207;15;4;0
3532207;18;1;16
3532207;18;2;41
3532207;18;3;89
3532207;18;4;0
3532207;20;1;51
3532207;20;2;124
3532207;20;3;171
3532207;20;4;17
3532207;25;1;86
3532207;25;2;102
3532207;25;3;128
3532207;25;4;21
3532207;30;1;139
3532207;30;2;69
3532207;30;3;135
3532207;30;4;4
3532207;35;1;130
3532207;35;2;76
3532207;35;3;92
3532207;35;4;13
3532207;40;1;196
3532207;40;2;59
3532207;40;3;76
3532207;40;4;12
3532207;45;1;170
3532207;45;2;55
3532207;45;3;23
3532207;45;4;14
3532207;50;1;146
3532207;50;2;57
3532207;50;3;29
3532207;50;4;3
3532207;55;1;141
3532207;55;2;14
3532207;55;3;15
3532207;55;4;0
3532207;60;1;227
3532207;60;2;11
3532207;60;3;9
3532207;60;4;11
3532207;70;1;227
3532207;70;2;9
3532207;70;3;3
3532207;70;4;0
3532504;10;1;475
3532504;10;2;30
3532504;10;3;0
3532504;10;4;0
3532504;15;1;73
3532504;15;2;235
3532504;15;3;18
3532504;15;4;5
3532504;18;1;24
3532504;18;2;71
3532504;18;3;114
3532504;18;4;0
3532504;20;1;65
3532504;20;2;111
3532504;20;3;429
3532504;20;4;94
3532504;25;1;101
3532504;25;2;163
3532504;25;3;370
3532504;25;4;97
3532504;30;1;242
3532504;30;2;84
3532504;30;3;273
3532504;30;4;66
3532504;35;1;319
3532504;35;2;66
3532504;35;3;210
3532504;35;4;65
3532504;40;1;338
3532504;40;2;134
3532504;40;3;146
3532504;40;4;51
3532504;45;1;346
3532504;45;2;104
3532504;45;3;134
3532504;45;4;82
3532504;50;1;311
3532504;50;2;98
3532504;50;3;117
3532504;50;4;76
3532504;55;1;337
3532504;55;2;45
3532504;55;3;79
3532504;55;4;34
3532504;60;1;580
3532504;60;2;53
3532504;60;3;97
3532504;60;4;108
3532504;70;1;719
3532504;70;2;23
3532504;70;3;4
3532504;70;4;20
3532801;10;1;426
3532801;10;2;35
3532801;10;3;0
3532801;10;4;0
3532801;15;1;55
3532801;15;2;205
3532801;15;3;11
3532801;15;4;0
3532801;18;1;33
3532801;18;2;46
3532801;18;3;90
3532801;18;4;0
3532801;20;1;70
3532801;20;2;92
3532801;20;3;267
3532801;20;4;45
3532801;25;1;121
3532801;25;2;87
3532801;25;3;196
3532801;25;4;68
3532801;30;1;140
3532801;30;2;90
3532801;30;3;175
3532801;30;4;63
3532801;35;1;172
3532801;35;2;66
3532801;35;3;117
3532801;35;4;45
3532801;40;1;213
3532801;40;2;92
3532801;40;3;83
3532801;40;4;26
3532801;45;1;229
3532801;45;2;83
3532801;45;3;80
3532801;45;4;25
3532801;50;1;256
3532801;50;2;55
3532801;50;3;67
3532801;50;4;19
3532801;55;1;184
3532801;55;2;20
3532801;55;3;36
3532801;55;4;17
3532801;60;1;397
3532801;60;2;8
3532801;60;3;31
3532801;60;4;47
3532801;70;1;479
3532801;70;2;5
3532801;70;3;6
3532801;70;4;12
3533254;10;1;339
3533254;10;2;5
3533254;10;3;0
3533254;10;4;0
3533254;15;1;59
3533254;15;2;144
3533254;15;3;5
3533254;15;4;0
3533254;18;1;56
3533254;18;2;63
3533254;18;3;108
3533254;18;4;0
3533254;20;1;207
3533254;20;2;108
3533254;20;3;206
3533254;20;4;12
3533254;25;1;252
3533254;25;2;67
3533254;25;3;117
3533254;25;4;21
3533254;30;1;227
3533254;30;2;95
3533254;30;3;77
3533254;30;4;14
3533254;35;1;185
3533254;35;2;75
3533254;35;3;54
3533254;35;4;17
3533254;40;1;150
3533254;40;2;66
3533254;40;3;41
3533254;40;4;16
3533254;45;1;159
3533254;45;2;39
3533254;45;3;23
3533254;45;4;5
3533254;50;1;121
3533254;50;2;29
3533254;50;3;23
3533254;50;4;3
3533254;55;1;122
3533254;55;2;6
3533254;55;3;5
3533254;55;4;3
3533254;60;1;232
3533254;60;2;11
3533254;60;3;7
3533254;60;4;0
3533254;70;1;239
3533254;70;2;7
3533254;70;3;3
3533254;70;4;0
3533403;10;1;3635
3533403;10;2;225
3533403;10;3;9
3533403;10;4;0
3533403;15;1;480
3533403;15;2;1664
3533403;15;3;223
3533403;15;4;0
3533403;18;1;245
3533403;18;2;356
3533403;18;3;901
3533403;18;4;39
3533403;20;1;575
3533403;20;2;826
3533403;20;3;2845
3533403;20;4;353
3533403;25;1;580
3533403;25;2;1102
3533403;25;3;2472
3533403;25;4;559
3533403;30;1;855
3533403;30;2;977
3533403;30;3;2038
3533403;30;4;590
3533403;35;1;1214
3533403;35;2;836
3533403;35;3;1630
3533403;35;4;455
3533403;40;1;1249
3533403;40;2;917
3533403;40;3;1195
3533403;40;4;454
3533403;45;1;1452
3533403;45;2;879
3533403;45;3;927
3533403;45;4;429
3533403;50;1;1541
3533403;50;2;709
3533403;50;3;763
3533403;50;4;272
3533403;55;1;1545
3533403;55;2;380
3533403;55;3;349
3533403;55;4;132
3533403;60;1;2233
3533403;60;2;331
3533403;60;3;352
3533403;60;4;138
3533403;70;1;2190
3533403;70;2;153
3533403;70;3;52
3533403;70;4;41
3534104;10;1;436
3534104;10;2;27
3534104;10;3;0
3534104;10;4;0
3534104;15;1;62
3534104;15;2;174
3534104;15;3;26
3534104;15;4;0
3534104;18;1;18
3534104;18;2;45
3534104;18;3;141
3534104;18;4;7
3534104;20;1;47
3534104;20;2;74
3534104;20;3;377
3534104;20;4;37
3534104;25;1;63
3534104;25;2;67
3534104;25;3;289
3534104;25;4;73
3534104;30;1;69
3534104;30;2;63
3534104;30;3;222
3534104;30;4;64
3534104;35;1;84
3534104;35;2;82
3534104;35;3;206
3534104;35;4;40
3534104;40;1;157
3534104;40;2;88
3534104;40;3;146
3534104;40;4;53
3534104;45;1;196
3534104;45;2;99
3534104;45;3;137
3534104;45;4;34
3534104;50;1;187
3534104;50;2;75
3534104;50;3;95
3534104;50;4;41
3534104;55;1;194
3534104;55;2;40
3534104;55;3;56
3534104;55;4;35
3534104;60;1;347
3534104;60;2;49
3534104;60;3;48
3534104;60;4;21
3534104;70;1;425
3534104;70;2;32
3534104;70;3;18
3534104;70;4;5
3534401;10;1;50979
3534401;10;2;2646
3534401;10;3;151
3534401;10;4;0
3534401;15;1;9502
3534401;15;2;18761
3534401;15;3;1862
3534401;15;4;66
3534401;18;1;3573
3534401;18;2;7091
3534401;18;3;9904
3534401;18;4;637
3534401;20;1;9977
3534401;20;2;13209
3534401;20;3;31134
3534401;20;4;5770
3534401;25;1;11279
3534401;25;2;12886
3534401;25;3;26402
3534401;25;4;12282
3534401;30;1;14876
3534401;30;2;10927
3534401;30;3;22110
3534401;30;4;11385
3534401;35;1;16592
3534401;35;2;10481
3534401;35;3;16663
3534401;35;4;8818
3534401;40;1;17864
3534401;40;2;9364
3534401;40;3;14530
3534401;40;4;7410
3534401;45;1;17583
3534401;45;2;8635
3534401;45;3;11140
3534401;45;4;6428
3534401;50;1;16783
3534401;50;2;7335
3534401;50;3;9226
3534401;50;4;4318
3534401;55;1;15543
3534401;55;2;5170
3534401;55;3;6429
3534401;55;4;3044
3534401;60;1;25228
3534401;60;2;5141
3534401;60;3;4819
3534401;60;4;2731
3534401;70;1;22164
3534401;70;2;2224
3534401;70;3;1832
3534401;70;4;967
3534708;10;1;7721
3534708;10;2;349
3534708;10;3;0
3534708;10;4;0
3534708;15;1;1199
3534708;15;2;3461
3534708;15;3;359
3534708;15;4;0
3534708;18;1;531
3534708;18;2;1103
3534708;18;3;1732
3534708;18;4;18
3534708;20;1;1263
3534708;20;2;1964
3534708;20;3;4633
3534708;20;4;652
3534708;25;1;1468
3534708;25;2;1607
3534708;25;3;3952
3534708;25;4;1479
3534708;30;1;2391
3534708;30;2;1465
3534708;30;3;2790
3534708;30;4;1473
3534708;35;1;2458
3534708;35;2;1534
3534708;35;3;2403
3534708;35;4;1227
3534708;40;1;2884
3534708;40;2;1557
3534708;40;3;1967
3534708;40;4;1116
3534708;45;1;3079
3534708;45;2;1042
3534708;45;3;1819
3534708;45;4;1168
3534708;50;1;2866
3534708;50;2;830
3534708;50;3;1342
3534708;50;4;1071
3534708;55;1;3354
3534708;55;2;576
3534708;55;3;790
3534708;55;4;774
3534708;60;1;5167
3534708;60;2;907
3534708;60;3;846
3534708;60;4;673
3534708;70;1;4905
3534708;70;2;483
3534708;70;3;309
3534708;70;4;246
3536307;10;1;1026
3536307;10;2;39
3536307;10;3;0
3536307;10;4;0
3536307;15;1;223
3536307;15;2;437
3536307;15;3;51
3536307;15;4;0
3536307;18;1;93
3536307;18;2;128
3536307;18;3;226
3536307;18;4;0
3536307;20;1;207
3536307;20;2;216
3536307;20;3;554
3536307;20;4;107
3536307;25;1;279
3536307;25;2;249
3536307;25;3;435
3536307;25;4;142
3536307;30;1;374
3536307;30;2;154
3536307;30;3;372
3536307;30;4;99
3536307;35;1;456
3536307;35;2;232
3536307;35;3;214
3536307;35;4;44
3536307;40;1;457
3536307;40;2;168
3536307;40;3;173
3536307;40;4;116
3536307;45;1;443
3536307;45;2;159
3536307;45;3;118
3536307;45;4;86
3536307;50;1;486
3536307;50;2;139
3536307;50;3;85
3536307;50;4;103
3536307;55;1;404
3536307;55;2;106
3536307;55;3;52
3536307;55;4;33
3536307;60;1;707
3536307;60;2;49
3536307;60;3;42
3536307;60;4;49
3536307;70;1;574
3536307;70;2;44
3536307;70;3;40
3536307;70;4;32
3536505;10;1;6179
3536505;10;2;264
3536505;10;3;0
3536505;10;4;0
3536505;15;1;1483
3536505;15;2;2322
3536505;15;3;128
3536505;15;4;0
3536505;18;1;455
3536505;18;2;1016
3536505;18;3;1099
3536505;18;4;56
3536505;20;1;1108
3536505;20;2;1206
3536505;20;3;4169
3536505;20;4;713
3536505;25;1;1122
3536505;25;2;1148
3536505;25;3;3698
3536505;25;4;1726
3536505;30;1;1447
3536505;30;2;1149
3536505;30;3;3338
3536505;30;4;1889
3536505;35;1;1994
3536505;35;2;999
3536505;35;3;2654
3536505;35;4;1515
3536505;40;1;2026
3536505;40;2;869
3536505;40;3;2296
3536505;40;4;1100
3536505;45;1;2314
3536505;45;2;959
3536505;45;3;1656
3536505;45;4;789
3536505;50;1;1644
3536505;50;2;956
3536505;50;3;1240
3536505;50;4;633
3536505;55;1;2137
3536505;55;2;507
3536505;55;3;734
3536505;55;4;348
3536505;60;1;2788
3536505;60;2;406
3536505;60;3;645
3536505;60;4;288
3536505;70;1;2049
3536505;70;2;195
3536505;70;3;195
3536505;70;4;64
3538006;10;1;12216
3538006;10;2;671
3538006;10;3;18
3538006;10;4;0
3538006;15;1;2223
3538006;15;2;5101
3538006;15;3;300
3538006;15;4;0
3538006;18;1;629
3538006;18;2;1659
3538006;18;3;2517
3538006;18;4;21
3538006;20;1;1901
3538006;20;2;2486
3538006;20;3;7525
3538006;20;4;772
3538006;25;1;1918
3538006;25;2;2178
3538006;25;3;7556
3538006;25;4;1870
3538006;30;1;2774
3538006;30;2;1635
3538006;30;3;6341
3538006;30;4;1741
3538006;35;1;3121
3538006;35;2;1863
3538006;35;3;4440
3538006;35;4;1490
3538006;40;1;3533
3538006;40;2;1569
3538006;40;3;3671
3538006;40;4;1228
3538006;45;1;3837
3538006;45;2;1517
3538006;45;3;3208
3538006;45;4;1086
3538006;50;1;4184
3538006;50;2;1243
3538006;50;3;2460
3538006;50;4;969
3538006;55;1;3662
3538006;55;2;1170
3538006;55;3;1617
3538006;55;4;872
3538006;60;1;5477
3538006;60;2;1133
3538006;60;3;1463
3538006;60;4;805
3538006;70;1;4470
3538006;70;2;501
3538006;70;3;624
3538006;70;4;497
3538105;10;1;994
3538105;10;2;19
3538105;10;3;0
3538105;10;4;0
3538105;15;1;218
3538105;15;2;391
3538105;15;3;46
3538105;15;4;0
3538105;18;1;92
3538105;18;2;129
3538105;18;3;237
3538105;18;4;5
3538105;20;1;247
3538105;20;2;338
3538105;20;3;634
3538105;20;4;79
3538105;25;1;318
3538105;25;2;320
3538105;25;3;541
3538105;25;4;149
3538105;30;1;363
3538105;30;2;299
3538105;30;3;351
3538105;30;4;167
3538105;35;1;513
3538105;35;2;247
3538105;35;3;284
3538105;35;4;86
3538105;40;1;541
3538105;40;2;235
3538105;40;3;192
3538105;40;4;108
3538105;45;1;618
3538105;45;2;165
3538105;45;3;151
3538105;45;4;45
3538105;50;1;618
3538105;50;2;131
3538105;50;3;115
3538105;50;4;64
3538105;55;1;547
3538105;55;2;108
3538105;55;3;91
3538105;55;4;23
3538105;60;1;1014
3538105;60;2;95
3538105;60;3;42
3538105;60;4;59
3538105;70;1;1080
3538105;70;2;58
3538105;70;3;14
3538105;70;4;33
3538709;10;1;26365
3538709;10;2;1295
3538709;10;3;29
3538709;10;4;0
3538709;15;1;4914
3538709;15;2;10400
3538709;15;3;639
3538709;15;4;10
3538709;18;1;2168
3538709;18;2;3894
3538709;18;3;5460
3538709;18;4;150
3538709;20;1;5094
3538709;20;2;6882
3538709;20;3;16751
3538709;20;4;2882
3538709;25;1;5839
3538709;25;2;7086
3538709;25;3;14772
3538709;25;4;6456
3538709;30;1;7977
3538709;30;2;5887
3538709;30;3;11144
3538709;30;4;5990
3538709;35;1;8613
3538709;35;2;5555
3538709;35;3;8527
3538709;35;4;4590
3538709;40;1;9085
3538709;40;2;4910
3538709;40;3;7322
3538709;40;4;4257
3538709;45;1;9399
3538709;45;2;4914
3538709;45;3;6452
3538709;45;4;4117
3538709;50;1;9225
3538709;50;2;4115
3538709;50;3;5064
3538709;50;4;3496
3538709;55;1;9589
3538709;55;2;2951
3538709;55;3;3371
3538709;55;4;2804
3538709;60;1;15646
3538709;60;2;2930
3538709;60;3;3301
3538709;60;4;2965
3538709;70;1;15886
3538709;70;2;1538
3538709;70;3;1717
3538709;70;4;1458
3539103;10;1;1595
3539103;10;2;72
3539103;10;3;0
3539103;10;4;0
3539103;15;1;329
3539103;15;2;443
3539103;15;3;46
3539103;15;4;0
3539103;18;1;98
3539103;18;2;143
3539103;18;3;275
3539103;18;4;6
3539103;20;1;280
3539103;20;2;419
3539103;20;3;641
3539103;20;4;59
3539103;25;1;280
3539103;25;2;299
3539103;25;3;627
3539103;25;4;104
3539103;30;1;462
3539103;30;2;381
3539103;30;3;447
3539103;30;4;100
3539103;35;1;478
3539103;35;2;310
3539103;35;3;331
3539103;35;4;48
3539103;40;1;445
3539103;40;2;271
3539103;40;3;294
3539103;40;4;60
3539103;45;1;528
3539103;45;2;146
3539103;45;3;178
3539103;45;4;46
3539103;50;1;453
3539103;50;2;90
3539103;50;3;153
3539103;50;4;28
3539103;55;1;307
3539103;55;2;79
3539103;55;3;106
3539103;55;4;32
3539103;60;1;511
3539103;60;2;92
3539103;60;3;81
3539103;60;4;35
3539103;70;1;426
3539103;70;2;24
3539103;70;3;29
3539103;70;4;0
3539202;10;1;1909
3539202;10;2;150
3539202;10;3;0
3539202;10;4;0
3539202;15;1;276
3539202;15;2;879
3539202;15;3;78
3539202;15;4;0
3539202;18;1;91
3539202;18;2;169
3539202;18;3;559
3539202;18;4;6
3539202;20;1;323
3539202;20;2;480
3539202;20;3;1136
3539202;20;4;209
3539202;25;1;273
3539202;25;2;389
3539202;25;3;945
3539202;25;4;244
3539202;30;1;457
3539202;30;2;413
3539202;30;3;804
3539202;30;4;232
3539202;35;1;650
3539202;35;2;336
3539202;35;3;610
3539202;35;4;271
3539202;40;1;809
3539202;40;2;379
3539202;40;3;580
3539202;40;4;200
3539202;45;1;817
3539202;45;2;338
3539202;45;3;434
3539202;45;4;173
3539202;50;1;773
3539202;50;2;223
3539202;50;3;310
3539202;50;4;123
3539202;55;1;744
3539202;55;2;125
3539202;55;3;190
3539202;55;4;118
3539202;60;1;1321
3539202;60;2;210
3539202;60;3;71
3539202;60;4;64
3539202;70;1;1473
3539202;70;2;70
3539202;70;3;11
3539202;70;4;20
3539400;10;1;943
3539400;10;2;32
3539400;10;3;0
3539400;10;4;0
3539400;15;1;176
3539400;15;2;328
3539400;15;3;17
3539400;15;4;0
3539400;18;1;57
3539400;18;2;104
3539400;18;3;182
3539400;18;4;8
3539400;20;1;98
3539400;20;2;241
3539400;20;3;577
3539400;20;4;40
3539400;25;1;163
3539400;25;2;178
3539400;25;3;501
3539400;25;4;187
3539400;30;1;236
3539400;30;2;144
3539400;30;3;502
3539400;30;4;138
3539400;35;1;259
3539400;35;2;172
3539400;35;3;284
3539400;35;4;129
3539400;40;1;300
3539400;40;2;162
3539400;40;3;207
3539400;40;4;123
3539400;45;1;394
3539400;45;2;157
3539400;45;3;186
3539400;45;4;67
3539400;50;1;338
3539400;50;2;131
3539400;50;3;135
3539400;50;4;99
3539400;55;1;432
3539400;55;2;82
3539400;55;3;132
3539400;55;4;102
3539400;60;1;591
3539400;60;2;98
3539400;60;3;125
3539400;60;4;94
3539400;70;1;693
3539400;70;2;60
3539400;70;3;47
3539400;70;4;70
3539806;10;1;8962
3539806;10;2;684
3539806;10;3;48
3539806;10;4;0
3539806;15;1;1472
3539806;15;2;3607
3539806;15;3;248
3539806;15;4;0
3539806;18;1;492
3539806;18;2;1227
3539806;18;3;1981
3539806;18;4;87
3539806;20;1;1013
3539806;20;2;1658
3539806;20;3;6325
3539806;20;4;612
3539806;25;1;1181
3539806;25;2;1250
3539806;25;3;5985
3539806;25;4;1086
3539806;30;1;1708
3539806;30;2;1215
3539806;30;3;5091
3539806;30;4;956
3539806;35;1;2085
3539806;35;2;1216
3539806;35;3;3943
3539806;35;4;937
3539806;40;1;2591
3539806;40;2;1161
3539806;40;3;3029
3539806;40;4;890
3539806;45;1;2662
3539806;45;2;1181
3539806;45;3;2475
3539806;45;4;588
3539806;50;1;2688
3539806;50;2;1128
3539806;50;3;1517
3539806;50;4;514
3539806;55;1;2934
3539806;55;2;930
3539806;55;3;952
3539806;55;4;275
3539806;60;1;4057
3539806;60;2;636
3539806;60;3;781
3539806;60;4;234
3539806;70;1;2814
3539806;70;2;271
3539806;70;3;296
3539806;70;4;52
3540754;10;1;1556
3540754;10;2;53
3540754;10;3;0
3540754;10;4;0
3540754;15;1;338
3540754;15;2;440
3540754;15;3;24
3540754;15;4;0
3540754;18;1;131
3540754;18;2;241
3540754;18;3;340
3540754;18;4;22
3540754;20;1;763
3540754;20;2;655
3540754;20;3;836
3540754;20;4;35
3540754;25;1;773
3540754;25;2;698
3540754;25;3;881
3540754;25;4;80
3540754;30;1;894
3540754;30;2;297
3540754;30;3;625
3540754;30;4;59
3540754;35;1;737
3540754;35;2;269
3540754;35;3;461
3540754;35;4;75
3540754;40;1;739
3540754;40;2;193
3540754;40;3;246
3540754;40;4;53
3540754;45;1;621
3540754;45;2;254
3540754;45;3;148
3540754;45;4;26
3540754;50;1;608
3540754;50;2;132
3540754;50;3;190
3540754;50;4;23
3540754;55;1;422
3540754;55;2;90
3540754;55;3;52
3540754;55;4;24
3540754;60;1;824
3540754;60;2;48
3540754;60;3;19
3540754;60;4;19
3540754;70;1;418
3540754;70;2;31
3540754;70;3;9
3540754;70;4;19
3541000;10;1;21705
3541000;10;2;987
3541000;10;3;0
3541000;10;4;0
3541000;15;1;4638
3541000;15;2;7181
3541000;15;3;563
3541000;15;4;11
3541000;18;1;1765
3541000;18;2;2795
3541000;18;3;3539
3541000;18;4;67
3541000;20;1;3650
3541000;20;2;5477
3541000;20;3;10205
3541000;20;4;986
3541000;25;1;4439
3541000;25;2;4883
3541000;25;3;10173
3541000;25;4;2473
3541000;30;1;6719
3541000;30;2;4297
3541000;30;3;8317
3541000;30;4;2532
3541000;35;1;6707
3541000;35;2;3907
3541000;35;3;7200
3541000;35;4;2065
3541000;40;1;6591
3541000;40;2;3895
3541000;40;3;5159
3541000;40;4;1725
3541000;45;1;6256
3541000;45;2;3539
3541000;45;3;4248
3541000;45;4;1637
3541000;50;1;6335
3541000;50;2;3296
3541000;50;3;3602
3541000;50;4;1562
3541000;55;1;6189
3541000;55;2;2684
3541000;55;3;3199
3541000;55;4;1349
3541000;60;1;10587
3541000;60;2;3727
3541000;60;3;3183
3541000;60;4;1822
3541000;70;1;9458
3541000;70;2;1894
3541000;70;3;1590
3541000;70;4;835
3541208;10;1;882
3541208;10;2;68
3541208;10;3;0
3541208;10;4;0
3541208;15;1;171
3541208;15;2;485
3541208;15;3;29
3541208;15;4;0
3541208;18;1;53
3541208;18;2;85
3541208;18;3;231
3541208;18;4;6
3541208;20;1;117
3541208;20;2;254
3541208;20;3;610
3541208;20;4;67
3541208;25;1;146
3541208;25;2;116
3541208;25;3;586
3541208;25;4;157
3541208;30;1;252
3541208;30;2;173
3541208;30;3;430
3541208;30;4;87
3541208;35;1;409
3541208;35;2;109
3541208;35;3;324
3541208;35;4;117
3541208;40;1;484
3541208;40;2;126
3541208;40;3;315
3541208;40;4;147
3541208;45;1;467
3541208;45;2;132
3541208;45;3;325
3541208;45;4;91
3541208;50;1;428
3541208;50;2;127
3541208;50;3;212
3541208;50;4;109
3541208;55;1;457
3541208;55;2;86
3541208;55;3;107
3541208;55;4;98
3541208;60;1;941
3541208;60;2;71
3541208;60;3;123
3541208;60;4;126
3541208;70;1;1001
3541208;70;2;50
3541208;70;3;34
3541208;70;4;46
3541406;10;1;14411
3541406;10;2;807
3541406;10;3;13
3541406;10;4;0
3541406;15;1;2001
3541406;15;2;7096
3541406;15;3;770
3541406;15;4;10
3541406;18;1;578
3541406;18;2;1989
3541406;18;3;3583
3541406;18;4;111
3541406;20;1;1756
3541406;20;2;3055
3541406;20;3;10455
3541406;20;4;1921
3541406;25;1;2301
3541406;25;2;2908
3541406;25;3;8125
3541406;25;4;4008
3541406;30;1;3517
3541406;30;2;2892
3541406;30;3;6532
3541406;30;4;3967
3541406;35;1;4051
3541406;35;2;2662
3541406;35;3;5800
3541406;35;4;3287
3541406;40;1;4699
3541406;40;2;3188
3541406;40;3;4996
3541406;40;4;3028
3541406;45;1;4999
3541406;45;2;2755
3541406;45;3;4033
3541406;45;4;3083
3541406;50;1;5299
3541406;50;2;2160
3541406;50;3;2937
3541406;50;4;2263
3541406;55;1;5274
3541406;55;2;1655
3541406;55;3;2201
3541406;55;4;2143
3541406;60;1;8971
3541406;60;2;1993
3541406;60;3;1928
3541406;60;4;2292
3541406;70;1;9709
3541406;70;2;1028
3541406;70;3;1034
3541406;70;4;1237
3542305;10;1;341
3542305;10;2;15
3542305;10;3;0
3542305;10;4;0
3542305;15;1;81
3542305;15;2;119
3542305;15;3;4
3542305;15;4;0
3542305;18;1;33
3542305;18;2;52
3542305;18;3;44
3542305;18;4;0
3542305;20;1;92
3542305;20;2;72
3542305;20;3;89
3542305;20;4;3
3542305;25;1;117
3542305;25;2;50
3542305;25;3;92
3542305;25;4;9
3542305;30;1;120
3542305;30;2;52
3542305;30;3;85
3542305;30;4;11
3542305;35;1;173
3542305;35;2;40
3542305;35;3;55
3542305;35;4;16
3542305;40;1;163
3542305;40;2;32
3542305;40;3;40
3542305;40;4;12
3542305;45;1;179
3542305;45;2;38
3542305;45;3;32
3542305;45;4;10
3542305;50;1;189
3542305;50;2;38
3542305;50;3;43
3542305;50;4;4
3542305;55;1;149
3542305;55;2;21
3542305;55;3;17
3542305;55;4;4
3542305;60;1;258
3542305;60;2;20
3542305;60;3;23
3542305;60;4;0
3542305;70;1;283
3542305;70;2;4
3542305;70;3;6
3542305;70;4;5
3542404;10;1;1373
3542404;10;2;76
3542404;10;3;5
3542404;10;4;0
3542404;15;1;152
3542404;15;2;699
3542404;15;3;32
3542404;15;4;0
3542404;18;1;75
3542404;18;2;141
3542404;18;3;371
3542404;18;4;5
3542404;20;1;174
3542404;20;2;281
3542404;20;3;901
3542404;20;4;140
3542404;25;1;245
3542404;25;2;296
3542404;25;3;749
3542404;25;4;223
3542404;30;1;406
3542404;30;2;259
3542404;30;3;601
3542404;30;4;214
3542404;35;1;456
3542404;35;2;272
3542404;35;3;439
3542404;35;4;189
3542404;40;1;584
3542404;40;2;242
3542404;40;3;474
3542404;40;4;106
3542404;45;1;587
3542404;45;2;269
3542404;45;3;331
3542404;45;4;165
3542404;50;1;707
3542404;50;2;155
3542404;50;3;210
3542404;50;4;126
3542404;55;1;574
3542404;55;2;98
3542404;55;3;133
3542404;55;4;102
3542404;60;1;976
3542404;60;2;98
3542404;60;3;116
3542404;60;4;136
3542404;70;1;1094
3542404;70;2;69
3542404;70;3;32
3542404;70;4;17
3542701;10;1;624
3542701;10;2;11
3542701;10;3;0
3542701;10;4;0
3542701;15;1;109
3542701;15;2;212
3542701;15;3;10
3542701;15;4;0
3542701;18;1;45
3542701;18;2;80
3542701;18;3;78
3542701;18;4;0
3542701;20;1;142
3542701;20;2;197
3542701;20;3;289
3542701;20;4;11
3542701;25;1;163
3542701;25;2;156
3542701;25;3;183
3542701;25;4;45
3542701;30;1;201
3542701;30;2;136
3542701;30;3;127
3542701;30;4;46
3542701;35;1;235
3542701;35;2;94
3542701;35;3;88
3542701;35;4;31
3542701;40;1;245
3542701;40;2;57
3542701;40;3;108
3542701;40;4;27
3542701;45;1;264
3542701;45;2;58
3542701;45;3;63
3542701;45;4;20
3542701;50;1;279
3542701;50;2;63
3542701;50;3;26
3542701;50;4;18
3542701;55;1;202
3542701;55;2;32
3542701;55;3;23
3542701;55;4;14
3542701;60;1;259
3542701;60;2;22
3542701;60;3;21
3542701;60;4;16
3542701;70;1;255
3542701;70;2;13
3542701;70;3;9
3542701;70;4;3
3543105;10;1;415
3543105;10;2;2
3543105;10;3;0
3543105;10;4;0
3543105;15;1;69
3543105;15;2;166
3543105;15;3;10
3543105;15;4;0
3543105;18;1;35
3543105;18;2;52
3543105;18;3;45
3543105;18;4;0
3543105;20;1;89
3543105;20;2;100
3543105;20;3;184
3543105;20;4;21
3543105;25;1;86
3543105;25;2;85
3543105;25;3;164
3543105;25;4;23
3543105;30;1;135
3543105;30;2;65
3543105;30;3;121
3543105;30;4;19
3543105;35;1;184
3543105;35;2;58
3543105;35;3;85
3543105;35;4;10
3543105;40;1;171
3543105;40;2;45
3543105;40;3;39
3543105;40;4;11
3543105;45;1;176
3543105;45;2;31
3543105;45;3;30
3543105;45;4;17
3543105;50;1;196
3543105;50;2;17
3543105;50;3;12
3543105;50;4;3
3543105;55;1;131
3543105;55;2;29
3543105;55;3;8
3543105;55;4;6
3543105;60;1;256
3543105;60;2;13
3543105;60;3;4
3543105;60;4;0
3543105;70;1;166
3543105;70;2;4
3543105;70;3;3
3543105;70;4;5
3543303;10;1;8335
3543303;10;2;521
3543303;10;3;43
3543303;10;4;0
3543303;15;1;1104
3543303;15;2;3667
3543303;15;3;209
3543303;15;4;9
3543303;18;1;494
3543303;18;2;945
3543303;18;3;2038
3543303;18;4;80
3543303;20;1;1163
3543303;20;2;1792
3543303;20;3;6238
3543303;20;4;772
3543303;25;1;1217
3543303;25;2;1692
3543303;25;3;5853
3543303;25;4;1414
3543303;30;1;1606
3543303;30;2;1800
3543303;30;3;4907
3543303;30;4;1441
3543303;35;1;2125
3543303;35;2;1751
3543303;35;3;3784
3543303;35;4;1253
3543303;40;1;2511
3543303;40;2;1682
3543303;40;3;3238
3543303;40;4;1056
3543303;45;1;2628
3543303;45;2;1605
3543303;45;3;2655
3543303;45;4;917
3543303;50;1;3313
3543303;50;2;1351
3543303;50;3;1783
3543303;50;4;525
3543303;55;1;3016
3543303;55;2;1240
3543303;55;3;1195
3543303;55;4;487
3543303;60;1;4707
3543303;60;2;1110
3543303;60;3;1350
3543303;60;4;377
3543303;70;1;3881
3543303;70;2;449
3543303;70;3;476
3543303;70;4;130
3543402;10;1;40877
3543402;10;2;1688
3543402;10;3;82
3543402;10;4;0
3543402;15;1;8365
3543402;15;2;17054
3543402;15;3;1251
3543402;15;4;89
3543402;18;1;2955
3543402;18;2;5880
3543402;18;3;10437
3543402;18;4;140
3543402;20;1;8595
3543402;20;2;11665
3543402;20;3;29457
3543402;20;4;5769
3543402;25;1;9860
3543402;25;2;8809
3543402;25;3;25093
3543402;25;4;14985
3543402;30;1;11500
3543402;30;2;9130
3543402;30;3;18131
3543402;30;4;13842
3543402;35;1;11944
3543402;35;2;8245
3543402;35;3;15000
3543402;35;4;10294
3543402;40;1;13302
3543402;40;2;7955
3543402;40;3;12167
3543402;40;4;8221
3543402;45;1;13035
3543402;45;2;6946
3543402;45;3;11746
3543402;45;4;8953
3543402;50;1;13147
3543402;50;2;7029
3543402;50;3;8911
3543402;50;4;7166
3543402;55;1;13491
3543402;55;2;5238
3543402;55;3;6307
3543402;55;4;6050
3543402;60;1;23412
3543402;60;2;4652
3543402;60;3;6166
3543402;60;4;6910
3543402;70;1;24205
3543402;70;2;2644
3543402;70;3;4135
3543402;70;4;3530
3543709;10;1;857
3543709;10;2;62
3543709;10;3;0
3543709;10;4;0
3543709;15;1;105
3543709;15;2;337
3543709;15;3;69
3543709;15;4;0
3543709;18;1;79
3543709;18;2;125
3543709;18;3;166
3543709;18;4;7
3543709;20;1;188
3543709;20;2;229
3543709;20;3;387
3543709;20;4;53
3543709;25;1;256
3543709;25;2;180
3543709;25;3;417
3543709;25;4;52
3543709;30;1;322
3543709;30;2;186
3543709;30;3;223
3543709;30;4;70
3543709;35;1;412
3543709;35;2;148
3543709;35;3;155
3543709;35;4;56
3543709;40;1;437
3543709;40;2;101
3543709;40;3;149
3543709;40;4;53
3543709;45;1;308
3543709;45;2;152
3543709;45;3;141
3543709;45;4;30
3543709;50;1;383
3543709;50;2;102
3543709;50;3;86
3543709;50;4;31
3543709;55;1;317
3543709;55;2;67
3543709;55;3;24
3543709;55;4;21
3543709;60;1;570
3543709;60;2;84
3543709;60;3;27
3543709;60;4;21
3543709;70;1;507
3543709;70;2;22
3543709;70;3;20
3543709;70;4;33
3543907;10;1;13309
3543907;10;2;330
3543907;10;3;12
3543907;10;4;0
3543907;15;1;2048
3543907;15;2;6158
3543907;15;3;314
3543907;15;4;0
3543907;18;1;639
3543907;18;2;1682
3543907;18;3;3260
3543907;18;4;69
3543907;20;1;1675
3543907;20;2;2926
3543907;20;3;9793
3543907;20;4;1553
3543907;25;1;2356
3543907;25;2;2693
3543907;25;3;8246
3543907;25;4;3675
3543907;30;1;3410
3543907;30;2;2872
3543907;30;3;6531
3543907;30;4;3182
3543907;35;1;4182
3543907;35;2;2382
3543907;35;3;5077
3543907;35;4;2425
3543907;40;1;4275
3543907;40;2;2589
3543907;40;3;4329
3543907;40;4;2049
3543907;45;1;4458
3543907;45;2;2312
3543907;45;3;3950
3543907;45;4;2218
3543907;50;1;4710
3543907;50;2;2354
3543907;50;3;2724
3543907;50;4;2020
3543907;55;1;4276
3543907;55;2;1496
3543907;55;3;1870
3543907;55;4;1277
3543907;60;1;7706
3543907;60;2;1607
3543907;60;3;2094
3543907;60;4;1607
3543907;70;1;8772
3543907;70;2;1122
3543907;70;3;1275
3543907;70;4;935
3544004;10;1;2396
3544004;10;2;18
3544004;10;3;11
3544004;10;4;0
3544004;15;1;522
3544004;15;2;943
3544004;15;3;54
3544004;15;4;0
3544004;18;1;111
3544004;18;2;275
3544004;18;3;456
3544004;18;4;0
3544004;20;1;450
3544004;20;2;624
3544004;20;3;1688
3544004;20;4;112
3544004;25;1;517
3544004;25;2;609
3544004;25;3;1473
3544004;25;4;363
3544004;30;1;621
3544004;30;2;549
3544004;30;3;1244
3544004;30;4;116
3544004;35;1;853
3544004;35;2;443
3544004;35;3;914
3544004;35;4;152
3544004;40;1;821
3544004;40;2;474
3544004;40;3;616
3544004;40;4;178
3544004;45;1;1003
3544004;45;2;259
3544004;45;3;441
3544004;45;4;145
3544004;50;1;891
3544004;50;2;179
3544004;50;3;351
3544004;50;4;98
3544004;55;1;809
3544004;55;2;100
3544004;55;3;152
3544004;55;4;105
3544004;60;1;1336
3544004;60;2;114
3544004;60;3;62
3544004;60;4;75
3544004;70;1;982
3544004;70;2;95
3544004;70;3;49
3544004;70;4;39
3544103;10;1;3904
3544103;10;2;170
3544103;10;3;23
3544103;10;4;0
3544103;15;1;470
3544103;15;2;1646
3544103;15;3;98
3544103;15;4;0
3544103;18;1;245
3544103;18;2;462
3544103;18;3;851
3544103;18;4;0
3544103;20;1;529
3544103;20;2;911
3544103;20;3;2411
3544103;20;4;128
3544103;25;1;756
3544103;25;2;798
3544103;25;3;2455
3544103;25;4;175
3544103;30;1;908
3544103;30;2;596
3544103;30;3;2087
3544103;30;4;217
3544103;35;1;1190
3544103;35;2;631
3544103;35;3;1459
3544103;35;4;253
3544103;40;1;1271
3544103;40;2;673
3544103;40;3;983
3544103;40;4;197
3544103;45;1;1277
3544103;45;2;483
3544103;45;3;862
3544103;45;4;102
3544103;50;1;1402
3544103;50;2;461
3544103;50;3;412
3544103;50;4;69
3544103;55;1;1280
3544103;55;2;130
3544103;55;3;253
3544103;55;4;10
3544103;60;1;1638
3544103;60;2;274
3544103;60;3;166
3544103;60;4;39
3544103;70;1;1090
3544103;70;2;144
3544103;70;3;68
3544103;70;4;0
3544301;10;1;781
3544301;10;2;21
3544301;10;3;0
3544301;10;4;0
3544301;15;1;189
3544301;15;2;273
3544301;15;3;24
3544301;15;4;0
3544301;18;1;85
3544301;18;2;134
3544301;18;3;130
3544301;18;4;0
3544301;20;1;79
3544301;20;2;192
3544301;20;3;482
3544301;20;4;34
3544301;25;1;203
3544301;25;2;148
3544301;25;3;459
3544301;25;4;109
3544301;30;1;207
3544301;30;2;181
3544301;30;3;352
3544301;30;4;111
3544301;35;1;280
3544301;35;2;114
3544301;35;3;255
3544301;35;4;99
3544301;40;1;326
3544301;40;2;100
3544301;40;3;180
3544301;40;4;64
3544301;45;1;311
3544301;45;2;107
3544301;45;3;156
3544301;45;4;42
3544301;50;1;322
3544301;50;2;78
3544301;50;3;109
3544301;50;4;36
3544301;55;1;324
3544301;55;2;33
3544301;55;3;96
3544301;55;4;32
3544301;60;1;321
3544301;60;2;104
3544301;60;3;56
3544301;60;4;48
3544301;70;1;331
3544301;70;2;4
3544301;70;3;12
3544301;70;4;11
3545001;10;1;1359
3545001;10;2;98
3545001;10;3;0
3545001;10;4;0
3545001;15;1;148
3545001;15;2;651
3545001;15;3;46
3545001;15;4;0
3545001;18;1;87
3545001;18;2;180
3545001;18;3;234
3545001;18;4;7
3545001;20;1;199
3545001;20;2;277
3545001;20;3;748
3545001;20;4;55
3545001;25;1;261
3545001;25;2;233
3545001;25;3;588
3545001;25;4;96
3545001;30;1;405
3545001;30;2;218
3545001;30;3;458
3545001;30;4;104
3545001;35;1;503
3545001;35;2;193
3545001;35;3;369
3545001;35;4;82
3545001;40;1;444
3545001;40;2;152
3545001;40;3;362
3545001;40;4;136
3545001;45;1;590
3545001;45;2;123
3545001;45;3;206
3545001;45;4;113
3545001;50;1;656
3545001;50;2;108
3545001;50;3;96
3545001;50;4;72
3545001;55;1;410
3545001;55;2;91
3545001;55;3;99
3545001;55;4;20
3545001;60;1;843
3545001;60;2;89
3545001;60;3;78
3545001;60;4;70
3545001;70;1;784
3545001;70;2;16
3545001;70;3;40
3545001;70;4;26
3545159;10;1;477
3545159;10;2;18
3545159;10;3;0
3545159;10;4;0
3545159;15;1;67
3545159;15;2;241
3545159;15;3;26
3545159;15;4;0
3545159;18;1;25
3545159;18;2;57
3545159;18;3;127
3545159;18;4;2
3545159;20;1;63
3545159;20;2;82
3545159;20;3;379
3545159;20;4;59
3545159;25;1;68
3545159;25;2;105
3545159;25;3;349
3545159;25;4;126
3545159;30;1;130
3545159;30;2;115
3545159;30;3;299
3545159;30;4;82
3545159;35;1;161
3545159;35;2;125
3545159;35;3;210
3545159;35;4;42
3545159;40;1;204
3545159;40;2;122
3545159;40;3;115
3545159;40;4;42
3545159;45;1;175
3545159;45;2;118
3545159;45;3;137
3545159;45;4;34
3545159;50;1;264
3545159;50;2;77
3545159;50;3;84
3545159;50;4;16
3545159;55;1;321
3545159;55;2;51
3545159;55;3;49
3545159;55;4;17
3545159;60;1;453
3545159;60;2;63
3545159;60;3;65
3545159;60;4;11
3545159;70;1;366
3545159;70;2;20
3545159;70;3;3
3545159;70;4;8
3545209;10;1;8270
3545209;10;2;225
3545209;10;3;33
3545209;10;4;0
3545209;15;1;1076
3545209;15;2;3641
3545209;15;3;323
3545209;15;4;0
3545209;18;1;417
3545209;18;2;1122
3545209;18;3;2165
3545209;18;4;45
3545209;20;1;1057
3545209;20;2;1452
3545209;20;3;6239
3545209;20;4;785
3545209;25;1;1290
3545209;25;2;1521
3545209;25;3;5449
3545209;25;4;1435
3545209;30;1;1683
3545209;30;2;1731
3545209;30;3;4085
3545209;30;4;1279
3545209;35;1;2371
3545209;35;2;1648
3545209;35;3;2750
3545209;35;4;1078
3545209;40;1;2799
3545209;40;2;1801
3545209;40;3;2523
3545209;40;4;788
3545209;45;1;3368
3545209;45;2;1553
3545209;45;3;1849
3545209;45;4;793
3545209;50;1;3426
3545209;50;2;1079
3545209;50;3;1207
3545209;50;4;790
3545209;55;1;3083
3545209;55;2;616
3545209;55;3;652
3545209;55;4;353
3545209;60;1;4762
3545209;60;2;620
3545209;60;3;623
3545209;60;4;391
3545209;70;1;4359
3545209;70;2;318
3545209;70;3;240
3545209;70;4;126
3545308;10;1;3502
3545308;10;2;135
3545308;10;3;10
3545308;10;4;0
3545308;15;1;654
3545308;15;2;1422
3545308;15;3;111
3545308;15;4;0
3545308;18;1;217
3545308;18;2;474
3545308;18;3;575
3545308;18;4;15
3545308;20;1;710
3545308;20;2;876
3545308;20;3;1749
3545308;20;4;54
3545308;25;1;701
3545308;25;2;757
3545308;25;3;1728
3545308;25;4;202
3545308;30;1;1164
3545308;30;2;586
3545308;30;3;1202
3545308;30;4;186
3545308;35;1;1320
3545308;35;2;446
3545308;35;3;888
3545308;35;4;254
3545308;40;1;1314
3545308;40;2;581
3545308;40;3;685
3545308;40;4;202
3545308;45;1;1724
3545308;45;2;330
3545308;45;3;412
3545308;45;4;151
3545308;50;1;1724
3545308;50;2;332
3545308;50;3;315
3545308;50;4;156
3545308;55;1;1201
3545308;55;2;189
3545308;55;3;245
3545308;55;4;81
3545308;60;1;2078
3545308;60;2;306
3545308;60;3;181
3545308;60;4;116
3545308;70;1;1857
3545308;70;2;120
3545308;70;3;28
3545308;70;4;23
3545803;10;1;12457
3545803;10;2;677
3545803;10;3;18
3545803;10;4;0
3545803;15;1;1856
3545803;15;2;6249
3545803;15;3;464
3545803;15;4;0
3545803;18;1;866
3545803;18;2;1882
3545803;18;3;3312
3545803;18;4;52
3545803;20;1;2237
3545803;20;2;3706
3545803;20;3;9543
3545803;20;4;1120
3545803;25;1;2546
3545803;25;2;3576
3545803;25;3;8481
3545803;25;4;2211
3545803;30;1;3464
3545803;30;2;3418
3545803;30;3;6403
3545803;30;4;1576
3545803;35;1;4625
3545803;35;2;2997
3545803;35;3;4883
3545803;35;4;1180
3545803;40;1;5409
3545803;40;2;3349
3545803;40;3;3837
3545803;40;4;1334
3545803;45;1;6432
3545803;45;2;2632
3545803;45;3;3132
3545803;45;4;1004
3545803;50;1;7104
3545803;50;2;2030
3545803;50;3;2104
3545803;50;4;743
3545803;55;1;6227
3545803;55;2;1402
3545803;55;3;1167
3545803;55;4;450
3545803;60;1;8917
3545803;60;2;921
3545803;60;3;701
3545803;60;4;394
3545803;70;1;7280
3545803;70;2;534
3545803;70;3;370
3545803;70;4;174
3546009;10;1;1132
3546009;10;2;30
3546009;10;3;5
3546009;10;4;0
3546009;15;1;198
3546009;15;2;442
3546009;15;3;35
3546009;15;4;0
3546009;18;1;87
3546009;18;2;164
3546009;18;3;214
3546009;18;4;0
3546009;20;1;207
3546009;20;2;194
3546009;20;3;659
3546009;20;4;59
3546009;25;1;264
3546009;25;2;247
3546009;25;3;434
3546009;25;4;102
3546009;30;1;443
3546009;30;2;206
3546009;30;3;357
3546009;30;4;56
3546009;35;1;431
3546009;35;2;190
3546009;35;3;385
3546009;35;4;75
3546009;40;1;502
3546009;40;2;126
3546009;40;3;237
3546009;40;4;87
3546009;45;1;481
3546009;45;2;174
3546009;45;3;221
3546009;45;4;94
3546009;50;1;490
3546009;50;2;101
3546009;50;3;165
3546009;50;4;62
3546009;55;1;487
3546009;55;2;62
3546009;55;3;80
3546009;55;4;57
3546009;60;1;720
3546009;60;2;142
3546009;60;3;89
3546009;60;4;77
3546009;70;1;708
3546009;70;2;39
3546009;70;3;39
3546009;70;4;22
3546256;10;1;184
3546256;10;2;2
3546256;10;3;1
3546256;10;4;0
3546256;15;1;59
3546256;15;2;58
3546256;15;3;3
3546256;15;4;0
3546256;18;1;9
3546256;18;2;23
3546256;18;3;23
3546256;18;4;0
3546256;20;1;20
3546256;20;2;61
3546256;20;3;68
3546256;20;4;14
3546256;25;1;32
3546256;25;2;55
3546256;25;3;57
3546256;25;4;8
3546256;30;1;45
3546256;30;2;49
3546256;30;3;44
3546256;30;4;6
3546256;35;1;58
3546256;35;2;29
3546256;35;3;28
3546256;35;4;6
3546256;40;1;61
3546256;40;2;21
3546256;40;3;27
3546256;40;4;8
3546256;45;1;71
3546256;45;2;22
3546256;45;3;17
3546256;45;4;4
3546256;50;1;71
3546256;50;2;20
3546256;50;3;16
3546256;50;4;3
3546256;55;1;63
3546256;55;2;8
3546256;55;3;12
3546256;55;4;6
3546256;60;1;132
3546256;60;2;17
3546256;60;3;19
3546256;60;4;17
3546256;70;1;88
3546256;70;2;13
3546256;70;3;6
3546256;70;4;5
3546702;10;1;1759
3546702;10;2;28
3546702;10;3;0
3546702;10;4;0
3546702;15;1;515
3546702;15;2;530
3546702;15;3;0
3546702;15;4;0
3546702;18;1;116
3546702;18;2;274
3546702;18;3;305
3546702;18;4;20
3546702;20;1;430
3546702;20;2;605
3546702;20;3;957
3546702;20;4;69
3546702;25;1;606
3546702;25;2;592
3546702;25;3;985
3546702;25;4;159
3546702;30;1;728
3546702;30;2;611
3546702;30;3;485
3546702;30;4;108
3546702;35;1;854
3546702;35;2;435
3546702;35;3;461
3546702;35;4;99
3546702;40;1;907
3546702;40;2;400
3546702;40;3;360
3546702;40;4;101
3546702;45;1;635
3546702;45;2;287
3546702;45;3;175
3546702;45;4;71
3546702;50;1;671
3546702;50;2;130
3546702;50;3;71
3546702;50;4;73
3546702;55;1;579
3546702;55;2;89
3546702;55;3;110
3546702;55;4;70
3546702;60;1;908
3546702;60;2;68
3546702;60;3;31
3546702;60;4;0
3546702;70;1;813
3546702;70;2;21
3546702;70;3;29
3546702;70;4;10
3546801;10;1;4196
3546801;10;2;203
3546801;10;3;0
3546801;10;4;0
3546801;15;1;794
3546801;15;2;1816
3546801;15;3;92
3546801;15;4;0
3546801;18;1;267
3546801;18;2;483
3546801;18;3;744
3546801;18;4;67
3546801;20;1;586
3546801;20;2;1141
3546801;20;3;2412
3546801;20;4;227
3546801;25;1;993
3546801;25;2;879
3546801;25;3;2086
3546801;25;4;415
3546801;30;1;1563
3546801;30;2;630
3546801;30;3;1386
3546801;30;4;456
3546801;35;1;1927
3546801;35;2;628
3546801;35;3;1063
3546801;35;4;241
3546801;40;1;1850
3546801;40;2;716
3546801;40;3;866
3546801;40;4;258
3546801;45;1;1641
3546801;45;2;533
3546801;45;3;804
3546801;45;4;220
3546801;50;1;1905
3546801;50;2;495
3546801;50;3;406
3546801;50;4;122
3546801;55;1;1618
3546801;55;2;335
3546801;55;3;277
3546801;55;4;133
3546801;60;1;2388
3546801;60;2;394
3546801;60;3;220
3546801;60;4;164
3546801;70;1;1901
3546801;70;2;282
3546801;70;3;157
3546801;70;4;45
3546900;10;1;704
3546900;10;2;77
3546900;10;3;0
3546900;10;4;0
3546900;15;1;71
3546900;15;2;336
3546900;15;3;5
3546900;15;4;0
3546900;18;1;14
3546900;18;2;75
3546900;18;3;214
3546900;18;4;3
3546900;20;1;142
3546900;20;2;175
3546900;20;3;462
3546900;20;4;40
3546900;25;1;157
3546900;25;2;86
3546900;25;3;467
3546900;25;4;38
3546900;30;1;273
3546900;30;2;109
3546900;30;3;279
3546900;30;4;36
3546900;35;1;333
3546900;35;2;106
3546900;35;3;164
3546900;35;4;21
3546900;40;1;423
3546900;40;2;64
3546900;40;3;74
3546900;40;4;36
3546900;45;1;350
3546900;45;2;72
3546900;45;3;57
3546900;45;4;19
3546900;50;1;353
3546900;50;2;43
3546900;50;3;50
3546900;50;4;19
3546900;55;1;237
3546900;55;2;26
3546900;55;3;38
3546900;55;4;6
3546900;60;1;411
3546900;60;2;23
3546900;60;3;16
3546900;60;4;0
3546900;70;1;309
3546900;70;2;9
3546900;70;3;10
3546900;70;4;5
3547304;10;1;9221
3547304;10;2;449
3547304;10;3;14
3547304;10;4;0
3547304;15;1;1830
3547304;15;2;3110
3547304;15;3;339
3547304;15;4;19
3547304;18;1;510
3547304;18;2;1153
3547304;18;3;1606
3547304;18;4;27
3547304;20;1;1926
3547304;20;2;1894
3547304;20;3;4871
3547304;20;4;941
3547304;25;1;2029
3547304;25;2;1495
3547304;25;3;3746
3547304;25;4;2202
3547304;30;1;2648
3547304;30;2;1725
3547304;30;3;3098
3547304;30;4;1722
3547304;35;1;3090
3547304;35;2;1204
3547304;35;3;2243
3547304;35;4;1915
3547304;40;1;3114
3547304;40;2;1130
3547304;40;3;1801
3547304;40;4;1875
3547304;45;1;2930
3547304;45;2;818
3547304;45;3;1650
3547304;45;4;1971
3547304;50;1;2550
3547304;50;2;668
3547304;50;3;1002
3547304;50;4;1895
3547304;55;1;2404
3547304;55;2;499
3547304;55;3;756
3547304;55;4;1338
3547304;60;1;2845
3547304;60;2;413
3547304;60;3;724
3547304;60;4;1277
3547304;70;1;1889
3547304;70;2;299
3547304;70;3;306
3547304;70;4;465
3547809;10;1;44876
3547809;10;2;2233
3547809;10;3;66
3547809;10;4;0
3547809;15;1;6653
3547809;15;2;19504
3547809;15;3;1195
3547809;15;4;24
3547809;18;1;2577
3547809;18;2;6085
3547809;18;3;11200
3547809;18;4;514
3547809;20;1;5861
3547809;20;2;8557
3547809;20;3;34662
3547809;20;4;7610
3547809;25;1;6877
3547809;25;2;8130
3547809;25;3;28818
3547809;25;4;16662
3547809;30;1;10568
3547809;30;2;7604
3547809;30;3;23097
3547809;30;4;15364
3547809;35;1;11674
3547809;35;2;8258
3547809;35;3;19620
3547809;35;4;12640
3547809;40;1;12426
3547809;40;2;9037
3547809;40;3;17456
3547809;40;4;11302
3547809;45;1;12465
3547809;45;2;9281
3547809;45;3;16517
3547809;45;4;10580
3547809;50;1;15108
3547809;50;2;7929
3547809;50;3;12380
3547809;50;4;8201
3547809;55;1;15213
3547809;55;2;6733
3547809;55;3;8575
3547809;55;4;6071
3547809;60;1;27265
3547809;60;2;7093
3547809;60;3;8801
3547809;60;4;6099
3547809;70;1;31862
3547809;70;2;4048
3547809;70;3;3992
3547809;70;4;1788
3548302;10;1;199
3548302;10;2;4
3548302;10;3;3
3548302;10;4;0
3548302;15;1;25
3548302;15;2;133
3548302;15;3;4
3548302;15;4;0
3548302;18;1;10
3548302;18;2;22
3548302;18;3;48
3548302;18;4;0
3548302;20;1;14
3548302;20;2;32
3548302;20;3;141
3548302;20;4;5
3548302;25;1;44
3548302;25;2;24
3548302;25;3;107
3548302;25;4;12
3548302;30;1;61
3548302;30;2;26
3548302;30;3;108
3548302;30;4;5
3548302;35;1;76
3548302;35;2;17
3548302;35;3;87
3548302;35;4;3
3548302;40;1;131
3548302;40;2;36
3548302;40;3;59
3548302;40;4;4
3548302;45;1;112
3548302;45;2;57
3548302;45;3;30
3548302;45;4;16
3548302;50;1;104
3548302;50;2;31
3548302;50;3;30
3548302;50;4;7
3548302;55;1;112
3548302;55;2;4
3548302;55;3;24
3548302;55;4;5
3548302;60;1;225
3548302;60;2;16
3548302;60;3;16
3548302;60;4;9
3548302;70;1;217
3548302;70;2;0
3548302;70;3;0
3548302;70;4;0
3548500;10;1;24787
3548500;10;2;1412
3548500;10;3;30
3548500;10;4;0
3548500;15;1;3508
3548500;15;2;10922
3548500;15;3;1317
3548500;15;4;22
3548500;18;1;1537
3548500;18;2;2899
3548500;18;3;6892
3548500;18;4;170
3548500;20;1;2826
3548500;20;2;4587
3548500;20;3;18386
3548500;20;4;4711
3548500;25;1;3775
3548500;25;2;4168
3548500;25;3;15253
3548500;25;4;10053
3548500;30;1;4463
3548500;30;2;4113
3548500;30;3;11991
3548500;30;4;11564
3548500;35;1;5457
3548500;35;2;4043
3548500;35;3;10389
3548500;35;4;9799
3548500;40;1;5622
3548500;40;2;4245
3548500;40;3;10209
3548500;40;4;9391
3548500;45;1;5962
3548500;45;2;4180
3548500;45;3;10597
3548500;45;4;10003
3548500;50;1;6856
3548500;50;2;3749
3548500;50;3;9482
3548500;50;4;8881
3548500;55;1;6793
3548500;55;2;3923
3548500;55;3;7894
3548500;55;4;7256
3548500;60;1;15099
3548500;60;2;5912
3548500;60;3;9025
3548500;60;4;8808
3548500;70;1;22332
3548500;70;2;6421
3548500;70;3;7600
3548500;70;4;5199
3548708;10;1;54538
3548708;10;2;3403
3548708;10;3;72
3548708;10;4;0
3548708;15;1;9829
3548708;15;2;22424
3548708;15;3;1557
3548708;15;4;0
3548708;18;1;3791
3548708;18;2;7936
3548708;18;3;12168
3548708;18;4;402
3548708;20;1;9484
3548708;20;2;12672
3548708;20;3;37415
3548708;20;4;7699
3548708;25;1;9859
3548708;25;2;11677
3548708;25;3;32077
3548708;25;4;18076
3548708;30;1;14184
3548708;30;2;10288
3548708;30;3;27021
3548708;30;4;17338
3548708;35;1;15766
3548708;35;2;10714
3548708;35;3;22488
3548708;35;4;12874
3548708;40;1;15965
3548708;40;2;10570
3548708;40;3;19164
3548708;40;4;12180
3548708;45;1;17164
3548708;45;2;9921
3548708;45;3;16438
3548708;45;4;10478
3548708;50;1;18879
3548708;50;2;7922
3548708;50;3;11322
3548708;50;4;7650
3548708;55;1;16907
3548708;55;2;6405
3548708;55;3;9223
3548708;55;4;5683
3548708;60;1;25344
3548708;60;2;7222
3548708;60;3;8016
3548708;60;4;5731
3548708;70;1;22809
3548708;70;2;3461
3548708;70;3;2964
3548708;70;4;1941
3548807;10;1;8040
3548807;10;2;464
3548807;10;3;30
3548807;10;4;0
3548807;15;1;1130
3548807;15;2;3865
3548807;15;3;348
3548807;15;4;0
3548807;18;1;249
3548807;18;2;1061
3548807;18;3;2435
3548807;18;4;96
3548807;20;1;887
3548807;20;2;1313
3548807;20;3;6652
3548807;20;4;2174
3548807;25;1;1120
3548807;25;2;1052
3548807;25;3;4845
3548807;25;4;5184
3548807;30;1;1329
3548807;30;2;1070
3548807;30;3;3959
3548807;30;4;5309
3548807;35;1;1251
3548807;35;2;1232
3548807;35;3;3877
3548807;35;4;4569
3548807;40;1;1665
3548807;40;2;1373
3548807;40;3;3540
3548807;40;4;4056
3548807;45;1;1978
3548807;45;2;1569
3548807;45;3;3987
3548807;45;4;4319
3548807;50;1;2065
3548807;50;2;1844
3548807;50;3;3431
3548807;50;4;3195
3548807;55;1;2474
3548807;55;2;1426
3548807;55;3;2777
3548807;55;4;2780
3548807;60;1;5736
3548807;60;2;2358
3548807;60;3;2973
3548807;60;4;2706
3548807;70;1;10021
3548807;70;2;1857
3548807;70;3;1765
3548807;70;4;905
3548906;10;1;15739
3548906;10;2;392
3548906;10;3;10
3548906;10;4;0
3548906;15;1;2538
3548906;15;2;6897
3548906;15;3;343
3548906;15;4;0
3548906;18;1;869
3548906;18;2;2276
3548906;18;3;3912
3548906;18;4;20
3548906;20;1;1745
3548906;20;2;3508
3548906;20;3;12441
3548906;20;4;1476
3548906;25;1;2286
3548906;25;2;3023
3548906;25;3;10630
3548906;25;4;4542
3548906;30;1;3360
3548906;30;2;2888
3548906;30;3;8757
3548906;30;4;4043
3548906;35;1;3873
3548906;35;2;3160
3548906;35;3;6755
3548906;35;4;3248
3548906;40;1;4574
3548906;40;2;2822
3548906;40;3;5888
3548906;40;4;2620
3548906;45;1;4808
3548906;45;2;2791
3548906;45;3;4972
3548906;45;4;3193
3548906;50;1;5817
3548906;50;2;2352
3548906;50;3;3748
3548906;50;4;2430
3548906;55;1;5303
3548906;55;2;1528
3548906;55;3;2379
3548906;55;4;1943
3548906;60;1;8968
3548906;60;2;1884
3548906;60;3;1994
3548906;60;4;2306
3548906;70;1;10277
3548906;70;2;977
3548906;70;3;1378
3548906;70;4;1083
3549805;10;1;25778
3549805;10;2;1071
3549805;10;3;18
3549805;10;4;0
3549805;15;1;4381
3549805;15;2;11094
3549805;15;3;966
3549805;15;4;24
3549805;18;1;1660
3549805;18;2;3644
3549805;18;3;6684
3549805;18;4;315
3549805;20;1;4485
3549805;20;2;7262
3549805;20;3;19258
3549805;20;4;4027
3549805;25;1;5145
3549805;25;2;7154
3549805;25;3;15334
3549805;25;4;9416
3549805;30;1;6832
3549805;30;2;6931
3549805;30;3;12933
3549805;30;4;8855
3549805;35;1;8910
3549805;35;2;6412
3549805;35;3;9756
3549805;35;4;6606
3549805;40;1;10627
3549805;40;2;5806
3549805;40;3;8409
3549805;40;4;5637
3549805;45;1;10805
3549805;45;2;6126
3549805;45;3;7424
3549805;45;4;5603
3549805;50;1;10995
3549805;50;2;4644
3549805;50;3;6492
3549805;50;4;4632
3549805;55;1;10309
3549805;55;2;3275
3549805;55;3;4128
3549805;55;4;3900
3549805;60;1;18171
3549805;60;2;3743
3549805;60;3;4292
3549805;60;4;4209
3549805;70;1;19529
3549805;70;2;2148
3549805;70;3;1999
3549805;70;4;2025
3549904;10;1;48289
3549904;10;2;2653
3549904;10;3;43
3549904;10;4;0
3549904;15;1;6682
3549904;15;2;22157
3549904;15;3;1626
3549904;15;4;0
3549904;18;1;2746
3549904;18;2;6926
3549904;18;3;10264
3549904;18;4;430
3549904;20;1;7100
3549904;20;2;10657
3549904;20;3;33531
3549904;20;4;4513
3549904;25;1;7834
3549904;25;2;9986
3549904;25;3;29593
3549904;25;4;12345
3549904;30;1;11041
3549904;30;2;8230
3549904;30;3;24736
3549904;30;4;11912
3549904;35;1;12721
3549904;35;2;8112
3549904;35;3;17700
3549904;35;4;9872
3549904;40;1;13781
3549904;40;2;8259
3549904;40;3;15641
3549904;40;4;7343
3549904;45;1;14415
3549904;45;2;7437
3549904;45;3;12723
3549904;45;4;8030
3549904;50;1;15078
3549904;50;2;6843
3549904;50;3;10088
3549904;50;4;6699
3549904;55;1;13613
3549904;55;2;4972
3549904;55;3;6612
3549904;55;4;5274
3549904;60;1;21023
3549904;60;2;4396
3549904;60;3;6037
3549904;60;4;5928
3549904;70;1;17797
3549904;70;2;2184
3549904;70;3;2581
3549904;70;4;1914
3549953;10;1;1287
3549953;10;2;46
3549953;10;3;0
3549953;10;4;0
3549953;15;1;206
3549953;15;2;548
3549953;15;3;9
3549953;15;4;0
3549953;18;1;68
3549953;18;2;172
3549953;18;3;208
3549953;18;4;0
3549953;20;1;227
3549953;20;2;284
3549953;20;3;620
3549953;20;4;43
3549953;25;1;280
3549953;25;2;217
3549953;25;3;545
3549953;25;4;113
3549953;30;1;385
3549953;30;2;184
3549953;30;3;395
3549953;30;4;93
3549953;35;1;469
3549953;35;2;189
3549953;35;3;317
3549953;35;4;97
3549953;40;1;520
3549953;40;2;115
3549953;40;3;232
3549953;40;4;98
3549953;45;1;488
3549953;45;2;103
3549953;45;3;188
3549953;45;4;68
3549953;50;1;527
3549953;50;2;119
3549953;50;3;119
3549953;50;4;27
3549953;55;1;442
3549953;55;2;60
3549953;55;3;77
3549953;55;4;36
3549953;60;1;716
3549953;60;2;72
3549953;60;3;62
3549953;60;4;33
3549953;70;1;525
3549953;70;2;30
3549953;70;3;10
3549953;70;4;10
3550308;10;1;807874
3550308;10;2;42877
3550308;10;3;1630
3550308;10;4;0
3550308;15;1;157286
3550308;15;2;294877
3550308;15;3;29434
3550308;15;4;890
3550308;18;1;63410
3550308;18;2;105331
3550308;18;3;149553
3550308;18;4;6722
3550308;20;1;172905
3550308;20;2;199089
3550308;20;3;499571
3550308;20;4;103166
3550308;25;1;188794
3550308;25;2;183262
3550308;25;3;435294
3550308;25;4;255519
3550308;30;1;235391
3550308;30;2;169799
3550308;30;3;346960
3550308;30;4;247497
3550308;35;1;259213
3550308;35;2;152098
3550308;35;3;270210
3550308;35;4;198727
3550308;40;1;272741
3550308;40;2;141837
3550308;40;3;223131
3550308;40;4;168523
3550308;45;1;258923
3550308;45;2;129710
3550308;45;3;187968
3550308;45;4;160728
3550308;50;1;255236
3550308;50;2;112518
3550308;50;3;154655
3550308;50;4;141423
3550308;55;1;234971
3550308;55;2;87481
3550308;55;3;113767
3550308;55;4;108604
3550308;60;1;381404
3550308;60;2;105780
3550308;60;3;120462
3550308;60;4;117506
3550308;70;1;394972
3550308;70;2;73922
3550308;70;3;77698
3550308;70;4;62762
3550605;10;1;6126
3550605;10;2;304
3550605;10;3;0
3550605;10;4;0
3550605;15;1;1244
3550605;15;2;2391
3550605;15;3;168
3550605;15;4;0
3550605;18;1;432
3550605;18;2;875
3550605;18;3;869
3550605;18;4;47
3550605;20;1;1224
3550605;20;2;1510
3550605;20;3;3205
3550605;20;4;551
3550605;25;1;1287
3550605;25;2;1318
3550605;25;3;2965
3550605;25;4;1121
3550605;30;1;1771
3550605;30;2;1472
3550605;30;3;2493
3550605;30;4;1007
3550605;35;1;2106
3550605;35;2;1316
3550605;35;3;1674
3550605;35;4;820
3550605;40;1;2284
3550605;40;2;1073
3550605;40;3;1415
3550605;40;4;977
3550605;45;1;2428
3550605;45;2;984
3550605;45;3;1117
3550605;45;4;762
3550605;50;1;2536
3550605;50;2;894
3550605;50;3;841
3550605;50;4;787
3550605;55;1;2190
3550605;55;2;644
3550605;55;3;565
3550605;55;4;569
3550605;60;1;3794
3550605;60;2;656
3550605;60;3;657
3550605;60;4;455
3550605;70;1;3290
3550605;70;2;487
3550605;70;3;353
3550605;70;4;115
3550704;10;1;6676
3550704;10;2;355
3550704;10;3;11
3550704;10;4;0
3550704;15;1;1221
3550704;15;2;2323
3550704;15;3;140
3550704;15;4;12
3550704;18;1;411
3550704;18;2;723
3550704;18;3;1072
3550704;18;4;10
3550704;20;1;1438
3550704;20;2;1729
3550704;20;3;2932
3550704;20;4;347
3550704;25;1;2056
3550704;25;2;1410
3550704;25;3;2878
3550704;25;4;739
3550704;30;1;2817
3550704;30;2;1490
3550704;30;3;2067
3550704;30;4;890
3550704;35;1;2816
3550704;35;2;949
3550704;35;3;1846
3550704;35;4;562
3550704;40;1;2441
3550704;40;2;729
3550704;40;3;1604
3550704;40;4;526
3550704;45;1;1957
3550704;45;2;629
3550704;45;3;1085
3550704;45;4;479
3550704;50;1;1918
3550704;50;2;627
3550704;50;3;738
3550704;50;4;451
3550704;55;1;1619
3550704;55;2;437
3550704;55;3;540
3550704;55;4;339
3550704;60;1;1836
3550704;60;2;543
3550704;60;3;687
3550704;60;4;462
3550704;70;1;1783
3550704;70;2;367
3550704;70;3;160
3550704;70;4;193
3551009;10;1;26090
3551009;10;2;1639
3551009;10;3;17
3551009;10;4;0
3551009;15;1;4946
3551009;15;2;10259
3551009;15;3;960
3551009;15;4;0
3551009;18;1;2056
3551009;18;2;3549
3551009;18;3;4983
3551009;18;4;111
3551009;20;1;4995
3551009;20;2;5943
3551009;20;3;15510
3551009;20;4;1469
3551009;25;1;5558
3551009;25;2;5478
3551009;25;3;15558
3551009;25;4;3331
3551009;30;1;7037
3551009;30;2;4783
3551009;30;3;13103
3551009;30;4;3195
3551009;35;1;7755
3551009;35;2;5003
3551009;35;3;9802
3551009;35;4;2473
3551009;40;1;8224
3551009;40;2;4663
3551009;40;3;8089
3551009;40;4;2347
3551009;45;1;8115
3551009;45;2;4305
3551009;45;3;6787
3551009;45;4;2315
3551009;50;1;8457
3551009;50;2;3582
3551009;50;3;4807
3551009;50;4;2121
3551009;55;1;8321
3551009;55;2;2945
3551009;55;3;3844
3551009;55;4;1669
3551009;60;1;12373
3551009;60;2;3573
3551009;60;3;3522
3551009;60;4;1491
3551009;70;1;11464
3551009;70;2;1866
3551009;70;3;1898
3551009;70;4;754
3551405;10;1;811
3551405;10;2;40
3551405;10;3;5
3551405;10;4;0
3551405;15;1;180
3551405;15;2;281
3551405;15;3;15
3551405;15;4;0
3551405;18;1;112
3551405;18;2;94
3551405;18;3;102
3551405;18;4;0
3551405;20;1;499
3551405;20;2;391
3551405;20;3;328
3551405;20;4;29
3551405;25;1;521
3551405;25;2;382
3551405;25;3;299
3551405;25;4;63
3551405;30;1;516
3551405;30;2;233
3551405;30;3;297
3551405;30;4;70
3551405;35;1;518
3551405;35;2;134
3551405;35;3;215
3551405;35;4;46
3551405;40;1;490
3551405;40;2;110
3551405;40;3;130
3551405;40;4;43
3551405;45;1;496
3551405;45;2;131
3551405;45;3;93
3551405;45;4;20
3551405;50;1;370
3551405;50;2;77
3551405;50;3;58
3551405;50;4;35
3551405;55;1;324
3551405;55;2;68
3551405;55;3;42
3551405;55;4;42
3551405;60;1;518
3551405;60;2;26
3551405;60;3;39
3551405;60;4;24
3551405;70;1;391
3551405;70;2;11
3551405;70;3;17
3551405;70;4;26
3551504;10;1;3358
3551504;10;2;122
3551504;10;3;0
3551504;10;4;0
3551504;15;1;714
3551504;15;2;1165
3551504;15;3;46
3551504;15;4;0
3551504;18;1;389
3551504;18;2;616
3551504;18;3;552
3551504;18;4;35
3551504;20;1;960
3551504;20;2;1039
3551504;20;3;1734
3551504;20;4;118
3551504;25;1;936
3551504;25;2;1018
3551504;25;3;1637
3551504;25;4;262
3551504;30;1;1197
3551504;30;2;757
3551504;30;3;1141
3551504;30;4;208
3551504;35;1;1336
3551504;35;2;681
3551504;35;3;767
3551504;35;4;179
3551504;40;1;1520
3551504;40;2;434
3551504;40;3;702
3551504;40;4;88
3551504;45;1;1458
3551504;45;2;395
3551504;45;3;435
3551504;45;4;128
3551504;50;1;1245
3551504;50;2;304
3551504;50;3;368
3551504;50;4;95
3551504;55;1;976
3551504;55;2;169
3551504;55;3;206
3551504;55;4;55
3551504;60;1;1519
3551504;60;2;115
3551504;60;3;139
3551504;60;4;20
3551504;70;1;1262
3551504;70;2;67
3551504;70;3;46
3551504;70;4;37
3551702;10;1;8355
3551702;10;2;261
3551702;10;3;12
3551702;10;4;0
3551702;15;1;2012
3551702;15;2;3117
3551702;15;3;278
3551702;15;4;0
3551702;18;1;709
3551702;18;2;1239
3551702;18;3;1455
3551702;18;4;31
3551702;20;1;2095
3551702;20;2;2541
3551702;20;3;4933
3551702;20;4;766
3551702;25;1;2499
3551702;25;2;2312
3551702;25;3;4450
3551702;25;4;1614
3551702;30;1;3026
3551702;30;2;2388
3551702;30;3;3143
3551702;30;4;1354
3551702;35;1;3344
3551702;35;2;1983
3551702;35;3;2053
3551702;35;4;974
3551702;40;1;3594
3551702;40;2;1893
3551702;40;3;1388
3551702;40;4;922
3551702;45;1;3825
3551702;45;2;1426
3551702;45;3;1452
3551702;45;4;628
3551702;50;1;3711
3551702;50;2;1075
3551702;50;3;1117
3551702;50;4;588
3551702;55;1;3330
3551702;55;2;583
3551702;55;3;432
3551702;55;4;488
3551702;60;1;5106
3551702;60;2;461
3551702;60;3;363
3551702;60;4;500
3551702;70;1;4316
3551702;70;2;227
3551702;70;3;213
3551702;70;4;146
3552205;10;1;45288
3552205;10;2;1777
3552205;10;3;31
3552205;10;4;0
3552205;15;1;6936
3552205;15;2;20143
3552205;15;3;1106
3552205;15;4;0
3552205;18;1;2909
3552205;18;2;5201
3552205;18;3;10801
3552205;18;4;218
3552205;20;1;6892
3552205;20;2;8803
3552205;20;3;32804
3552205;20;4;4218
3552205;25;1;7831
3552205;25;2;7945
3552205;25;3;27544
3552205;25;4;11018
3552205;30;1;10449
3552205;30;2;7859
3552205;30;3;21353
3552205;30;4;11231
3552205;35;1;12718
3552205;35;2;7244
3552205;35;3;16861
3552205;35;4;8406
3552205;40;1;13516
3552205;40;2;7434
3552205;40;3;13731
3552205;40;4;7447
3552205;45;1;14333
3552205;45;2;7092
3552205;45;3;11205
3552205;45;4;7487
3552205;50;1;15148
3552205;50;2;6369
3552205;50;3;8130
3552205;50;4;5180
3552205;55;1;13861
3552205;55;2;4678
3552205;55;3;5392
3552205;55;4;4375
3552205;60;1;21841
3552205;60;2;4613
3552205;60;3;5374
3552205;60;4;4123
3552205;70;1;21212
3552205;70;2;3123
3552205;70;3;2622
3552205;70;4;2307
3552403;10;1;19150
3552403;10;2;761
3552403;10;3;38
3552403;10;4;0
3552403;15;1;3623
3552403;15;2;8022
3552403;15;3;370
3552403;15;4;0
3552403;18;1;1265
3552403;18;2;2912
3552403;18;3;3850
3552403;18;4;75
3552403;20;1;4035
3552403;20;2;5030
3552403;20;3;12112
3552403;20;4;1451
3552403;25;1;4567
3552403;25;2;4434
3552403;25;3;12259
3552403;25;4;2715
3552403;30;1;5680
3552403;30;2;4421
3552403;30;3;9535
3552403;30;4;2849
3552403;35;1;6686
3552403;35;2;4347
3552403;35;3;6804
3552403;35;4;1715
3552403;40;1;7485
3552403;40;2;3694
3552403;40;3;5051
3552403;40;4;1332
3552403;45;1;7579
3552403;45;2;2928
3552403;45;3;3448
3552403;45;4;1042
3552403;50;1;7558
3552403;50;2;2231
3552403;50;3;2244
3552403;50;4;856
3552403;55;1;7377
3552403;55;2;1419
3552403;55;3;1491
3552403;55;4;473
3552403;60;1;9932
3552403;60;2;1046
3552403;60;3;931
3552403;60;4;346
3552403;70;1;7232
3552403;70;2;367
3552403;70;3;280
3552403;70;4;122
3552502;10;1;23980
3552502;10;2;1147
3552502;10;3;10
3552502;10;4;0
3552502;15;1;3894
3552502;15;2;9676
3552502;15;3;597
3552502;15;4;0
3552502;18;1;1415
3552502;18;2;2470
3552502;18;3;4589
3552502;18;4;74
3552502;20;1;3573
3552502;20;2;4399
3552502;20;3;13890
3552502;20;4;1188
3552502;25;1;3841
3552502;25;2;4226
3552502;25;3;12863
3552502;25;4;2319
3552502;30;1;5076
3552502;30;2;3898
3552502;30;3;10851
3552502;30;4;2348
3552502;35;1;6690
3552502;35;2;3381
3552502;35;3;8188
3552502;35;4;2043
3552502;40;1;8020
3552502;40;2;3262
3552502;40;3;5937
3552502;40;4;1791
3552502;45;1;7843
3552502;45;2;2951
3552502;45;3;4354
3552502;45;4;1422
3552502;50;1;7501
3552502;50;2;2498
3552502;50;3;2995
3552502;50;4;948
3552502;55;1;7447
3552502;55;2;1552
3552502;55;3;1818
3552502;55;4;991
3552502;60;1;10249
3552502;60;2;1490
3552502;60;3;1579
3552502;60;4;563
3552502;70;1;7778
3552502;70;2;786
3552502;70;3;402
3552502;70;4;316
3552809;10;1;20577
3552809;10;2;967
3552809;10;3;15
3552809;10;4;0
3552809;15;1;4212
3552809;15;2;7138
3552809;15;3;575
3552809;15;4;0
3552809;18;1;1316
3552809;18;2;2784
3552809;18;3;3550
3552809;18;4;116
3552809;20;1;3312
3552809;20;2;5118
3552809;20;3;12379
3552809;20;4;1688
3552809;25;1;4034
3552809;25;2;4659
3552809;25;3;11443
3552809;25;4;3859
3552809;30;1;5869
3552809;30;2;4633
3552809;30;3;9236
3552809;30;4;3240
3552809;35;1;6508
3552809;35;2;4257
3552809;35;3;6680
3552809;35;4;2499
3552809;40;1;6822
3552809;40;2;3739
3552809;40;3;5490
3552809;40;4;2115
3552809;45;1;6560
3552809;45;2;2962
3552809;45;3;3917
3552809;45;4;1741
3552809;50;1;6676
3552809;50;2;2500
3552809;50;3;3076
3552809;50;4;1053
3552809;55;1;5315
3552809;55;2;1719
3552809;55;3;1931
3552809;55;4;739
3552809;60;1;8128
3552809;60;2;1910
3552809;60;3;1525
3552809;60;4;517
3552809;70;1;5664
3552809;70;2;679
3552809;70;3;433
3552809;70;4;208
3552908;10;1;442
3552908;10;2;33
3552908;10;3;0
3552908;10;4;0
3552908;15;1;59
3552908;15;2;223
3552908;15;3;13
3552908;15;4;0
3552908;18;1;39
3552908;18;2;54
3552908;18;3;91
3552908;18;4;0
3552908;20;1;85
3552908;20;2;110
3552908;20;3;232
3552908;20;4;23
3552908;25;1;101
3552908;25;2;80
3552908;25;3;206
3552908;25;4;59
3552908;30;1;158
3552908;30;2;105
3552908;30;3;121
3552908;30;4;51
3552908;35;1;191
3552908;35;2;92
3552908;35;3;126
3552908;35;4;37
3552908;40;1;259
3552908;40;2;50
3552908;40;3;103
3552908;40;4;20
3552908;45;1;248
3552908;45;2;67
3552908;45;3;80
3552908;45;4;29
3552908;50;1;217
3552908;50;2;51
3552908;50;3;33
3552908;50;4;14
3552908;55;1;188
3552908;55;2;21
3552908;55;3;20
3552908;55;4;15
3552908;60;1;316
3552908;60;2;12
3552908;60;3;39
3552908;60;4;6
3552908;70;1;372
3552908;70;2;8
3552908;70;3;2
3552908;70;4;2
3553906;10;1;552
3553906;10;2;24
3553906;10;3;0
3553906;10;4;0
3553906;15;1;68
3553906;15;2;272
3553906;15;3;20
3553906;15;4;0
3553906;18;1;33
3553906;18;2;85
3553906;18;3;135
3553906;18;4;0
3553906;20;1;100
3553906;20;2;150
3553906;20;3;291
3553906;20;4;24
3553906;25;1;123
3553906;25;2;143
3553906;25;3;247
3553906;25;4;55
3553906;30;1;184
3553906;30;2;120
3553906;30;3;209
3553906;30;4;27
3553906;35;1;225
3553906;35;2;81
3553906;35;3;146
3553906;35;4;39
3553906;40;1;214
3553906;40;2;100
3553906;40;3;96
3553906;40;4;43
3553906;45;1;244
3553906;45;2;88
3553906;45;3;75
3553906;45;4;19
3553906;50;1;199
3553906;50;2;66
3553906;50;3;60
3553906;50;4;12
3553906;55;1;211
3553906;55;2;22
3553906;55;3;27
3553906;55;4;2
3553906;60;1;343
3553906;60;2;30
3553906;60;3;13
3553906;60;4;10
3553906;70;1;352
3553906;70;2;13
3553906;70;3;3
3553906;70;4;0
3554003;10;1;9090
3554003;10;2;253
3554003;10;3;0
3554003;10;4;0
3554003;15;1;1652
3554003;15;2;3345
3554003;15;3;351
3554003;15;4;0
3554003;18;1;877
3554003;18;2;1189
3554003;18;3;1498
3554003;18;4;85
3554003;20;1;1757
3554003;20;2;2212
3554003;20;3;4887
3554003;20;4;505
3554003;25;1;2365
3554003;25;2;2128
3554003;25;3;3883
3554003;25;4;1146
3554003;30;1;2792
3554003;30;2;1899
3554003;30;3;3302
3554003;30;4;1019
3554003;35;1;3071
3554003;35;2;1370
3554003;35;3;2529
3554003;35;4;945
3554003;40;1;3127
3554003;40;2;1437
3554003;40;3;1996
3554003;40;4;744
3554003;45;1;3241
3554003;45;2;1374
3554003;45;3;1438
3554003;45;4;714
3554003;50;1;3305
3554003;50;2;894
3554003;50;3;1198
3554003;50;4;580
3554003;55;1;2943
3554003;55;2;770
3554003;55;3;730
3554003;55;4;482
3554003;60;1;5328
3554003;60;2;591
3554003;60;3;633
3554003;60;4;559
3554003;70;1;4433
3554003;70;2;438
3554003;70;3;317
3554003;70;4;340
3554102;10;1;21529
3554102;10;2;688
3554102;10;3;23
3554102;10;4;0
3554102;15;1;4166
3554102;15;2;8578
3554102;15;3;616
3554102;15;4;0
3554102;18;1;1346
3554102;18;2;2714
3554102;18;3;4543
3554102;18;4;157
3554102;20;1;3478
3554102;20;2;4182
3554102;20;3;14670
3554102;20;4;2021
3554102;25;1;3679
3554102;25;2;3658
3554102;25;3;12990
3554102;25;4;5000
3554102;30;1;4862
3554102;30;2;3294
3554102;30;3;10972
3554102;30;4;4899
3554102;35;1;5554
3554102;35;2;3308
3554102;35;3;8564
3554102;35;4;3806
3554102;40;1;6300
3554102;40;2;3242
3554102;40;3;7447
3554102;40;4;3424
3554102;45;1;6484
3554102;45;2;3552
3554102;45;3;5538
3554102;45;4;3411
3554102;50;1;6786
3554102;50;2;2715
3554102;50;3;4643
3554102;50;4;2787
3554102;55;1;6099
3554102;55;2;2065
3554102;55;3;2979
3554102;55;4;2170
3554102;60;1;10896
3554102;60;2;2015
3554102;60;3;2745
3554102;60;4;2244
3554102;70;1;9833
3554102;70;2;1213
3554102;70;3;1464
3554102;70;4;1133
3554805;10;1;3092
3554805;10;2;186
3554805;10;3;0
3554805;10;4;0
3554805;15;1;565
3554805;15;2;1224
3554805;15;3;178
3554805;15;4;0
3554805;18;1;209
3554805;18;2;432
3554805;18;3;512
3554805;18;4;14
3554805;20;1;979
3554805;20;2;1100
3554805;20;3;1741
3554805;20;4;141
3554805;25;1;1301
3554805;25;2;696
3554805;25;3;1726
3554805;25;4;470
3554805;30;1;1211
3554805;30;2;663
3554805;30;3;1369
3554805;30;4;654
3554805;35;1;1073
3554805;35;2;681
3554805;35;3;1048
3554805;35;4;372
3554805;40;1;1001
3554805;40;2;503
3554805;40;3;860
3554805;40;4;581
3554805;45;1;1058
3554805;45;2;529
3554805;45;3;746
3554805;45;4;468
3554805;50;1;887
3554805;50;2;526
3554805;50;3;520
3554805;50;4;353
3554805;55;1;866
3554805;55;2;391
3554805;55;3;360
3554805;55;4;244
3554805;60;1;1213
3554805;60;2;384
3554805;60;3;375
3554805;60;4;370
3554805;70;1;1164
3554805;70;2;83
3554805;70;3;153
3554805;70;4;100
3555406;10;1;7223
3555406;10;2;350
3555406;10;3;11
3555406;10;4;0
3555406;15;1;1373
3555406;15;2;2683
3555406;15;3;125
3555406;15;4;0
3555406;18;1;490
3555406;18;2;1059
3555406;18;3;982
3555406;18;4;17
3555406;20;1;1295
3555406;20;2;1595
3555406;20;3;2994
3555406;20;4;179
3555406;25;1;1718
3555406;25;2;1451
3555406;25;3;2959
3555406;25;4;470
3555406;30;1;2507
3555406;30;2;1176
3555406;30;3;2228
3555406;30;4;635
3555406;35;1;2917
3555406;35;2;1062
3555406;35;3;1869
3555406;35;4;719
3555406;40;1;2915
3555406;40;2;972
3555406;40;3;1241
3555406;40;4;642
3555406;45;1;2789
3555406;45;2;840
3555406;45;3;1058
3555406;45;4;618
3555406;50;1;2267
3555406;50;2;604
3555406;50;3;871
3555406;50;4;520
3555406;55;1;2101
3555406;55;2;400
3555406;55;3;581
3555406;55;4;347
3555406;60;1;2629
3555406;60;2;517
3555406;60;3;690
3555406;60;4;575
3555406;70;1;2191
3555406;70;2;267
3555406;70;3;319
3555406;70;4;352
3555604;10;1;639
3555604;10;2;11
3555604;10;3;0
3555604;10;4;0
3555604;15;1;100
3555604;15;2;301
3555604;15;3;0
3555604;15;4;0
3555604;18;1;64
3555604;18;2;139
3555604;18;3;126
3555604;18;4;0
3555604;20;1;146
3555604;20;2;193
3555604;20;3;404
3555604;20;4;92
3555604;25;1;210
3555604;25;2;98
3555604;25;3;289
3555604;25;4;137
3555604;30;1;310
3555604;30;2;123
3555604;30;3;191
3555604;30;4;84
3555604;35;1;318
3555604;35;2;147
3555604;35;3;162
3555604;35;4;44
3555604;40;1;400
3555604;40;2;93
3555604;40;3;107
3555604;40;4;70
3555604;45;1;347
3555604;45;2;120
3555604;45;3;128
3555604;45;4;71
3555604;50;1;434
3555604;50;2;73
3555604;50;3;88
3555604;50;4;64
3555604;55;1;360
3555604;55;2;35
3555604;55;3;43
3555604;55;4;39
3555604;60;1;673
3555604;60;2;27
3555604;60;3;29
3555604;60;4;52
3555604;70;1;721
3555604;70;2;0
3555604;70;3;16
3555604;70;4;30
3556206;10;1;7214
3556206;10;2;276
3556206;10;3;13
3556206;10;4;0
3556206;15;1;1293
3556206;15;2;3132
3556206;15;3;242
3556206;15;4;0
3556206;18;1;287
3556206;18;2;763
3556206;18;3;1880
3556206;18;4;74
3556206;20;1;1334
3556206;20;2;1517
3556206;20;3;4998
3556206;20;4;1078
3556206;25;1;1332
3556206;25;2;1516
3556206;25;3;4022
3556206;25;4;2487
3556206;30;1;1894
3556206;30;2;1457
3556206;30;3;3513
3556206;30;4;2316
3556206;35;1;2152
3556206;35;2;1340
3556206;35;3;3068
3556206;35;4;2156
3556206;40;1;2728
3556206;40;2;1587
3556206;40;3;2379
3556206;40;4;2283
3556206;45;1;2632
3556206;45;2;1376
3556206;45;3;2289
3556206;45;4;1899
3556206;50;1;2395
3556206;50;2;970
3556206;50;3;1600
3556206;50;4;1491
3556206;55;1;2979
3556206;55;2;881
3556206;55;3;1005
3556206;55;4;955
3556206;60;1;4751
3556206;60;2;694
3556206;60;3;857
3556206;60;4;804
3556206;70;1;4294
3556206;70;2;521
3556206;70;3;521
3556206;70;4;432
3556453;10;1;3686
3556453;10;2;153
3556453;10;3;7
3556453;10;4;0
3556453;15;1;782
3556453;15;2;1213
3556453;15;3;97
3556453;15;4;0
3556453;18;1;314
3556453;18;2;467
3556453;18;3;559
3556453;18;4;7
3556453;20;1;893
3556453;20;2;915
3556453;20;3;1723
3556453;20;4;219
3556453;25;1;1127
3556453;25;2;730
3556453;25;3;1595
3556453;25;4;511
3556453;30;1;1143
3556453;30;2;794
3556453;30;3;1352
3556453;30;4;492
3556453;35;1;1135
3556453;35;2;782
3556453;35;3;969
3556453;35;4;481
3556453;40;1;1343
3556453;40;2;529
3556453;40;3;788
3556453;40;4;450
3556453;45;1;1518
3556453;45;2;403
3556453;45;3;564
3556453;45;4;345
3556453;50;1;1320
3556453;50;2;423
3556453;50;3;439
3556453;50;4;205
3556453;55;1;998
3556453;55;2;299
3556453;55;3;305
3556453;55;4;183
3556453;60;1;1725
3556453;60;2;160
3556453;60;3;217
3556453;60;4;152
3556453;70;1;1251
3556453;70;2;128
3556453;70;3;58
3556453;70;4;33
3556503;10;1;8690
3556503;10;2;383
3556503;10;3;0
3556503;10;4;0
3556503;15;1;1508
3556503;15;2;3312
3556503;15;3;430
3556503;15;4;0
3556503;18;1;544
3556503;18;2;1028
3556503;18;3;2058
3556503;18;4;73
3556503;20;1;1686
3556503;20;2;2662
3556503;20;3;5449
3556503;20;4;609
3556503;25;1;2328
3556503;25;2;2366
3556503;25;3;5049
3556503;25;4;766
3556503;30;1;2581
3556503;30;2;2413
3556503;30;3;3448
3556503;30;4;863
3556503;35;1;3349
3556503;35;2;2183
3556503;35;3;2369
3556503;35;4;451
3556503;40;1;3805
3556503;40;2;1836
3556503;40;3;1677
3556503;40;4;358
3556503;45;1;3900
3556503;45;2;1638
3556503;45;3;1219
3556503;45;4;256
3556503;50;1;3661
3556503;50;2;1201
3556503;50;3;972
3556503;50;4;191
3556503;55;1;3591
3556503;55;2;670
3556503;55;3;404
3556503;55;4;93
3556503;60;1;4303
3556503;60;2;390
3556503;60;3;341
3556503;60;4;94
3556503;70;1;2961
3556503;70;2;118
3556503;70;3;81
3556503;70;4;28
3556602;10;1;812
3556602;10;2;38
3556602;10;3;0
3556602;10;4;0
3556602;15;1;111
3556602;15;2;410
3556602;15;3;16
3556602;15;4;0
3556602;18;1;33
3556602;18;2;134
3556602;18;3;144
3556602;18;4;0
3556602;20;1;81
3556602;20;2;143
3556602;20;3;538
3556602;20;4;81
3556602;25;1;115
3556602;25;2;190
3556602;25;3;396
3556602;25;4;78
3556602;30;1;198
3556602;30;2;197
3556602;30;3;339
3556602;30;4;84
3556602;35;1;270
3556602;35;2;167
3556602;35;3;246
3556602;35;4;51
3556602;40;1;317
3556602;40;2;147
3556602;40;3;186
3556602;40;4;74
3556602;45;1;324
3556602;45;2;136
3556602;45;3;174
3556602;45;4;108
3556602;50;1;355
3556602;50;2;73
3556602;50;3;104
3556602;50;4;82
3556602;55;1;406
3556602;55;2;67
3556602;55;3;48
3556602;55;4;63
3556602;60;1;675
3556602;60;2;47
3556602;60;3;98
3556602;60;4;82
3556602;70;1;726
3556602;70;2;66
3556602;70;3;67
3556602;70;4;38
3556701;10;1;4467
3556701;10;2;110
3556701;10;3;20
3556701;10;4;0
3556701;15;1;833
3556701;15;2;1572
3556701;15;3;158
3556701;15;4;0
3556701;18;1;314
3556701;18;2;619
3556701;18;3;872
3556701;18;4;28
3556701;20;1;906
3556701;20;2;833
3556701;20;3;3191
3556701;20;4;676
3556701;25;1;1087
3556701;25;2;875
3556701;25;3;2717
3556701;25;4;1368
3556701;30;1;1299
3556701;30;2;826
3556701;30;3;2187
3556701;30;4;1198
3556701;35;1;1506
3556701;35;2;780
3556701;35;3;1653
3556701;35;4;1227
3556701;40;1;1900
3556701;40;2;591
3556701;40;3;1182
3556701;40;4;1077
3556701;45;1;1672
3556701;45;2;915
3556701;45;3;937
3556701;45;4;1049
3556701;50;1;1599
3556701;50;2;544
3556701;50;3;937
3556701;50;4;809
3556701;55;1;1439
3556701;55;2;308
3556701;55;3;665
3556701;55;4;706
3556701;60;1;2178
3556701;60;2;453
3556701;60;3;808
3556701;60;4;626
3556701;70;1;2196
3556701;70;2;338
3556701;70;3;402
3556701;70;4;300
3557006;10;1;9135
3557006;10;2;380
3557006;10;3;22
3557006;10;4;0
3557006;15;1;1351
3557006;15;2;3978
3557006;15;3;174
3557006;15;4;0
3557006;18;1;424
3557006;18;2;1265
3557006;18;3;1987
3557006;18;4;78
3557006;20;1;1339
3557006;20;2;2148
3557006;20;3;5952
3557006;20;4;536
3557006;25;1;1188
3557006;25;2;1842
3557006;25;3;6035
3557006;25;4;1163
3557006;30;1;1903
3557006;30;2;1552
3557006;30;3;4776
3557006;30;4;1150
3557006;35;1;2205
3557006;35;2;1734
3557006;35;3;3381
3557006;35;4;871
3557006;40;1;2895
3557006;40;2;1531
3557006;40;3;2533
3557006;40;4;608
3557006;45;1;3016
3557006;45;2;1525
3557006;45;3;1851
3557006;45;4;626
3557006;50;1;3309
3557006;50;2;1080
3557006;50;3;1422
3557006;50;4;360
3557006;55;1;3044
3557006;55;2;887
3557006;55;3;796
3557006;55;4;222
3557006;60;1;4966
3557006;60;2;565
3557006;60;3;488
3557006;60;4;282
3557006;70;1;3745
3557006;70;2;177
3557006;70;3;136
3557006;70;4;106
3557303;10;1;829
3557303;10;2;21
3557303;10;3;0
3557303;10;4;0
3557303;15;1;147
3557303;15;2;331
3557303;15;3;11
3557303;15;4;0
3557303;18;1;53
3557303;18;2;104
3557303;18;3;226
3557303;18;4;0
3557303;20;1;156
3557303;20;2;155
3557303;20;3;578
3557303;20;4;29
3557303;25;1;151
3557303;25;2;101
3557303;25;3;538
3557303;25;4;121
3557303;30;1;197
3557303;30;2;167
3557303;30;3;351
3557303;30;4;75
3557303;35;1;248
3557303;35;2;151
3557303;35;3;327
3557303;35;4;71
3557303;40;1;367
3557303;40;2;106
3557303;40;3;164
3557303;40;4;87
3557303;45;1;398
3557303;45;2;101
3557303;45;3;153
3557303;45;4;64
3557303;50;1;413
3557303;50;2;71
3557303;50;3;91
3557303;50;4;13
3557303;55;1;381
3557303;55;2;52
3557303;55;3;29
3557303;55;4;22
3557303;60;1;516
3557303;60;2;32
3557303;60;3;23
3557303;60;4;0
3557303;70;1;450
3557303;70;2;16
3557303;70;3;5
3557303;70;4;9
4100400;10;1;10174
4100400;10;2;484
4100400;10;3;0
4100400;10;4;0
4100400;15;1;2947
4100400;15;2;2849
4100400;15;3;314
4100400;15;4;0
4100400;18;1;1208
4100400;18;2;1264
4100400;18;3;1234
4100400;18;4;42
4100400;20;1;2620
4100400;20;2;2691
4100400;20;3;3511
4100400;20;4;346
4100400;25;1;2551
4100400;25;2;2348
4100400;25;3;3474
4100400;25;4;623
4100400;30;1;3515
4100400;30;2;1601
4100400;30;3;2779
4100400;30;4;597
4100400;35;1;4039
4100400;35;2;1662
4100400;35;3;2032
4100400;35;4;421
4100400;40;1;3909
4100400;40;2;1472
4100400;40;3;1446
4100400;40;4;545
4100400;45;1;3696
4100400;45;2;940
4100400;45;3;1062
4100400;45;4;329
4100400;50;1;3518
4100400;50;2;659
4100400;50;3;590
4100400;50;4;184
4100400;55;1;3026
4100400;55;2;420
4100400;55;3;291
4100400;55;4;173
4100400;60;1;3861
4100400;60;2;327
4100400;60;3;200
4100400;60;4;173
4100400;70;1;2518
4100400;70;2;65
4100400;70;3;74
4100400;70;4;20
4101408;10;1;8982
4101408;10;2;636
4101408;10;3;13
4101408;10;4;0
4101408;15;1;1818
4101408;15;2;3565
4101408;15;3;471
4101408;15;4;0
4101408;18;1;1061
4101408;18;2;1406
4101408;18;3;1992
4101408;18;4;32
4101408;20;1;2027
4101408;20;2;2620
4101408;20;3;4868
4101408;20;4;1033
4101408;25;1;2303
4101408;25;2;2465
4101408;25;3;3871
4101408;25;4;1426
4101408;30;1;3149
4101408;30;2;1824
4101408;30;3;3122
4101408;30;4;1536
4101408;35;1;3573
4101408;35;2;1856
4101408;35;3;2353
4101408;35;4;943
4101408;40;1;3989
4101408;40;2;1784
4101408;40;3;2149
4101408;40;4;1275
4101408;45;1;3709
4101408;45;2;1428
4101408;45;3;1781
4101408;45;4;1139
4101408;50;1;4055
4101408;50;2;1004
4101408;50;3;1169
4101408;50;4;757
4101408;55;1;4002
4101408;55;2;618
4101408;55;3;859
4101408;55;4;686
4101408;60;1;6553
4101408;60;2;655
4101408;60;3;663
4101408;60;4;638
4101408;70;1;5771
4101408;70;2;223
4101408;70;3;354
4101408;70;4;119
4101507;10;1;7562
4101507;10;2;462
4101507;10;3;0
4101507;10;4;0
4101507;15;1;1621
4101507;15;2;2804
4101507;15;3;299
4101507;15;4;6
4101507;18;1;770
4101507;18;2;917
4101507;18;3;1641
4101507;18;4;53
4101507;20;1;1585
4101507;20;2;2281
4101507;20;3;4673
4101507;20;4;735
4101507;25;1;1934
4101507;25;2;2064
4101507;25;3;3809
4101507;25;4;1351
4101507;30;1;2439
4101507;30;2;2090
4101507;30;3;2911
4101507;30;4;1267
4101507;35;1;3003
4101507;35;2;1783
4101507;35;3;2235
4101507;35;4;1082
4101507;40;1;3631
4101507;40;2;1688
4101507;40;3;1639
4101507;40;4;983
4101507;45;1;3412
4101507;45;2;1411
4101507;45;3;1517
4101507;45;4;802
4101507;50;1;3326
4101507;50;2;974
4101507;50;3;907
4101507;50;4;489
4101507;55;1;3418
4101507;55;2;637
4101507;55;3;673
4101507;55;4;417
4101507;60;1;5206
4101507;60;2;620
4101507;60;3;631
4101507;60;4;400
4101507;70;1;4577
4101507;70;2;260
4101507;70;3;184
4101507;70;4;178
4101804;10;1;10666
4101804;10;2;551
4101804;10;3;0
4101804;10;4;0
4101804;15;1;2744
4101804;15;2;3351
4101804;15;3;278
4101804;15;4;0
4101804;18;1;1087
4101804;18;2;1755
4101804;18;3;1646
4101804;18;4;87
4101804;20;1;2499
4101804;20;2;3265
4101804;20;3;4801
4101804;20;4;642
4101804;25;1;2224
4101804;25;2;2792
4101804;25;3;5091
4101804;25;4;991
4101804;30;1;3069
4101804;30;2;2661
4101804;30;3;3919
4101804;30;4;766
4101804;35;1;3750
4101804;35;2;2287
4101804;35;3;2834
4101804;35;4;730
4101804;40;1;4153
4101804;40;2;1947
4101804;40;3;1941
4101804;40;4;545
4101804;45;1;4173
4101804;45;2;1415
4101804;45;3;1509
4101804;45;4;260
4101804;50;1;3976
4101804;50;2;1121
4101804;50;3;911
4101804;50;4;279
4101804;55;1;2973
4101804;55;2;609
4101804;55;3;651
4101804;55;4;137
4101804;60;1;4641
4101804;60;2;344
4101804;60;3;288
4101804;60;4;80
4101804;70;1;3027
4101804;70;2;161
4101804;70;3;156
4101804;70;4;28
4102307;10;1;988
4102307;10;2;21
4102307;10;3;0
4102307;10;4;0
4102307;15;1;303
4102307;15;2;256
4102307;15;3;24
4102307;15;4;0
4102307;18;1;117
4102307;18;2;73
4102307;18;3;203
4102307;18;4;0
4102307;20;1;279
4102307;20;2;191
4102307;20;3;456
4102307;20;4;49
4102307;25;1;369
4102307;25;2;178
4102307;25;3;336
4102307;25;4;70
4102307;30;1;365
4102307;30;2;145
4102307;30;3;353
4102307;30;4;63
4102307;35;1;536
4102307;35;2;119
4102307;35;3;195
4102307;35;4;39
4102307;40;1;479
4102307;40;2;92
4102307;40;3;184
4102307;40;4;48
4102307;45;1;451
4102307;45;2;74
4102307;45;3;125
4102307;45;4;56
4102307;50;1;449
4102307;50;2;68
4102307;50;3;49
4102307;50;4;24
4102307;55;1;471
4102307;55;2;22
4102307;55;3;24
4102307;55;4;13
4102307;60;1;573
4102307;60;2;36
4102307;60;3;46
4102307;60;4;10
4102307;70;1;402
4102307;70;2;11
4102307;70;3;33
4102307;70;4;28
4103107;10;1;1175
4103107;10;2;27
4103107;10;3;4
4103107;10;4;0
4103107;15;1;379
4103107;15;2;259
4103107;15;3;6
4103107;15;4;0
4103107;18;1;168
4103107;18;2;112
4103107;18;3;72
4103107;18;4;0
4103107;20;1;391
4103107;20;2;191
4103107;20;3;295
4103107;20;4;13
4103107;25;1;401
4103107;25;2;199
4103107;25;3;229
4103107;25;4;57
4103107;30;1;479
4103107;30;2;96
4103107;30;3;193
4103107;30;4;48
4103107;35;1;552
4103107;35;2;80
4103107;35;3;139
4103107;35;4;32
4103107;40;1;475
4103107;40;2;106
4103107;40;3;64
4103107;40;4;37
4103107;45;1;485
4103107;45;2;36
4103107;45;3;52
4103107;45;4;50
4103107;50;1;420
4103107;50;2;29
4103107;50;3;50
4103107;50;4;16
4103107;55;1;410
4103107;55;2;48
4103107;55;3;33
4103107;55;4;11
4103107;60;1;575
4103107;60;2;29
4103107;60;3;47
4103107;60;4;15
4103107;70;1;477
4103107;70;2;25
4103107;70;3;15
4103107;70;4;5
4103701;10;1;7677
4103701;10;2;379
4103701;10;3;0
4103701;10;4;0
4103701;15;1;1641
4103701;15;2;2726
4103701;15;3;276
4103701;15;4;0
4103701;18;1;732
4103701;18;2;998
4103701;18;3;1453
4103701;18;4;33
4103701;20;1;1649
4103701;20;2;2040
4103701;20;3;4093
4103701;20;4;499
4103701;25;1;1442
4103701;25;2;2372
4103701;25;3;3248
4103701;25;4;934
4103701;30;1;2656
4103701;30;2;1876
4103701;30;3;2294
4103701;30;4;1096
4103701;35;1;2940
4103701;35;2;1792
4103701;35;3;1961
4103701;35;4;878
4103701;40;1;3320
4103701;40;2;1683
4103701;40;3;1805
4103701;40;4;742
4103701;45;1;3592
4103701;45;2;1187
4103701;45;3;1130
4103701;45;4;535
4103701;50;1;3590
4103701;50;2;909
4103701;50;3;769
4103701;50;4;424
4103701;55;1;3246
4103701;55;2;538
4103701;55;3;475
4103701;55;4;291
4103701;60;1;5079
4103701;60;2;607
4103701;60;3;526
4103701;60;4;234
4103701;70;1;4421
4103701;70;2;244
4103701;70;3;158
4103701;70;4;95
4104006;10;1;3806
4104006;10;2;139
4104006;10;3;0
4104006;10;4;0
4104006;15;1;1110
4104006;15;2;1027
4104006;15;3;75
4104006;15;4;0
4104006;18;1;400
4104006;18;2;460
4104006;18;3;483
4104006;18;4;24
4104006;20;1;868
4104006;20;2;922
4104006;20;3;1620
4104006;20;4;129
4104006;25;1;841
4104006;25;2;896
4104006;25;3;1563
4104006;25;4;213
4104006;30;1;1267
4104006;30;2;615
4104006;30;3;1157
4104006;30;4;194
4104006;35;1;1166
4104006;35;2;697
4104006;35;3;896
4104006;35;4;227
4104006;40;1;1646
4104006;40;2;414
4104006;40;3;566
4104006;40;4;136
4104006;45;1;1380
4104006;45;2;460
4104006;45;3;353
4104006;45;4;95
4104006;50;1;1191
4104006;50;2;396
4104006;50;3;284
4104006;50;4;99
4104006;55;1;1037
4104006;55;2;286
4104006;55;3;158
4104006;55;4;37
4104006;60;1;1553
4104006;60;2;114
4104006;60;3;72
4104006;60;4;33
4104006;70;1;1014
4104006;70;2;86
4104006;70;3;55
4104006;70;4;25
4104204;10;1;9320
4104204;10;2;645
4104204;10;3;29
4104204;10;4;0
4104204;15;1;2233
4104204;15;2;3586
4104204;15;3;343
4104204;15;4;0
4104204;18;1;894
4104204;18;2;1121
4104204;18;3;1846
4104204;18;4;59
4104204;20;1;2127
4104204;20;2;2797
4104204;20;3;4251
4104204;20;4;510
4104204;25;1;2417
4104204;25;2;2090
4104204;25;3;3966
4104204;25;4;1307
4104204;30;1;3373
4104204;30;2;2076
4104204;30;3;2979
4104204;30;4;1388
4104204;35;1;3794
4104204;35;2;1851
4104204;35;3;2313
4104204;35;4;998
4104204;40;1;4110
4104204;40;2;1669
4104204;40;3;1814
4104204;40;4;946
4104204;45;1;4392
4104204;45;2;1369
4104204;45;3;1272
4104204;45;4;437
4104204;50;1;3835
4104204;50;2;1022
4104204;50;3;794
4104204;50;4;420
4104204;55;1;3597
4104204;55;2;422
4104204;55;3;588
4104204;55;4;301
4104204;60;1;5393
4104204;60;2;443
4104204;60;3;404
4104204;60;4;143
4104204;70;1;3745
4104204;70;2;196
4104204;70;3;119
4104204;70;4;77
4104253;10;1;2335
4104253;10;2;143
4104253;10;3;0
4104253;10;4;0
4104253;15;1;570
4104253;15;2;666
4104253;15;3;79
4104253;15;4;0
4104253;18;1;388
4104253;18;2;328
4104253;18;3;298
4104253;18;4;33
4104253;20;1;564
4104253;20;2;538
4104253;20;3;915
4104253;20;4;118
4104253;25;1;532
4104253;25;2;523
4104253;25;3;903
4104253;25;4;137
4104253;30;1;1002
4104253;30;2;420
4104253;30;3;569
4104253;30;4;88
4104253;35;1;995
4104253;35;2;599
4104253;35;3;341
4104253;35;4;52
4104253;40;1;1069
4104253;40;2;439
4104253;40;3;246
4104253;40;4;63
4104253;45;1;947
4104253;45;2;279
4104253;45;3;196
4104253;45;4;62
4104253;50;1;804
4104253;50;2;163
4104253;50;3;199
4104253;50;4;49
4104253;55;1;848
4104253;55;2;91
4104253;55;3;83
4104253;55;4;15
4104253;60;1;1077
4104253;60;2;57
4104253;60;3;91
4104253;60;4;35
4104253;70;1;649
4104253;70;2;26
4104253;70;3;10
4104253;70;4;11
4104659;10;1;1734
4104659;10;2;106
4104659;10;3;0
4104659;10;4;0
4104659;15;1;414
4104659;15;2;648
4104659;15;3;58
4104659;15;4;0
4104659;18;1;150
4104659;18;2;212
4104659;18;3;313
4104659;18;4;14
4104659;20;1;318
4104659;20;2;509
4104659;20;3;783
4104659;20;4;85
4104659;25;1;449
4104659;25;2;425
4104659;25;3;796
4104659;25;4;133
4104659;30;1;629
4104659;30;2;370
4104659;30;3;479
4104659;30;4;189
4104659;35;1;739
4104659;35;2;313
4104659;35;3;316
4104659;35;4;86
4104659;40;1;660
4104659;40;2;234
4104659;40;3;294
4104659;40;4;66
4104659;45;1;698
4104659;45;2;155
4104659;45;3;155
4104659;45;4;92
4104659;50;1;625
4104659;50;2;140
4104659;50;3;103
4104659;50;4;32
4104659;55;1;456
4104659;55;2;68
4104659;55;3;50
4104659;55;4;15
4104659;60;1;740
4104659;60;2;34
4104659;60;3;48
4104659;60;4;27
4104659;70;1;457
4104659;70;2;33
4104659;70;3;23
4104659;70;4;12
4104808;10;1;22047
4104808;10;2;2059
4104808;10;3;26
4104808;10;4;0
4104808;15;1;4128
4104808;15;2;9779
4104808;15;3;1510
4104808;15;4;10
4104808;18;1;1946
4104808;18;2;3043
4104808;18;3;5530
4104808;18;4;167
4104808;20;1;4655
4104808;20;2;5941
4104808;20;3;14042
4104808;20;4;2944
4104808;25;1;4833
4104808;25;2;5440
4104808;25;3;10347
4104808;25;4;5552
4104808;30;1;5787
4104808;30;2;4900
4104808;30;3;8210
4104808;30;4;5085
4104808;35;1;7032
4104808;35;2;4491
4104808;35;3;7002
4104808;35;4;3979
4104808;40;1;8200
4104808;40;2;4153
4104808;40;3;5401
4104808;40;4;3534
4104808;45;1;8232
4104808;45;2;3179
4104808;45;3;4707
4104808;45;4;2764
4104808;50;1;7975
4104808;50;2;2582
4104808;50;3;3162
4104808;50;4;1718
4104808;55;1;7237
4104808;55;2;1450
4104808;55;3;2335
4104808;55;4;1318
4104808;60;1;10967
4104808;60;2;1594
4104808;60;3;1602
4104808;60;4;1130
4104808;70;1;8982
4104808;70;2;661
4104808;70;3;543
4104808;70;4;225
4105805;10;1;19421
4105805;10;2;1146
4105805;10;3;49
4105805;10;4;0
4105805;15;1;4696
4105805;15;2;6418
4105805;15;3;784
4105805;15;4;0
4105805;18;1;2226
4105805;18;2;2489
4105805;18;3;2813
4105805;18;4;117
4105805;20;1;5139
4105805;20;2;4649
4105805;20;3;8451
4105805;20;4;1114
4105805;25;1;4947
4105805;25;2;4956
4105805;25;3;8122
4105805;25;4;1426
4105805;30;1;7093
4105805;30;2;4362
4105805;30;3;5818
4105805;30;4;1226
4105805;35;1;7401
4105805;35;2;3596
4105805;35;3;5032
4105805;35;4;1098
4105805;40;1;8008
4105805;40;2;3258
4105805;40;3;3120
4105805;40;4;887
4105805;45;1;7577
4105805;45;2;2267
4105805;45;3;2350
4105805;45;4;716
4105805;50;1;7322
4105805;50;2;1593
4105805;50;3;1691
4105805;50;4;504
4105805;55;1;5656
4105805;55;2;827
4105805;55;3;940
4105805;55;4;236
4105805;60;1;8013
4105805;60;2;855
4105805;60;3;635
4105805;60;4;221
4105805;70;1;5269
4105805;70;2;235
4105805;70;3;227
4105805;70;4;128
4106209;10;1;1461
4106209;10;2;62
4106209;10;3;0
4106209;10;4;0
4106209;15;1;343
4106209;15;2;413
4106209;15;3;67
4106209;15;4;0
4106209;18;1;169
4106209;18;2;143
4106209;18;3;215
4106209;18;4;5
4106209;20;1;386
4106209;20;2;311
4106209;20;3;595
4106209;20;4;70
4106209;25;1;398
4106209;25;2;267
4106209;25;3;503
4106209;25;4;62
4106209;30;1;621
4106209;30;2;206
4106209;30;3;411
4106209;30;4;114
4106209;35;1;782
4106209;35;2;147
4106209;35;3;203
4106209;35;4;54
4106209;40;1;849
4106209;40;2;148
4106209;40;3;110
4106209;40;4;45
4106209;45;1;732
4106209;45;2;79
4106209;45;3;122
4106209;45;4;50
4106209;50;1;597
4106209;50;2;37
4106209;50;3;68
4106209;50;4;30
4106209;55;1;650
4106209;55;2;80
4106209;55;3;55
4106209;55;4;6
4106209;60;1;915
4106209;60;2;28
4106209;60;3;41
4106209;60;4;41
4106209;70;1;645
4106209;70;2;23
4106209;70;3;21
4106209;70;4;5
4106902;10;1;118613
4106902;10;2;10017
4106902;10;3;205
4106902;10;4;0
4106902;15;1;22947
4106902;15;2;48631
4106902;15;3;6802
4106902;15;4;105
4106902;18;1;8777
4106902;18;2;15929
4106902;18;3;31331
4106902;18;4;879
4106902;20;1;21235
4106902;20;2;28381
4106902;20;3;87773
4106902;20;4;19640
4106902;25;1;20858
4106902;25;2;25191
4106902;25;3;68058
4106902;25;4;50575
4106902;30;1;26943
4106902;30;2;22792
4106902;30;3;55245
4106902;30;4;49865
4106902;35;1;29293
4106902;35;2;23184
4106902;35;3;46962
4106902;35;4;37951
4106902;40;1;32876
4106902;40;2;21999
4106902;40;3;39689
4106902;40;4;35325
4106902;45;1;33462
4106902;45;2;20751
4106902;45;3;36155
4106902;45;4;31446
4106902;50;1;34542
4106902;50;2;16848
4106902;50;3;30655
4106902;50;4;27249
4106902;55;1;31486
4106902;55;2;12350
4106902;55;3;19405
4106902;55;4;20977
4106902;60;1;52786
4106902;60;2;14572
4106902;60;3;22249
4106902;60;4;22401
4106902;70;1;51626
4106902;70;2;10531
4106902;70;3;12923
4106902;70;4;10760
4107652;10;1;7945
4107652;10;2;462
4107652;10;3;11
4107652;10;4;0
4107652;15;1;1857
4107652;15;2;2300
4107652;15;3;353
4107652;15;4;0
4107652;18;1;851
4107652;18;2;936
4107652;18;3;1016
4107652;18;4;32
4107652;20;1;2003
4107652;20;2;1979
4107652;20;3;3044
4107652;20;4;220
4107652;25;1;2098
4107652;25;2;1888
4107652;25;3;2891
4107652;25;4;335
4107652;30;1;2775
4107652;30;2;1668
4107652;30;3;2086
4107652;30;4;449
4107652;35;1;3038
4107652;35;2;1531
4107652;35;3;1507
4107652;35;4;248
4107652;40;1;3171
4107652;40;2;1172
4107652;40;3;1223
4107652;40;4;231
4107652;45;1;3139
4107652;45;2;924
4107652;45;3;742
4107652;45;4;133
4107652;50;1;2755
4107652;50;2;629
4107652;50;3;486
4107652;50;4;81
4107652;55;1;2229
4107652;55;2;264
4107652;55;3;286
4107652;55;4;86
4107652;60;1;2729
4107652;60;2;311
4107652;60;3;101
4107652;60;4;73
4107652;70;1;1575
4107652;70;2;102
4107652;70;3;20
4107652;70;4;29
4107900;10;1;392
4107900;10;2;47
4107900;10;3;0
4107900;10;4;0
4107900;15;1;98
4107900;15;2;178
4107900;15;3;21
4107900;15;4;0
4107900;18;1;34
4107900;18;2;61
4107900;18;3;110
4107900;18;4;0
4107900;20;1;77
4107900;20;2;156
4107900;20;3;261
4107900;20;4;44
4107900;25;1;97
4107900;25;2;126
4107900;25;3;221
4107900;25;4;59
4107900;30;1;145
4107900;30;2;85
4107900;30;3;181
4107900;30;4;61
4107900;35;1;151
4107900;35;2;62
4107900;35;3;134
4107900;35;4;65
4107900;40;1;217
4107900;40;2;53
4107900;40;3;115
4107900;40;4;48
4107900;45;1;216
4107900;45;2;65
4107900;45;3;110
4107900;45;4;38
4107900;50;1;229
4107900;50;2;49
4107900;50;3;78
4107900;50;4;20
4107900;55;1;217
4107900;55;2;36
4107900;55;3;39
4107900;55;4;15
4107900;60;1;348
4107900;60;2;20
4107900;60;3;28
4107900;60;4;28
4107900;70;1;323
4107900;70;2;6
4107900;70;3;16
4107900;70;4;3
4108304;10;1;23030
4108304;10;2;1164
4108304;10;3;8
4108304;10;4;0
4108304;15;1;6119
4108304;15;2;7626
4108304;15;3;1051
4108304;15;4;17
4108304;18;1;2424
4108304;18;2;2682
4108304;18;3;3781
4108304;18;4;109
4108304;20;1;5033
4108304;20;2;5396
4108304;20;3;10340
4108304;20;4;1794
4108304;25;1;5096
4108304;25;2;4061
4108304;25;3;8518
4108304;25;4;3913
4108304;30;1;6598
4108304;30;2;4201
4108304;30;3;6778
4108304;30;4;3786
4108304;35;1;7892
4108304;35;2;3759
4108304;35;3;5405
4108304;35;4;3129
4108304;40;1;8371
4108304;40;2;3469
4108304;40;3;4739
4108304;40;4;2473
4108304;45;1;7348
4108304;45;2;2793
4108304;45;3;4030
4108304;45;4;2384
4108304;50;1;6664
4108304;50;2;2241
4108304;50;3;2865
4108304;50;4;1515
4108304;55;1;6538
4108304;55;2;1549
4108304;55;3;1486
4108304;55;4;1020
4108304;60;1;9388
4108304;60;2;1335
4108304;60;3;1149
4108304;60;4;728
4108304;70;1;6376
4108304;70;2;525
4108304;70;3;488
4108304;70;4;244
4109401;10;1;15103
4109401;10;2;1127
4109401;10;3;10
4109401;10;4;0
4109401;15;1;3894
4109401;15;2;5236
4109401;15;3;551
4109401;15;4;0
4109401;18;1;1568
4109401;18;2;2100
4109401;18;3;2568
4109401;18;4;40
4109401;20;1;3613
4109401;20;2;3413
4109401;20;3;6248
4109401;20;4;1035
4109401;25;1;3623
4109401;25;2;2736
4109401;25;3;5029
4109401;25;4;2210
4109401;30;1;4623
4109401;30;2;2239
4109401;30;3;4199
4109401;30;4;2164
4109401;35;1;5847
4109401;35;2;1998
4109401;35;3;2847
4109401;35;4;1626
4109401;40;1;6445
4109401;40;2;1982
4109401;40;3;2192
4109401;40;4;1419
4109401;45;1;6181
4109401;45;2;1745
4109401;45;3;1832
4109401;45;4;1238
4109401;50;1;5690
4109401;50;2;1254
4109401;50;3;1449
4109401;50;4;755
4109401;55;1;4848
4109401;55;2;742
4109401;55;3;894
4109401;55;4;523
4109401;60;1;7501
4109401;60;2;775
4109401;60;3;676
4109401;60;4;579
4109401;70;1;5334
4109401;70;2;369
4109401;70;3;397
4109401;70;4;141
4109807;10;1;3553
4109807;10;2;259
4109807;10;3;6
4109807;10;4;0
4109807;15;1;845
4109807;15;2;1328
4109807;15;3;209
4109807;15;4;0
4109807;18;1;471
4109807;18;2;509
4109807;18;3;532
4109807;18;4;20
4109807;20;1;839
4109807;20;2;1027
4109807;20;3;1799
4109807;20;4;209
4109807;25;1;815
4109807;25;2;897
4109807;25;3;1582
4109807;25;4;580
4109807;30;1;1151
4109807;30;2;745
4109807;30;3;1457
4109807;30;4;584
4109807;35;1;1377
4109807;35;2;747
4109807;35;3;891
4109807;35;4;479
4109807;40;1;1783
4109807;40;2;694
4109807;40;3;685
4109807;40;4;366
4109807;45;1;1750
4109807;45;2;612
4109807;45;3;622
4109807;45;4;232
4109807;50;1;1811
4109807;50;2;492
4109807;50;3;334
4109807;50;4;248
4109807;55;1;1760
4109807;55;2;230
4109807;55;3;365
4109807;55;4;182
4109807;60;1;2588
4109807;60;2;270
4109807;60;3;273
4109807;60;4;160
4109807;70;1;2287
4109807;70;2;163
4109807;70;3;85
4109807;70;4;92
4110003;10;1;293
4110003;10;2;34
4110003;10;3;0
4110003;10;4;0
4110003;15;1;63
4110003;15;2;160
4110003;15;3;29
4110003;15;4;0
4110003;18;1;24
4110003;18;2;26
4110003;18;3;86
4110003;18;4;0
4110003;20;1;36
4110003;20;2;56
4110003;20;3;246
4110003;20;4;21
4110003;25;1;68
4110003;25;2;49
4110003;25;3;142
4110003;25;4;32
4110003;30;1;125
4110003;30;2;45
4110003;30;3;114
4110003;30;4;31
4110003;35;1;109
4110003;35;2;91
4110003;35;3;88
4110003;35;4;23
4110003;40;1;115
4110003;40;2;62
4110003;40;3;92
4110003;40;4;40
4110003;45;1;99
4110003;45;2;45
4110003;45;3;85
4110003;45;4;17
4110003;50;1;112
4110003;50;2;39
4110003;50;3;62
4110003;50;4;23
4110003;55;1;136
4110003;55;2;11
4110003;55;3;35
4110003;55;4;16
4110003;60;1;213
4110003;60;2;35
4110003;60;3;29
4110003;60;4;16
4110003;70;1;174
4110003;70;2;13
4110003;70;3;3
4110003;70;4;6
4111100;10;1;414
4111100;10;2;29
4111100;10;3;0
4111100;10;4;0
4111100;15;1;71
4111100;15;2;203
4111100;15;3;21
4111100;15;4;0
4111100;18;1;23
4111100;18;2;86
4111100;18;3;136
4111100;18;4;0
4111100;20;1;59
4111100;20;2;86
4111100;20;3;274
4111100;20;4;40
4111100;25;1;98
4111100;25;2;75
4111100;25;3;254
4111100;25;4;62
4111100;30;1;135
4111100;30;2;96
4111100;30;3;185
4111100;30;4;28
4111100;35;1;174
4111100;35;2;76
4111100;35;3;167
4111100;35;4;35
4111100;40;1;204
4111100;40;2;69
4111100;40;3;154
4111100;40;4;49
4111100;45;1;218
4111100;45;2;55
4111100;45;3;97
4111100;45;4;27
4111100;50;1;194
4111100;50;2;54
4111100;50;3;48
4111100;50;4;12
4111100;55;1;245
4111100;55;2;42
4111100;55;3;60
4111100;55;4;6
4111100;60;1;400
4111100;60;2;40
4111100;60;3;29
4111100;60;4;2
4111100;70;1;313
4111100;70;2;19
4111100;70;3;9
4111100;70;4;8
4111258;10;1;2524
4111258;10;2;57
4111258;10;3;0
4111258;10;4;0
4111258;15;1;817
4111258;15;2;642
4111258;15;3;43
4111258;15;4;0
4111258;18;1;397
4111258;18;2;278
4111258;18;3;286
4111258;18;4;0
4111258;20;1;996
4111258;20;2;610
4111258;20;3;613
4111258;20;4;28
4111258;25;1;1028
4111258;25;2;540
4111258;25;3;416
4111258;25;4;69
4111258;30;1;1168
4111258;30;2;318
4111258;30;3;515
4111258;30;4;48
4111258;35;1;1141
4111258;35;2;338
4111258;35;3;264
4111258;35;4;53
4111258;40;1;1151
4111258;40;2;206
4111258;40;3;235
4111258;40;4;38
4111258;45;1;971
4111258;45;2;129
4111258;45;3;107
4111258;45;4;12
4111258;50;1;691
4111258;50;2;83
4111258;50;3;42
4111258;50;4;22
4111258;55;1;749
4111258;55;2;33
4111258;55;3;24
4111258;55;4;0
4111258;60;1;861
4111258;60;2;14
4111258;60;3;79
4111258;60;4;20
4111258;70;1;539
4111258;70;2;17
4111258;70;3;10
4111258;70;4;8
4112702;10;1;1056
4112702;10;2;41
4112702;10;3;0
4112702;10;4;0
4112702;15;1;289
4112702;15;2;315
4112702;15;3;62
4112702;15;4;0
4112702;18;1;100
4112702;18;2;131
4112702;18;3;143
4112702;18;4;6
4112702;20;1;311
4112702;20;2;269
4112702;20;3;358
4112702;20;4;24
4112702;25;1;292
4112702;25;2;212
4112702;25;3;407
4112702;25;4;68
4112702;30;1;423
4112702;30;2;116
4112702;30;3;248
4112702;30;4;76
4112702;35;1;448
4112702;35;2;136
4112702;35;3;145
4112702;35;4;78
4112702;40;1;512
4112702;40;2;116
4112702;40;3;143
4112702;40;4;42
4112702;45;1;557
4112702;45;2;90
4112702;45;3;87
4112702;45;4;27
4112702;50;1;458
4112702;50;2;51
4112702;50;3;86
4112702;50;4;36
4112702;55;1;394
4112702;55;2;49
4112702;55;3;79
4112702;55;4;43
4112702;60;1;701
4112702;60;2;41
4112702;60;3;49
4112702;60;4;15
4112702;70;1;560
4112702;70;2;11
4112702;70;3;26
4112702;70;4;6
4113700;10;1;36713
4113700;10;2;2201
4113700;10;3;42
4113700;10;4;0
4113700;15;1;8510
4113700;15;2;14012
4113700;15;3;1601
4113700;15;4;0
4113700;18;1;3052
4113700;18;2;4956
4113700;18;3;8293
4113700;18;4;214
4113700;20;1;7047
4113700;20;2;9042
4113700;20;3;24556
4113700;20;4;4396
4113700;25;1;6906
4113700;25;2;8195
4113700;25;3;18037
4113700;25;4;10960
4113700;30;1;9666
4113700;30;2;7538
4113700;30;3;13844
4113700;30;4;10076
4113700;35;1;11232
4113700;35;2;6424
4113700;35;3;10649
4113700;35;4;7961
4113700;40;1;12786
4113700;40;2;6365
4113700;40;3;10079
4113700;40;4;7678
4113700;45;1;12302
4113700;45;2;6028
4113700;45;3;9323
4113700;45;4;7290
4113700;50;1;12419
4113700;50;2;5096
4113700;50;3;7378
4113700;50;4;5238
4113700;55;1;12620
4113700;55;2;3378
4113700;55;3;5449
4113700;55;4;4612
4113700;60;1;22090
4113700;60;2;3987
4113700;60;3;5411
4113700;60;4;4438
4113700;70;1;22155
4113700;70;2;2138
4113700;70;3;2412
4113700;70;4;1714
4114104;10;1;1579
4114104;10;2;89
4114104;10;3;0
4114104;10;4;0
4114104;15;1;447
4114104;15;2;574
4114104;15;3;60
4114104;15;4;0
4114104;18;1;187
4114104;18;2;212
4114104;18;3;285
4114104;18;4;15
4114104;20;1;301
4114104;20;2;516
4114104;20;3;843
4114104;20;4;71
4114104;25;1;396
4114104;25;2;454
4114104;25;3;561
4114104;25;4;155
4114104;30;1;627
4114104;30;2;296
4114104;30;3;381
4114104;30;4;231
4114104;35;1;731
4114104;35;2;286
4114104;35;3;354
4114104;35;4;125
4114104;40;1;855
4114104;40;2;253
4114104;40;3;275
4114104;40;4;142
4114104;45;1;775
4114104;45;2;182
4114104;45;3;304
4114104;45;4;136
4114104;50;1;585
4114104;50;2;158
4114104;50;3;140
4114104;50;4;113
4114104;55;1;749
4114104;55;2;105
4114104;55;3;93
4114104;55;4;52
4114104;60;1;1069
4114104;60;2;111
4114104;60;3;55
4114104;60;4;60
4114104;70;1;948
4114104;70;2;45
4114104;70;3;37
4114104;70;4;39
4114302;10;1;2077
4114302;10;2;123
4114302;10;3;11
4114302;10;4;0
4114302;15;1;564
4114302;15;2;590
4114302;15;3;74
4114302;15;4;0
4114302;18;1;305
4114302;18;2;275
4114302;18;3;188
4114302;18;4;0
4114302;20;1;716
4114302;20;2;375
4114302;20;3;664
4114302;20;4;55
4114302;25;1;648
4114302;25;2;391
4114302;25;3;517
4114302;25;4;95
4114302;30;1;881
4114302;30;2;272
4114302;30;3;374
4114302;30;4;92
4114302;35;1;955
4114302;35;2;377
4114302;35;3;220
4114302;35;4;36
4114302;40;1;1139
4114302;40;2;245
4114302;40;3;175
4114302;40;4;52
4114302;45;1;1048
4114302;45;2;117
4114302;45;3;143
4114302;45;4;62
4114302;50;1;989
4114302;50;2;130
4114302;50;3;119
4114302;50;4;60
4114302;55;1;755
4114302;55;2;72
4114302;55;3;73
4114302;55;4;19
4114302;60;1;1247
4114302;60;2;68
4114302;60;3;41
4114302;60;4;40
4114302;70;1;868
4114302;70;2;25
4114302;70;3;9
4114302;70;4;12
4114708;10;1;483
4114708;10;2;34
4114708;10;3;0
4114708;10;4;0
4114708;15;1;102
4114708;15;2;231
4114708;15;3;19
4114708;15;4;0
4114708;18;1;25
4114708;18;2;69
4114708;18;3;84
4114708;18;4;0
4114708;20;1;140
4114708;20;2;115
4114708;20;3;172
4114708;20;4;22
4114708;25;1;166
4114708;25;2;113
4114708;25;3;108
4114708;25;4;32
4114708;30;1;196
4114708;30;2;131
4114708;30;3;82
4114708;30;4;38
4114708;35;1;251
4114708;35;2;83
4114708;35;3;78
4114708;35;4;25
4114708;40;1;337
4114708;40;2;103
4114708;40;3;52
4114708;40;4;22
4114708;45;1;238
4114708;45;2;66
4114708;45;3;63
4114708;45;4;34
4114708;50;1;261
4114708;50;2;73
4114708;50;3;18
4114708;50;4;5
4114708;55;1;227
4114708;55;2;29
4114708;55;3;20
4114708;55;4;17
4114708;60;1;414
4114708;60;2;15
4114708;60;3;6
4114708;60;4;16
4114708;70;1;439
4114708;70;2;7
4114708;70;3;3
4114708;70;4;3
4114807;10;1;2260
4114807;10;2;232
4114807;10;3;0
4114807;10;4;0
4114807;15;1;631
4114807;15;2;865
4114807;15;3;196
4114807;15;4;15
4114807;18;1;155
4114807;18;2;304
4114807;18;3;442
4114807;18;4;7
4114807;20;1;435
4114807;20;2;782
4114807;20;3;1384
4114807;20;4;191
4114807;25;1;543
4114807;25;2;744
4114807;25;3;990
4114807;25;4;396
4114807;30;1;779
4114807;30;2;580
4114807;30;3;750
4114807;30;4;302
4114807;35;1;1064
4114807;35;2;445
4114807;35;3;591
4114807;35;4;357
4114807;40;1;1233
4114807;40;2;516
4114807;40;3;457
4114807;40;4;239
4114807;45;1;1073
4114807;45;2;394
4114807;45;3;403
4114807;45;4;234
4114807;50;1;1219
4114807;50;2;239
4114807;50;3;306
4114807;50;4;183
4114807;55;1;1114
4114807;55;2;214
4114807;55;3;213
4114807;55;4;171
4114807;60;1;1956
4114807;60;2;188
4114807;60;3;124
4114807;60;4;136
4114807;70;1;1598
4114807;70;2;91
4114807;70;3;62
4114807;70;4;33
4115200;10;1;23031
4115200;10;2;1664
4115200;10;3;48
4115200;10;4;0
4115200;15;1;4815
4115200;15;2;10586
4115200;15;3;1232
4115200;15;4;20
4115200;18;1;1791
4115200;18;2;2900
4115200;18;3;7658
4115200;18;4;59
4115200;20;1;3874
4115200;20;2;6241
4115200;20;3;21601
4115200;20;4;3743
4115200;25;1;3700
4115200;25;2;4940
4115200;25;3;14791
4115200;25;4;8678
4115200;30;1;4980
4115200;30;2;4637
4115200;30;3;11188
4115200;30;4;7991
4115200;35;1;6527
4115200;35;2;4345
4115200;35;3;10102
4115200;35;4;5867
4115200;40;1;8214
4115200;40;2;4752
4115200;40;3;8837
4115200;40;4;5919
4115200;45;1;7687
4115200;45;2;4817
4115200;45;3;7824
4115200;45;4;5469
4115200;50;1;8634
4115200;50;2;3134
4115200;50;3;6584
4115200;50;4;4322
4115200;55;1;8327
4115200;55;2;2510
4115200;55;3;4092
4115200;55;4;3092
4115200;60;1;15689
4115200;60;2;2729
4115200;60;3;3592
4115200;60;4;2946
4115200;70;1;15359
4115200;70;2;1279
4115200;70;3;1215
4115200;70;4;907
4117404;10;1;232
4117404;10;2;9
4117404;10;3;0
4117404;10;4;0
4117404;15;1;67
4117404;15;2;110
4117404;15;3;19
4117404;15;4;0
4117404;18;1;33
4117404;18;2;29
4117404;18;3;55
4117404;18;4;0
4117404;20;1;38
4117404;20;2;56
4117404;20;3;168
4117404;20;4;21
4117404;25;1;45
4117404;25;2;54
4117404;25;3;117
4117404;25;4;28
4117404;30;1;87
4117404;30;2;44
4117404;30;3;74
4117404;30;4;21
4117404;35;1;125
4117404;35;2;36
4117404;35;3;65
4117404;35;4;9
4117404;40;1;136
4117404;40;2;36
4117404;40;3;64
4117404;40;4;18
4117404;45;1;167
4117404;45;2;22
4117404;45;3;66
4117404;45;4;19
4117404;50;1;113
4117404;50;2;10
4117404;50;3;30
4117404;50;4;15
4117404;55;1;129
4117404;55;2;24
4117404;55;3;28
4117404;55;4;3
4117404;60;1;270
4117404;60;2;9
4117404;60;3;8
4117404;60;4;8
4117404;70;1;245
4117404;70;2;6
4117404;70;3;0
4117404;70;4;0
4117453;10;1;480
4117453;10;2;17
4117453;10;3;0
4117453;10;4;0
4117453;15;1;107
4117453;15;2;228
4117453;15;3;22
4117453;15;4;0
4117453;18;1;28
4117453;18;2;65
4117453;18;3;92
4117453;18;4;0
4117453;20;1;111
4117453;20;2;93
4117453;20;3;222
4117453;20;4;22
4117453;25;1;124
4117453;25;2;103
4117453;25;3;189
4117453;25;4;28
4117453;30;1;176
4117453;30;2;72
4117453;30;3;133
4117453;30;4;39
4117453;35;1;241
4117453;35;2;80
4117453;35;3;85
4117453;35;4;36
4117453;40;1;209
4117453;40;2;98
4117453;40;3;62
4117453;40;4;31
4117453;45;1;278
4117453;45;2;62
4117453;45;3;32
4117453;45;4;7
4117453;50;1;251
4117453;50;2;36
4117453;50;3;19
4117453;50;4;16
4117453;55;1;208
4117453;55;2;24
4117453;55;3;20
4117453;55;4;0
4117453;60;1;382
4117453;60;2;17
4117453;60;3;7
4117453;60;4;0
4117453;70;1;337
4117453;70;2;7
4117453;70;3;6
4117453;70;4;0
4117503;10;1;2947
4117503;10;2;149
4117503;10;3;0
4117503;10;4;0
4117503;15;1;678
4117503;15;2;1233
4117503;15;3;130
4117503;15;4;0
4117503;18;1;346
4117503;18;2;409
4117503;18;3;477
4117503;18;4;0
4117503;20;1;705
4117503;20;2;1028
4117503;20;3;1408
4117503;20;4;61
4117503;25;1;798
4117503;25;2;891
4117503;25;3;1265
4117503;25;4;203
4117503;30;1;1138
4117503;30;2;727
4117503;30;3;864
4117503;30;4;177
4117503;35;1;1469
4117503;35;2;676
4117503;35;3;652
4117503;35;4;137
4117503;40;1;1552
4117503;40;2;456
4117503;40;3;538
4117503;40;4;134
4117503;45;1;1462
4117503;45;2;518
4117503;45;3;322
4117503;45;4;83
4117503;50;1;1210
4117503;50;2;190
4117503;50;3;325
4117503;50;4;12
4117503;55;1;1385
4117503;55;2;161
4117503;55;3;176
4117503;55;4;61
4117503;60;1;1912
4117503;60;2;134
4117503;60;3;58
4117503;60;4;50
4117503;70;1;1419
4117503;70;2;46
4117503;70;3;18
4117503;70;4;0
4118204;10;1;12954
4118204;10;2;831
4118204;10;3;26
4118204;10;4;0
4118204;15;1;2472
4118204;15;2;4905
4118204;15;3;499
4118204;15;4;0
4118204;18;1;1087
4118204;18;2;1818
4118204;18;3;1802
4118204;18;4;10
4118204;20;1;2520
4118204;20;2;3056
4118204;20;3;5790
4118204;20;4;462
4118204;25;1;2827
4118204;25;2;2712
4118204;25;3;5042
4118204;25;4;1135
4118204;30;1;3272
4118204;30;2;2301
4118204;30;3;4017
4118204;30;4;1236
4118204;35;1;4507
4118204;35;2;2054
4118204;35;3;3087
4118204;35;4;938
4118204;40;1;4320
4118204;40;2;1961
4118204;40;3;2867
4118204;40;4;848
4118204;45;1;4201
4118204;45;2;1609
4118204;45;3;2507
4118204;45;4;1017
4118204;50;1;3686
4118204;50;2;969
4118204;50;3;1920
4118204;50;4;765
4118204;55;1;3267
4118204;55;2;714
4118204;55;3;1186
4118204;55;4;693
4118204;60;1;5023
4118204;60;2;844
4118204;60;3;1020
4118204;60;4;638
4118204;70;1;4192
4118204;70;2;443
4118204;70;3;335
4118204;70;4;255
4119152;10;1;9424
4119152;10;2;639
4119152;10;3;12
4119152;10;4;0
4119152;15;1;2660
4119152;15;2;2880
4119152;15;3;328
4119152;15;4;0
4119152;18;1;1145
4119152;18;2;1443
4119152;18;3;1539
4119152;18;4;82
4119152;20;1;2023
4119152;20;2;2865
4119152;20;3;4821
4119152;20;4;647
4119152;25;1;2147
4119152;25;2;2453
4119152;25;3;4813
4119152;25;4;1226
4119152;30;1;3085
4119152;30;2;2322
4119152;30;3;3887
4119152;30;4;1394
4119152;35;1;3513
4119152;35;2;2273
4119152;35;3;3050
4119152;35;4;939
4119152;40;1;3812
4119152;40;2;1872
4119152;40;3;2127
4119152;40;4;894
4119152;45;1;3527
4119152;45;2;1445
4119152;45;3;1726
4119152;45;4;751
4119152;50;1;3337
4119152;50;2;1054
4119152;50;3;1271
4119152;50;4;517
4119152;55;1;3225
4119152;55;2;632
4119152;55;3;758
4119152;55;4;360
4119152;60;1;4279
4119152;60;2;913
4119152;60;3;638
4119152;60;4;286
4119152;70;1;2681
4119152;70;2;285
4119152;70;3;310
4119152;70;4;112
4119509;10;1;8788
4119509;10;2;375
4119509;10;3;0
4119509;10;4;0
4119509;15;1;2739
4119509;15;2;2144
4119509;15;3;138
4119509;15;4;0
4119509;18;1;1164
4119509;18;2;1067
4119509;18;3;1005
4119509;18;4;68
4119509;20;1;2731
4119509;20;2;2552
4119509;20;3;2937
4119509;20;4;272
4119509;25;1;3227
4119509;25;2;2220
4119509;25;3;2996
4119509;25;4;536
4119509;30;1;3675
4119509;30;2;1937
4119509;30;3;2327
4119509;30;4;488
4119509;35;1;3639
4119509;35;2;1644
4119509;35;3;1846
4119509;35;4;375
4119509;40;1;3470
4119509;40;2;1446
4119509;40;3;1400
4119509;40;4;346
4119509;45;1;3365
4119509;45;2;974
4119509;45;3;869
4119509;45;4;151
4119509;50;1;2611
4119509;50;2;766
4119509;50;3;593
4119509;50;4;101
4119509;55;1;2325
4119509;55;2;368
4119509;55;3;433
4119509;55;4;139
4119509;60;1;2918
4119509;60;2;298
4119509;60;3;364
4119509;60;4;188
4119509;70;1;2086
4119509;70;2;120
4119509;70;3;113
4119509;70;4;36
4119905;10;1;26883
4119905;10;2;1635
4119905;10;3;11
4119905;10;4;0
4119905;15;1;5511
4119905;15;2;10072
4119905;15;3;1233
4119905;15;4;0
4119905;18;1;2428
4119905;18;2;3351
4119905;18;3;5258
4119905;18;4;44
4119905;20;1;4558
4119905;20;2;6256
4119905;20;3;13812
4119905;20;4;2201
4119905;25;1;5191
4119905;25;2;4923
4119905;25;3;11806
4119905;25;4;4443
4119905;30;1;6873
4119905;30;2;5158
4119905;30;3;9802
4119905;30;4;4100
4119905;35;1;8087
4119905;35;2;4185
4119905;35;3;7057
4119905;35;4;3303
4119905;40;1;8061
4119905;40;2;4340
4119905;40;3;5670
4119905;40;4;3080
4119905;45;1;8588
4119905;45;2;3450
4119905;45;3;4953
4119905;45;4;2808
4119905;50;1;8929
4119905;50;2;2591
4119905;50;3;3108
4119905;50;4;2153
4119905;55;1;8285
4119905;55;2;1835
4119905;55;3;2495
4119905;55;4;1456
4119905;60;1;12590
4119905;60;2;2240
4119905;60;3;2075
4119905;60;4;1689
4119905;70;1;10425
4119905;70;2;1294
4119905;70;3;1218
4119905;70;4;730
4120408;10;1;365
4120408;10;2;33
4120408;10;3;0
4120408;10;4;0
4120408;15;1;131
4120408;15;2;129
4120408;15;3;20
4120408;15;4;0
4120408;18;1;51
4120408;18;2;51
4120408;18;3;67
4120408;18;4;0
4120408;20;1;103
4120408;20;2;88
4120408;20;3;177
4120408;20;4;26
4120408;25;1;114
4120408;25;2;94
4120408;25;3;126
4120408;25;4;29
4120408;30;1;177
4120408;30;2;66
4120408;30;3;127
4120408;30;4;21
4120408;35;1;208
4120408;35;2;58
4120408;35;3;109
4120408;35;4;15
4120408;40;1;218
4120408;40;2;42
4120408;40;3;69
4120408;40;4;32
4120408;45;1;215
4120408;45;2;30
4120408;45;3;58
4120408;45;4;17
4120408;50;1;167
4120408;50;2;28
4120408;50;3;27
4120408;50;4;13
4120408;55;1;151
4120408;55;2;14
4120408;55;3;28
4120408;55;4;15
4120408;60;1;257
4120408;60;2;10
4120408;60;3;18
4120408;60;4;6
4120408;70;1;234
4120408;70;2;0
4120408;70;3;2
4120408;70;4;0
4120804;10;1;1644
4120804;10;2;119
4120804;10;3;0
4120804;10;4;0
4120804;15;1;471
4120804;15;2;500
4120804;15;3;78
4120804;15;4;5
4120804;18;1;158
4120804;18;2;280
4120804;18;3;314
4120804;18;4;6
4120804;20;1;321
4120804;20;2;380
4120804;20;3;1012
4120804;20;4;80
4120804;25;1;352
4120804;25;2;351
4120804;25;3;918
4120804;25;4;166
4120804;30;1;461
4120804;30;2;315
4120804;30;3;718
4120804;30;4;215
4120804;35;1;608
4120804;35;2;268
4120804;35;3;464
4120804;35;4;151
4120804;40;1;609
4120804;40;2;210
4120804;40;3;464
4120804;40;4;148
4120804;45;1;725
4120804;45;2;172
4120804;45;3;311
4120804;45;4;91
4120804;50;1;592
4120804;50;2;181
4120804;50;3;220
4120804;50;4;136
4120804;55;1;414
4120804;55;2;72
4120804;55;3;156
4120804;55;4;49
4120804;60;1;751
4120804;60;2;79
4120804;60;3;100
4120804;60;4;79
4120804;70;1;594
4120804;70;2;39
4120804;70;3;34
4120804;70;4;4
4122206;10;1;2887
4122206;10;2;237
4122206;10;3;0
4122206;10;4;0
4122206;15;1;769
4122206;15;2;1004
4122206;15;3;211
4122206;15;4;8
4122206;18;1;235
4122206;18;2;398
4122206;18;3;321
4122206;18;4;16
4122206;20;1;964
4122206;20;2;587
4122206;20;3;1048
4122206;20;4;66
4122206;25;1;1025
4122206;25;2;711
4122206;25;3;872
4122206;25;4;128
4122206;30;1;1305
4122206;30;2;515
4122206;30;3;468
4122206;30;4;199
4122206;35;1;1366
4122206;35;2;414
4122206;35;3;415
4122206;35;4;128
4122206;40;1;1329
4122206;40;2;336
4122206;40;3;319
4122206;40;4;122
4122206;45;1;1202
4122206;45;2;231
4122206;45;3;196
4122206;45;4;116
4122206;50;1;1201
4122206;50;2;167
4122206;50;3;107
4122206;50;4;41
4122206;55;1;878
4122206;55;2;95
4122206;55;3;74
4122206;55;4;45
4122206;60;1;1406
4122206;60;2;55
4122206;60;3;26
4122206;60;4;28
4122206;70;1;938
4122206;70;2;70
4122206;70;3;10
4122206;70;4;0
4124020;10;1;939
4124020;10;2;83
4124020;10;3;0
4124020;10;4;0
4124020;15;1;241
4124020;15;2;376
4124020;15;3;54
4124020;15;4;0
4124020;18;1;110
4124020;18;2;108
4124020;18;3;176
4124020;18;4;8
4124020;20;1;188
4124020;20;2;281
4124020;20;3;400
4124020;20;4;47
4124020;25;1;245
4124020;25;2;220
4124020;25;3;316
4124020;25;4;78
4124020;30;1;318
4124020;30;2;183
4124020;30;3;231
4124020;30;4;46
4124020;35;1;343
4124020;35;2;230
4124020;35;3;153
4124020;35;4;55
4124020;40;1;433
4124020;40;2;147
4124020;40;3;100
4124020;40;4;63
4124020;45;1;443
4124020;45;2;99
4124020;45;3;73
4124020;45;4;34
4124020;50;1;431
4124020;50;2;79
4124020;50;3;54
4124020;50;4;6
4124020;55;1;252
4124020;55;2;55
4124020;55;3;20
4124020;55;4;11
4124020;60;1;510
4124020;60;2;16
4124020;60;3;32
4124020;60;4;11
4124020;70;1;410
4124020;70;2;4
4124020;70;3;5
4124020;70;4;0
4124053;10;1;1797
4124053;10;2;100
4124053;10;3;0
4124053;10;4;0
4124053;15;1;346
4124053;15;2;751
4124053;15;3;75
4124053;15;4;0
4124053;18;1;205
4124053;18;2;219
4124053;18;3;368
4124053;18;4;27
4124053;20;1;422
4124053;20;2;416
4124053;20;3;835
4124053;20;4;81
4124053;25;1;339
4124053;25;2;335
4124053;25;3;765
4124053;25;4;223
4124053;30;1;612
4124053;30;2;326
4124053;30;3;495
4124053;30;4;171
4124053;35;1;632
4124053;35;2;419
4124053;35;3;414
4124053;35;4;217
4124053;40;1;758
4124053;40;2;334
4124053;40;3;352
4124053;40;4;177
4124053;45;1;623
4124053;45;2;348
4124053;45;3;216
4124053;45;4;162
4124053;50;1;700
4124053;50;2;163
4124053;50;3;141
4124053;50;4;92
4124053;55;1;684
4124053;55;2;115
4124053;55;3;56
4124053;55;4;34
4124053;60;1;1147
4124053;60;2;67
4124053;60;3;26
4124053;60;4;35
4124053;70;1;825
4124053;70;2;42
4124053;70;3;36
4124053;70;4;0
4125506;10;1;22804
4125506;10;2;1257
4125506;10;3;36
4125506;10;4;0
4125506;15;1;5517
4125506;15;2;7630
4125506;15;3;1006
4125506;15;4;7
4125506;18;1;2357
4125506;18;2;2989
4125506;18;3;3394
4125506;18;4;66
4125506;20;1;4743
4125506;20;2;6050
4125506;20;3;11232
4125506;20;4;1638
4125506;25;1;4967
4125506;25;2;5420
4125506;25;3;11604
4125506;25;4;3215
4125506;30;1;6385
4125506;30;2;4665
4125506;30;3;9735
4125506;30;4;3638
4125506;35;1;6980
4125506;35;2;4559
4125506;35;3;7687
4125506;35;4;2520
4125506;40;1;8030
4125506;40;2;3746
4125506;40;3;5472
4125506;40;4;2289
4125506;45;1;7741
4125506;45;2;3293
4125506;45;3;3852
4125506;45;4;1434
4125506;50;1;7161
4125506;50;2;2289
4125506;50;3;2664
4125506;50;4;1045
4125506;55;1;6566
4125506;55;2;1395
4125506;55;3;1652
4125506;55;4;720
4125506;60;1;8947
4125506;60;2;1261
4125506;60;3;1276
4125506;60;4;616
4125506;70;1;6331
4125506;70;2;558
4125506;70;3;438
4125506;70;4;154
4126256;10;1;7068
4126256;10;2;363
4126256;10;3;12
4126256;10;4;0
4126256;15;1;2106
4126256;15;2;2230
4126256;15;3;219
4126256;15;4;0
4126256;18;1;892
4126256;18;2;1039
4126256;18;3;878
4126256;18;4;0
4126256;20;1;2398
4126256;20;2;2013
4126256;20;3;2754
4126256;20;4;249
4126256;25;1;2378
4126256;25;2;2055
4126256;25;3;2239
4126256;25;4;340
4126256;30;1;2986
4126256;30;2;1454
4126256;30;3;1836
4126256;30;4;335
4126256;35;1;3698
4126256;35;2;1450
4126256;35;3;1267
4126256;35;4;205
4126256;40;1;3731
4126256;40;2;1222
4126256;40;3;910
4126256;40;4;177
4126256;45;1;3575
4126256;45;2;1051
4126256;45;3;651
4126256;45;4;110
4126256;50;1;3110
4126256;50;2;589
4126256;50;3;407
4126256;50;4;41
4126256;55;1;3343
4126256;55;2;301
4126256;55;3;228
4126256;55;4;12
4126256;60;1;4259
4126256;60;2;370
4126256;60;3;175
4126256;60;4;33
4126256;70;1;2985
4126256;70;2;103
4126256;70;3;82
4126256;70;4;13
4127700;10;1;9286
4127700;10;2;611
4127700;10;3;8
4127700;10;4;0
4127700;15;1;2159
4127700;15;2;3937
4127700;15;3;365
4127700;15;4;6
4127700;18;1;880
4127700;18;2;1316
4127700;18;3;1942
4127700;18;4;77
4127700;20;1;1964
4127700;20;2;2740
4127700;20;3;5609
4127700;20;4;1151
4127700;25;1;1874
4127700;25;2;2331
4127700;25;3;4349
4127700;25;4;2159
4127700;30;1;2558
4127700;30;2;1915
4127700;30;3;3351
4127700;30;4;1861
4127700;35;1;3287
4127700;35;2;1827
4127700;35;3;2597
4127700;35;4;1487
4127700;40;1;3892
4127700;40;2;1632
4127700;40;3;2283
4127700;40;4;1393
4127700;45;1;4283
4127700;45;2;1538
4127700;45;3;1755
4127700;45;4;1149
4127700;50;1;4018
4127700;50;2;834
4127700;50;3;1234
4127700;50;4;835
4127700;55;1;3253
4127700;55;2;644
4127700;55;3;638
4127700;55;4;337
4127700;60;1;5391
4127700;60;2;566
4127700;60;3;440
4127700;60;4;321
4127700;70;1;4651
4127700;70;2;263
4127700;70;3;161
4127700;70;4;69
4128104;10;1;7038
4128104;10;2;513
4128104;10;3;0
4128104;10;4;0
4128104;15;1;1444
4128104;15;2;3116
4128104;15;3;540
4128104;15;4;0
4128104;18;1;827
4128104;18;2;826
4128104;18;3;1695
4128104;18;4;56
4128104;20;1;1502
4128104;20;2;1766
4128104;20;3;5064
4128104;20;4;953
4128104;25;1;1765
4128104;25;2;1666
4128104;25;3;3410
4128104;25;4;1598
4128104;30;1;2203
4128104;30;2;1665
4128104;30;3;2709
4128104;30;4;1440
4128104;35;1;3180
4128104;35;2;1473
4128104;35;3;1942
4128104;35;4;1143
4128104;40;1;3223
4128104;40;2;1406
4128104;40;3;1854
4128104;40;4;1182
4128104;45;1;3174
4128104;45;2;1274
4128104;45;3;1478
4128104;45;4;1022
4128104;50;1;3160
4128104;50;2;782
4128104;50;3;1253
4128104;50;4;598
4128104;55;1;3055
4128104;55;2;540
4128104;55;3;883
4128104;55;4;580
4128104;60;1;5349
4128104;60;2;545
4128104;60;3;529
4128104;60;4;478
4128104;70;1;5205
4128104;70;2;248
4128104;70;3;173
4128104;70;4;178
4200606;10;1;418
4200606;10;2;45
4200606;10;3;0
4200606;10;4;0
4200606;15;1;85
4200606;15;2;209
4200606;15;3;21
4200606;15;4;0
4200606;18;1;36
4200606;18;2;80
4200606;18;3;93
4200606;18;4;4
4200606;20;1;78
4200606;20;2;132
4200606;20;3;272
4200606;20;4;16
4200606;25;1;112
4200606;25;2;98
4200606;25;3;175
4200606;25;4;35
4200606;30;1;201
4200606;30;2;87
4200606;30;3;66
4200606;30;4;15
4200606;35;1;277
4200606;35;2;58
4200606;35;3;43
4200606;35;4;31
4200606;40;1;303
4200606;40;2;67
4200606;40;3;59
4200606;40;4;30
4200606;45;1;312
4200606;45;2;69
4200606;45;3;26
4200606;45;4;15
4200606;50;1;230
4200606;50;2;21
4200606;50;3;21
4200606;50;4;31
4200606;55;1;264
4200606;55;2;8
4200606;55;3;17
4200606;55;4;3
4200606;60;1;376
4200606;60;2;16
4200606;60;3;8
4200606;60;4;7
4200606;70;1;340
4200606;70;2;7
4200606;70;3;9
4200606;70;4;0
4201208;10;1;582
4201208;10;2;32
4201208;10;3;0
4201208;10;4;0
4201208;15;1;142
4201208;15;2;256
4201208;15;3;26
4201208;15;4;3
4201208;18;1;65
4201208;18;2;44
4201208;18;3;117
4201208;18;4;20
4201208;20;1;119
4201208;20;2;162
4201208;20;3;250
4201208;20;4;60
4201208;25;1;202
4201208;25;2;165
4201208;25;3;187
4201208;25;4;53
4201208;30;1;343
4201208;30;2;92
4201208;30;3;129
4201208;30;4;57
4201208;35;1;382
4201208;35;2;105
4201208;35;3;74
4201208;35;4;40
4201208;40;1;368
4201208;40;2;112
4201208;40;3;85
4201208;40;4;29
4201208;45;1;351
4201208;45;2;102
4201208;45;3;55
4201208;45;4;32
4201208;50;1;293
4201208;50;2;78
4201208;50;3;17
4201208;50;4;17
4201208;55;1;247
4201208;55;2;23
4201208;55;3;22
4201208;55;4;19
4201208;60;1;468
4201208;60;2;12
4201208;60;3;25
4201208;60;4;14
4201208;70;1;392
4201208;70;2;0
4201208;70;3;3
4201208;70;4;0
4201307;10;1;2403
4201307;10;2;119
4201307;10;3;0
4201307;10;4;0
4201307;15;1;534
4201307;15;2;752
4201307;15;3;52
4201307;15;4;13
4201307;18;1;269
4201307;18;2;380
4201307;18;3;187
4201307;18;4;0
4201307;20;1;508
4201307;20;2;843
4201307;20;3;768
4201307;20;4;127
4201307;25;1;494
4201307;25;2;780
4201307;25;3;871
4201307;25;4;156
4201307;30;1;777
4201307;30;2;689
4201307;30;3;546
4201307;30;4;184
4201307;35;1;847
4201307;35;2;575
4201307;35;3;361
4201307;35;4;51
4201307;40;1;918
4201307;40;2;354
4201307;40;3;245
4201307;40;4;39
4201307;45;1;915
4201307;45;2;282
4201307;45;3;182
4201307;45;4;93
4201307;50;1;835
4201307;50;2;273
4201307;50;3;104
4201307;50;4;23
4201307;55;1;661
4201307;55;2;88
4201307;55;3;77
4201307;55;4;21
4201307;60;1;883
4201307;60;2;133
4201307;60;3;43
4201307;60;4;0
4201307;70;1;561
4201307;70;2;49
4201307;70;3;0
4201307;70;4;22
4202008;10;1;6969
4202008;10;2;435
4202008;10;3;13
4202008;10;4;0
4202008;15;1;1258
4202008;15;2;2917
4202008;15;3;581
4202008;15;4;0
4202008;18;1;656
4202008;18;2;958
4202008;18;3;2100
4202008;18;4;39
4202008;20;1;1132
4202008;20;2;2154
4202008;20;3;6083
4202008;20;4;1475
4202008;25;1;1354
4202008;25;2;1886
4202008;25;3;4318
4202008;25;4;3368
4202008;30;1;1771
4202008;30;2;1570
4202008;30;3;3698
4202008;30;4;2547
4202008;35;1;2066
4202008;35;2;1338
4202008;35;3;2570
4202008;35;4;2245
4202008;40;1;2141
4202008;40;2;1443
4202008;40;3;2446
4202008;40;4;1631
4202008;45;1;1964
4202008;45;2;1353
4202008;45;3;2153
4202008;45;4;2019
4202008;50;1;1797
4202008;50;2;1205
4202008;50;3;2113
4202008;50;4;1689
4202008;55;1;1763
4202008;55;2;813
4202008;55;3;1564
4202008;55;4;1521
4202008;60;1;2414
4202008;60;2;1073
4202008;60;3;1803
4202008;60;4;2128
4202008;70;1;2805
4202008;70;2;877
4202008;70;3;1053
4202008;70;4;600
4202107;10;1;1944
4202107;10;2;116
4202107;10;3;0
4202107;10;4;0
4202107;15;1;536
4202107;15;2;615
4202107;15;3;55
4202107;15;4;0
4202107;18;1;183
4202107;18;2;290
4202107;18;3;239
4202107;18;4;0
4202107;20;1;393
4202107;20;2;478
4202107;20;3;668
4202107;20;4;98
4202107;25;1;423
4202107;25;2;370
4202107;25;3;645
4202107;25;4;183
4202107;30;1;569
4202107;30;2;319
4202107;30;3;580
4202107;30;4;242
4202107;35;1;720
4202107;35;2;305
4202107;35;3;397
4202107;35;4;172
4202107;40;1;719
4202107;40;2;300
4202107;40;3;311
4202107;40;4;137
4202107;45;1;761
4202107;45;2;261
4202107;45;3;286
4202107;45;4;158
4202107;50;1;755
4202107;50;2;211
4202107;50;3;237
4202107;50;4;102
4202107;55;1;827
4202107;55;2;178
4202107;55;3;157
4202107;55;4;76
4202107;60;1;1283
4202107;60;2;118
4202107;60;3;222
4202107;60;4;126
4202107;70;1;845
4202107;70;2;69
4202107;70;3;118
4202107;70;4;75
4202305;10;1;4936
4202305;10;2;284
4202305;10;3;12
4202305;10;4;0
4202305;15;1;1265
4202305;15;2;1885
4202305;15;3;176
4202305;15;4;0
4202305;18;1;429
4202305;18;2;773
4202305;18;3;783
4202305;18;4;27
4202305;20;1;1135
4202305;20;2;1472
4202305;20;3;2464
4202305;20;4;215
4202305;25;1;1087
4202305;25;2;1247
4202305;25;3;2399
4202305;25;4;690
4202305;30;1;1763
4202305;30;2;983
4202305;30;3;1694
4202305;30;4;401
4202305;35;1;1733
4202305;35;2;958
4202305;35;3;1471
4202305;35;4;311
4202305;40;1;1958
4202305;40;2;1011
4202305;40;3;948
4202305;40;4;389
4202305;45;1;1918
4202305;45;2;664
4202305;45;3;963
4202305;45;4;266
4202305;50;1;1667
4202305;50;2;615
4202305;50;3;699
4202305;50;4;208
4202305;55;1;1691
4202305;55;2;494
4202305;55;3;430
4202305;55;4;60
4202305;60;1;2188
4202305;60;2;282
4202305;60;3;386
4202305;60;4;67
4202305;70;1;1730
4202305;70;2;156
4202305;70;3;142
4202305;70;4;47
4202404;10;1;21877
4202404;10;2;1249
4202404;10;3;12
4202404;10;4;0
4202404;15;1;4105
4202404;15;2;9030
4202404;15;3;1164
4202404;15;4;20
4202404;18;1;1860
4202404;18;2;3473
4202404;18;3;5180
4202404;18;4;176
4202404;20;1;3617
4202404;20;2;7416
4202404;20;3;15154
4202404;20;4;2917
4202404;25;1;4222
4202404;25;2;6588
4202404;25;3;12001
4202404;25;4;6505
4202404;30;1;6404
4202404;30;2;5426
4202404;30;3;8914
4202404;30;4;6007
4202404;35;1;7775
4202404;35;2;5375
4202404;35;3;6760
4202404;35;4;4617
4202404;40;1;8901
4202404;40;2;5753
4202404;40;3;6673
4202404;40;4;3538
4202404;45;1;8917
4202404;45;2;5402
4202404;45;3;5186
4202404;45;4;3374
4202404;50;1;8385
4202404;50;2;4031
4202404;50;3;4015
4202404;50;4;2286
4202404;55;1;8112
4202404;55;2;2259
4202404;55;3;2705
4202404;55;4;1539
4202404;60;1;11275
4202404;60;2;2343
4202404;60;3;2202
4202404;60;4;1455
4202404;70;1;9979
4202404;70;2;1196
4202404;70;3;1046
4202404;70;4;480
4202701;10;1;288
4202701;10;2;15
4202701;10;3;0
4202701;10;4;0
4202701;15;1;73
4202701;15;2;119
4202701;15;3;14
4202701;15;4;0
4202701;18;1;26
4202701;18;2;59
4202701;18;3;107
4202701;18;4;3
4202701;20;1;84
4202701;20;2;112
4202701;20;3;192
4202701;20;4;30
4202701;25;1;113
4202701;25;2;85
4202701;25;3;136
4202701;25;4;33
4202701;30;1;182
4202701;30;2;67
4202701;30;3;78
4202701;30;4;8
4202701;35;1;204
4202701;35;2;41
4202701;35;3;48
4202701;35;4;3
4202701;40;1;263
4202701;40;2;46
4202701;40;3;59
4202701;40;4;14
4202701;45;1;252
4202701;45;2;53
4202701;45;3;39
4202701;45;4;26
4202701;50;1;220
4202701;50;2;17
4202701;50;3;21
4202701;50;4;13
4202701;55;1;220
4202701;55;2;14
4202701;55;3;5
4202701;55;4;2
4202701;60;1;310
4202701;60;2;15
4202701;60;3;6
4202701;60;4;0
4202701;70;1;267
4202701;70;2;3
4202701;70;3;3
4202701;70;4;0
4202909;10;1;7162
4202909;10;2;359
4202909;10;3;6
4202909;10;4;0
4202909;15;1;1567
4202909;15;2;3193
4202909;15;3;336
4202909;15;4;19
4202909;18;1;655
4202909;18;2;1209
4202909;18;3;1943
4202909;18;4;103
4202909;20;1;1811
4202909;20;2;2949
4202909;20;3;5220
4202909;20;4;992
4202909;25;1;2377
4202909;25;2;2392
4202909;25;3;4281
4202909;25;4;1796
4202909;30;1;2838
4202909;30;2;1839
4202909;30;3;2894
4202909;30;4;1564
4202909;35;1;3441
4202909;35;2;1667
4202909;35;3;2309
4202909;35;4;941
4202909;40;1;3481
4202909;40;2;1950
4202909;40;3;1847
4202909;40;4;710
4202909;45;1;4179
4202909;45;2;1433
4202909;45;3;1562
4202909;45;4;629
4202909;50;1;3127
4202909;50;2;1086
4202909;50;3;1157
4202909;50;4;495
4202909;55;1;3079
4202909;55;2;802
4202909;55;3;699
4202909;55;4;445
4202909;60;1;4159
4202909;60;2;466
4202909;60;3;521
4202909;60;4;311
4202909;70;1;3351
4202909;70;2;253
4202909;70;3;239
4202909;70;4;171
4203204;10;1;5714
4203204;10;2;359
4203204;10;3;0
4203204;10;4;0
4203204;15;1;1357
4203204;15;2;1777
4203204;15;3;99
4203204;15;4;0
4203204;18;1;577
4203204;18;2;1190
4203204;18;3;762
4203204;18;4;24
4203204;20;1;1438
4203204;20;2;2030
4203204;20;3;2011
4203204;20;4;175
4203204;25;1;1867
4203204;25;2;1803
4203204;25;3;1632
4203204;25;4;531
4203204;30;1;2355
4203204;30;2;1594
4203204;30;3;1108
4203204;30;4;399
4203204;35;1;2496
4203204;35;2;1362
4203204;35;3;1049
4203204;35;4;238
4203204;40;1;2709
4203204;40;2;975
4203204;40;3;569
4203204;40;4;176
4203204;45;1;2366
4203204;45;2;799
4203204;45;3;467
4203204;45;4;180
4203204;50;1;1914
4203204;50;2;524
4203204;50;3;298
4203204;50;4;129
4203204;55;1;1732
4203204;55;2;358
4203204;55;3;239
4203204;55;4;107
4203204;60;1;2025
4203204;60;2;234
4203204;60;3;155
4203204;60;4;123
4203204;70;1;1404
4203204;70;2;98
4203204;70;3;56
4203204;70;4;40
4203956;10;1;1594
4203956;10;2;142
4203956;10;3;10
4203956;10;4;0
4203956;15;1;446
4203956;15;2;629
4203956;15;3;42
4203956;15;4;0
4203956;18;1;144
4203956;18;2;178
4203956;18;3;352
4203956;18;4;0
4203956;20;1;295
4203956;20;2;500
4203956;20;3;1050
4203956;20;4;112
4203956;25;1;331
4203956;25;2;389
4203956;25;3;980
4203956;25;4;252
4203956;30;1;419
4203956;30;2;363
4203956;30;3;696
4203956;30;4;219
4203956;35;1;521
4203956;35;2;352
4203956;35;3;468
4203956;35;4;176
4203956;40;1;595
4203956;40;2;423
4203956;40;3;392
4203956;40;4;138
4203956;45;1;799
4203956;45;2;387
4203956;45;3;400
4203956;45;4;114
4203956;50;1;557
4203956;50;2;424
4203956;50;3;315
4203956;50;4;107
4203956;55;1;620
4203956;55;2;217
4203956;55;3;175
4203956;55;4;0
4203956;60;1;993
4203956;60;2;157
4203956;60;3;129
4203956;60;4;30
4203956;70;1;796
4203956;70;2;50
4203956;70;3;109
4203956;70;4;7
4204202;10;1;14449
4204202;10;2;885
4204202;10;3;11
4204202;10;4;0
4204202;15;1;3140
4204202;15;2;5939
4204202;15;3;823
4204202;15;4;7
4204202;18;1;1186
4204202;18;2;2064
4204202;18;3;3332
4204202;18;4;58
4204202;20;1;3180
4204202;20;2;4467
4204202;20;3;9150
4204202;20;4;1712
4204202;25;1;3224
4204202;25;2;3631
4204202;25;3;8089
4204202;25;4;3556
4204202;30;1;4178
4204202;30;2;2966
4204202;30;3;5585
4204202;30;4;3031
4204202;35;1;4794
4204202;35;2;3171
4204202;35;3;4432
4204202;35;4;2190
4204202;40;1;5295
4204202;40;2;2712
4204202;40;3;3786
4204202;40;4;1947
4204202;45;1;5153
4204202;45;2;2627
4204202;45;3;2531
4204202;45;4;1748
4204202;50;1;4958
4204202;50;2;1640
4204202;50;3;1825
4204202;50;4;963
4204202;55;1;4632
4204202;55;2;967
4204202;55;3;1014
4204202;55;4;601
4204202;60;1;7078
4204202;60;2;914
4204202;60;3;635
4204202;60;4;506
4204202;70;1;5351
4204202;70;2;439
4204202;70;3;321
4204202;70;4;85
4204251;10;1;1093
4204251;10;2;49
4204251;10;3;0
4204251;10;4;0
4204251;15;1;229
4204251;15;2;482
4204251;15;3;78
4204251;15;4;0
4204251;18;1;46
4204251;18;2;167
4204251;18;3;303
4204251;18;4;6
4204251;20;1;137
4204251;20;2;253
4204251;20;3;970
4204251;20;4;66
4204251;25;1;174
4204251;25;2;229
4204251;25;3;763
4204251;25;4;203
4204251;30;1;253
4204251;30;2;277
4204251;30;3;471
4204251;30;4;173
4204251;35;1;334
4204251;35;2;238
4204251;35;3;403
4204251;35;4;136
4204251;40;1;519
4204251;40;2;298
4204251;40;3;358
4204251;40;4;111
4204251;45;1;579
4204251;45;2;325
4204251;45;3;232
4204251;45;4;56
4204251;50;1;653
4204251;50;2;154
4204251;50;3;184
4204251;50;4;27
4204251;55;1;575
4204251;55;2;103
4204251;55;3;73
4204251;55;4;34
4204251;60;1;679
4204251;60;2;62
4204251;60;3;92
4204251;60;4;10
4204251;70;1;510
4204251;70;2;0
4204251;70;3;5
4204251;70;4;5
4204350;10;1;243
4204350;10;2;28
4204350;10;3;0
4204350;10;4;0
4204350;15;1;79
4204350;15;2;139
4204350;15;3;14
4204350;15;4;0
4204350;18;1;20
4204350;18;2;39
4204350;18;3;70
4204350;18;4;0
4204350;20;1;46
4204350;20;2;100
4204350;20;3;193
4204350;20;4;26
4204350;25;1;73
4204350;25;2;52
4204350;25;3;161
4204350;25;4;37
4204350;30;1;106
4204350;30;2;53
4204350;30;3;98
4204350;30;4;28
4204350;35;1;128
4204350;35;2;64
4204350;35;3;60
4204350;35;4;19
4204350;40;1;127
4204350;40;2;88
4204350;40;3;44
4204350;40;4;27
4204350;45;1;157
4204350;45;2;58
4204350;45;3;32
4204350;45;4;4
4204350;50;1;197
4204350;50;2;35
4204350;50;3;10
4204350;50;4;10
4204350;55;1;184
4204350;55;2;14
4204350;55;3;12
4204350;55;4;0
4204350;60;1;258
4204350;60;2;21
4204350;60;3;0
4204350;60;4;3
4204350;70;1;155
4204350;70;2;4
4204350;70;3;6
4204350;70;4;0
4204509;10;1;1023
4204509;10;2;58
4204509;10;3;0
4204509;10;4;0
4204509;15;1;154
4204509;15;2;442
4204509;15;3;31
4204509;15;4;0
4204509;18;1;74
4204509;18;2;168
4204509;18;3;239
4204509;18;4;13
4204509;20;1;184
4204509;20;2;378
4204509;20;3;596
4204509;20;4;89
4204509;25;1;229
4204509;25;2;368
4204509;25;3;512
4204509;25;4;145
4204509;30;1;393
4204509;30;2;327
4204509;30;3;321
4204509;30;4;151
4204509;35;1;409
4204509;35;2;293
4204509;35;3;224
4204509;35;4;70
4204509;40;1;433
4204509;40;2;235
4204509;40;3;201
4204509;40;4;126
4204509;45;1;513
4204509;45;2;255
4204509;45;3;126
4204509;45;4;30
4204509;50;1;433
4204509;50;2;153
4204509;50;3;136
4204509;50;4;65
4204509;55;1;462
4204509;55;2;46
4204509;55;3;72
4204509;55;4;27
4204509;60;1;693
4204509;60;2;70
4204509;60;3;81
4204509;60;4;30
4204509;70;1;691
4204509;70;2;43
4204509;70;3;25
4204509;70;4;10
4204608;10;1;14319
4204608;10;2;836
4204608;10;3;21
4204608;10;4;0
4204608;15;1;2869
4204608;15;2;6214
4204608;15;3;689
4204608;15;4;0
4204608;18;1;961
4204608;18;2;1983
4204608;18;3;3437
4204608;18;4;97
4204608;20;1;2724
4204608;20;2;4057
4204608;20;3;10349
4204608;20;4;1360
4204608;25;1;3265
4204608;25;2;3221
4204608;25;3;7834
4204608;25;4;4249
4204608;30;1;3917
4204608;30;2;2630
4204608;30;3;5533
4204608;30;4;3222
4204608;35;1;4438
4204608;35;2;2579
4204608;35;3;3714
4204608;35;4;2615
4204608;40;1;5755
4204608;40;2;3184
4204608;40;3;3517
4204608;40;4;2169
4204608;45;1;6323
4204608;45;2;3430
4204608;45;3;3219
4204608;45;4;1881
4204608;50;1;5344
4204608;50;2;2536
4204608;50;3;2518
4204608;50;4;1498
4204608;55;1;5204
4204608;55;2;1644
4204608;55;3;1735
4204608;55;4;1277
4204608;60;1;7146
4204608;60;2;1290
4204608;60;3;1466
4204608;60;4;915
4204608;70;1;6162
4204608;70;2;466
4204608;70;3;445
4204608;70;4;229
4205407;10;1;26525
4205407;10;2;1751
4205407;10;3;24
4205407;10;4;0
4205407;15;1;5422
4205407;15;2;11163
4205407;15;3;1588
4205407;15;4;32
4205407;18;1;1751
4205407;18;2;3884
4205407;18;3;8075
4205407;18;4;108
4205407;20;1;3682
4205407;20;2;6306
4205407;20;3;26380
4205407;20;4;4786
4205407;25;1;4349
4205407;25;2;5080
4205407;25;3;20092
4205407;25;4;14558
4205407;30;1;5479
4205407;30;2;3878
4205407;30;3;14884
4205407;30;4;13880
4205407;35;1;6071
4205407;35;2;4275
4205407;35;3;11399
4205407;35;4;10542
4205407;40;1;6193
4205407;40;2;4713
4205407;40;3;9716
4205407;40;4;9236
4205407;45;1;6711
4205407;45;2;4207
4205407;45;3;9984
4205407;45;4;9517
4205407;50;1;6284
4205407;50;2;3841
4205407;50;3;7707
4205407;50;4;8878
4205407;55;1;5678
4205407;55;2;2591
4205407;55;3;6244
4205407;55;4;7282
4205407;60;1;9624
4205407;60;2;2964
4205407;60;3;7007
4205407;60;4;8272
4205407;70;1;9478
4205407;70;2;2793
4205407;70;3;4653
4205407;70;4;3345
4205456;10;1;1916
4205456;10;2;110
4205456;10;3;0
4205456;10;4;0
4205456;15;1;361
4205456;15;2;720
4205456;15;3;45
4205456;15;4;0
4205456;18;1;253
4205456;18;2;393
4205456;18;3;367
4205456;18;4;0
4205456;20;1;397
4205456;20;2;649
4205456;20;3;1103
4205456;20;4;107
4205456;25;1;646
4205456;25;2;439
4205456;25;3;998
4205456;25;4;137
4205456;30;1;728
4205456;30;2;557
4205456;30;3;455
4205456;30;4;111
4205456;35;1;811
4205456;35;2;402
4205456;35;3;409
4205456;35;4;89
4205456;40;1;1122
4205456;40;2;217
4205456;40;3;251
4205456;40;4;40
4205456;45;1;968
4205456;45;2;278
4205456;45;3;302
4205456;45;4;80
4205456;50;1;830
4205456;50;2;136
4205456;50;3;126
4205456;50;4;72
4205456;55;1;769
4205456;55;2;31
4205456;55;3;52
4205456;55;4;33
4205456;60;1;834
4205456;60;2;96
4205456;60;3;49
4205456;60;4;36
4205456;70;1;642
4205456;70;2;0
4205456;70;3;19
4205456;70;4;28
4205902;10;1;4512
4205902;10;2;250
4205902;10;3;9
4205902;10;4;0
4205902;15;1;1140
4205902;15;2;1715
4205902;15;3;223
4205902;15;4;0
4205902;18;1;356
4205902;18;2;916
4205902;18;3;926
4205902;18;4;9
4205902;20;1;969
4205902;20;2;1879
4205902;20;3;2199
4205902;20;4;558
4205902;25;1;1243
4205902;25;2;1283
4205902;25;3;1822
4205902;25;4;869
4205902;30;1;1598
4205902;30;2;1341
4205902;30;3;1390
4205902;30;4;577
4205902;35;1;2066
4205902;35;2;1011
4205902;35;3;937
4205902;35;4;428
4205902;40;1;2205
4205902;40;2;1043
4205902;40;3;771
4205902;40;4;408
4205902;45;1;2151
4205902;45;2;925
4205902;45;3;743
4205902;45;4;381
4205902;50;1;1867
4205902;50;2;603
4205902;50;3;551
4205902;50;4;189
4205902;55;1;2012
4205902;55;2;463
4205902;55;3;239
4205902;55;4;131
4205902;60;1;2418
4205902;60;2;287
4205902;60;3;227
4205902;60;4;72
4205902;70;1;1824
4205902;70;2;88
4205902;70;3;111
4205902;70;4;16
4206009;10;1;1015
4206009;10;2;30
4206009;10;3;0
4206009;10;4;0
4206009;15;1;274
4206009;15;2;412
4206009;15;3;28
4206009;15;4;0
4206009;18;1;99
4206009;18;2;124
4206009;18;3;213
4206009;18;4;0
4206009;20;1;219
4206009;20;2;228
4206009;20;3;591
4206009;20;4;19
4206009;25;1;242
4206009;25;2;237
4206009;25;3;497
4206009;25;4;90
4206009;30;1;367
4206009;30;2;198
4206009;30;3;346
4206009;30;4;61
4206009;35;1;540
4206009;35;2;250
4206009;35;3;286
4206009;35;4;29
4206009;40;1;557
4206009;40;2;207
4206009;40;3;199
4206009;40;4;78
4206009;45;1;614
4206009;45;2;200
4206009;45;3;148
4206009;45;4;36
4206009;50;1;557
4206009;50;2;150
4206009;50;3;100
4206009;50;4;49
4206009;55;1;506
4206009;55;2;48
4206009;55;3;101
4206009;55;4;11
4206009;60;1;710
4206009;60;2;48
4206009;60;3;53
4206009;60;4;21
4206009;70;1;517
4206009;70;2;55
4206009;70;3;30
4206009;70;4;24
4206207;10;1;803
4206207;10;2;70
4206207;10;3;2
4206207;10;4;0
4206207;15;1;169
4206207;15;2;369
4206207;15;3;57
4206207;15;4;0
4206207;18;1;46
4206207;18;2;107
4206207;18;3;193
4206207;18;4;0
4206207;20;1;138
4206207;20;2;219
4206207;20;3;454
4206207;20;4;74
4206207;25;1;200
4206207;25;2;162
4206207;25;3;371
4206207;25;4;118
4206207;30;1;322
4206207;30;2;132
4206207;30;3;225
4206207;30;4;99
4206207;35;1;246
4206207;35;2;188
4206207;35;3;187
4206207;35;4;106
4206207;40;1;421
4206207;40;2;162
4206207;40;3;165
4206207;40;4;67
4206207;45;1;483
4206207;45;2;119
4206207;45;3;147
4206207;45;4;49
4206207;50;1;399
4206207;50;2;130
4206207;50;3;112
4206207;50;4;45
4206207;55;1;353
4206207;55;2;82
4206207;55;3;60
4206207;55;4;44
4206207;60;1;613
4206207;60;2;55
4206207;60;3;61
4206207;60;4;53
4206207;70;1;585
4206207;70;2;9
4206207;70;3;32
4206207;70;4;23
4206306;10;1;1374
4206306;10;2;78
4206306;10;3;0
4206306;10;4;0
4206306;15;1;301
4206306;15;2;588
4206306;15;3;94
4206306;15;4;4
4206306;18;1;174
4206306;18;2;184
4206306;18;3;253
4206306;18;4;37
4206306;20;1;242
4206306;20;2;480
4206306;20;3;930
4206306;20;4;148
4206306;25;1;488
4206306;25;2;398
4206306;25;3;722
4206306;25;4;165
4206306;30;1;697
4206306;30;2;305
4206306;30;3;487
4206306;30;4;93
4206306;35;1;788
4206306;35;2;294
4206306;35;3;292
4206306;35;4;73
4206306;40;1;837
4206306;40;2;304
4206306;40;3;253
4206306;40;4;73
4206306;45;1;889
4206306;45;2;207
4206306;45;3;209
4206306;45;4;43
4206306;50;1;778
4206306;50;2;128
4206306;50;3;157
4206306;50;4;9
4206306;55;1;735
4206306;55;2;68
4206306;55;3;69
4206306;55;4;10
4206306;60;1;824
4206306;60;2;21
4206306;60;3;24
4206306;60;4;5
4206306;70;1;697
4206306;70;2;17
4206306;70;3;5
4206306;70;4;5
4206504;10;1;2795
4206504;10;2;148
4206504;10;3;0
4206504;10;4;0
4206504;15;1;674
4206504;15;2;848
4206504;15;3;210
4206504;15;4;0
4206504;18;1;365
4206504;18;2;416
4206504;18;3;578
4206504;18;4;29
4206504;20;1;978
4206504;20;2;1025
4206504;20;3;1233
4206504;20;4;338
4206504;25;1;924
4206504;25;2;951
4206504;25;3;1152
4206504;25;4;484
4206504;30;1;1151
4206504;30;2;679
4206504;30;3;939
4206504;30;4;377
4206504;35;1;1301
4206504;35;2;649
4206504;35;3;701
4206504;35;4;159
4206504;40;1;1485
4206504;40;2;573
4206504;40;3;443
4206504;40;4;169
4206504;45;1;1300
4206504;45;2;518
4206504;45;3;295
4206504;45;4;66
4206504;50;1;1114
4206504;50;2;298
4206504;50;3;127
4206504;50;4;54
4206504;55;1;999
4206504;55;2;110
4206504;55;3;135
4206504;55;4;51
4206504;60;1;1225
4206504;60;2;126
4206504;60;3;55
4206504;60;4;54
4206504;70;1;937
4206504;70;2;59
4206504;70;3;9
4206504;70;4;22
4206652;10;1;443
4206652;10;2;23
4206652;10;3;0
4206652;10;4;0
4206652;15;1;106
4206652;15;2;157
4206652;15;3;13
4206652;15;4;0
4206652;18;1;51
4206652;18;2;54
4206652;18;3;85
4206652;18;4;0
4206652;20;1;60
4206652;20;2;92
4206652;20;3;200
4206652;20;4;39
4206652;25;1;97
4206652;25;2;86
4206652;25;3;136
4206652;25;4;27
4206652;30;1;139
4206652;30;2;67
4206652;30;3;79
4206652;30;4;16
4206652;35;1;192
4206652;35;2;47
4206652;35;3;50
4206652;35;4;27
4206652;40;1;152
4206652;40;2;72
4206652;40;3;81
4206652;40;4;33
4206652;45;1;201
4206652;45;2;51
4206652;45;3;54
4206652;45;4;6
4206652;50;1;240
4206652;50;2;34
4206652;50;3;20
4206652;50;4;14
4206652;55;1;223
4206652;55;2;18
4206652;55;3;6
4206652;55;4;3
4206652;60;1;315
4206652;60;2;8
4206652;60;3;4
4206652;60;4;4
4206652;70;1;184
4206652;70;2;10
4206652;70;3;0
4206652;70;4;0
4207007;10;1;4689
4207007;10;2;268
4207007;10;3;0
4207007;10;4;0
4207007;15;1;1039
4207007;15;2;1989
4207007;15;3;198
4207007;15;4;0
4207007;18;1;493
4207007;18;2;707
4207007;18;3;821
4207007;18;4;31
4207007;20;1;1122
4207007;20;2;1593
4207007;20;3;2601
4207007;20;4;303
4207007;25;1;1311
4207007;25;2;1315
4207007;25;3;1985
4207007;25;4;521
4207007;30;1;1555
4207007;30;2;1057
4207007;30;3;1272
4207007;30;4;526
4207007;35;1;1918
4207007;35;2;930
4207007;35;3;898
4207007;35;4;371
4207007;40;1;2413
4207007;40;2;805
4207007;40;3;958
4207007;40;4;277
4207007;45;1;2461
4207007;45;2;1192
4207007;45;3;692
4207007;45;4;165
4207007;50;1;2235
4207007;50;2;689
4207007;50;3;548
4207007;50;4;92
4207007;55;1;2121
4207007;55;2;299
4207007;55;3;253
4207007;55;4;132
4207007;60;1;2984
4207007;60;2;204
4207007;60;3;122
4207007;60;4;37
4207007;70;1;2117
4207007;70;2;76
4207007;70;3;43
4207007;70;4;20
4207106;10;1;1052
4207106;10;2;64
4207106;10;3;0
4207106;10;4;0
4207106;15;1;276
4207106;15;2;302
4207106;15;3;67
4207106;15;4;0
4207106;18;1;97
4207106;18;2;171
4207106;18;3;147
4207106;18;4;11
4207106;20;1;255
4207106;20;2;376
4207106;20;3;440
4207106;20;4;52
4207106;25;1;356
4207106;25;2;349
4207106;25;3;366
4207106;25;4;43
4207106;30;1;411
4207106;30;2;239
4207106;30;3;244
4207106;30;4;72
4207106;35;1;445
4207106;35;2;183
4207106;35;3;206
4207106;35;4;77
4207106;40;1;544
4207106;40;2;179
4207106;40;3;140
4207106;40;4;85
4207106;45;1;598
4207106;45;2;101
4207106;45;3;101
4207106;45;4;18
4207106;50;1;475
4207106;50;2;46
4207106;50;3;85
4207106;50;4;27
4207106;55;1;511
4207106;55;2;42
4207106;55;3;22
4207106;55;4;6
4207106;60;1;613
4207106;60;2;26
4207106;60;3;11
4207106;60;4;5
4207106;70;1;486
4207106;70;2;11
4207106;70;3;5
4207106;70;4;12
4207502;10;1;4257
4207502;10;2;157
4207502;10;3;0
4207502;10;4;0
4207502;15;1;667
4207502;15;2;1763
4207502;15;3;206
4207502;15;4;0
4207502;18;1;256
4207502;18;2;828
4207502;18;3;850
4207502;18;4;11
4207502;20;1;734
4207502;20;2;1501
4207502;20;3;2583
4207502;20;4;339
4207502;25;1;1176
4207502;25;2;1229
4207502;25;3;2152
4207502;25;4;647
4207502;30;1;1499
4207502;30;2;1061
4207502;30;3;1448
4207502;30;4;597
4207502;35;1;1889
4207502;35;2;985
4207502;35;3;1142
4207502;35;4;405
4207502;40;1;1990
4207502;40;2;913
4207502;40;3;1014
4207502;40;4;288
4207502;45;1;1862
4207502;45;2;838
4207502;45;3;777
4207502;45;4;363
4207502;50;1;1788
4207502;50;2;579
4207502;50;3;493
4207502;50;4;132
4207502;55;1;1645
4207502;55;2;194
4207502;55;3;288
4207502;55;4;195
4207502;60;1;2332
4207502;60;2;230
4207502;60;3;183
4207502;60;4;129
4207502;70;1;1751
4207502;70;2;150
4207502;70;3;117
4207502;70;4;51
4208203;10;1;14114
4208203;10;2;932
4208203;10;3;51
4208203;10;4;0
4208203;15;1;2573
4208203;15;2;6388
4208203;15;3;660
4208203;15;4;10
4208203;18;1;956
4208203;18;2;1919
4208203;18;3;3146
4208203;18;4;85
4208203;20;1;2821
4208203;20;2;4445
4208203;20;3;8632
4208203;20;4;1253
4208203;25;1;3164
4208203;25;2;3757
4208203;25;3;7914
4208203;25;4;3369
4208203;30;1;4394
4208203;30;2;3250
4208203;30;3;5706
4208203;30;4;2881
4208203;35;1;4592
4208203;35;2;2875
4208203;35;3;4193
4208203;35;4;2107
4208203;40;1;4911
4208203;40;2;2974
4208203;40;3;3523
4208203;40;4;1808
4208203;45;1;5367
4208203;45;2;2689
4208203;45;3;2892
4208203;45;4;1667
4208203;50;1;4749
4208203;50;2;2270
4208203;50;3;2418
4208203;50;4;1294
4208203;55;1;4393
4208203;55;2;1283
4208203;55;3;1436
4208203;55;4;699
4208203;60;1;6296
4208203;60;2;941
4208203;60;3;1294
4208203;60;4;897
4208203;70;1;5246
4208203;70;2;581
4208203;70;3;770
4208203;70;4;306
4208906;10;1;9921
4208906;10;2;709
4208906;10;3;12
4208906;10;4;0
4208906;15;1;1631
4208906;15;2;4430
4208906;15;3;462
4208906;15;4;12
4208906;18;1;709
4208906;18;2;1569
4208906;18;3;2854
4208906;18;4;128
4208906;20;1;1705
4208906;20;2;3282
4208906;20;3;7932
4208906;20;4;1748
4208906;25;1;1900
4208906;25;2;2937
4208906;25;3;7027
4208906;25;4;3372
4208906;30;1;2542
4208906;30;2;2917
4208906;30;3;5203
4208906;30;4;3112
4208906;35;1;3079
4208906;35;2;2627
4208906;35;3;4095
4208906;35;4;2080
4208906;40;1;3403
4208906;40;2;2713
4208906;40;3;3327
4208906;40;4;1503
4208906;45;1;4017
4208906;45;2;2043
4208906;45;3;2512
4208906;45;4;1223
4208906;50;1;4011
4208906;50;2;1355
4208906;50;3;1757
4208906;50;4;745
4208906;55;1;3233
4208906;55;2;907
4208906;55;3;985
4208906;55;4;424
4208906;60;1;4820
4208906;60;2;666
4208906;60;3;812
4208906;60;4;308
4208906;70;1;3970
4208906;70;2;378
4208906;70;3;338
4208906;70;4;51
4209102;10;1;39552
4209102;10;2;1986
4209102;10;3;85
4209102;10;4;0
4209102;15;1;6715
4209102;15;2;17111
4209102;15;3;1899
4209102;15;4;9
4209102;18;1;2122
4209102;18;2;5373
4209102;18;3;10144
4209102;18;4;306
4209102;20;1;5842
4209102;20;2;9567
4209102;20;3;27583
4209102;20;4;4883
4209102;25;1;5518
4209102;25;2;9119
4209102;25;3;23505
4209102;25;4;10660
4209102;30;1;7167
4209102;30;2;7908
4209102;30;3;19628
4209102;30;4;10764
4209102;35;1;9071
4209102;35;2;8498
4209102;35;3;15959
4209102;35;4;7352
4209102;40;1;11075
4209102;40;2;8549
4209102;40;3;14091
4209102;40;4;6205
4209102;45;1;11689
4209102;45;2;7956
4209102;45;3;11456
4209102;45;4;5080
4209102;50;1;12189
4209102;50;2;6362
4209102;50;3;7128
4209102;50;4;3741
4209102;55;1;12261
4209102;55;2;3991
4209102;55;3;4689
4209102;55;4;2964
4209102;60;1;18158
4209102;60;2;3053
4209102;60;3;3347
4209102;60;4;2242
4209102;70;1;14802
4209102;70;2;1843
4209102;70;3;1573
4209102;70;4;653
4209300;10;1;12814
4209300;10;2;913
4209300;10;3;0
4209300;10;4;0
4209300;15;1;2972
4209300;15;2;4566
4209300;15;3;587
4209300;15;4;0
4209300;18;1;1260
4209300;18;2;1813
4209300;18;3;2357
4209300;18;4;86
4209300;20;1;2570
4209300;20;2;3103
4209300;20;3;6609
4209300;20;4;1223
4209300;25;1;2993
4209300;25;2;2682
4209300;25;3;5201
4209300;25;4;2435
4209300;30;1;3257
4209300;30;2;2399
4209300;30;3;4041
4209300;30;4;2154
4209300;35;1;4113
4209300;35;2;1725
4209300;35;3;3698
4209300;35;4;1667
4209300;40;1;4371
4209300;40;2;2137
4209300;40;3;3026
4209300;40;4;1638
4209300;45;1;4447
4209300;45;2;2060
4209300;45;3;2501
4209300;45;4;1688
4209300;50;1;3889
4209300;50;2;1643
4209300;50;3;2172
4209300;50;4;1258
4209300;55;1;4006
4209300;55;2;1136
4209300;55;3;1283
4209300;55;4;945
4209300;60;1;7014
4209300;60;2;1320
4209300;60;3;1019
4209300;60;4;914
4209300;70;1;5970
4209300;70;2;732
4209300;70;3;629
4209300;70;4;213
4209409;10;1;3978
4209409;10;2;252
4209409;10;3;0
4209409;10;4;0
4209409;15;1;760
4209409;15;2;1745
4209409;15;3;171
4209409;15;4;0
4209409;18;1;403
4209409;18;2;512
4209409;18;3;777
4209409;18;4;17
4209409;20;1;894
4209409;20;2;823
4209409;20;3;1911
4209409;20;4;270
4209409;25;1;903
4209409;25;2;715
4209409;25;3;1798
4209409;25;4;421
4209409;30;1;1167
4209409;30;2;663
4209409;30;3;1287
4209409;30;4;464
4209409;35;1;1526
4209409;35;2;556
4209409;35;3;1224
4209409;35;4;291
4209409;40;1;1728
4209409;40;2;730
4209409;40;3;1047
4209409;40;4;260
4209409;45;1;1887
4209409;45;2;664
4209409;45;3;916
4209409;45;4;302
4209409;50;1;1603
4209409;50;2;551
4209409;50;3;746
4209409;50;4;186
4209409;55;1;1833
4209409;55;2;335
4209409;55;3;804
4209409;55;4;239
4209409;60;1;3297
4209409;60;2;377
4209409;60;3;470
4209409;60;4;300
4209409;70;1;2444
4209409;70;2;257
4209409;70;3;283
4209409;70;4;84
4211207;10;1;1334
4211207;10;2;91
4211207;10;3;0
4211207;10;4;0
4211207;15;1;293
4211207;15;2;582
4211207;15;3;54
4211207;15;4;0
4211207;18;1;113
4211207;18;2;190
4211207;18;3;305
4211207;18;4;4
4211207;20;1;227
4211207;20;2;558
4211207;20;3;724
4211207;20;4;71
4211207;25;1;456
4211207;25;2;358
4211207;25;3;443
4211207;25;4;167
4211207;30;1;607
4211207;30;2;227
4211207;30;3;294
4211207;30;4;147
4211207;35;1;697
4211207;35;2;189
4211207;35;3;174
4211207;35;4;74
4211207;40;1;743
4211207;40;2;222
4211207;40;3;183
4211207;40;4;63
4211207;45;1;693
4211207;45;2;249
4211207;45;3;177
4211207;45;4;54
4211207;50;1;613
4211207;50;2;144
4211207;50;3;114
4211207;50;4;33
4211207;55;1;521
4211207;55;2;103
4211207;55;3;84
4211207;55;4;4
4211207;60;1;683
4211207;60;2;50
4211207;60;3;77
4211207;60;4;10
4211207;70;1;551
4211207;70;2;10
4211207;70;3;0
4211207;70;4;6
4211256;10;1;218
4211256;10;2;13
4211256;10;3;0
4211256;10;4;0
4211256;15;1;58
4211256;15;2;109
4211256;15;3;6
4211256;15;4;0
4211256;18;1;37
4211256;18;2;43
4211256;18;3;33
4211256;18;4;2
4211256;20;1;96
4211256;20;2;56
4211256;20;3;87
4211256;20;4;36
4211256;25;1;120
4211256;25;2;37
4211256;25;3;44
4211256;25;4;31
4211256;30;1;122
4211256;30;2;33
4211256;30;3;22
4211256;30;4;15
4211256;35;1;155
4211256;35;2;24
4211256;35;3;4
4211256;35;4;10
4211256;40;1;194
4211256;40;2;31
4211256;40;3;6
4211256;40;4;18
4211256;45;1;175
4211256;45;2;24
4211256;45;3;9
4211256;45;4;14
4211256;50;1;134
4211256;50;2;19
4211256;50;3;7
4211256;50;4;3
4211256;55;1;148
4211256;55;2;6
4211256;55;3;0
4211256;55;4;0
4211256;60;1;160
4211256;60;2;22
4211256;60;3;3
4211256;60;4;0
4211256;70;1;144
4211256;70;2;4
4211256;70;3;3
4211256;70;4;0
4211306;10;1;5407
4211306;10;2;194
4211306;10;3;13
4211306;10;4;0
4211306;15;1;1318
4211306;15;2;1648
4211306;15;3;158
4211306;15;4;0
4211306;18;1;614
4211306;18;2;942
4211306;18;3;703
4211306;18;4;0
4211306;20;1;1498
4211306;20;2;1607
4211306;20;3;2042
4211306;20;4;257
4211306;25;1;1595
4211306;25;2;1214
4211306;25;3;2266
4211306;25;4;543
4211306;30;1;2054
4211306;30;2;915
4211306;30;3;1602
4211306;30;4;434
4211306;35;1;2104
4211306;35;2;770
4211306;35;3;1239
4211306;35;4;370
4211306;40;1;2175
4211306;40;2;820
4211306;40;3;893
4211306;40;4;362
4211306;45;1;1895
4211306;45;2;857
4211306;45;3;787
4211306;45;4;287
4211306;50;1;1936
4211306;50;2;450
4211306;50;3;609
4211306;50;4;232
4211306;55;1;1636
4211306;55;2;313
4211306;55;3;441
4211306;55;4;200
4211306;60;1;2510
4211306;60;2;381
4211306;60;3;285
4211306;60;4;146
4211306;70;1;1868
4211306;70;2;164
4211306;70;3;64
4211306;70;4;46
4211603;10;1;925
4211603;10;2;98
4211603;10;3;0
4211603;10;4;0
4211603;15;1;204
4211603;15;2;424
4211603;15;3;75
4211603;15;4;0
4211603;18;1;58
4211603;18;2;145
4211603;18;3;268
4211603;18;4;14
4211603;20;1;188
4211603;20;2;277
4211603;20;3;737
4211603;20;4;70
4211603;25;1;320
4211603;25;2;233
4211603;25;3;404
4211603;25;4;192
4211603;30;1;378
4211603;30;2;152
4211603;30;3;288
4211603;30;4;156
4211603;35;1;441
4211603;35;2;160
4211603;35;3;208
4211603;35;4;120
4211603;40;1;470
4211603;40;2;215
4211603;40;3;274
4211603;40;4;80
4211603;45;1;598
4211603;45;2;175
4211603;45;3;153
4211603;45;4;62
4211603;50;1;465
4211603;50;2;98
4211603;50;3;111
4211603;50;4;51
4211603;55;1;504
4211603;55;2;62
4211603;55;3;63
4211603;55;4;18
4211603;60;1;690
4211603;60;2;66
4211603;60;3;50
4211603;60;4;10
4211603;70;1;623
4211603;70;2;24
4211603;70;3;19
4211603;70;4;0
4211900;10;1;11460
4211900;10;2;668
4211900;10;3;8
4211900;10;4;0
4211900;15;1;3118
4211900;15;2;4066
4211900;15;3;347
4211900;15;4;11
4211900;18;1;1065
4211900;18;2;1815
4211900;18;3;1747
4211900;18;4;48
4211900;20;1;2466
4211900;20;2;3252
4211900;20;3;6217
4211900;20;4;701
4211900;25;1;2759
4211900;25;2;2522
4211900;25;3;6458
4211900;25;4;1416
4211900;30;1;3672
4211900;30;2;2426
4211900;30;3;5043
4211900;30;4;1265
4211900;35;1;4205
4211900;35;2;2395
4211900;35;3;3726
4211900;35;4;940
4211900;40;1;4363
4211900;40;2;2288
4211900;40;3;2632
4211900;40;4;1026
4211900;45;1;4161
4211900;45;2;2270
4211900;45;3;1956
4211900;45;4;783
4211900;50;1;3879
4211900;50;2;1380
4211900;50;3;1685
4211900;50;4;513
4211900;55;1;3557
4211900;55;2;866
4211900;55;3;1009
4211900;55;4;321
4211900;60;1;4664
4211900;60;2;818
4211900;60;3;866
4211900;60;4;184
4211900;70;1;3481
4211900;70;2;321
4211900;70;3;291
4211900;70;4;111
4212304;10;1;561
4212304;10;2;20
4212304;10;3;3
4212304;10;4;0
4212304;15;1;170
4212304;15;2;216
4212304;15;3;14
4212304;15;4;0
4212304;18;1;74
4212304;18;2;77
4212304;18;3;79
4212304;18;4;0
4212304;20;1;132
4212304;20;2;135
4212304;20;3;282
4212304;20;4;20
4212304;25;1;190
4212304;25;2;141
4212304;25;3;176
4212304;25;4;26
4212304;30;1;251
4212304;30;2;79
4212304;30;3;114
4212304;30;4;54
4212304;35;1;276
4212304;35;2;93
4212304;35;3;71
4212304;35;4;45
4212304;40;1;324
4212304;40;2;57
4212304;40;3;59
4212304;40;4;24
4212304;45;1;313
4212304;45;2;68
4212304;45;3;52
4212304;45;4;25
4212304;50;1;262
4212304;50;2;47
4212304;50;3;39
4212304;50;4;9
4212304;55;1;258
4212304;55;2;23
4212304;55;3;25
4212304;55;4;13
4212304;60;1;397
4212304;60;2;32
4212304;60;3;28
4212304;60;4;13
4212304;70;1;367
4212304;70;2;13
4212304;70;3;8
4212304;70;4;0
4212502;10;1;2026
4212502;10;2;146
4212502;10;3;0
4212502;10;4;0
4212502;15;1;354
4212502;15;2;800
4212502;15;3;127
4212502;15;4;0
4212502;18;1;149
4212502;18;2;400
4212502;18;3;219
4212502;18;4;0
4212502;20;1;469
4212502;20;2;617
4212502;20;3;816
4212502;20;4;137
4212502;25;1;662
4212502;25;2;587
4212502;25;3;652
4212502;25;4;172
4212502;30;1;783
4212502;30;2;388
4212502;30;3;638
4212502;30;4;152
4212502;35;1;955
4212502;35;2;461
4212502;35;3;377
4212502;35;4;89
4212502;40;1;886
4212502;40;2;404
4212502;40;3;324
4212502;40;4;165
4212502;45;1;892
4212502;45;2;338
4212502;45;3;264
4212502;45;4;146
4212502;50;1;1053
4212502;50;2;235
4212502;50;3;217
4212502;50;4;60
4212502;55;1;927
4212502;55;2;154
4212502;55;3;141
4212502;55;4;70
4212502;60;1;1452
4212502;60;2;209
4212502;60;3;150
4212502;60;4;62
4212502;70;1;1067
4212502;70;2;92
4212502;70;3;64
4212502;70;4;52
4212650;10;1;0
4212650;10;2;0
4212650;10;3;0
4212650;10;4;0
4212650;15;1;0
4212650;15;2;0
4212650;15;3;0
4212650;15;4;0
4212650;18;1;0
4212650;18;2;0
4212650;18;3;0
4212650;18;4;0
4212650;20;1;0
4212650;20;2;0
4212650;20;3;0
4212650;20;4;0
4212650;25;1;0
4212650;25;2;0
4212650;25;3;0
4212650;25;4;0
4212650;30;1;0
4212650;30;2;0
4212650;30;3;0
4212650;30;4;0
4212650;35;1;0
4212650;35;2;0
4212650;35;3;0
4212650;35;4;0
4212650;40;1;0
4212650;40;2;0
4212650;40;3;0
4212650;40;4;0
4212650;45;1;0
4212650;45;2;0
4212650;45;3;0
4212650;45;4;0
4212650;50;1;0
4212650;50;2;0
4212650;50;3;0
4212650;50;4;0
4212650;55;1;0
4212650;55;2;0
4212650;55;3;0
4212650;55;4;0
4212650;60;1;0
4212650;60;2;0
4212650;60;3;0
4212650;60;4;0
4212650;70;1;0
4212650;70;2;0
4212650;70;3;0
4212650;70;4;0
4212809;10;1;1489
4212809;10;2;110
4212809;10;3;0
4212809;10;4;0
4212809;15;1;302
4212809;15;2;617
4212809;15;3;50
4212809;15;4;0
4212809;18;1;107
4212809;18;2;144
4212809;18;3;280
4212809;18;4;0
4212809;20;1;311
4212809;20;2;273
4212809;20;3;661
4212809;20;4;84
4212809;25;1;411
4212809;25;2;268
4212809;25;3;484
4212809;25;4;168
4212809;30;1;435
4212809;30;2;298
4212809;30;3;504
4212809;30;4;155
4212809;35;1;523
4212809;35;2;231
4212809;35;3;337
4212809;35;4;130
4212809;40;1;531
4212809;40;2;223
4212809;40;3;241
4212809;40;4;162
4212809;45;1;531
4212809;45;2;207
4212809;45;3;255
4212809;45;4;109
4212809;50;1;539
4212809;50;2;237
4212809;50;3;185
4212809;50;4;77
4212809;55;1;516
4212809;55;2;115
4212809;55;3;155
4212809;55;4;123
4212809;60;1;804
4212809;60;2;78
4212809;60;3;180
4212809;60;4;106
4212809;70;1;491
4212809;70;2;49
4212809;70;3;51
4212809;70;4;81
4215000;10;1;3674
4215000;10;2;138
4215000;10;3;0
4215000;10;4;0
4215000;15;1;705
4215000;15;2;1500
4215000;15;3;118
4215000;15;4;0
4215000;18;1;120
4215000;18;2;481
4215000;18;3;455
4215000;18;4;0
4215000;20;1;509
4215000;20;2;863
4215000;20;3;1597
4215000;20;4;197
4215000;25;1;928
4215000;25;2;725
4215000;25;3;1478
4215000;25;4;425
4215000;30;1;1219
4215000;30;2;733
4215000;30;3;1057
4215000;30;4;292
4215000;35;1;1417
4215000;35;2;653
4215000;35;3;727
4215000;35;4;275
4215000;40;1;1658
4215000;40;2;584
4215000;40;3;493
4215000;40;4;227
4215000;45;1;1455
4215000;45;2;527
4215000;45;3;482
4215000;45;4;243
4215000;50;1;1383
4215000;50;2;477
4215000;50;3;322
4215000;50;4;134
4215000;55;1;892
4215000;55;2;232
4215000;55;3;186
4215000;55;4;77
4215000;60;1;1695
4215000;60;2;134
4215000;60;3;131
4215000;60;4;73
4215000;70;1;1278
4215000;70;2;127
4215000;70;3;60
4215000;70;4;9
4215703;10;1;1587
4215703;10;2;148
4215703;10;3;0
4215703;10;4;0
4215703;15;1;270
4215703;15;2;582
4215703;15;3;103
4215703;15;4;9
4215703;18;1;133
4215703;18;2;245
4215703;18;3;397
4215703;18;4;28
4215703;20;1;282
4215703;20;2;415
4215703;20;3;1005
4215703;20;4;94
4215703;25;1;292
4215703;25;2;386
4215703;25;3;835
4215703;25;4;194
4215703;30;1;529
4215703;30;2;273
4215703;30;3;600
4215703;30;4;171
4215703;35;1;588
4215703;35;2;334
4215703;35;3;478
4215703;35;4;176
4215703;40;1;674
4215703;40;2;362
4215703;40;3;405
4215703;40;4;174
4215703;45;1;744
4215703;45;2;313
4215703;45;3;289
4215703;45;4;130
4215703;50;1;551
4215703;50;2;246
4215703;50;3;225
4215703;50;4;95
4215703;55;1;545
4215703;55;2;153
4215703;55;3;143
4215703;55;4;64
4215703;60;1;883
4215703;60;2;101
4215703;60;3;133
4215703;60;4;60
4215703;70;1;788
4215703;70;2;83
4215703;70;3;33
4215703;70;4;39
4215802;10;1;6052
4215802;10;2;305
4215802;10;3;6
4215802;10;4;0
4215802;15;1;1164
4215802;15;2;2093
4215802;15;3;264
4215802;15;4;0
4215802;18;1;285
4215802;18;2;849
4215802;18;3;1482
4215802;18;4;79
4215802;20;1;763
4215802;20;2;1704
4215802;20;3;3405
4215802;20;4;666
4215802;25;1;936
4215802;25;2;1561
4215802;25;3;3468
4215802;25;4;1294
4215802;30;1;1532
4215802;30;2;1444
4215802;30;3;2604
4215802;30;4;1370
4215802;35;1;1934
4215802;35;2;1395
4215802;35;3;1690
4215802;35;4;979
4215802;40;1;2279
4215802;40;2;1341
4215802;40;3;1393
4215802;40;4;555
4215802;45;1;2382
4215802;45;2;1020
4215802;45;3;1121
4215802;45;4;546
4215802;50;1;2111
4215802;50;2;746
4215802;50;3;806
4215802;50;4;348
4215802;55;1;2179
4215802;55;2;411
4215802;55;3;505
4215802;55;4;186
4215802;60;1;3076
4215802;60;2;296
4215802;60;3;286
4215802;60;4;125
4215802;70;1;2258
4215802;70;2;135
4215802;70;3;82
4215802;70;4;61
4216602;10;1;14689
4216602;10;2;1064
4216602;10;3;20
4216602;10;4;0
4216602;15;1;3030
4216602;15;2;6253
4216602;15;3;798
4216602;15;4;11
4216602;18;1;903
4216602;18;2;2098
4216602;18;3;3606
4216602;18;4;76
4216602;20;1;2265
4216602;20;2;4044
4216602;20;3;11745
4216602;20;4;1703
4216602;25;1;3340
4216602;25;2;3153
4216602;25;3;10558
4216602;25;4;4180
4216602;30;1;3823
4216602;30;2;3082
4216602;30;3;8352
4216602;30;4;3959
4216602;35;1;4271
4216602;35;2;2954
4216602;35;3;6773
4216602;35;4;2872
4216602;40;1;4096
4216602;40;2;3448
4216602;40;3;5674
4216602;40;4;2420
4216602;45;1;4075
4216602;45;2;3203
4216602;45;3;5132
4216602;45;4;2184
4216602;50;1;4188
4216602;50;2;2495
4216602;50;3;4313
4216602;50;4;1843
4216602;55;1;4205
4216602;55;2;1650
4216602;55;3;3016
4216602;55;4;1277
4216602;60;1;6333
4216602;60;2;1829
4216602;60;3;2416
4216602;60;4;1339
4216602;70;1;5217
4216602;70;2;835
4216602;70;3;1067
4216602;70;4;424
4217253;10;1;238
4217253;10;2;12
4217253;10;3;0
4217253;10;4;0
4217253;15;1;43
4217253;15;2;79
4217253;15;3;20
4217253;15;4;0
4217253;18;1;23
4217253;18;2;23
4217253;18;3;61
4217253;18;4;0
4217253;20;1;213
4217253;20;2;156
4217253;20;3;127
4217253;20;4;32
4217253;25;1;277
4217253;25;2;189
4217253;25;3;127
4217253;25;4;27
4217253;30;1;249
4217253;30;2;129
4217253;30;3;90
4217253;30;4;33
4217253;35;1;198
4217253;35;2;57
4217253;35;3;74
4217253;35;4;27
4217253;40;1;212
4217253;40;2;86
4217253;40;3;83
4217253;40;4;32
4217253;45;1;163
4217253;45;2;47
4217253;45;3;59
4217253;45;4;21
4217253;50;1;172
4217253;50;2;17
4217253;50;3;27
4217253;50;4;15
4217253;55;1;139
4217253;55;2;15
4217253;55;3;18
4217253;55;4;3
4217253;60;1;305
4217253;60;2;30
4217253;60;3;9
4217253;60;4;9
4217253;70;1;348
4217253;70;2;15
4217253;70;3;0
4217253;70;4;3
4217402;10;1;1225
4217402;10;2;69
4217402;10;3;0
4217402;10;4;0
4217402;15;1;248
4217402;15;2;469
4217402;15;3;48
4217402;15;4;0
4217402;18;1;71
4217402;18;2;206
4217402;18;3;220
4217402;18;4;9
4217402;20;1;159
4217402;20;2;426
4217402;20;3;771
4217402;20;4;113
4217402;25;1;178
4217402;25;2;514
4217402;25;3;739
4217402;25;4;162
4217402;30;1;330
4217402;30;2;382
4217402;30;3;562
4217402;30;4;156
4217402;35;1;382
4217402;35;2;357
4217402;35;3;398
4217402;35;4;154
4217402;40;1;449
4217402;40;2;335
4217402;40;3;340
4217402;40;4;50
4217402;45;1;518
4217402;45;2;259
4217402;45;3;148
4217402;45;4;47
4217402;50;1;460
4217402;50;2;160
4217402;50;3;83
4217402;50;4;34
4217402;55;1;438
4217402;55;2;80
4217402;55;3;42
4217402;55;4;12
4217402;60;1;625
4217402;60;2;37
4217402;60;3;29
4217402;60;4;16
4217402;70;1;515
4217402;70;2;19
4217402;70;3;3
4217402;70;4;0
4217600;10;1;962
4217600;10;2;107
4217600;10;3;0
4217600;10;4;0
4217600;15;1;193
4217600;15;2;398
4217600;15;3;47
4217600;15;4;5
4217600;18;1;92
4217600;18;2;128
4217600;18;3;230
4217600;18;4;0
4217600;20;1;122
4217600;20;2;278
4217600;20;3;714
4217600;20;4;60
4217600;25;1;223
4217600;25;2;248
4217600;25;3;501
4217600;25;4;143
4217600;30;1;271
4217600;30;2;164
4217600;30;3;411
4217600;30;4;116
4217600;35;1;405
4217600;35;2;153
4217600;35;3;200
4217600;35;4;72
4217600;40;1;453
4217600;40;2;190
4217600;40;3;208
4217600;40;4;73
4217600;45;1;550
4217600;45;2;197
4217600;45;3;196
4217600;45;4;96
4217600;50;1;566
4217600;50;2;169
4217600;50;3;165
4217600;50;4;29
4217600;55;1;462
4217600;55;2;81
4217600;55;3;128
4217600;55;4;17
4217600;60;1;602
4217600;60;2;102
4217600;60;3;82
4217600;60;4;28
4217600;70;1;575
4217600;70;2;50
4217600;70;3;34
4217600;70;4;21
4218350;10;1;251
4218350;10;2;22
4218350;10;3;0
4218350;10;4;0
4218350;15;1;41
4218350;15;2;78
4218350;15;3;16
4218350;15;4;1
4218350;18;1;21
4218350;18;2;20
4218350;18;3;84
4218350;18;4;14
4218350;20;1;24
4218350;20;2;70
4218350;20;3;175
4218350;20;4;45
4218350;25;1;49
4218350;25;2;80
4218350;25;3;135
4218350;25;4;26
4218350;30;1;105
4218350;30;2;43
4218350;30;3;118
4218350;30;4;16
4218350;35;1;102
4218350;35;2;86
4218350;35;3;74
4218350;35;4;16
4218350;40;1;142
4218350;40;2;47
4218350;40;3;60
4218350;40;4;25
4218350;45;1;184
4218350;45;2;54
4218350;45;3;36
4218350;45;4;9
4218350;50;1;138
4218350;50;2;51
4218350;50;3;28
4218350;50;4;8
4218350;55;1;133
4218350;55;2;31
4218350;55;3;11
4218350;55;4;9
4218350;60;1;205
4218350;60;2;26
4218350;60;3;12
4218350;60;4;0
4218350;70;1;203
4218350;70;2;6
4218350;70;3;0
4218350;70;4;0
4218707;10;1;6410
4218707;10;2;415
4218707;10;3;10
4218707;10;4;0
4218707;15;1;1329
4218707;15;2;3029
4218707;15;3;327
4218707;15;4;8
4218707;18;1;519
4218707;18;2;987
4218707;18;3;1680
4218707;18;4;43
4218707;20;1;1029
4218707;20;2;1901
4218707;20;3;5060
4218707;20;4;774
4218707;25;1;1365
4218707;25;2;1593
4218707;25;3;4036
4218707;25;4;1937
4218707;30;1;1852
4218707;30;2;1514
4218707;30;3;2798
4218707;30;4;1638
4218707;35;1;1951
4218707;35;2;1244
4218707;35;3;2170
4218707;35;4;1188
4218707;40;1;2538
4218707;40;2;1652
4218707;40;3;1978
4218707;40;4;1021
4218707;45;1;2913
4218707;45;2;1894
4218707;45;3;1804
4218707;45;4;1306
4218707;50;1;2637
4218707;50;2;1436
4218707;50;3;1514
4218707;50;4;690
4218707;55;1;2825
4218707;55;2;1079
4218707;55;3;965
4218707;55;4;620
4218707;60;1;4563
4218707;60;2;1001
4218707;60;3;890
4218707;60;4;602
4218707;70;1;4001
4218707;70;2;390
4218707;70;3;452
4218707;70;4;117
4219002;10;1;1353
4219002;10;2;83
4219002;10;3;6
4219002;10;4;0
4219002;15;1;225
4219002;15;2;531
4219002;15;3;57
4219002;15;4;0
4219002;18;1;93
4219002;18;2;208
4219002;18;3;391
4219002;18;4;0
4219002;20;1;268
4219002;20;2;336
4219002;20;3;1067
4219002;20;4;177
4219002;25;1;346
4219002;25;2;323
4219002;25;3;844
4219002;25;4;309
4219002;30;1;477
4219002;30;2;238
4219002;30;3;560
4219002;30;4;221
4219002;35;1;548
4219002;35;2;206
4219002;35;3;427
4219002;35;4;185
4219002;40;1;793
4219002;40;2;286
4219002;40;3;272
4219002;40;4;187
4219002;45;1;868
4219002;45;2;301
4219002;45;3;303
4219002;45;4;156
4219002;50;1;836
4219002;50;2;302
4219002;50;3;208
4219002;50;4;96
4219002;55;1;821
4219002;55;2;120
4219002;55;3;158
4219002;55;4;35
4219002;60;1;1158
4219002;60;2;114
4219002;60;3;116
4219002;60;4;71
4219002;70;1;1159
4219002;70;2;49
4219002;70;3;49
4219002;70;4;22
4220000;10;1;0
4220000;10;2;0
4220000;10;3;0
4220000;10;4;0
4220000;15;1;0
4220000;15;2;0
4220000;15;3;0
4220000;15;4;0
4220000;18;1;0
4220000;18;2;0
4220000;18;3;0
4220000;18;4;0
4220000;20;1;0
4220000;20;2;0
4220000;20;3;0
4220000;20;4;0
4220000;25;1;0
4220000;25;2;0
4220000;25;3;0
4220000;25;4;0
4220000;30;1;0
4220000;30;2;0
4220000;30;3;0
4220000;30;4;0
4220000;35;1;0
4220000;35;2;0
4220000;35;3;0
4220000;35;4;0
4220000;40;1;0
4220000;40;2;0
4220000;40;3;0
4220000;40;4;0
4220000;45;1;0
4220000;45;2;0
4220000;45;3;0
4220000;45;4;0
4220000;50;1;0
4220000;50;2;0
4220000;50;3;0
4220000;50;4;0
4220000;55;1;0
4220000;55;2;0
4220000;55;3;0
4220000;55;4;0
4220000;60;1;0
4220000;60;2;0
4220000;60;3;0
4220000;60;4;0
4220000;70;1;0
4220000;70;2;0
4220000;70;3;0
4220000;70;4;0
4300034;10;1;404
4300034;10;2;17
4300034;10;3;0
4300034;10;4;0
4300034;15;1;91
4300034;15;2;119
4300034;15;3;8
4300034;15;4;0
4300034;18;1;58
4300034;18;2;50
4300034;18;3;33
4300034;18;4;4
4300034;20;1;117
4300034;20;2;69
4300034;20;3;103
4300034;20;4;16
4300034;25;1;144
4300034;25;2;43
4300034;25;3;91
4300034;25;4;37
4300034;30;1;146
4300034;30;2;81
4300034;30;3;62
4300034;30;4;8
4300034;35;1;245
4300034;35;2;34
4300034;35;3;34
4300034;35;4;18
4300034;40;1;222
4300034;40;2;67
4300034;40;3;27
4300034;40;4;16
4300034;45;1;161
4300034;45;2;105
4300034;45;3;20
4300034;45;4;10
4300034;50;1;201
4300034;50;2;30
4300034;50;3;28
4300034;50;4;11
4300034;55;1;180
4300034;55;2;22
4300034;55;3;20
4300034;55;4;14
4300034;60;1;244
4300034;60;2;55
4300034;60;3;16
4300034;60;4;16
4300034;70;1;229
4300034;70;2;12
4300034;70;3;11
4300034;70;4;0
4300604;10;1;19331
4300604;10;2;404
4300604;10;3;31
4300604;10;4;0
4300604;15;1;5718
4300604;15;2;4608
4300604;15;3;463
4300604;15;4;9
4300604;18;1;2230
4300604;18;2;2694
4300604;18;3;2172
4300604;18;4;64
4300604;20;1;4122
4300604;20;2;4753
4300604;20;3;7061
4300604;20;4;400
4300604;25;1;4402
4300604;25;2;4330
4300604;25;3;7344
4300604;25;4;547
4300604;30;1;4809
4300604;30;2;3654
4300604;30;3;6179
4300604;30;4;650
4300604;35;1;5239
4300604;35;2;3478
4300604;35;3;4555
4300604;35;4;561
4300604;40;1;5911
4300604;40;2;3186
4300604;40;3;4037
4300604;40;4;424
4300604;45;1;6436
4300604;45;2;3078
4300604;45;3;2758
4300604;45;4;415
4300604;50;1;5809
4300604;50;2;2708
4300604;50;3;2319
4300604;50;4;214
4300604;55;1;5550
4300604;55;2;1672
4300604;55;3;1194
4300604;55;4;174
4300604;60;1;7915
4300604;60;2;1781
4300604;60;3;1069
4300604;60;4;120
4300604;70;1;5757
4300604;70;2;639
4300604;70;3;239
4300604;70;4;70
4300877;10;1;434
4300877;10;2;6
4300877;10;3;0
4300877;10;4;0
4300877;15;1;62
4300877;15;2;150
4300877;15;3;11
4300877;15;4;0
4300877;18;1;40
4300877;18;2;66
4300877;18;3;45
4300877;18;4;0
4300877;20;1;150
4300877;20;2;131
4300877;20;3;104
4300877;20;4;3
4300877;25;1;187
4300877;25;2;114
4300877;25;3;112
4300877;25;4;0
4300877;30;1;204
4300877;30;2;40
4300877;30;3;118
4300877;30;4;22
4300877;35;1;245
4300877;35;2;52
4300877;35;3;35
4300877;35;4;12
4300877;40;1;272
4300877;40;2;65
4300877;40;3;41
4300877;40;4;6
4300877;45;1;259
4300877;45;2;62
4300877;45;3;10
4300877;45;4;12
4300877;50;1;242
4300877;50;2;17
4300877;50;3;17
4300877;50;4;6
4300877;55;1;192
4300877;55;2;13
4300877;55;3;19
4300877;55;4;3
4300877;60;1;293
4300877;60;2;16
4300877;60;3;12
4300877;60;4;5
4300877;70;1;201
4300877;70;2;14
4300877;70;3;8
4300877;70;4;0
4301008;10;1;1310
4301008;10;2;22
4301008;10;3;0
4301008;10;4;0
4301008;15;1;177
4301008;15;2;699
4301008;15;3;27
4301008;15;4;0
4301008;18;1;75
4301008;18;2;165
4301008;18;3;360
4301008;18;4;0
4301008;20;1;272
4301008;20;2;332
4301008;20;3;970
4301008;20;4;28
4301008;25;1;337
4301008;25;2;331
4301008;25;3;711
4301008;25;4;154
4301008;30;1;476
4301008;30;2;312
4301008;30;3;448
4301008;30;4;146
4301008;35;1;474
4301008;35;2;314
4301008;35;3;421
4301008;35;4;133
4301008;40;1;747
4301008;40;2;282
4301008;40;3;333
4301008;40;4;101
4301008;45;1;838
4301008;45;2;300
4301008;45;3;320
4301008;45;4;74
4301008;50;1;789
4301008;50;2;319
4301008;50;3;168
4301008;50;4;55
4301008;55;1;788
4301008;55;2;120
4301008;55;3;130
4301008;55;4;39
4301008;60;1;1206
4301008;60;2;120
4301008;60;3;82
4301008;60;4;53
4301008;70;1;1150
4301008;70;2;63
4301008;70;3;32
4301008;70;4;15
4301073;10;1;189
4301073;10;2;10
4301073;10;3;0
4301073;10;4;0
4301073;15;1;39
4301073;15;2;65
4301073;15;3;10
4301073;15;4;0
4301073;18;1;26
4301073;18;2;50
4301073;18;3;18
4301073;18;4;0
4301073;20;1;49
4301073;20;2;70
4301073;20;3;73
4301073;20;4;12
4301073;25;1;107
4301073;25;2;46
4301073;25;3;52
4301073;25;4;25
4301073;30;1;154
4301073;30;2;34
4301073;30;3;18
4301073;30;4;0
4301073;35;1;148
4301073;35;2;42
4301073;35;3;11
4301073;35;4;3
4301073;40;1;117
4301073;40;2;13
4301073;40;3;10
4301073;40;4;0
4301073;45;1;128
4301073;45;2;9
4301073;45;3;28
4301073;45;4;7
4301073;50;1;152
4301073;50;2;22
4301073;50;3;3
4301073;50;4;3
4301073;55;1;143
4301073;55;2;3
4301073;55;3;4
4301073;55;4;7
4301073;60;1;282
4301073;60;2;0
4301073;60;3;2
4301073;60;4;0
4301073;70;1;239
4301073;70;2;3
4301073;70;3;0
4301073;70;4;0
4301602;10;1;9377
4301602;10;2;366
4301602;10;3;0
4301602;10;4;0
4301602;15;1;2601
4301602;15;2;3040
4301602;15;3;366
4301602;15;4;0
4301602;18;1;1150
4301602;18;2;1570
4301602;18;3;1168
4301602;18;4;11
4301602;20;1;2285
4301602;20;2;2466
4301602;20;3;4143
4301602;20;4;395
4301602;25;1;2404
4301602;25;2;1887
4301602;25;3;3890
4301602;25;4;1005
4301602;30;1;2324
4301602;30;2;1675
4301602;30;3;3065
4301602;30;4;1020
4301602;35;1;2790
4301602;35;2;1601
4301602;35;3;2494
4301602;35;4;920
4301602;40;1;3437
4301602;40;2;1403
4301602;40;3;2101
4301602;40;4;1038
4301602;45;1;3403
4301602;45;2;1424
4301602;45;3;2246
4301602;45;4;1245
4301602;50;1;3145
4301602;50;2;1282
4301602;50;3;1631
4301602;50;4;1017
4301602;55;1;3156
4301602;55;2;1156
4301602;55;3;1191
4301602;55;4;722
4301602;60;1;5390
4301602;60;2;1415
4301602;60;3;1313
4301602;60;4;1028
4301602;70;1;5900
4301602;70;2;916
4301602;70;3;716
4301602;70;4;503
4302105;10;1;6793
4302105;10;2;347
4302105;10;3;38
4302105;10;4;0
4302105;15;1;1540
4302105;15;2;2306
4302105;15;3;288
4302105;15;4;27
4302105;18;1;572
4302105;18;2;1368
4302105;18;3;1554
4302105;18;4;79
4302105;20;1;1645
4302105;20;2;2274
4302105;20;3;5272
4302105;20;4;660
4302105;25;1;1724
4302105;25;2;1873
4302105;25;3;5203
4302105;25;4;1823
4302105;30;1;2134
4302105;30;2;1706
4302105;30;3;3521
4302105;30;4;1772
4302105;35;1;2539
4302105;35;2;1388
4302105;35;3;2431
4302105;35;4;1397
4302105;40;1;3434
4302105;40;2;1479
4302105;40;3;2307
4302105;40;4;937
4302105;45;1;3745
4302105;45;2;1418
4302105;45;3;1871
4302105;45;4;1072
4302105;50;1;3395
4302105;50;2;1589
4302105;50;3;1471
4302105;50;4;786
4302105;55;1;3180
4302105;55;2;766
4302105;55;3;999
4302105;55;4;659
4302105;60;1;5107
4302105;60;2;840
4302105;60;3;878
4302105;60;4;722
4302105;70;1;4841
4302105;70;2;522
4302105;70;3;356
4302105;70;4;212
4302402;10;1;866
4302402;10;2;45
4302402;10;3;0
4302402;10;4;0
4302402;15;1;164
4302402;15;2;381
4302402;15;3;25
4302402;15;4;0
4302402;18;1;61
4302402;18;2;210
4302402;18;3;112
4302402;18;4;6
4302402;20;1;149
4302402;20;2;271
4302402;20;3;490
4302402;20;4;20
4302402;25;1;276
4302402;25;2;243
4302402;25;3;377
4302402;25;4;56
4302402;30;1;265
4302402;30;2;180
4302402;30;3;271
4302402;30;4;63
4302402;35;1;395
4302402;35;2;199
4302402;35;3;175
4302402;35;4;43
4302402;40;1;458
4302402;40;2;190
4302402;40;3;179
4302402;40;4;24
4302402;45;1;510
4302402;45;2;200
4302402;45;3;111
4302402;45;4;23
4302402;50;1;569
4302402;50;2;116
4302402;50;3;83
4302402;50;4;35
4302402;55;1;391
4302402;55;2;139
4302402;55;3;60
4302402;55;4;17
4302402;60;1;645
4302402;60;2;91
4302402;60;3;68
4302402;60;4;59
4302402;70;1;578
4302402;70;2;45
4302402;70;3;68
4302402;70;4;5
4303103;10;1;9449
4303103;10;2;461
4303103;10;3;29
4303103;10;4;0
4303103;15;1;1867
4303103;15;2;3514
4303103;15;3;300
4303103;15;4;10
4303103;18;1;697
4303103;18;2;1508
4303103;18;3;1507
4303103;18;4;39
4303103;20;1;1455
4303103;20;2;2363
4303103;20;3;5760
4303103;20;4;314
4303103;25;1;1555
4303103;25;2;2158
4303103;25;3;5928
4303103;25;4;914
4303103;30;1;1839
4303103;30;2;1837
4303103;30;3;5177
4303103;30;4;906
4303103;35;1;2176
4303103;35;2;1660
4303103;35;3;4028
4303103;35;4;801
4303103;40;1;2529
4303103;40;2;1842
4303103;40;3;3744
4303103;40;4;686
4303103;45;1;3149
4303103;45;2;1612
4303103;45;3;3081
4303103;45;4;704
4303103;50;1;3152
4303103;50;2;1723
4303103;50;3;2021
4303103;50;4;433
4303103;55;1;3249
4303103;55;2;1459
4303103;55;3;1177
4303103;55;4;216
4303103;60;1;5396
4303103;60;2;1093
4303103;60;3;884
4303103;60;4;208
4303103;70;1;4218
4303103;70;2;479
4303103;70;3;402
4303103;70;4;53
4303905;10;1;4729
4303905;10;2;178
4303905;10;3;0
4303905;10;4;0
4303905;15;1;974
4303905;15;2;1803
4303905;15;3;78
4303905;15;4;0
4303905;18;1;498
4303905;18;2;809
4303905;18;3;819
4303905;18;4;11
4303905;20;1;1009
4303905;20;2;1618
4303905;20;3;2506
4303905;20;4;112
4303905;25;1;1390
4303905;25;2;1477
4303905;25;3;2345
4303905;25;4;364
4303905;30;1;1753
4303905;30;2;1013
4303905;30;3;1639
4303905;30;4;387
4303905;35;1;2179
4303905;35;2;863
4303905;35;3;1178
4303905;35;4;326
4303905;40;1;2657
4303905;40;2;841
4303905;40;3;998
4303905;40;4;321
4303905;45;1;2707
4303905;45;2;994
4303905;45;3;784
4303905;45;4;197
4303905;50;1;2371
4303905;50;2;711
4303905;50;3;566
4303905;50;4;112
4303905;55;1;2001
4303905;55;2;608
4303905;55;3;402
4303905;55;4;137
4303905;60;1;2732
4303905;60;2;306
4303905;60;3;272
4303905;60;4;83
4303905;70;1;2109
4303905;70;2;219
4303905;70;3;49
4303905;70;4;62
4304358;10;1;785
4304358;10;2;51
4304358;10;3;0
4304358;10;4;0
4304358;15;1;291
4304358;15;2;206
4304358;15;3;12
4304358;15;4;0
4304358;18;1;126
4304358;18;2;91
4304358;18;3;73
4304358;18;4;0
4304358;20;1;228
4304358;20;2;252
4304358;20;3;219
4304358;20;4;25
4304358;25;1;237
4304358;25;2;192
4304358;25;3;272
4304358;25;4;22
4304358;30;1;220
4304358;30;2;194
4304358;30;3;173
4304358;30;4;45
4304358;35;1;285
4304358;35;2;154
4304358;35;3;107
4304358;35;4;30
4304358;40;1;348
4304358;40;2;174
4304358;40;3;120
4304358;40;4;27
4304358;45;1;320
4304358;45;2;143
4304358;45;3;124
4304358;45;4;41
4304358;50;1;289
4304358;50;2;154
4304358;50;3;85
4304358;50;4;11
4304358;55;1;298
4304358;55;2;56
4304358;55;3;34
4304358;55;4;26
4304358;60;1;358
4304358;60;2;59
4304358;60;3;11
4304358;60;4;9
4304358;70;1;237
4304358;70;2;46
4304358;70;3;10
4304358;70;4;0
4304606;10;1;25835
4304606;10;2;1162
4304606;10;3;29
4304606;10;4;0
4304606;15;1;6767
4304606;15;2;7707
4304606;15;3;806
4304606;15;4;11
4304606;18;1;2421
4304606;18;2;4185
4304606;18;3;3771
4304606;18;4;132
4304606;20;1;5357
4304606;20;2;6452
4304606;20;3;13812
4304606;20;4;1375
4304606;25;1;5265
4304606;25;2;5347
4304606;25;3;14710
4304606;25;4;3439
4304606;30;1;6412
4304606;30;2;4718
4304606;30;3;11659
4304606;30;4;3594
4304606;35;1;6284
4304606;35;2;4447
4304606;35;3;9092
4304606;35;4;2530
4304606;40;1;7445
4304606;40;2;4723
4304606;40;3;7416
4304606;40;4;2762
4304606;45;1;8685
4304606;45;2;4676
4304606;45;3;6876
4304606;45;4;2388
4304606;50;1;8686
4304606;50;2;4597
4304606;50;3;5193
4304606;50;4;2201
4304606;55;1;8290
4304606;55;2;3041
4304606;55;3;3820
4304606;55;4;1572
4304606;60;1;13100
4304606;60;2;3958
4304606;60;3;3002
4304606;60;4;1529
4304606;70;1;11494
4304606;70;2;1929
4304606;70;3;1457
4304606;70;4;427
4304663;10;1;2097
4304663;10;2;128
4304663;10;3;0
4304663;10;4;0
4304663;15;1;742
4304663;15;2;596
4304663;15;3;20
4304663;15;4;0
4304663;18;1;300
4304663;18;2;285
4304663;18;3;105
4304663;18;4;37
4304663;20;1;755
4304663;20;2;476
4304663;20;3;622
4304663;20;4;45
4304663;25;1;686
4304663;25;2;528
4304663;25;3;664
4304663;25;4;90
4304663;30;1;882
4304663;30;2;334
4304663;30;3;457
4304663;30;4;67
4304663;35;1;888
4304663;35;2;311
4304663;35;3;329
4304663;35;4;55
4304663;40;1;1100
4304663;40;2;223
4304663;40;3;293
4304663;40;4;31
4304663;45;1;1172
4304663;45;2;247
4304663;45;3;201
4304663;45;4;58
4304663;50;1;1183
4304663;50;2;176
4304663;50;3;186
4304663;50;4;44
4304663;55;1;955
4304663;55;2;141
4304663;55;3;106
4304663;55;4;72
4304663;60;1;1342
4304663;60;2;149
4304663;60;3;102
4304663;60;4;34
4304663;70;1;996
4304663;70;2;58
4304663;70;3;50
4304663;70;4;20
4304689;10;1;1084
4304689;10;2;11
4304689;10;3;0
4304689;10;4;0
4304689;15;1;393
4304689;15;2;244
4304689;15;3;8
4304689;15;4;0
4304689;18;1;122
4304689;18;2;150
4304689;18;3;108
4304689;18;4;0
4304689;20;1;319
4304689;20;2;226
4304689;20;3;323
4304689;20;4;16
4304689;25;1;360
4304689;25;2;217
4304689;25;3;313
4304689;25;4;36
4304689;30;1;473
4304689;30;2;149
4304689;30;3;187
4304689;30;4;27
4304689;35;1;527
4304689;35;2;146
4304689;35;3;121
4304689;35;4;22
4304689;40;1;531
4304689;40;2;162
4304689;40;3;111
4304689;40;4;22
4304689;45;1;661
4304689;45;2;127
4304689;45;3;71
4304689;45;4;25
4304689;50;1;503
4304689;50;2;117
4304689;50;3;57
4304689;50;4;31
4304689;55;1;444
4304689;55;2;42
4304689;55;3;43
4304689;55;4;17
4304689;60;1;665
4304689;60;2;57
4304689;60;3;15
4304689;60;4;15
4304689;70;1;512
4304689;70;2;19
4304689;70;3;14
4304689;70;4;10
4304804;10;1;1454
4304804;10;2;157
4304804;10;3;0
4304804;10;4;0
4304804;15;1;269
4304804;15;2;784
4304804;15;3;128
4304804;15;4;0
4304804;18;1;70
4304804;18;2;213
4304804;18;3;397
4304804;18;4;0
4304804;20;1;159
4304804;20;2;470
4304804;20;3;1544
4304804;20;4;80
4304804;25;1;277
4304804;25;2;435
4304804;25;3;1439
4304804;25;4;222
4304804;30;1;411
4304804;30;2;406
4304804;30;3;940
4304804;30;4;437
4304804;35;1;644
4304804;35;2;393
4304804;35;3;651
4304804;35;4;250
4304804;40;1;860
4304804;40;2;577
4304804;40;3;393
4304804;40;4;178
4304804;45;1;1040
4304804;45;2;431
4304804;45;3;364
4304804;45;4;191
4304804;50;1;1071
4304804;50;2;337
4304804;50;3;235
4304804;50;4;94
4304804;55;1;824
4304804;55;2;162
4304804;55;3;240
4304804;55;4;79
4304804;60;1;1465
4304804;60;2;150
4304804;60;3;81
4304804;60;4;41
4304804;70;1;1295
4304804;70;2;80
4304804;70;3;50
4304804;70;4;0
4305108;10;1;30930
4305108;10;2;1138
4305108;10;3;58
4305108;10;4;0
4305108;15;1;6058
4305108;15;2;11502
4305108;15;3;1451
4305108;15;4;21
4305108;18;1;2448
4305108;18;2;4752
4305108;18;3;6861
4305108;18;4;206
4305108;20;1;5659
4305108;20;2;9509
4305108;20;3;22912
4305108;20;4;1915
4305108;25;1;6521
4305108;25;2;7965
4305108;25;3;22431
4305108;25;4;6532
4305108;30;1;7862
4305108;30;2;7259
4305108;30;3;15778
4305108;30;4;6758
4305108;35;1;9194
4305108;35;2;6849
4305108;35;3;11951
4305108;35;4;5005
4305108;40;1;10841
4305108;40;2;6376
4305108;40;3;9798
4305108;40;4;4283
4305108;45;1;11039
4305108;45;2;6533
4305108;45;3;9242
4305108;45;4;4450
4305108;50;1;11683
4305108;50;2;5320
4305108;50;3;6572
4305108;50;4;3768
4305108;55;1;11505
4305108;55;2;3779
4305108;55;3;4344
4305108;55;4;2360
4305108;60;1;16255
4305108;60;2;3923
4305108;60;3;3680
4305108;60;4;2963
4305108;70;1;16129
4305108;70;2;1910
4305108;70;3;1517
4305108;70;4;863
4306205;10;1;896
4306205;10;2;62
4306205;10;3;0
4306205;10;4;0
4306205;15;1;216
4306205;15;2;346
4306205;15;3;39
4306205;15;4;0
4306205;18;1;78
4306205;18;2;126
4306205;18;3;139
4306205;18;4;6
4306205;20;1;227
4306205;20;2;222
4306205;20;3;431
4306205;20;4;32
4306205;25;1;246
4306205;25;2;206
4306205;25;3;423
4306205;25;4;64
4306205;30;1;366
4306205;30;2;141
4306205;30;3;266
4306205;30;4;75
4306205;35;1;490
4306205;35;2;177
4306205;35;3;172
4306205;35;4;55
4306205;40;1;521
4306205;40;2;186
4306205;40;3;145
4306205;40;4;30
4306205;45;1;610
4306205;45;2;170
4306205;45;3;131
4306205;45;4;42
4306205;50;1;543
4306205;50;2;176
4306205;50;3;73
4306205;50;4;20
4306205;55;1;604
4306205;55;2;87
4306205;55;3;73
4306205;55;4;16
4306205;60;1;878
4306205;60;2;120
4306205;60;3;51
4306205;60;4;54
4306205;70;1;813
4306205;70;2;48
4306205;70;3;14
4306205;70;4;6
4306403;10;1;1944
4306403;10;2;47
4306403;10;3;0
4306403;10;4;0
4306403;15;1;596
4306403;15;2;709
4306403;15;3;62
4306403;15;4;0
4306403;18;1;218
4306403;18;2;287
4306403;18;3;281
4306403;18;4;13
4306403;20;1;493
4306403;20;2;774
4306403;20;3;1285
4306403;20;4;43
4306403;25;1;560
4306403;25;2;674
4306403;25;3;1390
4306403;25;4;230
4306403;30;1;682
4306403;30;2;625
4306403;30;3;896
4306403;30;4;285
4306403;35;1;1047
4306403;35;2;543
4306403;35;3;543
4306403;35;4;171
4306403;40;1;1201
4306403;40;2;447
4306403;40;3;434
4306403;40;4;236
4306403;45;1;1076
4306403;45;2;605
4306403;45;3;332
4306403;45;4;125
4306403;50;1;935
4306403;50;2;384
4306403;50;3;290
4306403;50;4;49
4306403;55;1;838
4306403;55;2;176
4306403;55;3;120
4306403;55;4;46
4306403;60;1;1098
4306403;60;2;112
4306403;60;3;141
4306403;60;4;78
4306403;70;1;755
4306403;70;2;54
4306403;70;3;74
4306403;70;4;57
4306767;10;1;3158
4306767;10;2;158
4306767;10;3;0
4306767;10;4;0
4306767;15;1;882
4306767;15;2;953
4306767;15;3;81
4306767;15;4;0
4306767;18;1;241
4306767;18;2;523
4306767;18;3;402
4306767;18;4;0
4306767;20;1;562
4306767;20;2;914
4306767;20;3;1158
4306767;20;4;47
4306767;25;1;656
4306767;25;2;757
4306767;25;3;1418
4306767;25;4;110
4306767;30;1;837
4306767;30;2;625
4306767;30;3;1077
4306767;30;4;172
4306767;35;1;995
4306767;35;2;551
4306767;35;3;833
4306767;35;4;106
4306767;40;1;1082
4306767;40;2;431
4306767;40;3;717
4306767;40;4;150
4306767;45;1;1234
4306767;45;2;494
4306767;45;3;551
4306767;45;4;54
4306767;50;1;1147
4306767;50;2;500
4306767;50;3;383
4306767;50;4;93
4306767;55;1;791
4306767;55;2;397
4306767;55;3;265
4306767;55;4;60
4306767;60;1;1421
4306767;60;2;289
4306767;60;3;248
4306767;60;4;69
4306767;70;1;952
4306767;70;2;125
4306767;70;3;149
4306767;70;4;50
4307609;10;1;3356
4307609;10;2;145
4307609;10;3;0
4307609;10;4;0
4307609;15;1;673
4307609;15;2;1274
4307609;15;3;101
4307609;15;4;0
4307609;18;1;274
4307609;18;2;581
4307609;18;3;679
4307609;18;4;9
4307609;20;1;747
4307609;20;2;931
4307609;20;3;1809
4307609;20;4;122
4307609;25;1;1053
4307609;25;2;792
4307609;25;3;1760
4307609;25;4;216
4307609;30;1;1210
4307609;30;2;801
4307609;30;3;1159
4307609;30;4;288
4307609;35;1;1459
4307609;35;2;644
4307609;35;3;919
4307609;35;4;250
4307609;40;1;1934
4307609;40;2;743
4307609;40;3;746
4307609;40;4;166
4307609;45;1;1867
4307609;45;2;594
4307609;45;3;638
4307609;45;4;219
4307609;50;1;1583
4307609;50;2;505
4307609;50;3;510
4307609;50;4;165
4307609;55;1;1112
4307609;55;2;412
4307609;55;3;300
4307609;55;4;89
4307609;60;1;1787
4307609;60;2;276
4307609;60;3;207
4307609;60;4;112
4307609;70;1;1356
4307609;70;2;116
4307609;70;3;60
4307609;70;4;49
4307708;10;1;6146
4307708;10;2;286
4307708;10;3;11
4307708;10;4;0
4307708;15;1;1721
4307708;15;2;1872
4307708;15;3;199
4307708;15;4;0
4307708;18;1;665
4307708;18;2;1045
4307708;18;3;951
4307708;18;4;36
4307708;20;1;1280
4307708;20;2;1633
4307708;20;3;3570
4307708;20;4;232
4307708;25;1;1384
4307708;25;2;1230
4307708;25;3;3729
4307708;25;4;629
4307708;30;1;1358
4307708;30;2;1179
4307708;30;3;2888
4307708;30;4;868
4307708;35;1;1595
4307708;35;2;989
4307708;35;3;2035
4307708;35;4;635
4307708;40;1;1813
4307708;40;2;1129
4307708;40;3;2084
4307708;40;4;746
4307708;45;1;1981
4307708;45;2;1073
4307708;45;3;1978
4307708;45;4;651
4307708;50;1;2280
4307708;50;2;1148
4307708;50;3;1694
4307708;50;4;503
4307708;55;1;2219
4307708;55;2;936
4307708;55;3;1286
4307708;55;4;271
4307708;60;1;3375
4307708;60;2;989
4307708;60;3;969
4307708;60;4;407
4307708;70;1;3259
4307708;70;2;479
4307708;70;3;266
4307708;70;4;109
4307807;10;1;2176
4307807;10;2;65
4307807;10;3;9
4307807;10;4;0
4307807;15;1;403
4307807;15;2;827
4307807;15;3;59
4307807;15;4;0
4307807;18;1;247
4307807;18;2;348
4307807;18;3;441
4307807;18;4;0
4307807;20;1;378
4307807;20;2;755
4307807;20;3;1442
4307807;20;4;77
4307807;25;1;489
4307807;25;2;625
4307807;25;3;1299
4307807;25;4;353
4307807;30;1;790
4307807;30;2;422
4307807;30;3;781
4307807;30;4;305
4307807;35;1;829
4307807;35;2;345
4307807;35;3;694
4307807;35;4;247
4307807;40;1;994
4307807;40;2;406
4307807;40;3;549
4307807;40;4;229
4307807;45;1;1028
4307807;45;2;340
4307807;45;3;641
4307807;45;4;271
4307807;50;1;1009
4307807;50;2;392
4307807;50;3;554
4307807;50;4;189
4307807;55;1;1082
4307807;55;2;259
4307807;55;3;211
4307807;55;4;175
4307807;60;1;1419
4307807;60;2;344
4307807;60;3;240
4307807;60;4;185
4307807;70;1;1651
4307807;70;2;162
4307807;70;3;75
4307807;70;4;156
4307906;10;1;4595
4307906;10;2;165
4307906;10;3;0
4307906;10;4;0
4307906;15;1;994
4307906;15;2;1739
4307906;15;3;255
4307906;15;4;0
4307906;18;1;297
4307906;18;2;615
4307906;18;3;1068
4307906;18;4;28
4307906;20;1;965
4307906;20;2;1108
4307906;20;3;3406
4307906;20;4;268
4307906;25;1;1054
4307906;25;2;790
4307906;25;3;3123
4307906;25;4;920
4307906;30;1;1239
4307906;30;2;930
4307906;30;3;2069
4307906;30;4;769
4307906;35;1;1743
4307906;35;2;895
4307906;35;3;1635
4307906;35;4;575
4307906;40;1;2121
4307906;40;2;1119
4307906;40;3;1281
4307906;40;4;537
4307906;45;1;2433
4307906;45;2;992
4307906;45;3;1227
4307906;45;4;461
4307906;50;1;2128
4307906;50;2;939
4307906;50;3;868
4307906;50;4;343
4307906;55;1;1915
4307906;55;2;487
4307906;55;3;371
4307906;55;4;191
4307906;60;1;2830
4307906;60;2;395
4307906;60;3;387
4307906;60;4;262
4307906;70;1;2536
4307906;70;2;286
4307906;70;3;111
4307906;70;4;98
4308078;10;1;298
4308078;10;2;12
4308078;10;3;0
4308078;10;4;0
4308078;15;1;106
4308078;15;2;72
4308078;15;3;12
4308078;15;4;0
4308078;18;1;32
4308078;18;2;46
4308078;18;3;51
4308078;18;4;0
4308078;20;1;68
4308078;20;2;91
4308078;20;3;138
4308078;20;4;4
4308078;25;1;101
4308078;25;2;38
4308078;25;3;106
4308078;25;4;15
4308078;30;1;116
4308078;30;2;50
4308078;30;3;59
4308078;30;4;21
4308078;35;1;179
4308078;35;2;60
4308078;35;3;49
4308078;35;4;6
4308078;40;1;162
4308078;40;2;33
4308078;40;3;34
4308078;40;4;9
4308078;45;1;207
4308078;45;2;42
4308078;45;3;6
4308078;45;4;0
4308078;50;1;189
4308078;50;2;30
4308078;50;3;30
4308078;50;4;7
4308078;55;1;140
4308078;55;2;15
4308078;55;3;3
4308078;55;4;0
4308078;60;1;269
4308078;60;2;13
4308078;60;3;20
4308078;60;4;16
4308078;70;1;189
4308078;70;2;9
4308078;70;3;4
4308078;70;4;5
4308433;10;1;150
4308433;10;2;4
4308433;10;3;0
4308433;10;4;0
4308433;15;1;38
4308433;15;2;63
4308433;15;3;0
4308433;15;4;0
4308433;18;1;0
4308433;18;2;33
4308433;18;3;20
4308433;18;4;0
4308433;20;1;15
4308433;20;2;70
4308433;20;3;64
4308433;20;4;4
4308433;25;1;52
4308433;25;2;52
4308433;25;3;42
4308433;25;4;0
4308433;30;1;92
4308433;30;2;21
4308433;30;3;43
4308433;30;4;0
4308433;35;1;91
4308433;35;2;39
4308433;35;3;7
4308433;35;4;3
4308433;40;1;103
4308433;40;2;57
4308433;40;3;7
4308433;40;4;4
4308433;45;1;149
4308433;45;2;27
4308433;45;3;24
4308433;45;4;0
4308433;50;1;172
4308433;50;2;27
4308433;50;3;4
4308433;50;4;0
4308433;55;1;218
4308433;55;2;13
4308433;55;3;0
4308433;55;4;0
4308433;60;1;274
4308433;60;2;39
4308433;60;3;3
4308433;60;4;0
4308433;70;1;262
4308433;70;2;9
4308433;70;3;0
4308433;70;4;0
4308607;10;1;1877
4308607;10;2;105
4308607;10;3;0
4308607;10;4;0
4308607;15;1;386
4308607;15;2;707
4308607;15;3;164
4308607;15;4;0
4308607;18;1;237
4308607;18;2;306
4308607;18;3;483
4308607;18;4;0
4308607;20;1;422
4308607;20;2;582
4308607;20;3;1645
4308607;20;4;148
4308607;25;1;566
4308607;25;2;526
4308607;25;3;1257
4308607;25;4;463
4308607;30;1;634
4308607;30;2;616
4308607;30;3;751
4308607;30;4;493
4308607;35;1;972
4308607;35;2;407
4308607;35;3;603
4308607;35;4;249
4308607;40;1;988
4308607;40;2;432
4308607;40;3;614
4308607;40;4;283
4308607;45;1;1076
4308607;45;2;600
4308607;45;3;426
4308607;45;4;301
4308607;50;1;1148
4308607;50;2;503
4308607;50;3;357
4308607;50;4;221
4308607;55;1;1049
4308607;55;2;223
4308607;55;3;388
4308607;55;4;133
4308607;60;1;1551
4308607;60;2;285
4308607;60;3;235
4308607;60;4;187
4308607;70;1;1560
4308607;70;2;94
4308607;70;3;155
4308607;70;4;64
4309050;10;1;542
4309050;10;2;41
4309050;10;3;0
4309050;10;4;0
4309050;15;1;176
4309050;15;2;192
4309050;15;3;24
4309050;15;4;0
4309050;18;1;45
4309050;18;2;71
4309050;18;3;71
4309050;18;4;3
4309050;20;1;114
4309050;20;2;178
4309050;20;3;241
4309050;20;4;6
4309050;25;1;111
4309050;25;2;161
4309050;25;3;219
4309050;25;4;16
4309050;30;1;181
4309050;30;2;110
4309050;30;3;172
4309050;30;4;20
4309050;35;1;222
4309050;35;2;75
4309050;35;3;152
4309050;35;4;23
4309050;40;1;242
4309050;40;2;85
4309050;40;3;88
4309050;40;4;26
4309050;45;1;280
4309050;45;2;89
4309050;45;3;60
4309050;45;4;37
4309050;50;1;317
4309050;50;2;62
4309050;50;3;64
4309050;50;4;14
4309050;55;1;295
4309050;55;2;57
4309050;55;3;26
4309050;55;4;19
4309050;60;1;576
4309050;60;2;27
4309050;60;3;47
4309050;60;4;20
4309050;70;1;386
4309050;70;2;37
4309050;70;3;13
4309050;70;4;8
4309209;10;1;21008
4309209;10;2;1143
4309209;10;3;13
4309209;10;4;0
4309209;15;1;4930
4309209;15;2;6926
4309209;15;3;677
4309209;15;4;7
4309209;18;1;1748
4309209;18;2;3066
4309209;18;3;3500
4309209;18;4;45
4309209;20;1;4139
4309209;20;2;5193
4309209;20;3;11591
4309209;20;4;572
4309209;25;1;4411
4309209;25;2;4897
4309209;25;3;12156
4309209;25;4;1508
4309209;30;1;5271
4309209;30;2;4377
4309209;30;3;9560
4309209;30;4;1630
4309209;35;1;5766
4309209;35;2;3794
4309209;35;3;6947
4309209;35;4;1235
4309209;40;1;6892
4309209;40;2;3565
4309209;40;3;5679
4309209;40;4;1133
4309209;45;1;8132
4309209;45;2;3601
4309209;45;3;4442
4309209;45;4;833
4309209;50;1;7818
4309209;50;2;3880
4309209;50;3;4079
4309209;50;4;766
4309209;55;1;7516
4309209;55;2;3003
4309209;55;3;2348
4309209;55;4;701
4309209;60;1;11548
4309209;60;2;2601
4309209;60;3;1921
4309209;60;4;721
4309209;70;1;8297
4309209;70;2;884
4309209;70;3;801
4309209;70;4;139
4309308;10;1;7929
4309308;10;2;344
4309308;10;3;22
4309308;10;4;0
4309308;15;1;1978
4309308;15;2;2517
4309308;15;3;301
4309308;15;4;0
4309308;18;1;686
4309308;18;2;1233
4309308;18;3;1071
4309308;18;4;21
4309308;20;1;1333
4309308;20;2;2079
4309308;20;3;4414
4309308;20;4;207
4309308;25;1;1427
4309308;25;2;1570
4309308;25;3;4526
4309308;25;4;643
4309308;30;1;1927
4309308;30;2;1524
4309308;30;3;3353
4309308;30;4;536
4309308;35;1;2413
4309308;35;2;1241
4309308;35;3;2472
4309308;35;4;593
4309308;40;1;2546
4309308;40;2;1208
4309308;40;3;2114
4309308;40;4;563
4309308;45;1;3097
4309308;45;2;1489
4309308;45;3;1696
4309308;45;4;450
4309308;50;1;3216
4309308;50;2;1149
4309308;50;3;1508
4309308;50;4;284
4309308;55;1;3083
4309308;55;2;882
4309308;55;3;1068
4309308;55;4;239
4309308;60;1;4204
4309308;60;2;1113
4309308;60;3;801
4309308;60;4;392
4309308;70;1;3687
4309308;70;2;393
4309308;70;3;222
4309308;70;4;79
4309654;10;1;557
4309654;10;2;20
4309654;10;3;0
4309654;10;4;0
4309654;15;1;176
4309654;15;2;182
4309654;15;3;19
4309654;15;4;0
4309654;18;1;55
4309654;18;2;65
4309654;18;3;51
4309654;18;4;0
4309654;20;1;125
4309654;20;2;169
4309654;20;3;165
4309654;20;4;8
4309654;25;1;130
4309654;25;2;151
4309654;25;3;158
4309654;25;4;9
4309654;30;1;218
4309654;30;2;124
4309654;30;3;83
4309654;30;4;15
4309654;35;1;189
4309654;35;2;85
4309654;35;3;72
4309654;35;4;24
4309654;40;1;230
4309654;40;2;94
4309654;40;3;46
4309654;40;4;32
4309654;45;1;319
4309654;45;2;60
4309654;45;3;21
4309654;45;4;17
4309654;50;1;268
4309654;50;2;39
4309654;50;3;31
4309654;50;4;11
4309654;55;1;252
4309654;55;2;48
4309654;55;3;16
4309654;55;4;7
4309654;60;1;345
4309654;60;2;30
4309654;60;3;6
4309654;60;4;2
4309654;70;1;253
4309654;70;2;19
4309654;70;3;6
4309654;70;4;2
4310108;10;1;2545
4310108;10;2;55
4310108;10;3;0
4310108;10;4;0
4310108;15;1;662
4310108;15;2;976
4310108;15;3;62
4310108;15;4;0
4310108;18;1;283
4310108;18;2;333
4310108;18;3;382
4310108;18;4;35
4310108;20;1;872
4310108;20;2;706
4310108;20;3;1184
4310108;20;4;63
4310108;25;1;970
4310108;25;2;665
4310108;25;3;1082
4310108;25;4;208
4310108;30;1;1156
4310108;30;2;644
4310108;30;3;653
4310108;30;4;157
4310108;35;1;1320
4310108;35;2;608
4310108;35;3;399
4310108;35;4;128
4310108;40;1;1655
4310108;40;2;391
4310108;40;3;329
4310108;40;4;158
4310108;45;1;1530
4310108;45;2;430
4310108;45;3;269
4310108;45;4;99
4310108;50;1;1335
4310108;50;2;182
4310108;50;3;166
4310108;50;4;92
4310108;55;1;938
4310108;55;2;247
4310108;55;3;112
4310108;55;4;47
4310108;60;1;1488
4310108;60;2;133
4310108;60;3;43
4310108;60;4;111
4310108;70;1;1174
4310108;70;2;57
4310108;70;3;21
4310108;70;4;10
4310330;10;1;1364
4310330;10;2;72
4310330;10;3;0
4310330;10;4;0
4310330;15;1;389
4310330;15;2;362
4310330;15;3;38
4310330;15;4;0
4310330;18;1;124
4310330;18;2;191
4310330;18;3;233
4310330;18;4;5
4310330;20;1;290
4310330;20;2;278
4310330;20;3;621
4310330;20;4;53
4310330;25;1;331
4310330;25;2;262
4310330;25;3;525
4310330;25;4;178
4310330;30;1;282
4310330;30;2;308
4310330;30;3;410
4310330;30;4;191
4310330;35;1;471
4310330;35;2;192
4310330;35;3;320
4310330;35;4;155
4310330;40;1;534
4310330;40;2;200
4310330;40;3;316
4310330;40;4;84
4310330;45;1;539
4310330;45;2;200
4310330;45;3;308
4310330;45;4;67
4310330;50;1;547
4310330;50;2;271
4310330;50;3;262
4310330;50;4;107
4310330;55;1;594
4310330;55;2;251
4310330;55;3;283
4310330;55;4;132
4310330;60;1;990
4310330;60;2;279
4310330;60;3;316
4310330;60;4;153
4310330;70;1;756
4310330;70;2;150
4310330;70;3;141
4310330;70;4;45
4310538;10;1;400
4310538;10;2;15
4310538;10;3;0
4310538;10;4;0
4310538;15;1;77
4310538;15;2;188
4310538;15;3;9
4310538;15;4;0
4310538;18;1;19
4310538;18;2;55
4310538;18;3;88
4310538;18;4;0
4310538;20;1;67
4310538;20;2;95
4310538;20;3;201
4310538;20;4;14
4310538;25;1;80
4310538;25;2;118
4310538;25;3;114
4310538;25;4;31
4310538;30;1;118
4310538;30;2;63
4310538;30;3;116
4310538;30;4;57
4310538;35;1;159
4310538;35;2;99
4310538;35;3;96
4310538;35;4;24
4310538;40;1;160
4310538;40;2;79
4310538;40;3;46
4310538;40;4;32
4310538;45;1;155
4310538;45;2;80
4310538;45;3;71
4310538;45;4;62
4310538;50;1;179
4310538;50;2;96
4310538;50;3;43
4310538;50;4;49
4310538;55;1;166
4310538;55;2;46
4310538;55;3;26
4310538;55;4;29
4310538;60;1;246
4310538;60;2;74
4310538;60;3;29
4310538;60;4;62
4310538;70;1;232
4310538;70;2;34
4310538;70;3;30
4310538;70;4;12
4310801;10;1;1307
4310801;10;2;103
4310801;10;3;0
4310801;10;4;0
4310801;15;1;213
4310801;15;2;634
4310801;15;3;28
4310801;15;4;0
4310801;18;1;85
4310801;18;2;248
4310801;18;3;336
4310801;18;4;0
4310801;20;1;223
4310801;20;2;460
4310801;20;3;922
4310801;20;4;84
4310801;25;1;390
4310801;25;2;411
4310801;25;3;915
4310801;25;4;128
4310801;30;1;497
4310801;30;2;376
4310801;30;3;661
4310801;30;4;166
4310801;35;1;612
4310801;35;2;385
4310801;35;3;493
4310801;35;4;192
4310801;40;1;737
4310801;40;2;370
4310801;40;3;418
4310801;40;4;202
4310801;45;1;660
4310801;45;2;368
4310801;45;3;409
4310801;45;4;138
4310801;50;1;638
4310801;50;2;338
4310801;50;3;208
4310801;50;4;67
4310801;55;1;582
4310801;55;2;219
4310801;55;3;132
4310801;55;4;56
4310801;60;1;897
4310801;60;2;131
4310801;60;3;64
4310801;60;4;73
4310801;70;1;640
4310801;70;2;86
4310801;70;3;34
4310801;70;4;33
4311403;10;1;4822
4311403;10;2;164
4311403;10;3;0
4311403;10;4;0
4311403;15;1;1190
4311403;15;2;2090
4311403;15;3;58
4311403;15;4;0
4311403;18;1;325
4311403;18;2;892
4311403;18;3;1017
4311403;18;4;9
4311403;20;1;1065
4311403;20;2;1554
4311403;20;3;3705
4311403;20;4;202
4311403;25;1;1286
4311403;25;2;1650
4311403;25;3;3288
4311403;25;4;1009
4311403;30;1;1886
4311403;30;2;1065
4311403;30;3;2137
4311403;30;4;1076
4311403;35;1;2147
4311403;35;2;892
4311403;35;3;1525
4311403;35;4;846
4311403;40;1;2339
4311403;40;2;930
4311403;40;3;1235
4311403;40;4;881
4311403;45;1;2312
4311403;45;2;776
4311403;45;3;1475
4311403;45;4;689
4311403;50;1;2207
4311403;50;2;857
4311403;50;3;1065
4311403;50;4;607
4311403;55;1;1887
4311403;55;2;450
4311403;55;3;561
4311403;55;4;474
4311403;60;1;2898
4311403;60;2;501
4311403;60;3;747
4311403;60;4;353
4311403;70;1;2938
4311403;70;2;197
4311403;70;3;298
4311403;70;4;181
4311627;10;1;400
4311627;10;2;14
4311627;10;3;0
4311627;10;4;0
4311627;15;1;105
4311627;15;2;144
4311627;15;3;8
4311627;15;4;3
4311627;18;1;37
4311627;18;2;71
4311627;18;3;67
4311627;18;4;2
4311627;20;1;109
4311627;20;2;148
4311627;20;3;226
4311627;20;4;6
4311627;25;1;186
4311627;25;2;145
4311627;25;3;173
4311627;25;4;20
4311627;30;1;256
4311627;30;2;122
4311627;30;3;102
4311627;30;4;11
4311627;35;1;282
4311627;35;2;91
4311627;35;3;54
4311627;35;4;13
4311627;40;1;303
4311627;40;2;48
4311627;40;3;24
4311627;40;4;3
4311627;45;1;271
4311627;45;2;55
4311627;45;3;16
4311627;45;4;10
4311627;50;1;280
4311627;50;2;31
4311627;50;3;18
4311627;50;4;0
4311627;55;1;137
4311627;55;2;36
4311627;55;3;13
4311627;55;4;3
4311627;60;1;210
4311627;60;2;18
4311627;60;3;3
4311627;60;4;3
4311627;70;1;146
4311627;70;2;6
4311627;70;3;2
4311627;70;4;0
4312385;10;1;129
4312385;10;2;0
4312385;10;3;0
4312385;10;4;0
4312385;15;1;18
4312385;15;2;77
4312385;15;3;12
4312385;15;4;0
4312385;18;1;3
4312385;18;2;26
4312385;18;3;51
4312385;18;4;2
4312385;20;1;26
4312385;20;2;40
4312385;20;3;123
4312385;20;4;5
4312385;25;1;32
4312385;25;2;43
4312385;25;3;93
4312385;25;4;29
4312385;30;1;47
4312385;30;2;22
4312385;30;3;61
4312385;30;4;25
4312385;35;1;64
4312385;35;2;42
4312385;35;3;22
4312385;35;4;15
4312385;40;1;108
4312385;40;2;23
4312385;40;3;26
4312385;40;4;26
4312385;45;1;159
4312385;45;2;23
4312385;45;3;21
4312385;45;4;10
4312385;50;1;160
4312385;50;2;28
4312385;50;3;21
4312385;50;4;0
4312385;55;1;168
4312385;55;2;19
4312385;55;3;19
4312385;55;4;11
4312385;60;1;269
4312385;60;2;40
4312385;60;3;5
4312385;60;4;8
4312385;70;1;278
4312385;70;2;22
4312385;70;3;0
4312385;70;4;0
4312476;10;1;385
4312476;10;2;21
4312476;10;3;3
4312476;10;4;0
4312476;15;1;81
4312476;15;2;149
4312476;15;3;17
4312476;15;4;0
4312476;18;1;37
4312476;18;2;61
4312476;18;3;66
4312476;18;4;0
4312476;20;1;92
4312476;20;2;170
4312476;20;3;182
4312476;20;4;28
4312476;25;1;96
4312476;25;2;137
4312476;25;3;188
4312476;25;4;36
4312476;30;1;132
4312476;30;2;134
4312476;30;3;150
4312476;30;4;35
4312476;35;1;196
4312476;35;2;134
4312476;35;3;105
4312476;35;4;22
4312476;40;1;268
4312476;40;2;138
4312476;40;3;44
4312476;40;4;17
4312476;45;1;307
4312476;45;2;107
4312476;45;3;49
4312476;45;4;10
4312476;50;1;221
4312476;50;2;83
4312476;50;3;64
4312476;50;4;22
4312476;55;1;208
4312476;55;2;80
4312476;55;3;25
4312476;55;4;10
4312476;60;1;346
4312476;60;2;44
4312476;60;3;21
4312476;60;4;25
4312476;70;1;317
4312476;70;2;25
4312476;70;3;5
4312476;70;4;15
4313060;10;1;1564
4313060;10;2;48
4313060;10;3;0
4313060;10;4;0
4313060;15;1;389
4313060;15;2;565
4313060;15;3;21
4313060;15;4;0
4313060;18;1;149
4313060;18;2;259
4313060;18;3;185
4313060;18;4;5
4313060;20;1;540
4313060;20;2;559
4313060;20;3;494
4313060;20;4;33
4313060;25;1;569
4313060;25;2;487
4313060;25;3;572
4313060;25;4;83
4313060;30;1;853
4313060;30;2;389
4313060;30;3;328
4313060;30;4;74
4313060;35;1;865
4313060;35;2;339
4313060;35;3;263
4313060;35;4;52
4313060;40;1;883
4313060;40;2;315
4313060;40;3;114
4313060;40;4;40
4313060;45;1;822
4313060;45;2;252
4313060;45;3;121
4313060;45;4;25
4313060;50;1;765
4313060;50;2;139
4313060;50;3;49
4313060;50;4;21
4313060;55;1;653
4313060;55;2;76
4313060;55;3;23
4313060;55;4;0
4313060;60;1;768
4313060;60;2;84
4313060;60;3;19
4313060;60;4;5
4313060;70;1;500
4313060;70;2;56
4313060;70;3;6
4313060;70;4;0
4313375;10;1;2079
4313375;10;2;62
4313375;10;3;0
4313375;10;4;0
4313375;15;1;439
4313375;15;2;723
4313375;15;3;98
4313375;15;4;0
4313375;18;1;210
4313375;18;2;366
4313375;18;3;166
4313375;18;4;11
4313375;20;1;477
4313375;20;2;498
4313375;20;3;776
4313375;20;4;89
4313375;25;1;456
4313375;25;2;582
4313375;25;3;825
4313375;25;4;60
4313375;30;1;627
4313375;30;2;486
4313375;30;3;582
4313375;30;4;103
4313375;35;1;799
4313375;35;2;390
4313375;35;3;376
4313375;35;4;103
4313375;40;1;816
4313375;40;2;325
4313375;40;3;358
4313375;40;4;78
4313375;45;1;887
4313375;45;2;319
4313375;45;3;248
4313375;45;4;54
4313375;50;1;717
4313375;50;2;229
4313375;50;3;248
4313375;50;4;50
4313375;55;1;735
4313375;55;2;145
4313375;55;3;175
4313375;55;4;20
4313375;60;1;1032
4313375;60;2;93
4313375;60;3;132
4313375;60;4;36
4313375;70;1;731
4313375;70;2;48
4313375;70;3;95
4313375;70;4;0
4313409;10;1;18935
4313409;10;2;557
4313409;10;3;10
4313409;10;4;0
4313409;15;1;5210
4313409;15;2;6126
4313409;15;3;657
4313409;15;4;0
4313409;18;1;2386
4313409;18;2;2275
4313409;18;3;3048
4313409;18;4;71
4313409;20;1;5264
4313409;20;2;4718
4313409;20;3;9726
4313409;20;4;712
4313409;25;1;5153
4313409;25;2;4145
4313409;25;3;9036
4313409;25;4;2190
4313409;30;1;6379
4313409;30;2;3193
4313409;30;3;6685
4313409;30;4;2120
4313409;35;1;7976
4313409;35;2;2820
4313409;35;3;4802
4313409;35;4;1738
4313409;40;1;9143
4313409;40;2;2826
4313409;40;3;4554
4313409;40;4;1693
4313409;45;1;9038
4313409;45;2;3246
4313409;45;3;4334
4313409;45;4;2044
4313409;50;1;7561
4313409;50;2;2660
4313409;50;3;3505
4313409;50;4;1641
4313409;55;1;6840
4313409;55;2;1819
4313409;55;3;2290
4313409;55;4;1065
4313409;60;1;10100
4313409;60;2;1991
4313409;60;3;1821
4313409;60;4;1234
4313409;70;1;8875
4313409;70;2;1185
4313409;70;3;856
4313409;70;4;383
4313508;10;1;3165
4313508;10;2;136
4313508;10;3;0
4313508;10;4;0
4313508;15;1;842
4313508;15;2;1095
4313508;15;3;102
4313508;15;4;0
4313508;18;1;245
4313508;18;2;539
4313508;18;3;430
4313508;18;4;31
4313508;20;1;575
4313508;20;2;806
4313508;20;3;1828
4313508;20;4;183
4313508;25;1;723
4313508;25;2;553
4313508;25;3;1703
4313508;25;4;405
4313508;30;1;823
4313508;30;2;491
4313508;30;3;1051
4313508;30;4;461
4313508;35;1;1275
4313508;35;2;539
4313508;35;3;600
4313508;35;4;335
4313508;40;1;1417
4313508;40;2;499
4313508;40;3;589
4313508;40;4;315
4313508;45;1;1548
4313508;45;2;396
4313508;45;3;695
4313508;45;4;363
4313508;50;1;1335
4313508;50;2;471
4313508;50;3;440
4313508;50;4;453
4313508;55;1;1147
4313508;55;2;272
4313508;55;3;560
4313508;55;4;286
4313508;60;1;1922
4313508;60;2;475
4313508;60;3;454
4313508;60;4;288
4313508;70;1;2113
4313508;70;2;280
4313508;70;3;221
4313508;70;4;113
4314050;10;1;4784
4314050;10;2;163
4314050;10;3;10
4314050;10;4;0
4314050;15;1;1225
4314050;15;2;1621
4314050;15;3;106
4314050;15;4;0
4314050;18;1;424
4314050;18;2;755
4314050;18;3;560
4314050;18;4;31
4314050;20;1;1357
4314050;20;2;1356
4314050;20;3;1646
4314050;20;4;83
4314050;25;1;1400
4314050;25;2;1423
4314050;25;3;1517
4314050;25;4;117
4314050;30;1;2104
4314050;30;2;744
4314050;30;3;1083
4314050;30;4;154
4314050;35;1;2401
4314050;35;2;927
4314050;35;3;669
4314050;35;4;161
4314050;40;1;2543
4314050;40;2;768
4314050;40;3;687
4314050;40;4;81
4314050;45;1;2653
4314050;45;2;686
4314050;45;3;374
4314050;45;4;71
4314050;50;1;2120
4314050;50;2;403
4314050;50;3;261
4314050;50;4;76
4314050;55;1;1662
4314050;55;2;209
4314050;55;3;83
4314050;55;4;17
4314050;60;1;2030
4314050;60;2;195
4314050;60;3;148
4314050;60;4;20
4314050;70;1;1512
4314050;70;2;75
4314050;70;3;45
4314050;70;4;0
4314100;10;1;14156
4314100;10;2;591
4314100;10;3;0
4314100;10;4;0
4314100;15;1;3637
4314100;15;2;4885
4314100;15;3;661
4314100;15;4;8
4314100;18;1;1408
4314100;18;2;1754
4314100;18;3;2855
4314100;18;4;76
4314100;20;1;3064
4314100;20;2;3573
4314100;20;3;9423
4314100;20;4;1234
4314100;25;1;2619
4314100;25;2;3241
4314100;25;3;7631
4314100;25;4;3429
4314100;30;1;3483
4314100;30;2;2600
4314100;30;3;6040
4314100;30;4;3057
4314100;35;1;3580
4314100;35;2;2154
4314100;35;3;4623
4314100;35;4;2155
4314100;40;1;4379
4314100;40;2;2025
4314100;40;3;4219
4314100;40;4;2084
4314100;45;1;4621
4314100;45;2;2172
4314100;45;3;3472
4314100;45;4;2387
4314100;50;1;4745
4314100;50;2;1945
4314100;50;3;2890
4314100;50;4;1944
4314100;55;1;4002
4314100;55;2;1402
4314100;55;3;2137
4314100;55;4;1487
4314100;60;1;6949
4314100;60;2;1730
4314100;60;3;1761
4314100;60;4;1624
4314100;70;1;6921
4314100;70;2;1060
4314100;70;3;784
4314100;70;4;833
4314407;10;1;24689
4314407;10;2;982
4314407;10;3;20
4314407;10;4;0
4314407;15;1;6832
4314407;15;2;7172
4314407;15;3;935
4314407;15;4;0
4314407;18;1;3079
4314407;18;2;3468
4314407;18;3;4360
4314407;18;4;34
4314407;20;1;5739
4314407;20;2;5400
4314407;20;3;14495
4314407;20;4;1900
4314407;25;1;6652
4314407;25;2;4733
4314407;25;3;11824
4314407;25;4;4199
4314407;30;1;7040
4314407;30;2;4176
4314407;30;3;8466
4314407;30;4;4044
4314407;35;1;8152
4314407;35;2;3554
4314407;35;3;7149
4314407;35;4;3029
4314407;40;1;9553
4314407;40;2;3695
4314407;40;3;5960
4314407;40;4;3003
4314407;45;1;10317
4314407;45;2;3973
4314407;45;3;5222
4314407;45;4;3513
4314407;50;1;10308
4314407;50;2;3307
4314407;50;3;5030
4314407;50;4;3191
4314407;55;1;9791
4314407;55;2;3000
4314407;55;3;3032
4314407;55;4;2516
4314407;60;1;16354
4314407;60;2;3561
4314407;60;3;3641
4314407;60;4;3393
4314407;70;1;17063
4314407;70;2;2312
4314407;70;3;2194
4314407;70;4;1267
4314423;10;1;334
4314423;10;2;24
4314423;10;3;0
4314423;10;4;0
4314423;15;1;64
4314423;15;2;185
4314423;15;3;20
4314423;15;4;0
4314423;18;1;14
4314423;18;2;38
4314423;18;3;98
4314423;18;4;4
4314423;20;1;52
4314423;20;2;102
4314423;20;3;264
4314423;20;4;20
4314423;25;1;89
4314423;25;2;88
4314423;25;3;213
4314423;25;4;37
4314423;30;1;133
4314423;30;2;84
4314423;30;3;123
4314423;30;4;24
4314423;35;1;188
4314423;35;2;79
4314423;35;3;109
4314423;35;4;23
4314423;40;1;244
4314423;40;2;95
4314423;40;3;93
4314423;40;4;12
4314423;45;1;221
4314423;45;2;158
4314423;45;3;69
4314423;45;4;4
4314423;50;1;277
4314423;50;2;60
4314423;50;3;28
4314423;50;4;10
4314423;55;1;169
4314423;55;2;40
4314423;55;3;17
4314423;55;4;14
4314423;60;1;317
4314423;60;2;47
4314423;60;3;20
4314423;60;4;3
4314423;70;1;286
4314423;70;2;45
4314423;70;3;5
4314423;70;4;0
4314548;10;1;0
4314548;10;2;0
4314548;10;3;0
4314548;10;4;0
4314548;15;1;0
4314548;15;2;0
4314548;15;3;0
4314548;15;4;0
4314548;18;1;0
4314548;18;2;0
4314548;18;3;0
4314548;18;4;0
4314548;20;1;0
4314548;20;2;0
4314548;20;3;0
4314548;20;4;0
4314548;25;1;0
4314548;25;2;0
4314548;25;3;0
4314548;25;4;0
4314548;30;1;0
4314548;30;2;0
4314548;30;3;0
4314548;30;4;0
4314548;35;1;0
4314548;35;2;0
4314548;35;3;0
4314548;35;4;0
4314548;40;1;0
4314548;40;2;0
4314548;40;3;0
4314548;40;4;0
4314548;45;1;0
4314548;45;2;0
4314548;45;3;0
4314548;45;4;0
4314548;50;1;0
4314548;50;2;0
4314548;50;3;0
4314548;50;4;0
4314548;55;1;0
4314548;55;2;0
4314548;55;3;0
4314548;55;4;0
4314548;60;1;0
4314548;60;2;0
4314548;60;3;0
4314548;60;4;0
4314548;70;1;0
4314548;70;2;0
4314548;70;3;0
4314548;70;4;0
4314803;10;1;2512
4314803;10;2;82
4314803;10;3;13
4314803;10;4;0
4314803;15;1;819
4314803;15;2;812
4314803;15;3;39
4314803;15;4;0
4314803;18;1;317
4314803;18;2;341
4314803;18;3;219
4314803;18;4;29
4314803;20;1;786
4314803;20;2;783
4314803;20;3;916
4314803;20;4;80
4314803;25;1;869
4314803;25;2;796
4314803;25;3;888
4314803;25;4;183
4314803;30;1;939
4314803;30;2;643
4314803;30;3;727
4314803;30;4;156
4314803;35;1;1192
4314803;35;2;574
4314803;35;3;486
4314803;35;4;67
4314803;40;1;1363
4314803;40;2;416
4314803;40;3;482
4314803;40;4;70
4314803;45;1;1421
4314803;45;2;403
4314803;45;3;343
4314803;45;4;110
4314803;50;1;1228
4314803;50;2;325
4314803;50;3;244
4314803;50;4;60
4314803;55;1;944
4314803;55;2;267
4314803;55;3;155
4314803;55;4;135
4314803;60;1;1533
4314803;60;2;282
4314803;60;3;55
4314803;60;4;75
4314803;70;1;1086
4314803;70;2;102
4314803;70;3;37
4314803;70;4;24
4314902;10;1;96115
4314902;10;2;4199
4314902;10;3;36
4314902;10;4;0
4314902;15;1;24387
4314902;15;2;30481
4314902;15;3;3527
4314902;15;4;127
4314902;18;1;8889
4314902;18;2;14012
4314902;18;3;19001
4314902;18;4;575
4314902;20;1;19746
4314902;20;2;24399
4314902;20;3;61713
4314902;20;4;10575
4314902;25;1;19065
4314902;25;2;19912
4314902;25;3;56339
4314902;25;4;34340
4314902;30;1;21304
4314902;30;2;16309
4314902;30;3;43749
4314902;30;4;35311
4314902;35;1;20771
4314902;35;2;14561
4314902;35;3;34561
4314902;35;4;27242
4314902;40;1;22687
4314902;40;2;14971
4314902;40;3;29868
4314902;40;4;24459
4314902;45;1;26123
4314902;45;2;15098
4314902;45;3;29849
4314902;45;4;27968
4314902;50;1;25433
4314902;50;2;14081
4314902;50;3;29615
4314902;50;4;25953
4314902;55;1;22034
4314902;55;2;12790
4314902;55;3;23209
4314902;55;4;21408
4314902;60;1;39077
4314902;60;2;18167
4314902;60;3;26618
4314902;60;4;27438
4314902;70;1;48658
4314902;70;2;16041
4314902;70;3;20336
4314902;70;4;15472
4315149;10;1;162
4315149;10;2;5
4315149;10;3;0
4315149;10;4;0
4315149;15;1;26
4315149;15;2;64
4315149;15;3;11
4315149;15;4;0
4315149;18;1;23
4315149;18;2;22
4315149;18;3;41
4315149;18;4;0
4315149;20;1;27
4315149;20;2;83
4315149;20;3;111
4315149;20;4;12
4315149;25;1;52
4315149;25;2;56
4315149;25;3;62
4315149;25;4;34
4315149;30;1;75
4315149;30;2;51
4315149;30;3;43
4315149;30;4;17
4315149;35;1;64
4315149;35;2;66
4315149;35;3;36
4315149;35;4;5
4315149;40;1;112
4315149;40;2;43
4315149;40;3;34
4315149;40;4;4
4315149;45;1;115
4315149;45;2;72
4315149;45;3;19
4315149;45;4;7
4315149;50;1;114
4315149;50;2;39
4315149;50;3;10
4315149;50;4;6
4315149;55;1;141
4315149;55;2;32
4315149;55;3;0
4315149;55;4;0
4315149;60;1;130
4315149;60;2;26
4315149;60;3;0
4315149;60;4;0
4315149;70;1;157
4315149;70;2;0
4315149;70;3;0
4315149;70;4;3
4315602;10;1;15750
4315602;10;2;644
4315602;10;3;21
4315602;10;4;0
4315602;15;1;4475
4315602;15;2;4589
4315602;15;3;440
4315602;15;4;0
4315602;18;1;1590
4315602;18;2;2168
4315602;18;3;2351
4315602;18;4;60
4315602;20;1;3637
4315602;20;2;3251
4315602;20;3;8765
4315602;20;4;642
4315602;25;1;3677
4315602;25;2;2967
4315602;25;3;8021
4315602;25;4;2226
4315602;30;1;4080
4315602;30;2;2611
4315602;30;3;5605
4315602;30;4;2299
4315602;35;1;4191
4315602;35;2;2541
4315602;35;3;4589
4315602;35;4;1752
4315602;40;1;5209
4315602;40;2;2026
4315602;40;3;3914
4315602;40;4;1530
4315602;45;1;6509
4315602;45;2;2116
4315602;45;3;3413
4315602;45;4;1650
4315602;50;1;6666
4315602;50;2;2159
4315602;50;3;2770
4315602;50;4;1274
4315602;55;1;6292
4315602;55;2;1841
4315602;55;3;1932
4315602;55;4;1220
4315602;60;1;9116
4315602;60;2;2339
4315602;60;3;2051
4315602;60;4;1357
4315602;70;1;9581
4315602;70;2;1362
4315602;70;3;1127
4315602;70;4;469
4316758;10;1;355
4316758;10;2;4
4316758;10;3;0
4316758;10;4;0
4316758;15;1;97
4316758;15;2;132
4316758;15;3;9
4316758;15;4;0
4316758;18;1;12
4316758;18;2;83
4316758;18;3;75
4316758;18;4;4
4316758;20;1;65
4316758;20;2;121
4316758;20;3;229
4316758;20;4;14
4316758;25;1;120
4316758;25;2;129
4316758;25;3;232
4316758;25;4;32
4316758;30;1;138
4316758;30;2;107
4316758;30;3;154
4316758;30;4;50
4316758;35;1;207
4316758;35;2;111
4316758;35;3;89
4316758;35;4;23
4316758;40;1;191
4316758;40;2;98
4316758;40;3;92
4316758;40;4;15
4316758;45;1;265
4316758;45;2;80
4316758;45;3;67
4316758;45;4;18
4316758;50;1;263
4316758;50;2;90
4316758;50;3;42
4316758;50;4;3
4316758;55;1;257
4316758;55;2;65
4316758;55;3;26
4316758;55;4;6
4316758;60;1;396
4316758;60;2;57
4316758;60;3;17
4316758;60;4;20
4316758;70;1;375
4316758;70;2;39
4316758;70;3;9
4316758;70;4;11
4316808;10;1;8536
4316808;10;2;214
4316808;10;3;0
4316808;10;4;0
4316808;15;1;2140
4316808;15;2;2921
4316808;15;3;331
4316808;15;4;0
4316808;18;1;574
4316808;18;2;1122
4316808;18;3;1833
4316808;18;4;20
4316808;20;1;1443
4316808;20;2;1878
4316808;20;3;6207
4316808;20;4;411
4316808;25;1;1696
4316808;25;2;1974
4316808;25;3;5123
4316808;25;4;1982
4316808;30;1;2366
4316808;30;2;1731
4316808;30;3;3489
4316808;30;4;1869
4316808;35;1;2785
4316808;35;2;1491
4316808;35;3;3015
4316808;35;4;1415
4316808;40;1;3411
4316808;40;2;1484
4316808;40;3;2586
4316808;40;4;1348
4316808;45;1;3680
4316808;45;2;1590
4316808;45;3;2174
4316808;45;4;1354
4316808;50;1;3713
4316808;50;2;1476
4316808;50;3;2006
4316808;50;4;986
4316808;55;1;3474
4316808;55;2;854
4316808;55;3;1229
4316808;55;4;836
4316808;60;1;5502
4316808;60;2;1043
4316808;60;3;1175
4316808;60;4;793
4316808;70;1;5751
4316808;70;2;556
4316808;70;3;369
4316808;70;4;347
4316907;10;1;18706
4316907;10;2;1050
4316907;10;3;23
4316907;10;4;0
4316907;15;1;4698
4316907;15;2;6925
4316907;15;3;967
4316907;15;4;16
4316907;18;1;1596
4316907;18;2;3030
4316907;18;3;4384
4316907;18;4;51
4316907;20;1;3115
4316907;20;2;4648
4316907;20;3;14126
4316907;20;4;2097
4316907;25;1;3512
4316907;25;2;3618
4316907;25;3;11134
4316907;25;4;5034
4316907;30;1;3862
4316907;30;2;3299
4316907;30;3;7719
4316907;30;4;4387
4316907;35;1;4482
4316907;35;2;3052
4316907;35;3;6281
4316907;35;4;3720
4316907;40;1;5723
4316907;40;2;3358
4316907;40;3;5663
4316907;40;4;3199
4316907;45;1;6379
4316907;45;2;3341
4316907;45;3;5440
4316907;45;4;3662
4316907;50;1;6093
4316907;50;2;3054
4316907;50;3;4125
4316907;50;4;3422
4316907;55;1;5830
4316907;55;2;1943
4316907;55;3;3304
4316907;55;4;2834
4316907;60;1;10094
4316907;60;2;2664
4316907;60;3;3198
4316907;60;4;3400
4316907;70;1;11709
4316907;70;2;2152
4316907;70;3;1517
4316907;70;4;1173
4317103;10;1;6973
4317103;10;2;443
4317103;10;3;0
4317103;10;4;0
4317103;15;1;1884
4317103;15;2;2118
4317103;15;3;337
4317103;15;4;0
4317103;18;1;865
4317103;18;2;1141
4317103;18;3;683
4317103;18;4;29
4317103;20;1;1283
4317103;20;2;1290
4317103;20;3;2615
4317103;20;4;235
4317103;25;1;1622
4317103;25;2;1135
4317103;25;3;2101
4317103;25;4;537
4317103;30;1;1948
4317103;30;2;1163
4317103;30;3;1899
4317103;30;4;488
4317103;35;1;1971
4317103;35;2;1270
4317103;35;3;1408
4317103;35;4;537
4317103;40;1;2215
4317103;40;2;1168
4317103;40;3;1633
4317103;40;4;625
4317103;45;1;2521
4317103;45;2;1273
4317103;45;3;1718
4317103;45;4;635
4317103;50;1;2510
4317103;50;2;1152
4317103;50;3;1279
4317103;50;4;666
4317103;55;1;1866
4317103;55;2;811
4317103;55;3;872
4317103;55;4;489
4317103;60;1;4048
4317103;60;2;1295
4317103;60;3;1015
4317103;60;4;757
4317103;70;1;4441
4317103;70;2;855
4317103;70;3;768
4317103;70;4;333
4318481;10;1;255
4318481;10;2;13
4318481;10;3;0
4318481;10;4;0
4318481;15;1;69
4318481;15;2;125
4318481;15;3;3
4318481;15;4;0
4318481;18;1;33
4318481;18;2;54
4318481;18;3;50
4318481;18;4;0
4318481;20;1;61
4318481;20;2;117
4318481;20;3;158
4318481;20;4;3
4318481;25;1;92
4318481;25;2;103
4318481;25;3;134
4318481;25;4;4
4318481;30;1;127
4318481;30;2;88
4318481;30;3;56
4318481;30;4;22
4318481;35;1;163
4318481;35;2;64
4318481;35;3;70
4318481;35;4;21
4318481;40;1;227
4318481;40;2;60
4318481;40;3;53
4318481;40;4;11
4318481;45;1;226
4318481;45;2;61
4318481;45;3;17
4318481;45;4;13
4318481;50;1;243
4318481;50;2;34
4318481;50;3;21
4318481;50;4;6
4318481;55;1;188
4318481;55;2;27
4318481;55;3;4
4318481;55;4;0
4318481;60;1;255
4318481;60;2;15
4318481;60;3;8
4318481;60;4;2
4318481;70;1;248
4318481;70;2;16
4318481;70;3;0
4318481;70;4;0
4318705;10;1;17521
4318705;10;2;556
4318705;10;3;0
4318705;10;4;0
4318705;15;1;5361
4318705;15;2;5156
4318705;15;3;467
4318705;15;4;0
4318705;18;1;1874
4318705;18;2;2621
4318705;18;3;2345
4318705;18;4;25
4318705;20;1;4191
4318705;20;2;4674
4318705;20;3;9027
4318705;20;4;590
4318705;25;1;4189
4318705;25;2;3913
4318705;25;3;9508
4318705;25;4;1797
4318705;30;1;5513
4318705;30;2;3091
4318705;30;3;6793
4318705;30;4;2221
4318705;35;1;5524
4318705;35;2;2997
4318705;35;3;5027
4318705;35;4;1945
4318705;40;1;6590
4318705;40;2;2855
4318705;40;3;4397
4318705;40;4;1582
4318705;45;1;6951
4318705;45;2;2781
4318705;45;3;3850
4318705;45;4;1962
4318705;50;1;6682
4318705;50;2;2420
4318705;50;3;2812
4318705;50;4;1354
4318705;55;1;5452
4318705;55;2;1815
4318705;55;3;2024
4318705;55;4;1080
4318705;60;1;8314
4318705;60;2;1781
4318705;60;3;1781
4318705;60;4;1190
4318705;70;1;6725
4318705;70;2;988
4318705;70;3;802
4318705;70;4;435
4319505;10;1;1730
4319505;10;2;30
4319505;10;3;0
4319505;10;4;0
4319505;15;1;429
4319505;15;2;687
4319505;15;3;47
4319505;15;4;0
4319505;18;1;116
4319505;18;2;198
4319505;18;3;249
4319505;18;4;0
4319505;20;1;389
4319505;20;2;606
4319505;20;3;860
4319505;20;4;53
4319505;25;1;524
4319505;25;2;485
4319505;25;3;767
4319505;25;4;80
4319505;30;1;517
4319505;30;2;434
4319505;30;3;423
4319505;30;4;216
4319505;35;1;581
4319505;35;2;327
4319505;35;3;405
4319505;35;4;115
4319505;40;1;714
4319505;40;2;491
4319505;40;3;399
4319505;40;4;66
4319505;45;1;958
4319505;45;2;365
4319505;45;3;322
4319505;45;4;91
4319505;50;1;788
4319505;50;2;310
4319505;50;3;191
4319505;50;4;80
4319505;55;1;804
4319505;55;2;265
4319505;55;3;176
4319505;55;4;48
4319505;60;1;1144
4319505;60;2;187
4319505;60;3;127
4319505;60;4;118
4319505;70;1;1124
4319505;70;2;100
4319505;70;3;46
4319505;70;4;12
4319901;10;1;6618
4319901;10;2;271
4319901;10;3;0
4319901;10;4;0
4319901;15;1;1555
4319901;15;2;2263
4319901;15;3;142
4319901;15;4;0
4319901;18;1;571
4319901;18;2;1032
4319901;18;3;818
4319901;18;4;38
4319901;20;1;1645
4319901;20;2;2232
4319901;20;3;2445
4319901;20;4;144
4319901;25;1;2099
4319901;25;2;2069
4319901;25;3;2053
4319901;25;4;318
4319901;30;1;2701
4319901;30;2;1416
4319901;30;3;1439
4319901;30;4;413
4319901;35;1;3312
4319901;35;2;1301
4319901;35;3;1050
4319901;35;4;382
4319901;40;1;3763
4319901;40;2;1089
4319901;40;3;832
4319901;40;4;300
4319901;45;1;3385
4319901;45;2;916
4319901;45;3;870
4319901;45;4;235
4319901;50;1;2903
4319901;50;2;623
4319901;50;3;424
4319901;50;4;104
4319901;55;1;2514
4319901;55;2;324
4319901;55;3;279
4319901;55;4;45
4319901;60;1;3289
4319901;60;2;319
4319901;60;3;220
4319901;60;4;93
4319901;70;1;2381
4319901;70;2;138
4319901;70;3;105
4319901;70;4;21
4320008;10;1;10996
4320008;10;2;365
4320008;10;3;10
4320008;10;4;0
4320008;15;1;2864
4320008;15;2;3080
4320008;15;3;455
4320008;15;4;0
4320008;18;1;1088
4320008;18;2;1781
4320008;18;3;1399
4320008;18;4;69
4320008;20;1;1805
4320008;20;2;3363
4320008;20;3;5624
4320008;20;4;379
4320008;25;1;2410
4320008;25;2;2604
4320008;25;3;5743
4320008;25;4;757
4320008;30;1;2818
4320008;30;2;2186
4320008;30;3;4850
4320008;30;4;839
4320008;35;1;3275
4320008;35;2;2130
4320008;35;3;3510
4320008;35;4;512
4320008;40;1;3765
4320008;40;2;2190
4320008;40;3;2828
4320008;40;4;430
4320008;45;1;4502
4320008;45;2;1948
4320008;45;3;2147
4320008;45;4;395
4320008;50;1;4239
4320008;50;2;1870
4320008;50;3;1796
4320008;50;4;299
4320008;55;1;4027
4320008;55;2;1351
4320008;55;3;971
4320008;55;4;274
4320008;60;1;6383
4320008;60;2;1069
4320008;60;3;921
4320008;60;4;258
4320008;70;1;4434
4320008;70;2;322
4320008;70;3;237
4320008;70;4;39
4321204;10;1;4431
4321204;10;2;206
4321204;10;3;0
4321204;10;4;0
4321204;15;1;1278
4321204;15;2;1270
4321204;15;3;118
4321204;15;4;0
4321204;18;1;559
4321204;18;2;611
4321204;18;3;551
4321204;18;4;0
4321204;20;1;1323
4321204;20;2;1185
4321204;20;3;1431
4321204;20;4;122
4321204;25;1;1449
4321204;25;2;1064
4321204;25;3;1584
4321204;25;4;312
4321204;30;1;1691
4321204;30;2;904
4321204;30;3;1100
4321204;30;4;452
4321204;35;1;1923
4321204;35;2;812
4321204;35;3;854
4321204;35;4;210
4321204;40;1;2128
4321204;40;2;927
4321204;40;3;667
4321204;40;4;288
4321204;45;1;2250
4321204;45;2;767
4321204;45;3;626
4321204;45;4;415
4321204;50;1;2055
4321204;50;2;635
4321204;50;3;525
4321204;50;4;300
4321204;55;1;1667
4321204;55;2;357
4321204;55;3;314
4321204;55;4;199
4321204;60;1;2820
4321204;60;2;479
4321204;60;3;441
4321204;60;4;259
4321204;70;1;2598
4321204;70;2;336
4321204;70;3;145
4321204;70;4;113
4321600;10;1;3643
4321600;10;2;163
4321600;10;3;22
4321600;10;4;0
4321600;15;1;1048
4321600;15;2;981
4321600;15;3;107
4321600;15;4;11
4321600;18;1;397
4321600;18;2;502
4321600;18;3;436
4321600;18;4;0
4321600;20;1;780
4321600;20;2;980
4321600;20;3;1192
4321600;20;4;109
4321600;25;1;1087
4321600;25;2;686
4321600;25;3;1165
4321600;25;4;316
4321600;30;1;995
4321600;30;2;582
4321600;30;3;1005
4321600;30;4;207
4321600;35;1;1109
4321600;35;2;443
4321600;35;3;722
4321600;35;4;259
4321600;40;1;1477
4321600;40;2;546
4321600;40;3;525
4321600;40;4;191
4321600;45;1;1468
4321600;45;2;578
4321600;45;3;541
4321600;45;4;219
4321600;50;1;1316
4321600;50;2;665
4321600;50;3;613
4321600;50;4;134
4321600;55;1;1229
4321600;55;2;336
4321600;55;3;558
4321600;55;4;194
4321600;60;1;2189
4321600;60;2;403
4321600;60;3;543
4321600;60;4;265
4321600;70;1;1571
4321600;70;2;236
4321600;70;3;184
4321600;70;4;192
4321709;10;1;1880
4321709;10;2;79
4321709;10;3;0
4321709;10;4;0
4321709;15;1;432
4321709;15;2;663
4321709;15;3;76
4321709;15;4;0
4321709;18;1;274
4321709;18;2;268
4321709;18;3;273
4321709;18;4;0
4321709;20;1;662
4321709;20;2;632
4321709;20;3;839
4321709;20;4;33
4321709;25;1;678
4321709;25;2;499
4321709;25;3;936
4321709;25;4;135
4321709;30;1;1091
4321709;30;2;377
4321709;30;3;480
4321709;30;4;96
4321709;35;1;1040
4321709;35;2;450
4321709;35;3;382
4321709;35;4;59
4321709;40;1;1112
4321709;40;2;390
4321709;40;3;250
4321709;40;4;67
4321709;45;1;1023
4321709;45;2;265
4321709;45;3;184
4321709;45;4;97
4321709;50;1;1018
4321709;50;2;137
4321709;50;3;131
4321709;50;4;54
4321709;55;1;825
4321709;55;2;114
4321709;55;3;64
4321709;55;4;57
4321709;60;1;1188
4321709;60;2;111
4321709;60;3;76
4321709;60;4;41
4321709;70;1;935
4321709;70;2;42
4321709;70;3;0
4321709;70;4;0
4322400;10;1;11550
4322400;10;2;505
4322400;10;3;0
4322400;10;4;0
4322400;15;1;2681
4322400;15;2;3952
4322400;15;3;325
4322400;15;4;0
4322400;18;1;814
4322400;18;2;1717
4322400;18;3;1384
4322400;18;4;45
4322400;20;1;2072
4322400;20;2;2809
4322400;20;3;4539
4322400;20;4;562
4322400;25;1;2322
4322400;25;2;2264
4322400;25;3;4011
4322400;25;4;1408
4322400;30;1;2785
4322400;30;2;2045
4322400;30;3;3396
4322400;30;4;1015
4322400;35;1;3335
4322400;35;2;1653
4322400;35;3;2754
4322400;35;4;872
4322400;40;1;3719
4322400;40;2;1610
4322400;40;3;2562
4322400;40;4;732
4322400;45;1;3365
4322400;45;2;1689
4322400;45;3;2332
4322400;45;4;1010
4322400;50;1;3535
4322400;50;2;1416
4322400;50;3;1572
4322400;50;4;810
4322400;55;1;2790
4322400;55;2;1010
4322400;55;3;1134
4322400;55;4;633
4322400;60;1;4793
4322400;60;2;1275
4322400;60;3;897
4322400;60;4;860
4322400;70;1;4214
4322400;70;2;677
4322400;70;3;622
4322400;70;4;357
4322541;10;1;338
4322541;10;2;9
4322541;10;3;0
4322541;10;4;0
4322541;15;1;103
4322541;15;2;138
4322541;15;3;10
4322541;15;4;0
4322541;18;1;37
4322541;18;2;74
4322541;18;3;59
4322541;18;4;0
4322541;20;1;64
4322541;20;2;146
4322541;20;3;256
4322541;20;4;13
4322541;25;1;122
4322541;25;2;164
4322541;25;3;190
4322541;25;4;33
4322541;30;1;129
4322541;30;2;127
4322541;30;3;158
4322541;30;4;21
4322541;35;1;201
4322541;35;2;77
4322541;35;3;104
4322541;35;4;14
4322541;40;1;230
4322541;40;2;114
4322541;40;3;55
4322541;40;4;1
4322541;45;1;206
4322541;45;2;95
4322541;45;3;57
4322541;45;4;12
4322541;50;1;211
4322541;50;2;49
4322541;50;3;22
4322541;50;4;7
4322541;55;1;214
4322541;55;2;13
4322541;55;3;21
4322541;55;4;14
4322541;60;1;298
4322541;60;2;19
4322541;60;3;17
4322541;60;4;13
4322541;70;1;213
4322541;70;2;12
4322541;70;3;3
4322541;70;4;0
4322707;10;1;1859
4322707;10;2;30
4322707;10;3;0
4322707;10;4;0
4322707;15;1;373
4322707;15;2;814
4322707;15;3;69
4322707;15;4;0
4322707;18;1;150
4322707;18;2;189
4322707;18;3;285
4322707;18;4;12
4322707;20;1;430
4322707;20;2;546
4322707;20;3;734
4322707;20;4;100
4322707;25;1;579
4322707;25;2;582
4322707;25;3;628
4322707;25;4;156
4322707;30;1;721
4322707;30;2;380
4322707;30;3;518
4322707;30;4;150
4322707;35;1;898
4322707;35;2;333
4322707;35;3;478
4322707;35;4;122
4322707;40;1;999
4322707;40;2;388
4322707;40;3;298
4322707;40;4;190
4322707;45;1;946
4322707;45;2;389
4322707;45;3;292
4322707;45;4;109
4322707;50;1;906
4322707;50;2;332
4322707;50;3;258
4322707;50;4;79
4322707;55;1;826
4322707;55;2;173
4322707;55;3;140
4322707;55;4;32
4322707;60;1;1609
4322707;60;2;189
4322707;60;3;107
4322707;60;4;11
4322707;70;1;1338
4322707;70;2;89
4322707;70;3;23
4322707;70;4;41
4323002;10;1;21668
4323002;10;2;794
4323002;10;3;9
4323002;10;4;0
4323002;15;1;6298
4323002;15;2;6044
4323002;15;3;482
4323002;15;4;8
4323002;18;1;2167
4323002;18;2;3032
4323002;18;3;2519
4323002;18;4;60
4323002;20;1;4413
4323002;20;2;5278
4323002;20;3;8881
4323002;20;4;622
4323002;25;1;4701
4323002;25;2;4383
4323002;25;3;9060
4323002;25;4;1220
4323002;30;1;5705
4323002;30;2;3938
4323002;30;3;7502
4323002;30;4;1242
4323002;35;1;6208
4323002;35;2;3589
4323002;35;3;5959
4323002;35;4;1026
4323002;40;1;6632
4323002;40;2;3429
4323002;40;3;5113
4323002;40;4;1017
4323002;45;1;7601
4323002;45;2;3576
4323002;45;3;3857
4323002;45;4;1027
4323002;50;1;7359
4323002;50;2;3124
4323002;50;3;2898
4323002;50;4;825
4323002;55;1;7050
4323002;55;2;2108
4323002;55;3;2088
4323002;55;4;697
4323002;60;1;10548
4323002;60;2;2775
4323002;60;3;1944
4323002;60;4;780
4323002;70;1;8839
4323002;70;2;1284
4323002;70;3;721
4323002;70;4;360
5002704;10;1;60319
5002704;10;2;3801
5002704;10;3;64
5002704;10;4;0
5002704;15;1;14864
5002704;15;2;24080
5002704;15;3;2970
5002704;15;4;42
5002704;18;1;5506
5002704;18;2;9348
5002704;18;3;12682
5002704;18;4;197
5002704;20;1;13110
5002704;20;2;14855
5002704;20;3;39106
5002704;20;4;6652
5002704;25;1;14198
5002704;25;2;13910
5002704;25;3;30505
5002704;25;4;14197
5002704;30;1;17269
5002704;30;2;11202
5002704;30;3;26063
5002704;30;4;12710
5002704;35;1;17890
5002704;35;2;9788
5002704;35;3;21580
5002704;35;4;10826
5002704;40;1;18904
5002704;40;2;8766
5002704;40;3;18026
5002704;40;4;9835
5002704;45;1;19593
5002704;45;2;7871
5002704;45;3;15052
5002704;45;4;9624
5002704;50;1;17531
5002704;50;2;6190
5002704;50;3;11365
5002704;50;4;8127
5002704;55;1;15552
5002704;55;2;5076
5002704;55;3;7541
5002704;55;4;6255
5002704;60;1;24296
5002704;60;2;5221
5002704;60;3;8144
5002704;60;4;6284
5002704;70;1;24854
5002704;70;2;3633
5002704;70;3;3855
5002704;70;4;2146
5003207;10;1;10197
5003207;10;2;352
5003207;10;3;0
5003207;10;4;0
5003207;15;1;3804
5003207;15;2;2503
5003207;15;3;116
5003207;15;4;0
5003207;18;1;1258
5003207;18;2;1372
5003207;18;3;975
5003207;18;4;8
5003207;20;1;3039
5003207;20;2;2250
5003207;20;3;3623
5003207;20;4;312
5003207;25;1;2822
5003207;25;2;1748
5003207;25;3;3358
5003207;25;4;924
5003207;30;1;2958
5003207;30;2;1582
5003207;30;3;2534
5003207;30;4;952
5003207;35;1;2785
5003207;35;2;1301
5003207;35;3;2185
5003207;35;4;975
5003207;40;1;2860
5003207;40;2;1336
5003207;40;3;1719
5003207;40;4;731
5003207;45;1;3114
5003207;45;2;977
5003207;45;3;1492
5003207;45;4;557
5003207;50;1;2897
5003207;50;2;708
5003207;50;3;887
5003207;50;4;578
5003207;55;1;2321
5003207;55;2;591
5003207;55;3;517
5003207;55;4;387
5003207;60;1;3887
5003207;60;2;661
5003207;60;3;596
5003207;60;4;444
5003207;70;1;3067
5003207;70;2;359
5003207;70;3;324
5003207;70;4;134
5003702;10;1;16325
5003702;10;2;811
5003702;10;3;0
5003702;10;4;0
5003702;15;1;4921
5003702;15;2;5208
5003702;15;3;659
5003702;15;4;10
5003702;18;1;1944
5003702;18;2;2270
5003702;18;3;2744
5003702;18;4;97
5003702;20;1;4018
5003702;20;2;3450
5003702;20;3;9483
5003702;20;4;1613
5003702;25;1;4182
5003702;25;2;3187
5003702;25;3;7596
5003702;25;4;3308
5003702;30;1;4700
5003702;30;2;2822
5003702;30;3;5628
5003702;30;4;3007
5003702;35;1;5656
5003702;35;2;2594
5003702;35;3;4275
5003702;35;4;2158
5003702;40;1;5874
5003702;40;2;2341
5003702;40;3;3273
5003702;40;4;2232
5003702;45;1;5981
5003702;45;2;1972
5003702;45;3;2665
5003702;45;4;1901
5003702;50;1;5540
5003702;50;2;1648
5003702;50;3;2018
5003702;50;4;1264
5003702;55;1;4822
5003702;55;2;1068
5003702;55;3;1039
5003702;55;4;1106
5003702;60;1;7532
5003702;60;2;962
5003702;60;3;841
5003702;60;4;893
5003702;70;1;6431
5003702;70;2;369
5003702;70;3;302
5003702;70;4;258
5005202;10;1;2224
5005202;10;2;39
5005202;10;3;0
5005202;10;4;0
5005202;15;1;629
5005202;15;2;535
5005202;15;3;36
5005202;15;4;0
5005202;18;1;278
5005202;18;2;257
5005202;18;3;220
5005202;18;4;5
5005202;20;1;480
5005202;20;2;531
5005202;20;3;735
5005202;20;4;52
5005202;25;1;475
5005202;25;2;346
5005202;25;3;702
5005202;25;4;142
5005202;30;1;478
5005202;30;2;266
5005202;30;3;530
5005202;30;4;142
5005202;35;1;485
5005202;35;2;245
5005202;35;3;514
5005202;35;4;123
5005202;40;1;527
5005202;40;2;198
5005202;40;3;385
5005202;40;4;98
5005202;45;1;567
5005202;45;2;177
5005202;45;3;333
5005202;45;4;71
5005202;50;1;458
5005202;50;2;125
5005202;50;3;216
5005202;50;4;51
5005202;55;1;369
5005202;55;2;106
5005202;55;3;78
5005202;55;4;45
5005202;60;1;549
5005202;60;2;121
5005202;60;3;118
5005202;60;4;63
5005202;70;1;618
5005202;70;2;52
5005202;70;3;54
5005202;70;4;11
5006606;10;1;7797
5006606;10;2;234
5006606;10;3;0
5006606;10;4;0
5006606;15;1;2209
5006606;15;2;2193
5006606;15;3;197
5006606;15;4;0
5006606;18;1;877
5006606;18;2;1199
5006606;18;3;862
5006606;18;4;46
5006606;20;1;2215
5006606;20;2;1486
5006606;20;3;2650
5006606;20;4;353
5006606;25;1;2243
5006606;25;2;1324
5006606;25;3;2288
5006606;25;4;792
5006606;30;1;2585
5006606;30;2;960
5006606;30;3;1709
5006606;30;4;755
5006606;35;1;2857
5006606;35;2;856
5006606;35;3;1205
5006606;35;4;492
5006606;40;1;2643
5006606;40;2;751
5006606;40;3;923
5006606;40;4;547
5006606;45;1;2697
5006606;45;2;707
5006606;45;3;674
5006606;45;4;420
5006606;50;1;2359
5006606;50;2;499
5006606;50;3;444
5006606;50;4;351
5006606;55;1;1940
5006606;55;2;419
5006606;55;3;305
5006606;55;4;253
5006606;60;1;3001
5006606;60;2;324
5006606;60;3;300
5006606;60;4;220
5006606;70;1;2675
5006606;70;2;159
5006606;70;3;167
5006606;70;4;99
5008305;10;1;8341
5008305;10;2;177
5008305;10;3;0
5008305;10;4;0
5008305;15;1;2491
5008305;15;2;2230
5008305;15;3;304
5008305;15;4;0
5008305;18;1;956
5008305;18;2;1329
5008305;18;3;1252
5008305;18;4;28
5008305;20;1;2160
5008305;20;2;1959
5008305;20;3;4591
5008305;20;4;764
5008305;25;1;2221
5008305;25;2;1646
5008305;25;3;4095
5008305;25;4;1690
5008305;30;1;2901
5008305;30;2;1409
5008305;30;3;2958
5008305;30;4;1307
5008305;35;1;3223
5008305;35;2;1138
5008305;35;3;2339
5008305;35;4;994
5008305;40;1;3128
5008305;40;2;1225
5008305;40;3;1814
5008305;40;4;934
5008305;45;1;3059
5008305;45;2;1053
5008305;45;3;1437
5008305;45;4;926
5008305;50;1;2835
5008305;50;2;693
5008305;50;3;1204
5008305;50;4;798
5008305;55;1;2529
5008305;55;2;591
5008305;55;3;638
5008305;55;4;631
5008305;60;1;4030
5008305;60;2;570
5008305;60;3;569
5008305;60;4;488
5008305;70;1;3469
5008305;70;2;249
5008305;70;3;329
5008305;70;4;256
5103403;10;1;42567
5103403;10;2;1983
5103403;10;3;146
5103403;10;4;0
5103403;15;1;9255
5103403;15;2;15184
5103403;15;3;2402
5103403;15;4;21
5103403;18;1;3693
5103403;18;2;6525
5103403;18;3;9667
5103403;18;4;294
5103403;20;1;10115
5103403;20;2;11496
5103403;20;3;28074
5103403;20;4;5362
5103403;25;1;9596
5103403;25;2;9765
5103403;25;3;24359
5103403;25;4;10987
5103403;30;1;11616
5103403;30;2;8098
5103403;30;3;19348
5103403;30;4;11357
5103403;35;1;11362
5103403;35;2;7047
5103403;35;3;15800
5103403;35;4;8954
5103403;40;1;11578
5103403;40;2;6163
5103403;40;3;12723
5103403;40;4;8277
5103403;45;1;11337
5103403;45;2;5811
5103403;45;3;9673
5103403;45;4;7917
5103403;50;1;11983
5103403;50;2;4075
5103403;50;3;7582
5103403;50;4;6535
5103403;55;1;9469
5103403;55;2;3195
5103403;55;3;4754
5103403;55;4;4349
5103403;60;1;14951
5103403;60;2;3406
5103403;60;3;4628
5103403;60;4;4068
5103403;70;1;12543
5103403;70;2;2069
5103403;70;3;1853
5103403;70;4;1155
5107602;10;1;15498
5107602;10;2;825
5107602;10;3;0
5107602;10;4;0
5107602;15;1;2869
5107602;15;2;6131
5107602;15;3;857
5107602;15;4;0
5107602;18;1;1255
5107602;18;2;2485
5107602;18;3;3528
5107602;18;4;58
5107602;20;1;3465
5107602;20;2;4550
5107602;20;3;9325
5107602;20;4;1426
5107602;25;1;4580
5107602;25;2;3579
5107602;25;3;7190
5107602;25;4;3220
5107602;30;1;5553
5107602;30;2;3191
5107602;30;3;6384
5107602;30;4;2848
5107602;35;1;6258
5107602;35;2;2864
5107602;35;3;4539
5107602;35;4;2196
5107602;40;1;6328
5107602;40;2;2320
5107602;40;3;3594
5107602;40;4;2160
5107602;45;1;5790
5107602;45;2;1864
5107602;45;3;2735
5107602;45;4;1626
5107602;50;1;5377
5107602;50;2;1546
5107602;50;3;1952
5107602;50;4;1056
5107602;55;1;4340
5107602;55;2;935
5107602;55;3;1134
5107602;55;4;780
5107602;60;1;6821
5107602;60;2;983
5107602;60;3;990
5107602;60;4;672
5107602;70;1;5970
5107602;70;2;316
5107602;70;3;326
5107602;70;4;129
5107909;10;1;10423
5107909;10;2;540
5107909;10;3;0
5107909;10;4;0
5107909;15;1;1795
5107909;15;2;3821
5107909;15;3;417
5107909;15;4;9
5107909;18;1;904
5107909;18;2;1376
5107909;18;3;2083
5107909;18;4;0
5107909;20;1;2283
5107909;20;2;2394
5107909;20;3;5903
5107909;20;4;701
5107909;25;1;2835
5107909;25;2;2161
5107909;25;3;4405
5107909;25;4;1637
5107909;30;1;3723
5107909;30;2;1950
5107909;30;3;3232
5107909;30;4;1469
5107909;35;1;3811
5107909;35;2;1712
5107909;35;3;2311
5107909;35;4;1238
5107909;40;1;3948
5107909;40;2;1266
5107909;40;3;2159
5107909;40;4;931
5107909;45;1;4034
5107909;45;2;873
5107909;45;3;1369
5107909;45;4;733
5107909;50;1;3090
5107909;50;2;762
5107909;50;3;764
5107909;50;4;501
5107909;55;1;2599
5107909;55;2;495
5107909;55;3;379
5107909;55;4;176
5107909;60;1;3431
5107909;60;2;320
5107909;60;3;201
5107909;60;4;149
5107909;70;1;2380
5107909;70;2;160
5107909;70;3;82
5107909;70;4;30
5108402;10;1;21305
5108402;10;2;1182
5108402;10;3;29
5108402;10;4;0
5108402;15;1;5141
5108402;15;2;6729
5108402;15;3;1095
5108402;15;4;10
5108402;18;1;2164
5108402;18;2;2859
5108402;18;3;3691
5108402;18;4;120
5108402;20;1;5691
5108402;20;2;5764
5108402;20;3;12042
5108402;20;4;1285
5108402;25;1;5382
5108402;25;2;5578
5108402;25;3;11099
5108402;25;4;2433
5108402;30;1;7187
5108402;30;2;5073
5108402;30;3;8545
5108402;30;4;2668
5108402;35;1;7554
5108402;35;2;4066
5108402;35;3;6519
5108402;35;4;1910
5108402;40;1;7418
5108402;40;2;3443
5108402;40;3;5027
5108402;40;4;1638
5108402;45;1;6875
5108402;45;2;2519
5108402;45;3;3684
5108402;45;4;1530
5108402;50;1;6509
5108402;50;2;1832
5108402;50;3;2377
5108402;50;4;944
5108402;55;1;5738
5108402;55;2;1183
5108402;55;3;1412
5108402;55;4;649
5108402;60;1;8215
5108402;60;2;1031
5108402;60;3;1246
5108402;60;4;534
5108402;70;1;6134
5108402;70;2;461
5108402;70;3;350
5108402;70;4;185
5200050;10;1;625
5200050;10;2;28
5200050;10;3;0
5200050;10;4;0
5200050;15;1;163
5200050;15;2;149
5200050;15;3;56
5200050;15;4;0
5200050;18;1;72
5200050;18;2;81
5200050;18;3;118
5200050;18;4;13
5200050;20;1;145
5200050;20;2;187
5200050;20;3;236
5200050;20;4;33
5200050;25;1;192
5200050;25;2;155
5200050;25;3;188
5200050;25;4;74
5200050;30;1;228
5200050;30;2;151
5200050;30;3;165
5200050;30;4;37
5200050;35;1;262
5200050;35;2;124
5200050;35;3;86
5200050;35;4;58
5200050;40;1;306
5200050;40;2;92
5200050;40;3;72
5200050;40;4;17
5200050;45;1;292
5200050;45;2;40
5200050;45;3;63
5200050;45;4;35
5200050;50;1;232
5200050;50;2;40
5200050;50;3;44
5200050;50;4;21
5200050;55;1;214
5200050;55;2;40
5200050;55;3;38
5200050;55;4;28
5200050;60;1;293
5200050;60;2;37
5200050;60;3;22
5200050;60;4;11
5200050;70;1;212
5200050;70;2;18
5200050;70;3;15
5200050;70;4;0
5200258;10;1;17288
5200258;10;2;595
5200258;10;3;17
5200258;10;4;0
5200258;15;1;4880
5200258;15;2;4187
5200258;15;3;449
5200258;15;4;0
5200258;18;1;1993
5200258;18;2;2020
5200258;18;3;1821
5200258;18;4;37
5200258;20;1;4332
5200258;20;2;4408
5200258;20;3;5926
5200258;20;4;281
5200258;25;1;5980
5200258;25;2;3604
5200258;25;3;5551
5200258;25;4;359
5200258;30;1;7228
5200258;30;2;3398
5200258;30;3;4117
5200258;30;4;429
5200258;35;1;7798
5200258;35;2;2834
5200258;35;3;2831
5200258;35;4;359
5200258;40;1;6858
5200258;40;2;2302
5200258;40;3;1898
5200258;40;4;108
5200258;45;1;5049
5200258;45;2;1350
5200258;45;3;1096
5200258;45;4;98
5200258;50;1;3615
5200258;50;2;788
5200258;50;3;461
5200258;50;4;66
5200258;55;1;2510
5200258;55;2;399
5200258;55;3;329
5200258;55;4;84
5200258;60;1;3423
5200258;60;2;332
5200258;60;3;248
5200258;60;4;14
5200258;70;1;1746
5200258;70;2;110
5200258;70;3;77
5200258;70;4;13
5201108;10;1;27335
5201108;10;2;1979
5201108;10;3;44
5201108;10;4;0
5201108;15;1;5901
5201108;15;2;10472
5201108;15;3;1141
5201108;15;4;16
5201108;18;1;1916
5201108;18;2;4136
5201108;18;3;5072
5201108;18;4;40
5201108;20;1;4930
5201108;20;2;6256
5201108;20;3;16882
5201108;20;4;2827
5201108;25;1;6054
5201108;25;2;4882
5201108;25;3;13433
5201108;25;4;4934
5201108;30;1;8190
5201108;30;2;5273
5201108;30;3;10729
5201108;30;4;4259
5201108;35;1;9277
5201108;35;2;5321
5201108;35;3;8395
5201108;35;4;3022
5201108;40;1;10465
5201108;40;2;4720
5201108;40;3;6681
5201108;40;4;2706
5201108;45;1;9604
5201108;45;2;4434
5201108;45;3;5550
5201108;45;4;2258
5201108;50;1;9468
5201108;50;2;3089
5201108;50;3;3969
5201108;50;4;1735
5201108;55;1;8600
5201108;55;2;1678
5201108;55;3;2444
5201108;55;4;1482
5201108;60;1;12906
5201108;60;2;2084
5201108;60;3;2308
5201108;60;4;1604
5201108;70;1;11758
5201108;70;2;1074
5201108;70;3;848
5201108;70;4;504
5201405;10;1;39755
5201405;10;2;1494
5201405;10;3;0
5201405;10;4;0
5201405;15;1;9994
5201405;15;2;12004
5201405;15;3;1254
5201405;15;4;28
5201405;18;1;4172
5201405;18;2;6344
5201405;18;3;6148
5201405;18;4;185
5201405;20;1;10827
5201405;20;2;11949
5201405;20;3;20253
5201405;20;4;2237
5201405;25;1;13223
5201405;25;2;9488
5201405;25;3;19637
5201405;25;4;4325
5201405;30;1;15635
5201405;30;2;8863
5201405;30;3;14849
5201405;30;4;4046
5201405;35;1;16443
5201405;35;2;7050
5201405;35;3;10060
5201405;35;4;3393
5201405;40;1;15470
5201405;40;2;6222
5201405;40;3;7857
5201405;40;4;2282
5201405;45;1;14121
5201405;45;2;4587
5201405;45;3;5882
5201405;45;4;1373
5201405;50;1;11974
5201405;50;2;3331
5201405;50;3;3616
5201405;50;4;1229
5201405;55;1;9756
5201405;55;2;1974
5201405;55;3;2399
5201405;55;4;779
5201405;60;1;13214
5201405;60;2;1795
5201405;60;3;1459
5201405;60;4;569
5201405;70;1;9451
5201405;70;2;403
5201405;70;3;396
5201405;70;4;163
5201801;10;1;714
5201801;10;2;30
5201801;10;3;0
5201801;10;4;0
5201801;15;1;252
5201801;15;2;198
5201801;15;3;12
5201801;15;4;0
5201801;18;1;90
5201801;18;2;88
5201801;18;3;84
5201801;18;4;0
5201801;20;1;204
5201801;20;2;136
5201801;20;3;302
5201801;20;4;25
5201801;25;1;294
5201801;25;2;102
5201801;25;3;220
5201801;25;4;44
5201801;30;1;347
5201801;30;2;84
5201801;30;3;185
5201801;30;4;47
5201801;35;1;340
5201801;35;2;128
5201801;35;3;151
5201801;35;4;35
5201801;40;1;359
5201801;40;2;82
5201801;40;3;114
5201801;40;4;37
5201801;45;1;360
5201801;45;2;49
5201801;45;3;82
5201801;45;4;34
5201801;50;1;354
5201801;50;2;41
5201801;50;3;76
5201801;50;4;42
5201801;55;1;282
5201801;55;2;28
5201801;55;3;30
5201801;55;4;15
5201801;60;1;439
5201801;60;2;47
5201801;60;3;50
5201801;60;4;16
5201801;70;1;370
5201801;70;2;17
5201801;70;3;9
5201801;70;4;6
5203559;10;1;686
5203559;10;2;42
5203559;10;3;0
5203559;10;4;0
5203559;15;1;178
5203559;15;2;189
5203559;15;3;27
5203559;15;4;0
5203559;18;1;93
5203559;18;2;89
5203559;18;3;69
5203559;18;4;3
5203559;20;1;208
5203559;20;2;142
5203559;20;3;260
5203559;20;4;13
5203559;25;1;275
5203559;25;2;131
5203559;25;3;207
5203559;25;4;30
5203559;30;1;341
5203559;30;2;132
5203559;30;3;151
5203559;30;4;40
5203559;35;1;310
5203559;35;2;98
5203559;35;3;97
5203559;35;4;36
5203559;40;1;300
5203559;40;2;92
5203559;40;3;112
5203559;40;4;21
5203559;45;1;264
5203559;45;2;101
5203559;45;3;80
5203559;45;4;15
5203559;50;1;291
5203559;50;2;52
5203559;50;3;39
5203559;50;4;10
5203559;55;1;264
5203559;55;2;21
5203559;55;3;15
5203559;55;4;13
5203559;60;1;361
5203559;60;2;36
5203559;60;3;42
5203559;60;4;10
5203559;70;1;278
5203559;70;2;19
5203559;70;3;12
5203559;70;4;3
5203609;10;1;267
5203609;10;2;44
5203609;10;3;0
5203609;10;4;0
5203609;15;1;60
5203609;15;2;106
5203609;15;3;9
5203609;15;4;0
5203609;18;1;24
5203609;18;2;36
5203609;18;3;43
5203609;18;4;0
5203609;20;1;44
5203609;20;2;53
5203609;20;3;162
5203609;20;4;10
5203609;25;1;64
5203609;25;2;45
5203609;25;3;100
5203609;25;4;23
5203609;30;1;147
5203609;30;2;41
5203609;30;3;63
5203609;30;4;3
5203609;35;1;180
5203609;35;2;30
5203609;35;3;33
5203609;35;4;5
5203609;40;1;136
5203609;40;2;51
5203609;40;3;84
5203609;40;4;5
5203609;45;1;121
5203609;45;2;24
5203609;45;3;48
5203609;45;4;11
5203609;50;1;149
5203609;50;2;13
5203609;50;3;29
5203609;50;4;10
5203609;55;1;107
5203609;55;2;12
5203609;55;3;22
5203609;55;4;4
5203609;60;1;200
5203609;60;2;10
5203609;60;3;24
5203609;60;4;3
5203609;70;1;182
5203609;70;2;0
5203609;70;3;0
5203609;70;4;0
5204557;10;1;270
5204557;10;2;21
5204557;10;3;0
5204557;10;4;0
5204557;15;1;67
5204557;15;2;91
5204557;15;3;7
5204557;15;4;0
5204557;18;1;23
5204557;18;2;31
5204557;18;3;30
5204557;18;4;8
5204557;20;1;76
5204557;20;2;75
5204557;20;3;92
5204557;20;4;16
5204557;25;1;70
5204557;25;2;99
5204557;25;3;89
5204557;25;4;36
5204557;30;1;103
5204557;30;2;54
5204557;30;3;118
5204557;30;4;16
5204557;35;1;138
5204557;35;2;67
5204557;35;3;33
5204557;35;4;24
5204557;40;1;136
5204557;40;2;50
5204557;40;3;25
5204557;40;4;4
5204557;45;1;137
5204557;45;2;37
5204557;45;3;31
5204557;45;4;0
5204557;50;1;171
5204557;50;2;26
5204557;50;3;13
5204557;50;4;9
5204557;55;1;126
5204557;55;2;12
5204557;55;3;16
5204557;55;4;11
5204557;60;1;202
5204557;60;2;17
5204557;60;3;25
5204557;60;4;7
5204557;70;1;137
5204557;70;2;8
5204557;70;3;3
5204557;70;4;8
5205109;10;1;6348
5205109;10;2;265
5205109;10;3;0
5205109;10;4;0
5205109;15;1;1348
5205109;15;2;2460
5205109;15;3;256
5205109;15;4;0
5205109;18;1;579
5205109;18;2;835
5205109;18;3;1595
5205109;18;4;23
5205109;20;1;1361
5205109;20;2;1629
5205109;20;3;4697
5205109;20;4;586
5205109;25;1;1535
5205109;25;2;1344
5205109;25;3;4152
5205109;25;4;1414
5205109;30;1;2059
5205109;30;2;1040
5205109;30;3;3229
5205109;30;4;1581
5205109;35;1;2618
5205109;35;2;1156
5205109;35;3;2150
5205109;35;4;1030
5205109;40;1;2787
5205109;40;2;933
5205109;40;3;2039
5205109;40;4;656
5205109;45;1;2622
5205109;45;2;934
5205109;45;3;1466
5205109;45;4;708
5205109;50;1;2170
5205109;50;2;923
5205109;50;3;1103
5205109;50;4;400
5205109;55;1;2428
5205109;55;2;614
5205109;55;3;750
5205109;55;4;386
5205109;60;1;3527
5205109;60;2;348
5205109;60;3;584
5205109;60;4;313
5205109;70;1;3040
5205109;70;2;184
5205109;70;3;166
5205109;70;4;65
5205497;10;1;5517
5205497;10;2;189
5205497;10;3;0
5205497;10;4;0
5205497;15;1;1366
5205497;15;2;1645
5205497;15;3;157
5205497;15;4;5
5205497;18;1;553
5205497;18;2;754
5205497;18;3;693
5205497;18;4;11
5205497;20;1;1176
5205497;20;2;1340
5205497;20;3;2505
5205497;20;4;195
5205497;25;1;1674
5205497;25;2;1245
5205497;25;3;2237
5205497;25;4;374
5205497;30;1;1975
5205497;30;2;1083
5205497;30;3;1826
5205497;30;4;410
5205497;35;1;2042
5205497;35;2;894
5205497;35;3;1318
5205497;35;4;282
5205497;40;1;1770
5205497;40;2;608
5205497;40;3;1098
5205497;40;4;271
5205497;45;1;1507
5205497;45;2;459
5205497;45;3;794
5205497;45;4;175
5205497;50;1;1085
5205497;50;2;322
5205497;50;3;797
5205497;50;4;161
5205497;55;1;869
5205497;55;2;363
5205497;55;3;367
5205497;55;4;68
5205497;60;1;1304
5205497;60;2;245
5205497;60;3;190
5205497;60;4;67
5205497;70;1;975
5205497;70;2;95
5205497;70;3;74
5205497;70;4;40
5208004;10;1;8945
5208004;10;2;666
5208004;10;3;35
5208004;10;4;0
5208004;15;1;1949
5208004;15;2;3458
5208004;15;3;421
5208004;15;4;0
5208004;18;1;755
5208004;18;2;1105
5208004;18;3;1670
5208004;18;4;57
5208004;20;1;2405
5208004;20;2;2073
5208004;20;3;4554
5208004;20;4;593
5208004;25;1;2494
5208004;25;2;1316
5208004;25;3;4268
5208004;25;4;1490
5208004;30;1;3377
5208004;30;2;1282
5208004;30;3;3173
5208004;30;4;1225
5208004;35;1;3259
5208004;35;2;1140
5208004;35;3;2014
5208004;35;4;1150
5208004;40;1;3236
5208004;40;2;1021
5208004;40;3;1583
5208004;40;4;789
5208004;45;1;2825
5208004;45;2;819
5208004;45;3;1262
5208004;45;4;748
5208004;50;1;2489
5208004;50;2;621
5208004;50;3;669
5208004;50;4;600
5208004;55;1;2408
5208004;55;2;365
5208004;55;3;494
5208004;55;4;190
5208004;60;1;3580
5208004;60;2;337
5208004;60;3;306
5208004;60;4;207
5208004;70;1;2659
5208004;70;2;240
5208004;70;3;154
5208004;70;4;111
5208509;10;1;379
5208509;10;2;13
5208509;10;3;0
5208509;10;4;0
5208509;15;1;64
5208509;15;2;164
5208509;15;3;7
5208509;15;4;0
5208509;18;1;17
5208509;18;2;57
5208509;18;3;80
5208509;18;4;0
5208509;20;1;45
5208509;20;2;56
5208509;20;3;250
5208509;20;4;36
5208509;25;1;81
5208509;25;2;112
5208509;25;3;159
5208509;25;4;66
5208509;30;1;96
5208509;30;2;80
5208509;30;3;148
5208509;30;4;53
5208509;35;1;98
5208509;35;2;72
5208509;35;3;141
5208509;35;4;69
5208509;40;1;150
5208509;40;2;47
5208509;40;3;111
5208509;40;4;49
5208509;45;1;188
5208509;45;2;65
5208509;45;3;107
5208509;45;4;39
5208509;50;1;151
5208509;50;2;43
5208509;50;3;77
5208509;50;4;19
5208509;55;1;191
5208509;55;2;43
5208509;55;3;54
5208509;55;4;14
5208509;60;1;344
5208509;60;2;49
5208509;60;3;66
5208509;60;4;22
5208509;70;1;347
5208509;70;2;23
5208509;70;3;17
5208509;70;4;6
5208707;10;1;92394
5208707;10;2;5934
5208707;10;3;128
5208707;10;4;0
5208707;15;1;18106
5208707;15;2;38968
5208707;15;3;5988
5208707;15;4;58
5208707;18;1;6767
5208707;18;2;14555
5208707;18;3;23613
5208707;18;4;817
5208707;20;1;17915
5208707;20;2;24692
5208707;20;3;74333
5208707;20;4;13963
5208707;25;1;21001
5208707;25;2;20371
5208707;25;3;58093
5208707;25;4;32736
5208707;30;1;27340
5208707;30;2;20446
5208707;30;3;44642
5208707;30;4;28873
5208707;35;1;28895
5208707;35;2;18052
5208707;35;3;34127
5208707;35;4;21358
5208707;40;1;29323
5208707;40;2;16032
5208707;40;3;29093
5208707;40;4;18695
5208707;45;1;26509
5208707;45;2;13812
5208707;45;3;25948
5208707;45;4;17782
5208707;50;1;25677
5208707;50;2;11084
5208707;50;3;19421
5208707;50;4;13852
5208707;55;1;22193
5208707;55;2;8123
5208707;55;3;15788
5208707;55;4;11819
5208707;60;1;35708
5208707;60;2;8646
5208707;60;3;15136
5208707;60;4;12496
5208707;70;1;34546
5208707;70;2;5246
5208707;70;3;7059
5208707;70;4;5248
5208806;10;1;3213
5208806;10;2;103
5208806;10;3;0
5208806;10;4;0
5208806;15;1;764
5208806;15;2;956
5208806;15;3;101
5208806;15;4;0
5208806;18;1;341
5208806;18;2;445
5208806;18;3;315
5208806;18;4;8
5208806;20;1;1089
5208806;20;2;826
5208806;20;3;1141
5208806;20;4;55
5208806;25;1;1397
5208806;25;2;625
5208806;25;3;1237
5208806;25;4;198
5208806;30;1;1625
5208806;30;2;725
5208806;30;3;963
5208806;30;4;140
5208806;35;1;1474
5208806;35;2;525
5208806;35;3;596
5208806;35;4;65
5208806;40;1;1273
5208806;40;2;443
5208806;40;3;510
5208806;40;4;26
5208806;45;1;1222
5208806;45;2;393
5208806;45;3;254
5208806;45;4;93
5208806;50;1;1124
5208806;50;2;156
5208806;50;3;214
5208806;50;4;56
5208806;55;1;797
5208806;55;2;116
5208806;55;3;155
5208806;55;4;44
5208806;60;1;1312
5208806;60;2;86
5208806;60;3;60
5208806;60;4;6
5208806;70;1;922
5208806;70;2;14
5208806;70;3;71
5208806;70;4;25
5209200;10;1;1280
5209200;10;2;42
5209200;10;3;0
5209200;10;4;0
5209200;15;1;368
5209200;15;2;351
5209200;15;3;56
5209200;15;4;0
5209200;18;1;156
5209200;18;2;139
5209200;18;3;189
5209200;18;4;0
5209200;20;1;301
5209200;20;2;189
5209200;20;3;492
5209200;20;4;38
5209200;25;1;467
5209200;25;2;241
5209200;25;3;340
5209200;25;4;44
5209200;30;1;631
5209200;30;2;175
5209200;30;3;302
5209200;30;4;65
5209200;35;1;665
5209200;35;2;159
5209200;35;3;275
5209200;35;4;47
5209200;40;1;605
5209200;40;2;113
5209200;40;3;210
5209200;40;4;72
5209200;45;1;539
5209200;45;2;113
5209200;45;3;139
5209200;45;4;42
5209200;50;1;487
5209200;50;2;102
5209200;50;3;144
5209200;50;4;22
5209200;55;1;533
5209200;55;2;52
5209200;55;3;106
5209200;55;4;15
5209200;60;1;785
5209200;60;2;55
5209200;60;3;90
5209200;60;4;5
5209200;70;1;553
5209200;70;2;39
5209200;70;3;24
5209200;70;4;4
5209705;10;1;1564
5209705;10;2;21
5209705;10;3;0
5209705;10;4;0
5209705;15;1;376
5209705;15;2;443
5209705;15;3;34
5209705;15;4;0
5209705;18;1;104
5209705;18;2;266
5209705;18;3;214
5209705;18;4;0
5209705;20;1;453
5209705;20;2;432
5209705;20;3;580
5209705;20;4;66
5209705;25;1;582
5209705;25;2;243
5209705;25;3;502
5209705;25;4;209
5209705;30;1;641
5209705;30;2;268
5209705;30;3;507
5209705;30;4;116
5209705;35;1;703
5209705;35;2;203
5209705;35;3;318
5209705;35;4;114
5209705;40;1;642
5209705;40;2;170
5209705;40;3;238
5209705;40;4;69
5209705;45;1;579
5209705;45;2;187
5209705;45;3;206
5209705;45;4;92
5209705;50;1;540
5209705;50;2;117
5209705;50;3;163
5209705;50;4;66
5209705;55;1;478
5209705;55;2;135
5209705;55;3;120
5209705;55;4;53
5209705;60;1;859
5209705;60;2;87
5209705;60;3;108
5209705;60;4;45
5209705;70;1;670
5209705;70;2;29
5209705;70;3;33
5209705;70;4;23
5212501;10;1;17475
5212501;10;2;785
5212501;10;3;38
5212501;10;4;0
5212501;15;1;4548
5212501;15;2;5115
5212501;15;3;507
5212501;15;4;0
5212501;18;1;1895
5212501;18;2;2104
5212501;18;3;2077
5212501;18;4;38
5212501;20;1;4267
5212501;20;2;3861
5212501;20;3;7294
5212501;20;4;498
5212501;25;1;5140
5212501;25;2;3211
5212501;25;3;6915
5212501;25;4;988
5212501;30;1;7252
5212501;30;2;2596
5212501;30;3;5109
5212501;30;4;923
5212501;35;1;6974
5212501;35;2;2459
5212501;35;3;3577
5212501;35;4;825
5212501;40;1;6511
5212501;40;2;1673
5212501;40;3;2912
5212501;40;4;651
5212501;45;1;5560
5212501;45;2;1389
5212501;45;3;1739
5212501;45;4;602
5212501;50;1;4399
5212501;50;2;1131
5212501;50;3;988
5212501;50;4;359
5212501;55;1;3743
5212501;55;2;622
5212501;55;3;549
5212501;55;4;225
5212501;60;1;5492
5212501;60;2;490
5212501;60;3;452
5212501;60;4;269
5212501;70;1;4048
5212501;70;2;276
5212501;70;3;208
5212501;70;4;61
5214507;10;1;2089
5214507;10;2;54
5214507;10;3;0
5214507;10;4;0
5214507;15;1;426
5214507;15;2;525
5214507;15;3;88
5214507;15;4;0
5214507;18;1;150
5214507;18;2;306
5214507;18;3;481
5214507;18;4;21
5214507;20;1;441
5214507;20;2;658
5214507;20;3;1198
5214507;20;4;93
5214507;25;1;593
5214507;25;2;410
5214507;25;3;1047
5214507;25;4;188
5214507;30;1;808
5214507;30;2;496
5214507;30;3;647
5214507;30;4;159
5214507;35;1;859
5214507;35;2;393
5214507;35;3;530
5214507;35;4;139
5214507;40;1;865
5214507;40;2;295
5214507;40;3;481
5214507;40;4;111
5214507;45;1;828
5214507;45;2;299
5214507;45;3;226
5214507;45;4;131
5214507;50;1;691
5214507;50;2;207
5214507;50;3;163
5214507;50;4;52
5214507;55;1;718
5214507;55;2;122
5214507;55;3;103
5214507;55;4;22
5214507;60;1;1007
5214507;60;2;86
5214507;60;3;113
5214507;60;4;23
5214507;70;1;797
5214507;70;2;27
5214507;70;3;89
5214507;70;4;12
5215009;10;1;638
5215009;10;2;51
5215009;10;3;4
5215009;10;4;0
5215009;15;1;122
5215009;15;2;242
5215009;15;3;18
5215009;15;4;0
5215009;18;1;36
5215009;18;2;94
5215009;18;3;141
5215009;18;4;0
5215009;20;1;193
5215009;20;2;126
5215009;20;3;394
5215009;20;4;26
5215009;25;1;254
5215009;25;2;133
5215009;25;3;302
5215009;25;4;48
5215009;30;1;289
5215009;30;2;99
5215009;30;3;186
5215009;30;4;52
5215009;35;1;281
5215009;35;2;107
5215009;35;3;189
5215009;35;4;47
5215009;40;1;345
5215009;40;2;75
5215009;40;3;170
5215009;40;4;40
5215009;45;1;377
5215009;45;2;68
5215009;45;3;83
5215009;45;4;15
5215009;50;1;328
5215009;50;2;31
5215009;50;3;92
5215009;50;4;12
5215009;55;1;189
5215009;55;2;28
5215009;55;3;76
5215009;55;4;8
5215009;60;1;422
5215009;60;2;17
5215009;60;3;58
5215009;60;4;29
5215009;70;1;388
5215009;70;2;4
5215009;70;3;21
5215009;70;4;7
5215231;10;1;9734
5215231;10;2;332
5215231;10;3;0
5215231;10;4;0
5215231;15;1;3045
5215231;15;2;2291
5215231;15;3;265
5215231;15;4;0
5215231;18;1;1151
5215231;18;2;1113
5215231;18;3;815
5215231;18;4;16
5215231;20;1;3117
5215231;20;2;2222
5215231;20;3;3503
5215231;20;4;168
5215231;25;1;3159
5215231;25;2;2009
5215231;25;3;3548
5215231;25;4;325
5215231;30;1;3629
5215231;30;2;1769
5215231;30;3;2981
5215231;30;4;432
5215231;35;1;4301
5215231;35;2;1303
5215231;35;3;2092
5215231;35;4;245
5215231;40;1;3638
5215231;40;2;994
5215231;40;3;1724
5215231;40;4;164
5215231;45;1;2944
5215231;45;2;667
5215231;45;3;969
5215231;45;4;144
5215231;50;1;2169
5215231;50;2;497
5215231;50;3;524
5215231;50;4;108
5215231;55;1;1814
5215231;55;2;271
5215231;55;3;240
5215231;55;4;76
5215231;60;1;2499
5215231;60;2;255
5215231;60;3;267
5215231;60;4;32
5215231;70;1;1488
5215231;70;2;36
5215231;70;3;78
5215231;70;4;17
5215504;10;1;399
5215504;10;2;4
5215504;10;3;2
5215504;10;4;0
5215504;15;1;86
5215504;15;2;100
5215504;15;3;10
5215504;15;4;0
5215504;18;1;41
5215504;18;2;31
5215504;18;3;93
5215504;18;4;0
5215504;20;1;62
5215504;20;2;85
5215504;20;3;260
5215504;20;4;16
5215504;25;1;81
5215504;25;2;59
5215504;25;3;229
5215504;25;4;114
5215504;30;1;134
5215504;30;2;61
5215504;30;3;190
5215504;30;4;77
5215504;35;1;160
5215504;35;2;54
5215504;35;3;187
5215504;35;4;36
5215504;40;1;178
5215504;40;2;56
5215504;40;3;127
5215504;40;4;30
5215504;45;1;202
5215504;45;2;50
5215504;45;3;86
5215504;45;4;26
5215504;50;1;205
5215504;50;2;30
5215504;50;3;71
5215504;50;4;18
5215504;55;1;148
5215504;55;2;27
5215504;55;3;39
5215504;55;4;12
5215504;60;1;361
5215504;60;2;31
5215504;60;3;16
5215504;60;4;4
5215504;70;1;297
5215504;70;2;15
5215504;70;3;13
5215504;70;4;6
5215603;10;1;2980
5215603;10;2;59
5215603;10;3;0
5215603;10;4;0
5215603;15;1;994
5215603;15;2;660
5215603;15;3;72
5215603;15;4;0
5215603;18;1;314
5215603;18;2;276
5215603;18;3;277
5215603;18;4;19
5215603;20;1;802
5215603;20;2;600
5215603;20;3;751
5215603;20;4;64
5215603;25;1;1007
5215603;25;2;502
5215603;25;3;655
5215603;25;4;40
5215603;30;1;1197
5215603;30;2;364
5215603;30;3;561
5215603;30;4;54
5215603;35;1;1217
5215603;35;2;315
5215603;35;3;286
5215603;35;4;75
5215603;40;1;1153
5215603;40;2;291
5215603;40;3;334
5215603;40;4;65
5215603;45;1;1078
5215603;45;2;182
5215603;45;3;184
5215603;45;4;29
5215603;50;1;1009
5215603;50;2;116
5215603;50;3;162
5215603;50;4;46
5215603;55;1;738
5215603;55;2;57
5215603;55;3;55
5215603;55;4;63
5215603;60;1;1287
5215603;60;2;122
5215603;60;3;74
5215603;60;4;30
5215603;70;1;961
5215603;70;2;81
5215603;70;3;71
5215603;70;4;10
5217609;10;1;9027
5217609;10;2;245
5217609;10;3;0
5217609;10;4;0
5217609;15;1;2738
5217609;15;2;2180
5217609;15;3;141
5217609;15;4;0
5217609;18;1;907
5217609;18;2;1373
5217609;18;3;1036
5217609;18;4;0
5217609;20;1;2492
5217609;20;2;1747
5217609;20;3;3316
5217609;20;4;180
5217609;25;1;2602
5217609;25;2;1496
5217609;25;3;3309
5217609;25;4;302
5217609;30;1;3414
5217609;30;2;1121
5217609;30;3;2431
5217609;30;4;424
5217609;35;1;3447
5217609;35;2;948
5217609;35;3;1446
5217609;35;4;318
5217609;40;1;3265
5217609;40;2;635
5217609;40;3;1111
5217609;40;4;215
5217609;45;1;2624
5217609;45;2;680
5217609;45;3;576
5217609;45;4;142
5217609;50;1;2308
5217609;50;2;394
5217609;50;3;295
5217609;50;4;102
5217609;55;1;1845
5217609;55;2;168
5217609;55;3;237
5217609;55;4;97
5217609;60;1;2590
5217609;60;2;191
5217609;60;3;208
5217609;60;4;40
5217609;70;1;1667
5217609;70;2;65
5217609;70;3;16
5217609;70;4;9
5218805;10;1;12997
5218805;10;2;805
5218805;10;3;30
5218805;10;4;0
5218805;15;1;2964
5218805;15;2;4725
5218805;15;3;715
5218805;15;4;10
5218805;18;1;1388
5218805;18;2;2162
5218805;18;3;3024
5218805;18;4;102
5218805;20;1;5133
5218805;20;2;4879
5218805;20;3;8368
5218805;20;4;1254
5218805;25;1;5618
5218805;25;2;4096
5218805;25;3;7130
5218805;25;4;2444
5218805;30;1;6032
5218805;30;2;2947
5218805;30;3;5078
5218805;30;4;2166
5218805;35;1;5915
5218805;35;2;2288
5218805;35;3;3666
5218805;35;4;1734
5218805;40;1;6008
5218805;40;2;1899
5218805;40;3;2748
5218805;40;4;1432
5218805;45;1;5238
5218805;45;2;1605
5218805;45;3;2231
5218805;45;4;1165
5218805;50;1;4780
5218805;50;2;1007
5218805;50;3;1245
5218805;50;4;857
5218805;55;1;4304
5218805;55;2;782
5218805;55;3;749
5218805;55;4;646
5218805;60;1;6666
5218805;60;2;588
5218805;60;3;652
5218805;60;4;287
5218805;70;1;5103
5218805;70;2;274
5218805;70;3;221
5218805;70;4;99
5219738;10;1;429
5219738;10;2;17
5219738;10;3;0
5219738;10;4;0
5219738;15;1;105
5219738;15;2;151
5219738;15;3;12
5219738;15;4;0
5219738;18;1;39
5219738;18;2;46
5219738;18;3;94
5219738;18;4;3
5219738;20;1;108
5219738;20;2;113
5219738;20;3;174
5219738;20;4;18
5219738;25;1;145
5219738;25;2;77
5219738;25;3;174
5219738;25;4;50
5219738;30;1;173
5219738;30;2;76
5219738;30;3;143
5219738;30;4;22
5219738;35;1;187
5219738;35;2;67
5219738;35;3;119
5219738;35;4;16
5219738;40;1;174
5219738;40;2;81
5219738;40;3;126
5219738;40;4;11
5219738;45;1;147
5219738;45;2;35
5219738;45;3;59
5219738;45;4;17
5219738;50;1;143
5219738;50;2;27
5219738;50;3;48
5219738;50;4;12
5219738;55;1;134
5219738;55;2;23
5219738;55;3;10
5219738;55;4;4
5219738;60;1;186
5219738;60;2;10
5219738;60;3;16
5219738;60;4;16
5219738;70;1;117
5219738;70;2;9
5219738;70;3;0
5219738;70;4;2
5219753;10;1;6613
5219753;10;2;263
5219753;10;3;15
5219753;10;4;0
5219753;15;1;2142
5219753;15;2;1542
5219753;15;3;174
5219753;15;4;0
5219753;18;1;835
5219753;18;2;933
5219753;18;3;563
5219753;18;4;9
5219753;20;1;1847
5219753;20;2;1437
5219753;20;3;2418
5219753;20;4;73
5219753;25;1;2273
5219753;25;2;1139
5219753;25;3;2247
5219753;25;4;251
5219753;30;1;2574
5219753;30;2;997
5219753;30;3;1879
5219753;30;4;301
5219753;35;1;2849
5219753;35;2;882
5219753;35;3;953
5219753;35;4;174
5219753;40;1;2581
5219753;40;2;552
5219753;40;3;963
5219753;40;4;106
5219753;45;1;1972
5219753;45;2;458
5219753;45;3;542
5219753;45;4;65
5219753;50;1;1619
5219753;50;2;329
5219753;50;3;190
5219753;50;4;37
5219753;55;1;1504
5219753;55;2;86
5219753;55;3;194
5219753;55;4;49
5219753;60;1;1931
5219753;60;2;205
5219753;60;3;126
5219753;60;4;49
5219753;70;1;1363
5219753;70;2;41
5219753;70;3;51
5219753;70;4;23
5220454;10;1;7984
5220454;10;2;334
5220454;10;3;0
5220454;10;4;0
5220454;15;1;2096
5220454;15;2;2362
5220454;15;3;271
5220454;15;4;11
5220454;18;1;898
5220454;18;2;1390
5220454;18;3;1037
5220454;18;4;35
5220454;20;1;2195
5220454;20;2;2483
5220454;20;3;3790
5220454;20;4;252
5220454;25;1;2686
5220454;25;2;1749
5220454;25;3;3546
5220454;25;4;397
5220454;30;1;3560
5220454;30;2;1376
5220454;30;3;2558
5220454;30;4;420
5220454;35;1;2984
5220454;35;2;1352
5220454;35;3;1802
5220454;35;4;386
5220454;40;1;3232
5220454;40;2;1092
5220454;40;3;1388
5220454;40;4;350
5220454;45;1;2606
5220454;45;2;870
5220454;45;3;926
5220454;45;4;210
5220454;50;1;2134
5220454;50;2;608
5220454;50;3;541
5220454;50;4;125
5220454;55;1;1663
5220454;55;2;379
5220454;55;3;384
5220454;55;4;33
5220454;60;1;2349
5220454;60;2;305
5220454;60;3;236
5220454;60;4;47
5220454;70;1;1766
5220454;70;2;61
5220454;70;3;75
5220454;70;4;10
5221304;10;1;222
5221304;10;2;10
5221304;10;3;0
5221304;10;4;0
5221304;15;1;44
5221304;15;2;71
5221304;15;3;11
5221304;15;4;0
5221304;18;1;9
5221304;18;2;49
5221304;18;3;35
5221304;18;4;0
5221304;20;1;54
5221304;20;2;77
5221304;20;3;62
5221304;20;4;15
5221304;25;1;46
5221304;25;2;55
5221304;25;3;59
5221304;25;4;31
5221304;30;1;63
5221304;30;2;46
5221304;30;3;70
5221304;30;4;30
5221304;35;1;81
5221304;35;2;66
5221304;35;3;55
5221304;35;4;15
5221304;40;1;59
5221304;40;2;86
5221304;40;3;57
5221304;40;4;38
5221304;45;1;72
5221304;45;2;46
5221304;45;3;38
5221304;45;4;16
5221304;50;1;102
5221304;50;2;42
5221304;50;3;36
5221304;50;4;14
5221304;55;1;89
5221304;55;2;28
5221304;55;3;32
5221304;55;4;9
5221304;60;1;199
5221304;60;2;23
5221304;60;3;24
5221304;60;4;5
5221304;70;1;144
5221304;70;2;16
5221304;70;3;0
5221304;70;4;5
5221403;10;1;9140
5221403;10;2;492
5221403;10;3;0
5221403;10;4;0
5221403;15;1;2546
5221403;15;2;2758
5221403;15;3;320
5221403;15;4;0
5221403;18;1;978
5221403;18;2;1442
5221403;18;3;1162
5221403;18;4;46
5221403;20;1;2474
5221403;20;2;2358
5221403;20;3;4145
5221403;20;4;433
5221403;25;1;2827
5221403;25;2;1938
5221403;25;3;3772
5221403;25;4;780
5221403;30;1;3707
5221403;30;2;1951
5221403;30;3;3089
5221403;30;4;452
5221403;35;1;4138
5221403;35;2;1711
5221403;35;3;2015
5221403;35;4;395
5221403;40;1;3813
5221403;40;2;1457
5221403;40;3;1696
5221403;40;4;404
5221403;45;1;3820
5221403;45;2;1189
5221403;45;3;1163
5221403;45;4;295
5221403;50;1;3507
5221403;50;2;833
5221403;50;3;792
5221403;50;4;310
5221403;55;1;2812
5221403;55;2;495
5221403;55;3;473
5221403;55;4;168
5221403;60;1;4404
5221403;60;2;397
5221403;60;3;500
5221403;60;4;118
5221403;70;1;3385
5221403;70;2;248
5221403;70;3;104
5221403;70;4;53
5221858;10;1;12411
5221858;10;2;526
5221858;10;3;12
5221858;10;4;0
5221858;15;1;3029
5221858;15;2;3855
5221858;15;3;280
5221858;15;4;14
5221858;18;1;955
5221858;18;2;1522
5221858;18;3;1851
5221858;18;4;73
5221858;20;1;2690
5221858;20;2;3255
5221858;20;3;6694
5221858;20;4;627
5221858;25;1;3432
5221858;25;2;2893
5221858;25;3;6720
5221858;25;4;1250
5221858;30;1;3700
5221858;30;2;2598
5221858;30;3;5929
5221858;30;4;1097
5221858;35;1;4149
5221858;35;2;2258
5221858;35;3;3746
5221858;35;4;914
5221858;40;1;3465
5221858;40;2;1571
5221858;40;3;3153
5221858;40;4;892
5221858;45;1;3123
5221858;45;2;1140
5221858;45;3;2400
5221858;45;4;581
5221858;50;1;2285
5221858;50;2;964
5221858;50;3;1466
5221858;50;4;469
5221858;55;1;1818
5221858;55;2;650
5221858;55;3;885
5221858;55;4;272
5221858;60;1;2370
5221858;60;2;571
5221858;60;3;715
5221858;60;4;300
5221858;70;1;1737
5221858;70;2;251
5221858;70;3;273
5221858;70;4;54
5300108;10;1;210141
5300108;10;2;7218
5300108;10;3;241
5300108;10;4;0
5300108;15;1;44079
5300108;15;2;75838
5300108;15;3;7126
5300108;15;4;58
5300108;18;1;14077
5300108;18;2;29945
5300108;18;3;42929
5300108;18;4;1312
5300108;20;1;41714
5300108;20;2;43687
5300108;20;3;135196
5300108;20;4;23273
5300108;25;1;47917
5300108;25;2;41855
5300108;25;3;111881
5300108;25;4;64353
5300108;30;1;57816
5300108;30;2;36913
5300108;30;3;92437
5300108;30;4;64056
5300108;35;1;58429
5300108;35;2;30468
5300108;35;3;70556
5300108;35;4;52123
5300108;40;1;55371
5300108;40;2;28002
5300108;40;3;57492
5300108;40;4;46150
5300108;45;1;49611
5300108;45;2;21869
5300108;45;3;46251
5300108;45;4;39417
5300108;50;1;42579
5300108;50;2;17345
5300108;50;3;33386
5300108;50;4;30698
5300108;55;1;36589
5300108;55;2;11845
5300108;55;3;23174
5300108;55;4;23922
5300108;60;1;54748
5300108;60;2;13954
5300108;60;3;23948
5300108;60;4;25673
5300108;70;1;47941
5300108;70;2;7945
5300108;70;3;11471
5300108;70;4;11885
