isic_12,eco
Agriculture,4682.470341
Business,0.3686246574605
Construction,0.258691761
Financial,0
Government,15.9126798393847
Manufacturing,58.638029918912
Mining,248.044231216361
OtherServices,0.450970517
RealEstate,0
Trade,6.61949883085414
Transport,537.1449606
Utilities,616.6180272
