codemun,ano,qtde_vinc_ativos
110012,2010,9983.3
110012,2011,10229.2
110012,2012,10481.1
110012,2013,10739.3
110012,2014,11003.7
110012,2015,11274.7
110012,2016,11552.4
110012,2017,11836.9
110012,2018,12128.4
110012,2019,12427.1
110012,2020,12733.2
110012,2021,12733.2
110012,2022,12733.2
110012,2023,12733.2
110012,2024,12733.2
110012,2025,12733.2
110012,2026,12733.2
110012,2027,12733.2
110012,2028,12733.2
110012,2029,12733.2
110012,2030,12733.2
110012,2031,12733.2
110012,2032,12733.2
110012,2033,12733.2
110012,2034,12733.2
110012,2035,12733.2
110012,2036,12733.2
110012,2037,12733.2
110012,2038,12733.2
110012,2039,12733.2
110012,2040,12733.2
110012,2041,12733.2
110012,2042,12733.2
110012,2043,12733.2
110012,2044,12733.2
110012,2045,12733.2
110020,2010,56103.1
110020,2011,56277.9
110020,2012,56453.2
110020,2013,56629.1
110020,2014,56805.5
110020,2015,56982.5
110020,2016,57160.0
110020,2017,57338.1
110020,2018,57516.7
110020,2019,57695.9
110020,2020,57875.6
110020,2021,57875.6
110020,2022,57875.6
110020,2023,57875.6
110020,2024,57875.6
110020,2025,57875.6
110020,2026,57875.6
110020,2027,57875.6
110020,2028,57875.6
110020,2029,57875.6
110020,2030,57875.6
110020,2031,57875.6
110020,2032,57875.6
110020,2033,57875.6
110020,2034,57875.6
110020,2035,57875.6
110020,2036,57875.6
110020,2037,57875.6
110020,2038,57875.6
110020,2039,57875.6
110020,2040,57875.6
110020,2041,57875.6
110020,2042,57875.6
110020,2043,57875.6
110020,2044,57875.6
110020,2045,57875.6
110080,2010,1274.4
110080,2011,1278.3
110080,2012,1282.3
110080,2013,1286.3
110080,2014,1290.3
110080,2015,1294.3
110080,2016,1298.4
110080,2017,1302.4
110080,2018,1306.5
110080,2019,1310.5
110080,2020,1314.6
110080,2021,1314.6
110080,2022,1314.6
110080,2023,1314.6
110080,2024,1314.6
110080,2025,1314.6
110080,2026,1314.6
110080,2027,1314.6
110080,2028,1314.6
110080,2029,1314.6
110080,2030,1314.6
110080,2031,1314.6
110080,2032,1314.6
110080,2033,1314.6
110080,2034,1314.6
110080,2035,1314.6
110080,2036,1314.6
110080,2037,1314.6
110080,2038,1314.6
110080,2039,1314.6
110080,2040,1314.6
110080,2041,1314.6
110080,2042,1314.6
110080,2043,1314.6
110080,2044,1314.6
110080,2045,1314.6
120040,2010,25416.7
120040,2011,25304.3
120040,2012,25192.5
120040,2013,25081.2
120040,2014,24970.3
120040,2015,24859.9
120040,2016,24750.1
120040,2017,24640.7
120040,2018,24531.8
120040,2019,24423.4
120040,2020,24315.4
120040,2021,24315.4
120040,2022,24315.4
120040,2023,24315.4
120040,2024,24315.4
120040,2025,24315.4
120040,2026,24315.4
120040,2027,24315.4
120040,2028,24315.4
120040,2029,24315.4
120040,2030,24315.4
120040,2031,24315.4
120040,2032,24315.4
120040,2033,24315.4
120040,2034,24315.4
120040,2035,24315.4
120040,2036,24315.4
120040,2037,24315.4
120040,2038,24315.4
120040,2039,24315.4
120040,2040,24315.4
120040,2041,24315.4
120040,2042,24315.4
120040,2043,24315.4
120040,2044,24315.4
120040,2045,24315.4
130260,2010,134416.1
130260,2011,135413.2
130260,2012,136417.7
130260,2013,137429.7
130260,2014,138449.1
130260,2015,139476.1
130260,2016,140510.7
130260,2017,141553.1
130260,2018,142603.1
130260,2019,143660.9
130260,2020,144726.6
130260,2021,144726.6
130260,2022,144726.6
130260,2023,144726.6
130260,2024,144726.6
130260,2025,144726.6
130260,2026,144726.6
130260,2027,144726.6
130260,2028,144726.6
130260,2029,144726.6
130260,2030,144726.6
130260,2031,144726.6
130260,2032,144726.6
130260,2033,144726.6
130260,2034,144726.6
130260,2035,144726.6
130260,2036,144726.6
130260,2037,144726.6
130260,2038,144726.6
130260,2039,144726.6
130260,2040,144726.6
130260,2041,144726.6
130260,2042,144726.6
130260,2043,144726.6
130260,2044,144726.6
130260,2045,144726.6
130340,2010,3849.2
130340,2011,3574.1
130340,2012,3318.6
130340,2013,3081.4
130340,2014,2861.1
130340,2015,2656.6
130340,2016,2466.7
130340,2017,2290.4
130340,2018,2126.7
130340,2019,1974.7
130340,2020,1833.5
130340,2021,1833.5
130340,2022,1833.5
130340,2023,1833.5
130340,2024,1833.5
130340,2025,1833.5
130340,2026,1833.5
130340,2027,1833.5
130340,2028,1833.5
130340,2029,1833.5
130340,2030,1833.5
130340,2031,1833.5
130340,2032,1833.5
130340,2033,1833.5
130340,2034,1833.5
130340,2035,1833.5
130340,2036,1833.5
130340,2037,1833.5
130340,2038,1833.5
130340,2039,1833.5
130340,2040,1833.5
130340,2041,1833.5
130340,2042,1833.5
130340,2043,1833.5
130340,2044,1833.5
130340,2045,1833.5
140010,2010,61537.4
140010,2011,62471.0
140010,2012,63418.7
140010,2013,64380.8
140010,2014,65357.5
140010,2015,66349.0
140010,2016,67355.6
140010,2017,68377.4
140010,2018,69414.8
140010,2019,70467.8
140010,2020,71536.9
140010,2021,71536.9
140010,2022,71536.9
140010,2023,71536.9
140010,2024,71536.9
140010,2025,71536.9
140010,2026,71536.9
140010,2027,71536.9
140010,2028,71536.9
140010,2029,71536.9
140010,2030,71536.9
140010,2031,71536.9
140010,2032,71536.9
140010,2033,71536.9
140010,2034,71536.9
140010,2035,71536.9
140010,2036,71536.9
140010,2037,71536.9
140010,2038,71536.9
140010,2039,71536.9
140010,2040,71536.9
140010,2041,71536.9
140010,2042,71536.9
140010,2043,71536.9
140010,2044,71536.9
140010,2045,71536.9
150010,2010,10725.0
150010,2011,11027.9
150010,2012,11339.5
150010,2013,11659.8
150010,2014,11989.1
150010,2015,12327.8
150010,2016,12676.0
150010,2017,13034.1
150010,2018,13402.3
150010,2019,13780.9
150010,2020,14170.2
150010,2021,14170.2
150010,2022,14170.2
150010,2023,14170.2
150010,2024,14170.2
150010,2025,14170.2
150010,2026,14170.2
150010,2027,14170.2
150010,2028,14170.2
150010,2029,14170.2
150010,2030,14170.2
150010,2031,14170.2
150010,2032,14170.2
150010,2033,14170.2
150010,2034,14170.2
150010,2035,14170.2
150010,2036,14170.2
150010,2037,14170.2
150010,2038,14170.2
150010,2039,14170.2
150010,2040,14170.2
150010,2041,14170.2
150010,2042,14170.2
150010,2043,14170.2
150010,2044,14170.2
150010,2045,14170.2
150080,2010,32906.1
150080,2011,33152.5
150080,2012,33400.7
150080,2013,33650.7
150080,2014,33902.7
150080,2015,34156.5
150080,2016,34412.2
150080,2017,34669.8
150080,2018,34929.3
150080,2019,35190.8
150080,2020,35454.3
150080,2021,35454.3
150080,2022,35454.3
150080,2023,35454.3
150080,2024,35454.3
150080,2025,35454.3
150080,2026,35454.3
150080,2027,35454.3
150080,2028,35454.3
150080,2029,35454.3
150080,2030,35454.3
150080,2031,35454.3
150080,2032,35454.3
150080,2033,35454.3
150080,2034,35454.3
150080,2035,35454.3
150080,2036,35454.3
150080,2037,35454.3
150080,2038,35454.3
150080,2039,35454.3
150080,2040,35454.3
150080,2041,35454.3
150080,2042,35454.3
150080,2043,35454.3
150080,2044,35454.3
150080,2045,35454.3
150140,2010,137129.4
150140,2011,138156.0
150140,2012,139190.3
150140,2013,140232.3
150140,2014,141282.1
150140,2015,142339.8
150140,2016,143405.4
150140,2017,144479.0
150140,2018,145560.7
150140,2019,146650.4
150140,2020,147748.3
150140,2021,147748.3
150140,2022,147748.3
150140,2023,147748.3
150140,2024,147748.3
150140,2025,147748.3
150140,2026,147748.3
150140,2027,147748.3
150140,2028,147748.3
150140,2029,147748.3
150140,2030,147748.3
150140,2031,147748.3
150140,2032,147748.3
150140,2033,147748.3
150140,2034,147748.3
150140,2035,147748.3
150140,2036,147748.3
150140,2037,147748.3
150140,2038,147748.3
150140,2039,147748.3
150140,2040,147748.3
150140,2041,147748.3
150140,2042,147748.3
150140,2043,147748.3
150140,2044,147748.3
150140,2045,147748.3
150150,2010,2653.2
150150,2011,2673.0
150150,2012,2693.0
150150,2013,2713.2
150150,2014,2733.5
150150,2015,2754.0
150150,2016,2774.6
150150,2017,2795.4
150150,2018,2816.3
150150,2019,2837.4
150150,2020,2858.6
150150,2021,2858.6
150150,2022,2858.6
150150,2023,2858.6
150150,2024,2858.6
150150,2025,2858.6
150150,2026,2858.6
150150,2027,2858.6
150150,2028,2858.6
150150,2029,2858.6
150150,2030,2858.6
150150,2031,2858.6
150150,2032,2858.6
150150,2033,2858.6
150150,2034,2858.6
150150,2035,2858.6
150150,2036,2858.6
150150,2037,2858.6
150150,2038,2858.6
150150,2039,2858.6
150150,2040,2858.6
150150,2041,2858.6
150150,2042,2858.6
150150,2043,2858.6
150150,2044,2858.6
150150,2045,2858.6
150170,2010,5940.9
150170,2011,5984.9
150170,2012,6029.2
150170,2013,6073.9
150170,2014,6118.9
150170,2015,6164.2
150170,2016,6209.8
150170,2017,6255.8
150170,2018,6302.2
150170,2019,6348.8
150170,2020,6395.9
150170,2021,6395.9
150170,2022,6395.9
150170,2023,6395.9
150170,2024,6395.9
150170,2025,6395.9
150170,2026,6395.9
150170,2027,6395.9
150170,2028,6395.9
150170,2029,6395.9
150170,2030,6395.9
150170,2031,6395.9
150170,2032,6395.9
150170,2033,6395.9
150170,2034,6395.9
150170,2035,6395.9
150170,2036,6395.9
150170,2037,6395.9
150170,2038,6395.9
150170,2039,6395.9
150170,2040,6395.9
150170,2041,6395.9
150170,2042,6395.9
150170,2043,6395.9
150170,2044,6395.9
150170,2045,6395.9
150210,2010,7238.8
150210,2011,7271.8
150210,2012,7305.0
150210,2013,7338.4
150210,2014,7371.9
150210,2015,7405.6
150210,2016,7439.4
150210,2017,7473.3
150210,2018,7507.5
150210,2019,7541.7
150210,2020,7576.2
150210,2021,7576.2
150210,2022,7576.2
150210,2023,7576.2
150210,2024,7576.2
150210,2025,7576.2
150210,2026,7576.2
150210,2027,7576.2
150210,2028,7576.2
150210,2029,7576.2
150210,2030,7576.2
150210,2031,7576.2
150210,2032,7576.2
150210,2033,7576.2
150210,2034,7576.2
150210,2035,7576.2
150210,2036,7576.2
150210,2037,7576.2
150210,2038,7576.2
150210,2039,7576.2
150210,2040,7576.2
150210,2041,7576.2
150210,2042,7576.2
150210,2043,7576.2
150210,2044,7576.2
150210,2045,7576.2
150240,2010,12385.8
150240,2011,12191.0
150240,2012,11999.2
150240,2013,11810.5
150240,2014,11624.7
150240,2015,11441.9
150240,2016,11261.9
150240,2017,11084.7
150240,2018,10910.4
150240,2019,10738.8
150240,2020,10569.9
150240,2021,10569.9
150240,2022,10569.9
150240,2023,10569.9
150240,2024,10569.9
150240,2025,10569.9
150240,2026,10569.9
150240,2027,10569.9
150240,2028,10569.9
150240,2029,10569.9
150240,2030,10569.9
150240,2031,10569.9
150240,2032,10569.9
150240,2033,10569.9
150240,2034,10569.9
150240,2035,10569.9
150240,2036,10569.9
150240,2037,10569.9
150240,2038,10569.9
150240,2039,10569.9
150240,2040,10569.9
150240,2041,10569.9
150240,2042,10569.9
150240,2043,10569.9
150240,2044,10569.9
150240,2045,10569.9
150420,2010,22476.2
150420,2011,22915.3
150420,2012,23362.8
150420,2013,23819.2
150420,2014,24284.4
150420,2015,24758.7
150420,2016,25242.3
150420,2017,25735.4
150420,2018,26238.0
150420,2019,26750.5
150420,2020,27273.0
150420,2021,27273.0
150420,2022,27273.0
150420,2023,27273.0
150420,2024,27273.0
150420,2025,27273.0
150420,2026,27273.0
150420,2027,27273.0
150420,2028,27273.0
150420,2029,27273.0
150420,2030,27273.0
150420,2031,27273.0
150420,2032,27273.0
150420,2033,27273.0
150420,2034,27273.0
150420,2035,27273.0
150420,2036,27273.0
150420,2037,27273.0
150420,2038,27273.0
150420,2039,27273.0
150420,2040,27273.0
150420,2041,27273.0
150420,2042,27273.0
150420,2043,27273.0
150420,2044,27273.0
150420,2045,27273.0
150442,2010,7280.6
150442,2011,7335.1
150442,2012,7390.0
150442,2013,7445.3
150442,2014,7501.0
150442,2015,7557.2
150442,2016,7613.8
150442,2017,7670.8
150442,2018,7728.2
150442,2019,7786.1
150442,2020,7844.3
150442,2021,7844.3
150442,2022,7844.3
150442,2023,7844.3
150442,2024,7844.3
150442,2025,7844.3
150442,2026,7844.3
150442,2027,7844.3
150442,2028,7844.3
150442,2029,7844.3
150442,2030,7844.3
150442,2031,7844.3
150442,2032,7844.3
150442,2033,7844.3
150442,2034,7844.3
150442,2035,7844.3
150442,2036,7844.3
150442,2037,7844.3
150442,2038,7844.3
150442,2039,7844.3
150442,2040,7844.3
150442,2041,7844.3
150442,2042,7844.3
150442,2043,7844.3
150442,2044,7844.3
150442,2045,7844.3
150553,2010,9137.3
150553,2011,9643.0
150553,2012,10176.8
150553,2013,10740.1
150553,2014,11334.6
150553,2015,11962.0
150553,2016,12624.2
150553,2017,13323.0
150553,2018,14060.4
150553,2019,14838.7
150553,2020,15660.1
150553,2021,15660.1
150553,2022,15660.1
150553,2023,15660.1
150553,2024,15660.1
150553,2025,15660.1
150553,2026,15660.1
150553,2027,15660.1
150553,2028,15660.1
150553,2029,15660.1
150553,2030,15660.1
150553,2031,15660.1
150553,2032,15660.1
150553,2033,15660.1
150553,2034,15660.1
150553,2035,15660.1
150553,2036,15660.1
150553,2037,15660.1
150553,2038,15660.1
150553,2039,15660.1
150553,2040,15660.1
150553,2041,15660.1
150553,2042,15660.1
150553,2043,15660.1
150553,2044,15660.1
150553,2045,15660.1
150680,2010,14929.3
150680,2011,15190.0
150680,2012,15455.3
150680,2013,15725.2
150680,2014,15999.7
150680,2015,16279.1
150680,2016,16563.4
150680,2017,16852.6
150680,2018,17146.9
150680,2019,17446.4
150680,2020,17751.0
150680,2021,17751.0
150680,2022,17751.0
150680,2023,17751.0
150680,2024,17751.0
150680,2025,17751.0
150680,2026,17751.0
150680,2027,17751.0
150680,2028,17751.0
150680,2029,17751.0
150680,2030,17751.0
150680,2031,17751.0
150680,2032,17751.0
150680,2033,17751.0
150680,2034,17751.0
150680,2035,17751.0
150680,2036,17751.0
150680,2037,17751.0
150680,2038,17751.0
150680,2039,17751.0
150680,2040,17751.0
150680,2041,17751.0
150680,2042,17751.0
150680,2043,17751.0
150680,2044,17751.0
150680,2045,17751.0
160030,2010,55975.2
160030,2011,57853.3
160030,2012,59794.4
160030,2013,61800.6
160030,2014,63874.2
160030,2015,66017.4
160030,2016,68232.4
160030,2017,70521.8
160030,2018,72888.0
160030,2019,75333.5
160030,2020,77861.2
160030,2021,77861.2
160030,2022,77861.2
160030,2023,77861.2
160030,2024,77861.2
160030,2025,77861.2
160030,2026,77861.2
160030,2027,77861.2
160030,2028,77861.2
160030,2029,77861.2
160030,2030,77861.2
160030,2031,77861.2
160030,2032,77861.2
160030,2033,77861.2
160030,2034,77861.2
160030,2035,77861.2
160030,2036,77861.2
160030,2037,77861.2
160030,2038,77861.2
160030,2039,77861.2
160030,2040,77861.2
160030,2041,77861.2
160030,2042,77861.2
160030,2043,77861.2
160030,2044,77861.2
160030,2045,77861.2
160060,2010,9659.5
160060,2011,9983.6
160060,2012,10318.6
160060,2013,10664.8
160060,2014,11022.7
160060,2015,11392.5
160060,2016,11774.7
160060,2017,12169.8
160060,2018,12578.1
160060,2019,13000.2
160060,2020,13436.4
160060,2021,13436.4
160060,2022,13436.4
160060,2023,13436.4
160060,2024,13436.4
160060,2025,13436.4
160060,2026,13436.4
160060,2027,13436.4
160060,2028,13436.4
160060,2029,13436.4
160060,2030,13436.4
160060,2031,13436.4
160060,2032,13436.4
160060,2033,13436.4
160060,2034,13436.4
160060,2035,13436.4
160060,2036,13436.4
160060,2037,13436.4
160060,2038,13436.4
160060,2039,13436.4
160060,2040,13436.4
160060,2041,13436.4
160060,2042,13436.4
160060,2043,13436.4
160060,2044,13436.4
160060,2045,13436.4
170210,2010,16916.6
170210,2011,17113.0
170210,2012,17311.7
170210,2013,17512.8
170210,2014,17716.1
170210,2015,17921.9
170210,2016,18130.0
170210,2017,18340.5
170210,2018,18553.5
170210,2019,18768.9
170210,2020,18986.9
170210,2021,18986.9
170210,2022,18986.9
170210,2023,18986.9
170210,2024,18986.9
170210,2025,18986.9
170210,2026,18986.9
170210,2027,18986.9
170210,2028,18986.9
170210,2029,18986.9
170210,2030,18986.9
170210,2031,18986.9
170210,2032,18986.9
170210,2033,18986.9
170210,2034,18986.9
170210,2035,18986.9
170210,2036,18986.9
170210,2037,18986.9
170210,2038,18986.9
170210,2039,18986.9
170210,2040,18986.9
170210,2041,18986.9
170210,2042,18986.9
170210,2043,18986.9
170210,2044,18986.9
170210,2045,18986.9
172100,2010,56011.7
172100,2011,56817.5
172100,2012,57634.9
172100,2013,58464.0
172100,2014,59305.1
172100,2015,60158.2
172100,2016,61023.7
172100,2017,61901.6
172100,2018,62792.1
172100,2019,63695.4
172100,2020,64611.7
172100,2021,64611.7
172100,2022,64611.7
172100,2023,64611.7
172100,2024,64611.7
172100,2025,64611.7
172100,2026,64611.7
172100,2027,64611.7
172100,2028,64611.7
172100,2029,64611.7
172100,2030,64611.7
172100,2031,64611.7
172100,2032,64611.7
172100,2033,64611.7
172100,2034,64611.7
172100,2035,64611.7
172100,2036,64611.7
172100,2037,64611.7
172100,2038,64611.7
172100,2039,64611.7
172100,2040,64611.7
172100,2041,64611.7
172100,2042,64611.7
172100,2043,64611.7
172100,2044,64611.7
172100,2045,64611.7
210005,2010,5324.6
210005,2011,5593.2
210005,2012,5875.4
210005,2013,6171.8
210005,2014,6483.2
210005,2015,6810.3
210005,2016,7153.8
210005,2017,7514.7
210005,2018,7893.8
210005,2019,8292.1
210005,2020,8710.4
210005,2021,8710.4
210005,2022,8710.4
210005,2023,8710.4
210005,2024,8710.4
210005,2025,8710.4
210005,2026,8710.4
210005,2027,8710.4
210005,2028,8710.4
210005,2029,8710.4
210005,2030,8710.4
210005,2031,8710.4
210005,2032,8710.4
210005,2033,8710.4
210005,2034,8710.4
210005,2035,8710.4
210005,2036,8710.4
210005,2037,8710.4
210005,2038,8710.4
210005,2039,8710.4
210005,2040,8710.4
210005,2041,8710.4
210005,2042,8710.4
210005,2043,8710.4
210005,2044,8710.4
210005,2045,8710.4
210120,2010,4640.4
210120,2011,4755.6
210120,2012,4873.6
210120,2013,4994.5
210120,2014,5118.4
210120,2015,5245.4
210120,2016,5375.5
210120,2017,5508.9
210120,2018,5645.6
210120,2019,5785.6
210120,2020,5929.2
210120,2021,5929.2
210120,2022,5929.2
210120,2023,5929.2
210120,2024,5929.2
210120,2025,5929.2
210120,2026,5929.2
210120,2027,5929.2
210120,2028,5929.2
210120,2029,5929.2
210120,2030,5929.2
210120,2031,5929.2
210120,2032,5929.2
210120,2033,5929.2
210120,2034,5929.2
210120,2035,5929.2
210120,2036,5929.2
210120,2037,5929.2
210120,2038,5929.2
210120,2039,5929.2
210120,2040,5929.2
210120,2041,5929.2
210120,2042,5929.2
210120,2043,5929.2
210120,2044,5929.2
210120,2045,5929.2
210300,2010,10664.9
210300,2011,10196.7
210300,2012,9749.0
210300,2013,9321.0
210300,2014,8911.7
210300,2015,8520.5
210300,2016,8146.4
210300,2017,7788.7
210300,2018,7446.8
210300,2019,7119.8
210300,2020,6807.2
210300,2021,6807.2
210300,2022,6807.2
210300,2023,6807.2
210300,2024,6807.2
210300,2025,6807.2
210300,2026,6807.2
210300,2027,6807.2
210300,2028,6807.2
210300,2029,6807.2
210300,2030,6807.2
210300,2031,6807.2
210300,2032,6807.2
210300,2033,6807.2
210300,2034,6807.2
210300,2035,6807.2
210300,2036,6807.2
210300,2037,6807.2
210300,2038,6807.2
210300,2039,6807.2
210300,2040,6807.2
210300,2041,6807.2
210300,2042,6807.2
210300,2043,6807.2
210300,2044,6807.2
210300,2045,6807.2
210330,2010,3750.0
210330,2011,3871.0
210330,2012,3995.9
210330,2013,4124.9
210330,2014,4258.0
210330,2015,4395.5
210330,2016,4537.3
210330,2017,4683.8
210330,2018,4834.9
210330,2019,4991.0
210330,2020,5152.1
210330,2021,5152.1
210330,2022,5152.1
210330,2023,5152.1
210330,2024,5152.1
210330,2025,5152.1
210330,2026,5152.1
210330,2027,5152.1
210330,2028,5152.1
210330,2029,5152.1
210330,2030,5152.1
210330,2031,5152.1
210330,2032,5152.1
210330,2033,5152.1
210330,2034,5152.1
210330,2035,5152.1
210330,2036,5152.1
210330,2037,5152.1
210330,2038,5152.1
210330,2039,5152.1
210330,2040,5152.1
210330,2041,5152.1
210330,2042,5152.1
210330,2043,5152.1
210330,2044,5152.1
210330,2045,5152.1
210375,2010,652.8
210375,2011,670.1
210375,2012,687.8
210375,2013,706.0
210375,2014,724.7
210375,2015,743.8
210375,2016,763.5
210375,2017,783.7
210375,2018,804.4
210375,2019,825.6
210375,2020,847.5
210375,2021,847.5
210375,2022,847.5
210375,2023,847.5
210375,2024,847.5
210375,2025,847.5
210375,2026,847.5
210375,2027,847.5
210375,2028,847.5
210375,2029,847.5
210375,2030,847.5
210375,2031,847.5
210375,2032,847.5
210375,2033,847.5
210375,2034,847.5
210375,2035,847.5
210375,2036,847.5
210375,2037,847.5
210375,2038,847.5
210375,2039,847.5
210375,2040,847.5
210375,2041,847.5
210375,2042,847.5
210375,2043,847.5
210375,2044,847.5
210375,2045,847.5
210530,2010,10871.2
210530,2011,11158.6
210530,2012,11453.5
210530,2013,11756.3
210530,2014,12067.0
210530,2015,12386.0
210530,2016,12713.4
210530,2017,13049.4
210530,2018,13394.3
210530,2019,13748.4
210530,2020,14111.8
210530,2021,14111.8
210530,2022,14111.8
210530,2023,14111.8
210530,2024,14111.8
210530,2025,14111.8
210530,2026,14111.8
210530,2027,14111.8
210530,2028,14111.8
210530,2029,14111.8
210530,2030,14111.8
210530,2031,14111.8
210530,2032,14111.8
210530,2033,14111.8
210530,2034,14111.8
210530,2035,14111.8
210530,2036,14111.8
210530,2037,14111.8
210530,2038,14111.8
210530,2039,14111.8
210530,2040,14111.8
210530,2041,14111.8
210530,2042,14111.8
210530,2043,14111.8
210530,2044,14111.8
210530,2045,14111.8
210750,2010,6721.7
210750,2011,6824.0
210750,2012,6927.8
210750,2013,7033.1
210750,2014,7140.1
210750,2015,7248.7
210750,2016,7359.0
210750,2017,7470.9
210750,2018,7584.6
210750,2019,7699.9
210750,2020,7817.1
210750,2021,7817.1
210750,2022,7817.1
210750,2023,7817.1
210750,2024,7817.1
210750,2025,7817.1
210750,2026,7817.1
210750,2027,7817.1
210750,2028,7817.1
210750,2029,7817.1
210750,2030,7817.1
210750,2031,7817.1
210750,2032,7817.1
210750,2033,7817.1
210750,2034,7817.1
210750,2035,7817.1
210750,2036,7817.1
210750,2037,7817.1
210750,2038,7817.1
210750,2039,7817.1
210750,2040,7817.1
210750,2041,7817.1
210750,2042,7817.1
210750,2043,7817.1
210750,2044,7817.1
210750,2045,7817.1
210945,2010,1010.6
210945,2011,1026.0
210945,2012,1041.6
210945,2013,1057.4
210945,2014,1073.5
210945,2015,1089.8
210945,2016,1106.4
210945,2017,1123.3
210945,2018,1140.3
210945,2019,1157.7
210945,2020,1175.3
210945,2021,1175.3
210945,2022,1175.3
210945,2023,1175.3
210945,2024,1175.3
210945,2025,1175.3
210945,2026,1175.3
210945,2027,1175.3
210945,2028,1175.3
210945,2029,1175.3
210945,2030,1175.3
210945,2031,1175.3
210945,2032,1175.3
210945,2033,1175.3
210945,2034,1175.3
210945,2035,1175.3
210945,2036,1175.3
210945,2037,1175.3
210945,2038,1175.3
210945,2039,1175.3
210945,2040,1175.3
210945,2041,1175.3
210945,2042,1175.3
210945,2043,1175.3
210945,2044,1175.3
210945,2045,1175.3
211120,2010,6998.5
211120,2011,7105.0
211120,2012,7213.1
211120,2013,7322.8
211120,2014,7434.2
211120,2015,7547.2
211120,2016,7662.0
211120,2017,7778.6
211120,2018,7896.9
211120,2019,8017.0
211120,2020,8139.0
211120,2021,8139.0
211120,2022,8139.0
211120,2023,8139.0
211120,2024,8139.0
211120,2025,8139.0
211120,2026,8139.0
211120,2027,8139.0
211120,2028,8139.0
211120,2029,8139.0
211120,2030,8139.0
211120,2031,8139.0
211120,2032,8139.0
211120,2033,8139.0
211120,2034,8139.0
211120,2035,8139.0
211120,2036,8139.0
211120,2037,8139.0
211120,2038,8139.0
211120,2039,8139.0
211120,2040,8139.0
211120,2041,8139.0
211120,2042,8139.0
211120,2043,8139.0
211120,2044,8139.0
211120,2045,8139.0
211130,2010,87805.4
211130,2011,89141.0
211130,2012,90496.9
211130,2013,91873.5
211130,2014,93271.0
211130,2015,94689.7
211130,2016,96130.0
211130,2017,97592.3
211130,2018,99076.7
211130,2019,100583.8
211130,2020,102113.8
211130,2021,102113.8
211130,2022,102113.8
211130,2023,102113.8
211130,2024,102113.8
211130,2025,102113.8
211130,2026,102113.8
211130,2027,102113.8
211130,2028,102113.8
211130,2029,102113.8
211130,2030,102113.8
211130,2031,102113.8
211130,2032,102113.8
211130,2033,102113.8
211130,2034,102113.8
211130,2035,102113.8
211130,2036,102113.8
211130,2037,102113.8
211130,2038,102113.8
211130,2039,102113.8
211130,2040,102113.8
211130,2041,102113.8
211130,2042,102113.8
211130,2043,102113.8
211130,2044,102113.8
211130,2045,102113.8
211220,2010,10638.8
211220,2011,10655.3
211220,2012,10671.9
211220,2013,10688.5
211220,2014,10705.1
211220,2015,10721.7
211220,2016,10738.4
211220,2017,10755.1
211220,2018,10771.8
211220,2019,10788.6
211220,2020,10805.3
211220,2021,10805.3
211220,2022,10805.3
211220,2023,10805.3
211220,2024,10805.3
211220,2025,10805.3
211220,2026,10805.3
211220,2027,10805.3
211220,2028,10805.3
211220,2029,10805.3
211220,2030,10805.3
211220,2031,10805.3
211220,2032,10805.3
211220,2033,10805.3
211220,2034,10805.3
211220,2035,10805.3
211220,2036,10805.3
211220,2037,10805.3
211220,2038,10805.3
211220,2039,10805.3
211220,2040,10805.3
211220,2041,10805.3
211220,2042,10805.3
211220,2043,10805.3
211220,2044,10805.3
211220,2045,10805.3
220770,2010,9484.6
220770,2011,9880.1
220770,2012,10292.1
220770,2013,10721.2
220770,2014,11168.3
220770,2015,11634.0
220770,2016,12119.2
220770,2017,12624.5
220770,2018,13151.0
220770,2019,13699.3
220770,2020,14270.6
220770,2021,14270.6
220770,2022,14270.6
220770,2023,14270.6
220770,2024,14270.6
220770,2025,14270.6
220770,2026,14270.6
220770,2027,14270.6
220770,2028,14270.6
220770,2029,14270.6
220770,2030,14270.6
220770,2031,14270.6
220770,2032,14270.6
220770,2033,14270.6
220770,2034,14270.6
220770,2035,14270.6
220770,2036,14270.6
220770,2037,14270.6
220770,2038,14270.6
220770,2039,14270.6
220770,2040,14270.6
220770,2041,14270.6
220770,2042,14270.6
220770,2043,14270.6
220770,2044,14270.6
220770,2045,14270.6
221100,2010,80391.7
221100,2011,80516.6
221100,2012,80641.8
221100,2013,80767.1
221100,2014,80892.7
221100,2015,81018.4
221100,2016,81144.3
221100,2017,81270.5
221100,2018,81396.8
221100,2019,81523.3
221100,2020,81650.0
221100,2021,81650.0
221100,2022,81650.0
221100,2023,81650.0
221100,2024,81650.0
221100,2025,81650.0
221100,2026,81650.0
221100,2027,81650.0
221100,2028,81650.0
221100,2029,81650.0
221100,2030,81650.0
221100,2031,81650.0
221100,2032,81650.0
221100,2033,81650.0
221100,2034,81650.0
221100,2035,81650.0
221100,2036,81650.0
221100,2037,81650.0
221100,2038,81650.0
221100,2039,81650.0
221100,2040,81650.0
221100,2041,81650.0
221100,2042,81650.0
221100,2043,81650.0
221100,2044,81650.0
221100,2045,81650.0
230100,2010,2316.3
230100,2011,2347.4
230100,2012,2379.0
230100,2013,2410.9
230100,2014,2443.3
230100,2015,2476.1
230100,2016,2509.4
230100,2017,2543.1
230100,2018,2577.3
230100,2019,2611.9
230100,2020,2647.0
230100,2021,2647.0
230100,2022,2647.0
230100,2023,2647.0
230100,2024,2647.0
230100,2025,2647.0
230100,2026,2647.0
230100,2027,2647.0
230100,2028,2647.0
230100,2029,2647.0
230100,2030,2647.0
230100,2031,2647.0
230100,2032,2647.0
230100,2033,2647.0
230100,2034,2647.0
230100,2035,2647.0
230100,2036,2647.0
230100,2037,2647.0
230100,2038,2647.0
230100,2039,2647.0
230100,2040,2647.0
230100,2041,2647.0
230100,2042,2647.0
230100,2043,2647.0
230100,2044,2647.0
230100,2045,2647.0
230190,2010,1290.0
230190,2011,1332.9
230190,2012,1377.2
230190,2013,1423.0
230190,2014,1470.3
230190,2015,1519.2
230190,2016,1569.7
230190,2017,1621.8
230190,2018,1675.7
230190,2019,1731.4
230190,2020,1789.0
230190,2021,1789.0
230190,2022,1789.0
230190,2023,1789.0
230190,2024,1789.0
230190,2025,1789.0
230190,2026,1789.0
230190,2027,1789.0
230190,2028,1789.0
230190,2029,1789.0
230190,2030,1789.0
230190,2031,1789.0
230190,2032,1789.0
230190,2033,1789.0
230190,2034,1789.0
230190,2035,1789.0
230190,2036,1789.0
230190,2037,1789.0
230190,2038,1789.0
230190,2039,1789.0
230190,2040,1789.0
230190,2041,1789.0
230190,2042,1789.0
230190,2043,1789.0
230190,2044,1789.0
230190,2045,1789.0
230370,2010,10074.7
230370,2011,10210.1
230370,2012,10347.3
230370,2013,10486.3
230370,2014,10627.2
230370,2015,10770.0
230370,2016,10914.7
230370,2017,11061.3
230370,2018,11209.9
230370,2019,11360.5
230370,2020,11513.2
230370,2021,11513.2
230370,2022,11513.2
230370,2023,11513.2
230370,2024,11513.2
230370,2025,11513.2
230370,2026,11513.2
230370,2027,11513.2
230370,2028,11513.2
230370,2029,11513.2
230370,2030,11513.2
230370,2031,11513.2
230370,2032,11513.2
230370,2033,11513.2
230370,2034,11513.2
230370,2035,11513.2
230370,2036,11513.2
230370,2037,11513.2
230370,2038,11513.2
230370,2039,11513.2
230370,2040,11513.2
230370,2041,11513.2
230370,2042,11513.2
230370,2043,11513.2
230370,2044,11513.2
230370,2045,11513.2
230420,2010,8789.9
230420,2011,9082.1
230420,2012,9384.0
230420,2013,9695.9
230420,2014,10018.2
230420,2015,10351.2
230420,2016,10695.3
230420,2017,11050.8
230420,2018,11418.1
230420,2019,11797.6
230420,2020,12189.8
230420,2021,12189.8
230420,2022,12189.8
230420,2023,12189.8
230420,2024,12189.8
230420,2025,12189.8
230420,2026,12189.8
230420,2027,12189.8
230420,2028,12189.8
230420,2029,12189.8
230420,2030,12189.8
230420,2031,12189.8
230420,2032,12189.8
230420,2033,12189.8
230420,2034,12189.8
230420,2035,12189.8
230420,2036,12189.8
230420,2037,12189.8
230420,2038,12189.8
230420,2039,12189.8
230420,2040,12189.8
230420,2041,12189.8
230420,2042,12189.8
230420,2043,12189.8
230420,2044,12189.8
230420,2045,12189.8
230428,2010,2180.5
230428,2011,2209.8
230428,2012,2239.5
230428,2013,2269.6
230428,2014,2300.1
230428,2015,2331.0
230428,2016,2362.3
230428,2017,2394.0
230428,2018,2426.2
230428,2019,2458.8
230428,2020,2491.8
230428,2021,2491.8
230428,2022,2491.8
230428,2023,2491.8
230428,2024,2491.8
230428,2025,2491.8
230428,2026,2491.8
230428,2027,2491.8
230428,2028,2491.8
230428,2029,2491.8
230428,2030,2491.8
230428,2031,2491.8
230428,2032,2491.8
230428,2033,2491.8
230428,2034,2491.8
230428,2035,2491.8
230428,2036,2491.8
230428,2037,2491.8
230428,2038,2491.8
230428,2039,2491.8
230428,2040,2491.8
230428,2041,2491.8
230428,2042,2491.8
230428,2043,2491.8
230428,2044,2491.8
230428,2045,2491.8
230435,2010,799.1
230435,2011,852.2
230435,2012,908.9
230435,2013,969.4
230435,2014,1033.8
230435,2015,1102.6
230435,2016,1175.9
230435,2017,1254.2
230435,2018,1337.6
230435,2019,1426.5
230435,2020,1521.4
230435,2021,1521.4
230435,2022,1521.4
230435,2023,1521.4
230435,2024,1521.4
230435,2025,1521.4
230435,2026,1521.4
230435,2027,1521.4
230435,2028,1521.4
230435,2029,1521.4
230435,2030,1521.4
230435,2031,1521.4
230435,2032,1521.4
230435,2033,1521.4
230435,2034,1521.4
230435,2035,1521.4
230435,2036,1521.4
230435,2037,1521.4
230435,2038,1521.4
230435,2039,1521.4
230435,2040,1521.4
230435,2041,1521.4
230435,2042,1521.4
230435,2043,1521.4
230435,2044,1521.4
230435,2045,1521.4
230440,2010,139307.3
230440,2011,141178.9
230440,2012,143075.7
230440,2013,144998.0
230440,2014,146946.1
230440,2015,148920.4
230440,2016,150921.2
230440,2017,152948.9
230440,2018,155003.9
230440,2019,157086.4
230440,2020,159197.0
230440,2021,159197.0
230440,2022,159197.0
230440,2023,159197.0
230440,2024,159197.0
230440,2025,159197.0
230440,2026,159197.0
230440,2027,159197.0
230440,2028,159197.0
230440,2029,159197.0
230440,2030,159197.0
230440,2031,159197.0
230440,2032,159197.0
230440,2033,159197.0
230440,2034,159197.0
230440,2035,159197.0
230440,2036,159197.0
230440,2037,159197.0
230440,2038,159197.0
230440,2039,159197.0
230440,2040,159197.0
230440,2041,159197.0
230440,2042,159197.0
230440,2043,159197.0
230440,2044,159197.0
230440,2045,159197.0
230625,2010,1013.2
230625,2011,1026.8
230625,2012,1040.6
230625,2013,1054.6
230625,2014,1068.8
230625,2015,1083.1
230625,2016,1097.7
230625,2017,1112.4
230625,2018,1127.4
230625,2019,1142.5
230625,2020,1157.9
230625,2021,1157.9
230625,2022,1157.9
230625,2023,1157.9
230625,2024,1157.9
230625,2025,1157.9
230625,2026,1157.9
230625,2027,1157.9
230625,2028,1157.9
230625,2029,1157.9
230625,2030,1157.9
230625,2031,1157.9
230625,2032,1157.9
230625,2033,1157.9
230625,2034,1157.9
230625,2035,1157.9
230625,2036,1157.9
230625,2037,1157.9
230625,2038,1157.9
230625,2039,1157.9
230625,2040,1157.9
230625,2041,1157.9
230625,2042,1157.9
230625,2043,1157.9
230625,2044,1157.9
230625,2045,1157.9
230640,2010,4964.3
230640,2011,5124.9
230640,2012,5290.8
230640,2013,5462.0
230640,2014,5638.7
230640,2015,5821.2
230640,2016,6009.6
230640,2017,6204.1
230640,2018,6404.9
230640,2019,6612.1
230640,2020,6826.1
230640,2021,6826.1
230640,2022,6826.1
230640,2023,6826.1
230640,2024,6826.1
230640,2025,6826.1
230640,2026,6826.1
230640,2027,6826.1
230640,2028,6826.1
230640,2029,6826.1
230640,2030,6826.1
230640,2031,6826.1
230640,2032,6826.1
230640,2033,6826.1
230640,2034,6826.1
230640,2035,6826.1
230640,2036,6826.1
230640,2037,6826.1
230640,2038,6826.1
230640,2039,6826.1
230640,2040,6826.1
230640,2041,6826.1
230640,2042,6826.1
230640,2043,6826.1
230640,2044,6826.1
230640,2045,6826.1
230730,2010,12396.3
230730,2011,12808.3
230730,2012,13234.1
230730,2013,13673.9
230730,2014,14128.5
230730,2015,14598.1
230730,2016,15083.3
230730,2017,15584.7
230730,2018,16102.7
230730,2019,16637.9
230730,2020,17191.0
230730,2021,17191.0
230730,2022,17191.0
230730,2023,17191.0
230730,2024,17191.0
230730,2025,17191.0
230730,2026,17191.0
230730,2027,17191.0
230730,2028,17191.0
230730,2029,17191.0
230730,2030,17191.0
230730,2031,17191.0
230730,2032,17191.0
230730,2033,17191.0
230730,2034,17191.0
230730,2035,17191.0
230730,2036,17191.0
230730,2037,17191.0
230730,2038,17191.0
230730,2039,17191.0
230730,2040,17191.0
230730,2041,17191.0
230730,2042,17191.0
230730,2043,17191.0
230730,2044,17191.0
230730,2045,17191.0
230765,2010,6254.3
230765,2011,6338.3
230765,2012,6423.5
230765,2013,6509.8
230765,2014,6597.2
230765,2015,6685.9
230765,2016,6775.7
230765,2017,6866.7
230765,2018,6959.0
230765,2019,7052.5
230765,2020,7147.2
230765,2021,7147.2
230765,2022,7147.2
230765,2023,7147.2
230765,2024,7147.2
230765,2025,7147.2
230765,2026,7147.2
230765,2027,7147.2
230765,2028,7147.2
230765,2029,7147.2
230765,2030,7147.2
230765,2031,7147.2
230765,2032,7147.2
230765,2033,7147.2
230765,2034,7147.2
230765,2035,7147.2
230765,2036,7147.2
230765,2037,7147.2
230765,2038,7147.2
230765,2039,7147.2
230765,2040,7147.2
230765,2041,7147.2
230765,2042,7147.2
230765,2043,7147.2
230765,2044,7147.2
230765,2045,7147.2
230770,2010,4332.3
230770,2011,4390.5
230770,2012,4449.5
230770,2013,4509.3
230770,2014,4569.9
230770,2015,4631.3
230770,2016,4693.5
230770,2017,4756.5
230770,2018,4820.4
230770,2019,4885.2
230770,2020,4950.8
230770,2021,4950.8
230770,2022,4950.8
230770,2023,4950.8
230770,2024,4950.8
230770,2025,4950.8
230770,2026,4950.8
230770,2027,4950.8
230770,2028,4950.8
230770,2029,4950.8
230770,2030,4950.8
230770,2031,4950.8
230770,2032,4950.8
230770,2033,4950.8
230770,2034,4950.8
230770,2035,4950.8
230770,2036,4950.8
230770,2037,4950.8
230770,2038,4950.8
230770,2039,4950.8
230770,2040,4950.8
230770,2041,4950.8
230770,2042,4950.8
230770,2043,4950.8
230770,2044,4950.8
230770,2045,4950.8
230970,2010,3016.2
230970,2011,3056.7
230970,2012,3097.7
230970,2013,3139.4
230970,2014,3181.5
230970,2015,3224.3
230970,2016,3267.6
230970,2017,3311.5
230970,2018,3356.0
230970,2019,3401.1
230970,2020,3446.8
230970,2021,3446.8
230970,2022,3446.8
230970,2023,3446.8
230970,2024,3446.8
230970,2025,3446.8
230970,2026,3446.8
230970,2027,3446.8
230970,2028,3446.8
230970,2029,3446.8
230970,2030,3446.8
230970,2031,3446.8
230970,2032,3446.8
230970,2033,3446.8
230970,2034,3446.8
230970,2035,3446.8
230970,2036,3446.8
230970,2037,3446.8
230970,2038,3446.8
230970,2039,3446.8
230970,2040,3446.8
230970,2041,3446.8
230970,2042,3446.8
230970,2043,3446.8
230970,2044,3446.8
230970,2045,3446.8
231290,2010,6212.5
231290,2011,6625.7
231290,2012,7066.4
231290,2013,7536.4
231290,2014,8037.6
231290,2015,8572.2
231290,2016,9142.4
231290,2017,9750.5
231290,2018,10399.0
231290,2019,11090.6
231290,2020,11828.3
231290,2021,11828.3
231290,2022,11828.3
231290,2023,11828.3
231290,2024,11828.3
231290,2025,11828.3
231290,2026,11828.3
231290,2027,11828.3
231290,2028,11828.3
231290,2029,11828.3
231290,2030,11828.3
231290,2031,11828.3
231290,2032,11828.3
231290,2033,11828.3
231290,2034,11828.3
231290,2035,11828.3
231290,2036,11828.3
231290,2037,11828.3
231290,2038,11828.3
231290,2039,11828.3
231290,2040,11828.3
231290,2041,11828.3
231290,2042,11828.3
231290,2043,11828.3
231290,2044,11828.3
231290,2045,11828.3
240325,2010,28931.6
240325,2011,28779.6
240325,2012,28628.5
240325,2013,28478.1
240325,2014,28328.6
240325,2015,28179.8
240325,2016,28031.8
240325,2017,27884.6
240325,2018,27738.1
240325,2019,27592.4
240325,2020,27447.5
240325,2021,27447.5
240325,2022,27447.5
240325,2023,27447.5
240325,2024,27447.5
240325,2025,27447.5
240325,2026,27447.5
240325,2027,27447.5
240325,2028,27447.5
240325,2029,27447.5
240325,2030,27447.5
240325,2031,27447.5
240325,2032,27447.5
240325,2033,27447.5
240325,2034,27447.5
240325,2035,27447.5
240325,2036,27447.5
240325,2037,27447.5
240325,2038,27447.5
240325,2039,27447.5
240325,2040,27447.5
240325,2041,27447.5
240325,2042,27447.5
240325,2043,27447.5
240325,2044,27447.5
240325,2045,27447.5
240360,2010,843.5
240360,2011,839.0
240360,2012,834.6
240360,2013,830.3
240360,2014,825.9
240360,2015,821.6
240360,2016,817.2
240360,2017,813.0
240360,2018,808.7
240360,2019,804.4
240360,2020,800.2
240360,2021,800.2
240360,2022,800.2
240360,2023,800.2
240360,2024,800.2
240360,2025,800.2
240360,2026,800.2
240360,2027,800.2
240360,2028,800.2
240360,2029,800.2
240360,2030,800.2
240360,2031,800.2
240360,2032,800.2
240360,2033,800.2
240360,2034,800.2
240360,2035,800.2
240360,2036,800.2
240360,2037,800.2
240360,2038,800.2
240360,2039,800.2
240360,2040,800.2
240360,2041,800.2
240360,2042,800.2
240360,2043,800.2
240360,2044,800.2
240360,2045,800.2
240710,2010,2718.5
240710,2011,2704.2
240710,2012,2690.0
240710,2013,2675.9
240710,2014,2661.8
240710,2015,2647.8
240710,2016,2633.9
240710,2017,2620.1
240710,2018,2606.3
240710,2019,2592.6
240710,2020,2579.0
240710,2021,2579.0
240710,2022,2579.0
240710,2023,2579.0
240710,2024,2579.0
240710,2025,2579.0
240710,2026,2579.0
240710,2027,2579.0
240710,2028,2579.0
240710,2029,2579.0
240710,2030,2579.0
240710,2031,2579.0
240710,2032,2579.0
240710,2033,2579.0
240710,2034,2579.0
240710,2035,2579.0
240710,2036,2579.0
240710,2037,2579.0
240710,2038,2579.0
240710,2039,2579.0
240710,2040,2579.0
240710,2041,2579.0
240710,2042,2579.0
240710,2043,2579.0
240710,2044,2579.0
240710,2045,2579.0
240800,2010,12657.4
240800,2011,12876.3
240800,2012,13099.0
240800,2013,13325.6
240800,2014,13556.1
240800,2015,13790.5
240800,2016,14029.1
240800,2017,14271.7
240800,2018,14518.5
240800,2019,14769.7
240800,2020,15025.1
240800,2021,15025.1
240800,2022,15025.1
240800,2023,15025.1
240800,2024,15025.1
240800,2025,15025.1
240800,2026,15025.1
240800,2027,15025.1
240800,2028,15025.1
240800,2029,15025.1
240800,2030,15025.1
240800,2031,15025.1
240800,2032,15025.1
240800,2033,15025.1
240800,2034,15025.1
240800,2035,15025.1
240800,2036,15025.1
240800,2037,15025.1
240800,2038,15025.1
240800,2039,15025.1
240800,2040,15025.1
240800,2041,15025.1
240800,2042,15025.1
240800,2043,15025.1
240800,2044,15025.1
240800,2045,15025.1
240810,2010,75161.0
240810,2011,74766.3
240810,2012,74373.6
240810,2013,73983.0
240810,2014,73594.5
240810,2015,73207.9
240810,2016,72823.4
240810,2017,72441.0
240810,2018,72060.5
240810,2019,71682.1
240810,2020,71305.6
240810,2021,71305.6
240810,2022,71305.6
240810,2023,71305.6
240810,2024,71305.6
240810,2025,71305.6
240810,2026,71305.6
240810,2027,71305.6
240810,2028,71305.6
240810,2029,71305.6
240810,2030,71305.6
240810,2031,71305.6
240810,2032,71305.6
240810,2033,71305.6
240810,2034,71305.6
240810,2035,71305.6
240810,2036,71305.6
240810,2037,71305.6
240810,2038,71305.6
240810,2039,71305.6
240810,2040,71305.6
240810,2041,71305.6
240810,2042,71305.6
240810,2043,71305.6
240810,2044,71305.6
240810,2045,71305.6
241200,2010,4551.7
241200,2011,4527.7
241200,2012,4504.0
241200,2013,4480.3
241200,2014,4456.8
241200,2015,4433.4
241200,2016,4410.1
241200,2017,4386.9
241200,2018,4363.9
241200,2019,4341.0
241200,2020,4318.2
241200,2021,4318.2
241200,2022,4318.2
241200,2023,4318.2
241200,2024,4318.2
241200,2025,4318.2
241200,2026,4318.2
241200,2027,4318.2
241200,2028,4318.2
241200,2029,4318.2
241200,2030,4318.2
241200,2031,4318.2
241200,2032,4318.2
241200,2033,4318.2
241200,2034,4318.2
241200,2035,4318.2
241200,2036,4318.2
241200,2037,4318.2
241200,2038,4318.2
241200,2039,4318.2
241200,2040,4318.2
241200,2041,4318.2
241200,2042,4318.2
241200,2043,4318.2
241200,2044,4318.2
241200,2045,4318.2
250180,2010,5154.9
250180,2011,5085.3
250180,2012,5016.6
250180,2013,4948.9
250180,2014,4882.0
250180,2015,4816.1
250180,2016,4751.1
250180,2017,4686.9
250180,2018,4623.7
250180,2019,4561.2
250180,2020,4499.6
250180,2021,4499.6
250180,2022,4499.6
250180,2023,4499.6
250180,2024,4499.6
250180,2025,4499.6
250180,2026,4499.6
250180,2027,4499.6
250180,2028,4499.6
250180,2029,4499.6
250180,2030,4499.6
250180,2031,4499.6
250180,2032,4499.6
250180,2033,4499.6
250180,2034,4499.6
250180,2035,4499.6
250180,2036,4499.6
250180,2037,4499.6
250180,2038,4499.6
250180,2039,4499.6
250180,2040,4499.6
250180,2041,4499.6
250180,2042,4499.6
250180,2043,4499.6
250180,2044,4499.6
250180,2045,4499.6
250320,2010,6873.2
250320,2011,6780.4
250320,2012,6688.8
250320,2013,6598.5
250320,2014,6509.4
250320,2015,6421.5
250320,2016,6334.8
250320,2017,6249.3
250320,2018,6164.9
250320,2019,6081.6
250320,2020,5999.5
250320,2021,5999.5
250320,2022,5999.5
250320,2023,5999.5
250320,2024,5999.5
250320,2025,5999.5
250320,2026,5999.5
250320,2027,5999.5
250320,2028,5999.5
250320,2029,5999.5
250320,2030,5999.5
250320,2031,5999.5
250320,2032,5999.5
250320,2033,5999.5
250320,2034,5999.5
250320,2035,5999.5
250320,2036,5999.5
250320,2037,5999.5
250320,2038,5999.5
250320,2039,5999.5
250320,2040,5999.5
250320,2041,5999.5
250320,2042,5999.5
250320,2043,5999.5
250320,2044,5999.5
250320,2045,5999.5
250400,2010,32788.6
250400,2011,33909.4
250400,2012,35068.4
250400,2013,36267.1
250400,2014,37506.7
250400,2015,38788.7
250400,2016,40114.5
250400,2017,41485.6
250400,2018,42903.6
250400,2019,44370.1
250400,2020,45886.7
250400,2021,45886.7
250400,2022,45886.7
250400,2023,45886.7
250400,2024,45886.7
250400,2025,45886.7
250400,2026,45886.7
250400,2027,45886.7
250400,2028,45886.7
250400,2029,45886.7
250400,2030,45886.7
250400,2031,45886.7
250400,2032,45886.7
250400,2033,45886.7
250400,2034,45886.7
250400,2035,45886.7
250400,2036,45886.7
250400,2037,45886.7
250400,2038,45886.7
250400,2039,45886.7
250400,2040,45886.7
250400,2041,45886.7
250400,2042,45886.7
250400,2043,45886.7
250400,2044,45886.7
250400,2045,45886.7
250460,2010,1219.5
250460,2011,1203.1
250460,2012,1186.8
250460,2013,1170.8
250460,2014,1155.0
250460,2015,1139.4
250460,2016,1124.0
250460,2017,1108.8
250460,2018,1093.8
250460,2019,1079.1
250460,2020,1064.5
250460,2021,1064.5
250460,2022,1064.5
250460,2023,1064.5
250460,2024,1064.5
250460,2025,1064.5
250460,2026,1064.5
250460,2027,1064.5
250460,2028,1064.5
250460,2029,1064.5
250460,2030,1064.5
250460,2031,1064.5
250460,2032,1064.5
250460,2033,1064.5
250460,2034,1064.5
250460,2035,1064.5
250460,2036,1064.5
250460,2037,1064.5
250460,2038,1064.5
250460,2039,1064.5
250460,2040,1064.5
250460,2041,1064.5
250460,2042,1064.5
250460,2043,1064.5
250460,2044,1064.5
250460,2045,1064.5
250750,2010,96553.6
250750,2011,95249.8
250750,2012,93963.6
250750,2013,92694.9
250750,2014,91443.2
250750,2015,90208.5
250750,2016,88990.4
250750,2017,87788.7
250750,2018,86603.3
250750,2019,85433.9
250750,2020,84280.3
250750,2021,84280.3
250750,2022,84280.3
250750,2023,84280.3
250750,2024,84280.3
250750,2025,84280.3
250750,2026,84280.3
250750,2027,84280.3
250750,2028,84280.3
250750,2029,84280.3
250750,2030,84280.3
250750,2031,84280.3
250750,2032,84280.3
250750,2033,84280.3
250750,2034,84280.3
250750,2035,84280.3
250750,2036,84280.3
250750,2037,84280.3
250750,2038,84280.3
250750,2039,84280.3
250750,2040,84280.3
250750,2041,84280.3
250750,2042,84280.3
250750,2043,84280.3
250750,2044,84280.3
250750,2045,84280.3
250830,2010,1937.7
250830,2011,2003.9
250830,2012,2072.4
250830,2013,2143.2
250830,2014,2216.5
250830,2015,2292.2
250830,2016,2370.6
250830,2017,2451.6
250830,2018,2535.4
250830,2019,2622.1
250830,2020,2711.7
250830,2021,2711.7
250830,2022,2711.7
250830,2023,2711.7
250830,2024,2711.7
250830,2025,2711.7
250830,2026,2711.7
250830,2027,2711.7
250830,2028,2711.7
250830,2029,2711.7
250830,2030,2711.7
250830,2031,2711.7
250830,2032,2711.7
250830,2033,2711.7
250830,2034,2711.7
250830,2035,2711.7
250830,2036,2711.7
250830,2037,2711.7
250830,2038,2711.7
250830,2039,2711.7
250830,2040,2711.7
250830,2041,2711.7
250830,2042,2711.7
250830,2043,2711.7
250830,2044,2711.7
250830,2045,2711.7
250860,2010,958.4
250860,2011,945.4
250860,2012,932.7
250860,2013,920.1
250860,2014,907.7
250860,2015,895.4
250860,2016,883.3
250860,2017,871.4
250860,2018,859.6
250860,2019,848.0
250860,2020,836.6
250860,2021,836.6
250860,2022,836.6
250860,2023,836.6
250860,2024,836.6
250860,2025,836.6
250860,2026,836.6
250860,2027,836.6
250860,2028,836.6
250860,2029,836.6
250860,2030,836.6
250860,2031,836.6
250860,2032,836.6
250860,2033,836.6
250860,2034,836.6
250860,2035,836.6
250860,2036,836.6
250860,2037,836.6
250860,2038,836.6
250860,2039,836.6
250860,2040,836.6
250860,2041,836.6
250860,2042,836.6
250860,2043,836.6
250860,2044,836.6
250860,2045,836.6
250920,2010,339.5
250920,2011,351.1
250920,2012,363.1
250920,2013,375.5
250920,2014,388.3
250920,2015,401.6
250920,2016,415.3
250920,2017,429.5
250920,2018,444.2
250920,2019,459.4
250920,2020,475.1
250920,2021,475.1
250920,2022,475.1
250920,2023,475.1
250920,2024,475.1
250920,2025,475.1
250920,2026,475.1
250920,2027,475.1
250920,2028,475.1
250920,2029,475.1
250920,2030,475.1
250920,2031,475.1
250920,2032,475.1
250920,2033,475.1
250920,2034,475.1
250920,2035,475.1
250920,2036,475.1
250920,2037,475.1
250920,2038,475.1
250920,2039,475.1
250920,2040,475.1
250920,2041,475.1
250920,2042,475.1
250920,2043,475.1
250920,2044,475.1
250920,2045,475.1
251080,2010,8155.4
251080,2011,8547.6
251080,2012,8958.6
251080,2013,9389.4
251080,2014,9840.9
251080,2015,10314.2
251080,2016,10810.1
251080,2017,11330.0
251080,2018,11874.8
251080,2019,12445.9
251080,2020,13044.4
251080,2021,13044.4
251080,2022,13044.4
251080,2023,13044.4
251080,2024,13044.4
251080,2025,13044.4
251080,2026,13044.4
251080,2027,13044.4
251080,2028,13044.4
251080,2029,13044.4
251080,2030,13044.4
251080,2031,13044.4
251080,2032,13044.4
251080,2033,13044.4
251080,2034,13044.4
251080,2035,13044.4
251080,2036,13044.4
251080,2037,13044.4
251080,2038,13044.4
251080,2039,13044.4
251080,2040,13044.4
251080,2041,13044.4
251080,2042,13044.4
251080,2043,13044.4
251080,2044,13044.4
251080,2045,13044.4
251240,2010,271.6
251240,2011,280.9
251240,2012,290.5
251240,2013,300.4
251240,2014,310.7
251240,2015,321.3
251240,2016,332.3
251240,2017,343.6
251240,2018,355.4
251240,2019,367.5
251240,2020,380.1
251240,2021,380.1
251240,2022,380.1
251240,2023,380.1
251240,2024,380.1
251240,2025,380.1
251240,2026,380.1
251240,2027,380.1
251240,2028,380.1
251240,2029,380.1
251240,2030,380.1
251240,2031,380.1
251240,2032,380.1
251240,2033,380.1
251240,2034,380.1
251240,2035,380.1
251240,2036,380.1
251240,2037,380.1
251240,2038,380.1
251240,2039,380.1
251240,2040,380.1
251240,2041,380.1
251240,2042,380.1
251240,2043,380.1
251240,2044,380.1
251240,2045,380.1
251250,2010,1240.4
251250,2011,1282.8
251250,2012,1326.7
251250,2013,1372.0
251250,2014,1418.9
251250,2015,1467.4
251250,2016,1517.6
251250,2017,1569.4
251250,2018,1623.1
251250,2019,1678.5
251250,2020,1735.9
251250,2021,1735.9
251250,2022,1735.9
251250,2023,1735.9
251250,2024,1735.9
251250,2025,1735.9
251250,2026,1735.9
251250,2027,1735.9
251250,2028,1735.9
251250,2029,1735.9
251250,2030,1735.9
251250,2031,1735.9
251250,2032,1735.9
251250,2033,1735.9
251250,2034,1735.9
251250,2035,1735.9
251250,2036,1735.9
251250,2037,1735.9
251250,2038,1735.9
251250,2039,1735.9
251250,2040,1735.9
251250,2041,1735.9
251250,2042,1735.9
251250,2043,1735.9
251250,2044,1735.9
251250,2045,1735.9
251260,2010,112.3
251260,2011,117.7
251260,2012,123.3
251260,2013,129.3
251260,2014,135.5
251260,2015,142.0
251260,2016,148.8
251260,2017,156.0
251260,2018,163.5
251260,2019,171.4
251260,2020,179.6
251260,2021,179.6
251260,2022,179.6
251260,2023,179.6
251260,2024,179.6
251260,2025,179.6
251260,2026,179.6
251260,2027,179.6
251260,2028,179.6
251260,2029,179.6
251260,2030,179.6
251260,2031,179.6
251260,2032,179.6
251260,2033,179.6
251260,2034,179.6
251260,2035,179.6
251260,2036,179.6
251260,2037,179.6
251260,2038,179.6
251260,2039,179.6
251260,2040,179.6
251260,2041,179.6
251260,2042,179.6
251260,2043,179.6
251260,2044,179.6
251260,2045,179.6
251370,2010,4152.1
251370,2011,4096.0
251370,2012,4040.7
251370,2013,3986.2
251370,2014,3932.3
251370,2015,3879.3
251370,2016,3826.9
251370,2017,3775.2
251370,2018,3724.2
251370,2019,3673.9
251370,2020,3624.3
251370,2021,3624.3
251370,2022,3624.3
251370,2023,3624.3
251370,2024,3624.3
251370,2025,3624.3
251370,2026,3624.3
251370,2027,3624.3
251370,2028,3624.3
251370,2029,3624.3
251370,2030,3624.3
251370,2031,3624.3
251370,2032,3624.3
251370,2033,3624.3
251370,2034,3624.3
251370,2035,3624.3
251370,2036,3624.3
251370,2037,3624.3
251370,2038,3624.3
251370,2039,3624.3
251370,2040,3624.3
251370,2041,3624.3
251370,2042,3624.3
251370,2043,3624.3
251370,2044,3624.3
251370,2045,3624.3
260005,2010,3481.0
260005,2011,3495.3
260005,2012,3509.7
260005,2013,3524.2
260005,2014,3538.7
260005,2015,3553.3
260005,2016,3567.9
260005,2017,3582.6
260005,2018,3597.4
260005,2019,3612.2
260005,2020,3627.1
260005,2021,3627.1
260005,2022,3627.1
260005,2023,3627.1
260005,2024,3627.1
260005,2025,3627.1
260005,2026,3627.1
260005,2027,3627.1
260005,2028,3627.1
260005,2029,3627.1
260005,2030,3627.1
260005,2031,3627.1
260005,2032,3627.1
260005,2033,3627.1
260005,2034,3627.1
260005,2035,3627.1
260005,2036,3627.1
260005,2037,3627.1
260005,2038,3627.1
260005,2039,3627.1
260005,2040,3627.1
260005,2041,3627.1
260005,2042,3627.1
260005,2043,3627.1
260005,2044,3627.1
260005,2045,3627.1
260105,2010,472.7
260105,2011,474.6
260105,2012,476.6
260105,2013,478.5
260105,2014,480.5
260105,2015,482.5
260105,2016,484.5
260105,2017,486.5
260105,2018,488.5
260105,2019,490.5
260105,2020,492.5
260105,2021,492.5
260105,2022,492.5
260105,2023,492.5
260105,2024,492.5
260105,2025,492.5
260105,2026,492.5
260105,2027,492.5
260105,2028,492.5
260105,2029,492.5
260105,2030,492.5
260105,2031,492.5
260105,2032,492.5
260105,2033,492.5
260105,2034,492.5
260105,2035,492.5
260105,2036,492.5
260105,2037,492.5
260105,2038,492.5
260105,2039,492.5
260105,2040,492.5
260105,2041,492.5
260105,2042,492.5
260105,2043,492.5
260105,2044,492.5
260105,2045,492.5
260290,2010,4112.9
260290,2011,4129.9
260290,2012,4146.9
260290,2013,4164.0
260290,2014,4181.2
260290,2015,4198.4
260290,2016,4215.7
260290,2017,4233.1
260290,2018,4250.5
260290,2019,4268.0
260290,2020,4285.6
260290,2021,4285.6
260290,2022,4285.6
260290,2023,4285.6
260290,2024,4285.6
260290,2025,4285.6
260290,2026,4285.6
260290,2027,4285.6
260290,2028,4285.6
260290,2029,4285.6
260290,2030,4285.6
260290,2031,4285.6
260290,2032,4285.6
260290,2033,4285.6
260290,2034,4285.6
260290,2035,4285.6
260290,2036,4285.6
260290,2037,4285.6
260290,2038,4285.6
260290,2039,4285.6
260290,2040,4285.6
260290,2041,4285.6
260290,2042,4285.6
260290,2043,4285.6
260290,2044,4285.6
260290,2045,4285.6
260345,2010,6894.1
260345,2011,6922.5
260345,2012,6951.0
260345,2013,6979.7
260345,2014,7008.4
260345,2015,7037.3
260345,2016,7066.3
260345,2017,7095.4
260345,2018,7124.7
260345,2019,7154.0
260345,2020,7183.5
260345,2021,7183.5
260345,2022,7183.5
260345,2023,7183.5
260345,2024,7183.5
260345,2025,7183.5
260345,2026,7183.5
260345,2027,7183.5
260345,2028,7183.5
260345,2029,7183.5
260345,2030,7183.5
260345,2031,7183.5
260345,2032,7183.5
260345,2033,7183.5
260345,2034,7183.5
260345,2035,7183.5
260345,2036,7183.5
260345,2037,7183.5
260345,2038,7183.5
260345,2039,7183.5
260345,2040,7183.5
260345,2041,7183.5
260345,2042,7183.5
260345,2043,7183.5
260345,2044,7183.5
260345,2045,7183.5
260410,2010,13474.8
260410,2011,14055.7
260410,2012,14661.7
260410,2013,15293.8
260410,2014,15953.2
260410,2015,16641.0
260410,2016,17358.4
260410,2017,18106.8
260410,2018,18887.4
260410,2019,19701.7
260410,2020,20551.1
260410,2021,20551.1
260410,2022,20551.1
260410,2023,20551.1
260410,2024,20551.1
260410,2025,20551.1
260410,2026,20551.1
260410,2027,20551.1
260410,2028,20551.1
260410,2029,20551.1
260410,2030,20551.1
260410,2031,20551.1
260410,2032,20551.1
260410,2033,20551.1
260410,2034,20551.1
260410,2035,20551.1
260410,2036,20551.1
260410,2037,20551.1
260410,2038,20551.1
260410,2039,20551.1
260410,2040,20551.1
260410,2041,20551.1
260410,2042,20551.1
260410,2043,20551.1
260410,2044,20551.1
260410,2045,20551.1
260600,2010,11654.6
260600,2011,11919.9
260600,2012,12191.3
260600,2013,12468.8
260600,2014,12752.6
260600,2015,13042.9
260600,2016,13339.8
260600,2017,13643.5
260600,2018,13954.0
260600,2019,14271.7
260600,2020,14596.6
260600,2021,14596.6
260600,2022,14596.6
260600,2023,14596.6
260600,2024,14596.6
260600,2025,14596.6
260600,2026,14596.6
260600,2027,14596.6
260600,2028,14596.6
260600,2029,14596.6
260600,2030,14596.6
260600,2031,14596.6
260600,2032,14596.6
260600,2033,14596.6
260600,2034,14596.6
260600,2035,14596.6
260600,2036,14596.6
260600,2037,14596.6
260600,2038,14596.6
260600,2039,14596.6
260600,2040,14596.6
260600,2041,14596.6
260600,2042,14596.6
260600,2043,14596.6
260600,2044,14596.6
260600,2045,14596.6
260680,2010,3089.3
260680,2011,3102.0
260680,2012,3114.8
260680,2013,3127.6
260680,2014,3140.5
260680,2015,3153.5
260680,2016,3166.5
260680,2017,3179.5
260680,2018,3192.6
260680,2019,3205.8
260680,2020,3219.0
260680,2021,3219.0
260680,2022,3219.0
260680,2023,3219.0
260680,2024,3219.0
260680,2025,3219.0
260680,2026,3219.0
260680,2027,3219.0
260680,2028,3219.0
260680,2029,3219.0
260680,2030,3219.0
260680,2031,3219.0
260680,2032,3219.0
260680,2033,3219.0
260680,2034,3219.0
260680,2035,3219.0
260680,2036,3219.0
260680,2037,3219.0
260680,2038,3219.0
260680,2039,3219.0
260680,2040,3219.0
260680,2041,3219.0
260680,2042,3219.0
260680,2043,3219.0
260680,2044,3219.0
260680,2045,3219.0
260720,2010,2480.8
260720,2011,2491.0
260720,2012,2501.3
260720,2013,2511.6
260720,2014,2522.0
260720,2015,2532.4
260720,2016,2542.8
260720,2017,2553.3
260720,2018,2563.8
260720,2019,2574.4
260720,2020,2585.0
260720,2021,2585.0
260720,2022,2585.0
260720,2023,2585.0
260720,2024,2585.0
260720,2025,2585.0
260720,2026,2585.0
260720,2027,2585.0
260720,2028,2585.0
260720,2029,2585.0
260720,2030,2585.0
260720,2031,2585.0
260720,2032,2585.0
260720,2033,2585.0
260720,2034,2585.0
260720,2035,2585.0
260720,2036,2585.0
260720,2037,2585.0
260720,2038,2585.0
260720,2039,2585.0
260720,2040,2585.0
260720,2041,2585.0
260720,2042,2585.0
260720,2043,2585.0
260720,2044,2585.0
260720,2045,2585.0
260760,2010,1209.1
260760,2011,1214.1
260760,2012,1219.1
260760,2013,1224.1
260760,2014,1229.1
260760,2015,1234.2
260760,2016,1239.3
260760,2017,1244.4
260760,2018,1249.5
260760,2019,1254.7
260760,2020,1259.8
260760,2021,1259.8
260760,2022,1259.8
260760,2023,1259.8
260760,2024,1259.8
260760,2025,1259.8
260760,2026,1259.8
260760,2027,1259.8
260760,2028,1259.8
260760,2029,1259.8
260760,2030,1259.8
260760,2031,1259.8
260760,2032,1259.8
260760,2033,1259.8
260760,2034,1259.8
260760,2035,1259.8
260760,2036,1259.8
260760,2037,1259.8
260760,2038,1259.8
260760,2039,1259.8
260760,2040,1259.8
260760,2041,1259.8
260760,2042,1259.8
260760,2043,1259.8
260760,2044,1259.8
260760,2045,1259.8
260775,2010,1483.3
260775,2011,1489.4
260775,2012,1495.5
260775,2013,1501.7
260775,2014,1507.9
260775,2015,1514.1
260775,2016,1520.3
260775,2017,1526.6
260775,2018,1532.9
260775,2019,1539.2
260775,2020,1545.5
260775,2021,1545.5
260775,2022,1545.5
260775,2023,1545.5
260775,2024,1545.5
260775,2025,1545.5
260775,2026,1545.5
260775,2027,1545.5
260775,2028,1545.5
260775,2029,1545.5
260775,2030,1545.5
260775,2031,1545.5
260775,2032,1545.5
260775,2033,1545.5
260775,2034,1545.5
260775,2035,1545.5
260775,2036,1545.5
260775,2037,1545.5
260775,2038,1545.5
260775,2039,1545.5
260775,2040,1545.5
260775,2041,1545.5
260775,2042,1545.5
260775,2043,1545.5
260775,2044,1545.5
260775,2045,1545.5
260790,2010,23742.8
260790,2011,23840.6
260790,2012,23938.9
260790,2013,24037.5
260790,2014,24136.6
260790,2015,24236.0
260790,2016,24335.9
260790,2017,24436.2
260790,2018,24536.9
260790,2019,24638.0
260790,2020,24739.5
260790,2021,24739.5
260790,2022,24739.5
260790,2023,24739.5
260790,2024,24739.5
260790,2025,24739.5
260790,2026,24739.5
260790,2027,24739.5
260790,2028,24739.5
260790,2029,24739.5
260790,2030,24739.5
260790,2031,24739.5
260790,2032,24739.5
260790,2033,24739.5
260790,2034,24739.5
260790,2035,24739.5
260790,2036,24739.5
260790,2037,24739.5
260790,2038,24739.5
260790,2039,24739.5
260790,2040,24739.5
260790,2041,24739.5
260790,2042,24739.5
260790,2043,24739.5
260790,2044,24739.5
260790,2045,24739.5
260940,2010,1598.2
260940,2011,1604.8
260940,2012,1611.4
260940,2013,1618.0
260940,2014,1624.7
260940,2015,1631.4
260940,2016,1638.1
260940,2017,1644.8
260940,2018,1651.6
260940,2019,1658.4
260940,2020,1665.3
260940,2021,1665.3
260940,2022,1665.3
260940,2023,1665.3
260940,2024,1665.3
260940,2025,1665.3
260940,2026,1665.3
260940,2027,1665.3
260940,2028,1665.3
260940,2029,1665.3
260940,2030,1665.3
260940,2031,1665.3
260940,2032,1665.3
260940,2033,1665.3
260940,2034,1665.3
260940,2035,1665.3
260940,2036,1665.3
260940,2037,1665.3
260940,2038,1665.3
260940,2039,1665.3
260940,2040,1665.3
260940,2041,1665.3
260940,2042,1665.3
260940,2043,1665.3
260940,2044,1665.3
260940,2045,1665.3
260960,2010,24675.0
260960,2011,24776.7
260960,2012,24878.8
260960,2013,24981.3
260960,2014,25084.3
260960,2015,25187.7
260960,2016,25291.5
260960,2017,25395.7
260960,2018,25500.3
260960,2019,25605.4
260960,2020,25710.9
260960,2021,25710.9
260960,2022,25710.9
260960,2023,25710.9
260960,2024,25710.9
260960,2025,25710.9
260960,2026,25710.9
260960,2027,25710.9
260960,2028,25710.9
260960,2029,25710.9
260960,2030,25710.9
260960,2031,25710.9
260960,2032,25710.9
260960,2033,25710.9
260960,2034,25710.9
260960,2035,25710.9
260960,2036,25710.9
260960,2037,25710.9
260960,2038,25710.9
260960,2039,25710.9
260960,2040,25710.9
260960,2041,25710.9
260960,2042,25710.9
260960,2043,25710.9
260960,2044,25710.9
260960,2045,25710.9
261060,2010,1209.1
261060,2011,1214.1
261060,2012,1219.1
261060,2013,1224.1
261060,2014,1229.1
261060,2015,1234.2
261060,2016,1239.3
261060,2017,1244.4
261060,2018,1249.5
261060,2019,1254.7
261060,2020,1259.8
261060,2021,1259.8
261060,2022,1259.8
261060,2023,1259.8
261060,2024,1259.8
261060,2025,1259.8
261060,2026,1259.8
261060,2027,1259.8
261060,2028,1259.8
261060,2029,1259.8
261060,2030,1259.8
261060,2031,1259.8
261060,2032,1259.8
261060,2033,1259.8
261060,2034,1259.8
261060,2035,1259.8
261060,2036,1259.8
261060,2037,1259.8
261060,2038,1259.8
261060,2039,1259.8
261060,2040,1259.8
261060,2041,1259.8
261060,2042,1259.8
261060,2043,1259.8
261060,2044,1259.8
261060,2045,1259.8
261070,2010,20050.3
261070,2011,20132.9
261070,2012,20215.8
261070,2013,20299.2
261070,2014,20382.8
261070,2015,20466.8
261070,2016,20551.1
261070,2017,20635.8
261070,2018,20720.9
261070,2019,20806.3
261070,2020,20892.0
261070,2021,20892.0
261070,2022,20892.0
261070,2023,20892.0
261070,2024,20892.0
261070,2025,20892.0
261070,2026,20892.0
261070,2027,20892.0
261070,2028,20892.0
261070,2029,20892.0
261070,2030,20892.0
261070,2031,20892.0
261070,2032,20892.0
261070,2033,20892.0
261070,2034,20892.0
261070,2035,20892.0
261070,2036,20892.0
261070,2037,20892.0
261070,2038,20892.0
261070,2039,20892.0
261070,2040,20892.0
261070,2041,20892.0
261070,2042,20892.0
261070,2043,20892.0
261070,2044,20892.0
261070,2045,20892.0
261110,2010,18164.8
261110,2011,18873.8
261110,2012,19610.5
261110,2013,20375.9
261110,2014,21171.2
261110,2015,21997.5
261110,2016,22856.1
261110,2017,23748.2
261110,2018,24675.1
261110,2019,25638.2
261110,2020,26638.9
261110,2021,26638.9
261110,2022,26638.9
261110,2023,26638.9
261110,2024,26638.9
261110,2025,26638.9
261110,2026,26638.9
261110,2027,26638.9
261110,2028,26638.9
261110,2029,26638.9
261110,2030,26638.9
261110,2031,26638.9
261110,2032,26638.9
261110,2033,26638.9
261110,2034,26638.9
261110,2035,26638.9
261110,2036,26638.9
261110,2037,26638.9
261110,2038,26638.9
261110,2039,26638.9
261110,2040,26638.9
261110,2041,26638.9
261110,2042,26638.9
261110,2043,26638.9
261110,2044,26638.9
261110,2045,26638.9
261160,2010,126072.7
261160,2011,126592.3
261160,2012,127113.9
261160,2013,127637.8
261160,2014,128163.7
261160,2015,128691.9
261160,2016,129222.2
261160,2017,129754.7
261160,2018,130289.5
261160,2019,130826.4
261160,2020,131365.5
261160,2021,131365.5
261160,2022,131365.5
261160,2023,131365.5
261160,2024,131365.5
261160,2025,131365.5
261160,2026,131365.5
261160,2027,131365.5
261160,2028,131365.5
261160,2029,131365.5
261160,2030,131365.5
261160,2031,131365.5
261160,2032,131365.5
261160,2033,131365.5
261160,2034,131365.5
261160,2035,131365.5
261160,2036,131365.5
261160,2037,131365.5
261160,2038,131365.5
261160,2039,131365.5
261160,2040,131365.5
261160,2041,131365.5
261160,2042,131365.5
261160,2043,131365.5
261160,2044,131365.5
261160,2045,131365.5
261370,2010,4543.8
261370,2011,4562.5
261370,2012,4581.3
261370,2013,4600.2
261370,2014,4619.2
261370,2015,4638.2
261370,2016,4657.3
261370,2017,4676.5
261370,2018,4695.8
261370,2019,4715.1
261370,2020,4734.6
261370,2021,4734.6
261370,2022,4734.6
261370,2023,4734.6
261370,2024,4734.6
261370,2025,4734.6
261370,2026,4734.6
261370,2027,4734.6
261370,2028,4734.6
261370,2029,4734.6
261370,2030,4734.6
261370,2031,4734.6
261370,2032,4734.6
261370,2033,4734.6
261370,2034,4734.6
261370,2035,4734.6
261370,2036,4734.6
261370,2037,4734.6
261370,2038,4734.6
261370,2039,4734.6
261370,2040,4734.6
261370,2041,4734.6
261370,2042,4734.6
261370,2043,4734.6
261370,2044,4734.6
261370,2045,4734.6
261640,2010,4951.2
261640,2011,4917.0
261640,2012,4883.1
261640,2013,4849.4
261640,2014,4816.0
261640,2015,4782.7
261640,2016,4749.7
261640,2017,4716.9
261640,2018,4684.4
261640,2019,4652.1
261640,2020,4620.0
261640,2021,4620.0
261640,2022,4620.0
261640,2023,4620.0
261640,2024,4620.0
261640,2025,4620.0
261640,2026,4620.0
261640,2027,4620.0
261640,2028,4620.0
261640,2029,4620.0
261640,2030,4620.0
261640,2031,4620.0
261640,2032,4620.0
261640,2033,4620.0
261640,2034,4620.0
261640,2035,4620.0
261640,2036,4620.0
261640,2037,4620.0
261640,2038,4620.0
261640,2039,4620.0
261640,2040,4620.0
261640,2041,4620.0
261640,2042,4620.0
261640,2043,4620.0
261640,2044,4620.0
261640,2045,4620.0
270030,2010,12401.5
270030,2011,12737.4
270030,2012,13082.4
270030,2013,13436.7
270030,2014,13800.6
270030,2015,14174.4
270030,2016,14558.3
270030,2017,14952.5
270030,2018,15357.5
270030,2019,15773.5
270030,2020,16200.7
270030,2021,16200.7
270030,2022,16200.7
270030,2023,16200.7
270030,2024,16200.7
270030,2025,16200.7
270030,2026,16200.7
270030,2027,16200.7
270030,2028,16200.7
270030,2029,16200.7
270030,2030,16200.7
270030,2031,16200.7
270030,2032,16200.7
270030,2033,16200.7
270030,2034,16200.7
270030,2035,16200.7
270030,2036,16200.7
270030,2037,16200.7
270030,2038,16200.7
270030,2039,16200.7
270030,2040,16200.7
270030,2041,16200.7
270030,2042,16200.7
270030,2043,16200.7
270030,2044,16200.7
270030,2045,16200.7
270050,2010,1062.8
270050,2011,1073.2
270050,2012,1083.8
270050,2013,1094.4
270050,2014,1105.1
270050,2015,1115.9
270050,2016,1126.9
270050,2017,1137.9
270050,2018,1149.1
270050,2019,1160.3
270050,2020,1171.7
270050,2021,1171.7
270050,2022,1171.7
270050,2023,1171.7
270050,2024,1171.7
270050,2025,1171.7
270050,2026,1171.7
270050,2027,1171.7
270050,2028,1171.7
270050,2029,1171.7
270050,2030,1171.7
270050,2031,1171.7
270050,2032,1171.7
270050,2033,1171.7
270050,2034,1171.7
270050,2035,1171.7
270050,2036,1171.7
270050,2037,1171.7
270050,2038,1171.7
270050,2039,1171.7
270050,2040,1171.7
270050,2041,1171.7
270050,2042,1171.7
270050,2043,1171.7
270050,2044,1171.7
270050,2045,1171.7
270220,2010,318.6
270220,2011,321.7
270220,2012,324.9
270220,2013,328.0
270220,2014,331.3
270220,2015,334.5
270220,2016,337.8
270220,2017,341.1
270220,2018,344.4
270220,2019,347.8
270220,2020,351.2
270220,2021,351.2
270220,2022,351.2
270220,2023,351.2
270220,2024,351.2
270220,2025,351.2
270220,2026,351.2
270220,2027,351.2
270220,2028,351.2
270220,2029,351.2
270220,2030,351.2
270220,2031,351.2
270220,2032,351.2
270220,2033,351.2
270220,2034,351.2
270220,2035,351.2
270220,2036,351.2
270220,2037,351.2
270220,2038,351.2
270220,2039,351.2
270220,2040,351.2
270220,2041,351.2
270220,2042,351.2
270220,2043,351.2
270220,2044,351.2
270220,2045,351.2
270430,2010,81804.4
270430,2011,82605.9
270430,2012,83415.3
270430,2013,84232.6
270430,2014,85057.9
270430,2015,85891.3
270430,2016,86732.9
270430,2017,87582.7
270430,2018,88440.8
270430,2019,89307.4
270430,2020,90182.4
270430,2021,90182.4
270430,2022,90182.4
270430,2023,90182.4
270430,2024,90182.4
270430,2025,90182.4
270430,2026,90182.4
270430,2027,90182.4
270430,2028,90182.4
270430,2029,90182.4
270430,2030,90182.4
270430,2031,90182.4
270430,2032,90182.4
270430,2033,90182.4
270430,2034,90182.4
270430,2035,90182.4
270430,2036,90182.4
270430,2037,90182.4
270430,2038,90182.4
270430,2039,90182.4
270430,2040,90182.4
270430,2041,90182.4
270430,2042,90182.4
270430,2043,90182.4
270430,2044,90182.4
270430,2045,90182.4
270470,2010,2269.3
270470,2011,2291.5
270470,2012,2314.0
270470,2013,2336.7
270470,2014,2359.6
270470,2015,2382.7
270470,2016,2406.0
270470,2017,2429.6
270470,2018,2453.4
270470,2019,2477.4
270470,2020,2501.7
270470,2021,2501.7
270470,2022,2501.7
270470,2023,2501.7
270470,2024,2501.7
270470,2025,2501.7
270470,2026,2501.7
270470,2027,2501.7
270470,2028,2501.7
270470,2029,2501.7
270470,2030,2501.7
270470,2031,2501.7
270470,2032,2501.7
270470,2033,2501.7
270470,2034,2501.7
270470,2035,2501.7
270470,2036,2501.7
270470,2037,2501.7
270470,2038,2501.7
270470,2039,2501.7
270470,2040,2501.7
270470,2041,2501.7
270470,2042,2501.7
270470,2043,2501.7
270470,2044,2501.7
270470,2045,2501.7
270520,2010,1000.2
270520,2011,1010.0
270520,2012,1019.9
270520,2013,1029.9
270520,2014,1039.9
270520,2015,1050.1
270520,2016,1060.4
270520,2017,1070.8
270520,2018,1081.3
270520,2019,1091.9
270520,2020,1102.6
270520,2021,1102.6
270520,2022,1102.6
270520,2023,1102.6
270520,2024,1102.6
270520,2025,1102.6
270520,2026,1102.6
270520,2027,1102.6
270520,2028,1102.6
270520,2029,1102.6
270520,2030,1102.6
270520,2031,1102.6
270520,2032,1102.6
270520,2033,1102.6
270520,2034,1102.6
270520,2035,1102.6
270520,2036,1102.6
270520,2037,1102.6
270520,2038,1102.6
270520,2039,1102.6
270520,2040,1102.6
270520,2041,1102.6
270520,2042,1102.6
270520,2043,1102.6
270520,2044,1102.6
270520,2045,1102.6
270644,2010,1102.0
270644,2011,1112.8
270644,2012,1123.7
270644,2013,1134.7
270644,2014,1145.8
270644,2015,1157.1
270644,2016,1168.4
270644,2017,1179.8
270644,2018,1191.4
270644,2019,1203.1
270644,2020,1214.9
270644,2021,1214.9
270644,2022,1214.9
270644,2023,1214.9
270644,2024,1214.9
270644,2025,1214.9
270644,2026,1214.9
270644,2027,1214.9
270644,2028,1214.9
270644,2029,1214.9
270644,2030,1214.9
270644,2031,1214.9
270644,2032,1214.9
270644,2033,1214.9
270644,2034,1214.9
270644,2035,1214.9
270644,2036,1214.9
270644,2037,1214.9
270644,2038,1214.9
270644,2039,1214.9
270644,2040,1214.9
270644,2041,1214.9
270644,2042,1214.9
270644,2043,1214.9
270644,2044,1214.9
270644,2045,1214.9
270770,2010,1848.9
270770,2011,1867.0
270770,2012,1885.3
270770,2013,1903.7
270770,2014,1922.4
270770,2015,1941.2
270770,2016,1960.3
270770,2017,1979.5
270770,2018,1998.9
270770,2019,2018.4
270770,2020,2038.2
270770,2021,2038.2
270770,2022,2038.2
270770,2023,2038.2
270770,2024,2038.2
270770,2025,2038.2
270770,2026,2038.2
270770,2027,2038.2
270770,2028,2038.2
270770,2029,2038.2
270770,2030,2038.2
270770,2031,2038.2
270770,2032,2038.2
270770,2033,2038.2
270770,2034,2038.2
270770,2035,2038.2
270770,2036,2038.2
270770,2037,2038.2
270770,2038,2038.2
270770,2039,2038.2
270770,2040,2038.2
270770,2041,2038.2
270770,2042,2038.2
270770,2043,2038.2
270770,2044,2038.2
270770,2045,2038.2
270790,2010,561.4
270790,2011,567.0
270790,2012,572.5
270790,2013,578.1
270790,2014,583.8
270790,2015,589.5
270790,2016,595.3
270790,2017,601.1
270790,2018,607.0
270790,2019,612.9
270790,2020,618.9
270790,2021,618.9
270790,2022,618.9
270790,2023,618.9
270790,2024,618.9
270790,2025,618.9
270790,2026,618.9
270790,2027,618.9
270790,2028,618.9
270790,2029,618.9
270790,2030,618.9
270790,2031,618.9
270790,2032,618.9
270790,2033,618.9
270790,2034,618.9
270790,2035,618.9
270790,2036,618.9
270790,2037,618.9
270790,2038,618.9
270790,2039,618.9
270790,2040,618.9
270790,2041,618.9
270790,2042,618.9
270790,2043,618.9
270790,2044,618.9
270790,2045,618.9
270890,2010,898.3
270890,2011,907.1
270890,2012,916.0
270890,2013,925.0
270890,2014,934.0
270890,2015,943.2
270890,2016,952.4
270890,2017,961.8
270890,2018,971.2
270890,2019,980.7
270890,2020,990.3
270890,2021,990.3
270890,2022,990.3
270890,2023,990.3
270890,2024,990.3
270890,2025,990.3
270890,2026,990.3
270890,2027,990.3
270890,2028,990.3
270890,2029,990.3
270890,2030,990.3
270890,2031,990.3
270890,2032,990.3
270890,2033,990.3
270890,2034,990.3
270890,2035,990.3
270890,2036,990.3
270890,2037,990.3
270890,2038,990.3
270890,2039,990.3
270890,2040,990.3
270890,2041,990.3
270890,2042,990.3
270890,2043,990.3
270890,2044,990.3
270890,2045,990.3
280030,2010,57952.0
280030,2011,57910.5
280030,2012,57869.1
280030,2013,57827.7
280030,2014,57786.3
280030,2015,57744.9
280030,2016,57703.6
280030,2017,57662.3
280030,2018,57621.1
280030,2019,57579.8
280030,2020,57538.6
280030,2021,57538.6
280030,2022,57538.6
280030,2023,57538.6
280030,2024,57538.6
280030,2025,57538.6
280030,2026,57538.6
280030,2027,57538.6
280030,2028,57538.6
280030,2029,57538.6
280030,2030,57538.6
280030,2031,57538.6
280030,2032,57538.6
280030,2033,57538.6
280030,2034,57538.6
280030,2035,57538.6
280030,2036,57538.6
280030,2037,57538.6
280030,2038,57538.6
280030,2039,57538.6
280030,2040,57538.6
280030,2041,57538.6
280030,2042,57538.6
280030,2043,57538.6
280030,2044,57538.6
280030,2045,57538.6
280060,2010,1297.9
280060,2011,1296.9
280060,2012,1296.0
280060,2013,1295.1
280060,2014,1294.2
280060,2015,1293.2
280060,2016,1292.3
280060,2017,1291.4
280060,2018,1290.4
280060,2019,1289.5
280060,2020,1288.6
280060,2021,1288.6
280060,2022,1288.6
280060,2023,1288.6
280060,2024,1288.6
280060,2025,1288.6
280060,2026,1288.6
280060,2027,1288.6
280060,2028,1288.6
280060,2029,1288.6
280060,2030,1288.6
280060,2031,1288.6
280060,2032,1288.6
280060,2033,1288.6
280060,2034,1288.6
280060,2035,1288.6
280060,2036,1288.6
280060,2037,1288.6
280060,2038,1288.6
280060,2039,1288.6
280060,2040,1288.6
280060,2041,1288.6
280060,2042,1288.6
280060,2043,1288.6
280060,2044,1288.6
280060,2045,1288.6
280150,2010,937.5
280150,2011,936.8
280150,2012,936.1
280150,2013,935.5
280150,2014,934.8
280150,2015,934.1
280150,2016,933.5
280150,2017,932.8
280150,2018,932.1
280150,2019,931.5
280150,2020,930.8
280150,2021,930.8
280150,2022,930.8
280150,2023,930.8
280150,2024,930.8
280150,2025,930.8
280150,2026,930.8
280150,2027,930.8
280150,2028,930.8
280150,2029,930.8
280150,2030,930.8
280150,2031,930.8
280150,2032,930.8
280150,2033,930.8
280150,2034,930.8
280150,2035,930.8
280150,2036,930.8
280150,2037,930.8
280150,2038,930.8
280150,2039,930.8
280150,2040,930.8
280150,2041,930.8
280150,2042,930.8
280150,2043,930.8
280150,2044,930.8
280150,2045,930.8
280200,2010,490.9
280200,2011,490.6
280200,2012,490.2
280200,2013,489.9
280200,2014,489.5
280200,2015,489.2
280200,2016,488.8
280200,2017,488.5
280200,2018,488.1
280200,2019,487.8
280200,2020,487.4
280200,2021,487.4
280200,2022,487.4
280200,2023,487.4
280200,2024,487.4
280200,2025,487.4
280200,2026,487.4
280200,2027,487.4
280200,2028,487.4
280200,2029,487.4
280200,2030,487.4
280200,2031,487.4
280200,2032,487.4
280200,2033,487.4
280200,2034,487.4
280200,2035,487.4
280200,2036,487.4
280200,2037,487.4
280200,2038,487.4
280200,2039,487.4
280200,2040,487.4
280200,2041,487.4
280200,2042,487.4
280200,2043,487.4
280200,2044,487.4
280200,2045,487.4
280250,2010,211.5
280250,2011,211.4
280250,2012,211.2
280250,2013,211.1
280250,2014,210.9
280250,2015,210.8
280250,2016,210.6
280250,2017,210.5
280250,2018,210.3
280250,2019,210.2
280250,2020,210.0
280250,2021,210.0
280250,2022,210.0
280250,2023,210.0
280250,2024,210.0
280250,2025,210.0
280250,2026,210.0
280250,2027,210.0
280250,2028,210.0
280250,2029,210.0
280250,2030,210.0
280250,2031,210.0
280250,2032,210.0
280250,2033,210.0
280250,2034,210.0
280250,2035,210.0
280250,2036,210.0
280250,2037,210.0
280250,2038,210.0
280250,2039,210.0
280250,2040,210.0
280250,2041,210.0
280250,2042,210.0
280250,2043,210.0
280250,2044,210.0
280250,2045,210.0
280360,2010,1031.5
280360,2011,1030.8
280360,2012,1030.0
280360,2013,1029.3
280360,2014,1028.5
280360,2015,1027.8
280360,2016,1027.1
280360,2017,1026.3
280360,2018,1025.6
280360,2019,1024.9
280360,2020,1024.1
280360,2021,1024.1
280360,2022,1024.1
280360,2023,1024.1
280360,2024,1024.1
280360,2025,1024.1
280360,2026,1024.1
280360,2027,1024.1
280360,2028,1024.1
280360,2029,1024.1
280360,2030,1024.1
280360,2031,1024.1
280360,2032,1024.1
280360,2033,1024.1
280360,2034,1024.1
280360,2035,1024.1
280360,2036,1024.1
280360,2037,1024.1
280360,2038,1024.1
280360,2039,1024.1
280360,2040,1024.1
280360,2041,1024.1
280360,2042,1024.1
280360,2043,1024.1
280360,2044,1024.1
280360,2045,1024.1
280400,2010,1248.2
280400,2011,1247.4
280400,2012,1246.5
280400,2013,1245.6
280400,2014,1244.7
280400,2015,1243.8
280400,2016,1242.9
280400,2017,1242.0
280400,2018,1241.1
280400,2019,1240.2
280400,2020,1239.3
280400,2021,1239.3
280400,2022,1239.3
280400,2023,1239.3
280400,2024,1239.3
280400,2025,1239.3
280400,2026,1239.3
280400,2027,1239.3
280400,2028,1239.3
280400,2029,1239.3
280400,2030,1239.3
280400,2031,1239.3
280400,2032,1239.3
280400,2033,1239.3
280400,2034,1239.3
280400,2035,1239.3
280400,2036,1239.3
280400,2037,1239.3
280400,2038,1239.3
280400,2039,1239.3
280400,2040,1239.3
280400,2041,1239.3
280400,2042,1239.3
280400,2043,1239.3
280400,2044,1239.3
280400,2045,1239.3
280480,2010,8108.4
280480,2011,8102.6
280480,2012,8096.8
280480,2013,8091.0
280480,2014,8085.2
280480,2015,8079.4
280480,2016,8073.6
280480,2017,8067.8
280480,2018,8062.1
280480,2019,8056.3
280480,2020,8050.5
280480,2021,8050.5
280480,2022,8050.5
280480,2023,8050.5
280480,2024,8050.5
280480,2025,8050.5
280480,2026,8050.5
280480,2027,8050.5
280480,2028,8050.5
280480,2029,8050.5
280480,2030,8050.5
280480,2031,8050.5
280480,2032,8050.5
280480,2033,8050.5
280480,2034,8050.5
280480,2035,8050.5
280480,2036,8050.5
280480,2037,8050.5
280480,2038,8050.5
280480,2039,8050.5
280480,2040,8050.5
280480,2041,8050.5
280480,2042,8050.5
280480,2043,8050.5
280480,2044,8050.5
280480,2045,8050.5
280590,2010,551.0
280590,2011,550.6
280590,2012,550.2
280590,2013,549.8
280590,2014,549.4
280590,2015,549.0
280590,2016,548.6
280590,2017,548.2
280590,2018,547.9
280590,2019,547.5
280590,2020,547.1
280590,2021,547.1
280590,2022,547.1
280590,2023,547.1
280590,2024,547.1
280590,2025,547.1
280590,2026,547.1
280590,2027,547.1
280590,2028,547.1
280590,2029,547.1
280590,2030,547.1
280590,2031,547.1
280590,2032,547.1
280590,2033,547.1
280590,2034,547.1
280590,2035,547.1
280590,2036,547.1
280590,2037,547.1
280590,2038,547.1
280590,2039,547.1
280590,2040,547.1
280590,2041,547.1
280590,2042,547.1
280590,2043,547.1
280590,2044,547.1
280590,2045,547.1
280610,2010,402.2
280610,2011,401.9
280610,2012,401.6
280610,2013,401.3
280610,2014,401.0
280610,2015,400.7
280610,2016,400.4
280610,2017,400.1
280610,2018,399.9
280610,2019,399.6
280610,2020,399.3
280610,2021,399.3
280610,2022,399.3
280610,2023,399.3
280610,2024,399.3
280610,2025,399.3
280610,2026,399.3
280610,2027,399.3
280610,2028,399.3
280610,2029,399.3
280610,2030,399.3
280610,2031,399.3
280610,2032,399.3
280610,2033,399.3
280610,2034,399.3
280610,2035,399.3
280610,2036,399.3
280610,2037,399.3
280610,2038,399.3
280610,2039,399.3
280610,2040,399.3
280610,2041,399.3
280610,2042,399.3
280610,2043,399.3
280610,2044,399.3
280610,2045,399.3
280670,2010,5426.5
280670,2011,5422.6
280670,2012,5418.7
280670,2013,5414.8
280670,2014,5411.0
280670,2015,5407.1
280670,2016,5403.2
280670,2017,5399.3
280670,2018,5395.5
280670,2019,5391.6
280670,2020,5387.8
280670,2021,5387.8
280670,2022,5387.8
280670,2023,5387.8
280670,2024,5387.8
280670,2025,5387.8
280670,2026,5387.8
280670,2027,5387.8
280670,2028,5387.8
280670,2029,5387.8
280670,2030,5387.8
280670,2031,5387.8
280670,2032,5387.8
280670,2033,5387.8
280670,2034,5387.8
280670,2035,5387.8
280670,2036,5387.8
280670,2037,5387.8
280670,2038,5387.8
280670,2039,5387.8
280670,2040,5387.8
280670,2041,5387.8
280670,2042,5387.8
280670,2043,5387.8
280670,2044,5387.8
280670,2045,5387.8
280720,2010,618.9
280720,2011,618.5
280720,2012,618.0
280720,2013,617.6
280720,2014,617.1
280720,2015,616.7
280720,2016,616.2
280720,2017,615.8
280720,2018,615.4
280720,2019,614.9
280720,2020,614.5
280720,2021,614.5
280720,2022,614.5
280720,2023,614.5
280720,2024,614.5
280720,2025,614.5
280720,2026,614.5
280720,2027,614.5
280720,2028,614.5
280720,2029,614.5
280720,2030,614.5
280720,2031,614.5
280720,2032,614.5
280720,2033,614.5
280720,2034,614.5
280720,2035,614.5
280720,2036,614.5
280720,2037,614.5
280720,2038,614.5
280720,2039,614.5
280720,2040,614.5
280720,2041,614.5
280720,2042,614.5
280720,2043,614.5
280720,2044,614.5
280720,2045,614.5
290070,2010,5230.6
290070,2011,5401.6
290070,2012,5578.3
290070,2013,5760.7
290070,2014,5949.0
290070,2015,6143.6
290070,2016,6344.4
290070,2017,6551.9
290070,2018,6766.1
290070,2019,6987.4
290070,2020,7215.8
290070,2021,7215.8
290070,2022,7215.8
290070,2023,7215.8
290070,2024,7215.8
290070,2025,7215.8
290070,2026,7215.8
290070,2027,7215.8
290070,2028,7215.8
290070,2029,7215.8
290070,2030,7215.8
290070,2031,7215.8
290070,2032,7215.8
290070,2033,7215.8
290070,2034,7215.8
290070,2035,7215.8
290070,2036,7215.8
290070,2037,7215.8
290070,2038,7215.8
290070,2039,7215.8
290070,2040,7215.8
290070,2041,7215.8
290070,2042,7215.8
290070,2043,7215.8
290070,2044,7215.8
290070,2045,7215.8
290320,2010,11090.6
290320,2011,11995.3
290320,2012,12973.8
290320,2013,14032.2
290320,2014,15176.9
290320,2015,16414.9
290320,2016,17754.0
290320,2017,19202.3
290320,2018,20768.7
290320,2019,22462.9
290320,2020,24295.4
290320,2021,24295.4
290320,2022,24295.4
290320,2023,24295.4
290320,2024,24295.4
290320,2025,24295.4
290320,2026,24295.4
290320,2027,24295.4
290320,2028,24295.4
290320,2029,24295.4
290320,2030,24295.4
290320,2031,24295.4
290320,2032,24295.4
290320,2033,24295.4
290320,2034,24295.4
290320,2035,24295.4
290320,2036,24295.4
290320,2037,24295.4
290320,2038,24295.4
290320,2039,24295.4
290320,2040,24295.4
290320,2041,24295.4
290320,2042,24295.4
290320,2043,24295.4
290320,2044,24295.4
290320,2045,24295.4
290570,2010,5154.9
290570,2011,5214.4
290570,2012,5274.7
290570,2013,5335.6
290570,2014,5397.2
290570,2015,5459.5
290570,2016,5522.6
290570,2017,5586.4
290570,2018,5650.9
290570,2019,5716.2
290570,2020,5782.2
290570,2021,5782.2
290570,2022,5782.2
290570,2023,5782.2
290570,2024,5782.2
290570,2025,5782.2
290570,2026,5782.2
290570,2027,5782.2
290570,2028,5782.2
290570,2029,5782.2
290570,2030,5782.2
290570,2031,5782.2
290570,2032,5782.2
290570,2033,5782.2
290570,2034,5782.2
290570,2035,5782.2
290570,2036,5782.2
290570,2037,5782.2
290570,2038,5782.2
290570,2039,5782.2
290570,2040,5782.2
290570,2041,5782.2
290570,2042,5782.2
290570,2043,5782.2
290570,2044,5782.2
290570,2045,5782.2
290650,2010,1916.8
290650,2011,1938.9
290650,2012,1961.3
290650,2013,1983.9
290650,2014,2006.9
290650,2015,2030.0
290650,2016,2053.5
290650,2017,2077.2
290650,2018,2101.2
290650,2019,2125.5
290650,2020,2150.0
290650,2021,2150.0
290650,2022,2150.0
290650,2023,2150.0
290650,2024,2150.0
290650,2025,2150.0
290650,2026,2150.0
290650,2027,2150.0
290650,2028,2150.0
290650,2029,2150.0
290650,2030,2150.0
290650,2031,2150.0
290650,2032,2150.0
290650,2033,2150.0
290650,2034,2150.0
290650,2035,2150.0
290650,2036,2150.0
290650,2037,2150.0
290650,2038,2150.0
290650,2039,2150.0
290650,2040,2150.0
290650,2041,2150.0
290650,2042,2150.0
290650,2043,2150.0
290650,2044,2150.0
290650,2045,2150.0
291005,2010,642.4
291005,2011,649.8
291005,2012,657.3
291005,2013,664.9
291005,2014,672.6
291005,2015,680.4
291005,2016,688.2
291005,2017,696.2
291005,2018,704.2
291005,2019,712.4
291005,2020,720.6
291005,2021,720.6
291005,2022,720.6
291005,2023,720.6
291005,2024,720.6
291005,2025,720.6
291005,2026,720.6
291005,2027,720.6
291005,2028,720.6
291005,2029,720.6
291005,2030,720.6
291005,2031,720.6
291005,2032,720.6
291005,2033,720.6
291005,2034,720.6
291005,2035,720.6
291005,2036,720.6
291005,2037,720.6
291005,2038,720.6
291005,2039,720.6
291005,2040,720.6
291005,2041,720.6
291005,2042,720.6
291005,2043,720.6
291005,2044,720.6
291005,2045,720.6
291072,2010,5737.2
291072,2011,5778.3
291072,2012,5819.6
291072,2013,5861.3
291072,2014,5903.2
291072,2015,5945.5
291072,2016,5988.0
291072,2017,6030.9
291072,2018,6074.0
291072,2019,6117.5
291072,2020,6161.3
291072,2021,6161.3
291072,2022,6161.3
291072,2023,6161.3
291072,2024,6161.3
291072,2025,6161.3
291072,2026,6161.3
291072,2027,6161.3
291072,2028,6161.3
291072,2029,6161.3
291072,2030,6161.3
291072,2031,6161.3
291072,2032,6161.3
291072,2033,6161.3
291072,2034,6161.3
291072,2035,6161.3
291072,2036,6161.3
291072,2037,6161.3
291072,2038,6161.3
291072,2039,6161.3
291072,2040,6161.3
291072,2041,6161.3
291072,2042,6161.3
291072,2043,6161.3
291072,2044,6161.3
291072,2045,6161.3
291080,2010,31174.8
291080,2011,31959.2
291080,2012,32763.3
291080,2013,33587.6
291080,2014,34432.7
291080,2015,35299.1
291080,2016,36187.2
291080,2017,37097.7
291080,2018,38031.1
291080,2019,38988.0
291080,2020,39969.0
291080,2021,39969.0
291080,2022,39969.0
291080,2023,39969.0
291080,2024,39969.0
291080,2025,39969.0
291080,2026,39969.0
291080,2027,39969.0
291080,2028,39969.0
291080,2029,39969.0
291080,2030,39969.0
291080,2031,39969.0
291080,2032,39969.0
291080,2033,39969.0
291080,2034,39969.0
291080,2035,39969.0
291080,2036,39969.0
291080,2037,39969.0
291080,2038,39969.0
291080,2039,39969.0
291080,2040,39969.0
291080,2041,39969.0
291080,2042,39969.0
291080,2043,39969.0
291080,2044,39969.0
291080,2045,39969.0
291360,2010,8860.4
291360,2011,8795.0
291360,2012,8730.0
291360,2013,8665.5
291360,2014,8601.5
291360,2015,8538.0
291360,2016,8474.9
291360,2017,8412.3
291360,2018,8350.2
291360,2019,8288.5
291360,2020,8227.3
291360,2021,8227.3
291360,2022,8227.3
291360,2023,8227.3
291360,2024,8227.3
291360,2025,8227.3
291360,2026,8227.3
291360,2027,8227.3
291360,2028,8227.3
291360,2029,8227.3
291360,2030,8227.3
291360,2031,8227.3
291360,2032,8227.3
291360,2033,8227.3
291360,2034,8227.3
291360,2035,8227.3
291360,2036,8227.3
291360,2037,8227.3
291360,2038,8227.3
291360,2039,8227.3
291360,2040,8227.3
291360,2041,8227.3
291360,2042,8227.3
291360,2043,8227.3
291360,2044,8227.3
291360,2045,8227.3
291480,2010,6619.9
291480,2011,6739.2
291480,2012,6860.7
291480,2013,6984.3
291480,2014,7110.2
291480,2015,7238.4
291480,2016,7368.9
291480,2017,7501.7
291480,2018,7636.9
291480,2019,7774.6
291480,2020,7914.7
291480,2021,7914.7
291480,2022,7914.7
291480,2023,7914.7
291480,2024,7914.7
291480,2025,7914.7
291480,2026,7914.7
291480,2027,7914.7
291480,2028,7914.7
291480,2029,7914.7
291480,2030,7914.7
291480,2031,7914.7
291480,2032,7914.7
291480,2033,7914.7
291480,2034,7914.7
291480,2035,7914.7
291480,2036,7914.7
291480,2037,7914.7
291480,2038,7914.7
291480,2039,7914.7
291480,2040,7914.7
291480,2041,7914.7
291480,2042,7914.7
291480,2043,7914.7
291480,2044,7914.7
291480,2045,7914.7
291800,2010,9145.1
291800,2011,9334.4
291800,2012,9527.6
291800,2013,9724.8
291800,2014,9926.0
291800,2015,10131.5
291800,2016,10341.2
291800,2017,10555.2
291800,2018,10773.7
291800,2019,10996.7
291800,2020,11224.3
291800,2021,11224.3
291800,2022,11224.3
291800,2023,11224.3
291800,2024,11224.3
291800,2025,11224.3
291800,2026,11224.3
291800,2027,11224.3
291800,2028,11224.3
291800,2029,11224.3
291800,2030,11224.3
291800,2031,11224.3
291800,2032,11224.3
291800,2033,11224.3
291800,2034,11224.3
291800,2035,11224.3
291800,2036,11224.3
291800,2037,11224.3
291800,2038,11224.3
291800,2039,11224.3
291800,2040,11224.3
291800,2041,11224.3
291800,2042,11224.3
291800,2043,11224.3
291800,2044,11224.3
291800,2045,11224.3
291840,2010,10973.1
291840,2011,11401.4
291840,2012,11846.4
291840,2013,12308.7
291840,2014,12789.1
291840,2015,13288.3
291840,2016,13807.0
291840,2017,14345.9
291840,2018,14905.8
291840,2019,15487.6
291840,2020,16092.1
291840,2021,16092.1
291840,2022,16092.1
291840,2023,16092.1
291840,2024,16092.1
291840,2025,16092.1
291840,2026,16092.1
291840,2027,16092.1
291840,2028,16092.1
291840,2029,16092.1
291840,2030,16092.1
291840,2031,16092.1
291840,2032,16092.1
291840,2033,16092.1
291840,2034,16092.1
291840,2035,16092.1
291840,2036,16092.1
291840,2037,16092.1
291840,2038,16092.1
291840,2039,16092.1
291840,2040,16092.1
291840,2041,16092.1
291840,2042,16092.1
291840,2043,16092.1
291840,2044,16092.1
291840,2045,16092.1
291920,2010,8609.8
291920,2011,8709.2
291920,2012,8809.8
291920,2013,8911.6
291920,2014,9014.5
291920,2015,9118.6
291920,2016,9223.9
291920,2017,9330.5
291920,2018,9438.2
291920,2019,9547.3
291920,2020,9657.5
291920,2021,9657.5
291920,2022,9657.5
291920,2023,9657.5
291920,2024,9657.5
291920,2025,9657.5
291920,2026,9657.5
291920,2027,9657.5
291920,2028,9657.5
291920,2029,9657.5
291920,2030,9657.5
291920,2031,9657.5
291920,2032,9657.5
291920,2033,9657.5
291920,2034,9657.5
291920,2035,9657.5
291920,2036,9657.5
291920,2037,9657.5
291920,2038,9657.5
291920,2039,9657.5
291920,2040,9657.5
291920,2041,9657.5
291920,2042,9657.5
291920,2043,9657.5
291920,2044,9657.5
291920,2045,9657.5
291992,2010,1151.6
291992,2011,1164.9
291992,2012,1178.4
291992,2013,1192.0
291992,2014,1205.8
291992,2015,1219.7
291992,2016,1233.8
291992,2017,1248.0
291992,2018,1262.4
291992,2019,1277.0
291992,2020,1291.8
291992,2021,1291.8
291992,2022,1291.8
291992,2023,1291.8
291992,2024,1291.8
291992,2025,1291.8
291992,2026,1291.8
291992,2027,1291.8
291992,2028,1291.8
291992,2029,1291.8
291992,2030,1291.8
291992,2031,1291.8
291992,2032,1291.8
291992,2033,1291.8
291992,2034,1291.8
291992,2035,1291.8
291992,2036,1291.8
291992,2037,1291.8
291992,2038,1291.8
291992,2039,1291.8
291992,2040,1291.8
291992,2041,1291.8
291992,2042,1291.8
291992,2043,1291.8
291992,2044,1291.8
291992,2045,1291.8
292100,2010,415.2
292100,2011,420.0
292100,2012,424.9
292100,2013,429.8
292100,2014,434.7
292100,2015,439.8
292100,2016,444.8
292100,2017,450.0
292100,2018,455.2
292100,2019,460.4
292100,2020,465.7
292100,2021,465.7
292100,2022,465.7
292100,2023,465.7
292100,2024,465.7
292100,2025,465.7
292100,2026,465.7
292100,2027,465.7
292100,2028,465.7
292100,2029,465.7
292100,2030,465.7
292100,2031,465.7
292100,2032,465.7
292100,2033,465.7
292100,2034,465.7
292100,2035,465.7
292100,2036,465.7
292100,2037,465.7
292100,2038,465.7
292100,2039,465.7
292100,2040,465.7
292100,2041,465.7
292100,2042,465.7
292100,2043,465.7
292100,2044,465.7
292100,2045,465.7
292400,2010,7056.0
292400,2011,7114.0
292400,2012,7172.6
292400,2013,7231.6
292400,2014,7291.1
292400,2015,7351.1
292400,2016,7411.6
292400,2017,7472.6
292400,2018,7534.1
292400,2019,7596.1
292400,2020,7658.6
292400,2021,7658.6
292400,2022,7658.6
292400,2023,7658.6
292400,2024,7658.6
292400,2025,7658.6
292400,2026,7658.6
292400,2027,7658.6
292400,2028,7658.6
292400,2029,7658.6
292400,2030,7658.6
292400,2031,7658.6
292400,2032,7658.6
292400,2033,7658.6
292400,2034,7658.6
292400,2035,7658.6
292400,2036,7658.6
292400,2037,7658.6
292400,2038,7658.6
292400,2039,7658.6
292400,2040,7658.6
292400,2041,7658.6
292400,2042,7658.6
292400,2043,7658.6
292400,2044,7658.6
292400,2045,7658.6
292530,2010,8513.1
292530,2011,8675.1
292530,2012,8840.2
292530,2013,9008.4
292530,2014,9179.8
292530,2015,9354.5
292530,2016,9532.5
292530,2017,9713.9
292530,2018,9898.7
292530,2019,10087.1
292530,2020,10279.0
292530,2021,10279.0
292530,2022,10279.0
292530,2023,10279.0
292530,2024,10279.0
292530,2025,10279.0
292530,2026,10279.0
292530,2027,10279.0
292530,2028,10279.0
292530,2029,10279.0
292530,2030,10279.0
292530,2031,10279.0
292530,2032,10279.0
292530,2033,10279.0
292530,2034,10279.0
292530,2035,10279.0
292530,2036,10279.0
292530,2037,10279.0
292530,2038,10279.0
292530,2039,10279.0
292530,2040,10279.0
292530,2041,10279.0
292530,2042,10279.0
292530,2043,10279.0
292530,2044,10279.0
292530,2045,10279.0
292740,2010,149248.8
292740,2011,150972.7
292740,2012,152716.5
292740,2013,154480.4
292740,2014,156264.7
292740,2015,158069.7
292740,2016,159895.4
292740,2017,161742.3
292740,2018,163610.5
292740,2019,165500.2
292740,2020,167411.8
292740,2021,167411.8
292740,2022,167411.8
292740,2023,167411.8
292740,2024,167411.8
292740,2025,167411.8
292740,2026,167411.8
292740,2027,167411.8
292740,2028,167411.8
292740,2029,167411.8
292740,2030,167411.8
292740,2031,167411.8
292740,2032,167411.8
292740,2033,167411.8
292740,2034,167411.8
292740,2035,167411.8
292740,2036,167411.8
292740,2037,167411.8
292740,2038,167411.8
292740,2039,167411.8
292740,2040,167411.8
292740,2041,167411.8
292740,2042,167411.8
292740,2043,167411.8
292740,2044,167411.8
292740,2045,167411.8
292920,2010,6108.0
292920,2011,6178.6
292920,2012,6250.0
292920,2013,6322.1
292920,2014,6395.2
292920,2015,6469.0
292920,2016,6543.8
292920,2017,6619.3
292920,2018,6695.8
292920,2019,6773.1
292920,2020,6851.4
292920,2021,6851.4
292920,2022,6851.4
292920,2023,6851.4
292920,2024,6851.4
292920,2025,6851.4
292920,2026,6851.4
292920,2027,6851.4
292920,2028,6851.4
292920,2029,6851.4
292920,2030,6851.4
292920,2031,6851.4
292920,2032,6851.4
292920,2033,6851.4
292920,2034,6851.4
292920,2035,6851.4
292920,2036,6851.4
292920,2037,6851.4
292920,2038,6851.4
292920,2039,6851.4
292920,2040,6851.4
292920,2041,6851.4
292920,2042,6851.4
292920,2043,6851.4
292920,2044,6851.4
292920,2045,6851.4
292950,2010,2191.0
292950,2011,2216.3
292950,2012,2241.9
292950,2013,2267.8
292950,2014,2293.9
292950,2015,2320.4
292950,2016,2347.2
292950,2017,2374.4
292950,2018,2401.8
292950,2019,2429.5
292950,2020,2457.6
292950,2021,2457.6
292950,2022,2457.6
292950,2023,2457.6
292950,2024,2457.6
292950,2025,2457.6
292950,2026,2457.6
292950,2027,2457.6
292950,2028,2457.6
292950,2029,2457.6
292950,2030,2457.6
292950,2031,2457.6
292950,2032,2457.6
292950,2033,2457.6
292950,2034,2457.6
292950,2035,2457.6
292950,2036,2457.6
292950,2037,2457.6
292950,2038,2457.6
292950,2039,2457.6
292950,2040,2457.6
292950,2041,2457.6
292950,2042,2457.6
292950,2043,2457.6
292950,2044,2457.6
292950,2045,2457.6
293070,2010,3078.8
293070,2011,3114.4
293070,2012,3150.4
293070,2013,3186.8
293070,2014,3223.6
293070,2015,3260.8
293070,2016,3298.5
293070,2017,3336.6
293070,2018,3375.1
293070,2019,3414.1
293070,2020,3453.5
293070,2021,3453.5
293070,2022,3453.5
293070,2023,3453.5
293070,2024,3453.5
293070,2025,3453.5
293070,2026,3453.5
293070,2027,3453.5
293070,2028,3453.5
293070,2029,3453.5
293070,2030,3453.5
293070,2031,3453.5
293070,2032,3453.5
293070,2033,3453.5
293070,2034,3453.5
293070,2035,3453.5
293070,2036,3453.5
293070,2037,3453.5
293070,2038,3453.5
293070,2039,3453.5
293070,2040,3453.5
293070,2041,3453.5
293070,2042,3453.5
293070,2043,3453.5
293070,2044,3453.5
293070,2045,3453.5
293135,2010,8259.8
293135,2011,8553.0
293135,2012,8856.5
293135,2013,9170.9
293135,2014,9496.4
293135,2015,9833.4
293135,2016,10182.4
293135,2017,10543.8
293135,2018,10918.0
293135,2019,11305.6
293135,2020,11706.8
293135,2021,11706.8
293135,2022,11706.8
293135,2023,11706.8
293135,2024,11706.8
293135,2025,11706.8
293135,2026,11706.8
293135,2027,11706.8
293135,2028,11706.8
293135,2029,11706.8
293135,2030,11706.8
293135,2031,11706.8
293135,2032,11706.8
293135,2033,11706.8
293135,2034,11706.8
293135,2035,11706.8
293135,2036,11706.8
293135,2037,11706.8
293135,2038,11706.8
293135,2039,11706.8
293135,2040,11706.8
293135,2041,11706.8
293135,2042,11706.8
293135,2043,11706.8
293135,2044,11706.8
293135,2045,11706.8
293330,2010,19159.8
293330,2011,19862.5
293330,2012,20591.1
293330,2013,21346.3
293330,2014,22129.3
293330,2015,22941.0
293330,2016,23782.4
293330,2017,24654.8
293330,2018,25559.1
293330,2019,26496.6
293330,2020,27468.4
293330,2021,27468.4
293330,2022,27468.4
293330,2023,27468.4
293330,2024,27468.4
293330,2025,27468.4
293330,2026,27468.4
293330,2027,27468.4
293330,2028,27468.4
293330,2029,27468.4
293330,2030,27468.4
293330,2031,27468.4
293330,2032,27468.4
293330,2033,27468.4
293330,2034,27468.4
293330,2035,27468.4
293330,2036,27468.4
293330,2037,27468.4
293330,2038,27468.4
293330,2039,27468.4
293330,2040,27468.4
293330,2041,27468.4
293330,2042,27468.4
293330,2043,27468.4
293330,2044,27468.4
293330,2045,27468.4
310163,2010,566.7
310163,2011,570.6
310163,2012,574.5
310163,2013,578.5
310163,2014,582.5
310163,2015,586.5
310163,2016,590.5
310163,2017,594.6
310163,2018,598.7
310163,2019,602.9
310163,2020,607.0
310163,2021,607.0
310163,2022,607.0
310163,2023,607.0
310163,2024,607.0
310163,2025,607.0
310163,2026,607.0
310163,2027,607.0
310163,2028,607.0
310163,2029,607.0
310163,2030,607.0
310163,2031,607.0
310163,2032,607.0
310163,2033,607.0
310163,2034,607.0
310163,2035,607.0
310163,2036,607.0
310163,2037,607.0
310163,2038,607.0
310163,2039,607.0
310163,2040,607.0
310163,2041,607.0
310163,2042,607.0
310163,2043,607.0
310163,2044,607.0
310163,2045,607.0
310290,2010,966.2
310290,2011,972.9
310290,2012,979.6
310290,2013,986.4
310290,2014,993.2
310290,2015,1000.0
310290,2016,1006.9
310290,2017,1013.9
310290,2018,1020.9
310290,2019,1027.9
310290,2020,1035.0
310290,2021,1035.0
310290,2022,1035.0
310290,2023,1035.0
310290,2024,1035.0
310290,2025,1035.0
310290,2026,1035.0
310290,2027,1035.0
310290,2028,1035.0
310290,2029,1035.0
310290,2030,1035.0
310290,2031,1035.0
310290,2032,1035.0
310290,2033,1035.0
310290,2034,1035.0
310290,2035,1035.0
310290,2036,1035.0
310290,2037,1035.0
310290,2038,1035.0
310290,2039,1035.0
310290,2040,1035.0
310290,2041,1035.0
310290,2042,1035.0
310290,2043,1035.0
310290,2044,1035.0
310290,2045,1035.0
310350,2010,7915.1
310350,2011,8094.6
310350,2012,8278.2
310350,2013,8465.9
310350,2014,8657.9
310350,2015,8854.3
310350,2016,9055.1
310350,2017,9260.5
310350,2018,9470.5
310350,2019,9685.3
310350,2020,9904.9
310350,2021,9904.9
310350,2022,9904.9
310350,2023,9904.9
310350,2024,9904.9
310350,2025,9904.9
310350,2026,9904.9
310350,2027,9904.9
310350,2028,9904.9
310350,2029,9904.9
310350,2030,9904.9
310350,2031,9904.9
310350,2032,9904.9
310350,2033,9904.9
310350,2034,9904.9
310350,2035,9904.9
310350,2036,9904.9
310350,2037,9904.9
310350,2038,9904.9
310350,2039,9904.9
310350,2040,9904.9
310350,2041,9904.9
310350,2042,9904.9
310350,2043,9904.9
310350,2044,9904.9
310350,2045,9904.9
310560,2010,13255.4
310560,2011,13346.9
310560,2012,13439.0
310560,2013,13531.8
310560,2014,13625.1
310560,2015,13719.2
310560,2016,13813.9
310560,2017,13909.2
310560,2018,14005.2
310560,2019,14101.8
310560,2020,14199.2
310560,2021,14199.2
310560,2022,14199.2
310560,2023,14199.2
310560,2024,14199.2
310560,2025,14199.2
310560,2026,14199.2
310560,2027,14199.2
310560,2028,14199.2
310560,2029,14199.2
310560,2030,14199.2
310560,2031,14199.2
310560,2032,14199.2
310560,2033,14199.2
310560,2034,14199.2
310560,2035,14199.2
310560,2036,14199.2
310560,2037,14199.2
310560,2038,14199.2
310560,2039,14199.2
310560,2040,14199.2
310560,2041,14199.2
310560,2042,14199.2
310560,2043,14199.2
310560,2044,14199.2
310560,2045,14199.2
310620,2010,213214.8
310620,2011,211675.8
310620,2012,210148.0
310620,2013,208631.1
310620,2014,207125.2
310620,2015,205630.2
310620,2016,204146.0
310620,2017,202672.4
310620,2018,201209.6
310620,2019,199757.2
310620,2020,198315.4
310620,2021,198315.4
310620,2022,198315.4
310620,2023,198315.4
310620,2024,198315.4
310620,2025,198315.4
310620,2026,198315.4
310620,2027,198315.4
310620,2028,198315.4
310620,2029,198315.4
310620,2030,198315.4
310620,2031,198315.4
310620,2032,198315.4
310620,2033,198315.4
310620,2034,198315.4
310620,2035,198315.4
310620,2036,198315.4
310620,2037,198315.4
310620,2038,198315.4
310620,2039,198315.4
310620,2040,198315.4
310620,2041,198315.4
310620,2042,198315.4
310620,2043,198315.4
310620,2044,198315.4
310620,2045,198315.4
310630,2010,2880.4
310630,2011,2913.5
310630,2012,2947.0
310630,2013,2980.9
310630,2014,3015.2
310630,2015,3049.9
310630,2016,3085.0
310630,2017,3120.5
310630,2018,3156.4
310630,2019,3192.8
310630,2020,3229.5
310630,2021,3229.5
310630,2022,3229.5
310630,2023,3229.5
310630,2024,3229.5
310630,2025,3229.5
310630,2026,3229.5
310630,2027,3229.5
310630,2028,3229.5
310630,2029,3229.5
310630,2030,3229.5
310630,2031,3229.5
310630,2032,3229.5
310630,2033,3229.5
310630,2034,3229.5
310630,2035,3229.5
310630,2036,3229.5
310630,2037,3229.5
310630,2038,3229.5
310630,2039,3229.5
310630,2040,3229.5
310630,2041,3229.5
310630,2042,3229.5
310630,2043,3229.5
310630,2044,3229.5
310630,2045,3229.5
310670,2010,21763.3
310670,2011,21606.2
310670,2012,21450.3
310670,2013,21295.5
310670,2014,21141.8
310670,2015,20989.2
310670,2016,20837.7
310670,2017,20687.2
310670,2018,20537.9
310670,2019,20389.7
310670,2020,20242.5
310670,2021,20242.5
310670,2022,20242.5
310670,2023,20242.5
310670,2024,20242.5
310670,2025,20242.5
310670,2026,20242.5
310670,2027,20242.5
310670,2028,20242.5
310670,2029,20242.5
310670,2030,20242.5
310670,2031,20242.5
310670,2032,20242.5
310670,2033,20242.5
310670,2034,20242.5
310670,2035,20242.5
310670,2036,20242.5
310670,2037,20242.5
310670,2038,20242.5
310670,2039,20242.5
310670,2040,20242.5
310670,2041,20242.5
310670,2042,20242.5
310670,2043,20242.5
310670,2044,20242.5
310670,2045,20242.5
310900,2010,3115.4
310900,2011,3092.9
310900,2012,3070.6
310900,2013,3048.4
310900,2014,3026.4
310900,2015,3004.6
310900,2016,2982.9
310900,2017,2961.3
310900,2018,2940.0
310900,2019,2918.8
310900,2020,2897.7
310900,2021,2897.7
310900,2022,2897.7
310900,2023,2897.7
310900,2024,2897.7
310900,2025,2897.7
310900,2026,2897.7
310900,2027,2897.7
310900,2028,2897.7
310900,2029,2897.7
310900,2030,2897.7
310900,2031,2897.7
310900,2032,2897.7
310900,2033,2897.7
310900,2034,2897.7
310900,2035,2897.7
310900,2036,2897.7
310900,2037,2897.7
310900,2038,2897.7
310900,2039,2897.7
310900,2040,2897.7
310900,2041,2897.7
310900,2042,2897.7
310900,2043,2897.7
310900,2044,2897.7
310900,2045,2897.7
310925,2010,177.6
310925,2011,179.6
310925,2012,181.7
310925,2013,183.8
310925,2014,185.9
310925,2015,188.0
310925,2016,190.2
310925,2017,192.4
310925,2018,194.6
310925,2019,196.8
310925,2020,199.1
310925,2021,199.1
310925,2022,199.1
310925,2023,199.1
310925,2024,199.1
310925,2025,199.1
310925,2026,199.1
310925,2027,199.1
310925,2028,199.1
310925,2029,199.1
310925,2030,199.1
310925,2031,199.1
310925,2032,199.1
310925,2033,199.1
310925,2034,199.1
310925,2035,199.1
310925,2036,199.1
310925,2037,199.1
310925,2038,199.1
310925,2039,199.1
310925,2040,199.1
310925,2041,199.1
310925,2042,199.1
310925,2043,199.1
310925,2044,199.1
310925,2045,199.1
311000,2010,1470.2
311000,2011,1459.6
311000,2012,1449.1
311000,2013,1438.6
311000,2014,1428.2
311000,2015,1417.9
311000,2016,1407.7
311000,2017,1397.5
311000,2018,1387.4
311000,2019,1377.4
311000,2020,1367.5
311000,2021,1367.5
311000,2022,1367.5
311000,2023,1367.5
311000,2024,1367.5
311000,2025,1367.5
311000,2026,1367.5
311000,2027,1367.5
311000,2028,1367.5
311000,2029,1367.5
311000,2030,1367.5
311000,2031,1367.5
311000,2032,1367.5
311000,2033,1367.5
311000,2034,1367.5
311000,2035,1367.5
311000,2036,1367.5
311000,2037,1367.5
311000,2038,1367.5
311000,2039,1367.5
311000,2040,1367.5
311000,2041,1367.5
311000,2042,1367.5
311000,2043,1367.5
311000,2044,1367.5
311000,2045,1367.5
311590,2010,169.7
311590,2011,173.9
311590,2012,178.1
311590,2013,182.5
311590,2014,186.9
311590,2015,191.5
311590,2016,196.2
311590,2017,201.0
311590,2018,205.9
311590,2019,210.9
311590,2020,216.1
311590,2021,216.1
311590,2022,216.1
311590,2023,216.1
311590,2024,216.1
311590,2025,216.1
311590,2026,216.1
311590,2027,216.1
311590,2028,216.1
311590,2029,216.1
311590,2030,216.1
311590,2031,216.1
311590,2032,216.1
311590,2033,216.1
311590,2034,216.1
311590,2035,216.1
311590,2036,216.1
311590,2037,216.1
311590,2038,216.1
311590,2039,216.1
311590,2040,216.1
311590,2041,216.1
311590,2042,216.1
311590,2043,216.1
311590,2044,216.1
311590,2045,216.1
311620,2010,222.0
311620,2011,230.7
311620,2012,239.9
311620,2013,249.4
311620,2014,259.2
311620,2015,269.5
311620,2016,280.1
311620,2017,291.2
311620,2018,302.7
311620,2019,314.7
311620,2020,327.1
311620,2021,327.1
311620,2022,327.1
311620,2023,327.1
311620,2024,327.1
311620,2025,327.1
311620,2026,327.1
311620,2027,327.1
311620,2028,327.1
311620,2029,327.1
311620,2030,327.1
311620,2031,327.1
311620,2032,327.1
311620,2033,327.1
311620,2034,327.1
311620,2035,327.1
311620,2036,327.1
311620,2037,327.1
311620,2038,327.1
311620,2039,327.1
311620,2040,327.1
311620,2041,327.1
311620,2042,327.1
311620,2043,327.1
311620,2044,327.1
311620,2045,327.1
311640,2010,360.4
311640,2011,371.0
311640,2012,381.9
311640,2013,393.2
311640,2014,404.7
311640,2015,416.7
311640,2016,428.9
311640,2017,441.6
311640,2018,454.6
311640,2019,467.9
311640,2020,481.7
311640,2021,481.7
311640,2022,481.7
311640,2023,481.7
311640,2024,481.7
311640,2025,481.7
311640,2026,481.7
311640,2027,481.7
311640,2028,481.7
311640,2029,481.7
311640,2030,481.7
311640,2031,481.7
311640,2032,481.7
311640,2033,481.7
311640,2034,481.7
311640,2035,481.7
311640,2036,481.7
311640,2037,481.7
311640,2038,481.7
311640,2039,481.7
311640,2040,481.7
311640,2041,481.7
311640,2042,481.7
311640,2043,481.7
311640,2044,481.7
311640,2045,481.7
311787,2010,885.3
311787,2011,878.9
311787,2012,872.5
311787,2013,866.2
311787,2014,860.0
311787,2015,853.8
311787,2016,847.6
311787,2017,841.5
311787,2018,835.4
311787,2019,829.4
311787,2020,823.4
311787,2021,823.4
311787,2022,823.4
311787,2023,823.4
311787,2024,823.4
311787,2025,823.4
311787,2026,823.4
311787,2027,823.4
311787,2028,823.4
311787,2029,823.4
311787,2030,823.4
311787,2031,823.4
311787,2032,823.4
311787,2033,823.4
311787,2034,823.4
311787,2035,823.4
311787,2036,823.4
311787,2037,823.4
311787,2038,823.4
311787,2039,823.4
311787,2040,823.4
311787,2041,823.4
311787,2042,823.4
311787,2043,823.4
311787,2044,823.4
311787,2045,823.4
311800,2010,4509.9
311800,2011,4566.1
311800,2012,4623.0
311800,2013,4680.6
311800,2014,4738.9
311800,2015,4798.0
311800,2016,4857.7
311800,2017,4918.3
311800,2018,4979.6
311800,2019,5041.6
311800,2020,5104.4
311800,2021,5104.4
311800,2022,5104.4
311800,2023,5104.4
311800,2024,5104.4
311800,2025,5104.4
311800,2026,5104.4
311800,2027,5104.4
311800,2028,5104.4
311800,2029,5104.4
311800,2030,5104.4
311800,2031,5104.4
311800,2032,5104.4
311800,2033,5104.4
311800,2034,5104.4
311800,2035,5104.4
311800,2036,5104.4
311800,2037,5104.4
311800,2038,5104.4
311800,2039,5104.4
311800,2040,5104.4
311800,2041,5104.4
311800,2042,5104.4
311800,2043,5104.4
311800,2044,5104.4
311800,2045,5104.4
311830,2010,7066.4
311830,2011,7154.5
311830,2012,7243.6
311830,2013,7333.9
311830,2014,7425.3
311830,2015,7517.8
311830,2016,7611.5
311830,2017,7706.3
311830,2018,7802.4
311830,2019,7899.6
311830,2020,7998.0
311830,2021,7998.0
311830,2022,7998.0
311830,2023,7998.0
311830,2024,7998.0
311830,2025,7998.0
311830,2026,7998.0
311830,2027,7998.0
311830,2028,7998.0
311830,2029,7998.0
311830,2030,7998.0
311830,2031,7998.0
311830,2032,7998.0
311830,2033,7998.0
311830,2034,7998.0
311830,2035,7998.0
311830,2036,7998.0
311830,2037,7998.0
311830,2038,7998.0
311830,2039,7998.0
311830,2040,7998.0
311830,2041,7998.0
311830,2042,7998.0
311830,2043,7998.0
311830,2044,7998.0
311830,2045,7998.0
311860,2010,29968.3
311860,2011,29752.0
311860,2012,29537.3
311860,2013,29324.1
311860,2014,29112.4
311860,2015,28902.3
311860,2016,28693.7
311860,2017,28486.5
311860,2018,28280.9
311860,2019,28076.8
311860,2020,27874.1
311860,2021,27874.1
311860,2022,27874.1
311860,2023,27874.1
311860,2024,27874.1
311860,2025,27874.1
311860,2026,27874.1
311860,2027,27874.1
311860,2028,27874.1
311860,2029,27874.1
311860,2030,27874.1
311860,2031,27874.1
311860,2032,27874.1
311860,2033,27874.1
311860,2034,27874.1
311860,2035,27874.1
311860,2036,27874.1
311860,2037,27874.1
311860,2038,27874.1
311860,2039,27874.1
311860,2040,27874.1
311860,2041,27874.1
311860,2042,27874.1
311860,2043,27874.1
311860,2044,27874.1
311860,2045,27874.1
311940,2010,5828.6
311940,2011,5895.7
311940,2012,5963.5
311940,2013,6032.2
311940,2014,6101.6
311940,2015,6171.8
311940,2016,6242.8
311940,2017,6314.6
311940,2018,6387.3
311940,2019,6460.8
311940,2020,6535.1
311940,2021,6535.1
311940,2022,6535.1
311940,2023,6535.1
311940,2024,6535.1
311940,2025,6535.1
311940,2026,6535.1
311940,2027,6535.1
311940,2028,6535.1
311940,2029,6535.1
311940,2030,6535.1
311940,2031,6535.1
311940,2032,6535.1
311940,2033,6535.1
311940,2034,6535.1
311940,2035,6535.1
311940,2036,6535.1
311940,2037,6535.1
311940,2038,6535.1
311940,2039,6535.1
311940,2040,6535.1
311940,2041,6535.1
311940,2042,6535.1
311940,2043,6535.1
311940,2044,6535.1
311940,2045,6535.1
311970,2010,203.7
311970,2011,207.7
311970,2012,211.8
311970,2013,215.9
311970,2014,220.2
311970,2015,224.5
311970,2016,228.9
311970,2017,233.5
311970,2018,238.0
311970,2019,242.7
311970,2020,247.5
311970,2021,247.5
311970,2022,247.5
311970,2023,247.5
311970,2024,247.5
311970,2025,247.5
311970,2026,247.5
311970,2027,247.5
311970,2028,247.5
311970,2029,247.5
311970,2030,247.5
311970,2031,247.5
311970,2032,247.5
311970,2033,247.5
311970,2034,247.5
311970,2035,247.5
311970,2036,247.5
311970,2037,247.5
311970,2038,247.5
311970,2039,247.5
311970,2040,247.5
311970,2041,247.5
311970,2042,247.5
311970,2043,247.5
311970,2044,247.5
311970,2045,247.5
312230,2010,15778.0
312230,2011,15936.5
312230,2012,16096.6
312230,2013,16258.3
312230,2014,16421.6
312230,2015,16586.5
312230,2016,16753.1
312230,2017,16921.4
312230,2018,17091.4
312230,2019,17263.1
312230,2020,17436.5
312230,2021,17436.5
312230,2022,17436.5
312230,2023,17436.5
312230,2024,17436.5
312230,2025,17436.5
312230,2026,17436.5
312230,2027,17436.5
312230,2028,17436.5
312230,2029,17436.5
312230,2030,17436.5
312230,2031,17436.5
312230,2032,17436.5
312230,2033,17436.5
312230,2034,17436.5
312230,2035,17436.5
312230,2036,17436.5
312230,2037,17436.5
312230,2038,17436.5
312230,2039,17436.5
312230,2040,17436.5
312230,2041,17436.5
312230,2042,17436.5
312230,2043,17436.5
312230,2044,17436.5
312230,2045,17436.5
312410,2010,2695.0
312410,2011,2675.5
312410,2012,2656.2
312410,2013,2637.0
312410,2014,2618.0
312410,2015,2599.1
312410,2016,2580.3
312410,2017,2561.7
312410,2018,2543.2
312410,2019,2524.9
312410,2020,2506.6
312410,2021,2506.6
312410,2022,2506.6
312410,2023,2506.6
312410,2024,2506.6
312410,2025,2506.6
312410,2026,2506.6
312410,2027,2506.6
312410,2028,2506.6
312410,2029,2506.6
312410,2030,2506.6
312410,2031,2506.6
312410,2032,2506.6
312410,2033,2506.6
312410,2034,2506.6
312410,2035,2506.6
312410,2036,2506.6
312410,2037,2506.6
312410,2038,2506.6
312410,2039,2506.6
312410,2040,2506.6
312410,2041,2506.6
312410,2042,2506.6
312410,2043,2506.6
312410,2044,2506.6
312410,2045,2506.6
312500,2010,300.3
312500,2011,307.6
312500,2012,315.2
312500,2013,322.9
312500,2014,330.7
312500,2015,338.8
312500,2016,347.1
312500,2017,355.6
312500,2018,364.2
312500,2019,373.1
312500,2020,382.3
312500,2021,382.3
312500,2022,382.3
312500,2023,382.3
312500,2024,382.3
312500,2025,382.3
312500,2026,382.3
312500,2027,382.3
312500,2028,382.3
312500,2029,382.3
312500,2030,382.3
312500,2031,382.3
312500,2032,382.3
312500,2033,382.3
312500,2034,382.3
312500,2035,382.3
312500,2036,382.3
312500,2037,382.3
312500,2038,382.3
312500,2039,382.3
312500,2040,382.3
312500,2041,382.3
312500,2042,382.3
312500,2043,382.3
312500,2044,382.3
312500,2045,382.3
312630,2010,564.1
312630,2011,563.5
312630,2012,563.0
312630,2013,562.5
312630,2014,562.0
312630,2015,561.5
312630,2016,561.0
312630,2017,560.5
312630,2018,560.0
312630,2019,559.5
312630,2020,559.0
312630,2021,559.0
312630,2022,559.0
312630,2023,559.0
312630,2024,559.0
312630,2025,559.0
312630,2026,559.0
312630,2027,559.0
312630,2028,559.0
312630,2029,559.0
312630,2030,559.0
312630,2031,559.0
312630,2032,559.0
312630,2033,559.0
312630,2034,559.0
312630,2035,559.0
312630,2036,559.0
312630,2037,559.0
312630,2038,559.0
312630,2039,559.0
312630,2040,559.0
312630,2041,559.0
312630,2042,559.0
312630,2043,559.0
312630,2044,559.0
312630,2045,559.0
312770,2010,25006.7
312770,2011,25086.0
312770,2012,25165.6
312770,2013,25245.4
312770,2014,25325.5
312770,2015,25405.9
312770,2016,25486.5
312770,2017,25567.3
312770,2018,25648.4
312770,2019,25729.8
312770,2020,25811.4
312770,2021,25811.4
312770,2022,25811.4
312770,2023,25811.4
312770,2024,25811.4
312770,2025,25811.4
312770,2026,25811.4
312770,2027,25811.4
312770,2028,25811.4
312770,2029,25811.4
312770,2030,25811.4
312770,2031,25811.4
312770,2032,25811.4
312770,2033,25811.4
312770,2034,25811.4
312770,2035,25811.4
312770,2036,25811.4
312770,2037,25811.4
312770,2038,25811.4
312770,2039,25811.4
312770,2040,25811.4
312770,2041,25811.4
312770,2042,25811.4
312770,2043,25811.4
312770,2044,25811.4
312770,2045,25811.4
312980,2010,5914.8
312980,2011,5872.1
312980,2012,5829.7
312980,2013,5787.6
312980,2014,5745.9
312980,2015,5704.4
312980,2016,5663.2
312980,2017,5622.3
312980,2018,5581.8
312980,2019,5541.5
312980,2020,5501.5
312980,2021,5501.5
312980,2022,5501.5
312980,2023,5501.5
312980,2024,5501.5
312980,2025,5501.5
312980,2026,5501.5
312980,2027,5501.5
312980,2028,5501.5
312980,2029,5501.5
312980,2030,5501.5
312980,2031,5501.5
312980,2032,5501.5
312980,2033,5501.5
312980,2034,5501.5
312980,2035,5501.5
312980,2036,5501.5
312980,2037,5501.5
312980,2038,5501.5
312980,2039,5501.5
312980,2040,5501.5
312980,2041,5501.5
312980,2042,5501.5
312980,2043,5501.5
312980,2044,5501.5
312980,2045,5501.5
313010,2010,2120.4
313010,2011,2105.1
313010,2012,2089.9
313010,2013,2074.9
313010,2014,2059.9
313010,2015,2045.0
313010,2016,2030.3
313010,2017,2015.6
313010,2018,2001.1
313010,2019,1986.6
313010,2020,1972.3
313010,2021,1972.3
313010,2022,1972.3
313010,2023,1972.3
313010,2024,1972.3
313010,2025,1972.3
313010,2026,1972.3
313010,2027,1972.3
313010,2028,1972.3
313010,2029,1972.3
313010,2030,1972.3
313010,2031,1972.3
313010,2032,1972.3
313010,2033,1972.3
313010,2034,1972.3
313010,2035,1972.3
313010,2036,1972.3
313010,2037,1972.3
313010,2038,1972.3
313010,2039,1972.3
313010,2040,1972.3
313010,2041,1972.3
313010,2042,1972.3
313010,2043,1972.3
313010,2044,1972.3
313010,2045,1972.3
313040,2010,297.7
313040,2011,302.7
313040,2012,307.7
313040,2013,312.9
313040,2014,318.1
313040,2015,323.4
313040,2016,328.8
313040,2017,334.3
313040,2018,339.8
313040,2019,345.5
313040,2020,351.3
313040,2021,351.3
313040,2022,351.3
313040,2023,351.3
313040,2024,351.3
313040,2025,351.3
313040,2026,351.3
313040,2027,351.3
313040,2028,351.3
313040,2029,351.3
313040,2030,351.3
313040,2031,351.3
313040,2032,351.3
313040,2033,351.3
313040,2034,351.3
313040,2035,351.3
313040,2036,351.3
313040,2037,351.3
313040,2038,351.3
313040,2039,351.3
313040,2040,351.3
313040,2041,351.3
313040,2042,351.3
313040,2043,351.3
313040,2044,351.3
313040,2045,351.3
313100,2010,681.6
313100,2011,679.8
313100,2012,678.0
313100,2013,676.3
313100,2014,674.5
313100,2015,672.8
313100,2016,671.0
313100,2017,669.3
313100,2018,667.5
313100,2019,665.8
313100,2020,664.1
313100,2021,664.1
313100,2022,664.1
313100,2023,664.1
313100,2024,664.1
313100,2025,664.1
313100,2026,664.1
313100,2027,664.1
313100,2028,664.1
313100,2029,664.1
313100,2030,664.1
313100,2031,664.1
313100,2032,664.1
313100,2033,664.1
313100,2034,664.1
313100,2035,664.1
313100,2036,664.1
313100,2037,664.1
313100,2038,664.1
313100,2039,664.1
313100,2040,664.1
313100,2041,664.1
313100,2042,664.1
313100,2043,664.1
313100,2044,664.1
313100,2045,664.1
313115,2010,1034.1
313115,2011,1046.0
313115,2012,1058.0
313115,2013,1070.2
313115,2014,1082.5
313115,2015,1095.0
313115,2016,1107.6
313115,2017,1120.3
313115,2018,1133.2
313115,2019,1146.3
313115,2020,1159.5
313115,2021,1159.5
313115,2022,1159.5
313115,2023,1159.5
313115,2024,1159.5
313115,2025,1159.5
313115,2026,1159.5
313115,2027,1159.5
313115,2028,1159.5
313115,2029,1159.5
313115,2030,1159.5
313115,2031,1159.5
313115,2032,1159.5
313115,2033,1159.5
313115,2034,1159.5
313115,2035,1159.5
313115,2036,1159.5
313115,2037,1159.5
313115,2038,1159.5
313115,2039,1159.5
313115,2040,1159.5
313115,2041,1159.5
313115,2042,1159.5
313115,2043,1159.5
313115,2044,1159.5
313115,2045,1159.5
313130,2010,12124.7
313130,2011,12264.2
313130,2012,12405.3
313130,2013,12548.1
313130,2014,12692.5
313130,2015,12838.5
313130,2016,12986.3
313130,2017,13135.7
313130,2018,13286.8
313130,2019,13439.7
313130,2020,13594.4
313130,2021,13594.4
313130,2022,13594.4
313130,2023,13594.4
313130,2024,13594.4
313130,2025,13594.4
313130,2026,13594.4
313130,2027,13594.4
313130,2028,13594.4
313130,2029,13594.4
313130,2030,13594.4
313130,2031,13594.4
313130,2032,13594.4
313130,2033,13594.4
313130,2034,13594.4
313130,2035,13594.4
313130,2036,13594.4
313130,2037,13594.4
313130,2038,13594.4
313130,2039,13594.4
313130,2040,13594.4
313130,2041,13594.4
313130,2042,13594.4
313130,2043,13594.4
313130,2044,13594.4
313130,2045,13594.4
313170,2010,5909.6
313170,2011,6042.7
313170,2012,6178.7
313170,2013,6317.9
313170,2014,6460.2
313170,2015,6605.7
313170,2016,6754.4
313170,2017,6906.5
313170,2018,7062.1
313170,2019,7221.1
313170,2020,7383.7
313170,2021,7383.7
313170,2022,7383.7
313170,2023,7383.7
313170,2024,7383.7
313170,2025,7383.7
313170,2026,7383.7
313170,2027,7383.7
313170,2028,7383.7
313170,2029,7383.7
313170,2030,7383.7
313170,2031,7383.7
313170,2032,7383.7
313170,2033,7383.7
313170,2034,7383.7
313170,2035,7383.7
313170,2036,7383.7
313170,2037,7383.7
313170,2038,7383.7
313170,2039,7383.7
313170,2040,7383.7
313170,2041,7383.7
313170,2042,7383.7
313170,2043,7383.7
313170,2044,7383.7
313170,2045,7383.7
313240,2010,4551.7
313240,2011,4642.7
313240,2012,4735.5
313240,2013,4830.2
313240,2014,4926.8
313240,2015,5025.4
313240,2016,5125.9
313240,2017,5228.4
313240,2018,5332.9
313240,2019,5439.6
313240,2020,5548.4
313240,2021,5548.4
313240,2022,5548.4
313240,2023,5548.4
313240,2024,5548.4
313240,2025,5548.4
313240,2026,5548.4
313240,2027,5548.4
313240,2028,5548.4
313240,2029,5548.4
313240,2030,5548.4
313240,2031,5548.4
313240,2032,5548.4
313240,2033,5548.4
313240,2034,5548.4
313240,2035,5548.4
313240,2036,5548.4
313240,2037,5548.4
313240,2038,5548.4
313240,2039,5548.4
313240,2040,5548.4
313240,2041,5548.4
313240,2042,5548.4
313240,2043,5548.4
313240,2044,5548.4
313240,2045,5548.4
313430,2010,595.4
313430,2011,605.3
313430,2012,615.4
313430,2013,625.7
313430,2014,636.1
313430,2015,646.8
313430,2016,657.6
313430,2017,668.5
313430,2018,679.7
313430,2019,691.0
313430,2020,702.6
313430,2021,702.6
313430,2022,702.6
313430,2023,702.6
313430,2024,702.6
313430,2025,702.6
313430,2026,702.6
313430,2027,702.6
313430,2028,702.6
313430,2029,702.6
313430,2030,702.6
313430,2031,702.6
313430,2032,702.6
313430,2033,702.6
313430,2034,702.6
313430,2035,702.6
313430,2036,702.6
313430,2037,702.6
313430,2038,702.6
313430,2039,702.6
313430,2040,702.6
313430,2041,702.6
313430,2042,702.6
313430,2043,702.6
313430,2044,702.6
313430,2045,702.6
313500,2010,488.3
313500,2011,493.9
313500,2012,499.6
313500,2013,505.4
313500,2014,511.2
313500,2015,517.1
313500,2016,523.0
313500,2017,529.0
313500,2018,535.1
313500,2019,541.3
313500,2020,547.5
313500,2021,547.5
313500,2022,547.5
313500,2023,547.5
313500,2024,547.5
313500,2025,547.5
313500,2026,547.5
313500,2027,547.5
313500,2028,547.5
313500,2029,547.5
313500,2030,547.5
313500,2031,547.5
313500,2032,547.5
313500,2033,547.5
313500,2034,547.5
313500,2035,547.5
313500,2036,547.5
313500,2037,547.5
313500,2038,547.5
313500,2039,547.5
313500,2040,547.5
313500,2041,547.5
313500,2042,547.5
313500,2043,547.5
313500,2044,547.5
313500,2045,547.5
313540,2010,462.2
313540,2011,468.0
313540,2012,473.8
313540,2013,479.7
313540,2014,485.7
313540,2015,491.7
313540,2016,497.9
313540,2017,504.1
313540,2018,510.4
313540,2019,516.7
313540,2020,523.2
313540,2021,523.2
313540,2022,523.2
313540,2023,523.2
313540,2024,523.2
313540,2025,523.2
313540,2026,523.2
313540,2027,523.2
313540,2028,523.2
313540,2029,523.2
313540,2030,523.2
313540,2031,523.2
313540,2032,523.2
313540,2033,523.2
313540,2034,523.2
313540,2035,523.2
313540,2036,523.2
313540,2037,523.2
313540,2038,523.2
313540,2039,523.2
313540,2040,523.2
313540,2041,523.2
313540,2042,523.2
313540,2043,523.2
313540,2044,523.2
313540,2045,523.2
313665,2010,1180.3
313665,2011,1171.8
313665,2012,1163.4
313665,2013,1155.0
313665,2014,1146.6
313665,2015,1138.4
313665,2016,1130.1
313665,2017,1122.0
313665,2018,1113.9
313665,2019,1105.8
313665,2020,1097.9
313665,2021,1097.9
313665,2022,1097.9
313665,2023,1097.9
313665,2024,1097.9
313665,2025,1097.9
313665,2026,1097.9
313665,2027,1097.9
313665,2028,1097.9
313665,2029,1097.9
313665,2030,1097.9
313665,2031,1097.9
313665,2032,1097.9
313665,2033,1097.9
313665,2034,1097.9
313665,2035,1097.9
313665,2036,1097.9
313665,2037,1097.9
313665,2038,1097.9
313665,2039,1097.9
313665,2040,1097.9
313665,2041,1097.9
313665,2042,1097.9
313665,2043,1097.9
313665,2044,1097.9
313665,2045,1097.9
313670,2010,45315.5
313670,2011,46422.1
313670,2012,47555.7
313670,2013,48717.0
313670,2014,49906.7
313670,2015,51125.4
313670,2016,52373.9
313670,2017,53652.8
313670,2018,54963.0
313670,2019,56305.2
313670,2020,57680.2
313670,2021,57680.2
313670,2022,57680.2
313670,2023,57680.2
313670,2024,57680.2
313670,2025,57680.2
313670,2026,57680.2
313670,2027,57680.2
313670,2028,57680.2
313670,2029,57680.2
313670,2030,57680.2
313670,2031,57680.2
313670,2032,57680.2
313670,2033,57680.2
313670,2034,57680.2
313670,2035,57680.2
313670,2036,57680.2
313670,2037,57680.2
313670,2038,57680.2
313670,2039,57680.2
313670,2040,57680.2
313670,2041,57680.2
313670,2042,57680.2
313670,2043,57680.2
313670,2044,57680.2
313670,2045,57680.2
313760,2010,7126.5
313760,2011,7075.0
313760,2012,7024.0
313760,2013,6973.3
313760,2014,6922.9
313760,2015,6873.0
313760,2016,6823.4
313760,2017,6774.1
313760,2018,6725.2
313760,2019,6676.7
313760,2020,6628.5
313760,2021,6628.5
313760,2022,6628.5
313760,2023,6628.5
313760,2024,6628.5
313760,2025,6628.5
313760,2026,6628.5
313760,2027,6628.5
313760,2028,6628.5
313760,2029,6628.5
313760,2030,6628.5
313760,2031,6628.5
313760,2032,6628.5
313760,2033,6628.5
313760,2034,6628.5
313760,2035,6628.5
313760,2036,6628.5
313760,2037,6628.5
313760,2038,6628.5
313760,2039,6628.5
313760,2040,6628.5
313760,2041,6628.5
313760,2042,6628.5
313760,2043,6628.5
313760,2044,6628.5
313760,2045,6628.5
313820,2010,8959.7
313820,2011,9109.2
313820,2012,9261.2
313820,2013,9415.8
313820,2014,9572.9
313820,2015,9732.7
313820,2016,9895.1
313820,2017,10060.3
313820,2018,10228.2
313820,2019,10398.9
313820,2020,10572.4
313820,2021,10572.4
313820,2022,10572.4
313820,2023,10572.4
313820,2024,10572.4
313820,2025,10572.4
313820,2026,10572.4
313820,2027,10572.4
313820,2028,10572.4
313820,2029,10572.4
313820,2030,10572.4
313820,2031,10572.4
313820,2032,10572.4
313820,2033,10572.4
313820,2034,10572.4
313820,2035,10572.4
313820,2036,10572.4
313820,2037,10572.4
313820,2038,10572.4
313820,2039,10572.4
313820,2040,10572.4
313820,2041,10572.4
313820,2042,10572.4
313820,2043,10572.4
313820,2044,10572.4
313820,2045,10572.4
314015,2010,1120.3
314015,2011,1112.2
314015,2012,1104.2
314015,2013,1096.2
314015,2014,1088.3
314015,2015,1080.4
314015,2016,1072.6
314015,2017,1064.9
314015,2018,1057.2
314015,2019,1049.6
314015,2020,1042.0
314015,2021,1042.0
314015,2022,1042.0
314015,2023,1042.0
314015,2024,1042.0
314015,2025,1042.0
314015,2026,1042.0
314015,2027,1042.0
314015,2028,1042.0
314015,2029,1042.0
314015,2030,1042.0
314015,2031,1042.0
314015,2032,1042.0
314015,2033,1042.0
314015,2034,1042.0
314015,2035,1042.0
314015,2036,1042.0
314015,2037,1042.0
314015,2038,1042.0
314015,2039,1042.0
314015,2040,1042.0
314015,2041,1042.0
314015,2042,1042.0
314015,2043,1042.0
314015,2044,1042.0
314015,2045,1042.0
314030,2010,603.2
314030,2011,610.2
314030,2012,617.2
314030,2013,624.3
314030,2014,631.5
314030,2015,638.7
314030,2016,646.1
314030,2017,653.5
314030,2018,661.1
314030,2019,668.7
314030,2020,676.4
314030,2021,676.4
314030,2022,676.4
314030,2023,676.4
314030,2024,676.4
314030,2025,676.4
314030,2026,676.4
314030,2027,676.4
314030,2028,676.4
314030,2029,676.4
314030,2030,676.4
314030,2031,676.4
314030,2032,676.4
314030,2033,676.4
314030,2034,676.4
314030,2035,676.4
314030,2036,676.4
314030,2037,676.4
314030,2038,676.4
314030,2039,676.4
314030,2040,676.4
314030,2041,676.4
314030,2042,676.4
314030,2043,676.4
314030,2044,676.4
314030,2045,676.4
314080,2010,882.7
314080,2011,904.2
314080,2012,926.3
314080,2013,948.9
314080,2014,972.1
314080,2015,995.8
314080,2016,1020.1
314080,2017,1045.0
314080,2018,1070.6
314080,2019,1096.7
314080,2020,1123.5
314080,2021,1123.5
314080,2022,1123.5
314080,2023,1123.5
314080,2024,1123.5
314080,2025,1123.5
314080,2026,1123.5
314080,2027,1123.5
314080,2028,1123.5
314080,2029,1123.5
314080,2030,1123.5
314080,2031,1123.5
314080,2032,1123.5
314080,2033,1123.5
314080,2034,1123.5
314080,2035,1123.5
314080,2036,1123.5
314080,2037,1123.5
314080,2038,1123.5
314080,2039,1123.5
314080,2040,1123.5
314080,2041,1123.5
314080,2042,1123.5
314080,2043,1123.5
314080,2044,1123.5
314080,2045,1123.5
314330,2010,41150.3
314330,2011,41958.5
314330,2012,42782.5
314330,2013,43622.8
314330,2014,44479.5
314330,2015,45353.1
314330,2016,46243.8
314330,2017,47152.0
314330,2018,48078.1
314330,2019,49022.3
314330,2020,49985.1
314330,2021,49985.1
314330,2022,49985.1
314330,2023,49985.1
314330,2024,49985.1
314330,2025,49985.1
314330,2026,49985.1
314330,2027,49985.1
314330,2028,49985.1
314330,2029,49985.1
314330,2030,49985.1
314330,2031,49985.1
314330,2032,49985.1
314330,2033,49985.1
314330,2034,49985.1
314330,2035,49985.1
314330,2036,49985.1
314330,2037,49985.1
314330,2038,49985.1
314330,2039,49985.1
314330,2040,49985.1
314330,2041,49985.1
314330,2042,49985.1
314330,2043,49985.1
314330,2044,49985.1
314330,2045,49985.1
314390,2010,7640.9
314390,2011,7892.6
314390,2012,8152.6
314390,2013,8421.1
314390,2014,8698.5
314390,2015,8985.0
314390,2016,9281.0
314390,2017,9586.7
314390,2018,9902.5
314390,2019,10228.6
314390,2020,10565.6
314390,2021,10565.6
314390,2022,10565.6
314390,2023,10565.6
314390,2024,10565.6
314390,2025,10565.6
314390,2026,10565.6
314390,2027,10565.6
314390,2028,10565.6
314390,2029,10565.6
314390,2030,10565.6
314390,2031,10565.6
314390,2032,10565.6
314390,2033,10565.6
314390,2034,10565.6
314390,2035,10565.6
314390,2036,10565.6
314390,2037,10565.6
314390,2038,10565.6
314390,2039,10565.6
314390,2040,10565.6
314390,2041,10565.6
314390,2042,10565.6
314390,2043,10565.6
314390,2044,10565.6
314390,2045,10565.6
314435,2010,621.5
314435,2011,628.7
314435,2012,635.9
314435,2013,643.2
314435,2014,650.6
314435,2015,658.1
314435,2016,665.7
314435,2017,673.3
314435,2018,681.1
314435,2019,688.9
314435,2020,696.8
314435,2021,696.8
314435,2022,696.8
314435,2023,696.8
314435,2024,696.8
314435,2025,696.8
314435,2026,696.8
314435,2027,696.8
314435,2028,696.8
314435,2029,696.8
314435,2030,696.8
314435,2031,696.8
314435,2032,696.8
314435,2033,696.8
314435,2034,696.8
314435,2035,696.8
314435,2036,696.8
314435,2037,696.8
314435,2038,696.8
314435,2039,696.8
314435,2040,696.8
314435,2041,696.8
314435,2042,696.8
314435,2043,696.8
314435,2044,696.8
314435,2045,696.8
314480,2010,3726.5
314480,2011,3699.6
314480,2012,3672.9
314480,2013,3646.3
314480,2014,3620.0
314480,2015,3593.9
314480,2016,3568.0
314480,2017,3542.2
314480,2018,3516.6
314480,2019,3491.2
314480,2020,3466.1
314480,2021,3466.1
314480,2022,3466.1
314480,2023,3466.1
314480,2024,3466.1
314480,2025,3466.1
314480,2026,3466.1
314480,2027,3466.1
314480,2028,3466.1
314480,2029,3466.1
314480,2030,3466.1
314480,2031,3466.1
314480,2032,3466.1
314480,2033,3466.1
314480,2034,3466.1
314480,2035,3466.1
314480,2036,3466.1
314480,2037,3466.1
314480,2038,3466.1
314480,2039,3466.1
314480,2040,3466.1
314480,2041,3466.1
314480,2042,3466.1
314480,2043,3466.1
314480,2044,3466.1
314480,2045,3466.1
314590,2010,3293.0
314590,2011,3334.0
314590,2012,3375.5
314590,2013,3417.6
314590,2014,3460.2
314590,2015,3503.3
314590,2016,3547.0
314590,2017,3591.2
314590,2018,3635.9
314590,2019,3681.2
314590,2020,3727.1
314590,2021,3727.1
314590,2022,3727.1
314590,2023,3727.1
314590,2024,3727.1
314590,2025,3727.1
314590,2026,3727.1
314590,2027,3727.1
314590,2028,3727.1
314590,2029,3727.1
314590,2030,3727.1
314590,2031,3727.1
314590,2032,3727.1
314590,2033,3727.1
314590,2034,3727.1
314590,2035,3727.1
314590,2036,3727.1
314590,2037,3727.1
314590,2038,3727.1
314590,2039,3727.1
314590,2040,3727.1
314590,2041,3727.1
314590,2042,3727.1
314590,2043,3727.1
314590,2044,3727.1
314590,2045,3727.1
314790,2010,5188.8
314790,2011,5184.1
314790,2012,5179.4
314790,2013,5174.7
314790,2014,5170.0
314790,2015,5165.3
314790,2016,5160.7
314790,2017,5156.0
314790,2018,5151.3
314790,2019,5146.6
314790,2020,5142.0
314790,2021,5142.0
314790,2022,5142.0
314790,2023,5142.0
314790,2024,5142.0
314790,2025,5142.0
314790,2026,5142.0
314790,2027,5142.0
314790,2028,5142.0
314790,2029,5142.0
314790,2030,5142.0
314790,2031,5142.0
314790,2032,5142.0
314790,2033,5142.0
314790,2034,5142.0
314790,2035,5142.0
314790,2036,5142.0
314790,2037,5142.0
314790,2038,5142.0
314790,2039,5142.0
314790,2040,5142.0
314790,2041,5142.0
314790,2042,5142.0
314790,2043,5142.0
314790,2044,5142.0
314790,2045,5142.0
314800,2010,13850.8
314800,2011,14393.4
314800,2012,14957.3
314800,2013,15543.3
314800,2014,16152.2
314800,2015,16785.0
314800,2016,17442.6
314800,2017,18125.9
314800,2018,18836.0
314800,2019,19574.0
314800,2020,20340.8
314800,2021,20340.8
314800,2022,20340.8
314800,2023,20340.8
314800,2024,20340.8
314800,2025,20340.8
314800,2026,20340.8
314800,2027,20340.8
314800,2028,20340.8
314800,2029,20340.8
314800,2030,20340.8
314800,2031,20340.8
314800,2032,20340.8
314800,2033,20340.8
314800,2034,20340.8
314800,2035,20340.8
314800,2036,20340.8
314800,2037,20340.8
314800,2038,20340.8
314800,2039,20340.8
314800,2040,20340.8
314800,2041,20340.8
314800,2042,20340.8
314800,2043,20340.8
314800,2044,20340.8
314800,2045,20340.8
314930,2010,3935.4
314930,2011,3907.0
314930,2012,3878.8
314930,2013,3850.8
314930,2014,3823.0
314930,2015,3795.4
314930,2016,3768.0
314930,2017,3740.8
314930,2018,3713.8
314930,2019,3687.0
314930,2020,3660.4
314930,2021,3660.4
314930,2022,3660.4
314930,2023,3660.4
314930,2024,3660.4
314930,2025,3660.4
314930,2026,3660.4
314930,2027,3660.4
314930,2028,3660.4
314930,2029,3660.4
314930,2030,3660.4
314930,2031,3660.4
314930,2032,3660.4
314930,2033,3660.4
314930,2034,3660.4
314930,2035,3660.4
314930,2036,3660.4
314930,2037,3660.4
314930,2038,3660.4
314930,2039,3660.4
314930,2040,3660.4
314930,2041,3660.4
314930,2042,3660.4
314930,2043,3660.4
314930,2044,3660.4
314930,2045,3660.4
315090,2010,216.7
315090,2011,221.1
315090,2012,225.5
315090,2013,230.0
315090,2014,234.6
315090,2015,239.3
315090,2016,244.1
315090,2017,249.0
315090,2018,253.9
315090,2019,259.0
315090,2020,264.2
315090,2021,264.2
315090,2022,264.2
315090,2023,264.2
315090,2024,264.2
315090,2025,264.2
315090,2026,264.2
315090,2027,264.2
315090,2028,264.2
315090,2029,264.2
315090,2030,264.2
315090,2031,264.2
315090,2032,264.2
315090,2033,264.2
315090,2034,264.2
315090,2035,264.2
315090,2036,264.2
315090,2037,264.2
315090,2038,264.2
315090,2039,264.2
315090,2040,264.2
315090,2041,264.2
315090,2042,264.2
315090,2043,264.2
315090,2044,264.2
315090,2045,264.2
315100,2010,699.9
315100,2011,713.8
315100,2012,728.1
315100,2013,742.7
315100,2014,757.5
315100,2015,772.7
315100,2016,788.1
315100,2017,803.9
315100,2018,820.0
315100,2019,836.4
315100,2020,853.1
315100,2021,853.1
315100,2022,853.1
315100,2023,853.1
315100,2024,853.1
315100,2025,853.1
315100,2026,853.1
315100,2027,853.1
315100,2028,853.1
315100,2029,853.1
315100,2030,853.1
315100,2031,853.1
315100,2032,853.1
315100,2033,853.1
315100,2034,853.1
315100,2035,853.1
315100,2036,853.1
315100,2037,853.1
315100,2038,853.1
315100,2039,853.1
315100,2040,853.1
315100,2041,853.1
315100,2042,853.1
315100,2043,853.1
315100,2044,853.1
315100,2045,853.1
315180,2010,3974.5
315180,2011,4098.1
315180,2012,4225.4
315180,2013,4356.7
315180,2014,4492.1
315180,2015,4631.7
315180,2016,4775.6
315180,2017,4924.0
315180,2018,5077.1
315180,2019,5234.8
315180,2020,5397.5
315180,2021,5397.5
315180,2022,5397.5
315180,2023,5397.5
315180,2024,5397.5
315180,2025,5397.5
315180,2026,5397.5
315180,2027,5397.5
315180,2028,5397.5
315180,2029,5397.5
315180,2030,5397.5
315180,2031,5397.5
315180,2032,5397.5
315180,2033,5397.5
315180,2034,5397.5
315180,2035,5397.5
315180,2036,5397.5
315180,2037,5397.5
315180,2038,5397.5
315180,2039,5397.5
315180,2040,5397.5
315180,2041,5397.5
315180,2042,5397.5
315180,2043,5397.5
315180,2044,5397.5
315180,2045,5397.5
315250,2010,8641.1
315250,2011,8887.6
315250,2012,9141.1
315250,2013,9401.9
315250,2014,9670.1
315250,2015,9946.0
315250,2016,10229.7
315250,2017,10521.5
315250,2018,10821.7
315250,2019,11130.4
315250,2020,11447.9
315250,2021,11447.9
315250,2022,11447.9
315250,2023,11447.9
315250,2024,11447.9
315250,2025,11447.9
315250,2026,11447.9
315250,2027,11447.9
315250,2028,11447.9
315250,2029,11447.9
315250,2030,11447.9
315250,2031,11447.9
315250,2032,11447.9
315250,2033,11447.9
315250,2034,11447.9
315250,2035,11447.9
315250,2036,11447.9
315250,2037,11447.9
315250,2038,11447.9
315250,2039,11447.9
315250,2040,11447.9
315250,2041,11447.9
315250,2042,11447.9
315250,2043,11447.9
315250,2044,11447.9
315250,2045,11447.9
315360,2010,780.8
315360,2011,778.8
315360,2012,776.8
315360,2013,774.7
315360,2014,772.7
315360,2015,770.7
315360,2016,768.7
315360,2017,766.7
315360,2018,764.7
315360,2019,762.7
315360,2020,760.8
315360,2021,760.8
315360,2022,760.8
315360,2023,760.8
315360,2024,760.8
315360,2025,760.8
315360,2026,760.8
315360,2027,760.8
315360,2028,760.8
315360,2029,760.8
315360,2030,760.8
315360,2031,760.8
315360,2032,760.8
315360,2033,760.8
315360,2034,760.8
315360,2035,760.8
315360,2036,760.8
315360,2037,760.8
315360,2038,760.8
315360,2039,760.8
315360,2040,760.8
315360,2041,760.8
315360,2042,760.8
315360,2043,760.8
315360,2044,760.8
315360,2045,760.8
315380,2010,193.2
315380,2011,195.7
315380,2012,198.1
315380,2013,200.6
315380,2014,203.1
315380,2015,205.6
315380,2016,208.1
315380,2017,210.7
315380,2018,213.4
315380,2019,216.0
315380,2020,218.7
315380,2021,218.7
315380,2022,218.7
315380,2023,218.7
315380,2024,218.7
315380,2025,218.7
315380,2026,218.7
315380,2027,218.7
315380,2028,218.7
315380,2029,218.7
315380,2030,218.7
315380,2031,218.7
315380,2032,218.7
315380,2033,218.7
315380,2034,218.7
315380,2035,218.7
315380,2036,218.7
315380,2037,218.7
315380,2038,218.7
315380,2039,218.7
315380,2040,218.7
315380,2041,218.7
315380,2042,218.7
315380,2043,218.7
315380,2044,218.7
315380,2045,218.7
315390,2010,577.1
315390,2011,573.0
315390,2012,568.8
315390,2013,564.7
315390,2014,560.6
315390,2015,556.6
315390,2016,552.6
315390,2017,548.6
315390,2018,544.6
315390,2019,540.7
315390,2020,536.8
315390,2021,536.8
315390,2022,536.8
315390,2023,536.8
315390,2024,536.8
315390,2025,536.8
315390,2026,536.8
315390,2027,536.8
315390,2028,536.8
315390,2029,536.8
315390,2030,536.8
315390,2031,536.8
315390,2032,536.8
315390,2033,536.8
315390,2034,536.8
315390,2035,536.8
315390,2036,536.8
315390,2037,536.8
315390,2038,536.8
315390,2039,536.8
315390,2040,536.8
315390,2041,536.8
315390,2042,536.8
315390,2043,536.8
315390,2044,536.8
315390,2045,536.8
315460,2010,14743.9
315460,2011,14637.5
315460,2012,14531.8
315460,2013,14426.9
315460,2014,14322.8
315460,2015,14219.4
315460,2016,14116.8
315460,2017,14014.9
315460,2018,13913.7
315460,2019,13813.3
315460,2020,13713.6
315460,2021,13713.6
315460,2022,13713.6
315460,2023,13713.6
315460,2024,13713.6
315460,2025,13713.6
315460,2026,13713.6
315460,2027,13713.6
315460,2028,13713.6
315460,2029,13713.6
315460,2030,13713.6
315460,2031,13713.6
315460,2032,13713.6
315460,2033,13713.6
315460,2034,13713.6
315460,2035,13713.6
315460,2036,13713.6
315460,2037,13713.6
315460,2038,13713.6
315460,2039,13713.6
315460,2040,13713.6
315460,2041,13713.6
315460,2042,13713.6
315460,2043,13713.6
315460,2044,13713.6
315460,2045,13713.6
315470,2010,415.2
315470,2011,422.1
315470,2012,429.2
315470,2013,436.3
315470,2014,443.6
315470,2015,451.0
315470,2016,458.6
315470,2017,466.2
315470,2018,474.0
315470,2019,481.9
315470,2020,489.9
315470,2021,489.9
315470,2022,489.9
315470,2023,489.9
315470,2024,489.9
315470,2025,489.9
315470,2026,489.9
315470,2027,489.9
315470,2028,489.9
315470,2029,489.9
315470,2030,489.9
315470,2031,489.9
315470,2032,489.9
315470,2033,489.9
315470,2034,489.9
315470,2035,489.9
315470,2036,489.9
315470,2037,489.9
315470,2038,489.9
315470,2039,489.9
315470,2040,489.9
315470,2041,489.9
315470,2042,489.9
315470,2043,489.9
315470,2044,489.9
315470,2045,489.9
315480,2010,477.9
315480,2011,474.4
315480,2012,471.0
315480,2013,467.6
315480,2014,464.2
315480,2015,460.9
315480,2016,457.6
315480,2017,454.3
315480,2018,451.0
315480,2019,447.7
315480,2020,444.5
315480,2021,444.5
315480,2022,444.5
315480,2023,444.5
315480,2024,444.5
315480,2025,444.5
315480,2026,444.5
315480,2027,444.5
315480,2028,444.5
315480,2029,444.5
315480,2030,444.5
315480,2031,444.5
315480,2032,444.5
315480,2033,444.5
315480,2034,444.5
315480,2035,444.5
315480,2036,444.5
315480,2037,444.5
315480,2038,444.5
315480,2039,444.5
315480,2040,444.5
315480,2041,444.5
315480,2042,444.5
315480,2043,444.5
315480,2044,444.5
315480,2045,444.5
315630,2010,404.8
315630,2011,408.6
315630,2012,412.5
315630,2013,416.4
315630,2014,420.3
315630,2015,424.3
315630,2016,428.3
315630,2017,432.4
315630,2018,436.4
315630,2019,440.6
315630,2020,444.7
315630,2021,444.7
315630,2022,444.7
315630,2023,444.7
315630,2024,444.7
315630,2025,444.7
315630,2026,444.7
315630,2027,444.7
315630,2028,444.7
315630,2029,444.7
315630,2030,444.7
315630,2031,444.7
315630,2032,444.7
315630,2033,444.7
315630,2034,444.7
315630,2035,444.7
315630,2036,444.7
315630,2037,444.7
315630,2038,444.7
315630,2039,444.7
315630,2040,444.7
315630,2041,444.7
315630,2042,444.7
315630,2043,444.7
315630,2044,444.7
315630,2045,444.7
315670,2010,6737.4
315670,2011,6688.8
315670,2012,6640.5
315670,2013,6592.5
315670,2014,6545.0
315670,2015,6497.7
315670,2016,6450.8
315670,2017,6404.3
315670,2018,6358.0
315670,2019,6312.1
315670,2020,6266.6
315670,2021,6266.6
315670,2022,6266.6
315670,2023,6266.6
315670,2024,6266.6
315670,2025,6266.6
315670,2026,6266.6
315670,2027,6266.6
315670,2028,6266.6
315670,2029,6266.6
315670,2030,6266.6
315670,2031,6266.6
315670,2032,6266.6
315670,2033,6266.6
315670,2034,6266.6
315670,2035,6266.6
315670,2036,6266.6
315670,2037,6266.6
315670,2038,6266.6
315670,2039,6266.6
315670,2040,6266.6
315670,2041,6266.6
315670,2042,6266.6
315670,2043,6266.6
315670,2044,6266.6
315670,2045,6266.6
315733,2010,639.8
315733,2011,652.4
315733,2012,665.2
315733,2013,678.3
315733,2014,691.6
315733,2015,705.3
315733,2016,719.1
315733,2017,733.3
315733,2018,747.7
315733,2019,762.4
315733,2020,777.4
315733,2021,777.4
315733,2022,777.4
315733,2023,777.4
315733,2024,777.4
315733,2025,777.4
315733,2026,777.4
315733,2027,777.4
315733,2028,777.4
315733,2029,777.4
315733,2030,777.4
315733,2031,777.4
315733,2032,777.4
315733,2033,777.4
315733,2034,777.4
315733,2035,777.4
315733,2036,777.4
315733,2037,777.4
315733,2038,777.4
315733,2039,777.4
315733,2040,777.4
315733,2041,777.4
315733,2042,777.4
315733,2043,777.4
315733,2044,777.4
315733,2045,777.4
315780,2010,10589.2
315780,2011,10512.8
315780,2012,10436.9
315780,2013,10361.5
315780,2014,10286.8
315780,2015,10212.5
315780,2016,10138.8
315780,2017,10065.6
315780,2018,9993.0
315780,2019,9920.8
315780,2020,9849.2
315780,2021,9849.2
315780,2022,9849.2
315780,2023,9849.2
315780,2024,9849.2
315780,2025,9849.2
315780,2026,9849.2
315780,2027,9849.2
315780,2028,9849.2
315780,2029,9849.2
315780,2030,9849.2
315780,2031,9849.2
315780,2032,9849.2
315780,2033,9849.2
315780,2034,9849.2
315780,2035,9849.2
315780,2036,9849.2
315780,2037,9849.2
315780,2038,9849.2
315780,2039,9849.2
315780,2040,9849.2
315780,2041,9849.2
315780,2042,9849.2
315780,2043,9849.2
315780,2044,9849.2
315780,2045,9849.2
315860,2010,146.2
315860,2011,152.0
315860,2012,158.0
315860,2013,164.3
315860,2014,170.8
315860,2015,177.5
315860,2016,184.5
315860,2017,191.8
315860,2018,199.4
315860,2019,207.3
315860,2020,215.5
315860,2021,215.5
315860,2022,215.5
315860,2023,215.5
315860,2024,215.5
315860,2025,215.5
315860,2026,215.5
315860,2027,215.5
315860,2028,215.5
315860,2029,215.5
315860,2030,215.5
315860,2031,215.5
315860,2032,215.5
315860,2033,215.5
315860,2034,215.5
315860,2035,215.5
315860,2036,215.5
315860,2037,215.5
315860,2038,215.5
315860,2039,215.5
315860,2040,215.5
315860,2041,215.5
315860,2042,215.5
315860,2043,215.5
315860,2044,215.5
315860,2045,215.5
315895,2010,1694.8
315895,2011,1714.3
315895,2012,1734.0
315895,2013,1754.0
315895,2014,1774.2
315895,2015,1794.6
315895,2016,1815.2
315895,2017,1836.1
315895,2018,1857.2
315895,2019,1878.6
315895,2020,1900.2
315895,2021,1900.2
315895,2022,1900.2
315895,2023,1900.2
315895,2024,1900.2
315895,2025,1900.2
315895,2026,1900.2
315895,2027,1900.2
315895,2028,1900.2
315895,2029,1900.2
315895,2030,1900.2
315895,2031,1900.2
315895,2032,1900.2
315895,2033,1900.2
315895,2034,1900.2
315895,2035,1900.2
315895,2036,1900.2
315895,2037,1900.2
315895,2038,1900.2
315895,2039,1900.2
315895,2040,1900.2
315895,2041,1900.2
315895,2042,1900.2
315895,2043,1900.2
315895,2044,1900.2
315895,2045,1900.2
316090,2010,224.6
316090,2011,227.4
316090,2012,230.2
316090,2013,233.1
316090,2014,236.0
316090,2015,238.9
316090,2016,241.9
316090,2017,244.9
316090,2018,248.0
316090,2019,251.1
316090,2020,254.2
316090,2021,254.2
316090,2022,254.2
316090,2023,254.2
316090,2024,254.2
316090,2025,254.2
316090,2026,254.2
316090,2027,254.2
316090,2028,254.2
316090,2029,254.2
316090,2030,254.2
316090,2031,254.2
316090,2032,254.2
316090,2033,254.2
316090,2034,254.2
316090,2035,254.2
316090,2036,254.2
316090,2037,254.2
316090,2038,254.2
316090,2039,254.2
316090,2040,254.2
316090,2041,254.2
316090,2042,254.2
316090,2043,254.2
316090,2044,254.2
316090,2045,254.2
316250,2010,9837.1
316250,2011,10030.6
316250,2012,10228.0
316250,2013,10429.2
316250,2014,10634.4
316250,2015,10843.6
316250,2016,11057.0
316250,2017,11274.5
316250,2018,11496.3
316250,2019,11722.5
316250,2020,11953.1
316250,2021,11953.1
316250,2022,11953.1
316250,2023,11953.1
316250,2024,11953.1
316250,2025,11953.1
316250,2026,11953.1
316250,2027,11953.1
316250,2028,11953.1
316250,2029,11953.1
316250,2030,11953.1
316250,2031,11953.1
316250,2032,11953.1
316250,2033,11953.1
316250,2034,11953.1
316250,2035,11953.1
316250,2036,11953.1
316250,2037,11953.1
316250,2038,11953.1
316250,2039,11953.1
316250,2040,11953.1
316250,2041,11953.1
316250,2042,11953.1
316250,2043,11953.1
316250,2044,11953.1
316250,2045,11953.1
316292,2010,2099.6
316292,2011,2084.4
316292,2012,2069.4
316292,2013,2054.4
316292,2014,2039.6
316292,2015,2024.9
316292,2016,2010.3
316292,2017,1995.7
316292,2018,1981.3
316292,2019,1967.0
316292,2020,1952.8
316292,2021,1952.8
316292,2022,1952.8
316292,2023,1952.8
316292,2024,1952.8
316292,2025,1952.8
316292,2026,1952.8
316292,2027,1952.8
316292,2028,1952.8
316292,2029,1952.8
316292,2030,1952.8
316292,2031,1952.8
316292,2032,1952.8
316292,2033,1952.8
316292,2034,1952.8
316292,2035,1952.8
316292,2036,1952.8
316292,2037,1952.8
316292,2038,1952.8
316292,2039,1952.8
316292,2040,1952.8
316292,2041,1952.8
316292,2042,1952.8
316292,2043,1952.8
316292,2044,1952.8
316292,2045,1952.8
316295,2010,1723.5
316295,2011,1711.1
316295,2012,1698.7
316295,2013,1686.5
316295,2014,1674.3
316295,2015,1662.2
316295,2016,1650.2
316295,2017,1638.3
316295,2018,1626.5
316295,2019,1614.7
316295,2020,1603.1
316295,2021,1603.1
316295,2022,1603.1
316295,2023,1603.1
316295,2024,1603.1
316295,2025,1603.1
316295,2026,1603.1
316295,2027,1603.1
316295,2028,1603.1
316295,2029,1603.1
316295,2030,1603.1
316295,2031,1603.1
316295,2032,1603.1
316295,2033,1603.1
316295,2034,1603.1
316295,2035,1603.1
316295,2036,1603.1
316295,2037,1603.1
316295,2038,1603.1
316295,2039,1603.1
316295,2040,1603.1
316295,2041,1603.1
316295,2042,1603.1
316295,2043,1603.1
316295,2044,1603.1
316295,2045,1603.1
316320,2010,449.2
316320,2011,458.1
316320,2012,467.3
316320,2013,476.6
316320,2014,486.2
316320,2015,495.9
316320,2016,505.8
316320,2017,515.9
316320,2018,526.3
316320,2019,536.8
316320,2020,547.5
316320,2021,547.5
316320,2022,547.5
316320,2023,547.5
316320,2024,547.5
316320,2025,547.5
316320,2026,547.5
316320,2027,547.5
316320,2028,547.5
316320,2029,547.5
316320,2030,547.5
316320,2031,547.5
316320,2032,547.5
316320,2033,547.5
316320,2034,547.5
316320,2035,547.5
316320,2036,547.5
316320,2037,547.5
316320,2038,547.5
316320,2039,547.5
316320,2040,547.5
316320,2041,547.5
316320,2042,547.5
316320,2043,547.5
316320,2044,547.5
316320,2045,547.5
316553,2010,2365.9
316553,2011,2348.8
316553,2012,2331.9
316553,2013,2315.1
316553,2014,2298.3
316553,2015,2281.8
316553,2016,2265.3
316553,2017,2248.9
316553,2018,2232.7
316553,2019,2216.6
316553,2020,2200.6
316553,2021,2200.6
316553,2022,2200.6
316553,2023,2200.6
316553,2024,2200.6
316553,2025,2200.6
316553,2026,2200.6
316553,2027,2200.6
316553,2028,2200.6
316553,2029,2200.6
316553,2030,2200.6
316553,2031,2200.6
316553,2032,2200.6
316553,2033,2200.6
316553,2034,2200.6
316553,2035,2200.6
316553,2036,2200.6
316553,2037,2200.6
316553,2038,2200.6
316553,2039,2200.6
316553,2040,2200.6
316553,2041,2200.6
316553,2042,2200.6
316553,2043,2200.6
316553,2044,2200.6
316553,2045,2200.6
316720,2010,20606.5
316720,2011,20553.0
316720,2012,20499.6
316720,2013,20446.3
316720,2014,20393.2
316720,2015,20340.2
316720,2016,20287.4
316720,2017,20234.7
316720,2018,20182.1
316720,2019,20129.7
316720,2020,20077.4
316720,2021,20077.4
316720,2022,20077.4
316720,2023,20077.4
316720,2024,20077.4
316720,2025,20077.4
316720,2026,20077.4
316720,2027,20077.4
316720,2028,20077.4
316720,2029,20077.4
316720,2030,20077.4
316720,2031,20077.4
316720,2032,20077.4
316720,2033,20077.4
316720,2034,20077.4
316720,2035,20077.4
316720,2036,20077.4
316720,2037,20077.4
316720,2038,20077.4
316720,2039,20077.4
316720,2040,20077.4
316720,2041,20077.4
316720,2042,20077.4
316720,2043,20077.4
316720,2044,20077.4
316720,2045,20077.4
316750,2010,109.7
316750,2011,112.4
316750,2012,115.1
316750,2013,117.9
316750,2014,120.8
316750,2015,123.7
316750,2016,126.8
316750,2017,129.9
316750,2018,133.0
316750,2019,136.3
316750,2020,139.6
316750,2021,139.6
316750,2022,139.6
316750,2023,139.6
316750,2024,139.6
316750,2025,139.6
316750,2026,139.6
316750,2027,139.6
316750,2028,139.6
316750,2029,139.6
316750,2030,139.6
316750,2031,139.6
316750,2032,139.6
316750,2033,139.6
316750,2034,139.6
316750,2035,139.6
316750,2036,139.6
316750,2037,139.6
316750,2038,139.6
316750,2039,139.6
316750,2040,139.6
316750,2041,139.6
316750,2042,139.6
316750,2043,139.6
316750,2044,139.6
316750,2045,139.6
316860,2010,13195.4
316860,2011,13568.6
316860,2012,13952.4
316860,2013,14347.0
316860,2014,14752.8
316860,2015,15170.1
316860,2016,15599.2
316860,2017,16040.5
316860,2018,16494.2
316860,2019,16960.7
316860,2020,17440.4
316860,2021,17440.4
316860,2022,17440.4
316860,2023,17440.4
316860,2024,17440.4
316860,2025,17440.4
316860,2026,17440.4
316860,2027,17440.4
316860,2028,17440.4
316860,2029,17440.4
316860,2030,17440.4
316860,2031,17440.4
316860,2032,17440.4
316860,2033,17440.4
316860,2034,17440.4
316860,2035,17440.4
316860,2036,17440.4
316860,2037,17440.4
316860,2038,17440.4
316860,2039,17440.4
316860,2040,17440.4
316860,2041,17440.4
316860,2042,17440.4
316860,2043,17440.4
316860,2044,17440.4
316860,2045,17440.4
316870,2010,5037.4
316870,2011,5095.3
316870,2012,5154.0
316870,2013,5213.3
316870,2014,5273.3
316870,2015,5333.9
316870,2016,5395.3
316870,2017,5457.4
316870,2018,5520.2
316870,2019,5583.7
316870,2020,5648.0
316870,2021,5648.0
316870,2022,5648.0
316870,2023,5648.0
316870,2024,5648.0
316870,2025,5648.0
316870,2026,5648.0
316870,2027,5648.0
316870,2028,5648.0
316870,2029,5648.0
316870,2030,5648.0
316870,2031,5648.0
316870,2032,5648.0
316870,2033,5648.0
316870,2034,5648.0
316870,2035,5648.0
316870,2036,5648.0
316870,2037,5648.0
316870,2038,5648.0
316870,2039,5648.0
316870,2040,5648.0
316870,2041,5648.0
316870,2042,5648.0
316870,2043,5648.0
316870,2044,5648.0
316870,2045,5648.0
316880,2010,504.0
316880,2011,513.9
316880,2012,524.0
316880,2013,534.3
316880,2014,544.8
316880,2015,555.6
316880,2016,566.5
316880,2017,577.6
316880,2018,589.0
316880,2019,600.6
316880,2020,612.4
316880,2021,612.4
316880,2022,612.4
316880,2023,612.4
316880,2024,612.4
316880,2025,612.4
316880,2026,612.4
316880,2027,612.4
316880,2028,612.4
316880,2029,612.4
316880,2030,612.4
316880,2031,612.4
316880,2032,612.4
316880,2033,612.4
316880,2034,612.4
316880,2035,612.4
316880,2036,612.4
316880,2037,612.4
316880,2038,612.4
316880,2039,612.4
316880,2040,612.4
316880,2041,612.4
316880,2042,612.4
316880,2043,612.4
316880,2044,612.4
316880,2045,612.4
316990,2010,5737.2
316990,2011,5791.5
316990,2012,5846.3
316990,2013,5901.7
316990,2014,5957.5
316990,2015,6013.9
316990,2016,6070.8
316990,2017,6128.3
316990,2018,6186.3
316990,2019,6244.8
316990,2020,6303.9
316990,2021,6303.9
316990,2022,6303.9
316990,2023,6303.9
316990,2024,6303.9
316990,2025,6303.9
316990,2026,6303.9
316990,2027,6303.9
316990,2028,6303.9
316990,2029,6303.9
316990,2030,6303.9
316990,2031,6303.9
316990,2032,6303.9
316990,2033,6303.9
316990,2034,6303.9
316990,2035,6303.9
316990,2036,6303.9
316990,2037,6303.9
316990,2038,6303.9
316990,2039,6303.9
316990,2040,6303.9
316990,2041,6303.9
316990,2042,6303.9
316990,2043,6303.9
316990,2044,6303.9
316990,2045,6303.9
317010,2010,26568.3
317010,2011,26758.3
317010,2012,26949.8
317010,2013,27142.6
317010,2014,27336.7
317010,2015,27532.3
317010,2016,27729.2
317010,2017,27927.6
317010,2018,28127.4
317010,2019,28328.6
317010,2020,28531.3
317010,2021,28531.3
317010,2022,28531.3
317010,2023,28531.3
317010,2024,28531.3
317010,2025,28531.3
317010,2026,28531.3
317010,2027,28531.3
317010,2028,28531.3
317010,2029,28531.3
317010,2030,28531.3
317010,2031,28531.3
317010,2032,28531.3
317010,2033,28531.3
317010,2034,28531.3
317010,2035,28531.3
317010,2036,28531.3
317010,2037,28531.3
317010,2038,28531.3
317010,2039,28531.3
317010,2040,28531.3
317010,2041,28531.3
317010,2042,28531.3
317010,2043,28531.3
317010,2044,28531.3
317010,2045,28531.3
317020,2010,46712.6
317020,2011,48094.9
317020,2012,49518.1
317020,2013,50983.4
317020,2014,52492.1
317020,2015,54045.4
317020,2016,55644.7
317020,2017,57291.3
317020,2018,58986.7
317020,2019,60732.2
317020,2020,62529.4
317020,2021,62529.4
317020,2022,62529.4
317020,2023,62529.4
317020,2024,62529.4
317020,2025,62529.4
317020,2026,62529.4
317020,2027,62529.4
317020,2028,62529.4
317020,2029,62529.4
317020,2030,62529.4
317020,2031,62529.4
317020,2032,62529.4
317020,2033,62529.4
317020,2034,62529.4
317020,2035,62529.4
317020,2036,62529.4
317020,2037,62529.4
317020,2038,62529.4
317020,2039,62529.4
317020,2040,62529.4
317020,2041,62529.4
317020,2042,62529.4
317020,2043,62529.4
317020,2044,62529.4
317020,2045,62529.4
317070,2010,8552.3
317070,2011,8747.3
317070,2012,8946.7
317070,2013,9150.7
317070,2014,9359.3
317070,2015,9572.7
317070,2016,9790.9
317070,2017,10014.1
317070,2018,10242.5
317070,2019,10476.0
317070,2020,10714.8
317070,2021,10714.8
317070,2022,10714.8
317070,2023,10714.8
317070,2024,10714.8
317070,2025,10714.8
317070,2026,10714.8
317070,2027,10714.8
317070,2028,10714.8
317070,2029,10714.8
317070,2030,10714.8
317070,2031,10714.8
317070,2032,10714.8
317070,2033,10714.8
317070,2034,10714.8
317070,2035,10714.8
317070,2036,10714.8
317070,2037,10714.8
317070,2038,10714.8
317070,2039,10714.8
317070,2040,10714.8
317070,2041,10714.8
317070,2042,10714.8
317070,2043,10714.8
317070,2044,10714.8
317070,2045,10714.8
317120,2010,5630.2
317120,2011,5589.5
317120,2012,5549.2
317120,2013,5509.1
317120,2014,5469.4
317120,2015,5429.9
317120,2016,5390.7
317120,2017,5351.8
317120,2018,5313.1
317120,2019,5274.8
317120,2020,5236.7
317120,2021,5236.7
317120,2022,5236.7
317120,2023,5236.7
317120,2024,5236.7
317120,2025,5236.7
317120,2026,5236.7
317120,2027,5236.7
317120,2028,5236.7
317120,2029,5236.7
317120,2030,5236.7
317120,2031,5236.7
317120,2032,5236.7
317120,2033,5236.7
317120,2034,5236.7
317120,2035,5236.7
317120,2036,5236.7
317120,2037,5236.7
317120,2038,5236.7
317120,2039,5236.7
317120,2040,5236.7
317120,2041,5236.7
317120,2042,5236.7
317120,2043,5236.7
317120,2044,5236.7
317120,2045,5236.7
317220,2010,75.7
317220,2011,77.2
317220,2012,78.8
317220,2013,80.4
317220,2014,82.0
317220,2015,83.6
317220,2016,85.3
317220,2017,87.0
317220,2018,88.7
317220,2019,90.5
317220,2020,92.3
317220,2021,92.3
317220,2022,92.3
317220,2023,92.3
317220,2024,92.3
317220,2025,92.3
317220,2026,92.3
317220,2027,92.3
317220,2028,92.3
317220,2029,92.3
317220,2030,92.3
317220,2031,92.3
317220,2032,92.3
317220,2033,92.3
317220,2034,92.3
317220,2035,92.3
317220,2036,92.3
317220,2037,92.3
317220,2038,92.3
317220,2039,92.3
317220,2040,92.3
317220,2041,92.3
317220,2042,92.3
317220,2043,92.3
317220,2044,92.3
317220,2045,92.3
320120,2010,11524.1
320120,2011,11616.8
320120,2012,11710.3
320120,2013,11804.5
320120,2014,11899.5
320120,2015,11995.3
320120,2016,12091.8
320120,2017,12189.1
320120,2018,12287.2
320120,2019,12386.1
320120,2020,12485.8
320120,2021,12485.8
320120,2022,12485.8
320120,2023,12485.8
320120,2024,12485.8
320120,2025,12485.8
320120,2026,12485.8
320120,2027,12485.8
320120,2028,12485.8
320120,2029,12485.8
320120,2030,12485.8
320120,2031,12485.8
320120,2032,12485.8
320120,2033,12485.8
320120,2034,12485.8
320120,2035,12485.8
320120,2036,12485.8
320120,2037,12485.8
320120,2038,12485.8
320120,2039,12485.8
320120,2040,12485.8
320120,2041,12485.8
320120,2042,12485.8
320120,2043,12485.8
320120,2044,12485.8
320120,2045,12485.8
320130,2010,11080.1
320130,2011,11205.7
320130,2012,11332.7
320130,2013,11461.1
320130,2014,11590.9
320130,2015,11722.3
320130,2016,11855.1
320130,2017,11989.4
320130,2018,12125.3
320130,2019,12262.7
320130,2020,12401.6
320130,2021,12401.6
320130,2022,12401.6
320130,2023,12401.6
320130,2024,12401.6
320130,2025,12401.6
320130,2026,12401.6
320130,2027,12401.6
320130,2028,12401.6
320130,2029,12401.6
320130,2030,12401.6
320130,2031,12401.6
320130,2032,12401.6
320130,2033,12401.6
320130,2034,12401.6
320130,2035,12401.6
320130,2036,12401.6
320130,2037,12401.6
320130,2038,12401.6
320130,2039,12401.6
320130,2040,12401.6
320130,2041,12401.6
320130,2042,12401.6
320130,2043,12401.6
320130,2044,12401.6
320130,2045,12401.6
320150,2010,5604.0
320150,2011,5804.0
320150,2012,6011.0
320150,2013,6225.5
320150,2014,6447.6
320150,2015,6677.6
320150,2016,6915.9
320150,2017,7162.6
320150,2018,7418.2
320150,2019,7682.8
320150,2020,7956.9
320150,2021,7956.9
320150,2022,7956.9
320150,2023,7956.9
320150,2024,7956.9
320150,2025,7956.9
320150,2026,7956.9
320150,2027,7956.9
320150,2028,7956.9
320150,2029,7956.9
320150,2030,7956.9
320150,2031,7956.9
320150,2032,7956.9
320150,2033,7956.9
320150,2034,7956.9
320150,2035,7956.9
320150,2036,7956.9
320150,2037,7956.9
320150,2038,7956.9
320150,2039,7956.9
320150,2040,7956.9
320150,2041,7956.9
320150,2042,7956.9
320150,2043,7956.9
320150,2044,7956.9
320150,2045,7956.9
320220,2010,1796.6
320220,2011,1817.0
320220,2012,1837.6
320220,2013,1858.4
320220,2014,1879.5
320220,2015,1900.8
320220,2016,1922.3
320220,2017,1944.1
320220,2018,1966.1
320220,2019,1988.4
320220,2020,2010.9
320220,2021,2010.9
320220,2022,2010.9
320220,2023,2010.9
320220,2024,2010.9
320220,2025,2010.9
320220,2026,2010.9
320220,2027,2010.9
320220,2028,2010.9
320220,2029,2010.9
320220,2030,2010.9
320220,2031,2010.9
320220,2032,2010.9
320220,2033,2010.9
320220,2034,2010.9
320220,2035,2010.9
320220,2036,2010.9
320220,2037,2010.9
320220,2038,2010.9
320220,2039,2010.9
320220,2040,2010.9
320220,2041,2010.9
320220,2042,2010.9
320220,2043,2010.9
320220,2044,2010.9
320220,2045,2010.9
320240,2010,6029.7
320240,2011,6228.4
320240,2012,6433.7
320240,2013,6645.8
320240,2014,6864.8
320240,2015,7091.1
320240,2016,7324.8
320240,2017,7566.2
320240,2018,7815.6
320240,2019,8073.2
320240,2020,8339.3
320240,2021,8339.3
320240,2022,8339.3
320240,2023,8339.3
320240,2024,8339.3
320240,2025,8339.3
320240,2026,8339.3
320240,2027,8339.3
320240,2028,8339.3
320240,2029,8339.3
320240,2030,8339.3
320240,2031,8339.3
320240,2032,8339.3
320240,2033,8339.3
320240,2034,8339.3
320240,2035,8339.3
320240,2036,8339.3
320240,2037,8339.3
320240,2038,8339.3
320240,2039,8339.3
320240,2040,8339.3
320240,2041,8339.3
320240,2042,8339.3
320240,2043,8339.3
320240,2044,8339.3
320240,2045,8339.3
320320,2010,13281.5
320320,2011,13558.5
320320,2012,13841.2
320320,2013,14129.8
320320,2014,14424.5
320320,2015,14725.3
320320,2016,15032.3
320320,2017,15345.8
320320,2018,15665.8
320320,2019,15992.4
320320,2020,16325.9
320320,2021,16325.9
320320,2022,16325.9
320320,2023,16325.9
320320,2024,16325.9
320320,2025,16325.9
320320,2026,16325.9
320320,2027,16325.9
320320,2028,16325.9
320320,2029,16325.9
320320,2030,16325.9
320320,2031,16325.9
320320,2032,16325.9
320320,2033,16325.9
320320,2034,16325.9
320320,2035,16325.9
320320,2036,16325.9
320320,2037,16325.9
320320,2038,16325.9
320320,2039,16325.9
320320,2040,16325.9
320320,2041,16325.9
320320,2042,16325.9
320320,2043,16325.9
320320,2044,16325.9
320320,2045,16325.9
320490,2010,6925.4
320490,2011,7012.9
320490,2012,7101.4
320490,2013,7191.1
320490,2014,7282.0
320490,2015,7373.9
320490,2016,7467.1
320490,2017,7561.4
320490,2018,7656.9
320490,2019,7753.6
320490,2020,7851.5
320490,2021,7851.5
320490,2022,7851.5
320490,2023,7851.5
320490,2024,7851.5
320490,2025,7851.5
320490,2026,7851.5
320490,2027,7851.5
320490,2028,7851.5
320490,2029,7851.5
320490,2030,7851.5
320490,2031,7851.5
320490,2032,7851.5
320490,2033,7851.5
320490,2034,7851.5
320490,2035,7851.5
320490,2036,7851.5
320490,2037,7851.5
320490,2038,7851.5
320490,2039,7851.5
320490,2040,7851.5
320490,2041,7851.5
320490,2042,7851.5
320490,2043,7851.5
320490,2044,7851.5
320490,2045,7851.5
320500,2010,17765.3
320500,2011,17966.6
320500,2012,18170.2
320500,2013,18376.1
320500,2014,18584.3
320500,2015,18794.8
320500,2016,19007.8
320500,2017,19223.2
320500,2018,19441.0
320500,2019,19661.3
320500,2020,19884.1
320500,2021,19884.1
320500,2022,19884.1
320500,2023,19884.1
320500,2024,19884.1
320500,2025,19884.1
320500,2026,19884.1
320500,2027,19884.1
320500,2028,19884.1
320500,2029,19884.1
320500,2030,19884.1
320500,2031,19884.1
320500,2032,19884.1
320500,2033,19884.1
320500,2034,19884.1
320500,2035,19884.1
320500,2036,19884.1
320500,2037,19884.1
320500,2038,19884.1
320500,2039,19884.1
320500,2040,19884.1
320500,2041,19884.1
320500,2042,19884.1
320500,2043,19884.1
320500,2044,19884.1
320500,2045,19884.1
320510,2010,2376.4
320510,2011,2403.3
320510,2012,2430.5
320510,2013,2458.1
320510,2014,2485.9
320510,2015,2514.1
320510,2016,2542.6
320510,2017,2571.4
320510,2018,2600.5
320510,2019,2630.0
320510,2020,2659.8
320510,2021,2659.8
320510,2022,2659.8
320510,2023,2659.8
320510,2024,2659.8
320510,2025,2659.8
320510,2026,2659.8
320510,2027,2659.8
320510,2028,2659.8
320510,2029,2659.8
320510,2030,2659.8
320510,2031,2659.8
320510,2032,2659.8
320510,2033,2659.8
320510,2034,2659.8
320510,2035,2659.8
320510,2036,2659.8
320510,2037,2659.8
320510,2038,2659.8
320510,2039,2659.8
320510,2040,2659.8
320510,2041,2659.8
320510,2042,2659.8
320510,2043,2659.8
320510,2044,2659.8
320510,2045,2659.8
320520,2010,31305.4
320520,2011,31660.1
320520,2012,32018.8
320520,2013,32381.6
320520,2014,32748.5
320520,2015,33119.6
320520,2016,33494.9
320520,2017,33874.4
320520,2018,34258.2
320520,2019,34646.4
320520,2020,35039.0
320520,2021,35039.0
320520,2022,35039.0
320520,2023,35039.0
320520,2024,35039.0
320520,2025,35039.0
320520,2026,35039.0
320520,2027,35039.0
320520,2028,35039.0
320520,2029,35039.0
320520,2030,35039.0
320520,2031,35039.0
320520,2032,35039.0
320520,2033,35039.0
320520,2034,35039.0
320520,2035,35039.0
320520,2036,35039.0
320520,2037,35039.0
320520,2038,35039.0
320520,2039,35039.0
320520,2040,35039.0
320520,2041,35039.0
320520,2042,35039.0
320520,2043,35039.0
320520,2044,35039.0
320520,2045,35039.0
320530,2010,45644.5
320530,2011,46161.7
320530,2012,46684.8
320530,2013,47213.7
320530,2014,47748.7
320530,2015,48289.7
320530,2016,48836.9
320530,2017,49390.3
320530,2018,49949.9
320530,2019,50515.9
320530,2020,51088.3
320530,2021,51088.3
320530,2022,51088.3
320530,2023,51088.3
320530,2024,51088.3
320530,2025,51088.3
320530,2026,51088.3
320530,2027,51088.3
320530,2028,51088.3
320530,2029,51088.3
320530,2030,51088.3
320530,2031,51088.3
320530,2032,51088.3
320530,2033,51088.3
320530,2034,51088.3
320530,2035,51088.3
320530,2036,51088.3
320530,2037,51088.3
320530,2038,51088.3
320530,2039,51088.3
320530,2040,51088.3
320530,2041,51088.3
320530,2042,51088.3
320530,2043,51088.3
320530,2044,51088.3
320530,2045,51088.3
330010,2010,8625.4
330010,2011,8631.0
330010,2012,8636.6
330010,2013,8642.1
330010,2014,8647.7
330010,2015,8653.3
330010,2016,8658.9
330010,2017,8664.4
330010,2018,8670.0
330010,2019,8675.6
330010,2020,8681.2
330010,2021,8681.2
330010,2022,8681.2
330010,2023,8681.2
330010,2024,8681.2
330010,2025,8681.2
330010,2026,8681.2
330010,2027,8681.2
330010,2028,8681.2
330010,2029,8681.2
330010,2030,8681.2
330010,2031,8681.2
330010,2032,8681.2
330010,2033,8681.2
330010,2034,8681.2
330010,2035,8681.2
330010,2036,8681.2
330010,2037,8681.2
330010,2038,8681.2
330010,2039,8681.2
330010,2040,8681.2
330010,2041,8681.2
330010,2042,8681.2
330010,2043,8681.2
330010,2044,8681.2
330010,2045,8681.2
330020,2010,9069.4
330020,2011,9108.8
330020,2012,9148.4
330020,2013,9188.2
330020,2014,9228.1
330020,2015,9268.3
330020,2016,9308.6
330020,2017,9349.0
330020,2018,9389.7
330020,2019,9430.5
330020,2020,9471.5
330020,2021,9471.5
330020,2022,9471.5
330020,2023,9471.5
330020,2024,9471.5
330020,2025,9471.5
330020,2026,9471.5
330020,2027,9471.5
330020,2028,9471.5
330020,2029,9471.5
330020,2030,9471.5
330020,2031,9471.5
330020,2032,9471.5
330020,2033,9471.5
330020,2034,9471.5
330020,2035,9471.5
330020,2036,9471.5
330020,2037,9471.5
330020,2038,9471.5
330020,2039,9471.5
330020,2040,9471.5
330020,2041,9471.5
330020,2042,9471.5
330020,2043,9471.5
330020,2044,9471.5
330020,2045,9471.5
330022,2010,1062.8
330022,2011,1078.7
330022,2012,1094.8
330022,2013,1111.2
330022,2014,1127.8
330022,2015,1144.6
330022,2016,1161.7
330022,2017,1179.1
330022,2018,1196.7
330022,2019,1214.6
330022,2020,1232.7
330022,2021,1232.7
330022,2022,1232.7
330022,2023,1232.7
330022,2024,1232.7
330022,2025,1232.7
330022,2026,1232.7
330022,2027,1232.7
330022,2028,1232.7
330022,2029,1232.7
330022,2030,1232.7
330022,2031,1232.7
330022,2032,1232.7
330022,2033,1232.7
330022,2034,1232.7
330022,2035,1232.7
330022,2036,1232.7
330022,2037,1232.7
330022,2038,1232.7
330022,2039,1232.7
330022,2040,1232.7
330022,2041,1232.7
330022,2042,1232.7
330022,2043,1232.7
330022,2044,1232.7
330022,2045,1232.7
330023,2010,867.0
330023,2011,886.4
330023,2012,906.3
330023,2013,926.6
330023,2014,947.3
330023,2015,968.6
330023,2016,990.3
330023,2017,1012.5
330023,2018,1035.2
330023,2019,1058.4
330023,2020,1082.1
330023,2021,1082.1
330023,2022,1082.1
330023,2023,1082.1
330023,2024,1082.1
330023,2025,1082.1
330023,2026,1082.1
330023,2027,1082.1
330023,2028,1082.1
330023,2029,1082.1
330023,2030,1082.1
330023,2031,1082.1
330023,2032,1082.1
330023,2033,1082.1
330023,2034,1082.1
330023,2035,1082.1
330023,2036,1082.1
330023,2037,1082.1
330023,2038,1082.1
330023,2039,1082.1
330023,2040,1082.1
330023,2041,1082.1
330023,2042,1082.1
330023,2043,1082.1
330023,2044,1082.1
330023,2045,1082.1
330025,2010,2689.7
330025,2011,2750.0
330025,2012,2811.6
330025,2013,2874.6
330025,2014,2939.1
330025,2015,3004.9
330025,2016,3072.3
330025,2017,3141.1
330025,2018,3211.5
330025,2019,3283.5
330025,2020,3357.0
330025,2021,3357.0
330025,2022,3357.0
330025,2023,3357.0
330025,2024,3357.0
330025,2025,3357.0
330025,2026,3357.0
330025,2027,3357.0
330025,2028,3357.0
330025,2029,3357.0
330025,2030,3357.0
330025,2031,3357.0
330025,2032,3357.0
330025,2033,3357.0
330025,2034,3357.0
330025,2035,3357.0
330025,2036,3357.0
330025,2037,3357.0
330025,2038,3357.0
330025,2039,3357.0
330025,2040,3357.0
330025,2041,3357.0
330025,2042,3357.0
330025,2043,3357.0
330025,2044,3357.0
330025,2045,3357.0
330040,2010,6178.6
330040,2011,6267.5
330040,2012,6357.8
330040,2013,6449.3
330040,2014,6542.2
330040,2015,6636.4
330040,2016,6731.9
330040,2017,6828.8
330040,2018,6927.2
330040,2019,7026.9
330040,2020,7128.1
330040,2021,7128.1
330040,2022,7128.1
330040,2023,7128.1
330040,2024,7128.1
330040,2025,7128.1
330040,2026,7128.1
330040,2027,7128.1
330040,2028,7128.1
330040,2029,7128.1
330040,2030,7128.1
330040,2031,7128.1
330040,2032,7128.1
330040,2033,7128.1
330040,2034,7128.1
330040,2035,7128.1
330040,2036,7128.1
330040,2037,7128.1
330040,2038,7128.1
330040,2039,7128.1
330040,2040,7128.1
330040,2041,7128.1
330040,2042,7128.1
330040,2043,7128.1
330040,2044,7128.1
330040,2045,7128.1
330045,2010,17538.1
330045,2011,17514.6
330045,2012,17491.2
330045,2013,17467.8
330045,2014,17444.4
330045,2015,17421.0
330045,2016,17397.7
330045,2017,17374.4
330045,2018,17351.2
330045,2019,17327.9
330045,2020,17304.7
330045,2021,17304.7
330045,2022,17304.7
330045,2023,17304.7
330045,2024,17304.7
330045,2025,17304.7
330045,2026,17304.7
330045,2027,17304.7
330045,2028,17304.7
330045,2029,17304.7
330045,2030,17304.7
330045,2031,17304.7
330045,2032,17304.7
330045,2033,17304.7
330045,2034,17304.7
330045,2035,17304.7
330045,2036,17304.7
330045,2037,17304.7
330045,2038,17304.7
330045,2039,17304.7
330045,2040,17304.7
330045,2041,17304.7
330045,2042,17304.7
330045,2043,17304.7
330045,2044,17304.7
330045,2045,17304.7
330070,2010,17013.2
330070,2011,17394.5
330070,2012,17784.2
330070,2013,18182.8
330070,2014,18590.2
330070,2015,19006.8
330070,2016,19432.7
330070,2017,19868.2
330070,2018,20313.4
330070,2019,20768.6
330070,2020,21234.0
330070,2021,21234.0
330070,2022,21234.0
330070,2023,21234.0
330070,2024,21234.0
330070,2025,21234.0
330070,2026,21234.0
330070,2027,21234.0
330070,2028,21234.0
330070,2029,21234.0
330070,2030,21234.0
330070,2031,21234.0
330070,2032,21234.0
330070,2033,21234.0
330070,2034,21234.0
330070,2035,21234.0
330070,2036,21234.0
330070,2037,21234.0
330070,2038,21234.0
330070,2039,21234.0
330070,2040,21234.0
330070,2041,21234.0
330070,2042,21234.0
330070,2043,21234.0
330070,2044,21234.0
330070,2045,21234.0
330093,2010,934.9
330093,2011,950.6
330093,2012,966.6
330093,2013,982.8
330093,2014,999.3
330093,2015,1016.1
330093,2016,1033.2
330093,2017,1050.6
330093,2018,1068.2
330093,2019,1086.2
330093,2020,1104.5
330093,2021,1104.5
330093,2022,1104.5
330093,2023,1104.5
330093,2024,1104.5
330093,2025,1104.5
330093,2026,1104.5
330093,2027,1104.5
330093,2028,1104.5
330093,2029,1104.5
330093,2030,1104.5
330093,2031,1104.5
330093,2032,1104.5
330093,2033,1104.5
330093,2034,1104.5
330093,2035,1104.5
330093,2036,1104.5
330093,2037,1104.5
330093,2038,1104.5
330093,2039,1104.5
330093,2040,1104.5
330093,2041,1104.5
330093,2042,1104.5
330093,2043,1104.5
330093,2044,1104.5
330093,2045,1104.5
330095,2010,940.1
330095,2011,977.3
330095,2012,1015.9
330095,2013,1056.1
330095,2014,1097.8
330095,2015,1141.3
330095,2016,1186.4
330095,2017,1233.3
330095,2018,1282.1
330095,2019,1332.8
330095,2020,1385.5
330095,2021,1385.5
330095,2022,1385.5
330095,2023,1385.5
330095,2024,1385.5
330095,2025,1385.5
330095,2026,1385.5
330095,2027,1385.5
330095,2028,1385.5
330095,2029,1385.5
330095,2030,1385.5
330095,2031,1385.5
330095,2032,1385.5
330095,2033,1385.5
330095,2034,1385.5
330095,2035,1385.5
330095,2036,1385.5
330095,2037,1385.5
330095,2038,1385.5
330095,2039,1385.5
330095,2040,1385.5
330095,2041,1385.5
330095,2042,1385.5
330095,2043,1385.5
330095,2044,1385.5
330095,2045,1385.5
330100,2010,27837.4
330100,2011,28088.2
330100,2012,28341.3
330100,2013,28596.6
330100,2014,28854.2
330100,2015,29114.1
330100,2016,29376.4
330100,2017,29641.1
330100,2018,29908.1
330100,2019,30177.6
330100,2020,30449.4
330100,2021,30449.4
330100,2022,30449.4
330100,2023,30449.4
330100,2024,30449.4
330100,2025,30449.4
330100,2026,30449.4
330100,2027,30449.4
330100,2028,30449.4
330100,2029,30449.4
330100,2030,30449.4
330100,2031,30449.4
330100,2032,30449.4
330100,2033,30449.4
330100,2034,30449.4
330100,2035,30449.4
330100,2036,30449.4
330100,2037,30449.4
330100,2038,30449.4
330100,2039,30449.4
330100,2040,30449.4
330100,2041,30449.4
330100,2042,30449.4
330100,2043,30449.4
330100,2044,30449.4
330100,2045,30449.4
330130,2010,5823.4
330130,2011,5921.3
330130,2012,6020.8
330130,2013,6122.0
330130,2014,6224.9
330130,2015,6329.6
330130,2016,6436.0
330130,2017,6544.2
330130,2018,6654.2
330130,2019,6766.0
330130,2020,6879.8
330130,2021,6879.8
330130,2022,6879.8
330130,2023,6879.8
330130,2024,6879.8
330130,2025,6879.8
330130,2026,6879.8
330130,2027,6879.8
330130,2028,6879.8
330130,2029,6879.8
330130,2030,6879.8
330130,2031,6879.8
330130,2032,6879.8
330130,2033,6879.8
330130,2034,6879.8
330130,2035,6879.8
330130,2036,6879.8
330130,2037,6879.8
330130,2038,6879.8
330130,2039,6879.8
330130,2040,6879.8
330130,2041,6879.8
330130,2042,6879.8
330130,2043,6879.8
330130,2044,6879.8
330130,2045,6879.8
330140,2010,2522.6
330140,2011,2565.0
330140,2012,2608.1
330140,2013,2652.0
330140,2014,2696.5
330140,2015,2741.9
330140,2016,2788.0
330140,2017,2834.8
330140,2018,2882.5
330140,2019,2930.9
330140,2020,2980.2
330140,2021,2980.2
330140,2022,2980.2
330140,2023,2980.2
330140,2024,2980.2
330140,2025,2980.2
330140,2026,2980.2
330140,2027,2980.2
330140,2028,2980.2
330140,2029,2980.2
330140,2030,2980.2
330140,2031,2980.2
330140,2032,2980.2
330140,2033,2980.2
330140,2034,2980.2
330140,2035,2980.2
330140,2036,2980.2
330140,2037,2980.2
330140,2038,2980.2
330140,2039,2980.2
330140,2040,2980.2
330140,2041,2980.2
330140,2042,2980.2
330140,2043,2980.2
330140,2044,2980.2
330140,2045,2980.2
330170,2010,30391.4
330170,2011,30350.7
330170,2012,30310.1
330170,2013,30269.5
330170,2014,30229.0
330170,2015,30188.5
330170,2016,30148.1
330170,2017,30107.7
330170,2018,30067.4
330170,2019,30027.2
330170,2020,29987.0
330170,2021,29987.0
330170,2022,29987.0
330170,2023,29987.0
330170,2024,29987.0
330170,2025,29987.0
330170,2026,29987.0
330170,2027,29987.0
330170,2028,29987.0
330170,2029,29987.0
330170,2030,29987.0
330170,2031,29987.0
330170,2032,29987.0
330170,2033,29987.0
330170,2034,29987.0
330170,2035,29987.0
330170,2036,29987.0
330170,2037,29987.0
330170,2038,29987.0
330170,2039,29987.0
330170,2040,29987.0
330170,2041,29987.0
330170,2042,29987.0
330170,2043,29987.0
330170,2044,29987.0
330170,2045,29987.0
330185,2010,2760.2
330185,2011,2756.5
330185,2012,2752.9
330185,2013,2749.2
330185,2014,2745.5
330185,2015,2741.8
330185,2016,2738.1
330185,2017,2734.5
330185,2018,2730.8
330185,2019,2727.2
330185,2020,2723.5
330185,2021,2723.5
330185,2022,2723.5
330185,2023,2723.5
330185,2024,2723.5
330185,2025,2723.5
330185,2026,2723.5
330185,2027,2723.5
330185,2028,2723.5
330185,2029,2723.5
330185,2030,2723.5
330185,2031,2723.5
330185,2032,2723.5
330185,2033,2723.5
330185,2034,2723.5
330185,2035,2723.5
330185,2036,2723.5
330185,2037,2723.5
330185,2038,2723.5
330185,2039,2723.5
330185,2040,2723.5
330185,2041,2723.5
330185,2042,2723.5
330185,2043,2723.5
330185,2044,2723.5
330185,2045,2723.5
330187,2010,2405.1
330187,2011,2415.5
330187,2012,2426.1
330187,2013,2436.6
330187,2014,2447.2
330187,2015,2457.8
330187,2016,2468.5
330187,2017,2479.3
330187,2018,2490.0
330187,2019,2500.9
330187,2020,2511.7
330187,2021,2511.7
330187,2022,2511.7
330187,2023,2511.7
330187,2024,2511.7
330187,2025,2511.7
330187,2026,2511.7
330187,2027,2511.7
330187,2028,2511.7
330187,2029,2511.7
330187,2030,2511.7
330187,2031,2511.7
330187,2032,2511.7
330187,2033,2511.7
330187,2034,2511.7
330187,2035,2511.7
330187,2036,2511.7
330187,2037,2511.7
330187,2038,2511.7
330187,2039,2511.7
330187,2040,2511.7
330187,2041,2511.7
330187,2042,2511.7
330187,2043,2511.7
330187,2044,2511.7
330187,2045,2511.7
330190,2010,11829.6
330190,2011,11813.8
330190,2012,11798.0
330190,2013,11782.2
330190,2014,11766.4
330190,2015,11750.6
330190,2016,11734.9
330190,2017,11719.2
330190,2018,11703.5
330190,2019,11687.8
330190,2020,11672.2
330190,2021,11672.2
330190,2022,11672.2
330190,2023,11672.2
330190,2024,11672.2
330190,2025,11672.2
330190,2026,11672.2
330190,2027,11672.2
330190,2028,11672.2
330190,2029,11672.2
330190,2030,11672.2
330190,2031,11672.2
330190,2032,11672.2
330190,2033,11672.2
330190,2034,11672.2
330190,2035,11672.2
330190,2036,11672.2
330190,2037,11672.2
330190,2038,11672.2
330190,2039,11672.2
330190,2040,11672.2
330190,2041,11672.2
330190,2042,11672.2
330190,2043,11672.2
330190,2044,11672.2
330190,2045,11672.2
330200,2010,7048.1
330200,2011,7038.7
330200,2012,7029.3
330200,2013,7019.9
330200,2014,7010.5
330200,2015,7001.1
330200,2016,6991.7
330200,2017,6982.4
330200,2018,6973.0
330200,2019,6963.7
330200,2020,6954.4
330200,2021,6954.4
330200,2022,6954.4
330200,2023,6954.4
330200,2024,6954.4
330200,2025,6954.4
330200,2026,6954.4
330200,2027,6954.4
330200,2028,6954.4
330200,2029,6954.4
330200,2030,6954.4
330200,2031,6954.4
330200,2032,6954.4
330200,2033,6954.4
330200,2034,6954.4
330200,2035,6954.4
330200,2036,6954.4
330200,2037,6954.4
330200,2038,6954.4
330200,2039,6954.4
330200,2040,6954.4
330200,2041,6954.4
330200,2042,6954.4
330200,2043,6954.4
330200,2044,6954.4
330200,2045,6954.4
330225,2010,3311.2
330225,2011,3371.8
330225,2012,3433.5
330225,2013,3496.3
330225,2014,3560.3
330225,2015,3625.4
330225,2016,3691.8
330225,2017,3759.3
330225,2018,3828.1
330225,2019,3898.1
330225,2020,3969.4
330225,2021,3969.4
330225,2022,3969.4
330225,2023,3969.4
330225,2024,3969.4
330225,2025,3969.4
330225,2026,3969.4
330225,2027,3969.4
330225,2028,3969.4
330225,2029,3969.4
330225,2030,3969.4
330225,2031,3969.4
330225,2032,3969.4
330225,2033,3969.4
330225,2034,3969.4
330225,2035,3969.4
330225,2036,3969.4
330225,2037,3969.4
330225,2038,3969.4
330225,2039,3969.4
330225,2040,3969.4
330225,2041,3969.4
330225,2042,3969.4
330225,2043,3969.4
330225,2044,3969.4
330225,2045,3969.4
330227,2010,4032.0
330227,2011,4026.6
330227,2012,4021.2
330227,2013,4015.8
330227,2014,4010.4
330227,2015,4005.1
330227,2016,3999.7
330227,2017,3994.4
330227,2018,3989.0
330227,2019,3983.7
330227,2020,3978.3
330227,2021,3978.3
330227,2022,3978.3
330227,2023,3978.3
330227,2024,3978.3
330227,2025,3978.3
330227,2026,3978.3
330227,2027,3978.3
330227,2028,3978.3
330227,2029,3978.3
330227,2030,3978.3
330227,2031,3978.3
330227,2032,3978.3
330227,2033,3978.3
330227,2034,3978.3
330227,2035,3978.3
330227,2036,3978.3
330227,2037,3978.3
330227,2038,3978.3
330227,2039,3978.3
330227,2040,3978.3
330227,2041,3978.3
330227,2042,3978.3
330227,2043,3978.3
330227,2044,3978.3
330227,2045,3978.3
330240,2010,11132.4
330240,2011,11319.5
330240,2012,11509.8
330240,2013,11703.2
330240,2014,11900.0
330240,2015,12100.0
330240,2016,12303.4
330240,2017,12510.2
330240,2018,12720.5
330240,2019,12934.3
330240,2020,13151.8
330240,2021,13151.8
330240,2022,13151.8
330240,2023,13151.8
330240,2024,13151.8
330240,2025,13151.8
330240,2026,13151.8
330240,2027,13151.8
330240,2028,13151.8
330240,2029,13151.8
330240,2030,13151.8
330240,2031,13151.8
330240,2032,13151.8
330240,2033,13151.8
330240,2034,13151.8
330240,2035,13151.8
330240,2036,13151.8
330240,2037,13151.8
330240,2038,13151.8
330240,2039,13151.8
330240,2040,13151.8
330240,2041,13151.8
330240,2042,13151.8
330240,2043,13151.8
330240,2044,13151.8
330240,2045,13151.8
330250,2010,12474.6
330250,2011,12457.9
330250,2012,12441.2
330250,2013,12424.6
330250,2014,12408.0
330250,2015,12391.3
330250,2016,12374.8
330250,2017,12358.2
330250,2018,12341.7
330250,2019,12325.1
330250,2020,12308.6
330250,2021,12308.6
330250,2022,12308.6
330250,2023,12308.6
330250,2024,12308.6
330250,2025,12308.6
330250,2026,12308.6
330250,2027,12308.6
330250,2028,12308.6
330250,2029,12308.6
330250,2030,12308.6
330250,2031,12308.6
330250,2032,12308.6
330250,2033,12308.6
330250,2034,12308.6
330250,2035,12308.6
330250,2036,12308.6
330250,2037,12308.6
330250,2038,12308.6
330250,2039,12308.6
330250,2040,12308.6
330250,2041,12308.6
330250,2042,12308.6
330250,2043,12308.6
330250,2044,12308.6
330250,2045,12308.6
330260,2010,5157.5
330260,2011,5150.6
330260,2012,5143.7
330260,2013,5136.8
330260,2014,5129.9
330260,2015,5123.1
330260,2016,5116.2
330260,2017,5109.4
330260,2018,5102.5
330260,2019,5095.7
330260,2020,5088.9
330260,2021,5088.9
330260,2022,5088.9
330260,2023,5088.9
330260,2024,5088.9
330260,2025,5088.9
330260,2026,5088.9
330260,2027,5088.9
330260,2028,5088.9
330260,2029,5088.9
330260,2030,5088.9
330260,2031,5088.9
330260,2032,5088.9
330260,2033,5088.9
330260,2034,5088.9
330260,2035,5088.9
330260,2036,5088.9
330260,2037,5088.9
330260,2038,5088.9
330260,2039,5088.9
330260,2040,5088.9
330260,2041,5088.9
330260,2042,5088.9
330260,2043,5088.9
330260,2044,5088.9
330260,2045,5088.9
330270,2010,11229.0
330270,2011,11213.9
330270,2012,11198.9
330270,2013,11183.9
330270,2014,11169.0
330270,2015,11154.0
330270,2016,11139.1
330270,2017,11124.2
330270,2018,11109.3
330270,2019,11094.4
330270,2020,11079.6
330270,2021,11079.6
330270,2022,11079.6
330270,2023,11079.6
330270,2024,11079.6
330270,2025,11079.6
330270,2026,11079.6
330270,2027,11079.6
330270,2028,11079.6
330270,2029,11079.6
330270,2030,11079.6
330270,2031,11079.6
330270,2032,11079.6
330270,2033,11079.6
330270,2034,11079.6
330270,2035,11079.6
330270,2036,11079.6
330270,2037,11079.6
330270,2038,11079.6
330270,2039,11079.6
330270,2040,11079.6
330270,2041,11079.6
330270,2042,11079.6
330270,2043,11079.6
330270,2044,11079.6
330270,2045,11079.6
330285,2010,12140.4
330285,2011,12124.1
330285,2012,12107.9
330285,2013,12091.7
330285,2014,12075.5
330285,2015,12059.3
330285,2016,12043.2
330285,2017,12027.1
330285,2018,12011.0
330285,2019,11994.9
330285,2020,11978.8
330285,2021,11978.8
330285,2022,11978.8
330285,2023,11978.8
330285,2024,11978.8
330285,2025,11978.8
330285,2026,11978.8
330285,2027,11978.8
330285,2028,11978.8
330285,2029,11978.8
330285,2030,11978.8
330285,2031,11978.8
330285,2032,11978.8
330285,2033,11978.8
330285,2034,11978.8
330285,2035,11978.8
330285,2036,11978.8
330285,2037,11978.8
330285,2038,11978.8
330285,2039,11978.8
330285,2040,11978.8
330285,2041,11978.8
330285,2042,11978.8
330285,2043,11978.8
330285,2044,11978.8
330285,2045,11978.8
330320,2010,13874.3
330320,2011,13855.7
330320,2012,13837.2
330320,2013,13818.7
330320,2014,13800.2
330320,2015,13781.7
330320,2016,13763.3
330320,2017,13744.8
330320,2018,13726.4
330320,2019,13708.1
330320,2020,13689.7
330320,2021,13689.7
330320,2022,13689.7
330320,2023,13689.7
330320,2024,13689.7
330320,2025,13689.7
330320,2026,13689.7
330320,2027,13689.7
330320,2028,13689.7
330320,2029,13689.7
330320,2030,13689.7
330320,2031,13689.7
330320,2032,13689.7
330320,2033,13689.7
330320,2034,13689.7
330320,2035,13689.7
330320,2036,13689.7
330320,2037,13689.7
330320,2038,13689.7
330320,2039,13689.7
330320,2040,13689.7
330320,2041,13689.7
330320,2042,13689.7
330320,2043,13689.7
330320,2044,13689.7
330320,2045,13689.7
330330,2010,67731.6
330330,2011,67641.0
330330,2012,67550.4
330330,2013,67460.0
330330,2014,67369.7
330330,2015,67279.5
330330,2016,67189.5
330330,2017,67099.5
330330,2018,67009.7
330330,2019,66920.0
330330,2020,66830.4
330330,2021,66830.4
330330,2022,66830.4
330330,2023,66830.4
330330,2024,66830.4
330330,2025,66830.4
330330,2026,66830.4
330330,2027,66830.4
330330,2028,66830.4
330330,2029,66830.4
330330,2030,66830.4
330330,2031,66830.4
330330,2032,66830.4
330330,2033,66830.4
330330,2034,66830.4
330330,2035,66830.4
330330,2036,66830.4
330330,2037,66830.4
330330,2038,66830.4
330330,2039,66830.4
330330,2040,66830.4
330330,2041,66830.4
330330,2042,66830.4
330330,2043,66830.4
330330,2044,66830.4
330330,2045,66830.4
330340,2010,7573.0
330340,2011,7693.9
330340,2012,7816.8
330340,2013,7941.6
330340,2014,8068.4
330340,2015,8197.2
330340,2016,8328.1
330340,2017,8461.0
330340,2018,8596.1
330340,2019,8733.3
330340,2020,8872.8
330340,2021,8872.8
330340,2022,8872.8
330340,2023,8872.8
330340,2024,8872.8
330340,2025,8872.8
330340,2026,8872.8
330340,2027,8872.8
330340,2028,8872.8
330340,2029,8872.8
330340,2030,8872.8
330340,2031,8872.8
330340,2032,8872.8
330340,2033,8872.8
330340,2034,8872.8
330340,2035,8872.8
330340,2036,8872.8
330340,2037,8872.8
330340,2038,8872.8
330340,2039,8872.8
330340,2040,8872.8
330340,2041,8872.8
330340,2042,8872.8
330340,2043,8872.8
330340,2044,8872.8
330340,2045,8872.8
330350,2010,39405.9
330350,2011,39353.1
330350,2012,39300.5
330350,2013,39247.9
330350,2014,39195.3
330350,2015,39142.8
330350,2016,39090.5
330350,2017,39038.1
330350,2018,38985.9
330350,2019,38933.7
330350,2020,38881.6
330350,2021,38881.6
330350,2022,38881.6
330350,2023,38881.6
330350,2024,38881.6
330350,2025,38881.6
330350,2026,38881.6
330350,2027,38881.6
330350,2028,38881.6
330350,2029,38881.6
330350,2030,38881.6
330350,2031,38881.6
330350,2032,38881.6
330350,2033,38881.6
330350,2034,38881.6
330350,2035,38881.6
330350,2036,38881.6
330350,2037,38881.6
330350,2038,38881.6
330350,2039,38881.6
330350,2040,38881.6
330350,2041,38881.6
330350,2042,38881.6
330350,2043,38881.6
330350,2044,38881.6
330350,2045,38881.6
330360,2010,2253.6
330360,2011,2250.6
330360,2012,2247.6
330360,2013,2244.6
330360,2014,2241.6
330360,2015,2238.6
330360,2016,2235.6
330360,2017,2232.6
330360,2018,2229.6
330360,2019,2226.6
330360,2020,2223.6
330360,2021,2223.6
330360,2022,2223.6
330360,2023,2223.6
330360,2024,2223.6
330360,2025,2223.6
330360,2026,2223.6
330360,2027,2223.6
330360,2028,2223.6
330360,2029,2223.6
330360,2030,2223.6
330360,2031,2223.6
330360,2032,2223.6
330360,2033,2223.6
330360,2034,2223.6
330360,2035,2223.6
330360,2036,2223.6
330360,2037,2223.6
330360,2038,2223.6
330360,2039,2223.6
330360,2040,2223.6
330360,2041,2223.6
330360,2042,2223.6
330360,2043,2223.6
330360,2044,2223.6
330360,2045,2223.6
330370,2010,1681.7
330370,2011,1748.2
330370,2012,1817.4
330370,2013,1889.2
330370,2014,1963.9
330370,2015,2041.6
330370,2016,2122.3
330370,2017,2206.2
330370,2018,2293.5
330370,2019,2384.2
330370,2020,2478.4
330370,2021,2478.4
330370,2022,2478.4
330370,2023,2478.4
330370,2024,2478.4
330370,2025,2478.4
330370,2026,2478.4
330370,2027,2478.4
330370,2028,2478.4
330370,2029,2478.4
330370,2030,2478.4
330370,2031,2478.4
330370,2032,2478.4
330370,2033,2478.4
330370,2034,2478.4
330370,2035,2478.4
330370,2036,2478.4
330370,2037,2478.4
330370,2038,2478.4
330370,2039,2478.4
330370,2040,2478.4
330370,2041,2478.4
330370,2042,2478.4
330370,2043,2478.4
330370,2044,2478.4
330370,2045,2478.4
330390,2010,12524.2
330390,2011,12711.3
330390,2012,12901.2
330390,2013,13094.0
330390,2014,13289.6
330390,2015,13488.1
330390,2016,13689.6
330390,2017,13894.1
330390,2018,14101.7
330390,2019,14312.4
330390,2020,14526.2
330390,2021,14526.2
330390,2022,14526.2
330390,2023,14526.2
330390,2024,14526.2
330390,2025,14526.2
330390,2026,14526.2
330390,2027,14526.2
330390,2028,14526.2
330390,2029,14526.2
330390,2030,14526.2
330390,2031,14526.2
330390,2032,14526.2
330390,2033,14526.2
330390,2034,14526.2
330390,2035,14526.2
330390,2036,14526.2
330390,2037,14526.2
330390,2038,14526.2
330390,2039,14526.2
330390,2040,14526.2
330390,2041,14526.2
330390,2042,14526.2
330390,2043,14526.2
330390,2044,14526.2
330390,2045,14526.2
330395,2010,1475.4
330395,2011,1496.7
330395,2012,1518.2
330395,2013,1540.1
330395,2014,1562.3
330395,2015,1584.8
330395,2016,1607.6
330395,2017,1630.7
330395,2018,1654.2
330395,2019,1678.0
330395,2020,1702.2
330395,2021,1702.2
330395,2022,1702.2
330395,2023,1702.2
330395,2024,1702.2
330395,2025,1702.2
330395,2026,1702.2
330395,2027,1702.2
330395,2028,1702.2
330395,2029,1702.2
330395,2030,1702.2
330395,2031,1702.2
330395,2032,1702.2
330395,2033,1702.2
330395,2034,1702.2
330395,2035,1702.2
330395,2036,1702.2
330395,2037,1702.2
330395,2038,1702.2
330395,2039,1702.2
330395,2040,1702.2
330395,2041,1702.2
330395,2042,1702.2
330395,2043,1702.2
330395,2044,1702.2
330395,2045,1702.2
330411,2010,420.4
330411,2011,428.1
330411,2012,436.0
330411,2013,443.9
330411,2014,452.1
330411,2015,460.3
330411,2016,468.7
330411,2017,477.3
330411,2018,486.1
330411,2019,494.9
330411,2020,504.0
330411,2021,504.0
330411,2022,504.0
330411,2023,504.0
330411,2024,504.0
330411,2025,504.0
330411,2026,504.0
330411,2027,504.0
330411,2028,504.0
330411,2029,504.0
330411,2030,504.0
330411,2031,504.0
330411,2032,504.0
330411,2033,504.0
330411,2034,504.0
330411,2035,504.0
330411,2036,504.0
330411,2037,504.0
330411,2038,504.0
330411,2039,504.0
330411,2040,504.0
330411,2041,504.0
330411,2042,504.0
330411,2043,504.0
330411,2044,504.0
330411,2045,504.0
330412,2010,477.9
330412,2011,486.6
330412,2012,495.5
330412,2013,504.6
330412,2014,513.8
330412,2015,523.2
330412,2016,532.8
330412,2017,542.5
330412,2018,552.5
330412,2019,562.6
330412,2020,572.9
330412,2021,572.9
330412,2022,572.9
330412,2023,572.9
330412,2024,572.9
330412,2025,572.9
330412,2026,572.9
330412,2027,572.9
330412,2028,572.9
330412,2029,572.9
330412,2030,572.9
330412,2031,572.9
330412,2032,572.9
330412,2033,572.9
330412,2034,572.9
330412,2035,572.9
330412,2036,572.9
330412,2037,572.9
330412,2038,572.9
330412,2039,572.9
330412,2040,572.9
330412,2041,572.9
330412,2042,572.9
330412,2043,572.9
330412,2044,572.9
330412,2045,572.9
330414,2010,6068.9
330414,2011,6060.7
330414,2012,6052.6
330414,2013,6044.5
330414,2014,6036.4
330414,2015,6028.4
330414,2016,6020.3
330414,2017,6012.2
330414,2018,6004.2
330414,2019,5996.1
330414,2020,5988.1
330414,2021,5988.1
330414,2022,5988.1
330414,2023,5988.1
330414,2024,5988.1
330414,2025,5988.1
330414,2026,5988.1
330414,2027,5988.1
330414,2028,5988.1
330414,2029,5988.1
330414,2030,5988.1
330414,2031,5988.1
330414,2032,5988.1
330414,2033,5988.1
330414,2034,5988.1
330414,2035,5988.1
330414,2036,5988.1
330414,2037,5988.1
330414,2038,5988.1
330414,2039,5988.1
330414,2040,5988.1
330414,2041,5988.1
330414,2042,5988.1
330414,2043,5988.1
330414,2044,5988.1
330414,2045,5988.1
330420,2010,6802.7
330420,2011,6927.1
330420,2012,7053.9
330420,2013,7182.9
330420,2014,7314.3
330420,2015,7448.1
330420,2016,7584.4
330420,2017,7723.2
330420,2018,7864.4
330420,2019,8008.3
330420,2020,8154.8
330420,2021,8154.8
330420,2022,8154.8
330420,2023,8154.8
330420,2024,8154.8
330420,2025,8154.8
330420,2026,8154.8
330420,2027,8154.8
330420,2028,8154.8
330420,2029,8154.8
330420,2030,8154.8
330420,2031,8154.8
330420,2032,8154.8
330420,2033,8154.8
330420,2034,8154.8
330420,2035,8154.8
330420,2036,8154.8
330420,2037,8154.8
330420,2038,8154.8
330420,2039,8154.8
330420,2040,8154.8
330420,2041,8154.8
330420,2042,8154.8
330420,2043,8154.8
330420,2044,8154.8
330420,2045,8154.8
330452,2010,8923.1
330452,2011,9073.1
330452,2012,9225.6
330452,2013,9380.7
330452,2014,9538.4
330452,2015,9698.7
330452,2016,9861.8
330452,2017,10027.5
330452,2018,10196.1
330452,2019,10367.5
330452,2020,10541.8
330452,2021,10541.8
330452,2022,10541.8
330452,2023,10541.8
330452,2024,10541.8
330452,2025,10541.8
330452,2026,10541.8
330452,2027,10541.8
330452,2028,10541.8
330452,2029,10541.8
330452,2030,10541.8
330452,2031,10541.8
330452,2032,10541.8
330452,2033,10541.8
330452,2034,10541.8
330452,2035,10541.8
330452,2036,10541.8
330452,2037,10541.8
330452,2038,10541.8
330452,2039,10541.8
330452,2040,10541.8
330452,2041,10541.8
330452,2042,10541.8
330452,2043,10541.8
330452,2044,10541.8
330452,2045,10541.8
330455,2010,531324.0
330455,2011,530612.8
330455,2012,529902.5
330455,2013,529193.2
330455,2014,528484.8
330455,2015,527777.4
330455,2016,527070.9
330455,2017,526365.4
330455,2018,525660.8
330455,2019,524957.1
330455,2020,524254.4
330455,2021,524254.4
330455,2022,524254.4
330455,2023,524254.4
330455,2024,524254.4
330455,2025,524254.4
330455,2026,524254.4
330455,2027,524254.4
330455,2028,524254.4
330455,2029,524254.4
330455,2030,524254.4
330455,2031,524254.4
330455,2032,524254.4
330455,2033,524254.4
330455,2034,524254.4
330455,2035,524254.4
330455,2036,524254.4
330455,2037,524254.4
330455,2038,524254.4
330455,2039,524254.4
330455,2040,524254.4
330455,2041,524254.4
330455,2042,524254.4
330455,2043,524254.4
330455,2044,524254.4
330455,2045,524254.4
330490,2010,53366.4
330490,2011,53294.9
330490,2012,53223.6
330490,2013,53152.4
330490,2014,53081.2
330490,2015,53010.2
330490,2016,52939.2
330490,2017,52868.3
330490,2018,52797.6
330490,2019,52726.9
330490,2020,52656.3
330490,2021,52656.3
330490,2022,52656.3
330490,2023,52656.3
330490,2024,52656.3
330490,2025,52656.3
330490,2026,52656.3
330490,2027,52656.3
330490,2028,52656.3
330490,2029,52656.3
330490,2030,52656.3
330490,2031,52656.3
330490,2032,52656.3
330490,2033,52656.3
330490,2034,52656.3
330490,2035,52656.3
330490,2036,52656.3
330490,2037,52656.3
330490,2038,52656.3
330490,2039,52656.3
330490,2040,52656.3
330490,2041,52656.3
330490,2042,52656.3
330490,2043,52656.3
330490,2044,52656.3
330490,2045,52656.3
330500,2010,1757.5
330500,2011,1773.3
330500,2012,1789.3
330500,2013,1805.4
330500,2014,1821.7
330500,2015,1838.1
330500,2016,1854.6
330500,2017,1871.3
330500,2018,1888.2
330500,2019,1905.2
330500,2020,1922.4
330500,2021,1922.4
330500,2022,1922.4
330500,2023,1922.4
330500,2024,1922.4
330500,2025,1922.4
330500,2026,1922.4
330500,2027,1922.4
330500,2028,1922.4
330500,2029,1922.4
330500,2030,1922.4
330500,2031,1922.4
330500,2032,1922.4
330500,2033,1922.4
330500,2034,1922.4
330500,2035,1922.4
330500,2036,1922.4
330500,2037,1922.4
330500,2038,1922.4
330500,2039,1922.4
330500,2040,1922.4
330500,2041,1922.4
330500,2042,1922.4
330500,2043,1922.4
330500,2044,1922.4
330500,2045,1922.4
330510,2010,24037.9
330510,2011,24005.7
330510,2012,23973.5
330510,2013,23941.5
330510,2014,23909.4
330510,2015,23877.4
330510,2016,23845.4
330510,2017,23813.5
330510,2018,23781.6
330510,2019,23749.8
330510,2020,23718.0
330510,2021,23718.0
330510,2022,23718.0
330510,2023,23718.0
330510,2024,23718.0
330510,2025,23718.0
330510,2026,23718.0
330510,2027,23718.0
330510,2028,23718.0
330510,2029,23718.0
330510,2030,23718.0
330510,2031,23718.0
330510,2032,23718.0
330510,2033,23718.0
330510,2034,23718.0
330510,2035,23718.0
330510,2036,23718.0
330510,2037,23718.0
330510,2038,23718.0
330510,2039,23718.0
330510,2040,23718.0
330510,2041,23718.0
330510,2042,23718.0
330510,2043,23718.0
330510,2044,23718.0
330510,2045,23718.0
330520,2010,12406.7
330520,2011,12684.7
330520,2012,12969.0
330520,2013,13259.6
330520,2014,13556.7
330520,2015,13860.5
330520,2016,14171.1
330520,2017,14488.7
330520,2018,14813.4
330520,2019,15145.3
330520,2020,15484.7
330520,2021,15484.7
330520,2022,15484.7
330520,2023,15484.7
330520,2024,15484.7
330520,2025,15484.7
330520,2026,15484.7
330520,2027,15484.7
330520,2028,15484.7
330520,2029,15484.7
330520,2030,15484.7
330520,2031,15484.7
330520,2032,15484.7
330520,2033,15484.7
330520,2034,15484.7
330520,2035,15484.7
330520,2036,15484.7
330520,2037,15484.7
330520,2038,15484.7
330520,2039,15484.7
330520,2040,15484.7
330520,2041,15484.7
330520,2042,15484.7
330520,2043,15484.7
330520,2044,15484.7
330520,2045,15484.7
330550,2010,4569.9
330550,2011,4563.8
330550,2012,4557.7
330550,2013,4551.6
330550,2014,4545.5
330550,2015,4539.4
330550,2016,4533.4
330550,2017,4527.3
330550,2018,4521.2
330550,2019,4515.2
330550,2020,4509.1
330550,2021,4509.1
330550,2022,4509.1
330550,2023,4509.1
330550,2024,4509.1
330550,2025,4509.1
330550,2026,4509.1
330550,2027,4509.1
330550,2028,4509.1
330550,2029,4509.1
330550,2030,4509.1
330550,2031,4509.1
330550,2032,4509.1
330550,2033,4509.1
330550,2034,4509.1
330550,2035,4509.1
330550,2036,4509.1
330550,2037,4509.1
330550,2038,4509.1
330550,2039,4509.1
330550,2040,4509.1
330550,2041,4509.1
330550,2042,4509.1
330550,2043,4509.1
330550,2044,4509.1
330550,2045,4509.1
330555,2010,6753.1
330555,2011,6744.0
330555,2012,6735.0
330555,2013,6726.0
330555,2014,6717.0
330555,2015,6708.0
330555,2016,6699.0
330555,2017,6690.0
330555,2018,6681.1
330555,2019,6672.1
330555,2020,6663.2
330555,2021,6663.2
330555,2022,6663.2
330555,2023,6663.2
330555,2024,6663.2
330555,2025,6663.2
330555,2026,6663.2
330555,2027,6663.2
330555,2028,6663.2
330555,2029,6663.2
330555,2030,6663.2
330555,2031,6663.2
330555,2032,6663.2
330555,2033,6663.2
330555,2034,6663.2
330555,2035,6663.2
330555,2036,6663.2
330555,2037,6663.2
330555,2038,6663.2
330555,2039,6663.2
330555,2040,6663.2
330555,2041,6663.2
330555,2042,6663.2
330555,2043,6663.2
330555,2044,6663.2
330555,2045,6663.2
330575,2010,731.2
330575,2011,730.2
330575,2012,729.2
330575,2013,728.3
330575,2014,727.3
330575,2015,726.3
330575,2016,725.3
330575,2017,724.4
330575,2018,723.4
330575,2019,722.4
330575,2020,721.5
330575,2021,721.5
330575,2022,721.5
330575,2023,721.5
330575,2024,721.5
330575,2025,721.5
330575,2026,721.5
330575,2027,721.5
330575,2028,721.5
330575,2029,721.5
330575,2030,721.5
330575,2031,721.5
330575,2032,721.5
330575,2033,721.5
330575,2034,721.5
330575,2035,721.5
330575,2036,721.5
330575,2037,721.5
330575,2038,721.5
330575,2039,721.5
330575,2040,721.5
330575,2041,721.5
330575,2042,721.5
330575,2043,721.5
330575,2044,721.5
330575,2045,721.5
330580,2010,8808.2
330580,2011,8872.5
330580,2012,8937.3
330580,2013,9002.5
330580,2014,9068.2
330580,2015,9134.4
330580,2016,9201.1
330580,2017,9268.3
330580,2018,9335.9
330580,2019,9404.1
330580,2020,9472.7
330580,2021,9472.7
330580,2022,9472.7
330580,2023,9472.7
330580,2024,9472.7
330580,2025,9472.7
330580,2026,9472.7
330580,2027,9472.7
330580,2028,9472.7
330580,2029,9472.7
330580,2030,9472.7
330580,2031,9472.7
330580,2032,9472.7
330580,2033,9472.7
330580,2034,9472.7
330580,2035,9472.7
330580,2036,9472.7
330580,2037,9472.7
330580,2038,9472.7
330580,2039,9472.7
330580,2040,9472.7
330580,2041,9472.7
330580,2042,9472.7
330580,2043,9472.7
330580,2044,9472.7
330580,2045,9472.7
330600,2010,5259.3
330600,2011,5467.3
330600,2012,5683.5
330600,2013,5908.2
330600,2014,6141.8
330600,2015,6384.7
330600,2016,6637.2
330600,2017,6899.6
330600,2018,7172.4
330600,2019,7456.0
330600,2020,7750.9
330600,2021,7750.9
330600,2022,7750.9
330600,2023,7750.9
330600,2024,7750.9
330600,2025,7750.9
330600,2026,7750.9
330600,2027,7750.9
330600,2028,7750.9
330600,2029,7750.9
330600,2030,7750.9
330600,2031,7750.9
330600,2032,7750.9
330600,2033,7750.9
330600,2034,7750.9
330600,2035,7750.9
330600,2036,7750.9
330600,2037,7750.9
330600,2038,7750.9
330600,2039,7750.9
330600,2040,7750.9
330600,2041,7750.9
330600,2042,7750.9
330600,2043,7750.9
330600,2044,7750.9
330600,2045,7750.9
330630,2010,11082.7
330630,2011,11242.3
330630,2012,11404.2
330630,2013,11568.4
330630,2014,11735.0
330630,2015,11903.9
330630,2016,12075.3
330630,2017,12249.2
330630,2018,12425.6
330630,2019,12604.5
330630,2020,12786.0
330630,2021,12786.0
330630,2022,12786.0
330630,2023,12786.0
330630,2024,12786.0
330630,2025,12786.0
330630,2026,12786.0
330630,2027,12786.0
330630,2028,12786.0
330630,2029,12786.0
330630,2030,12786.0
330630,2031,12786.0
330630,2032,12786.0
330630,2033,12786.0
330630,2034,12786.0
330630,2035,12786.0
330630,2036,12786.0
330630,2037,12786.0
330630,2038,12786.0
330630,2039,12786.0
330630,2040,12786.0
330630,2041,12786.0
330630,2042,12786.0
330630,2043,12786.0
330630,2044,12786.0
330630,2045,12786.0
350075,2010,587.6
350075,2011,603.5
350075,2012,619.8
350075,2013,636.7
350075,2014,653.9
350075,2015,671.6
350075,2016,689.8
350075,2017,708.5
350075,2018,727.8
350075,2019,747.5
350075,2020,767.7
350075,2021,767.7
350075,2022,767.7
350075,2023,767.7
350075,2024,767.7
350075,2025,767.7
350075,2026,767.7
350075,2027,767.7
350075,2028,767.7
350075,2029,767.7
350075,2030,767.7
350075,2031,767.7
350075,2032,767.7
350075,2033,767.7
350075,2034,767.7
350075,2035,767.7
350075,2036,767.7
350075,2037,767.7
350075,2038,767.7
350075,2039,767.7
350075,2040,767.7
350075,2041,767.7
350075,2042,767.7
350075,2043,767.7
350075,2044,767.7
350075,2045,767.7
350080,2010,282.0
350080,2011,289.9
350080,2012,297.9
350080,2013,306.2
350080,2014,314.8
350080,2015,323.5
350080,2016,332.5
350080,2017,341.8
350080,2018,351.3
350080,2019,361.1
350080,2020,371.1
350080,2021,371.1
350080,2022,371.1
350080,2023,371.1
350080,2024,371.1
350080,2025,371.1
350080,2026,371.1
350080,2027,371.1
350080,2028,371.1
350080,2029,371.1
350080,2030,371.1
350080,2031,371.1
350080,2032,371.1
350080,2033,371.1
350080,2034,371.1
350080,2035,371.1
350080,2036,371.1
350080,2037,371.1
350080,2038,371.1
350080,2039,371.1
350080,2040,371.1
350080,2041,371.1
350080,2042,371.1
350080,2043,371.1
350080,2044,371.1
350080,2045,371.1
350115,2010,300.3
350115,2011,309.4
350115,2012,318.7
350115,2013,328.3
350115,2014,338.3
350115,2015,348.5
350115,2016,359.0
350115,2017,369.8
350115,2018,381.0
350115,2019,392.5
350115,2020,404.3
350115,2021,404.3
350115,2022,404.3
350115,2023,404.3
350115,2024,404.3
350115,2025,404.3
350115,2026,404.3
350115,2027,404.3
350115,2028,404.3
350115,2029,404.3
350115,2030,404.3
350115,2031,404.3
350115,2032,404.3
350115,2033,404.3
350115,2034,404.3
350115,2035,404.3
350115,2036,404.3
350115,2037,404.3
350115,2038,404.3
350115,2039,404.3
350115,2040,404.3
350115,2041,404.3
350115,2042,404.3
350115,2043,404.3
350115,2044,404.3
350115,2045,404.3
350130,2010,911.4
350130,2011,936.7
350130,2012,962.8
350130,2013,989.6
350130,2014,1017.1
350130,2015,1045.4
350130,2016,1074.5
350130,2017,1104.4
350130,2018,1135.2
350130,2019,1166.8
350130,2020,1199.2
350130,2021,1199.2
350130,2022,1199.2
350130,2023,1199.2
350130,2024,1199.2
350130,2025,1199.2
350130,2026,1199.2
350130,2027,1199.2
350130,2028,1199.2
350130,2029,1199.2
350130,2030,1199.2
350130,2031,1199.2
350130,2032,1199.2
350130,2033,1199.2
350130,2034,1199.2
350130,2035,1199.2
350130,2036,1199.2
350130,2037,1199.2
350130,2038,1199.2
350130,2039,1199.2
350130,2040,1199.2
350130,2041,1199.2
350130,2042,1199.2
350130,2043,1199.2
350130,2044,1199.2
350130,2045,1199.2
350160,2010,5831.2
350160,2011,5894.4
350160,2012,5958.3
350160,2013,6022.8
350160,2014,6088.1
350160,2015,6154.0
350160,2016,6220.7
350160,2017,6288.1
350160,2018,6356.2
350160,2019,6425.1
350160,2020,6494.7
350160,2021,6494.7
350160,2022,6494.7
350160,2023,6494.7
350160,2024,6494.7
350160,2025,6494.7
350160,2026,6494.7
350160,2027,6494.7
350160,2028,6494.7
350160,2029,6494.7
350160,2030,6494.7
350160,2031,6494.7
350160,2032,6494.7
350160,2033,6494.7
350160,2034,6494.7
350160,2035,6494.7
350160,2036,6494.7
350160,2037,6494.7
350160,2038,6494.7
350160,2039,6494.7
350160,2040,6494.7
350160,2041,6494.7
350160,2042,6494.7
350160,2043,6494.7
350160,2044,6494.7
350160,2045,6494.7
350170,2010,462.2
350170,2011,475.7
350170,2012,489.5
350170,2013,503.7
350170,2014,518.3
350170,2015,533.4
350170,2016,548.9
350170,2017,564.9
350170,2018,581.3
350170,2019,598.2
350170,2020,615.6
350170,2021,615.6
350170,2022,615.6
350170,2023,615.6
350170,2024,615.6
350170,2025,615.6
350170,2026,615.6
350170,2027,615.6
350170,2028,615.6
350170,2029,615.6
350170,2030,615.6
350170,2031,615.6
350170,2032,615.6
350170,2033,615.6
350170,2034,615.6
350170,2035,615.6
350170,2036,615.6
350170,2037,615.6
350170,2038,615.6
350170,2039,615.6
350170,2040,615.6
350170,2041,615.6
350170,2042,615.6
350170,2043,615.6
350170,2044,615.6
350170,2045,615.6
350240,2010,248.1
350240,2011,255.0
350240,2012,262.1
350240,2013,269.4
350240,2014,276.9
350240,2015,284.6
350240,2016,292.5
350240,2017,300.6
350240,2018,309.0
350240,2019,317.6
350240,2020,326.4
350240,2021,326.4
350240,2022,326.4
350240,2023,326.4
350240,2024,326.4
350240,2025,326.4
350240,2026,326.4
350240,2027,326.4
350240,2028,326.4
350240,2029,326.4
350240,2030,326.4
350240,2031,326.4
350240,2032,326.4
350240,2033,326.4
350240,2034,326.4
350240,2035,326.4
350240,2036,326.4
350240,2037,326.4
350240,2038,326.4
350240,2039,326.4
350240,2040,326.4
350240,2041,326.4
350240,2042,326.4
350240,2043,326.4
350240,2044,326.4
350240,2045,326.4
350250,2010,1689.6
350250,2011,1728.9
350250,2012,1769.1
350250,2013,1810.2
350250,2014,1852.3
350250,2015,1895.3
350250,2016,1939.4
350250,2017,1984.5
350250,2018,2030.7
350250,2019,2077.9
350250,2020,2126.2
350250,2021,2126.2
350250,2022,2126.2
350250,2023,2126.2
350250,2024,2126.2
350250,2025,2126.2
350250,2026,2126.2
350250,2027,2126.2
350250,2028,2126.2
350250,2029,2126.2
350250,2030,2126.2
350250,2031,2126.2
350250,2032,2126.2
350250,2033,2126.2
350250,2034,2126.2
350250,2035,2126.2
350250,2036,2126.2
350250,2037,2126.2
350250,2038,2126.2
350250,2039,2126.2
350250,2040,2126.2
350250,2041,2126.2
350250,2042,2126.2
350250,2043,2126.2
350250,2044,2126.2
350250,2045,2126.2
350280,2010,8197.2
350280,2011,8366.8
350280,2012,8540.0
350280,2013,8716.8
350280,2014,8897.3
350280,2015,9081.4
350280,2016,9269.4
350280,2017,9461.3
350280,2018,9657.1
350280,2019,9857.0
350280,2020,10061.1
350280,2021,10061.1
350280,2022,10061.1
350280,2023,10061.1
350280,2024,10061.1
350280,2025,10061.1
350280,2026,10061.1
350280,2027,10061.1
350280,2028,10061.1
350280,2029,10061.1
350280,2030,10061.1
350280,2031,10061.1
350280,2032,10061.1
350280,2033,10061.1
350280,2034,10061.1
350280,2035,10061.1
350280,2036,10061.1
350280,2037,10061.1
350280,2038,10061.1
350280,2039,10061.1
350280,2040,10061.1
350280,2041,10061.1
350280,2042,10061.1
350280,2043,10061.1
350280,2044,10061.1
350280,2045,10061.1
350290,2010,1026.3
350290,2011,1057.3
350290,2012,1089.2
350290,2013,1122.1
350290,2014,1155.9
350290,2015,1190.8
350290,2016,1226.8
350290,2017,1263.8
350290,2018,1302.0
350290,2019,1341.3
350290,2020,1381.8
350290,2021,1381.8
350290,2022,1381.8
350290,2023,1381.8
350290,2024,1381.8
350290,2025,1381.8
350290,2026,1381.8
350290,2027,1381.8
350290,2028,1381.8
350290,2029,1381.8
350290,2030,1381.8
350290,2031,1381.8
350290,2032,1381.8
350290,2033,1381.8
350290,2034,1381.8
350290,2035,1381.8
350290,2036,1381.8
350290,2037,1381.8
350290,2038,1381.8
350290,2039,1381.8
350290,2040,1381.8
350290,2041,1381.8
350290,2042,1381.8
350290,2043,1381.8
350290,2044,1381.8
350290,2045,1381.8
350320,2010,10939.1
350320,2011,11257.1
350320,2012,11584.3
350320,2013,11921.0
350320,2014,12267.6
350320,2015,12624.1
350320,2016,12991.1
350320,2017,13368.7
350320,2018,13757.3
350320,2019,14157.2
350320,2020,14568.7
350320,2021,14568.7
350320,2022,14568.7
350320,2023,14568.7
350320,2024,14568.7
350320,2025,14568.7
350320,2026,14568.7
350320,2027,14568.7
350320,2028,14568.7
350320,2029,14568.7
350320,2030,14568.7
350320,2031,14568.7
350320,2032,14568.7
350320,2033,14568.7
350320,2034,14568.7
350320,2035,14568.7
350320,2036,14568.7
350320,2037,14568.7
350320,2038,14568.7
350320,2039,14568.7
350320,2040,14568.7
350320,2041,14568.7
350320,2042,14568.7
350320,2043,14568.7
350320,2044,14568.7
350320,2045,14568.7
350330,2010,3483.6
350330,2011,3568.1
350330,2012,3654.7
350330,2013,3743.4
350330,2014,3834.2
350330,2015,3927.2
350330,2016,4022.5
350330,2017,4120.1
350330,2018,4220.0
350330,2019,4322.4
350330,2020,4427.3
350330,2021,4427.3
350330,2022,4427.3
350330,2023,4427.3
350330,2024,4427.3
350330,2025,4427.3
350330,2026,4427.3
350330,2027,4427.3
350330,2028,4427.3
350330,2029,4427.3
350330,2030,4427.3
350330,2031,4427.3
350330,2032,4427.3
350330,2033,4427.3
350330,2034,4427.3
350330,2035,4427.3
350330,2036,4427.3
350330,2037,4427.3
350330,2038,4427.3
350330,2039,4427.3
350330,2040,4427.3
350330,2041,4427.3
350330,2042,4427.3
350330,2043,4427.3
350330,2044,4427.3
350330,2045,4427.3
350390,2010,2151.8
350390,2011,2160.5
350390,2012,2169.3
350390,2013,2178.1
350390,2014,2186.9
350390,2015,2195.7
350390,2016,2204.6
350390,2017,2213.6
350390,2018,2222.5
350390,2019,2231.5
350390,2020,2240.6
350390,2021,2240.6
350390,2022,2240.6
350390,2023,2240.6
350390,2024,2240.6
350390,2025,2240.6
350390,2026,2240.6
350390,2027,2240.6
350390,2028,2240.6
350390,2029,2240.6
350390,2030,2240.6
350390,2031,2240.6
350390,2032,2240.6
350390,2033,2240.6
350390,2034,2240.6
350390,2035,2240.6
350390,2036,2240.6
350390,2037,2240.6
350390,2038,2240.6
350390,2039,2240.6
350390,2040,2240.6
350390,2041,2240.6
350390,2042,2240.6
350390,2043,2240.6
350390,2044,2240.6
350390,2045,2240.6
350410,2010,3138.9
350410,2011,3252.4
350410,2012,3370.0
350410,2013,3491.8
350410,2014,3618.1
350410,2015,3748.9
350410,2016,3884.4
350410,2017,4024.8
350410,2018,4170.4
350410,2019,4321.1
350410,2020,4477.4
350410,2021,4477.4
350410,2022,4477.4
350410,2023,4477.4
350410,2024,4477.4
350410,2025,4477.4
350410,2026,4477.4
350410,2027,4477.4
350410,2028,4477.4
350410,2029,4477.4
350410,2030,4477.4
350410,2031,4477.4
350410,2032,4477.4
350410,2033,4477.4
350410,2034,4477.4
350410,2035,4477.4
350410,2036,4477.4
350410,2037,4477.4
350410,2038,4477.4
350410,2039,4477.4
350410,2040,4477.4
350410,2041,4477.4
350410,2042,4477.4
350410,2043,4477.4
350410,2044,4477.4
350410,2045,4477.4
350460,2010,786.0
350460,2011,809.4
350460,2012,833.4
350460,2013,858.1
350460,2014,883.6
350460,2015,909.9
350460,2016,936.9
350460,2017,964.7
350460,2018,993.3
350460,2019,1022.8
350460,2020,1053.2
350460,2021,1053.2
350460,2022,1053.2
350460,2023,1053.2
350460,2024,1053.2
350460,2025,1053.2
350460,2026,1053.2
350460,2027,1053.2
350460,2028,1053.2
350460,2029,1053.2
350460,2030,1053.2
350460,2031,1053.2
350460,2032,1053.2
350460,2033,1053.2
350460,2034,1053.2
350460,2035,1053.2
350460,2036,1053.2
350460,2037,1053.2
350460,2038,1053.2
350460,2039,1053.2
350460,2040,1053.2
350460,2041,1053.2
350460,2042,1053.2
350460,2043,1053.2
350460,2044,1053.2
350460,2045,1053.2
350480,2010,156.7
350480,2011,161.3
350480,2012,166.1
350480,2013,171.1
350480,2014,176.1
350480,2015,181.4
350480,2016,186.8
350480,2017,192.3
350480,2018,198.0
350480,2019,203.9
350480,2020,209.9
350480,2021,209.9
350480,2022,209.9
350480,2023,209.9
350480,2024,209.9
350480,2025,209.9
350480,2026,209.9
350480,2027,209.9
350480,2028,209.9
350480,2029,209.9
350480,2030,209.9
350480,2031,209.9
350480,2032,209.9
350480,2033,209.9
350480,2034,209.9
350480,2035,209.9
350480,2036,209.9
350480,2037,209.9
350480,2038,209.9
350480,2039,209.9
350480,2040,209.9
350480,2041,209.9
350480,2042,209.9
350480,2043,209.9
350480,2044,209.9
350480,2045,209.9
350550,2010,5938.3
350550,2011,6128.3
350550,2012,6324.4
350550,2013,6526.8
350550,2014,6735.6
350550,2015,6951.1
350550,2016,7173.5
350550,2017,7403.0
350550,2018,7639.9
350550,2019,7884.4
350550,2020,8136.6
350550,2021,8136.6
350550,2022,8136.6
350550,2023,8136.6
350550,2024,8136.6
350550,2025,8136.6
350550,2026,8136.6
350550,2027,8136.6
350550,2028,8136.6
350550,2029,8136.6
350550,2030,8136.6
350550,2031,8136.6
350550,2032,8136.6
350550,2033,8136.6
350550,2034,8136.6
350550,2035,8136.6
350550,2036,8136.6
350550,2037,8136.6
350550,2038,8136.6
350550,2039,8136.6
350550,2040,8136.6
350550,2041,8136.6
350550,2042,8136.6
350550,2043,8136.6
350550,2044,8136.6
350550,2045,8136.6
350570,2010,10301.9
350570,2011,10343.7
350570,2012,10385.6
350570,2013,10427.7
350570,2014,10469.9
350570,2015,10512.4
350570,2016,10555.0
350570,2017,10597.7
350570,2018,10640.7
350570,2019,10683.8
350570,2020,10727.1
350570,2021,10727.1
350570,2022,10727.1
350570,2023,10727.1
350570,2024,10727.1
350570,2025,10727.1
350570,2026,10727.1
350570,2027,10727.1
350570,2028,10727.1
350570,2029,10727.1
350570,2030,10727.1
350570,2031,10727.1
350570,2032,10727.1
350570,2033,10727.1
350570,2034,10727.1
350570,2035,10727.1
350570,2036,10727.1
350570,2037,10727.1
350570,2038,10727.1
350570,2039,10727.1
350570,2040,10727.1
350570,2041,10727.1
350570,2042,10727.1
350570,2043,10727.1
350570,2044,10727.1
350570,2045,10727.1
350600,2010,24834.3
350600,2011,25319.7
350600,2012,25814.5
350600,2013,26319.0
350600,2014,26833.3
350600,2015,27357.7
350600,2016,27892.4
350600,2017,28437.5
350600,2018,28993.2
350600,2019,29559.9
350600,2020,30137.5
350600,2021,30137.5
350600,2022,30137.5
350600,2023,30137.5
350600,2024,30137.5
350600,2025,30137.5
350600,2026,30137.5
350600,2027,30137.5
350600,2028,30137.5
350600,2029,30137.5
350600,2030,30137.5
350600,2031,30137.5
350600,2032,30137.5
350600,2033,30137.5
350600,2034,30137.5
350600,2035,30137.5
350600,2036,30137.5
350600,2037,30137.5
350600,2038,30137.5
350600,2039,30137.5
350600,2040,30137.5
350600,2041,30137.5
350600,2042,30137.5
350600,2043,30137.5
350600,2044,30137.5
350600,2045,30137.5
350650,2010,5857.3
350650,2011,5935.2
350650,2012,6014.1
350650,2013,6094.0
350650,2014,6175.0
350650,2015,6257.0
350650,2016,6340.2
350650,2017,6424.4
350650,2018,6509.8
350650,2019,6596.3
350650,2020,6684.0
350650,2021,6684.0
350650,2022,6684.0
350650,2023,6684.0
350650,2024,6684.0
350650,2025,6684.0
350650,2026,6684.0
350650,2027,6684.0
350650,2028,6684.0
350650,2029,6684.0
350650,2030,6684.0
350650,2031,6684.0
350650,2032,6684.0
350650,2033,6684.0
350650,2034,6684.0
350650,2035,6684.0
350650,2036,6684.0
350650,2037,6684.0
350650,2038,6684.0
350650,2039,6684.0
350650,2040,6684.0
350650,2041,6684.0
350650,2042,6684.0
350650,2043,6684.0
350650,2044,6684.0
350650,2045,6684.0
350660,2010,1438.9
350660,2011,1444.7
350660,2012,1450.6
350660,2013,1456.4
350660,2014,1462.3
350660,2015,1468.3
350660,2016,1474.2
350660,2017,1480.2
350660,2018,1486.2
350660,2019,1492.2
350660,2020,1498.3
350660,2021,1498.3
350660,2022,1498.3
350660,2023,1498.3
350660,2024,1498.3
350660,2025,1498.3
350660,2026,1498.3
350660,2027,1498.3
350660,2028,1498.3
350660,2029,1498.3
350660,2030,1498.3
350660,2031,1498.3
350660,2032,1498.3
350660,2033,1498.3
350660,2034,1498.3
350660,2035,1498.3
350660,2036,1498.3
350660,2037,1498.3
350660,2038,1498.3
350660,2039,1498.3
350660,2040,1498.3
350660,2041,1498.3
350660,2042,1498.3
350660,2043,1498.3
350660,2044,1498.3
350660,2045,1498.3
350710,2010,658.1
350710,2011,681.9
350710,2012,706.5
350710,2013,732.1
350710,2014,758.5
350710,2015,786.0
350710,2016,814.4
350710,2017,843.8
350710,2018,874.3
350710,2019,905.9
350710,2020,938.7
350710,2021,938.7
350710,2022,938.7
350710,2023,938.7
350710,2024,938.7
350710,2025,938.7
350710,2026,938.7
350710,2027,938.7
350710,2028,938.7
350710,2029,938.7
350710,2030,938.7
350710,2031,938.7
350710,2032,938.7
350710,2033,938.7
350710,2034,938.7
350710,2035,938.7
350710,2036,938.7
350710,2037,938.7
350710,2038,938.7
350710,2039,938.7
350710,2040,938.7
350710,2041,938.7
350710,2042,938.7
350710,2043,938.7
350710,2044,938.7
350710,2045,938.7
350750,2010,9330.5
350750,2011,9478.6
350750,2012,9629.0
350750,2013,9781.8
350750,2014,9937.0
350750,2015,10094.7
350750,2016,10254.9
350750,2017,10417.7
350750,2018,10583.0
350750,2019,10750.9
350750,2020,10921.5
350750,2021,10921.5
350750,2022,10921.5
350750,2023,10921.5
350750,2024,10921.5
350750,2025,10921.5
350750,2026,10921.5
350750,2027,10921.5
350750,2028,10921.5
350750,2029,10921.5
350750,2030,10921.5
350750,2031,10921.5
350750,2032,10921.5
350750,2033,10921.5
350750,2034,10921.5
350750,2035,10921.5
350750,2036,10921.5
350750,2037,10921.5
350750,2038,10921.5
350750,2039,10921.5
350750,2040,10921.5
350750,2041,10921.5
350750,2042,10921.5
350750,2043,10921.5
350750,2044,10921.5
350750,2045,10921.5
350760,2010,2977.0
350760,2011,3056.8
350760,2012,3138.8
350760,2013,3223.0
350760,2014,3309.5
350760,2015,3398.3
350760,2016,3489.4
350760,2017,3583.0
350760,2018,3679.1
350760,2019,3777.8
350760,2020,3879.2
350760,2021,3879.2
350760,2022,3879.2
350760,2023,3879.2
350760,2024,3879.2
350760,2025,3879.2
350760,2026,3879.2
350760,2027,3879.2
350760,2028,3879.2
350760,2029,3879.2
350760,2030,3879.2
350760,2031,3879.2
350760,2032,3879.2
350760,2033,3879.2
350760,2034,3879.2
350760,2035,3879.2
350760,2036,3879.2
350760,2037,3879.2
350760,2038,3879.2
350760,2039,3879.2
350760,2040,3879.2
350760,2041,3879.2
350760,2042,3879.2
350760,2043,3879.2
350760,2044,3879.2
350760,2045,3879.2
350770,2010,156.7
350770,2011,158.8
350770,2012,160.9
350770,2013,163.0
350770,2014,165.2
350770,2015,167.4
350770,2016,169.6
350770,2017,171.9
350770,2018,174.1
350770,2019,176.5
350770,2020,178.8
350770,2021,178.8
350770,2022,178.8
350770,2023,178.8
350770,2024,178.8
350770,2025,178.8
350770,2026,178.8
350770,2027,178.8
350770,2028,178.8
350770,2029,178.8
350770,2030,178.8
350770,2031,178.8
350770,2032,178.8
350770,2033,178.8
350770,2034,178.8
350770,2035,178.8
350770,2036,178.8
350770,2037,178.8
350770,2038,178.8
350770,2039,178.8
350770,2040,178.8
350770,2041,178.8
350770,2042,178.8
350770,2043,178.8
350770,2044,178.8
350770,2045,178.8
350775,2010,28.7
350775,2011,29.1
350775,2012,29.5
350775,2013,29.9
350775,2014,30.3
350775,2015,30.7
350775,2016,31.1
350775,2017,31.5
350775,2018,31.9
350775,2019,32.3
350775,2020,32.8
350775,2021,32.8
350775,2022,32.8
350775,2023,32.8
350775,2024,32.8
350775,2025,32.8
350775,2026,32.8
350775,2027,32.8
350775,2028,32.8
350775,2029,32.8
350775,2030,32.8
350775,2031,32.8
350775,2032,32.8
350775,2033,32.8
350775,2034,32.8
350775,2035,32.8
350775,2036,32.8
350775,2037,32.8
350775,2038,32.8
350775,2039,32.8
350775,2040,32.8
350775,2041,32.8
350775,2042,32.8
350775,2043,32.8
350775,2044,32.8
350775,2045,32.8
350780,2010,459.6
350780,2011,465.1
350780,2012,470.7
350780,2013,476.3
350780,2014,482.0
350780,2015,487.8
350780,2016,493.6
350780,2017,499.5
350780,2018,505.5
350780,2019,511.6
350780,2020,517.7
350780,2021,517.7
350780,2022,517.7
350780,2023,517.7
350780,2024,517.7
350780,2025,517.7
350780,2026,517.7
350780,2027,517.7
350780,2028,517.7
350780,2029,517.7
350780,2030,517.7
350780,2031,517.7
350780,2032,517.7
350780,2033,517.7
350780,2034,517.7
350780,2035,517.7
350780,2036,517.7
350780,2037,517.7
350780,2038,517.7
350780,2039,517.7
350780,2040,517.7
350780,2041,517.7
350780,2042,517.7
350780,2043,517.7
350780,2044,517.7
350780,2045,517.7
350840,2010,527.5
350840,2011,539.7
350840,2012,552.2
350840,2013,565.1
350840,2014,578.2
350840,2015,591.6
350840,2016,605.3
350840,2017,619.3
350840,2018,633.7
350840,2019,648.4
350840,2020,663.4
350840,2021,663.4
350840,2022,663.4
350840,2023,663.4
350840,2024,663.4
350840,2025,663.4
350840,2026,663.4
350840,2027,663.4
350840,2028,663.4
350840,2029,663.4
350840,2030,663.4
350840,2031,663.4
350840,2032,663.4
350840,2033,663.4
350840,2034,663.4
350840,2035,663.4
350840,2036,663.4
350840,2037,663.4
350840,2038,663.4
350840,2039,663.4
350840,2040,663.4
350840,2041,663.4
350840,2042,663.4
350840,2043,663.4
350840,2044,663.4
350840,2045,663.4
350850,2010,3287.7
350850,2011,3335.4
350850,2012,3383.8
350850,2013,3432.8
350850,2014,3482.6
350850,2015,3533.1
350850,2016,3584.3
350850,2017,3636.3
350850,2018,3689.0
350850,2019,3742.5
350850,2020,3796.7
350850,2021,3796.7
350850,2022,3796.7
350850,2023,3796.7
350850,2024,3796.7
350850,2025,3796.7
350850,2026,3796.7
350850,2027,3796.7
350850,2028,3796.7
350850,2029,3796.7
350850,2030,3796.7
350850,2031,3796.7
350850,2032,3796.7
350850,2033,3796.7
350850,2034,3796.7
350850,2035,3796.7
350850,2036,3796.7
350850,2037,3796.7
350850,2038,3796.7
350850,2039,3796.7
350850,2040,3796.7
350850,2041,3796.7
350850,2042,3796.7
350850,2043,3796.7
350850,2044,3796.7
350850,2045,3796.7
350890,2010,83.6
350890,2011,85.9
350890,2012,88.3
350890,2013,90.7
350890,2014,93.3
350890,2015,95.9
350890,2016,98.5
350890,2017,101.3
350890,2018,104.1
350890,2019,107.0
350890,2020,110.0
350890,2021,110.0
350890,2022,110.0
350890,2023,110.0
350890,2024,110.0
350890,2025,110.0
350890,2026,110.0
350890,2027,110.0
350890,2028,110.0
350890,2029,110.0
350890,2030,110.0
350890,2031,110.0
350890,2032,110.0
350890,2033,110.0
350890,2034,110.0
350890,2035,110.0
350890,2036,110.0
350890,2037,110.0
350890,2038,110.0
350890,2039,110.0
350890,2040,110.0
350890,2041,110.0
350890,2042,110.0
350890,2043,110.0
350890,2044,110.0
350890,2045,110.0
350900,2010,5384.7
350900,2011,5406.5
350900,2012,5428.4
350900,2013,5450.4
350900,2014,5472.5
350900,2015,5494.7
350900,2016,5516.9
350900,2017,5539.3
350900,2018,5561.7
350900,2019,5584.3
350900,2020,5606.9
350900,2021,5606.9
350900,2022,5606.9
350900,2023,5606.9
350900,2024,5606.9
350900,2025,5606.9
350900,2026,5606.9
350900,2027,5606.9
350900,2028,5606.9
350900,2029,5606.9
350900,2030,5606.9
350900,2031,5606.9
350900,2032,5606.9
350900,2033,5606.9
350900,2034,5606.9
350900,2035,5606.9
350900,2036,5606.9
350900,2037,5606.9
350900,2038,5606.9
350900,2039,5606.9
350900,2040,5606.9
350900,2041,5606.9
350900,2042,5606.9
350900,2043,5606.9
350900,2044,5606.9
350900,2045,5606.9
350920,2010,1679.1
350920,2011,1685.9
350920,2012,1692.8
350920,2013,1699.6
350920,2014,1706.5
350920,2015,1713.4
350920,2016,1720.4
350920,2017,1727.3
350920,2018,1734.3
350920,2019,1741.4
350920,2020,1748.4
350920,2021,1748.4
350920,2022,1748.4
350920,2023,1748.4
350920,2024,1748.4
350920,2025,1748.4
350920,2026,1748.4
350920,2027,1748.4
350920,2028,1748.4
350920,2029,1748.4
350920,2030,1748.4
350920,2031,1748.4
350920,2032,1748.4
350920,2033,1748.4
350920,2034,1748.4
350920,2035,1748.4
350920,2036,1748.4
350920,2037,1748.4
350920,2038,1748.4
350920,2039,1748.4
350920,2040,1748.4
350920,2041,1748.4
350920,2042,1748.4
350920,2043,1748.4
350920,2044,1748.4
350920,2045,1748.4
350950,2010,50593.1
350950,2011,51362.8
350950,2012,52144.2
350950,2013,52937.4
350950,2014,53742.8
350950,2015,54560.4
350950,2016,55390.4
350950,2017,56233.1
350950,2018,57088.6
350950,2019,57957.1
350950,2020,58838.8
350950,2021,58838.8
350950,2022,58838.8
350950,2023,58838.8
350950,2024,58838.8
350950,2025,58838.8
350950,2026,58838.8
350950,2027,58838.8
350950,2028,58838.8
350950,2029,58838.8
350950,2030,58838.8
350950,2031,58838.8
350950,2032,58838.8
350950,2033,58838.8
350950,2034,58838.8
350950,2035,58838.8
350950,2036,58838.8
350950,2037,58838.8
350950,2038,58838.8
350950,2039,58838.8
350950,2040,58838.8
350950,2041,58838.8
350950,2042,58838.8
350950,2043,58838.8
350950,2044,58838.8
350950,2045,58838.8
350960,2010,2799.4
350960,2011,2864.3
350960,2012,2930.7
350960,2013,2998.7
350960,2014,3068.2
350960,2015,3139.4
350960,2016,3212.2
350960,2017,3286.7
350960,2018,3362.9
350960,2019,3440.9
350960,2020,3520.6
350960,2021,3520.6
350960,2022,3520.6
350960,2023,3520.6
350960,2024,3520.6
350960,2025,3520.6
350960,2026,3520.6
350960,2027,3520.6
350960,2028,3520.6
350960,2029,3520.6
350960,2030,3520.6
350960,2031,3520.6
350960,2032,3520.6
350960,2033,3520.6
350960,2034,3520.6
350960,2035,3520.6
350960,2036,3520.6
350960,2037,3520.6
350960,2038,3520.6
350960,2039,3520.6
350960,2040,3520.6
350960,2041,3520.6
350960,2042,3520.6
350960,2043,3520.6
350960,2044,3520.6
350960,2045,3520.6
351015,2010,7.8
351015,2011,7.6
351015,2012,7.5
351015,2013,7.3
351015,2014,7.1
351015,2015,6.9
351015,2016,6.8
351015,2017,6.6
351015,2018,6.5
351015,2019,6.3
351015,2020,6.2
351015,2021,6.2
351015,2022,6.2
351015,2023,6.2
351015,2024,6.2
351015,2025,6.2
351015,2026,6.2
351015,2027,6.2
351015,2028,6.2
351015,2029,6.2
351015,2030,6.2
351015,2031,6.2
351015,2032,6.2
351015,2033,6.2
351015,2034,6.2
351015,2035,6.2
351015,2036,6.2
351015,2037,6.2
351015,2038,6.2
351015,2039,6.2
351015,2040,6.2
351015,2041,6.2
351015,2042,6.2
351015,2043,6.2
351015,2044,6.2
351015,2045,6.2
351050,2010,6142.0
351050,2011,6394.6
351050,2012,6657.5
351050,2013,6931.3
351050,2014,7216.3
351050,2015,7513.0
351050,2016,7821.9
351050,2017,8143.6
351050,2018,8478.4
351050,2019,8827.1
351050,2020,9190.0
351050,2021,9190.0
351050,2022,9190.0
351050,2023,9190.0
351050,2024,9190.0
351050,2025,9190.0
351050,2026,9190.0
351050,2027,9190.0
351050,2028,9190.0
351050,2029,9190.0
351050,2030,9190.0
351050,2031,9190.0
351050,2032,9190.0
351050,2033,9190.0
351050,2034,9190.0
351050,2035,9190.0
351050,2036,9190.0
351050,2037,9190.0
351050,2038,9190.0
351050,2039,9190.0
351050,2040,9190.0
351050,2041,9190.0
351050,2042,9190.0
351050,2043,9190.0
351050,2044,9190.0
351050,2045,9190.0
351060,2010,9753.5
351060,2011,9793.1
351060,2012,9832.8
351060,2013,9872.6
351060,2014,9912.6
351060,2015,9952.8
351060,2016,9993.1
351060,2017,10033.6
351060,2018,10074.3
351060,2019,10115.1
351060,2020,10156.1
351060,2021,10156.1
351060,2022,10156.1
351060,2023,10156.1
351060,2024,10156.1
351060,2025,10156.1
351060,2026,10156.1
351060,2027,10156.1
351060,2028,10156.1
351060,2029,10156.1
351060,2030,10156.1
351060,2031,10156.1
351060,2032,10156.1
351060,2033,10156.1
351060,2034,10156.1
351060,2035,10156.1
351060,2036,10156.1
351060,2037,10156.1
351060,2038,10156.1
351060,2039,10156.1
351060,2040,10156.1
351060,2041,10156.1
351060,2042,10156.1
351060,2043,10156.1
351060,2044,10156.1
351060,2045,10156.1
351110,2010,5977.5
351110,2011,6248.3
351110,2012,6531.4
351110,2013,6827.3
351110,2014,7136.6
351110,2015,7459.9
351110,2016,7797.9
351110,2017,8151.2
351110,2018,8520.5
351110,2019,8906.5
351110,2020,9310.0
351110,2021,9310.0
351110,2022,9310.0
351110,2023,9310.0
351110,2024,9310.0
351110,2025,9310.0
351110,2026,9310.0
351110,2027,9310.0
351110,2028,9310.0
351110,2029,9310.0
351110,2030,9310.0
351110,2031,9310.0
351110,2032,9310.0
351110,2033,9310.0
351110,2034,9310.0
351110,2035,9310.0
351110,2036,9310.0
351110,2037,9310.0
351110,2038,9310.0
351110,2039,9310.0
351110,2040,9310.0
351110,2041,9310.0
351110,2042,9310.0
351110,2043,9310.0
351110,2044,9310.0
351110,2045,9310.0
351120,2010,211.5
351120,2011,221.1
351120,2012,231.1
351120,2013,241.6
351120,2014,252.5
351120,2015,264.0
351120,2016,275.9
351120,2017,288.4
351120,2018,301.5
351120,2019,315.2
351120,2020,329.4
351120,2021,329.4
351120,2022,329.4
351120,2023,329.4
351120,2024,329.4
351120,2025,329.4
351120,2026,329.4
351120,2027,329.4
351120,2028,329.4
351120,2029,329.4
351120,2030,329.4
351120,2031,329.4
351120,2032,329.4
351120,2033,329.4
351120,2034,329.4
351120,2035,329.4
351120,2036,329.4
351120,2037,329.4
351120,2038,329.4
351120,2039,329.4
351120,2040,329.4
351120,2041,329.4
351120,2042,329.4
351120,2043,329.4
351120,2044,329.4
351120,2045,329.4
351130,2010,203.7
351130,2011,209.7
351130,2012,216.0
351130,2013,222.4
351130,2014,229.0
351130,2015,235.8
351130,2016,242.8
351130,2017,250.0
351130,2018,257.4
351130,2019,265.1
351130,2020,272.9
351130,2021,272.9
351130,2022,272.9
351130,2023,272.9
351130,2024,272.9
351130,2025,272.9
351130,2026,272.9
351130,2027,272.9
351130,2028,272.9
351130,2029,272.9
351130,2030,272.9
351130,2031,272.9
351130,2032,272.9
351130,2033,272.9
351130,2034,272.9
351130,2035,272.9
351130,2036,272.9
351130,2037,272.9
351130,2038,272.9
351130,2039,272.9
351130,2040,272.9
351130,2041,272.9
351130,2042,272.9
351130,2043,272.9
351130,2044,272.9
351130,2045,272.9
351170,2010,352.5
351170,2011,358.1
351170,2012,363.8
351170,2013,369.6
351170,2014,375.5
351170,2015,381.5
351170,2016,387.6
351170,2017,393.7
351170,2018,400.0
351170,2019,406.4
351170,2020,412.8
351170,2021,412.8
351170,2022,412.8
351170,2023,412.8
351170,2024,412.8
351170,2025,412.8
351170,2026,412.8
351170,2027,412.8
351170,2028,412.8
351170,2029,412.8
351170,2030,412.8
351170,2031,412.8
351170,2032,412.8
351170,2033,412.8
351170,2034,412.8
351170,2035,412.8
351170,2036,412.8
351170,2037,412.8
351170,2038,412.8
351170,2039,412.8
351170,2040,412.8
351170,2041,412.8
351170,2042,412.8
351170,2043,412.8
351170,2044,412.8
351170,2045,412.8
351250,2010,133.2
351250,2011,135.0
351250,2012,136.7
351250,2013,138.6
351250,2014,140.4
351250,2015,142.3
351250,2016,144.2
351250,2017,146.1
351250,2018,148.0
351250,2019,150.0
351250,2020,152.0
351250,2021,152.0
351250,2022,152.0
351250,2023,152.0
351250,2024,152.0
351250,2025,152.0
351250,2026,152.0
351250,2027,152.0
351250,2028,152.0
351250,2029,152.0
351250,2030,152.0
351250,2031,152.0
351250,2032,152.0
351250,2033,152.0
351250,2034,152.0
351250,2035,152.0
351250,2036,152.0
351250,2037,152.0
351250,2038,152.0
351250,2039,152.0
351250,2040,152.0
351250,2041,152.0
351250,2042,152.0
351250,2043,152.0
351250,2044,152.0
351250,2045,152.0
351280,2010,1133.3
351280,2011,1150.6
351280,2012,1168.1
351280,2013,1185.9
351280,2014,1203.9
351280,2015,1222.2
351280,2016,1240.8
351280,2017,1259.7
351280,2018,1278.9
351280,2019,1298.3
351280,2020,1318.1
351280,2021,1318.1
351280,2022,1318.1
351280,2023,1318.1
351280,2024,1318.1
351280,2025,1318.1
351280,2026,1318.1
351280,2027,1318.1
351280,2028,1318.1
351280,2029,1318.1
351280,2030,1318.1
351280,2031,1318.1
351280,2032,1318.1
351280,2033,1318.1
351280,2034,1318.1
351280,2035,1318.1
351280,2036,1318.1
351280,2037,1318.1
351280,2038,1318.1
351280,2039,1318.1
351280,2040,1318.1
351280,2041,1318.1
351280,2042,1318.1
351280,2043,1318.1
351280,2044,1318.1
351280,2045,1318.1
351300,2010,7536.5
351300,2011,7567.0
351300,2012,7597.7
351300,2013,7628.5
351300,2014,7659.4
351300,2015,7690.4
351300,2016,7721.6
351300,2017,7752.9
351300,2018,7784.3
351300,2019,7815.8
351300,2020,7847.5
351300,2021,7847.5
351300,2022,7847.5
351300,2023,7847.5
351300,2024,7847.5
351300,2025,7847.5
351300,2026,7847.5
351300,2027,7847.5
351300,2028,7847.5
351300,2029,7847.5
351300,2030,7847.5
351300,2031,7847.5
351300,2032,7847.5
351300,2033,7847.5
351300,2034,7847.5
351300,2035,7847.5
351300,2036,7847.5
351300,2037,7847.5
351300,2038,7847.5
351300,2039,7847.5
351300,2040,7847.5
351300,2041,7847.5
351300,2042,7847.5
351300,2043,7847.5
351300,2044,7847.5
351300,2045,7847.5
351310,2010,1653.0
351310,2011,1672.8
351310,2012,1692.8
351310,2013,1713.1
351310,2014,1733.6
351310,2015,1754.3
351310,2016,1775.3
351310,2017,1796.6
351310,2018,1818.1
351310,2019,1839.8
351310,2020,1861.9
351310,2021,1861.9
351310,2022,1861.9
351310,2023,1861.9
351310,2024,1861.9
351310,2025,1861.9
351310,2026,1861.9
351310,2027,1861.9
351310,2028,1861.9
351310,2029,1861.9
351310,2030,1861.9
351310,2031,1861.9
351310,2032,1861.9
351310,2033,1861.9
351310,2034,1861.9
351310,2035,1861.9
351310,2036,1861.9
351310,2037,1861.9
351310,2038,1861.9
351310,2039,1861.9
351310,2040,1861.9
351310,2041,1861.9
351310,2042,1861.9
351310,2043,1861.9
351310,2044,1861.9
351310,2045,1861.9
351320,2010,519.7
351320,2011,535.0
351320,2012,550.7
351320,2013,566.9
351320,2014,583.6
351320,2015,600.8
351320,2016,618.5
351320,2017,636.7
351320,2018,655.5
351320,2019,674.8
351320,2020,694.7
351320,2021,694.7
351320,2022,694.7
351320,2023,694.7
351320,2024,694.7
351320,2025,694.7
351320,2026,694.7
351320,2027,694.7
351320,2028,694.7
351320,2029,694.7
351320,2030,694.7
351320,2031,694.7
351320,2032,694.7
351320,2033,694.7
351320,2034,694.7
351320,2035,694.7
351320,2036,694.7
351320,2037,694.7
351320,2038,694.7
351320,2039,694.7
351320,2040,694.7
351320,2041,694.7
351320,2042,694.7
351320,2043,694.7
351320,2044,694.7
351320,2045,694.7
351350,2010,5003.4
351350,2011,5104.4
351350,2012,5207.4
351350,2013,5312.4
351350,2014,5419.6
351350,2015,5529.0
351350,2016,5640.5
351350,2017,5754.3
351350,2018,5870.4
351350,2019,5988.9
351350,2020,6109.7
351350,2021,6109.7
351350,2022,6109.7
351350,2023,6109.7
351350,2024,6109.7
351350,2025,6109.7
351350,2026,6109.7
351350,2027,6109.7
351350,2028,6109.7
351350,2029,6109.7
351350,2030,6109.7
351350,2031,6109.7
351350,2032,6109.7
351350,2033,6109.7
351350,2034,6109.7
351350,2035,6109.7
351350,2036,6109.7
351350,2037,6109.7
351350,2038,6109.7
351350,2039,6109.7
351350,2040,6109.7
351350,2041,6109.7
351350,2042,6109.7
351350,2043,6109.7
351350,2044,6109.7
351350,2045,6109.7
351380,2010,11202.9
351380,2011,11248.3
351380,2012,11293.8
351380,2013,11339.6
351380,2014,11385.6
351380,2015,11431.7
351380,2016,11478.0
351380,2017,11524.5
351380,2018,11571.2
351380,2019,11618.1
351380,2020,11665.2
351380,2021,11665.2
351380,2022,11665.2
351380,2023,11665.2
351380,2024,11665.2
351380,2025,11665.2
351380,2026,11665.2
351380,2027,11665.2
351380,2028,11665.2
351380,2029,11665.2
351380,2030,11665.2
351380,2031,11665.2
351380,2032,11665.2
351380,2033,11665.2
351380,2034,11665.2
351380,2035,11665.2
351380,2036,11665.2
351380,2037,11665.2
351380,2038,11665.2
351380,2039,11665.2
351380,2040,11665.2
351380,2041,11665.2
351380,2042,11665.2
351380,2043,11665.2
351380,2044,11665.2
351380,2045,11665.2
351492,2010,169.7
351492,2011,177.4
351492,2012,185.5
351492,2013,193.9
351492,2014,202.7
351492,2015,211.8
351492,2016,221.4
351492,2017,231.5
351492,2018,242.0
351492,2019,252.9
351492,2020,264.4
351492,2021,264.4
351492,2022,264.4
351492,2023,264.4
351492,2024,264.4
351492,2025,264.4
351492,2026,264.4
351492,2027,264.4
351492,2028,264.4
351492,2029,264.4
351492,2030,264.4
351492,2031,264.4
351492,2032,264.4
351492,2033,264.4
351492,2034,264.4
351492,2035,264.4
351492,2036,264.4
351492,2037,264.4
351492,2038,264.4
351492,2039,264.4
351492,2040,264.4
351492,2041,264.4
351492,2042,264.4
351492,2043,264.4
351492,2044,264.4
351492,2045,264.4
351495,2010,308.1
351495,2011,322.1
351495,2012,336.7
351495,2013,352.0
351495,2014,367.9
351495,2015,384.6
351495,2016,402.0
351495,2017,420.2
351495,2018,439.2
351495,2019,459.1
351495,2020,479.9
351495,2021,479.9
351495,2022,479.9
351495,2023,479.9
351495,2024,479.9
351495,2025,479.9
351495,2026,479.9
351495,2027,479.9
351495,2028,479.9
351495,2029,479.9
351495,2030,479.9
351495,2031,479.9
351495,2032,479.9
351495,2033,479.9
351495,2034,479.9
351495,2035,479.9
351495,2036,479.9
351495,2037,479.9
351495,2038,479.9
351495,2039,479.9
351495,2040,479.9
351495,2041,479.9
351495,2042,479.9
351495,2043,479.9
351495,2044,479.9
351495,2045,479.9
351500,2010,4956.4
351500,2011,4976.5
351500,2012,4996.7
351500,2013,5016.9
351500,2014,5037.3
351500,2015,5057.7
351500,2016,5078.2
351500,2017,5098.7
351500,2018,5119.4
351500,2019,5140.1
351500,2020,5161.0
351500,2021,5161.0
351500,2022,5161.0
351500,2023,5161.0
351500,2024,5161.0
351500,2025,5161.0
351500,2026,5161.0
351500,2027,5161.0
351500,2028,5161.0
351500,2029,5161.0
351500,2030,5161.0
351500,2031,5161.0
351500,2032,5161.0
351500,2033,5161.0
351500,2034,5161.0
351500,2035,5161.0
351500,2036,5161.0
351500,2037,5161.0
351500,2038,5161.0
351500,2039,5161.0
351500,2040,5161.0
351500,2041,5161.0
351500,2042,5161.0
351500,2043,5161.0
351500,2044,5161.0
351500,2045,5161.0
351510,2010,1592.9
351510,2011,1599.4
351510,2012,1605.9
351510,2013,1612.4
351510,2014,1618.9
351510,2015,1625.5
351510,2016,1632.1
351510,2017,1638.7
351510,2018,1645.3
351510,2019,1652.0
351510,2020,1658.7
351510,2021,1658.7
351510,2022,1658.7
351510,2023,1658.7
351510,2024,1658.7
351510,2025,1658.7
351510,2026,1658.7
351510,2027,1658.7
351510,2028,1658.7
351510,2029,1658.7
351510,2030,1658.7
351510,2031,1658.7
351510,2032,1658.7
351510,2033,1658.7
351510,2034,1658.7
351510,2035,1658.7
351510,2036,1658.7
351510,2037,1658.7
351510,2038,1658.7
351510,2039,1658.7
351510,2040,1658.7
351510,2041,1658.7
351510,2042,1658.7
351510,2043,1658.7
351510,2044,1658.7
351510,2045,1658.7
351512,2010,62.7
351512,2011,64.4
351512,2012,66.2
351512,2013,68.1
351512,2014,69.9
351512,2015,71.9
351512,2016,73.9
351512,2017,76.0
351512,2018,78.1
351512,2019,80.2
351512,2020,82.5
351512,2021,82.5
351512,2022,82.5
351512,2023,82.5
351512,2024,82.5
351512,2025,82.5
351512,2026,82.5
351512,2027,82.5
351512,2028,82.5
351512,2029,82.5
351512,2030,82.5
351512,2031,82.5
351512,2032,82.5
351512,2033,82.5
351512,2034,82.5
351512,2035,82.5
351512,2036,82.5
351512,2037,82.5
351512,2038,82.5
351512,2039,82.5
351512,2040,82.5
351512,2041,82.5
351512,2042,82.5
351512,2043,82.5
351512,2044,82.5
351512,2045,82.5
351530,2010,504.0
351530,2011,518.0
351530,2012,532.4
351530,2013,547.3
351530,2014,562.5
351530,2015,578.1
351530,2016,594.2
351530,2017,610.8
351530,2018,627.8
351530,2019,645.2
351530,2020,663.2
351530,2021,663.2
351530,2022,663.2
351530,2023,663.2
351530,2024,663.2
351530,2025,663.2
351530,2026,663.2
351530,2027,663.2
351530,2028,663.2
351530,2029,663.2
351530,2030,663.2
351530,2031,663.2
351530,2032,663.2
351530,2033,663.2
351530,2034,663.2
351530,2035,663.2
351530,2036,663.2
351530,2037,663.2
351530,2038,663.2
351530,2039,663.2
351530,2040,663.2
351530,2041,663.2
351530,2042,663.2
351530,2043,663.2
351530,2044,663.2
351530,2045,663.2
351570,2010,6805.3
351570,2011,6832.9
351570,2012,6860.6
351570,2013,6888.4
351570,2014,6916.3
351570,2015,6944.3
351570,2016,6972.4
351570,2017,7000.7
351570,2018,7029.1
351570,2019,7057.5
351570,2020,7086.1
351570,2021,7086.1
351570,2022,7086.1
351570,2023,7086.1
351570,2024,7086.1
351570,2025,7086.1
351570,2026,7086.1
351570,2027,7086.1
351570,2028,7086.1
351570,2029,7086.1
351570,2030,7086.1
351570,2031,7086.1
351570,2032,7086.1
351570,2033,7086.1
351570,2034,7086.1
351570,2035,7086.1
351570,2036,7086.1
351570,2037,7086.1
351570,2038,7086.1
351570,2039,7086.1
351570,2040,7086.1
351570,2041,7086.1
351570,2042,7086.1
351570,2043,7086.1
351570,2044,7086.1
351570,2045,7086.1
351620,2010,9589.0
351620,2011,9871.4
351620,2012,10162.1
351620,2013,10461.4
351620,2014,10769.5
351620,2015,11086.7
351620,2016,11413.1
351620,2017,11749.3
351620,2018,12095.3
351620,2019,12451.5
351620,2020,12818.2
351620,2021,12818.2
351620,2022,12818.2
351620,2023,12818.2
351620,2024,12818.2
351620,2025,12818.2
351620,2026,12818.2
351620,2027,12818.2
351620,2028,12818.2
351620,2029,12818.2
351620,2030,12818.2
351620,2031,12818.2
351620,2032,12818.2
351620,2033,12818.2
351620,2034,12818.2
351620,2035,12818.2
351620,2036,12818.2
351620,2037,12818.2
351620,2038,12818.2
351620,2039,12818.2
351620,2040,12818.2
351620,2041,12818.2
351620,2042,12818.2
351620,2043,12818.2
351620,2044,12818.2
351620,2045,12818.2
351630,2010,5716.3
351630,2011,5739.5
351630,2012,5762.8
351630,2013,5786.1
351630,2014,5809.6
351630,2015,5833.1
351630,2016,5856.7
351630,2017,5880.5
351630,2018,5904.3
351630,2019,5928.2
351630,2020,5952.3
351630,2021,5952.3
351630,2022,5952.3
351630,2023,5952.3
351630,2024,5952.3
351630,2025,5952.3
351630,2026,5952.3
351630,2027,5952.3
351630,2028,5952.3
351630,2029,5952.3
351630,2030,5952.3
351630,2031,5952.3
351630,2032,5952.3
351630,2033,5952.3
351630,2034,5952.3
351630,2035,5952.3
351630,2036,5952.3
351630,2037,5952.3
351630,2038,5952.3
351630,2039,5952.3
351630,2040,5952.3
351630,2041,5952.3
351630,2042,5952.3
351630,2043,5952.3
351630,2044,5952.3
351630,2045,5952.3
351640,2010,10923.4
351640,2011,10967.7
351640,2012,11012.2
351640,2013,11056.8
351640,2014,11101.6
351640,2015,11146.6
351640,2016,11191.7
351640,2017,11237.1
351640,2018,11282.6
351640,2019,11328.4
351640,2020,11374.3
351640,2021,11374.3
351640,2022,11374.3
351640,2023,11374.3
351640,2024,11374.3
351640,2025,11374.3
351640,2026,11374.3
351640,2027,11374.3
351640,2028,11374.3
351640,2029,11374.3
351640,2030,11374.3
351640,2031,11374.3
351640,2032,11374.3
351640,2033,11374.3
351640,2034,11374.3
351640,2035,11374.3
351640,2036,11374.3
351640,2037,11374.3
351640,2038,11374.3
351640,2039,11374.3
351640,2040,11374.3
351640,2041,11374.3
351640,2042,11374.3
351640,2043,11374.3
351640,2044,11374.3
351640,2045,11374.3
351685,2010,161.9
351685,2011,166.6
351685,2012,171.5
351685,2013,176.4
351685,2014,181.6
351685,2015,186.8
351685,2016,192.3
351685,2017,197.9
351685,2018,203.6
351685,2019,209.5
351685,2020,215.6
351685,2021,215.6
351685,2022,215.6
351685,2023,215.6
351685,2024,215.6
351685,2025,215.6
351685,2026,215.6
351685,2027,215.6
351685,2028,215.6
351685,2029,215.6
351685,2030,215.6
351685,2031,215.6
351685,2032,215.6
351685,2033,215.6
351685,2034,215.6
351685,2035,215.6
351685,2036,215.6
351685,2037,215.6
351685,2038,215.6
351685,2039,215.6
351685,2040,215.6
351685,2041,215.6
351685,2042,215.6
351685,2043,215.6
351685,2044,215.6
351685,2045,215.6
351750,2010,846.1
351750,2011,871.2
351750,2012,897.1
351750,2013,923.7
351750,2014,951.1
351750,2015,979.4
351750,2016,1008.5
351750,2017,1038.4
351750,2018,1069.2
351750,2019,1101.0
351750,2020,1133.7
351750,2021,1133.7
351750,2022,1133.7
351750,2023,1133.7
351750,2024,1133.7
351750,2025,1133.7
351750,2026,1133.7
351750,2027,1133.7
351750,2028,1133.7
351750,2029,1133.7
351750,2030,1133.7
351750,2031,1133.7
351750,2032,1133.7
351750,2033,1133.7
351750,2034,1133.7
351750,2035,1133.7
351750,2036,1133.7
351750,2037,1133.7
351750,2038,1133.7
351750,2039,1133.7
351750,2040,1133.7
351750,2041,1133.7
351750,2042,1133.7
351750,2043,1133.7
351750,2044,1133.7
351750,2045,1133.7
351840,2010,11025.3
351840,2011,11281.6
351840,2012,11544.0
351840,2013,11812.4
351840,2014,12087.0
351840,2015,12368.1
351840,2016,12655.7
351840,2017,12949.9
351840,2018,13251.0
351840,2019,13559.1
351840,2020,13874.4
351840,2021,13874.4
351840,2022,13874.4
351840,2023,13874.4
351840,2024,13874.4
351840,2025,13874.4
351840,2026,13874.4
351840,2027,13874.4
351840,2028,13874.4
351840,2029,13874.4
351840,2030,13874.4
351840,2031,13874.4
351840,2032,13874.4
351840,2033,13874.4
351840,2034,13874.4
351840,2035,13874.4
351840,2036,13874.4
351840,2037,13874.4
351840,2038,13874.4
351840,2039,13874.4
351840,2040,13874.4
351840,2041,13874.4
351840,2042,13874.4
351840,2043,13874.4
351840,2044,13874.4
351840,2045,13874.4
351870,2010,10970.5
351870,2011,11191.8
351870,2012,11417.6
351870,2013,11648.0
351870,2014,11883.0
351870,2015,12122.8
351870,2016,12367.4
351870,2017,12616.9
351870,2018,12871.5
351870,2019,13131.2
351870,2020,13396.1
351870,2021,13396.1
351870,2022,13396.1
351870,2023,13396.1
351870,2024,13396.1
351870,2025,13396.1
351870,2026,13396.1
351870,2027,13396.1
351870,2028,13396.1
351870,2029,13396.1
351870,2030,13396.1
351870,2031,13396.1
351870,2032,13396.1
351870,2033,13396.1
351870,2034,13396.1
351870,2035,13396.1
351870,2036,13396.1
351870,2037,13396.1
351870,2038,13396.1
351870,2039,13396.1
351870,2040,13396.1
351870,2041,13396.1
351870,2042,13396.1
351870,2043,13396.1
351870,2044,13396.1
351870,2045,13396.1
351880,2010,44234.3
351880,2011,44413.6
351880,2012,44593.6
351880,2013,44774.3
351880,2014,44955.7
351880,2015,45137.9
351880,2016,45320.8
351880,2017,45504.5
351880,2018,45688.9
351880,2019,45874.0
351880,2020,46059.9
351880,2021,46059.9
351880,2022,46059.9
351880,2023,46059.9
351880,2024,46059.9
351880,2025,46059.9
351880,2026,46059.9
351880,2027,46059.9
351880,2028,46059.9
351880,2029,46059.9
351880,2030,46059.9
351880,2031,46059.9
351880,2032,46059.9
351880,2033,46059.9
351880,2034,46059.9
351880,2035,46059.9
351880,2036,46059.9
351880,2037,46059.9
351880,2038,46059.9
351880,2039,46059.9
351880,2040,46059.9
351880,2041,46059.9
351880,2042,46059.9
351880,2043,46059.9
351880,2044,46059.9
351880,2045,46059.9
351907,2010,8139.7
351907,2011,8263.5
351907,2012,8389.3
351907,2013,8516.9
351907,2014,8646.4
351907,2015,8778.0
351907,2016,8911.5
351907,2017,9047.1
351907,2018,9184.7
351907,2019,9324.5
351907,2020,9466.3
351907,2021,9466.3
351907,2022,9466.3
351907,2023,9466.3
351907,2024,9466.3
351907,2025,9466.3
351907,2026,9466.3
351907,2027,9466.3
351907,2028,9466.3
351907,2029,9466.3
351907,2030,9466.3
351907,2031,9466.3
351907,2032,9466.3
351907,2033,9466.3
351907,2034,9466.3
351907,2035,9466.3
351907,2036,9466.3
351907,2037,9466.3
351907,2038,9466.3
351907,2039,9466.3
351907,2040,9466.3
351907,2041,9466.3
351907,2042,9466.3
351907,2043,9466.3
351907,2044,9466.3
351907,2045,9466.3
351930,2010,159.3
351930,2011,161.5
351930,2012,163.8
351930,2013,166.1
351930,2014,168.4
351930,2015,170.8
351930,2016,173.2
351930,2017,175.6
351930,2018,178.1
351930,2019,180.6
351930,2020,183.1
351930,2021,183.1
351930,2022,183.1
351930,2023,183.1
351930,2024,183.1
351930,2025,183.1
351930,2026,183.1
351930,2027,183.1
351930,2028,183.1
351930,2029,183.1
351930,2030,183.1
351930,2031,183.1
351930,2032,183.1
351930,2033,183.1
351930,2034,183.1
351930,2035,183.1
351930,2036,183.1
351930,2037,183.1
351930,2038,183.1
351930,2039,183.1
351930,2040,183.1
351930,2041,183.1
351930,2042,183.1
351930,2043,183.1
351930,2044,183.1
351930,2045,183.1
352040,2010,1838.4
352040,2011,1914.0
352040,2012,1992.7
352040,2013,2074.7
352040,2014,2160.0
352040,2015,2248.8
352040,2016,2341.3
352040,2017,2437.5
352040,2018,2537.8
352040,2019,2642.1
352040,2020,2750.8
352040,2021,2750.8
352040,2022,2750.8
352040,2023,2750.8
352040,2024,2750.8
352040,2025,2750.8
352040,2026,2750.8
352040,2027,2750.8
352040,2028,2750.8
352040,2029,2750.8
352040,2030,2750.8
352040,2031,2750.8
352040,2032,2750.8
352040,2033,2750.8
352040,2034,2750.8
352040,2035,2750.8
352040,2036,2750.8
352040,2037,2750.8
352040,2038,2750.8
352040,2039,2750.8
352040,2040,2750.8
352040,2041,2750.8
352040,2042,2750.8
352040,2043,2750.8
352040,2044,2750.8
352040,2045,2750.8
352050,2010,8803.0
352050,2011,9113.2
352050,2012,9434.2
352050,2013,9766.6
352050,2014,10110.8
352050,2015,10467.0
352050,2016,10835.8
352050,2017,11217.5
352050,2018,11612.8
352050,2019,12021.9
352050,2020,12445.5
352050,2021,12445.5
352050,2022,12445.5
352050,2023,12445.5
352050,2024,12445.5
352050,2025,12445.5
352050,2026,12445.5
352050,2027,12445.5
352050,2028,12445.5
352050,2029,12445.5
352050,2030,12445.5
352050,2031,12445.5
352050,2032,12445.5
352050,2033,12445.5
352050,2034,12445.5
352050,2035,12445.5
352050,2036,12445.5
352050,2037,12445.5
352050,2038,12445.5
352050,2039,12445.5
352050,2040,12445.5
352050,2041,12445.5
352050,2042,12445.5
352050,2043,12445.5
352050,2044,12445.5
352050,2045,12445.5
352060,2010,530.1
352060,2011,544.9
352060,2012,560.0
352060,2013,575.6
352060,2014,591.6
352060,2015,608.1
352060,2016,625.0
352060,2017,642.4
352060,2018,660.3
352060,2019,678.7
352060,2020,697.6
352060,2021,697.6
352060,2022,697.6
352060,2023,697.6
352060,2024,697.6
352060,2025,697.6
352060,2026,697.6
352060,2027,697.6
352060,2028,697.6
352060,2029,697.6
352060,2030,697.6
352060,2031,697.6
352060,2032,697.6
352060,2033,697.6
352060,2034,697.6
352060,2035,697.6
352060,2036,697.6
352060,2037,697.6
352060,2038,697.6
352060,2039,697.6
352060,2040,697.6
352060,2041,697.6
352060,2042,697.6
352060,2043,697.6
352060,2044,697.6
352060,2045,697.6
352110,2010,133.2
352110,2011,134.7
352110,2012,136.3
352110,2013,137.8
352110,2014,139.4
352110,2015,141.0
352110,2016,142.7
352110,2017,144.3
352110,2018,146.0
352110,2019,147.6
352110,2020,149.3
352110,2021,149.3
352110,2022,149.3
352110,2023,149.3
352110,2024,149.3
352110,2025,149.3
352110,2026,149.3
352110,2027,149.3
352110,2028,149.3
352110,2029,149.3
352110,2030,149.3
352110,2031,149.3
352110,2032,149.3
352110,2033,149.3
352110,2034,149.3
352110,2035,149.3
352110,2036,149.3
352110,2037,149.3
352110,2038,149.3
352110,2039,149.3
352110,2040,149.3
352110,2041,149.3
352110,2042,149.3
352110,2043,149.3
352110,2044,149.3
352110,2045,149.3
352115,2010,229.8
352115,2011,236.6
352115,2012,243.7
352115,2013,250.9
352115,2014,258.3
352115,2015,266.0
352115,2016,273.9
352115,2017,282.0
352115,2018,290.4
352115,2019,299.0
352115,2020,307.9
352115,2021,307.9
352115,2022,307.9
352115,2023,307.9
352115,2024,307.9
352115,2025,307.9
352115,2026,307.9
352115,2027,307.9
352115,2028,307.9
352115,2029,307.9
352115,2030,307.9
352115,2031,307.9
352115,2032,307.9
352115,2033,307.9
352115,2034,307.9
352115,2035,307.9
352115,2036,307.9
352115,2037,307.9
352115,2038,307.9
352115,2039,307.9
352115,2040,307.9
352115,2041,307.9
352115,2042,307.9
352115,2043,307.9
352115,2044,307.9
352115,2045,307.9
352140,2010,621.5
352140,2011,634.0
352140,2012,646.7
352140,2013,659.7
352140,2014,672.9
352140,2015,686.4
352140,2016,700.2
352140,2017,714.2
352140,2018,728.5
352140,2019,743.1
352140,2020,758.0
352140,2021,758.0
352140,2022,758.0
352140,2023,758.0
352140,2024,758.0
352140,2025,758.0
352140,2026,758.0
352140,2027,758.0
352140,2028,758.0
352140,2029,758.0
352140,2030,758.0
352140,2031,758.0
352140,2032,758.0
352140,2033,758.0
352140,2034,758.0
352140,2035,758.0
352140,2036,758.0
352140,2037,758.0
352140,2038,758.0
352140,2039,758.0
352140,2040,758.0
352140,2041,758.0
352140,2042,758.0
352140,2043,758.0
352140,2044,758.0
352140,2045,758.0
352210,2010,4768.4
352210,2011,4864.6
352210,2012,4962.8
352210,2013,5062.9
352210,2014,5165.0
352210,2015,5269.3
352210,2016,5375.6
352210,2017,5484.0
352210,2018,5594.7
352210,2019,5707.6
352210,2020,5822.7
352210,2021,5822.7
352210,2022,5822.7
352210,2023,5822.7
352210,2024,5822.7
352210,2025,5822.7
352210,2026,5822.7
352210,2027,5822.7
352210,2028,5822.7
352210,2029,5822.7
352210,2030,5822.7
352210,2031,5822.7
352210,2032,5822.7
352210,2033,5822.7
352210,2034,5822.7
352210,2035,5822.7
352210,2036,5822.7
352210,2037,5822.7
352210,2038,5822.7
352210,2039,5822.7
352210,2040,5822.7
352210,2041,5822.7
352210,2042,5822.7
352210,2043,5822.7
352210,2044,5822.7
352210,2045,5822.7
352220,2010,5092.2
352220,2011,5112.8
352220,2012,5133.6
352220,2013,5154.4
352220,2014,5175.3
352220,2015,5196.2
352220,2016,5217.3
352220,2017,5238.4
352220,2018,5259.7
352220,2019,5281.0
352220,2020,5302.4
352220,2021,5302.4
352220,2022,5302.4
352220,2023,5302.4
352220,2024,5302.4
352220,2025,5302.4
352220,2026,5302.4
352220,2027,5302.4
352220,2028,5302.4
352220,2029,5302.4
352220,2030,5302.4
352220,2031,5302.4
352220,2032,5302.4
352220,2033,5302.4
352220,2034,5302.4
352220,2035,5302.4
352220,2036,5302.4
352220,2037,5302.4
352220,2038,5302.4
352220,2039,5302.4
352220,2040,5302.4
352220,2041,5302.4
352220,2042,5302.4
352220,2043,5302.4
352220,2044,5302.4
352220,2045,5302.4
352230,2010,12996.9
352230,2011,13349.2
352230,2012,13711.1
352230,2013,14082.8
352230,2014,14464.5
352230,2015,14856.6
352230,2016,15259.3
352230,2017,15673.0
352230,2018,16097.8
352230,2019,16534.2
352230,2020,16982.4
352230,2021,16982.4
352230,2022,16982.4
352230,2023,16982.4
352230,2024,16982.4
352230,2025,16982.4
352230,2026,16982.4
352230,2027,16982.4
352230,2028,16982.4
352230,2029,16982.4
352230,2030,16982.4
352230,2031,16982.4
352230,2032,16982.4
352230,2033,16982.4
352230,2034,16982.4
352230,2035,16982.4
352230,2036,16982.4
352230,2037,16982.4
352230,2038,16982.4
352230,2039,16982.4
352230,2040,16982.4
352230,2041,16982.4
352230,2042,16982.4
352230,2043,16982.4
352230,2044,16982.4
352230,2045,16982.4
352250,2010,7844.6
352250,2011,7876.4
352250,2012,7908.3
352250,2013,7940.4
352250,2014,7972.5
352250,2015,8004.9
352250,2016,8037.3
352250,2017,8069.9
352250,2018,8102.6
352250,2019,8135.4
352250,2020,8168.4
352250,2021,8168.4
352250,2022,8168.4
352250,2023,8168.4
352250,2024,8168.4
352250,2025,8168.4
352250,2026,8168.4
352250,2027,8168.4
352250,2028,8168.4
352250,2029,8168.4
352250,2030,8168.4
352250,2031,8168.4
352250,2032,8168.4
352250,2033,8168.4
352250,2034,8168.4
352250,2035,8168.4
352250,2036,8168.4
352250,2037,8168.4
352250,2038,8168.4
352250,2039,8168.4
352250,2040,8168.4
352250,2041,8168.4
352250,2042,8168.4
352250,2043,8168.4
352250,2044,8168.4
352250,2045,8168.4
352310,2010,9505.5
352310,2011,9544.0
352310,2012,9582.7
352310,2013,9621.5
352310,2014,9660.5
352310,2015,9699.6
352310,2016,9738.9
352310,2017,9778.4
352310,2018,9818.0
352310,2019,9857.8
352310,2020,9897.8
352310,2021,9897.8
352310,2022,9897.8
352310,2023,9897.8
352310,2024,9897.8
352310,2025,9897.8
352310,2026,9897.8
352310,2027,9897.8
352310,2028,9897.8
352310,2029,9897.8
352310,2030,9897.8
352310,2031,9897.8
352310,2032,9897.8
352310,2033,9897.8
352310,2034,9897.8
352310,2035,9897.8
352310,2036,9897.8
352310,2037,9897.8
352310,2038,9897.8
352310,2039,9897.8
352310,2040,9897.8
352310,2041,9897.8
352310,2042,9897.8
352310,2043,9897.8
352310,2044,9897.8
352310,2045,9897.8
352340,2010,1117.7
352340,2011,1147.8
352340,2012,1178.8
352340,2013,1210.6
352340,2014,1243.3
352340,2015,1276.8
352340,2016,1311.3
352340,2017,1346.6
352340,2018,1383.0
352340,2019,1420.3
352340,2020,1458.6
352340,2021,1458.6
352340,2022,1458.6
352340,2023,1458.6
352340,2024,1458.6
352340,2025,1458.6
352340,2026,1458.6
352340,2027,1458.6
352340,2028,1458.6
352340,2029,1458.6
352340,2030,1458.6
352340,2031,1458.6
352340,2032,1458.6
352340,2033,1458.6
352340,2034,1458.6
352340,2035,1458.6
352340,2036,1458.6
352340,2037,1458.6
352340,2038,1458.6
352340,2039,1458.6
352340,2040,1458.6
352340,2041,1458.6
352340,2042,1458.6
352340,2043,1458.6
352340,2044,1458.6
352340,2045,1458.6
352370,2010,73.1
352370,2011,75.3
352370,2012,77.5
352370,2013,79.8
352370,2014,82.1
352370,2015,84.5
352370,2016,87.0
352370,2017,89.6
352370,2018,92.2
352370,2019,94.9
352370,2020,97.7
352370,2021,97.7
352370,2022,97.7
352370,2023,97.7
352370,2024,97.7
352370,2025,97.7
352370,2026,97.7
352370,2027,97.7
352370,2028,97.7
352370,2029,97.7
352370,2030,97.7
352370,2031,97.7
352370,2032,97.7
352370,2033,97.7
352370,2034,97.7
352370,2035,97.7
352370,2036,97.7
352370,2037,97.7
352370,2038,97.7
352370,2039,97.7
352370,2040,97.7
352370,2041,97.7
352370,2042,97.7
352370,2043,97.7
352370,2044,97.7
352370,2045,97.7
352390,2010,4314.0
352390,2011,4391.1
352390,2012,4469.7
352390,2013,4549.6
352390,2014,4630.9
352390,2015,4713.7
352390,2016,4798.0
352390,2017,4883.8
352390,2018,4971.1
352390,2019,5060.0
352390,2020,5150.4
352390,2021,5150.4
352390,2022,5150.4
352390,2023,5150.4
352390,2024,5150.4
352390,2025,5150.4
352390,2026,5150.4
352390,2027,5150.4
352390,2028,5150.4
352390,2029,5150.4
352390,2030,5150.4
352390,2031,5150.4
352390,2032,5150.4
352390,2033,5150.4
352390,2034,5150.4
352390,2035,5150.4
352390,2036,5150.4
352390,2037,5150.4
352390,2038,5150.4
352390,2039,5150.4
352390,2040,5150.4
352390,2041,5150.4
352390,2042,5150.4
352390,2043,5150.4
352390,2044,5150.4
352390,2045,5150.4
352400,2010,723.4
352400,2011,740.1
352400,2012,757.3
352400,2013,774.9
352400,2014,792.8
352400,2015,811.2
352400,2016,830.0
352400,2017,849.3
352400,2018,869.0
352400,2019,889.1
352400,2020,909.7
352400,2021,909.7
352400,2022,909.7
352400,2023,909.7
352400,2024,909.7
352400,2025,909.7
352400,2026,909.7
352400,2027,909.7
352400,2028,909.7
352400,2029,909.7
352400,2030,909.7
352400,2031,909.7
352400,2032,909.7
352400,2033,909.7
352400,2034,909.7
352400,2035,909.7
352400,2036,909.7
352400,2037,909.7
352400,2038,909.7
352400,2039,909.7
352400,2040,909.7
352400,2041,909.7
352400,2042,909.7
352400,2043,909.7
352400,2044,909.7
352400,2045,909.7
352440,2010,9367.1
352440,2011,9502.9
352440,2012,9640.6
352440,2013,9780.4
352440,2014,9922.2
352440,2015,10066.0
352440,2016,10212.0
352440,2017,10360.0
352440,2018,10510.2
352440,2019,10662.6
352440,2020,10817.2
352440,2021,10817.2
352440,2022,10817.2
352440,2023,10817.2
352440,2024,10817.2
352440,2025,10817.2
352440,2026,10817.2
352440,2027,10817.2
352440,2028,10817.2
352440,2029,10817.2
352440,2030,10817.2
352440,2031,10817.2
352440,2032,10817.2
352440,2033,10817.2
352440,2034,10817.2
352440,2035,10817.2
352440,2036,10817.2
352440,2037,10817.2
352440,2038,10817.2
352440,2039,10817.2
352440,2040,10817.2
352440,2041,10817.2
352440,2042,10817.2
352440,2043,10817.2
352440,2044,10817.2
352440,2045,10817.2
352450,2010,138.4
352450,2011,142.5
352450,2012,146.7
352450,2013,151.1
352450,2014,155.6
352450,2015,160.2
352450,2016,165.0
352450,2017,169.9
352450,2018,174.9
352450,2019,180.1
352450,2020,185.4
352450,2021,185.4
352450,2022,185.4
352450,2023,185.4
352450,2024,185.4
352450,2025,185.4
352450,2026,185.4
352450,2027,185.4
352450,2028,185.4
352450,2029,185.4
352450,2030,185.4
352450,2031,185.4
352450,2032,185.4
352450,2033,185.4
352450,2034,185.4
352450,2035,185.4
352450,2036,185.4
352450,2037,185.4
352450,2038,185.4
352450,2039,185.4
352450,2040,185.4
352450,2041,185.4
352450,2042,185.4
352450,2043,185.4
352450,2044,185.4
352450,2045,185.4
352490,2010,133.2
352490,2011,135.1
352490,2012,137.1
352490,2013,139.1
352490,2014,141.1
352490,2015,143.1
352490,2016,145.2
352490,2017,147.3
352490,2018,149.4
352490,2019,151.6
352490,2020,153.8
352490,2021,153.8
352490,2022,153.8
352490,2023,153.8
352490,2024,153.8
352490,2025,153.8
352490,2026,153.8
352490,2027,153.8
352490,2028,153.8
352490,2029,153.8
352490,2030,153.8
352490,2031,153.8
352490,2032,153.8
352490,2033,153.8
352490,2034,153.8
352490,2035,153.8
352490,2036,153.8
352490,2037,153.8
352490,2038,153.8
352490,2039,153.8
352490,2040,153.8
352490,2041,153.8
352490,2042,153.8
352490,2043,153.8
352490,2044,153.8
352490,2045,153.8
352500,2010,5564.9
352500,2011,5587.4
352500,2012,5610.1
352500,2013,5632.8
352500,2014,5655.6
352500,2015,5678.5
352500,2016,5701.6
352500,2017,5724.7
352500,2018,5747.9
352500,2019,5771.2
352500,2020,5794.5
352500,2021,5794.5
352500,2022,5794.5
352500,2023,5794.5
352500,2024,5794.5
352500,2025,5794.5
352500,2026,5794.5
352500,2027,5794.5
352500,2028,5794.5
352500,2029,5794.5
352500,2030,5794.5
352500,2031,5794.5
352500,2032,5794.5
352500,2033,5794.5
352500,2034,5794.5
352500,2035,5794.5
352500,2036,5794.5
352500,2037,5794.5
352500,2038,5794.5
352500,2039,5794.5
352500,2040,5794.5
352500,2041,5794.5
352500,2042,5794.5
352500,2043,5794.5
352500,2044,5794.5
352500,2045,5794.5
352510,2010,1190.8
352510,2011,1205.0
352510,2012,1219.5
352510,2013,1234.1
352510,2014,1248.8
352510,2015,1263.8
352510,2016,1278.9
352510,2017,1294.2
352510,2018,1309.7
352510,2019,1325.4
352510,2020,1341.3
352510,2021,1341.3
352510,2022,1341.3
352510,2023,1341.3
352510,2024,1341.3
352510,2025,1341.3
352510,2026,1341.3
352510,2027,1341.3
352510,2028,1341.3
352510,2029,1341.3
352510,2030,1341.3
352510,2031,1341.3
352510,2032,1341.3
352510,2033,1341.3
352510,2034,1341.3
352510,2035,1341.3
352510,2036,1341.3
352510,2037,1341.3
352510,2038,1341.3
352510,2039,1341.3
352510,2040,1341.3
352510,2041,1341.3
352510,2042,1341.3
352510,2043,1341.3
352510,2044,1341.3
352510,2045,1341.3
352520,2010,441.3
352520,2011,451.6
352520,2012,462.0
352520,2013,472.7
352520,2014,483.7
352520,2015,494.9
352520,2016,506.4
352520,2017,518.1
352520,2018,530.2
352520,2019,542.4
352520,2020,555.0
352520,2021,555.0
352520,2022,555.0
352520,2023,555.0
352520,2024,555.0
352520,2025,555.0
352520,2026,555.0
352520,2027,555.0
352520,2028,555.0
352520,2029,555.0
352520,2030,555.0
352520,2031,555.0
352520,2032,555.0
352520,2033,555.0
352520,2034,555.0
352520,2035,555.0
352520,2036,555.0
352520,2037,555.0
352520,2038,555.0
352520,2039,555.0
352520,2040,555.0
352520,2041,555.0
352520,2042,555.0
352520,2043,555.0
352520,2044,555.0
352520,2045,555.0
352530,2010,4729.2
352530,2011,4835.7
352530,2012,4944.6
352530,2013,5056.0
352530,2014,5169.9
352530,2015,5286.3
352530,2016,5405.3
352530,2017,5527.1
352530,2018,5651.6
352530,2019,5778.8
352530,2020,5909.0
352530,2021,5909.0
352530,2022,5909.0
352530,2023,5909.0
352530,2024,5909.0
352530,2025,5909.0
352530,2026,5909.0
352530,2027,5909.0
352530,2028,5909.0
352530,2029,5909.0
352530,2030,5909.0
352530,2031,5909.0
352530,2032,5909.0
352530,2033,5909.0
352530,2034,5909.0
352530,2035,5909.0
352530,2036,5909.0
352530,2037,5909.0
352530,2038,5909.0
352530,2039,5909.0
352530,2040,5909.0
352530,2041,5909.0
352530,2042,5909.0
352530,2043,5909.0
352530,2044,5909.0
352530,2045,5909.0
352590,2010,19588.0
352590,2011,20042.3
352590,2012,20507.0
352590,2013,20982.5
352590,2014,21469.1
352590,2015,21966.9
352590,2016,22476.2
352590,2017,22997.4
352590,2018,23530.7
352590,2019,24076.3
352590,2020,24634.6
352590,2021,24634.6
352590,2022,24634.6
352590,2023,24634.6
352590,2024,24634.6
352590,2025,24634.6
352590,2026,24634.6
352590,2027,24634.6
352590,2028,24634.6
352590,2029,24634.6
352590,2030,24634.6
352590,2031,24634.6
352590,2032,24634.6
352590,2033,24634.6
352590,2034,24634.6
352590,2035,24634.6
352590,2036,24634.6
352590,2037,24634.6
352590,2038,24634.6
352590,2039,24634.6
352590,2040,24634.6
352590,2041,24634.6
352590,2042,24634.6
352590,2043,24634.6
352590,2044,24634.6
352590,2045,24634.6
352690,2010,10458.6
352690,2011,10668.4
352690,2012,10882.3
352690,2013,11100.6
352690,2014,11323.2
352690,2015,11550.3
352690,2016,11782.0
352690,2017,12018.3
352690,2018,12259.3
352690,2019,12505.2
352690,2020,12756.0
352690,2021,12756.0
352690,2022,12756.0
352690,2023,12756.0
352690,2024,12756.0
352690,2025,12756.0
352690,2026,12756.0
352690,2027,12756.0
352690,2028,12756.0
352690,2029,12756.0
352690,2030,12756.0
352690,2031,12756.0
352690,2032,12756.0
352690,2033,12756.0
352690,2034,12756.0
352690,2035,12756.0
352690,2036,12756.0
352690,2037,12756.0
352690,2038,12756.0
352690,2039,12756.0
352690,2040,12756.0
352690,2041,12756.0
352690,2042,12756.0
352690,2043,12756.0
352690,2044,12756.0
352690,2045,12756.0
352730,2010,1653.0
352730,2011,1691.3
352730,2012,1730.6
352730,2013,1770.7
352730,2014,1811.7
352730,2015,1853.8
352730,2016,1896.7
352730,2017,1940.7
352730,2018,1985.7
352730,2019,2031.8
352730,2020,2078.9
352730,2021,2078.9
352730,2022,2078.9
352730,2023,2078.9
352730,2024,2078.9
352730,2025,2078.9
352730,2026,2078.9
352730,2027,2078.9
352730,2028,2078.9
352730,2029,2078.9
352730,2030,2078.9
352730,2031,2078.9
352730,2032,2078.9
352730,2033,2078.9
352730,2034,2078.9
352730,2035,2078.9
352730,2036,2078.9
352730,2037,2078.9
352730,2038,2078.9
352730,2039,2078.9
352730,2040,2078.9
352730,2041,2078.9
352730,2042,2078.9
352730,2043,2078.9
352730,2044,2078.9
352730,2045,2078.9
352840,2010,684.2
352840,2011,698.6
352840,2012,713.4
352840,2013,728.5
352840,2014,743.8
352840,2015,759.6
352840,2016,775.6
352840,2017,792.0
352840,2018,808.7
352840,2019,825.8
352840,2020,843.2
352840,2021,843.2
352840,2022,843.2
352840,2023,843.2
352840,2024,843.2
352840,2025,843.2
352840,2026,843.2
352840,2027,843.2
352840,2028,843.2
352840,2029,843.2
352840,2030,843.2
352840,2031,843.2
352840,2032,843.2
352840,2033,843.2
352840,2034,843.2
352840,2035,843.2
352840,2036,843.2
352840,2037,843.2
352840,2038,843.2
352840,2039,843.2
352840,2040,843.2
352840,2041,843.2
352840,2042,843.2
352840,2043,843.2
352840,2044,843.2
352840,2045,843.2
352850,2010,3817.9
352850,2011,3833.3
352850,2012,3848.9
352850,2013,3864.5
352850,2014,3880.1
352850,2015,3895.8
352850,2016,3911.6
352850,2017,3927.5
352850,2018,3943.4
352850,2019,3959.4
352850,2020,3975.4
352850,2021,3975.4
352850,2022,3975.4
352850,2023,3975.4
352850,2024,3975.4
352850,2025,3975.4
352850,2026,3975.4
352850,2027,3975.4
352850,2028,3975.4
352850,2029,3975.4
352850,2030,3975.4
352850,2031,3975.4
352850,2032,3975.4
352850,2033,3975.4
352850,2034,3975.4
352850,2035,3975.4
352850,2036,3975.4
352850,2037,3975.4
352850,2038,3975.4
352850,2039,3975.4
352850,2040,3975.4
352850,2041,3975.4
352850,2042,3975.4
352850,2043,3975.4
352850,2044,3975.4
352850,2045,3975.4
352885,2010,101.8
352885,2011,106.5
352885,2012,111.3
352885,2013,116.3
352885,2014,121.6
352885,2015,127.1
352885,2016,132.9
352885,2017,138.9
352885,2018,145.2
352885,2019,151.7
352885,2020,158.6
352885,2021,158.6
352885,2022,158.6
352885,2023,158.6
352885,2024,158.6
352885,2025,158.6
352885,2026,158.6
352885,2027,158.6
352885,2028,158.6
352885,2029,158.6
352885,2030,158.6
352885,2031,158.6
352885,2032,158.6
352885,2033,158.6
352885,2034,158.6
352885,2035,158.6
352885,2036,158.6
352885,2037,158.6
352885,2038,158.6
352885,2039,158.6
352885,2040,158.6
352885,2041,158.6
352885,2042,158.6
352885,2043,158.6
352885,2044,158.6
352885,2045,158.6
352900,2010,18086.5
352900,2011,18416.5
352900,2012,18752.6
352900,2013,19094.8
352900,2014,19443.2
352900,2015,19798.0
352900,2016,20159.2
352900,2017,20527.1
352900,2018,20901.6
352900,2019,21283.0
352900,2020,21671.4
352900,2021,21671.4
352900,2022,21671.4
352900,2023,21671.4
352900,2024,21671.4
352900,2025,21671.4
352900,2026,21671.4
352900,2027,21671.4
352900,2028,21671.4
352900,2029,21671.4
352900,2030,21671.4
352900,2031,21671.4
352900,2032,21671.4
352900,2033,21671.4
352900,2034,21671.4
352900,2035,21671.4
352900,2036,21671.4
352900,2037,21671.4
352900,2038,21671.4
352900,2039,21671.4
352900,2040,21671.4
352900,2041,21671.4
352900,2042,21671.4
352900,2043,21671.4
352900,2044,21671.4
352900,2045,21671.4
352940,2010,11377.8
352940,2011,11423.9
352940,2012,11470.2
352940,2013,11516.7
352940,2014,11563.4
352940,2015,11610.2
352940,2016,11657.3
352940,2017,11704.5
352940,2018,11752.0
352940,2019,11799.6
352940,2020,11847.4
352940,2021,11847.4
352940,2022,11847.4
352940,2023,11847.4
352940,2024,11847.4
352940,2025,11847.4
352940,2026,11847.4
352940,2027,11847.4
352940,2028,11847.4
352940,2029,11847.4
352940,2030,11847.4
352940,2031,11847.4
352940,2032,11847.4
352940,2033,11847.4
352940,2034,11847.4
352940,2035,11847.4
352940,2036,11847.4
352940,2037,11847.4
352940,2038,11847.4
352940,2039,11847.4
352940,2040,11847.4
352940,2041,11847.4
352940,2042,11847.4
352940,2043,11847.4
352940,2044,11847.4
352940,2045,11847.4
353030,2010,1295.2
353030,2011,1333.7
353030,2012,1373.3
353030,2013,1414.1
353030,2014,1456.1
353030,2015,1499.3
353030,2016,1543.8
353030,2017,1589.7
353030,2018,1636.9
353030,2019,1685.5
353030,2020,1735.5
353030,2021,1735.5
353030,2022,1735.5
353030,2023,1735.5
353030,2024,1735.5
353030,2025,1735.5
353030,2026,1735.5
353030,2027,1735.5
353030,2028,1735.5
353030,2029,1735.5
353030,2030,1735.5
353030,2031,1735.5
353030,2032,1735.5
353030,2033,1735.5
353030,2034,1735.5
353030,2035,1735.5
353030,2036,1735.5
353030,2037,1735.5
353030,2038,1735.5
353030,2039,1735.5
353030,2040,1735.5
353030,2041,1735.5
353030,2042,1735.5
353030,2043,1735.5
353030,2044,1735.5
353030,2045,1735.5
353040,2010,156.7
353040,2011,161.3
353040,2012,166.1
353040,2013,171.1
353040,2014,176.1
353040,2015,181.4
353040,2016,186.8
353040,2017,192.3
353040,2018,198.0
353040,2019,203.9
353040,2020,209.9
353040,2021,209.9
353040,2022,209.9
353040,2023,209.9
353040,2024,209.9
353040,2025,209.9
353040,2026,209.9
353040,2027,209.9
353040,2028,209.9
353040,2029,209.9
353040,2030,209.9
353040,2031,209.9
353040,2032,209.9
353040,2033,209.9
353040,2034,209.9
353040,2035,209.9
353040,2036,209.9
353040,2037,209.9
353040,2038,209.9
353040,2039,209.9
353040,2040,209.9
353040,2041,209.9
353040,2042,209.9
353040,2043,209.9
353040,2044,209.9
353040,2045,209.9
353060,2010,21745.1
353060,2011,21833.2
353060,2012,21921.6
353060,2013,22010.5
353060,2014,22099.7
353060,2015,22189.2
353060,2016,22279.1
353060,2017,22369.4
353060,2018,22460.1
353060,2019,22551.1
353060,2020,22642.5
353060,2021,22642.5
353060,2022,22642.5
353060,2023,22642.5
353060,2024,22642.5
353060,2025,22642.5
353060,2026,22642.5
353060,2027,22642.5
353060,2028,22642.5
353060,2029,22642.5
353060,2030,22642.5
353060,2031,22642.5
353060,2032,22642.5
353060,2033,22642.5
353060,2034,22642.5
353060,2035,22642.5
353060,2036,22642.5
353060,2037,22642.5
353060,2038,22642.5
353060,2039,22642.5
353060,2040,22642.5
353060,2041,22642.5
353060,2042,22642.5
353060,2043,22642.5
353060,2044,22642.5
353060,2045,22642.5
353070,2010,2791.6
353070,2011,2836.7
353070,2012,2882.6
353070,2013,2929.2
353070,2014,2976.6
353070,2015,3024.7
353070,2016,3073.7
353070,2017,3123.4
353070,2018,3173.9
353070,2019,3225.2
353070,2020,3277.4
353070,2021,3277.4
353070,2022,3277.4
353070,2023,3277.4
353070,2024,3277.4
353070,2025,3277.4
353070,2026,3277.4
353070,2027,3277.4
353070,2028,3277.4
353070,2029,3277.4
353070,2030,3277.4
353070,2031,3277.4
353070,2032,3277.4
353070,2033,3277.4
353070,2034,3277.4
353070,2035,3277.4
353070,2036,3277.4
353070,2037,3277.4
353070,2038,3277.4
353070,2039,3277.4
353070,2040,3277.4
353070,2041,3277.4
353070,2042,3277.4
353070,2043,3277.4
353070,2044,3277.4
353070,2045,3277.4
353080,2010,2791.6
353080,2011,2836.7
353080,2012,2882.6
353080,2013,2929.2
353080,2014,2976.6
353080,2015,3024.7
353080,2016,3073.7
353080,2017,3123.4
353080,2018,3173.9
353080,2019,3225.2
353080,2020,3277.4
353080,2021,3277.4
353080,2022,3277.4
353080,2023,3277.4
353080,2024,3277.4
353080,2025,3277.4
353080,2026,3277.4
353080,2027,3277.4
353080,2028,3277.4
353080,2029,3277.4
353080,2030,3277.4
353080,2031,3277.4
353080,2032,3277.4
353080,2033,3277.4
353080,2034,3277.4
353080,2035,3277.4
353080,2036,3277.4
353080,2037,3277.4
353080,2038,3277.4
353080,2039,3277.4
353080,2040,3277.4
353080,2041,3277.4
353080,2042,3277.4
353080,2043,3277.4
353080,2044,3277.4
353080,2045,3277.4
353110,2010,2227.5
353110,2011,2272.5
353110,2012,2318.3
353110,2013,2365.1
353110,2014,2412.8
353110,2015,2461.5
353110,2016,2511.2
353110,2017,2561.8
353110,2018,2613.5
353110,2019,2666.2
353110,2020,2720.0
353110,2021,2720.0
353110,2022,2720.0
353110,2023,2720.0
353110,2024,2720.0
353110,2025,2720.0
353110,2026,2720.0
353110,2027,2720.0
353110,2028,2720.0
353110,2029,2720.0
353110,2030,2720.0
353110,2031,2720.0
353110,2032,2720.0
353110,2033,2720.0
353110,2034,2720.0
353110,2035,2720.0
353110,2036,2720.0
353110,2037,2720.0
353110,2038,2720.0
353110,2039,2720.0
353110,2040,2720.0
353110,2041,2720.0
353110,2042,2720.0
353110,2043,2720.0
353110,2044,2720.0
353110,2045,2720.0
353170,2010,214.1
353170,2011,217.2
353170,2012,220.4
353170,2013,223.6
353170,2014,226.8
353170,2015,230.1
353170,2016,233.4
353170,2017,236.8
353170,2018,240.3
353170,2019,243.8
353170,2020,247.3
353170,2021,247.3
353170,2022,247.3
353170,2023,247.3
353170,2024,247.3
353170,2025,247.3
353170,2026,247.3
353170,2027,247.3
353170,2028,247.3
353170,2029,247.3
353170,2030,247.3
353170,2031,247.3
353170,2032,247.3
353170,2033,247.3
353170,2034,247.3
353170,2035,247.3
353170,2036,247.3
353170,2037,247.3
353170,2038,247.3
353170,2039,247.3
353170,2040,247.3
353170,2041,247.3
353170,2042,247.3
353170,2043,247.3
353170,2044,247.3
353170,2045,247.3
353180,2010,2010.8
353180,2011,2041.4
353180,2012,2072.4
353180,2013,2103.9
353180,2014,2136.0
353180,2015,2168.4
353180,2016,2201.4
353180,2017,2234.9
353180,2018,2268.9
353180,2019,2303.4
353180,2020,2338.5
353180,2021,2338.5
353180,2022,2338.5
353180,2023,2338.5
353180,2024,2338.5
353180,2025,2338.5
353180,2026,2338.5
353180,2027,2338.5
353180,2028,2338.5
353180,2029,2338.5
353180,2030,2338.5
353180,2031,2338.5
353180,2032,2338.5
353180,2033,2338.5
353180,2034,2338.5
353180,2035,2338.5
353180,2036,2338.5
353180,2037,2338.5
353180,2038,2338.5
353180,2039,2338.5
353180,2040,2338.5
353180,2041,2338.5
353180,2042,2338.5
353180,2043,2338.5
353180,2044,2338.5
353180,2045,2338.5
353220,2010,287.3
353220,2011,295.2
353220,2012,303.5
353220,2013,311.9
353220,2014,320.6
353220,2015,329.5
353220,2016,338.7
353220,2017,348.1
353220,2018,357.8
353220,2019,367.8
353220,2020,378.0
353220,2021,378.0
353220,2022,378.0
353220,2023,378.0
353220,2024,378.0
353220,2025,378.0
353220,2026,378.0
353220,2027,378.0
353220,2028,378.0
353220,2029,378.0
353220,2030,378.0
353220,2031,378.0
353220,2032,378.0
353220,2033,378.0
353220,2034,378.0
353220,2035,378.0
353220,2036,378.0
353220,2037,378.0
353220,2038,378.0
353220,2039,378.0
353220,2040,378.0
353220,2041,378.0
353220,2042,378.0
353220,2043,378.0
353220,2044,378.0
353220,2045,378.0
353250,2010,329.0
353250,2011,338.8
353250,2012,348.9
353250,2013,359.2
353250,2014,369.9
353250,2015,380.9
353250,2016,392.2
353250,2017,403.8
353250,2018,415.8
353250,2019,428.2
353250,2020,440.9
353250,2021,440.9
353250,2022,440.9
353250,2023,440.9
353250,2024,440.9
353250,2025,440.9
353250,2026,440.9
353250,2027,440.9
353250,2028,440.9
353250,2029,440.9
353250,2030,440.9
353250,2031,440.9
353250,2032,440.9
353250,2033,440.9
353250,2034,440.9
353250,2035,440.9
353250,2036,440.9
353250,2037,440.9
353250,2038,440.9
353250,2039,440.9
353250,2040,440.9
353250,2041,440.9
353250,2042,440.9
353250,2043,440.9
353250,2044,440.9
353250,2045,440.9
353280,2010,78.3
353280,2011,80.7
353280,2012,83.1
353280,2013,85.5
353280,2014,88.1
353280,2015,90.7
353280,2016,93.4
353280,2017,96.1
353280,2018,99.0
353280,2019,101.9
353280,2020,105.0
353280,2021,105.0
353280,2022,105.0
353280,2023,105.0
353280,2024,105.0
353280,2025,105.0
353280,2026,105.0
353280,2027,105.0
353280,2028,105.0
353280,2029,105.0
353280,2030,105.0
353280,2031,105.0
353280,2032,105.0
353280,2033,105.0
353280,2034,105.0
353280,2035,105.0
353280,2036,105.0
353280,2037,105.0
353280,2038,105.0
353280,2039,105.0
353280,2040,105.0
353280,2041,105.0
353280,2042,105.0
353280,2043,105.0
353280,2044,105.0
353280,2045,105.0
353325,2010,227.2
353325,2011,237.5
353325,2012,248.2
353325,2013,259.5
353325,2014,271.2
353325,2015,283.5
353325,2016,296.4
353325,2017,309.8
353325,2018,323.8
353325,2019,338.5
353325,2020,353.9
353325,2021,353.9
353325,2022,353.9
353325,2023,353.9
353325,2024,353.9
353325,2025,353.9
353325,2026,353.9
353325,2027,353.9
353325,2028,353.9
353325,2029,353.9
353325,2030,353.9
353325,2031,353.9
353325,2032,353.9
353325,2033,353.9
353325,2034,353.9
353325,2035,353.9
353325,2036,353.9
353325,2037,353.9
353325,2038,353.9
353325,2039,353.9
353325,2040,353.9
353325,2041,353.9
353325,2042,353.9
353325,2043,353.9
353325,2044,353.9
353325,2045,353.9
353340,2010,914.0
353340,2011,923.9
353340,2012,933.9
353340,2013,944.0
353340,2014,954.2
353340,2015,964.6
353340,2016,975.0
353340,2017,985.6
353340,2018,996.3
353340,2019,1007.1
353340,2020,1018.0
353340,2021,1018.0
353340,2022,1018.0
353340,2023,1018.0
353340,2024,1018.0
353340,2025,1018.0
353340,2026,1018.0
353340,2027,1018.0
353340,2028,1018.0
353340,2029,1018.0
353340,2030,1018.0
353340,2031,1018.0
353340,2032,1018.0
353340,2033,1018.0
353340,2034,1018.0
353340,2035,1018.0
353340,2036,1018.0
353340,2037,1018.0
353340,2038,1018.0
353340,2039,1018.0
353340,2040,1018.0
353340,2041,1018.0
353340,2042,1018.0
353340,2043,1018.0
353340,2044,1018.0
353340,2045,1018.0
353410,2010,363.0
353410,2011,369.6
353410,2012,376.4
353410,2013,383.2
353410,2014,390.2
353410,2015,397.3
353410,2016,404.6
353410,2017,412.0
353410,2018,419.5
353410,2019,427.1
353410,2020,434.9
353410,2021,434.9
353410,2022,434.9
353410,2023,434.9
353410,2024,434.9
353410,2025,434.9
353410,2026,434.9
353410,2027,434.9
353410,2028,434.9
353410,2029,434.9
353410,2030,434.9
353410,2031,434.9
353410,2032,434.9
353410,2033,434.9
353410,2034,434.9
353410,2035,434.9
353410,2036,434.9
353410,2037,434.9
353410,2038,434.9
353410,2039,434.9
353410,2040,434.9
353410,2041,434.9
353410,2042,434.9
353410,2043,434.9
353410,2044,434.9
353410,2045,434.9
353440,2010,26657.1
353440,2011,26765.1
353440,2012,26873.6
353440,2013,26982.5
353440,2014,27091.8
353440,2015,27201.6
353440,2016,27311.8
353440,2017,27422.5
353440,2018,27533.6
353440,2019,27645.2
353440,2020,27757.2
353440,2021,27757.2
353440,2022,27757.2
353440,2023,27757.2
353440,2024,27757.2
353440,2025,27757.2
353440,2026,27757.2
353440,2027,27757.2
353440,2028,27757.2
353440,2029,27757.2
353440,2030,27757.2
353440,2031,27757.2
353440,2032,27757.2
353440,2033,27757.2
353440,2034,27757.2
353440,2035,27757.2
353440,2036,27757.2
353440,2037,27757.2
353440,2038,27757.2
353440,2039,27757.2
353440,2040,27757.2
353440,2041,27757.2
353440,2042,27757.2
353440,2043,27757.2
353440,2044,27757.2
353440,2045,27757.2
353470,2010,6207.3
353470,2011,6059.4
353470,2012,5915.0
353470,2013,5774.0
353470,2014,5636.4
353470,2015,5502.1
353470,2016,5371.0
353470,2017,5243.0
353470,2018,5118.1
353470,2019,4996.1
353470,2020,4877.1
353470,2021,4877.1
353470,2022,4877.1
353470,2023,4877.1
353470,2024,4877.1
353470,2025,4877.1
353470,2026,4877.1
353470,2027,4877.1
353470,2028,4877.1
353470,2029,4877.1
353470,2030,4877.1
353470,2031,4877.1
353470,2032,4877.1
353470,2033,4877.1
353470,2034,4877.1
353470,2035,4877.1
353470,2036,4877.1
353470,2037,4877.1
353470,2038,4877.1
353470,2039,4877.1
353470,2040,4877.1
353470,2041,4877.1
353470,2042,4877.1
353470,2043,4877.1
353470,2044,4877.1
353470,2045,4877.1
353630,2010,391.7
353630,2011,403.2
353630,2012,415.1
353630,2013,427.3
353630,2014,439.9
353630,2015,452.9
353630,2016,466.2
353630,2017,480.0
353630,2018,494.1
353630,2019,508.6
353630,2020,523.6
353630,2021,523.6
353630,2022,523.6
353630,2023,523.6
353630,2024,523.6
353630,2025,523.6
353630,2026,523.6
353630,2027,523.6
353630,2028,523.6
353630,2029,523.6
353630,2030,523.6
353630,2031,523.6
353630,2032,523.6
353630,2033,523.6
353630,2034,523.6
353630,2035,523.6
353630,2036,523.6
353630,2037,523.6
353630,2038,523.6
353630,2039,523.6
353630,2040,523.6
353630,2041,523.6
353630,2042,523.6
353630,2043,523.6
353630,2044,523.6
353630,2045,523.6
353650,2010,4442.0
353650,2011,4509.6
353650,2012,4578.2
353650,2013,4647.8
353650,2014,4718.5
353650,2015,4790.3
353650,2016,4863.2
353650,2017,4937.2
353650,2018,5012.3
353650,2019,5088.5
353650,2020,5165.9
353650,2021,5165.9
353650,2022,5165.9
353650,2023,5165.9
353650,2024,5165.9
353650,2025,5165.9
353650,2026,5165.9
353650,2027,5165.9
353650,2028,5165.9
353650,2029,5165.9
353650,2030,5165.9
353650,2031,5165.9
353650,2032,5165.9
353650,2033,5165.9
353650,2034,5165.9
353650,2035,5165.9
353650,2036,5165.9
353650,2037,5165.9
353650,2038,5165.9
353650,2039,5165.9
353650,2040,5165.9
353650,2041,5165.9
353650,2042,5165.9
353650,2043,5165.9
353650,2044,5165.9
353650,2045,5165.9
353800,2010,6471.0
353800,2011,6564.8
353800,2012,6660.0
353800,2013,6756.6
353800,2014,6854.5
353800,2015,6953.9
353800,2016,7054.7
353800,2017,7157.0
353800,2018,7260.7
353800,2019,7366.0
353800,2020,7472.8
353800,2021,7472.8
353800,2022,7472.8
353800,2023,7472.8
353800,2024,7472.8
353800,2025,7472.8
353800,2026,7472.8
353800,2027,7472.8
353800,2028,7472.8
353800,2029,7472.8
353800,2030,7472.8
353800,2031,7472.8
353800,2032,7472.8
353800,2033,7472.8
353800,2034,7472.8
353800,2035,7472.8
353800,2036,7472.8
353800,2037,7472.8
353800,2038,7472.8
353800,2039,7472.8
353800,2040,7472.8
353800,2041,7472.8
353800,2042,7472.8
353800,2043,7472.8
353800,2044,7472.8
353800,2045,7472.8
353810,2010,323.8
353810,2011,338.5
353810,2012,353.8
353810,2013,369.8
353810,2014,386.6
353810,2015,404.1
353810,2016,422.4
353810,2017,441.6
353810,2018,461.6
353810,2019,482.5
353810,2020,504.3
353810,2021,504.3
353810,2022,504.3
353810,2023,504.3
353810,2024,504.3
353810,2025,504.3
353810,2026,504.3
353810,2027,504.3
353810,2028,504.3
353810,2029,504.3
353810,2030,504.3
353810,2031,504.3
353810,2032,504.3
353810,2033,504.3
353810,2034,504.3
353810,2035,504.3
353810,2036,504.3
353810,2037,504.3
353810,2038,504.3
353810,2039,504.3
353810,2040,504.3
353810,2041,504.3
353810,2042,504.3
353810,2043,504.3
353810,2044,504.3
353810,2045,504.3
353870,2010,15864.2
353870,2011,16116.7
353870,2012,16373.2
353870,2013,16633.8
353870,2014,16898.6
353870,2015,17167.5
353870,2016,17440.8
353870,2017,17718.4
353870,2018,18000.4
353870,2019,18286.9
353870,2020,18577.9
353870,2021,18577.9
353870,2022,18577.9
353870,2023,18577.9
353870,2024,18577.9
353870,2025,18577.9
353870,2026,18577.9
353870,2027,18577.9
353870,2028,18577.9
353870,2029,18577.9
353870,2030,18577.9
353870,2031,18577.9
353870,2032,18577.9
353870,2033,18577.9
353870,2034,18577.9
353870,2035,18577.9
353870,2036,18577.9
353870,2037,18577.9
353870,2038,18577.9
353870,2039,18577.9
353870,2040,18577.9
353870,2041,18577.9
353870,2042,18577.9
353870,2043,18577.9
353870,2044,18577.9
353870,2045,18577.9
353910,2010,2102.2
353910,2011,2110.7
353910,2012,2119.2
353910,2013,2127.8
353910,2014,2136.5
353910,2015,2145.1
353910,2016,2153.8
353910,2017,2162.5
353910,2018,2171.3
353910,2019,2180.1
353910,2020,2188.9
353910,2021,2188.9
353910,2022,2188.9
353910,2023,2188.9
353910,2024,2188.9
353910,2025,2188.9
353910,2026,2188.9
353910,2027,2188.9
353910,2028,2188.9
353910,2029,2188.9
353910,2030,2188.9
353910,2031,2188.9
353910,2032,2188.9
353910,2033,2188.9
353910,2034,2188.9
353910,2035,2188.9
353910,2036,2188.9
353910,2037,2188.9
353910,2038,2188.9
353910,2039,2188.9
353910,2040,2188.9
353910,2041,2188.9
353910,2042,2188.9
353910,2043,2188.9
353910,2044,2188.9
353910,2045,2188.9
353920,2010,1216.9
353920,2011,1250.8
353920,2012,1285.6
353920,2013,1321.4
353920,2014,1358.1
353920,2015,1395.9
353920,2016,1434.8
353920,2017,1474.7
353920,2018,1515.7
353920,2019,1557.9
353920,2020,1601.3
353920,2021,1601.3
353920,2022,1601.3
353920,2023,1601.3
353920,2024,1601.3
353920,2025,1601.3
353920,2026,1601.3
353920,2027,1601.3
353920,2028,1601.3
353920,2029,1601.3
353920,2030,1601.3
353920,2031,1601.3
353920,2032,1601.3
353920,2033,1601.3
353920,2034,1601.3
353920,2035,1601.3
353920,2036,1601.3
353920,2037,1601.3
353920,2038,1601.3
353920,2039,1601.3
353920,2040,1601.3
353920,2041,1601.3
353920,2042,1601.3
353920,2043,1601.3
353920,2044,1601.3
353920,2045,1601.3
353940,2010,689.4
353940,2011,702.9
353940,2012,716.6
353940,2013,730.6
353940,2014,744.9
353940,2015,759.5
353940,2016,774.3
353940,2017,789.4
353940,2018,804.9
353940,2019,820.6
353940,2020,836.6
353940,2021,836.6
353940,2022,836.6
353940,2023,836.6
353940,2024,836.6
353940,2025,836.6
353940,2026,836.6
353940,2027,836.6
353940,2028,836.6
353940,2029,836.6
353940,2030,836.6
353940,2031,836.6
353940,2032,836.6
353940,2033,836.6
353940,2034,836.6
353940,2035,836.6
353940,2036,836.6
353940,2037,836.6
353940,2038,836.6
353940,2039,836.6
353940,2040,836.6
353940,2041,836.6
353940,2042,836.6
353940,2043,836.6
353940,2044,836.6
353940,2045,836.6
353980,2010,6831.4
353980,2011,6859.1
353980,2012,6886.9
353980,2013,6914.8
353980,2014,6942.8
353980,2015,6970.9
353980,2016,6999.2
353980,2017,7027.6
353980,2018,7056.0
353980,2019,7084.6
353980,2020,7113.3
353980,2021,7113.3
353980,2022,7113.3
353980,2023,7113.3
353980,2024,7113.3
353980,2025,7113.3
353980,2026,7113.3
353980,2027,7113.3
353980,2028,7113.3
353980,2029,7113.3
353980,2030,7113.3
353980,2031,7113.3
353980,2032,7113.3
353980,2033,7113.3
353980,2034,7113.3
353980,2035,7113.3
353980,2036,7113.3
353980,2037,7113.3
353980,2038,7113.3
353980,2039,7113.3
353980,2040,7113.3
353980,2041,7113.3
353980,2042,7113.3
353980,2043,7113.3
353980,2044,7113.3
353980,2045,7113.3
354075,2010,454.4
354075,2011,464.9
354075,2012,475.8
354075,2013,486.8
354075,2014,498.1
354075,2015,509.7
354075,2016,521.6
354075,2017,533.7
354075,2018,546.1
354075,2019,558.8
354075,2020,571.8
354075,2021,571.8
354075,2022,571.8
354075,2023,571.8
354075,2024,571.8
354075,2025,571.8
354075,2026,571.8
354075,2027,571.8
354075,2028,571.8
354075,2029,571.8
354075,2030,571.8
354075,2031,571.8
354075,2032,571.8
354075,2033,571.8
354075,2034,571.8
354075,2035,571.8
354075,2036,571.8
354075,2037,571.8
354075,2038,571.8
354075,2039,571.8
354075,2040,571.8
354075,2041,571.8
354075,2042,571.8
354075,2043,571.8
354075,2044,571.8
354075,2045,571.8
354100,2010,20583.0
354100,2011,20998.3
354100,2012,21422.0
354100,2013,21854.2
354100,2014,22295.1
354100,2015,22745.0
354100,2016,23203.9
354100,2017,23672.1
354100,2018,24149.7
354100,2019,24637.0
354100,2020,25134.1
354100,2021,25134.1
354100,2022,25134.1
354100,2023,25134.1
354100,2024,25134.1
354100,2025,25134.1
354100,2026,25134.1
354100,2027,25134.1
354100,2028,25134.1
354100,2029,25134.1
354100,2030,25134.1
354100,2031,25134.1
354100,2032,25134.1
354100,2033,25134.1
354100,2034,25134.1
354100,2035,25134.1
354100,2036,25134.1
354100,2037,25134.1
354100,2038,25134.1
354100,2039,25134.1
354100,2040,25134.1
354100,2041,25134.1
354100,2042,25134.1
354100,2043,25134.1
354100,2044,25134.1
354100,2045,25134.1
354120,2010,953.2
354120,2011,979.7
354120,2012,1006.9
354120,2013,1035.0
354120,2014,1063.8
354120,2015,1093.4
354120,2016,1123.8
354120,2017,1155.1
354120,2018,1187.2
354120,2019,1220.3
354120,2020,1254.2
354120,2021,1254.2
354120,2022,1254.2
354120,2023,1254.2
354120,2024,1254.2
354120,2025,1254.2
354120,2026,1254.2
354120,2027,1254.2
354120,2028,1254.2
354120,2029,1254.2
354120,2030,1254.2
354120,2031,1254.2
354120,2032,1254.2
354120,2033,1254.2
354120,2034,1254.2
354120,2035,1254.2
354120,2036,1254.2
354120,2037,1254.2
354120,2038,1254.2
354120,2039,1254.2
354120,2040,1254.2
354120,2041,1254.2
354120,2042,1254.2
354120,2043,1254.2
354120,2044,1254.2
354120,2045,1254.2
354140,2010,16195.8
354140,2011,16646.6
354140,2012,17109.8
354140,2013,17586.0
354140,2014,18075.4
354140,2015,18578.4
354140,2016,19095.4
354140,2017,19626.8
354140,2018,20173.0
354140,2019,20734.4
354140,2020,21311.4
354140,2021,21311.4
354140,2022,21311.4
354140,2023,21311.4
354140,2024,21311.4
354140,2025,21311.4
354140,2026,21311.4
354140,2027,21311.4
354140,2028,21311.4
354140,2029,21311.4
354140,2030,21311.4
354140,2031,21311.4
354140,2032,21311.4
354140,2033,21311.4
354140,2034,21311.4
354140,2035,21311.4
354140,2036,21311.4
354140,2037,21311.4
354140,2038,21311.4
354140,2039,21311.4
354140,2040,21311.4
354140,2041,21311.4
354140,2042,21311.4
354140,2043,21311.4
354140,2044,21311.4
354140,2045,21311.4
354230,2010,159.3
354230,2011,161.6
354230,2012,163.9
354230,2013,166.3
354230,2014,168.7
354230,2015,171.2
354230,2016,173.7
354230,2017,176.2
354230,2018,178.7
354230,2019,181.3
354230,2020,184.0
354230,2021,184.0
354230,2022,184.0
354230,2023,184.0
354230,2024,184.0
354230,2025,184.0
354230,2026,184.0
354230,2027,184.0
354230,2028,184.0
354230,2029,184.0
354230,2030,184.0
354230,2031,184.0
354230,2032,184.0
354230,2033,184.0
354230,2034,184.0
354230,2035,184.0
354230,2036,184.0
354230,2037,184.0
354230,2038,184.0
354230,2039,184.0
354230,2040,184.0
354230,2041,184.0
354230,2042,184.0
354230,2043,184.0
354230,2044,184.0
354230,2045,184.0
354240,2010,1809.7
354240,2011,1860.1
354240,2012,1911.8
354240,2013,1965.0
354240,2014,2019.7
354240,2015,2075.9
354240,2016,2133.7
354240,2017,2193.1
354240,2018,2254.1
354240,2019,2316.8
354240,2020,2381.3
354240,2021,2381.3
354240,2022,2381.3
354240,2023,2381.3
354240,2024,2381.3
354240,2025,2381.3
354240,2026,2381.3
354240,2027,2381.3
354240,2028,2381.3
354240,2029,2381.3
354240,2030,2381.3
354240,2031,2381.3
354240,2032,2381.3
354240,2033,2381.3
354240,2034,2381.3
354240,2035,2381.3
354240,2036,2381.3
354240,2037,2381.3
354240,2038,2381.3
354240,2039,2381.3
354240,2040,2381.3
354240,2041,2381.3
354240,2042,2381.3
354240,2043,2381.3
354240,2044,2381.3
354240,2045,2381.3
354270,2010,28.7
354270,2011,29.6
354270,2012,30.4
354270,2013,31.3
354270,2014,32.3
354270,2015,33.2
354270,2016,34.2
354270,2017,35.2
354270,2018,36.2
354270,2019,37.3
354270,2020,38.4
354270,2021,38.4
354270,2022,38.4
354270,2023,38.4
354270,2024,38.4
354270,2025,38.4
354270,2026,38.4
354270,2027,38.4
354270,2028,38.4
354270,2029,38.4
354270,2030,38.4
354270,2031,38.4
354270,2032,38.4
354270,2033,38.4
354270,2034,38.4
354270,2035,38.4
354270,2036,38.4
354270,2037,38.4
354270,2038,38.4
354270,2039,38.4
354270,2040,38.4
354270,2041,38.4
354270,2042,38.4
354270,2043,38.4
354270,2044,38.4
354270,2045,38.4
354310,2010,88.8
354310,2011,91.4
354310,2012,94.1
354310,2013,96.9
354310,2014,99.7
354310,2015,102.7
354310,2016,105.7
354310,2017,108.8
354310,2018,112.0
354310,2019,115.3
354310,2020,118.7
354310,2021,118.7
354310,2022,118.7
354310,2023,118.7
354310,2024,118.7
354310,2025,118.7
354310,2026,118.7
354310,2027,118.7
354310,2028,118.7
354310,2029,118.7
354310,2030,118.7
354310,2031,118.7
354310,2032,118.7
354310,2033,118.7
354310,2034,118.7
354310,2035,118.7
354310,2036,118.7
354310,2037,118.7
354310,2038,118.7
354310,2039,118.7
354310,2040,118.7
354310,2041,118.7
354310,2042,118.7
354310,2043,118.7
354310,2044,118.7
354310,2045,118.7
354330,2010,6001.0
354330,2011,6025.3
354330,2012,6049.7
354330,2013,6074.2
354330,2014,6098.8
354330,2015,6123.6
354330,2016,6148.4
354330,2017,6173.3
354330,2018,6198.3
354330,2019,6223.4
354330,2020,6248.6
354330,2021,6248.6
354330,2022,6248.6
354330,2023,6248.6
354330,2024,6248.6
354330,2025,6248.6
354330,2026,6248.6
354330,2027,6248.6
354330,2028,6248.6
354330,2029,6248.6
354330,2030,6248.6
354330,2031,6248.6
354330,2032,6248.6
354330,2033,6248.6
354330,2034,6248.6
354330,2035,6248.6
354330,2036,6248.6
354330,2037,6248.6
354330,2038,6248.6
354330,2039,6248.6
354330,2040,6248.6
354330,2041,6248.6
354330,2042,6248.6
354330,2043,6248.6
354330,2044,6248.6
354330,2045,6248.6
354340,2010,32407.4
354340,2011,32795.3
354340,2012,33187.8
354340,2013,33585.0
354340,2014,33987.0
354340,2015,34393.8
354340,2016,34805.5
354340,2017,35222.1
354340,2018,35643.6
354340,2019,36070.3
354340,2020,36502.0
354340,2021,36502.0
354340,2022,36502.0
354340,2023,36502.0
354340,2024,36502.0
354340,2025,36502.0
354340,2026,36502.0
354340,2027,36502.0
354340,2028,36502.0
354340,2029,36502.0
354340,2030,36502.0
354340,2031,36502.0
354340,2032,36502.0
354340,2033,36502.0
354340,2034,36502.0
354340,2035,36502.0
354340,2036,36502.0
354340,2037,36502.0
354340,2038,36502.0
354340,2039,36502.0
354340,2040,36502.0
354340,2041,36502.0
354340,2042,36502.0
354340,2043,36502.0
354340,2044,36502.0
354340,2045,36502.0
354370,2010,148.8
354370,2011,153.2
354370,2012,157.6
354370,2013,162.2
354370,2014,166.9
354370,2015,171.8
354370,2016,176.8
354370,2017,181.9
354370,2018,187.2
354370,2019,192.6
354370,2020,198.2
354370,2021,198.2
354370,2022,198.2
354370,2023,198.2
354370,2024,198.2
354370,2025,198.2
354370,2026,198.2
354370,2027,198.2
354370,2028,198.2
354370,2029,198.2
354370,2030,198.2
354370,2031,198.2
354370,2032,198.2
354370,2033,198.2
354370,2034,198.2
354370,2035,198.2
354370,2036,198.2
354370,2037,198.2
354370,2038,198.2
354370,2039,198.2
354370,2040,198.2
354370,2041,198.2
354370,2042,198.2
354370,2043,198.2
354370,2044,198.2
354370,2045,198.2
354390,2010,6236.0
354390,2011,6307.8
354390,2012,6380.4
354390,2013,6453.9
354390,2014,6528.2
354390,2015,6603.4
354390,2016,6679.4
354390,2017,6756.4
354390,2018,6834.2
354390,2019,6912.9
354390,2020,6992.5
354390,2021,6992.5
354390,2022,6992.5
354390,2023,6992.5
354390,2024,6992.5
354390,2025,6992.5
354390,2026,6992.5
354390,2027,6992.5
354390,2028,6992.5
354390,2029,6992.5
354390,2030,6992.5
354390,2031,6992.5
354390,2032,6992.5
354390,2033,6992.5
354390,2034,6992.5
354390,2035,6992.5
354390,2036,6992.5
354390,2037,6992.5
354390,2038,6992.5
354390,2039,6992.5
354390,2040,6992.5
354390,2041,6992.5
354390,2042,6992.5
354390,2043,6992.5
354390,2044,6992.5
354390,2045,6992.5
354400,2010,564.1
354400,2011,573.0
354400,2012,582.2
354400,2013,591.4
354400,2014,600.8
354400,2015,610.4
354400,2016,620.1
354400,2017,630.0
354400,2018,640.0
354400,2019,650.2
354400,2020,660.5
354400,2021,660.5
354400,2022,660.5
354400,2023,660.5
354400,2024,660.5
354400,2025,660.5
354400,2026,660.5
354400,2027,660.5
354400,2028,660.5
354400,2029,660.5
354400,2030,660.5
354400,2031,660.5
354400,2032,660.5
354400,2033,660.5
354400,2034,660.5
354400,2035,660.5
354400,2036,660.5
354400,2037,660.5
354400,2038,660.5
354400,2039,660.5
354400,2040,660.5
354400,2041,660.5
354400,2042,660.5
354400,2043,660.5
354400,2044,660.5
354400,2045,660.5
354410,2010,2214.5
354410,2011,2223.4
354410,2012,2232.4
354410,2013,2241.5
354410,2014,2250.6
354410,2015,2259.7
354410,2016,2268.9
354410,2017,2278.0
354410,2018,2287.3
354410,2019,2296.5
354410,2020,2305.9
354410,2021,2305.9
354410,2022,2305.9
354410,2023,2305.9
354410,2024,2305.9
354410,2025,2305.9
354410,2026,2305.9
354410,2027,2305.9
354410,2028,2305.9
354410,2029,2305.9
354410,2030,2305.9
354410,2031,2305.9
354410,2032,2305.9
354410,2033,2305.9
354410,2034,2305.9
354410,2035,2305.9
354410,2036,2305.9
354410,2037,2305.9
354410,2038,2305.9
354410,2039,2305.9
354410,2040,2305.9
354410,2041,2305.9
354410,2042,2305.9
354410,2043,2305.9
354410,2044,2305.9
354410,2045,2305.9
354430,2010,689.4
354430,2011,705.4
354430,2012,721.8
354430,2013,738.6
354430,2014,755.8
354430,2015,773.4
354430,2016,791.4
354430,2017,809.8
354430,2018,828.6
354430,2019,847.8
354430,2020,867.6
354430,2021,867.6
354430,2022,867.6
354430,2023,867.6
354430,2024,867.6
354430,2025,867.6
354430,2026,867.6
354430,2027,867.6
354430,2028,867.6
354430,2029,867.6
354430,2030,867.6
354430,2031,867.6
354430,2032,867.6
354430,2033,867.6
354430,2034,867.6
354430,2035,867.6
354430,2036,867.6
354430,2037,867.6
354430,2038,867.6
354430,2039,867.6
354430,2040,867.6
354430,2041,867.6
354430,2042,867.6
354430,2043,867.6
354430,2044,867.6
354430,2045,867.6
354500,2010,934.9
354500,2011,938.7
354500,2012,942.5
354500,2013,946.3
354500,2014,950.1
354500,2015,954.0
354500,2016,957.8
354500,2017,961.7
354500,2018,965.6
354500,2019,969.5
354500,2020,973.5
354500,2021,973.5
354500,2022,973.5
354500,2023,973.5
354500,2024,973.5
354500,2025,973.5
354500,2026,973.5
354500,2027,973.5
354500,2028,973.5
354500,2029,973.5
354500,2030,973.5
354500,2031,973.5
354500,2032,973.5
354500,2033,973.5
354500,2034,973.5
354500,2035,973.5
354500,2036,973.5
354500,2037,973.5
354500,2038,973.5
354500,2039,973.5
354500,2040,973.5
354500,2041,973.5
354500,2042,973.5
354500,2043,973.5
354500,2044,973.5
354500,2045,973.5
354515,2010,164.5
354515,2011,167.1
354515,2012,169.8
354515,2013,172.5
354515,2014,175.2
354515,2015,178.0
354515,2016,180.9
354515,2017,183.7
354515,2018,186.7
354515,2019,189.6
354515,2020,192.7
354515,2021,192.7
354515,2022,192.7
354515,2023,192.7
354515,2024,192.7
354515,2025,192.7
354515,2026,192.7
354515,2027,192.7
354515,2028,192.7
354515,2029,192.7
354515,2030,192.7
354515,2031,192.7
354515,2032,192.7
354515,2033,192.7
354515,2034,192.7
354515,2035,192.7
354515,2036,192.7
354515,2037,192.7
354515,2038,192.7
354515,2039,192.7
354515,2040,192.7
354515,2041,192.7
354515,2042,192.7
354515,2043,192.7
354515,2044,192.7
354515,2045,192.7
354520,2010,2188.3
354520,2011,2227.5
354520,2012,2267.3
354520,2013,2307.8
354520,2014,2349.1
354520,2015,2391.1
354520,2016,2433.8
354520,2017,2477.4
354520,2018,2521.7
354520,2019,2566.7
354520,2020,2612.6
354520,2021,2612.6
354520,2022,2612.6
354520,2023,2612.6
354520,2024,2612.6
354520,2025,2612.6
354520,2026,2612.6
354520,2027,2612.6
354520,2028,2612.6
354520,2029,2612.6
354520,2030,2612.6
354520,2031,2612.6
354520,2032,2612.6
354520,2033,2612.6
354520,2034,2612.6
354520,2035,2612.6
354520,2036,2612.6
354520,2037,2612.6
354520,2038,2612.6
354520,2039,2612.6
354520,2040,2612.6
354520,2041,2612.6
354520,2042,2612.6
354520,2043,2612.6
354520,2044,2612.6
354520,2045,2612.6
354530,2010,1269.1
354530,2011,1307.5
354530,2012,1346.9
354530,2013,1387.6
354530,2014,1429.5
354530,2015,1472.6
354530,2016,1517.1
354530,2017,1562.9
354530,2018,1610.1
354530,2019,1658.7
354530,2020,1708.8
354530,2021,1708.8
354530,2022,1708.8
354530,2023,1708.8
354530,2024,1708.8
354530,2025,1708.8
354530,2026,1708.8
354530,2027,1708.8
354530,2028,1708.8
354530,2029,1708.8
354530,2030,1708.8
354530,2031,1708.8
354530,2032,1708.8
354530,2033,1708.8
354530,2034,1708.8
354530,2035,1708.8
354530,2036,1708.8
354530,2037,1708.8
354530,2038,1708.8
354530,2039,1708.8
354530,2040,1708.8
354530,2041,1708.8
354530,2042,1708.8
354530,2043,1708.8
354530,2044,1708.8
354530,2045,1708.8
354580,2010,2794.2
354580,2011,2824.5
354580,2012,2855.1
354580,2013,2886.0
354580,2014,2917.3
354580,2015,2948.9
354580,2016,2980.8
354580,2017,3013.1
354580,2018,3045.7
354580,2019,3078.7
354580,2020,3112.1
354580,2021,3112.1
354580,2022,3112.1
354580,2023,3112.1
354580,2024,3112.1
354580,2025,3112.1
354580,2026,3112.1
354580,2027,3112.1
354580,2028,3112.1
354580,2029,3112.1
354580,2030,3112.1
354580,2031,3112.1
354580,2032,3112.1
354580,2033,3112.1
354580,2034,3112.1
354580,2035,3112.1
354580,2036,3112.1
354580,2037,3112.1
354580,2038,3112.1
354580,2039,3112.1
354580,2040,3112.1
354580,2041,3112.1
354580,2042,3112.1
354580,2043,3112.1
354580,2044,3112.1
354580,2045,3112.1
354600,2010,399.5
354600,2011,405.3
354600,2012,411.2
354600,2013,417.2
354600,2014,423.2
354600,2015,429.4
354600,2016,435.6
354600,2017,441.9
354600,2018,448.3
354600,2019,454.8
354600,2020,461.4
354600,2021,461.4
354600,2022,461.4
354600,2023,461.4
354600,2024,461.4
354600,2025,461.4
354600,2026,461.4
354600,2027,461.4
354600,2028,461.4
354600,2029,461.4
354600,2030,461.4
354600,2031,461.4
354600,2032,461.4
354600,2033,461.4
354600,2034,461.4
354600,2035,461.4
354600,2036,461.4
354600,2037,461.4
354600,2038,461.4
354600,2039,461.4
354600,2040,461.4
354600,2041,461.4
354600,2042,461.4
354600,2043,461.4
354600,2044,461.4
354600,2045,461.4
354625,2010,28.7
354625,2011,29.1
354625,2012,29.4
354625,2013,29.8
354625,2014,30.1
354625,2015,30.5
354625,2016,30.9
354625,2017,31.2
354625,2018,31.6
354625,2019,32.0
354625,2020,32.4
354625,2021,32.4
354625,2022,32.4
354625,2023,32.4
354625,2024,32.4
354625,2025,32.4
354625,2026,32.4
354625,2027,32.4
354625,2028,32.4
354625,2029,32.4
354625,2030,32.4
354625,2031,32.4
354625,2032,32.4
354625,2033,32.4
354625,2034,32.4
354625,2035,32.4
354625,2036,32.4
354625,2037,32.4
354625,2038,32.4
354625,2039,32.4
354625,2040,32.4
354625,2041,32.4
354625,2042,32.4
354625,2043,32.4
354625,2044,32.4
354625,2045,32.4
354670,2010,284.6
354670,2011,287.9
354670,2012,291.2
354670,2013,294.6
354670,2014,298.0
354670,2015,301.4
354670,2016,304.9
354670,2017,308.4
354670,2018,311.9
354670,2019,315.5
354670,2020,319.2
354670,2021,319.2
354670,2022,319.2
354670,2023,319.2
354670,2024,319.2
354670,2025,319.2
354670,2026,319.2
354670,2027,319.2
354670,2028,319.2
354670,2029,319.2
354670,2030,319.2
354670,2031,319.2
354670,2032,319.2
354670,2033,319.2
354670,2034,319.2
354670,2035,319.2
354670,2036,319.2
354670,2037,319.2
354670,2038,319.2
354670,2039,319.2
354670,2040,319.2
354670,2041,319.2
354670,2042,319.2
354670,2043,319.2
354670,2044,319.2
354670,2045,319.2
354680,2010,1428.4
354680,2011,1434.2
354680,2012,1440.0
354680,2013,1445.9
354680,2014,1451.7
354680,2015,1457.6
354680,2016,1463.5
354680,2017,1469.4
354680,2018,1475.4
354680,2019,1481.4
354680,2020,1487.4
354680,2021,1487.4
354680,2022,1487.4
354680,2023,1487.4
354680,2024,1487.4
354680,2025,1487.4
354680,2026,1487.4
354680,2027,1487.4
354680,2028,1487.4
354680,2029,1487.4
354680,2030,1487.4
354680,2031,1487.4
354680,2032,1487.4
354680,2033,1487.4
354680,2034,1487.4
354680,2035,1487.4
354680,2036,1487.4
354680,2037,1487.4
354680,2038,1487.4
354680,2039,1487.4
354680,2040,1487.4
354680,2041,1487.4
354680,2042,1487.4
354680,2043,1487.4
354680,2044,1487.4
354680,2045,1487.4
354690,2010,114.9
354690,2011,118.2
354690,2012,121.7
354690,2013,125.2
354690,2014,128.9
354690,2015,132.6
354690,2016,136.5
354690,2017,140.4
354690,2018,144.5
354690,2019,148.7
354690,2020,153.0
354690,2021,153.0
354690,2022,153.0
354690,2023,153.0
354690,2024,153.0
354690,2025,153.0
354690,2026,153.0
354690,2027,153.0
354690,2028,153.0
354690,2029,153.0
354690,2030,153.0
354690,2031,153.0
354690,2032,153.0
354690,2033,153.0
354690,2034,153.0
354690,2035,153.0
354690,2036,153.0
354690,2037,153.0
354690,2038,153.0
354690,2039,153.0
354690,2040,153.0
354690,2041,153.0
354690,2042,153.0
354690,2043,153.0
354690,2044,153.0
354690,2045,153.0
354730,2010,4415.9
354730,2011,4433.8
354730,2012,4451.7
354730,2013,4469.8
354730,2014,4487.9
354730,2015,4506.1
354730,2016,4524.3
354730,2017,4542.7
354730,2018,4561.1
354730,2019,4579.5
354730,2020,4598.1
354730,2021,4598.1
354730,2022,4598.1
354730,2023,4598.1
354730,2024,4598.1
354730,2025,4598.1
354730,2026,4598.1
354730,2027,4598.1
354730,2028,4598.1
354730,2029,4598.1
354730,2030,4598.1
354730,2031,4598.1
354730,2032,4598.1
354730,2033,4598.1
354730,2034,4598.1
354730,2035,4598.1
354730,2036,4598.1
354730,2037,4598.1
354730,2038,4598.1
354730,2039,4598.1
354730,2040,4598.1
354730,2041,4598.1
354730,2042,4598.1
354730,2043,4598.1
354730,2044,4598.1
354730,2045,4598.1
354780,2010,26367.2
354780,2011,26474.1
354780,2012,26581.3
354780,2013,26689.1
354780,2014,26797.2
354780,2015,26905.8
354780,2016,27014.8
354780,2017,27124.3
354780,2018,27234.2
354780,2019,27344.6
354780,2020,27455.4
354780,2021,27455.4
354780,2022,27455.4
354780,2023,27455.4
354780,2024,27455.4
354780,2025,27455.4
354780,2026,27455.4
354780,2027,27455.4
354780,2028,27455.4
354780,2029,27455.4
354780,2030,27455.4
354780,2031,27455.4
354780,2032,27455.4
354780,2033,27455.4
354780,2034,27455.4
354780,2035,27455.4
354780,2036,27455.4
354780,2037,27455.4
354780,2038,27455.4
354780,2039,27455.4
354780,2040,27455.4
354780,2041,27455.4
354780,2042,27455.4
354780,2043,27455.4
354780,2044,27455.4
354780,2045,27455.4
354830,2010,381.3
354830,2011,391.9
354830,2012,402.8
354830,2013,414.0
354830,2014,425.5
354830,2015,437.4
354830,2016,449.5
354830,2017,462.0
354830,2018,474.9
354830,2019,488.1
354830,2020,501.7
354830,2021,501.7
354830,2022,501.7
354830,2023,501.7
354830,2024,501.7
354830,2025,501.7
354830,2026,501.7
354830,2027,501.7
354830,2028,501.7
354830,2029,501.7
354830,2030,501.7
354830,2031,501.7
354830,2032,501.7
354830,2033,501.7
354830,2034,501.7
354830,2035,501.7
354830,2036,501.7
354830,2037,501.7
354830,2038,501.7
354830,2039,501.7
354830,2040,501.7
354830,2041,501.7
354830,2042,501.7
354830,2043,501.7
354830,2044,501.7
354830,2045,501.7
354850,2010,33235.2
354850,2011,33905.7
354850,2012,34589.9
354850,2013,35287.8
354850,2014,35999.8
354850,2015,36726.1
354850,2016,37467.1
354850,2017,38223.1
354850,2018,38994.3
354850,2019,39781.1
354850,2020,40583.8
354850,2021,40583.8
354850,2022,40583.8
354850,2023,40583.8
354850,2024,40583.8
354850,2025,40583.8
354850,2026,40583.8
354850,2027,40583.8
354850,2028,40583.8
354850,2029,40583.8
354850,2030,40583.8
354850,2031,40583.8
354850,2032,40583.8
354850,2033,40583.8
354850,2034,40583.8
354850,2035,40583.8
354850,2036,40583.8
354850,2037,40583.8
354850,2038,40583.8
354850,2039,40583.8
354850,2040,40583.8
354850,2041,40583.8
354850,2042,40583.8
354850,2043,40583.8
354850,2044,40583.8
354850,2045,40583.8
354870,2010,28156.0
354870,2011,28270.1
354870,2012,28384.7
354870,2013,28499.7
354870,2014,28615.2
354870,2015,28731.1
354870,2016,28847.6
354870,2017,28964.5
354870,2018,29081.9
354870,2019,29199.7
354870,2020,29318.0
354870,2021,29318.0
354870,2022,29318.0
354870,2023,29318.0
354870,2024,29318.0
354870,2025,29318.0
354870,2026,29318.0
354870,2027,29318.0
354870,2028,29318.0
354870,2029,29318.0
354870,2030,29318.0
354870,2031,29318.0
354870,2032,29318.0
354870,2033,29318.0
354870,2034,29318.0
354870,2035,29318.0
354870,2036,29318.0
354870,2037,29318.0
354870,2038,29318.0
354870,2039,29318.0
354870,2040,29318.0
354870,2041,29318.0
354870,2042,29318.0
354870,2043,29318.0
354870,2044,29318.0
354870,2045,29318.0
354880,2010,6014.0
354880,2011,6038.4
354880,2012,6062.9
354880,2013,6087.4
354880,2014,6112.1
354880,2015,6136.9
354880,2016,6161.7
354880,2017,6186.7
354880,2018,6211.8
354880,2019,6237.0
354880,2020,6262.2
354880,2021,6262.2
354880,2022,6262.2
354880,2023,6262.2
354880,2024,6262.2
354880,2025,6262.2
354880,2026,6262.2
354880,2027,6262.2
354880,2028,6262.2
354880,2029,6262.2
354880,2030,6262.2
354880,2031,6262.2
354880,2032,6262.2
354880,2033,6262.2
354880,2034,6262.2
354880,2035,6262.2
354880,2036,6262.2
354880,2037,6262.2
354880,2038,6262.2
354880,2039,6262.2
354880,2040,6262.2
354880,2041,6262.2
354880,2042,6262.2
354880,2043,6262.2
354880,2044,6262.2
354880,2045,6262.2
354890,2010,10641.4
354890,2011,10790.6
354890,2012,10941.9
354890,2013,11095.4
354890,2014,11251.0
354890,2015,11408.7
354890,2016,11568.7
354890,2017,11730.9
354890,2018,11895.4
354890,2019,12062.2
354890,2020,12231.4
354890,2021,12231.4
354890,2022,12231.4
354890,2023,12231.4
354890,2024,12231.4
354890,2025,12231.4
354890,2026,12231.4
354890,2027,12231.4
354890,2028,12231.4
354890,2029,12231.4
354890,2030,12231.4
354890,2031,12231.4
354890,2032,12231.4
354890,2033,12231.4
354890,2034,12231.4
354890,2035,12231.4
354890,2036,12231.4
354890,2037,12231.4
354890,2038,12231.4
354890,2039,12231.4
354890,2040,12231.4
354890,2041,12231.4
354890,2042,12231.4
354890,2043,12231.4
354890,2044,12231.4
354890,2045,12231.4
354980,2010,17467.6
354980,2011,17986.2
354980,2012,18520.3
354980,2013,19070.2
354980,2014,19636.4
354980,2015,20219.4
354980,2016,20819.7
354980,2017,21437.9
354980,2018,22074.4
354980,2019,22729.8
354980,2020,23404.7
354980,2021,23404.7
354980,2022,23404.7
354980,2023,23404.7
354980,2024,23404.7
354980,2025,23404.7
354980,2026,23404.7
354980,2027,23404.7
354980,2028,23404.7
354980,2029,23404.7
354980,2030,23404.7
354980,2031,23404.7
354980,2032,23404.7
354980,2033,23404.7
354980,2034,23404.7
354980,2035,23404.7
354980,2036,23404.7
354980,2037,23404.7
354980,2038,23404.7
354980,2039,23404.7
354980,2040,23404.7
354980,2041,23404.7
354980,2042,23404.7
354980,2043,23404.7
354980,2044,23404.7
354980,2045,23404.7
354990,2010,30041.4
354990,2011,30477.0
354990,2012,30918.8
354990,2013,31367.1
354990,2014,31821.8
354990,2015,32283.1
354990,2016,32751.2
354990,2017,33226.0
354990,2018,33707.7
354990,2019,34196.4
354990,2020,34692.1
354990,2021,34692.1
354990,2022,34692.1
354990,2023,34692.1
354990,2024,34692.1
354990,2025,34692.1
354990,2026,34692.1
354990,2027,34692.1
354990,2028,34692.1
354990,2029,34692.1
354990,2030,34692.1
354990,2031,34692.1
354990,2032,34692.1
354990,2033,34692.1
354990,2034,34692.1
354990,2035,34692.1
354990,2036,34692.1
354990,2037,34692.1
354990,2038,34692.1
354990,2039,34692.1
354990,2040,34692.1
354990,2041,34692.1
354990,2042,34692.1
354990,2043,34692.1
354990,2044,34692.1
354990,2045,34692.1
354995,2010,1154.2
354995,2011,1158.9
354995,2012,1163.6
354995,2013,1168.3
354995,2014,1173.1
354995,2015,1177.8
354995,2016,1182.6
354995,2017,1187.4
354995,2018,1192.2
354995,2019,1197.0
354995,2020,1201.9
354995,2021,1201.9
354995,2022,1201.9
354995,2023,1201.9
354995,2024,1201.9
354995,2025,1201.9
354995,2026,1201.9
354995,2027,1201.9
354995,2028,1201.9
354995,2029,1201.9
354995,2030,1201.9
354995,2031,1201.9
354995,2032,1201.9
354995,2033,1201.9
354995,2034,1201.9
354995,2035,1201.9
354995,2036,1201.9
354995,2037,1201.9
354995,2038,1201.9
354995,2039,1201.9
354995,2040,1201.9
354995,2041,1201.9
354995,2042,1201.9
354995,2043,1201.9
354995,2044,1201.9
354995,2045,1201.9
355030,2010,463480.1
355030,2011,465358.3
355030,2012,467244.1
355030,2013,469137.5
355030,2014,471038.6
355030,2015,472947.4
355030,2016,474864.0
355030,2017,476788.3
355030,2018,478720.4
355030,2019,480660.4
355030,2020,482608.2
355030,2021,482608.2
355030,2022,482608.2
355030,2023,482608.2
355030,2024,482608.2
355030,2025,482608.2
355030,2026,482608.2
355030,2027,482608.2
355030,2028,482608.2
355030,2029,482608.2
355030,2030,482608.2
355030,2031,482608.2
355030,2032,482608.2
355030,2033,482608.2
355030,2034,482608.2
355030,2035,482608.2
355030,2036,482608.2
355030,2037,482608.2
355030,2038,482608.2
355030,2039,482608.2
355030,2040,482608.2
355030,2041,482608.2
355030,2042,482608.2
355030,2043,482608.2
355030,2044,482608.2
355030,2045,482608.2
355060,2010,4065.9
355060,2011,4151.8
355060,2012,4239.5
355060,2013,4329.0
355060,2014,4420.5
355060,2015,4513.8
355060,2016,4609.1
355060,2017,4706.5
355060,2018,4805.9
355060,2019,4907.4
355060,2020,5011.0
355060,2021,5011.0
355060,2022,5011.0
355060,2023,5011.0
355060,2024,5011.0
355060,2025,5011.0
355060,2026,5011.0
355060,2027,5011.0
355060,2028,5011.0
355060,2029,5011.0
355060,2030,5011.0
355060,2031,5011.0
355060,2032,5011.0
355060,2033,5011.0
355060,2034,5011.0
355060,2035,5011.0
355060,2036,5011.0
355060,2037,5011.0
355060,2038,5011.0
355060,2039,5011.0
355060,2040,5011.0
355060,2041,5011.0
355060,2042,5011.0
355060,2043,5011.0
355060,2044,5011.0
355060,2045,5011.0
355070,2010,4938.1
355070,2011,5141.2
355070,2012,5352.6
355070,2013,5572.7
355070,2014,5801.9
355070,2015,6040.4
355070,2016,6288.8
355070,2017,6547.4
355070,2018,6816.6
355070,2019,7096.9
355070,2020,7388.8
355070,2021,7388.8
355070,2022,7388.8
355070,2023,7388.8
355070,2024,7388.8
355070,2025,7388.8
355070,2026,7388.8
355070,2027,7388.8
355070,2028,7388.8
355070,2029,7388.8
355070,2030,7388.8
355070,2031,7388.8
355070,2032,7388.8
355070,2033,7388.8
355070,2034,7388.8
355070,2035,7388.8
355070,2036,7388.8
355070,2037,7388.8
355070,2038,7388.8
355070,2039,7388.8
355070,2040,7388.8
355070,2041,7388.8
355070,2042,7388.8
355070,2043,7388.8
355070,2044,7388.8
355070,2045,7388.8
355100,2010,17206.5
355100,2011,17553.6
355100,2012,17907.8
355100,2013,18269.1
355100,2014,18637.7
355100,2015,19013.8
355100,2016,19397.4
355100,2017,19788.8
355100,2018,20188.1
355100,2019,20595.4
355100,2020,21011.0
355100,2021,21011.0
355100,2022,21011.0
355100,2023,21011.0
355100,2024,21011.0
355100,2025,21011.0
355100,2026,21011.0
355100,2027,21011.0
355100,2028,21011.0
355100,2029,21011.0
355100,2030,21011.0
355100,2031,21011.0
355100,2032,21011.0
355100,2033,21011.0
355100,2034,21011.0
355100,2035,21011.0
355100,2036,21011.0
355100,2037,21011.0
355100,2038,21011.0
355100,2039,21011.0
355100,2040,21011.0
355100,2041,21011.0
355100,2042,21011.0
355100,2043,21011.0
355100,2044,21011.0
355100,2045,21011.0
355140,2010,671.1
355140,2011,679.2
355140,2012,687.3
355140,2013,695.5
355140,2014,703.8
355140,2015,712.3
355140,2016,720.8
355140,2017,729.4
355140,2018,738.1
355140,2019,747.0
355140,2020,755.9
355140,2021,755.9
355140,2022,755.9
355140,2023,755.9
355140,2024,755.9
355140,2025,755.9
355140,2026,755.9
355140,2027,755.9
355140,2028,755.9
355140,2029,755.9
355140,2030,755.9
355140,2031,755.9
355140,2032,755.9
355140,2033,755.9
355140,2034,755.9
355140,2035,755.9
355140,2036,755.9
355140,2037,755.9
355140,2038,755.9
355140,2039,755.9
355140,2040,755.9
355140,2041,755.9
355140,2042,755.9
355140,2043,755.9
355140,2044,755.9
355140,2045,755.9
355150,2010,1465.0
355150,2011,1482.5
355150,2012,1500.3
355150,2013,1518.2
355150,2014,1536.4
355150,2015,1554.8
355150,2016,1573.4
355150,2017,1592.2
355150,2018,1611.3
355150,2019,1630.6
355150,2020,1650.1
355150,2021,1650.1
355150,2022,1650.1
355150,2023,1650.1
355150,2024,1650.1
355150,2025,1650.1
355150,2026,1650.1
355150,2027,1650.1
355150,2028,1650.1
355150,2029,1650.1
355150,2030,1650.1
355150,2031,1650.1
355150,2032,1650.1
355150,2033,1650.1
355150,2034,1650.1
355150,2035,1650.1
355150,2036,1650.1
355150,2037,1650.1
355150,2038,1650.1
355150,2039,1650.1
355150,2040,1650.1
355150,2041,1650.1
355150,2042,1650.1
355150,2043,1650.1
355150,2044,1650.1
355150,2045,1650.1
355170,2010,4765.8
355170,2011,4813.8
355170,2012,4862.3
355170,2013,4911.3
355170,2014,4960.7
355170,2015,5010.7
355170,2016,5061.2
355170,2017,5112.2
355170,2018,5163.7
355170,2019,5215.7
355170,2020,5268.2
355170,2021,5268.2
355170,2022,5268.2
355170,2023,5268.2
355170,2024,5268.2
355170,2025,5268.2
355170,2026,5268.2
355170,2027,5268.2
355170,2028,5268.2
355170,2029,5268.2
355170,2030,5268.2
355170,2031,5268.2
355170,2032,5268.2
355170,2033,5268.2
355170,2034,5268.2
355170,2035,5268.2
355170,2036,5268.2
355170,2037,5268.2
355170,2038,5268.2
355170,2039,5268.2
355170,2040,5268.2
355170,2041,5268.2
355170,2042,5268.2
355170,2043,5268.2
355170,2044,5268.2
355170,2045,5268.2
355220,2010,30352.2
355220,2011,31268.6
355220,2012,32212.6
355220,2013,33185.2
355220,2014,34187.1
355220,2015,35219.3
355220,2016,36282.6
355220,2017,37378.1
355220,2018,38506.6
355220,2019,39669.2
355220,2020,40866.9
355220,2021,40866.9
355220,2022,40866.9
355220,2023,40866.9
355220,2024,40866.9
355220,2025,40866.9
355220,2026,40866.9
355220,2027,40866.9
355220,2028,40866.9
355220,2029,40866.9
355220,2030,40866.9
355220,2031,40866.9
355220,2032,40866.9
355220,2033,40866.9
355220,2034,40866.9
355220,2035,40866.9
355220,2036,40866.9
355220,2037,40866.9
355220,2038,40866.9
355220,2039,40866.9
355220,2040,40866.9
355220,2041,40866.9
355220,2042,40866.9
355220,2043,40866.9
355220,2044,40866.9
355220,2045,40866.9
355240,2010,6674.7
355240,2011,6776.3
355240,2012,6879.3
355240,2013,6984.0
355240,2014,7090.3
355240,2015,7198.1
355240,2016,7307.6
355240,2017,7418.8
355240,2018,7531.7
355240,2019,7646.2
355240,2020,7762.6
355240,2021,7762.6
355240,2022,7762.6
355240,2023,7762.6
355240,2024,7762.6
355240,2025,7762.6
355240,2026,7762.6
355240,2027,7762.6
355240,2028,7762.6
355240,2029,7762.6
355240,2030,7762.6
355240,2031,7762.6
355240,2032,7762.6
355240,2033,7762.6
355240,2034,7762.6
355240,2035,7762.6
355240,2036,7762.6
355240,2037,7762.6
355240,2038,7762.6
355240,2039,7762.6
355240,2040,7762.6
355240,2041,7762.6
355240,2042,7762.6
355240,2043,7762.6
355240,2044,7762.6
355240,2045,7762.6
355250,2010,8774.3
355250,2011,8809.8
355250,2012,8845.5
355250,2013,8881.4
355250,2014,8917.4
355250,2015,8953.5
355250,2016,8989.8
355250,2017,9026.2
355250,2018,9062.8
355250,2019,9099.5
355250,2020,9136.4
355250,2021,9136.4
355250,2022,9136.4
355250,2023,9136.4
355250,2024,9136.4
355250,2025,9136.4
355250,2026,9136.4
355250,2027,9136.4
355250,2028,9136.4
355250,2029,9136.4
355250,2030,9136.4
355250,2031,9136.4
355250,2032,9136.4
355250,2033,9136.4
355250,2034,9136.4
355250,2035,9136.4
355250,2036,9136.4
355250,2037,9136.4
355250,2038,9136.4
355250,2039,9136.4
355250,2040,9136.4
355250,2041,9136.4
355250,2042,9136.4
355250,2043,9136.4
355250,2044,9136.4
355250,2045,9136.4
355280,2010,11195.0
355280,2011,11240.4
355280,2012,11285.9
355280,2013,11331.7
355280,2014,11377.6
355280,2015,11423.7
355280,2016,11470.0
355280,2017,11516.5
355280,2018,11563.2
355280,2019,11610.0
355280,2020,11657.1
355280,2021,11657.1
355280,2022,11657.1
355280,2023,11657.1
355280,2024,11657.1
355280,2025,11657.1
355280,2026,11657.1
355280,2027,11657.1
355280,2028,11657.1
355280,2029,11657.1
355280,2030,11657.1
355280,2031,11657.1
355280,2032,11657.1
355280,2033,11657.1
355280,2034,11657.1
355280,2035,11657.1
355280,2036,11657.1
355280,2037,11657.1
355280,2038,11657.1
355280,2039,11657.1
355280,2040,11657.1
355280,2041,11657.1
355280,2042,11657.1
355280,2043,11657.1
355280,2044,11657.1
355280,2045,11657.1
355290,2010,99.2
355290,2011,102.0
355290,2012,104.8
355290,2013,107.8
355290,2014,110.7
355290,2015,113.8
355290,2016,117.0
355290,2017,120.3
355290,2018,123.6
355290,2019,127.0
355290,2020,130.6
355290,2021,130.6
355290,2022,130.6
355290,2023,130.6
355290,2024,130.6
355290,2025,130.6
355290,2026,130.6
355290,2027,130.6
355290,2028,130.6
355290,2029,130.6
355290,2030,130.6
355290,2031,130.6
355290,2032,130.6
355290,2033,130.6
355290,2034,130.6
355290,2035,130.6
355290,2036,130.6
355290,2037,130.6
355290,2038,130.6
355290,2039,130.6
355290,2040,130.6
355290,2041,130.6
355290,2042,130.6
355290,2043,130.6
355290,2044,130.6
355290,2045,130.6
355390,2010,289.9
355390,2011,297.9
355390,2012,306.2
355390,2013,314.7
355390,2014,323.5
355390,2015,332.5
355390,2016,341.8
355390,2017,351.3
355390,2018,361.0
355390,2019,371.1
355390,2020,381.4
355390,2021,381.4
355390,2022,381.4
355390,2023,381.4
355390,2024,381.4
355390,2025,381.4
355390,2026,381.4
355390,2027,381.4
355390,2028,381.4
355390,2029,381.4
355390,2030,381.4
355390,2031,381.4
355390,2032,381.4
355390,2033,381.4
355390,2034,381.4
355390,2035,381.4
355390,2036,381.4
355390,2037,381.4
355390,2038,381.4
355390,2039,381.4
355390,2040,381.4
355390,2041,381.4
355390,2042,381.4
355390,2043,381.4
355390,2044,381.4
355390,2045,381.4
355400,2010,4408.0
355400,2011,4471.7
355400,2012,4536.2
355400,2013,4601.7
355400,2014,4668.2
355400,2015,4735.6
355400,2016,4804.0
355400,2017,4873.3
355400,2018,4943.7
355400,2019,5015.1
355400,2020,5087.5
355400,2021,5087.5
355400,2022,5087.5
355400,2023,5087.5
355400,2024,5087.5
355400,2025,5087.5
355400,2026,5087.5
355400,2027,5087.5
355400,2028,5087.5
355400,2029,5087.5
355400,2030,5087.5
355400,2031,5087.5
355400,2032,5087.5
355400,2033,5087.5
355400,2034,5087.5
355400,2035,5087.5
355400,2036,5087.5
355400,2037,5087.5
355400,2038,5087.5
355400,2039,5087.5
355400,2040,5087.5
355400,2041,5087.5
355400,2042,5087.5
355400,2043,5087.5
355400,2044,5087.5
355400,2045,5087.5
355410,2010,22585.9
355410,2011,22913.4
355410,2012,23245.5
355410,2013,23582.6
355410,2014,23924.4
355410,2015,24271.3
355410,2016,24623.2
355410,2017,24980.1
355410,2018,25342.3
355410,2019,25709.7
355410,2020,26082.4
355410,2021,26082.4
355410,2022,26082.4
355410,2023,26082.4
355410,2024,26082.4
355410,2025,26082.4
355410,2026,26082.4
355410,2027,26082.4
355410,2028,26082.4
355410,2029,26082.4
355410,2030,26082.4
355410,2031,26082.4
355410,2032,26082.4
355410,2033,26082.4
355410,2034,26082.4
355410,2035,26082.4
355410,2036,26082.4
355410,2037,26082.4
355410,2038,26082.4
355410,2039,26082.4
355410,2040,26082.4
355410,2041,26082.4
355410,2042,26082.4
355410,2043,26082.4
355410,2044,26082.4
355410,2045,26082.4
355480,2010,2209.2
355480,2011,2241.3
355480,2012,2273.8
355480,2013,2306.7
355480,2014,2340.2
355480,2015,2374.1
355480,2016,2408.5
355480,2017,2443.4
355480,2018,2478.9
355480,2019,2514.8
355480,2020,2551.2
355480,2021,2551.2
355480,2022,2551.2
355480,2023,2551.2
355480,2024,2551.2
355480,2025,2551.2
355480,2026,2551.2
355480,2027,2551.2
355480,2028,2551.2
355480,2029,2551.2
355480,2030,2551.2
355480,2031,2551.2
355480,2032,2551.2
355480,2033,2551.2
355480,2034,2551.2
355480,2035,2551.2
355480,2036,2551.2
355480,2037,2551.2
355480,2038,2551.2
355480,2039,2551.2
355480,2040,2551.2
355480,2041,2551.2
355480,2042,2551.2
355480,2043,2551.2
355480,2044,2551.2
355480,2045,2551.2
355540,2010,3977.1
355540,2011,4140.7
355540,2012,4311.0
355540,2013,4488.2
355540,2014,4672.8
355540,2015,4864.9
355540,2016,5065.0
355540,2017,5273.2
355540,2018,5490.1
355540,2019,5715.8
355540,2020,5950.9
355540,2021,5950.9
355540,2022,5950.9
355540,2023,5950.9
355540,2024,5950.9
355540,2025,5950.9
355540,2026,5950.9
355540,2027,5950.9
355540,2028,5950.9
355540,2029,5950.9
355540,2030,5950.9
355540,2031,5950.9
355540,2032,5950.9
355540,2033,5950.9
355540,2034,5950.9
355540,2035,5950.9
355540,2036,5950.9
355540,2037,5950.9
355540,2038,5950.9
355540,2039,5950.9
355540,2040,5950.9
355540,2041,5950.9
355540,2042,5950.9
355540,2043,5950.9
355540,2044,5950.9
355540,2045,5950.9
355560,2010,843.5
355560,2011,868.5
355560,2012,894.3
355560,2013,920.9
355560,2014,948.2
355560,2015,976.4
355560,2016,1005.3
355560,2017,1035.2
355560,2018,1065.9
355560,2019,1097.6
355560,2020,1130.2
355560,2021,1130.2
355560,2022,1130.2
355560,2023,1130.2
355560,2024,1130.2
355560,2025,1130.2
355560,2026,1130.2
355560,2027,1130.2
355560,2028,1130.2
355560,2029,1130.2
355560,2030,1130.2
355560,2031,1130.2
355560,2032,1130.2
355560,2033,1130.2
355560,2034,1130.2
355560,2035,1130.2
355560,2036,1130.2
355560,2037,1130.2
355560,2038,1130.2
355560,2039,1130.2
355560,2040,1130.2
355560,2041,1130.2
355560,2042,1130.2
355560,2043,1130.2
355560,2044,1130.2
355560,2045,1130.2
355620,2010,2977.0
355620,2011,3022.3
355620,2012,3068.3
355620,2013,3114.9
355620,2014,3162.3
355620,2015,3210.4
355620,2016,3259.3
355620,2017,3308.9
355620,2018,3359.2
355620,2019,3410.3
355620,2020,3462.2
355620,2021,3462.2
355620,2022,3462.2
355620,2023,3462.2
355620,2024,3462.2
355620,2025,3462.2
355620,2026,3462.2
355620,2027,3462.2
355620,2028,3462.2
355620,2029,3462.2
355620,2030,3462.2
355620,2031,3462.2
355620,2032,3462.2
355620,2033,3462.2
355620,2034,3462.2
355620,2035,3462.2
355620,2036,3462.2
355620,2037,3462.2
355620,2038,3462.2
355620,2039,3462.2
355620,2040,3462.2
355620,2041,3462.2
355620,2042,3462.2
355620,2043,3462.2
355620,2044,3462.2
355620,2045,3462.2
355645,2010,1739.2
355645,2011,1746.2
355645,2012,1753.3
355645,2013,1760.4
355645,2014,1767.5
355645,2015,1774.7
355645,2016,1781.9
355645,2017,1789.1
355645,2018,1796.4
355645,2019,1803.7
355645,2020,1811.0
355645,2021,1811.0
355645,2022,1811.0
355645,2023,1811.0
355645,2024,1811.0
355645,2025,1811.0
355645,2026,1811.0
355645,2027,1811.0
355645,2028,1811.0
355645,2029,1811.0
355645,2030,1811.0
355645,2031,1811.0
355645,2032,1811.0
355645,2033,1811.0
355645,2034,1811.0
355645,2035,1811.0
355645,2036,1811.0
355645,2037,1811.0
355645,2038,1811.0
355645,2039,1811.0
355645,2040,1811.0
355645,2041,1811.0
355645,2042,1811.0
355645,2043,1811.0
355645,2044,1811.0
355645,2045,1811.0
355650,2010,2256.2
355650,2011,2308.6
355650,2012,2362.1
355650,2013,2416.9
355650,2014,2472.9
355650,2015,2530.2
355650,2016,2588.9
355650,2017,2649.0
355650,2018,2710.4
355650,2019,2773.2
355650,2020,2837.5
355650,2021,2837.5
355650,2022,2837.5
355650,2023,2837.5
355650,2024,2837.5
355650,2025,2837.5
355650,2026,2837.5
355650,2027,2837.5
355650,2028,2837.5
355650,2029,2837.5
355650,2030,2837.5
355650,2031,2837.5
355650,2032,2837.5
355650,2033,2837.5
355650,2034,2837.5
355650,2035,2837.5
355650,2036,2837.5
355650,2037,2837.5
355650,2038,2837.5
355650,2039,2837.5
355650,2040,2837.5
355650,2041,2837.5
355650,2042,2837.5
355650,2043,2837.5
355650,2044,2837.5
355650,2045,2837.5
355660,2010,668.5
355660,2011,680.7
355660,2012,693.1
355660,2013,705.8
355660,2014,718.7
355660,2015,731.8
355660,2016,745.1
355660,2017,758.7
355660,2018,772.6
355660,2019,786.7
355660,2020,801.0
355660,2021,801.0
355660,2022,801.0
355660,2023,801.0
355660,2024,801.0
355660,2025,801.0
355660,2026,801.0
355660,2027,801.0
355660,2028,801.0
355660,2029,801.0
355660,2030,801.0
355660,2031,801.0
355660,2032,801.0
355660,2033,801.0
355660,2034,801.0
355660,2035,801.0
355660,2036,801.0
355660,2037,801.0
355660,2038,801.0
355660,2039,801.0
355660,2040,801.0
355660,2041,801.0
355660,2042,801.0
355660,2043,801.0
355660,2044,801.0
355660,2045,801.0
355670,2010,1451.9
355670,2011,1474.0
355670,2012,1496.4
355670,2013,1519.2
355670,2014,1542.3
355670,2015,1565.8
355670,2016,1589.6
355670,2017,1613.8
355670,2018,1638.3
355670,2019,1663.3
355670,2020,1688.6
355670,2021,1688.6
355670,2022,1688.6
355670,2023,1688.6
355670,2024,1688.6
355670,2025,1688.6
355670,2026,1688.6
355670,2027,1688.6
355670,2028,1688.6
355670,2029,1688.6
355670,2030,1688.6
355670,2031,1688.6
355670,2032,1688.6
355670,2033,1688.6
355670,2034,1688.6
355670,2035,1688.6
355670,2036,1688.6
355670,2037,1688.6
355670,2038,1688.6
355670,2039,1688.6
355670,2040,1688.6
355670,2041,1688.6
355670,2042,1688.6
355670,2043,1688.6
355670,2044,1688.6
355670,2045,1688.6
355700,2010,5309.0
355700,2011,5469.2
355700,2012,5634.4
355700,2013,5804.5
355700,2014,5979.7
355700,2015,6160.3
355700,2016,6346.3
355700,2017,6537.9
355700,2018,6735.3
355700,2019,6938.6
355700,2020,7148.1
355700,2021,7148.1
355700,2022,7148.1
355700,2023,7148.1
355700,2024,7148.1
355700,2025,7148.1
355700,2026,7148.1
355700,2027,7148.1
355700,2028,7148.1
355700,2029,7148.1
355700,2030,7148.1
355700,2031,7148.1
355700,2032,7148.1
355700,2033,7148.1
355700,2034,7148.1
355700,2035,7148.1
355700,2036,7148.1
355700,2037,7148.1
355700,2038,7148.1
355700,2039,7148.1
355700,2040,7148.1
355700,2041,7148.1
355700,2042,7148.1
355700,2043,7148.1
355700,2044,7148.1
355700,2045,7148.1
355730,2010,39.2
355730,2011,39.8
355730,2012,40.4
355730,2013,41.1
355730,2014,41.8
355730,2015,42.4
355730,2016,43.1
355730,2017,43.8
355730,2018,44.5
355730,2019,45.3
355730,2020,46.0
355730,2021,46.0
355730,2022,46.0
355730,2023,46.0
355730,2024,46.0
355730,2025,46.0
355730,2026,46.0
355730,2027,46.0
355730,2028,46.0
355730,2029,46.0
355730,2030,46.0
355730,2031,46.0
355730,2032,46.0
355730,2033,46.0
355730,2034,46.0
355730,2035,46.0
355730,2036,46.0
355730,2037,46.0
355730,2038,46.0
355730,2039,46.0
355730,2040,46.0
355730,2041,46.0
355730,2042,46.0
355730,2043,46.0
355730,2044,46.0
355730,2045,46.0
410040,2010,3648.1
410040,2011,3655.9
410040,2012,3663.6
410040,2013,3671.4
410040,2014,3679.3
410040,2015,3687.1
410040,2016,3694.9
410040,2017,3702.8
410040,2018,3710.7
410040,2019,3718.5
410040,2020,3726.5
410040,2021,3726.5
410040,2022,3726.5
410040,2023,3726.5
410040,2024,3726.5
410040,2025,3726.5
410040,2026,3726.5
410040,2027,3726.5
410040,2028,3726.5
410040,2029,3726.5
410040,2030,3726.5
410040,2031,3726.5
410040,2032,3726.5
410040,2033,3726.5
410040,2034,3726.5
410040,2035,3726.5
410040,2036,3726.5
410040,2037,3726.5
410040,2038,3726.5
410040,2039,3726.5
410040,2040,3726.5
410040,2041,3726.5
410040,2042,3726.5
410040,2043,3726.5
410040,2044,3726.5
410040,2045,3726.5
410140,2010,4943.4
410140,2011,5085.1
410140,2012,5230.9
410140,2013,5380.8
410140,2014,5535.1
410140,2015,5693.8
410140,2016,5857.0
410140,2017,6024.9
410140,2018,6197.6
410140,2019,6375.3
410140,2020,6558.1
410140,2021,6558.1
410140,2022,6558.1
410140,2023,6558.1
410140,2024,6558.1
410140,2025,6558.1
410140,2026,6558.1
410140,2027,6558.1
410140,2028,6558.1
410140,2029,6558.1
410140,2030,6558.1
410140,2031,6558.1
410140,2032,6558.1
410140,2033,6558.1
410140,2034,6558.1
410140,2035,6558.1
410140,2036,6558.1
410140,2037,6558.1
410140,2038,6558.1
410140,2039,6558.1
410140,2040,6558.1
410140,2041,6558.1
410140,2042,6558.1
410140,2043,6558.1
410140,2044,6558.1
410140,2045,6558.1
410150,2010,3689.9
410150,2011,3763.0
410150,2012,3837.5
410150,2013,3913.4
410150,2014,3990.9
410150,2015,4069.9
410150,2016,4150.5
410150,2017,4232.7
410150,2018,4316.5
410150,2019,4402.0
410150,2020,4489.1
410150,2021,4489.1
410150,2022,4489.1
410150,2023,4489.1
410150,2024,4489.1
410150,2025,4489.1
410150,2026,4489.1
410150,2027,4489.1
410150,2028,4489.1
410150,2029,4489.1
410150,2030,4489.1
410150,2031,4489.1
410150,2032,4489.1
410150,2033,4489.1
410150,2034,4489.1
410150,2035,4489.1
410150,2036,4489.1
410150,2037,4489.1
410150,2038,4489.1
410150,2039,4489.1
410150,2040,4489.1
410150,2041,4489.1
410150,2042,4489.1
410150,2043,4489.1
410150,2044,4489.1
410150,2045,4489.1
410180,2010,4575.2
410180,2011,4584.9
410180,2012,4594.6
410180,2013,4604.4
410180,2014,4614.2
410180,2015,4624.0
410180,2016,4633.9
410180,2017,4643.7
410180,2018,4653.6
410180,2019,4663.5
410180,2020,4673.4
410180,2021,4673.4
410180,2022,4673.4
410180,2023,4673.4
410180,2024,4673.4
410180,2025,4673.4
410180,2026,4673.4
410180,2027,4673.4
410180,2028,4673.4
410180,2029,4673.4
410180,2030,4673.4
410180,2031,4673.4
410180,2032,4673.4
410180,2033,4673.4
410180,2034,4673.4
410180,2035,4673.4
410180,2036,4673.4
410180,2037,4673.4
410180,2038,4673.4
410180,2039,4673.4
410180,2040,4673.4
410180,2041,4673.4
410180,2042,4673.4
410180,2043,4673.4
410180,2044,4673.4
410180,2045,4673.4
410230,2010,459.6
410230,2011,460.6
410230,2012,461.6
410230,2013,462.5
410230,2014,463.5
410230,2015,464.5
410230,2016,465.5
410230,2017,466.5
410230,2018,467.5
410230,2019,468.5
410230,2020,469.5
410230,2021,469.5
410230,2022,469.5
410230,2023,469.5
410230,2024,469.5
410230,2025,469.5
410230,2026,469.5
410230,2027,469.5
410230,2028,469.5
410230,2029,469.5
410230,2030,469.5
410230,2031,469.5
410230,2032,469.5
410230,2033,469.5
410230,2034,469.5
410230,2035,469.5
410230,2036,469.5
410230,2037,469.5
410230,2038,469.5
410230,2039,469.5
410230,2040,469.5
410230,2041,469.5
410230,2042,469.5
410230,2043,469.5
410230,2044,469.5
410230,2045,469.5
410310,2010,506.6
410310,2011,507.7
410310,2012,508.8
410310,2013,509.8
410310,2014,510.9
410310,2015,512.0
410310,2016,513.1
410310,2017,514.2
410310,2018,515.3
410310,2019,516.4
410310,2020,517.5
410310,2021,517.5
410310,2022,517.5
410310,2023,517.5
410310,2024,517.5
410310,2025,517.5
410310,2026,517.5
410310,2027,517.5
410310,2028,517.5
410310,2029,517.5
410310,2030,517.5
410310,2031,517.5
410310,2032,517.5
410310,2033,517.5
410310,2034,517.5
410310,2035,517.5
410310,2036,517.5
410310,2037,517.5
410310,2038,517.5
410310,2039,517.5
410310,2040,517.5
410310,2041,517.5
410310,2042,517.5
410310,2043,517.5
410310,2044,517.5
410310,2045,517.5
410370,2010,3486.2
410370,2011,3561.3
410370,2012,3638.0
410370,2013,3716.3
410370,2014,3796.3
410370,2015,3878.1
410370,2016,3961.6
410370,2017,4046.9
410370,2018,4134.0
410370,2019,4223.0
410370,2020,4314.0
410370,2021,4314.0
410370,2022,4314.0
410370,2023,4314.0
410370,2024,4314.0
410370,2025,4314.0
410370,2026,4314.0
410370,2027,4314.0
410370,2028,4314.0
410370,2029,4314.0
410370,2030,4314.0
410370,2031,4314.0
410370,2032,4314.0
410370,2033,4314.0
410370,2034,4314.0
410370,2035,4314.0
410370,2036,4314.0
410370,2037,4314.0
410370,2038,4314.0
410370,2039,4314.0
410370,2040,4314.0
410370,2041,4314.0
410370,2042,4314.0
410370,2043,4314.0
410370,2044,4314.0
410370,2045,4314.0
410400,2010,1310.9
410400,2011,1313.7
410400,2012,1316.5
410400,2013,1319.3
410400,2014,1322.1
410400,2015,1324.9
410400,2016,1327.7
410400,2017,1330.6
410400,2018,1333.4
410400,2019,1336.2
410400,2020,1339.1
410400,2021,1339.1
410400,2022,1339.1
410400,2023,1339.1
410400,2024,1339.1
410400,2025,1339.1
410400,2026,1339.1
410400,2027,1339.1
410400,2028,1339.1
410400,2029,1339.1
410400,2030,1339.1
410400,2031,1339.1
410400,2032,1339.1
410400,2033,1339.1
410400,2034,1339.1
410400,2035,1339.1
410400,2036,1339.1
410400,2037,1339.1
410400,2038,1339.1
410400,2039,1339.1
410400,2040,1339.1
410400,2041,1339.1
410400,2042,1339.1
410400,2043,1339.1
410400,2044,1339.1
410400,2045,1339.1
410420,2010,3603.7
410420,2011,3611.4
410420,2012,3619.1
410420,2013,3626.8
410420,2014,3634.5
410420,2015,3642.2
410420,2016,3650.0
410420,2017,3657.7
410420,2018,3665.5
410420,2019,3673.3
410420,2020,3681.1
410420,2021,3681.1
410420,2022,3681.1
410420,2023,3681.1
410420,2024,3681.1
410420,2025,3681.1
410420,2026,3681.1
410420,2027,3681.1
410420,2028,3681.1
410420,2029,3681.1
410420,2030,3681.1
410420,2031,3681.1
410420,2032,3681.1
410420,2033,3681.1
410420,2034,3681.1
410420,2035,3681.1
410420,2036,3681.1
410420,2037,3681.1
410420,2038,3681.1
410420,2039,3681.1
410420,2040,3681.1
410420,2041,3681.1
410420,2042,3681.1
410420,2043,3681.1
410420,2044,3681.1
410420,2045,3681.1
410425,2010,741.6
410425,2011,743.2
410425,2012,744.8
410425,2013,746.4
410425,2014,748.0
410425,2015,749.6
410425,2016,751.2
410425,2017,752.7
410425,2018,754.3
410425,2019,756.0
410425,2020,757.6
410425,2021,757.6
410425,2022,757.6
410425,2023,757.6
410425,2024,757.6
410425,2025,757.6
410425,2026,757.6
410425,2027,757.6
410425,2028,757.6
410425,2029,757.6
410425,2030,757.6
410425,2031,757.6
410425,2032,757.6
410425,2033,757.6
410425,2034,757.6
410425,2035,757.6
410425,2036,757.6
410425,2037,757.6
410425,2038,757.6
410425,2039,757.6
410425,2040,757.6
410425,2041,757.6
410425,2042,757.6
410425,2043,757.6
410425,2044,757.6
410425,2045,757.6
410465,2010,128.0
410465,2011,131.8
410465,2012,135.7
410465,2013,139.8
410465,2014,143.9
410465,2015,148.2
410465,2016,152.6
410465,2017,157.2
410465,2018,161.9
410465,2019,166.7
410465,2020,171.7
410465,2021,171.7
410465,2022,171.7
410465,2023,171.7
410465,2024,171.7
410465,2025,171.7
410465,2026,171.7
410465,2027,171.7
410465,2028,171.7
410465,2029,171.7
410465,2030,171.7
410465,2031,171.7
410465,2032,171.7
410465,2033,171.7
410465,2034,171.7
410465,2035,171.7
410465,2036,171.7
410465,2037,171.7
410465,2038,171.7
410465,2039,171.7
410465,2040,171.7
410465,2041,171.7
410465,2042,171.7
410465,2043,171.7
410465,2044,171.7
410465,2045,171.7
410480,2010,20191.3
410480,2011,20795.9
410480,2012,21418.7
410480,2013,22060.0
410480,2014,22720.6
410480,2015,23401.0
410480,2016,24101.8
410480,2017,24823.5
410480,2018,25566.9
410480,2019,26332.5
410480,2020,27121.0
410480,2021,27121.0
410480,2022,27121.0
410480,2023,27121.0
410480,2024,27121.0
410480,2025,27121.0
410480,2026,27121.0
410480,2027,27121.0
410480,2028,27121.0
410480,2029,27121.0
410480,2030,27121.0
410480,2031,27121.0
410480,2032,27121.0
410480,2033,27121.0
410480,2034,27121.0
410480,2035,27121.0
410480,2036,27121.0
410480,2037,27121.0
410480,2038,27121.0
410480,2039,27121.0
410480,2040,27121.0
410480,2041,27121.0
410480,2042,27121.0
410480,2043,27121.0
410480,2044,27121.0
410480,2045,27121.0
410580,2010,7677.5
410580,2011,7693.8
410580,2012,7710.2
410580,2013,7726.6
410580,2014,7743.0
410580,2015,7759.5
410580,2016,7776.0
410580,2017,7792.5
410580,2018,7809.1
410580,2019,7825.7
410580,2020,7842.4
410580,2021,7842.4
410580,2022,7842.4
410580,2023,7842.4
410580,2024,7842.4
410580,2025,7842.4
410580,2026,7842.4
410580,2027,7842.4
410580,2028,7842.4
410580,2029,7842.4
410580,2030,7842.4
410580,2031,7842.4
410580,2032,7842.4
410580,2033,7842.4
410580,2034,7842.4
410580,2035,7842.4
410580,2036,7842.4
410580,2037,7842.4
410580,2038,7842.4
410580,2039,7842.4
410580,2040,7842.4
410580,2041,7842.4
410580,2042,7842.4
410580,2043,7842.4
410580,2044,7842.4
410580,2045,7842.4
410620,2010,867.0
410620,2011,868.8
410620,2012,870.7
410620,2013,872.5
410620,2014,874.4
410620,2015,876.2
410620,2016,878.1
410620,2017,880.0
410620,2018,881.8
410620,2019,883.7
410620,2020,885.6
410620,2021,885.6
410620,2022,885.6
410620,2023,885.6
410620,2024,885.6
410620,2025,885.6
410620,2026,885.6
410620,2027,885.6
410620,2028,885.6
410620,2029,885.6
410620,2030,885.6
410620,2031,885.6
410620,2032,885.6
410620,2033,885.6
410620,2034,885.6
410620,2035,885.6
410620,2036,885.6
410620,2037,885.6
410620,2038,885.6
410620,2039,885.6
410620,2040,885.6
410620,2041,885.6
410620,2042,885.6
410620,2043,885.6
410620,2044,885.6
410620,2045,885.6
410690,2010,126534.9
410690,2011,126804.1
410690,2012,127073.8
410690,2013,127344.1
410690,2014,127615.0
410690,2015,127886.4
410690,2016,128158.4
410690,2017,128431.0
410690,2018,128704.2
410690,2019,128978.0
410690,2020,129252.3
410690,2021,129252.3
410690,2022,129252.3
410690,2023,129252.3
410690,2024,129252.3
410690,2025,129252.3
410690,2026,129252.3
410690,2027,129252.3
410690,2028,129252.3
410690,2029,129252.3
410690,2030,129252.3
410690,2031,129252.3
410690,2032,129252.3
410690,2033,129252.3
410690,2034,129252.3
410690,2035,129252.3
410690,2036,129252.3
410690,2037,129252.3
410690,2038,129252.3
410690,2039,129252.3
410690,2040,129252.3
410690,2041,129252.3
410690,2042,129252.3
410690,2043,129252.3
410690,2044,129252.3
410690,2045,129252.3
410765,2010,2731.5
410765,2011,2737.3
410765,2012,2743.1
410765,2013,2749.0
410765,2014,2754.8
410765,2015,2760.7
410765,2016,2766.6
410765,2017,2772.4
410765,2018,2778.3
410765,2019,2784.3
410765,2020,2790.2
410765,2021,2790.2
410765,2022,2790.2
410765,2023,2790.2
410765,2024,2790.2
410765,2025,2790.2
410765,2026,2790.2
410765,2027,2790.2
410765,2028,2790.2
410765,2029,2790.2
410765,2030,2790.2
410765,2031,2790.2
410765,2032,2790.2
410765,2033,2790.2
410765,2034,2790.2
410765,2035,2790.2
410765,2036,2790.2
410765,2037,2790.2
410765,2038,2790.2
410765,2039,2790.2
410765,2040,2790.2
410765,2041,2790.2
410765,2042,2790.2
410765,2043,2790.2
410765,2044,2790.2
410765,2045,2790.2
410790,2010,867.0
410790,2011,896.9
410790,2012,927.9
410790,2013,960.0
410790,2014,993.1
410790,2015,1027.5
410790,2016,1063.0
410790,2017,1099.7
410790,2018,1137.7
410790,2019,1177.0
410790,2020,1217.6
410790,2021,1217.6
410790,2022,1217.6
410790,2023,1217.6
410790,2024,1217.6
410790,2025,1217.6
410790,2026,1217.6
410790,2027,1217.6
410790,2028,1217.6
410790,2029,1217.6
410790,2030,1217.6
410790,2031,1217.6
410790,2032,1217.6
410790,2033,1217.6
410790,2034,1217.6
410790,2035,1217.6
410790,2036,1217.6
410790,2037,1217.6
410790,2038,1217.6
410790,2039,1217.6
410790,2040,1217.6
410790,2041,1217.6
410790,2042,1217.6
410790,2043,1217.6
410790,2044,1217.6
410790,2045,1217.6
410830,2010,16825.2
410830,2011,17105.2
410830,2012,17389.9
410830,2013,17679.3
410830,2014,17973.6
410830,2015,18272.7
410830,2016,18576.8
410830,2017,18886.0
410830,2018,19200.3
410830,2019,19519.9
410830,2020,19844.7
410830,2021,19844.7
410830,2022,19844.7
410830,2023,19844.7
410830,2024,19844.7
410830,2025,19844.7
410830,2026,19844.7
410830,2027,19844.7
410830,2028,19844.7
410830,2029,19844.7
410830,2030,19844.7
410830,2031,19844.7
410830,2032,19844.7
410830,2033,19844.7
410830,2034,19844.7
410830,2035,19844.7
410830,2036,19844.7
410830,2037,19844.7
410830,2038,19844.7
410830,2039,19844.7
410830,2040,19844.7
410830,2041,19844.7
410830,2042,19844.7
410830,2043,19844.7
410830,2044,19844.7
410830,2045,19844.7
410940,2010,10826.8
410940,2011,11142.2
410940,2012,11466.7
410940,2013,11800.7
410940,2014,12144.5
410940,2015,12498.2
410940,2016,12862.3
410940,2017,13236.9
410940,2018,13622.5
410940,2019,14019.3
410940,2020,14427.7
410940,2021,14427.7
410940,2022,14427.7
410940,2023,14427.7
410940,2024,14427.7
410940,2025,14427.7
410940,2026,14427.7
410940,2027,14427.7
410940,2028,14427.7
410940,2029,14427.7
410940,2030,14427.7
410940,2031,14427.7
410940,2032,14427.7
410940,2033,14427.7
410940,2034,14427.7
410940,2035,14427.7
410940,2036,14427.7
410940,2037,14427.7
410940,2038,14427.7
410940,2039,14427.7
410940,2040,14427.7
410940,2041,14427.7
410940,2042,14427.7
410940,2043,14427.7
410940,2044,14427.7
410940,2045,14427.7
410980,2010,2329.4
410980,2011,2379.5
410980,2012,2430.8
410980,2013,2483.1
410980,2014,2536.6
410980,2015,2591.2
410980,2016,2647.0
410980,2017,2704.0
410980,2018,2762.2
410980,2019,2821.7
410980,2020,2882.5
410980,2021,2882.5
410980,2022,2882.5
410980,2023,2882.5
410980,2024,2882.5
410980,2025,2882.5
410980,2026,2882.5
410980,2027,2882.5
410980,2028,2882.5
410980,2029,2882.5
410980,2030,2882.5
410980,2031,2882.5
410980,2032,2882.5
410980,2033,2882.5
410980,2034,2882.5
410980,2035,2882.5
410980,2036,2882.5
410980,2037,2882.5
410980,2038,2882.5
410980,2039,2882.5
410980,2040,2882.5
410980,2041,2882.5
410980,2042,2882.5
410980,2043,2882.5
410980,2044,2882.5
410980,2045,2882.5
411000,2010,279.4
411000,2011,289.1
411000,2012,299.1
411000,2013,309.4
411000,2014,320.1
411000,2015,331.1
411000,2016,342.6
411000,2017,354.4
411000,2018,366.7
411000,2019,379.3
411000,2020,392.4
411000,2021,392.4
411000,2022,392.4
411000,2023,392.4
411000,2024,392.4
411000,2025,392.4
411000,2026,392.4
411000,2027,392.4
411000,2028,392.4
411000,2029,392.4
411000,2030,392.4
411000,2031,392.4
411000,2032,392.4
411000,2033,392.4
411000,2034,392.4
411000,2035,392.4
411000,2036,392.4
411000,2037,392.4
411000,2038,392.4
411000,2039,392.4
411000,2040,392.4
411000,2041,392.4
411000,2042,392.4
411000,2043,392.4
411000,2044,392.4
411000,2045,392.4
411110,2010,172.4
411110,2011,178.3
411110,2012,184.5
411110,2013,190.8
411110,2014,197.4
411110,2015,204.3
411110,2016,211.3
411110,2017,218.6
411110,2018,226.2
411110,2019,234.0
411110,2020,242.1
411110,2021,242.1
411110,2022,242.1
411110,2023,242.1
411110,2024,242.1
411110,2025,242.1
411110,2026,242.1
411110,2027,242.1
411110,2028,242.1
411110,2029,242.1
411110,2030,242.1
411110,2031,242.1
411110,2032,242.1
411110,2033,242.1
411110,2034,242.1
411110,2035,242.1
411110,2036,242.1
411110,2037,242.1
411110,2038,242.1
411110,2039,242.1
411110,2040,242.1
411110,2041,242.1
411110,2042,242.1
411110,2043,242.1
411110,2044,242.1
411110,2045,242.1
411125,2010,407.4
411125,2011,408.2
411125,2012,409.1
411125,2013,410.0
411125,2014,410.9
411125,2015,411.7
411125,2016,412.6
411125,2017,413.5
411125,2018,414.4
411125,2019,415.2
411125,2020,416.1
411125,2021,416.1
411125,2022,416.1
411125,2023,416.1
411125,2024,416.1
411125,2025,416.1
411125,2026,416.1
411125,2027,416.1
411125,2028,416.1
411125,2029,416.1
411125,2030,416.1
411125,2031,416.1
411125,2032,416.1
411125,2033,416.1
411125,2034,416.1
411125,2035,416.1
411125,2036,416.1
411125,2037,416.1
411125,2038,416.1
411125,2039,416.1
411125,2040,416.1
411125,2041,416.1
411125,2042,416.1
411125,2043,416.1
411125,2044,416.1
411125,2045,416.1
411270,2010,543.2
411270,2011,554.9
411270,2012,566.8
411270,2013,579.0
411270,2014,591.5
411270,2015,604.2
411270,2016,617.2
411270,2017,630.5
411270,2018,644.1
411270,2019,658.0
411270,2020,672.1
411270,2021,672.1
411270,2022,672.1
411270,2023,672.1
411270,2024,672.1
411270,2025,672.1
411270,2026,672.1
411270,2027,672.1
411270,2028,672.1
411270,2029,672.1
411270,2030,672.1
411270,2031,672.1
411270,2032,672.1
411270,2033,672.1
411270,2034,672.1
411270,2035,672.1
411270,2036,672.1
411270,2037,672.1
411270,2038,672.1
411270,2039,672.1
411270,2040,672.1
411270,2041,672.1
411270,2042,672.1
411270,2043,672.1
411270,2044,672.1
411270,2045,672.1
411370,2010,26751.1
411370,2011,27327.1
411370,2012,27915.6
411370,2013,28516.7
411370,2014,29130.7
411370,2015,29758.0
411370,2016,30398.8
411370,2017,31053.4
411370,2018,31722.1
411370,2019,32405.1
411370,2020,33102.9
411370,2021,33102.9
411370,2022,33102.9
411370,2023,33102.9
411370,2024,33102.9
411370,2025,33102.9
411370,2026,33102.9
411370,2027,33102.9
411370,2028,33102.9
411370,2029,33102.9
411370,2030,33102.9
411370,2031,33102.9
411370,2032,33102.9
411370,2033,33102.9
411370,2034,33102.9
411370,2035,33102.9
411370,2036,33102.9
411370,2037,33102.9
411370,2038,33102.9
411370,2039,33102.9
411370,2040,33102.9
411370,2041,33102.9
411370,2042,33102.9
411370,2043,33102.9
411370,2044,33102.9
411370,2045,33102.9
411410,2010,1094.2
411410,2011,1132.0
411410,2012,1171.1
411410,2013,1211.5
411410,2014,1253.4
411410,2015,1296.7
411410,2016,1341.5
411410,2017,1387.8
411410,2018,1435.8
411410,2019,1485.4
411410,2020,1536.7
411410,2021,1536.7
411410,2022,1536.7
411410,2023,1536.7
411410,2024,1536.7
411410,2025,1536.7
411410,2026,1536.7
411410,2027,1536.7
411410,2028,1536.7
411410,2029,1536.7
411410,2030,1536.7
411410,2031,1536.7
411410,2032,1536.7
411410,2033,1536.7
411410,2034,1536.7
411410,2035,1536.7
411410,2036,1536.7
411410,2037,1536.7
411410,2038,1536.7
411410,2039,1536.7
411410,2040,1536.7
411410,2041,1536.7
411410,2042,1536.7
411410,2043,1536.7
411410,2044,1536.7
411410,2045,1536.7
411430,2010,1310.9
411430,2011,1313.7
411430,2012,1316.5
411430,2013,1319.3
411430,2014,1322.1
411430,2015,1324.9
411430,2016,1327.7
411430,2017,1330.6
411430,2018,1333.4
411430,2019,1336.2
411430,2020,1339.1
411430,2021,1339.1
411430,2022,1339.1
411430,2023,1339.1
411430,2024,1339.1
411430,2025,1339.1
411430,2026,1339.1
411430,2027,1339.1
411430,2028,1339.1
411430,2029,1339.1
411430,2030,1339.1
411430,2031,1339.1
411430,2032,1339.1
411430,2033,1339.1
411430,2034,1339.1
411430,2035,1339.1
411430,2036,1339.1
411430,2037,1339.1
411430,2038,1339.1
411430,2039,1339.1
411430,2040,1339.1
411430,2041,1339.1
411430,2042,1339.1
411430,2043,1339.1
411430,2044,1339.1
411430,2045,1339.1
411470,2010,391.7
411470,2011,413.0
411470,2012,435.6
411470,2013,459.3
411470,2014,484.3
411470,2015,510.7
411470,2016,538.5
411470,2017,567.8
411470,2018,598.8
411470,2019,631.4
411470,2020,665.8
411470,2021,665.8
411470,2022,665.8
411470,2023,665.8
411470,2024,665.8
411470,2025,665.8
411470,2026,665.8
411470,2027,665.8
411470,2028,665.8
411470,2029,665.8
411470,2030,665.8
411470,2031,665.8
411470,2032,665.8
411470,2033,665.8
411470,2034,665.8
411470,2035,665.8
411470,2036,665.8
411470,2037,665.8
411470,2038,665.8
411470,2039,665.8
411470,2040,665.8
411470,2041,665.8
411470,2042,665.8
411470,2043,665.8
411470,2044,665.8
411470,2045,665.8
411480,2010,1263.9
411480,2011,1307.6
411480,2012,1352.8
411480,2013,1399.5
411480,2014,1447.8
411480,2015,1497.9
411480,2016,1549.6
411480,2017,1603.1
411480,2018,1658.5
411480,2019,1715.8
411480,2020,1775.1
411480,2021,1775.1
411480,2022,1775.1
411480,2023,1775.1
411480,2024,1775.1
411480,2025,1775.1
411480,2026,1775.1
411480,2027,1775.1
411480,2028,1775.1
411480,2029,1775.1
411480,2030,1775.1
411480,2031,1775.1
411480,2032,1775.1
411480,2033,1775.1
411480,2034,1775.1
411480,2035,1775.1
411480,2036,1775.1
411480,2037,1775.1
411480,2038,1775.1
411480,2039,1775.1
411480,2040,1775.1
411480,2041,1775.1
411480,2042,1775.1
411480,2043,1775.1
411480,2044,1775.1
411480,2045,1775.1
411520,2010,28022.8
411520,2011,28991.0
411520,2012,29992.5
411520,2013,31028.7
411520,2014,32100.7
411520,2015,33209.7
411520,2016,34357.0
411520,2017,35543.9
411520,2018,36771.9
411520,2019,38042.3
411520,2020,39356.5
411520,2021,39356.5
411520,2022,39356.5
411520,2023,39356.5
411520,2024,39356.5
411520,2025,39356.5
411520,2026,39356.5
411520,2027,39356.5
411520,2028,39356.5
411520,2029,39356.5
411520,2030,39356.5
411520,2031,39356.5
411520,2032,39356.5
411520,2033,39356.5
411520,2034,39356.5
411520,2035,39356.5
411520,2036,39356.5
411520,2037,39356.5
411520,2038,39356.5
411520,2039,39356.5
411520,2040,39356.5
411520,2041,39356.5
411520,2042,39356.5
411520,2043,39356.5
411520,2044,39356.5
411520,2045,39356.5
411740,2010,222.0
411740,2011,229.6
411740,2012,237.6
411740,2013,245.8
411740,2014,254.3
411740,2015,263.1
411740,2016,272.1
411740,2017,281.5
411740,2018,291.3
411740,2019,301.3
411740,2020,311.7
411740,2021,311.7
411740,2022,311.7
411740,2023,311.7
411740,2024,311.7
411740,2025,311.7
411740,2026,311.7
411740,2027,311.7
411740,2028,311.7
411740,2029,311.7
411740,2030,311.7
411740,2031,311.7
411740,2032,311.7
411740,2033,311.7
411740,2034,311.7
411740,2035,311.7
411740,2036,311.7
411740,2037,311.7
411740,2038,311.7
411740,2039,311.7
411740,2040,311.7
411740,2041,311.7
411740,2042,311.7
411740,2043,311.7
411740,2044,311.7
411740,2045,311.7
411745,2010,52.2
411745,2011,54.0
411745,2012,55.8
411745,2013,57.7
411745,2014,59.7
411745,2015,61.7
411745,2016,63.8
411745,2017,66.0
411745,2018,68.3
411745,2019,70.6
411745,2020,73.0
411745,2021,73.0
411745,2022,73.0
411745,2023,73.0
411745,2024,73.0
411745,2025,73.0
411745,2026,73.0
411745,2027,73.0
411745,2028,73.0
411745,2029,73.0
411745,2030,73.0
411745,2031,73.0
411745,2032,73.0
411745,2033,73.0
411745,2034,73.0
411745,2035,73.0
411745,2036,73.0
411745,2037,73.0
411745,2038,73.0
411745,2039,73.0
411745,2040,73.0
411745,2041,73.0
411745,2042,73.0
411745,2043,73.0
411745,2044,73.0
411745,2045,73.0
411750,2010,1700.0
411750,2011,1758.7
411750,2012,1819.5
411750,2013,1882.4
411750,2014,1947.4
411750,2015,2014.7
411750,2016,2084.3
411750,2017,2156.3
411750,2018,2230.8
411750,2019,2307.8
411750,2020,2387.6
411750,2021,2387.6
411750,2022,2387.6
411750,2023,2387.6
411750,2024,2387.6
411750,2025,2387.6
411750,2026,2387.6
411750,2027,2387.6
411750,2028,2387.6
411750,2029,2387.6
411750,2030,2387.6
411750,2031,2387.6
411750,2032,2387.6
411750,2033,2387.6
411750,2034,2387.6
411750,2035,2387.6
411750,2036,2387.6
411750,2037,2387.6
411750,2038,2387.6
411750,2039,2387.6
411750,2040,2387.6
411750,2041,2387.6
411750,2042,2387.6
411750,2043,2387.6
411750,2044,2387.6
411750,2045,2387.6
411820,2010,5353.4
411820,2011,5522.7
411820,2012,5697.5
411820,2013,5877.8
411820,2014,6063.7
411820,2015,6255.6
411820,2016,6453.5
411820,2017,6657.7
411820,2018,6868.4
411820,2019,7085.7
411820,2020,7309.9
411820,2021,7309.9
411820,2022,7309.9
411820,2023,7309.9
411820,2024,7309.9
411820,2025,7309.9
411820,2026,7309.9
411820,2027,7309.9
411820,2028,7309.9
411820,2029,7309.9
411820,2030,7309.9
411820,2031,7309.9
411820,2032,7309.9
411820,2033,7309.9
411820,2034,7309.9
411820,2035,7309.9
411820,2036,7309.9
411820,2037,7309.9
411820,2038,7309.9
411820,2039,7309.9
411820,2040,7309.9
411820,2041,7309.9
411820,2042,7309.9
411820,2043,7309.9
411820,2044,7309.9
411820,2045,7309.9
411915,2010,4695.3
411915,2011,4705.3
411915,2012,4715.3
411915,2013,4725.3
411915,2014,4735.4
411915,2015,4745.4
411915,2016,4755.5
411915,2017,4765.6
411915,2018,4775.8
411915,2019,4785.9
411915,2020,4796.1
411915,2021,4796.1
411915,2022,4796.1
411915,2023,4796.1
411915,2024,4796.1
411915,2025,4796.1
411915,2026,4796.1
411915,2027,4796.1
411915,2028,4796.1
411915,2029,4796.1
411915,2030,4796.1
411915,2031,4796.1
411915,2032,4796.1
411915,2033,4796.1
411915,2034,4796.1
411915,2035,4796.1
411915,2036,4796.1
411915,2037,4796.1
411915,2038,4796.1
411915,2039,4796.1
411915,2040,4796.1
411915,2041,4796.1
411915,2042,4796.1
411915,2043,4796.1
411915,2044,4796.1
411915,2045,4796.1
411950,2010,3914.5
411950,2011,3922.8
411950,2012,3931.1
411950,2013,3939.5
411950,2014,3947.9
411950,2015,3956.3
411950,2016,3964.7
411950,2017,3973.1
411950,2018,3981.6
411950,2019,3990.1
411950,2020,3998.5
411950,2021,3998.5
411950,2022,3998.5
411950,2023,3998.5
411950,2024,3998.5
411950,2025,3998.5
411950,2026,3998.5
411950,2027,3998.5
411950,2028,3998.5
411950,2029,3998.5
411950,2030,3998.5
411950,2031,3998.5
411950,2032,3998.5
411950,2033,3998.5
411950,2034,3998.5
411950,2035,3998.5
411950,2036,3998.5
411950,2037,3998.5
411950,2038,3998.5
411950,2039,3998.5
411950,2040,3998.5
411950,2041,3998.5
411950,2042,3998.5
411950,2043,3998.5
411950,2044,3998.5
411950,2045,3998.5
411990,2010,13485.2
411990,2011,13887.4
411990,2012,14301.6
411990,2013,14728.1
411990,2014,15167.4
411990,2015,15619.7
411990,2016,16085.5
411990,2017,16565.3
411990,2018,17059.3
411990,2019,17568.1
411990,2020,18092.0
411990,2021,18092.0
411990,2022,18092.0
411990,2023,18092.0
411990,2024,18092.0
411990,2025,18092.0
411990,2026,18092.0
411990,2027,18092.0
411990,2028,18092.0
411990,2029,18092.0
411990,2030,18092.0
411990,2031,18092.0
411990,2032,18092.0
411990,2033,18092.0
411990,2034,18092.0
411990,2035,18092.0
411990,2036,18092.0
411990,2037,18092.0
411990,2038,18092.0
411990,2039,18092.0
411990,2040,18092.0
411990,2041,18092.0
411990,2042,18092.0
411990,2043,18092.0
411990,2044,18092.0
411990,2045,18092.0
412040,2010,514.4
412040,2011,532.2
412040,2012,550.6
412040,2013,569.6
412040,2014,589.3
412040,2015,609.7
412040,2016,630.7
412040,2017,652.5
412040,2018,675.1
412040,2019,698.4
412040,2020,722.5
412040,2021,722.5
412040,2022,722.5
412040,2023,722.5
412040,2024,722.5
412040,2025,722.5
412040,2026,722.5
412040,2027,722.5
412040,2028,722.5
412040,2029,722.5
412040,2030,722.5
412040,2031,722.5
412040,2032,722.5
412040,2033,722.5
412040,2034,722.5
412040,2035,722.5
412040,2036,722.5
412040,2037,722.5
412040,2038,722.5
412040,2039,722.5
412040,2040,722.5
412040,2041,722.5
412040,2042,722.5
412040,2043,722.5
412040,2044,722.5
412040,2045,722.5
412080,2010,1741.8
412080,2011,1745.5
412080,2012,1749.2
412080,2013,1752.9
412080,2014,1756.7
412080,2015,1760.4
412080,2016,1764.1
412080,2017,1767.9
412080,2018,1771.7
412080,2019,1775.4
412080,2020,1779.2
412080,2021,1779.2
412080,2022,1779.2
412080,2023,1779.2
412080,2024,1779.2
412080,2025,1779.2
412080,2026,1779.2
412080,2027,1779.2
412080,2028,1779.2
412080,2029,1779.2
412080,2030,1779.2
412080,2031,1779.2
412080,2032,1779.2
412080,2033,1779.2
412080,2034,1779.2
412080,2035,1779.2
412080,2036,1779.2
412080,2037,1779.2
412080,2038,1779.2
412080,2039,1779.2
412080,2040,1779.2
412080,2041,1779.2
412080,2042,1779.2
412080,2043,1779.2
412080,2044,1779.2
412080,2045,1779.2
412220,2010,318.6
412220,2011,319.3
412220,2012,319.9
412220,2013,320.6
412220,2014,321.3
412220,2015,322.0
412220,2016,322.7
412220,2017,323.4
412220,2018,324.1
412220,2019,324.7
412220,2020,325.4
412220,2021,325.4
412220,2022,325.4
412220,2023,325.4
412220,2024,325.4
412220,2025,325.4
412220,2026,325.4
412220,2027,325.4
412220,2028,325.4
412220,2029,325.4
412220,2030,325.4
412220,2031,325.4
412220,2032,325.4
412220,2033,325.4
412220,2034,325.4
412220,2035,325.4
412220,2036,325.4
412220,2037,325.4
412220,2038,325.4
412220,2039,325.4
412220,2040,325.4
412220,2041,325.4
412220,2042,325.4
412220,2043,325.4
412220,2044,325.4
412220,2045,325.4
412402,2010,407.4
412402,2011,419.6
412402,2012,432.1
412402,2013,445.1
412402,2014,458.4
412402,2015,472.1
412402,2016,486.3
412402,2017,500.8
412402,2018,515.8
412402,2019,531.3
412402,2020,547.2
412402,2021,547.2
412402,2022,547.2
412402,2023,547.2
412402,2024,547.2
412402,2025,547.2
412402,2026,547.2
412402,2027,547.2
412402,2028,547.2
412402,2029,547.2
412402,2030,547.2
412402,2031,547.2
412402,2032,547.2
412402,2033,547.2
412402,2034,547.2
412402,2035,547.2
412402,2036,547.2
412402,2037,547.2
412402,2038,547.2
412402,2039,547.2
412402,2040,547.2
412402,2041,547.2
412402,2042,547.2
412402,2043,547.2
412402,2044,547.2
412402,2045,547.2
412405,2010,1138.6
412405,2011,1157.5
412405,2012,1176.8
412405,2013,1196.4
412405,2014,1216.3
412405,2015,1236.5
412405,2016,1257.1
412405,2017,1278.0
412405,2018,1299.3
412405,2019,1320.9
412405,2020,1342.9
412405,2021,1342.9
412405,2022,1342.9
412405,2023,1342.9
412405,2024,1342.9
412405,2025,1342.9
412405,2026,1342.9
412405,2027,1342.9
412405,2028,1342.9
412405,2029,1342.9
412405,2030,1342.9
412405,2031,1342.9
412405,2032,1342.9
412405,2033,1342.9
412405,2034,1342.9
412405,2035,1342.9
412405,2036,1342.9
412405,2037,1342.9
412405,2038,1342.9
412405,2039,1342.9
412405,2040,1342.9
412405,2041,1342.9
412405,2042,1342.9
412405,2043,1342.9
412405,2044,1342.9
412405,2045,1342.9
412550,2010,12317.9
412550,2011,12344.1
412550,2012,12370.4
412550,2013,12396.7
412550,2014,12423.1
412550,2015,12449.5
412550,2016,12476.0
412550,2017,12502.5
412550,2018,12529.1
412550,2019,12555.8
412550,2020,12582.5
412550,2021,12582.5
412550,2022,12582.5
412550,2023,12582.5
412550,2024,12582.5
412550,2025,12582.5
412550,2026,12582.5
412550,2027,12582.5
412550,2028,12582.5
412550,2029,12582.5
412550,2030,12582.5
412550,2031,12582.5
412550,2032,12582.5
412550,2033,12582.5
412550,2034,12582.5
412550,2035,12582.5
412550,2036,12582.5
412550,2037,12582.5
412550,2038,12582.5
412550,2039,12582.5
412550,2040,12582.5
412550,2041,12582.5
412550,2042,12582.5
412550,2043,12582.5
412550,2044,12582.5
412550,2045,12582.5
412625,2010,1632.1
412625,2011,1688.5
412625,2012,1746.8
412625,2013,1807.2
412625,2014,1869.6
412625,2015,1934.2
412625,2016,2001.0
412625,2017,2070.2
412625,2018,2141.7
412625,2019,2215.7
412625,2020,2292.2
412625,2021,2292.2
412625,2022,2292.2
412625,2023,2292.2
412625,2024,2292.2
412625,2025,2292.2
412625,2026,2292.2
412625,2027,2292.2
412625,2028,2292.2
412625,2029,2292.2
412625,2030,2292.2
412625,2031,2292.2
412625,2032,2292.2
412625,2033,2292.2
412625,2034,2292.2
412625,2035,2292.2
412625,2036,2292.2
412625,2037,2292.2
412625,2038,2292.2
412625,2039,2292.2
412625,2040,2292.2
412625,2041,2292.2
412625,2042,2292.2
412625,2043,2292.2
412625,2044,2292.2
412625,2045,2292.2
412770,2010,6693.0
412770,2011,6920.7
412770,2012,7156.1
412770,2013,7399.5
412770,2014,7651.3
412770,2015,7911.6
412770,2016,8180.7
412770,2017,8459.0
412770,2018,8746.7
412770,2019,9044.3
412770,2020,9352.0
412770,2021,9352.0
412770,2022,9352.0
412770,2023,9352.0
412770,2024,9352.0
412770,2025,9352.0
412770,2026,9352.0
412770,2027,9352.0
412770,2028,9352.0
412770,2029,9352.0
412770,2030,9352.0
412770,2031,9352.0
412770,2032,9352.0
412770,2033,9352.0
412770,2034,9352.0
412770,2035,9352.0
412770,2036,9352.0
412770,2037,9352.0
412770,2038,9352.0
412770,2039,9352.0
412770,2040,9352.0
412770,2041,9352.0
412770,2042,9352.0
412770,2043,9352.0
412770,2044,9352.0
412770,2045,9352.0
412810,2010,3718.6
412810,2011,3921.2
412810,2012,4134.8
412810,2013,4360.1
412810,2014,4597.6
412810,2015,4848.1
412810,2016,5112.2
412810,2017,5390.7
412810,2018,5684.4
412810,2019,5994.1
412810,2020,6320.6
412810,2021,6320.6
412810,2022,6320.6
412810,2023,6320.6
412810,2024,6320.6
412810,2025,6320.6
412810,2026,6320.6
412810,2027,6320.6
412810,2028,6320.6
412810,2029,6320.6
412810,2030,6320.6
412810,2031,6320.6
412810,2032,6320.6
412810,2033,6320.6
412810,2034,6320.6
412810,2035,6320.6
412810,2036,6320.6
412810,2037,6320.6
412810,2038,6320.6
412810,2039,6320.6
412810,2040,6320.6
412810,2041,6320.6
412810,2042,6320.6
412810,2043,6320.6
412810,2044,6320.6
412810,2045,6320.6
420060,2010,477.9
420060,2011,487.5
420060,2012,497.3
420060,2013,507.2
420060,2014,517.4
420060,2015,527.8
420060,2016,538.4
420060,2017,549.2
420060,2018,560.2
420060,2019,571.5
420060,2020,583.0
420060,2021,583.0
420060,2022,583.0
420060,2023,583.0
420060,2024,583.0
420060,2025,583.0
420060,2026,583.0
420060,2027,583.0
420060,2028,583.0
420060,2029,583.0
420060,2030,583.0
420060,2031,583.0
420060,2032,583.0
420060,2033,583.0
420060,2034,583.0
420060,2035,583.0
420060,2036,583.0
420060,2037,583.0
420060,2038,583.0
420060,2039,583.0
420060,2040,583.0
420060,2041,583.0
420060,2042,583.0
420060,2043,583.0
420060,2044,583.0
420060,2045,583.0
420120,2010,472.7
420120,2011,482.1
420120,2012,491.8
420120,2013,501.7
420120,2014,511.8
420120,2015,522.0
420120,2016,532.5
420120,2017,543.2
420120,2018,554.1
420120,2019,565.2
420120,2020,576.6
420120,2021,576.6
420120,2022,576.6
420120,2023,576.6
420120,2024,576.6
420120,2025,576.6
420120,2026,576.6
420120,2027,576.6
420120,2028,576.6
420120,2029,576.6
420120,2030,576.6
420120,2031,576.6
420120,2032,576.6
420120,2033,576.6
420120,2034,576.6
420120,2035,576.6
420120,2036,576.6
420120,2037,576.6
420120,2038,576.6
420120,2039,576.6
420120,2040,576.6
420120,2041,576.6
420120,2042,576.6
420120,2043,576.6
420120,2044,576.6
420120,2045,576.6
420130,2010,402.2
420130,2011,410.9
420130,2012,419.8
420130,2013,429.0
420130,2014,438.3
420130,2015,447.8
420130,2016,457.5
420130,2017,467.5
420130,2018,477.6
420130,2019,488.0
420130,2020,498.6
420130,2021,498.6
420130,2022,498.6
420130,2023,498.6
420130,2024,498.6
420130,2025,498.6
420130,2026,498.6
420130,2027,498.6
420130,2028,498.6
420130,2029,498.6
420130,2030,498.6
420130,2031,498.6
420130,2032,498.6
420130,2033,498.6
420130,2034,498.6
420130,2035,498.6
420130,2036,498.6
420130,2037,498.6
420130,2038,498.6
420130,2039,498.6
420130,2040,498.6
420130,2041,498.6
420130,2042,498.6
420130,2043,498.6
420130,2044,498.6
420130,2045,498.6
420200,2010,6844.5
420200,2011,7118.2
420200,2012,7403.0
420200,2013,7699.1
420200,2014,8007.1
420200,2015,8327.4
420200,2016,8660.5
420200,2017,9006.9
420200,2018,9367.2
420200,2019,9741.9
420200,2020,10131.5
420200,2021,10131.5
420200,2022,10131.5
420200,2023,10131.5
420200,2024,10131.5
420200,2025,10131.5
420200,2026,10131.5
420200,2027,10131.5
420200,2028,10131.5
420200,2029,10131.5
420200,2030,10131.5
420200,2031,10131.5
420200,2032,10131.5
420200,2033,10131.5
420200,2034,10131.5
420200,2035,10131.5
420200,2036,10131.5
420200,2037,10131.5
420200,2038,10131.5
420200,2039,10131.5
420200,2040,10131.5
420200,2041,10131.5
420200,2042,10131.5
420200,2043,10131.5
420200,2044,10131.5
420200,2045,10131.5
420210,2010,1021.1
420210,2011,1061.9
420210,2012,1104.4
420210,2013,1148.5
420210,2014,1194.5
420210,2015,1242.3
420210,2016,1292.0
420210,2017,1343.6
420210,2018,1397.4
420210,2019,1453.3
420210,2020,1511.4
420210,2021,1511.4
420210,2022,1511.4
420210,2023,1511.4
420210,2024,1511.4
420210,2025,1511.4
420210,2026,1511.4
420210,2027,1511.4
420210,2028,1511.4
420210,2029,1511.4
420210,2030,1511.4
420210,2031,1511.4
420210,2032,1511.4
420210,2033,1511.4
420210,2034,1511.4
420210,2035,1511.4
420210,2036,1511.4
420210,2037,1511.4
420210,2038,1511.4
420210,2039,1511.4
420210,2040,1511.4
420210,2041,1511.4
420210,2042,1511.4
420210,2043,1511.4
420210,2044,1511.4
420210,2045,1511.4
420230,2010,3849.2
420230,2011,3926.5
420230,2012,4005.3
420230,2013,4085.7
420230,2014,4167.7
420230,2015,4251.3
420230,2016,4336.7
420230,2017,4423.7
420230,2018,4512.5
420230,2019,4603.1
420230,2020,4695.5
420230,2021,4695.5
420230,2022,4695.5
420230,2023,4695.5
420230,2024,4695.5
420230,2025,4695.5
420230,2026,4695.5
420230,2027,4695.5
420230,2028,4695.5
420230,2029,4695.5
420230,2030,4695.5
420230,2031,4695.5
420230,2032,4695.5
420230,2033,4695.5
420230,2034,4695.5
420230,2035,4695.5
420230,2036,4695.5
420230,2037,4695.5
420230,2038,4695.5
420230,2039,4695.5
420230,2040,4695.5
420230,2041,4695.5
420230,2042,4695.5
420230,2043,4695.5
420230,2044,4695.5
420230,2045,4695.5
420240,2010,14422.7
420240,2011,14938.2
420240,2012,15472.1
420240,2013,16025.1
420240,2014,16597.8
420240,2015,17191.0
420240,2016,17805.4
420240,2017,18441.8
420240,2018,19100.9
420240,2019,19783.6
420240,2020,20490.7
420240,2021,20490.7
420240,2022,20490.7
420240,2023,20490.7
420240,2024,20490.7
420240,2025,20490.7
420240,2026,20490.7
420240,2027,20490.7
420240,2028,20490.7
420240,2029,20490.7
420240,2030,20490.7
420240,2031,20490.7
420240,2032,20490.7
420240,2033,20490.7
420240,2034,20490.7
420240,2035,20490.7
420240,2036,20490.7
420240,2037,20490.7
420240,2038,20490.7
420240,2039,20490.7
420240,2040,20490.7
420240,2041,20490.7
420240,2042,20490.7
420240,2043,20490.7
420240,2044,20490.7
420240,2045,20490.7
420270,2010,75.7
420270,2011,79.3
420270,2012,83.1
420270,2013,87.0
420270,2014,91.2
420270,2015,95.5
420270,2016,100.1
420270,2017,104.8
420270,2018,109.8
420270,2019,115.0
420270,2020,120.5
420270,2021,120.5
420270,2022,120.5
420270,2023,120.5
420270,2024,120.5
420270,2025,120.5
420270,2026,120.5
420270,2027,120.5
420270,2028,120.5
420270,2029,120.5
420270,2030,120.5
420270,2031,120.5
420270,2032,120.5
420270,2033,120.5
420270,2034,120.5
420270,2035,120.5
420270,2036,120.5
420270,2037,120.5
420270,2038,120.5
420270,2039,120.5
420270,2040,120.5
420270,2041,120.5
420270,2042,120.5
420270,2043,120.5
420270,2044,120.5
420270,2045,120.5
420290,2010,1976.8
420290,2011,2070.8
420290,2012,2169.1
420290,2013,2272.2
420290,2014,2380.2
420290,2015,2493.3
420290,2016,2611.8
420290,2017,2735.9
420290,2018,2865.9
420290,2019,3002.0
420290,2020,3144.7
420290,2021,3144.7
420290,2022,3144.7
420290,2023,3144.7
420290,2024,3144.7
420290,2025,3144.7
420290,2026,3144.7
420290,2027,3144.7
420290,2028,3144.7
420290,2029,3144.7
420290,2030,3144.7
420290,2031,3144.7
420290,2032,3144.7
420290,2033,3144.7
420290,2034,3144.7
420290,2035,3144.7
420290,2036,3144.7
420290,2037,3144.7
420290,2038,3144.7
420290,2039,3144.7
420290,2040,3144.7
420290,2041,3144.7
420290,2042,3144.7
420290,2043,3144.7
420290,2044,3144.7
420290,2045,3144.7
420320,2010,2791.6
420320,2011,2903.2
420320,2012,3019.4
420320,2013,3140.2
420320,2014,3265.8
420320,2015,3396.4
420320,2016,3532.3
420320,2017,3673.5
420320,2018,3820.5
420320,2019,3973.3
420320,2020,4132.2
420320,2021,4132.2
420320,2022,4132.2
420320,2023,4132.2
420320,2024,4132.2
420320,2025,4132.2
420320,2026,4132.2
420320,2027,4132.2
420320,2028,4132.2
420320,2029,4132.2
420320,2030,4132.2
420320,2031,4132.2
420320,2032,4132.2
420320,2033,4132.2
420320,2034,4132.2
420320,2035,4132.2
420320,2036,4132.2
420320,2037,4132.2
420320,2038,4132.2
420320,2039,4132.2
420320,2040,4132.2
420320,2041,4132.2
420320,2042,4132.2
420320,2043,4132.2
420320,2044,4132.2
420320,2045,4132.2
420395,2010,1854.1
420395,2011,1834.7
420395,2012,1815.6
420395,2013,1796.6
420395,2014,1777.9
420395,2015,1759.3
420395,2016,1741.0
420395,2017,1722.8
420395,2018,1704.8
420395,2019,1687.1
420395,2020,1669.4
420395,2021,1669.4
420395,2022,1669.4
420395,2023,1669.4
420395,2024,1669.4
420395,2025,1669.4
420395,2026,1669.4
420395,2027,1669.4
420395,2028,1669.4
420395,2029,1669.4
420395,2030,1669.4
420395,2031,1669.4
420395,2032,1669.4
420395,2033,1669.4
420395,2034,1669.4
420395,2035,1669.4
420395,2036,1669.4
420395,2037,1669.4
420395,2038,1669.4
420395,2039,1669.4
420395,2040,1669.4
420395,2041,1669.4
420395,2042,1669.4
420395,2043,1669.4
420395,2044,1669.4
420395,2045,1669.4
420420,2010,12534.7
420420,2011,13022.7
420420,2012,13529.6
420420,2013,14056.3
420420,2014,14603.6
420420,2015,15172.1
420420,2016,15762.7
420420,2017,16376.4
420420,2018,17013.9
420420,2019,17676.3
420420,2020,18364.4
420420,2021,18364.4
420420,2022,18364.4
420420,2023,18364.4
420420,2024,18364.4
420420,2025,18364.4
420420,2026,18364.4
420420,2027,18364.4
420420,2028,18364.4
420420,2029,18364.4
420420,2030,18364.4
420420,2031,18364.4
420420,2032,18364.4
420420,2033,18364.4
420420,2034,18364.4
420420,2035,18364.4
420420,2036,18364.4
420420,2037,18364.4
420420,2038,18364.4
420420,2039,18364.4
420420,2040,18364.4
420420,2041,18364.4
420420,2042,18364.4
420420,2043,18364.4
420420,2044,18364.4
420420,2045,18364.4
420425,2010,363.0
420425,2011,373.5
420425,2012,384.3
420425,2013,395.5
420425,2014,406.9
420425,2015,418.7
420425,2016,430.8
420425,2017,443.3
420425,2018,456.2
420425,2019,469.4
420425,2020,483.0
420425,2021,483.0
420425,2022,483.0
420425,2023,483.0
420425,2024,483.0
420425,2025,483.0
420425,2026,483.0
420425,2027,483.0
420425,2028,483.0
420425,2029,483.0
420425,2030,483.0
420425,2031,483.0
420425,2032,483.0
420425,2033,483.0
420425,2034,483.0
420425,2035,483.0
420425,2036,483.0
420425,2037,483.0
420425,2038,483.0
420425,2039,483.0
420425,2040,483.0
420425,2041,483.0
420425,2042,483.0
420425,2043,483.0
420425,2044,483.0
420425,2045,483.0
420435,2010,274.2
420435,2011,284.9
420435,2012,296.0
420435,2013,307.5
420435,2014,319.5
420435,2015,331.9
420435,2016,344.8
420435,2017,358.2
420435,2018,372.2
420435,2019,386.7
420435,2020,401.7
420435,2021,401.7
420435,2022,401.7
420435,2023,401.7
420435,2024,401.7
420435,2025,401.7
420435,2026,401.7
420435,2027,401.7
420435,2028,401.7
420435,2029,401.7
420435,2030,401.7
420435,2031,401.7
420435,2032,401.7
420435,2033,401.7
420435,2034,401.7
420435,2035,401.7
420435,2036,401.7
420435,2037,401.7
420435,2038,401.7
420435,2039,401.7
420435,2040,401.7
420435,2041,401.7
420435,2042,401.7
420435,2043,401.7
420435,2044,401.7
420435,2045,401.7
420450,2010,60.1
420450,2011,61.4
420450,2012,62.7
420450,2013,64.1
420450,2014,65.5
420450,2015,66.9
420450,2016,68.4
420450,2017,69.9
420450,2018,71.4
420450,2019,72.9
420450,2020,74.5
420450,2021,74.5
420450,2022,74.5
420450,2023,74.5
420450,2024,74.5
420450,2025,74.5
420450,2026,74.5
420450,2027,74.5
420450,2028,74.5
420450,2029,74.5
420450,2030,74.5
420450,2031,74.5
420450,2032,74.5
420450,2033,74.5
420450,2034,74.5
420450,2035,74.5
420450,2036,74.5
420450,2037,74.5
420450,2038,74.5
420450,2039,74.5
420450,2040,74.5
420450,2041,74.5
420450,2042,74.5
420450,2043,74.5
420450,2044,74.5
420450,2045,74.5
420460,2010,8176.3
420460,2011,8413.1
420460,2012,8656.9
420460,2013,8907.7
420460,2014,9165.7
420460,2015,9431.3
420460,2016,9704.5
420460,2017,9985.6
420460,2018,10274.9
420460,2019,10572.6
420460,2020,10878.9
420460,2021,10878.9
420460,2022,10878.9
420460,2023,10878.9
420460,2024,10878.9
420460,2025,10878.9
420460,2026,10878.9
420460,2027,10878.9
420460,2028,10878.9
420460,2029,10878.9
420460,2030,10878.9
420460,2031,10878.9
420460,2032,10878.9
420460,2033,10878.9
420460,2034,10878.9
420460,2035,10878.9
420460,2036,10878.9
420460,2037,10878.9
420460,2038,10878.9
420460,2039,10878.9
420460,2040,10878.9
420460,2041,10878.9
420460,2042,10878.9
420460,2043,10878.9
420460,2044,10878.9
420460,2045,10878.9
420540,2010,62169.4
420540,2011,63417.3
420540,2012,64690.3
420540,2013,65988.8
420540,2014,67313.3
420540,2015,68664.5
420540,2016,70042.8
420540,2017,71448.8
420540,2018,72882.9
420540,2019,74345.9
420540,2020,75838.2
420540,2021,75838.2
420540,2022,75838.2
420540,2023,75838.2
420540,2024,75838.2
420540,2025,75838.2
420540,2026,75838.2
420540,2027,75838.2
420540,2028,75838.2
420540,2029,75838.2
420540,2030,75838.2
420540,2031,75838.2
420540,2032,75838.2
420540,2033,75838.2
420540,2034,75838.2
420540,2035,75838.2
420540,2036,75838.2
420540,2037,75838.2
420540,2038,75838.2
420540,2039,75838.2
420540,2040,75838.2
420540,2041,75838.2
420540,2042,75838.2
420540,2043,75838.2
420540,2044,75838.2
420540,2045,75838.2
420545,2010,73.1
420545,2011,75.2
420545,2012,77.4
420545,2013,79.7
420545,2014,82.0
420545,2015,84.3
420545,2016,86.8
420545,2017,89.3
420545,2018,91.9
420545,2019,94.5
420545,2020,97.3
420545,2021,97.3
420545,2022,97.3
420545,2023,97.3
420545,2024,97.3
420545,2025,97.3
420545,2026,97.3
420545,2027,97.3
420545,2028,97.3
420545,2029,97.3
420545,2030,97.3
420545,2031,97.3
420545,2032,97.3
420545,2033,97.3
420545,2034,97.3
420545,2035,97.3
420545,2036,97.3
420545,2037,97.3
420545,2038,97.3
420545,2039,97.3
420545,2040,97.3
420545,2041,97.3
420545,2042,97.3
420545,2043,97.3
420545,2044,97.3
420545,2045,97.3
420590,2010,1258.7
420590,2011,1303.7
420590,2012,1350.3
420590,2013,1398.5
420590,2014,1448.5
420590,2015,1500.3
420590,2016,1553.9
420590,2017,1609.4
420590,2018,1667.0
420590,2019,1726.5
420590,2020,1788.3
420590,2021,1788.3
420590,2022,1788.3
420590,2023,1788.3
420590,2024,1788.3
420590,2025,1788.3
420590,2026,1788.3
420590,2027,1788.3
420590,2028,1788.3
420590,2029,1788.3
420590,2030,1788.3
420590,2031,1788.3
420590,2032,1788.3
420590,2033,1788.3
420590,2034,1788.3
420590,2035,1788.3
420590,2036,1788.3
420590,2037,1788.3
420590,2038,1788.3
420590,2039,1788.3
420590,2040,1788.3
420590,2041,1788.3
420590,2042,1788.3
420590,2043,1788.3
420590,2044,1788.3
420590,2045,1788.3
420600,2010,992.3
420600,2011,1012.2
420600,2012,1032.6
420600,2013,1053.3
420600,2014,1074.4
420600,2015,1096.0
420600,2016,1118.0
420600,2017,1140.4
420600,2018,1163.3
420600,2019,1186.7
420600,2020,1210.5
420600,2021,1210.5
420600,2022,1210.5
420600,2023,1210.5
420600,2024,1210.5
420600,2025,1210.5
420600,2026,1210.5
420600,2027,1210.5
420600,2028,1210.5
420600,2029,1210.5
420600,2030,1210.5
420600,2031,1210.5
420600,2032,1210.5
420600,2033,1210.5
420600,2034,1210.5
420600,2035,1210.5
420600,2036,1210.5
420600,2037,1210.5
420600,2038,1210.5
420600,2039,1210.5
420600,2040,1210.5
420600,2041,1210.5
420600,2042,1210.5
420600,2043,1210.5
420600,2044,1210.5
420600,2045,1210.5
420620,2010,493.6
420620,2011,488.4
420620,2012,483.3
420620,2013,478.3
420620,2014,473.3
420620,2015,468.3
420620,2016,463.4
420620,2017,458.6
420620,2018,453.8
420620,2019,449.1
420620,2020,444.4
420620,2021,444.4
420620,2022,444.4
420620,2023,444.4
420620,2024,444.4
420620,2025,444.4
420620,2026,444.4
420620,2027,444.4
420620,2028,444.4
420620,2029,444.4
420620,2030,444.4
420620,2031,444.4
420620,2032,444.4
420620,2033,444.4
420620,2034,444.4
420620,2035,444.4
420620,2036,444.4
420620,2037,444.4
420620,2038,444.4
420620,2039,444.4
420620,2040,444.4
420620,2041,444.4
420620,2042,444.4
420620,2043,444.4
420620,2044,444.4
420620,2045,444.4
420630,2010,383.9
420630,2011,402.1
420630,2012,421.2
420630,2013,441.2
420630,2014,462.2
420630,2015,484.2
420630,2016,507.2
420630,2017,531.3
420630,2018,556.5
420630,2019,583.0
420630,2020,610.7
420630,2021,610.7
420630,2022,610.7
420630,2023,610.7
420630,2024,610.7
420630,2025,610.7
420630,2026,610.7
420630,2027,610.7
420630,2028,610.7
420630,2029,610.7
420630,2030,610.7
420630,2031,610.7
420630,2032,610.7
420630,2033,610.7
420630,2034,610.7
420630,2035,610.7
420630,2036,610.7
420630,2037,610.7
420630,2038,610.7
420630,2039,610.7
420630,2040,610.7
420630,2041,610.7
420630,2042,610.7
420630,2043,610.7
420630,2044,610.7
420630,2045,610.7
420650,2010,198.5
420650,2011,202.8
420650,2012,207.2
420650,2013,211.7
420650,2014,216.3
420650,2015,221.1
420650,2016,225.9
420650,2017,230.8
420650,2018,235.8
420650,2019,241.0
420650,2020,246.2
420650,2021,246.2
420650,2022,246.2
420650,2023,246.2
420650,2024,246.2
420650,2025,246.2
420650,2026,246.2
420650,2027,246.2
420650,2028,246.2
420650,2029,246.2
420650,2030,246.2
420650,2031,246.2
420650,2032,246.2
420650,2033,246.2
420650,2034,246.2
420650,2035,246.2
420650,2036,246.2
420650,2037,246.2
420650,2038,246.2
420650,2039,246.2
420650,2040,246.2
420650,2041,246.2
420650,2042,246.2
420650,2043,246.2
420650,2044,246.2
420650,2045,246.2
420665,2010,240.2
420665,2011,249.6
420665,2012,259.3
420665,2013,269.4
420665,2014,279.9
420665,2015,290.8
420665,2016,302.1
420665,2017,313.9
420665,2018,326.1
420665,2019,338.8
420665,2020,352.0
420665,2021,352.0
420665,2022,352.0
420665,2023,352.0
420665,2024,352.0
420665,2025,352.0
420665,2026,352.0
420665,2027,352.0
420665,2028,352.0
420665,2029,352.0
420665,2030,352.0
420665,2031,352.0
420665,2032,352.0
420665,2033,352.0
420665,2034,352.0
420665,2035,352.0
420665,2036,352.0
420665,2037,352.0
420665,2038,352.0
420665,2039,352.0
420665,2040,352.0
420665,2041,352.0
420665,2042,352.0
420665,2043,352.0
420665,2044,352.0
420665,2045,352.0
420700,2010,1436.3
420700,2011,1477.9
420700,2012,1520.7
420700,2013,1564.7
420700,2014,1610.1
420700,2015,1656.7
420700,2016,1704.7
420700,2017,1754.1
420700,2018,1804.9
420700,2019,1857.2
420700,2020,1911.0
420700,2021,1911.0
420700,2022,1911.0
420700,2023,1911.0
420700,2024,1911.0
420700,2025,1911.0
420700,2026,1911.0
420700,2027,1911.0
420700,2028,1911.0
420700,2029,1911.0
420700,2030,1911.0
420700,2031,1911.0
420700,2032,1911.0
420700,2033,1911.0
420700,2034,1911.0
420700,2035,1911.0
420700,2036,1911.0
420700,2037,1911.0
420700,2038,1911.0
420700,2039,1911.0
420700,2040,1911.0
420700,2041,1911.0
420700,2042,1911.0
420700,2043,1911.0
420700,2044,1911.0
420700,2045,1911.0
420710,2010,540.6
420710,2011,559.9
420710,2012,579.9
420710,2013,600.6
420710,2014,622.1
420710,2015,644.3
420710,2016,667.3
420710,2017,691.2
420710,2018,715.9
420710,2019,741.5
420710,2020,768.0
420710,2021,768.0
420710,2022,768.0
420710,2023,768.0
420710,2024,768.0
420710,2025,768.0
420710,2026,768.0
420710,2027,768.0
420710,2028,768.0
420710,2029,768.0
420710,2030,768.0
420710,2031,768.0
420710,2032,768.0
420710,2033,768.0
420710,2034,768.0
420710,2035,768.0
420710,2036,768.0
420710,2037,768.0
420710,2038,768.0
420710,2039,768.0
420710,2040,768.0
420710,2041,768.0
420710,2042,768.0
420710,2043,768.0
420710,2044,768.0
420710,2045,768.0
420750,2010,1741.8
420750,2011,1804.1
420750,2012,1868.5
420750,2013,1935.3
420750,2014,2004.5
420750,2015,2076.1
420750,2016,2150.3
420750,2017,2227.2
420750,2018,2306.8
420750,2019,2389.2
420750,2020,2474.6
420750,2021,2474.6
420750,2022,2474.6
420750,2023,2474.6
420750,2024,2474.6
420750,2025,2474.6
420750,2026,2474.6
420750,2027,2474.6
420750,2028,2474.6
420750,2029,2474.6
420750,2030,2474.6
420750,2031,2474.6
420750,2032,2474.6
420750,2033,2474.6
420750,2034,2474.6
420750,2035,2474.6
420750,2036,2474.6
420750,2037,2474.6
420750,2038,2474.6
420750,2039,2474.6
420750,2040,2474.6
420750,2041,2474.6
420750,2042,2474.6
420750,2043,2474.6
420750,2044,2474.6
420750,2045,2474.6
420820,2010,10610.1
420820,2011,11034.5
420820,2012,11475.9
420820,2013,11934.9
420820,2014,12412.3
420820,2015,12908.8
420820,2016,13425.2
420820,2017,13962.2
420820,2018,14520.7
420820,2019,15101.6
420820,2020,15705.6
420820,2021,15705.6
420820,2022,15705.6
420820,2023,15705.6
420820,2024,15705.6
420820,2025,15705.6
420820,2026,15705.6
420820,2027,15705.6
420820,2028,15705.6
420820,2029,15705.6
420820,2030,15705.6
420820,2031,15705.6
420820,2032,15705.6
420820,2033,15705.6
420820,2034,15705.6
420820,2035,15705.6
420820,2036,15705.6
420820,2037,15705.6
420820,2038,15705.6
420820,2039,15705.6
420820,2040,15705.6
420820,2041,15705.6
420820,2042,15705.6
420820,2043,15705.6
420820,2044,15705.6
420820,2045,15705.6
420890,2010,4387.1
420890,2011,4482.8
420890,2012,4580.5
420890,2013,4680.4
420890,2014,4782.5
420890,2015,4886.7
420890,2016,4993.3
420890,2017,5102.2
420890,2018,5213.4
420890,2019,5327.1
420890,2020,5443.3
420890,2021,5443.3
420890,2022,5443.3
420890,2023,5443.3
420890,2024,5443.3
420890,2025,5443.3
420890,2026,5443.3
420890,2027,5443.3
420890,2028,5443.3
420890,2029,5443.3
420890,2030,5443.3
420890,2031,5443.3
420890,2032,5443.3
420890,2033,5443.3
420890,2034,5443.3
420890,2035,5443.3
420890,2036,5443.3
420890,2037,5443.3
420890,2038,5443.3
420890,2039,5443.3
420890,2040,5443.3
420890,2041,5443.3
420890,2042,5443.3
420890,2043,5443.3
420890,2044,5443.3
420890,2045,5443.3
420910,2010,23434.6
420910,2011,23944.0
420910,2012,24464.4
420910,2013,24996.1
420910,2014,25539.4
420910,2015,26094.5
420910,2016,26661.7
420910,2017,27241.2
420910,2018,27833.2
420910,2019,28438.2
420910,2020,29056.3
420910,2021,29056.3
420910,2022,29056.3
420910,2023,29056.3
420910,2024,29056.3
420910,2025,29056.3
420910,2026,29056.3
420910,2027,29056.3
420910,2028,29056.3
420910,2029,29056.3
420910,2030,29056.3
420910,2031,29056.3
420910,2032,29056.3
420910,2033,29056.3
420910,2034,29056.3
420910,2035,29056.3
420910,2036,29056.3
420910,2037,29056.3
420910,2038,29056.3
420910,2039,29056.3
420910,2040,29056.3
420910,2041,29056.3
420910,2042,29056.3
420910,2043,29056.3
420910,2044,29056.3
420910,2045,29056.3
420930,2010,13093.5
420930,2011,13385.3
420930,2012,13683.6
420930,2013,13988.5
420930,2014,14300.2
420930,2015,14618.9
420930,2016,14944.7
420930,2017,15277.7
420930,2018,15618.2
420930,2019,15966.2
420930,2020,16322.0
420930,2021,16322.0
420930,2022,16322.0
420930,2023,16322.0
420930,2024,16322.0
420930,2025,16322.0
420930,2026,16322.0
420930,2027,16322.0
420930,2028,16322.0
420930,2029,16322.0
420930,2030,16322.0
420930,2031,16322.0
420930,2032,16322.0
420930,2033,16322.0
420930,2034,16322.0
420930,2035,16322.0
420930,2036,16322.0
420930,2037,16322.0
420930,2038,16322.0
420930,2039,16322.0
420930,2040,16322.0
420930,2041,16322.0
420930,2042,16322.0
420930,2043,16322.0
420930,2044,16322.0
420930,2045,16322.0
420940,2010,3063.2
420940,2011,3031.2
420940,2012,2999.6
420940,2013,2968.3
420940,2014,2937.3
420940,2015,2906.6
420940,2016,2876.3
420940,2017,2846.3
420940,2018,2816.6
420940,2019,2787.2
420940,2020,2758.1
420940,2021,2758.1
420940,2022,2758.1
420940,2023,2758.1
420940,2024,2758.1
420940,2025,2758.1
420940,2026,2758.1
420940,2027,2758.1
420940,2028,2758.1
420940,2029,2758.1
420940,2030,2758.1
420940,2031,2758.1
420940,2032,2758.1
420940,2033,2758.1
420940,2034,2758.1
420940,2035,2758.1
420940,2036,2758.1
420940,2037,2758.1
420940,2038,2758.1
420940,2039,2758.1
420940,2040,2758.1
420940,2041,2758.1
420940,2042,2758.1
420940,2043,2758.1
420940,2044,2758.1
420940,2045,2758.1
421120,2010,786.0
421120,2011,808.8
421120,2012,832.2
421120,2013,856.3
421120,2014,881.2
421120,2015,906.7
421120,2016,932.9
421120,2017,960.0
421120,2018,987.8
421120,2019,1016.4
421120,2020,1045.8
421120,2021,1045.8
421120,2022,1045.8
421120,2023,1045.8
421120,2024,1045.8
421120,2025,1045.8
421120,2026,1045.8
421120,2027,1045.8
421120,2028,1045.8
421120,2029,1045.8
421120,2030,1045.8
421120,2031,1045.8
421120,2032,1045.8
421120,2033,1045.8
421120,2034,1045.8
421120,2035,1045.8
421120,2036,1045.8
421120,2037,1045.8
421120,2038,1045.8
421120,2039,1045.8
421120,2040,1045.8
421120,2041,1045.8
421120,2042,1045.8
421120,2043,1045.8
421120,2044,1045.8
421120,2045,1045.8
421125,2010,214.1
421125,2011,220.3
421125,2012,226.7
421125,2013,233.3
421125,2014,240.0
421125,2015,247.0
421125,2016,254.2
421125,2017,261.5
421125,2018,269.1
421125,2019,276.9
421125,2020,284.9
421125,2021,284.9
421125,2022,284.9
421125,2023,284.9
421125,2024,284.9
421125,2025,284.9
421125,2026,284.9
421125,2027,284.9
421125,2028,284.9
421125,2029,284.9
421125,2030,284.9
421125,2031,284.9
421125,2032,284.9
421125,2033,284.9
421125,2034,284.9
421125,2035,284.9
421125,2036,284.9
421125,2037,284.9
421125,2038,284.9
421125,2039,284.9
421125,2040,284.9
421125,2041,284.9
421125,2042,284.9
421125,2043,284.9
421125,2044,284.9
421125,2045,284.9
421130,2010,3136.3
421130,2011,3261.7
421130,2012,3392.2
421130,2013,3527.9
421130,2014,3669.0
421130,2015,3815.8
421130,2016,3968.4
421130,2017,4127.2
421130,2018,4292.2
421130,2019,4463.9
421130,2020,4642.5
421130,2021,4642.5
421130,2022,4642.5
421130,2023,4642.5
421130,2024,4642.5
421130,2025,4642.5
421130,2026,4642.5
421130,2027,4642.5
421130,2028,4642.5
421130,2029,4642.5
421130,2030,4642.5
421130,2031,4642.5
421130,2032,4642.5
421130,2033,4642.5
421130,2034,4642.5
421130,2035,4642.5
421130,2036,4642.5
421130,2037,4642.5
421130,2038,4642.5
421130,2039,4642.5
421130,2040,4642.5
421130,2041,4642.5
421130,2042,4642.5
421130,2043,4642.5
421130,2044,4642.5
421130,2045,4642.5
421160,2010,396.9
421160,2011,408.4
421160,2012,420.3
421160,2013,432.4
421160,2014,445.0
421160,2015,457.9
421160,2016,471.1
421160,2017,484.8
421160,2018,498.8
421160,2019,513.3
421160,2020,528.1
421160,2021,528.1
421160,2022,528.1
421160,2023,528.1
421160,2024,528.1
421160,2025,528.1
421160,2026,528.1
421160,2027,528.1
421160,2028,528.1
421160,2029,528.1
421160,2030,528.1
421160,2031,528.1
421160,2032,528.1
421160,2033,528.1
421160,2034,528.1
421160,2035,528.1
421160,2036,528.1
421160,2037,528.1
421160,2038,528.1
421160,2039,528.1
421160,2040,528.1
421160,2041,528.1
421160,2042,528.1
421160,2043,528.1
421160,2044,528.1
421160,2045,528.1
421190,2010,12015.0
421190,2011,12256.2
421190,2012,12502.2
421190,2013,12753.2
421190,2014,13009.1
421190,2015,13270.3
421190,2016,13536.6
421190,2017,13808.4
421190,2018,14085.5
421190,2019,14368.3
421190,2020,14656.7
421190,2021,14656.7
421190,2022,14656.7
421190,2023,14656.7
421190,2024,14656.7
421190,2025,14656.7
421190,2026,14656.7
421190,2027,14656.7
421190,2028,14656.7
421190,2029,14656.7
421190,2030,14656.7
421190,2031,14656.7
421190,2032,14656.7
421190,2033,14656.7
421190,2034,14656.7
421190,2035,14656.7
421190,2036,14656.7
421190,2037,14656.7
421190,2038,14656.7
421190,2039,14656.7
421190,2040,14656.7
421190,2041,14656.7
421190,2042,14656.7
421190,2043,14656.7
421190,2044,14656.7
421190,2045,14656.7
421230,2010,506.6
421230,2011,516.8
421230,2012,527.2
421230,2013,537.7
421230,2014,548.5
421230,2015,559.5
421230,2016,570.8
421230,2017,582.2
421230,2018,593.9
421230,2019,605.8
421230,2020,618.0
421230,2021,618.0
421230,2022,618.0
421230,2023,618.0
421230,2024,618.0
421230,2025,618.0
421230,2026,618.0
421230,2027,618.0
421230,2028,618.0
421230,2029,618.0
421230,2030,618.0
421230,2031,618.0
421230,2032,618.0
421230,2033,618.0
421230,2034,618.0
421230,2035,618.0
421230,2036,618.0
421230,2037,618.0
421230,2038,618.0
421230,2039,618.0
421230,2040,618.0
421230,2041,618.0
421230,2042,618.0
421230,2043,618.0
421230,2044,618.0
421230,2045,618.0
421250,2010,665.9
421250,2011,692.5
421250,2012,720.2
421250,2013,749.1
421250,2014,779.0
421250,2015,810.2
421250,2016,842.6
421250,2017,876.3
421250,2018,911.3
421250,2019,947.8
421250,2020,985.7
421250,2021,985.7
421250,2022,985.7
421250,2023,985.7
421250,2024,985.7
421250,2025,985.7
421250,2026,985.7
421250,2027,985.7
421250,2028,985.7
421250,2029,985.7
421250,2030,985.7
421250,2031,985.7
421250,2032,985.7
421250,2033,985.7
421250,2034,985.7
421250,2035,985.7
421250,2036,985.7
421250,2037,985.7
421250,2038,985.7
421250,2039,985.7
421250,2040,985.7
421250,2041,985.7
421250,2042,985.7
421250,2043,985.7
421250,2044,985.7
421250,2045,985.7
421265,2013,168.0
421265,2014,265.0
421265,2015,257.0
421265,2016,146.0
421265,2017,265.0
421265,2018,265.0
421265,2019,274.0
421265,2020,283.0
421265,2021,283.0
421265,2022,283.0
421265,2023,283.0
421265,2024,283.0
421265,2025,283.0
421265,2026,283.0
421265,2027,283.0
421265,2028,283.0
421265,2029,283.0
421265,2030,283.0
421265,2031,283.0
421265,2032,283.0
421265,2033,283.0
421265,2034,283.0
421265,2035,283.0
421265,2036,283.0
421265,2037,283.0
421265,2038,283.0
421265,2039,283.0
421265,2040,283.0
421265,2041,283.0
421265,2042,283.0
421265,2043,283.0
421265,2044,283.0
421265,2045,283.0
421280,2010,605.8
421280,2011,630.1
421280,2012,655.3
421280,2013,681.5
421280,2014,708.8
421280,2015,737.1
421280,2016,766.6
421280,2017,797.3
421280,2018,829.1
421280,2019,862.3
421280,2020,896.8
421280,2021,896.8
421280,2022,896.8
421280,2023,896.8
421280,2024,896.8
421280,2025,896.8
421280,2026,896.8
421280,2027,896.8
421280,2028,896.8
421280,2029,896.8
421280,2030,896.8
421280,2031,896.8
421280,2032,896.8
421280,2033,896.8
421280,2034,896.8
421280,2035,896.8
421280,2036,896.8
421280,2037,896.8
421280,2038,896.8
421280,2039,896.8
421280,2040,896.8
421280,2041,896.8
421280,2042,896.8
421280,2043,896.8
421280,2044,896.8
421280,2045,896.8
421500,2010,2076.1
421500,2011,2110.7
421500,2012,2145.9
421500,2013,2181.7
421500,2014,2218.1
421500,2015,2255.1
421500,2016,2292.7
421500,2017,2330.9
421500,2018,2369.8
421500,2019,2409.3
421500,2020,2449.5
421500,2021,2449.5
421500,2022,2449.5
421500,2023,2449.5
421500,2024,2449.5
421500,2025,2449.5
421500,2026,2449.5
421500,2027,2449.5
421500,2028,2449.5
421500,2029,2449.5
421500,2030,2449.5
421500,2031,2449.5
421500,2032,2449.5
421500,2033,2449.5
421500,2034,2449.5
421500,2035,2449.5
421500,2036,2449.5
421500,2037,2449.5
421500,2038,2449.5
421500,2039,2449.5
421500,2040,2449.5
421500,2041,2449.5
421500,2042,2449.5
421500,2043,2449.5
421500,2044,2449.5
421500,2045,2449.5
421570,2010,1820.1
421570,2011,1856.7
421570,2012,1893.9
421570,2013,1932.0
421570,2014,1970.7
421570,2015,2010.3
421570,2016,2050.7
421570,2017,2091.8
421570,2018,2133.8
421570,2019,2176.6
421570,2020,2220.3
421570,2021,2220.3
421570,2022,2220.3
421570,2023,2220.3
421570,2024,2220.3
421570,2025,2220.3
421570,2026,2220.3
421570,2027,2220.3
421570,2028,2220.3
421570,2029,2220.3
421570,2030,2220.3
421570,2031,2220.3
421570,2032,2220.3
421570,2033,2220.3
421570,2034,2220.3
421570,2035,2220.3
421570,2036,2220.3
421570,2037,2220.3
421570,2038,2220.3
421570,2039,2220.3
421570,2040,2220.3
421570,2041,2220.3
421570,2042,2220.3
421570,2043,2220.3
421570,2044,2220.3
421570,2045,2220.3
421580,2010,4011.1
421580,2011,4078.0
421580,2012,4146.0
421580,2013,4215.2
421580,2014,4285.5
421580,2015,4356.9
421580,2016,4429.6
421580,2017,4503.5
421580,2018,4578.6
421580,2019,4654.9
421580,2020,4732.6
421580,2021,4732.6
421580,2022,4732.6
421580,2023,4732.6
421580,2024,4732.6
421580,2025,4732.6
421580,2026,4732.6
421580,2027,4732.6
421580,2028,4732.6
421580,2029,4732.6
421580,2030,4732.6
421580,2031,4732.6
421580,2032,4732.6
421580,2033,4732.6
421580,2034,4732.6
421580,2035,4732.6
421580,2036,4732.6
421580,2037,4732.6
421580,2038,4732.6
421580,2039,4732.6
421580,2040,4732.6
421580,2041,4732.6
421580,2042,4732.6
421580,2043,4732.6
421580,2044,4732.6
421580,2045,4732.6
421660,2010,21136.6
421660,2011,21560.9
421660,2012,21993.7
421660,2013,22435.1
421660,2014,22885.5
421660,2015,23344.8
421660,2016,23813.4
421660,2017,24291.4
421660,2018,24779.0
421660,2019,25276.4
421660,2020,25783.8
421660,2021,25783.8
421660,2022,25783.8
421660,2023,25783.8
421660,2024,25783.8
421660,2025,25783.8
421660,2026,25783.8
421660,2027,25783.8
421660,2028,25783.8
421660,2029,25783.8
421660,2030,25783.8
421660,2031,25783.8
421660,2032,25783.8
421660,2033,25783.8
421660,2034,25783.8
421660,2035,25783.8
421660,2036,25783.8
421660,2037,25783.8
421660,2038,25783.8
421660,2039,25783.8
421660,2040,25783.8
421660,2041,25783.8
421660,2042,25783.8
421660,2043,25783.8
421660,2044,25783.8
421660,2045,25783.8
421725,2010,671.1
421725,2011,684.6
421725,2012,698.3
421725,2013,712.4
421725,2014,726.7
421725,2015,741.2
421725,2016,756.1
421725,2017,771.3
421725,2018,786.8
421725,2019,802.6
421725,2020,818.7
421725,2021,818.7
421725,2022,818.7
421725,2023,818.7
421725,2024,818.7
421725,2025,818.7
421725,2026,818.7
421725,2027,818.7
421725,2028,818.7
421725,2029,818.7
421725,2030,818.7
421725,2031,818.7
421725,2032,818.7
421725,2033,818.7
421725,2034,818.7
421725,2035,818.7
421725,2036,818.7
421725,2037,818.7
421725,2038,818.7
421725,2039,818.7
421725,2040,818.7
421725,2041,818.7
421725,2042,818.7
421725,2043,818.7
421725,2044,818.7
421725,2045,818.7
421740,2010,216.7
421740,2011,221.5
421740,2012,226.3
421740,2013,231.2
421740,2014,236.3
421740,2015,241.4
421740,2016,246.7
421740,2017,252.1
421740,2018,257.6
421740,2019,263.2
421740,2020,268.9
421740,2021,268.9
421740,2022,268.9
421740,2023,268.9
421740,2024,268.9
421740,2025,268.9
421740,2026,268.9
421740,2027,268.9
421740,2028,268.9
421740,2029,268.9
421740,2030,268.9
421740,2031,268.9
421740,2032,268.9
421740,2033,268.9
421740,2034,268.9
421740,2035,268.9
421740,2036,268.9
421740,2037,268.9
421740,2038,268.9
421740,2039,268.9
421740,2040,268.9
421740,2041,268.9
421740,2042,268.9
421740,2043,268.9
421740,2044,268.9
421740,2045,268.9
421760,2010,420.4
421760,2011,432.6
421760,2012,445.1
421760,2013,458.0
421760,2014,471.3
421760,2015,485.0
421760,2016,499.0
421760,2017,513.5
421760,2018,528.3
421760,2019,543.7
421760,2020,559.4
421760,2021,559.4
421760,2022,559.4
421760,2023,559.4
421760,2024,559.4
421760,2025,559.4
421760,2026,559.4
421760,2027,559.4
421760,2028,559.4
421760,2029,559.4
421760,2030,559.4
421760,2031,559.4
421760,2032,559.4
421760,2033,559.4
421760,2034,559.4
421760,2035,559.4
421760,2036,559.4
421760,2037,559.4
421760,2038,559.4
421760,2039,559.4
421760,2040,559.4
421760,2041,559.4
421760,2042,559.4
421760,2043,559.4
421760,2044,559.4
421760,2045,559.4
421835,2010,39.2
421835,2011,40.3
421835,2012,41.5
421835,2013,42.7
421835,2014,43.9
421835,2015,45.2
421835,2016,46.5
421835,2017,47.8
421835,2018,49.2
421835,2019,50.7
421835,2020,52.1
421835,2021,52.1
421835,2022,52.1
421835,2023,52.1
421835,2024,52.1
421835,2025,52.1
421835,2026,52.1
421835,2027,52.1
421835,2028,52.1
421835,2029,52.1
421835,2030,52.1
421835,2031,52.1
421835,2032,52.1
421835,2033,52.1
421835,2034,52.1
421835,2035,52.1
421835,2036,52.1
421835,2037,52.1
421835,2038,52.1
421835,2039,52.1
421835,2040,52.1
421835,2041,52.1
421835,2042,52.1
421835,2043,52.1
421835,2044,52.1
421835,2045,52.1
421870,2010,4525.5
421870,2011,4478.3
421870,2012,4431.6
421870,2013,4385.3
421870,2014,4339.6
421870,2015,4294.3
421870,2016,4249.5
421870,2017,4205.1
421870,2018,4161.3
421870,2019,4117.8
421870,2020,4074.9
421870,2021,4074.9
421870,2022,4074.9
421870,2023,4074.9
421870,2024,4074.9
421870,2025,4074.9
421870,2026,4074.9
421870,2027,4074.9
421870,2028,4074.9
421870,2029,4074.9
421870,2030,4074.9
421870,2031,4074.9
421870,2032,4074.9
421870,2033,4074.9
421870,2034,4074.9
421870,2035,4074.9
421870,2036,4074.9
421870,2037,4074.9
421870,2038,4074.9
421870,2039,4074.9
421870,2040,4074.9
421870,2041,4074.9
421870,2042,4074.9
421870,2043,4074.9
421870,2044,4074.9
421870,2045,4074.9
421900,2010,506.6
421900,2011,521.3
421900,2012,536.4
421900,2013,551.9
421900,2014,567.9
421900,2015,584.4
421900,2016,601.3
421900,2017,618.7
421900,2018,636.6
421900,2019,655.1
421900,2020,674.1
421900,2021,674.1
421900,2022,674.1
421900,2023,674.1
421900,2024,674.1
421900,2025,674.1
421900,2026,674.1
421900,2027,674.1
421900,2028,674.1
421900,2029,674.1
421900,2030,674.1
421900,2031,674.1
421900,2032,674.1
421900,2033,674.1
421900,2034,674.1
421900,2035,674.1
421900,2036,674.1
421900,2037,674.1
421900,2038,674.1
421900,2039,674.1
421900,2040,674.1
421900,2041,674.1
421900,2042,674.1
421900,2043,674.1
421900,2044,674.1
421900,2045,674.1
422000,2013,153.0
422000,2014,16.0
422000,2015,288.0
422000,2016,269.0
422000,2017,290.0
422000,2018,306.0
422000,2019,312.0
422000,2020,317.0
422000,2021,317.0
422000,2022,317.0
422000,2023,317.0
422000,2024,317.0
422000,2025,317.0
422000,2026,317.0
422000,2027,317.0
422000,2028,317.0
422000,2029,317.0
422000,2030,317.0
422000,2031,317.0
422000,2032,317.0
422000,2033,317.0
422000,2034,317.0
422000,2035,317.0
422000,2036,317.0
422000,2037,317.0
422000,2038,317.0
422000,2039,317.0
422000,2040,317.0
422000,2041,317.0
422000,2042,317.0
422000,2043,317.0
422000,2044,317.0
422000,2045,317.0
430003,2010,222.0
430003,2011,224.1
430003,2012,226.3
430003,2013,228.5
430003,2014,230.7
430003,2015,233.0
430003,2016,235.2
430003,2017,237.5
430003,2018,239.8
430003,2019,242.2
430003,2020,244.5
430003,2021,244.5
430003,2022,244.5
430003,2023,244.5
430003,2024,244.5
430003,2025,244.5
430003,2026,244.5
430003,2027,244.5
430003,2028,244.5
430003,2029,244.5
430003,2030,244.5
430003,2031,244.5
430003,2032,244.5
430003,2033,244.5
430003,2034,244.5
430003,2035,244.5
430003,2036,244.5
430003,2037,244.5
430003,2038,244.5
430003,2039,244.5
430003,2040,244.5
430003,2041,244.5
430003,2042,244.5
430003,2043,244.5
430003,2044,244.5
430003,2045,244.5
430060,2010,5277.6
430060,2011,5269.0
430060,2012,5260.3
430060,2013,5251.7
430060,2014,5243.0
430060,2015,5234.4
430060,2016,5225.8
430060,2017,5217.2
430060,2018,5208.7
430060,2019,5200.1
430060,2020,5191.6
430060,2021,5191.6
430060,2022,5191.6
430060,2023,5191.6
430060,2024,5191.6
430060,2025,5191.6
430060,2026,5191.6
430060,2027,5191.6
430060,2028,5191.6
430060,2029,5191.6
430060,2030,5191.6
430060,2031,5191.6
430060,2032,5191.6
430060,2033,5191.6
430060,2034,5191.6
430060,2035,5191.6
430060,2036,5191.6
430060,2037,5191.6
430060,2038,5191.6
430060,2039,5191.6
430060,2040,5191.6
430060,2041,5191.6
430060,2042,5191.6
430060,2043,5191.6
430060,2044,5191.6
430060,2045,5191.6
430087,2010,443.9
430087,2011,443.2
430087,2012,442.5
430087,2013,441.8
430087,2014,441.0
430087,2015,440.3
430087,2016,439.6
430087,2017,438.9
430087,2018,438.1
430087,2019,437.4
430087,2020,436.7
430087,2021,436.7
430087,2022,436.7
430087,2023,436.7
430087,2024,436.7
430087,2025,436.7
430087,2026,436.7
430087,2027,436.7
430087,2028,436.7
430087,2029,436.7
430087,2030,436.7
430087,2031,436.7
430087,2032,436.7
430087,2033,436.7
430087,2034,436.7
430087,2035,436.7
430087,2036,436.7
430087,2037,436.7
430087,2038,436.7
430087,2039,436.7
430087,2040,436.7
430087,2041,436.7
430087,2042,436.7
430087,2043,436.7
430087,2044,436.7
430087,2045,436.7
430100,2010,598.0
430100,2011,615.2
430100,2012,633.0
430100,2013,651.2
430100,2014,670.0
430100,2015,689.3
430100,2016,709.2
430100,2017,729.6
430100,2018,750.7
430100,2019,772.3
430100,2020,794.6
430100,2021,794.6
430100,2022,794.6
430100,2023,794.6
430100,2024,794.6
430100,2025,794.6
430100,2026,794.6
430100,2027,794.6
430100,2028,794.6
430100,2029,794.6
430100,2030,794.6
430100,2031,794.6
430100,2032,794.6
430100,2033,794.6
430100,2034,794.6
430100,2035,794.6
430100,2036,794.6
430100,2037,794.6
430100,2038,794.6
430100,2039,794.6
430100,2040,794.6
430100,2041,794.6
430100,2042,794.6
430100,2043,794.6
430100,2044,794.6
430100,2045,794.6
430107,2010,232.4
430107,2011,235.7
430107,2012,239.1
430107,2013,242.6
430107,2014,246.0
430107,2015,249.6
430107,2016,253.1
430107,2017,256.8
430107,2018,260.4
430107,2019,264.2
430107,2020,268.0
430107,2021,268.0
430107,2022,268.0
430107,2023,268.0
430107,2024,268.0
430107,2025,268.0
430107,2026,268.0
430107,2027,268.0
430107,2028,268.0
430107,2029,268.0
430107,2030,268.0
430107,2031,268.0
430107,2032,268.0
430107,2033,268.0
430107,2034,268.0
430107,2035,268.0
430107,2036,268.0
430107,2037,268.0
430107,2038,268.0
430107,2039,268.0
430107,2040,268.0
430107,2041,268.0
430107,2042,268.0
430107,2043,268.0
430107,2044,268.0
430107,2045,268.0
430160,2010,13284.1
430160,2011,13413.3
430160,2012,13543.6
430160,2013,13675.3
430160,2014,13808.2
430160,2015,13942.4
430160,2016,14078.0
430160,2017,14214.8
430160,2018,14353.0
430160,2019,14492.5
430160,2020,14633.4
430160,2021,14633.4
430160,2022,14633.4
430160,2023,14633.4
430160,2024,14633.4
430160,2025,14633.4
430160,2026,14633.4
430160,2027,14633.4
430160,2028,14633.4
430160,2029,14633.4
430160,2030,14633.4
430160,2031,14633.4
430160,2032,14633.4
430160,2033,14633.4
430160,2034,14633.4
430160,2035,14633.4
430160,2036,14633.4
430160,2037,14633.4
430160,2038,14633.4
430160,2039,14633.4
430160,2040,14633.4
430160,2041,14633.4
430160,2042,14633.4
430160,2043,14633.4
430160,2044,14633.4
430160,2045,14633.4
430210,2010,6679.9
430210,2011,6908.6
430210,2012,7145.1
430210,2013,7389.7
430210,2014,7642.7
430210,2015,7904.3
430210,2016,8174.9
430210,2017,8454.8
430210,2018,8744.2
430210,2019,9043.6
430210,2020,9353.1
430210,2021,9353.1
430210,2022,9353.1
430210,2023,9353.1
430210,2024,9353.1
430210,2025,9353.1
430210,2026,9353.1
430210,2027,9353.1
430210,2028,9353.1
430210,2029,9353.1
430210,2030,9353.1
430210,2031,9353.1
430210,2032,9353.1
430210,2033,9353.1
430210,2034,9353.1
430210,2035,9353.1
430210,2036,9353.1
430210,2037,9353.1
430210,2038,9353.1
430210,2039,9353.1
430210,2040,9353.1
430210,2041,9353.1
430210,2042,9353.1
430210,2043,9353.1
430210,2044,9353.1
430210,2045,9353.1
430240,2010,626.7
430240,2011,644.8
430240,2012,663.4
430240,2013,682.5
430240,2014,702.2
430240,2015,722.4
430240,2016,743.3
430240,2017,764.7
430240,2018,786.7
430240,2019,809.4
430240,2020,832.7
430240,2021,832.7
430240,2022,832.7
430240,2023,832.7
430240,2024,832.7
430240,2025,832.7
430240,2026,832.7
430240,2027,832.7
430240,2028,832.7
430240,2029,832.7
430240,2030,832.7
430240,2031,832.7
430240,2032,832.7
430240,2033,832.7
430240,2034,832.7
430240,2035,832.7
430240,2036,832.7
430240,2037,832.7
430240,2038,832.7
430240,2039,832.7
430240,2040,832.7
430240,2041,832.7
430240,2042,832.7
430240,2043,832.7
430240,2044,832.7
430240,2045,832.7
430310,2010,6614.7
430310,2011,6603.8
430310,2012,6592.9
430310,2013,6582.1
430310,2014,6571.3
430310,2015,6560.5
430310,2016,6549.7
430310,2017,6539.0
430310,2018,6528.2
430310,2019,6517.5
430310,2020,6506.8
430310,2021,6506.8
430310,2022,6506.8
430310,2023,6506.8
430310,2024,6506.8
430310,2025,6506.8
430310,2026,6506.8
430310,2027,6506.8
430310,2028,6506.8
430310,2029,6506.8
430310,2030,6506.8
430310,2031,6506.8
430310,2032,6506.8
430310,2033,6506.8
430310,2034,6506.8
430310,2035,6506.8
430310,2036,6506.8
430310,2037,6506.8
430310,2038,6506.8
430310,2039,6506.8
430310,2040,6506.8
430310,2041,6506.8
430310,2042,6506.8
430310,2043,6506.8
430310,2044,6506.8
430310,2045,6506.8
430390,2010,2614.0
430390,2011,2609.7
430390,2012,2605.4
430390,2013,2601.1
430390,2014,2596.9
430390,2015,2592.6
430390,2016,2588.3
430390,2017,2584.1
430390,2018,2579.8
430390,2019,2575.6
430390,2020,2571.4
430390,2021,2571.4
430390,2022,2571.4
430390,2023,2571.4
430390,2024,2571.4
430390,2025,2571.4
430390,2026,2571.4
430390,2027,2571.4
430390,2028,2571.4
430390,2029,2571.4
430390,2030,2571.4
430390,2031,2571.4
430390,2032,2571.4
430390,2033,2571.4
430390,2034,2571.4
430390,2035,2571.4
430390,2036,2571.4
430390,2037,2571.4
430390,2038,2571.4
430390,2039,2571.4
430390,2040,2571.4
430390,2041,2571.4
430390,2042,2571.4
430390,2043,2571.4
430390,2044,2571.4
430390,2045,2571.4
430435,2010,339.5
430435,2011,342.8
430435,2012,346.1
430435,2013,349.5
430435,2014,352.9
430435,2015,356.3
430435,2016,359.8
430435,2017,363.3
430435,2018,366.8
430435,2019,370.4
430435,2020,374.0
430435,2021,374.0
430435,2022,374.0
430435,2023,374.0
430435,2024,374.0
430435,2025,374.0
430435,2026,374.0
430435,2027,374.0
430435,2028,374.0
430435,2029,374.0
430435,2030,374.0
430435,2031,374.0
430435,2032,374.0
430435,2033,374.0
430435,2034,374.0
430435,2035,374.0
430435,2036,374.0
430435,2037,374.0
430435,2038,374.0
430435,2039,374.0
430435,2040,374.0
430435,2041,374.0
430435,2042,374.0
430435,2043,374.0
430435,2044,374.0
430435,2045,374.0
430460,2010,20977.3
430460,2011,20942.8
430460,2012,20908.4
430460,2013,20874.1
430460,2014,20839.8
430460,2015,20805.6
430460,2016,20771.4
430460,2017,20737.3
430460,2018,20703.2
430460,2019,20669.2
430460,2020,20635.2
430460,2021,20635.2
430460,2022,20635.2
430460,2023,20635.2
430460,2024,20635.2
430460,2025,20635.2
430460,2026,20635.2
430460,2027,20635.2
430460,2028,20635.2
430460,2029,20635.2
430460,2030,20635.2
430460,2031,20635.2
430460,2032,20635.2
430460,2033,20635.2
430460,2034,20635.2
430460,2035,20635.2
430460,2036,20635.2
430460,2037,20635.2
430460,2038,20635.2
430460,2039,20635.2
430460,2040,20635.2
430460,2041,20635.2
430460,2042,20635.2
430460,2043,20635.2
430460,2044,20635.2
430460,2045,20635.2
430466,2010,932.3
430466,2011,945.6
430466,2012,959.2
430466,2013,972.9
430466,2014,986.9
430466,2015,1001.0
430466,2016,1015.4
430466,2017,1029.9
430466,2018,1044.7
430466,2019,1059.7
430466,2020,1074.9
430466,2021,1074.9
430466,2022,1074.9
430466,2023,1074.9
430466,2024,1074.9
430466,2025,1074.9
430466,2026,1074.9
430466,2027,1074.9
430466,2028,1074.9
430466,2029,1074.9
430466,2030,1074.9
430466,2031,1074.9
430466,2032,1074.9
430466,2033,1074.9
430466,2034,1074.9
430466,2035,1074.9
430466,2036,1074.9
430466,2037,1074.9
430466,2038,1074.9
430466,2039,1074.9
430466,2040,1074.9
430466,2041,1074.9
430466,2042,1074.9
430466,2043,1074.9
430466,2044,1074.9
430466,2045,1074.9
430468,2010,812.1
430468,2011,810.8
430468,2012,809.5
430468,2013,808.1
430468,2014,806.8
430468,2015,805.5
430468,2016,804.2
430468,2017,802.8
430468,2018,801.5
430468,2019,800.2
430468,2020,798.9
430468,2021,798.9
430468,2022,798.9
430468,2023,798.9
430468,2024,798.9
430468,2025,798.9
430468,2026,798.9
430468,2027,798.9
430468,2028,798.9
430468,2029,798.9
430468,2030,798.9
430468,2031,798.9
430468,2032,798.9
430468,2033,798.9
430468,2034,798.9
430468,2035,798.9
430468,2036,798.9
430468,2037,798.9
430468,2038,798.9
430468,2039,798.9
430468,2040,798.9
430468,2041,798.9
430468,2042,798.9
430468,2043,798.9
430468,2044,798.9
430468,2045,798.9
430480,2010,1282.2
430480,2011,1326.1
430480,2012,1371.5
430480,2013,1418.4
430480,2014,1467.0
430480,2015,1517.2
430480,2016,1569.2
430480,2017,1622.9
430480,2018,1678.4
430480,2019,1735.9
430480,2020,1795.3
430480,2021,1795.3
430480,2022,1795.3
430480,2023,1795.3
430480,2024,1795.3
430480,2025,1795.3
430480,2026,1795.3
430480,2027,1795.3
430480,2028,1795.3
430480,2029,1795.3
430480,2030,1795.3
430480,2031,1795.3
430480,2032,1795.3
430480,2033,1795.3
430480,2034,1795.3
430480,2035,1795.3
430480,2036,1795.3
430480,2037,1795.3
430480,2038,1795.3
430480,2039,1795.3
430480,2040,1795.3
430480,2041,1795.3
430480,2042,1795.3
430480,2043,1795.3
430480,2044,1795.3
430480,2045,1795.3
430510,2010,17224.7
430510,2011,17511.3
430510,2012,17802.5
430510,2013,18098.7
430510,2014,18399.7
430510,2015,18705.8
430510,2016,19017.0
430510,2017,19333.3
430510,2018,19654.9
430510,2019,19981.8
430510,2020,20314.2
430510,2021,20314.2
430510,2022,20314.2
430510,2023,20314.2
430510,2024,20314.2
430510,2025,20314.2
430510,2026,20314.2
430510,2027,20314.2
430510,2028,20314.2
430510,2029,20314.2
430510,2030,20314.2
430510,2031,20314.2
430510,2032,20314.2
430510,2033,20314.2
430510,2034,20314.2
430510,2035,20314.2
430510,2036,20314.2
430510,2037,20314.2
430510,2038,20314.2
430510,2039,20314.2
430510,2040,20314.2
430510,2041,20314.2
430510,2042,20314.2
430510,2043,20314.2
430510,2044,20314.2
430510,2045,20314.2
430620,2010,642.4
430620,2011,660.9
430620,2012,680.0
430620,2013,699.6
430620,2014,719.7
430620,2015,740.5
430620,2016,761.8
430620,2017,783.8
430620,2018,806.4
430620,2019,829.6
430620,2020,853.5
430620,2021,853.5
430620,2022,853.5
430620,2023,853.5
430620,2024,853.5
430620,2025,853.5
430620,2026,853.5
430620,2027,853.5
430620,2028,853.5
430620,2029,853.5
430620,2030,853.5
430620,2031,853.5
430620,2032,853.5
430620,2033,853.5
430620,2034,853.5
430620,2035,853.5
430620,2036,853.5
430620,2037,853.5
430620,2038,853.5
430620,2039,853.5
430620,2040,853.5
430620,2041,853.5
430620,2042,853.5
430620,2043,853.5
430620,2044,853.5
430620,2045,853.5
430640,2010,1475.4
430640,2011,1473.0
430640,2012,1470.6
430640,2013,1468.2
430640,2014,1465.8
430640,2015,1463.4
430640,2016,1461.0
430640,2017,1458.6
430640,2018,1456.2
430640,2019,1453.8
430640,2020,1451.4
430640,2021,1451.4
430640,2022,1451.4
430640,2023,1451.4
430640,2024,1451.4
430640,2025,1451.4
430640,2026,1451.4
430640,2027,1451.4
430640,2028,1451.4
430640,2029,1451.4
430640,2030,1451.4
430640,2031,1451.4
430640,2032,1451.4
430640,2033,1451.4
430640,2034,1451.4
430640,2035,1451.4
430640,2036,1451.4
430640,2037,1451.4
430640,2038,1451.4
430640,2039,1451.4
430640,2040,1451.4
430640,2041,1451.4
430640,2042,1451.4
430640,2043,1451.4
430640,2044,1451.4
430640,2045,1451.4
430676,2010,1922.0
430676,2011,1918.8
430676,2012,1915.7
430676,2013,1912.5
430676,2014,1909.4
430676,2015,1906.2
430676,2016,1903.1
430676,2017,1900.0
430676,2018,1896.9
430676,2019,1893.8
430676,2020,1890.6
430676,2021,1890.6
430676,2022,1890.6
430676,2023,1890.6
430676,2024,1890.6
430676,2025,1890.6
430676,2026,1890.6
430676,2027,1890.6
430676,2028,1890.6
430676,2029,1890.6
430676,2030,1890.6
430676,2031,1890.6
430676,2032,1890.6
430676,2033,1890.6
430676,2034,1890.6
430676,2035,1890.6
430676,2036,1890.6
430676,2037,1890.6
430676,2038,1890.6
430676,2039,1890.6
430676,2040,1890.6
430676,2041,1890.6
430676,2042,1890.6
430676,2043,1890.6
430676,2044,1890.6
430676,2045,1890.6
430760,2010,1867.1
430760,2011,1864.1
430760,2012,1861.0
430760,2013,1858.0
430760,2014,1854.9
430760,2015,1851.9
430760,2016,1848.8
430760,2017,1845.8
430760,2018,1842.7
430760,2019,1839.7
430760,2020,1836.7
430760,2021,1836.7
430760,2022,1836.7
430760,2023,1836.7
430760,2024,1836.7
430760,2025,1836.7
430760,2026,1836.7
430760,2027,1836.7
430760,2028,1836.7
430760,2029,1836.7
430760,2030,1836.7
430760,2031,1836.7
430760,2032,1836.7
430760,2033,1836.7
430760,2034,1836.7
430760,2035,1836.7
430760,2036,1836.7
430760,2037,1836.7
430760,2038,1836.7
430760,2039,1836.7
430760,2040,1836.7
430760,2041,1836.7
430760,2042,1836.7
430760,2043,1836.7
430760,2044,1836.7
430760,2045,1836.7
430770,2010,3337.4
430770,2011,3331.9
430770,2012,3326.4
430770,2013,3320.9
430770,2014,3315.5
430770,2015,3310.0
430770,2016,3304.6
430770,2017,3299.2
430770,2018,3293.7
430770,2019,3288.3
430770,2020,3282.9
430770,2021,3282.9
430770,2022,3282.9
430770,2023,3282.9
430770,2024,3282.9
430770,2025,3282.9
430770,2026,3282.9
430770,2027,3282.9
430770,2028,3282.9
430770,2029,3282.9
430770,2030,3282.9
430770,2031,3282.9
430770,2032,3282.9
430770,2033,3282.9
430770,2034,3282.9
430770,2035,3282.9
430770,2036,3282.9
430770,2037,3282.9
430770,2038,3282.9
430770,2039,3282.9
430770,2040,3282.9
430770,2041,3282.9
430770,2042,3282.9
430770,2043,3282.9
430770,2044,3282.9
430770,2045,3282.9
430780,2010,2342.4
430780,2011,2409.9
430780,2012,2479.4
430780,2013,2550.9
430780,2014,2624.4
430780,2015,2700.1
430780,2016,2777.9
430780,2017,2858.0
430780,2018,2940.4
430780,2019,3025.1
430780,2020,3112.3
430780,2021,3112.3
430780,2022,3112.3
430780,2023,3112.3
430780,2024,3112.3
430780,2025,3112.3
430780,2026,3112.3
430780,2027,3112.3
430780,2028,3112.3
430780,2029,3112.3
430780,2030,3112.3
430780,2031,3112.3
430780,2032,3112.3
430780,2033,3112.3
430780,2034,3112.3
430780,2035,3112.3
430780,2036,3112.3
430780,2037,3112.3
430780,2038,3112.3
430780,2039,3112.3
430780,2040,3112.3
430780,2041,3112.3
430780,2042,3112.3
430780,2043,3112.3
430780,2044,3112.3
430780,2045,3112.3
430790,2010,2112.6
430790,2011,2147.8
430790,2012,2183.5
430790,2013,2219.8
430790,2014,2256.7
430790,2015,2294.3
430790,2016,2332.4
430790,2017,2371.2
430790,2018,2410.7
430790,2019,2450.8
430790,2020,2491.5
430790,2021,2491.5
430790,2022,2491.5
430790,2023,2491.5
430790,2024,2491.5
430790,2025,2491.5
430790,2026,2491.5
430790,2027,2491.5
430790,2028,2491.5
430790,2029,2491.5
430790,2030,2491.5
430790,2031,2491.5
430790,2032,2491.5
430790,2033,2491.5
430790,2034,2491.5
430790,2035,2491.5
430790,2036,2491.5
430790,2037,2491.5
430790,2038,2491.5
430790,2039,2491.5
430790,2040,2491.5
430790,2041,2491.5
430790,2042,2491.5
430790,2043,2491.5
430790,2044,2491.5
430790,2045,2491.5
430807,2010,219.4
430807,2011,225.7
430807,2012,232.2
430807,2013,238.9
430807,2014,245.8
430807,2015,252.8
430807,2016,260.1
430807,2017,267.6
430807,2018,275.4
430807,2019,283.3
430807,2020,291.5
430807,2021,291.5
430807,2022,291.5
430807,2023,291.5
430807,2024,291.5
430807,2025,291.5
430807,2026,291.5
430807,2027,291.5
430807,2028,291.5
430807,2029,291.5
430807,2030,291.5
430807,2031,291.5
430807,2032,291.5
430807,2033,291.5
430807,2034,291.5
430807,2035,291.5
430807,2036,291.5
430807,2037,291.5
430807,2038,291.5
430807,2039,291.5
430807,2040,291.5
430807,2041,291.5
430807,2042,291.5
430807,2043,291.5
430807,2044,291.5
430807,2045,291.5
430843,2010,18.3
430843,2011,18.8
430843,2012,19.3
430843,2013,19.9
430843,2014,20.5
430843,2015,21.1
430843,2016,21.7
430843,2017,22.3
430843,2018,22.9
430843,2019,23.6
430843,2020,24.3
430843,2021,24.3
430843,2022,24.3
430843,2023,24.3
430843,2024,24.3
430843,2025,24.3
430843,2026,24.3
430843,2027,24.3
430843,2028,24.3
430843,2029,24.3
430843,2030,24.3
430843,2031,24.3
430843,2032,24.3
430843,2033,24.3
430843,2034,24.3
430843,2035,24.3
430843,2036,24.3
430843,2037,24.3
430843,2038,24.3
430843,2039,24.3
430843,2040,24.3
430843,2041,24.3
430843,2042,24.3
430843,2043,24.3
430843,2044,24.3
430843,2045,24.3
430860,2010,1632.1
430860,2011,1688.0
430860,2012,1745.8
430860,2013,1805.5
430860,2014,1867.4
430860,2015,1931.3
430860,2016,1997.4
430860,2017,2065.8
430860,2018,2136.5
430860,2019,2209.6
430860,2020,2285.3
430860,2021,2285.3
430860,2022,2285.3
430860,2023,2285.3
430860,2024,2285.3
430860,2025,2285.3
430860,2026,2285.3
430860,2027,2285.3
430860,2028,2285.3
430860,2029,2285.3
430860,2030,2285.3
430860,2031,2285.3
430860,2032,2285.3
430860,2033,2285.3
430860,2034,2285.3
430860,2035,2285.3
430860,2036,2285.3
430860,2037,2285.3
430860,2038,2285.3
430860,2039,2285.3
430860,2040,2285.3
430860,2041,2285.3
430860,2042,2285.3
430860,2043,2285.3
430860,2044,2285.3
430860,2045,2285.3
430905,2010,527.5
430905,2011,526.6
430905,2012,525.8
430905,2013,524.9
430905,2014,524.0
430905,2015,523.2
430905,2016,522.3
430905,2017,521.5
430905,2018,520.6
430905,2019,519.8
430905,2020,518.9
430905,2021,518.9
430905,2022,518.9
430905,2023,518.9
430905,2024,518.9
430905,2025,518.9
430905,2026,518.9
430905,2027,518.9
430905,2028,518.9
430905,2029,518.9
430905,2030,518.9
430905,2031,518.9
430905,2032,518.9
430905,2033,518.9
430905,2034,518.9
430905,2035,518.9
430905,2036,518.9
430905,2037,518.9
430905,2038,518.9
430905,2039,518.9
430905,2040,518.9
430905,2041,518.9
430905,2042,518.9
430905,2043,518.9
430905,2044,518.9
430905,2045,518.9
430920,2010,9116.4
430920,2011,9101.4
430920,2012,9086.4
430920,2013,9071.5
430920,2014,9056.6
430920,2015,9041.7
430920,2016,9026.9
430920,2017,9012.0
430920,2018,8997.2
430920,2019,8982.5
430920,2020,8967.7
430920,2021,8967.7
430920,2022,8967.7
430920,2023,8967.7
430920,2024,8967.7
430920,2025,8967.7
430920,2026,8967.7
430920,2027,8967.7
430920,2028,8967.7
430920,2029,8967.7
430920,2030,8967.7
430920,2031,8967.7
430920,2032,8967.7
430920,2033,8967.7
430920,2034,8967.7
430920,2035,8967.7
430920,2036,8967.7
430920,2037,8967.7
430920,2038,8967.7
430920,2039,8967.7
430920,2040,8967.7
430920,2041,8967.7
430920,2042,8967.7
430920,2043,8967.7
430920,2044,8967.7
430920,2045,8967.7
430930,2010,4564.7
430930,2011,4557.2
430930,2012,4549.7
430930,2013,4542.3
430930,2014,4534.8
430930,2015,4527.3
430930,2016,4519.9
430930,2017,4512.5
430930,2018,4505.1
430930,2019,4497.7
430930,2020,4490.3
430930,2021,4490.3
430930,2022,4490.3
430930,2023,4490.3
430930,2024,4490.3
430930,2025,4490.3
430930,2026,4490.3
430930,2027,4490.3
430930,2028,4490.3
430930,2029,4490.3
430930,2030,4490.3
430930,2031,4490.3
430930,2032,4490.3
430930,2033,4490.3
430930,2034,4490.3
430930,2035,4490.3
430930,2036,4490.3
430930,2037,4490.3
430930,2038,4490.3
430930,2039,4490.3
430930,2040,4490.3
430930,2041,4490.3
430930,2042,4490.3
430930,2043,4490.3
430930,2044,4490.3
430930,2045,4490.3
430965,2010,237.6
430965,2011,239.9
430965,2012,242.3
430965,2013,244.6
430965,2014,247.0
430965,2015,249.4
430965,2016,251.8
430965,2017,254.3
430965,2018,256.8
430965,2019,259.3
430965,2020,261.8
430965,2021,261.8
430965,2022,261.8
430965,2023,261.8
430965,2024,261.8
430965,2025,261.8
430965,2026,261.8
430965,2027,261.8
430965,2028,261.8
430965,2029,261.8
430965,2030,261.8
430965,2031,261.8
430965,2032,261.8
430965,2033,261.8
430965,2034,261.8
430965,2035,261.8
430965,2036,261.8
430965,2037,261.8
430965,2038,261.8
430965,2039,261.8
430965,2040,261.8
430965,2041,261.8
430965,2042,261.8
430965,2043,261.8
430965,2044,261.8
430965,2045,261.8
431010,2010,1754.9
431010,2011,1782.2
431010,2012,1810.0
431010,2013,1838.3
431010,2014,1867.0
431010,2015,1896.1
431010,2016,1925.7
431010,2017,1955.7
431010,2018,1986.2
431010,2019,2017.2
431010,2020,2048.7
431010,2021,2048.7
431010,2022,2048.7
431010,2023,2048.7
431010,2024,2048.7
431010,2025,2048.7
431010,2026,2048.7
431010,2027,2048.7
431010,2028,2048.7
431010,2029,2048.7
431010,2030,2048.7
431010,2031,2048.7
431010,2032,2048.7
431010,2033,2048.7
431010,2034,2048.7
431010,2035,2048.7
431010,2036,2048.7
431010,2037,2048.7
431010,2038,2048.7
431010,2039,2048.7
431010,2040,2048.7
431010,2041,2048.7
431010,2042,2048.7
431010,2043,2048.7
431010,2044,2048.7
431010,2045,2048.7
431033,2010,2501.7
431033,2011,2584.3
431033,2012,2669.5
431033,2013,2757.6
431033,2014,2848.6
431033,2015,2942.6
431033,2016,3039.7
431033,2017,3140.0
431033,2018,3243.6
431033,2019,3350.6
431033,2020,3461.1
431033,2021,3461.1
431033,2022,3461.1
431033,2023,3461.1
431033,2024,3461.1
431033,2025,3461.1
431033,2026,3461.1
431033,2027,3461.1
431033,2028,3461.1
431033,2029,3461.1
431033,2030,3461.1
431033,2031,3461.1
431033,2032,3461.1
431033,2033,3461.1
431033,2034,3461.1
431033,2035,3461.1
431033,2036,3461.1
431033,2037,3461.1
431033,2038,3461.1
431033,2039,3461.1
431033,2040,3461.1
431033,2041,3461.1
431033,2042,3461.1
431033,2043,3461.1
431033,2044,3461.1
431033,2045,3461.1
431053,2010,545.8
431053,2011,555.4
431053,2012,565.2
431053,2013,575.2
431053,2014,585.3
431053,2015,595.7
431053,2016,606.2
431053,2017,616.9
431053,2018,627.7
431053,2019,638.8
431053,2020,650.1
431053,2021,650.1
431053,2022,650.1
431053,2023,650.1
431053,2024,650.1
431053,2025,650.1
431053,2026,650.1
431053,2027,650.1
431053,2028,650.1
431053,2029,650.1
431053,2030,650.1
431053,2031,650.1
431053,2032,650.1
431053,2033,650.1
431053,2034,650.1
431053,2035,650.1
431053,2036,650.1
431053,2037,650.1
431053,2038,650.1
431053,2039,650.1
431053,2040,650.1
431053,2041,650.1
431053,2042,650.1
431053,2043,650.1
431053,2044,650.1
431053,2045,650.1
431080,2010,1532.9
431080,2011,1530.4
431080,2012,1527.9
431080,2013,1525.3
431080,2014,1522.8
431080,2015,1520.3
431080,2016,1517.8
431080,2017,1515.3
431080,2018,1512.9
431080,2019,1510.4
431080,2020,1507.9
431080,2021,1507.9
431080,2022,1507.9
431080,2023,1507.9
431080,2024,1507.9
431080,2025,1507.9
431080,2026,1507.9
431080,2027,1507.9
431080,2028,1507.9
431080,2029,1507.9
431080,2030,1507.9
431080,2031,1507.9
431080,2032,1507.9
431080,2033,1507.9
431080,2034,1507.9
431080,2035,1507.9
431080,2036,1507.9
431080,2037,1507.9
431080,2038,1507.9
431080,2039,1507.9
431080,2040,1507.9
431080,2041,1507.9
431080,2042,1507.9
431080,2043,1507.9
431080,2044,1507.9
431080,2045,1507.9
431140,2010,2621.8
431140,2011,2697.4
431140,2012,2775.2
431140,2013,2855.2
431140,2014,2937.5
431140,2015,3022.1
431140,2016,3109.3
431140,2017,3198.9
431140,2018,3291.1
431140,2019,3386.0
431140,2020,3483.6
431140,2021,3483.6
431140,2022,3483.6
431140,2023,3483.6
431140,2024,3483.6
431140,2025,3483.6
431140,2026,3483.6
431140,2027,3483.6
431140,2028,3483.6
431140,2029,3483.6
431140,2030,3483.6
431140,2031,3483.6
431140,2032,3483.6
431140,2033,3483.6
431140,2034,3483.6
431140,2035,3483.6
431140,2036,3483.6
431140,2037,3483.6
431140,2038,3483.6
431140,2039,3483.6
431140,2040,3483.6
431140,2041,3483.6
431140,2042,3483.6
431140,2043,3483.6
431140,2044,3483.6
431140,2045,3483.6
431162,2010,214.1
431162,2011,213.8
431162,2012,213.4
431162,2013,213.1
431162,2014,212.7
431162,2015,212.4
431162,2016,212.0
431162,2017,211.7
431162,2018,211.3
431162,2019,211.0
431162,2020,210.6
431162,2021,210.6
431162,2022,210.6
431162,2023,210.6
431162,2024,210.6
431162,2025,210.6
431162,2026,210.6
431162,2027,210.6
431162,2028,210.6
431162,2029,210.6
431162,2030,210.6
431162,2031,210.6
431162,2032,210.6
431162,2033,210.6
431162,2034,210.6
431162,2035,210.6
431162,2036,210.6
431162,2037,210.6
431162,2038,210.6
431162,2039,210.6
431162,2040,210.6
431162,2041,210.6
431162,2042,210.6
431162,2043,210.6
431162,2044,210.6
431162,2045,210.6
431238,2010,201.1
431238,2011,208.0
431238,2012,215.1
431238,2013,222.4
431238,2014,230.1
431238,2015,237.9
431238,2016,246.1
431238,2017,254.5
431238,2018,263.2
431238,2019,272.2
431238,2020,281.5
431238,2021,281.5
431238,2022,281.5
431238,2023,281.5
431238,2024,281.5
431238,2025,281.5
431238,2026,281.5
431238,2027,281.5
431238,2028,281.5
431238,2029,281.5
431238,2030,281.5
431238,2031,281.5
431238,2032,281.5
431238,2033,281.5
431238,2034,281.5
431238,2035,281.5
431238,2036,281.5
431238,2037,281.5
431238,2038,281.5
431238,2039,281.5
431238,2040,281.5
431238,2041,281.5
431238,2042,281.5
431238,2043,281.5
431238,2044,281.5
431238,2045,281.5
431247,2010,396.9
431247,2011,396.3
431247,2012,395.6
431247,2013,395.0
431247,2014,394.3
431247,2015,393.7
431247,2016,393.0
431247,2017,392.4
431247,2018,391.7
431247,2019,391.1
431247,2020,390.5
431247,2021,390.5
431247,2022,390.5
431247,2023,390.5
431247,2024,390.5
431247,2025,390.5
431247,2026,390.5
431247,2027,390.5
431247,2028,390.5
431247,2029,390.5
431247,2030,390.5
431247,2031,390.5
431247,2032,390.5
431247,2033,390.5
431247,2034,390.5
431247,2035,390.5
431247,2036,390.5
431247,2037,390.5
431247,2038,390.5
431247,2039,390.5
431247,2040,390.5
431247,2041,390.5
431247,2042,390.5
431247,2043,390.5
431247,2044,390.5
431247,2045,390.5
431306,2010,1005.4
431306,2011,1003.7
431306,2012,1002.1
431306,2013,1000.4
431306,2014,998.8
431306,2015,997.2
431306,2016,995.5
431306,2017,993.9
431306,2018,992.2
431306,2019,990.6
431306,2020,989.0
431306,2021,989.0
431306,2022,989.0
431306,2023,989.0
431306,2024,989.0
431306,2025,989.0
431306,2026,989.0
431306,2027,989.0
431306,2028,989.0
431306,2029,989.0
431306,2030,989.0
431306,2031,989.0
431306,2032,989.0
431306,2033,989.0
431306,2034,989.0
431306,2035,989.0
431306,2036,989.0
431306,2037,989.0
431306,2038,989.0
431306,2039,989.0
431306,2040,989.0
431306,2041,989.0
431306,2042,989.0
431306,2043,989.0
431306,2044,989.0
431306,2045,989.0
431337,2010,1551.2
431337,2011,1548.6
431337,2012,1546.1
431337,2013,1543.5
431337,2014,1541.0
431337,2015,1538.5
431337,2016,1535.9
431337,2017,1533.4
431337,2018,1530.9
431337,2019,1528.4
431337,2020,1525.9
431337,2021,1525.9
431337,2022,1525.9
431337,2023,1525.9
431337,2024,1525.9
431337,2025,1525.9
431337,2026,1525.9
431337,2027,1525.9
431337,2028,1525.9
431337,2029,1525.9
431337,2030,1525.9
431337,2031,1525.9
431337,2032,1525.9
431337,2033,1525.9
431337,2034,1525.9
431337,2035,1525.9
431337,2036,1525.9
431337,2037,1525.9
431337,2038,1525.9
431337,2039,1525.9
431337,2040,1525.9
431337,2041,1525.9
431337,2042,1525.9
431337,2043,1525.9
431337,2044,1525.9
431337,2045,1525.9
431340,2010,9497.6
431340,2011,9482.0
431340,2012,9466.4
431340,2013,9450.9
431340,2014,9435.4
431340,2015,9419.9
431340,2016,9404.4
431340,2017,9388.9
431340,2018,9373.5
431340,2019,9358.1
431340,2020,9342.8
431340,2021,9342.8
431340,2022,9342.8
431340,2023,9342.8
431340,2024,9342.8
431340,2025,9342.8
431340,2026,9342.8
431340,2027,9342.8
431340,2028,9342.8
431340,2029,9342.8
431340,2030,9342.8
431340,2031,9342.8
431340,2032,9342.8
431340,2033,9342.8
431340,2034,9342.8
431340,2035,9342.8
431340,2036,9342.8
431340,2037,9342.8
431340,2038,9342.8
431340,2039,9342.8
431340,2040,9342.8
431340,2041,9342.8
431340,2042,9342.8
431340,2043,9342.8
431340,2044,9342.8
431340,2045,9342.8
431350,2010,4742.3
431350,2011,4898.8
431350,2012,5060.4
431350,2013,5227.4
431350,2014,5399.8
431350,2015,5578.0
431350,2016,5762.0
431350,2017,5952.2
431350,2018,6148.6
431350,2019,6351.4
431350,2020,6561.0
431350,2021,6561.0
431350,2022,6561.0
431350,2023,6561.0
431350,2024,6561.0
431350,2025,6561.0
431350,2026,6561.0
431350,2027,6561.0
431350,2028,6561.0
431350,2029,6561.0
431350,2030,6561.0
431350,2031,6561.0
431350,2032,6561.0
431350,2033,6561.0
431350,2034,6561.0
431350,2035,6561.0
431350,2036,6561.0
431350,2037,6561.0
431350,2038,6561.0
431350,2039,6561.0
431350,2040,6561.0
431350,2041,6561.0
431350,2042,6561.0
431350,2043,6561.0
431350,2044,6561.0
431350,2045,6561.0
431405,2010,1814.9
431405,2011,1843.2
431405,2012,1872.0
431405,2013,1901.2
431405,2014,1930.9
431405,2015,1961.0
431405,2016,1991.6
431405,2017,2022.7
431405,2018,2054.2
431405,2019,2086.3
431405,2020,2118.8
431405,2021,2118.8
431405,2022,2118.8
431405,2023,2118.8
431405,2024,2118.8
431405,2025,2118.8
431405,2026,2118.8
431405,2027,2118.8
431405,2028,2118.8
431405,2029,2118.8
431405,2030,2118.8
431405,2031,2118.8
431405,2032,2118.8
431405,2033,2118.8
431405,2034,2118.8
431405,2035,2118.8
431405,2036,2118.8
431405,2037,2118.8
431405,2038,2118.8
431405,2039,2118.8
431405,2040,2118.8
431405,2041,2118.8
431405,2042,2118.8
431405,2043,2118.8
431405,2044,2118.8
431405,2045,2118.8
431410,2010,11780.0
431410,2011,11985.6
431410,2012,12194.8
431410,2013,12407.6
431410,2014,12624.2
431410,2015,12844.5
431410,2016,13068.7
431410,2017,13296.8
431410,2018,13528.8
431410,2019,13765.0
431410,2020,14005.2
431410,2021,14005.2
431410,2022,14005.2
431410,2023,14005.2
431410,2024,14005.2
431410,2025,14005.2
431410,2026,14005.2
431410,2027,14005.2
431410,2028,14005.2
431410,2029,14005.2
431410,2030,14005.2
431410,2031,14005.2
431410,2032,14005.2
431410,2033,14005.2
431410,2034,14005.2
431410,2035,14005.2
431410,2036,14005.2
431410,2037,14005.2
431410,2038,14005.2
431410,2039,14005.2
431410,2040,14005.2
431410,2041,14005.2
431410,2042,14005.2
431410,2043,14005.2
431410,2044,14005.2
431410,2045,14005.2
431440,2010,27936.7
431440,2011,28337.2
431440,2012,28743.4
431440,2013,29155.5
431440,2014,29573.5
431440,2015,29997.5
431440,2016,30427.6
431440,2017,30863.8
431440,2018,31306.3
431440,2019,31755.2
431440,2020,32210.4
431440,2021,32210.4
431440,2022,32210.4
431440,2023,32210.4
431440,2024,32210.4
431440,2025,32210.4
431440,2026,32210.4
431440,2027,32210.4
431440,2028,32210.4
431440,2029,32210.4
431440,2030,32210.4
431440,2031,32210.4
431440,2032,32210.4
431440,2033,32210.4
431440,2034,32210.4
431440,2035,32210.4
431440,2036,32210.4
431440,2037,32210.4
431440,2038,32210.4
431440,2039,32210.4
431440,2040,32210.4
431440,2041,32210.4
431440,2042,32210.4
431440,2043,32210.4
431440,2044,32210.4
431440,2045,32210.4
431442,2010,331.6
431442,2011,331.1
431442,2012,330.6
431442,2013,330.0
431442,2014,329.5
431442,2015,328.9
431442,2016,328.4
431442,2017,327.9
431442,2018,327.3
431442,2019,326.8
431442,2020,326.2
431442,2021,326.2
431442,2022,326.2
431442,2023,326.2
431442,2024,326.2
431442,2025,326.2
431442,2026,326.2
431442,2027,326.2
431442,2028,326.2
431442,2029,326.2
431442,2030,326.2
431442,2031,326.2
431442,2032,326.2
431442,2033,326.2
431442,2034,326.2
431442,2035,326.2
431442,2036,326.2
431442,2037,326.2
431442,2038,326.2
431442,2039,326.2
431442,2040,326.2
431442,2041,326.2
431442,2042,326.2
431442,2043,326.2
431442,2044,326.2
431442,2045,326.2
431454,2013,67.0
431454,2014,75.0
431454,2015,75.0
431454,2016,76.0
431454,2017,88.0
431454,2018,73.0
431454,2019,84.0
431454,2020,96.0
431454,2021,96.0
431454,2022,96.0
431454,2023,96.0
431454,2024,96.0
431454,2025,96.0
431454,2026,96.0
431454,2027,96.0
431454,2028,96.0
431454,2029,96.0
431454,2030,96.0
431454,2031,96.0
431454,2032,96.0
431454,2033,96.0
431454,2034,96.0
431454,2035,96.0
431454,2036,96.0
431454,2037,96.0
431454,2038,96.0
431454,2039,96.0
431454,2040,96.0
431454,2041,96.0
431454,2042,96.0
431454,2043,96.0
431454,2044,96.0
431454,2045,96.0
431480,2010,1190.8
431480,2011,1188.8
431480,2012,1186.9
431480,2013,1184.9
431480,2014,1183.0
431480,2015,1181.0
431480,2016,1179.1
431480,2017,1177.2
431480,2018,1175.2
431480,2019,1173.3
431480,2020,1171.4
431480,2021,1171.4
431480,2022,1171.4
431480,2023,1171.4
431480,2024,1171.4
431480,2025,1171.4
431480,2026,1171.4
431480,2027,1171.4
431480,2028,1171.4
431480,2029,1171.4
431480,2030,1171.4
431480,2031,1171.4
431480,2032,1171.4
431480,2033,1171.4
431480,2034,1171.4
431480,2035,1171.4
431480,2036,1171.4
431480,2037,1171.4
431480,2038,1171.4
431480,2039,1171.4
431480,2040,1171.4
431480,2041,1171.4
431480,2042,1171.4
431480,2043,1171.4
431480,2044,1171.4
431480,2045,1171.4
431490,2010,138187.0
431490,2011,137960.0
431490,2012,137733.3
431490,2013,137507.0
431490,2014,137281.1
431490,2015,137055.6
431490,2016,136830.5
431490,2017,136605.7
431490,2018,136381.3
431490,2019,136157.2
431490,2020,135933.5
431490,2021,135933.5
431490,2022,135933.5
431490,2023,135933.5
431490,2024,135933.5
431490,2025,135933.5
431490,2026,135933.5
431490,2027,135933.5
431490,2028,135933.5
431490,2029,135933.5
431490,2030,135933.5
431490,2031,135933.5
431490,2032,135933.5
431490,2033,135933.5
431490,2034,135933.5
431490,2035,135933.5
431490,2036,135933.5
431490,2037,135933.5
431490,2038,135933.5
431490,2039,135933.5
431490,2040,135933.5
431490,2041,135933.5
431490,2042,135933.5
431490,2043,135933.5
431490,2044,135933.5
431490,2045,135933.5
431514,2010,206.3
431514,2011,206.0
431514,2012,205.6
431514,2013,205.3
431514,2014,204.9
431514,2015,204.6
431514,2016,204.3
431514,2017,203.9
431514,2018,203.6
431514,2019,203.3
431514,2020,202.9
431514,2021,202.9
431514,2022,202.9
431514,2023,202.9
431514,2024,202.9
431514,2025,202.9
431514,2026,202.9
431514,2027,202.9
431514,2028,202.9
431514,2029,202.9
431514,2030,202.9
431514,2031,202.9
431514,2032,202.9
431514,2033,202.9
431514,2034,202.9
431514,2035,202.9
431514,2036,202.9
431514,2037,202.9
431514,2038,202.9
431514,2039,202.9
431514,2040,202.9
431514,2041,202.9
431514,2042,202.9
431514,2043,202.9
431514,2044,202.9
431514,2045,202.9
431560,2010,18096.9
431560,2011,18478.8
431560,2012,18868.6
431560,2013,19266.7
431560,2014,19673.2
431560,2015,20088.3
431560,2016,20512.2
431560,2017,20944.9
431560,2018,21386.8
431560,2019,21838.1
431560,2020,22298.8
431560,2021,22298.8
431560,2022,22298.8
431560,2023,22298.8
431560,2024,22298.8
431560,2025,22298.8
431560,2026,22298.8
431560,2027,22298.8
431560,2028,22298.8
431560,2029,22298.8
431560,2030,22298.8
431560,2031,22298.8
431560,2032,22298.8
431560,2033,22298.8
431560,2034,22298.8
431560,2035,22298.8
431560,2036,22298.8
431560,2037,22298.8
431560,2038,22298.8
431560,2039,22298.8
431560,2040,22298.8
431560,2041,22298.8
431560,2042,22298.8
431560,2043,22298.8
431560,2044,22298.8
431560,2045,22298.8
431675,2010,164.5
431675,2011,169.3
431675,2012,174.1
431675,2013,179.2
431675,2014,184.3
431675,2015,189.6
431675,2016,195.1
431675,2017,200.7
431675,2018,206.5
431675,2019,212.5
431675,2020,218.6
431675,2021,218.6
431675,2022,218.6
431675,2023,218.6
431675,2024,218.6
431675,2025,218.6
431675,2026,218.6
431675,2027,218.6
431675,2028,218.6
431675,2029,218.6
431675,2030,218.6
431675,2031,218.6
431675,2032,218.6
431675,2033,218.6
431675,2034,218.6
431675,2035,218.6
431675,2036,218.6
431675,2037,218.6
431675,2038,218.6
431675,2039,218.6
431675,2040,218.6
431675,2041,218.6
431675,2042,218.6
431675,2043,218.6
431675,2044,218.6
431675,2045,218.6
431680,2010,8103.1
431680,2011,8311.8
431680,2012,8525.9
431680,2013,8745.4
431680,2014,8970.7
431680,2015,9201.7
431680,2016,9438.7
431680,2017,9681.7
431680,2018,9931.1
431680,2019,10186.8
431680,2020,10449.1
431680,2021,10449.1
431680,2022,10449.1
431680,2023,10449.1
431680,2024,10449.1
431680,2025,10449.1
431680,2026,10449.1
431680,2027,10449.1
431680,2028,10449.1
431680,2029,10449.1
431680,2030,10449.1
431680,2031,10449.1
431680,2032,10449.1
431680,2033,10449.1
431680,2034,10449.1
431680,2035,10449.1
431680,2036,10449.1
431680,2037,10449.1
431680,2038,10449.1
431680,2039,10449.1
431680,2040,10449.1
431680,2041,10449.1
431680,2042,10449.1
431680,2043,10449.1
431680,2044,10449.1
431680,2045,10449.1
431690,2010,38857.5
431690,2011,39543.0
431690,2012,40240.6
431690,2013,40950.5
431690,2014,41673.0
431690,2015,42408.2
431690,2016,43156.3
431690,2017,43917.7
431690,2018,44692.5
431690,2019,45481.0
431690,2020,46283.3
431690,2021,46283.3
431690,2022,46283.3
431690,2023,46283.3
431690,2024,46283.3
431690,2025,46283.3
431690,2026,46283.3
431690,2027,46283.3
431690,2028,46283.3
431690,2029,46283.3
431690,2030,46283.3
431690,2031,46283.3
431690,2032,46283.3
431690,2033,46283.3
431690,2034,46283.3
431690,2035,46283.3
431690,2036,46283.3
431690,2037,46283.3
431690,2038,46283.3
431690,2039,46283.3
431690,2040,46283.3
431690,2041,46283.3
431690,2042,46283.3
431690,2043,46283.3
431690,2044,46283.3
431690,2045,46283.3
431710,2010,7105.6
431710,2011,7134.0
431710,2012,7162.6
431710,2013,7191.3
431710,2014,7220.1
431710,2015,7249.0
431710,2016,7278.0
431710,2017,7307.2
431710,2018,7336.4
431710,2019,7365.8
431710,2020,7395.3
431710,2021,7395.3
431710,2022,7395.3
431710,2023,7395.3
431710,2024,7395.3
431710,2025,7395.3
431710,2026,7395.3
431710,2027,7395.3
431710,2028,7395.3
431710,2029,7395.3
431710,2030,7395.3
431710,2031,7395.3
431710,2032,7395.3
431710,2033,7395.3
431710,2034,7395.3
431710,2035,7395.3
431710,2036,7395.3
431710,2037,7395.3
431710,2038,7395.3
431710,2039,7395.3
431710,2040,7395.3
431710,2041,7395.3
431710,2042,7395.3
431710,2043,7395.3
431710,2044,7395.3
431710,2045,7395.3
431848,2010,344.7
431848,2011,344.1
431848,2012,343.6
431848,2013,343.0
431848,2014,342.4
431848,2015,341.9
431848,2016,341.3
431848,2017,340.8
431848,2018,340.2
431848,2019,339.6
431848,2020,339.1
431848,2021,339.1
431848,2022,339.1
431848,2023,339.1
431848,2024,339.1
431848,2025,339.1
431848,2026,339.1
431848,2027,339.1
431848,2028,339.1
431848,2029,339.1
431848,2030,339.1
431848,2031,339.1
431848,2032,339.1
431848,2033,339.1
431848,2034,339.1
431848,2035,339.1
431848,2036,339.1
431848,2037,339.1
431848,2038,339.1
431848,2039,339.1
431848,2040,339.1
431848,2041,339.1
431848,2042,339.1
431848,2043,339.1
431848,2044,339.1
431848,2045,339.1
431870,2010,13378.2
431870,2011,13356.2
431870,2012,13334.2
431870,2013,13312.3
431870,2014,13290.5
431870,2015,13268.6
431870,2016,13246.8
431870,2017,13225.1
431870,2018,13203.3
431870,2019,13181.7
431870,2020,13160.0
431870,2021,13160.0
431870,2022,13160.0
431870,2023,13160.0
431870,2024,13160.0
431870,2025,13160.0
431870,2026,13160.0
431870,2027,13160.0
431870,2028,13160.0
431870,2029,13160.0
431870,2030,13160.0
431870,2031,13160.0
431870,2032,13160.0
431870,2033,13160.0
431870,2034,13160.0
431870,2035,13160.0
431870,2036,13160.0
431870,2037,13160.0
431870,2038,13160.0
431870,2039,13160.0
431870,2040,13160.0
431870,2041,13160.0
431870,2042,13160.0
431870,2043,13160.0
431870,2044,13160.0
431870,2045,13160.0
431950,2010,1525.1
431950,2011,1522.5
431950,2012,1520.0
431950,2013,1517.5
431950,2014,1515.1
431950,2015,1512.6
431950,2016,1510.1
431950,2017,1507.6
431950,2018,1505.1
431950,2019,1502.7
431950,2020,1500.2
431950,2021,1500.2
431950,2022,1500.2
431950,2023,1500.2
431950,2024,1500.2
431950,2025,1500.2
431950,2026,1500.2
431950,2027,1500.2
431950,2028,1500.2
431950,2029,1500.2
431950,2030,1500.2
431950,2031,1500.2
431950,2032,1500.2
431950,2033,1500.2
431950,2034,1500.2
431950,2035,1500.2
431950,2036,1500.2
431950,2037,1500.2
431950,2038,1500.2
431950,2039,1500.2
431950,2040,1500.2
431950,2041,1500.2
431950,2042,1500.2
431950,2043,1500.2
431950,2044,1500.2
431950,2045,1500.2
431990,2010,3512.3
431990,2011,3506.6
431990,2012,3500.8
431990,2013,3495.0
431990,2014,3489.3
431990,2015,3483.6
431990,2016,3477.8
431990,2017,3472.1
431990,2018,3466.4
431990,2019,3460.7
431990,2020,3455.0
431990,2021,3455.0
431990,2022,3455.0
431990,2023,3455.0
431990,2024,3455.0
431990,2025,3455.0
431990,2026,3455.0
431990,2027,3455.0
431990,2028,3455.0
431990,2029,3455.0
431990,2030,3455.0
431990,2031,3455.0
431990,2032,3455.0
431990,2033,3455.0
431990,2034,3455.0
431990,2035,3455.0
431990,2036,3455.0
431990,2037,3455.0
431990,2038,3455.0
431990,2039,3455.0
431990,2040,3455.0
431990,2041,3455.0
431990,2042,3455.0
431990,2043,3455.0
431990,2044,3455.0
431990,2045,3455.0
432000,2010,5324.6
432000,2011,5315.9
432000,2012,5307.1
432000,2013,5298.4
432000,2014,5289.7
432000,2015,5281.0
432000,2016,5272.4
432000,2017,5263.7
432000,2018,5255.0
432000,2019,5246.4
432000,2020,5237.8
432000,2021,5237.8
432000,2022,5237.8
432000,2023,5237.8
432000,2024,5237.8
432000,2025,5237.8
432000,2026,5237.8
432000,2027,5237.8
432000,2028,5237.8
432000,2029,5237.8
432000,2030,5237.8
432000,2031,5237.8
432000,2032,5237.8
432000,2033,5237.8
432000,2034,5237.8
432000,2035,5237.8
432000,2036,5237.8
432000,2037,5237.8
432000,2038,5237.8
432000,2039,5237.8
432000,2040,5237.8
432000,2041,5237.8
432000,2042,5237.8
432000,2043,5237.8
432000,2044,5237.8
432000,2045,5237.8
432120,2010,3473.1
432120,2011,3527.3
432120,2012,3582.4
432120,2013,3638.3
432120,2014,3695.0
432120,2015,3752.7
432120,2016,3811.2
432120,2017,3870.7
432120,2018,3931.1
432120,2019,3992.4
432120,2020,4054.7
432120,2021,4054.7
432120,2022,4054.7
432120,2023,4054.7
432120,2024,4054.7
432120,2025,4054.7
432120,2026,4054.7
432120,2027,4054.7
432120,2028,4054.7
432120,2029,4054.7
432120,2030,4054.7
432120,2031,4054.7
432120,2032,4054.7
432120,2033,4054.7
432120,2034,4054.7
432120,2035,4054.7
432120,2036,4054.7
432120,2037,4054.7
432120,2038,4054.7
432120,2039,4054.7
432120,2040,4054.7
432120,2041,4054.7
432120,2042,4054.7
432120,2043,4054.7
432120,2044,4054.7
432120,2045,4054.7
432160,2010,2760.2
432160,2011,2851.3
432160,2012,2945.4
432160,2013,3042.6
432160,2014,3143.0
432160,2015,3246.7
432160,2016,3353.8
432160,2017,3464.4
432160,2018,3578.8
432160,2019,3696.8
432160,2020,3818.8
432160,2021,3818.8
432160,2022,3818.8
432160,2023,3818.8
432160,2024,3818.8
432160,2025,3818.8
432160,2026,3818.8
432160,2027,3818.8
432160,2028,3818.8
432160,2029,3818.8
432160,2030,3818.8
432160,2031,3818.8
432160,2032,3818.8
432160,2033,3818.8
432160,2034,3818.8
432160,2035,3818.8
432160,2036,3818.8
432160,2037,3818.8
432160,2038,3818.8
432160,2039,3818.8
432160,2040,3818.8
432160,2041,3818.8
432160,2042,3818.8
432160,2043,3818.8
432160,2044,3818.8
432160,2045,3818.8
432170,2010,1013.2
432170,2011,1029.0
432170,2012,1045.1
432170,2013,1061.4
432170,2014,1077.9
432170,2015,1094.8
432170,2016,1111.8
432170,2017,1129.2
432170,2018,1146.8
432170,2019,1164.7
432170,2020,1182.9
432170,2021,1182.9
432170,2022,1182.9
432170,2023,1182.9
432170,2024,1182.9
432170,2025,1182.9
432170,2026,1182.9
432170,2027,1182.9
432170,2028,1182.9
432170,2029,1182.9
432170,2030,1182.9
432170,2031,1182.9
432170,2032,1182.9
432170,2033,1182.9
432170,2034,1182.9
432170,2035,1182.9
432170,2036,1182.9
432170,2037,1182.9
432170,2038,1182.9
432170,2039,1182.9
432170,2040,1182.9
432170,2041,1182.9
432170,2042,1182.9
432170,2043,1182.9
432170,2044,1182.9
432170,2045,1182.9
432240,2010,8343.4
432240,2011,8518.3
432240,2012,8696.8
432240,2013,8879.1
432240,2014,9065.2
432240,2015,9255.2
432240,2016,9449.2
432240,2017,9647.3
432240,2018,9849.5
432240,2019,10055.9
432240,2020,10266.7
432240,2021,10266.7
432240,2022,10266.7
432240,2023,10266.7
432240,2024,10266.7
432240,2025,10266.7
432240,2026,10266.7
432240,2027,10266.7
432240,2028,10266.7
432240,2029,10266.7
432240,2030,10266.7
432240,2031,10266.7
432240,2032,10266.7
432240,2033,10266.7
432240,2034,10266.7
432240,2035,10266.7
432240,2036,10266.7
432240,2037,10266.7
432240,2038,10266.7
432240,2039,10266.7
432240,2040,10266.7
432240,2041,10266.7
432240,2042,10266.7
432240,2043,10266.7
432240,2044,10266.7
432240,2045,10266.7
432254,2010,363.0
432254,2011,369.0
432254,2012,375.2
432254,2013,381.4
432254,2014,387.7
432254,2015,394.2
432254,2016,400.8
432254,2017,407.4
432254,2018,414.2
432254,2019,421.1
432254,2020,428.1
432254,2021,428.1
432254,2022,428.1
432254,2023,428.1
432254,2024,428.1
432254,2025,428.1
432254,2026,428.1
432254,2027,428.1
432254,2028,428.1
432254,2029,428.1
432254,2030,428.1
432254,2031,428.1
432254,2032,428.1
432254,2033,428.1
432254,2034,428.1
432254,2035,428.1
432254,2036,428.1
432254,2037,428.1
432254,2038,428.1
432254,2039,428.1
432254,2040,428.1
432254,2041,428.1
432254,2042,428.1
432254,2043,428.1
432254,2044,428.1
432254,2045,428.1
432270,2010,2368.5
432270,2011,2429.5
432270,2012,2492.1
432270,2013,2556.3
432270,2014,2622.1
432270,2015,2689.6
432270,2016,2758.9
432270,2017,2829.9
432270,2018,2902.8
432270,2019,2977.6
432270,2020,3054.3
432270,2021,3054.3
432270,2022,3054.3
432270,2023,3054.3
432270,2024,3054.3
432270,2025,3054.3
432270,2026,3054.3
432270,2027,3054.3
432270,2028,3054.3
432270,2029,3054.3
432270,2030,3054.3
432270,2031,3054.3
432270,2032,3054.3
432270,2033,3054.3
432270,2034,3054.3
432270,2035,3054.3
432270,2036,3054.3
432270,2037,3054.3
432270,2038,3054.3
432270,2039,3054.3
432270,2040,3054.3
432270,2041,3054.3
432270,2042,3054.3
432270,2043,3054.3
432270,2044,3054.3
432270,2045,3054.3
432300,2010,13276.3
432300,2011,13254.5
432300,2012,13232.7
432300,2013,13211.0
432300,2014,13189.3
432300,2015,13167.6
432300,2016,13146.0
432300,2017,13124.4
432300,2018,13102.8
432300,2019,13081.3
432300,2020,13059.8
432300,2021,13059.8
432300,2022,13059.8
432300,2023,13059.8
432300,2024,13059.8
432300,2025,13059.8
432300,2026,13059.8
432300,2027,13059.8
432300,2028,13059.8
432300,2029,13059.8
432300,2030,13059.8
432300,2031,13059.8
432300,2032,13059.8
432300,2033,13059.8
432300,2034,13059.8
432300,2035,13059.8
432300,2036,13059.8
432300,2037,13059.8
432300,2038,13059.8
432300,2039,13059.8
432300,2040,13059.8
432300,2041,13059.8
432300,2042,13059.8
432300,2043,13059.8
432300,2044,13059.8
432300,2045,13059.8
500270,2010,101358.5
500270,2011,102324.0
500270,2012,103298.6
500270,2013,104282.5
500270,2014,105275.8
500270,2015,106278.6
500270,2016,107290.9
500270,2017,108312.8
500270,2018,109344.5
500270,2019,110386.0
500270,2020,111437.4
500270,2021,111437.4
500270,2022,111437.4
500270,2023,111437.4
500270,2024,111437.4
500270,2025,111437.4
500270,2026,111437.4
500270,2027,111437.4
500270,2028,111437.4
500270,2029,111437.4
500270,2030,111437.4
500270,2031,111437.4
500270,2032,111437.4
500270,2033,111437.4
500270,2034,111437.4
500270,2035,111437.4
500270,2036,111437.4
500270,2037,111437.4
500270,2038,111437.4
500270,2039,111437.4
500270,2040,111437.4
500270,2041,111437.4
500270,2042,111437.4
500270,2043,111437.4
500270,2044,111437.4
500270,2045,111437.4
500320,2010,12821.9
500320,2011,12665.2
500320,2012,12510.3
500320,2013,12357.4
500320,2014,12206.3
500320,2015,12057.1
500320,2016,11909.7
500320,2017,11764.1
500320,2018,11620.3
500320,2019,11478.2
500320,2020,11337.9
500320,2021,11337.9
500320,2022,11337.9
500320,2023,11337.9
500320,2024,11337.9
500320,2025,11337.9
500320,2026,11337.9
500320,2027,11337.9
500320,2028,11337.9
500320,2029,11337.9
500320,2030,11337.9
500320,2031,11337.9
500320,2032,11337.9
500320,2033,11337.9
500320,2034,11337.9
500320,2035,11337.9
500320,2036,11337.9
500320,2037,11337.9
500320,2038,11337.9
500320,2039,11337.9
500320,2040,11337.9
500320,2041,11337.9
500320,2042,11337.9
500320,2043,11337.9
500320,2044,11337.9
500320,2045,11337.9
500370,2010,21000.8
500370,2011,21990.2
500370,2012,23026.3
500370,2013,24111.1
500370,2014,25247.1
500370,2015,26436.5
500370,2016,27682.1
500370,2017,28986.3
500370,2018,30351.9
500370,2019,31781.9
500370,2020,33279.3
500370,2021,33279.3
500370,2022,33279.3
500370,2023,33279.3
500370,2024,33279.3
500370,2025,33279.3
500370,2026,33279.3
500370,2027,33279.3
500370,2028,33279.3
500370,2029,33279.3
500370,2030,33279.3
500370,2031,33279.3
500370,2032,33279.3
500370,2033,33279.3
500370,2034,33279.3
500370,2035,33279.3
500370,2036,33279.3
500370,2037,33279.3
500370,2038,33279.3
500370,2039,33279.3
500370,2040,33279.3
500370,2041,33279.3
500370,2042,33279.3
500370,2043,33279.3
500370,2044,33279.3
500370,2045,33279.3
500520,2010,4013.7
500520,2011,3964.6
500520,2012,3916.2
500520,2013,3868.3
500520,2014,3821.0
500520,2015,3774.3
500520,2016,3728.2
500520,2017,3682.6
500520,2018,3637.6
500520,2019,3593.1
500520,2020,3549.2
500520,2021,3549.2
500520,2022,3549.2
500520,2023,3549.2
500520,2024,3549.2
500520,2025,3549.2
500520,2026,3549.2
500520,2027,3549.2
500520,2028,3549.2
500520,2029,3549.2
500520,2030,3549.2
500520,2031,3549.2
500520,2032,3549.2
500520,2033,3549.2
500520,2034,3549.2
500520,2035,3549.2
500520,2036,3549.2
500520,2037,3549.2
500520,2038,3549.2
500520,2039,3549.2
500520,2040,3549.2
500520,2041,3549.2
500520,2042,3549.2
500520,2043,3549.2
500520,2044,3549.2
500520,2045,3549.2
500660,2010,8395.6
500660,2011,8699.2
500660,2012,9013.7
500660,2013,9339.6
500660,2014,9677.3
500660,2015,10027.2
500660,2016,10389.7
500660,2017,10765.4
500660,2018,11154.6
500660,2019,11557.9
500660,2020,11975.8
500660,2021,11975.8
500660,2022,11975.8
500660,2023,11975.8
500660,2024,11975.8
500660,2025,11975.8
500660,2026,11975.8
500660,2027,11975.8
500660,2028,11975.8
500660,2029,11975.8
500660,2030,11975.8
500660,2031,11975.8
500660,2032,11975.8
500660,2033,11975.8
500660,2034,11975.8
500660,2035,11975.8
500660,2036,11975.8
500660,2037,11975.8
500660,2038,11975.8
500660,2039,11975.8
500660,2040,11975.8
500660,2041,11975.8
500660,2042,11975.8
500660,2043,11975.8
500660,2044,11975.8
500660,2045,11975.8
500830,2010,8607.1
500830,2011,8951.1
500830,2012,9308.8
500830,2013,9680.8
500830,2014,10067.7
500830,2015,10470.1
500830,2016,10888.5
500830,2017,11323.6
500830,2018,11776.2
500830,2019,12246.8
500830,2020,12736.2
500830,2021,12736.2
500830,2022,12736.2
500830,2023,12736.2
500830,2024,12736.2
500830,2025,12736.2
500830,2026,12736.2
500830,2027,12736.2
500830,2028,12736.2
500830,2029,12736.2
500830,2030,12736.2
500830,2031,12736.2
500830,2032,12736.2
500830,2033,12736.2
500830,2034,12736.2
500830,2035,12736.2
500830,2036,12736.2
500830,2037,12736.2
500830,2038,12736.2
500830,2039,12736.2
500830,2040,12736.2
500830,2041,12736.2
500830,2042,12736.2
500830,2043,12736.2
500830,2044,12736.2
500830,2045,12736.2
510340,2010,69935.7
510340,2011,71242.1
510340,2012,72573.0
510340,2013,73928.8
510340,2014,75309.9
510340,2015,76716.8
510340,2016,78149.9
510340,2017,79609.9
510340,2018,81097.1
510340,2019,82612.1
510340,2020,84155.4
510340,2021,84155.4
510340,2022,84155.4
510340,2023,84155.4
510340,2024,84155.4
510340,2025,84155.4
510340,2026,84155.4
510340,2027,84155.4
510340,2028,84155.4
510340,2029,84155.4
510340,2030,84155.4
510340,2031,84155.4
510340,2032,84155.4
510340,2033,84155.4
510340,2034,84155.4
510340,2035,84155.4
510340,2036,84155.4
510340,2037,84155.4
510340,2038,84155.4
510340,2039,84155.4
510340,2040,84155.4
510340,2041,84155.4
510340,2042,84155.4
510340,2043,84155.4
510340,2044,84155.4
510340,2045,84155.4
510760,2010,18569.6
510760,2011,18959.6
510760,2012,19357.8
510760,2013,19764.3
510760,2014,20179.4
510760,2015,20603.2
510760,2016,21035.9
510760,2017,21477.7
510760,2018,21928.7
510760,2019,22389.3
510760,2020,22859.5
510760,2021,22859.5
510760,2022,22859.5
510760,2023,22859.5
510760,2024,22859.5
510760,2025,22859.5
510760,2026,22859.5
510760,2027,22859.5
510760,2028,22859.5
510760,2029,22859.5
510760,2030,22859.5
510760,2031,22859.5
510760,2032,22859.5
510760,2033,22859.5
510760,2034,22859.5
510760,2035,22859.5
510760,2036,22859.5
510760,2037,22859.5
510760,2038,22859.5
510760,2039,22859.5
510760,2040,22859.5
510760,2041,22859.5
510760,2042,22859.5
510760,2043,22859.5
510760,2044,22859.5
510760,2045,22859.5
510790,2010,10443.0
510790,2011,10737.1
510790,2012,11039.4
510790,2013,11350.3
510790,2014,11670.0
510790,2015,11998.7
510790,2016,12336.6
510790,2017,12684.0
510790,2018,13041.2
510790,2019,13408.5
510790,2020,13786.1
510790,2021,13786.1
510790,2022,13786.1
510790,2023,13786.1
510790,2024,13786.1
510790,2025,13786.1
510790,2026,13786.1
510790,2027,13786.1
510790,2028,13786.1
510790,2029,13786.1
510790,2030,13786.1
510790,2031,13786.1
510790,2032,13786.1
510790,2033,13786.1
510790,2034,13786.1
510790,2035,13786.1
510790,2036,13786.1
510790,2037,13786.1
510790,2038,13786.1
510790,2039,13786.1
510790,2040,13786.1
510790,2041,13786.1
510790,2042,13786.1
510790,2043,13786.1
510790,2044,13786.1
510790,2045,13786.1
510840,2010,19966.7
510840,2011,20339.7
510840,2012,20719.7
510840,2013,21106.7
510840,2014,21501.0
510840,2015,21902.7
510840,2016,22311.9
510840,2017,22728.7
510840,2018,23153.3
510840,2019,23585.8
510840,2020,24026.4
510840,2021,24026.4
510840,2022,24026.4
510840,2023,24026.4
510840,2024,24026.4
510840,2025,24026.4
510840,2026,24026.4
510840,2027,24026.4
510840,2028,24026.4
510840,2029,24026.4
510840,2030,24026.4
510840,2031,24026.4
510840,2032,24026.4
510840,2033,24026.4
510840,2034,24026.4
510840,2035,24026.4
510840,2036,24026.4
510840,2037,24026.4
510840,2038,24026.4
510840,2039,24026.4
510840,2040,24026.4
510840,2041,24026.4
510840,2042,24026.4
510840,2043,24026.4
510840,2044,24026.4
510840,2045,24026.4
520005,2010,752.1
520005,2011,755.7
520005,2012,759.4
520005,2013,763.1
520005,2014,766.7
520005,2015,770.5
520005,2016,774.2
520005,2017,777.9
520005,2018,781.7
520005,2019,785.5
520005,2020,789.3
520005,2021,789.3
520005,2022,789.3
520005,2023,789.3
520005,2024,789.3
520005,2025,789.3
520005,2026,789.3
520005,2027,789.3
520005,2028,789.3
520005,2029,789.3
520005,2030,789.3
520005,2031,789.3
520005,2032,789.3
520005,2033,789.3
520005,2034,789.3
520005,2035,789.3
520005,2036,789.3
520005,2037,789.3
520005,2038,789.3
520005,2039,789.3
520005,2040,789.3
520005,2041,789.3
520005,2042,789.3
520005,2043,789.3
520005,2044,789.3
520005,2045,789.3
520025,2010,5839.1
520025,2011,5942.2
520025,2012,6047.2
520025,2013,6154.1
520025,2014,6262.8
520025,2015,6373.5
520025,2016,6486.1
520025,2017,6600.7
520025,2018,6717.4
520025,2019,6836.1
520025,2020,6956.9
520025,2021,6956.9
520025,2022,6956.9
520025,2023,6956.9
520025,2024,6956.9
520025,2025,6956.9
520025,2026,6956.9
520025,2027,6956.9
520025,2028,6956.9
520025,2029,6956.9
520025,2030,6956.9
520025,2031,6956.9
520025,2032,6956.9
520025,2033,6956.9
520025,2034,6956.9
520025,2035,6956.9
520025,2036,6956.9
520025,2037,6956.9
520025,2038,6956.9
520025,2039,6956.9
520025,2040,6956.9
520025,2041,6956.9
520025,2042,6956.9
520025,2043,6956.9
520025,2044,6956.9
520025,2045,6956.9
520110,2010,22687.8
520110,2011,22911.2
520110,2012,23136.9
520110,2013,23364.7
520110,2014,23594.9
520110,2015,23827.2
520110,2016,24061.9
520110,2017,24298.9
520110,2018,24538.2
520110,2019,24779.9
520110,2020,25023.9
520110,2021,25023.9
520110,2022,25023.9
520110,2023,25023.9
520110,2024,25023.9
520110,2025,25023.9
520110,2026,25023.9
520110,2027,25023.9
520110,2028,25023.9
520110,2029,25023.9
520110,2030,25023.9
520110,2031,25023.9
520110,2032,25023.9
520110,2033,25023.9
520110,2034,25023.9
520110,2035,25023.9
520110,2036,25023.9
520110,2037,25023.9
520110,2038,25023.9
520110,2039,25023.9
520110,2040,25023.9
520110,2041,25023.9
520110,2042,25023.9
520110,2043,25023.9
520110,2044,25023.9
520110,2045,25023.9
520140,2010,27853.1
520140,2011,27987.9
520140,2012,28123.4
520140,2013,28259.5
520140,2014,28396.3
520140,2015,28533.8
520140,2016,28671.9
520140,2017,28810.7
520140,2018,28950.2
520140,2019,29090.3
520140,2020,29231.1
520140,2021,29231.1
520140,2022,29231.1
520140,2023,29231.1
520140,2024,29231.1
520140,2025,29231.1
520140,2026,29231.1
520140,2027,29231.1
520140,2028,29231.1
520140,2029,29231.1
520140,2030,29231.1
520140,2031,29231.1
520140,2032,29231.1
520140,2033,29231.1
520140,2034,29231.1
520140,2035,29231.1
520140,2036,29231.1
520140,2037,29231.1
520140,2038,29231.1
520140,2039,29231.1
520140,2040,29231.1
520140,2041,29231.1
520140,2042,29231.1
520140,2043,29231.1
520140,2044,29231.1
520140,2045,29231.1
520180,2010,1041.9
520180,2011,1047.0
520180,2012,1052.1
520180,2013,1057.1
520180,2014,1062.3
520180,2015,1067.4
520180,2016,1072.6
520180,2017,1077.8
520180,2018,1083.0
520180,2019,1088.2
520180,2020,1093.5
520180,2021,1093.5
520180,2022,1093.5
520180,2023,1093.5
520180,2024,1093.5
520180,2025,1093.5
520180,2026,1093.5
520180,2027,1093.5
520180,2028,1093.5
520180,2029,1093.5
520180,2030,1093.5
520180,2031,1093.5
520180,2032,1093.5
520180,2033,1093.5
520180,2034,1093.5
520180,2035,1093.5
520180,2036,1093.5
520180,2037,1093.5
520180,2038,1093.5
520180,2039,1093.5
520180,2040,1093.5
520180,2041,1093.5
520180,2042,1093.5
520180,2043,1093.5
520180,2044,1093.5
520180,2045,1093.5
520355,2010,710.3
520355,2011,713.7
520355,2012,717.2
520355,2013,720.7
520355,2014,724.2
520355,2015,727.7
520355,2016,731.2
520355,2017,734.7
520355,2018,738.3
520355,2019,741.8
520355,2020,745.4
520355,2021,745.4
520355,2022,745.4
520355,2023,745.4
520355,2024,745.4
520355,2025,745.4
520355,2026,745.4
520355,2027,745.4
520355,2028,745.4
520355,2029,745.4
520355,2030,745.4
520355,2031,745.4
520355,2032,745.4
520355,2033,745.4
520355,2034,745.4
520355,2035,745.4
520355,2036,745.4
520355,2037,745.4
520355,2038,745.4
520355,2039,745.4
520355,2040,745.4
520355,2041,745.4
520355,2042,745.4
520355,2043,745.4
520355,2044,745.4
520355,2045,745.4
520360,2010,498.8
520360,2011,501.2
520360,2012,503.6
520360,2013,506.1
520360,2014,508.5
520360,2015,511.0
520360,2016,513.4
520360,2017,515.9
520360,2018,518.4
520360,2019,520.9
520360,2020,523.5
520360,2021,523.5
520360,2022,523.5
520360,2023,523.5
520360,2024,523.5
520360,2025,523.5
520360,2026,523.5
520360,2027,523.5
520360,2028,523.5
520360,2029,523.5
520360,2030,523.5
520360,2031,523.5
520360,2032,523.5
520360,2033,523.5
520360,2034,523.5
520360,2035,523.5
520360,2036,523.5
520360,2037,523.5
520360,2038,523.5
520360,2039,523.5
520360,2040,523.5
520360,2041,523.5
520360,2042,523.5
520360,2043,523.5
520360,2044,523.5
520360,2045,523.5
520455,2010,545.8
520455,2011,548.4
520455,2012,551.1
520455,2013,553.7
520455,2014,556.4
520455,2015,559.1
520455,2016,561.8
520455,2017,564.5
520455,2018,567.3
520455,2019,570.0
520455,2020,572.8
520455,2021,572.8
520455,2022,572.8
520455,2023,572.8
520455,2024,572.8
520455,2025,572.8
520455,2026,572.8
520455,2027,572.8
520455,2028,572.8
520455,2029,572.8
520455,2030,572.8
520455,2031,572.8
520455,2032,572.8
520455,2033,572.8
520455,2034,572.8
520455,2035,572.8
520455,2036,572.8
520455,2037,572.8
520455,2038,572.8
520455,2039,572.8
520455,2040,572.8
520455,2041,572.8
520455,2042,572.8
520455,2043,572.8
520455,2044,572.8
520455,2045,572.8
520510,2010,5632.8
520510,2011,5884.5
520510,2012,6147.4
520510,2013,6422.1
520510,2014,6709.0
520510,2015,7008.8
520510,2016,7322.0
520510,2017,7649.2
520510,2018,7991.0
520510,2019,8348.0
520510,2020,8721.0
520510,2021,8721.0
520510,2022,8721.0
520510,2023,8721.0
520510,2024,8721.0
520510,2025,8721.0
520510,2026,8721.0
520510,2027,8721.0
520510,2028,8721.0
520510,2029,8721.0
520510,2030,8721.0
520510,2031,8721.0
520510,2032,8721.0
520510,2033,8721.0
520510,2034,8721.0
520510,2035,8721.0
520510,2036,8721.0
520510,2037,8721.0
520510,2038,8721.0
520510,2039,8721.0
520510,2040,8721.0
520510,2041,8721.0
520510,2042,8721.0
520510,2043,8721.0
520510,2044,8721.0
520510,2045,8721.0
520549,2010,4710.9
520549,2011,4794.2
520549,2012,4878.9
520549,2013,4965.1
520549,2014,5052.8
520549,2015,5142.1
520549,2016,5233.0
520549,2017,5325.5
520549,2018,5419.6
520549,2019,5515.3
520549,2020,5612.8
520549,2021,5612.8
520549,2022,5612.8
520549,2023,5612.8
520549,2024,5612.8
520549,2025,5612.8
520549,2026,5612.8
520549,2027,5612.8
520549,2028,5612.8
520549,2029,5612.8
520549,2030,5612.8
520549,2031,5612.8
520549,2032,5612.8
520549,2033,5612.8
520549,2034,5612.8
520549,2035,5612.8
520549,2036,5612.8
520549,2037,5612.8
520549,2038,5612.8
520549,2039,5612.8
520549,2040,5612.8
520549,2041,5612.8
520549,2042,5612.8
520549,2043,5612.8
520549,2044,5612.8
520549,2045,5612.8
520800,2010,14558.5
520800,2011,14751.2
520800,2012,14946.4
520800,2013,15144.2
520800,2014,15344.7
520800,2015,15547.8
520800,2016,15753.6
520800,2017,15962.1
520800,2018,16173.3
520800,2019,16387.4
520800,2020,16604.3
520800,2021,16604.3
520800,2022,16604.3
520800,2023,16604.3
520800,2024,16604.3
520800,2025,16604.3
520800,2026,16604.3
520800,2027,16604.3
520800,2028,16604.3
520800,2029,16604.3
520800,2030,16604.3
520800,2031,16604.3
520800,2032,16604.3
520800,2033,16604.3
520800,2034,16604.3
520800,2035,16604.3
520800,2036,16604.3
520800,2037,16604.3
520800,2038,16604.3
520800,2039,16604.3
520800,2040,16604.3
520800,2041,16604.3
520800,2042,16604.3
520800,2043,16604.3
520800,2044,16604.3
520800,2045,16604.3
520850,2010,585.0
520850,2011,611.1
520850,2012,638.4
520850,2013,666.9
520850,2014,696.7
520850,2015,727.9
520850,2016,760.4
520850,2017,794.3
520850,2018,829.8
520850,2019,866.9
520850,2020,905.7
520850,2021,905.7
520850,2022,905.7
520850,2023,905.7
520850,2024,905.7
520850,2025,905.7
520850,2026,905.7
520850,2027,905.7
520850,2028,905.7
520850,2029,905.7
520850,2030,905.7
520850,2031,905.7
520850,2032,905.7
520850,2033,905.7
520850,2034,905.7
520850,2035,905.7
520850,2036,905.7
520850,2037,905.7
520850,2038,905.7
520850,2039,905.7
520850,2040,905.7
520850,2041,905.7
520850,2042,905.7
520850,2043,905.7
520850,2044,905.7
520850,2045,905.7
520870,2010,146825.4
520870,2011,147536.2
520870,2012,148250.3
520870,2013,148968.0
520870,2014,149689.1
520870,2015,150413.7
520870,2016,151141.8
520870,2017,151873.4
520870,2018,152608.6
520870,2019,153347.3
520870,2020,154089.6
520870,2021,154089.6
520870,2022,154089.6
520870,2023,154089.6
520870,2024,154089.6
520870,2025,154089.6
520870,2026,154089.6
520870,2027,154089.6
520870,2028,154089.6
520870,2029,154089.6
520870,2030,154089.6
520870,2031,154089.6
520870,2032,154089.6
520870,2033,154089.6
520870,2034,154089.6
520870,2035,154089.6
520870,2036,154089.6
520870,2037,154089.6
520870,2038,154089.6
520870,2039,154089.6
520870,2040,154089.6
520870,2041,154089.6
520870,2042,154089.6
520870,2043,154089.6
520870,2044,154089.6
520870,2045,154089.6
520880,2010,1556.4
520880,2011,1563.9
520880,2012,1571.5
520880,2013,1579.1
520880,2014,1586.7
520880,2015,1594.4
520880,2016,1602.1
520880,2017,1609.9
520880,2018,1617.7
520880,2019,1625.5
520880,2020,1633.4
520880,2021,1633.4
520880,2022,1633.4
520880,2023,1633.4
520880,2024,1633.4
520880,2025,1633.4
520880,2026,1633.4
520880,2027,1633.4
520880,2028,1633.4
520880,2029,1633.4
520880,2030,1633.4
520880,2031,1633.4
520880,2032,1633.4
520880,2033,1633.4
520880,2034,1633.4
520880,2035,1633.4
520880,2036,1633.4
520880,2037,1633.4
520880,2038,1633.4
520880,2039,1633.4
520880,2040,1633.4
520880,2041,1633.4
520880,2042,1633.4
520880,2043,1633.4
520880,2044,1633.4
520880,2045,1633.4
520920,2010,968.8
520920,2011,973.5
520920,2012,978.2
520920,2013,983.0
520920,2014,987.7
520920,2015,992.5
520920,2016,997.3
520920,2017,1002.1
520920,2018,1007.0
520920,2019,1011.9
520920,2020,1016.8
520920,2021,1016.8
520920,2022,1016.8
520920,2023,1016.8
520920,2024,1016.8
520920,2025,1016.8
520920,2026,1016.8
520920,2027,1016.8
520920,2028,1016.8
520920,2029,1016.8
520920,2030,1016.8
520920,2031,1016.8
520920,2032,1016.8
520920,2033,1016.8
520920,2034,1016.8
520920,2035,1016.8
520920,2036,1016.8
520920,2037,1016.8
520920,2038,1016.8
520920,2039,1016.8
520920,2040,1016.8
520920,2041,1016.8
520920,2042,1016.8
520920,2043,1016.8
520920,2044,1016.8
520920,2045,1016.8
520970,2010,1851.5
520970,2011,1860.4
520970,2012,1869.4
520970,2013,1878.5
520970,2014,1887.6
520970,2015,1896.7
520970,2016,1905.9
520970,2017,1915.1
520970,2018,1924.4
520970,2019,1933.7
520970,2020,1943.1
520970,2021,1943.1
520970,2022,1943.1
520970,2023,1943.1
520970,2024,1943.1
520970,2025,1943.1
520970,2026,1943.1
520970,2027,1943.1
520970,2028,1943.1
520970,2029,1943.1
520970,2030,1943.1
520970,2031,1943.1
520970,2032,1943.1
520970,2033,1943.1
520970,2034,1943.1
520970,2035,1943.1
520970,2036,1943.1
520970,2037,1943.1
520970,2038,1943.1
520970,2039,1943.1
520970,2040,1943.1
520970,2041,1943.1
520970,2042,1943.1
520970,2043,1943.1
520970,2044,1943.1
520970,2045,1943.1
521250,2010,11746.0
521250,2011,11953.6
521250,2012,12164.8
521250,2013,12379.8
521250,2014,12598.5
521250,2015,12821.1
521250,2016,13047.7
521250,2017,13278.2
521250,2018,13512.9
521250,2019,13751.6
521250,2020,13994.6
521250,2021,13994.6
521250,2022,13994.6
521250,2023,13994.6
521250,2024,13994.6
521250,2025,13994.6
521250,2026,13994.6
521250,2027,13994.6
521250,2028,13994.6
521250,2029,13994.6
521250,2030,13994.6
521250,2031,13994.6
521250,2032,13994.6
521250,2033,13994.6
521250,2034,13994.6
521250,2035,13994.6
521250,2036,13994.6
521250,2037,13994.6
521250,2038,13994.6
521250,2039,13994.6
521250,2040,13994.6
521250,2041,13994.6
521250,2042,13994.6
521250,2043,13994.6
521250,2044,13994.6
521250,2045,13994.6
521450,2010,1360.5
521450,2011,1367.1
521450,2012,1373.7
521450,2013,1380.4
521450,2014,1387.1
521450,2015,1393.8
521450,2016,1400.5
521450,2017,1407.3
521450,2018,1414.1
521450,2019,1421.0
521450,2020,1427.8
521450,2021,1427.8
521450,2022,1427.8
521450,2023,1427.8
521450,2024,1427.8
521450,2025,1427.8
521450,2026,1427.8
521450,2027,1427.8
521450,2028,1427.8
521450,2029,1427.8
521450,2030,1427.8
521450,2031,1427.8
521450,2032,1427.8
521450,2033,1427.8
521450,2034,1427.8
521450,2035,1427.8
521450,2036,1427.8
521450,2037,1427.8
521450,2038,1427.8
521450,2039,1427.8
521450,2040,1427.8
521450,2041,1427.8
521450,2042,1427.8
521450,2043,1427.8
521450,2044,1427.8
521450,2045,1427.8
521500,2010,1091.6
521500,2011,1096.8
521500,2012,1102.2
521500,2013,1107.5
521500,2014,1112.9
521500,2015,1118.2
521500,2016,1123.7
521500,2017,1129.1
521500,2018,1134.6
521500,2019,1140.0
521500,2020,1145.6
521500,2021,1145.6
521500,2022,1145.6
521500,2023,1145.6
521500,2024,1145.6
521500,2025,1145.6
521500,2026,1145.6
521500,2027,1145.6
521500,2028,1145.6
521500,2029,1145.6
521500,2030,1145.6
521500,2031,1145.6
521500,2032,1145.6
521500,2033,1145.6
521500,2034,1145.6
521500,2035,1145.6
521500,2036,1145.6
521500,2037,1145.6
521500,2038,1145.6
521500,2039,1145.6
521500,2040,1145.6
521500,2041,1145.6
521500,2042,1145.6
521500,2043,1145.6
521500,2044,1145.6
521500,2045,1145.6
521523,2010,4546.4
521523,2011,4626.8
521523,2012,4708.5
521523,2013,4791.7
521523,2014,4876.4
521523,2015,4962.6
521523,2016,5050.2
521523,2017,5139.5
521523,2018,5230.3
521523,2019,5322.7
521523,2020,5416.8
521523,2021,5416.8
521523,2022,5416.8
521523,2023,5416.8
521523,2024,5416.8
521523,2025,5416.8
521523,2026,5416.8
521523,2027,5416.8
521523,2028,5416.8
521523,2029,5416.8
521523,2030,5416.8
521523,2031,5416.8
521523,2032,5416.8
521523,2033,5416.8
521523,2034,5416.8
521523,2035,5416.8
521523,2036,5416.8
521523,2037,5416.8
521523,2038,5416.8
521523,2039,5416.8
521523,2040,5416.8
521523,2041,5416.8
521523,2042,5416.8
521523,2043,5416.8
521523,2044,5416.8
521523,2045,5416.8
521550,2010,493.6
521550,2011,515.6
521550,2012,538.6
521550,2013,562.7
521550,2014,587.9
521550,2015,614.1
521550,2016,641.6
521550,2017,670.2
521550,2018,700.2
521550,2019,731.5
521550,2020,764.2
521550,2021,764.2
521550,2022,764.2
521550,2023,764.2
521550,2024,764.2
521550,2025,764.2
521550,2026,764.2
521550,2027,764.2
521550,2028,764.2
521550,2029,764.2
521550,2030,764.2
521550,2031,764.2
521550,2032,764.2
521550,2033,764.2
521550,2034,764.2
521550,2035,764.2
521550,2036,764.2
521550,2037,764.2
521550,2038,764.2
521550,2039,764.2
521550,2040,764.2
521550,2041,764.2
521550,2042,764.2
521550,2043,764.2
521550,2044,764.2
521550,2045,764.2
521560,2010,1519.8
521560,2011,1546.7
521560,2012,1574.0
521560,2013,1601.8
521560,2014,1630.1
521560,2015,1658.9
521560,2016,1688.2
521560,2017,1718.1
521560,2018,1748.4
521560,2019,1779.3
521560,2020,1810.8
521560,2021,1810.8
521560,2022,1810.8
521560,2023,1810.8
521560,2024,1810.8
521560,2025,1810.8
521560,2026,1810.8
521560,2027,1810.8
521560,2028,1810.8
521560,2029,1810.8
521560,2030,1810.8
521560,2031,1810.8
521560,2032,1810.8
521560,2033,1810.8
521560,2034,1810.8
521560,2035,1810.8
521560,2036,1810.8
521560,2037,1810.8
521560,2038,1810.8
521560,2039,1810.8
521560,2040,1810.8
521560,2041,1810.8
521560,2042,1810.8
521560,2043,1810.8
521560,2044,1810.8
521560,2045,1810.8
521760,2010,5705.9
521760,2011,5806.7
521760,2012,5909.3
521760,2013,6013.7
521760,2014,6120.0
521760,2015,6228.1
521760,2016,6338.2
521760,2017,6450.2
521760,2018,6564.2
521760,2019,6680.1
521760,2020,6798.2
521760,2021,6798.2
521760,2022,6798.2
521760,2023,6798.2
521760,2024,6798.2
521760,2025,6798.2
521760,2026,6798.2
521760,2027,6798.2
521760,2028,6798.2
521760,2029,6798.2
521760,2030,6798.2
521760,2031,6798.2
521760,2032,6798.2
521760,2033,6798.2
521760,2034,6798.2
521760,2035,6798.2
521760,2036,6798.2
521760,2037,6798.2
521760,2038,6798.2
521760,2039,6798.2
521760,2040,6798.2
521760,2041,6798.2
521760,2042,6798.2
521760,2043,6798.2
521760,2044,6798.2
521760,2045,6798.2
521880,2010,11456.2
521880,2011,11746.8
521880,2012,12044.9
521880,2013,12350.5
521880,2014,12663.9
521880,2015,12985.2
521880,2016,13314.7
521880,2017,13652.5
521880,2018,13998.9
521880,2019,14354.1
521880,2020,14718.3
521880,2021,14718.3
521880,2022,14718.3
521880,2023,14718.3
521880,2024,14718.3
521880,2025,14718.3
521880,2026,14718.3
521880,2027,14718.3
521880,2028,14718.3
521880,2029,14718.3
521880,2030,14718.3
521880,2031,14718.3
521880,2032,14718.3
521880,2033,14718.3
521880,2034,14718.3
521880,2035,14718.3
521880,2036,14718.3
521880,2037,14718.3
521880,2038,14718.3
521880,2039,14718.3
521880,2040,14718.3
521880,2041,14718.3
521880,2042,14718.3
521880,2043,14718.3
521880,2044,14718.3
521880,2045,14718.3
521973,2010,579.7
521973,2011,582.5
521973,2012,585.4
521973,2013,588.2
521973,2014,591.0
521973,2015,593.9
521973,2016,596.8
521973,2017,599.7
521973,2018,602.6
521973,2019,605.5
521973,2020,608.4
521973,2021,608.4
521973,2022,608.4
521973,2023,608.4
521973,2024,608.4
521973,2025,608.4
521973,2026,608.4
521973,2027,608.4
521973,2028,608.4
521973,2029,608.4
521973,2030,608.4
521973,2031,608.4
521973,2032,608.4
521973,2033,608.4
521973,2034,608.4
521973,2035,608.4
521973,2036,608.4
521973,2037,608.4
521973,2038,608.4
521973,2039,608.4
521973,2040,608.4
521973,2041,608.4
521973,2042,608.4
521973,2043,608.4
521973,2044,608.4
521973,2045,608.4
521975,2010,5243.7
521975,2011,5336.3
521975,2012,5430.6
521975,2013,5526.6
521975,2014,5624.2
521975,2015,5723.6
521975,2016,5824.8
521975,2017,5927.7
521975,2018,6032.4
521975,2019,6139.0
521975,2020,6247.5
521975,2021,6247.5
521975,2022,6247.5
521975,2023,6247.5
521975,2024,6247.5
521975,2025,6247.5
521975,2026,6247.5
521975,2027,6247.5
521975,2028,6247.5
521975,2029,6247.5
521975,2030,6247.5
521975,2031,6247.5
521975,2032,6247.5
521975,2033,6247.5
521975,2034,6247.5
521975,2035,6247.5
521975,2036,6247.5
521975,2037,6247.5
521975,2038,6247.5
521975,2039,6247.5
521975,2040,6247.5
521975,2041,6247.5
521975,2042,6247.5
521975,2043,6247.5
521975,2044,6247.5
521975,2045,6247.5
522045,2010,7327.6
522045,2011,7363.0
522045,2012,7398.7
522045,2013,7434.5
522045,2014,7470.5
522045,2015,7506.6
522045,2016,7543.0
522045,2017,7579.5
522045,2018,7616.2
522045,2019,7653.0
522045,2020,7690.1
522045,2021,7690.1
522045,2022,7690.1
522045,2023,7690.1
522045,2024,7690.1
522045,2025,7690.1
522045,2026,7690.1
522045,2027,7690.1
522045,2028,7690.1
522045,2029,7690.1
522045,2030,7690.1
522045,2031,7690.1
522045,2032,7690.1
522045,2033,7690.1
522045,2034,7690.1
522045,2035,7690.1
522045,2036,7690.1
522045,2037,7690.1
522045,2038,7690.1
522045,2039,7690.1
522045,2040,7690.1
522045,2041,7690.1
522045,2042,7690.1
522045,2043,7690.1
522045,2044,7690.1
522045,2045,7690.1
522130,2010,446.5
522130,2011,466.5
522130,2012,487.3
522130,2013,509.1
522130,2014,531.9
522130,2015,555.6
522130,2016,580.5
522130,2017,606.4
522130,2018,633.5
522130,2019,661.8
522130,2020,691.4
522130,2021,691.4
522130,2022,691.4
522130,2023,691.4
522130,2024,691.4
522130,2025,691.4
522130,2026,691.4
522130,2027,691.4
522130,2028,691.4
522130,2029,691.4
522130,2030,691.4
522130,2031,691.4
522130,2032,691.4
522130,2033,691.4
522130,2034,691.4
522130,2035,691.4
522130,2036,691.4
522130,2037,691.4
522130,2038,691.4
522130,2039,691.4
522130,2040,691.4
522130,2041,691.4
522130,2042,691.4
522130,2043,691.4
522130,2044,691.4
522130,2045,691.4
522140,2010,8808.2
522140,2011,8850.9
522140,2012,8893.7
522140,2013,8936.8
522140,2014,8980.0
522140,2015,9023.5
522140,2016,9067.2
522140,2017,9111.1
522140,2018,9155.2
522140,2019,9199.5
522140,2020,9244.0
522140,2021,9244.0
522140,2022,9244.0
522140,2023,9244.0
522140,2024,9244.0
522140,2025,9244.0
522140,2026,9244.0
522140,2027,9244.0
522140,2028,9244.0
522140,2029,9244.0
522140,2030,9244.0
522140,2031,9244.0
522140,2032,9244.0
522140,2033,9244.0
522140,2034,9244.0
522140,2035,9244.0
522140,2036,9244.0
522140,2037,9244.0
522140,2038,9244.0
522140,2039,9244.0
522140,2040,9244.0
522140,2041,9244.0
522140,2042,9244.0
522140,2043,9244.0
522140,2044,9244.0
522140,2045,9244.0
522185,2010,12939.4
522185,2011,13168.1
522185,2012,13400.8
522185,2013,13637.6
522185,2014,13878.5
522185,2015,14123.8
522185,2016,14373.3
522185,2017,14627.3
522185,2018,14885.8
522185,2019,15148.8
522185,2020,15416.5
522185,2021,15416.5
522185,2022,15416.5
522185,2023,15416.5
522185,2024,15416.5
522185,2025,15416.5
522185,2026,15416.5
522185,2027,15416.5
522185,2028,15416.5
522185,2029,15416.5
522185,2030,15416.5
522185,2031,15416.5
522185,2032,15416.5
522185,2033,15416.5
522185,2034,15416.5
522185,2035,15416.5
522185,2036,15416.5
522185,2037,15416.5
522185,2038,15416.5
522185,2039,15416.5
522185,2040,15416.5
522185,2041,15416.5
522185,2042,15416.5
522185,2043,15416.5
522185,2044,15416.5
522185,2045,15416.5
530010,2010,456766.2
530010,2011,464837.2
530010,2012,473050.9
530010,2013,481409.7
530010,2014,489916.2
530010,2015,498573.0
530010,2016,507382.8
530010,2017,516348.2
530010,2018,525472.0
530010,2019,534757.1
530010,2020,544206.3
530010,2021,544206.3
530010,2022,544206.3
530010,2023,544206.3
530010,2024,544206.3
530010,2025,544206.3
530010,2026,544206.3
530010,2027,544206.3
530010,2028,544206.3
530010,2029,544206.3
530010,2030,544206.3
530010,2031,544206.3
530010,2032,544206.3
530010,2033,544206.3
530010,2034,544206.3
530010,2035,544206.3
530010,2036,544206.3
530010,2037,544206.3
530010,2038,544206.3
530010,2039,544206.3
530010,2040,544206.3
530010,2041,544206.3
530010,2042,544206.3
530010,2043,544206.3
530010,2044,544206.3
530010,2045,544206.3
