AREAP,income_per_person
1100015001001,468.17
1100023003001,1055.02
1100023003002,583.98
1100023003003,512.1
1100023003004,639.08
1100031001001,459.25
1100049003001,381.01
1100049003002,533.33
1100049003003,918.6
1100049003004,747.34
1100056001001,585.0
1100064001001,571.19
1100072001001,436.34
1100080001001,428.35
1100098003001,527.05
1100106003001,742.99
1100106003002,405.68
1100114003001,502.93
1100114003002,571.35
1100122003001,950.41
1100122003002,720.56
1100122003003,685.86
1100122003004,549.21
1100122003005,474.42
1100122003006,888.12
1100130003001,545.57
1100130003002,286.81
1100148001001,422.55
1100155003001,621.89
1100155003002,618.23
1100189003001,802.96
1100189003002,557.12
1100205004001,545.65
1100205004002,525.62
1100205004003,641.71
1100205004004,733.93
1100205004005,658.26
1100205004006,597.87
1100205004007,1182.73
1100205004008,567.58
1100205004009,1026.41
1100205004010,860.78
1100205004011,785.83
1100205004012,462.99
1100205004013,610.43
1100205004014,1749.84
1100205004015,1220.73
1100205004016,1333.33
1100205004017,1257.63
1100205004018,1221.4
1100205004019,1452.19
1100205004020,430.89
1100205004021,794.67
1100205004022,631.98
1100254001001,498.87
1100262001001,478.01
1100288003001,540.6
1100288003002,669.51
1100296001001,494.41
1100304003001,675.94
1100304003002,507.64
1100304003003,1029.81
1100320001001,413.42
1100338001001,385.34
1100346001001,485.77
1100379001001,365.12
1100403001001,462.11
1100452003001,539.26
1100452003002,389.77
1100502001001,379.81
1100601001001,533.48
1100700001001,383.48
1100809001001,512.46
1100908001001,479.36
1100924001001,525.87
1100940001001,539.4
1101005001001,412.43
1101104001001,459.96
1101203001001,438.81
1101302001001,466.19
1101401001001,462.61
1101435001001,388.11
1101450001001,444.21
1101468001001,563.05
1101476001001,479.58
1101484001001,434.0
1101492001001,449.39
1101500001001,394.5
1101559001001,542.96
1101609001001,392.14
1101708001001,438.78
1101757001001,414.14
1101807001001,442.31
1200013001001,387.02
1200054001001,353.5
1200104001001,416.13
1200138001001,404.16
1200179001001,384.31
1200203003001,597.64
1200203003002,555.43
1200203003003,274.9
1200252001001,456.29
1200302001001,263.08
1200328001001,226.24
1200336001001,313.53
1200344001001,354.17
1200351001001,195.75
1200385001001,382.84
1200393001001,237.84
1200401005001,479.95
1200401005002,1418.75
1200401005003,605.01
1200401005004,940.2
1200401005005,915.05
1200401005006,467.1
1200401005007,509.83
1200401005008,391.5
1200427001001,223.44
1200435001001,252.91
1200450001001,462.21
1200500003001,383.95
1200609001001,302.85
1200708001001,392.91
1200807001001,311.91
1300029001001,228.15
1300060001001,198.92
1300086001001,264.74
1300102001001,266.02
1300144001001,375.88
1300201001001,194.52
1300300001001,284.81
1300409001001,229.71
1300508001001,199.63
1300607001001,247.36
1300631001001,246.76
1300680001001,205.65
1300706001001,303.16
1300805001001,213.53
1300839001001,272.98
1300904001001,243.41
1301001001001,266.44
1301100001001,240.03
1301159001001,240.16
1301209003001,225.16
1301209003002,462.9
1301308001001,260.54
1301407001001,262.31
1301506001001,225.41
1301605001001,232.8
1301654001001,220.52
1301704003001,485.77
1301704003002,265.45
1301803001001,195.53
1301852003001,355.33
1301852003002,375.09
1301902003001,300.19
1301902003002,279.78
1301902003003,523.58
1301951001001,164.72
1302009001001,338.41
1302108001001,287.48
1302207001001,251.69
1302306001001,229.45
1302405003001,241.96
1302504003001,417.3
1302504003002,284.2
1302504003003,394.78
1302553001001,255.24
1302603005001,406.4
1302603005002,391.11
1302603005003,536.86
1302603005004,572.41
1302603005005,693.12
1302603005006,419.12
1302603005007,679.12
1302603005008,2866.77
1302603005009,387.65
1302603005010,795.3
1302603005011,1227.5
1302603005012,1615.41
1302603005013,650.73
1302603005014,853.59
1302603005015,1608.17
1302603005016,689.4
1302603005017,688.72
1302603005018,847.05
1302603005019,604.99
1302603005020,640.91
1302603005021,1406.84
1302603005022,2009.97
1302603005023,390.19
1302603005024,483.65
1302603005025,379.05
1302603005026,457.72
1302603005027,516.4
1302603005028,356.53
1302603005029,364.02
1302603005030,543.77
1302603005031,627.39
1302603005032,399.54
1302603005033,753.63
1302702003001,324.53
1302702003002,290.32
1302801001001,212.38
1302900003001,256.67
1303007001001,208.06
1303106001001,247.29
1303205001001,298.31
1303304001001,255.75
1303403003001,467.84
1303403003002,387.16
1303403003003,226.67
1303502001001,217.73
1303536001001,467.79
1303569001001,367.79
1303601001001,152.13
1303700001001,183.74
1303809001001,320.19
1303908001001,184.17
1303957001001,263.0
1304005001001,279.07
1304062003001,334.05
1304104001001,234.86
1304203003001,430.85
1304203003002,389.08
1304237001001,182.61
1304260001001,248.0
1304302001001,290.78
1304401001001,261.92
1400027001001,190.84
1400050001001,214.46
1400100005001,426.39
1400100005002,348.29
1400100005003,476.03
1400100005004,465.97
1400100005005,718.69
1400100005006,1099.29
1400100005007,481.85
1400100005008,466.65
1400100005009,661.29
1400100005010,663.6
1400100005011,989.13
1400100005012,1566.96
1400100005013,1064.44
1400100005014,1922.33
1400159001001,297.44
1400175001001,337.42
1400209001001,368.46
1400233001001,396.26
1400282001001,270.66
1400308001001,386.16
1400407001001,256.29
1400456001001,378.89
1400472001001,351.03
1400506001001,397.34
1400605001001,365.52
1400704001001,214.16
1500107003001,208.02
1500107003002,263.72
1500107003003,152.22
1500107003004,341.4
1500107003005,450.3
1500131001001,410.42
1500206003001,199.97
1500206003002,231.58
1500305001001,178.62
1500347001001,360.91
1500404003001,328.23
1500404003002,170.67
1500503001001,482.65
1500602003001,365.08
1500602003002,469.6
1500602003003,391.03
1500602003004,663.74
1500602003005,562.08
1500701001001,230.75
1500800005001,472.99
1500800005002,369.21
1500800005003,643.01
1500800005004,794.68
1500800005005,909.37
1500800005006,849.16
1500800005007,501.07
1500800005008,496.67
1500800005009,399.63
1500800005010,392.14
1500800005011,466.7
1500800005012,392.26
1500800005013,325.51
1500859001001,303.42
1500909003001,223.94
1500909003002,131.07
1500958001001,207.7
1501006001001,193.04
1501105001001,195.8
1501204001001,237.57
1501253001001,435.31
1501303003001,552.59
1501303003002,381.42
1501303003003,339.59
1501402005001,2039.12
1501402005002,1929.97
1501402005003,580.72
1501402005004,540.07
1501402005005,363.43
1501402005006,914.83
1501402005007,857.76
1501402005008,781.98
1501402005009,949.3
1501402005010,641.72
1501402005011,1177.26
1501402005012,793.89
1501402005013,1446.09
1501402005014,1378.58
1501402005015,2809.56
1501402005016,1910.61
1501402005017,1178.04
1501402005018,811.1
1501402005019,416.5
1501402005020,484.64
1501402005021,571.78
1501402005022,419.62
1501402005023,382.18
1501402005024,388.98
1501402005025,603.35
1501402005026,597.06
1501402005027,360.78
1501402005028,448.83
1501402005029,524.02
1501402005030,428.52
1501402005031,520.28
1501402005032,918.67
1501402005033,412.45
1501402005034,747.71
1501402005035,566.3
1501402005036,369.74
1501402005037,441.94
1501402005038,469.55
1501402005039,454.46
1501402005040,437.54
1501402005041,558.12
1501402005042,403.95
1501402005043,482.75
1501402005044,361.27
1501451001001,280.56
1501501002001,420.13
1501501002002,375.19
1501576001001,350.16
1501600001001,240.4
1501709003001,319.58
1501709003002,248.8
1501709003003,387.81
1501709003004,311.67
1501725001001,424.67
1501758001001,320.65
1501782003001,326.29
1501782003002,204.34
1501808003001,389.88
1501808003002,145.65
1501808003003,264.42
1501907001001,218.55
1501956001001,163.03
1502004001001,215.12
1502103003001,262.7
1502103003002,151.35
1502103003003,322.29
1502103003004,150.75
1502152001001,542.26
1502202003001,442.1
1502202003002,362.78
1502301003001,308.03
1502301003002,182.5
1502400003001,391.64
1502400003002,606.99
1502400003003,268.59
1502400003004,324.68
1502400003005,386.48
1502400003006,581.99
1502400003007,693.97
1502400003008,360.85
1502509001001,183.51
1502608001001,259.52
1502707003001,319.13
1502707003002,480.06
1502756001001,265.08
1502764001001,421.89
1502772001001,355.25
1502806001001,223.66
1502855001001,200.86
1502905001001,245.29
1502939003001,293.5
1502939003002,384.2
1502954003001,317.65
1503002001001,223.61
1503044001001,341.83
1503077001001,229.65
1503093001001,326.92
1503101001001,221.02
1503200003001,286.68
1503200003002,278.48
1503309002001,250.45
1503309002002,158.3
1503408001001,274.62
1503457003001,273.61
1503457003002,181.51
1503507001001,241.12
1503606003001,478.31
1503606003002,572.1
1503606003003,431.0
1503606003004,334.2
1503705003001,301.43
1503705003002,258.71
1503754001001,319.89
1503804003001,272.07
1503804003002,363.19
1503903003001,312.55
1503903003002,230.17
1504000001001,182.64
1504059001001,353.05
1504109001001,363.62
1504208005001,605.19
1504208005002,597.51
1504208005003,380.79
1504208005004,264.97
1504307001001,231.21
1504406001001,311.76
1504422003001,354.59
1504422003002,367.36
1504422003003,414.24
1504455001001,392.24
1504505001001,167.66
1504604001001,234.76
1504703003001,292.39
1504703003002,237.2
1504802003001,307.84
1504802003002,227.91
1504901001001,237.29
1504950001001,201.77
1504976001001,328.28
1505007001001,290.29
1505031001001,609.72
1505064003001,248.92
1505064003002,355.44
1505106003001,372.46
1505106003002,180.54
1505205001001,202.27
1505304003001,438.68
1505304003002,253.19
1505403001001,277.07
1505437001001,474.39
1505486003001,250.36
1505486003002,256.3
1505494001001,314.01
1505502003001,510.59
1505502003002,455.11
1505502003003,597.65
1505502003004,312.53
1505536003001,825.66
1505536003002,463.44
1505536003003,488.1
1505536003004,557.53
1505536003005,753.03
1505536003006,736.24
1505536003007,599.47
1505551001001,302.32
1505601001001,261.33
1505635001001,334.6
1505650001001,255.0
1505700001001,237.11
1505809003001,310.13
1505809003002,162.06
1505908001001,192.64
1506005001001,199.55
1506104001001,260.58
1506112001001,260.12
1506138003001,385.01
1506138003002,673.61
1506138003003,554.58
1506161001001,499.3
1506187003001,306.81
1506187003002,375.19
1506195003001,179.68
1506195003002,304.32
1506203003001,432.03
1506302001001,317.82
1506351001001,325.2
1506401001001,179.09
1506500003001,335.82
1506500003002,429.5
1506559001001,232.86
1506583001001,329.07
1506609001001,324.06
1506708003001,423.0
1506708003002,298.01
1506807005001,614.19
1506807005002,757.87
1506807005003,354.45
1506807005004,507.75
1506807005005,496.64
1506807005006,272.95
1506807005007,361.5
1506807005008,201.21
1506807005009,154.95
1506807005010,231.04
1506807005011,308.28
1506906001001,233.51
1507003001001,324.67
1507102001001,272.63
1507151001001,334.6
1507201001001,197.58
1507300003001,387.27
1507300003002,365.69
1507300003003,355.86
1507300003004,394.79
1507409001001,338.31
1507458001001,368.52
1507466001001,231.82
1507474001001,254.59
1507508001001,259.65
1507607003001,343.52
1507607003002,298.84
1507706001001,220.88
1507755001001,464.52
1507805001001,251.24
1507904001001,340.55
1507953003001,242.53
1507953003002,358.92
1507961001001,270.88
1507979001001,303.36
1508001003001,304.85
1508001003002,420.77
1508035001001,217.9
1508050001001,357.68
1508084003001,428.0
1508084003002,594.68
1508100003001,293.1
1508100003002,442.67
1508100003003,729.86
1508100003004,533.58
1508126003001,331.06
1508159003001,404.64
1508159003002,384.14
1508209003001,387.93
1508209003002,299.02
1508308003001,160.32
1508308003002,187.67
1508357001001,288.15
1508407003001,391.65
1508407003002,562.45
1600055001001,549.75
1600105001001,451.09
1600154001001,445.97
1600204001001,424.62
1600212001001,357.13
1600238001001,516.16
1600253001001,279.39
1600279003001,436.23
1600303005001,546.76
1600303005002,766.66
1600303005003,860.17
1600303005004,839.37
1600303005005,551.95
1600303005006,692.42
1600303005007,622.89
1600303005008,1077.9
1600303005009,1205.56
1600303005010,1598.51
1600303005011,553.35
1600303005012,606.5
1600303005013,963.22
1600303005014,700.37
1600303005015,468.73
1600303005016,669.14
1600303005017,562.93
1600303005018,589.33
1600303005019,455.37
1600402001001,339.29
1600501001001,511.78
1600535001001,394.73
1600550001001,333.99
1600600003001,413.23
1600600003002,472.66
1600600003003,544.47
1600709001001,319.15
1600808001001,339.44
1700251001001,371.39
1700301001001,513.76
1700350001001,407.92
1700400001001,377.37
1700707001001,610.57
1701002001001,438.22
1701051001001,325.5
1701101001001,374.45
1701309001001,369.42
1701903001001,363.83
1702000001001,473.79
1702109003001,532.62
1702109003002,803.42
1702109003003,850.5
1702109003004,1668.78
1702109003005,525.63
1702109003006,646.71
1702109003007,493.43
1702158001001,372.27
1702208001001,379.56
1702307001001,477.09
1702406001001,449.45
1702554001001,396.67
1702703001001,438.02
1702901001001,360.66
1703008001001,326.42
1703057001001,401.3
1703073001001,276.09
1703107001001,402.06
1703206001001,391.73
1703305001001,501.8
1703602001001,502.85
1703701001001,419.18
1703800001001,288.58
1703826001001,307.65
1703842001001,278.55
1703867001001,470.37
1703883001001,497.7
1703891001001,279.78
1703909001001,441.98
1704105001001,319.27
1704600001001,377.66
1705102001001,360.66
1705508003001,634.34
1705508003002,506.11
1705557001001,508.74
1705607001001,347.27
1706001001001,342.37
1706100001001,544.35
1706258001001,413.86
1706506001001,339.18
1707009001001,573.11
1707108001001,483.51
1707207001001,352.62
1707306001001,583.52
1707405001001,221.8
1707553001001,457.4
1707652001001,590.5
1707702001001,356.14
1708205001001,451.72
1708254001001,424.28
1708304001001,356.28
1709005001001,277.8
1709302001001,632.56
1709500003001,929.86
1709500003002,652.58
1709500003003,1057.97
1709500003004,618.43
1709807001001,386.7
1710508001001,350.31
1710706001001,326.97
1710904001001,425.81
1711100001001,424.68
1711506001001,515.71
1711803001001,284.25
1711902001001,488.75
1711951001001,269.14
1712009001001,548.11
1712157001001,357.88
1712405001001,216.76
1712454001001,345.6
1712504001001,460.84
1712702001001,501.11
1712801001001,274.45
1713205001001,549.3
1713304001001,462.52
1713601001001,414.12
1713700001001,300.25
1713809001001,388.33
1713957001001,319.73
1714203001001,468.55
1714302001001,343.6
1714880001001,385.92
1715002001001,368.63
1715101001001,441.2
1715150001001,433.05
1715259001001,334.63
1715507001001,458.57
1715705001001,310.21
1715754001001,507.06
1716109003001,751.42
1716109003002,667.51
1716208001001,333.55
1716307001001,391.09
1716505001001,652.69
1716604001001,491.0
1716653001001,394.29
1716703001001,509.97
1717008001001,353.21
1717206001001,359.33
1717503001001,469.78
1717800001001,329.32
1717909001001,351.19
1718006001001,334.59
1718204003001,557.11
1718204003002,649.2
1718303001001,233.14
1718402001001,434.26
1718451001001,465.37
1718501001001,227.15
1718550001001,222.08
1718659001001,304.08
1718709001001,333.49
1718758001001,296.36
1718808001001,280.45
1718840001001,407.54
1718865001001,373.62
1718881001001,341.52
1718899001001,400.55
1718907001001,323.95
1719004001001,395.59
1720002001001,339.12
1720101001001,341.14
1720150001001,264.07
1720200001001,294.85
1720259001001,346.04
1720309001001,239.71
1720499001001,377.13
1720655001001,449.09
1720804001001,236.44
1720853001001,410.14
1720903001001,386.51
1720937001001,348.88
1720978001001,505.9
1721000005001,1827.15
1721000005002,701.25
1721000005003,2382.45
1721000005004,1187.3
1721000005005,1892.09
1721000005006,478.12
1721000005007,547.63
1721000005008,397.45
1721000005009,593.14
1721000005010,568.65
1721109001001,310.77
1721208001001,472.16
1721257001001,498.07
1721307001001,293.24
1722081001001,382.16
1722107001001,443.16
2100055003001,323.83
2100055003002,349.85
2100055003003,463.92
2100055003004,468.8
2100105001001,183.18
2100154001001,207.79
2100204001001,228.49
2100303001001,193.07
2100402001001,199.91
2100436001001,216.8
2100477001001,177.47
2100501001001,331.21
2100550001001,207.31
2100600003001,236.5
2100709001001,203.65
2100808001001,241.91
2100832001001,224.21
2100873001001,192.25
2100907003001,187.19
2100956001001,187.13
2101004001001,303.66
2101103001001,243.83
2101202003001,639.33
2101202003002,207.47
2101202003003,295.44
2101202003004,424.29
2101251001001,252.61
2101301001001,228.83
2101350001001,190.61
2101400003001,567.02
2101400003002,447.61
2101400003003,547.64
2101509001001,310.79
2101608003001,141.1
2101608003002,372.57
2101608003003,272.67
2101707003001,117.14
2101707003002,297.81
2101731001001,145.94
2101772001001,232.09
2101806001001,247.99
2101905001001,212.67
2101939001001,261.6
2101970001001,255.17
2102002003001,264.06
2102002003002,130.12
2102036001001,191.26
2102077001001,188.26
2102101001001,218.07
2102150001001,232.35
2102200001001,200.54
2102309001001,241.28
2102325003001,337.75
2102325003002,192.73
2102358001001,270.68
2102374001001,134.76
2102408001001,161.15
2102507001001,161.57
2102556001001,399.87
2102606001001,202.35
2102705001001,189.53
2102754001001,246.62
2102804001001,377.69
2102903001001,261.85
2103000003001,357.93
2103000003002,428.35
2103000003003,335.45
2103000003004,683.41
2103000003005,276.13
2103000003006,159.42
2103000003007,358.44
2103109001001,220.61
2103125001001,201.44
2103158001001,227.4
2103174001001,248.42
2103208003001,181.96
2103208003002,344.9
2103257001001,305.11
2103307003001,281.67
2103307003002,201.4
2103307003003,407.19
2103307003004,212.25
2103406003001,264.16
2103406003002,232.82
2103505003001,335.96
2103505003002,196.25
2103554001001,199.51
2103604003001,178.01
2103604003002,275.5
2103703003001,211.25
2103703003002,313.0
2103752001001,304.05
2103802001001,335.91
2103901001001,172.3
2104008001001,257.8
2104057003001,595.3
2104057003002,431.72
2104073001001,202.47
2104081001001,152.24
2104099001001,186.75
2104107001001,315.39
2104206001001,268.61
2104305001001,294.59
2104404001001,262.86
2104503001001,271.02
2104552001001,337.46
2104602001001,258.75
2104628001001,219.99
2104651001001,202.49
2104677001001,242.58
2104701001001,245.37
2104800003001,248.47
2104800003002,363.8
2104909001001,246.64
2105005001001,145.6
2105104001001,175.14
2105153001001,248.37
2105203001001,292.38
2105302004001,457.73
2105302004002,860.46
2105302004003,698.58
2105302004004,1072.63
2105302004005,365.73
2105302004006,567.46
2105302004007,727.41
2105302004008,529.47
2105302004009,504.57
2105302004010,513.51
2105302004011,701.32
2105302004012,541.74
2105351001001,167.84
2105401003001,332.47
2105401003002,186.88
2105427001001,329.93
2105450001001,217.98
2105476001001,148.89
2105500001001,327.85
2105609001001,236.23
2105658001001,254.47
2105708003001,328.78
2105708003002,241.16
2105807001001,205.75
2105906001001,208.06
2105922001001,215.65
2105948001001,274.0
2105963001001,154.15
2105989001001,274.66
2106003001001,309.4
2106102001001,244.4
2106201001001,249.65
2106300001001,207.61
2106326001001,288.7
2106359001001,108.14
2106375001001,195.44
2106409001001,200.9
2106508001001,240.1
2106607001001,215.02
2106631001001,168.43
2106672001001,174.29
2106706001001,170.61
2106755001001,264.88
2106805001001,266.23
2106904001001,191.67
2107001001001,268.85
2107100001001,184.55
2107209001001,179.14
2107258001001,238.66
2107308001001,294.25
2107357001001,249.94
2107407001001,254.64
2107456001001,201.28
2107506003001,451.67
2107506003002,323.67
2107506003003,610.92
2107506003004,421.09
2107605001001,175.58
2107704001001,270.05
2107803003001,306.36
2107803003002,186.66
2107902001001,242.0
2108009001001,271.64
2108058001001,180.14
2108108001001,238.25
2108207003001,438.0
2108207003002,374.74
2108256001001,175.81
2108306001001,223.39
2108405001001,203.74
2108454001001,203.93
2108504001001,300.86
2108603003001,199.71
2108603003002,366.08
2108603003003,368.63
2108702001001,244.22
2108801001001,206.55
2108900001001,266.65
2109007001001,495.18
2109056001001,225.59
2109106003001,475.56
2109106003002,278.93
2109205001001,156.93
2109239001001,209.32
2109270001001,197.43
2109304001001,184.99
2109403001001,156.13
2109452001001,291.07
2109502001001,264.03
2109551001001,354.07
2109601003001,199.49
2109601003002,343.05
2109700001001,272.07
2109759001001,163.14
2109809003001,248.01
2109809003002,252.04
2109908003001,273.3
2109908003002,511.64
2109908003003,424.45
2110005003001,176.29
2110005003002,158.17
2110005003003,313.95
2110039001001,312.08
2110104001001,214.25
2110203003001,262.93
2110237001001,170.73
2110278001001,147.42
2110302001001,268.3
2110401001001,175.89
2110500003001,310.98
2110500003002,144.89
2110609001001,231.92
2110658001001,276.37
2110708003001,300.78
2110708003002,211.85
2110807001001,328.23
2110856001001,287.22
2110906001001,191.11
2111003001001,187.82
2111029001001,201.17
2111052001001,281.1
2111078001001,196.11
2111102001001,373.89
2111201003001,360.78
2111201003002,326.63
2111201003003,316.3
2111201003004,334.49
2111201003005,385.16
2111201003006,569.78
2111201003007,606.04
2111250001001,180.45
2111300005001,761.69
2111300005002,504.91
2111300005003,493.41
2111300005004,627.19
2111300005005,523.34
2111300005006,629.88
2111300005007,1027.0
2111300005008,1583.98
2111300005009,1519.38
2111300005010,970.56
2111300005011,3086.78
2111300005012,594.46
2111300005013,1075.44
2111300005014,1063.34
2111300005015,699.74
2111300005016,642.49
2111300005017,548.59
2111300005018,412.81
2111300005019,376.06
2111300005020,355.75
2111300005021,322.55
2111300005022,427.13
2111300005023,318.36
2111300005024,301.92
2111300005025,367.58
2111300005026,493.66
2111300005027,621.31
2111300005028,413.1
2111300005029,339.08
2111409001001,201.54
2111508003001,306.74
2111508003002,281.43
2111532001001,316.35
2111573001001,307.99
2111607001001,314.13
2111631001001,178.08
2111672001001,177.22
2111706001001,189.9
2111722001001,156.86
2111748001001,232.93
2111763001001,288.02
2111789001001,154.73
2111805001001,212.85
2111904001001,236.27
2111953001001,231.15
2112001001001,296.09
2112100001001,185.63
2112209003001,328.51
2112209003002,409.7
2112209003003,473.77
2112209003004,295.99
2112209003005,590.19
2112209003006,305.85
2112209003007,282.98
2112233001001,282.93
2112274001001,218.86
2112308003001,307.3
2112308003002,169.64
2112407001001,189.45
2112456001001,194.27
2112506003001,189.52
2112506003002,299.1
2112605001001,208.37
2112704003001,97.54
2112704003002,218.83
2112803003001,354.44
2112803003002,204.75
2112852001001,289.7
2112902001001,262.97
2113009001001,262.05
2114007003001,195.96
2114007003002,331.64
2200053001001,215.6
2200103001001,258.09
2200202001001,351.73
2200251001001,237.05
2200277001001,286.77
2200301001001,263.57
2200400003001,409.31
2200400003002,255.33
2200459001001,244.03
2200509001001,303.01
2200608001001,329.65
2200707001001,275.95
2200806001001,332.74
2200905001001,274.89
2200954001001,218.25
2201002001001,234.63
2201051001001,153.86
2201101001001,272.32
2201150001001,286.83
2201176001001,238.81
2201200003001,191.17
2201200003002,327.88
2201309001001,277.55
2201408001001,359.4
2201507001001,238.54
2201556001001,237.19
2201572001001,241.81
2201606001001,275.13
2201705001001,329.27
2201739001001,192.23
2201770001001,253.51
2201804001001,366.61
2201903001001,471.49
2201919001001,234.99
2201929001001,247.18
2201945001001,303.05
2201960001001,302.95
2201988001001,223.86
2202000001001,248.22
2202026001001,243.93
2202059001001,239.14
2202075001001,250.62
2202083001001,243.39
2202091001001,268.82
2202109001001,243.58
2202117001001,218.51
2202133001001,258.81
2202174001001,216.21
2202208003001,373.28
2202208003002,424.17
2202251001001,251.33
2202307001001,311.33
2202406001001,278.05
2202455001001,215.41
2202505001001,236.96
2202539001001,170.29
2202554001001,203.62
2202604001001,294.03
2202653001001,206.27
2202703001001,221.03
2202711001001,255.71
2202729001001,201.91
2202737001001,281.84
2202752001001,319.92
2202778001001,293.24
2202802001001,277.2
2202851001001,233.02
2202901001001,393.11
2203008001001,223.82
2203107001001,350.21
2203206001001,318.46
2203230001001,196.4
2203255001001,221.01
2203271001001,219.21
2203305001001,329.73
2203354001001,279.39
2203404001001,317.55
2203420001001,247.57
2203453001001,222.87
2203503001001,292.76
2203602001001,344.17
2203701003001,216.81
2203701003002,380.39
2203750001001,218.63
2203800001001,249.47
2203859001001,258.02
2203909003001,471.48
2203909003002,572.66
2204006001001,221.65
2204105001001,280.88
2204154001001,316.47
2204204001001,345.08
2204303001001,365.99
2204352001001,248.06
2204402001001,292.77
2204501001001,467.09
2204550001001,169.78
2204600001001,231.94
2204659001001,254.95
2204709001001,283.95
2204808001001,300.09
2204907001001,204.05
2205003001001,255.34
2205102001001,334.66
2205151001001,219.19
2205201001001,266.72
2205250001001,229.86
2205276001001,240.24
2205300001001,301.15
2205359001001,220.88
2205409001001,178.52
2205458001001,196.1
2205508003001,248.0
2205508003002,312.09
2205516001001,243.3
2205524001001,218.98
2205532001001,209.79
2205540001001,244.98
2205557001001,247.05
2205565001001,180.61
2205573001001,201.14
2205581001001,272.68
2205599001001,212.27
2205607001001,295.59
2205706001001,257.28
2205805001001,271.56
2205854001001,170.7
2205904001001,239.65
2205953001001,354.02
2206001001001,333.72
2206050001001,208.5
2206100001001,228.75
2206209001001,203.48
2206308001001,346.06
2206357001001,185.33
2206407001001,269.44
2206506001001,303.71
2206605001001,242.54
2206654001001,193.6
2206670001001,237.13
2206696001001,173.99
2206704001001,228.95
2206720001001,263.91
2206753001001,252.74
2206803001001,223.41
2206902001001,279.13
2206951001001,226.62
2207009003001,204.51
2207009003002,465.68
2207108001001,268.13
2207207001001,240.44
2207306001001,254.94
2207355001001,265.8
2207405001001,266.84
2207504001001,239.68
2207553001001,211.9
2207603001001,254.41
2207702003001,631.64
2207702003002,468.12
2207702003003,467.64
2207702003004,496.46
2207702003005,332.41
2207751001001,328.0
2207777001001,237.14
2207793001001,164.18
2207801001001,308.24
2207850001001,218.08
2207900003001,350.68
2207900003002,203.92
2207934001001,194.53
2207959001001,214.9
2208007003001,814.92
2208007003002,364.78
2208007003003,527.78
2208106001001,246.99
2208205001001,257.64
2208304001001,302.59
2208403003001,262.55
2208403003002,570.86
2208403003003,258.84
2208502001001,252.24
2208551001001,259.88
2208601001001,248.12
2208650001001,206.16
2208700001001,273.16
2208809001001,288.43
2208858001001,178.62
2208874001001,205.49
2208908001001,291.83
2209005001001,249.05
2209104001001,307.33
2209153001001,230.32
2209203001001,259.56
2209302001001,268.98
2209351001001,248.98
2209377001001,269.79
2209401001001,363.18
2209450001001,263.95
2209500001001,275.22
2209559001001,217.11
2209609001001,332.09
2209658001001,176.5
2209708001001,274.16
2209757001001,251.75
2209807001001,241.65
2209856001001,243.35
2209872001001,233.18
2209906001001,249.35
2209955001001,241.76
2209971001001,200.85
2210003001001,335.86
2210052001001,241.28
2210102001001,237.33
2210201001001,303.51
2210300001001,364.39
2210359001001,301.46
2210375001001,223.31
2210383001001,249.93
2210391001001,225.34
2210409001001,206.66
2210508001001,268.81
2210607003001,242.95
2210607003002,527.75
2210623001001,197.53
2210631001001,226.8
2210656001001,233.01
2210706001001,300.13
2210805001001,364.28
2210904001001,238.74
2210938001001,274.88
2210953001001,205.0
2210979001001,283.2
2211001003001,1256.93
2211001003002,1032.81
2211001003003,423.64
2211001003004,303.43
2211001003005,798.76
2211001003006,406.48
2211001003007,456.48
2211001003008,490.28
2211001003009,862.84
2211001003010,793.33
2211001003011,679.86
2211001003012,1413.73
2211001003013,413.53
2211001003014,429.92
2211001003015,545.4
2211001003016,1828.26
2211100003001,207.34
2211100003002,284.76
2211209001001,411.2
2211308001001,380.03
2211357001001,205.54
2211407001001,271.79
2211506001001,186.25
2211605001001,234.43
2211704001001,212.36
2300101001001,245.39
2300150001001,279.54
2300200003001,218.77
2300200003002,266.96
2300309003001,378.85
2300309003002,202.41
2300408001001,215.86
2300507001001,270.56
2300606001001,255.65
2300705001001,276.78
2300754003001,162.25
2300754003002,237.91
2300804001001,239.55
2300903001001,232.35
2301000003001,271.88
2301000003002,319.59
2301000003003,428.73
2301109003001,312.31
2301109003002,330.77
2301109003003,360.34
2301208001001,251.08
2301257001001,222.78
2301307001001,214.01
2301406001001,236.22
2301505001001,282.81
2301604001001,261.7
2301703001001,263.31
2301802001001,284.86
2301851001001,243.56
2301901003001,322.91
2301901003002,460.11
2301950001001,259.32
2302008001001,273.43
2302057001001,204.43
2302107003001,234.24
2302107003002,359.41
2302206003001,343.52
2302206003002,228.66
2302305003001,230.9
2302404003001,292.75
2302404003002,200.86
2302503003001,484.87
2302503003002,270.76
2302602003001,358.8
2302602003002,189.41
2302701001001,292.74
2302800003001,167.69
2302800003002,237.28
2302800003003,359.23
2302909001001,216.31
2303006001001,229.03
2303105001001,244.32
2303204001001,255.1
2303303001001,253.12
2303402001001,249.23
2303501003001,244.88
2303501003002,375.84
2303501003003,314.37
2303600001001,250.25
2303659001001,251.76
2303709005010,432.42
2303709005012,310.28
2303709005017,396.75
2303709005019,539.95
2303709005030,355.65
2303709005036,333.45
2303709005041,620.94
2303709005043,326.72
2303709005046,237.46
2303709005047,403.23
2303709005048,492.89
2303709005049,281.58
2303709005053,377.38
2303709005054,344.37
2303808001001,286.42
2303907001001,218.92
2303931001001,178.31
2303956001001,284.32
2304004001001,222.41
2304103003001,422.74
2304103003002,297.87
2304103003003,529.72
2304103003004,198.73
2304202003001,248.75
2304202003002,553.2
2304202003003,303.26
2304202003004,342.18
2304202003005,536.08
2304202003006,657.72
2304236001001,190.79
2304251001001,272.22
2304269001001,242.28
2304277001001,257.73
2304285003001,579.31
2304285003002,626.38
2304301001001,249.15
2304350001001,317.15
2304400005002,2893.09
2304400005006,396.17
2304400005009,517.38
2304400005010,1064.87
2304400005011,1818.33
2304400005012,361.71
2304400005016,1590.9
2304400005017,409.7
2304400005018,764.37
2304400005019,960.64
2304400005022,1947.69
2304400005024,3654.86
2304400005027,2106.42
2304400005029,1093.54
2304400005033,948.3
2304400005034,938.5
2304400005035,886.99
2304400005037,573.22
2304400005039,484.9
2304400005040,576.05
2304400005041,423.77
2304400005044,417.68
2304400005045,508.31
2304400005048,423.83
2304400005049,1165.18
2304400005050,439.59
2304400005051,687.04
2304400005058,1880.66
2304400005061,418.19
2304400005062,876.19
2304400005063,556.24
2304400005064,897.17
2304400005065,646.2
2304400005072,348.6
2304400005073,432.97
2304400005074,343.46
2304400005076,441.98
2304400005078,339.11
2304400005079,428.94
2304400005081,608.27
2304400005083,495.83
2304400005084,604.16
2304400005088,613.71
2304400005089,612.68
2304400005090,324.55
2304400005094,608.41
2304400005098,508.38
2304400005101,659.12
2304400005103,747.9
2304400005105,680.73
2304400005106,422.05
2304400005107,638.62
2304400005109,639.1
2304400005116,359.93
2304400005118,244.49
2304459001001,278.17
2304509001001,280.54
2304608001001,262.63
2304657001001,205.8
2304707003001,144.85
2304707003002,221.75
2304806001001,230.88
2304905001001,312.28
2304954001001,247.41
2305001003001,194.54
2305001003002,329.22
2305100001001,311.42
2305209001001,264.94
2305233003001,343.1
2305233003002,346.43
2305266001001,210.51
2305308001001,285.75
2305332001001,207.94
2305357001001,296.94
2305407003001,409.39
2305407003002,204.81
2305506003001,229.37
2305506003002,741.17
2305506003003,285.9
2305506003004,430.24
2305506003005,578.95
2305506003006,329.8
2305605001001,276.26
2305654001001,210.48
2305704001001,315.24
2305803003001,362.03
2305803003002,255.33
2305902003001,279.93
2305902003002,178.49
2306009001001,322.45
2306108001001,212.89
2306207001001,309.65
2306256003001,335.03
2306256003002,269.79
2306306003001,192.42
2306306003002,328.01
2306405003001,376.17
2306405003002,181.63
2306405003003,321.95
2306405003004,166.01
2306405003005,325.53
2306504001001,210.62
2306553003001,204.65
2306553003002,239.04
2306603001001,201.66
2306702001001,248.74
2306801001001,313.29
2306900003001,233.61
2306900003002,376.44
2307007003001,244.71
2307007003002,329.43
2307106001001,248.99
2307205001001,294.94
2307254001001,355.39
2307304005000,289.89
2307304005001,611.85
2307304005003,529.12
2307304005012,324.04
2307304005014,365.38
2307304005015,493.22
2307304005016,360.78
2307304005018,260.68
2307304005019,398.46
2307304005022,520.24
2307304005029,973.88
2307304005032,521.01
2307304005035,373.48
2307403001001,255.97
2307502003001,220.93
2307502003002,291.0
2307601003001,504.08
2307601003002,329.38
2307635001001,234.7
2307650005004,394.99
2307650005005,417.28
2307650005006,378.01
2307650005009,450.84
2307650005010,435.41
2307650005014,327.45
2307650005020,346.22
2307650005029,347.11
2307650005033,405.25
2307650005038,396.05
2307650005045,291.13
2307700003001,218.09
2307700003002,395.72
2307700003003,390.24
2307700003004,338.65
2307700003005,249.28
2307809001001,292.88
2307908001001,219.07
2308005003001,317.52
2308005003002,203.68
2308104003001,279.92
2308104003002,209.97
2308203001001,302.95
2308302001001,288.07
2308351001001,282.7
2308377001001,192.8
2308401003001,300.78
2308401003002,327.32
2308500003001,213.08
2308500003002,287.15
2308609001001,236.03
2308708003001,263.03
2308708003002,298.99
2308807001001,203.08
2308906001001,213.13
2309003001001,254.38
2309102001001,242.05
2309201001001,259.39
2309300003001,426.82
2309300003002,227.52
2309409001001,215.67
2309458001001,219.99
2309508001001,296.7
2309607003001,378.98
2309607003002,331.7
2309706003001,332.81
2309706003002,358.02
2309706003003,303.35
2309805001001,284.28
2309904001001,277.79
2310001001001,289.38
2310100001001,275.42
2310209003001,349.89
2310209003002,299.51
2310258003001,291.53
2310308003001,242.82
2310308003002,199.15
2310407001001,220.66
2310506003001,324.2
2310506003002,214.41
2310605001001,285.37
2310704003001,286.21
2310704003002,259.85
2310803001001,221.69
2310852001001,333.66
2310902001001,245.33
2310951001001,207.68
2311009001001,230.37
2311108001001,252.49
2311207001001,246.49
2311231001001,237.29
2311264001001,213.34
2311306003001,457.07
2311306003002,209.84
2311306003003,386.72
2311355001001,249.35
2311405003001,401.06
2311405003002,343.35
2311405003003,215.77
2311504001001,277.97
2311603001001,286.99
2311702001001,257.63
2311801003001,395.17
2311801003002,300.43
2311801003003,434.38
2311900001001,239.35
2311959001001,198.8
2312007001001,200.99
2312106001001,229.02
2312205003001,209.5
2312205003002,275.33
2312304003001,268.29
2312304003002,330.35
2312403003001,353.02
2312403003002,282.12
2312502001001,342.74
2312601001001,269.83
2312700001001,304.08
2312809001001,232.24
2312908003001,349.49
2312908003002,607.56
2312908003003,360.25
2312908003004,906.17
2312908003005,684.83
2312908003006,264.19
2312908003007,219.08
2312908003008,243.29
2312908003009,357.13
2313005001001,284.69
2313104003001,494.34
2313104003002,274.79
2313203001001,222.47
2313252001001,238.59
2313302003001,221.69
2313302003002,351.1
2313351001001,228.99
2313401003001,251.16
2313401003002,359.72
2313401003003,355.85
2313500003001,223.55
2313500003002,238.78
2313559001001,208.27
2313609003001,329.7
2313708001001,254.93
2313757001001,216.52
2313807001001,260.72
2313906001001,207.47
2313955001001,287.3
2314003003001,346.83
2314003003002,239.51
2314102003001,265.41
2314102003002,171.61
2400109001001,414.08
2400208003001,287.94
2400208003002,533.9
2400307001001,274.45
2400406001001,242.55
2400505001001,319.16
2400604001001,311.05
2400703001001,449.07
2400802001001,349.93
2400901001001,266.73
2401008003001,392.58
2401008003002,247.0
2401107001001,434.72
2401206001001,305.42
2401305001001,331.51
2401404001001,335.51
2401453001001,285.86
2401503001001,307.54
2401602001001,265.13
2401651001001,281.35
2401701001001,308.02
2401800001001,321.66
2401859001001,283.18
2401909001001,275.33
2402006003001,621.48
2402006003002,366.08
2402006003003,688.18
2402105001001,270.3
2402204001001,297.18
2402303001001,331.53
2402402001001,432.05
2402501001001,296.04
2402600003001,416.66
2402600003002,448.31
2402600003003,247.82
2402709001001,300.98
2402808001001,274.24
2402907001001,245.84
2403004001001,382.4
2403103003001,555.25
2403103003002,390.87
2403202001001,260.39
2403251005001,614.31
2403251005002,638.99
2403251005003,950.76
2403251005004,569.98
2403251005005,451.19
2403251005006,567.43
2403251005007,1284.8
2403251005008,1316.4
2403251005009,1755.81
2403251005010,368.75
2403251005011,976.15
2403301001001,311.32
2403400001001,298.77
2403509001001,266.82
2403608001001,411.58
2403707001001,333.3
2403756001001,280.34
2403806001001,352.37
2403905001001,318.91
2404002001001,295.17
2404101001001,337.17
2404200001001,339.16
2404309001001,294.06
2404408001001,365.12
2404507001001,409.93
2404606001001,236.09
2404705001001,299.0
2404804001001,426.75
2404853001001,334.45
2404903001001,317.3
2405009001001,284.07
2405108001001,264.12
2405207001001,310.41
2405306001001,229.64
2405405001001,234.84
2405504001001,257.74
2405603001001,323.16
2405702001001,426.94
2405801003001,319.23
2405900001001,183.77
2406007001001,328.43
2406106001001,316.25
2406155001001,312.0
2406205001001,288.38
2406304001001,245.67
2406403001001,289.17
2406502001001,246.82
2406601001001,256.44
2406700001001,332.48
2406809001001,287.97
2406908001001,353.88
2407005001001,274.64
2407104003001,428.61
2407104003002,307.51
2407203003001,367.27
2407203003002,531.58
2407252001001,298.05
2407302001001,282.69
2407401001001,314.65
2407500001001,320.51
2407609001001,363.65
2407708001001,265.86
2407807001001,284.43
2407906001001,308.65
2408003005001,923.45
2408003005002,499.93
2408003005003,620.85
2408003005004,695.1
2408003005005,481.26
2408003005006,350.34
2408003005007,794.26
2408003005008,473.89
2408003005009,908.26
2408003005010,726.35
2408003005011,577.19
2408003005012,508.66
2408003005013,269.85
2408102004001,2249.58
2408102004002,318.42
2408102004003,318.64
2408102004004,1054.25
2408102004005,436.29
2408102004006,1843.5
2408102004007,1219.14
2408102004008,478.2
2408102004009,487.73
2408102004010,392.03
2408102004011,1846.34
2408102004012,1887.83
2408102004013,1044.16
2408102004014,496.27
2408102004015,623.4
2408102004016,441.73
2408102004017,2433.44
2408102004018,751.71
2408102004019,483.75
2408102004020,524.1
2408102004021,502.05
2408102004022,456.08
2408102004023,513.64
2408201001001,346.71
2408300003001,337.49
2408300003002,269.95
2408409001001,293.11
2408508001001,361.74
2408607001001,228.15
2408706001001,351.1
2408805001001,260.55
2408904001001,397.55
2408953001001,274.59
2409100001001,286.4
2409209001001,293.32
2409308001001,330.5
2409332001001,276.57
2409407003001,505.08
2409506001001,247.27
2409605001001,249.65
2409704001001,318.91
2409803001001,279.59
2409902001001,353.3
2410009001001,299.51
2410108001001,285.52
2410207001001,313.56
2410256001001,271.56
2410306001001,259.87
2410405001001,220.99
2410504001001,337.15
2410603001001,315.61
2410702001001,279.11
2410801001001,274.22
2410900001001,283.88
2411007001001,290.25
2411056001001,366.92
2411106001001,272.55
2411205003001,316.39
2411205003002,370.19
2411403001001,259.32
2411429001001,368.58
2411502001001,316.3
2411601001001,267.73
2411700001001,245.75
2411809001001,338.03
2411908001001,327.82
2412005003001,365.31
2412005003002,468.73
2412005003003,381.44
2412005003004,357.7
2412104001001,391.6
2412203003001,380.26
2412203003002,284.02
2412302001001,281.95
2412401001001,449.72
2412500001001,281.66
2412559001001,270.47
2412609001001,330.86
2412708001001,317.71
2412807001001,295.88
2412906001001,281.62
2413003001001,332.81
2413102001001,232.29
2413201001001,289.2
2413300001001,250.61
2413359001001,292.14
2413409001001,328.97
2413508001001,267.6
2413557001001,282.86
2413607001001,295.32
2413706001001,258.58
2413805001001,300.99
2413904001001,272.93
2414001001001,283.15
2414100001001,291.81
2414159001001,286.07
2414209001001,456.75
2414308001001,391.87
2414407001001,278.91
2414456001001,295.39
2414506001001,319.89
2414605001001,252.96
2414704001001,316.42
2414753001001,205.67
2414803001001,287.44
2414902001001,280.4
2415008001001,303.46
2500106001001,277.58
2500205001001,362.9
2500304003001,280.49
2500403001001,270.52
2500502001001,308.54
2500536001001,274.75
2500577001001,234.32
2500601001001,267.98
2500700001001,319.46
2500734001001,260.27
2500775001001,283.31
2500809001001,241.69
2500908001001,295.7
2501005001001,253.98
2501104001001,334.97
2501153001001,291.85
2501203001001,304.7
2501302001001,235.86
2501351001001,329.48
2501401001001,243.72
2501500001001,273.96
2501534001001,238.77
2501575001001,245.23
2501609001001,253.23
2501708001001,303.3
2501807003001,354.6
2501807003002,272.53
2501807003003,373.22
2501807003004,390.91
2501906001001,333.06
2502003001001,251.38
2502052001001,233.63
2502102001001,285.06
2502151001001,350.85
2502201001001,318.6
2502300001001,301.18
2502409001001,293.85
2502508001001,338.21
2502607001001,278.85
2502706001001,279.57
2502805001001,320.58
2502904001001,310.25
2503001001001,288.31
2503100001001,315.77
2503209003001,463.2
2503209003002,1557.64
2503209003003,547.13
2503308001001,286.22
2503407001001,281.48
2503506001001,264.35
2503555001001,214.21
2503605001001,305.05
2503704003001,450.67
2503704003002,303.63
2503704003003,631.98
2503753001001,232.81
2503803001001,295.3
2503902001001,263.41
2504009005001,1202.06
2504009005002,1113.3
2504009005003,499.38
2504009005004,860.19
2504009005005,1138.47
2504009005006,404.87
2504009005007,344.71
2504009005008,642.84
2504009005009,438.09
2504009005010,509.85
2504009005011,655.72
2504009005012,1125.81
2504009005013,476.75
2504009005014,651.63
2504009005015,590.67
2504009005016,633.78
2504009005017,394.77
2504009005018,392.39
2504009005019,388.29
2504009005020,294.18
2504009005021,292.03
2504033001001,226.72
2504074001001,318.53
2504108001001,240.64
2504157001001,201.89
2504207001001,276.85
2504306003001,308.04
2504306003002,481.75
2504355001001,325.52
2504405001001,298.01
2504504001001,312.97
2504603001001,310.63
2504702001001,278.51
2504801001001,308.6
2504850001001,348.73
2504900001001,233.24
2505006001001,274.93
2505105001001,319.4
2505204001001,280.83
2505238001001,248.99
2505279001001,225.49
2505303001001,317.12
2505352001001,222.16
2505402001001,271.74
2505501001001,284.92
2505600001001,259.36
2505709001001,224.74
2505808001001,277.37
2505907001001,281.17
2506004003001,255.17
2506004003002,394.34
2506103001001,268.23
2506202001001,362.36
2506251001001,206.82
2506301003001,281.21
2506301003002,495.46
2506301003003,450.78
2506400001001,252.22
2506509001001,316.48
2506608001001,262.13
2506707001001,240.1
2506806001001,296.26
2506905001001,330.24
2507002001001,373.12
2507101001001,256.96
2507200001001,271.11
2507309001001,267.94
2507408001001,334.17
2507507005001,2183.34
2507507005002,2520.0
2507507005003,531.49
2507507005004,429.23
2507507005005,599.73
2507507005006,339.28
2507507005007,630.04
2507507005008,400.0
2507507005009,369.84
2507507005010,752.88
2507507005011,1506.49
2507507005012,1094.13
2507606001001,281.99
2507705001001,281.78
2507804001001,289.16
2507903001001,252.87
2508000001001,258.67
2508109001001,232.65
2508208001001,263.79
2508307001001,362.37
2508406001001,249.12
2508505001001,237.93
2508554001001,259.96
2508604001001,280.07
2508703001001,241.95
2508802001001,349.48
2508901003001,365.79
2508901003002,257.64
2509008001001,234.83
2509057001001,214.3
2509107001001,246.82
2509156001001,301.02
2509206001001,279.72
2509305001001,249.3
2509339001001,222.67
2509370001001,281.58
2509396001001,256.18
2509404001001,235.31
2509503001001,287.7
2509602001001,277.74
2509701003001,413.68
2509701003002,318.41
2509800001001,268.26
2509909001001,208.82
2510006001001,234.49
2510105001001,289.26
2510204001001,271.26
2510303001001,301.25
2510402001001,225.38
2510501001001,256.67
2510600001001,326.05
2510659001001,334.26
2510709001001,299.52
2510808003001,277.84
2510808003002,357.69
2510808003003,607.94
2510808003004,470.28
2510808003005,689.54
2510907001001,294.82
2511004001001,238.97
2511103001001,277.44
2511202001001,266.63
2511301001001,337.89
2511400001001,316.88
2511509001001,253.61
2511608001001,277.1
2511707001001,230.7
2511806001001,283.39
2511905001001,243.46
2512002001001,291.24
2512036001001,224.24
2512077001001,301.76
2512101003001,229.84
2512101003002,513.92
2512200001001,319.4
2512309001001,334.92
2512408001001,297.65
2512507003001,311.63
2512507003002,301.87
2512606001001,286.94
2512705001001,375.83
2512721001001,237.4
2512747001001,219.52
2512754001001,295.19
2512762001001,250.35
2512788001001,309.07
2512804001001,240.83
2512903001001,300.91
2513000001001,251.04
2513109001001,244.74
2513158001001,226.6
2513208001001,309.91
2513307001001,287.63
2513356001001,220.62
2513406001001,377.32
2513505001001,179.89
2513604001001,292.61
2513653001001,277.66
2513703003001,260.8
2513703003002,389.84
2513703003003,321.33
2513703003004,470.3
2513703003005,359.39
2513703003006,257.43
2513802001001,299.92
2513851001001,327.64
2513901003001,318.96
2513927001001,296.71
2513943001001,350.53
2513968001001,269.17
2513984001001,276.46
2514008001001,358.19
2514107001001,243.43
2514206001001,249.43
2514305001001,275.85
2514404001001,290.15
2514453001001,228.26
2514503001001,328.85
2514552001001,252.91
2514602001001,265.74
2514651001001,263.22
2514701001001,336.22
2514800001001,262.98
2514909001001,360.59
2515005001001,224.36
2515104001001,289.9
2515203001001,298.88
2515302003001,219.73
2515302003002,316.54
2515401001001,237.36
2515500001001,334.11
2515609001001,295.04
2515708001001,259.47
2515807001001,279.78
2515906001001,239.17
2515930001001,279.13
2515971001001,220.44
2516003001001,307.68
2516102001001,343.32
2516151001001,327.43
2516201003001,615.95
2516201003002,524.28
2516201003003,278.43
2516300001001,355.83
2516409001001,220.85
2516508001001,276.21
2516607001001,278.04
2516706001001,306.78
2516755001001,281.02
2516805001001,311.32
2516904001001,365.45
2517001001001,272.56
2517100001001,420.72
2517209001001,248.93
2517407001001,299.01
2600054003001,347.15
2600054003002,394.71
2600054003003,293.11
2600054003004,400.3
2600054003005,439.68
2600104003001,279.02
2600104003002,427.4
2600203001001,262.56
2600302001001,286.23
2600401001001,217.49
2600500003001,258.23
2600500003002,230.42
2600609001001,291.08
2600708003001,322.25
2600708003002,231.89
2600807001001,278.09
2600906001001,282.49
2601003001001,279.24
2601052001001,256.46
2601102003001,582.0
2601102003002,309.37
2601102003003,211.65
2601201003001,390.63
2601201003002,623.2
2601201003003,320.69
2601300001001,289.95
2601409003001,321.84
2601409003002,221.91
2601508001001,246.5
2601607001001,294.46
2601706003001,529.0
2601706003002,474.36
2601706003003,242.62
2601805001001,242.89
2601904003001,474.58
2601904003002,331.5
2601904003003,288.29
2602001003001,333.39
2602001003002,182.81
2602100003001,353.24
2602100003002,254.38
2602209003001,239.71
2602209003002,277.55
2602308003001,337.34
2602308003002,222.48
2602407001001,259.55
2602506001001,273.61
2602605003001,344.88
2602605003002,256.92
2602704001001,268.43
2602803003001,268.67
2602803003002,170.47
2602902003001,365.77
2602902003002,590.01
2602902003003,525.48
2602902003004,355.36
2602902003005,506.71
2602902003006,295.59
2602902003007,276.68
2602902003008,541.64
2603009001001,287.7
2603108001001,307.88
2603207001001,199.97
2603306001001,225.16
2603405001001,311.59
2603454003001,351.87
2603454003002,840.74
2603454003003,460.02
2603454003004,331.24
2603454003005,433.14
2603454003006,455.75
2603454003007,392.72
2603504001001,295.51
2603603001001,291.52
2603702001001,238.46
2603801001001,236.35
2603900001001,251.17
2603926001001,205.25
2604007003001,293.01
2604007003002,402.41
2604007003003,463.21
2604106003001,784.39
2604106003002,504.88
2604106003003,528.54
2604106003004,242.93
2604106003005,311.28
2604106003006,264.77
2604106003007,541.5
2604106003008,1470.92
2604106003009,374.21
2604106003010,478.33
2604106003011,517.72
2604106003012,523.38
2604155001001,229.54
2604205003001,326.59
2604205003002,239.78
2604304001001,264.01
2604403001001,253.6
2604502001001,332.78
2604601001001,282.7
2604700001001,266.3
2604809001001,251.82
2604908002001,296.97
2604908002002,250.69
2605004001001,309.38
2605103003001,408.09
2605103003002,283.49
2605152001001,291.39
2605202003001,322.43
2605202003002,311.24
2605301003001,273.5
2605301003002,218.19
2605400001001,287.75
2605459001001,1186.69
2605509001001,307.52
2605608001001,262.77
2605707001001,333.29
2605806002001,322.45
2605806002002,277.87
2605905001001,254.8
2606002003001,352.89
2606002003002,960.03
2606002003003,312.21
2606002003004,236.09
2606002003005,883.54
2606002003006,412.92
2606002003007,416.21
2606101003001,264.86
2606200003001,270.38
2606200003002,515.35
2606200003003,260.87
2606309001001,253.5
2606408003001,483.15
2606408003002,261.68
2606408003003,323.08
2606408003004,494.76
2606507001001,223.36
2606606001001,241.19
2606705001001,264.74
2606804003001,379.57
2606804003002,370.39
2606804003003,413.11
2606804003004,335.79
2606804003005,384.71
2606903001001,290.97
2607000001001,206.27
2607109001001,277.67
2607208003001,258.61
2607208003002,325.06
2607208003003,419.31
2607307001001,259.15
2607406001001,310.85
2607505001001,217.09
2607604001001,381.48
2607653003001,264.39
2607653003002,284.58
2607703001001,334.43
2607752001001,288.56
2607802001001,304.92
2607901005001,454.2
2607901005002,370.02
2607901005003,1848.53
2607901005004,649.47
2607901005005,363.54
2607901005006,471.36
2607901005007,355.24
2607901005008,382.93
2607901005009,371.05
2607901005010,357.51
2607901005011,338.55
2607901005012,388.63
2607901005013,1949.28
2607901005014,699.28
2607901005015,400.46
2607901005016,355.72
2607901005017,381.5
2607950001001,226.08
2608008001001,262.7
2608057001001,349.63
2608107003001,216.58
2608107003002,368.91
2608206001001,278.66
2608255001001,223.05
2608305001001,274.17
2608404001001,233.89
2608453001001,296.52
2608503001001,271.35
2608602001001,231.25
2608701001001,254.27
2608750001001,279.0
2608800003001,348.24
2608800003002,323.28
2608909003001,476.27
2608909003002,293.61
2609006001001,289.6
2609105001001,254.96
2609154001001,176.15
2609204001001,226.32
2609303001001,229.35
2609402003001,374.75
2609402003002,281.06
2609501003001,381.41
2609501003002,333.44
2609600005001,321.91
2609600005002,320.43
2609600005003,328.55
2609600005004,349.32
2609600005005,501.6
2609600005006,464.19
2609600005007,562.17
2609600005008,584.39
2609600005009,508.1
2609600005010,2032.2
2609600005011,910.04
2609600005012,638.66
2609600005013,393.74
2609600005014,396.42
2609600005015,646.83
2609709001001,243.19
2609808001001,218.18
2609907003001,197.19
2609907003002,339.91
2610004003001,389.73
2610004003002,257.43
2610103001001,257.52
2610202001001,243.22
2610301001001,220.16
2610400001001,278.95
2610509003001,271.08
2610608003001,290.66
2610608003002,407.7
2610707003001,768.68
2610707003002,456.99
2610707003003,535.05
2610707003004,457.25
2610707003005,442.63
2610707003006,1055.36
2610707003007,586.64
2610707003008,650.75
2610707003009,459.14
2610707003010,470.44
2610707003011,424.73
2610707003012,481.68
2610707003013,411.95
2610806001001,262.55
2610905003001,199.46
2610905003002,353.29
2610905003003,395.41
2611002003001,452.15
2611002003002,254.71
2611101003001,572.08
2611101003002,1444.25
2611101003003,302.44
2611101003004,791.48
2611101003005,563.37
2611101003006,300.0
2611101003007,1228.66
2611101003008,253.55
2611101003009,291.43
2611101003010,316.92
2611101003011,457.24
2611101003012,367.48
2611101003013,502.0
2611101003014,491.97
2611200001001,243.13
2611309001001,299.65
2611408001001,298.88
2611507001001,231.05
2611533001001,225.83
2611606005001,368.07
2611606005002,1016.05
2611606005003,1255.77
2611606005004,574.57
2611606005005,391.95
2611606005006,606.14
2611606005007,352.86
2611606005008,315.81
2611606005009,3225.97
2611606005010,3102.06
2611606005011,1427.45
2611606005012,2164.46
2611606005013,365.6
2611606005014,396.13
2611606005015,307.42
2611606005016,431.47
2611606005017,338.15
2611606005018,1973.09
2611606005019,1340.34
2611606005020,992.83
2611606005021,505.34
2611606005022,726.25
2611606005023,858.94
2611606005024,468.51
2611606005025,540.92
2611606005026,590.23
2611606005027,573.05
2611606005028,689.97
2611606005029,504.25
2611606005030,441.67
2611606005031,710.59
2611606005032,3727.01
2611606005033,2366.65
2611606005034,2021.76
2611606005035,736.3
2611606005036,804.35
2611606005037,448.86
2611606005038,399.72
2611606005039,435.34
2611606005040,354.3
2611705001001,314.39
2611804003001,333.13
2611804003002,298.18
2611903001001,311.59
2612000001001,317.52
2612109001001,210.65
2612208003001,534.17
2612208003002,346.74
2612307001001,299.35
2612406001001,296.6
2612455001001,222.29
2612471001001,283.4
2612505003001,475.13
2612505003002,595.92
2612505003003,497.81
2612505003004,426.27
2612554001001,211.9
2612604003001,340.92
2612604003002,198.12
2612703001001,303.78
2612802001001,267.98
2612901001001,208.21
2613008003001,251.09
2613008003002,318.38
2613107003001,433.15
2613107003002,243.37
2613206001001,252.21
2613305001001,243.24
2613404001001,320.68
2613503003001,282.67
2613602003001,491.6
2613602003002,248.07
2613701003001,322.36
2613701003002,412.44
2613701003003,273.7
2613701003004,343.77
2613701003005,383.07
2613800001001,264.63
2613909003001,196.19
2613909003002,373.27
2613909003003,569.65
2614006001001,245.39
2614105003001,250.46
2614105003002,396.84
2614204003001,317.23
2614204003002,274.44
2614303001001,228.05
2614402001001,246.79
2614501003001,254.6
2614501003002,333.67
2614501003003,459.29
2614600001001,307.07
2614709001001,250.56
2614808001001,228.05
2614857001001,291.85
2615003001001,422.47
2615102001001,232.29
2615201001001,242.2
2615300003001,251.8
2615300003002,393.5
2615409003001,479.57
2615409003002,468.32
2615508001001,278.38
2615607001001,334.49
2615706001001,394.54
2615805001001,193.35
2615904001001,361.7
2616001001001,272.17
2616100001001,287.83
2616183001001,250.07
2616209001001,370.78
2616308001001,256.36
2616407003001,445.81
2616407003002,268.29
2616407003003,287.6
2616407003004,607.76
2616407003005,288.9
2616407003006,405.58
2616506001001,244.04
2700102001001,240.13
2700201001001,257.29
2700300004001,325.85
2700300004002,444.0
2700300004003,610.27
2700300004004,495.08
2700300004005,544.26
2700300004006,496.82
2700300004007,598.13
2700300004008,400.77
2700300004009,310.01
2700300004010,293.41
2700300004011,459.34
2700300004012,236.58
2700409003001,323.13
2700409003002,205.08
2700508001001,262.03
2700607001001,417.25
2700706001001,306.66
2700805001001,302.92
2700904001001,193.08
2701001001001,282.56
2701100001001,214.87
2701209001001,266.62
2701308001001,261.67
2701357001001,286.82
2701407003001,221.77
2701407003002,238.51
2701506001001,202.33
2701605001001,209.66
2701704001001,292.19
2701803001001,223.17
2701902001001,252.5
2702009001001,226.52
2702108001001,264.26
2702207001001,307.65
2702306003001,380.06
2702306003002,270.64
2702355001001,201.77
2702405003001,285.87
2702405003002,420.12
2702504001001,211.58
2702553001001,226.83
2702603001001,208.35
2702702001001,244.71
2702801001001,250.3
2702900003001,133.73
2702900003002,220.96
2703007001001,223.85
2703106001001,245.85
2703205001001,215.6
2703304001001,189.05
2703403001001,272.98
2703502001001,242.76
2703601001001,278.13
2703700001001,228.81
2703759001001,251.35
2703809001001,213.1
2703908001001,276.87
2704005001001,284.3
2704104001001,223.65
2704203001001,224.0
2704302004001,453.8
2704302004002,319.4
2704302004003,2699.32
2704302004004,393.89
2704302004005,253.14
2704302004006,457.2
2704302004007,459.5
2704302004008,462.4
2704302004009,410.2
2704302004010,1871.75
2704302004011,1991.09
2704302004012,382.06
2704302004013,515.85
2704302004014,708.82
2704302004015,980.59
2704302004016,796.08
2704302004017,1425.94
2704302004018,1124.47
2704302004019,840.07
2704302004020,634.29
2704302004021,432.87
2704302004022,466.8
2704401001001,280.12
2704500001001,269.48
2704609001001,235.51
2704708003001,295.38
2704708003002,491.26
2704807001001,313.66
2704906001001,281.38
2705002001001,206.33
2705101001001,243.56
2705200001001,289.87
2705309001001,256.67
2705408001001,215.78
2705507001001,247.93
2705606001001,251.36
2705705001001,305.25
2705804001001,248.44
2705903001001,188.58
2706000001001,208.65
2706109001001,262.82
2706208001001,192.37
2706307003001,300.34
2706307003002,364.74
2706307003003,460.0
2706406001001,251.33
2706422001001,248.41
2706448001001,372.19
2706505001001,224.96
2706604001001,274.28
2706703003001,372.37
2706703003002,339.52
2706802001001,242.17
2706901003001,293.35
2706901003002,322.06
2707008001001,284.05
2707107001001,299.93
2707206001001,170.34
2707305001001,282.34
2707404001001,262.4
2707503001001,210.23
2707602001001,251.55
2707701003001,391.47
2707701003002,312.61
2707701003003,384.05
2707800001001,228.63
2707909001001,343.67
2708006003001,298.55
2708006003002,296.97
2708105001001,209.01
2708204001001,224.39
2708303001001,294.2
2708402001001,197.64
2708501001001,257.24
2708600003001,399.74
2708600003002,391.65
2708709001001,282.73
2708808003001,220.54
2708907001001,380.76
2708956001001,189.72
2709004001001,239.33
2709103001001,244.15
2709152003001,278.57
2709152003002,245.75
2709202001001,186.52
2709301003001,418.56
2709301003002,298.77
2709301003003,252.52
2709400001001,272.8
2800100001001,325.14
2800209001001,304.41
2800308005001,972.61
2800308005002,296.93
2800308005003,715.46
2800308005004,1146.68
2800308005005,1315.2
2800308005006,1324.49
2800308005007,2967.05
2800308005008,1539.04
2800308005009,1001.19
2800308005010,1272.07
2800308005011,393.3
2800308005012,592.12
2800308005013,399.43
2800308005014,458.1
2800308005015,382.09
2800308005016,514.64
2800407001001,276.46
2800506001001,321.48
2800605001001,431.23
2800670001001,324.22
2800704001001,219.63
2801009001001,388.6
2801108001001,266.22
2801207001001,284.68
2801306003001,293.47
2801405001001,315.8
2801504001001,389.4
2801603001001,356.21
2801702001001,264.95
2801900001001,317.73
2802007001001,334.88
2802106003001,271.85
2802106003002,363.64
2802106003003,516.76
2802205001001,276.27
2802304001001,388.64
2802403001001,241.68
2802502001001,348.1
2802601001001,276.33
2802700001001,209.23
2802809001001,253.02
2802908003001,536.74
2802908003002,327.49
2802908003003,326.66
2802908003004,515.75
2803005003001,382.38
2803005003002,218.8
2803104001001,308.43
2803203003001,291.79
2803203003002,250.51
2803302001001,329.73
2803401001001,293.98
2803500003001,260.87
2803500003002,381.76
2803500003003,419.95
2803500003004,425.8
2803500003005,340.81
2803609001001,295.04
2803708001001,306.33
2803807001001,279.86
2803906001001,308.93
2804003001001,333.68
2804102001001,340.13
2804201001001,230.12
2804300001001,307.72
2804409001001,315.41
2804458001001,282.69
2804508003001,340.65
2804607001001,316.85
2804706001001,290.95
2804805003001,361.61
2804805003002,478.59
2804805003003,514.77
2804805003004,375.96
2804805003005,426.22
2804805003006,419.4
2804805003007,266.88
2804805003008,332.76
2804904001001,219.43
2805000001001,336.51
2805109001001,261.83
2805208001001,316.21
2805307001001,273.05
2805406001001,211.68
2805505001001,278.96
2805604001001,244.68
2805703001001,411.03
2805802001001,228.77
2805901001001,320.72
2806008001001,364.36
2806107001001,374.99
2806206001001,320.47
2806305001001,201.12
2806404001001,256.58
2806503001001,255.98
2806602001001,369.81
2806701003001,428.89
2806701003002,371.87
2806701003003,381.92
2806701003004,509.86
2806800001001,316.59
2806909001001,309.86
2807006001001,310.69
2807105003001,291.26
2807105003002,329.91
2807204001001,301.82
2807303001001,269.3
2807402003001,313.48
2807402003002,368.43
2807501001001,235.79
2807600001001,297.55
2900108001001,313.58
2900207001001,222.3
2900306001001,263.04
2900355001001,231.63
2900405001001,229.17
2900504001001,293.72
2900603001001,304.4
2900702003001,328.2
2900702003002,505.27
2900702003003,300.73
2900702003004,525.71
2900702003005,875.43
2900702003006,546.02
2900702003007,560.49
2900801001001,350.85
2900900001001,291.11
2901007003001,243.41
2901007003002,478.69
2901106001001,379.48
2901155001001,199.51
2901205001001,245.6
2901304001001,228.24
2901353001001,303.19
2901403001001,274.82
2901502001001,281.01
2901601001001,258.2
2901700001001,267.0
2901809001001,282.63
2901908002001,206.44
2901908002002,214.64
2901957001001,305.31
2902005001001,308.95
2902054001001,253.34
2902104003001,142.84
2902104003002,279.07
2902203001001,304.73
2902252001001,313.13
2902302001001,274.03
2902401001001,273.16
2902500001001,248.12
2902609001001,261.93
2902658001001,246.29
2902708003001,317.85
2902708003002,151.59
2902807001001,272.4
2902906003001,206.56
2902906003002,315.79
2903003001001,298.74
2903102001001,312.75
2903201003001,925.79
2903201003002,806.36
2903201003003,892.47
2903201003004,472.44
2903201003005,323.1
2903201003006,373.21
2903201003007,587.32
2903235001001,258.82
2903276001001,293.54
2903300001001,295.85
2903409001001,322.3
2903508001001,280.51
2903607001001,233.56
2903706001001,256.25
2903805001001,200.35
2903904003001,361.8
2903904003002,338.85
2903953001001,238.27
2904001001001,262.61
2904050001001,241.81
2904100001001,256.82
2904209001001,244.34
2904308001001,275.89
2904407001001,224.24
2904506001001,264.11
2904605003001,225.03
2904605003002,478.07
2904605003003,487.73
2904704001001,319.08
2904753001001,178.28
2904803001001,303.49
2904852001001,204.2
2904902003001,260.28
2904902003002,435.43
2905008001001,375.76
2905107001001,239.91
2905156001001,233.84
2905206003001,600.01
2905206003002,210.26
2905305001001,242.86
2905404001001,379.22
2905503001001,220.5
2905602003001,413.85
2905602003002,272.33
2905701005001,507.05
2905701005002,330.64
2905701005003,455.12
2905701005004,552.78
2905701005005,501.82
2905701005006,651.01
2905701005007,565.23
2905701005008,454.41
2905701005009,438.27
2905701005010,427.16
2905701005011,420.58
2905701005012,1185.96
2905800003001,273.18
2905909001001,206.1
2906006003001,364.23
2906006003002,180.01
2906105001001,238.44
2906204001001,253.23
2906303003001,428.17
2906303003002,306.92
2906402001001,276.42
2906501003001,368.1
2906501003002,314.58
2906501003003,385.57
2906501003004,553.37
2906600001001,287.01
2906709001001,280.67
2906808003001,181.93
2906808003002,251.16
2906824001001,278.03
2906857001001,288.13
2906873003001,413.39
2906873003002,300.87
2906899001001,288.05
2906907001001,391.83
2907004001001,232.53
2907103001001,228.98
2907202003001,198.4
2907202003002,342.68
2907301001001,291.88
2907400001001,266.22
2907509003001,555.21
2907509003002,344.1
2907558001001,254.8
2907608001001,240.6
2907707001001,256.9
2907806003001,255.67
2907806003002,371.99
2907905001001,310.85
2908002001001,322.06
2908101001001,295.49
2908200001001,318.29
2908309001001,287.3
2908408003001,483.5
2908408003002,246.44
2908408003003,342.99
2908507003001,411.9
2908606001001,234.85
2908705001001,292.84
2908804001001,302.78
2908903001001,285.77
2909000001001,289.62
2909109001001,243.36
2909208001001,261.6
2909307003001,398.59
2909307003002,273.6
2909406001001,240.98
2909505001001,265.92
2909604001001,223.21
2909703001001,252.29
2909802003001,274.22
2909802003002,604.19
2909802003003,548.96
2909901003001,248.1
2910008001001,224.34
2910057003001,344.61
2910057003002,460.68
2910057003003,519.47
2910107001001,288.65
2910206001001,308.6
2910305001001,328.15
2910404001001,232.09
2910503003001,356.35
2910503003002,267.28
2910602003001,386.26
2910602003002,212.88
2910701003001,249.74
2910701003002,323.28
2910727003001,560.14
2910727003002,401.43
2910727003003,576.17
2910727003004,288.65
2910727003005,859.69
2910750001001,256.99
2910776001001,237.76
2910800004001,365.16
2910800004002,753.07
2910800004003,980.93
2910800004004,253.37
2910800004005,585.02
2910800004006,776.89
2910800004007,417.4
2910800004008,378.12
2910800004009,355.69
2910800004010,447.44
2910800004011,469.33
2910800004012,395.42
2910800004013,611.52
2910800004014,1067.86
2910859001001,250.66
2910909001001,365.28
2911006001001,274.58
2911105001001,311.72
2911204003001,458.44
2911204003002,370.01
2911253001001,287.23
2911303001001,220.91
2911402001001,279.89
2911501001001,249.87
2911600001001,294.05
2911659001001,265.88
2911709003001,288.8
2911709003002,283.71
2911709003003,562.17
2911709003004,608.73
2911808001001,276.38
2911857001001,257.42
2911907001001,261.06
2912004001001,335.17
2912103001001,336.75
2912202002001,280.02
2912202002002,361.9
2912301001001,344.6
2912400001001,270.17
2912509001001,266.89
2912608001001,209.54
2912707001001,298.38
2912806001001,458.77
2912905001001,306.14
2913002001001,242.3
2913101001001,255.74
2913200001001,338.85
2913309001001,321.94
2913408001001,305.72
2913457001001,272.49
2913507001001,275.74
2913606003001,298.34
2913606003002,558.79
2913606003003,366.37
2913606003004,434.14
2913606003005,885.04
2913606003006,367.09
2913606003007,544.06
2913606003008,475.18
2913606003009,942.93
2913705003001,265.36
2913804001001,214.57
2913903003001,574.68
2913903003002,296.83
2914000003001,208.83
2914000003002,205.72
2914000003003,372.22
2914109001001,285.17
2914208001001,262.94
2914307001001,246.47
2914406001001,230.87
2914505001001,308.74
2914604003001,721.36
2914604003002,495.5
2914604003003,280.61
2914653001001,347.74
2914703003001,436.68
2914703003002,416.11
2914703003003,343.62
2914802005001,556.55
2914802005002,537.0
2914802005003,377.84
2914802005004,339.81
2914802005005,1329.88
2914802005006,312.63
2914802005007,535.76
2914802005008,396.45
2914802005009,632.86
2914802005010,1398.18
2914802005011,741.33
2914802005012,691.19
2914802005013,462.69
2914802005014,327.45
2914901001001,353.29
2915007001001,243.43
2915106001001,259.7
2915205001001,297.69
2915304001001,374.16
2915353001001,221.32
2915403001001,317.18
2915502001001,378.01
2915601003001,311.77
2915601003002,528.0
2915700001001,350.01
2915809001001,336.4
2915908001001,312.35
2916005001001,380.38
2916104001001,369.89
2916203001001,332.44
2916302001001,334.41
2916401003001,397.74
2916401003002,425.82
2916401003003,618.96
2916500003001,193.87
2916500003002,219.3
2916609001001,266.02
2916708001001,240.12
2916807001001,331.24
2916856001001,285.77
2916906001001,311.15
2917003003001,270.19
2917003003002,203.43
2917102001001,363.78
2917201001001,307.33
2917300001001,340.63
2917334001001,255.83
2917359001001,243.71
2917409001001,306.6
2917508003001,244.58
2917508003002,646.35
2917508003003,447.73
2917508003004,321.01
2917607003001,329.45
2917607003002,290.67
2917706003001,456.22
2917706003002,274.81
2917805001001,235.07
2917904001001,220.27
2918001003001,549.58
2918001003002,465.57
2918001003003,362.43
2918001003004,256.43
2918001003005,289.56
2918001003006,524.18
2918001003007,727.76
2918100003001,378.64
2918100003002,216.11
2918209001001,263.62
2918308001001,270.51
2918357001001,259.99
2918407005001,712.55
2918407005002,726.29
2918407005003,518.03
2918407005004,279.57
2918407005005,321.03
2918407005006,301.39
2918407005007,458.03
2918407005008,894.77
2918407005009,249.27
2918407005010,296.89
2918407005011,344.66
2918456001001,248.86
2918506001001,251.92
2918555001001,306.41
2918605001001,308.08
2918704001001,286.72
2918753001001,221.85
2918803001001,272.42
2918902001001,440.52
2919009001001,222.14
2919058001001,250.38
2919108001001,212.14
2919157001001,257.52
2919207003001,2902.94
2919207003002,790.11
2919207003003,479.73
2919207003004,885.83
2919207003005,451.2
2919207003006,411.79
2919207003007,826.64
2919207003008,1290.86
2919306001001,380.18
2919405001001,310.89
2919504003001,240.56
2919504003002,381.06
2919553003001,475.96
2919553003002,1161.99
2919553003003,776.94
2919603001001,210.39
2919702001001,376.9
2919801003001,196.18
2919801003002,353.62
2919900001001,259.36
2919926001001,486.57
2919959001001,284.08
2920007001001,373.73
2920106001001,294.59
2920205001001,234.22
2920304001001,275.14
2920403001001,245.59
2920452001001,219.85
2920502001001,266.82
2920601003001,190.45
2920601003002,328.51
2920700001001,355.15
2920809001001,219.92
2920908001001,270.53
2921005003001,402.22
2921005003002,415.53
2921054001001,238.92
2921104001001,394.64
2921203001001,287.5
2921302001001,304.27
2921401001001,210.39
2921450001001,230.38
2921500003001,258.32
2921500003002,176.43
2921609001001,244.17
2921708003001,209.89
2921708003002,344.44
2921807001001,357.46
2921906001001,424.1
2922003003001,525.91
2922003003002,486.44
2922052001001,207.68
2922102001001,282.48
2922201001001,310.23
2922250001001,208.82
2922300003001,377.21
2922409001001,316.67
2922508001001,366.97
2922607001001,256.04
2922656001001,206.4
2922706001001,250.56
2922730001001,307.68
2922755001001,363.54
2922805001001,192.68
2922854001001,245.42
2922904001001,239.6
2923001003001,385.23
2923001003002,484.71
2923035001001,247.23
2923050001001,222.6
2923100001001,221.68
2923209001001,224.99
2923308001001,295.82
2923357001001,234.98
2923407001001,253.9
2923506001001,324.29
2923605001001,346.03
2923704001001,208.04
2923803001001,280.36
2923902001001,286.33
2924009003001,700.42
2924009003002,242.58
2924009003003,846.93
2924009003004,502.27
2924009003005,310.05
2924058001001,265.41
2924108001001,250.06
2924207001001,192.86
2924306001001,229.08
2924405003001,196.52
2924504001001,266.62
2924603001001,246.52
2924652001001,315.18
2924678001001,277.76
2924702001001,259.33
2924801001001,269.6
2924900001001,280.14
2925006001001,289.64
2925105003001,374.99
2925105003002,234.48
2925204003001,497.94
2925204003002,409.67
2925253001001,244.1
2925303003001,826.24
2925303003002,396.09
2925303003003,602.48
2925303003004,300.95
2925303003005,698.71
2925303003006,391.74
2925303003007,612.94
2925402001001,357.67
2925501001001,370.31
2925600001001,254.67
2925709001001,238.22
2925758001001,268.91
2925808001001,265.96
2925907001001,218.47
2925931001001,248.53
2925956001001,240.52
2926004003001,334.72
2926004003002,218.55
2926103001001,315.74
2926202001001,225.07
2926301003001,251.96
2926301003002,369.71
2926400001001,264.51
2926509001001,203.86
2926608003001,470.97
2926608003002,262.04
2926657001001,298.96
2926707001001,315.22
2926806001001,237.2
2926905001001,286.26
2927002003001,242.08
2927002003002,295.33
2927101001001,289.07
2927200003001,303.54
2927309001001,307.84
2927408005001,347.79
2927408005002,426.19
2927408005003,751.58
2927408005004,2758.81
2927408005005,478.91
2927408005006,1170.74
2927408005007,420.65
2927408005008,750.49
2927408005009,1539.88
2927408005010,536.96
2927408005011,1153.1
2927408005012,457.61
2927408005013,593.96
2927408005014,455.09
2927408005015,478.46
2927408005016,737.41
2927408005017,1404.89
2927408005018,696.67
2927408005019,467.55
2927408005020,2246.03
2927408005021,427.94
2927408005022,618.85
2927408005023,506.9
2927408005024,331.71
2927408005025,437.71
2927408005026,610.95
2927408005027,266.48
2927408005028,1922.52
2927408005029,1052.02
2927408005030,536.66
2927408005031,478.92
2927408005032,517.93
2927408005033,336.84
2927408005034,777.46
2927408005035,1212.92
2927408005036,729.31
2927408005037,350.42
2927408005038,404.07
2927408005039,439.25
2927408005040,424.16
2927408005041,592.13
2927408005042,431.75
2927408005043,2130.09
2927408005044,402.72
2927408005045,3309.68
2927408005046,412.79
2927408005047,2225.71
2927408005048,464.41
2927408005049,481.59
2927408005050,459.95
2927408005051,365.93
2927408005052,920.48
2927408005053,419.94
2927408005054,632.25
2927408005055,492.54
2927408005056,469.39
2927408005057,838.54
2927408005058,474.83
2927408005059,3335.63
2927408005060,1366.38
2927408005061,419.39
2927408005062,788.86
2927507001001,251.82
2927606001001,236.76
2927705001001,387.56
2927804001001,270.5
2927903001001,310.14
2928000003001,268.53
2928000003002,264.08
2928059001001,281.94
2928109003001,514.93
2928109003002,239.99
2928208001001,316.77
2928307001001,272.77
2928406001001,248.65
2928505001001,239.56
2928604003001,538.43
2928604003002,297.74
2928604003003,298.43
2928703003001,644.99
2928703003002,406.98
2928703003003,607.0
2928703003004,399.68
2928802003001,359.89
2928802003002,301.25
2928901001001,328.97
2928950001001,331.5
2929008001001,324.26
2929057001001,359.5
2929107001001,261.79
2929206003001,372.31
2929206003002,425.68
2929255001001,223.83
2929305003001,354.28
2929305003002,364.5
2929354001001,255.65
2929370001001,275.52
2929404001001,273.61
2929503003001,303.89
2929503003002,469.14
2929602001001,300.28
2929701001001,224.76
2929750001001,300.84
2929800001001,270.15
2929909003001,560.54
2929909003002,219.44
2930006001001,265.1
2930105003001,395.2
2930105003002,236.71
2930105003003,399.76
2930105003004,556.09
2930154003001,226.5
2930204003001,241.64
2930303001001,256.89
2930402001001,257.27
2930501003001,278.59
2930501003002,353.63
2930501003003,298.04
2930501003004,537.05
2930600001001,281.66
2930709003001,374.94
2930709003002,381.09
2930709003003,567.58
2930709003004,313.91
2930709003005,483.0
2930709003006,391.74
2930758001001,158.23
2930766001001,240.07
2930774001001,357.02
2930808001001,227.39
2930907001001,229.42
2931004001001,265.24
2931053001001,286.07
2931103001001,319.83
2931202001001,268.02
2931301001001,261.29
2931350003001,445.34
2931350003002,352.45
2931350003003,519.23
2931350003004,371.04
2931350003005,785.33
2931350003006,669.48
2931400001001,278.69
2931509001001,291.45
2931608001001,236.82
2931707001001,302.68
2931806001001,258.4
2931905003001,251.78
2931905003002,289.63
2932002001001,270.67
2932101001001,298.72
2932200001001,365.7
2932309001001,308.3
2932408001001,255.45
2932457001001,170.5
2932507001001,306.98
2932606001001,321.32
2932705001001,352.08
2932804001001,271.45
2932903003001,583.43
2932903003002,410.9
2932903003003,238.04
2932903003004,523.94
2932903003005,270.39
2933000001001,369.54
2933059001001,228.83
2933109001001,288.49
2933158001001,244.88
2933174001001,283.96
2933208003001,378.17
2933208003002,416.38
2933257001001,312.04
2933307005001,1734.57
2933307005002,346.66
2933307005003,560.53
2933307005004,352.38
2933307005005,455.32
2933307005006,540.1
2933307005007,472.2
2933307005008,1153.02
2933307005009,497.09
2933307005010,560.6
2933307005011,375.31
2933307005012,248.83
2933307005013,230.21
2933307005014,210.07
2933406001001,281.57
2933455001001,274.7
2933505001001,272.71
2933604003001,154.29
2933604003002,333.04
3100104001001,581.24
3100203001001,647.12
3100302001001,446.95
3100401001001,364.45
3100500001001,348.62
3100609001001,325.83
3100708001001,693.6
3100807001001,509.75
3100906001001,401.99
3101003001001,311.75
3101102001001,539.62
3101201001001,556.05
3101300001001,422.5
3101409001001,600.56
3101508003001,500.58
3101508003002,802.13
3101607003001,720.95
3101607003002,689.91
3101607003003,833.26
3101631001001,437.38
3101706003001,296.47
3101706003002,525.99
3101805001001,380.44
3101904001001,606.15
3102001001001,485.85
3102050001001,499.23
3102100001001,354.69
3102209001001,318.66
3102308001001,456.9
3102407001001,308.9
3102506001001,355.96
3102605003001,947.47
3102605003002,612.42
3102704001001,281.85
3102803001001,507.37
3102852001001,300.32
3102902001001,472.58
3103009001001,391.84
3103108001001,552.64
3103207001001,478.0
3103306001001,360.43
3103405003001,413.43
3103405003002,335.94
3103504003001,606.01
3103504003002,667.0
3103504003003,774.42
3103504003004,849.26
3103504003005,704.42
3103504003006,1004.22
3103603001001,427.49
3103702001001,348.62
3103751001001,596.39
3103801001001,663.31
3103900001001,662.55
3104007003001,580.96
3104007003002,687.67
3104007003003,1022.66
3104007003004,1140.54
3104007003005,748.1
3104106001001,599.59
3104205003001,759.25
3104205003002,685.17
3104304001001,610.69
3104403001001,491.6
3104452001001,295.31
3104502001001,373.36
3104601001001,615.45
3104700001001,343.23
3104809001001,427.24
3104908001001,467.14
3105004001001,448.88
3105103001001,697.19
3105202001001,326.95
3105301001001,589.5
3105400003001,565.72
3105509001001,390.63
3105608003001,429.2
3105608003002,473.23
3105608003003,559.42
3105608003004,1201.24
3105608003005,694.57
3105608003006,1125.83
3105608003007,567.68
3105707001001,376.76
3105905001001,521.18
3106002001001,485.58
3106101001001,529.75
3106200005001,663.09
3106200005002,1015.81
3106200005003,668.56
3106200005004,595.79
3106200005005,760.59
3106200005006,507.99
3106200005007,508.24
3106200005008,2264.84
3106200005009,4912.5
3106200005010,4505.68
3106200005011,3240.32
3106200005012,4947.8
3106200005013,4169.75
3106200005014,456.22
3106200005015,2516.95
3106200005016,3680.55
3106200005017,937.5
3106200005018,1697.1
3106200005019,1908.84
3106200005020,1368.9
3106200005021,1101.97
3106200005022,483.09
3106200005023,600.12
3106200005024,445.17
3106200005025,627.79
3106200005026,772.82
3106200005027,1196.62
3106200005028,679.37
3106200005029,672.54
3106200005030,538.19
3106200005031,590.55
3106200005032,853.97
3106200005033,1006.81
3106200005034,1155.9
3106200005035,2050.72
3106200005036,2107.7
3106200005037,787.43
3106200005038,860.68
3106200005039,1524.56
3106200005040,826.28
3106200005041,693.72
3106200005042,812.84
3106200005043,1565.94
3106200005044,1487.79
3106200005045,1558.69
3106200005046,2230.12
3106200005047,3048.16
3106200005048,826.53
3106200005049,934.76
3106200005050,854.54
3106200005051,542.01
3106200005052,917.57
3106200005053,968.24
3106200005054,3239.05
3106200005055,1592.81
3106200005056,2300.07
3106200005057,2147.27
3106200005058,1533.1
3106200005059,748.56
3106200005060,977.72
3106200005061,656.91
3106200005062,567.17
3106200005063,959.76
3106200005064,826.75
3106200005065,596.1
3106200005066,693.01
3106200005067,631.74
3106309001001,453.89
3106408001001,504.11
3106507001001,312.14
3106606001001,319.74
3106655001001,289.22
3106705005001,553.15
3106705005002,1279.26
3106705005003,691.98
3106705005004,487.2
3106705005005,549.5
3106705005006,450.62
3106705005007,423.44
3106705005008,868.35
3106705005009,625.08
3106705005010,840.94
3106705005011,682.7
3106705005012,459.03
3106705005013,515.12
3106705005014,595.92
3106705005015,623.12
3106705005016,549.99
3106705005017,574.27
3106705005018,506.1
3106705005019,450.25
3106705005020,628.07
3106804001001,356.59
3106903001001,689.69
3107000001001,551.1
3107109003001,435.95
3107109003002,684.39
3107208001001,527.88
3107307003001,504.55
3107307003002,345.7
3107406003001,873.12
3107406003002,743.26
3107505001001,482.05
3107604001001,641.46
3107703001001,492.41
3107802001001,357.87
3107901001001,441.43
3108008001001,519.06
3108107001001,498.47
3108206001001,478.23
3108255001001,210.45
3108305001001,622.57
3108404001001,597.67
3108503001001,264.98
3108552001001,499.93
3108602003001,243.18
3108602003002,463.48
3108701001001,330.97
3108800001001,408.79
3108909001001,550.74
3109006003001,638.71
3109006003002,1147.71
3109105001001,499.19
3109204001001,427.99
3109253001001,353.0
3109303001001,453.44
3109402001001,360.82
3109451001001,464.05
3109501001001,552.47
3109600001001,558.3
3109709001001,508.12
3109808001001,651.06
3109907001001,551.97
3110004003001,716.56
3110004003002,502.18
3110103001001,451.52
3110202001001,362.49
3110301001001,594.17
3110400001001,410.23
3110509001001,627.21
3110608003001,591.75
3110608003002,751.77
3110707001001,581.01
3110806001001,371.92
3110905001001,645.71
3111002001001,532.18
3111101001001,660.06
3111150001001,269.26
3111200003001,523.53
3111200003002,808.08
3111200003003,544.8
3111309001001,464.52
3111408001001,780.73
3111507001001,631.16
3111606003001,478.48
3111705001001,400.71
3111804001001,653.52
3111903001001,470.74
3112000001001,544.27
3112059001001,355.47
3112109001001,392.19
3112208001001,356.73
3112307003001,506.01
3112307003002,391.98
3112406001001,552.1
3112505001001,532.18
3112604001001,669.73
3112653001001,393.44
3112703001001,311.44
3112802001001,679.11
3112901001001,313.61
3113008001001,236.46
3113107001001,343.68
3113206001001,471.87
3113305003001,513.4
3113305003002,671.3
3113404003001,528.56
3113404003002,733.41
3113404003003,798.78
3113404003004,354.64
3113503001001,403.46
3113602001001,544.34
3113701001001,439.63
3113800001001,456.57
3113909001001,540.38
3114006001001,559.86
3114105001001,504.89
3114204001001,569.91
3114303003001,682.15
3114303003002,603.17
3114402001001,654.99
3114501001001,585.7
3114550001001,692.59
3114600001001,584.99
3114709001001,545.01
3114808001001,462.05
3114907001001,395.75
3115003001001,686.83
3115102001001,697.63
3115201001001,472.83
3115300003001,498.15
3115300003002,809.11
3115300003003,522.92
3115300003004,834.36
3115359001001,558.13
3115409001001,341.6
3115458001001,255.42
3115474001001,280.43
3115508001001,655.69
3115607001001,450.64
3115706001001,406.0
3115805001001,529.83
3115904001001,548.06
3116001001001,443.92
3116100001001,299.97
3116159001001,351.09
3116209001001,659.44
3116308001001,301.75
3116407001001,595.75
3116506001001,365.99
3116605001001,628.35
3116704001001,478.3
3116803001001,342.01
3116902001001,677.59
3117009001001,287.14
3117108001001,583.21
3117207001001,398.23
3117306001001,687.42
3117405001001,469.21
3117504001001,409.69
3117603001001,595.75
3117702001001,507.79
3117801001001,544.39
3117836001001,261.84
3117876001001,676.6
3117900001001,566.71
3118007003001,617.49
3118007003002,739.82
3118106001001,303.65
3118205001001,673.76
3118304003001,713.14
3118304003002,607.7
3118304003003,603.66
3118304003004,606.55
3118304003005,1058.98
3118403001001,453.64
3118502001001,450.16
3118601005001,433.99
3118601005002,632.6
3118601005003,898.64
3118601005004,627.29
3118601005005,859.65
3118601005006,644.74
3118601005007,606.1
3118601005008,671.53
3118601005009,1014.58
3118601005010,661.0
3118601005011,861.0
3118601005012,945.04
3118601005013,867.1
3118601005014,1129.25
3118700001001,486.23
3118809001001,306.92
3118908001001,462.69
3119005001001,469.43
3119104001001,467.54
3119203001001,387.87
3119302003001,723.28
3119302003002,637.35
3119401003001,1057.63
3119401003002,761.79
3119401003003,524.37
3119401003004,547.3
3119401003005,545.12
3119500001001,304.64
3119609001001,562.41
3119708001001,538.18
3119807001001,608.33
3119906001001,519.03
3119955001001,509.78
3120003001001,346.35
3120102001001,343.22
3120151001001,339.89
3120201001001,678.28
3120300001001,225.95
3120409001001,479.22
3120508001001,453.08
3120607001001,462.05
3120706001001,739.25
3120805001001,496.95
3120839001001,389.92
3120870001001,300.18
3120904003001,811.62
3120904003002,582.76
3120904003003,453.02
3121001001001,335.55
3121100001001,477.33
3121209001001,647.37
3121258001001,569.58
3121308001001,481.89
3121407001001,379.68
3121506001001,394.27
3121605003001,324.0
3121605003002,768.45
3121704001001,327.37
3121803001001,443.18
3121902001001,511.19
3122009001001,380.01
3122108001001,425.62
3122207001001,378.45
3122306005001,1480.12
3122306005002,840.64
3122306005003,662.0
3122306005004,626.11
3122306005005,787.0
3122306005006,623.7
3122306005007,504.37
3122355001001,357.27
3122405001001,480.4
3122454001001,302.72
3122470001001,429.5
3122504001001,480.95
3122603001001,401.29
3122702001001,529.81
3122801001001,399.17
3122900001001,563.88
3123007001001,529.33
3123106001001,387.95
3123205001001,676.94
3123304001001,378.07
3123403001001,586.78
3123502001001,641.93
3123528001001,418.37
3123601001001,563.7
3123700001001,414.84
3123809001001,345.67
3123858001001,383.09
3123908001001,519.04
3124005001001,429.33
3124104003001,525.63
3124104003002,430.3
3124203001001,474.44
3124302003001,250.23
3124302003002,397.57
3124401001001,519.6
3124500001001,537.38
3124609001001,587.64
3124708001001,620.34
3124807001001,586.08
3124906001001,501.75
3125002001001,426.66
3125101003001,739.52
3125200001001,652.99
3125309001001,504.34
3125408001001,313.92
3125507001001,349.66
3125606001001,306.92
3125705001001,456.11
3125804001001,398.84
3125903001001,403.5
3125952001001,334.36
3126000001001,735.07
3126109003001,591.85
3126109003002,719.73
3126109003003,758.37
3126208001001,413.53
3126307001001,575.2
3126406001001,477.98
3126505001001,299.61
3126604001001,363.33
3126703001001,342.88
3126752001001,303.33
3126802001001,322.21
3126901001001,400.37
3126950001001,245.9
3127008001001,629.3
3127057001001,287.84
3127073001001,283.92
3127107003001,834.33
3127107003002,664.41
3127206001001,421.3
3127305001001,438.44
3127339001001,267.92
3127354001001,344.27
3127370001001,397.99
3127388001001,569.91
3127404001001,562.9
3127503001001,292.84
3127602001001,401.84
3127701005001,347.55
3127701005002,466.88
3127701005003,524.17
3127701005004,343.43
3127701005005,636.75
3127701005006,549.63
3127701005007,576.64
3127701005008,409.21
3127701005009,898.2
3127701005010,1570.0
3127701005011,690.57
3127701005012,528.14
3127701005013,1095.4
3127800001001,331.12
3127909001001,568.9
3128006003001,524.39
3128006003002,515.25
3128105001001,504.13
3128204001001,361.31
3128253001001,325.61
3128303001001,589.79
3128402001001,573.23
3128501001001,496.84
3128600001001,686.4
3128709003001,692.93
3128709003002,783.92
3128808001001,523.85
3128907001001,565.98
3129004001001,461.45
3129103001001,586.79
3129202001001,454.49
3129301001001,409.29
3129400001001,382.33
3129509001001,644.05
3129608001001,295.15
3129657001001,225.21
3129707001001,650.89
3129806003001,436.55
3129806003002,413.59
3129806003003,521.79
3129806003004,477.25
3129806003005,487.89
3129806003006,657.8
3129806003007,518.51
3129806003008,507.78
3129905001001,525.24
3130002001001,460.98
3130051001001,292.3
3130101003001,524.27
3130101003002,653.1
3130200001001,599.59
3130309001001,637.19
3130408001001,482.99
3130507001001,488.62
3130556001001,323.35
3130606001001,548.81
3130655001001,299.32
3130705001001,541.38
3130804001001,616.69
3130903001001,429.66
3131000001001,503.64
3131109001001,401.61
3131158001001,443.46
3131208001001,494.21
3131307005001,1671.94
3131307005002,1100.39
3131307005003,702.01
3131307005004,761.32
3131307005005,736.67
3131307005006,619.51
3131307005007,511.9
3131307005008,533.66
3131307005009,1472.39
3131307005010,712.44
3131307005011,461.95
3131307005012,564.3
3131406001001,538.39
3131505001001,621.92
3131604001001,648.34
3131703003001,392.44
3131703003002,627.93
3131703003003,723.59
3131703003004,939.49
3131703003005,681.74
3131802001001,468.66
3131901003001,655.45
3131901003002,796.35
3132008001001,288.17
3132107001001,337.62
3132206001001,620.01
3132305001001,300.37
3132404003001,689.8
3132404003002,646.94
3132404003003,802.89
3132404003004,1260.14
3132503003001,265.41
3132503003002,466.61
3132602001001,540.87
3132701001001,391.98
3132800001001,382.63
3132909001001,499.66
3133006001001,608.8
3133105001001,693.77
3133204001001,422.9
3133303001001,361.38
3133402001001,666.75
3133501001001,568.69
3133600001001,635.63
3133709001001,513.26
3133758001001,739.06
3133808003001,717.52
3133808003002,909.2
3133808003003,831.15
3133808003004,667.36
3133907001001,352.44
3134004001001,275.81
3134103001001,426.71
3134202003001,733.37
3134202003002,585.82
3134202003003,839.44
3134202003004,704.81
3134202003005,1004.11
3134202003006,845.19
3134301001001,531.19
3134400003001,694.23
3134400003002,812.07
3134509001001,563.62
3134608001001,550.36
3134707001001,353.46
3134806001001,559.63
3134905001001,711.93
3135001001001,514.58
3135050003001,326.0
3135050003002,384.66
3135076001001,353.56
3135100003001,464.31
3135100003002,492.52
3135100003003,452.35
3135209003001,519.54
3135209003002,263.93
3135308001001,597.1
3135357001001,264.11
3135407001001,444.09
3135456001001,336.38
3135506001001,354.15
3135605001001,344.51
3135704001001,704.73
3135803001001,368.57
3135902001001,521.5
3136009001001,298.08
3136108001001,381.69
3136207003001,677.46
3136207003002,927.99
3136207003003,507.44
3136306003001,430.35
3136306003002,661.05
3136405001001,415.59
3136504001001,368.23
3136520001001,346.09
3136553001001,334.55
3136579001001,267.81
3136603001001,429.68
3136652001001,504.48
3136702005001,554.17
3136702005002,661.02
3136702005003,752.32
3136702005004,793.48
3136702005005,1867.05
3136702005006,2138.49
3136702005007,1788.73
3136702005008,682.09
3136702005009,995.23
3136702005010,626.14
3136702005011,680.77
3136702005012,717.68
3136702005013,798.5
3136702005014,1109.39
3136801001001,346.5
3136900001001,816.82
3136959001001,225.79
3137007001001,238.48
3137106001001,594.84
3137205003001,562.0
3137205003002,800.26
3137304001001,340.17
3137403001001,454.55
3137502001001,656.11
3137536001001,529.56
3137601003001,768.42
3137601003002,1108.57
3137700001001,500.28
3137809001001,594.02
3137908001001,404.9
3138005001001,566.87
3138104001001,393.71
3138203003001,809.94
3138203003002,1035.79
3138203003003,1168.61
3138203003004,542.58
3138203003005,885.93
3138302001001,628.63
3138351001001,352.34
3138401003001,698.42
3138401003002,535.15
3138500001001,477.48
3138609001001,553.9
3138625001001,600.33
3138658001001,309.84
3138674001001,368.95
3138682001001,249.66
3138708001001,510.75
3138807001001,675.69
3138906001001,376.77
3139003003001,612.54
3139003003002,693.63
3139102001001,471.07
3139201001001,346.75
3139250001001,280.5
3139300001001,308.0
3139409003001,844.45
3139409003002,425.63
3139409003003,646.07
3139508001001,503.87
3139607003001,565.83
3139607003002,465.34
3139706001001,506.16
3139805001001,610.55
3139904001001,448.75
3140001003001,627.38
3140001003002,626.32
3140100001001,343.84
3140159001001,538.44
3140209001001,504.52
3140308001001,446.88
3140407001001,360.17
3140506001001,594.23
3140530001001,436.51
3140555001001,323.34
3140605001001,293.11
3140704003001,560.07
3140704003002,607.51
3140803001001,613.51
3140852001001,301.99
3140902001001,426.18
3141009001001,350.23
3141108003001,608.91
3141207001001,655.9
3141306001001,791.14
3141405001001,351.89
3141504001001,372.74
3141603001001,463.82
3141702001001,434.14
3141801001001,328.02
3141900001001,449.72
3142007001001,309.64
3142106001001,441.37
3142205001001,545.65
3142254001001,258.15
3142304001001,535.17
3142403001001,689.07
3142502001001,391.22
3142601001001,580.55
3142700001001,313.35
3142809001001,611.42
3142908001001,334.88
3143005001001,531.21
3143104003001,585.78
3143104003002,635.31
3143153001001,248.41
3143203001001,582.12
3143302005001,1066.12
3143302005002,928.5
3143302005003,735.14
3143302005004,1334.63
3143302005005,1856.68
3143302005006,1235.63
3143302005007,469.28
3143302005008,514.57
3143302005009,632.47
3143302005010,577.75
3143302005011,462.24
3143302005012,414.94
3143302005013,473.88
3143302005014,413.64
3143302005015,579.09
3143302005016,418.71
3143302005017,444.31
3143302005018,442.4
3143302005019,440.1
3143302005020,365.13
3143302005021,435.63
3143302005022,326.72
3143401001001,736.51
3143450001001,300.28
3143500001001,594.36
3143609001001,369.12
3143708001001,401.34
3143807001001,432.79
3143906003001,977.7
3143906003002,415.57
3143906003003,655.23
3143906003004,878.8
3143906003005,586.57
3144003003001,392.06
3144003003002,488.37
3144102001001,691.42
3144201001001,418.17
3144300003001,595.68
3144300003002,572.03
3144359001001,418.05
3144375001001,449.99
3144409001001,534.41
3144508001001,470.65
3144607001001,498.77
3144656001001,208.42
3144672001001,301.17
3144706001001,595.92
3144805003001,2203.6
3144805003002,908.05
3144805003003,2401.28
3144805003004,597.57
3144904001001,398.29
3145000001001,753.64
3145059001001,328.54
3145109001001,586.26
3145208003001,688.67
3145208003002,567.17
3145208003003,709.98
3145208003004,800.02
3145307001001,264.05
3145356001001,257.26
3145372001001,327.25
3145406001001,432.34
3145455001001,338.69
3145505001001,449.16
3145604003001,644.07
3145604003002,603.49
3145703001001,405.65
3145802001001,445.09
3145851001001,510.54
3145877001001,282.64
3145901003001,1210.82
3145901003002,565.0
3146008003001,563.66
3146008003002,698.44
3146107003001,629.38
3146107003002,711.17
3146206001001,304.6
3146255001001,293.86
3146305001001,272.1
3146404001001,564.45
3146503001001,654.19
3146552001001,224.25
3146602001001,491.28
3146701001001,506.67
3146750001001,299.87
3146909001001,460.69
3147006003001,496.68
3147006003002,475.16
3147006003003,522.68
3147006003004,943.58
3147105003001,1009.35
3147105003002,784.1
3147105003003,694.52
3147105003004,485.14
3147204001001,569.86
3147303001001,601.42
3147402001001,516.11
3147501001001,455.64
3147600001001,580.4
3147709001001,512.24
3147808001001,516.45
3147907003001,631.08
3147907003002,745.1
3147907003003,671.99
3147907003004,1046.61
3147907003005,654.83
3147907003006,972.58
3147956001001,289.15
3148004003001,594.71
3148004003002,531.81
3148004003003,496.62
3148004003004,600.19
3148004003005,702.51
3148004003006,1200.22
3148004003007,766.12
3148004003008,1155.69
3148004003009,1012.79
3148103003001,573.26
3148103003002,625.51
3148103003003,786.47
3148103003004,742.27
3148202001001,560.82
3148301001001,399.72
3148400001001,339.63
3148509001001,362.44
3148608001001,394.12
3148707001001,361.58
3148756001001,259.48
3148806001001,353.44
3148905001001,552.59
3149002001001,399.55
3149101001001,477.48
3149150001001,266.03
3149200001001,732.38
3149309003001,544.58
3149309003002,744.88
3149309003003,803.39
3149408001001,341.81
3149507001001,613.06
3149606001001,535.39
3149705001001,726.36
3149804001001,755.03
3149903001001,611.87
3149952001001,344.9
3150000001001,354.95
3150109001001,486.87
3150158001001,385.49
3150208001001,430.23
3150307001001,428.75
3150406001001,421.33
3150505001001,556.36
3150539001001,361.25
3150570001001,255.14
3150604001001,447.03
3150703001001,752.9
3150802001001,317.2
3150901001001,519.08
3151008001001,536.38
3151107001001,556.21
3151206003001,432.13
3151206003002,670.81
3151305001001,575.97
3151404001001,634.22
3151503003001,785.81
3151503003002,658.64
3151602001001,723.95
3151701001001,602.7
3151800003001,811.48
3151800003002,851.54
3151800003003,1343.7
3151800003004,1498.61
3151800003005,550.27
3151800003006,767.62
3151800003007,630.4
3151800003008,685.94
3151800003009,1183.52
3151909001001,384.05
3152006003001,564.97
3152105003001,490.07
3152105003002,623.36
3152105003003,818.81
3152131001001,289.51
3152170001001,266.29
3152204003001,232.52
3152204003002,370.32
3152303001001,373.68
3152402001001,343.21
3152501003001,780.31
3152501003002,1024.29
3152501003003,573.25
3152501003004,743.72
3152501003005,789.37
3152501003006,1205.48
3152600001001,637.72
3152709001001,489.12
3152808003001,739.67
3152907001001,629.86
3153004001001,579.73
3153103001001,362.36
3153202001001,417.12
3153301001001,301.13
3153400001001,505.65
3153509001001,466.74
3153608001001,501.23
3153707001001,528.24
3153806001001,504.29
3153905001001,592.79
3154002001001,455.11
3154101001001,497.58
3154150001001,468.02
3154200001001,525.11
3154309001001,494.72
3154408001001,456.36
3154457001001,308.82
3154507001001,300.81
3154606005001,495.24
3154606005002,506.06
3154606005003,444.87
3154606005004,417.02
3154606005005,416.0
3154606005006,476.16
3154606005007,495.93
3154606005008,685.72
3154606005009,532.29
3154606005010,461.23
3154606005011,484.27
3154606005012,476.73
3154606005013,483.34
3154606005014,477.9
3154606005015,500.85
3154606005016,473.05
3154606005017,444.75
3154606005018,466.92
3154606005019,480.78
3154606005020,485.11
3154705001001,653.93
3154804001001,618.89
3154903001001,494.93
3155009001001,454.34
3155108001001,308.31
3155207001001,303.84
3155306001001,516.46
3155405001001,552.09
3155504001001,671.8
3155603001001,285.69
3155702001001,521.7
3155801001001,619.19
3155900001001,520.67
3156007001001,285.79
3156106001001,445.22
3156205001001,502.84
3156304001001,612.48
3156403001001,600.78
3156452001001,428.3
3156502001001,271.93
3156601001001,342.16
3156700003001,833.82
3156700003002,697.71
3156700003003,455.92
3156700003004,652.8
3156700003005,478.68
3156700003006,609.23
3156809001001,415.23
3156908001001,719.5
3157005003001,503.18
3157005003002,414.41
3157104001001,336.77
3157203001001,531.07
3157252001001,376.69
3157278001001,406.37
3157302001001,393.63
3157336001001,507.79
3157377001001,278.25
3157401001001,368.77
3157500001001,316.69
3157609001001,353.65
3157658001001,251.54
3157708001001,728.49
3157807005001,575.54
3157807005002,663.3
3157807005003,667.24
3157807005004,536.41
3157807005005,608.55
3157807005006,527.59
3157807005007,562.48
3157807005008,524.25
3157807005009,686.14
3157807005010,436.96
3157807005011,403.89
3157807005012,386.13
3157906001001,369.91
3158003001001,419.94
3158102001001,356.22
3158201001001,401.86
3158300001001,561.57
3158409001001,442.93
3158508001001,401.02
3158607001001,466.46
3158706001001,451.63
3158805001001,495.46
3158904001001,365.38
3158953001001,516.13
3159001001001,473.75
3159100001001,398.33
3159209001001,586.59
3159308001001,551.1
3159357001001,412.49
3159407001001,413.55
3159506001001,366.83
3159605003001,961.68
3159605003002,554.94
3159704001001,605.82
3159803001001,708.84
3159902001001,440.36
3160009001001,503.05
3160108001001,405.85
3160207001001,265.83
3160306001001,304.22
3160405003001,720.73
3160405003002,639.57
3160454001001,202.16
3160504001001,409.94
3160603001001,405.98
3160702003001,683.77
3160702003002,424.14
3160801001001,493.16
3160900001001,486.66
3160959001001,345.35
3161007001001,503.09
3161056001001,350.52
3161106003001,236.32
3161106003002,381.29
3161205001001,459.6
3161304001001,622.03
3161403001001,432.08
3161502001001,485.32
3161601001001,386.16
3161650001001,402.85
3161700001001,519.08
3161809001001,562.13
3161908001001,476.4
3162005001001,577.01
3162104003001,564.66
3162104003002,831.1
3162203001001,672.83
3162252001001,287.78
3162302001001,543.33
3162401001001,244.2
3162450001001,199.16
3162500003001,564.17
3162500003002,946.55
3162500003003,1122.59
3162500003004,489.04
3162500003005,684.42
3162559001001,396.1
3162575001001,395.93
3162609001001,395.8
3162658001001,262.09
3162708001001,318.69
3162807001001,402.89
3162906003001,614.04
3162922001001,503.28
3162948001001,680.2
3162955001001,542.1
3163003001001,336.02
3163102001001,518.02
3163201001001,529.31
3163300001001,393.91
3163409001001,439.41
3163508001001,335.36
3163607001001,395.37
3163706003001,683.99
3163706003002,977.19
3163805001001,403.91
3163904001001,519.96
3164001001001,457.24
3164100001001,381.59
3164209001001,314.3
3164308001001,647.67
3164407001001,560.23
3164431001001,428.47
3164472001001,353.53
3164506001001,304.46
3164605001001,580.78
3164704003001,734.29
3164704003002,779.46
3164704003003,730.26
3164803001001,504.83
3164902001001,476.35
3165008001001,486.81
3165107001001,579.83
3165206001001,456.92
3165305001001,529.43
3165404001001,495.68
3165503001001,350.76
3165537001001,610.4
3165552001001,247.3
3165560001001,386.07
3165578001001,416.99
3165602001001,556.88
3165701001001,465.32
3165800001001,491.53
3165909001001,305.46
3166006001001,338.91
3166105001001,345.07
3166204001001,317.81
3166303001001,353.78
3166402001001,532.29
3166501001001,252.02
3166600001001,521.09
3166709001001,420.06
3166808001001,710.88
3166907001001,488.8
3166956001001,324.66
3167004001001,457.05
3167103001001,367.72
3167202005001,520.62
3167202005002,447.58
3167202005003,455.36
3167202005004,496.01
3167202005005,620.6
3167202005006,698.29
3167202005007,741.05
3167202005008,1496.65
3167202005009,1393.28
3167202005010,510.72
3167202005011,781.58
3167202005012,816.4
3167202005013,740.84
3167301001001,476.35
3167400001001,631.41
3167509001001,566.76
3167608001001,401.68
3167707001001,367.01
3167806001001,526.97
3167905001001,494.43
3168002003001,295.48
3168002003002,534.32
3168051001001,335.16
3168101001001,763.96
3168200001001,486.11
3168309001001,436.01
3168408001001,387.26
3168507001001,465.59
3168606003001,421.34
3168606003002,830.25
3168606003003,483.18
3168606003004,282.89
3168606003005,362.1
3168606003006,823.89
3168705003001,615.53
3168705003002,529.02
3168705003003,1030.68
3168705003004,721.47
3168804001001,788.0
3168903001001,558.11
3169000001001,546.0
3169059001001,460.02
3169109001001,462.02
3169208001001,602.06
3169307003001,482.17
3169307003002,671.07
3169307003003,796.86
3169356003001,581.54
3169406003001,614.82
3169406003002,635.13
3169505001001,392.2
3169604003001,744.76
3169604003002,515.06
3169703001001,443.94
3169802001001,582.12
3169901003001,711.12
3169901003002,1038.46
3169901003003,549.48
3169901003004,851.69
3169901003005,593.32
3169901003006,543.41
3170008001001,282.32
3170057001001,379.55
3170107005001,1615.77
3170107005002,1725.87
3170107005003,1179.77
3170107005004,1411.62
3170107005005,958.22
3170107005006,1256.0
3170107005007,1086.82
3170107005008,729.47
3170107005009,657.08
3170107005010,638.09
3170107005011,802.85
3170107005012,696.66
3170107005013,663.26
3170107005014,545.58
3170107005015,624.85
3170107005016,646.05
3170206005001,628.27
3170206005002,784.94
3170206005003,754.37
3170206005004,633.39
3170206005005,1196.11
3170206005006,1214.41
3170206005007,2422.22
3170206005008,795.47
3170206005009,798.15
3170206005010,795.61
3170206005011,903.32
3170206005012,488.43
3170206005013,1232.87
3170206005014,1430.6
3170206005015,601.08
3170206005016,1590.18
3170206005017,558.56
3170305001001,357.34
3170404003001,600.53
3170404003002,677.27
3170404003003,459.5
3170404003004,804.5
3170438001001,561.12
3170479001001,369.61
3170503001001,439.55
3170529001001,291.49
3170578001001,401.93
3170602001001,539.69
3170651001001,282.24
3170701003001,913.74
3170701003002,615.14
3170701003003,621.77
3170701003004,1352.13
3170701003005,887.26
3170701003006,1017.02
3170701003007,723.24
3170750001001,578.96
3170800003001,424.86
3170800003002,428.23
3170909001001,277.46
3171006001001,635.25
3171030001001,293.0
3171071001001,316.03
3171105001001,571.47
3171154001001,339.81
3171204003001,409.77
3171204003002,533.65
3171204003003,420.9
3171204003004,773.37
3171204003005,494.53
3171303003001,486.25
3171303003002,803.55
3171303003003,662.64
3171303003004,1282.85
3171402001001,410.63
3171501001001,340.69
3171600001001,295.63
3171709001001,414.71
3171808001001,416.43
3171907001001,360.88
3172004003001,570.75
3172004003002,646.65
3172103001001,489.12
3172202001001,488.45
3200102003001,369.32
3200102003002,587.9
3200136001001,489.7
3200169001001,382.04
3200201003001,539.37
3200201003002,743.5
3200300001001,566.79
3200359001001,444.31
3200409001001,643.05
3200508001001,487.99
3200607003001,880.88
3200607003002,745.44
3200607003003,523.82
3200607003004,748.04
3200706001001,491.87
3200805003001,666.48
3200805003002,417.2
3200904003001,387.56
3200904003002,637.88
3201001001001,507.28
3201100001001,580.31
3201159001001,431.74
3201209003001,953.12
3201209003002,661.1
3201209003003,643.41
3201209003004,749.03
3201209003005,780.13
3201209003006,1192.65
3201209003007,549.83
3201209003008,504.85
3201209003009,651.87
3201308005001,408.33
3201308005002,540.76
3201308005003,539.23
3201308005004,626.54
3201308005005,796.67
3201308005006,988.58
3201308005007,793.73
3201308005008,883.02
3201308005009,558.89
3201308005010,469.59
3201308005011,358.75
3201308005012,518.53
3201308005013,457.13
3201308005014,608.25
3201308005015,519.74
3201407003001,817.1
3201407003002,532.16
3201506003001,647.2
3201506003002,426.88
3201506003003,595.82
3201506003004,626.41
3201506003005,618.02
3201506003006,980.93
3201506003007,905.78
3201605003001,560.89
3201605003002,401.42
3201704001001,539.96
3201803001001,366.47
3201902003001,633.1
3201902003002,443.98
3202009001001,437.52
3202108001001,426.19
3202207001001,658.57
3202256001001,533.76
3202306003001,740.93
3202306003002,430.92
3202405003001,1024.1
3202405003002,522.04
3202405003003,847.24
3202405003004,1026.07
3202405003005,499.76
3202405003006,680.17
3202454001001,477.53
3202504001001,671.52
3202553001001,411.47
3202603001001,611.48
3202652001001,450.63
3202702001001,535.63
3202801003001,499.16
3202801003002,409.48
3202900001001,535.38
3203007003001,620.79
3203007003002,372.57
3203056001001,466.25
3203106001001,567.11
3203130001001,734.28
3203163001001,415.9
3203205003001,402.68
3203205003002,822.64
3203205003003,462.87
3203205003004,563.8
3203205003005,1202.95
3203205003006,496.67
3203205003007,978.62
3203304001001,417.05
3203320003001,356.88
3203320003002,650.86
3203346001001,641.33
3203353001001,564.27
3203403003001,479.39
3203502001001,518.41
3203601001001,402.92
3203700001001,440.15
3203809001001,536.64
3203908003001,626.07
3203908003002,555.18
3204005001001,451.42
3204054001001,491.36
3204104001001,499.83
3204203001001,603.21
3204252001001,412.97
3204302001001,429.69
3204351001001,567.06
3204401001001,590.22
3204500001001,418.75
3204559003001,397.67
3204559003002,622.52
3204609001001,662.55
3204658001001,540.19
3204708003001,508.5
3204708003002,720.6
3204807001001,514.74
3204906003001,946.95
3204906003002,715.75
3204906003003,1095.21
3204906003004,458.85
3204906003005,377.33
3204906003006,587.08
3204955001001,547.04
3205002005001,466.98
3205002005002,666.49
3205002005003,804.96
3205002005004,520.28
3205002005005,930.88
3205002005006,710.63
3205002005007,581.95
3205002005008,1017.25
3205002005009,1502.32
3205002005010,703.54
3205002005011,613.89
3205002005012,645.04
3205002005013,855.17
3205002005014,705.01
3205002005015,506.21
3205002005016,388.38
3205002005017,483.84
3205002005018,600.53
3205002005019,572.79
3205002005020,598.45
3205002005021,544.2
3205010001001,457.48
3205036001001,490.56
3205069001001,677.26
3205101003001,522.75
3205101003002,502.63
3205101003003,546.27
3205150001001,466.3
3205176001001,546.04
3205200005001,1189.32
3205200005002,3262.81
3205200005003,2352.13
3205200005004,2245.3
3205200005005,928.56
3205200005006,789.02
3205200005007,1094.67
3205200005008,999.13
3205200005009,1005.5
3205200005010,1010.5
3205200005011,1007.33
3205200005012,710.78
3205200005013,618.05
3205200005014,544.15
3205200005015,672.39
3205200005016,733.6
3205200005017,786.72
3205200005018,693.4
3205200005019,602.65
3205309005001,1455.57
3205309005002,634.25
3205309005003,651.85
3205309005004,1228.44
3205309005005,1047.42
3205309005006,754.73
3205309005007,626.27
3205309005008,3432.21
3205309005009,4332.72
3205309005010,2874.6
3205309005011,1433.13
3205309005012,779.71
3205309005013,508.27
3205309005014,2078.64
3300100003001,642.7
3300100003002,701.11
3300100003003,898.13
3300100003004,885.65
3300100003005,888.62
3300100003006,828.05
3300100003007,591.22
3300159001001,520.92
3300209003001,394.86
3300209003002,725.43
3300209003003,743.97
3300209003004,606.5
3300209003005,695.69
3300209003006,775.01
3300225001001,576.79
3300233003001,625.32
3300233003002,1018.0
3300258003001,697.33
3300308003001,624.88
3300308003002,561.31
3300308003003,555.02
3300308003004,734.99
3300308003005,584.61
3300308003006,891.66
3300407003001,746.76
3300407003002,616.62
3300407003003,527.5
3300407003004,502.03
3300407003005,1208.28
3300407003006,665.94
3300407003007,1228.91
3300407003008,547.02
3300407003009,539.82
3300456005001,550.56
3300456005002,391.48
3300456005003,453.02
3300456005004,422.3
3300456005005,460.85
3300506003001,622.92
3300605003001,453.84
3300605003002,763.24
3300704003001,461.87
3300704003002,602.07
3300704003003,1059.66
3300704003004,446.85
3300704003005,426.31
3300704003006,1374.35
3300704003007,1205.5
3300704003008,747.2
3300704003009,775.57
3300803003001,527.95
3300803003002,633.81
3300902001001,498.59
3300936001001,598.34
3300951001001,560.94
3301009005001,1040.02
3301009005002,1008.11
3301009005003,452.44
3301009005004,496.11
3301009005005,379.03
3301009005006,385.48
3301009005007,382.18
3301009005008,321.49
3301009005009,359.22
3301108001001,605.75
3301157001001,471.03
3301207001001,579.72
3301306003001,774.36
3301306003002,736.11
3301405001001,597.93
3301504001001,713.35
3301603001001,555.74
3301702005000,488.76
3301702005001,792.99
3301702005002,534.88
3301702005003,469.2
3301702005004,597.45
3301702005005,533.29
3301702005006,719.03
3301702005007,571.19
3301702005008,848.47
3301702005009,706.54
3301702005010,738.46
3301702005011,643.06
3301702005012,528.78
3301702005013,506.06
3301702005014,567.39
3301702005015,572.09
3301702005016,588.54
3301702005017,477.36
3301702005018,429.95
3301702005019,463.44
3301702005020,491.87
3301702005021,434.25
3301702005022,421.9
3301801001001,542.55
3301850003001,431.32
3301850003002,631.17
3301876001001,753.69
3301900005001,892.22
3301900005002,553.76
3301900005003,503.63
3301900005004,535.92
3301900005005,615.99
3301900005006,376.79
3301900005007,435.22
3301900005008,454.71
3301900005009,412.44
3301900005010,662.82
3301900005011,513.2
3301900005012,510.38
3302007003001,589.04
3302007003002,526.38
3302007003003,703.56
3302007003004,502.95
3302007003005,772.76
3302007003006,514.06
3302056001001,548.34
3302106001001,587.19
3302205003001,504.69
3302205003002,553.41
3302205003003,1042.66
3302205003004,695.95
3302205003005,708.98
3302254003001,803.73
3302270003001,330.7
3302270003002,419.73
3302270003003,429.75
3302270003004,406.64
3302270003005,444.06
3302304001001,483.19
3302403005001,688.13
3302403005002,493.22
3302403005003,863.61
3302403005004,609.68
3302403005005,580.69
3302403005006,2245.54
3302403005007,1572.9
3302403005008,1107.71
3302403005009,1543.19
3302403005010,917.05
3302403005011,486.15
3302403005012,650.19
3302452001001,580.32
3302502005001,555.11
3302502005002,451.31
3302502005003,590.13
3302502005004,463.09
3302502005005,652.19
3302502005006,518.28
3302502005007,682.0
3302601003001,936.58
3302601003002,660.3
3302700003001,958.36
3302700003002,1131.32
3302700003003,732.98
3302700003004,767.6
3302700003005,948.37
3302700003006,883.77
3302700003007,798.25
3302809001001,645.28
3302858003001,670.0
3302858003002,608.15
3302858003003,682.86
3302858003004,611.4
3302858003005,409.94
3302858003006,539.08
3302858003007,817.84
3302858003008,806.16
3302858003009,519.02
3302908003001,781.31
3303005001001,597.53
3303104001001,657.37
3303203003001,541.19
3303203003002,552.99
3303203003003,678.2
3303203003004,658.96
3303203003005,695.1
3303203003006,856.23
3303203003007,741.3
3303203003008,988.44
3303203003009,736.41
3303302005001,2310.57
3303302005002,2291.14
3303302005003,1562.64
3303302005004,1426.33
3303302005005,2022.73
3303302005006,1139.59
3303302005007,665.34
3303302005008,620.64
3303302005009,658.47
3303302005010,2041.29
3303302005011,1534.39
3303302005012,1485.37
3303302005013,2824.52
3303302005014,1035.8
3303302005015,3460.99
3303302005016,1069.43
3303302005017,1167.98
3303302005018,1671.58
3303401003001,491.52
3303401003002,802.41
3303401003003,836.59
3303401003004,684.98
3303401003005,800.27
3303401003006,1118.82
3303401003007,591.03
3303401003008,706.43
3303401003009,1002.65
3303500005001,412.62
3303500005002,853.22
3303500005003,489.92
3303500005004,404.03
3303500005005,526.37
3303500005006,424.81
3303500005007,457.64
3303500005008,409.89
3303500005009,412.34
3303609003001,651.28
3303609003002,465.88
3303708003001,516.86
3303708003002,713.35
3303807003001,904.97
3303807003002,577.19
3303856001001,482.17
3303906005001,2039.2
3303906005002,588.59
3303906005003,702.48
3303906005004,816.94
3303906005005,1179.05
3303906005006,662.31
3303906005007,602.09
3303906005008,940.85
3303906005009,880.09
3303906005010,726.14
3303906005011,743.58
3303906005012,706.62
3303906005013,752.13
3303906005014,915.7
3303906005015,525.6
3303955001001,611.29
3304003001001,621.79
3304102001001,575.4
3304110001001,615.8
3304128001001,588.99
3304144003001,571.52
3304144003002,464.49
3304144003003,362.24
3304144003004,433.15
3304144003005,352.82
3304144003006,541.31
3304144003007,554.39
3304151001001,571.02
3304201003001,556.75
3304201003002,1082.03
3304201003003,714.38
3304201003004,1047.65
3304201003005,1286.0
3304201003006,651.44
3304300003001,876.56
3304300003002,586.74
3304300003003,501.21
3304409001001,627.49
3304508001001,602.79
3304524003001,666.39
3304524003002,989.18
3304524003003,1174.12
3304524003004,1050.57
3304524003005,799.44
3304524003006,1518.92
3304524003007,684.35
3304557005001,547.47
3304557005002,3214.29
3304557005003,3760.62
3304557005004,697.8
3304557005005,520.23
3304557005006,506.62
3304557005007,509.06
3304557005008,535.96
3304557005009,496.05
3304557005010,536.54
3304557005011,474.12
3304557005012,476.17
3304557005013,569.1
3304557005014,487.14
3304557005015,444.23
3304557005016,557.88
3304557005017,534.46
3304557005018,653.02
3304557005019,622.98
3304557005020,429.52
3304557005021,663.14
3304557005022,503.92
3304557005023,522.69
3304557005024,603.33
3304557005025,486.91
3304557005026,486.99
3304557005027,411.52
3304557005028,400.22
3304557005029,450.56
3304557005030,2304.27
3304557005031,482.58
3304557005032,445.21
3304557005033,457.45
3304557005034,495.68
3304557005035,3641.52
3304557005036,3642.5
3304557005037,2999.46
3304557005038,3251.1
3304557005039,3214.84
3304557005040,3123.9
3304557005041,3782.46
3304557005042,3557.33
3304557005043,3354.58
3304557005044,2166.16
3304557005045,3647.95
3304557005046,2835.49
3304557005047,4842.49
3304557005048,5456.83
3304557005049,4613.87
3304557005050,6161.52
3304557005051,4163.17
3304557005052,2652.59
3304557005053,1286.82
3304557005054,1592.84
3304557005055,1877.86
3304557005056,2608.96
3304557005057,1576.87
3304557005058,2926.13
3304557005059,1714.34
3304557005060,3174.98
3304557005061,2975.23
3304557005062,2625.08
3304557005063,673.12
3304557005064,2093.14
3304557005065,2733.84
3304557005066,1819.65
3304557005067,2167.64
3304557005068,421.61
3304557005069,961.73
3304557005070,895.3
3304557005071,823.14
3304557005072,1159.97
3304557005073,387.99
3304557005074,1026.26
3304557005075,873.41
3304557005076,1055.44
3304557005077,911.54
3304557005078,722.31
3304557005079,504.13
3304557005080,621.44
3304557005081,500.15
3304557005082,716.2
3304557005083,1031.25
3304557005084,672.3
3304557005085,805.79
3304557005086,748.23
3304557005087,1076.41
3304557005088,816.77
3304557005089,1076.36
3304557005090,1107.77
3304557005091,1823.18
3304557005092,2116.92
3304557005093,1897.31
3304557005094,1485.39
3304557005095,1108.01
3304557005096,1110.49
3304557005097,976.84
3304557005098,787.05
3304557005099,989.57
3304557005100,1532.67
3304557005101,807.48
3304557005102,1205.71
3304557005103,973.21
3304557005104,1085.84
3304557005105,898.6
3304557005106,629.44
3304557005107,924.96
3304557005108,830.58
3304557005109,716.13
3304557005110,1101.34
3304557005111,704.75
3304557005112,736.61
3304557005113,776.2
3304557005114,703.62
3304557005115,604.43
3304557005116,958.32
3304557005117,964.4
3304557005118,820.84
3304557005119,1166.37
3304557005120,1004.58
3304557005121,2523.72
3304557005122,1025.35
3304557005123,867.68
3304557005124,922.74
3304557005125,1452.69
3304557005126,1169.17
3304557005127,741.43
3304557005128,707.33
3304557005129,619.98
3304557005130,799.7
3304557005131,645.72
3304557005132,660.46
3304557005133,444.64
3304557005134,420.95
3304557005135,653.55
3304557005136,531.6
3304557005137,680.32
3304557005138,504.15
3304557005139,588.76
3304557005140,937.95
3304557005141,1548.0
3304557005142,802.27
3304557005143,1282.28
3304557005144,1222.71
3304557005145,530.33
3304557005146,851.14
3304557005147,2216.31
3304557005148,1259.28
3304557005149,1751.12
3304557005150,1217.47
3304557005151,1169.58
3304557005152,1129.89
3304557005153,935.97
3304557005154,926.5
3304557005155,1163.83
3304557005156,1495.08
3304557005157,1139.05
3304557005158,4978.42
3304557005159,4249.17
3304557005160,6026.36
3304557005161,4568.74
3304557005162,4697.41
3304557005163,4102.93
3304557005164,3404.74
3304557005165,928.95
3304557005166,2044.88
3304557005167,3370.4
3304557005168,2156.61
3304557005169,1113.23
3304557005170,729.24
3304557005171,573.34
3304557005172,733.64
3304557005173,901.32
3304557005174,581.39
3304557005175,704.53
3304557005176,812.43
3304557005177,686.95
3304557005178,751.95
3304557005179,537.68
3304557005180,692.29
3304557005181,581.7
3304557005182,471.21
3304557005183,726.4
3304557005184,944.62
3304557005185,689.41
3304557005186,444.6
3304557005187,724.83
3304557005188,535.89
3304557005189,613.66
3304557005190,526.88
3304557005191,800.27
3304557005192,844.69
3304557005193,661.12
3304557005194,841.23
3304557005195,860.75
3304557005196,1039.12
3304557005197,1079.37
3304557005198,936.03
3304557005199,911.71
3304557005200,820.98
3304607001001,553.67
3304706003001,426.68
3304706003002,793.0
3304755003001,426.11
3304755003002,315.36
3304805003001,654.18
3304805003002,450.81
3304904005001,706.35
3304904005002,540.94
3304904005003,504.01
3304904005004,705.42
3304904005005,666.21
3305000003001,520.79
3305109005001,575.05
3305109005002,544.96
3305109005003,501.6
3305109005004,634.03
3305109005005,575.9
3305133001001,434.02
3305158001001,494.22
3305208003001,892.52
3305208003002,634.73
3305208003003,510.2
3305208003004,859.66
3305307001001,449.9
3305406001001,560.14
3305505003001,773.57
3305505003002,809.88
3305505003003,520.91
3305505003004,533.39
3305554003001,489.5
3305554003002,558.01
3305554003003,763.56
3305554003004,525.58
3305604001001,482.62
3305703001001,479.8
3305752003001,448.79
3305802003001,1142.03
3305802003002,465.01
3305802003003,1067.74
3305802003004,678.83
3305802003005,465.65
3305802003006,1306.38
3305802003007,876.87
3305802003008,619.66
3305802003009,971.44
3305901001001,544.65
3306008003001,1054.65
3306008003002,577.69
3306008003003,723.15
3306008003004,521.88
3306107003001,740.4
3306107003002,754.22
3306107003003,506.23
3306156001001,457.9
3306206003001,473.89
3306206003002,859.05
3306305005001,852.06
3306305005002,1430.16
3306305005003,1031.45
3306305005004,1157.37
3306305005005,632.03
3306305005006,1251.23
3306305005007,515.77
3306305005008,656.21
3306305005009,453.27
3306305005010,722.99
3500105003001,848.98
3500105003002,882.13
3500204001001,668.67
3500303003001,623.21
3500402001001,815.99
3500501001001,769.73
3500550001001,810.44
3500600001001,1489.33
3500709003001,504.43
3500709003002,810.61
3500758001001,605.94
3500808001001,643.63
3500907001001,608.27
3501004001001,719.31
3501103001001,587.19
3501152001001,787.26
3501202001001,577.93
3501301001001,639.78
3501400001001,537.36
3501509001001,586.99
3501608005001,2061.47
3501608005002,830.96
3501608005003,973.69
3501608005004,1050.51
3501608005005,1345.99
3501608005006,788.53
3501608005007,1199.1
3501608005008,1641.87
3501608005009,1396.19
3501608005010,921.12
3501707003001,623.78
3501707003002,690.35
3501806001001,682.15
3501905003001,789.16
3501905003002,757.24
3501905003003,1087.51
3502002001001,788.59
3502101003001,625.55
3502101003002,1040.47
3502101003003,751.53
3502200001001,612.42
3502309001001,579.19
3502408001001,550.04
3502507003001,722.56
3502507003002,734.82
3502606001001,567.97
3502705001001,523.38
3502754001001,716.43
3502804003001,943.25
3502804003002,691.41
3502804003003,630.24
3502804003004,886.01
3502804003005,601.7
3502804003006,614.59
3502804003007,642.19
3502804003008,1096.59
3502804003009,1021.14
3502804003010,1026.08
3502804003011,1710.19
3502903003001,879.55
3503000001001,697.89
3503109001001,561.41
3503158001001,485.62
3503208005001,1085.05
3503208005002,734.87
3503208005003,1255.99
3503208005004,2027.6
3503208005005,1544.41
3503208005006,1131.1
3503208005007,662.75
3503208005008,563.84
3503208005009,992.14
3503208005010,1016.81
3503208005011,751.82
3503208005012,599.36
3503208005013,588.34
3503208005014,1378.33
3503208005015,918.9
3503307003001,1213.06
3503307003002,517.81
3503307003003,861.08
3503307003004,733.72
3503307003005,768.18
3503307003006,812.11
3503307003007,1381.94
3503356001001,531.0
3503406001001,699.5
3503505001001,421.25
3503604001001,598.34
3503703001001,767.2
3503802003001,594.94
3503802003002,931.75
3503901003001,682.14
3503901003002,1189.24
3503901003003,654.47
3503950001001,570.9
3504008003001,937.78
3504008003002,610.58
3504008003003,1184.7
3504008003004,1004.75
3504107003001,895.85
3504107003002,1124.19
3504107003003,1247.19
3504107003004,1928.79
3504107003005,1145.42
3504107003006,704.63
3504107003007,664.58
3504206001001,759.64
3504305001001,550.28
3504404001001,609.36
3504503003001,744.94
3504503003002,684.83
3504503003003,802.23
3504503003004,995.7
3504602001001,790.07
3504701001001,636.48
3504800001001,822.02
3504909001001,610.76
3505005001001,587.78
3505104001001,573.22
3505203003001,958.34
3505203003002,654.25
3505302003001,975.86
3505302003002,735.52
3505351001001,364.23
3505401001001,434.92
3505500003001,737.17
3505500003002,647.04
3505500003003,1483.86
3505500003004,1166.56
3505500003005,860.92
3505500003006,847.13
3505609003001,591.26
3505609003002,670.86
3505708005001,1062.73
3505708005002,754.32
3505708005003,757.19
3505708005004,652.83
3505708005005,569.58
3505708005006,605.28
3505708005007,708.71
3505708005008,1078.76
3505708005009,726.77
3505708005010,590.79
3505708005011,877.61
3505708005012,5217.54
3505708005013,520.11
3505807001001,598.39
3505906003001,565.5
3505906003002,897.42
3505906003003,942.18
3506003005001,1830.1
3506003005002,1206.49
3506003005003,951.59
3506003005004,2142.41
3506003005005,770.55
3506003005006,709.86
3506003005007,765.79
3506003005008,580.18
3506003005009,645.6
3506003005010,873.73
3506003005011,748.56
3506003005012,562.37
3506003005013,784.09
3506003005014,987.89
3506003005015,632.61
3506003005016,1265.3
3506003005017,2689.78
3506102003001,746.86
3506102003002,1311.13
3506102003003,727.7
3506102003004,653.3
3506201001001,684.72
3506300001001,658.61
3506359003001,756.47
3506359003002,718.55
3506409001001,793.25
3506508003001,724.81
3506508003002,610.43
3506508003003,568.16
3506508003004,960.45
3506508003005,1135.96
3506508003006,696.88
3506607003001,565.95
3506706001001,591.18
3506805001001,779.19
3506904001001,579.67
3507001003001,855.13
3507001003002,862.46
3507100001001,712.03
3507159001001,403.45
3507209001001,651.04
3507308001001,679.16
3507407001001,668.89
3507456001001,594.06
3507506003001,1389.06
3507506003002,687.63
3507506003003,740.23
3507506003004,621.06
3507506003005,1491.99
3507506003006,1332.25
3507506003007,949.7
3507605003001,618.94
3507605003002,2075.52
3507605003003,1103.3
3507605003004,677.5
3507605003005,831.25
3507605003006,721.81
3507605003007,677.51
3507605003008,593.65
3507605003009,898.85
3507704001001,711.63
3507753001001,585.6
3507803001001,739.57
3507902001001,748.27
3508009001001,460.96
3508108001001,734.85
3508207001001,787.82
3508306001001,530.77
3508405003001,672.93
3508405003002,709.53
3508504003001,734.82
3508504003002,1112.44
3508504003003,892.35
3508504003004,667.4
3508603003001,720.01
3508702001001,578.5
3508801001001,669.63
3508900001001,566.71
3509007003001,570.37
3509007003002,734.75
3509007003003,1113.2
3509007003004,682.31
3509106001001,486.71
3509205003001,780.48
3509205003002,620.85
3509205003003,651.05
3509254003001,482.9
3509304001001,685.61
3509403001001,624.52
3509452001001,514.84
3509502005001,1092.62
3509502005002,2170.42
3509502005003,1975.55
3509502005004,2505.59
3509502005005,1839.44
3509502005006,2153.6
3509502005007,1700.41
3509502005008,1539.54
3509502005009,1577.29
3509502005010,2253.93
3509502005011,2983.61
3509502005012,4290.64
3509502005013,2034.69
3509502005014,2132.27
3509502005015,892.3
3509502005016,995.11
3509502005017,752.37
3509502005018,847.11
3509502005019,1070.33
3509502005020,1433.99
3509502005021,879.05
3509502005022,1491.09
3509502005023,1058.26
3509502005024,614.63
3509502005025,583.52
3509502005026,556.58
3509502005027,586.51
3509502005028,754.13
3509502005029,556.34
3509502005030,599.12
3509502005031,594.23
3509502005032,475.12
3509502005033,696.22
3509502005034,692.37
3509502005035,837.02
3509502005036,551.74
3509601003001,721.64
3509601003002,1009.18
3509601003003,934.96
3509601003004,589.16
3509700003001,699.42
3509700003002,630.54
3509809001001,562.43
3509908001001,567.94
3509957001001,485.96
3510005003001,649.8
3510104001001,721.7
3510153001001,524.72
3510203003001,416.61
3510203003002,628.8
3510302001001,541.44
3510401003001,705.54
3510401003002,821.6
3510500003001,691.31
3510500003002,1245.32
3510500003003,952.52
3510500003004,526.85
3510500003005,760.63
3510500003006,526.92
3510609005001,749.36
3510609005002,748.36
3510609005003,566.46
3510609005004,645.25
3510609005005,588.07
3510609005006,812.19
3510609005007,619.67
3510708001001,611.6
3510807003001,792.99
3510807003002,770.49
3510906001001,581.36
3511003001001,569.8
3511102003001,665.56
3511102003002,730.04
3511102003003,653.18
3511102003004,1335.21
3511102003005,919.75
3511102003006,1137.94
3511102003007,965.01
3511201001001,777.95
3511300001001,827.8
3511409001001,687.45
3511508003001,718.18
3511508003002,999.07
3511607001001,645.5
3511706001001,712.17
3511904001001,681.28
3512001001001,696.93
3512100001001,617.26
3512209001001,609.77
3512308001001,734.01
3512407001001,798.11
3512506001001,655.06
3512605001001,473.85
3512704001001,747.91
3512803003001,652.74
3512803003002,761.62
3512803003003,952.24
3512902001001,648.68
3513009003001,2190.25
3513009003002,2412.71
3513009003003,993.76
3513009003004,678.78
3513009003005,681.93
3513009003006,689.91
3513009003007,1476.25
3513009003008,933.29
3513009003009,666.12
3513009003010,579.32
3513108003001,920.57
3513108003002,643.12
3513207001001,702.86
3513306001001,690.8
3513405003001,1170.67
3513405003002,699.18
3513405003003,701.38
3513405003004,589.45
3513504003001,800.94
3513504003002,746.66
3513504003003,472.74
3513504003004,749.89
3513504003005,495.83
3513603001001,451.07
3513702003001,789.38
3513702003002,715.11
3513801005001,589.34
3513801005002,618.05
3513801005003,608.36
3513801005004,603.89
3513801005005,510.16
3513801005006,1075.5
3513801005007,975.0
3513801005008,1106.54
3513801005009,822.86
3513801005010,772.97
3513801005011,554.67
3513801005012,523.03
3513801005013,615.74
3513801005014,509.03
3513801005015,711.53
3513801005016,613.85
3513801005017,556.61
3513801005018,567.9
3513801005019,661.37
3513801005020,658.22
3513801005021,698.7
3513801005022,521.25
3513850001001,547.71
3513900001001,652.02
3514007001001,652.88
3514106001001,710.62
3514205001001,638.63
3514304001001,699.66
3514403003001,875.94
3514403003002,842.32
3514502001001,681.4
3514601001001,726.02
3514700001001,663.91
3514809001001,448.02
3514908001001,612.31
3514924001001,697.54
3514957001001,777.46
3515004005001,481.2
3515004005002,587.67
3515004005003,548.1
3515004005004,597.42
3515004005005,492.68
3515004005006,485.69
3515004005007,484.85
3515004005008,482.84
3515004005009,523.69
3515004005010,762.19
3515004005011,545.18
3515004005012,1063.76
3515103003001,522.57
3515103003002,747.97
3515103003003,531.66
3515129001001,635.35
3515152001001,728.51
3515186003001,1046.76
3515186003002,648.27
3515194001001,569.2
3515202001001,782.38
3515301001001,657.84
3515350001001,474.72
3515400001001,638.53
3515509003001,893.49
3515509003002,675.69
3515509003003,1077.11
3515509003004,756.24
3515608001001,814.73
3515657001001,524.58
3515707003001,533.89
3515707003002,451.8
3515707003003,678.34
3515707003004,491.87
3515707003005,465.11
3515707003006,541.08
3515707003007,501.24
3515707003008,630.48
3515806001001,531.9
3515905001001,742.55
3516002001001,636.12
3516101001001,539.51
3516200005001,476.75
3516200005002,592.14
3516200005003,858.53
3516200005004,1286.37
3516200005005,1037.79
3516200005006,607.15
3516200005007,677.0
3516200005008,1394.43
3516200005009,627.84
3516200005010,880.55
3516200005011,576.98
3516200005012,603.94
3516200005013,678.08
3516200005014,602.55
3516200005015,1007.95
3516200005016,821.92
3516200005017,579.05
3516200005018,732.76
3516200005019,802.68
3516200005020,1500.28
3516200005021,1362.35
3516309003001,496.54
3516309003002,579.89
3516309003003,468.83
3516309003004,401.95
3516309003005,419.96
3516408003001,455.86
3516408003002,498.57
3516408003003,552.11
3516408003004,524.35
3516408003005,695.05
3516408003006,689.96
3516507001001,724.8
3516606001001,593.03
3516705003001,569.78
3516705003002,887.23
3516804001001,736.37
3516853001001,675.53
3516903001001,767.33
3517000001001,621.15
3517109001001,698.37
3517208001001,642.45
3517307001001,549.42
3517406003001,780.81
3517406003002,718.29
3517505001001,698.56
3517604001001,363.45
3517703001001,640.97
3517802001001,622.76
3517901001001,648.12
3518008001001,572.04
3518107001001,601.13
3518206003001,765.07
3518206003002,700.36
3518305001001,716.04
3518404003001,600.47
3518404003002,1025.67
3518404003003,1048.49
3518404003004,786.16
3518503001001,584.62
3518602003001,504.68
3518602003002,782.77
3518701005001,1992.84
3518701005002,715.13
3518701005003,424.42
3518701005004,957.02
3518701005005,525.48
3518701005006,685.46
3518701005007,731.97
3518701005008,710.67
3518701005009,667.85
3518701005010,576.26
3518701005011,631.34
3518701005012,685.59
3518701005013,398.96
3518701005014,555.51
3518701005015,522.64
3518800005001,1856.47
3518800005002,1036.23
3518800005003,644.63
3518800005004,1107.07
3518800005005,790.41
3518800005006,792.33
3518800005007,965.97
3518800005008,811.13
3518800005009,1276.68
3518800005010,1151.9
3518800005011,1341.16
3518800005012,1034.1
3518800005013,652.07
3518800005014,570.4
3518800005015,517.63
3518800005016,452.99
3518800005017,687.16
3518800005018,438.68
3518800005019,460.88
3518800005020,530.58
3518800005021,602.97
3518800005022,609.06
3518800005023,541.53
3518800005024,459.78
3518800005025,515.49
3518800005026,424.81
3518800005027,626.7
3518800005028,426.18
3518800005029,570.86
3518800005030,491.52
3518859001001,639.21
3518909001001,535.9
3519006001001,534.23
3519055001001,1166.51
3519071005001,954.39
3519071005002,737.55
3519071005003,788.12
3519071005004,559.09
3519071005005,627.21
3519071005006,499.25
3519071005007,577.54
3519071005008,627.36
3519071005009,832.26
3519105001001,742.56
3519204001001,628.91
3519253001001,517.57
3519303003001,596.57
3519402001001,759.39
3519501001001,608.35
3519600003001,747.96
3519600003002,682.31
3519709003001,514.41
3519709003002,505.83
3519709003003,713.44
3519808001001,703.47
3519907001001,622.12
3520004001001,586.45
3520103003001,772.1
3520202001001,689.76
3520301003001,531.13
3520400003001,802.47
3520426001001,591.01
3520442001001,1008.85
3520509005001,677.73
3520509005002,801.02
3520509005003,1264.5
3520608001001,671.94
3520707001001,683.08
3520806001001,624.41
3520905001001,663.65
3521002001001,558.57
3521101001001,816.2
3521150001001,682.96
3521200001001,398.0
3521309001001,732.87
3521408001001,812.91
3521507001001,625.83
3521606001001,584.96
3521705001001,470.3
3521804001001,586.07
3521903001001,766.12
3522000001001,608.34
3522109003001,477.63
3522109003002,1030.17
3522109003003,630.47
3522109003004,569.04
3522109003005,628.74
3522158001001,382.04
3522208003001,596.6
3522208003002,440.7
3522208003003,519.67
3522208003004,586.59
3522208003005,484.05
3522208003006,669.92
3522208003007,707.59
3522307003001,972.23
3522307003002,730.99
3522307003003,459.84
3522307003004,720.6
3522307003005,561.77
3522307003006,750.59
3522307003007,988.24
3522406003001,459.09
3522406003002,609.29
3522406003003,598.31
3522406003004,376.34
3522406003005,909.6
3522505005001,748.45
3522505005002,690.59
3522505005003,503.75
3522505005004,442.16
3522505005005,596.17
3522505005006,441.11
3522505005007,518.74
3522505005008,509.15
3522505005009,595.4
3522505005010,499.64
3522505005011,728.93
3522505005012,699.92
3522505005013,473.11
3522604003001,606.79
3522604003002,858.32
3522604003003,854.65
3522653001001,350.84
3522703003001,719.57
3522703003002,764.2
3522802001001,521.24
3522901001001,699.8
3523008001001,521.31
3523107005001,424.18
3523107005002,458.02
3523107005003,505.52
3523107005004,534.01
3523107005005,579.28
3523107005006,623.53
3523107005007,485.18
3523107005008,462.27
3523107005009,504.99
3523107005010,537.53
3523107005011,704.83
3523107005012,438.3
3523107005013,492.37
3523107005014,381.58
3523107005015,428.88
3523107005016,377.93
3523206003001,547.75
3523206003002,550.32
3523305002001,534.32
3523305002002,359.02
3523404003001,1048.09
3523404003002,810.16
3523404003003,733.01
3523404003004,1115.31
3523404003005,1137.72
3523503001001,620.22
3523602001001,733.99
3523701001001,515.23
3523800001001,631.63
3523909003001,1097.27
3523909003002,665.52
3523909003003,548.3
3523909003004,978.28
3523909003005,1214.02
3523909003006,972.17
3523909003007,1048.13
3524006003001,652.57
3524006003002,1005.77
3524105003001,649.98
3524105003002,996.87
3524204001001,581.11
3524303003001,661.18
3524303003002,855.45
3524303003003,1211.88
3524402005001,1079.05
3524402005002,799.84
3524402005003,745.73
3524402005004,602.34
3524402005005,977.94
3524402005006,491.27
3524402005007,919.79
3524402005008,781.63
3524501001001,683.87
3524600001001,566.07
3524709003001,1041.01
3524709003002,940.66
3524808003001,851.46
3524808003002,792.9
3524907001001,787.54
3525003003001,694.61
3525003003002,579.86
3525003003003,611.26
3525003003004,776.95
3525003003005,1066.2
3525102003001,799.71
3525102003002,640.3
3525201001001,712.89
3525300003001,825.84
3525300003002,773.92
3525300003003,807.35
3525300003004,1206.63
3525300003005,893.08
3525300003006,785.98
3525300003007,983.82
3525409001001,585.07
3525508001001,684.91
3525607001001,621.45
3525706003001,865.82
3525706003002,762.25
3525805001001,513.47
3525854001001,746.03
3525904005001,848.52
3525904005002,1125.83
3525904005003,1635.94
3525904005004,977.26
3525904005005,1076.4
3525904005006,1545.85
3525904005007,1537.79
3525904005008,2547.49
3525904005009,2228.05
3525904005010,2882.35
3525904005011,1125.1
3525904005012,790.92
3525904005013,1680.45
3525904005014,685.32
3525904005015,920.18
3525904005016,815.02
3525904005017,1967.71
3525904005018,1000.1
3525904005019,1475.05
3525904005020,1130.69
3525904005021,645.16
3525904005022,1357.09
3525904005023,854.4
3525904005024,937.12
3526001001001,732.89
3526100001001,481.11
3526209003001,481.76
3526308001001,545.24
3526407001001,757.78
3526506001001,619.1
3526605001001,514.37
3526704003001,1324.32
3526704003002,469.49
3526704003003,906.41
3526704003004,572.94
3526704003005,587.52
3526803003001,617.35
3526803003002,957.08
3526803003003,839.34
3526902005001,642.28
3526902005002,1114.27
3526902005003,706.86
3526902005004,682.58
3526902005005,953.51
3526902005006,1585.94
3527009001001,754.46
3527108003001,1297.1
3527108003002,721.19
3527108003003,780.12
3527207003001,443.18
3527207003002,630.7
3527207003003,743.47
3527207003004,1048.2
3527256001001,633.43
3527306003001,1082.34
3527306003002,722.18
3527405001001,698.86
3527504001001,764.74
3527603001001,662.74
3527702001001,583.14
3527801001001,561.15
3527900001001,591.23
3528007001001,747.45
3528106001001,699.58
3528205001001,635.76
3528304001001,734.2
3528403003001,674.12
3528403003002,708.63
3528502003001,656.53
3528502003002,681.02
3528502003003,1101.7
3528601001001,665.54
3528700001001,488.9
3528809001001,684.77
3528858001001,779.42
3528908001001,562.49
3529005005001,556.46
3529005005002,637.27
3529005005003,683.8
3529005005004,1515.74
3529005005005,504.6
3529005005006,578.58
3529005005007,1056.16
3529005005008,1613.97
3529005005009,1196.09
3529005005010,769.77
3529104001001,571.36
3529203001001,618.59
3529302003001,653.96
3529302003002,584.39
3529302003003,796.84
3529302003004,932.06
3529401005001,1215.19
3529401005002,549.73
3529401005003,525.4
3529401005004,1085.87
3529401005005,727.99
3529401005006,663.17
3529401005007,451.54
3529401005008,607.99
3529401005009,676.04
3529401005010,541.6
3529401005011,413.66
3529401005012,654.38
3529401005013,694.2
3529401005014,563.0
3529401005015,670.31
3529401005016,994.76
3529401005017,785.36
3529401005018,663.8
3529401005019,778.03
3529401005020,518.22
3529401005021,566.16
3529500001001,718.52
3529609001001,675.04
3529658001001,563.81
3529708001001,653.67
3529807001001,673.57
3529906001001,453.14
3530003001001,626.11
3530102003001,730.8
3530201001001,526.15
3530300003001,824.73
3530300003002,863.43
3530409001001,608.66
3530508003001,806.95
3530508003002,559.63
3530508003003,954.4
3530508003004,684.89
3530607005001,1473.39
3530607005002,669.69
3530607005003,657.32
3530607005004,1635.59
3530607005005,1051.48
3530607005006,619.87
3530607005007,1071.33
3530607005008,483.19
3530607005009,616.93
3530607005010,657.44
3530607005011,754.25
3530607005012,598.77
3530607005013,980.71
3530607005014,458.86
3530607005015,575.95
3530607005016,1235.78
3530607005017,774.01
3530607005018,524.09
3530607005019,915.2
3530607005020,1058.86
3530607005021,765.22
3530607005022,1144.62
3530607005023,369.49
3530607005024,1987.74
3530706003001,756.95
3530706003002,479.9
3530706003003,601.15
3530706003004,653.97
3530706003005,942.21
3530706003006,1094.21
3530706003007,1023.39
3530706003008,620.9
3530805003001,1133.31
3530805003002,986.43
3530805003003,943.03
3530805003004,663.29
3530904001001,665.33
3531001001001,758.24
3531100003001,701.89
3531100003002,603.64
3531209001001,886.53
3531308003001,894.44
3531308003002,774.96
3531407001001,884.98
3531506001001,794.01
3531605001001,627.24
3531704001001,637.45
3531803003001,819.0
3531803003002,537.24
3531902003001,667.59
3532009001001,772.26
3532058001001,565.15
3532108001001,634.14
3532157001001,547.73
3532207001001,535.18
3532306001001,474.58
3532405001001,563.66
3532504001001,782.5
3532603001001,817.71
3532702001001,692.73
3532801001001,707.2
3532827001001,340.35
3532843001001,556.11
3532868001001,682.9
3532900001001,710.18
3533007001001,716.78
3533106001001,615.51
3533205001001,653.49
3533254001001,680.04
3533304001001,697.13
3533403003001,776.66
3533403003002,908.23
3533502003001,582.96
3533502003002,921.66
3533601001001,765.18
3533700001001,575.14
3533809001001,617.72
3533908003001,606.63
3533908003002,976.94
3534005001001,632.05
3534104001001,703.79
3534203001001,751.29
3534302003001,648.84
3534302003002,980.32
3534401005001,518.1
3534401005002,629.63
3534401005003,795.6
3534401005004,586.42
3534401005005,526.14
3534401005006,565.88
3534401005007,1069.93
3534401005008,1284.69
3534401005009,1630.71
3534401005010,2201.05
3534401005011,1015.54
3534401005012,840.74
3534401005013,564.86
3534401005014,735.35
3534401005015,614.06
3534401005016,1028.76
3534401005017,676.77
3534401005018,698.08
3534500001001,636.68
3534609003001,869.4
3534609003002,631.97
3534708003001,699.35
3534708003002,781.25
3534708003003,704.76
3534708003004,1350.59
3534708003005,566.48
3534757001001,733.81
3534807001001,511.35
3534906001001,669.35
3535002001001,700.26
3535101001001,648.22
3535200001001,670.9
3535309001001,684.97
3535408001001,654.96
3535507003001,541.78
3535507003002,770.35
3535606001001,642.35
3535705001001,847.2
3535804001001,616.26
3535903001001,628.55
3536000001001,603.62
3536109001001,694.48
3536208001001,582.29
3536257001001,656.49
3536307001001,642.65
3536406001001,611.73
3536505003001,922.54
3536505003002,949.27
3536505003003,805.73
3536505003004,1682.37
3536570001001,578.57
3536604001001,647.32
3536703003001,697.98
3536703003002,736.63
3536802001001,540.04
3536901001001,629.1
3537008001001,665.16
3537107003001,808.4
3537107003002,757.36
3537156001001,749.37
3537206001001,503.63
3537305003001,721.22
3537305003002,1038.7
3537305003003,619.99
3537404003001,689.61
3537503001001,697.62
3537602003001,791.44
3537602003002,600.5
3537602003003,681.24
3537701001001,577.62
3537800003001,452.54
3537800003002,687.46
3537909001001,543.54
3538006003001,595.43
3538006003002,1665.53
3538006003003,562.14
3538006003004,973.08
3538006003005,585.27
3538006003006,931.7
3538006003007,598.23
3538105001001,761.09
3538204001001,646.64
3538303001001,546.22
3538501001001,677.61
3538600001001,691.7
3538709005001,2274.17
3538709005002,1681.05
3538709005003,1760.6
3538709005004,1611.35
3538709005005,568.92
3538709005006,586.42
3538709005007,1616.59
3538709005008,731.37
3538709005009,592.2
3538709005010,453.48
3538709005011,785.65
3538709005012,1605.4
3538709005013,1306.12
3538709005014,1023.61
3538709005015,845.44
3538709005016,864.07
3538709005017,850.4
3538709005018,642.86
3538709005019,1480.09
3538709005020,741.48
3538808003001,583.97
3538808003002,877.61
3538907001001,730.34
3539004001001,829.09
3539103001001,534.0
3539202001001,679.08
3539301003001,803.89
3539301003002,724.05
3539301003003,1045.49
3539301003004,1244.4
3539400001001,883.57
3539509003001,557.74
3539509003002,730.37
3539608001001,633.56
3539707001001,554.05
3539806003001,582.35
3539806003002,578.19
3539806003003,762.63
3539806003004,584.93
3539806003005,746.53
3539905001001,816.85
3540002001001,811.06
3540101001001,676.52
3540200003001,783.85
3540200003002,613.88
3540259001001,562.93
3540309001001,698.39
3540408001001,618.32
3540507001001,632.15
3540606003001,863.03
3540606003002,660.04
3540705003001,846.05
3540705003002,672.96
3540754001001,490.1
3540804001001,800.16
3540853001001,500.29
3540903001001,753.9
3541000005001,1313.15
3541000005002,1215.2
3541000005003,1068.74
3541000005004,885.82
3541000005005,555.29
3541000005006,456.58
3541000005007,495.55
3541000005008,593.75
3541000005009,527.76
3541000005010,696.2
3541059001001,616.03
3541109001001,636.51
3541208001001,695.0
3541307003001,624.73
3541307003002,688.26
3541406005001,1986.97
3541406005002,1353.6
3541406005003,1105.02
3541406005004,1874.3
3541406005005,813.11
3541406005006,895.13
3541406005007,651.91
3541406005008,1633.88
3541406005009,518.41
3541406005010,790.49
3541406005011,537.44
3541406005012,493.06
3541505003001,615.17
3541505003002,969.51
3541604003001,654.79
3541604003002,721.12
3541653001001,677.86
3541703001001,680.19
3541802001001,547.05
3541901001001,549.11
3542008001001,584.16
3542107001001,683.84
3542206003001,692.47
3542206003002,676.49
3542305001001,460.24
3542404001001,731.53
3542503001001,698.01
3542602003001,579.4
3542602003002,766.91
3542701001001,536.27
3542800001001,434.37
3542909001001,685.49
3543006001001,345.65
3543105001001,612.31
3543204001001,685.95
3543238001001,502.49
3543253001001,436.45
3543303003001,728.09
3543303003002,677.04
3543303003003,918.7
3543303003004,956.26
3543303003005,703.93
3543303003006,976.99
3543402005001,2523.6
3543402005002,994.77
3543402005003,623.0
3543402005004,666.53
3543402005005,727.8
3543402005006,831.51
3543402005007,1485.52
3543402005008,1692.15
3543402005009,1490.43
3543402005010,886.21
3543402005011,880.97
3543402005012,1116.31
3543402005013,841.55
3543402005014,648.24
3543402005015,2247.86
3543402005016,3036.8
3543402005017,669.41
3543402005018,700.44
3543402005019,2312.8
3543501001001,424.41
3543600001001,688.91
3543709001001,643.3
3543808001001,606.76
3543907003001,598.11
3543907003002,591.88
3543907003003,1489.43
3543907003004,839.12
3543907003005,917.87
3543907003006,985.19
3543907003007,937.75
3543907003008,631.2
3543907003009,660.33
3543907003010,1179.91
3544004003001,784.23
3544103003001,542.74
3544103003002,606.18
3544202001001,600.64
3544251001001,681.58
3544301001001,635.76
3544400001001,658.73
3544509001001,632.52
3544608001001,676.59
3544707001001,570.95
3544806001001,678.18
3544905001001,784.71
3545001001001,605.94
3545100001001,526.92
3545159001001,930.74
3545209003001,823.64
3545209003002,1065.33
3545209003003,708.52
3545209003004,743.31
3545209003005,913.24
3545209003006,902.16
3545308003001,636.06
3545308003002,630.14
3545407001001,557.58
3545506001001,549.48
3545605001001,810.76
3545704001001,694.96
3545803003001,1095.93
3545803003002,630.42
3545803003003,1244.08
3545803003004,731.32
3545803003005,719.49
3545803003006,778.71
3545803003007,830.09
3545803003008,824.92
3546009001001,679.86
3546108001001,669.81
3546207001001,1012.23
3546256001001,733.18
3546306003001,749.23
3546306003002,646.24
3546405003001,831.78
3546405003002,797.64
3546504001001,675.09
3546603003001,752.53
3546603003002,895.34
3546702001001,726.07
3546801003001,577.55
3546801003002,688.52
3546900001001,645.56
3547007001001,559.94
3547106001001,588.08
3547205001001,820.58
3547304003001,552.3
3547304003002,529.95
3547304003003,1406.06
3547304003004,2820.4
3547403001001,630.24
3547502003001,864.72
3547601001001,731.82
3547650001001,712.38
3547700001001,663.73
3547809005001,2358.19
3547809005002,1050.82
3547809005003,2431.47
3547809005004,504.86
3547809005005,2799.1
3547809005006,761.54
3547809005007,768.61
3547809005008,1634.65
3547809005009,1195.93
3547809005010,764.91
3547809005011,540.58
3547809005012,1207.46
3547809005013,595.26
3547809005014,725.38
3547809005015,1246.87
3547809005016,977.92
3547809005017,1038.79
3547809005018,1293.13
3547809005019,1197.66
3547809005020,981.31
3547809005021,784.13
3547809005022,760.21
3547809005023,1294.58
3547908001001,592.12
3548005001001,683.11
3548054001001,641.53
3548104001001,646.06
3548203001001,694.41
3548302001001,563.83
3548401001001,574.59
3548500005001,452.98
3548500005002,679.51
3548500005003,753.15
3548500005004,620.38
3548500005005,2471.26
3548500005006,2104.4
3548500005007,1456.14
3548500005008,895.99
3548609001001,598.41
3548708005001,716.63
3548708005002,1261.65
3548708005003,1130.71
3548708005004,543.26
3548708005005,1880.61
3548708005006,2132.39
3548708005007,1509.88
3548708005008,636.3
3548708005009,535.95
3548708005010,855.9
3548708005011,627.08
3548708005012,1156.05
3548708005013,1269.81
3548708005014,480.36
3548708005015,593.1
3548708005016,1720.59
3548708005017,616.08
3548708005018,1709.09
3548708005019,1260.81
3548807003001,1299.49
3548807003002,1205.88
3548807003003,3229.37
3548807003004,2178.64
3548807003005,1862.43
3548807003006,1789.98
3548807003007,1382.28
3548807003008,1552.96
3548906005001,1767.58
3548906005002,2005.9
3548906005003,897.01
3548906005004,774.25
3548906005005,1474.9
3548906005006,925.42
3548906005007,696.35
3548906005008,462.3
3548906005009,871.19
3548906005010,989.82
3548906005011,1944.55
3548906005012,824.6
3548906005013,1079.04
3548906005014,991.99
3549003001001,558.44
3549102003001,980.51
3549102003002,988.01
3549102003003,703.33
3549102003004,640.4
3549102003005,1215.36
3549201001001,543.8
3549250001001,603.97
3549300001001,687.08
3549409003001,739.01
3549409003002,918.47
3549508001001,607.44
3549607001001,537.65
3549706003001,788.28
3549706003002,735.93
3549805005001,2686.65
3549805005002,1317.77
3549805005003,881.7
3549805005004,1027.47
3549805005005,1129.61
3549805005006,1501.6
3549805005007,2496.13
3549805005008,1334.85
3549805005009,1157.19
3549805005010,1124.86
3549805005011,735.16
3549805005012,842.96
3549805005013,581.93
3549805005014,733.99
3549805005015,592.46
3549805005016,513.62
3549805005017,751.7
3549805005018,1050.3
3549805005019,1149.91
3549805005020,709.89
3549805005021,1970.25
3549805005022,632.98
3549805005023,689.08
3549904005001,1078.88
3549904005002,3197.71
3549904005003,892.63
3549904005004,906.24
3549904005005,574.86
3549904005006,751.69
3549904005007,599.18
3549904005008,665.29
3549904005009,2760.66
3549904005010,768.81
3549904005011,535.62
3549904005012,1352.7
3549904005013,984.52
3549953001001,594.21
3550001001001,543.15
3550100003001,801.81
3550100003002,693.77
3550209003001,448.58
3550209003002,587.05
3550308005001,1023.44
3550308005002,1820.03
3550308005003,1538.38
3550308005004,1063.24
3550308005005,1102.55
3550308005006,1976.43
3550308005007,2467.26
3550308005008,2079.58
3550308005009,2546.35
3550308005010,2782.7
3550308005011,2937.05
3550308005012,3787.83
3550308005013,4272.28
3550308005014,1782.74
3550308005015,1095.12
3550308005016,1515.41
3550308005017,1953.78
3550308005018,2373.21
3550308005019,2025.56
3550308005020,3174.59
3550308005021,4230.1
3550308005022,5053.68
3550308005023,4968.8
3550308005024,5375.42
3550308005025,4828.64
3550308005026,4098.91
3550308005027,2075.03
3550308005028,3723.75
3550308005029,3010.89
3550308005030,1628.59
3550308005031,1403.89
3550308005032,1320.58
3550308005033,1058.55
3550308005034,1136.45
3550308005035,729.18
3550308005036,2126.76
3550308005037,2761.62
3550308005038,2471.39
3550308005039,1763.71
3550308005040,1858.63
3550308005041,1141.97
3550308005042,1683.15
3550308005043,1940.89
3550308005044,1920.16
3550308005045,2595.62
3550308005046,3916.62
3550308005047,3334.05
3550308005048,2666.33
3550308005049,6022.59
3550308005050,4587.35
3550308005051,5436.44
3550308005052,3629.15
3550308005053,4777.92
3550308005054,3685.43
3550308005055,3889.52
3550308005056,3661.51
3550308005057,2770.58
3550308005058,2452.52
3550308005059,2946.65
3550308005060,947.24
3550308005061,1224.54
3550308005062,1037.38
3550308005063,2630.46
3550308005064,1916.97
3550308005065,2236.58
3550308005066,1371.2
3550308005067,936.02
3550308005068,843.8
3550308005069,696.8
3550308005070,966.89
3550308005071,1069.02
3550308005072,752.22
3550308005073,996.0
3550308005074,1281.46
3550308005075,1261.29
3550308005076,1068.73
3550308005077,1603.62
3550308005078,1149.49
3550308005079,942.62
3550308005080,1136.27
3550308005081,1029.31
3550308005082,1026.69
3550308005083,1222.68
3550308005084,1305.0
3550308005085,1368.86
3550308005086,576.44
3550308005087,1134.12
3550308005088,987.42
3550308005089,999.25
3550308005090,1268.92
3550308005091,932.66
3550308005092,2630.31
3550308005093,1895.07
3550308005094,2331.29
3550308005095,1284.83
3550308005096,2722.34
3550308005097,1029.56
3550308005098,5228.24
3550308005099,4773.86
3550308005100,2969.83
3550308005101,4442.89
3550308005102,4141.69
3550308005103,4058.31
3550308005104,4582.37
3550308005105,2577.42
3550308005106,4363.2
3550308005107,3502.93
3550308005108,1358.16
3550308005109,1096.72
3550308005110,1351.18
3550308005111,650.13
3550308005112,1182.44
3550308005113,1233.61
3550308005114,810.69
3550308005115,727.16
3550308005116,1272.64
3550308005117,1370.16
3550308005118,883.1
3550308005119,832.14
3550308005120,755.3
3550308005121,707.76
3550308005122,545.89
3550308005123,569.24
3550308005124,1007.8
3550308005125,958.67
3550308005126,564.63
3550308005127,610.08
3550308005128,1073.81
3550308005129,1648.39
3550308005130,1625.29
3550308005131,1640.08
3550308005132,1182.52
3550308005133,1401.42
3550308005134,850.75
3550308005135,501.49
3550308005136,622.24
3550308005137,702.82
3550308005138,779.15
3550308005139,548.21
3550308005140,798.21
3550308005141,828.88
3550308005142,970.13
3550308005143,814.12
3550308005144,1154.02
3550308005145,1061.55
3550308005146,824.27
3550308005147,1037.46
3550308005148,927.41
3550308005149,743.67
3550308005150,809.91
3550308005151,833.18
3550308005152,772.3
3550308005153,966.41
3550308005154,731.22
3550308005155,732.79
3550308005156,640.52
3550308005157,619.63
3550308005158,915.44
3550308005159,879.1
3550308005160,633.09
3550308005161,612.65
3550308005162,924.62
3550308005163,635.63
3550308005164,687.3
3550308005165,618.4
3550308005166,631.56
3550308005167,624.54
3550308005168,469.32
3550308005169,1503.05
3550308005170,1338.45
3550308005171,2071.56
3550308005172,2523.39
3550308005173,4111.86
3550308005174,2925.58
3550308005175,492.58
3550308005176,3617.26
3550308005177,3286.14
3550308005178,2646.93
3550308005179,1979.6
3550308005180,2137.49
3550308005181,1367.74
3550308005182,1505.87
3550308005183,1107.25
3550308005184,1823.9
3550308005185,710.8
3550308005186,540.36
3550308005187,835.04
3550308005188,640.65
3550308005189,492.9
3550308005190,514.01
3550308005191,574.1
3550308005192,859.94
3550308005193,710.59
3550308005194,522.23
3550308005195,650.4
3550308005196,779.17
3550308005197,625.05
3550308005198,729.74
3550308005199,556.93
3550308005200,733.84
3550308005201,763.21
3550308005202,853.24
3550308005203,817.2
3550308005204,837.67
3550308005205,724.87
3550308005206,622.17
3550308005207,631.81
3550308005208,778.02
3550308005209,622.23
3550308005210,528.22
3550308005211,497.62
3550308005212,693.68
3550308005213,773.35
3550308005214,507.98
3550308005215,531.16
3550308005216,648.35
3550308005217,787.76
3550308005218,708.88
3550308005219,1006.83
3550308005220,2059.28
3550308005221,654.44
3550308005222,765.51
3550308005223,676.12
3550308005224,629.01
3550308005225,670.29
3550308005226,616.8
3550308005227,537.61
3550308005228,963.35
3550308005229,641.39
3550308005230,713.39
3550308005231,736.28
3550308005232,673.19
3550308005233,640.15
3550308005234,919.63
3550308005235,835.22
3550308005236,665.79
3550308005237,1053.39
3550308005238,1100.2
3550308005239,780.17
3550308005240,864.93
3550308005241,693.58
3550308005242,611.21
3550308005243,513.2
3550308005244,525.77
3550308005245,432.3
3550308005246,546.13
3550308005247,458.1
3550308005248,554.84
3550308005249,655.66
3550308005250,542.02
3550308005251,491.87
3550308005252,483.71
3550308005253,729.97
3550308005254,449.44
3550308005255,422.31
3550308005256,489.78
3550308005257,504.0
3550308005258,471.1
3550308005259,475.45
3550308005260,515.38
3550308005261,729.95
3550308005262,638.47
3550308005263,840.47
3550308005264,638.84
3550308005265,607.62
3550308005266,591.32
3550308005267,475.77
3550308005268,450.05
3550308005269,522.69
3550308005270,446.2
3550308005271,470.94
3550308005272,528.04
3550308005273,540.23
3550308005274,555.16
3550308005275,530.0
3550308005276,480.26
3550308005277,420.21
3550308005278,466.73
3550308005279,505.11
3550308005280,569.79
3550308005281,446.13
3550308005282,511.27
3550308005283,616.39
3550308005284,605.85
3550308005285,527.35
3550308005286,622.32
3550308005287,812.34
3550308005288,474.9
3550308005289,474.04
3550308005290,410.24
3550308005291,514.5
3550308005292,515.09
3550308005293,521.97
3550308005294,557.39
3550308005295,594.18
3550308005296,534.84
3550308005297,608.7
3550308005298,416.52
3550308005299,595.55
3550308005300,482.33
3550308005301,467.67
3550308005302,407.14
3550308005303,479.83
3550308005304,454.45
3550308005305,1027.43
3550308005306,471.35
3550308005307,574.06
3550308005308,1295.23
3550308005309,549.68
3550308005310,1733.13
3550407003001,730.17
3550407003002,827.36
3550506001001,544.39
3550605003001,763.15
3550605003002,1016.52
3550605003003,836.64
3550704003001,632.57
3550704003002,1404.31
3550704003003,719.26
3550704003004,660.37
3550803001001,638.25
3550902001001,749.39
3551009005001,489.86
3551009005002,703.82
3551009005003,1593.38
3551009005004,715.21
3551009005005,773.71
3551009005006,517.03
3551009005007,819.96
3551009005008,1142.2
3551009005009,577.88
3551009005010,461.55
3551009005011,557.7
3551108001001,617.64
3551207001001,522.83
3551306001001,789.26
3551405001001,599.45
3551504003001,582.83
3551504003002,740.65
3551603003001,893.76
3551702003001,1563.52
3551702003002,731.73
3551702003003,660.86
3551702003004,838.31
3551702003005,654.08
3551702003006,1119.3
3551801001001,456.53
3551900001001,633.66
3552007001001,524.73
3552106003001,622.19
3552106003002,864.32
3552205005001,1229.16
3552205005002,744.65
3552205005003,856.38
3552205005004,709.53
3552205005005,2278.28
3552205005006,1098.96
3552205005007,576.58
3552205005008,722.41
3552205005009,558.82
3552205005010,2012.12
3552205005011,1202.91
3552205005012,1005.76
3552205005013,671.19
3552205005014,545.04
3552205005015,768.11
3552205005016,1048.7
3552205005017,1881.43
3552205005018,1183.83
3552205005019,670.84
3552304001001,715.58
3552403005001,634.68
3552403005002,640.91
3552403005003,652.41
3552403005004,1190.12
3552403005005,1108.91
3552403005006,1076.23
3552403005007,639.53
3552403005008,583.1
3552403005009,593.31
3552403005010,686.77
3552403005011,712.64
3552403005012,741.64
3552403005013,1578.83
3552403005014,550.52
3552403005015,696.88
3552502005001,763.14
3552502005002,470.84
3552502005003,486.23
3552551001001,525.92
3552601001001,740.2
3552700001001,670.29
3552809005001,1129.01
3552809005002,1205.02
3552809005003,1393.14
3552809005004,908.26
3552809005005,814.15
3552809005006,605.81
3552809005007,558.92
3552809005008,508.31
3552809005009,574.1
3552809005010,576.7
3552908001001,602.98
3553005001001,603.27
3553104001001,626.2
3553203001001,803.37
3553302001001,711.65
3553401003001,756.7
3553500001001,492.43
3553609001001,622.68
3553658001001,704.69
3553708003001,479.78
3553708003002,640.23
3553708003003,1000.55
3553807001001,578.16
3553856001001,402.78
3553906001001,533.92
3553955001001,671.13
3554003003001,801.12
3554003003002,855.32
3554003003003,694.03
3554003003004,750.82
3554102003001,1090.08
3554102003002,774.65
3554102003003,683.03
3554102003004,621.62
3554102003005,789.94
3554102003006,664.75
3554102003007,1029.28
3554102003008,860.93
3554102003009,1365.56
3554102003010,746.36
3554102003011,1143.83
3554102003012,1186.19
3554102003013,1436.01
3554102003014,765.64
3554201001001,483.85
3554300001001,587.4
3554409001001,689.02
3554508003001,822.39
3554508003002,944.28
3554607001001,553.32
3554656001001,574.85
3554706001001,746.96
3554755001001,562.6
3554805003001,699.88
3554805003002,1033.72
3554904001001,657.96
3554953001001,647.57
3555000003001,990.52
3555000003002,744.21
3555000003003,708.8
3555109001001,824.45
3555208001001,750.29
3555307001001,694.83
3555356001001,571.56
3555406003001,571.11
3555406003002,574.73
3555406003003,815.84
3555406003004,670.9
3555505001001,609.15
3555604001001,681.33
3555703001001,663.53
3555802001001,669.47
3555901001001,559.61
3556008001001,767.35
3556107001001,672.86
3556206003001,1037.19
3556206003002,1229.8
3556206003003,1523.86
3556206003004,1298.44
3556206003005,1886.85
3556305001001,710.72
3556354001001,642.95
3556404003001,536.61
3556404003002,770.65
3556453003001,1032.62
3556453003002,660.67
3556503003001,540.43
3556503003002,511.19
3556503003003,724.81
3556503003004,738.41
3556602001001,695.14
3556701003001,2208.05
3556701003002,1027.71
3556701003003,1488.91
3556800001001,718.83
3556909001001,792.53
3556958001001,583.61
3557006003001,646.33
3557006003002,623.4
3557006003003,688.52
3557006003004,856.2
3557006003005,861.66
3557006003006,762.35
3557105003001,1187.89
3557105003002,872.61
3557105003003,790.64
3557105003004,782.97
3557105003005,943.41
3557154001001,634.85
3557204001001,675.35
3557303001001,670.44
4100103001001,508.25
4100202001001,431.71
4100301001001,497.35
4100400003001,685.47
4100400003002,563.59
4100400003003,584.06
4100400003004,762.61
4100459001001,456.49
4100509001001,602.33
4100608001001,556.23
4100707001001,534.86
4100806001001,611.07
4100905001001,481.0
4101002001001,599.28
4101051001001,526.22
4101101001001,590.27
4101150001001,638.32
4101200001001,588.21
4101309001001,402.69
4101408003001,578.3
4101408003002,1220.02
4101408003003,878.62
4101408003004,560.99
4101408003005,518.04
4101408003006,884.87
4101408003007,816.43
4101507003001,716.03
4101507003002,561.46
4101507003003,1237.82
4101507003004,719.28
4101507003005,956.04
4101507003006,643.22
4101606001001,629.4
4101655001001,425.75
4101705001001,573.8
4101804003001,644.05
4101804003002,685.28
4101804003003,840.99
4101804003004,1070.31
4101804003005,745.86
4101804003006,709.91
4101853001001,445.27
4101903001001,621.58
4102000003001,485.91
4102000003002,723.51
4102109001001,705.66
4102208001001,682.82
4102307001001,624.3
4102406003001,524.84
4102406003002,701.97
4102505001001,495.48
4102604001001,636.56
4102703001001,555.15
4102752001001,540.13
4102802001001,682.77
4102901001001,438.1
4103008001001,593.25
4103024001001,552.43
4103040001001,419.89
4103057001001,516.74
4103107001001,551.57
4103156001001,459.64
4103206001001,576.32
4103222001001,624.16
4103305001001,585.81
4103354001001,579.77
4103370001001,565.9
4103404001001,608.19
4103453001001,706.78
4103479001001,565.9
4103503001001,615.72
4103602001001,600.89
4103701003001,581.72
4103701003002,943.98
4103701003003,536.31
4103701003004,654.31
4103701003005,807.43
4103800001001,643.31
4103909001001,544.82
4103958001001,352.49
4104006003001,635.85
4104006003002,708.17
4104055001001,510.92
4104105001001,511.93
4104204003001,968.66
4104204003002,637.51
4104204003003,669.97
4104204003004,666.76
4104204003005,870.34
4104253001001,579.17
4104303003001,927.96
4104303003002,933.98
4104303003003,493.91
4104303003004,1438.09
4104303003005,685.76
4104402001001,406.54
4104428001001,464.13
4104451001001,434.37
4104501001001,674.99
4104600001001,650.39
4104659001001,725.38
4104709001001,578.53
4104808005001,661.75
4104808005002,674.79
4104808005003,775.03
4104808005004,540.01
4104808005005,1153.74
4104808005006,1247.92
4104808005007,552.81
4104808005008,590.48
4104808005009,964.87
4104808005010,906.39
4104808005011,1298.96
4104808005012,1204.22
4104808005013,2145.26
4104808005014,1028.87
4104808005015,604.2
4104808005016,492.12
4104808005017,588.37
4104907003001,739.31
4104907003002,624.7
4104907003003,532.75
4105003001001,513.21
4105102001001,549.27
4105201001001,365.95
4105300001001,699.1
4105409001001,730.48
4105508003001,1517.18
4105508003002,832.68
4105508003003,659.57
4105508003004,641.3
4105607001001,716.25
4105706001001,611.5
4105805005001,773.4
4105805005002,698.07
4105805005003,712.53
4105805005004,668.17
4105805005005,714.52
4105805005006,694.1
4105805005007,515.6
4105805005008,706.72
4105805005009,691.26
4105805005010,596.19
4105805005011,699.65
4105904001001,798.09
4106001001001,447.92
4106100001001,551.12
4106209001001,610.66
4106308001001,704.81
4106407003001,906.09
4106407003002,725.43
4106456001001,371.31
4106506001001,655.72
4106555001001,426.64
4106571001001,633.17
4106605001001,601.16
4106704001001,562.62
4106803001001,388.56
4106852001001,465.96
4106902005001,1537.93
4106902005002,3848.25
4106902005003,2370.52
4106902005004,1434.11
4106902005005,3231.23
4106902005006,3306.44
4106902005007,1245.31
4106902005008,1598.36
4106902005009,2156.09
4106902005010,1068.99
4106902005011,1046.98
4106902005012,1270.75
4106902005013,2217.89
4106902005014,2782.33
4106902005015,1113.45
4106902005016,1483.92
4106902005017,1701.34
4106902005018,1516.69
4106902005019,1984.42
4106902005020,697.48
4106902005021,862.42
4106902005022,1038.21
4106902005023,776.75
4106902005024,1400.58
4106902005025,809.99
4106902005026,1160.53
4106902005027,1341.96
4106902005028,890.09
4106902005029,956.28
4106902005030,4064.5
4106902005031,2437.65
4106902005032,1012.28
4106902005033,1192.46
4106902005034,2956.82
4106902005035,1976.0
4106902005036,1846.66
4106902005037,1789.7
4106902005038,982.12
4106902005039,1226.28
4106902005040,1126.58
4106902005041,588.94
4106902005042,705.75
4106902005043,620.74
4106902005044,748.69
4106902005045,687.05
4106902005046,726.07
4106902005047,843.76
4106902005048,634.22
4106902005049,860.49
4106902005050,688.39
4106902005051,824.28
4106902005052,939.5
4106902005053,2447.75
4106902005054,784.83
4106902005055,1351.37
4107009001001,473.43
4107108001001,607.81
4107124001001,360.99
4107157001001,463.48
4107207003001,977.96
4107207003002,661.86
4107256001001,740.15
4107306001001,659.01
4107405001001,824.35
4107504001001,655.46
4107520001001,578.07
4107538001001,975.97
4107546001001,473.05
4107553001001,513.01
4107603001001,576.7
4107652003001,697.04
4107652003002,738.16
4107652003003,524.53
4107652003004,569.52
4107702001001,538.46
4107736001001,411.87
4107751001001,523.1
4107801001001,741.31
4107850001001,524.95
4107900001001,693.06
4108007001001,581.95
4108106001001,675.9
4108205001001,600.94
4108304003001,463.71
4108304003002,495.1
4108304003003,558.48
4108304003004,499.58
4108304003005,689.05
4108304003006,727.97
4108304003007,1036.98
4108304003008,663.69
4108304003009,867.21
4108304003010,1272.7
4108304003011,1446.9
4108320001001,547.18
4108403003001,694.93
4108403003002,641.96
4108403003003,644.43
4108403003004,1530.15
4108403003005,785.76
4108452001001,482.54
4108502001001,442.31
4108551001001,432.22
4108601003001,601.58
4108601003002,725.41
4108650001001,325.33
4108700001001,439.09
4108809003001,560.93
4108809003002,811.21
4108908001001,600.61
4108957001001,462.78
4109005001001,515.6
4109104001001,593.31
4109203001001,622.63
4109302001001,599.8
4109401003001,738.9
4109401003002,453.64
4109401003003,553.12
4109401003004,403.63
4109401003005,1002.18
4109401003006,889.53
4109401003007,1252.95
4109401003008,905.39
4109401003009,501.47
4109500001001,339.16
4109609003001,917.36
4109609003002,564.32
4109658001001,484.79
4109708003001,585.45
4109757001001,518.41
4109807003001,559.95
4109807003002,762.6
4109906001001,536.49
4110003001001,669.56
4110052001001,520.12
4110078001001,457.0
4110102003001,580.93
4110102003002,428.41
4110201001001,380.05
4110300001001,548.77
4110409001001,692.04
4110508001001,520.64
4110607001001,597.04
4110656001001,521.45
4110706003001,466.56
4110706003002,653.59
4110706003003,782.36
4110805001001,506.67
4110904001001,553.98
4110953001001,681.12
4111001001001,539.57
4111100001001,628.1
4111209001001,648.03
4111258001001,478.62
4111308001001,497.81
4111407001001,480.41
4111506003001,609.0
4111506003002,676.3
4111555001001,602.94
4111605001001,627.84
4111704001001,561.38
4111803003001,503.66
4111803003002,812.23
4111902001001,665.94
4112009003001,456.62
4112009003002,809.41
4112108001001,752.07
4112207001001,570.24
4112306001001,550.82
4112405001001,683.6
4112504001001,459.14
4112603001001,527.45
4112702001001,511.15
4112751001001,533.91
4112801001001,643.23
4112900001001,484.3
4112959001001,560.07
4113007001001,651.34
4113106001001,532.91
4113205003001,600.07
4113205003002,624.64
4113254001001,320.32
4113304003001,879.05
4113304003002,455.82
4113403001001,547.79
4113429001001,504.51
4113452001001,449.12
4113502001001,724.07
4113601001001,705.38
4113700005001,1700.21
4113700005002,502.11
4113700005003,856.41
4113700005004,679.57
4113700005005,1120.37
4113700005006,1114.29
4113734001001,492.01
4113759001001,483.25
4113809001001,616.54
4113908001001,540.97
4114005001001,600.08
4114104001001,702.69
4114203003001,672.33
4114203003002,731.18
4114302001001,553.58
4114351001001,461.81
4114401001001,536.33
4114500001001,572.49
4114609003001,674.94
4114609003002,1023.6
4114708001001,528.38
4114807003001,580.77
4114807003002,829.64
4114906001001,538.89
4115002001001,514.25
4115101001001,447.21
4115200004001,1076.43
4115200004002,1105.13
4115200004003,671.98
4115200004004,811.49
4115200004005,1496.35
4115200004006,689.71
4115200004007,901.82
4115200004008,1135.28
4115200004009,1455.22
4115200004010,1717.72
4115200004011,817.81
4115200004012,2241.55
4115200004013,2282.66
4115200004014,1280.09
4115200004015,1484.23
4115200004016,920.59
4115200004017,1097.83
4115200004018,706.78
4115200004019,884.49
4115200004020,775.3
4115309001001,720.34
4115358001001,758.5
4115408001001,706.82
4115457001001,402.45
4115507001001,554.69
4115606001001,654.29
4115705003001,829.37
4115705003002,738.29
4115739001001,336.42
4115754001001,509.49
4115804003001,660.18
4115804003002,927.47
4115853001001,736.82
4115903001001,525.22
4116000001001,627.64
4116059001001,674.4
4116109001001,516.81
4116208001001,613.4
4116307001001,639.4
4116406001001,587.91
4116505001001,620.02
4116604001001,512.29
4116703001001,586.83
4116802001001,451.49
4116901003001,699.29
4116950001001,646.85
4117008001001,539.56
4117057001001,394.34
4117107001001,690.87
4117206001001,608.34
4117214001001,479.27
4117222001001,769.73
4117255001001,594.12
4117271001001,398.4
4117297001001,514.92
4117305001001,399.58
4117404001001,667.65
4117453001001,593.93
4117503003001,559.65
4117503003002,632.24
4117602003001,393.38
4117602003002,720.53
4117701003001,731.45
4117701003002,593.33
4117800001001,446.07
4117909003001,890.63
4117909003002,833.31
4118006001001,783.59
4118105001001,613.51
4118204003001,489.12
4118204003002,745.06
4118204003003,585.4
4118204003004,686.89
4118204003005,1049.8
4118204003006,1134.16
4118204003007,600.45
4118303001001,537.71
4118402003001,732.67
4118402003002,1020.52
4118402003003,1039.4
4118402003004,562.62
4118402003005,827.35
4118451001001,829.62
4118501003001,587.0
4118501003002,1550.92
4118501003003,849.83
4118501003004,955.56
4118600001001,559.58
4118709001001,564.13
4118808001001,603.01
4118857001001,564.93
4118907001001,657.53
4119004001001,579.13
4119103001001,556.18
4119152003001,790.23
4119152003002,706.06
4119152003003,956.55
4119152003004,1095.58
4119152003005,742.24
4119202001001,575.2
4119251001001,490.83
4119301001001,414.57
4119400001001,553.02
4119509003001,534.5
4119509003002,700.5
4119509003003,584.9
4119509003004,689.59
4119608003001,632.89
4119608003002,457.53
4119657001001,569.2
4119707001001,580.14
4119806001001,592.26
4119905004001,495.07
4119905004002,736.45
4119905004003,817.05
4119905004004,1454.18
4119905004005,525.27
4119905004006,810.92
4119905004007,963.16
4119905004008,636.79
4119905004009,770.47
4119905004010,562.63
4119905004011,628.53
4119905004012,548.15
4119905004013,818.29
4119905004014,1238.78
4119905004015,1571.6
4119954001001,777.12
4120002001001,729.33
4120101001001,616.32
4120150001001,516.29
4120200001001,569.09
4120309001001,550.67
4120333001001,590.35
4120358001001,746.12
4120408001001,640.26
4120507001001,606.33
4120606003001,514.23
4120606003002,483.95
4120655001001,541.92
4120705001001,633.66
4120804001001,812.44
4120853001001,935.31
4120903003001,592.47
4120903003002,447.06
4121000001001,476.2
4121109001001,580.91
4121208001001,448.55
4121257001001,407.27
4121307001001,599.46
4121356001001,579.5
4121406001001,712.22
4121505001001,463.37
4121604001001,771.01
4121703001001,434.81
4121752001001,436.31
4121802001001,602.3
4121901001001,553.72
4122008001001,553.15
4122107001001,518.44
4122156001001,388.06
4122172001001,452.18
4122206003001,534.88
4122206003002,521.68
4122305003001,543.25
4122305003002,922.49
4122404003001,1373.12
4122404003002,620.85
4122404003003,610.89
4122503001001,468.0
4122602001001,694.93
4122651001001,401.38
4122701001001,667.69
4122800001001,566.41
4122909001001,489.77
4123006001001,615.47
4123105001001,484.44
4123204001001,531.8
4123303001001,590.85
4123402001001,700.4
4123501001001,676.0
4123600001001,559.45
4123709001001,625.24
4123808001001,526.68
4123824001001,561.93
4123857001001,367.33
4123907001001,567.5
4123956001001,559.74
4124004001001,484.38
4124020001001,595.48
4124053001001,661.62
4124103003001,584.38
4124103003002,786.07
4124202001001,522.24
4124301001001,571.38
4124400001001,547.7
4124509001001,784.99
4124608001001,674.97
4124707001001,373.3
4124806001001,634.85
4124905001001,527.39
4125001001001,558.41
4125100001001,446.11
4125209001001,576.3
4125308001001,747.43
4125357001001,620.55
4125407001001,488.7
4125456001001,519.12
4125506005001,1016.9
4125506005002,876.87
4125506005003,580.91
4125506005004,584.42
4125506005005,705.73
4125506005006,664.16
4125555001001,657.73
4125605003001,508.61
4125605003002,802.11
4125704001001,641.9
4125753001001,530.43
4125803001001,644.28
4125902001001,561.4
4126009001001,579.2
4126108001001,671.41
4126207001001,511.39
4126256003001,562.77
4126256003002,477.74
4126256003003,547.86
4126256003004,680.55
4126256003005,617.15
4126272001001,630.33
4126306001001,491.64
4126355001001,830.72
4126405001001,652.95
4126504001001,704.73
4126603001001,613.07
4126652001001,634.98
4126678001001,414.71
4126702001001,607.69
4126801001001,618.03
4126900001001,560.88
4127007001001,525.86
4127106003001,569.89
4127106003002,853.67
4127106003003,697.49
4127205001001,658.02
4127304001001,622.13
4127403001001,603.94
4127502001001,546.61
4127601001001,534.31
4127700003001,581.03
4127700003002,620.5
4127700003003,803.21
4127700003004,781.48
4127700003005,1627.17
4127700003006,1032.46
4127700003007,630.59
4127809001001,534.69
4127858001001,517.66
4127882001001,459.08
4127908001001,508.83
4127957001001,667.87
4127965001001,470.6
4128005001001,651.96
4128104003001,688.68
4128104003002,637.44
4128104003003,1534.51
4128104003004,1101.76
4128104003005,645.62
4128203003001,568.17
4128203003002,792.83
4128302001001,615.54
4128401001001,589.17
4128500001001,573.96
4128534001001,445.87
4128559001001,573.77
4128609001001,652.02
4128625001001,491.18
4128633001001,290.22
4128658001001,592.87
4128708001001,673.5
4128807001001,592.9
4200051001001,515.03
4200101001001,564.99
4200200001001,779.75
4200309001001,945.63
4200408001001,696.54
4200507001001,655.42
4200556001001,715.12
4200606001001,722.69
4200705001001,666.75
4200754001001,741.2
4200804001001,668.98
4200903001001,609.03
4201000001001,457.68
4201109001001,588.18
4201208001001,873.02
4201257001001,792.7
4201273001001,831.73
4201307001001,647.64
4201406003001,784.29
4201406003002,647.64
4201406003003,918.84
4201505001001,825.45
4201604001001,910.09
4201653001001,725.87
4201703001001,817.18
4201802001001,744.16
4201901001001,841.16
4201950001001,742.24
4202008003001,870.83
4202008003002,2340.51
4202008003003,1915.04
4202008003004,1369.35
4202008003005,1184.33
4202008003006,2069.23
4202008003007,1489.81
4202057001001,714.18
4202073001001,753.97
4202081001001,531.82
4202099001001,601.85
4202107001001,811.9
4202131001001,434.55
4202156001001,610.19
4202206001001,739.28
4202305003001,757.68
4202305003002,950.31
4202305003003,685.94
4202404005001,1015.9
4202404005002,1249.68
4202404005003,764.18
4202404005004,883.87
4202404005005,1999.98
4202404005006,1158.73
4202404005007,1582.93
4202404005008,1124.98
4202404005009,2086.57
4202404005010,1180.64
4202404005011,1015.04
4202404005012,881.51
4202404005013,885.85
4202404005014,1161.17
4202404005015,1222.68
4202404005016,1001.91
4202404005017,891.63
4202404005018,909.51
4202404005019,836.56
4202438001001,467.83
4202453001001,836.49
4202503001001,645.95
4202537001001,730.86
4202578001001,811.7
4202602001001,635.42
4202701001001,881.93
4202800003001,852.72
4202800003002,743.59
4202859001001,893.08
4202875001001,426.75
4202909003001,834.38
4202909003002,836.28
4202909003003,1179.49
4202909003004,974.1
4202909003005,1264.27
4203006003001,521.52
4203006003002,666.27
4203006003003,1012.56
4203105001001,828.74
4203154001001,429.3
4203204003001,639.74
4203204003002,826.22
4203204003003,799.77
4203253001001,534.25
4203303001001,562.13
4203402001001,471.94
4203501001001,603.02
4203600003001,847.16
4203600003002,652.92
4203709001001,759.94
4203808003001,692.91
4203808003002,653.92
4203907001001,811.04
4203956001001,726.25
4204004001001,724.3
4204103001001,692.04
4204152001001,473.52
4204178001001,371.01
4204194001001,511.75
4204202003001,1202.91
4204202003002,797.54
4204202003003,595.58
4204202003004,646.55
4204202003005,1046.26
4204202003006,2015.03
4204202003007,904.55
4204202003008,938.81
4204202003009,1177.85
4204202003010,1200.95
4204202003011,709.25
4204251001001,834.23
4204301003001,1266.15
4204301003002,692.08
4204301003003,882.57
4204301003004,991.44
4204350001001,813.05
4204400001001,754.76
4204459001001,532.82
4204509001001,867.94
4204558001001,583.32
4204608005001,748.37
4204608005002,681.56
4204608005003,611.91
4204608005004,818.49
4204608005005,909.52
4204608005006,669.0
4204608005007,1977.75
4204608005008,2067.37
4204608005009,1780.1
4204608005010,894.33
4204608005011,825.65
4204707001001,781.81
4204756001001,992.3
4204806003001,494.02
4204806003002,792.43
4204905001001,744.78
4205001001001,613.07
4205100001001,814.34
4205159001001,711.01
4205175001001,420.66
4205191001001,712.06
4205209001001,741.93
4205308001001,742.09
4205357001001,634.64
4205407005001,1782.4
4205407005002,992.1
4205407005003,1245.56
4205407005004,1000.86
4205407005005,1426.47
4205407005006,895.2
4205407005007,1668.59
4205407005008,1592.15
4205407005009,1414.84
4205407005010,1114.28
4205407005011,946.66
4205407005012,1153.14
4205407005013,1611.85
4205407005014,2407.77
4205407005015,2562.11
4205407005016,1188.46
4205407005017,1810.33
4205407005018,2753.78
4205407005019,1051.74
4205407005020,907.4
4205407005021,3275.26
4205407005022,4104.07
4205407005023,3941.3
4205407005024,2075.7
4205407005025,2271.85
4205407005026,1343.89
4205407005027,689.24
4205407005028,1287.97
4205407005029,1793.29
4205407005030,2037.11
4205431001001,626.87
4205456001001,742.71
4205506003001,632.98
4205506003002,682.36
4205555001001,516.62
4205605001001,591.99
4205704001001,796.37
4205803001001,702.6
4205902003001,885.38
4205902003002,1009.98
4205902003003,936.27
4206009001001,721.57
4206108001001,766.62
4206207001001,766.22
4206306001001,878.47
4206405001001,757.44
4206504003001,957.15
4206504003002,754.88
4206603001001,705.68
4206652001001,692.43
4206702001001,817.72
4206751001001,792.24
4206801001001,754.23
4206900001001,885.46
4207007003001,627.76
4207007003002,809.81
4207007003003,715.01
4207106001001,865.72
4207205001001,529.37
4207304003001,820.64
4207304003002,650.11
4207403001001,639.53
4207502003001,1003.83
4207502003002,1009.7
4207502003003,793.11
4207577001001,905.5
4207601001001,677.26
4207650001001,718.67
4207684001001,507.58
4207700001001,777.63
4207759001001,614.62
4207809001001,671.03
4207858001001,567.26
4207908001001,608.29
4208005001001,857.55
4208104001001,594.84
4208203003001,1202.6
4208203003002,750.94
4208203003003,656.11
4208203003004,808.11
4208203003005,1625.91
4208203003006,914.54
4208203003007,873.66
4208203003008,891.47
4208203003009,1140.64
4208203003010,761.38
4208302003001,885.71
4208302003002,1174.37
4208401001001,891.45
4208450001001,802.11
4208500001001,833.67
4208609001001,752.24
4208708001001,607.91
4208807001001,723.37
4208906003001,802.07
4208906003002,791.66
4208906003003,970.29
4208906003004,1206.74
4208906003005,1797.29
4208906003006,1655.12
4208906003007,870.5
4208906003008,1087.32
4208955001001,629.02
4209003003001,1349.24
4209003003002,1085.22
4209102005001,755.89
4209102005002,798.01
4209102005003,791.87
4209102005004,1029.43
4209102005005,773.39
4209102005006,1498.86
4209102005007,1347.85
4209102005008,3035.6
4209102005009,771.98
4209102005010,1268.31
4209102005011,1399.7
4209102005012,713.17
4209102005013,1234.64
4209102005014,2451.72
4209102005015,2376.86
4209102005016,1081.58
4209102005017,900.96
4209102005018,771.36
4209102005019,588.98
4209102005020,745.33
4209102005021,783.02
4209102005022,869.39
4209102005023,1831.78
4209102005024,798.83
4209102005025,808.87
4209102005026,641.25
4209102005027,543.98
4209102005028,867.89
4209102005029,712.47
4209151001001,635.72
4209177001001,640.07
4209201001001,886.39
4209300003001,488.33
4209300003002,549.68
4209300003003,585.19
4209300003004,553.56
4209300003005,2054.63
4209300003006,760.53
4209300003007,704.35
4209300003008,715.9
4209300003009,1095.55
4209409003001,770.41
4209409003002,762.23
4209409003003,591.75
4209458001001,1234.36
4209508001001,810.81
4209607001001,705.27
4209706001001,463.36
4209805001001,693.48
4209854001001,803.61
4209904001001,774.88
4210001001001,949.3
4210035001001,954.25
4210050001001,526.56
4210100003001,731.28
4210100003002,774.03
4210209001001,672.55
4210308001001,488.24
4210407001001,773.68
4210506001001,841.2
4210555001001,858.95
4210605001001,894.19
4210704001001,457.33
4210803001001,736.98
4210852001001,626.72
4210902001001,828.31
4211009001001,717.53
4211058001001,488.73
4211108001001,444.54
4211207001001,794.09
4211256001001,600.04
4211306003001,798.33
4211306003002,583.55
4211306003003,893.97
4211405001001,1009.08
4211454001001,832.16
4211504001001,881.48
4211603001001,824.26
4211652001001,623.12
4211702001001,811.95
4211751001001,714.06
4211801001001,891.03
4211850001001,569.25
4211876001001,648.6
4211892001001,522.45
4211900003001,771.31
4211900003002,1051.34
4211900003003,741.04
4211900003004,959.97
4211900003005,920.91
4211900003006,742.54
4211900003007,913.87
4212007001001,630.4
4212056001001,541.89
4212106001001,805.0
4212205001001,559.73
4212239001001,682.01
4212254001001,640.93
4212270001001,508.33
4212304001001,687.01
4212403001001,677.15
4212502003001,809.68
4212601001001,839.39
4212700001001,722.02
4212809001001,861.84
4212908001001,880.76
4213005001001,851.69
4213104001001,778.55
4213153001001,700.65
4213203003001,1073.14
4213203003002,894.95
4213302001001,545.86
4213351001001,513.09
4213401001001,594.7
4213500001001,954.45
4213609003001,1143.42
4213609003002,588.43
4213708001001,702.82
4213807001001,607.85
4213906001001,836.37
4214003001001,854.38
4214102001001,818.82
4214151001001,658.21
4214201001001,649.48
4214300001001,836.07
4214409001001,692.69
4214508001001,733.98
4214607001001,897.17
4214706001001,779.88
4214805003001,860.54
4214805003002,1020.89
4214805003003,1303.27
4214904001001,1073.43
4215000003001,771.09
4215000003002,587.74
4215059001001,442.17
4215075001001,601.29
4215109001001,873.44
4215208001001,637.86
4215307001001,782.71
4215356001001,500.12
4215406001001,844.54
4215455001001,714.0
4215505001001,595.23
4215554001001,692.81
4215604001001,713.85
4215653001001,601.41
4215679001001,395.84
4215687001001,552.3
4215695001001,669.76
4215703001001,889.22
4215752001001,517.26
4215802003001,700.05
4215802003002,821.73
4215802003003,854.73
4215802003004,925.1
4215901001001,690.97
4216008001001,861.56
4216057001001,514.63
4216107001001,802.26
4216206003001,975.49
4216206003002,765.67
4216255001001,815.34
4216305003001,764.28
4216305003002,894.6
4216354001001,755.54
4216404001001,539.21
4216503001001,619.5
4216602005001,1456.26
4216602005002,1159.18
4216602005003,1022.71
4216602005004,779.42
4216602005005,1096.65
4216602005006,1014.64
4216602005007,659.25
4216602005008,925.99
4216602005009,1381.03
4216602005010,1738.07
4216602005011,1948.46
4216602005012,966.84
4216602005013,791.36
4216602005014,927.66
4216602005015,1164.65
4216701001001,763.35
4216800001001,410.94
4216909001001,757.94
4217006001001,820.95
4217105001001,736.88
4217154001001,659.93
4217204003001,829.97
4217204003002,1087.63
4217253001001,839.46
4217303001001,728.83
4217402001001,891.24
4217501001001,983.96
4217550001001,891.65
4217600001001,794.9
4217709003001,883.7
4217709003002,600.6
4217758001001,630.13
4217808001001,805.35
4217907001001,820.72
4217956001001,573.14
4218004003001,1002.33
4218004003002,731.78
4218103001001,671.12
4218202003001,987.14
4218202003002,1023.13
4218251001001,436.96
4218301002001,646.47
4218301002002,404.32
4218350001001,752.19
4218400001001,733.13
4218509001001,1136.41
4218608001001,910.92
4218707003001,1572.52
4218707003002,991.33
4218707003003,729.75
4218707003004,904.98
4218707003005,955.72
4218707003006,1023.79
4218756001001,717.02
4218806001001,801.55
4218855001001,614.11
4218905001001,622.05
4218954001001,556.81
4219002001001,863.55
4219101001001,644.84
4219150001001,507.31
4219176001001,649.06
4219200001001,743.85
4219309003001,813.43
4219309003002,1024.03
4219358001001,526.62
4219408001001,728.23
4219507003001,798.44
4219507003002,920.08
4219606001001,1083.1
4219705001001,742.47
4219853001001,846.75
4300034001001,688.78
4300059001001,982.77
4300109001001,793.79
4300208001001,907.54
4300307001001,519.22
4300406003001,845.39
4300406003002,547.15
4300406003003,712.95
4300406003004,739.36
4300455001001,736.07
4300471001001,726.83
4300505001001,535.98
4300554001001,795.2
4300570001001,748.64
4300604005001,674.25
4300604005002,726.44
4300604005003,621.28
4300604005004,761.9
4300604005005,535.9
4300604005006,554.93
4300604005007,523.8
4300604005008,452.78
4300604005009,527.5
4300638001001,486.68
4300646001001,537.97
4300661001001,800.28
4300703001001,770.64
4300802001001,916.28
4300851001001,614.64
4300877001001,614.78
4300901001001,919.42
4301008001001,901.51
4301057001001,781.92
4301073001001,603.99
4301107001001,602.47
4301206001001,605.81
4301305001001,544.35
4301404001001,658.98
4301503001001,1042.22
4301552001001,635.06
4301602003001,612.9
4301602003002,1008.68
4301602003003,422.81
4301602003004,737.06
4301602003005,684.58
4301636001001,679.24
4301651001001,872.76
4301701001001,735.96
4301750001001,470.79
4301800001001,639.99
4301859001001,556.38
4301875001001,421.77
4301909001001,617.39
4301925001001,658.19
4301958001001,762.6
4302006001001,528.49
4302055001001,366.17
4302105003001,880.64
4302105003002,1023.99
4302105003003,886.32
4302105003004,947.84
4302105003005,1042.74
4302105003006,1101.74
4302105003007,1669.51
4302154001001,564.98
4302204001001,883.55
4302220001001,718.54
4302238001001,689.1
4302253001001,887.07
4302303001001,561.41
4302352001001,845.06
4302378001001,579.23
4302402001001,736.84
4302451001001,634.4
4302501001001,529.43
4302584001001,863.84
4302600001001,519.01
4302659001001,679.75
4302709001001,589.39
4302808003001,815.43
4302808003002,441.58
4302907001001,569.46
4303004003001,1296.23
4303004003002,774.68
4303004003003,565.98
4303004003004,519.82
4303004003005,794.72
4303103003001,671.59
4303103003002,662.27
4303103003003,647.63
4303103003004,836.91
4303103003005,1100.98
4303103003006,915.65
4303202001001,532.42
4303301001001,647.66
4303400001001,667.62
4303509003001,696.87
4303509003002,752.48
4303509003003,540.86
4303558001001,939.37
4303608001001,657.11
4303673001001,741.27
4303707001001,626.76
4303806001001,805.09
4303905003001,762.2
4303905003002,858.35
4303905003003,877.52
4304002001001,585.88
4304101001001,616.85
4304200003001,659.02
4304200003002,538.1
4304309001001,678.0
4304358001001,673.88
4304408003001,775.91
4304408003002,820.91
4304507003001,380.53
4304507003002,447.35
4304507003003,656.23
4304606005001,1269.4
4304606005002,595.97
4304606005003,483.09
4304606005004,2154.25
4304606005005,914.03
4304606005006,662.46
4304606005007,1382.58
4304606005008,929.2
4304606005009,585.87
4304606005010,954.21
4304606005011,632.7
4304606005012,952.75
4304606005013,840.15
4304606005014,2017.91
4304606005015,894.75
4304606005016,511.53
4304606005017,464.78
4304606005018,627.2
4304606005019,712.56
4304614001001,813.4
4304622001001,494.43
4304630003001,782.87
4304630003002,878.31
4304655001001,564.32
4304663001001,501.35
4304671001001,950.54
4304689001001,570.19
4304697001001,855.25
4304705003001,651.55
4304705003002,1229.65
4304705003003,597.03
4304713001001,484.43
4304804003001,1167.59
4304804003002,1097.53
4304853001001,650.9
4304903001001,921.86
4304952001001,597.13
4305009001001,778.53
4305108004001,928.54
4305108004002,873.29
4305108004003,589.15
4305108004004,1842.15
4305108004005,954.68
4305108004006,1756.3
4305108004007,1052.17
4305108004008,844.99
4305108004009,1090.26
4305108004010,822.95
4305108004011,1683.45
4305108004012,849.78
4305108004013,837.79
4305108004014,1204.78
4305108004015,1378.24
4305108004016,1101.75
4305108004017,1887.84
4305108004018,821.9
4305108004019,815.15
4305108004020,885.22
4305108004021,1301.25
4305108004022,1751.82
4305108004023,821.25
4305108004024,1218.76
4305108004025,2127.22
4305108004026,2164.32
4305108004027,1166.49
4305116001001,600.32
4305124001001,464.14
4305132001001,504.26
4305157001001,482.81
4305173001001,511.1
4305207001001,810.57
4305306001001,789.16
4305355003001,723.01
4305355003002,768.67
4305371001001,645.7
4305405001001,737.37
4305439001001,524.33
4305447001001,499.85
4305454001001,750.31
4305504001001,645.13
4305587001001,972.76
4305603001001,935.11
4305702001001,721.67
4305801001001,648.37
4305835001001,655.53
4305850001001,839.76
4305871001001,984.71
4305900001001,515.99
4305934001001,884.46
4305959001001,785.24
4305975001001,693.1
4306007001001,622.86
4306056001001,570.52
4306072001001,417.35
4306106003001,691.11
4306106003002,1047.77
4306106003003,689.3
4306130001001,638.91
4306205001001,745.51
4306304001001,691.87
4306320001001,500.5
4306353001001,418.31
4306379001001,526.8
4306403003001,1059.87
4306403003002,802.66
4306429001001,516.24
4306452001001,875.92
4306502001001,449.13
4306551001001,565.72
4306601003001,829.81
4306601003002,506.12
4306700001001,621.85
4306734001001,639.78
4306759001001,792.03
4306767003001,771.42
4306767003002,629.83
4306809001001,911.9
4306908003001,532.71
4306924001001,721.15
4306932001001,588.25
4306957001001,594.06
4306973001001,643.74
4307005003001,548.66
4307005003002,963.98
4307005003003,956.37
4307005003004,710.95
4307005003005,1308.89
4307005003006,1137.71
4307054001001,679.56
4307104001001,607.07
4307203001001,604.1
4307302001001,491.51
4307401001001,582.74
4307450001001,504.23
4307500001001,798.8
4307559001001,799.26
4307609003001,873.61
4307609003002,772.12
4307708003001,547.27
4307708003002,814.52
4307708003003,1251.25
4307708003004,927.69
4307708003005,940.55
4307807003001,824.88
4307807003002,1139.9
4307815001001,561.35
4307831001001,595.24
4307864001001,943.34
4307906003001,719.89
4307906003002,1219.58
4307906003003,940.65
4308003001001,740.51
4308052001001,484.24
4308078001001,674.32
4308102001001,872.57
4308201003001,960.14
4308201003002,953.65
4308250001001,620.42
4308300001001,506.88
4308409001001,525.6
4308433001001,744.15
4308458001001,940.95
4308508003001,840.94
4308607003001,1038.5
4308607003002,1084.66
4308656001001,493.65
4308706001001,795.89
4308805001001,631.89
4308854001001,686.76
4308904001001,815.32
4309001001001,614.81
4309050001001,719.03
4309100003001,1106.66
4309100003002,904.39
4309126001001,519.74
4309159001001,483.84
4309209005001,766.13
4309209005002,700.45
4309209005003,694.44
4309209005004,725.38
4309209005005,769.01
4309209005006,659.58
4309209005007,763.8
4309209005008,600.12
4309209005009,701.75
4309209005010,702.76
4309209005011,687.09
4309209005012,609.24
4309209005013,650.93
4309209005014,1732.27
4309209005015,762.29
4309258001001,1177.24
4309308003001,1048.69
4309308003002,862.25
4309308003003,921.37
4309308003004,601.68
4309308003005,558.22
4309407001001,938.22
4309506001001,645.12
4309555001001,889.27
4309571001001,518.62
4309605001001,930.7
4309654001001,486.03
4309704001001,799.38
4309753001001,603.05
4309803001001,923.04
4309902001001,717.34
4309951001001,562.29
4310009001001,1068.25
4310108003001,713.56
4310108003002,870.02
4310207003001,636.0
4310207003002,1207.31
4310207003003,1066.33
4310207003004,684.75
4310207003005,993.51
4310306001001,799.14
4310330001001,846.28
4310363001001,938.31
4310405001001,669.84
4310413001001,507.57
4310439001001,765.91
4310462001001,1257.92
4310504001001,548.01
4310538001001,884.34
4310553001001,461.58
4310579001001,546.52
4310603003001,665.21
4310603003002,565.18
4310652001001,534.02
4310702001001,515.24
4310751001001,666.44
4310801001001,1031.21
4310850001001,451.22
4310876001001,537.34
4310900001001,661.13
4311007003001,938.45
4311007003002,483.61
4311106001001,667.17
4311122001001,447.75
4311130001001,455.66
4311155001001,711.06
4311205001001,695.26
4311239001001,572.46
4311254001001,433.38
4311270001001,979.1
4311304003001,625.2
4311304003002,874.05
4311403003001,1670.28
4311403003002,726.41
4311403003003,1206.03
4311403003004,979.29
4311429001001,329.51
4311502001001,577.94
4311601001001,540.59
4311627001001,695.16
4311643001001,731.74
4311700001001,635.75
4311718001001,500.63
4311734001001,439.91
4311759001001,552.5
4311775001001,600.95
4311791001001,732.18
4311809003001,1149.74
4311809003002,765.63
4311908001001,729.61
4311981001001,560.54
4312005001001,926.01
4312054001001,801.15
4312104001001,552.73
4312138001001,768.81
4312153001001,722.18
4312179001001,644.91
4312203001001,565.85
4312252001001,593.38
4312302001001,652.8
4312351001001,1046.79
4312377001001,457.71
4312385001001,804.35
4312401003001,642.83
4312401003002,1009.81
4312401003003,874.73
4312427001001,640.36
4312443001001,680.96
4312450001001,609.42
4312476001001,805.53
4312500001001,596.01
4312609001001,863.84
4312617001001,623.41
4312625001001,734.56
4312658001001,959.83
4312674001001,899.49
4312708001001,617.29
4312757001001,777.1
4312807001001,1024.37
4312906001001,1008.25
4312955001001,893.18
4313003001001,1308.45
4313011001001,850.71
4313037001001,672.51
4313060001001,649.78
4313086001001,880.49
4313102001001,816.4
4313201001001,988.91
4313300001001,963.77
4313334001001,814.21
4313359001001,950.92
4313375001001,709.18
4313391001001,580.64
4313409004001,487.08
4313409004002,526.56
4313409004003,842.55
4313409004004,658.67
4313409004005,1545.79
4313409004006,1462.12
4313409004007,506.7
4313409004008,629.72
4313409004009,1874.79
4313409004010,1115.32
4313409004011,1992.58
4313409004012,1070.56
4313409004013,664.84
4313409004014,734.83
4313425001001,532.35
4313441001001,534.07
4313466001001,766.86
4313490001001,583.52
4313508003001,840.78
4313508003002,942.16
4313607001001,618.82
4313656001001,626.59
4313706003001,468.49
4313706003002,859.49
4313805001001,600.09
4313904003001,831.86
4313904003002,846.62
4313953001001,539.8
4314001001001,975.63
4314027001001,603.36
4314035001001,788.95
4314050003001,723.17
4314050003002,616.52
4314068001001,438.22
4314076001001,669.34
4314100003001,832.6
4314100003002,696.6
4314100003003,1003.4
4314100003004,2116.46
4314100003005,594.31
4314100003006,580.52
4314100003007,779.61
4314100003008,1072.75
4314100003009,1062.32
4314100003010,848.15
4314134001001,769.04
4314159001001,638.96
4314175001001,462.35
4314209001001,523.29
4314308001001,824.15
4314407004001,654.85
4314407004002,539.35
4314407004003,1218.65
4314407004004,580.43
4314407004005,646.89
4314407004006,485.72
4314407004007,752.49
4314407004008,630.35
4314407004009,665.66
4314407004010,631.17
4314407004011,475.11
4314407004012,752.51
4314407004013,984.32
4314407004014,1047.76
4314407004015,1453.85
4314407004016,1444.47
4314407004017,1939.55
4314407004018,1369.54
4314407004019,448.01
4314407004020,429.69
4314423001001,815.58
4314456001001,617.0
4314464001001,475.56
4314472001001,521.91
4314498001001,673.5
4314506001001,562.68
4314555001001,497.59
4314605001001,505.7
4314704001001,521.91
4314753001001,784.46
4314779001001,607.43
4314787001001,721.02
4314803003001,693.75
4314803003002,715.04
4314902004001,2150.54
4314902004002,2542.84
4314902004003,830.22
4314902004004,2180.34
4314902004005,1764.79
4314902004006,1750.78
4314902004007,745.15
4314902004008,1171.07
4314902004009,613.92
4314902004010,2086.33
4314902004011,2477.87
4314902004012,3958.75
4314902004013,2277.32
4314902004014,3660.69
4314902004015,1024.69
4314902004016,2224.49
4314902004017,2783.27
4314902004018,3090.85
4314902004019,4777.89
4314902004020,778.74
4314902004021,2441.39
4314902004022,1051.23
4314902004023,1044.69
4314902004024,705.32
4314902004025,683.51
4314902004026,891.82
4314902004027,598.6
4314902004028,1575.3
4314902004029,1836.51
4314902004030,2118.01
4314902004031,1510.39
4314902004032,3459.5
4314902004033,1882.46
4314902004034,1071.71
4314902004035,1063.03
4314902004036,1562.5
4314902004037,940.37
4314902004038,805.66
4314902004039,546.1
4314902004040,585.05
4314902004041,759.11
4314902004042,748.81
4315008001001,578.07
4315057001001,514.76
4315073001001,506.56
4315107001001,574.0
4315131001001,851.37
4315149001001,772.05
4315156001001,648.71
4315172001001,952.32
4315206001001,737.71
4315305001001,554.63
4315313001001,547.06
4315321001001,502.29
4315354001001,1142.32
4315404001001,345.21
4315453001001,742.24
4315503001001,620.16
4315552001001,474.38
4315602004001,516.45
4315602004002,907.39
4315602004003,704.47
4315602004004,1023.57
4315602004005,843.52
4315602004006,852.51
4315602004007,1462.63
4315602004008,1163.69
4315602004009,791.79
4315602004010,599.04
4315602004011,433.58
4315701003001,656.03
4315701003002,540.9
4315750001001,603.56
4315800001001,787.98
4315909001001,777.46
4315958001001,482.49
4316006001001,679.44
4316105001001,713.42
4316204001001,875.7
4316303001001,588.75
4316402003001,487.54
4316402003002,726.34
4316428001001,446.75
4316436001001,878.93
4316451001001,647.21
4316477001001,686.37
4316501001001,848.89
4316600001001,835.54
4316709001001,720.83
4316733001001,882.28
4316758001001,846.57
4316808003001,653.27
4316808003002,908.72
4316808003003,1018.94
4316808003004,467.13
4316808003005,859.53
4316808003006,1556.46
4316907004001,1112.68
4316907004002,655.07
4316907004003,695.13
4316907004004,719.84
4316907004005,641.96
4316907004006,641.07
4316907004007,709.86
4316907004008,1080.46
4316907004009,1206.09
4316907004010,1429.2
4316907004011,1873.59
4316907004012,1643.57
4316907004013,1620.91
4316907004014,1947.08
4316907004015,986.78
4316907004016,549.24
4316956001001,686.92
4316972001001,624.22
4317004001001,411.71
4317103003001,723.01
4317103003002,427.88
4317103003003,498.85
4317103003004,458.75
4317103003005,1103.05
4317202003001,764.26
4317202003002,1357.26
4317202003003,658.01
4317202003004,819.4
4317251001001,864.38
4317301003001,531.92
4317301003002,699.46
4317400003001,832.3
4317400003002,790.57
4317400003003,802.9
4317509003001,761.79
4317509003002,1352.17
4317509003003,1017.22
4317509003004,630.93
4317558001001,957.88
4317608003001,781.88
4317608003002,567.53
4317707001001,495.78
4317756001001,634.19
4317806001001,793.49
4317905001001,801.94
4317954001001,610.5
4318002003001,459.94
4318002003002,555.69
4318002003003,834.81
4318051001001,928.63
4318101001001,542.8
4318200001001,635.14
4318309003001,1183.93
4318309003002,588.47
4318309003003,554.57
4318408001001,730.29
4318424001001,658.65
4318432001001,783.81
4318440001001,870.73
4318457001001,496.49
4318465001001,605.63
4318481001001,721.57
4318499001001,727.48
4318507003001,509.12
4318507003002,422.82
4318606001001,777.96
4318614001001,936.84
4318622001001,518.95
4318705005001,695.52
4318705005002,659.46
4318705005003,859.0
4318705005004,658.46
4318705005005,1191.82
4318705005006,1799.47
4318705005007,2006.04
4318705005008,632.05
4318705005009,633.68
4318705005010,494.66
4318705005011,870.61
4318705005012,706.45
4318705005013,563.8
4318804003001,575.22
4318804003002,721.84
4318903003001,885.33
4318903003002,637.6
4319000001001,907.48
4319109001001,802.26
4319125001001,517.02
4319158001001,587.53
4319208001001,458.55
4319307001001,535.76
4319356001001,811.26
4319364001001,469.85
4319372001001,901.69
4319406001001,604.28
4319505001001,794.87
4319604003001,630.95
4319703001001,721.36
4319711001001,997.83
4319737001001,534.12
4319752001001,872.41
4319802001001,625.48
4319901003001,695.19
4319901003002,613.59
4319901003003,1032.68
4319901003004,621.55
4320008003001,494.13
4320008003002,675.37
4320008003003,864.89
4320008003004,652.05
4320008003005,695.86
4320008003006,652.09
4320008003007,869.2
4320107001001,893.37
4320206001001,594.85
4320230001001,678.39
4320263001001,525.49
4320305001001,1083.81
4320321001001,576.26
4320354001001,498.97
4320404001001,898.07
4320453001001,588.96
4320503001001,839.99
4320552001001,726.54
4320578001001,519.07
4320602001001,688.17
4320651001001,769.51
4320677001001,562.09
4320701001001,708.7
4320800003001,468.29
4320800003002,823.21
4320859001001,641.88
4320909001001,894.16
4321006001001,792.15
4321105001001,642.7
4321204003001,980.07
4321204003002,676.51
4321204003003,897.2
4321303003001,834.14
4321303003002,672.67
4321329001001,751.76
4321352001001,609.7
4321402001001,614.19
4321436001001,632.92
4321451003001,860.49
4321451003002,858.65
4321469001001,682.72
4321477001001,563.9
4321493001001,513.28
4321501003001,1053.29
4321501003002,672.33
4321600003001,526.15
4321600003002,1009.76
4321626001001,817.13
4321634001001,940.28
4321667001001,696.94
4321709001001,788.49
4321808003001,800.51
4321832001001,479.83
4321857001001,721.28
4321907003001,783.04
4321956001001,532.7
4322004003001,611.23
4322004003002,749.43
4322103001001,735.3
4322152001001,477.27
4322186001001,552.7
4322202001001,688.64
4322251001001,878.13
4322301001001,722.81
4322327001001,533.64
4322343001001,567.67
4322350001001,1005.47
4322376001001,437.64
4322400003001,760.13
4322400003002,718.32
4322400003003,1460.89
4322400003004,585.36
4322400003005,568.76
4322400003006,466.69
4322509003001,1091.95
4322509003002,831.47
4322509003003,569.29
4322525001001,493.58
4322533001001,508.76
4322541001001,845.0
4322558001001,707.11
4322608003001,1164.15
4322608003002,750.9
4322608003003,600.34
4322608003004,627.75
4322707003001,680.66
4322806001001,953.97
4322855001001,835.54
4322905001001,650.84
4323002004001,941.67
4323002004002,653.84
4323002004003,617.15
4323002004004,691.31
4323002004005,692.64
4323002004006,1023.73
4323002004007,711.71
4323002004008,614.33
4323002004009,653.48
4323002004010,626.48
4323002004011,559.69
4323101001001,407.98
4323200001001,1017.76
4323309001001,722.75
4323358001001,910.03
4323408001001,1026.6
4323457001001,475.58
4323507001001,899.7
4323606001001,1122.04
4323705001001,865.87
4323754001001,464.41
4323770001001,1081.85
4323804001001,830.08
5000203001001,653.8
5000252001001,774.71
5000609003001,558.97
5000609003002,518.51
5000708001001,495.48
5000807001001,569.6
5000856001001,620.68
5000906001001,422.57
5001003001001,690.67
5001102003001,408.91
5001102003002,784.04
5001243001001,430.43
5001508001001,674.28
5001904001001,639.86
5002001001001,574.89
5002100001001,531.3
5002159001001,500.1
5002209001001,662.66
5002308001001,640.48
5002407001001,553.73
5002605001001,695.45
5002704005001,651.53
5002704005002,973.8
5002704005003,2265.04
5002704005004,860.64
5002704005005,757.13
5002704005006,1668.62
5002704005007,730.56
5002704005008,498.79
5002803001001,464.09
5002902001001,769.69
5002951001001,965.51
5003108001001,535.1
5003157001001,337.55
5003207003001,455.95
5003207003002,411.05
5003207003003,1022.56
5003207003004,582.33
5003256001001,760.72
5003306003001,811.92
5003306003002,572.37
5003454001001,601.3
5003488001001,452.08
5003504001001,559.17
5003702005001,644.31
5003702005002,770.51
5003702005003,743.8
5003702005004,774.74
5003702005005,611.82
5003702005006,561.89
5003702005007,751.5
5003702005008,1814.67
5003702005009,1825.92
5003702005010,499.71
5003751001001,541.73
5003801001001,667.46
5003900001001,593.7
5004007001001,650.25
5004106001001,523.66
5004304001001,569.34
5004403001001,654.91
5004502001001,524.01
5004601001001,458.01
5004700001001,635.43
5004809001001,251.37
5004908001001,541.82
5005004001001,668.38
5005103001001,638.94
5005152001001,435.36
5005202001001,584.05
5005251001001,561.62
5005400003001,568.07
5005400003002,848.44
5005608001001,453.93
5005681001001,648.89
5005707003001,696.93
5005707003002,682.57
5005806001001,482.32
5006002001001,707.23
5006200003001,904.96
5006200003002,506.23
5006259001001,501.85
5006309003001,565.98
5006309003002,831.35
5006358001001,299.38
5006408001001,523.93
5006606003001,422.7
5006606003002,293.58
5006606003003,1090.46
5006606003004,549.89
5006903001001,481.98
5007109001001,590.94
5007208003001,686.03
5007307001001,580.29
5007406001001,613.05
5007505001001,552.66
5007554001001,504.88
5007695001001,874.71
5007703001001,482.36
5007802001001,541.33
5007901003001,815.79
5007901003002,428.73
5007935001001,636.0
5007950001001,347.83
5007976001001,497.57
5008008001001,496.97
5008305003001,986.78
5008305003002,573.46
5008305003003,630.38
5008305003004,1021.42
5008404001001,582.25
5100102001001,381.14
5100201001001,743.82
5100250003001,652.33
5100250003002,725.77
5100300001001,720.83
5100359001001,464.69
5100409001001,771.12
5100508001001,440.73
5100607001001,855.65
5100805001001,566.41
5101001001001,546.05
5101209001001,589.1
5101258001001,645.63
5101308001001,557.44
5101407001001,570.87
5101605001001,356.83
5101704003001,425.34
5101704003002,766.38
5101803003001,346.98
5101803003002,746.67
5101803003003,914.62
5101852001001,546.06
5101902001001,610.3
5102504003001,670.37
5102504003002,967.13
5102504003003,384.02
5102504003004,585.35
5102603001001,270.1
5102637003001,891.4
5102678003001,928.95
5102678003002,718.94
5102686001001,1072.47
5102694001001,432.88
5102702001001,768.11
5102793001001,472.28
5102850001001,494.66
5103007001001,572.2
5103056001001,621.78
5103106001001,541.32
5103205003001,687.87
5103254001001,432.83
5103304001001,580.37
5103353001001,455.41
5103361001001,647.13
5103379001001,399.94
5103403005001,1065.99
5103403005002,1610.96
5103403005003,700.66
5103403005004,1309.02
5103403005005,2264.92
5103403005006,1107.67
5103403005007,1146.41
5103403005008,1079.0
5103403005009,538.56
5103403005010,770.86
5103403005011,1826.22
5103403005012,1472.35
5103403005013,953.53
5103403005014,619.34
5103403005015,789.61
5103403005016,756.13
5103403005017,495.91
5103403005018,526.46
5103437001001,491.29
5103452001001,602.99
5103502001001,735.92
5103601001001,594.0
5103700001001,618.61
5103809001001,544.68
5103858001001,535.43
5103908001001,449.62
5103957001001,568.85
5104104003001,496.91
5104104003002,638.05
5104203001001,573.66
5104500001001,498.86
5104526001001,792.05
5104542001001,619.29
5104559001001,646.43
5104609001001,614.27
5104807003001,679.65
5104807003002,666.71
5104906001001,382.01
5105002001001,527.73
5105101003001,741.15
5105101003002,577.78
5105150003001,870.38
5105150003002,464.9
5105176001001,440.28
5105200001001,560.76
5105234001001,509.98
5105259003001,780.16
5105259003002,1164.85
5105309001001,429.45
5105507001001,477.54
5105580001001,590.53
5105606001001,645.06
5105622001001,629.08
5105903001001,569.93
5106000001001,483.79
5106109001001,365.18
5106158001001,556.06
5106174001001,432.22
5106182001001,484.45
5106190001001,622.93
5106208001001,472.14
5106216001001,557.33
5106224003001,1149.67
5106224003002,814.07
5106232001001,544.25
5106240001001,632.78
5106257001001,625.97
5106265001001,488.15
5106273001001,499.31
5106281001001,548.17
5106299001001,556.96
5106307001001,578.91
5106315001001,506.8
5106372001001,534.89
5106422001001,433.62
5106455001001,411.85
5106505003001,424.85
5106653001001,619.4
5106703001001,595.05
5106752003001,822.14
5106752003002,634.39
5106778001001,472.79
5106802001001,654.87
5106828001001,463.7
5106851001001,341.94
5107008001001,501.28
5107040003001,654.14
5107040003002,1111.02
5107065001001,668.23
5107107001001,592.56
5107156001001,490.44
5107180001001,510.61
5107198001001,655.51
5107206001001,593.04
5107248001001,690.64
5107263001001,501.95
5107297001001,440.58
5107305001001,583.81
5107354001001,661.33
5107404001001,521.34
5107578001001,430.83
5107602005001,1311.86
5107602005002,839.81
5107602005003,1019.39
5107602005004,531.96
5107602005005,720.58
5107602005006,1842.87
5107602005007,611.72
5107602005008,634.09
5107602005009,633.36
5107602005010,809.72
5107602005011,488.8
5107701001001,467.0
5107743001001,676.11
5107750001001,513.78
5107768001001,1351.13
5107776001001,353.8
5107792001001,552.72
5107800001001,500.56
5107859001001,517.64
5107875001001,1006.21
5107883001001,472.77
5107909003001,664.17
5107909003002,1441.93
5107909003003,675.19
5107909003004,994.86
5107909003005,646.7
5107925003001,889.39
5107925003002,851.97
5107925003003,1013.42
5107941001001,561.97
5107958003001,872.57
5107958003002,1234.38
5107958003003,857.59
5107958003004,572.29
5108006001001,760.73
5108055001001,543.33
5108105001001,455.76
5108204001001,546.74
5108303001001,591.48
5108352001001,501.89
5108402005001,680.77
5108402005002,477.93
5108402005003,702.88
5108402005004,542.96
5108402005005,587.72
5108402005006,592.68
5108402005007,502.4
5108402005008,635.81
5108402005009,445.35
5108402005010,917.22
5108402005011,531.78
5108402005012,592.99
5108402005013,783.61
5108402005014,1180.89
5108402005015,934.38
5108402005016,671.64
5108402005017,471.78
5108501001001,600.62
5108600001001,600.39
5108808001001,528.55
5108857001001,603.43
5108907001001,687.35
5108956001001,641.64
5200050001001,626.95
5200100001001,522.26
5200134001001,666.62
5200159001001,529.36
5200175001001,469.27
5200209001001,654.91
5200258003001,495.97
5200258003002,542.66
5200258003003,427.56
5200258003004,483.88
5200258003005,432.16
5200258003006,429.69
5200258003007,477.71
5200308001001,559.4
5200506001001,606.86
5200555001001,687.98
5200605001001,669.59
5200803001001,443.31
5200829001001,310.89
5200852001001,528.2
5200902001001,522.77
5201108005001,551.32
5201108005002,496.53
5201108005003,525.7
5201108005004,584.1
5201108005005,480.81
5201108005006,939.92
5201108005007,843.95
5201108005008,874.6
5201108005009,952.14
5201108005010,1654.25
5201108005011,791.78
5201108005012,468.6
5201207001001,758.25
5201306001001,610.66
5201405005001,643.85
5201405005002,526.16
5201405005003,496.23
5201405005004,411.2
5201405005005,566.33
5201405005006,1001.95
5201405005007,769.48
5201405005008,782.85
5201405005009,648.35
5201405005010,465.37
5201405005011,553.39
5201405005012,895.82
5201405005013,820.56
5201454001001,613.31
5201504001001,663.96
5201603001001,499.55
5201702001001,612.19
5201801001001,593.43
5202155001001,578.01
5202353001001,515.73
5202502001001,697.21
5202601001001,520.04
5202809001001,553.9
5203104001001,346.83
5203203001001,636.02
5203302001001,661.79
5203401001001,511.38
5203500001001,681.09
5203559001001,550.61
5203575001001,426.18
5203609001001,575.03
5203807001001,608.25
5203906001001,619.04
5203939001001,596.33
5203962001001,365.15
5204003001001,444.33
5204102001001,822.42
5204201001001,548.82
5204250001001,638.98
5204300001001,891.1
5204409001001,610.45
5204508003001,742.42
5204508003002,606.8
5204508003003,1108.99
5204508003004,653.65
5204557001001,542.82
5204607001001,466.02
5204656001001,449.23
5204706001001,566.1
5204805001001,672.1
5204854001001,526.31
5204904001001,503.64
5204953001001,350.38
5205000001001,519.39
5205059001001,584.9
5205109003001,712.89
5205109003002,969.63
5205109003003,758.12
5205109003004,1087.77
5205208001001,544.82
5205307001001,378.89
5205406001001,832.91
5205455001001,545.74
5205471001001,946.52
5205497003001,491.66
5205497003002,774.69
5205513001001,478.24
5205521001001,469.16
5205703001001,582.42
5205802001001,512.17
5205901001001,639.83
5206206003001,518.45
5206206003002,746.65
5206305001001,660.02
5206404001001,596.32
5206503001001,625.77
5206602001001,709.97
5206701001001,352.06
5206800001001,552.01
5206909001001,681.63
5207105001001,558.01
5207253001001,564.08
5207352001001,694.53
5207402001001,805.67
5207501001001,594.42
5207535001001,465.11
5207600001001,511.85
5207808001001,582.09
5207907001001,289.8
5208004003001,582.98
5208004003002,559.02
5208004003003,785.65
5208004003004,579.65
5208004003005,901.79
5208103001001,512.13
5208152001001,627.82
5208301001001,381.08
5208400001001,492.65
5208509001001,683.78
5208608003001,504.26
5208608003002,606.78
5208608003003,893.78
5208707005001,1055.52
5208707005002,888.37
5208707005003,1127.87
5208707005004,1242.25
5208707005005,1390.67
5208707005006,2105.57
5208707005007,1183.06
5208707005008,1293.87
5208707005009,1773.15
5208707005010,926.66
5208707005011,593.05
5208707005012,749.28
5208707005013,1099.51
5208707005014,675.07
5208707005015,612.44
5208707005016,585.76
5208707005017,519.07
5208707005018,444.28
5208707005019,902.07
5208707005020,706.03
5208707005021,1541.03
5208707005022,942.68
5208707005023,904.89
5208707005024,716.64
5208707005025,806.75
5208707005026,722.31
5208707005027,676.73
5208707005028,500.12
5208707005029,1335.25
5208707005030,1104.65
5208707005031,1447.63
5208707005032,979.11
5208707005033,1394.34
5208707005034,799.49
5208707005035,512.13
5208707005036,3879.79
5208707005037,3185.68
5208707005038,2270.24
5208707005039,1578.87
5208707005040,2258.38
5208707005041,3591.44
5208707005042,1276.31
5208707005043,1562.17
5208806003001,584.97
5208806003002,529.08
5208905003001,601.66
5208905003002,695.61
5209101003001,869.34
5209101003002,665.64
5209150001001,606.05
5209200001001,575.4
5209291001001,459.89
5209408001001,313.68
5209457001001,350.58
5209606001001,483.49
5209705001001,687.42
5209804001001,492.51
5209903001001,362.52
5209937001001,632.12
5209952001001,577.14
5210000003001,767.16
5210000003002,581.64
5210109001001,649.03
5210158001001,478.12
5210208003001,565.64
5210208003002,787.21
5210307001001,539.95
5210406003001,839.91
5210406003002,602.58
5210562001001,550.54
5210604001001,571.84
5210802001001,624.77
5210901001001,617.84
5211008001001,527.15
5211206003001,527.29
5211206003002,619.5
5211305001001,830.38
5211404001001,599.13
5211503003001,1143.78
5211503003002,1110.34
5211503003003,768.62
5211503003004,573.48
5211503003005,694.55
5211602001001,517.61
5211701001001,646.2
5211800003001,640.3
5211800003002,545.79
5211909003001,613.18
5211909003002,1186.5
5211909003003,1246.56
5211909003004,704.26
5212006001001,529.69
5212055001001,471.52
5212105001001,705.34
5212204001001,673.05
5212253001001,794.4
5212303001001,548.77
5212501003001,518.76
5212501003002,693.32
5212501003003,823.46
5212501003004,607.91
5212501003005,475.5
5212501003006,455.05
5212501003007,465.06
5212600001001,702.95
5212709001001,362.17
5212808001001,589.85
5212907001001,644.22
5212956001001,492.39
5213004001001,621.76
5213053001001,454.34
5213087003001,594.85
5213087003002,593.34
5213103003001,592.99
5213103003002,1029.93
5213400001001,485.95
5213509001001,337.61
5213707001001,595.52
5213756001001,752.0
5213772001001,302.82
5213806003001,760.03
5213806003002,701.67
5213855001001,496.4
5213905001001,631.3
5214002001001,600.87
5214051001001,468.19
5214101001001,502.24
5214408001001,575.01
5214507001001,565.38
5214606003001,761.69
5214606003002,454.22
5214705001001,489.13
5214804001001,683.05
5214838001001,562.03
5214861001001,463.81
5214879001001,448.76
5214903001001,402.35
5215009001001,585.6
5215207001001,587.74
5215231003001,749.89
5215231003002,546.91
5215231003003,398.9
5215231003004,448.8
5215256001001,444.04
5215306001001,703.03
5215405001001,518.44
5215504001001,697.71
5215603001001,468.39
5215652001001,544.77
5215702001001,638.87
5215801001001,713.11
5215900001001,664.3
5216007001001,573.59
5216304001001,672.47
5216403001001,639.67
5216452001001,587.13
5216809001001,605.01
5216908001001,468.37
5217104003001,726.64
5217203001001,607.58
5217302001001,590.52
5217401003001,814.32
5217401003002,616.96
5217609003001,431.78
5217609003002,619.91
5217609003003,433.99
5217708001001,647.73
5218003003001,468.07
5218003003002,718.4
5218052001001,787.74
5218102001001,668.01
5218300003001,669.66
5218300003002,353.94
5218391001001,589.96
5218508003001,852.1
5218508003002,657.09
5218607001001,626.36
5218706001001,555.25
5218789001001,680.07
5218805003001,662.45
5218805003002,1168.77
5218805003003,543.96
5218805003004,534.23
5218805003005,572.36
5218805003006,1434.62
5218805003007,888.47
5218805003008,717.54
5218904001001,589.01
5219001001001,638.81
5219100001001,520.21
5219209001001,633.47
5219258001001,589.31
5219308003001,951.17
5219308003002,534.14
5219357001001,497.23
5219407001001,678.23
5219456001001,486.17
5219506001001,509.25
5219605001001,462.82
5219704001001,425.85
5219712001001,540.56
5219738001001,624.06
5219753003001,438.0
5219753003002,496.1
5219803001001,358.43
5219902001001,493.01
5220009001001,444.57
5220058001001,610.51
5220108003001,495.9
5220108003002,837.32
5220157001001,468.67
5220207001001,538.55
5220264001001,628.8
5220280001001,517.86
5220405001001,774.06
5220454003001,611.02
5220454003002,550.91
5220454003003,494.52
5220504001001,690.11
5220603001001,727.27
5220686001001,360.44
5220702001001,314.71
5221007001001,562.94
5221080001001,401.84
5221197001001,486.93
5221304001001,629.91
5221403003001,500.75
5221403003002,462.2
5221403003003,679.82
5221403003004,459.86
5221403003005,642.49
5221452001001,392.14
5221502001001,535.8
5221551001001,658.55
5221577001001,467.93
5221601003001,750.01
5221601003002,655.8
5221700001001,492.59
5221809001001,645.41
5221858003001,1131.48
5221858003002,596.35
5221858003003,1391.9
5221858003004,566.18
5221858003005,493.14
5221858003006,879.57
5221858003007,605.21
5221908001001,617.89
5222005001001,743.33
5222054001001,704.26
5222203001001,454.59
5222302001001,397.51
5300108005001,4334.64
5300108005002,4519.39
5300108005003,2726.77
5300108005004,1266.5
5300108005005,1018.22
5300108005006,1102.06
5300108005007,1220.14
5300108005008,1660.35
5300108005009,1681.42
5300108005010,1766.83
5300108005011,3806.14
5300108005012,1744.68
5300108005013,763.11
5300108005014,653.12
5300108005015,1486.64
5300108005016,1546.1
5300108005017,485.83
5300108005018,565.0
5300108005019,862.13
5300108005020,1116.11
5300108005021,1662.98
5300108005022,775.22
5300108005023,864.48
5300108005024,660.93
5300108005025,875.3
5300108005026,905.8
5300108005027,842.76
5300108005028,822.89
5300108005029,543.45
5300108005030,504.96
5300108005031,593.08
5300108005032,2072.45
5300108005033,2039.81
5300108005034,2281.51
5300108005035,5352.82
5300108005036,535.48
5300108005037,810.5
5300108005038,543.24
5300108005039,1180.07
5300108005040,797.19
5300108005041,573.7
5300108005042,1097.83
5300108005043,609.1
5300108005044,569.52
5300108005045,5186.81
5300108005046,1210.91
5300108005047,724.1
5300108005048,3849.5
5300108005049,1150.52
5300108005050,758.12
5300108005051,676.21
