cod_mun;sector;work_income;own_account_income
1100122;Agriculture;4133117.0;2642112.0
1100122;Business;593505.0;153289.0
1100122;Construction;4368264.0;1858820.0
1100122;Financial;870473.0;19734.0
1100122;Government;7889550.0;21627.0
1100122;Manufacturing;5222767.0;1265542.0
1100122;Mining;154528.0;2414.0
1100122;OtherServices;16927226.0;3867694.0
1100122;RealEstate;132449.0;50656.0
1100122;Trade;17586463.0;4299032.0
1100122;Transport;3570497.0;1260687.0
1100122;Unknown;1925608.0;548109.0
1100122;Utilities;528063.0;14711.0
1100205;Agriculture;9713876.0;6741084.0
1100205;Business;3990027.0;476503.0
1100205;Construction;33893953.0;6573616.0
1100205;Financial;5485644.0;398267.0
1100205;Government;55484049.0;295125.0
1100205;Manufacturing;15613649.0;6375366.0
1100205;Mining;2571510.0;1325318.0
1100205;OtherServices;84485475.0;15058692.0
1100205;RealEstate;911149.0;593178.0
1100205;Trade;43841254.0;17285673.0
1100205;Transport;15301786.0;4229786.0
1100205;Unknown;27059852.0;9053241.0
1100205;Utilities;8183130.0;1452065.0
1100809;Agriculture;1043159.0;636886.0
1100809;Business;44054.0;9799.0
1100809;Construction;977080.0;288769.0
1100809;Financial;55365.0;1914.0
1100809;Government;1060374.0;0.0
1100809;Manufacturing;755360.0;107939.0
1100809;Mining;14170.0;2823.0
1100809;OtherServices;1240169.0;150515.0
1100809;RealEstate;3673.0;0.0
1100809;Trade;1911440.0;1170726.0
1100809;Transport;426163.0;124821.0
1100809;Unknown;353751.0;85988.0
1100809;Utilities;186233.0;0.0
1200401;Agriculture;7305521.0;2502085.0
1200401;Business;2057236.0;239821.0
1200401;Construction;12776811.0;4840391.0
1200401;Financial;2658861.0;354880.0
1200401;Government;42903830.0;174022.0
1200401;Manufacturing;5637584.0;1605993.0
1200401;Mining;89372.0;11802.0
1200401;OtherServices;56277852.0;9037155.0
1200401;RealEstate;437088.0;227562.0
1200401;Trade;27747581.0;11498764.0
1200401;Transport;5897533.0;1911753.0
1200401;Unknown;10015850.0;2694114.0
1200401;Utilities;3736940.0;56836.0
1302603;Agriculture;4797779.0;2039563.0
1302603;Business;15263955.0;3572685.0
1302603;Construction;58071579.0;18387516.0
1302603;Financial;13999353.0;635941.0
1302603;Government;129956734.0;661901.0
1302603;Manufacturing;129361878.0;13714414.0
1302603;Mining;8212965.0;1166780.0
1302603;OtherServices;328905370.0;70706740.0
1302603;RealEstate;4917534.0;2364925.0
1302603;Trade;167477304.0;78712546.0
1302603;Transport;53940444.0;12176337.0
1302603;Unknown;79126404.0;26410070.0
1302603;Utilities;7775968.0;329957.0
1303403;Agriculture;1764847.0;1417415.0
1303403;Business;271765.0;35744.0
1303403;Construction;1039563.0;486684.0
1303403;Financial;214452.0;0.0
1303403;Government;2446140.0;0.0
1303403;Manufacturing;1155446.0;572682.0
1303403;OtherServices;7772640.0;1060772.0
1303403;Trade;4778761.0;2398870.0
1303403;Transport;1151158.0;538587.0
1303403;Unknown;908769.0;449777.0
1303403;Utilities;204075.0;13097.0
1400100;Agriculture;4773374.0;1538945.0
1400100;Business;1012837.0;86817.0
1400100;Construction;8423646.0;3338255.0
1400100;Financial;1510204.0;118630.0
1400100;Government;50104590.0;192786.0
1400100;Manufacturing;7324246.0;1435271.0
1400100;Mining;466637.0;367106.0
1400100;OtherServices;50445044.0;5699035.0
1400100;RealEstate;121941.0;112781.0
1400100;Trade;22912512.0;8171432.0
1400100;Transport;3721709.0;1651143.0
1400100;Unknown;16551725.0;5005281.0
1400100;Utilities;2420801.0;3323.0
1500107;Agriculture;3073113.0;2172517.0
1500107;Business;99377.0;38830.0
1500107;Construction;2787682.0;569866.0
1500107;Financial;153367.0;0.0
1500107;Government;2765433.0;4577.0
1500107;Manufacturing;2886131.0;760344.0
1500107;Mining;332268.0;3020.0
1500107;OtherServices;8402663.0;1450257.0
1500107;RealEstate;2726.0;2726.0
1500107;Trade;5782654.0;2752094.0
1500107;Transport;1194116.0;650810.0
1500107;Unknown;819800.0;187989.0
1500107;Utilities;212242.0;0.0
1500800;Agriculture;2613204.0;1336411.0
1500800;Business;2037938.0;383490.0
1500800;Construction;15624492.0;5089033.0
1500800;Financial;2835992.0;330155.0
1500800;Government;25789449.0;25598.0
1500800;Manufacturing;13353829.0;4536278.0
1500800;Mining;560252.0;0.0
1500800;OtherServices;59647329.0;10324436.0
1500800;RealEstate;834886.0;551477.0
1500800;Trade;45819202.0;18289148.0
1500800;Transport;14355133.0;4708084.0
1500800;Unknown;12166182.0;4473367.0
1500800;Utilities;1925514.0;219896.0
1501402;Agriculture;15744730.0;4037569.0
1501402;Business;10993968.0;1570732.0
1501402;Construction;41323611.0;13602301.0
1501402;Financial;19515592.0;1792293.0
1501402;Government;139853251.0;504203.0
1501402;Manufacturing;32562436.0;11410662.0
1501402;Mining;7064956.0;35524.0
1501402;OtherServices;270689291.0;58057625.0
1501402;RealEstate;3719146.0;2440298.0
1501402;Trade;143770326.0;59766501.0
1501402;Transport;38684427.0;12517011.0
1501402;Unknown;56356163.0;14226868.0
1501402;Utilities;8916362.0;2008289.0
1501501;Agriculture;673535.0;136873.0
1501501;Business;32587.0;11342.0
1501501;Construction;1592100.0;577355.0
1501501;Financial;83317.0;0.0
1501501;Government;1145775.0;0.0
1501501;Manufacturing;1012911.0;148934.0
1501501;Mining;190587.0;176411.0
1501501;OtherServices;3913234.0;483077.0
1501501;RealEstate;37163.0;0.0
1501501;Trade;3344103.0;1604575.0
1501501;Transport;1490125.0;697320.0
1501501;Unknown;703607.0;157611.0
1501501;Utilities;91862.0;37258.0
1501709;Agriculture;4693484.0;2982334.0
1501709;Business;147796.0;36735.0
1501709;Construction;1150970.0;705193.0
1501709;Financial;179536.0;64110.0
1501709;Government;1952333.0;25405.0
1501709;Manufacturing;994371.0;595717.0
1501709;Mining;1624.0;0.0
1501709;OtherServices;7360887.0;1143615.0
1501709;RealEstate;69695.0;34013.0
1501709;Trade;4830287.0;2845254.0
1501709;Transport;697582.0;405122.0
1501709;Unknown;1014931.0;513448.0
1501709;Utilities;117416.0;3244.0
1502103;Agriculture;3205003.0;2799652.0
1502103;Business;56348.0;0.0
1502103;Construction;1086427.0;656713.0
1502103;Financial;121693.0;57394.0
1502103;Government;2388325.0;4842.0
1502103;Manufacturing;681583.0;393196.0
1502103;Mining;2594.0;938.0
1502103;OtherServices;3786075.0;319042.0
1502103;RealEstate;9338.0;4489.0
1502103;Trade;3344613.0;2122149.0
1502103;Transport;679323.0;440213.0
1502103;Unknown;562627.0;182759.0
1502103;Utilities;139276.0;0.0
1502400;Agriculture;2505810.0;1293730.0
1502400;Business;655269.0;244816.0
1502400;Construction;3839317.0;1519970.0
1502400;Financial;641619.0;0.0
1502400;Government;6137087.0;0.0
1502400;Manufacturing;5715890.0;1221792.0
1502400;Mining;150372.0;8522.0
1502400;OtherServices;14853031.0;3569104.0
1502400;RealEstate;205874.0;141679.0
1502400;Trade;15847306.0;7527547.0
1502400;Transport;3384461.0;1359288.0
1502400;Unknown;3672100.0;1220513.0
1502400;Utilities;546599.0;23313.0
1504208;Agriculture;5180334.0;2730751.0
1504208;Business;837857.0;209219.0
1504208;Construction;6234619.0;2459342.0
1504208;Financial;1146689.0;327203.0
1504208;Government;12246976.0;96043.0
1504208;Manufacturing;8688426.0;1091965.0
1504208;Mining;1455946.0;281741.0
1504208;OtherServices;22054624.0;4453123.0
1504208;RealEstate;239104.0;120598.0
1504208;Trade;21351129.0;8433288.0
1504208;Transport;6200807.0;2721593.0
1504208;Unknown;8478109.0;3254465.0
1504208;Utilities;718415.0;71684.0
1504422;Agriculture;649774.0;210781.0
1504422;Business;198186.0;48351.0
1504422;Construction;3372325.0;932167.0
1504422;Financial;408305.0;25405.0
1504422;Government;3300413.0;0.0
1504422;Manufacturing;1688657.0;488416.0
1504422;Mining;42059.0;0.0
1504422;OtherServices;8903463.0;1255898.0
1504422;RealEstate;83827.0;34042.0
1504422;Trade;7949471.0;3388125.0
1504422;Transport;2967054.0;1011187.0
1504422;Unknown;1305945.0;265109.0
1504422;Utilities;137434.0;16318.0
1505536;Agriculture;1477427.0;751144.0
1505536;Business;390585.0;65826.0
1505536;Construction;10142396.0;1785955.0
1505536;Financial;370300.0;21785.0
1505536;Government;3609637.0;0.0
1505536;Manufacturing;3731089.0;975903.0
1505536;Mining;13330254.0;4766.0
1505536;OtherServices;16523909.0;4131691.0
1505536;RealEstate;629193.0;257268.0
1505536;Trade;13277772.0;5246158.0
1505536;Transport;4162628.0;1106636.0
1505536;Unknown;8843110.0;1266307.0
1505536;Utilities;431409.0;118597.0
1506807;Agriculture;7188121.0;3754715.0
1506807;Business;986867.0;190402.0
1506807;Construction;5967830.0;2560359.0
1506807;Financial;929870.0;34862.0
1506807;Government;9774995.0;14627.0
1506807;Manufacturing;4996863.0;1783437.0
1506807;Mining;732344.0;152949.0
1506807;OtherServices;23655960.0;4206052.0
1506807;RealEstate;257306.0;100403.0
1506807;Trade;19005202.0;8511399.0
1506807;Transport;6381356.0;2556726.0
1506807;Unknown;4311828.0;1737989.0
1506807;Utilities;872295.0;17913.0
1600303;Agriculture;2938802.0;1613511.0
1600303;Business;2304986.0;448004.0
1600303;Construction;11797178.0;5136883.0
1600303;Financial;2478165.0;22405.0
1600303;Government;61249970.0;194605.0
1600303;Manufacturing;5884275.0;2734080.0
1600303;Mining;1355211.0;154095.0
1600303;OtherServices;68218752.0;8825211.0
1600303;RealEstate;481234.0;110972.0
1600303;Trade;35191407.0;13264157.0
1600303;Transport;6605666.0;2323421.0
1600303;Unknown;16119428.0;4048239.0
1600303;Utilities;2589280.0;26314.0
1600600;Agriculture;770525.0;414761.0
1600600;Business;260021.0;45746.0
1600600;Construction;2196498.0;886713.0
1600600;Financial;298650.0;20829.0
1600600;Government;5809954.0;15750.0
1600600;Manufacturing;1932194.0;363136.0
1600600;Mining;668694.0;35323.0
1600600;OtherServices;11995212.0;999834.0
1600600;RealEstate;13209.0;0.0
1600600;Trade;6354609.0;2479626.0
1600600;Transport;1671978.0;394324.0
1600600;Unknown;3459938.0;687995.0
1600600;Utilities;323554.0;25247.0
1702109;Agriculture;5825888.0;3196567.0
1702109;Business;768275.0;174382.0
1702109;Construction;5748870.0;2225727.0
1702109;Financial;1253917.0;38431.0
1702109;Government;9853596.0;32938.0
1702109;Manufacturing;5439523.0;1409191.0
1702109;Mining;145942.0;38902.0
1702109;OtherServices;28592558.0;7215933.0
1702109;RealEstate;481850.0;323069.0
1702109;Trade;17797757.0;5599072.0
1702109;Transport;4643637.0;1529291.0
1702109;Unknown;3616142.0;1797947.0
1702109;Utilities;639733.0;15084.0
1721000;Agriculture;4394757.0;1799876.0
1721000;Business;2208592.0;184398.0
1721000;Construction;15483694.0;5379970.0
1721000;Financial;3967521.0;59270.0
1721000;Government;50880260.0;512487.0
1721000;Manufacturing;7375158.0;2123780.0
1721000;Mining;321771.0;57646.0
1721000;OtherServices;56042450.0;10756077.0
1721000;RealEstate;1674698.0;1109512.0
1721000;Trade;28284484.0;8816205.0
1721000;Transport;5734609.0;2079544.0
1721000;Unknown;13125337.0;4594457.0
1721000;Utilities;2293994.0;70824.0
2100055;Agriculture;4475978.0;1213203.0
2100055;Business;261546.0;28158.0
2100055;Construction;2872437.0;733261.0
2100055;Financial;113449.0;13559.0
2100055;Government;1996335.0;0.0
2100055;Manufacturing;3631729.0;645107.0
2100055;Mining;837756.0;7079.0
2100055;OtherServices;6842478.0;1583795.0
2100055;RealEstate;149192.0;148589.0
2100055;Trade;10035264.0;2971425.0
2100055;Transport;2281900.0;1095943.0
2100055;Unknown;1063374.0;331967.0
2100055;Utilities;186917.0;9754.0
2101202;Agriculture;2641484.0;1900665.0
2101202;Business;190059.0;23056.0
2101202;Construction;1500847.0;513516.0
2101202;Financial;318740.0;0.0
2101202;Government;2226054.0;5223.0
2101202;Manufacturing;1173718.0;391623.0
2101202;Mining;27250.0;0.0
2101202;OtherServices;6849830.0;1389570.0
2101202;RealEstate;5928.0;0.0
2101202;Trade;8181522.0;4472663.0
2101202;Transport;1206271.0;761883.0
2101202;Unknown;1066373.0;549098.0
2101202;Utilities;189684.0;18004.0
2103000;Agriculture;2372072.0;1629552.0
2103000;Business;291251.0;162820.0
2103000;Construction;2989208.0;934267.0
2103000;Financial;560541.0;96725.0
2103000;Government;3456942.0;7846.0
2103000;Manufacturing;2318737.0;349932.0
2103000;Mining;29343.0;9716.0
2103000;OtherServices;10002253.0;1225122.0
2103000;RealEstate;4910.0;0.0
2103000;Trade;6843395.0;3009203.0
2103000;Transport;1513889.0;905476.0
2103000;Unknown;755549.0;242699.0
2103000;Utilities;248830.0;1689.0
2103307;Agriculture;2252093.0;1465339.0
2103307;Business;163136.0;26898.0
2103307;Construction;1793755.0;566017.0
2103307;Financial;188884.0;1872.0
2103307;Government;1912665.0;0.0
2103307;Manufacturing;1974186.0;381198.0
2103307;Mining;145958.0;39148.0
2103307;OtherServices;5652325.0;567461.0
2103307;RealEstate;78502.0;37236.0
2103307;Trade;3904413.0;1710584.0
2103307;Transport;762880.0;440870.0
2103307;Unknown;480968.0;71551.0
2103307;Utilities;64740.0;7290.0
2103752;Agriculture;158227.0;57615.0
2103752;Construction;263343.0;87753.0
2103752;Financial;7536.0;2458.0
2103752;Government;255503.0;7808.0
2103752;Manufacturing;236564.0;16144.0
2103752;OtherServices;507045.0;65055.0
2103752;RealEstate;4882.0;0.0
2103752;Trade;422212.0;114962.0
2103752;Transport;72203.0;4546.0
2103752;Unknown;137319.0;3650.0
2103752;Utilities;11435.0;0.0
2105302;Agriculture;4784761.0;2553054.0
2105302;Business;1675844.0;289857.0
2105302;Construction;7607567.0;2625182.0
2105302;Financial;1833161.0;175662.0
2105302;Government;9303983.0;22688.0
2105302;Manufacturing;7333576.0;2597489.0
2105302;Mining;483144.0;8612.0
2105302;OtherServices;32149491.0;9424218.0
2105302;RealEstate;1684102.0;429495.0
2105302;Trade;34172289.0;12659805.0
2105302;Transport;6303097.0;2369195.0
2105302;Unknown;4017021.0;1278194.0
2105302;Utilities;1416451.0;234982.0
2107506;Agriculture;862429.0;590967.0
2107506;Business;253236.0;30418.0
2107506;Construction;4351797.0;1270650.0
2107506;Financial;372616.0;92879.0
2107506;Government;3842711.0;114679.0
2107506;Manufacturing;2017741.0;476525.0
2107506;Mining;412526.0;6495.0
2107506;OtherServices;11202672.0;1583432.0
2107506;RealEstate;151307.0;38990.0
2107506;Trade;6750258.0;2533772.0
2107506;Transport;2179793.0;554668.0
2107506;Unknown;1937373.0;400662.0
2107506;Utilities;319439.0;41502.0
2109452;Agriculture;944463.0;694537.0
2109452;Business;4942.0;0.0
2109452;Construction;809335.0;367484.0
2109452;Financial;18458.0;0.0
2109452;Government;254343.0;0.0
2109452;Manufacturing;168815.0;96383.0
2109452;Mining;39296.0;0.0
2109452;OtherServices;1208236.0;161841.0
2109452;Trade;935318.0;578064.0
2109452;Transport;260654.0;43157.0
2109452;Unknown;322497.0;61064.0
2109452;Utilities;25484.0;0.0
2111201;Agriculture;791298.0;527690.0
2111201;Business;543899.0;127583.0
2111201;Construction;6739039.0;2022120.0
2111201;Financial;649857.0;83565.0
2111201;Government;4326600.0;4408.0
2111201;Manufacturing;2752673.0;993094.0
2111201;Mining;663089.0;10087.0
2111201;OtherServices;17200068.0;2393856.0
2111201;RealEstate;703455.0;491771.0
2111201;Trade;10878700.0;4461181.0
2111201;Transport;3156330.0;642712.0
2111201;Unknown;4422033.0;1722874.0
2111201;Utilities;387256.0;22738.0
2111300;Agriculture;4007464.0;1525811.0
2111300;Business;6544626.0;1128524.0
2111300;Construction;45815663.0;10337727.0
2111300;Financial;12514270.0;2107558.0
2111300;Government;85446216.0;559058.0
2111300;Manufacturing;27779270.0;6555264.0
2111300;Mining;7538628.0;33267.0
2111300;OtherServices;198949411.0;35840445.0
2111300;RealEstate;4238689.0;2275897.0
2111300;Trade;91698828.0;36616169.0
2111300;Transport;21358247.0;6825167.0
2111300;Unknown;40902926.0;11496039.0
2111300;Utilities;3934255.0;13639.0
2112209;Agriculture;1176045.0;782725.0
2112209;Business;300613.0;18292.0
2112209;Construction;4834917.0;1399988.0
2112209;Financial;273284.0;0.0
2112209;Government;4240349.0;1783.0
2112209;Manufacturing;2933997.0;647107.0
2112209;Mining;82997.0;17441.0
2112209;OtherServices;10627791.0;1371876.0
2112209;RealEstate;340283.0;246925.0
2112209;Trade;9281827.0;4171697.0
2112209;Transport;2082214.0;833382.0
2112209;Unknown;1690717.0;465050.0
2112209;Utilities;289961.0;11863.0
2207702;Agriculture;1526140.0;567670.0
2207702;Business;223728.0;59531.0
2207702;Construction;3070562.0;906803.0
2207702;Financial;711711.0;32037.0
2207702;Government;6160071.0;77479.0
2207702;Manufacturing;2616521.0;1075598.0
2207702;Mining;323885.0;0.0
2207702;OtherServices;15219174.0;3182935.0
2207702;RealEstate;99456.0;44954.0
2207702;Trade;10449601.0;3591654.0
2207702;Transport;1910819.0;825134.0
2207702;Unknown;806369.0;219444.0
2207702;Utilities;935595.0;1051.0
2211001;Agriculture;4518102.0;1396281.0
2211001;Business;6330505.0;694464.0
2211001;Construction;25931478.0;6223292.0
2211001;Financial;11244637.0;877867.0
2211001;Government;74416183.0;193944.0
2211001;Manufacturing;21923795.0;5755108.0
2211001;Mining;433816.0;102660.0
2211001;OtherServices;162738931.0;25650536.0
2211001;RealEstate;2487284.0;992957.0
2211001;Trade;75280108.0;25837384.0
2211001;Transport;13690457.0;4071744.0
2211001;Unknown;13095632.0;3833813.0
2211001;Utilities;6081803.0;170848.0
2301000;Agriculture;1727054.0;754475.0
2301000;Business;131103.0;4490.0
2301000;Construction;1677968.0;401445.0
2301000;Financial;61239.0;0.0
2301000;Government;1077638.0;0.0
2301000;Manufacturing;3408052.0;781595.0
2301000;Mining;89939.0;709.0
2301000;OtherServices;5552256.0;1003117.0
2301000;RealEstate;5017.0;0.0
2301000;Trade;2034231.0;892914.0
2301000;Transport;730187.0;255347.0
2301000;Unknown;1190806.0;518668.0
2301000;Utilities;113394.0;13641.0
2301901;Agriculture;907948.0;360436.0
2301901;Business;172118.0;16526.0
2301901;Construction;844280.0;225052.0
2301901;Financial;185433.0;0.0
2301901;Government;1642398.0;0.0
2301901;Manufacturing;1976243.0;94694.0
2301901;Mining;9993.0;0.0
2301901;OtherServices;4142590.0;425096.0
2301901;RealEstate;10765.0;0.0
2301901;Trade;1839225.0;642047.0
2301901;Transport;468297.0;156139.0
2301901;Unknown;135920.0;45446.0
2301901;Utilities;176790.0;1280.0
2303709;Agriculture;1858055.0;705406.0
2303709;Business;1161204.0;86654.0
2303709;Construction;8606674.0;1898637.0
2303709;Financial;999083.0;59078.0
2303709;Government;6168421.0;118386.0
2303709;Manufacturing;14151021.0;3471065.0
2303709;Mining;378526.0;22436.0
2303709;OtherServices;26403406.0;3796761.0
2303709;RealEstate;919036.0;260425.0
2303709;Trade;19466358.0;7475545.0
2303709;Transport;4899828.0;821747.0
2303709;Unknown;4654153.0;1364216.0
2303709;Utilities;1148431.0;83710.0
2304202;Agriculture;1219096.0;791106.0
2304202;Business;203368.0;34631.0
2304202;Construction;1910343.0;711079.0
2304202;Financial;971918.0;112843.0
2304202;Government;4305119.0;1612.0
2304202;Manufacturing;4134167.0;566298.0
2304202;Mining;20495.0;0.0
2304202;OtherServices;13399089.0;2325510.0
2304202;RealEstate;139748.0;129262.0
2304202;Trade;7869788.0;3374034.0
2304202;Transport;1311386.0;555560.0
2304202;Unknown;702513.0;226396.0
2304202;Utilities;367831.0;45823.0
2304285;Agriculture;423235.0;48884.0
2304285;Business;497153.0;0.0
2304285;Construction;1620212.0;694016.0
2304285;Financial;288868.0;0.0
2304285;Government;1278102.0;0.0
2304285;Manufacturing;2270456.0;381682.0
2304285;Mining;36847.0;0.0
2304285;OtherServices;6288967.0;1858350.0
2304285;RealEstate;57594.0;5550.0
2304285;Trade;3080441.0;1810282.0
2304285;Transport;668954.0;240585.0
2304285;Unknown;3568939.0;319632.0
2304285;Utilities;209344.0;30093.0
2304350;Agriculture;322008.0;141323.0
2304350;Business;11456.0;4625.0
2304350;Construction;300527.0;112973.0
2304350;Financial;67791.0;16783.0
2304350;Government;471091.0;24182.0
2304350;Manufacturing;1193712.0;33205.0
2304350;Mining;7731.0;0.0
2304350;OtherServices;963717.0;126142.0
2304350;Trade;510517.0;269220.0
2304350;Transport;142646.0;30879.0
2304350;Unknown;71411.0;31182.0
2304350;Utilities;67551.0;0.0
2304400;Agriculture;8466918.0;2155441.0
2304400;Business;30733162.0;5407042.0
2304400;Construction;67230806.0;16981959.0
2304400;Financial;45036760.0;2395291.0
2304400;Government;173000813.0;2334593.0
2304400;Manufacturing;145306261.0;32252630.0
2304400;Mining;7029884.0;239415.0
2304400;OtherServices;504523153.0;99331850.0
2304400;RealEstate;17051513.0;8013386.0
2304400;Trade;252233294.0;83157647.0
2304400;Transport;54423202.0;15508742.0
2304400;Unknown;83429182.0;20315305.0
2304400;Utilities;14485571.0;914405.0
2306256;Agriculture;242285.0;60081.0
2306256;Business;75775.0;46456.0
2306256;Construction;831692.0;199828.0
2306256;Financial;2749.0;0.0
2306256;Government;362698.0;0.0
2306256;Manufacturing;1557193.0;256307.0
2306256;Mining;145203.0;18424.0
2306256;OtherServices;1485007.0;269901.0
2306256;RealEstate;14108.0;0.0
2306256;Trade;798549.0;291672.0
2306256;Transport;380324.0;142687.0
2306256;Unknown;399839.0;101407.0
2306256;Utilities;101513.0;24051.0
2306405;Agriculture;1348360.0;819691.0
2306405;Business;84315.0;40539.0
2306405;Construction;1298625.0;252252.0
2306405;Financial;340393.0;0.0
2306405;Government;1905926.0;0.0
2306405;Manufacturing;2005316.0;240130.0
2306405;Mining;22272.0;8693.0
2306405;OtherServices;5331770.0;689243.0
2306405;RealEstate;72448.0;55774.0
2306405;Trade;4687848.0;1789601.0
2306405;Transport;539940.0;281187.0
2306405;Unknown;460939.0;143085.0
2306405;Utilities;338155.0;4335.0
2307304;Agriculture;1599071.0;611196.0
2307304;Business;633408.0;188063.0
2307304;Construction;4173856.0;1507732.0
2307304;Financial;1311927.0;30077.0
2307304;Government;7260035.0;71350.0
2307304;Manufacturing;10082650.0;2016691.0
2307304;Mining;62360.0;17116.0
2307304;OtherServices;21642001.0;4250680.0
2307304;RealEstate;652266.0;248682.0
2307304;Trade;23010108.0;9361882.0
2307304;Transport;3014276.0;1378580.0
2307304;Unknown;2530947.0;907161.0
2307304;Utilities;917621.0;67959.0
2307650;Agriculture;783429.0;440580.0
2307650;Business;567980.0;70692.0
2307650;Construction;4268385.0;977764.0
2307650;Financial;331581.0;14098.0
2307650;Government;4057241.0;15316.0
2307650;Manufacturing;14586360.0;1743094.0
2307650;Mining;54937.0;0.0
2307650;OtherServices;12700118.0;1564196.0
2307650;RealEstate;68328.0;16228.0
2307650;Trade;12549566.0;5199791.0
2307650;Transport;3644606.0;701614.0
2307650;Unknown;2995410.0;532890.0
2307650;Utilities;681753.0;45043.0
2307700;Agriculture;1841160.0;607428.0
2307700;Business;144459.0;6417.0
2307700;Construction;1671518.0;300615.0
2307700;Financial;112179.0;0.0
2307700;Government;1855382.0;26049.0
2307700;Manufacturing;7250361.0;719866.0
2307700;Mining;4392.0;0.0
2307700;OtherServices;4598924.0;520356.0
2307700;RealEstate;12495.0;0.0
2307700;Trade;3612120.0;1380325.0
2307700;Transport;1096973.0;164221.0
2307700;Unknown;860285.0;180122.0
2307700;Utilities;240474.0;22358.0
2309706;Agriculture;284215.0;107689.0
2309706;Business;123612.0;35985.0
2309706;Construction;1360238.0;255956.0
2309706;Financial;74550.0;0.0
2309706;Government;1406325.0;0.0
2309706;Manufacturing;4317685.0;562222.0
2309706;Mining;11056.0;0.0
2309706;OtherServices;3963829.0;294920.0
2309706;RealEstate;52192.0;0.0
2309706;Trade;2616870.0;876752.0
2309706;Transport;746464.0;157120.0
2309706;Unknown;1330883.0;271213.0
2309706;Utilities;200625.0;37114.0
2312908;Agriculture;947191.0;371429.0
2312908;Business;496763.0;155296.0
2312908;Construction;2915747.0;733570.0
2312908;Financial;1168308.0;20036.0
2312908;Government;4399859.0;4420.0
2312908;Manufacturing;10950271.0;530907.0
2312908;Mining;15805.0;0.0
2312908;OtherServices;17763269.0;1784368.0
2312908;RealEstate;126395.0;100257.0
2312908;Trade;11415786.0;4445295.0
2312908;Transport;2241260.0;866697.0
2312908;Unknown;4464067.0;751109.0
2312908;Utilities;1153089.0;116672.0
2403251;Agriculture;793277.0;147196.0
2403251;Business;1512161.0;235639.0
2403251;Construction;6959991.0;2473035.0
2403251;Financial;3387150.0;277306.0
2403251;Government;26254968.0;74034.0
2403251;Manufacturing;8321534.0;1632850.0
2403251;Mining;4388989.0;324981.0
2403251;OtherServices;37471235.0;7819680.0
2403251;RealEstate;1528225.0;907233.0
2403251;Trade;21581826.0;7327506.0
2403251;Transport;5745946.0;1492553.0
2403251;Unknown;5536508.0;1920190.0
2403251;Utilities;1234328.0;1965.0
2403608;Agriculture;295902.0;131135.0
2403608;Business;10030.0;4249.0
2403608;Construction;552375.0;142641.0
2403608;Financial;33240.0;0.0
2403608;Government;743648.0;0.0
2403608;Manufacturing;827065.0;51362.0
2403608;Mining;16291.0;0.0
2403608;OtherServices;1585879.0;311561.0
2403608;RealEstate;9336.0;0.0
2403608;Trade;898428.0;363124.0
2403608;Transport;304438.0;117887.0
2403608;Unknown;426126.0;88966.0
2403608;Utilities;98550.0;4892.0
2407104;Agriculture;918550.0;389874.0
2407104;Business;64402.0;15087.0
2407104;Construction;1760154.0;376223.0
2407104;Financial;70070.0;0.0
2407104;Government;1674161.0;10413.0
2407104;Manufacturing;2242230.0;198894.0
2407104;Mining;119386.0;5167.0
2407104;OtherServices;4169069.0;688133.0
2407104;RealEstate;25865.0;12017.0
2407104;Trade;2964186.0;1422806.0
2407104;Transport;741580.0;324769.0
2407104;Unknown;910900.0;272408.0
2407104;Utilities;293916.0;12360.0
2408003;Agriculture;2911937.0;799572.0
2408003;Business;1550057.0;198881.0
2408003;Construction;9339006.0;2197540.0
2408003;Financial;2979594.0;207446.0
2408003;Government;8583038.0;7999.0
2408003;Manufacturing;8449170.0;1612632.0
2408003;Mining;9374533.0;100790.0
2408003;OtherServices;34058317.0;5106942.0
2408003;RealEstate;527118.0;164584.0
2408003;Trade;22847215.0;7482236.0
2408003;Transport;4143596.0;1763607.0
2408003;Unknown;7923698.0;1456053.0
2408003;Utilities;933669.0;49031.0
2408102;Agriculture;3435961.0;1125350.0
2408102;Business;7322591.0;787159.0
2408102;Construction;25474421.0;6010545.0
2408102;Financial;13751054.0;844650.0
2408102;Government;88161799.0;349975.0
2408102;Manufacturing;30752361.0;6391108.0
2408102;Mining;10788582.0;0.0
2408102;OtherServices;177798727.0;31615209.0
2408102;RealEstate;4766240.0;1814034.0
2408102;Trade;83775299.0;25127562.0
2408102;Transport;13956853.0;4031248.0
2408102;Unknown;19596117.0;4632724.0
2408102;Utilities;6518493.0;192276.0
2412005;Agriculture;511489.0;146478.0
2412005;Business;138722.0;24394.0
2412005;Construction;2267729.0;417334.0
2412005;Financial;228454.0;10126.0
2412005;Government;2472005.0;610.0
2412005;Manufacturing;3803247.0;286601.0
2412005;Mining;266050.0;22644.0
2412005;OtherServices;6124155.0;777318.0
2412005;RealEstate;68089.0;37305.0
2412005;Trade;3928397.0;964078.0
2412005;Transport;1323070.0;414751.0
2412005;Unknown;983910.0;139763.0
2412005;Utilities;275253.0;46559.0
2501807;Agriculture;269333.0;187392.0
2501807;Business;168493.0;16361.0
2501807;Construction;2074655.0;514452.0
2501807;Financial;165013.0;0.0
2501807;Government;2339629.0;20779.0
2501807;Manufacturing;2728518.0;510235.0
2501807;Mining;63675.0;0.0
2501807;OtherServices;7843699.0;1107563.0
2501807;RealEstate;76005.0;28149.0
2501807;Trade;6200645.0;2665520.0
2501807;Transport;1573728.0;695194.0
2501807;Unknown;1572242.0;348169.0
2501807;Utilities;229269.0;23370.0
2503209;Agriculture;600786.0;174932.0
2503209;Business;2139938.0;80270.0
2503209;Construction;3161710.0;1835313.0
2503209;Financial;810454.0;235416.0
2503209;Government;5357009.0;11396.0
2503209;Manufacturing;1511444.0;446507.0
2503209;Mining;363198.0;0.0
2503209;OtherServices;9577905.0;1658482.0
2503209;RealEstate;1083268.0;596150.0
2503209;Trade;5414854.0;1575829.0
2503209;Transport;2286370.0;254658.0
2503209;Unknown;2172600.0;631978.0
2503209;Utilities;275370.0;72789.0
2504009;Agriculture;1673218.0;422458.0
2504009;Business;2593027.0;741406.0
2504009;Construction;8677150.0;3121119.0
2504009;Financial;3460317.0;90274.0
2504009;Government;20059728.0;39867.0
2504009;Manufacturing;15486339.0;2921057.0
2504009;Mining;580913.0;57010.0
2504009;OtherServices;57756523.0;10701396.0
2504009;RealEstate;442634.0;177812.0
2504009;Trade;34644680.0;12594949.0
2504009;Transport;6970182.0;3857475.0
2504009;Unknown;6281337.0;1549500.0
2504009;Utilities;1858477.0;213348.0
2504603;Agriculture;549999.0;227730.0
2504603;Business;70374.0;0.0
2504603;Construction;420678.0;99479.0
2504603;Government;530879.0;0.0
2504603;Manufacturing;540128.0;48988.0
2504603;Mining;6775.0;6775.0
2504603;OtherServices;1176462.0;107188.0
2504603;RealEstate;19053.0;0.0
2504603;Trade;607927.0;311496.0
2504603;Transport;241061.0;153728.0
2504603;Unknown;204918.0;17987.0
2504603;Utilities;93523.0;0.0
2507507;Agriculture;2188776.0;701009.0
2507507;Business;9691137.0;1589711.0
2507507;Construction;23721138.0;7014126.0
2507507;Financial;12797542.0;2037516.0
2507507;Government;92516033.0;1669885.0
2507507;Manufacturing;24030353.0;6242310.0
2507507;Mining;903513.0;65292.0
2507507;OtherServices;170041526.0;27372414.0
2507507;RealEstate;4161458.0;2157581.0
2507507;Trade;63756137.0;21138065.0
2507507;Transport;10381784.0;3755844.0
2507507;Unknown;29993414.0;6131792.0
2507507;Utilities;7086505.0;601397.0
2508307;Agriculture;914019.0;622498.0
2508307;Business;14581.0;13222.0
2508307;Construction;418368.0;78439.0
2508307;Financial;52656.0;0.0
2508307;Government;879420.0;33827.0
2508307;Manufacturing;197885.0;43057.0
2508307;OtherServices;1938987.0;214821.0
2508307;Trade;1436887.0;592968.0
2508307;Transport;241510.0;84686.0
2508307;Unknown;145336.0;27401.0
2508307;Utilities;72000.0;0.0
2508604;Agriculture;195548.0;62872.0
2508604;Construction;181642.0;78891.0
2508604;Financial;3422.0;0.0
2508604;Government;351171.0;0.0
2508604;Manufacturing;172356.0;23640.0
2508604;OtherServices;649747.0;100178.0
2508604;Trade;240482.0;123194.0
2508604;Transport;143112.0;45007.0
2508604;Unknown;96895.0;26120.0
2508604;Utilities;29419.0;8810.0
2509206;Agriculture;193058.0;116046.0
2509206;Business;10404.0;0.0
2509206;Construction;289411.0;32839.0
2509206;Government;219701.0;30207.0
2509206;Manufacturing;143525.0;8445.0
2509206;OtherServices;409151.0;47280.0
2509206;Trade;310801.0;101351.0
2509206;Transport;71855.0;27111.0
2509206;Unknown;40527.0;7973.0
2509206;Utilities;4316.0;0.0
2510808;Agriculture;626250.0;311658.0
2510808;Business;259622.0;31529.0
2510808;Construction;2592769.0;802225.0
2510808;Financial;601922.0;19301.0
2510808;Government;5354984.0;0.0
2510808;Manufacturing;2845181.0;680232.0
2510808;Mining;45283.0;6623.0
2510808;OtherServices;9856264.0;1052140.0
2510808;RealEstate;254996.0;156240.0
2510808;Trade;9223742.0;3315981.0
2510808;Transport;1363612.0;834302.0
2510808;Unknown;733584.0;223999.0
2510808;Utilities;294208.0;29100.0
2512408;Agriculture;289733.0;135441.0
2512408;Business;12790.0;2990.0
2512408;Construction;143517.0;50339.0
2512408;Financial;20770.0;0.0
2512408;Government;277200.0;0.0
2512408;Manufacturing;164993.0;12002.0
2512408;Mining;9580.0;0.0
2512408;OtherServices;476007.0;37302.0
2512408;RealEstate;3234.0;0.0
2512408;Trade;347241.0;77673.0
2512408;Transport;83308.0;13963.0
2512408;Unknown;72325.0;11771.0
2512408;Utilities;2560.0;0.0
2512507;Agriculture;533350.0;280394.0
2512507;Business;26921.0;8187.0
2512507;Construction;584308.0;182065.0
2512507;Financial;6057.0;0.0
2512507;Government;833309.0;0.0
2512507;Manufacturing;1342449.0;70086.0
2512507;Mining;34765.0;0.0
2512507;OtherServices;1330789.0;201994.0
2512507;RealEstate;3587.0;0.0
2512507;Trade;1358250.0;630535.0
2512507;Transport;307262.0;173388.0
2512507;Unknown;585382.0;214642.0
2512507;Utilities;83613.0;4633.0
2512606;Agriculture;53361.0;44705.0
2512606;Construction;50136.0;7465.0
2512606;Government;25619.0;0.0
2512606;Manufacturing;5869.0;1259.0
2512606;OtherServices;62266.0;1334.0
2512606;Trade;25724.0;18681.0
2512606;Transport;5376.0;1165.0
2512606;Unknown;7981.0;0.0
2512606;Utilities;6053.0;0.0
2513703;Agriculture;849377.0;188960.0
2513703;Business;97000.0;23081.0
2513703;Construction;2138402.0;520211.0
2513703;Financial;96670.0;11481.0
2513703;Government;1943799.0;0.0
2513703;Manufacturing;4532460.0;331315.0
2513703;Mining;150097.0;8180.0
2513703;OtherServices;6165768.0;859950.0
2513703;RealEstate;211675.0;191991.0
2513703;Trade;5494250.0;2241879.0
2513703;Transport;1640971.0;790854.0
2513703;Unknown;1813277.0;326487.0
2513703;Utilities;345262.0;15790.0
2600054;Agriculture;347381.0;200450.0
2600054;Business;312633.0;31085.0
2600054;Construction;2023776.0;441951.0
2600054;Financial;126621.0;0.0
2600054;Government;2535577.0;7232.0
2600054;Manufacturing;4037559.0;592713.0
2600054;Mining;35932.0;0.0
2600054;OtherServices;6519500.0;838922.0
2600054;RealEstate;85122.0;46679.0
2600054;Trade;4640641.0;1680660.0
2600054;Transport;1773823.0;407741.0
2600054;Unknown;1430068.0;287478.0
2600054;Utilities;295980.0;50453.0
2601052;Agriculture;341264.0;28202.0
2601052;Business;9481.0;0.0
2601052;Construction;263820.0;38718.0
2601052;Financial;5437.0;0.0
2601052;Government;235171.0;0.0
2601052;Manufacturing;594306.0;29250.0
2601052;OtherServices;620228.0;45412.0
2601052;Trade;352915.0;151737.0
2601052;Transport;225251.0;45304.0
2601052;Unknown;48770.0;13806.0
2601052;Utilities;31296.0;2362.0
2602902;Agriculture;831443.0;263290.0
2602902;Business;312396.0;74079.0
2602902;Construction;6167597.0;535559.0
2602902;Financial;488755.0;78047.0
2602902;Government;3530102.0;10773.0
2602902;Manufacturing;10466007.0;501988.0
2602902;Mining;136574.0;0.0
2602902;OtherServices;11904621.0;1242242.0
2602902;RealEstate;88234.0;60289.0
2602902;Trade;7927793.0;2749440.0
2602902;Transport;4062335.0;745298.0
2602902;Unknown;5997126.0;806732.0
2602902;Utilities;591371.0;8971.0
2603454;Agriculture;322456.0;36845.0
2603454;Business;905316.0;124300.0
2603454;Construction;3949513.0;944380.0
2603454;Financial;510929.0;55351.0
2603454;Government;4498226.0;0.0
2603454;Manufacturing;3220359.0;739470.0
2603454;Mining;58933.0;0.0
2603454;OtherServices;16976649.0;2339201.0
2603454;RealEstate;119497.0;56120.0
2603454;Trade;8334965.0;2628430.0
2603454;Transport;2913970.0;611596.0
2603454;Unknown;2465314.0;278900.0
2603454;Utilities;512139.0;51398.0
2604106;Agriculture;2384119.0;1627780.0
2604106;Business;1139046.0;420690.0
2604106;Construction;5750000.0;2917332.0
2604106;Financial;1962658.0;248109.0
2604106;Government;9549296.0;250971.0
2604106;Manufacturing;23735290.0;10574166.0
2604106;Mining;106448.0;19161.0
2604106;OtherServices;32133211.0;8517929.0
2604106;RealEstate;495577.0;224310.0
2604106;Trade;32081528.0;15171649.0
2604106;Transport;6292594.0;3660182.0
2604106;Unknown;7498561.0;2028555.0
2604106;Utilities;949987.0;63895.0
2606002;Agriculture;1412258.0;736141.0
2606002;Business;164348.0;70840.0
2606002;Construction;1671411.0;729988.0
2606002;Financial;857261.0;19740.0
2606002;Government;6838434.0;151432.0
2606002;Manufacturing;2986245.0;1120364.0
2606002;Mining;27793.0;0.0
2606002;OtherServices;14259781.0;2873689.0
2606002;RealEstate;23087.0;6439.0
2606002;Trade;8943536.0;3296973.0
2606002;Transport;1848198.0;798003.0
2606002;Unknown;2420265.0;961402.0
2606002;Utilities;558981.0;15288.0
2606804;Agriculture;751734.0;339223.0
2606804;Business;210533.0;31741.0
2606804;Construction;2079450.0;436309.0
2606804;Financial;185271.0;0.0
2606804;Government;1532651.0;0.0
2606804;Manufacturing;5229688.0;352544.0
2606804;Mining;5623.0;0.0
2606804;OtherServices;6501992.0;716016.0
2606804;RealEstate;16849.0;12724.0
2606804;Trade;4332842.0;1699699.0
2606804;Transport;2294843.0;602636.0
2606804;Unknown;1777730.0;278216.0
2606804;Utilities;272676.0;33033.0
2607208;Agriculture;874194.0;182471.0
2607208;Business;48212.0;23435.0
2607208;Construction;2055299.0;294284.0
2607208;Financial;18038.0;0.0
2607208;Government;2023791.0;59824.0
2607208;Manufacturing;3164562.0;231434.0
2607208;Mining;41650.0;0.0
2607208;OtherServices;6386454.0;1041097.0
2607208;RealEstate;13945.0;0.0
2607208;Trade;2909576.0;1167620.0
2607208;Transport;1510857.0;453671.0
2607208;Unknown;2061911.0;489802.0
2607208;Utilities;113165.0;12102.0
2607604;Agriculture;158956.0;78919.0
2607604;Business;60015.0;9409.0
2607604;Construction;417286.0;255536.0
2607604;Financial;3495.0;0.0
2607604;Government;863535.0;5406.0
2607604;Manufacturing;192130.0;71787.0
2607604;OtherServices;1390625.0;290388.0
2607604;Trade;508803.0;311947.0
2607604;Transport;210937.0;83476.0
2607604;Unknown;136999.0;43148.0
2607604;Utilities;65416.0;9752.0
2607752;Agriculture;257967.0;139994.0
2607752;Business;53264.0;0.0
2607752;Construction;328771.0;27071.0
2607752;Financial;20524.0;0.0
2607752;Government;606394.0;0.0
2607752;Manufacturing;500625.0;63144.0
2607752;Mining;11498.0;232.0
2607752;OtherServices;1227846.0;142179.0
2607752;RealEstate;13668.0;0.0
2607752;Trade;1450757.0;1188599.0
2607752;Transport;208303.0;59664.0
2607752;Unknown;190533.0;21041.0
2607752;Utilities;90691.0;3699.0
2607901;Agriculture;1166454.0;299383.0
2607901;Business;5231760.0;577682.0
2607901;Construction;18170865.0;4017080.0
2607901;Financial;7142890.0;586802.0
2607901;Government;23856429.0;81072.0
2607901;Manufacturing;27218022.0;3864097.0
2607901;Mining;1307232.0;24067.0
2607901;OtherServices;80729375.0;15559637.0
2607901;RealEstate;1341201.0;402072.0
2607901;Trade;53997570.0;17950160.0
2607901;Transport;19274969.0;3935991.0
2607901;Unknown;13768890.0;3689815.0
2607901;Utilities;2774523.0;152869.0
2609402;Agriculture;906789.0;596915.0
2609402;Business;116226.0;11990.0
2609402;Construction;868830.0;119903.0
2609402;Financial;101406.0;0.0
2609402;Government;1164457.0;0.0
2609402;Manufacturing;1730723.0;252857.0
2609402;Mining;13555.0;6121.0
2609402;OtherServices;3051754.0;317969.0
2609402;RealEstate;6584.0;0.0
2609402;Trade;1993369.0;689114.0
2609402;Transport;1140784.0;314786.0
2609402;Unknown;480666.0;130467.0
2609402;Utilities;140967.0;13203.0
2609600;Agriculture;411349.0;145275.0
2609600;Business;4896095.0;503554.0
2609600;Construction;8748569.0;2702045.0
2609600;Financial;4852505.0;610293.0
2609600;Government;23239642.0;119554.0
2609600;Manufacturing;10250155.0;2519393.0
2609600;Mining;251058.0;0.0
2609600;OtherServices;52906240.0;8226511.0
2609600;RealEstate;950432.0;409982.0
2609600;Trade;27650251.0;8945027.0
2609600;Transport;7362693.0;2168648.0
2609600;Unknown;7191896.0;2094766.0
2609600;Utilities;1813860.0;153422.0
2610608;Agriculture;784003.0;118554.0
2610608;Business;89996.0;0.0
2610608;Construction;794744.0;113714.0
2610608;Financial;49137.0;0.0
2610608;Government;1109665.0;0.0
2610608;Manufacturing;2135550.0;370533.0
2610608;Mining;30404.0;0.0
2610608;OtherServices;3493345.0;431100.0
2610608;Trade;1527799.0;507856.0
2610608;Transport;1010162.0;298343.0
2610608;Unknown;894235.0;120595.0
2610608;Utilities;73523.0;43915.0
2610707;Agriculture;433057.0;249813.0
2610707;Business;2334884.0;204546.0
2610707;Construction;7068774.0;2071881.0
2610707;Financial;3401538.0;1206703.0
2610707;Government;13295435.0;22455.0
2610707;Manufacturing;10572168.0;1583878.0
2610707;Mining;266330.0;26209.0
2610707;OtherServices;35922452.0;5133292.0
2610707;RealEstate;422195.0;123449.0
2610707;Trade;20397546.0;6315812.0
2610707;Transport;5770155.0;1646538.0
2610707;Unknown;5792249.0;1128646.0
2610707;Utilities;1142328.0;91933.0
2611101;Agriculture;34195236.0;14199673.0
2611101;Business;1049181.0;294694.0
2611101;Construction;8108501.0;2561470.0
2611101;Financial;2059776.0;89254.0
2611101;Government;13343227.0;53288.0
2611101;Manufacturing;6219153.0;1496142.0
2611101;Mining;290434.0;47810.0
2611101;OtherServices;32772265.0;6180884.0
2611101;RealEstate;517207.0;167816.0
2611101;Trade;23442160.0;8345994.0
2611101;Transport;4735689.0;1993952.0
2611101;Unknown;5621424.0;1894618.0
2611101;Utilities;1113152.0;35037.0
2611606;Agriculture;5442842.0;2093390.0
2611606;Business;30405493.0;3442484.0
2611606;Construction;50007232.0;8185275.0
2611606;Financial;42705625.0;2954795.0
2611606;Government;173281215.0;752741.0
2611606;Manufacturing;69202395.0;11077715.0
2611606;Mining;4063460.0;338487.0
2611606;OtherServices;373876797.0;72690822.0
2611606;RealEstate;9628802.0;4111318.0
2611606;Trade;155648922.0;50582936.0
2611606;Transport;42821118.0;11494651.0
2611606;Unknown;61173873.0;14063713.0
2611606;Utilities;20355866.0;1156150.0
2613701;Agriculture;492840.0;73214.0
2613701;Business;276136.0;22042.0
2613701;Construction;2923099.0;311935.0
2613701;Financial;205297.0;5715.0
2613701;Government;2596546.0;19312.0
2613701;Manufacturing;2220046.0;289861.0
2613701;Mining;13685.0;1402.0
2613701;OtherServices;7942194.0;1133604.0
2613701;RealEstate;63845.0;37975.0
2613701;Trade;4103925.0;1409242.0
2613701;Transport;1609679.0;513053.0
2613701;Unknown;1024575.0;303564.0
2613701;Utilities;408778.0;11673.0
2616407;Agriculture;1995506.0;751052.0
2616407;Business;241873.0;71131.0
2616407;Construction;2023812.0;495282.0
2616407;Financial;282569.0;7679.0
2616407;Government;2360703.0;14897.0
2616407;Manufacturing;3429085.0;466707.0
2616407;Mining;158677.0;0.0
2616407;OtherServices;10825144.0;1129778.0
2616407;RealEstate;143619.0;128886.0
2616407;Trade;7883829.0;3337575.0
2616407;Transport;1977734.0;890730.0
2616407;Unknown;2149976.0;872462.0
2616407;Utilities;324006.0;64590.0
2700300;Agriculture;3094762.0;1714874.0
2700300;Business;379381.0;95526.0
2700300;Construction;4178763.0;1597566.0
2700300;Financial;1016512.0;128634.0
2700300;Government;6384476.0;33298.0
2700300;Manufacturing;5279602.0;958227.0
2700300;Mining;63611.0;27033.0
2700300;OtherServices;16410010.0;3438143.0
2700300;RealEstate;302521.0;126751.0
2700300;Trade;17416965.0;5407126.0
2700300;Transport;2618303.0;1259787.0
2700300;Unknown;5089581.0;1401503.0
2700300;Utilities;689788.0;82705.0
2700508;Agriculture;192907.0;39399.0
2700508;Business;8509.0;0.0
2700508;Construction;153781.0;32229.0
2700508;Financial;13436.0;3651.0
2700508;Government;340029.0;0.0
2700508;Manufacturing;236395.0;25191.0
2700508;OtherServices;737093.0;72165.0
2700508;RealEstate;3537.0;1122.0
2700508;Trade;224709.0;112333.0
2700508;Transport;95089.0;64269.0
2700508;Unknown;88033.0;4325.0
2700508;Utilities;33554.0;842.0
2702207;Agriculture;81505.0;61963.0
2702207;Business;6027.0;2988.0
2702207;Construction;80336.0;11153.0
2702207;Financial;4574.0;0.0
2702207;Government;163211.0;0.0
2702207;Manufacturing;177253.0;16792.0
2702207;OtherServices;246066.0;12352.0
2702207;RealEstate;6400.0;0.0
2702207;Trade;108973.0;61010.0
2702207;Transport;21629.0;4796.0
2702207;Unknown;19887.0;2733.0
2702207;Utilities;14401.0;0.0
2704302;Agriculture;5932445.0;3133698.0
2704302;Business;6933511.0;829185.0
2704302;Construction;26586358.0;6154932.0
2704302;Financial;12528368.0;1896354.0
2704302;Government;88319359.0;2548854.0
2704302;Manufacturing;29326656.0;6412445.0
2704302;Mining;1985845.0;0.0
2704302;OtherServices;162825239.0;31863582.0
2704302;RealEstate;3772779.0;1840149.0
2704302;Trade;82648021.0;25170938.0
2704302;Transport;18163878.0;6046796.0
2704302;Unknown;31849269.0;7417553.0
2704302;Utilities;4735840.0;316715.0
2704708;Agriculture;585278.0;122415.0
2704708;Business;100692.0;7626.0
2704708;Construction;1199459.0;360828.0
2704708;Financial;91032.0;0.0
2704708;Government;1707941.0;0.0
2704708;Manufacturing;1477849.0;301723.0
2704708;Mining;87519.0;2159.0
2704708;OtherServices;3344935.0;669549.0
2704708;RealEstate;49057.0;16252.0
2704708;Trade;1712230.0;793957.0
2704708;Transport;779320.0;338590.0
2704708;Unknown;751901.0;343522.0
2704708;Utilities;171700.0;0.0
2705200;Agriculture;213511.0;17842.0
2705200;Business;4513.0;0.0
2705200;Construction;312159.0;24906.0
2705200;Financial;5507.0;0.0
2705200;Government;209956.0;0.0
2705200;Manufacturing;359553.0;19100.0
2705200;Mining;26974.0;0.0
2705200;OtherServices;557547.0;71848.0
2705200;RealEstate;10616.0;5482.0
2705200;Trade;357641.0;148046.0
2705200;Transport;222521.0;62798.0
2705200;Unknown;117267.0;34599.0
2705200;Utilities;17711.0;3254.0
2706448;Agriculture;124594.0;37880.0
2706448;Business;7513.0;2922.0
2706448;Construction;303131.0;51517.0
2706448;Financial;2905.0;0.0
2706448;Government;459773.0;0.0
2706448;Manufacturing;144860.0;35623.0
2706448;Mining;842.0;0.0
2706448;OtherServices;798179.0;80042.0
2706448;RealEstate;26983.0;0.0
2706448;Trade;336272.0;133704.0
2706448;Transport;68597.0;40022.0
2706448;Unknown;120752.0;56859.0
2706448;Utilities;8589.0;1890.0
2707701;Agriculture;614110.0;28846.0
2707701;Business;134742.0;49860.0
2707701;Construction;1143217.0;248592.0
2707701;Financial;226219.0;8342.0
2707701;Government;1329906.0;0.0
2707701;Manufacturing;2034147.0;236045.0
2707701;Mining;79622.0;0.0
2707701;OtherServices;4358272.0;770206.0
2707701;Trade;2949841.0;1276832.0
2707701;Transport;1780278.0;600855.0
2707701;Unknown;1166831.0;264874.0
2707701;Utilities;289881.0;22656.0
2707909;Agriculture;93887.0;57141.0
2707909;Business;9179.0;0.0
2707909;Construction;142666.0;14885.0
2707909;Financial;7611.0;0.0
2707909;Government;206162.0;0.0
2707909;Manufacturing;148664.0;11975.0
2707909;Mining;1992.0;0.0
2707909;OtherServices;304060.0;44231.0
2707909;RealEstate;635.0;0.0
2707909;Trade;193470.0;96151.0
2707909;Transport;48499.0;12553.0
2707909;Unknown;46123.0;6776.0
2707909;Utilities;13675.0;0.0
2708907;Agriculture;76361.0;731.0
2708907;Business;15810.0;0.0
2708907;Construction;154190.0;37868.0
2708907;Financial;17314.0;0.0
2708907;Government;615462.0;0.0
2708907;Manufacturing;802482.0;55662.0
2708907;Mining;14326.0;0.0
2708907;OtherServices;892321.0;126989.0
2708907;RealEstate;16970.0;7571.0
2708907;Trade;616814.0;217379.0
2708907;Transport;212066.0;27644.0
2708907;Unknown;251200.0;12513.0
2708907;Utilities;27334.0;0.0
2800308;Agriculture;4096700.0;796939.0
2800308;Business;4929151.0;786504.0
2800308;Construction;20423595.0;5545964.0
2800308;Financial;12029375.0;676728.0
2800308;Government;87709572.0;326800.0
2800308;Manufacturing;18808329.0;3481252.0
2800308;Mining;17487610.0;0.0
2800308;OtherServices;124686060.0;23904047.0
2800308;RealEstate;3045419.0;1959901.0
2800308;Trade;53701985.0;15922620.0
2800308;Transport;13495905.0;5207942.0
2800308;Unknown;21154349.0;4985127.0
2800308;Utilities;3423798.0;480931.0
2800605;Agriculture;255222.0;152264.0
2800605;Business;111156.0;29772.0
2800605;Construction;585980.0;225157.0
2800605;Financial;138156.0;0.0
2800605;Government;957004.0;2749.0
2800605;Manufacturing;410853.0;49835.0
2800605;Mining;181035.0;0.0
2800605;OtherServices;2064689.0;389588.0
2800605;Trade;919322.0;427162.0
2800605;Transport;863648.0;233752.0
2800605;Unknown;650693.0;216601.0
2800605;Utilities;45418.0;2509.0
2801504;Agriculture;25835.0;7511.0
2801504;Business;10554.0;0.0
2801504;Construction;443834.0;59819.0
2801504;Financial;3232.0;0.0
2801504;Government;672273.0;0.0
2801504;Manufacturing;223751.0;21502.0
2801504;Mining;714761.0;0.0
2801504;OtherServices;551760.0;141245.0
2801504;Trade;310636.0;155148.0
2801504;Transport;342963.0;18639.0
2801504;Unknown;527283.0;62814.0
2801504;Utilities;7707.0;0.0
2802007;Agriculture;72197.0;30812.0
2802007;Construction;104177.0;10641.0
2802007;Government;384618.0;0.0
2802007;Manufacturing;34331.0;8921.0
2802007;Mining;15406.0;3904.0
2802007;OtherServices;113724.0;8237.0
2802007;Trade;40506.0;19559.0
2802007;Transport;34386.0;0.0
2802007;Unknown;18296.0;3653.0
2802007;Utilities;7421.0;0.0
2802502;Agriculture;20339.0;2303.0
2802502;Construction;105962.0;1782.0
2802502;Financial;1018.0;0.0
2802502;Government;97222.0;0.0
2802502;Manufacturing;48223.0;743.0
2802502;Mining;48886.0;0.0
2802502;OtherServices;153711.0;7599.0
2802502;Trade;41078.0;2976.0
2802502;Transport;58759.0;22748.0
2802502;Unknown;44462.0;4803.0
2802502;Utilities;14803.0;0.0
2803609;Agriculture;182229.0;25865.0
2803609;Construction;624207.0;44314.0
2803609;Financial;5186.0;0.0
2803609;Government;769154.0;1054.0
2803609;Manufacturing;796968.0;16167.0
2803609;Mining;111544.0;1416.0
2803609;OtherServices;1312522.0;110781.0
2803609;Trade;417157.0;203203.0
2803609;Transport;241565.0;52091.0
2803609;Unknown;566372.0;21337.0
2803609;Utilities;78229.0;0.0
2804003;Agriculture;244676.0;84450.0
2804003;Business;16674.0;13976.0
2804003;Construction;431184.0;45476.0
2804003;Financial;10090.0;0.0
2804003;Government;596556.0;0.0
2804003;Manufacturing;365116.0;28657.0
2804003;Mining;362786.0;0.0
2804003;OtherServices;634741.0;57828.0
2804003;Trade;377523.0;206521.0
2804003;Transport;157922.0;44473.0
2804003;Unknown;277757.0;44312.0
2804003;Utilities;74110.0;277.0
2804805;Agriculture;354172.0;173463.0
2804805;Business;352125.0;53885.0
2804805;Construction;4393842.0;1079811.0
2804805;Financial;243792.0;57264.0
2804805;Government;5093831.0;0.0
2804805;Manufacturing;4031661.0;546737.0
2804805;Mining;920091.0;7511.0
2804805;OtherServices;12701724.0;1468376.0
2804805;RealEstate;191685.0;108984.0
2804805;Trade;9394867.0;2870874.0
2804805;Transport;3168843.0;1070143.0
2804805;Unknown;2269395.0;574535.0
2804805;Utilities;424139.0;34607.0
2805901;Agriculture;110193.0;43399.0
2805901;Business;5233.0;5233.0
2805901;Construction;115633.0;13678.0
2805901;Financial;1921.0;0.0
2805901;Government;362183.0;0.0
2805901;Manufacturing;508482.0;6624.0
2805901;Mining;40218.0;755.0
2805901;OtherServices;470835.0;45269.0
2805901;RealEstate;4090.0;0.0
2805901;Trade;170334.0;103461.0
2805901;Transport;46170.0;5507.0
2805901;Unknown;67304.0;343.0
2805901;Utilities;24658.0;0.0
2806107;Agriculture;126440.0;31543.0
2806107;Business;8419.0;0.0
2806107;Construction;190111.0;29470.0
2806107;Financial;17670.0;0.0
2806107;Government;426527.0;0.0
2806107;Manufacturing;78381.0;3044.0
2806107;Mining;326894.0;0.0
2806107;OtherServices;556758.0;34860.0
2806107;Trade;109044.0;35881.0
2806107;Transport;113216.0;7393.0
2806107;Unknown;168697.0;36501.0
2806107;Utilities;25734.0;0.0
2806701;Agriculture;841937.0;396674.0
2806701;Business;120671.0;38252.0
2806701;Construction;2156512.0;640782.0
2806701;Financial;115508.0;4386.0
2806701;Government;3299444.0;0.0
2806701;Manufacturing;983325.0;117710.0
2806701;Mining;436544.0;0.0
2806701;OtherServices;6787974.0;787617.0
2806701;RealEstate;86885.0;30105.0
2806701;Trade;3792281.0;1172993.0
2806701;Transport;1546297.0;590653.0
2806701;Unknown;1120213.0;213770.0
2806701;Utilities;388287.0;26458.0
2807204;Agriculture;168698.0;21874.0
2807204;Construction;167621.0;18872.0
2807204;Financial;6923.0;0.0
2807204;Government;315066.0;0.0
2807204;Manufacturing;216179.0;12947.0
2807204;Mining;36741.0;0.0
2807204;OtherServices;209003.0;33290.0
2807204;Trade;148519.0;101955.0
2807204;Transport;76311.0;27028.0
2807204;Unknown;52016.0;19566.0
2807204;Utilities;8302.0;0.0
2900702;Agriculture;1520206.0;658909.0
2900702;Business;456308.0;88975.0
2900702;Construction;4043418.0;1034571.0
2900702;Financial;710879.0;29951.0
2900702;Government;4420476.0;26655.0
2900702;Manufacturing;5937657.0;614870.0
2900702;Mining;3131082.0;14309.0
2900702;OtherServices;13602090.0;3129298.0
2900702;RealEstate;39573.0;24267.0
2900702;Trade;9226643.0;3686353.0
2900702;Transport;2839484.0;894417.0
2900702;Unknown;3825178.0;728984.0
2900702;Utilities;419571.0;13309.0
2903201;Agriculture;9020907.0;4563355.0
2903201;Business;614912.0;109243.0
2903201;Construction;4150176.0;1479568.0
2903201;Financial;921451.0;23534.0
2903201;Government;7021812.0;0.0
2903201;Manufacturing;2689995.0;838677.0
2903201;Mining;114831.0;0.0
2903201;OtherServices;18129277.0;4346266.0
2903201;RealEstate;428876.0;293231.0
2903201;Trade;13832484.0;5754848.0
2903201;Transport;3625388.0;1326276.0
2903201;Unknown;3445957.0;1329950.0
2903201;Utilities;1045322.0;84302.0
2905701;Agriculture;955372.0;493857.0
2905701;Business;811630.0;137590.0
2905701;Construction;13185769.0;2247207.0
2905701;Financial;1069405.0;245881.0
2905701;Government;4240175.0;0.0
2905701;Manufacturing;19832942.0;970308.0
2905701;Mining;1040231.0;76580.0
2905701;OtherServices;23252714.0;4347747.0
2905701;RealEstate;498793.0;372120.0
2905701;Trade;14483142.0;5866669.0
2905701;Transport;5531049.0;1499850.0
2905701;Unknown;11175895.0;2057501.0
2905701;Utilities;856560.0;38279.0
2906501;Agriculture;165478.0;26181.0
2906501;Business;110704.0;4035.0
2906501;Construction;3484647.0;253642.0
2906501;Financial;563023.0;71536.0
2906501;Government;1789528.0;0.0
2906501;Manufacturing;5286954.0;93741.0
2906501;Mining;436574.0;0.0
2906501;OtherServices;5412676.0;551061.0
2906501;RealEstate;7440.0;0.0
2906501;Trade;2826498.0;1104664.0
2906501;Transport;1724239.0;458285.0
2906501;Unknown;4152170.0;482799.0
2906501;Utilities;247073.0;8280.0
2910057;Agriculture;86265.0;20002.0
2910057;Business;71143.0;6504.0
2910057;Construction;2513782.0;540999.0
2910057;Financial;184178.0;0.0
2910057;Government;1058216.0;0.0
2910057;Manufacturing;5905764.0;240583.0
2910057;Mining;245266.0;24677.0
2910057;OtherServices;3932342.0;605649.0
2910057;RealEstate;10628.0;0.0
2910057;Trade;3004037.0;1105246.0
2910057;Transport;2110159.0;553263.0
2910057;Unknown;2530870.0;208315.0
2910057;Utilities;305237.0;2678.0
2910727;Agriculture;2783965.0;417981.0
2910727;Business;270577.0;190782.0
2910727;Construction;3529552.0;1119493.0
2910727;Financial;691142.0;110821.0
2910727;Government;4593024.0;8038.0
2910727;Manufacturing;4520209.0;756385.0
2910727;Mining;107221.0;0.0
2910727;OtherServices;10742529.0;2538993.0
2910727;RealEstate;192136.0;71339.0
2910727;Trade;10530347.0;4124818.0
2910727;Transport;2599585.0;1003145.0
2910727;Unknown;2296143.0;695466.0
2910727;Utilities;804674.0;43631.0
2910800;Agriculture;3996747.0;1318573.0
2910800;Business;2668271.0;553980.0
2910800;Construction;17740305.0;5020925.0
2910800;Financial;6049492.0;235620.0
2910800;Government;18852761.0;207408.0
2910800;Manufacturing;24665542.0;4777815.0
2910800;Mining;1270480.0;28138.0
2910800;OtherServices;68557708.0;12678684.0
2910800;RealEstate;786457.0;313359.0
2910800;Trade;74950581.0;28161926.0
2910800;Transport;14460348.0;4817162.0
2910800;Unknown;14802207.0;4591988.0
2910800;Utilities;2146607.0;267991.0
2913606;Agriculture;4567533.0;1540933.0
2913606;Business;743859.0;147506.0
2913606;Construction;4418604.0;2018595.0
2913606;Financial;1384641.0;58035.0
2913606;Government;10457660.0;35423.0
2913606;Manufacturing;4569215.0;769740.0
2913606;Mining;299621.0;1568.0
2913606;OtherServices;23747121.0;4712971.0
2913606;RealEstate;384668.0;291103.0
2913606;Trade;10525896.0;4250903.0
2913606;Transport;2746395.0;723038.0
2913606;Unknown;3533249.0;1058366.0
2913606;Utilities;637009.0;70673.0
2914802;Agriculture;2399913.0;399452.0
2914802;Business;1116121.0;367193.0
2914802;Construction;5905269.0;1638550.0
2914802;Financial;2455234.0;59747.0
2914802;Government;9560522.0;62172.0
2914802;Manufacturing;6627417.0;1910574.0
2914802;Mining;105316.0;22350.0
2914802;OtherServices;27897409.0;5444592.0
2914802;RealEstate;694349.0;387241.0
2914802;Trade;17078235.0;6048405.0
2914802;Transport;3973983.0;1342238.0
2914802;Unknown;4654807.0;1543201.0
2914802;Utilities;1101907.0;81772.0
2918001;Agriculture;1560203.0;584166.0
2918001;Business;353674.0;103982.0
2918001;Construction;3260261.0;1091431.0
2918001;Financial;1457253.0;98730.0
2918001;Government;6823621.0;104068.0
2918001;Manufacturing;4672475.0;736050.0
2918001;Mining;151205.0;44768.0
2918001;OtherServices;16438985.0;4110380.0
2918001;RealEstate;73986.0;39453.0
2918001;Trade;9713032.0;3433649.0
2918001;Transport;2762970.0;1278085.0
2918001;Unknown;2290163.0;671822.0
2918001;Utilities;580783.0;9210.0
2918407;Agriculture;8411645.0;2572696.0
2918407;Business;520853.0;75324.0
2918407;Construction;4119726.0;1071021.0
2918407;Financial;1120350.0;97913.0
2918407;Government;8625869.0;75243.0
2918407;Manufacturing;3515206.0;1221602.0
2918407;Mining;378467.0;128273.0
2918407;OtherServices;16631170.0;3335145.0
2918407;RealEstate;86083.0;41628.0
2918407;Trade;15679705.0;6871219.0
2918407;Transport;2256950.0;1000763.0
2918407;Unknown;3478541.0;834505.0
2918407;Utilities;787618.0;100226.0
2919207;Agriculture;487234.0;161712.0
2919207;Business;1718926.0;369083.0
2919207;Construction;12565093.0;3001078.0
2919207;Financial;2608124.0;275463.0
2919207;Government;12401816.0;126488.0
2919207;Manufacturing;13703558.0;1620204.0
2919207;Mining;1965840.0;198356.0
2919207;OtherServices;39935325.0;7378705.0
2919207;RealEstate;1933404.0;1374861.0
2919207;Trade;18355926.0;5135030.0
2919207;Transport;5869701.0;1860377.0
2919207;Unknown;10417153.0;2317157.0
2919207;Utilities;2460042.0;49874.0
2919926;Agriculture;20097.0;14665.0
2919926;Business;67945.0;0.0
2919926;Construction;604456.0;101232.0
2919926;Financial;90447.0;296.0
2919926;Government;811255.0;0.0
2919926;Manufacturing;1215514.0;100012.0
2919926;Mining;118311.0;0.0
2919926;OtherServices;1362867.0;257711.0
2919926;RealEstate;4808.0;0.0
2919926;Trade;748872.0;327620.0
2919926;Transport;390253.0;32945.0
2919926;Unknown;529452.0;60782.0
2919926;Utilities;38705.0;0.0
2921005;Agriculture;322667.0;37432.0
2921005;Business;186235.0;0.0
2921005;Construction;1201992.0;198437.0
2921005;Financial;45831.0;12372.0
2921005;Government;618182.0;4672.0
2921005;Manufacturing;1157854.0;170840.0
2921005;Mining;73386.0;0.0
2921005;OtherServices;3876154.0;516370.0
2921005;RealEstate;59061.0;34261.0
2921005;Trade;2572912.0;649767.0
2921005;Transport;489901.0;282548.0
2921005;Unknown;1388566.0;512614.0
2921005;Utilities;44983.0;0.0
2924009;Agriculture;795339.0;376292.0
2924009;Business;188426.0;53638.0
2924009;Construction;4459951.0;777961.0
2924009;Financial;431980.0;20705.0
2924009;Government;4215903.0;7796.0
2924009;Manufacturing;2061615.0;484403.0
2924009;Mining;147624.0;7593.0
2924009;OtherServices;9944738.0;2556978.0
2924009;Trade;6128270.0;2460277.0
2924009;Transport;1437262.0;400260.0
2924009;Unknown;3408043.0;882126.0
2924009;Utilities;3358459.0;40283.0
2925303;Agriculture;3088571.0;1241068.0
2925303;Business;235369.0;115975.0
2925303;Construction;3987678.0;1463411.0
2925303;Financial;306079.0;15191.0
2925303;Government;4174855.0;0.0
2925303;Manufacturing;3922061.0;1184783.0
2925303;Mining;14936.0;0.0
2925303;OtherServices;18607927.0;4142475.0
2925303;RealEstate;452034.0;234614.0
2925303;Trade;9981836.0;3996230.0
2925303;Transport;2507641.0;1029407.0
2925303;Unknown;2740658.0;1188798.0
2925303;Utilities;543127.0;0.0
2927408;Agriculture;8579122.0;3417272.0
2927408;Business;34052906.0;3480323.0
2927408;Construction;116704224.0;24650682.0
2927408;Financial;48694797.0;2961194.0
2927408;Government;208407832.0;1192730.0
2927408;Manufacturing;112383221.0;18656293.0
2927408;Mining;29352006.0;618174.0
2927408;OtherServices;642060387.0;121996422.0
2927408;RealEstate;21172312.0;8511044.0
2927408;Trade;247626300.0;70859173.0
2927408;Transport;74895521.0;18841279.0
2927408;Unknown;132239747.0;32446369.0
2927408;Utilities;20637857.0;1171350.0
2929206;Agriculture;142811.0;53907.0
2929206;Business;32274.0;10006.0
2929206;Construction;1587034.0;162029.0
2929206;Financial;66440.0;0.0
2929206;Government;3138201.0;0.0
2929206;Manufacturing;644457.0;42731.0
2929206;Mining;158325.0;0.0
2929206;OtherServices;1366157.0;83780.0
2929206;Trade;742018.0;304635.0
2929206;Transport;203704.0;25327.0
2929206;Unknown;617180.0;112513.0
2929206;Utilities;141822.0;0.0
2929503;Agriculture;497397.0;89329.0
2929503;Business;28007.0;6305.0
2929503;Construction;1698017.0;153705.0
2929503;Financial;38529.0;13289.0
2929503;Government;765405.0;0.0
2929503;Manufacturing;1797651.0;128471.0
2929503;Mining;765040.0;0.0
2929503;OtherServices;2107628.0;306248.0
2929503;Trade;1194455.0;556332.0
2929503;Transport;701983.0;184709.0
2929503;Unknown;1093532.0;111341.0
2929503;Utilities;116965.0;6807.0
2930709;Agriculture;255760.0;84485.0
2930709;Business;255621.0;19198.0
2930709;Construction;3903108.0;908276.0
2930709;Financial;197449.0;33003.0
2930709;Government;2604738.0;37488.0
2930709;Manufacturing;6778190.0;390657.0
2930709;Mining;323855.0;0.0
2930709;OtherServices;7662011.0;743952.0
2930709;RealEstate;35179.0;10420.0
2930709;Trade;7260446.0;2830973.0
2930709;Transport;3948937.0;896449.0
2930709;Unknown;1912230.0;455229.0
2930709;Utilities;490409.0;9433.0
2931350;Agriculture;5401838.0;1443774.0
2931350;Business;369012.0;88547.0
2931350;Construction;5254610.0;1702641.0
2931350;Financial;806351.0;9108.0
2931350;Government;4145062.0;51216.0
2931350;Manufacturing;5116080.0;1437834.0
2931350;Mining;140598.0;21299.0
2931350;OtherServices;14988744.0;3068995.0
2931350;RealEstate;284886.0;191596.0
2931350;Trade;14779334.0;4827058.0
2931350;Transport;3461082.0;1194967.0
2931350;Unknown;3328435.0;904834.0
2931350;Utilities;368748.0;11175.0
2933307;Agriculture;5329602.0;2541312.0
2933307;Business;717483.0;271803.0
2933307;Construction;7836503.0;2836023.0
2933307;Financial;2794689.0;154556.0
2933307;Government;12600192.0;53582.0
2933307;Manufacturing;8984260.0;2276547.0
2933307;Mining;50639.0;15446.0
2933307;OtherServices;37599498.0;7486042.0
2933307;RealEstate;953290.0;545945.0
2933307;Trade;26990045.0;9700664.0
2933307;Transport;5680896.0;1675066.0
2933307;Unknown;8254840.0;2837807.0
2933307;Utilities;1172738.0;86460.0
3101631;Agriculture;435218.0;233782.0
3101631;Business;1940.0;0.0
3101631;Construction;105218.0;41459.0
3101631;Financial;3035.0;0.0
3101631;Government;178958.0;0.0
3101631;Manufacturing;146008.0;15820.0
3101631;Mining;17043.0;1588.0
3101631;OtherServices;333971.0;19813.0
3101631;Trade;250843.0;104426.0
3101631;Transport;53488.0;9735.0
3101631;Unknown;80720.0;2080.0
3101631;Utilities;10164.0;0.0
3102902;Agriculture;498754.0;134501.0
3102902;Business;3577.0;0.0
3102902;Construction;370697.0;63779.0
3102902;Financial;24521.0;0.0
3102902;Government;244078.0;0.0
3102902;Manufacturing;263135.0;24618.0
3102902;Mining;45020.0;0.0
3102902;OtherServices;887496.0;134041.0
3102902;RealEstate;4606.0;0.0
3102902;Trade;482547.0;125358.0
3102902;Transport;182165.0;96675.0
3102902;Unknown;87959.0;10722.0
3102902;Utilities;33100.0;891.0
3103504;Agriculture;6841147.0;3462785.0
3103504;Business;468271.0;25860.0
3103504;Construction;5149922.0;1642646.0
3103504;Financial;621595.0;22525.0
3103504;Government;5023149.0;43731.0
3103504;Manufacturing;7847171.0;1301901.0
3103504;Mining;128301.0;42192.0
3103504;OtherServices;14848713.0;3615626.0
3103504;RealEstate;298726.0;202057.0
3103504;Trade;11027042.0;3509104.0
3103504;Transport;4956577.0;2207173.0
3103504;Unknown;3353575.0;912727.0
3103504;Utilities;552620.0;32604.0
3105608;Agriculture;2012191.0;997732.0
3105608;Business;506369.0;52001.0
3105608;Construction;3509403.0;1295091.0
3105608;Financial;886673.0;0.0
3105608;Government;9405504.0;8004.0
3105608;Manufacturing;3169738.0;498734.0
3105608;Mining;734989.0;259181.0
3105608;OtherServices;19472772.0;4805907.0
3105608;RealEstate;121517.0;63543.0
3105608;Trade;10027741.0;2588656.0
3105608;Transport;3058400.0;1195933.0
3105608;Unknown;4116180.0;898634.0
3105608;Utilities;554419.0;20349.0
3106200;Agriculture;14553731.0;8421325.0
3106200;Business;73747820.0;13933058.0
3106200;Construction;147441621.0;41598688.0
3106200;Financial;85977343.0;8913475.0
3106200;Government;266901926.0;2692408.0
3106200;Manufacturing;196369715.0;44081236.0
3106200;Mining;38849743.0;2660432.0
3106200;OtherServices;859062765.0;221105902.0
3106200;RealEstate;26639125.0;12489234.0
3106200;Trade;318146773.0;101513965.0
3106200;Transport;93839638.0;29536344.0
3106200;Unknown;152612102.0;50946261.0
3106200;Utilities;31090327.0;2164906.0
3106309;Agriculture;262636.0;160239.0
3106309;Business;9675.0;0.0
3106309;Construction;1461313.0;217274.0
3106309;Financial;17360.0;0.0
3106309;Government;963806.0;7773.0
3106309;Manufacturing;1427870.0;44677.0
3106309;Mining;71898.0;0.0
3106309;OtherServices;1105834.0;103852.0
3106309;Trade;881279.0;376553.0
3106309;Transport;321678.0;32023.0
3106309;Unknown;355579.0;37389.0
3106309;Utilities;135147.0;132.0
3106705;Agriculture;1266851.0;441872.0
3106705;Business;2014194.0;437531.0
3106705;Construction;17250737.0;6579087.0
3106705;Financial;2074984.0;162125.0
3106705;Government;15615209.0;145449.0
3106705;Manufacturing;42808339.0;4543184.0
3106705;Mining;1629743.0;6940.0
3106705;OtherServices;46530749.0;8569716.0
3106705;RealEstate;715740.0;193447.0
3106705;Trade;25633757.0;7570061.0
3106705;Transport;15252985.0;4066566.0
3106705;Unknown;10788504.0;2012408.0
3106705;Utilities;1693864.0;201305.0
3109006;Agriculture;753459.0;254035.0
3109006;Business;553603.0;158749.0
3109006;Construction;2082618.0;713781.0
3109006;Financial;639551.0;0.0
3109006;Government;1527736.0;0.0
3109006;Manufacturing;1125680.0;196863.0
3109006;Mining;2550188.0;16645.0
3109006;OtherServices;7363671.0;2746893.0
3109006;RealEstate;312350.0;173435.0
3109006;Trade;1962790.0;565872.0
3109006;Transport;1235540.0;320449.0
3109006;Unknown;1434711.0;546852.0
3109006;Utilities;361833.0;64237.0
3109253;Agriculture;218869.0;78620.0
3109253;Construction;122680.0;3383.0
3109253;Financial;11416.0;0.0
3109253;Government;45668.0;0.0
3109253;Manufacturing;53669.0;846.0
3109253;Mining;7185.0;0.0
3109253;OtherServices;169471.0;819.0
3109253;Trade;75852.0;18549.0
3109253;Transport;20102.0;2773.0
3109253;Unknown;15971.0;3135.0
3109253;Utilities;5625.0;0.0
3110004;Agriculture;788615.0;203509.0
3110004;Business;87945.0;0.0
3110004;Construction;1384113.0;475626.0
3110004;Financial;210432.0;0.0
3110004;Government;1374573.0;54328.0
3110004;Manufacturing;1780700.0;268257.0
3110004;Mining;2092865.0;0.0
3110004;OtherServices;4389020.0;549771.0
3110004;RealEstate;17027.0;8724.0
3110004;Trade;2259081.0;826569.0
3110004;Transport;998375.0;242586.0
3110004;Unknown;757926.0;80021.0
3110004;Utilities;221048.0;53158.0
3115904;Agriculture;184476.0;72854.0
3115904;Construction;66693.0;44520.0
3115904;Government;103605.0;0.0
3115904;Manufacturing;47748.0;25487.0
3115904;OtherServices;156026.0;14573.0
3115904;Trade;124466.0;23480.0
3115904;Transport;47874.0;6696.0
3115904;Unknown;29989.0;15041.0
3115904;Utilities;2028.0;0.0
3116209;Agriculture;135637.0;65320.0
3116209;Construction;92291.0;29415.0
3116209;Financial;24739.0;0.0
3116209;Government;178482.0;0.0
3116209;Manufacturing;50970.0;7030.0
3116209;OtherServices;199079.0;17695.0
3116209;Trade;76393.0;35833.0
3116209;Transport;50011.0;15427.0
3116209;Unknown;82496.0;11804.0
3116209;Utilities;25499.0;0.0
3116407;Agriculture;925439.0;742706.0
3116407;Construction;104426.0;60908.0
3116407;Financial;10565.0;2068.0
3116407;Government;137964.0;0.0
3116407;Manufacturing;358546.0;26769.0
3116407;OtherServices;195770.0;20168.0
3116407;Trade;130267.0;27021.0
3116407;Transport;16940.0;12636.0
3116407;Unknown;36501.0;11422.0
3116407;Utilities;9336.0;0.0
3117876;Agriculture;91020.0;14145.0
3117876;Business;20131.0;2730.0
3117876;Construction;317589.0;173754.0
3117876;Financial;34419.0;0.0
3117876;Government;185022.0;0.0
3117876;Manufacturing;319959.0;24948.0
3117876;Mining;71371.0;0.0
3117876;OtherServices;571051.0;102810.0
3117876;Trade;263412.0;91115.0
3117876;Transport;704343.0;299806.0
3117876;Unknown;131561.0;16126.0
3117876;Utilities;13594.0;4054.0
3118007;Agriculture;266198.0;161734.0
3118007;Business;117366.0;0.0
3118007;Construction;2355713.0;655671.0
3118007;Financial;305152.0;0.0
3118007;Government;2705734.0;1903.0
3118007;Manufacturing;1907264.0;384593.0
3118007;Mining;6624003.0;42765.0
3118007;OtherServices;5387474.0;1149128.0
3118007;RealEstate;25985.0;0.0
3118007;Trade;2418773.0;991782.0
3118007;Transport;1869915.0;874192.0
3118007;Unknown;1604339.0;224745.0
3118007;Utilities;106946.0;0.0
3118304;Agriculture;981997.0;330155.0
3118304;Business;786477.0;141081.0
3118304;Construction;5656216.0;2174930.0
3118304;Financial;1279542.0;126325.0
3118304;Government;4828805.0;446426.0
3118304;Manufacturing;8572619.0;730248.0
3118304;Mining;4708584.0;32306.0
3118304;OtherServices;14039760.0;3806501.0
3118304;RealEstate;316072.0;197976.0
3118304;Trade;8890950.0;2424928.0
3118304;Transport;3623661.0;748768.0
3118304;Unknown;5206505.0;1358932.0
3118304;Utilities;763208.0;49326.0
3118601;Agriculture;1407179.0;320989.0
3118601;Business;8832859.0;1229643.0
3118601;Construction;22516580.0;8721774.0
3118601;Financial;7190260.0;633155.0
3118601;Government;20632195.0;283445.0
3118601;Manufacturing;57844979.0;7853321.0
3118601;Mining;3037035.0;187410.0
3118601;OtherServices;89892870.0;18267837.0
3118601;RealEstate;1880342.0;853264.0
3118601;Trade;74883035.0;27135096.0
3118601;Transport;27199160.0;9341533.0
3118601;Unknown;35029081.0;6773985.0
3118601;Utilities;2134763.0;182325.0
3119401;Agriculture;287910.0;79221.0
3119401;Business;421920.0;18363.0
3119401;Construction;3764622.0;1303175.0
3119401;Financial;759036.0;6470.0
3119401;Government;2503106.0;27389.0
3119401;Manufacturing;11661749.0;765594.0
3119401;Mining;1435210.0;0.0
3119401;OtherServices;12983667.0;3379043.0
3119401;RealEstate;46338.0;5498.0
3119401;Trade;8021667.0;2045385.0
3119401;Transport;2027920.0;472641.0
3119401;Unknown;3237507.0;559552.0
3119401;Utilities;473639.0;806.0
3119708;Agriculture;172524.0;116183.0
3119708;Business;6549.0;4484.0
3119708;Construction;115247.0;42835.0
3119708;Financial;2027.0;0.0
3119708;Government;126408.0;0.0
3119708;Manufacturing;57142.0;17478.0
3119708;Mining;31145.0;0.0
3119708;OtherServices;254694.0;38645.0
3119708;Trade;167834.0;25376.0
3119708;Transport;42233.0;27588.0
3119708;Unknown;28202.0;3818.0
3119708;Utilities;3382.0;0.0
3122306;Agriculture;2554156.0;970458.0
3122306;Business;1989512.0;218558.0
3122306;Construction;10106123.0;4607658.0
3122306;Financial;3047449.0;229312.0
3122306;Government;10802701.0;169805.0
3122306;Manufacturing;23650395.0;6053842.0
3122306;Mining;486400.0;119223.0
3122306;OtherServices;39677193.0;12576076.0
3122306;RealEstate;1303236.0;194547.0
3122306;Trade;28324296.0;9907148.0
3122306;Transport;7443685.0;2445749.0
3122306;Unknown;5695469.0;2205160.0
3122306;Utilities;1838232.0;83973.0
3124104;Agriculture;1242251.0;246491.0
3124104;Business;114212.0;0.0
3124104;Construction;3534333.0;1432479.0
3124104;Financial;77586.0;0.0
3124104;Government;1026568.0;0.0
3124104;Manufacturing;2227426.0;567757.0
3124104;Mining;193818.0;6364.0
3124104;OtherServices;5662442.0;490434.0
3124104;RealEstate;47132.0;0.0
3124104;Trade;3121527.0;640060.0
3124104;Transport;1426075.0;310881.0
3124104;Unknown;608402.0;71612.0
3124104;Utilities;214501.0;2265.0
3125002;Agriculture;49188.0;31169.0
3125002;Business;816.0;0.0
3125002;Construction;157455.0;24055.0
3125002;Financial;4494.0;4494.0
3125002;Government;147475.0;0.0
3125002;Manufacturing;126494.0;9167.0
3125002;OtherServices;244691.0;29654.0
3125002;Trade;109811.0;35518.0
3125002;Transport;80740.0;18924.0
3125002;Unknown;68967.0;18121.0
3125002;Utilities;8812.0;0.0
3126307;Agriculture;260093.0;98287.0
3126307;Business;4109.0;0.0
3126307;Construction;109352.0;20910.0
3126307;Financial;9762.0;0.0
3126307;Government;156817.0;0.0
3126307;Manufacturing;109880.0;15094.0
3126307;Mining;321060.0;0.0
3126307;OtherServices;234770.0;17887.0
3126307;Trade;102049.0;20196.0
3126307;Transport;56290.0;17538.0
3126307;Unknown;64070.0;24439.0
3126307;Utilities;21862.0;0.0
3127701;Agriculture;3790137.0;1946461.0
3127701;Business;1865283.0;343957.0
3127701;Construction;8653509.0;3675235.0
3127701;Financial;3463642.0;365817.0
3127701;Government;12823044.0;62635.0
3127701;Manufacturing;9243040.0;2492236.0
3127701;Mining;1004691.0;193232.0
3127701;OtherServices;37229308.0;10645299.0
3127701;RealEstate;562618.0;281668.0
3127701;Trade;26994860.0;9853507.0
3127701;Transport;5449189.0;1877837.0
3127701;Unknown;6483134.0;1900739.0
3127701;Utilities;1646880.0;58934.0
3129806;Agriculture;450791.0;174425.0
3129806;Business;554520.0;99365.0
3129806;Construction;8528452.0;2746698.0
3129806;Financial;339048.0;19682.0
3129806;Government;2588867.0;24180.0
3129806;Manufacturing;11341325.0;964056.0
3129806;Mining;723877.0;1804.0
3129806;OtherServices;14127570.0;1632276.0
3129806;RealEstate;126132.0;17645.0
3129806;Trade;9349614.0;2654716.0
3129806;Transport;5093357.0;973759.0
3129806;Unknown;4120242.0;726662.0
3129806;Utilities;598688.0;58681.0
3130101;Agriculture;547625.0;223061.0
3130101;Business;48419.0;5472.0
3130101;Construction;1135899.0;408744.0
3130101;Financial;172785.0;0.0
3130101;Government;898306.0;0.0
3130101;Manufacturing;2879110.0;131302.0
3130101;Mining;660926.0;0.0
3130101;OtherServices;3588243.0;361852.0
3130101;RealEstate;45590.0;40539.0
3130101;Trade;2345049.0;720387.0
3130101;Transport;1865023.0;583901.0
3130101;Unknown;487916.0;152153.0
3130101;Utilities;69684.0;16063.0
3130408;Agriculture;242311.0;62670.0
3130408;Business;5459.0;5459.0
3130408;Construction;257378.0;80528.0
3130408;Government;130241.0;0.0
3130408;Manufacturing;208576.0;42296.0
3130408;Mining;220005.0;0.0
3130408;OtherServices;429069.0;50458.0
3130408;RealEstate;5272.0;5272.0
3130408;Trade;184282.0;49168.0
3130408;Transport;263006.0;103658.0
3130408;Unknown;203791.0;54627.0
3130408;Utilities;10045.0;0.0
3131000;Agriculture;347937.0;100840.0
3131000;Construction;224263.0;55681.0
3131000;Financial;28872.0;0.0
3131000;Government;143644.0;0.0
3131000;Manufacturing;173525.0;30005.0
3131000;Mining;94902.0;7633.0
3131000;OtherServices;514371.0;97230.0
3131000;RealEstate;1641.0;0.0
3131000;Trade;192636.0;65699.0
3131000;Transport;184626.0;64464.0
3131000;Unknown;78855.0;4558.0
3131000;Utilities;5252.0;0.0
3131158;Agriculture;379687.0;100157.0
3131158;Business;3148.0;0.0
3131158;Construction;725273.0;269932.0
3131158;Financial;3751.0;0.0
3131158;Government;558313.0;0.0
3131158;Manufacturing;912764.0;30862.0
3131158;Mining;57335.0;10723.0
3131158;OtherServices;837268.0;124348.0
3131158;Trade;492460.0;164166.0
3131158;Transport;256379.0;36317.0
3131158;Unknown;88405.0;22112.0
3131158;Utilities;110960.0;0.0
3131307;Agriculture;587360.0;199816.0
3131307;Business;1209987.0;186094.0
3131307;Construction;10139931.0;2871238.0
3131307;Financial;2870293.0;114112.0
3131307;Government;10116175.0;188918.0
3131307;Manufacturing;36270510.0;1770439.0
3131307;Mining;942578.0;22297.0
3131307;OtherServices;36174077.0;8179531.0
3131307;RealEstate;326164.0;113312.0
3131307;Trade;23804889.0;6180627.0
3131307;Transport;5420336.0;1822892.0
3131307;Unknown;9700018.0;1966060.0
3131307;Utilities;1460307.0;27097.0
3131703;Agriculture;1150631.0;504439.0
3131703;Business;416968.0;53836.0
3131703;Construction;5059591.0;1052564.0
3131703;Financial;871186.0;45378.0
3131703;Government;4448603.0;51922.0
3131703;Manufacturing;3041419.0;714218.0
3131703;Mining;9082420.0;67408.0
3131703;OtherServices;14397290.0;2904463.0
3131703;RealEstate;127906.0;114887.0
3131703;Trade;7868857.0;1872212.0
3131703;Transport;1660039.0;361920.0
3131703;Unknown;3143240.0;511823.0
3131703;Utilities;671753.0;15606.0
3132404;Agriculture;886767.0;450113.0
3132404;Business;825735.0;141312.0
3132404;Construction;4152791.0;1530207.0
3132404;Financial;1475341.0;288097.0
3132404;Government;3198375.0;36089.0
3132404;Manufacturing;9239108.0;587480.0
3132404;Mining;20906.0;0.0
3132404;OtherServices;18834662.0;4043089.0
3132404;RealEstate;88275.0;54582.0
3132404;Trade;9798974.0;2666311.0
3132404;Transport;1091543.0;454090.0
3132404;Unknown;3375082.0;823737.0
3132404;Utilities;583039.0;7144.0
3134301;Agriculture;437873.0;272154.0
3134301;Business;2008.0;0.0
3134301;Construction;220595.0;55955.0
3134301;Financial;6943.0;0.0
3134301;Government;170327.0;0.0
3134301;Manufacturing;236615.0;1259.0
3134301;Mining;17730.0;4825.0
3134301;OtherServices;377921.0;118077.0
3134301;RealEstate;3447.0;0.0
3134301;Trade;191956.0;50236.0
3134301;Transport;60881.0;9050.0
3134301;Unknown;138859.0;36892.0
3134301;Utilities;21180.0;0.0
3135001;Agriculture;73518.0;31903.0
3135001;Business;572.0;0.0
3135001;Construction;121185.0;57274.0
3135001;Financial;2720.0;0.0
3135001;Government;150007.0;0.0
3135001;Manufacturing;151645.0;5381.0
3135001;Mining;4023.0;1015.0
3135001;OtherServices;172978.0;36912.0
3135001;Trade;91272.0;48216.0
3135001;Transport;15270.0;0.0
3135001;Unknown;122515.0;10277.0
3135001;Utilities;3919.0;0.0
3135407;Agriculture;76354.0;46123.0
3135407;Business;34569.0;32686.0
3135407;Construction;129531.0;10590.0
3135407;Financial;9533.0;0.0
3135407;Government;130839.0;0.0
3135407;Manufacturing;149840.0;1643.0
3135407;Mining;50742.0;3973.0
3135407;OtherServices;233113.0;45214.0
3135407;RealEstate;14770.0;13403.0
3135407;Trade;150846.0;48518.0
3135407;Transport;109833.0;32586.0
3135407;Unknown;168702.0;36539.0
3135407;Utilities;5533.0;0.0
3136652;Agriculture;295946.0;57956.0
3136652;Business;4658.0;0.0
3136652;Construction;784974.0;149661.0
3136652;Financial;43157.0;0.0
3136652;Government;619600.0;0.0
3136652;Manufacturing;1976334.0;59346.0
3136652;Mining;85390.0;23183.0
3136652;OtherServices;1570109.0;160882.0
3136652;Trade;1152082.0;572465.0
3136652;Transport;770458.0;100328.0
3136652;Unknown;478601.0;38630.0
3136652;Utilities;105201.0;26999.0
3136702;Agriculture;3374281.0;1256659.0
3136702;Business;5078951.0;1632024.0
3136702;Construction;22646293.0;8514155.0
3136702;Financial;9108886.0;542657.0
3136702;Government;39150223.0;164036.0
3136702;Manufacturing;35058372.0;6713484.0
3136702;Mining;2413431.0;89424.0
3136702;OtherServices;113809113.0;28266367.0
3136702;RealEstate;3097394.0;1261207.0
3136702;Trade;52223121.0;12991207.0
3136702;Transport;16589542.0;3843088.0
3136702;Unknown;18004701.0;4729312.0
3136702;Utilities;3006695.0;128321.0
3137601;Agriculture;1584042.0;155977.0
3137601;Business;2024942.0;201469.0
3137601;Construction;4380064.0;2191208.0
3137601;Financial;466511.0;98674.0
3137601;Government;5703846.0;158544.0
3137601;Manufacturing;3368193.0;920890.0
3137601;Mining;212035.0;0.0
3137601;OtherServices;11640514.0;3793890.0
3137601;RealEstate;634540.0;229428.0
3137601;Trade;5432544.0;1850056.0
3137601;Transport;3865122.0;1294170.0
3137601;Unknown;2006454.0;564598.0
3137601;Utilities;334033.0;39028.0
3138203;Agriculture;2405866.0;783618.0
3138203;Business;428273.0;53840.0
3138203;Construction;3425736.0;1310211.0
3138203;Financial;690526.0;23547.0
3138203;Government;5526704.0;31187.0
3138203;Manufacturing;7057408.0;871854.0
3138203;Mining;169547.0;16397.0
3138203;OtherServices;21374311.0;3454828.0
3138203;RealEstate;206064.0;91014.0
3138203;Trade;8619920.0;1922630.0
3138203;Transport;3217993.0;915041.0
3138203;Unknown;1877813.0;392160.0
3138203;Utilities;735981.0;15953.0
3140159;Agriculture;418080.0;143633.0
3140159;Business;44227.0;5992.0
3140159;Construction;682604.0;155338.0
3140159;Financial;48861.0;0.0
3140159;Government;475784.0;0.0
3140159;Manufacturing;444658.0;73576.0
3140159;Mining;250074.0;6631.0
3140159;OtherServices;1151307.0;173217.0
3140159;RealEstate;7825.0;0.0
3140159;Trade;1082256.0;260861.0
3140159;Transport;374344.0;135187.0
3140159;Unknown;226992.0;80248.0
3140159;Utilities;77296.0;8402.0
3140308;Agriculture;129272.0;10210.0
3140308;Construction;115077.0;27259.0
3140308;Financial;3103.0;0.0
3140308;Government;138415.0;0.0
3140308;Manufacturing;90688.0;5826.0
3140308;Mining;1301.0;0.0
3140308;OtherServices;239760.0;27407.0
3140308;Trade;79224.0;13955.0
3140308;Transport;27415.0;0.0
3140308;Unknown;62436.0;8932.0
3140308;Utilities;2574.0;0.0
3140803;Agriculture;224828.0;87621.0
3140803;Business;6331.0;1973.0
3140803;Construction;796702.0;150201.0
3140803;Financial;24160.0;0.0
3140803;Government;736027.0;5634.0
3140803;Manufacturing;384561.0;68610.0
3140803;Mining;33555.0;0.0
3140803;OtherServices;1452737.0;291177.0
3140803;RealEstate;71438.0;48091.0
3140803;Trade;774098.0;193000.0
3140803;Transport;739770.0;321839.0
3140803;Unknown;182634.0;45108.0
3140803;Utilities;170039.0;0.0
3143302;Agriculture;5270124.0;1838199.0
3143302;Business;2225525.0;490306.0
3143302;Construction;13197465.0;4695991.0
3143302;Financial;3821336.0;144543.0
3143302;Government;21139766.0;78843.0
3143302;Manufacturing;15231525.0;2727827.0
3143302;Mining;547369.0;46805.0
3143302;OtherServices;55878412.0;10585670.0
3143302;RealEstate;837215.0;301765.0
3143302;Trade;37900058.0;12022504.0
3143302;Transport;7685199.0;2697029.0
3143302;Unknown;2536022.0;994281.0
3143302;Utilities;2670676.0;46584.0
3143906;Agriculture;1787363.0;788632.0
3143906;Business;448309.0;69975.0
3143906;Construction;3720925.0;1163263.0
3143906;Financial;823790.0;36112.0
3143906;Government;3643452.0;41055.0
3143906;Manufacturing;7013426.0;1740025.0
3143906;Mining;234707.0;0.0
3143906;OtherServices;13966579.0;3020978.0
3143906;RealEstate;165444.0;128802.0
3143906;Trade;10358988.0;2823580.0
3143906;Transport;2895561.0;1272296.0
3143906;Unknown;2839555.0;664682.0
3143906;Utilities;414074.0;40730.0
3144359;Agriculture;290748.0;60856.0
3144359;Construction;291551.0;31361.0
3144359;Financial;22437.0;0.0
3144359;Government;181064.0;0.0
3144359;Manufacturing;117801.0;7006.0
3144359;Mining;3003.0;0.0
3144359;OtherServices;359131.0;62501.0
3144359;Trade;224119.0;83702.0
3144359;Transport;151842.0;39798.0
3144359;Unknown;77160.0;18604.0
3144359;Utilities;23960.0;97.0
3144805;Agriculture;210105.0;53112.0
3144805;Business;2671424.0;211670.0
3144805;Construction;6207895.0;1433899.0
3144805;Financial;2679750.0;432680.0
3144805;Government;10567702.0;420574.0
3144805;Manufacturing;8317314.0;1511683.0
3144805;Mining;3406956.0;12857.0
3144805;OtherServices;31900126.0;9963789.0
3144805;RealEstate;1557821.0;477854.0
3144805;Trade;8601795.0;3146803.0
3144805;Transport;2442169.0;916445.0
3144805;Unknown;14930332.0;4260447.0
3144805;Utilities;861214.0;8606.0
3145901;Agriculture;190777.0;124270.0
3145901;Business;100547.0;13649.0
3145901;Construction;2010236.0;791581.0
3145901;Financial;271729.0;0.0
3145901;Government;1122718.0;0.0
3145901;Manufacturing;6618090.0;214133.0
3145901;Mining;541011.0;45808.0
3145901;OtherServices;6929809.0;2458151.0
3145901;RealEstate;120749.0;92156.0
3145901;Trade;2490329.0;967358.0
3145901;Transport;1034423.0;389373.0
3145901;Unknown;951301.0;111975.0
3145901;Utilities;136493.0;8503.0
3147907;Agriculture;4809141.0;2040050.0
3147907;Business;439057.0;56494.0
3147907;Construction;4261836.0;1318786.0
3147907;Financial;1165456.0;70471.0
3147907;Government;3612876.0;10612.0
3147907;Manufacturing;7579698.0;1305580.0
3147907;Mining;661287.0;22190.0
3147907;OtherServices;16348734.0;5342081.0
3147907;RealEstate;109259.0;24231.0
3147907;Trade;11115390.0;3146785.0
3147907;Transport;2761536.0;1251252.0
3147907;Unknown;3941545.0;1245843.0
3147907;Utilities;1143141.0;24167.0
3148004;Agriculture;12334092.0;5155076.0
3148004;Business;757661.0;77353.0
3148004;Construction;6357270.0;1931729.0
3148004;Financial;1593141.0;102782.0
3148004;Government;6248367.0;22523.0
3148004;Manufacturing;6897915.0;1849009.0
3148004;Mining;238752.0;25192.0
3148004;OtherServices;23873069.0;5532521.0
3148004;RealEstate;1083240.0;705349.0
3148004;Trade;15345523.0;3669427.0
3148004;Transport;4735014.0;1790442.0
3148004;Unknown;2137946.0;319717.0
3148004;Utilities;708224.0;6122.0
3149309;Agriculture;671541.0;149752.0
3149309;Business;289652.0;26606.0
3149309;Construction;2944189.0;1137009.0
3149309;Financial;420478.0;0.0
3149309;Government;2306002.0;4398.0
3149309;Manufacturing;5722072.0;582976.0
3149309;Mining;608455.0;0.0
3149309;OtherServices;7537419.0;1949934.0
3149309;RealEstate;62997.0;0.0
3149309;Trade;3366349.0;1222860.0
3149309;Transport;3025717.0;786545.0
3149309;Unknown;2746275.0;528005.0
3149309;Utilities;194768.0;18055.0
3150901;Agriculture;389005.0;295327.0
3150901;Business;1768.0;0.0
3150901;Construction;169049.0;56236.0
3150901;Financial;1080.0;0.0
3150901;Government;112363.0;0.0
3150901;Manufacturing;169284.0;9636.0
3150901;Mining;27291.0;4711.0
3150901;OtherServices;363367.0;50762.0
3150901;Trade;223676.0;90675.0
3150901;Transport;101718.0;11633.0
3150901;Unknown;133289.0;25333.0
3150901;Utilities;22390.0;379.0
3151008;Agriculture;445307.0;154244.0
3151008;Business;35931.0;0.0
3151008;Construction;306919.0;112155.0
3151008;Financial;24615.0;0.0
3151008;Government;199442.0;10054.0
3151008;Manufacturing;467138.0;38963.0
3151008;Mining;41327.0;8392.0
3151008;OtherServices;589778.0;105151.0
3151008;Trade;451406.0;179817.0
3151008;Transport;103741.0;24639.0
3151008;Unknown;189007.0;56838.0
3151008;Utilities;6019.0;0.0
3151800;Agriculture;3493550.0;1517299.0
3151800;Business;1158927.0;317149.0
3151800;Construction;6855316.0;2758300.0
3151800;Financial;2393937.0;294406.0
3151800;Government;8110353.0;149569.0
3151800;Manufacturing;12963529.0;1893334.0
3151800;Mining;2193395.0;86380.0
3151800;OtherServices;30616333.0;8466920.0
3151800;RealEstate;1171675.0;582124.0
3151800;Trade;17555187.0;5737706.0
3151800;Transport;5379911.0;1032800.0
3151800;Unknown;8907543.0;2060012.0
3151800;Utilities;1157385.0;118993.0
3152501;Agriculture;3125073.0;2090412.0
3152501;Business;887953.0;260416.0
3152501;Construction;6182322.0;2567078.0
3152501;Financial;1642098.0;129905.0
3152501;Government;7211792.0;18817.0
3152501;Manufacturing;12245133.0;1380214.0
3152501;Mining;102563.0;0.0
3152501;OtherServices;22996332.0;6481672.0
3152501;RealEstate;434110.0;247742.0
3152501;Trade;15944499.0;4112307.0
3152501;Transport;3484512.0;874187.0
3152501;Unknown;7084244.0;2081363.0
3152501;Utilities;894482.0;28710.0
3153608;Agriculture;156464.0;23941.0
3153608;Business;10490.0;0.0
3153608;Construction;345493.0;126265.0
3153608;Financial;9858.0;0.0
3153608;Government;182893.0;10621.0
3153608;Manufacturing;677853.0;47973.0
3153608;Mining;45822.0;0.0
3153608;OtherServices;716426.0;76443.0
3153608;Trade;468610.0;168563.0
3153608;Transport;217955.0;36891.0
3153608;Unknown;351804.0;57338.0
3153608;Utilities;17301.0;1132.0
3153806;Agriculture;154797.0;58495.0
3153806;Business;1934.0;1934.0
3153806;Construction;29139.0;18108.0
3153806;Financial;244.0;0.0
3153806;Government;93448.0;0.0
3153806;Manufacturing;8994.0;0.0
3153806;Mining;6627.0;0.0
3153806;OtherServices;112460.0;44589.0
3153806;RealEstate;2815.0;0.0
3153806;Trade;52554.0;32928.0
3153806;Transport;9054.0;3613.0
3153806;Unknown;120479.0;89475.0
3153905;Agriculture;21419.0;953.0
3153905;Business;46989.0;14161.0
3153905;Construction;550111.0;153014.0
3153905;Financial;41859.0;12545.0
3153905;Government;276016.0;0.0
3153905;Manufacturing;539406.0;70787.0
3153905;Mining;449084.0;6641.0
3153905;OtherServices;1841235.0;402335.0
3153905;RealEstate;55468.0;0.0
3153905;Trade;786095.0;221508.0
3153905;Transport;311779.0;59771.0
3153905;Unknown;476947.0;41328.0
3153905;Utilities;76105.0;1894.0
3154606;Agriculture;559050.0;241098.0
3154606;Business;1051362.0;91869.0
3154606;Construction;15946913.0;5497229.0
3154606;Financial;810677.0;29109.0
3154606;Government;7560580.0;91993.0
3154606;Manufacturing;10067684.0;2110570.0
3154606;Mining;218320.0;15321.0
3154606;OtherServices;31447025.0;3676940.0
3154606;RealEstate;381146.0;78447.0
3154606;Trade;19500434.0;5160466.0
3154606;Transport;9093891.0;1781272.0
3154606;Unknown;8370512.0;1355255.0
3154606;Utilities;786372.0;72006.0
3154705;Agriculture;58122.0;16014.0
3154705;Business;2806.0;0.0
3154705;Construction;110447.0;28952.0
3154705;Government;134351.0;0.0
3154705;Manufacturing;228223.0;6919.0
3154705;Mining;81042.0;0.0
3154705;OtherServices;314273.0;38715.0
3154705;Trade;199821.0;54397.0
3154705;Transport;67120.0;8993.0
3154705;Unknown;13120.0;2313.0
3154705;Utilities;29902.0;0.0
3154804;Agriculture;122709.0;0.0
3154804;Business;52361.0;0.0
3154804;Construction;499572.0;219873.0
3154804;Financial;47519.0;0.0
3154804;Government;259960.0;21012.0
3154804;Manufacturing;219150.0;10575.0
3154804;Mining;297756.0;0.0
3154804;OtherServices;1522997.0;205513.0
3154804;RealEstate;13553.0;0.0
3154804;Trade;417039.0;114284.0
3154804;Transport;204040.0;34402.0
3154804;Unknown;203607.0;54756.0
3154804;Utilities;55941.0;0.0
3156304;Agriculture;150107.0;104523.0
3156304;Business;9410.0;4458.0
3156304;Construction;157495.0;95965.0
3156304;Financial;13955.0;2949.0
3156304;Government;128090.0;0.0
3156304;Manufacturing;1706374.0;37282.0
3156304;Mining;1742.0;0.0
3156304;OtherServices;492357.0;75238.0
3156304;Trade;359689.0;86476.0
3156304;Transport;135391.0;48553.0
3156304;Unknown;235257.0;35336.0
3156304;Utilities;12983.0;2947.0
3156700;Agriculture;401890.0;127317.0
3156700;Business;1160406.0;44801.0
3156700;Construction;5274131.0;1643387.0
3156700;Financial;1019739.0;102452.0
3156700;Government;4087056.0;80406.0
3156700;Manufacturing;5754104.0;824275.0
3156700;Mining;1242562.0;0.0
3156700;OtherServices;18277578.0;3160024.0
3156700;RealEstate;344105.0;144383.0
3156700;Trade;8577716.0;2493806.0
3156700;Transport;3267205.0;1122410.0
3156700;Unknown;4730796.0;726760.0
3156700;Utilities;622292.0;15553.0
3157336;Agriculture;14686.0;6252.0
3157336;Business;11735.0;6127.0
3157336;Construction;307659.0;173252.0
3157336;Financial;26511.0;0.0
3157336;Government;242161.0;0.0
3157336;Manufacturing;575136.0;119554.0
3157336;Mining;43744.0;0.0
3157336;OtherServices;614551.0;110069.0
3157336;RealEstate;17769.0;0.0
3157336;Trade;646141.0;164884.0
3157336;Transport;123288.0;64663.0
3157336;Unknown;52136.0;15406.0
3157336;Utilities;21011.0;4123.0
3157807;Agriculture;745795.0;330349.0
3157807;Business;1343323.0;105433.0
3157807;Construction;8356521.0;2665764.0
3157807;Financial;1255543.0;33329.0
3157807;Government;7696803.0;76147.0
3157807;Manufacturing;10107951.0;1493543.0
3157807;Mining;332111.0;0.0
3157807;OtherServices;24662740.0;3032323.0
3157807;RealEstate;273390.0;149630.0
3157807;Trade;12949085.0;3416795.0
3157807;Transport;6792550.0;1388832.0
3157807;Unknown;6530080.0;1138789.0
3157807;Utilities;749299.0;28998.0
3158607;Agriculture;177850.0;36909.0
3158607;Business;7213.0;0.0
3158607;Construction;116139.0;66755.0
3158607;Government;55507.0;0.0
3158607;Manufacturing;191290.0;29130.0
3158607;Mining;1310.0;0.0
3158607;OtherServices;205911.0;9492.0
3158607;Trade;138199.0;67848.0
3158607;Transport;26528.0;3757.0
3158607;Unknown;164997.0;54379.0
3158607;Utilities;11691.0;935.0
3158953;Agriculture;167299.0;40038.0
3158953;Business;73727.0;0.0
3158953;Construction;1208406.0;322866.0
3158953;Financial;36702.0;0.0
3158953;Government;832792.0;0.0
3158953;Manufacturing;2556428.0;195387.0
3158953;Mining;46430.0;0.0
3158953;OtherServices;1874229.0;378160.0
3158953;RealEstate;1808.0;1808.0
3158953;Trade;1324715.0;424962.0
3158953;Transport;421954.0;147769.0
3158953;Unknown;879281.0;75135.0
3158953;Utilities;89792.0;0.0
3160900;Agriculture;58436.0;28274.0
3160900;Business;1679.0;0.0
3160900;Construction;170479.0;16972.0
3160900;Financial;34666.0;10799.0
3160900;Government;151646.0;0.0
3160900;Manufacturing;62649.0;4907.0
3160900;Mining;30631.0;0.0
3160900;OtherServices;265033.0;60938.0
3160900;Trade;96716.0;52956.0
3160900;Transport;94030.0;21980.0
3160900;Unknown;130640.0;6522.0
3160900;Utilities;7623.0;0.0
3162500;Agriculture;1463492.0;892653.0
3162500;Business;362717.0;137983.0
3162500;Construction;2863334.0;1100657.0
3162500;Financial;650972.0;100229.0
3162500;Government;4392205.0;24424.0
3162500;Manufacturing;3982960.0;758801.0
3162500;Mining;984902.0;60724.0
3162500;OtherServices;13509610.0;2577468.0
3162500;RealEstate;79862.0;0.0
3162500;Trade;6648031.0;1743382.0
3162500;Transport;1624638.0;673521.0
3162500;Unknown;1530066.0;656708.0
3162500;Utilities;294505.0;50582.0
3162922;Agriculture;477821.0;229971.0
3162922;Business;47890.0;0.0
3162922;Construction;802692.0;316747.0
3162922;Financial;90352.0;4278.0
3162922;Government;979420.0;5050.0
3162922;Manufacturing;1590073.0;93388.0
3162922;Mining;98831.0;0.0
3162922;OtherServices;1488934.0;207914.0
3162922;RealEstate;13796.0;4231.0
3162922;Trade;1043931.0;359467.0
3162922;Transport;627917.0;100938.0
3162922;Unknown;703973.0;120044.0
3162922;Utilities;106452.0;6742.0
3162955;Agriculture;167693.0;25027.0
3162955;Business;58349.0;0.0
3162955;Construction;1323696.0;705281.0
3162955;Financial;19187.0;0.0
3162955;Government;432115.0;0.0
3162955;Manufacturing;1405608.0;145286.0
3162955;Mining;196705.0;0.0
3162955;OtherServices;1955697.0;213146.0
3162955;RealEstate;19458.0;4651.0
3162955;Trade;1304966.0;309046.0
3162955;Transport;623631.0;188379.0
3162955;Unknown;388834.0;101507.0
3162955;Utilities;68550.0;228.0
3163201;Agriculture;221725.0;106199.0
3163201;Business;4543.0;0.0
3163201;Construction;131907.0;43358.0
3163201;Financial;2895.0;0.0
3163201;Government;84786.0;0.0
3163201;Manufacturing;259066.0;540.0
3163201;Mining;927.0;0.0
3163201;OtherServices;206985.0;26778.0
3163201;Trade;125266.0;49262.0
3163201;Transport;70592.0;47081.0
3163201;Unknown;59232.0;21294.0
3163201;Utilities;14353.0;0.0
3165537;Agriculture;343998.0;231027.0
3165537;Business;195011.0;0.0
3165537;Construction;1026006.0;471932.0
3165537;Financial;140090.0;0.0
3165537;Government;994148.0;0.0
3165537;Manufacturing;1967316.0;180710.0
3165537;Mining;1071672.0;84492.0
3165537;OtherServices;2709410.0;525842.0
3165537;RealEstate;25713.0;7591.0
3165537;Trade;1352508.0;520673.0
3165537;Transport;2073182.0;1160661.0
3165537;Unknown;606165.0;45835.0
3165537;Utilities;129598.0;0.0
3167202;Agriculture;2397240.0;544138.0
3167202;Business;809718.0;167014.0
3167202;Construction;10262981.0;5236923.0
3167202;Financial;2128293.0;166126.0
3167202;Government;13404305.0;210167.0
3167202;Manufacturing;22815670.0;2288024.0
3167202;Mining;831715.0;57758.0
3167202;OtherServices;33839433.0;7619170.0
3167202;RealEstate;237481.0;107186.0
3167202;Trade;20572360.0;5785381.0
3167202;Transport;7608730.0;2946163.0
3167202;Unknown;4886085.0;1233975.0
3167202;Utilities;2611067.0;79188.0
3167509;Agriculture;118591.0;6733.0
3167509;Business;5030.0;3585.0
3167509;Construction;74455.0;30006.0
3167509;Financial;15849.0;0.0
3167509;Government;45529.0;0.0
3167509;Manufacturing;28161.0;8101.0
3167509;OtherServices;150611.0;15979.0
3167509;RealEstate;13472.0;1230.0
3167509;Trade;46593.0;12939.0
3167509;Transport;92337.0;42023.0
3167509;Unknown;89790.0;16467.0
3168606;Agriculture;3072241.0;1288167.0
3168606;Business;350681.0;38693.0
3168606;Construction;4132506.0;1522260.0
3168606;Financial;1004171.0;20112.0
3168606;Government;7870472.0;113254.0
3168606;Manufacturing;2989067.0;1209113.0
3168606;Mining;126283.0;79421.0
3168606;OtherServices;17066710.0;4519800.0
3168606;RealEstate;135776.0;105675.0
3168606;Trade;14189921.0;3230013.0
3168606;Transport;2403702.0;1005960.0
3168606;Unknown;1760610.0;749343.0
3168606;Utilities;663721.0;19316.0
3168705;Agriculture;314914.0;144196.0
3168705;Business;463094.0;67241.0
3168705;Construction;2671206.0;1009489.0
3168705;Financial;924495.0;6816.0
3168705;Government;3160284.0;16195.0
3168705;Manufacturing;12856847.0;563607.0
3168705;Mining;366757.0;0.0
3168705;OtherServices;11603368.0;2704581.0
3168705;RealEstate;396925.0;0.0
3168705;Trade;5138936.0;1281605.0
3168705;Transport;1824601.0;477520.0
3168705;Unknown;2234034.0;240205.0
3168705;Utilities;259535.0;8774.0
3168804;Agriculture;108590.0;48721.0
3168804;Business;21714.0;14950.0
3168804;Construction;350954.0;176087.0
3168804;Financial;46384.0;9358.0
3168804;Government;201061.0;6347.0
3168804;Manufacturing;527390.0;266878.0
3168804;Mining;2965.0;0.0
3168804;OtherServices;1838475.0;630782.0
3168804;Trade;920982.0;564886.0
3168804;Transport;115131.0;75676.0
3168804;Unknown;168207.0;85084.0
3168804;Utilities;2252.0;643.0
3169901;Agriculture;849938.0;316861.0
3169901;Business;372014.0;189514.0
3169901;Construction;2961328.0;1307511.0
3169901;Financial;479631.0;28112.0
3169901;Government;2677026.0;31890.0
3169901;Manufacturing;13654075.0;2265343.0
3169901;Mining;32931.0;0.0
3169901;OtherServices;11411412.0;2448880.0
3169901;RealEstate;149525.0;101864.0
3169901;Trade;10041272.0;3430837.0
3169901;Transport;1878963.0;691239.0
3169901;Unknown;4024572.0;931106.0
3169901;Utilities;402497.0;12421.0
3170107;Agriculture;12802931.0;3394386.0
3170107;Business;2330026.0;724146.0
3170107;Construction;17836904.0;5287214.0
3170107;Financial;4126960.0;415425.0
3170107;Government;16214219.0;120311.0
3170107;Manufacturing;28863432.0;7066032.0
3170107;Mining;613807.0;120195.0
3170107;OtherServices;66327173.0;17460647.0
3170107;RealEstate;1244910.0;620753.0
3170107;Trade;33295151.0;11121849.0
3170107;Transport;10830304.0;3790301.0
3170107;Unknown;12902888.0;4000873.0
3170107;Utilities;2076093.0;227036.0
3170206;Agriculture;20978903.0;6227000.0
3170206;Business;12210688.0;2694328.0
3170206;Construction;27785773.0;10991302.0
3170206;Financial;15209328.0;1143168.0
3170206;Government;27696274.0;136295.0
3170206;Manufacturing;40251447.0;7686010.0
3170206;Mining;408542.0;37138.0
3170206;OtherServices;137821905.0;32185804.0
3170206;RealEstate;4020891.0;914386.0
3170206;Trade;85533185.0;25040643.0
3170206;Transport;26785721.0;8671126.0
3170206;Unknown;39044061.0;10337001.0
3170206;Utilities;2713906.0;171314.0
3170701;Agriculture;4173197.0;1827520.0
3170701;Business;1146239.0;226252.0
3170701;Construction;4839409.0;1807603.0
3170701;Financial;2573647.0;252125.0
3170701;Government;7719695.0;285797.0
3170701;Manufacturing;11485230.0;1199296.0
3170701;Mining;322815.0;70196.0
3170701;OtherServices;22100335.0;5674135.0
3170701;RealEstate;313975.0;150529.0
3170701;Trade;15433363.0;4727966.0
3170701;Transport;3899105.0;1007236.0
3170701;Unknown;4353804.0;1232081.0
3170701;Utilities;1142272.0;53229.0
3171204;Agriculture;206084.0;88738.0
3171204;Business;370759.0;52360.0
3171204;Construction;5561486.0;1717527.0
3171204;Financial;615956.0;10032.0
3171204;Government;2885423.0;20009.0
3171204;Manufacturing;4554544.0;615978.0
3171204;Mining;240901.0;0.0
3171204;OtherServices;13050397.0;1559805.0
3171204;RealEstate;178641.0;35201.0
3171204;Trade;6934631.0;2134965.0
3171204;Transport;3404216.0;764111.0
3171204;Unknown;3247422.0;628625.0
3171204;Utilities;382884.0;19461.0
3172202;Agriculture;135616.0;89905.0
3172202;Business;4972.0;0.0
3172202;Construction;34033.0;2728.0
3172202;Government;99081.0;0.0
3172202;Manufacturing;195661.0;33669.0
3172202;Mining;1924.0;1924.0
3172202;OtherServices;141263.0;19895.0
3172202;Trade;67769.0;38864.0
3172202;Transport;12002.0;0.0
3172202;Unknown;50402.0;7210.0
3172202;Utilities;16753.0;0.0
3201209;Agriculture;2130522.0;1182130.0
3201209;Business;1109331.0;142524.0
3201209;Construction;5167187.0;2253867.0
3201209;Financial;1894868.0;101078.0
3201209;Government;8240456.0;160623.0
3201209;Manufacturing;14798006.0;2533507.0
3201209;Mining;2832953.0;348203.0
3201209;OtherServices;31316435.0;6272965.0
3201209;RealEstate;436591.0;250040.0
3201209;Trade;23494974.0;5831966.0
3201209;Transport;6153280.0;2112427.0
3201209;Unknown;5160417.0;1918746.0
3201209;Utilities;919238.0;121271.0
3201308;Agriculture;937781.0;426907.0
3201308;Business;2219337.0;474411.0
3201308;Construction;14734480.0;4726948.0
3201308;Financial;2366400.0;206077.0
3201308;Government;9039023.0;88790.0
3201308;Manufacturing;15194146.0;2642640.0
3201308;Mining;2751930.0;95514.0
3201308;OtherServices;45100436.0;7328027.0
3201308;RealEstate;735976.0;208570.0
3201308;Trade;34321327.0;12351341.0
3201308;Transport;15332880.0;3711970.0
3201308;Unknown;9715986.0;2038540.0
3201308;Utilities;1448355.0;90108.0
3201506;Agriculture;3651721.0;1849552.0
3201506;Business;590306.0;53721.0
3201506;Construction;3926504.0;1800422.0
3201506;Financial;1225348.0;125671.0
3201506;Government;5291121.0;78381.0
3201506;Manufacturing;9297953.0;1515497.0
3201506;Mining;690504.0;0.0
3201506;OtherServices;16272308.0;2834495.0
3201506;RealEstate;81453.0;0.0
3201506;Trade;14806222.0;5650217.0
3201506;Transport;2218271.0;791865.0
3201506;Unknown;2486722.0;708350.0
3201506;Utilities;521071.0;6483.0
3202207;Agriculture;880143.0;453113.0
3202207;Business;62353.0;0.0
3202207;Construction;778863.0;423469.0
3202207;Financial;104067.0;5049.0
3202207;Government;886486.0;0.0
3202207;Manufacturing;889420.0;92212.0
3202207;Mining;111477.0;8417.0
3202207;OtherServices;2007237.0;204052.0
3202207;RealEstate;51290.0;23456.0
3202207;Trade;1181629.0;452152.0
3202207;Transport;353621.0;79409.0
3202207;Unknown;155873.0;49347.0
3202207;Utilities;47712.0;16845.0
3202405;Agriculture;2027742.0;834568.0
3202405;Business;612306.0;106147.0
3202405;Construction;6127619.0;2051721.0
3202405;Financial;454826.0;36087.0
3202405;Government;4317844.0;31873.0
3202405;Manufacturing;3448458.0;935837.0
3202405;Mining;1745236.0;0.0
3202405;OtherServices;16888348.0;3490809.0
3202405;RealEstate;833807.0;599208.0
3202405;Trade;9065011.0;2921896.0
3202405;Transport;3436972.0;1927837.0
3202405;Unknown;2147754.0;930751.0
3202405;Utilities;590731.0;42034.0
3203205;Agriculture;7348653.0;2967352.0
3203205;Business;748522.0;78504.0
3203205;Construction;6440851.0;2049408.0
3203205;Financial;1516133.0;286126.0
3203205;Government;5418271.0;33631.0
3203205;Manufacturing;9382708.0;1420596.0
3203205;Mining;1259306.0;94991.0
3203205;OtherServices;20048045.0;4354785.0
3203205;RealEstate;215628.0;187054.0
3203205;Trade;15368723.0;3804569.0
3203205;Transport;4195880.0;1480409.0
3203205;Unknown;3843718.0;1017942.0
3203205;Utilities;900724.0;171814.0
3204906;Agriculture;5664970.0;2358384.0
3204906;Business;324032.0;84156.0
3204906;Construction;4114524.0;1272703.0
3204906;Financial;422331.0;74411.0
3204906;Government;4051018.0;24654.0
3204906;Manufacturing;6249453.0;439282.0
3204906;Mining;3829690.0;5605.0
3204906;OtherServices;15214594.0;4162894.0
3204906;RealEstate;70119.0;45015.0
3204906;Trade;8489155.0;2284385.0
3204906;Transport;2874531.0;757845.0
3204906;Unknown;3981775.0;888531.0
3204906;Utilities;471906.0;73697.0
3205002;Agriculture;1097457.0;363214.0
3205002;Business;2589090.0;467884.0
3205002;Construction;24699105.0;6970502.0
3205002;Financial;2898838.0;387061.0
3205002;Government;13867355.0;98098.0
3205002;Manufacturing;29381160.0;3494398.0
3205002;Mining;6196245.0;22799.0
3205002;OtherServices;59882853.0;9728138.0
3205002;RealEstate;1239438.0;778650.0
3205002;Trade;37131521.0;10831341.0
3205002;Transport;14690025.0;2710596.0
3205002;Unknown;16162538.0;3609807.0
3205002;Utilities;2977531.0;112331.0
3205101;Agriculture;548134.0;195698.0
3205101;Business;231975.0;22980.0
3205101;Construction;2619580.0;1107457.0
3205101;Financial;155189.0;3632.0
3205101;Government;1182492.0;4438.0
3205101;Manufacturing;2084613.0;339476.0
3205101;Mining;351399.0;24734.0
3205101;OtherServices;6713672.0;1189188.0
3205101;RealEstate;24204.0;0.0
3205101;Trade;4680074.0;1267466.0
3205101;Transport;3509807.0;775946.0
3205101;Unknown;1735862.0;248425.0
3205101;Utilities;171802.0;22331.0
3205200;Agriculture;2217410.0;1260259.0
3205200;Business;7162213.0;1205493.0
3205200;Construction;21512061.0;7402343.0
3205200;Financial;10871524.0;1154334.0
3205200;Government;43893499.0;237813.0
3205200;Manufacturing;35576626.0;8582920.0
3205200;Mining;11575368.0;674974.0
3205200;OtherServices;105354124.0;28754730.0
3205200;RealEstate;3791189.0;1363905.0
3205200;Trade;62216436.0;19470780.0
3205200;Transport;18829686.0;4132467.0
3205200;Unknown;19254408.0;4937487.0
3205200;Utilities;2864843.0;131675.0
3205309;Agriculture;2137042.0;848818.0
3205309;Business;9631461.0;1434564.0
3205309;Construction;17627757.0;4306507.0
3205309;Financial;13483730.0;1079307.0
3205309;Government;67256089.0;61038.0
3205309;Manufacturing;28584648.0;3609187.0
3205309;Mining;15040879.0;813000.0
3205309;OtherServices;136409453.0;33446240.0
3205309;RealEstate;4848630.0;2613129.0
3205309;Trade;45901267.0;11520863.0
3205309;Transport;15286244.0;3102265.0
3205309;Unknown;26578344.0;7088163.0
3205309;Utilities;4085064.0;273158.0
3300100;Agriculture;927946.0;304437.0
3300100;Business;613075.0;104998.0
3300100;Construction;13223338.0;4279570.0
3300100;Financial;826001.0;36358.0
3300100;Government;9582712.0;31489.0
3300100;Manufacturing;14799482.0;920041.0
3300100;Mining;1090027.0;5913.0
3300100;OtherServices;28181742.0;4725196.0
3300100;RealEstate;262950.0;107783.0
3300100;Trade;11353494.0;3648077.0
3300100;Transport;4453898.0;564797.0
3300100;Unknown;8852302.0;1443852.0
3300100;Utilities;3305379.0;2073.0
3300209;Agriculture;868761.0;234587.0
3300209;Business;652457.0;245869.0
3300209;Construction;5451786.0;3042480.0
3300209;Financial;775405.0;89806.0
3300209;Government;5834616.0;116087.0
3300209;Manufacturing;2704194.0;697693.0
3300209;Mining;428773.0;32875.0
3300209;OtherServices;13516679.0;2599865.0
3300209;RealEstate;211941.0;77253.0
3300209;Trade;7757215.0;2361248.0
3300209;Transport;1884442.0;713232.0
3300209;Unknown;2175216.0;924292.0
3300209;Utilities;644686.0;31142.0
3300225;Agriculture;318253.0;76189.0
3300225;Business;6182.0;0.0
3300225;Construction;516184.0;252406.0
3300225;Financial;8436.0;0.0
3300225;Government;583786.0;2637.0
3300225;Manufacturing;400636.0;89905.0
3300225;Mining;25846.0;2457.0
3300225;OtherServices;1089150.0;146665.0
3300225;RealEstate;18588.0;9254.0
3300225;Trade;705827.0;239150.0
3300225;Transport;187092.0;10164.0
3300225;Unknown;340991.0;96094.0
3300225;Utilities;49142.0;4851.0
3300233;Agriculture;201865.0;142734.0
3300233;Business;102719.0;30673.0
3300233;Construction;2002981.0;1139995.0
3300233;Financial;44192.0;12558.0
3300233;Government;1484880.0;97432.0
3300233;Manufacturing;494466.0;116681.0
3300233;Mining;299524.0;0.0
3300233;OtherServices;7612823.0;2210014.0
3300233;RealEstate;454791.0;196518.0
3300233;Trade;2304867.0;908974.0
3300233;Transport;464227.0;269152.0
3300233;Unknown;799930.0;372032.0
3300233;Utilities;89236.0;36001.0
3300258;Agriculture;200736.0;153830.0
3300258;Business;117752.0;16006.0
3300258;Construction;1230972.0;722971.0
3300258;Financial;171255.0;50702.0
3300258;Government;2198249.0;597.0
3300258;Manufacturing;826909.0;208153.0
3300258;Mining;475427.0;10604.0
3300258;OtherServices;3552787.0;723538.0
3300258;RealEstate;242896.0;186932.0
3300258;Trade;2552424.0;1274350.0
3300258;Transport;400305.0;109636.0
3300258;Unknown;761374.0;155742.0
3300258;Utilities;92630.0;50073.0
3300407;Agriculture;1232399.0;555058.0
3300407;Business;794496.0;12009.0
3300407;Construction;6173690.0;2154719.0
3300407;Financial;893994.0;0.0
3300407;Government;6144003.0;88635.0
3300407;Manufacturing;16690377.0;989995.0
3300407;Mining;390860.0;8113.0
3300407;OtherServices;21971240.0;5394687.0
3300407;RealEstate;211976.0;104121.0
3300407;Trade;17236614.0;5139803.0
3300407;Transport;7214965.0;1680257.0
3300407;Unknown;5602060.0;886661.0
3300407;Utilities;940409.0;42503.0
3300456;Agriculture;183313.0;81698.0
3300456;Business;3050277.0;226038.0
3300456;Construction;16534319.0;6551159.0
3300456;Financial;1781958.0;33732.0
3300456;Government;11126433.0;14784.0
3300456;Manufacturing;15583176.0;2631517.0
3300456;Mining;1031586.0;0.0
3300456;OtherServices;50525652.0;6719095.0
3300456;RealEstate;590937.0;238800.0
3300456;Trade;32252349.0;8636653.0
3300456;Transport;14682410.0;2700503.0
3300456;Unknown;10612718.0;2491310.0
3300456;Utilities;1707078.0;160976.0
3300704;Agriculture;1318474.0;431139.0
3300704;Business;1194473.0;308679.0
3300704;Construction;11152828.0;5452016.0
3300704;Financial;1374780.0;141455.0
3300704;Government;10743102.0;90065.0
3300704;Manufacturing;5335873.0;1991879.0
3300704;Mining;2273601.0;18086.0
3300704;OtherServices;33685448.0;7203417.0
3300704;RealEstate;1399119.0;572217.0
3300704;Trade;19317783.0;5874802.0
3300704;Transport;3603972.0;1299069.0
3300704;Unknown;4037868.0;1557903.0
3300704;Utilities;624301.0;88251.0
3300936;Agriculture;286810.0;98745.0
3300936;Business;13645.0;0.0
3300936;Construction;623390.0;289379.0
3300936;Financial;51448.0;0.0
3300936;Government;832838.0;0.0
3300936;Manufacturing;661619.0;26156.0
3300936;Mining;674594.0;0.0
3300936;OtherServices;1139727.0;86149.0
3300936;RealEstate;5283.0;0.0
3300936;Trade;852611.0;347710.0
3300936;Transport;334635.0;80809.0
3300936;Unknown;488629.0;61409.0
3300936;Utilities;33703.0;2802.0
3300951;Agriculture;58238.0;8945.0
3300951;Business;55299.0;31075.0
3300951;Construction;260596.0;104616.0
3300951;Financial;102704.0;34741.0
3300951;Government;309377.0;0.0
3300951;Manufacturing;629806.0;69545.0
3300951;Mining;92995.0;0.0
3300951;OtherServices;582292.0;73222.0
3300951;RealEstate;5227.0;0.0
3300951;Trade;696274.0;188637.0
3300951;Transport;99096.0;19913.0
3300951;Unknown;34969.0;7361.0
3300951;Utilities;183463.0;0.0
3301009;Agriculture;4569138.0;1766362.0
3301009;Business;2542520.0;506952.0
3301009;Construction;17804791.0;5157635.0
3301009;Financial;4376882.0;48388.0
3301009;Government;21283918.0;58012.0
3301009;Manufacturing;15626131.0;2444399.0
3301009;Mining;13701252.0;364323.0
3301009;OtherServices;70560266.0;12135440.0
3301009;RealEstate;984691.0;441473.0
3301009;Trade;34067487.0;12445598.0
3301009;Transport;9155180.0;3096650.0
3301009;Unknown;15954386.0;3945005.0
3301009;Utilities;1829453.0;161132.0
3301306;Agriculture;406366.0;175277.0
3301306;Business;139323.0;32648.0
3301306;Construction;2329051.0;930862.0
3301306;Financial;302102.0;0.0
3301306;Government;3520897.0;15631.0
3301306;Manufacturing;1142556.0;164567.0
3301306;Mining;976280.0;0.0
3301306;OtherServices;4896029.0;507985.0
3301306;RealEstate;252626.0;89377.0
3301306;Trade;2655490.0;1035598.0
3301306;Transport;1123653.0;229435.0
3301306;Unknown;695348.0;205533.0
3301306;Utilities;176821.0;0.0
3301405;Agriculture;518482.0;250178.0
3301405;Business;91848.0;3457.0
3301405;Construction;945819.0;214562.0
3301405;Financial;66360.0;0.0
3301405;Government;1071723.0;14005.0
3301405;Manufacturing;546408.0;43029.0
3301405;Mining;463629.0;0.0
3301405;OtherServices;2432090.0;271528.0
3301405;RealEstate;40750.0;37894.0
3301405;Trade;1165908.0;267627.0
3301405;Transport;562813.0;120596.0
3301405;Unknown;753579.0;74682.0
3301405;Utilities;46968.0;0.0
3301702;Agriculture;717410.0;329232.0
3301702;Business;4485629.0;348243.0
3301702;Construction;37441531.0;11361798.0
3301702;Financial;4249122.0;337929.0
3301702;Government;23447764.0;96432.0
3301702;Manufacturing;43797232.0;6799119.0
3301702;Mining;5234897.0;17988.0
3301702;OtherServices;108205066.0;14702144.0
3301702;RealEstate;1491268.0;415871.0
3301702;Trade;62554361.0;20427712.0
3301702;Transport;31992733.0;6750101.0
3301702;Unknown;20495959.0;4314919.0
3301702;Utilities;5145508.0;657322.0
3301850;Agriculture;424186.0;124490.0
3301850;Business;135584.0;69397.0
3301850;Construction;2930963.0;1502835.0
3301850;Financial;193493.0;30840.0
3301850;Government;1495329.0;0.0
3301850;Manufacturing;3812559.0;254006.0
3301850;Mining;84426.0;0.0
3301850;OtherServices;6541926.0;846783.0
3301850;RealEstate;61177.0;18936.0
3301850;Trade;3335776.0;1108024.0
3301850;Transport;1138328.0;276660.0
3301850;Unknown;959471.0;196823.0
3301850;Utilities;248722.0;10392.0
3301876;Agriculture;52645.0;35242.0
3301876;Business;109483.0;24938.0
3301876;Construction;901843.0;481082.0
3301876;Financial;170481.0;52584.0
3301876;Government;2052943.0;0.0
3301876;Manufacturing;665843.0;343380.0
3301876;Mining;189713.0;0.0
3301876;OtherServices;2322153.0;396347.0
3301876;RealEstate;55340.0;35224.0
3301876;Trade;1473723.0;459006.0
3301876;Transport;249452.0;112615.0
3301876;Unknown;572368.0;358613.0
3301876;Utilities;108083.0;6072.0
3301900;Agriculture;618224.0;263371.0
3301900;Business;1201008.0;346604.0
3301900;Construction;9830582.0;4012229.0
3301900;Financial;1007300.0;76025.0
3301900;Government;8810655.0;30020.0
3301900;Manufacturing;9348593.0;1750747.0
3301900;Mining;817352.0;38754.0
3301900;OtherServices;27529485.0;4202377.0
3301900;RealEstate;679286.0;250798.0
3301900;Trade;15862863.0;4892892.0
3301900;Transport;6225769.0;1506045.0
3301900;Unknown;4240955.0;1453096.0
3301900;Utilities;1032954.0;5951.0
3302007;Agriculture;461145.0;209888.0
3302007;Business;441067.0;117451.0
3302007;Construction;5483135.0;1798094.0
3302007;Financial;326186.0;27518.0
3302007;Government;3975361.0;29179.0
3302007;Manufacturing;6147111.0;667252.0
3302007;Mining;1160365.0;0.0
3302007;OtherServices;11378830.0;2459402.0
3302007;RealEstate;212560.0;0.0
3302007;Trade;6449612.0;2382562.0
3302007;Transport;3541643.0;899963.0
3302007;Unknown;7620474.0;832769.0
3302007;Utilities;288618.0;4798.0
3302254;Agriculture;156942.0;6516.0
3302254;Business;197839.0;71133.0
3302254;Construction;1288859.0;495779.0
3302254;Financial;27347.0;0.0
3302254;Government;2085426.0;0.0
3302254;Manufacturing;2644206.0;166612.0
3302254;Mining;84961.0;0.0
3302254;OtherServices;5310606.0;939969.0
3302254;RealEstate;59296.0;58196.0
3302254;Trade;1717443.0;501868.0
3302254;Transport;1781245.0;335280.0
3302254;Unknown;467008.0;124577.0
3302254;Utilities;125584.0;0.0
3302270;Agriculture;153243.0;114277.0
3302270;Business;207147.0;32396.0
3302270;Construction;4605496.0;1873363.0
3302270;Financial;283344.0;0.0
3302270;Government;2384005.0;17866.0
3302270;Manufacturing;1742813.0;307105.0
3302270;Mining;177092.0;85499.0
3302270;OtherServices;9224251.0;865959.0
3302270;RealEstate;38585.0;0.0
3302270;Trade;4455482.0;1104203.0
3302270;Transport;1334177.0;301283.0
3302270;Unknown;1412981.0;338358.0
3302270;Utilities;417753.0;25735.0
3302403;Agriculture;1184303.0;587825.0
3302403;Business;5474900.0;210910.0
3302403;Construction;12400352.0;4270133.0
3302403;Financial;1983386.0;305532.0
3302403;Government;12179613.0;46230.0
3302403;Manufacturing;9744891.0;1339738.0
3302403;Mining;30454257.0;270143.0
3302403;OtherServices;47139532.0;8465523.0
3302403;RealEstate;1574641.0;1041227.0
3302403;Trade;19864729.0;7399478.0
3302403;Transport;10923808.0;2446377.0
3302403;Unknown;22674944.0;2918126.0
3302403;Utilities;1165513.0;176623.0
3302502;Agriculture;1063775.0;623264.0
3302502;Business;811639.0;49501.0
3302502;Construction;9706215.0;3587477.0
3302502;Financial;812081.0;77202.0
3302502;Government;8302963.0;88318.0
3302502;Manufacturing;7364718.0;1351894.0
3302502;Mining;1107183.0;29572.0
3302502;OtherServices;27445439.0;5483269.0
3302502;RealEstate;348411.0;129162.0
3302502;Trade;13864187.0;5446915.0
3302502;Transport;5832570.0;1285196.0
3302502;Unknown;4080603.0;1725639.0
3302502;Utilities;1246282.0;113835.0
3302601;Agriculture;326690.0;237361.0
3302601;Business;68113.0;38109.0
3302601;Construction;2123669.0;968497.0
3302601;Financial;101367.0;29178.0
3302601;Government;3139482.0;0.0
3302601;Manufacturing;978359.0;124260.0
3302601;Mining;463720.0;0.0
3302601;OtherServices;5466466.0;816592.0
3302601;RealEstate;307441.0;279681.0
3302601;Trade;2135524.0;1021936.0
3302601;Transport;998701.0;165599.0
3302601;Unknown;2313715.0;482465.0
3302601;Utilities;92153.0;0.0
3302700;Agriculture;465781.0;304765.0
3302700;Business;1971410.0;465277.0
3302700;Construction;8872325.0;4390596.0
3302700;Financial;2411134.0;168622.0
3302700;Government;10291417.0;6176.0
3302700;Manufacturing;4269522.0;1436826.0
3302700;Mining;1596507.0;23621.0
3302700;OtherServices;23559739.0;5224977.0
3302700;RealEstate;732075.0;254173.0
3302700;Trade;12390194.0;4620151.0
3302700;Transport;4895196.0;1651894.0
3302700;Unknown;2899813.0;962400.0
3302700;Utilities;549592.0;41559.0
3302858;Agriculture;149662.0;2781.0
3302858;Business;1460129.0;243260.0
3302858;Construction;4825933.0;2467756.0
3302858;Financial;1681094.0;146400.0
3302858;Government;10005540.0;98210.0
3302858;Manufacturing;5921506.0;1200626.0
3302858;Mining;344503.0;0.0
3302858;OtherServices;23808671.0;4077462.0
3302858;RealEstate;475139.0;141947.0
3302858;Trade;13056800.0;4271061.0
3302858;Transport;5242991.0;1297092.0
3302858;Unknown;4228693.0;811284.0
3302858;Utilities;828109.0;43020.0
3303203;Agriculture;5250.0;0.0
3303203;Business;1627533.0;261186.0
3303203;Construction;3958600.0;1690824.0
3303203;Financial;2499756.0;256827.0
3303203;Government;11282553.0;0.0
3303203;Manufacturing;4671249.0;1200916.0
3303203;Mining;640478.0;0.0
3303203;OtherServices;28636269.0;6101791.0
3303203;RealEstate;342298.0;72598.0
3303203;Trade;13352664.0;4039998.0
3303203;Transport;5372015.0;1263112.0
3303203;Unknown;1990796.0;514462.0
3303203;Utilities;1153424.0;67218.0
3303302;Agriculture;1053761.0;474294.0
3303302;Business;23492380.0;3141404.0
3303302;Construction;26984496.0;7348859.0
3303302;Financial;27043393.0;2236696.0
3303302;Government;99783220.0;466629.0
3303302;Manufacturing;30441881.0;5449724.0
3303302;Mining;23137335.0;1679354.0
3303302;OtherServices;237431313.0;60244468.0
3303302;RealEstate;7252534.0;2970912.0
3303302;Trade;59407591.0;16354443.0
3303302;Transport;18871935.0;4278979.0
3303302;Unknown;20775055.0;5491933.0
3303302;Utilities;7835404.0;145735.0
3303401;Agriculture;2942048.0;1840373.0
3303401;Business;1475261.0;325594.0
3303401;Construction;5578674.0;3189310.0
3303401;Financial;2063774.0;119809.0
3303401;Government;8250219.0;5683.0
3303401;Manufacturing;25556348.0;4675320.0
3303401;Mining;843619.0;383636.0
3303401;OtherServices;28993859.0;8071097.0
3303401;RealEstate;397637.0;208534.0
3303401;Trade;19489543.0;6910964.0
3303401;Transport;3974006.0;1014707.0
3303401;Unknown;3833401.0;1453381.0
3303401;Utilities;619313.0;34461.0
3303500;Agriculture;1634825.0;960909.0
3303500;Business;4987462.0;493600.0
3303500;Construction;28453572.0;11202957.0
3303500;Financial;5841030.0;789636.0
3303500;Government;30922475.0;444510.0
3303500;Manufacturing;25542234.0;5075439.0
3303500;Mining;2336908.0;109985.0
3303500;OtherServices;101917976.0;18215311.0
3303500;RealEstate;1403189.0;331682.0
3303500;Trade;56245873.0;17485885.0
3303500;Transport;23104863.0;4720681.0
3303500;Unknown;24296219.0;6352137.0
3303500;Utilities;4065541.0;452703.0
3303609;Agriculture;149763.0;55499.0
3303609;Business;228726.0;18274.0
3303609;Construction;1508644.0;484548.0
3303609;Financial;353580.0;0.0
3303609;Government;1935080.0;4598.0
3303609;Manufacturing;1854321.0;220378.0
3303609;Mining;154730.0;4517.0
3303609;OtherServices;5017879.0;648375.0
3303609;Trade;2210745.0;632377.0
3303609;Transport;754765.0;273658.0
3303609;Unknown;2648712.0;330069.0
3303609;Utilities;133698.0;12170.0
3303708;Agriculture;989924.0;364670.0
3303708;Business;117822.0;37131.0
3303708;Construction;1288855.0;494512.0
3303708;Financial;373078.0;37939.0
3303708;Government;2161102.0;0.0
3303708;Manufacturing;2047261.0;268484.0
3303708;Mining;226243.0;0.0
3303708;OtherServices;3981055.0;629721.0
3303708;RealEstate;74973.0;74973.0
3303708;Trade;2621952.0;794445.0
3303708;Transport;1195621.0;287104.0
3303708;Unknown;807207.0;312620.0
3303708;Utilities;176100.0;20024.0
3303906;Agriculture;1729729.0;538400.0
3303906;Business;3942194.0;1530915.0
3303906;Construction;10479111.0;5541435.0
3303906;Financial;4115426.0;482583.0
3303906;Government;13059162.0;166736.0
3303906;Manufacturing;26074002.0;4728735.0
3303906;Mining;3395257.0;119476.0
3303906;OtherServices;56163482.0;14892945.0
3303906;RealEstate;754522.0;516660.0
3303906;Trade;27604455.0;9173150.0
3303906;Transport;7366970.0;2133968.0
3303906;Unknown;19683995.0;4779409.0
3303906;Utilities;1290865.0;50171.0
3303955;Agriculture;65456.0;9627.0
3303955;Business;77527.0;16650.0
3303955;Construction;829227.0;376119.0
3303955;Financial;94158.0;58495.0
3303955;Government;1220750.0;0.0
3303955;Manufacturing;1782934.0;80829.0
3303955;Mining;22983.0;0.0
3303955;OtherServices;2498357.0;457378.0
3303955;RealEstate;21996.0;8773.0
3303955;Trade;1117257.0;474718.0
3303955;Transport;719345.0;335426.0
3303955;Unknown;301692.0;44385.0
3303955;Utilities;181543.0;48779.0
3304110;Agriculture;158431.0;22022.0
3304110;Business;31052.0;8758.0
3304110;Construction;494920.0;237397.0
3304110;Financial;43112.0;0.0
3304110;Government;896636.0;26584.0
3304110;Manufacturing;1961249.0;109275.0
3304110;Mining;31661.0;0.0
3304110;OtherServices;1490938.0;208695.0
3304110;RealEstate;7014.0;5880.0
3304110;Trade;893114.0;309854.0
3304110;Transport;606001.0;61810.0
3304110;Unknown;511220.0;57486.0
3304110;Utilities;73768.0;4913.0
3304128;Agriculture;256663.0;90814.0
3304128;Business;14790.0;8440.0
3304128;Construction;467245.0;216270.0
3304128;Financial;78115.0;0.0
3304128;Government;426663.0;13172.0
3304128;Manufacturing;952718.0;61409.0
3304128;Mining;39389.0;0.0
3304128;OtherServices;1229310.0;253206.0
3304128;RealEstate;55633.0;8884.0
3304128;Trade;597000.0;215250.0
3304128;Transport;445807.0;91753.0
3304128;Unknown;365126.0;126519.0
3304128;Utilities;34567.0;6267.0
3304144;Agriculture;69256.0;28511.0
3304144;Business;602309.0;73941.0
3304144;Construction;5822756.0;2230650.0
3304144;Financial;443432.0;15294.0
3304144;Government;4322405.0;80644.0
3304144;Manufacturing;3264859.0;571671.0
3304144;Mining;352268.0;4440.0
3304144;OtherServices;14866317.0;1869791.0
3304144;RealEstate;121305.0;31742.0
3304144;Trade;7282799.0;2289364.0
3304144;Transport;4440850.0;858596.0
3304144;Unknown;3856516.0;849374.0
3304144;Utilities;652859.0;42204.0
3304201;Agriculture;1038985.0;387496.0
3304201;Business;472403.0;32418.0
3304201;Construction;4410106.0;1637144.0
3304201;Financial;1232374.0;83516.0
3304201;Government;9558234.0;23468.0
3304201;Manufacturing;17701165.0;759150.0
3304201;Mining;192282.0;0.0
3304201;OtherServices;22427951.0;4919706.0
3304201;RealEstate;203296.0;76372.0
3304201;Trade;10847748.0;2728456.0
3304201;Transport;2887316.0;595158.0
3304201;Unknown;4980409.0;829292.0
3304201;Utilities;668952.0;31115.0
3304524;Agriculture;473088.0;171556.0
3304524;Business;1180104.0;168645.0
3304524;Construction;10383040.0;4303077.0
3304524;Financial;1159983.0;59152.0
3304524;Government;6815697.0;86251.0
3304524;Manufacturing;5031644.0;701889.0
3304524;Mining;15216685.0;114067.0
3304524;OtherServices;18858445.0;4003794.0
3304524;RealEstate;1233491.0;560297.0
3304524;Trade;10394822.0;3912904.0
3304524;Transport;3852843.0;1342130.0
3304524;Unknown;6163861.0;1108470.0
3304524;Utilities;939215.0;69659.0
3304557;Agriculture;9772700.0;2801845.0
3304557;Business;272732511.0;40627930.0
3304557;Construction;248667016.0;70868180.0
3304557;Financial;228760949.0;20878930.0
3304557;Government;653300181.0;5216693.0
3304557;Manufacturing;305424990.0;54219973.0
3304557;Mining;135675904.0;1887614.0
3304557;OtherServices;2155254200.0;493469519.0
3304557;RealEstate;64171080.0;24077345.0
3304557;Trade;705468306.0;195042499.0
3304557;Transport;269722648.0;92047788.0
3304557;Unknown;405314321.0;99490690.0
3304557;Utilities;67824263.0;3219593.0
3304904;Agriculture;1902309.0;947456.0
3304904;Business;8274776.0;539651.0
3304904;Construction;35391587.0;13859824.0
3304904;Financial;14117214.0;1047842.0
3304904;Government;48254258.0;95089.0
3304904;Manufacturing;46522337.0;8519757.0
3304904;Mining;4527085.0;0.0
3304904;OtherServices;149723868.0;22689424.0
3304904;RealEstate;3511791.0;530492.0
3304904;Trade;85478734.0;24456441.0
3304904;Transport;27993195.0;6211223.0
3304904;Unknown;33562736.0;6295171.0
3304904;Utilities;4760887.0;172042.0
3305000;Agriculture;879817.0;479694.0
3305000;Business;39008.0;30677.0
3305000;Construction;1310022.0;468559.0
3305000;Financial;102654.0;0.0
3305000;Government;1628594.0;0.0
3305000;Manufacturing;699033.0;182063.0
3305000;Mining;650957.0;0.0
3305000;OtherServices;3465323.0;454410.0
3305000;RealEstate;36972.0;0.0
3305000;Trade;1640550.0;701912.0
3305000;Transport;645285.0;123814.0
3305000;Unknown;836146.0;158693.0
3305000;Utilities;216708.0;8972.0
3305109;Agriculture;255733.0;92974.0
3305109;Business;2963750.0;391833.0
3305109;Construction;13931967.0;6316112.0
3305109;Financial;2709338.0;270553.0
3305109;Government;19308594.0;93313.0
3305109;Manufacturing;19568542.0;4268263.0
3305109;Mining;1459602.0;0.0
3305109;OtherServices;55776567.0;8160487.0
3305109;RealEstate;863967.0;328378.0
3305109;Trade;37153743.0;10151354.0
3305109;Transport;18090798.0;3686576.0
3305109;Unknown;11570979.0;2533442.0
3305109;Utilities;1449768.0;129090.0
3305208;Agriculture;670105.0;298199.0
3305208;Business;512314.0;183710.0
3305208;Construction;4170277.0;2204750.0
3305208;Financial;355042.0;9269.0
3305208;Government;10578241.0;14797.0
3305208;Manufacturing;1682471.0;725445.0
3305208;Mining;1133904.0;6464.0
3305208;OtherServices;10302818.0;2235069.0
3305208;RealEstate;68152.0;52196.0
3305208;Trade;7570706.0;1912849.0
3305208;Transport;1381657.0;533643.0
3305208;Unknown;1199519.0;417026.0
3305208;Utilities;425534.0;22414.0
3305505;Agriculture;586681.0;294716.0
3305505;Business;290412.0;101569.0
3305505;Construction;4398763.0;2610585.0
3305505;Financial;905534.0;50950.0
3305505;Government;3615170.0;46560.0
3305505;Manufacturing;1704612.0;658074.0
3305505;Mining;319936.0;7364.0
3305505;OtherServices;8399690.0;1761483.0
3305505;RealEstate;483144.0;377052.0
3305505;Trade;5086714.0;1762329.0
3305505;Transport;978293.0;316705.0
3305505;Unknown;1428587.0;738581.0
3305505;Utilities;268230.0;11132.0
3305554;Agriculture;594354.0;207967.0
3305554;Business;143875.0;27384.0
3305554;Construction;3400787.0;1280722.0
3305554;Financial;163711.0;0.0
3305554;Government;3624280.0;0.0
3305554;Manufacturing;2738120.0;461110.0
3305554;Mining;833178.0;61923.0
3305554;OtherServices;10841535.0;1379023.0
3305554;RealEstate;100809.0;69097.0
3305554;Trade;5008538.0;1376302.0
3305554;Transport;2233337.0;638571.0
3305554;Unknown;2146112.0;716988.0
3305554;Utilities;292444.0;0.0
3305752;Agriculture;415832.0;127961.0
3305752;Business;162835.0;46821.0
3305752;Construction;1370576.0;444753.0
3305752;Financial;66080.0;0.0
3305752;Government;481578.0;0.0
3305752;Manufacturing;932389.0;188514.0
3305752;Mining;74676.0;0.0
3305752;OtherServices;2561425.0;423374.0
3305752;RealEstate;4287.0;0.0
3305752;Trade;1753954.0;418914.0
3305752;Transport;731039.0;67228.0
3305752;Unknown;484605.0;74277.0
3305752;Utilities;47351.0;0.0
3305802;Agriculture;4559693.0;3340495.0
3305802;Business;1255629.0;253255.0
3305802;Construction;7144964.0;3733698.0
3305802;Financial;1423169.0;83147.0
3305802;Government;7655745.0;43368.0
3305802;Manufacturing;7514594.0;2537854.0
3305802;Mining;627940.0;156778.0
3305802;OtherServices;29053725.0;7566435.0
3305802;RealEstate;1545120.0;940668.0
3305802;Trade;14201670.0;3783225.0
3305802;Transport;3253958.0;1029185.0
3305802;Unknown;6789472.0;2292705.0
3305802;Utilities;523526.0;25652.0
3306008;Agriculture;630357.0;141330.0
3306008;Business;469349.0;54657.0
3306008;Construction;2587463.0;964349.0
3306008;Financial;690642.0;128381.0
3306008;Government;3487682.0;3569.0
3306008;Manufacturing;4603202.0;391585.0
3306008;Mining;187282.0;0.0
3306008;OtherServices;11539702.0;2783755.0
3306008;RealEstate;68264.0;0.0
3306008;Trade;6839988.0;1824779.0
3306008;Transport;2081054.0;499313.0
3306008;Unknown;1749488.0;394480.0
3306008;Utilities;239544.0;0.0
3306305;Agriculture;372774.0;133706.0
3306305;Business;1704558.0;185955.0
3306305;Construction;11277133.0;3674999.0
3306305;Financial;3410212.0;229458.0
3306305;Government;10092983.0;11809.0
3306305;Manufacturing;35526060.0;1731755.0
3306305;Mining;2111178.0;0.0
3306305;OtherServices;45219103.0;11341973.0
3306305;RealEstate;751123.0;275065.0
3306305;Trade;24362458.0;7184563.0
3306305;Transport;6237535.0;1446517.0
3306305;Unknown;7581846.0;1684497.0
3306305;Utilities;1636549.0;29147.0
3500758;Agriculture;335950.0;57322.0
3500758;Business;8008.0;0.0
3500758;Construction;368579.0;60555.0
3500758;Financial;46358.0;7623.0
3500758;Government;218520.0;0.0
3500758;Manufacturing;186154.0;15898.0
3500758;Mining;3833.0;0.0
3500758;OtherServices;287658.0;58201.0
3500758;RealEstate;6170.0;3171.0
3500758;Trade;178616.0;80415.0
3500758;Transport;192655.0;142591.0
3500758;Unknown;72889.0;21048.0
3500758;Utilities;8028.0;1016.0
3500808;Agriculture;135891.0;65278.0
3500808;Business;16435.0;0.0
3500808;Construction;135030.0;44616.0
3500808;Financial;8599.0;0.0
3500808;Government;282195.0;0.0
3500808;Manufacturing;122931.0;20146.0
3500808;OtherServices;338076.0;26132.0
3500808;RealEstate;859.0;0.0
3500808;Trade;219975.0;67421.0
3500808;Transport;27793.0;517.0
3500808;Unknown;102839.0;0.0
3500808;Utilities;8327.0;0.0
3501152;Agriculture;96142.0;13274.0
3501152;Business;53940.0;13712.0
3501152;Construction;1178476.0;554466.0
3501152;Financial;49566.0;0.0
3501152;Government;561315.0;0.0
3501152;Manufacturing;4563832.0;108216.0
3501152;OtherServices;1466540.0;307807.0
3501152;RealEstate;29181.0;7082.0
3501152;Trade;944808.0;203734.0
3501152;Transport;255036.0;68489.0
3501152;Unknown;294000.0;56293.0
3501152;Utilities;113606.0;10189.0
3501301;Agriculture;704381.0;290432.0
3501301;Business;104022.0;0.0
3501301;Construction;1099556.0;454886.0
3501301;Financial;247297.0;0.0
3501301;Government;760356.0;0.0
3501301;Manufacturing;1365873.0;59194.0
3501301;Mining;13634.0;0.0
3501301;OtherServices;3094242.0;477429.0
3501301;Trade;2531958.0;516652.0
3501301;Transport;489391.0;201400.0
3501301;Unknown;169802.0;19209.0
3501301;Utilities;100932.0;9306.0
3501608;Agriculture;1079498.0;344365.0
3501608;Business;4287652.0;986004.0
3501608;Construction;10040271.0;5385505.0
3501608;Financial;3631789.0;378860.0
3501608;Government;8420713.0;26436.0
3501608;Manufacturing;50893145.0;6130616.0
3501608;Mining;153021.0;38739.0
3501608;OtherServices;44549880.0;12699732.0
3501608;RealEstate;1427962.0;957178.0
3501608;Trade;29994907.0;10078918.0
3501608;Transport;7860199.0;2623783.0
3501608;Unknown;14811465.0;2824339.0
3501608;Utilities;1623942.0;237996.0
3501707;Agriculture;1484976.0;2555.0
3501707;Business;64929.0;0.0
3501707;Construction;1398117.0;459912.0
3501707;Financial;175021.0;0.0
3501707;Government;720349.0;0.0
3501707;Manufacturing;6653950.0;264351.0
3501707;Mining;67177.0;0.0
3501707;OtherServices;2990797.0;641434.0
3501707;RealEstate;8090.0;0.0
3501707;Trade;1829155.0;483874.0
3501707;Transport;1071957.0;140419.0
3501707;Unknown;583981.0;102340.0
3501707;Utilities;179334.0;59558.0
3502408;Agriculture;294915.0;146254.0
3502408;Business;4754.0;0.0
3502408;Construction;136770.0;81764.0
3502408;Financial;17356.0;0.0
3502408;Government;222641.0;0.0
3502408;Manufacturing;122593.0;6242.0
3502408;OtherServices;229261.0;26536.0
3502408;Trade;217825.0;91351.0
3502408;Transport;62333.0;23425.0
3502408;Unknown;117561.0;17246.0
3502507;Agriculture;46045.0;15552.0
3502507;Business;344029.0;19526.0
3502507;Construction;861175.0;317085.0
3502507;Financial;197229.0;0.0
3502507;Government;1882743.0;16613.0
3502507;Manufacturing;1115513.0;433425.0
3502507;Mining;127583.0;0.0
3502507;OtherServices;6220864.0;1734679.0
3502507;RealEstate;10996.0;0.0
3502507;Trade;5195797.0;2114134.0
3502507;Transport;842598.0;221800.0
3502507;Unknown;1899964.0;351046.0
3502507;Utilities;188308.0;734.0
3502804;Agriculture;15883752.0;8731352.0
3502804;Business;1613685.0;326180.0
3502804;Construction;8989978.0;4598837.0
3502804;Financial;3113011.0;108725.0
3502804;Government;11748615.0;66374.0
3502804;Manufacturing;12504286.0;1807001.0
3502804;Mining;6622.0;0.0
3502804;OtherServices;39497497.0;9465406.0
3502804;RealEstate;1405206.0;897257.0
3502804;Trade;24088087.0;6425470.0
3502804;Transport;5422728.0;1880506.0
3502804;Unknown;5283199.0;1102431.0
3502804;Utilities;769503.0;34550.0
3502903;Agriculture;1148743.0;500899.0
3502903;Business;586073.0;418095.0
3502903;Construction;1520318.0;674737.0
3502903;Financial;51916.0;10128.0
3502903;Government;746403.0;0.0
3502903;Manufacturing;1865650.0;513771.0
3502903;Mining;20885.0;0.0
3502903;OtherServices;4916044.0;1250898.0
3502903;RealEstate;96632.0;33611.0
3502903;Trade;2523244.0;1022160.0
3502903;Transport;812921.0;273937.0
3502903;Unknown;1162130.0;443051.0
3502903;Utilities;326450.0;37646.0
3503208;Agriculture;2905842.0;1236405.0
3503208;Business;3065842.0;518613.0
3503208;Construction;9442805.0;4317968.0
3503208;Financial;3908653.0;260688.0
3503208;Government;14219098.0;50706.0
3503208;Manufacturing;27117098.0;2548414.0
3503208;Mining;356775.0;11655.0
3503208;OtherServices;47939250.0;11401530.0
3503208;RealEstate;922397.0;315688.0
3503208;Trade;26012878.0;7254589.0
3503208;Transport;8746348.0;2823173.0
3503208;Unknown;8855682.0;1989504.0
3503208;Utilities;1639134.0;120507.0
3503307;Agriculture;3319516.0;511028.0
3503307;Business;837233.0;282810.0
3503307;Construction;5111208.0;2176456.0
3503307;Financial;1531275.0;141472.0
3503307;Government;3886237.0;60888.0
3503307;Manufacturing;18105383.0;1323656.0
3503307;Mining;82490.0;0.0
3503307;OtherServices;22904776.0;6523065.0
3503307;RealEstate;237720.0;75217.0
3503307;Trade;12557439.0;3450583.0
3503307;Transport;3923900.0;1204313.0
3503307;Unknown;4662847.0;1697045.0
3503307;Utilities;745534.0;54967.0
3503901;Agriculture;721868.0;312892.0
3503901;Business;1940362.0;997081.0
3503901;Construction;3917457.0;1581574.0
3503901;Financial;553819.0;4184.0
3503901;Government;2963370.0;26037.0
3503901;Manufacturing;11767532.0;1316489.0
3503901;Mining;321391.0;5653.0
3503901;OtherServices;12432514.0;3557664.0
3503901;RealEstate;256340.0;173670.0
3503901;Trade;8733616.0;2656025.0
3503901;Transport;3383720.0;1035035.0
3503901;Unknown;3235347.0;406010.0
3503901;Utilities;711086.0;143732.0
3504107;Agriculture;4120231.0;1615658.0
3504107;Business;2400204.0;714687.0
3504107;Construction;6788334.0;3922006.0
3504107;Financial;1914248.0;250939.0
3504107;Government;5432248.0;40034.0
3504107;Manufacturing;12836570.0;2131741.0
3504107;Mining;196443.0;0.0
3504107;OtherServices;33032985.0;9560107.0
3504107;RealEstate;473609.0;407129.0
3504107;Trade;16666945.0;4792994.0
3504107;Transport;4032941.0;1025246.0
3504107;Unknown;6308744.0;1579369.0
3504107;Utilities;939607.0;55118.0
3504602;Agriculture;424989.0;127687.0
3504602;Business;58778.0;22985.0
3504602;Construction;802355.0;373181.0
3504602;Financial;92772.0;8581.0
3504602;Government;511002.0;0.0
3504602;Manufacturing;1628986.0;360372.0
3504602;Mining;2424.0;0.0
3504602;OtherServices;2175427.0;360388.0
3504602;RealEstate;115048.0;42851.0
3504602;Trade;2006716.0;555955.0
3504602;Transport;435915.0;103669.0
3504602;Unknown;810588.0;292421.0
3504602;Utilities;9238.0;1522.0
3504800;Agriculture;665108.0;395144.0
3504800;Business;68809.0;2360.0
3504800;Construction;321107.0;189406.0
3504800;Financial;31967.0;0.0
3504800;Government;303627.0;7044.0
3504800;Manufacturing;1500366.0;79392.0
3504800;OtherServices;1067176.0;337614.0
3504800;RealEstate;18550.0;0.0
3504800;Trade;814121.0;398854.0
3504800;Transport;150479.0;46213.0
3504800;Unknown;158403.0;33925.0
3504800;Utilities;16187.0;0.0
3505500;Agriculture;5024977.0;2466934.0
3505500;Business;553032.0;168467.0
3505500;Construction;4785767.0;1894048.0
3505500;Financial;1435481.0;255926.0
3505500;Government;5642621.0;217422.0
3505500;Manufacturing;9874263.0;1090838.0
3505500;Mining;114958.0;0.0
3505500;OtherServices;25675071.0;6269983.0
3505500;RealEstate;440608.0;280021.0
3505500;Trade;11696476.0;3860225.0
3505500;Transport;2669852.0;1233511.0
3505500;Unknown;2920658.0;998978.0
3505500;Utilities;390691.0;38633.0
3505708;Agriculture;770164.0;490768.0
3505708;Business;8406915.0;1308788.0
3505708;Construction;15355854.0;6210564.0
3505708;Financial;6377596.0;679133.0
3505708;Government;12173263.0;236682.0
3505708;Manufacturing;29057513.0;4746898.0
3505708;Mining;163778.0;0.0
3505708;OtherServices;57082433.0;13769245.0
3505708;RealEstate;2303072.0;672382.0
3505708;Trade;26158575.0;8303421.0
3505708;Transport;11253011.0;2296019.0
3505708;Unknown;27746268.0;9303726.0
3505708;Utilities;1722653.0;321599.0
3506003;Agriculture;8520281.0;452556.0
3506003;Business;7186600.0;790468.0
3506003;Construction;15055284.0;6959159.0
3506003;Financial;11170696.0;1072049.0
3506003;Government;22895143.0;171428.0
3506003;Manufacturing;29962183.0;3642601.0
3506003;Mining;496771.0;0.0
3506003;OtherServices;85111039.0;19863623.0
3506003;RealEstate;6856046.0;1346422.0
3506003;Trade;47405851.0;13596549.0
3506003;Transport;11950728.0;3012559.0
3506003;Unknown;12001912.0;2795524.0
3506003;Utilities;3566885.0;427614.0
3506508;Agriculture;1948956.0;1088516.0
3506508;Business;672224.0;81570.0
3506508;Construction;3669339.0;2085528.0
3506508;Financial;1220734.0;18042.0
3506508;Government;3463464.0;201429.0
3506508;Manufacturing;19817570.0;1857859.0
3506508;Mining;3415.0;0.0
3506508;OtherServices;13941863.0;4220425.0
3506508;RealEstate;68080.0;32283.0
3506508;Trade;11443059.0;3254247.0
3506508;Transport;3146399.0;787142.0
3506508;Unknown;3113898.0;707781.0
3506508;Utilities;650446.0;89215.0
3506607;Agriculture;2743820.0;1301776.0
3506607;Business;40321.0;0.0
3506607;Construction;923072.0;371785.0
3506607;Financial;46879.0;0.0
3506607;Government;948646.0;0.0
3506607;Manufacturing;985088.0;141680.0
3506607;Mining;11240.0;6053.0
3506607;OtherServices;2376513.0;508870.0
3506607;RealEstate;27092.0;16427.0
3506607;Trade;2398238.0;670518.0
3506607;Transport;514754.0;95852.0
3506607;Unknown;938941.0;343895.0
3506607;Utilities;166702.0;31829.0
3507100;Agriculture;242371.0;115860.0
3507100;Business;39945.0;15017.0
3507100;Construction;972214.0;670229.0
3507100;Financial;112375.0;0.0
3507100;Government;401158.0;0.0
3507100;Manufacturing;2271847.0;238744.0
3507100;Mining;120694.0;10478.0
3507100;OtherServices;2092544.0;522834.0
3507100;RealEstate;60122.0;23396.0
3507100;Trade;1269963.0;448938.0
3507100;Transport;430651.0;175126.0
3507100;Unknown;1062358.0;270516.0
3507100;Utilities;112539.0;8177.0
3507506;Agriculture;3064401.0;960986.0
3507506;Business;1278867.0;310894.0
3507506;Construction;4454737.0;2608577.0
3507506;Financial;1837313.0;92433.0
3507506;Government;7511244.0;65262.0
3507506;Manufacturing;13850655.0;729824.0
3507506;Mining;37493.0;0.0
3507506;OtherServices;34310179.0;6100095.0
3507506;RealEstate;716540.0;358348.0
3507506;Trade;10721362.0;2715472.0
3507506;Transport;3052013.0;730680.0
3507506;Unknown;2756843.0;675096.0
3507506;Utilities;1200580.0;133956.0
3507605;Agriculture;2498016.0;787259.0
3507605;Business;1369285.0;255763.0
3507605;Construction;7312766.0;3774734.0
3507605;Financial;1897285.0;298016.0
3507605;Government;6626352.0;25787.0
3507605;Manufacturing;22241541.0;5716789.0
3507605;Mining;182084.0;35883.0
3507605;OtherServices;32417417.0;8223824.0
3507605;RealEstate;809329.0;573863.0
3507605;Trade;17377492.0;5202922.0
3507605;Transport;4143639.0;1221496.0
3507605;Unknown;5897072.0;1269836.0
3507605;Utilities;1186435.0;66075.0
3507704;Agriculture;748128.0;250558.0
3507704;Business;5832.0;0.0
3507704;Construction;112090.0;30254.0
3507704;Financial;52822.0;4136.0
3507704;Government;141540.0;7776.0
3507704;Manufacturing;474968.0;19845.0
3507704;OtherServices;467959.0;87142.0
3507704;Trade;259028.0;79762.0
3507704;Transport;114766.0;14283.0
3507704;Unknown;27490.0;3766.0
3507704;Utilities;20641.0;6924.0
3507753;Agriculture;164324.0;99626.0
3507753;Construction;64942.0;11350.0
3507753;Financial;889.0;0.0
3507753;Government;64905.0;0.0
3507753;Manufacturing;384903.0;22069.0
3507753;Mining;12087.0;0.0
3507753;OtherServices;186698.0;18784.0
3507753;Trade;238491.0;22014.0
3507753;Transport;43000.0;8130.0
3507753;Unknown;28885.0;5696.0
3507753;Utilities;1480.0;683.0
3507803;Agriculture;594315.0;141789.0
3507803;Business;138320.0;57168.0
3507803;Construction;2468902.0;1249944.0
3507803;Financial;163093.0;0.0
3507803;Government;582684.0;28377.0
3507803;Manufacturing;2287598.0;679562.0
3507803;OtherServices;2813262.0;829571.0
3507803;RealEstate;64520.0;32123.0
3507803;Trade;2520460.0;979966.0
3507803;Transport;371282.0;74927.0
3507803;Unknown;804254.0;103965.0
3507803;Utilities;15366.0;8398.0
3508405;Agriculture;1024362.0;306376.0
3508405;Business;206290.0;0.0
3508405;Construction;2196792.0;1304716.0
3508405;Financial;209068.0;55756.0
3508405;Government;476423.0;3716.0
3508405;Manufacturing;7301745.0;489404.0
3508405;Mining;198120.0;36551.0
3508405;OtherServices;5027981.0;778308.0
3508405;RealEstate;372375.0;203577.0
3508405;Trade;3104191.0;893678.0
3508405;Transport;1470255.0;507099.0
3508405;Unknown;884404.0;248382.0
3508405;Utilities;302956.0;0.0
3508504;Agriculture;1053806.0;231727.0
3508504;Business;518225.0;182838.0
3508504;Construction;2477467.0;1149699.0
3508504;Financial;733986.0;0.0
3508504;Government;4144105.0;15756.0
3508504;Manufacturing;15538366.0;648717.0
3508504;Mining;786407.0;36599.0
3508504;OtherServices;10964388.0;2746791.0
3508504;RealEstate;553126.0;286937.0
3508504;Trade;6449769.0;1573766.0
3508504;Transport;2550445.0;573994.0
3508504;Unknown;3579331.0;618872.0
3508504;Utilities;546049.0;67335.0
3508900;Agriculture;501225.0;135870.0
3508900;Construction;50267.0;11495.0
3508900;Government;166620.0;0.0
3508900;Manufacturing;556478.0;9010.0
3508900;OtherServices;134443.0;51959.0
3508900;RealEstate;2369.0;0.0
3508900;Trade;90597.0;22819.0
3508900;Transport;96510.0;82609.0
3508900;Unknown;10282.0;0.0
3508900;Utilities;4278.0;0.0
3509007;Agriculture;77044.0;0.0
3509007;Business;1663762.0;180194.0
3509007;Construction;2803382.0;1212020.0
3509007;Financial;1393691.0;20449.0
3509007;Government;4778130.0;10007.0
3509007;Manufacturing;11874060.0;1186509.0
3509007;Mining;173886.0;0.0
3509007;OtherServices;15213098.0;2614242.0
3509007;RealEstate;450703.0;241456.0
3509007;Trade;8709340.0;2784336.0
3509007;Transport;3428395.0;853401.0
3509007;Unknown;3390846.0;456767.0
3509007;Utilities;763900.0;100330.0
3509205;Agriculture;116993.0;37176.0
3509205;Business;497769.0;10271.0
3509205;Construction;1699212.0;680259.0
3509205;Financial;316946.0;0.0
3509205;Government;1153581.0;5242.0
3509205;Manufacturing;6523604.0;339623.0
3509205;Mining;243646.0;0.0
3509205;OtherServices;7483475.0;1050647.0
3509205;RealEstate;202412.0;31007.0
3509205;Trade;3470410.0;1018622.0
3509205;Transport;2649256.0;743525.0
3509205;Unknown;7037666.0;897404.0
3509205;Utilities;202999.0;31845.0
3509502;Agriculture;9773534.0;2604519.0
3509502;Business;48306270.0;5711903.0
3509502;Construction;49149321.0;16836777.0
3509502;Financial;29278091.0;1092474.0
3509502;Government;55478135.0;399264.0
3509502;Manufacturing;132811987.0;15676623.0
3509502;Mining;2387401.0;200600.0
3509502;OtherServices;368975193.0;77637795.0
3509502;RealEstate;8929510.0;4444871.0
3509502;Trade;139700263.0;38157890.0
3509502;Transport;47655708.0;9539551.0
3509502;Unknown;125763441.0;25628774.0
3509502;Utilities;10886076.0;764943.0
3509601;Agriculture;262482.0;44467.0
3509601;Business;764391.0;224498.0
3509601;Construction;3517513.0;1689737.0
3509601;Financial;895864.0;93175.0
3509601;Government;1990766.0;60153.0
3509601;Manufacturing;11732857.0;963586.0
3509601;Mining;52594.0;0.0
3509601;OtherServices;11874920.0;2448820.0
3509601;RealEstate;342981.0;178727.0
3509601;Trade;6250515.0;1933081.0
3509601;Transport;2519854.0;496714.0
3509601;Unknown;2441419.0;595469.0
3509601;Utilities;278792.0;54795.0
3510153;Agriculture;481990.0;33114.0
3510153;Business;21163.0;7321.0
3510153;Construction;135371.0;28457.0
3510153;Financial;2557.0;0.0
3510153;Government;99955.0;0.0
3510153;Manufacturing;143457.0;8611.0
3510153;OtherServices;267662.0;9584.0
3510153;RealEstate;1468.0;0.0
3510153;Trade;110706.0;32333.0
3510153;Transport;106469.0;43417.0
3510153;Unknown;118632.0;4028.0
3510153;Utilities;13277.0;0.0
3510500;Agriculture;340370.0;59789.0
3510500;Business;533418.0;140148.0
3510500;Construction;6841276.0;2774864.0
3510500;Financial;2183316.0;391452.0
3510500;Government;4609409.0;2474.0
3510500;Manufacturing;2273053.0;733848.0
3510500;Mining;1928308.0;0.0
3510500;OtherServices;16151778.0;3670120.0
3510500;RealEstate;422628.0;187913.0
3510500;Trade;9557473.0;2691561.0
3510500;Transport;1820512.0;465501.0
3510500;Unknown;4996896.0;948437.0
3510500;Utilities;796733.0;99074.0
3510609;Agriculture;259466.0;102803.0
3510609;Business;6065667.0;1009352.0
3510609;Construction;14680546.0;5258063.0
3510609;Financial;6228296.0;278250.0
3510609;Government;7982234.0;23662.0
3510609;Manufacturing;23861394.0;2589872.0
3510609;Mining;89280.0;0.0
3510609;OtherServices;57252593.0;9048960.0
3510609;RealEstate;901096.0;351185.0
3510609;Trade;31484884.0;9354462.0
3510609;Transport;15900670.0;3115993.0
3510609;Unknown;23920855.0;4901015.0
3510609;Utilities;1177718.0;86980.0
3511102;Agriculture;2994877.0;1024469.0
3511102;Business;764644.0;264577.0
3511102;Construction;4251847.0;2129004.0
3511102;Financial;1571291.0;123549.0
3511102;Government;4476227.0;18377.0
3511102;Manufacturing;15463586.0;1416023.0
3511102;Mining;100376.0;0.0
3511102;OtherServices;21045645.0;5610834.0
3511102;RealEstate;341358.0;170151.0
3511102;Trade;14762402.0;4261072.0
3511102;Transport;2885424.0;1240799.0
3511102;Unknown;5589626.0;2081238.0
3511102;Utilities;377689.0;105217.0
3511201;Agriculture;1117116.0;84803.0
3511201;Business;7138.0;1842.0
3511201;Construction;115081.0;27327.0
3511201;Financial;36472.0;0.0
3511201;Government;135896.0;0.0
3511201;Manufacturing;1113662.0;20547.0
3511201;OtherServices;468943.0;94806.0
3511201;Trade;500487.0;52766.0
3511201;Transport;112764.0;15091.0
3511201;Unknown;64303.0;0.0
3511201;Utilities;5867.0;0.0
3511300;Agriculture;273275.0;136231.0
3511300;Business;42363.0;8250.0
3511300;Construction;385569.0;154972.0
3511300;Financial;64783.0;0.0
3511300;Government;255715.0;0.0
3511300;Manufacturing;880957.0;150493.0
3511300;Mining;8565.0;0.0
3511300;OtherServices;1346884.0;117297.0
3511300;RealEstate;86354.0;8762.0
3511300;Trade;734876.0;90354.0
3511300;Transport;419155.0;114736.0
3511300;Unknown;194365.0;18608.0
3511300;Utilities;25840.0;74.0
3511706;Agriculture;769329.0;154815.0
3511706;Business;52583.0;3702.0
3511706;Construction;692483.0;315104.0
3511706;Financial;40949.0;0.0
3511706;Government;338470.0;751.0
3511706;Manufacturing;2078211.0;214384.0
3511706;Mining;62665.0;16693.0
3511706;OtherServices;1346134.0;282665.0
3511706;RealEstate;12867.0;0.0
3511706;Trade;1096957.0;266181.0
3511706;Transport;636014.0;112412.0
3511706;Unknown;734731.0;82119.0
3511706;Utilities;88384.0;670.0
3512506;Agriculture;334581.0;202540.0
3512506;Business;10244.0;0.0
3512506;Construction;206629.0;111078.0
3512506;Financial;22793.0;0.0
3512506;Government;220016.0;4016.0
3512506;Manufacturing;724029.0;52967.0
3512506;Mining;10000.0;0.0
3512506;OtherServices;444269.0;95467.0
3512506;Trade;227432.0;56056.0
3512506;Transport;97379.0;19420.0
3512506;Unknown;126175.0;28247.0
3512506;Utilities;32584.0;3457.0
3512803;Agriculture;392693.0;119908.0
3512803;Business;238501.0;52605.0
3512803;Construction;4049646.0;1127389.0
3512803;Financial;499542.0;0.0
3512803;Government;1585771.0;23852.0
3512803;Manufacturing;8609094.0;737631.0
3512803;Mining;914555.0;0.0
3512803;OtherServices;7013509.0;1950995.0
3512803;RealEstate;107489.0;56561.0
3512803;Trade;5185134.0;1821393.0
3512803;Transport;1971726.0;431107.0
3512803;Unknown;5495574.0;735250.0
3512803;Utilities;411147.0;176362.0
3513009;Agriculture;1438844.0;422361.0
3513009;Business;7027989.0;1101541.0
3513009;Construction;9658282.0;4519280.0
3513009;Financial;5951666.0;487468.0
3513009;Government;6498616.0;12340.0
3513009;Manufacturing;23840850.0;3050151.0
3513009;Mining;164769.0;0.0
3513009;OtherServices;51758129.0;11781301.0
3513009;RealEstate;4573568.0;767905.0
3513009;Trade;21118094.0;4925025.0
3513009;Transport;8686984.0;2506101.0
3513009;Unknown;20409408.0;4703926.0
3513009;Utilities;1169903.0;143006.0
3513108;Agriculture;1239090.0;292662.0
3513108;Business;275840.0;69834.0
3513108;Construction;1359565.0;592818.0
3513108;Financial;274331.0;47843.0
3513108;Government;980868.0;26461.0
3513108;Manufacturing;3284877.0;320591.0
3513108;Mining;69035.0;0.0
3513108;OtherServices;4635319.0;886387.0
3513108;RealEstate;7414.0;0.0
3513108;Trade;3094134.0;1065026.0
3513108;Transport;1517917.0;540845.0
3513108;Unknown;1622644.0;317244.0
3513108;Utilities;200822.0;46705.0
3513207;Agriculture;1134251.0;229762.0
3513207;Business;31496.0;6146.0
3513207;Construction;204281.0;112017.0
3513207;Financial;54745.0;0.0
3513207;Government;185375.0;0.0
3513207;Manufacturing;508428.0;67622.0
3513207;OtherServices;801721.0;126103.0
3513207;RealEstate;15389.0;0.0
3513207;Trade;551941.0;299942.0
3513207;Transport;82675.0;39408.0
3513207;Unknown;182178.0;74202.0
3513207;Utilities;22345.0;110.0
3513504;Agriculture;126059.0;30777.0
3513504;Business;507673.0;32772.0
3513504;Construction;6137467.0;748409.0
3513504;Financial;634157.0;61299.0
3513504;Government;4002326.0;26239.0
3513504;Manufacturing;12746408.0;458516.0
3513504;Mining;1179630.0;8299.0
3513504;OtherServices;12293269.0;2023823.0
3513504;RealEstate;207963.0;86830.0
3513504;Trade;5778344.0;1379739.0
3513504;Transport;7068821.0;1923310.0
3513504;Unknown;7025244.0;883750.0
3513504;Utilities;633148.0;21388.0
3513801;Agriculture;211375.0;5061.0
3513801;Business;4208173.0;488850.0
3513801;Construction;9839454.0;3888798.0
3513801;Financial;4084573.0;233401.0
3513801;Government;6175789.0;150325.0
3513801;Manufacturing;54013943.0;3117401.0
3513801;Mining;36449.0;500.0
3513801;OtherServices;53714380.0;8211134.0
3513801;RealEstate;865326.0;274859.0
3513801;Trade;28268179.0;7994749.0
3513801;Transport;12446968.0;3809025.0
3513801;Unknown;26922355.0;3717992.0
3513801;Utilities;1183330.0;252561.0
3514924;Agriculture;318630.0;32237.0
3514924;Business;4367.0;0.0
3514924;Construction;15755.0;12570.0
3514924;Government;120216.0;0.0
3514924;Manufacturing;491809.0;2685.0
3514924;OtherServices;242773.0;32864.0
3514924;Trade;182241.0;59502.0
3514924;Transport;114562.0;76016.0
3514924;Unknown;64201.0;14196.0
3514924;Utilities;2996.0;2996.0
3514957;Agriculture;313107.0;75446.0
3514957;Business;1579.0;0.0
3514957;Construction;59701.0;22995.0
3514957;Government;143440.0;0.0
3514957;Manufacturing;428403.0;3939.0
3514957;OtherServices;113190.0;25898.0
3514957;Trade;111957.0;27643.0
3514957;Transport;25808.0;14221.0
3514957;Unknown;22398.0;6107.0
3514957;Utilities;4845.0;1981.0
3515004;Agriculture;661084.0;171352.0
3515004;Business;1603896.0;304274.0
3515004;Construction;12447770.0;4114351.0
3515004;Financial;1518743.0;90954.0
3515004;Government;3733118.0;18425.0
3515004;Manufacturing;13162442.0;1764096.0
3515004;Mining;173688.0;38276.0
3515004;OtherServices;37915854.0;5010550.0
3515004;RealEstate;1170596.0;223610.0
3515004;Trade;18319860.0;6330346.0
3515004;Transport;7500381.0;1957707.0
3515004;Unknown;13597558.0;2424163.0
3515004;Utilities;525581.0;80653.0
3515103;Agriculture;475162.0;123506.0
3515103;Business;279241.0;114552.0
3515103;Construction;2368559.0;1619649.0
3515103;Financial;517781.0;0.0
3515103;Government;971488.0;4285.0
3515103;Manufacturing;4688381.0;537667.0
3515103;OtherServices;10193994.0;2716164.0
3515103;RealEstate;389893.0;179477.0
3515103;Trade;5052645.0;2714547.0
3515103;Transport;1812494.0;352604.0
3515103;Unknown;5403504.0;1761151.0
3515103;Utilities;139905.0;3746.0
3515129;Agriculture;369811.0;138621.0
3515129;Business;1826.0;0.0
3515129;Construction;76778.0;22886.0
3515129;Financial;19031.0;0.0
3515129;Government;137386.0;0.0
3515129;Manufacturing;115316.0;8321.0
3515129;OtherServices;247688.0;11866.0
3515129;Trade;104771.0;48385.0
3515129;Transport;40039.0;0.0
3515129;Unknown;14193.0;1034.0
3515129;Utilities;1673.0;0.0
3515301;Agriculture;110702.0;32376.0
3515301;Business;3926.0;1504.0
3515301;Construction;362112.0;211053.0
3515301;Financial;5626.0;0.0
3515301;Government;177240.0;0.0
3515301;Manufacturing;274100.0;0.0
3515301;Mining;3119.0;0.0
3515301;OtherServices;140178.0;10935.0
3515301;RealEstate;2575.0;2575.0
3515301;Trade;77314.0;30014.0
3515301;Transport;35992.0;6284.0
3515301;Unknown;13221.0;1945.0
3515301;Utilities;964.0;0.0
3515707;Agriculture;207142.0;83739.0
3515707;Business;1057826.0;273843.0
3515707;Construction;6237712.0;2302979.0
3515707;Financial;1265201.0;0.0
3515707;Government;3698426.0;15201.0
3515707;Manufacturing;12524708.0;1253256.0
3515707;Mining;42841.0;0.0
3515707;OtherServices;20864776.0;2745830.0
3515707;RealEstate;514808.0;82744.0
3515707;Trade;12016313.0;3269300.0
3515707;Transport;4345569.0;921995.0
3515707;Unknown;7139459.0;1238346.0
3515707;Utilities;678084.0;320018.0
3516200;Agriculture;5014750.0;1748144.0
3516200;Business;3462470.0;625848.0
3516200;Construction;11402365.0;4683159.0
3516200;Financial;4868702.0;475009.0
3516200;Government;11464613.0;31977.0
3516200;Manufacturing;58175946.0;9294628.0
3516200;Mining;109559.0;0.0
3516200;OtherServices;47944275.0;12869585.0
3516200;RealEstate;938062.0;422964.0
3516200;Trade;39096437.0;11756253.0
3516200;Transport;4481282.0;1686860.0
3516200;Unknown;10084396.0;3474016.0
3516200;Utilities;1934788.0;174244.0
3516309;Agriculture;87084.0;33941.0
3516309;Business;976789.0;130356.0
3516309;Construction;7344533.0;2281394.0
3516309;Financial;606295.0;4175.0
3516309;Government;2502580.0;0.0
3516309;Manufacturing;7792049.0;644244.0
3516309;Mining;109726.0;0.0
3516309;OtherServices;18316051.0;1837370.0
3516309;RealEstate;146822.0;20092.0
3516309;Trade;9618623.0;2535316.0
3516309;Transport;3976156.0;638723.0
3516309;Unknown;4117731.0;546842.0
3516309;Utilities;559979.0;23784.0
3516408;Agriculture;291186.0;105784.0
3516408;Business;1266343.0;131571.0
3516408;Construction;4791727.0;1864106.0
3516408;Financial;740169.0;0.0
3516408;Government;5769716.0;39149.0
3516408;Manufacturing;9500695.0;2008588.0
3516408;Mining;38386.0;0.0
3516408;OtherServices;18658635.0;1962419.0
3516408;RealEstate;164227.0;0.0
3516408;Trade;8282867.0;2125252.0
3516408;Transport;3597402.0;519460.0
3516408;Unknown;4383615.0;869166.0
3516408;Utilities;468513.0;12171.0
3516853;Agriculture;550548.0;35714.0
3516853;Business;4920.0;1344.0
3516853;Construction;121294.0;22717.0
3516853;Financial;7518.0;0.0
3516853;Government;149494.0;0.0
3516853;Manufacturing;443814.0;8168.0
3516853;Mining;13755.0;0.0
3516853;OtherServices;241035.0;45811.0
3516853;RealEstate;6117.0;0.0
3516853;Trade;167963.0;39820.0
3516853;Transport;34139.0;2958.0
3516853;Unknown;194569.0;14941.0
3516853;Utilities;19156.0;1036.0
3517505;Agriculture;1377597.0;528422.0
3517505;Business;88889.0;36151.0
3517505;Construction;946453.0;486114.0
3517505;Financial;167815.0;0.0
3517505;Government;445578.0;26459.0
3517505;Manufacturing;1519070.0;177047.0
3517505;Mining;23394.0;16747.0
3517505;OtherServices;2346742.0;464158.0
3517505;RealEstate;35158.0;0.0
3517505;Trade;1361502.0;383438.0
3517505;Transport;537983.0;182009.0
3517505;Unknown;1134307.0;230078.0
3517505;Utilities;15472.0;960.0
3518404;Agriculture;1337472.0;595409.0
3518404;Business;875428.0;364866.0
3518404;Construction;4191816.0;1632256.0
3518404;Financial;1447630.0;66678.0
3518404;Government;11572548.0;7744.0
3518404;Manufacturing;7158165.0;1194969.0
3518404;Mining;179088.0;0.0
3518404;OtherServices;25990011.0;6212830.0
3518404;RealEstate;248718.0;21752.0
3518404;Trade;10235324.0;2511259.0
3518404;Transport;2361016.0;640575.0
3518404;Unknown;2767043.0;558217.0
3518404;Utilities;689495.0;31104.0
3518701;Agriculture;2062341.0;750788.0
3518701;Business;1301289.0;164347.0
3518701;Construction;13333722.0;5014973.0
3518701;Financial;2128762.0;159452.0
3518701;Government;12310575.0;220918.0
3518701;Manufacturing;9455909.0;2115587.0
3518701;Mining;1159447.0;167353.0
3518701;OtherServices;49759167.0;7759616.0
3518701;RealEstate;4140062.0;926187.0
3518701;Trade;22864104.0;7020450.0
3518701;Transport;14343308.0;2898684.0
3518701;Unknown;13160129.0;2277631.0
3518701;Utilities;973082.0;147390.0
3518800;Agriculture;1063226.0;392845.0
3518800;Business;19377780.0;4247798.0
3518800;Construction;37381055.0;15566666.0
3518800;Financial;21245283.0;1623763.0
3518800;Government;47606891.0;926503.0
3518800;Manufacturing;127664561.0;18051415.0
3518800;Mining;997656.0;69568.0
3518800;OtherServices;218879270.0;45374018.0
3518800;RealEstate;5704440.0;2128493.0
3518800;Trade;115201229.0;33634755.0
3518800;Transport;75919379.0;19989494.0
3518800;Unknown;66780435.0;10061462.0
3518800;Utilities;6952437.0;910349.0
3519071;Agriculture;613068.0;193994.0
3519071;Business;1963231.0;257712.0
3519071;Construction;9529342.0;4329482.0
3519071;Financial;834152.0;103719.0
3519071;Government;4783129.0;27649.0
3519071;Manufacturing;19120336.0;1519662.0
3519071;Mining;79497.0;0.0
3519071;OtherServices;26595166.0;3788381.0
3519071;RealEstate;400558.0;69624.0
3519071;Trade;14830727.0;5026159.0
3519071;Transport;7677801.0;1688325.0
3519071;Unknown;12047788.0;1765440.0
3519071;Utilities;1043530.0;193553.0
3519303;Agriculture;1473240.0;222966.0
3519303;Business;34823.0;1065.0
3519303;Construction;1122876.0;567273.0
3519303;Financial;166090.0;23333.0
3519303;Government;478540.0;0.0
3519303;Manufacturing;3048380.0;130299.0
3519303;OtherServices;2101381.0;218671.0
3519303;RealEstate;30633.0;0.0
3519303;Trade;1303560.0;390576.0
3519303;Transport;953493.0;172789.0
3519303;Unknown;1487458.0;161297.0
3519303;Utilities;55131.0;3958.0
3520400;Agriculture;258831.0;210775.0
3520400;Business;202369.0;70962.0
3520400;Construction;2105007.0;1313837.0
3520400;Financial;28042.0;0.0
3520400;Government;1906557.0;13956.0
3520400;Manufacturing;420156.0;215028.0
3520400;Mining;55863.0;0.0
3520400;OtherServices;6555103.0;1152544.0
3520400;RealEstate;417302.0;180635.0
3520400;Trade;2364721.0;422389.0
3520400;Transport;448215.0;77036.0
3520400;Unknown;1125882.0;442206.0
3520400;Utilities;89222.0;4220.0
3520509;Agriculture;3635792.0;578934.0
3520509;Business;3206779.0;374733.0
3520509;Construction;11484992.0;5491442.0
3520509;Financial;2615008.0;54939.0
3520509;Government;5810020.0;70133.0
3520509;Manufacturing;47294354.0;3100074.0
3520509;Mining;281811.0;0.0
3520509;OtherServices;37693918.0;8517093.0
3520509;RealEstate;2227203.0;869862.0
3520509;Trade;23863846.0;6461399.0
3520509;Transport;8180270.0;2346139.0
3520509;Unknown;18545890.0;3261940.0
3520509;Utilities;2150770.0;98376.0
3520608;Agriculture;223231.0;140844.0
3520608;Business;35861.0;29322.0
3520608;Construction;167413.0;68863.0
3520608;Financial;20783.0;8903.0
3520608;Government;307108.0;0.0
3520608;Manufacturing;473913.0;44472.0
3520608;Mining;1347.0;0.0
3520608;OtherServices;415438.0;50870.0
3520608;RealEstate;3328.0;3328.0
3520608;Trade;548491.0;182817.0
3520608;Transport;113087.0;28640.0
3520608;Unknown;58423.0;29296.0
3520608;Utilities;15718.0;0.0
3521101;Agriculture;561163.0;348048.0
3521101;Business;10553.0;0.0
3521101;Construction;215633.0;104140.0
3521101;Financial;43002.0;10750.0
3521101;Government;158625.0;0.0
3521101;Manufacturing;1047927.0;149583.0
3521101;Mining;60967.0;0.0
3521101;OtherServices;498052.0;122920.0
3521101;RealEstate;8229.0;4657.0
3521101;Trade;497668.0;244812.0
3521101;Transport;165098.0;93193.0
3521101;Unknown;270796.0;88970.0
3521101;Utilities;39017.0;3148.0
3521150;Agriculture;268759.0;79419.0
3521150;Business;8651.0;0.0
3521150;Construction;237903.0;75035.0
3521150;Financial;11425.0;0.0
3521150;Government;136289.0;0.0
3521150;Manufacturing;312085.0;45879.0
3521150;OtherServices;358503.0;70301.0
3521150;RealEstate;19580.0;0.0
3521150;Trade;375490.0;136983.0
3521150;Transport;104187.0;6304.0
3521150;Unknown;30247.0;4529.0
3521150;Utilities;19417.0;4612.0
3521408;Agriculture;413059.0;137817.0
3521408;Business;148440.0;57243.0
3521408;Construction;734910.0;305129.0
3521408;Financial;157207.0;0.0
3521408;Government;346091.0;5221.0
3521408;Manufacturing;3481429.0;157756.0
3521408;Mining;35146.0;0.0
3521408;OtherServices;1868290.0;458205.0
3521408;RealEstate;64303.0;61380.0
3521408;Trade;1304356.0;321999.0
3521408;Transport;1105639.0;377780.0
3521408;Unknown;1665893.0;159561.0
3521408;Utilities;55742.0;0.0
3522109;Agriculture;300090.0;90696.0
3522109;Business;287240.0;77805.0
3522109;Construction;5183102.0;2990555.0
3522109;Financial;404843.0;39161.0
3522109;Government;4426286.0;51396.0
3522109;Manufacturing;1584272.0;787855.0
3522109;Mining;115366.0;0.0
3522109;OtherServices;10749557.0;2305226.0
3522109;RealEstate;896287.0;697060.0
3522109;Trade;8427011.0;2877342.0
3522109;Transport;1320707.0;458547.0
3522109;Unknown;1172692.0;491115.0
3522109;Utilities;836706.0;63845.0
3522208;Agriculture;514558.0;134992.0
3522208;Business;1346781.0;419922.0
3522208;Construction;6515876.0;2440428.0
3522208;Financial;1354726.0;388759.0
3522208;Government;2509867.0;2466.0
3522208;Manufacturing;8676709.0;1287716.0
3522208;Mining;78166.0;8863.0
3522208;OtherServices;25189409.0;4035539.0
3522208;RealEstate;876406.0;82317.0
3522208;Trade;10871637.0;3652095.0
3522208;Transport;5631202.0;1708150.0
3522208;Unknown;6100425.0;1833633.0
3522208;Utilities;475404.0;25490.0
3522307;Agriculture;5151951.0;1183153.0
3522307;Business;595939.0;130304.0
3522307;Construction;4752635.0;2238451.0
3522307;Financial;1641229.0;217347.0
3522307;Government;8314963.0;0.0
3522307;Manufacturing;8830006.0;833636.0
3522307;Mining;37530.0;0.0
3522307;OtherServices;20859334.0;5367271.0
3522307;RealEstate;271796.0;88671.0
3522307;Trade;11984288.0;3026966.0
3522307;Transport;4529591.0;1235638.0
3522307;Unknown;4780126.0;1081619.0
3522307;Utilities;987686.0;31118.0
3522505;Agriculture;277875.0;128928.0
3522505;Business;1601452.0;82025.0
3522505;Construction;9441538.0;3393204.0
3522505;Financial;1927576.0;53349.0
3522505;Government;4050759.0;9393.0
3522505;Manufacturing;11525225.0;1047411.0
3522505;Mining;154602.0;7267.0
3522505;OtherServices;25020884.0;3290670.0
3522505;RealEstate;249583.0;117989.0
3522505;Trade;12466560.0;3382859.0
3522505;Transport;6843042.0;1377034.0
3522505;Unknown;10554546.0;1127871.0
3522505;Utilities;586711.0;51031.0
3523107;Agriculture;527982.0;104753.0
3523107;Business;1413407.0;140366.0
3523107;Construction;11484944.0;4553282.0
3523107;Financial;1026606.0;101677.0
3523107;Government;4633122.0;42661.0
3523107;Manufacturing;26460823.0;2451402.0
3523107;Mining;192323.0;0.0
3523107;OtherServices;30912074.0;4588188.0
3523107;RealEstate;1149981.0;424067.0
3523107;Trade;19753018.0;6238396.0
3523107;Transport;8395782.0;1757071.0
3523107;Unknown;14028590.0;2162158.0
3523107;Utilities;1407222.0;421595.0
3523404;Agriculture;1747753.0;816614.0
3523404;Business;1705202.0;365481.0
3523404;Construction;5962447.0;2491945.0
3523404;Financial;1743714.0;398718.0
3523404;Government;2997867.0;12726.0
3523404;Manufacturing;20696722.0;1286960.0
3523404;Mining;130880.0;7975.0
3523404;OtherServices;21819694.0;5124953.0
3523404;RealEstate;609986.0;431490.0
3523404;Trade;12005516.0;3550236.0
3523404;Transport;3946502.0;620888.0
3523404;Unknown;6301925.0;1540286.0
3523404;Utilities;800965.0;48205.0
3523701;Agriculture;654317.0;103747.0
3523701;Business;11895.0;3999.0
3523701;Construction;98935.0;34507.0
3523701;Financial;11559.0;0.0
3523701;Government;118379.0;0.0
3523701;Manufacturing;264473.0;9731.0
3523701;OtherServices;432715.0;47470.0
3523701;RealEstate;2382.0;0.0
3523701;Trade;241441.0;74799.0
3523701;Transport;32682.0;6198.0
3523701;Unknown;69345.0;15422.0
3523701;Utilities;5739.0;0.0
3523909;Agriculture;1690257.0;320743.0
3523909;Business;1951528.0;538501.0
3523909;Construction;8024258.0;4668532.0
3523909;Financial;2282711.0;46370.0
3523909;Government;4977258.0;5970.0
3523909;Manufacturing;26994056.0;1688726.0
3523909;Mining;407632.0;16962.0
3523909;OtherServices;33738563.0;8461523.0
3523909;RealEstate;932937.0;657947.0
3523909;Trade;16183241.0;4227363.0
3523909;Transport;5120512.0;1807467.0
3523909;Unknown;10470310.0;2073112.0
3523909;Utilities;559540.0;47826.0
3524006;Agriculture;1199487.0;300019.0
3524006;Business;469566.0;140121.0
3524006;Construction;2344498.0;1276621.0
3524006;Financial;225502.0;78787.0
3524006;Government;784609.0;0.0
3524006;Manufacturing;10898811.0;582902.0
3524006;Mining;112801.0;7037.0
3524006;OtherServices;5962652.0;1173822.0
3524006;RealEstate;173021.0;109989.0
3524006;Trade;4323892.0;1455793.0
3524006;Transport;2125330.0;489997.0
3524006;Unknown;2640792.0;414820.0
3524006;Utilities;151631.0;0.0
3524402;Agriculture;1157238.0;394735.0
3524402;Business;3197859.0;576070.0
3524402;Construction;9186256.0;3401359.0
3524402;Financial;2232847.0;124604.0
3524402;Government;8136373.0;62533.0
3524402;Manufacturing;32593945.0;1620742.0
3524402;Mining;979120.0;0.0
3524402;OtherServices;34336651.0;6776070.0
3524402;RealEstate;904985.0;518417.0
3524402;Trade;18321536.0;4399771.0
3524402;Transport;7293370.0;1933295.0
3524402;Unknown;5927654.0;1524883.0
3524402;Utilities;1228894.0;129423.0
3524501;Agriculture;194450.0;17946.0
3524501;Business;14355.0;4340.0
3524501;Construction;134266.0;49921.0
3524501;Financial;8104.0;0.0
3524501;Government;136427.0;0.0
3524501;Manufacturing;1017357.0;24132.0
3524501;OtherServices;589845.0;99942.0
3524501;Trade;346745.0;132314.0
3524501;Transport;217359.0;41768.0
3524501;Unknown;49702.0;23179.0
3524501;Utilities;14794.0;0.0
3524907;Agriculture;192518.0;28363.0
3524907;Business;3369.0;0.0
3524907;Construction;272442.0;106706.0
3524907;Financial;24947.0;0.0
3524907;Government;349135.0;1789.0
3524907;Manufacturing;836048.0;25812.0
3524907;Mining;19376.0;0.0
3524907;OtherServices;525004.0;41358.0
3524907;RealEstate;1589.0;0.0
3524907;Trade;301771.0;51111.0
3524907;Transport;73502.0;30127.0
3524907;Unknown;295476.0;72008.0
3524907;Utilities;30223.0;0.0
3525003;Agriculture;81749.0;52494.0
3525003;Business;2301594.0;260225.0
3525003;Construction;4896334.0;2043928.0
3525003;Financial;3377763.0;256238.0
3525003;Government;2730548.0;74749.0
3525003;Manufacturing;12057882.0;1085490.0
3525003;Mining;197690.0;0.0
3525003;OtherServices;20622646.0;3139398.0
3525003;RealEstate;263060.0;93507.0
3525003;Trade;9876008.0;2944918.0
3525003;Transport;5682332.0;1342801.0
3525003;Unknown;6565055.0;1256612.0
3525003;Utilities;688085.0;59971.0
3525102;Agriculture;1685563.0;724649.0
3525102;Business;224615.0;11398.0
3525102;Construction;1510036.0;715167.0
3525102;Financial;145696.0;0.0
3525102;Government;3378482.0;0.0
3525102;Manufacturing;2346225.0;173133.0
3525102;Mining;15010.0;0.0
3525102;OtherServices;4808489.0;953722.0
3525102;RealEstate;16343.0;0.0
3525102;Trade;3020849.0;945460.0
3525102;Transport;1260476.0;268486.0
3525102;Unknown;1478955.0;401783.0
3525102;Utilities;54789.0;7165.0
3525201;Agriculture;917374.0;195209.0
3525201;Business;406570.0;221899.0
3525201;Construction;971074.0;507728.0
3525201;Financial;101475.0;0.0
3525201;Government;455005.0;0.0
3525201;Manufacturing;2409480.0;124346.0
3525201;OtherServices;3372460.0;678030.0
3525201;RealEstate;195767.0;195767.0
3525201;Trade;2074493.0;615685.0
3525201;Transport;951611.0;92868.0
3525201;Unknown;1077103.0;150436.0
3525201;Utilities;26107.0;1585.0
3525300;Agriculture;1829983.0;557766.0
3525300;Business;1219983.0;278217.0
3525300;Construction;5625002.0;3242297.0
3525300;Financial;1438024.0;135556.0
3525300;Government;7421622.0;43535.0
3525300;Manufacturing;24137495.0;2729307.0
3525300;Mining;57465.0;0.0
3525300;OtherServices;22982036.0;5679181.0
3525300;RealEstate;908151.0;204770.0
3525300;Trade;16129628.0;4174345.0
3525300;Transport;3191712.0;1096008.0
3525300;Unknown;3284976.0;845865.0
3525300;Utilities;484638.0;105998.0
3525904;Agriculture;3254895.0;1105720.0
3525904;Business;13542866.0;3562191.0
3525904;Construction;14287409.0;5923145.0
3525904;Financial;12150784.0;1267435.0
3525904;Government;21316849.0;71584.0
3525904;Manufacturing;85426620.0;6960788.0
3525904;Mining;247629.0;31183.0
3525904;OtherServices;105510549.0;31675714.0
3525904;RealEstate;2843116.0;1613665.0
3525904;Trade;54800422.0;14878022.0
3525904;Transport;23332010.0;5511177.0
3525904;Unknown;25184086.0;6141350.0
3525904;Utilities;3835099.0;323647.0
3526902;Agriculture;3825977.0;1384867.0
3526902;Business;2386243.0;471521.0
3526902;Construction;11907415.0;5376062.0
3526902;Financial;2714975.0;483367.0
3526902;Government;5578659.0;56234.0
3526902;Manufacturing;46110936.0;5814008.0
3526902;Mining;119469.0;0.0
3526902;OtherServices;47365694.0;12388626.0
3526902;RealEstate;1040946.0;585555.0
3526902;Trade;34362172.0;10263786.0
3526902;Transport;9525808.0;3370028.0
3526902;Unknown;15841818.0;4441031.0
3526902;Utilities;892503.0;115449.0
3527306;Agriculture;924467.0;267496.0
3527306;Business;485075.0;130178.0
3527306;Construction;1373327.0;800768.0
3527306;Financial;352694.0;0.0
3527306;Government;1418032.0;0.0
3527306;Manufacturing;8185102.0;412250.0
3527306;Mining;16603.0;7790.0
3527306;OtherServices;8252279.0;1202251.0
3527306;RealEstate;189320.0;126152.0
3527306;Trade;4024304.0;777335.0
3527306;Transport;3561032.0;380823.0
3527306;Unknown;1414185.0;199007.0
3527306;Utilities;325195.0;25302.0
3528403;Agriculture;525387.0;81940.0
3528403;Business;189469.0;6749.0
3528403;Construction;1837778.0;1014799.0
3528403;Financial;282861.0;27106.0
3528403;Government;1112037.0;18260.0
3528403;Manufacturing;5211599.0;379154.0
3528403;Mining;27797.0;0.0
3528403;OtherServices;5168282.0;686968.0
3528403;RealEstate;62349.0;29238.0
3528403;Trade;2222784.0;790206.0
3528403;Transport;1350837.0;397763.0
3528403;Unknown;2873850.0;318042.0
3528403;Utilities;121703.0;3903.0
3528502;Agriculture;413255.0;100337.0
3528502;Business;1714273.0;597523.0
3528502;Construction;4642324.0;2104432.0
3528502;Financial;1672015.0;220303.0
3528502;Government;3365509.0;100163.0
3528502;Manufacturing;7433948.0;1586954.0
3528502;Mining;197220.0;0.0
3528502;OtherServices;18699630.0;5516361.0
3528502;RealEstate;313097.0;214494.0
3528502;Trade;9410704.0;3238055.0
3528502;Transport;2791227.0;626713.0
3528502;Unknown;7377400.0;2452554.0
3528502;Utilities;461821.0;32876.0
3528858;Agriculture;235599.0;93511.0
3528858;Business;8786.0;7663.0
3528858;Construction;230289.0;54410.0
3528858;Financial;15536.0;0.0
3528858;Government;57016.0;0.0
3528858;Manufacturing;259599.0;24797.0
3528858;OtherServices;190197.0;20668.0
3528858;Trade;303373.0;120345.0
3528858;Transport;34899.0;5288.0
3528858;Unknown;45023.0;782.0
3528858;Utilities;9909.0;200.0
3529005;Agriculture;4662910.0;1213647.0
3529005;Business;2581103.0;458096.0
3529005;Construction;8856848.0;3951567.0
3529005;Financial;4318514.0;433216.0
3529005;Government;16093549.0;92903.0
3529005;Manufacturing;17145587.0;2301472.0
3529005;Mining;21637.0;0.0
3529005;OtherServices;47500443.0;10841109.0
3529005;RealEstate;1810917.0;607427.0
3529005;Trade;27769676.0;8203070.0
3529005;Transport;5157919.0;1874552.0
3529005;Unknown;7254240.0;2461214.0
3529005;Utilities;1499744.0;108072.0
3529401;Agriculture;647320.0;76442.0
3529401;Business;3698393.0;765351.0
3529401;Construction;14600491.0;5739201.0
3529401;Financial;3635429.0;131091.0
3529401;Government;7045875.0;110072.0
3529401;Manufacturing;61997745.0;3893944.0
3529401;Mining;669510.0;0.0
3529401;OtherServices;53282777.0;7986583.0
3529401;RealEstate;1226599.0;394904.0
3529401;Trade;34515160.0;8614490.0
3529401;Transport;11753710.0;2855482.0
3529401;Unknown;18973931.0;2601443.0
3529401;Utilities;2194321.0;169526.0
3530300;Agriculture;816791.0;344073.0
3530300;Business;221905.0;20562.0
3530300;Construction;1818322.0;927244.0
3530300;Financial;716322.0;20852.0
3530300;Government;1649863.0;0.0
3530300;Manufacturing;6638688.0;756260.0
3530300;Mining;7128.0;0.0
3530300;OtherServices;8565257.0;1750584.0
3530300;RealEstate;129586.0;100222.0
3530300;Trade;5279510.0;1570593.0
3530300;Transport;1121443.0;207895.0
3530300;Unknown;3563009.0;810327.0
3530300;Utilities;124364.0;15382.0
3530409;Agriculture;334211.0;168365.0
3530409;Business;11676.0;0.0
3530409;Construction;158499.0;81867.0
3530409;Financial;19200.0;0.0
3530409;Government;120474.0;0.0
3530409;Manufacturing;379482.0;36177.0
3530409;OtherServices;462247.0;107804.0
3530409;Trade;371985.0;85964.0
3530409;Transport;37624.0;0.0
3530409;Unknown;48703.0;9261.0
3530409;Utilities;13643.0;0.0
3530607;Agriculture;7278335.0;3141822.0
3530607;Business;7018709.0;1155324.0
3530607;Construction;18120406.0;8242468.0
3530607;Financial;4575833.0;389753.0
3530607;Government;15774404.0;124686.0
3530607;Manufacturing;45261662.0;4150044.0
3530607;Mining;854854.0;0.0
3530607;OtherServices;78218613.0;16407395.0
3530607;RealEstate;2731293.0;877097.0
3530607;Trade;38427937.0;13008476.0
3530607;Transport;11427655.0;3023307.0
3530607;Unknown;21726218.0;4244816.0
3530607;Utilities;4076993.0;253835.0
3530706;Agriculture;3687001.0;782786.0
3530706;Business;823912.0;105110.0
3530706;Construction;5139514.0;2396144.0
3530706;Financial;1513304.0;94558.0
3530706;Government;3487467.0;20685.0
3530706;Manufacturing;20485812.0;1315999.0
3530706;Mining;234327.0;0.0
3530706;OtherServices;17851441.0;3711051.0
3530706;RealEstate;759037.0;486589.0
3530706;Trade;12170017.0;2875685.0
3530706;Transport;4214063.0;1006216.0
3530706;Unknown;6774570.0;839517.0
3530706;Utilities;712401.0;91932.0
3530805;Agriculture;3025687.0;902664.0
3530805;Business;590074.0;212610.0
3530805;Construction;2896482.0;1531337.0
3530805;Financial;1259511.0;52602.0
3530805;Government;3134239.0;0.0
3530805;Manufacturing;12648221.0;2089054.0
3530805;Mining;182499.0;0.0
3530805;OtherServices;13877717.0;3663907.0
3530805;RealEstate;274700.0;115879.0
3530805;Trade;9917788.0;2874302.0
3530805;Transport;2150590.0;580353.0
3530805;Unknown;5916817.0;873723.0
3530805;Utilities;679649.0;62686.0
3531100;Agriculture;68793.0;45400.0
3531100;Business;326548.0;90362.0
3531100;Construction;2082336.0;1100893.0
3531100;Financial;178414.0;10254.0
3531100;Government;2054110.0;8204.0
3531100;Manufacturing;994939.0;362154.0
3531100;Mining;66717.0;0.0
3531100;OtherServices;5944310.0;1001056.0
3531100;RealEstate;542294.0;387333.0
3531100;Trade;3606207.0;1427700.0
3531100;Transport;1205596.0;512473.0
3531100;Unknown;535228.0;209326.0
3531100;Utilities;202503.0;64908.0
3531704;Agriculture;191670.0;35517.0
3531704;Business;48346.0;17507.0
3531704;Construction;113421.0;72349.0
3531704;Financial;404.0;0.0
3531704;Government;172067.0;0.0
3531704;Manufacturing;115430.0;24489.0
3531704;Mining;1721.0;0.0
3531704;OtherServices;589083.0;105389.0
3531704;RealEstate;1708.0;0.0
3531704;Trade;215955.0;57319.0
3531704;Transport;75297.0;25084.0
3531704;Unknown;59852.0;10540.0
3531704;Utilities;34439.0;0.0
3531803;Agriculture;1171790.0;366866.0
3531803;Business;152225.0;17257.0
3531803;Construction;2412653.0;1018278.0
3531803;Financial;300573.0;51134.0
3531803;Government;1060666.0;0.0
3531803;Manufacturing;5618822.0;552123.0
3531803;Mining;46401.0;0.0
3531803;OtherServices;6292201.0;1000821.0
3531803;RealEstate;190514.0;74549.0
3531803;Trade;3648140.0;1275717.0
3531803;Transport;1273866.0;264309.0
3531803;Unknown;2531441.0;350669.0
3531803;Utilities;427858.0;30674.0
3532207;Agriculture;147758.0;56024.0
3532207;Construction;62912.0;39668.0
3532207;Financial;3984.0;0.0
3532207;Government;172275.0;0.0
3532207;Manufacturing;612513.0;20123.0
3532207;Mining;83445.0;10405.0
3532207;OtherServices;239725.0;30668.0
3532207;Trade;124631.0;39238.0
3532207;Transport;51670.0;13874.0
3532207;Unknown;79629.0;6048.0
3532207;Utilities;9773.0;2680.0
3532504;Agriculture;696657.0;429126.0
3532504;Business;19780.0;0.0
3532504;Construction;463385.0;263021.0
3532504;Financial;85339.0;0.0
3532504;Government;281319.0;12253.0
3532504;Manufacturing;967240.0;97202.0
3532504;Mining;21584.0;6141.0
3532504;OtherServices;1197911.0;206461.0
3532504;RealEstate;5006.0;5006.0
3532504;Trade;454143.0;100384.0
3532504;Transport;359714.0;268436.0
3532504;Unknown;322466.0;101192.0
3532504;Utilities;43843.0;209.0
3532801;Agriculture;377727.0;137677.0
3532801;Business;4984.0;0.0
3532801;Construction;253689.0;149633.0
3532801;Financial;58573.0;0.0
3532801;Government;178482.0;0.0
3532801;Manufacturing;502405.0;46454.0
3532801;OtherServices;729330.0;76826.0
3532801;RealEstate;40088.0;18089.0
3532801;Trade;362636.0;87831.0
3532801;Transport;130986.0;50458.0
3532801;Unknown;97004.0;18783.0
3532801;Utilities;31672.0;5458.0
3533254;Agriculture;497985.0;49733.0
3533254;Business;2216.0;0.0
3533254;Construction;55947.0;27978.0
3533254;Financial;5198.0;0.0
3533254;Government;93715.0;0.0
3533254;Manufacturing;1019812.0;59291.0
3533254;OtherServices;213562.0;10673.0
3533254;Trade;144620.0;61542.0
3533254;Transport;429508.0;124420.0
3533254;Unknown;60258.0;17749.0
3533254;Utilities;10289.0;0.0
3533403;Agriculture;232508.0;104774.0
3533403;Business;867547.0;260959.0
3533403;Construction;2073148.0;1155482.0
3533403;Financial;796177.0;61551.0
3533403;Government;1867246.0;7275.0
3533403;Manufacturing;8964526.0;563635.0
3533403;Mining;14198.0;0.0
3533403;OtherServices;7100025.0;1553246.0
3533403;RealEstate;52008.0;0.0
3533403;Trade;5289325.0;2445404.0
3533403;Transport;1615896.0;447446.0
3533403;Unknown;4931512.0;1108615.0
3533403;Utilities;115707.0;27471.0
3534104;Agriculture;241265.0;22770.0
3534104;Business;8120.0;0.0
3534104;Construction;133398.0;64307.0
3534104;Financial;59976.0;1929.0
3534104;Government;280551.0;5466.0
3534104;Manufacturing;730691.0;33270.0
3534104;OtherServices;663673.0;83292.0
3534104;RealEstate;27773.0;23960.0
3534104;Trade;467021.0;119036.0
3534104;Transport;84223.0;40786.0
3534104;Unknown;193645.0;29544.0
3534104;Utilities;7281.0;0.0
3534401;Agriculture;2013243.0;1306366.0
3534401;Business;29905053.0;3418453.0
3534401;Construction;21052517.0;6820638.0
3534401;Financial;41738583.0;1736173.0
3534401;Government;22362782.0;371098.0
3534401;Manufacturing;54040878.0;7190485.0
3534401;Mining;40350.0;0.0
3534401;OtherServices;127554969.0;24313043.0
3534401;RealEstate;4058186.0;2253138.0
3534401;Trade;80194962.0;19626498.0
3534401;Transport;32614772.0;7761900.0
3534401;Unknown;47629308.0;7421668.0
3534401;Utilities;3927522.0;588756.0
3534708;Agriculture;2426808.0;328922.0
3534708;Business;729165.0;288524.0
3534708;Construction;3664032.0;1616204.0
3534708;Financial;1252399.0;31614.0
3534708;Government;6549165.0;260232.0
3534708;Manufacturing;9295387.0;862961.0
3534708;Mining;246588.0;0.0
3534708;OtherServices;16570044.0;4066320.0
3534708;RealEstate;356153.0;134936.0
3534708;Trade;12521996.0;2068453.0
3534708;Transport;3378661.0;1315083.0
3534708;Unknown;2872821.0;947417.0
3534708;Utilities;2579962.0;73572.0
3536307;Agriculture;1005098.0;239958.0
3536307;Business;15261.0;0.0
3536307;Construction;321670.0;109008.0
3536307;Financial;9002.0;0.0
3536307;Government;296335.0;0.0
3536307;Manufacturing;1545501.0;208099.0
3536307;OtherServices;1422079.0;197959.0
3536307;Trade;587093.0;94005.0
3536307;Transport;405106.0;318178.0
3536307;Unknown;253859.0;88509.0
3536307;Utilities;52314.0;20717.0
3536505;Agriculture;1756207.0;498354.0
3536505;Business;1821193.0;389467.0
3536505;Construction;4795821.0;1812183.0
3536505;Financial;1272241.0;122236.0
3536505;Government;6935723.0;2208.0
3536505;Manufacturing;12754662.0;769450.0
3536505;Mining;1258416.0;0.0
3536505;OtherServices;20051511.0;4179109.0
3536505;RealEstate;328734.0;129994.0
3536505;Trade;11786779.0;2801038.0
3536505;Transport;5649723.0;2001356.0
3536505;Unknown;7066793.0;1138363.0
3536505;Utilities;1232051.0;164063.0
3538006;Agriculture;1536585.0;272945.0
3538006;Business;864889.0;257738.0
3538006;Construction;6117209.0;2660933.0
3538006;Financial;1336767.0;253500.0
3538006;Government;6955213.0;47450.0
3538006;Manufacturing;23283249.0;1260565.0
3538006;Mining;340675.0;68918.0
3538006;OtherServices;22185783.0;5092715.0
3538006;RealEstate;450765.0;230910.0
3538006;Trade;15984684.0;3142758.0
3538006;Transport;4811524.0;1541780.0
3538006;Unknown;2758984.0;702102.0
3538006;Utilities;1325528.0;74948.0
3538105;Agriculture;914439.0;205747.0
3538105;Business;83015.0;0.0
3538105;Construction;332225.0;209435.0
3538105;Financial;82771.0;0.0
3538105;Government;396206.0;0.0
3538105;Manufacturing;2339326.0;105395.0
3538105;Mining;705.0;0.0
3538105;OtherServices;1663234.0;307019.0
3538105;RealEstate;9072.0;0.0
3538105;Trade;937223.0;231044.0
3538105;Transport;203720.0;57913.0
3538105;Unknown;443800.0;63094.0
3538105;Utilities;42943.0;0.0
3538709;Agriculture;4629389.0;1580600.0
3538709;Business;3678685.0;966198.0
3538709;Construction;17598801.0;7696781.0
3538709;Financial;6417542.0;662625.0
3538709;Government;18915762.0;168439.0
3538709;Manufacturing;57080170.0;5356435.0
3538709;Mining;292526.0;0.0
3538709;OtherServices;84770020.0;19256632.0
3538709;RealEstate;2649203.0;1306317.0
3538709;Trade;48113915.0;13335591.0
3538709;Transport;11024578.0;3314378.0
3538709;Unknown;22912413.0;5731869.0
3538709;Utilities;2280380.0;281646.0
3539103;Agriculture;106734.0;32538.0
3539103;Business;109518.0;25525.0
3539103;Construction;584069.0;178243.0
3539103;Financial;89762.0;0.0
3539103;Government;704250.0;7804.0
3539103;Manufacturing;842999.0;41040.0
3539103;Mining;151422.0;28340.0
3539103;OtherServices;2448466.0;265923.0
3539103;Trade;834866.0;220339.0
3539103;Transport;226634.0;77801.0
3539103;Unknown;478227.0;78578.0
3539103;Utilities;146637.0;0.0
3539202;Agriculture;695711.0;443344.0
3539202;Business;15692.0;0.0
3539202;Construction;1361043.0;338188.0
3539202;Financial;180789.0;31516.0
3539202;Government;902314.0;0.0
3539202;Manufacturing;2176993.0;158280.0
3539202;Mining;40640.0;0.0
3539202;OtherServices;2921034.0;474777.0
3539202;RealEstate;12688.0;0.0
3539202;Trade;2747344.0;1089816.0
3539202;Transport;596630.0;169189.0
3539202;Unknown;467534.0;90377.0
3539202;Utilities;218861.0;30658.0
3539400;Agriculture;479380.0;107365.0
3539400;Business;131983.0;15748.0
3539400;Construction;790485.0;175596.0
3539400;Financial;201357.0;27851.0
3539400;Government;743501.0;0.0
3539400;Manufacturing;733744.0;108309.0
3539400;OtherServices;2164641.0;477380.0
3539400;RealEstate;26413.0;11752.0
3539400;Trade;1460469.0;509152.0
3539400;Transport;396977.0;136757.0
3539400;Unknown;178352.0;91379.0
3539400;Utilities;61400.0;3923.0
3539806;Agriculture;87037.0;29979.0
3539806;Business;1228673.0;210556.0
3539806;Construction;3294607.0;1240119.0
3539806;Financial;1132412.0;92778.0
3539806;Government;3694786.0;0.0
3539806;Manufacturing;9609724.0;1021606.0
3539806;Mining;17916.0;0.0
3539806;OtherServices;17146457.0;2673093.0
3539806;RealEstate;887136.0;264957.0
3539806;Trade;8504788.0;2732869.0
3539806;Transport;3003533.0;493667.0
3539806;Unknown;3712008.0;705730.0
3539806;Utilities;585288.0;39787.0
3540754;Agriculture;46818.0;40834.0
3540754;Business;75177.0;0.0
3540754;Construction;717926.0;258224.0
3540754;Financial;15839.0;0.0
3540754;Government;409966.0;0.0
3540754;Manufacturing;786880.0;277260.0
3540754;Mining;30791.0;0.0
3540754;OtherServices;1612511.0;208297.0
3540754;RealEstate;8105.0;0.0
3540754;Trade;1535516.0;600846.0
3540754;Transport;312271.0;124795.0
3540754;Unknown;110453.0;0.0
3540754;Utilities;54962.0;6618.0
3541000;Agriculture;517697.0;248682.0
3541000;Business;2801686.0;647348.0
3541000;Construction;13279180.0;5433123.0
3541000;Financial;3347257.0;466312.0
3541000;Government;12507706.0;126178.0
3541000;Manufacturing;12514707.0;2735378.0
3541000;Mining;960891.0;0.0
3541000;OtherServices;40699639.0;9298186.0
3541000;RealEstate;4479805.0;1594515.0
3541000;Trade;27965543.0;9470541.0
3541000;Transport;9288806.0;2289200.0
3541000;Unknown;7325956.0;2294415.0
3541000;Utilities;1223936.0;266414.0
3541208;Agriculture;675855.0;383041.0
3541208;Business;52096.0;0.0
3541208;Construction;464937.0;207546.0
3541208;Financial;108353.0;0.0
3541208;Government;1032896.0;0.0
3541208;Manufacturing;328524.0;54506.0
3541208;Mining;5166.0;0.0
3541208;OtherServices;1570394.0;411051.0
3541208;RealEstate;2117.0;2117.0
3541208;Trade;984732.0;359590.0
3541208;Transport;143462.0;42193.0
3541208;Unknown;236841.0;40867.0
3541208;Utilities;61928.0;0.0
3541406;Agriculture;8915632.0;2623423.0
3541406;Business;2796962.0;373504.0
3541406;Construction;7280287.0;3052988.0
3541406;Financial;4193711.0;478554.0
3541406;Government;15629701.0;178256.0
3541406;Manufacturing;13406935.0;2089811.0
3541406;Mining;660020.0;0.0
3541406;OtherServices;51524025.0;12834681.0
3541406;RealEstate;984032.0;311694.0
3541406;Trade;30084288.0;7144318.0
3541406;Transport;6964008.0;1666429.0
3541406;Unknown;4158109.0;856385.0
3541406;Utilities;2158363.0;142785.0
3542305;Agriculture;200608.0;72624.0
3542305;Construction;113014.0;51281.0
3542305;Government;136649.0;0.0
3542305;Manufacturing;67180.0;3869.0
3542305;OtherServices;197038.0;23255.0
3542305;Trade;100446.0;47253.0
3542305;Transport;43643.0;4379.0
3542305;Unknown;46169.0;25592.0
3542305;Utilities;5003.0;0.0
3542404;Agriculture;731434.0;273950.0
3542404;Business;207657.0;113885.0
3542404;Construction;650643.0;277043.0
3542404;Financial;183897.0;0.0
3542404;Government;915642.0;13394.0
3542404;Manufacturing;1346618.0;103920.0
3542404;OtherServices;2684318.0;728489.0
3542404;RealEstate;73786.0;18438.0
3542404;Trade;1969842.0;556393.0
3542404;Transport;607088.0;262708.0
3542404;Unknown;128442.0;33868.0
3542404;Utilities;55167.0;4284.0
3542701;Agriculture;444689.0;155202.0
3542701;Business;15963.0;2253.0
3542701;Construction;100870.0;54714.0
3542701;Financial;4050.0;0.0
3542701;Government;221001.0;4101.0
3542701;Manufacturing;597323.0;34444.0
3542701;Mining;19873.0;0.0
3542701;OtherServices;569503.0;92417.0
3542701;RealEstate;1621.0;1621.0
3542701;Trade;184808.0;84094.0
3542701;Transport;113643.0;16509.0
3542701;Unknown;154905.0;12988.0
3542701;Utilities;22925.0;1014.0
3543105;Agriculture;939550.0;206722.0
3543105;Construction;134881.0;39389.0
3543105;Financial;10759.0;0.0
3543105;Government;156955.0;0.0
3543105;Manufacturing;178360.0;13311.0
3543105;OtherServices;198009.0;39623.0
3543105;RealEstate;857.0;0.0
3543105;Trade;138328.0;43347.0
3543105;Transport;23382.0;10072.0
3543105;Unknown;13562.0;11149.0
3543105;Utilities;6622.0;0.0
3543303;Agriculture;258854.0;78722.0
3543303;Business;1089036.0;66521.0
3543303;Construction;3648595.0;1490889.0
3543303;Financial;1429577.0;174384.0
3543303;Government;2707800.0;38075.0
3543303;Manufacturing;17382040.0;974721.0
3543303;Mining;359189.0;0.0
3543303;OtherServices;17739429.0;3748695.0
3543303;RealEstate;180304.0;50667.0
3543303;Trade;9936456.0;3194062.0
3543303;Transport;4442927.0;1227761.0
3543303;Unknown;8213184.0;1496592.0
3543303;Utilities;551223.0;72426.0
3543402;Agriculture;6944276.0;3250336.0
3543402;Business;14978337.0;1900932.0
3543402;Construction;31746500.0;13875454.0
3543402;Financial;17787592.0;1517140.0
3543402;Government;39030353.0;94698.0
3543402;Manufacturing;55910505.0;12129837.0
3543402;Mining;610500.0;44815.0
3543402;OtherServices;199073801.0;54946503.0
3543402;RealEstate;5649473.0;2518990.0
3543402;Trade;101922844.0;27015162.0
3543402;Transport;21531796.0;6512684.0
3543402;Unknown;42630788.0;14216687.0
3543402;Utilities;3505881.0;262599.0
3543709;Agriculture;667914.0;5716.0
3543709;Business;10562.0;3868.0
3543709;Construction;157345.0;74961.0
3543709;Financial;51233.0;0.0
3543709;Government;244201.0;0.0
3543709;Manufacturing;944953.0;93150.0
3543709;Mining;98346.0;0.0
3543709;OtherServices;1083397.0;288542.0
3543709;RealEstate;26835.0;26835.0
3543709;Trade;543513.0;244964.0
3543709;Transport;486164.0;135374.0
3543709;Unknown;131849.0;44894.0
3543709;Utilities;18795.0;0.0
3543907;Agriculture;2365321.0;425087.0
3543907;Business;2054206.0;616366.0
3543907;Construction;8492339.0;3910519.0
3543907;Financial;2738969.0;261051.0
3543907;Government;6685674.0;27273.0
3543907;Manufacturing;30470500.0;2326489.0
3543907;Mining;558696.0;0.0
3543907;OtherServices;39799036.0;9521300.0
3543907;RealEstate;517235.0;348895.0
3543907;Trade;21527574.0;6540814.0
3543907;Transport;4806978.0;1351510.0
3543907;Unknown;11930516.0;2554605.0
3543907;Utilities;988841.0;102464.0
3544004;Agriculture;864366.0;496011.0
3544004;Business;79653.0;31453.0
3544004;Construction;1050013.0;540472.0
3544004;Financial;267449.0;0.0
3544004;Government;633557.0;5776.0
3544004;Manufacturing;6771639.0;359793.0
3544004;Mining;25792.0;0.0
3544004;OtherServices;3049982.0;733675.0
3544004;RealEstate;49881.0;19588.0
3544004;Trade;2367402.0;576860.0
3544004;Transport;961937.0;255711.0
3544004;Unknown;772431.0;28057.0
3544004;Utilities;139584.0;44009.0
3544103;Agriculture;96182.0;50244.0
3544103;Business;179918.0;10009.0
3544103;Construction;1693151.0;459664.0
3544103;Financial;294876.0;0.0
3544103;Government;806476.0;0.0
3544103;Manufacturing;4972908.0;180913.0
3544103;Mining;51718.0;11793.0
3544103;OtherServices;4328653.0;241712.0
3544103;RealEstate;36455.0;0.0
3544103;Trade;2919725.0;1012147.0
3544103;Transport;1462041.0;298854.0
3544103;Unknown;1326679.0;59293.0
3544103;Utilities;239541.0;2606.0
3544301;Agriculture;156647.0;22204.0
3544301;Business;112243.0;61182.0
3544301;Construction;395946.0;163790.0
3544301;Financial;28570.0;0.0
3544301;Government;495119.0;0.0
3544301;Manufacturing;692508.0;75807.0
3544301;Mining;50589.0;0.0
3544301;OtherServices;1081954.0;185338.0
3544301;RealEstate;7603.0;0.0
3544301;Trade;722110.0;295424.0
3544301;Transport;245801.0;40023.0
3544301;Unknown;67166.0;46315.0
3544301;Utilities;44469.0;4853.0
3545001;Agriculture;1144568.0;533852.0
3545001;Business;38125.0;17151.0
3545001;Construction;519164.0;289125.0
3545001;Financial;114729.0;0.0
3545001;Government;523631.0;0.0
3545001;Manufacturing;433747.0;103067.0
3545001;Mining;15872.0;0.0
3545001;OtherServices;1503187.0;166442.0
3545001;RealEstate;3072.0;0.0
3545001;Trade;936101.0;321062.0
3545001;Transport;554096.0;186658.0
3545001;Unknown;158652.0;80743.0
3545001;Utilities;121290.0;0.0
3545159;Agriculture;317962.0;198193.0
3545159;Business;38398.0;3668.0
3545159;Construction;319631.0;204749.0
3545159;Financial;48584.0;0.0
3545159;Government;167866.0;0.0
3545159;Manufacturing;1485918.0;283678.0
3545159;Mining;97830.0;3100.0
3545159;OtherServices;784773.0;188967.0
3545159;RealEstate;3307.0;3307.0
3545159;Trade;1230117.0;354764.0
3545159;Transport;878834.0;647505.0
3545159;Unknown;114040.0;37950.0
3545159;Utilities;5586.0;0.0
3545209;Agriculture;1086181.0;290055.0
3545209;Business;1021608.0;282412.0
3545209;Construction;5065200.0;2858634.0
3545209;Financial;1825277.0;96529.0
3545209;Government;2066311.0;141710.0
3545209;Manufacturing;19223554.0;1441147.0
3545209;Mining;113679.0;8022.0
3545209;OtherServices;16343264.0;3169661.0
3545209;RealEstate;335825.0;181307.0
3545209;Trade;10364327.0;2534028.0
3545209;Transport;4557708.0;1635112.0
3545209;Unknown;5003030.0;784205.0
3545209;Utilities;522304.0;63877.0
3545308;Agriculture;667460.0;255156.0
3545308;Business;44515.0;7832.0
3545308;Construction;1690061.0;582497.0
3545308;Financial;149509.0;7235.0
3545308;Government;1037987.0;0.0
3545308;Manufacturing;3150900.0;329206.0
3545308;Mining;395856.0;33251.0
3545308;OtherServices;4408473.0;627605.0
3545308;RealEstate;15156.0;0.0
3545308;Trade;2840755.0;913526.0
3545308;Transport;1259626.0;339906.0
3545308;Unknown;945775.0;243152.0
3545308;Utilities;220476.0;77794.0
3545803;Agriculture;716877.0;215809.0
3545803;Business;1814432.0;160378.0
3545803;Construction;6607881.0;3452311.0
3545803;Financial;1251126.0;54104.0
3545803;Government;4294133.0;51299.0
3545803;Manufacturing;45694863.0;3187986.0
3545803;Mining;78917.0;0.0
3545803;OtherServices;22464945.0;4254162.0
3545803;RealEstate;330712.0;183590.0
3545803;Trade;17236189.0;4920028.0
3545803;Transport;5907500.0;1766541.0
3545803;Unknown;10894516.0;1544352.0
3545803;Utilities;1023001.0;150191.0
3546009;Agriculture;447140.0;26911.0
3546009;Business;40776.0;4274.0
3546009;Construction;534285.0;249117.0
3546009;Financial;56226.0;0.0
3546009;Government;704011.0;2496.0
3546009;Manufacturing;1452174.0;109912.0
3546009;Mining;83126.0;0.0
3546009;OtherServices;1462105.0;243909.0
3546009;RealEstate;33848.0;21741.0
3546009;Trade;718786.0;219517.0
3546009;Transport;210237.0;30373.0
3546009;Unknown;321006.0;42820.0
3546009;Utilities;87743.0;18797.0
3546256;Agriculture;282128.0;37237.0
3546256;Business;23724.0;0.0
3546256;Construction;33583.0;20093.0
3546256;Government;135732.0;1151.0
3546256;Manufacturing;89430.0;8957.0
3546256;Mining;7077.0;7077.0
3546256;OtherServices;139628.0;7028.0
3546256;Trade;73859.0;25291.0
3546256;Transport;47327.0;12808.0
3546256;Unknown;65650.0;10745.0
3546256;Utilities;1062.0;0.0
3546702;Agriculture;125955.0;0.0
3546702;Business;74978.0;67689.0
3546702;Construction;710943.0;302900.0
3546702;Financial;14933.0;0.0
3546702;Government;305044.0;6163.0
3546702;Manufacturing;6636615.0;148131.0
3546702;Mining;129213.0;17906.0
3546702;OtherServices;1682822.0;217008.0
3546702;RealEstate;20711.0;0.0
3546702;Trade;1302407.0;392798.0
3546702;Transport;843047.0;534983.0
3546702;Unknown;262743.0;48869.0
3546702;Utilities;91650.0;21630.0
3546801;Agriculture;730148.0;250402.0
3546801;Business;207324.0;3939.0
3546801;Construction;2194530.0;1211307.0
3546801;Financial;176362.0;0.0
3546801;Government;1594330.0;13369.0
3546801;Manufacturing;4805456.0;639527.0
3546801;Mining;426099.0;0.0
3546801;OtherServices;6329347.0;1173057.0
3546801;RealEstate;83836.0;49203.0
3546801;Trade;2982821.0;1152538.0
3546801;Transport;2291498.0;618625.0
3546801;Unknown;680004.0;143798.0
3546801;Utilities;122999.0;13775.0
3546900;Agriculture;258979.0;0.0
3546900;Business;2896.0;0.0
3546900;Construction;240374.0;110141.0
3546900;Financial;47355.0;0.0
3546900;Government;253003.0;1987.0
3546900;Manufacturing;1682280.0;20184.0
3546900;OtherServices;567871.0;47325.0
3546900;Trade;364589.0;138519.0
3546900;Transport;210215.0;79269.0
3546900;Unknown;109938.0;30237.0
3546900;Utilities;12854.0;0.0
3547304;Agriculture;170966.0;39485.0
3547304;Business;10329244.0;2361257.0
3547304;Construction;12289976.0;3811652.0
3547304;Financial;5185302.0;134302.0
3547304;Government;9472900.0;518886.0
3547304;Manufacturing;20258454.0;1784008.0
3547304;Mining;414320.0;0.0
3547304;OtherServices;43585555.0;15783303.0
3547304;RealEstate;1090701.0;425888.0
3547304;Trade;22274745.0;6808575.0
3547304;Transport;5385522.0;985294.0
3547304;Unknown;23657261.0;5846583.0
3547304;Utilities;722337.0;60294.0
3547809;Agriculture;886334.0;51552.0
3547809;Business;24740197.0;4429031.0
3547809;Construction;28285578.0;10542534.0
3547809;Financial;20613305.0;2371392.0
3547809;Government;22837784.0;365342.0
3547809;Manufacturing;141109411.0;11131665.0
3547809;Mining;1599346.0;112532.0
3547809;OtherServices;175146241.0;42760154.0
3547809;RealEstate;5690835.0;1883622.0
3547809;Trade;91698150.0;25683641.0
3547809;Transport;23901534.0;7313901.0
3547809;Unknown;71214621.0;13720392.0
3547809;Utilities;3943170.0;229281.0
3548302;Agriculture;69841.0;16127.0
3548302;Construction;72836.0;22784.0
3548302;Financial;8296.0;0.0
3548302;Government;217905.0;0.0
3548302;Manufacturing;198349.0;8010.0
3548302;OtherServices;135861.0;11817.0
3548302;Trade;88851.0;24447.0
3548302;Transport;54354.0;45811.0
3548302;Unknown;7389.0;6886.0
3548302;Utilities;11292.0;0.0
3548500;Agriculture;1404039.0;325980.0
3548500;Business;12937351.0;2618046.0
3548500;Construction;19138774.0;5942809.0
3548500;Financial;14832420.0;2084128.0
3548500;Government;37808819.0;403587.0
3548500;Manufacturing;33301060.0;4852636.0
3548500;Mining;7495540.0;0.0
3548500;OtherServices;149080168.0;40275633.0
3548500;RealEstate;7879259.0;3517244.0
3548500;Trade;55435380.0;15327118.0
3548500;Transport;45288111.0;8314949.0
3548500;Unknown;22811901.0;5500896.0
3548500;Utilities;3162116.0;345722.0
3548708;Agriculture;1509724.0;27683.0
3548708;Business;18369480.0;3722142.0
3548708;Construction;26437761.0;10396059.0
3548708;Financial;23411951.0;1320622.0
3548708;Government;23611050.0;298035.0
3548708;Manufacturing;138864150.0;11673138.0
3548708;Mining;530978.0;11978.0
3548708;OtherServices;178140771.0;38590056.0
3548708;RealEstate;6457076.0;1709186.0
3548708;Trade;100136211.0;29449071.0
3548708;Transport;40955788.0;13478282.0
3548708;Unknown;108455697.0;15965160.0
3548708;Utilities;2645936.0;174585.0
3548807;Agriculture;674167.0;283855.0
3548807;Business;8011606.0;1404483.0
3548807;Construction;6204574.0;2094054.0
3548807;Financial;8686628.0;890941.0
3548807;Government;9591680.0;456406.0
3548807;Manufacturing;39536468.0;3382349.0
3548807;Mining;1379637.0;0.0
3548807;OtherServices;63733133.0;22825310.0
3548807;RealEstate;1412003.0;618768.0
3548807;Trade;29543492.0;8249033.0
3548807;Transport;7127442.0;1864569.0
3548807;Unknown;33052506.0;9401587.0
3548807;Utilities;1310273.0;102429.0
3548906;Agriculture;4746336.0;1076037.0
3548906;Business;2760626.0;621302.0
3548906;Construction;10682686.0;5212538.0
3548906;Financial;3924058.0;633570.0
3548906;Government;8936894.0;93071.0
3548906;Manufacturing;32859627.0;2887750.0
3548906;Mining;231782.0;0.0
3548906;OtherServices;63063917.0;11797911.0
3548906;RealEstate;1052268.0;412281.0
3548906;Trade;26640052.0;6275593.0
3548906;Transport;6931503.0;1913283.0
3548906;Unknown;6006767.0;1281350.0
3548906;Utilities;1591475.0;361732.0
3549805;Agriculture;7644071.0;3666181.0
3549805;Business;5930459.0;1482063.0
3549805;Construction;20098620.0;8799467.0
3549805;Financial;9484356.0;402239.0
3549805;Government;24101719.0;403623.0
3549805;Manufacturing;37345563.0;7410542.0
3549805;Mining;287250.0;110171.0
3549805;OtherServices;110486069.0;35432693.0
3549805;RealEstate;3459993.0;1323088.0
3549805;Trade;66259078.0;23271299.0
3549805;Transport;12149575.0;3622223.0
3549805;Unknown;44675669.0;11778665.0
3549805;Utilities;2180958.0;164839.0
3549904;Agriculture;1993675.0;623289.0
3549904;Business;14422093.0;3005341.0
3549904;Construction;43594983.0;12625799.0
3549904;Financial;9413115.0;640156.0
3549904;Government;50847716.0;168664.0
3549904;Manufacturing;104891245.0;6212634.0
3549904;Mining;9399996.0;48039.0
3549904;OtherServices;150992934.0;35610442.0
3549904;RealEstate;3878509.0;1368852.0
3549904;Trade;71757627.0;20360678.0
3549904;Transport;26699707.0;5349924.0
3549904;Unknown;39368741.0;7044912.0
3549904;Utilities;4328729.0;236690.0
3549953;Agriculture;416325.0;181908.0
3549953;Business;89625.0;32155.0
3549953;Construction;579104.0;336555.0
3549953;Financial;75156.0;18680.0
3549953;Government;513256.0;0.0
3549953;Manufacturing;545848.0;64916.0
3549953;Mining;5612.0;0.0
3549953;OtherServices;1778931.0;347168.0
3549953;RealEstate;19522.0;757.0
3549953;Trade;1176107.0;558383.0
3549953;Transport;341572.0;127474.0
3549953;Unknown;571085.0;143276.0
3549953;Utilities;67369.0;22855.0
3550308;Agriculture;41209816.0;12542716.0
3550308;Business;637506217.0;125719116.0
3550308;Construction;482902850.0;155360082.0
3550308;Financial;693790335.0;57227248.0
3550308;Government;542055318.0;8741976.0
3550308;Manufacturing;1166502421.0;194105013.0
3550308;Mining;24902388.0;1036266.0
3550308;OtherServices;4236169706.0;1092700495.0
3550308;RealEstate;142658295.0;56611878.0
3550308;Trade;1597810379.0;493597026.0
3550308;Transport;491122526.0;140866962.0
3550308;Unknown;1105077309.0;302978703.0
3550308;Utilities;77059307.0;8713464.0
3550605;Agriculture;1679274.0;365434.0
3550605;Business;1272117.0;276964.0
3550605;Construction;3388493.0;1584161.0
3550605;Financial;1169097.0;39661.0
3550605;Government;3281383.0;39435.0
3550605;Manufacturing;8937295.0;734713.0
3550605;Mining;209511.0;0.0
3550605;OtherServices;17878441.0;4856842.0
3550605;RealEstate;248958.0;62518.0
3550605;Trade;8441329.0;3065285.0
3550605;Transport;2641546.0;930647.0
3550605;Unknown;3568183.0;1278376.0
3550605;Utilities;580517.0;19512.0
3550704;Agriculture;639880.0;486714.0
3550704;Business;244488.0;108754.0
3550704;Construction;5576530.0;2219510.0
3550704;Financial;574634.0;0.0
3550704;Government;5189953.0;39606.0
3550704;Manufacturing;1871467.0;440786.0
3550704;Mining;1454423.0;0.0
3550704;OtherServices;18807842.0;2912720.0
3550704;RealEstate;429325.0;302636.0
3550704;Trade;5466881.0;1653111.0
3550704;Transport;2718882.0;150699.0
3550704;Unknown;2127984.0;535390.0
3550704;Utilities;420963.0;34350.0
3551009;Agriculture;467643.0;134466.0
3551009;Business;4123238.0;825336.0
3551009;Construction;11039717.0;3842206.0
3551009;Financial;2975054.0;179787.0
3551009;Government;14067022.0;99470.0
3551009;Manufacturing;17452035.0;2059584.0
3551009;Mining;2444533.0;0.0
3551009;OtherServices;56203047.0;8675797.0
3551009;RealEstate;2915254.0;1197278.0
3551009;Trade;28238544.0;7284556.0
3551009;Transport;20763106.0;4921194.0
3551009;Unknown;10709720.0;1983641.0
3551009;Utilities;1619271.0;146910.0
3551405;Agriculture;309232.0;13845.0
3551405;Business;114828.0;0.0
3551405;Construction;294687.0;133195.0
3551405;Financial;9860.0;0.0
3551405;Government;715062.0;0.0
3551405;Manufacturing;421342.0;31821.0
3551405;Mining;7979.0;0.0
3551405;OtherServices;982500.0;109652.0
3551405;RealEstate;2290.0;0.0
3551405;Trade;577413.0;246601.0
3551405;Transport;310245.0;13331.0
3551405;Unknown;557256.0;250678.0
3551405;Utilities;16074.0;0.0
3551504;Agriculture;1504397.0;81209.0
3551504;Business;236156.0;5997.0
3551504;Construction;2026326.0;832425.0
3551504;Financial;208977.0;0.0
3551504;Government;1062687.0;9187.0
3551504;Manufacturing;4782253.0;268149.0
3551504;Mining;128139.0;0.0
3551504;OtherServices;4900387.0;596320.0
3551504;RealEstate;84553.0;60972.0
3551504;Trade;3730983.0;1299443.0
3551504;Transport;1105549.0;299208.0
3551504;Unknown;1638304.0;509393.0
3551504;Utilities;30506.0;0.0
3551702;Agriculture;2185512.0;826857.0
3551702;Business;949895.0;133606.0
3551702;Construction;3835495.0;1910187.0
3551702;Financial;956612.0;94484.0
3551702;Government;3025601.0;43163.0
3551702;Manufacturing;26584795.0;2225100.0
3551702;OtherServices;17824986.0;4697689.0
3551702;RealEstate;390199.0;237277.0
3551702;Trade;11115104.0;3149984.0
3551702;Transport;3084869.0;1114650.0
3551702;Unknown;7856595.0;2219971.0
3551702;Utilities;398893.0;40275.0
3552205;Agriculture;2335625.0;529378.0
3552205;Business;12212495.0;2341953.0
3552205;Construction;32485345.0;13184943.0
3552205;Financial;12571539.0;911047.0
3552205;Government;26438158.0;323392.0
3552205;Manufacturing;99799881.0;8165241.0
3552205;Mining;1220276.0;118258.0
3552205;OtherServices;119852066.0;28572866.0
3552205;RealEstate;4758026.0;2314094.0
3552205;Trade;69084214.0;17198241.0
3552205;Transport;17871859.0;4782468.0
3552205;Unknown;31243633.0;7433306.0
3552205;Utilities;4303590.0;608449.0
3552403;Agriculture;1409195.0;544600.0
3552403;Business;2733606.0;155382.0
3552403;Construction;12258690.0;5059310.0
3552403;Financial;2353522.0;188567.0
3552403;Government;6462444.0;0.0
3552403;Manufacturing;33953741.0;2630655.0
3552403;Mining;232100.0;0.0
3552403;OtherServices;34436332.0;6108089.0
3552403;RealEstate;734999.0;326283.0
3552403;Trade;24403610.0;6904906.0
3552403;Transport;11253486.0;2788380.0
3552403;Unknown;21172659.0;2409533.0
3552403;Utilities;1651262.0;206114.0
3552502;Agriculture;2033362.0;706422.0
3552502;Business;2629342.0;251604.0
3552502;Construction;9278827.0;3055017.0
3552502;Financial;2291422.0;130676.0
3552502;Government;5275820.0;17691.0
3552502;Manufacturing;27150066.0;2393369.0
3552502;Mining;436560.0;0.0
3552502;OtherServices;36242774.0;6502161.0
3552502;RealEstate;987144.0;485535.0
3552502;Trade;21377187.0;7310564.0
3552502;Transport;8041975.0;2911068.0
3552502;Unknown;6808959.0;1382770.0
3552502;Utilities;1481942.0;91772.0
3552809;Agriculture;321387.0;46631.0
3552809;Business;5078681.0;576471.0
3552809;Construction;12290610.0;4015759.0
3552809;Financial;5457166.0;390178.0
3552809;Government;5825412.0;45123.0
3552809;Manufacturing;20136262.0;2656841.0
3552809;Mining;12513.0;0.0
3552809;OtherServices;54325044.0;8138640.0
3552809;RealEstate;2618488.0;817384.0
3552809;Trade;24097493.0;6161754.0
3552809;Transport;10812990.0;4078504.0
3552809;Unknown;10932124.0;1644001.0
3552809;Utilities;1393418.0;373046.0
3552908;Agriculture;717206.0;141658.0
3552908;Business;9573.0;0.0
3552908;Construction;132467.0;49236.0
3552908;Financial;19808.0;0.0
3552908;Government;229848.0;0.0
3552908;Manufacturing;191208.0;25595.0
3552908;Mining;14576.0;0.0
3552908;OtherServices;373687.0;65871.0
3552908;Trade;266420.0;102416.0
3552908;Transport;128734.0;40732.0
3552908;Unknown;66028.0;32149.0
3552908;Utilities;30579.0;0.0
3553906;Agriculture;217137.0;26931.0
3553906;Business;15514.0;6254.0
3553906;Construction;240114.0;51604.0
3553906;Financial;17937.0;0.0
3553906;Government;280843.0;7059.0
3553906;Manufacturing;639058.0;5345.0
3553906;OtherServices;457874.0;70300.0
3553906;Trade;369334.0;51701.0
3553906;Transport;116938.0;58834.0
3553906;Unknown;8633.0;0.0
3553906;Utilities;12307.0;744.0
3554003;Agriculture;2645355.0;1117096.0
3554003;Business;1186966.0;127486.0
3554003;Construction;3834743.0;1486442.0
3554003;Financial;750610.0;32385.0
3554003;Government;2922678.0;36038.0
3554003;Manufacturing;13108375.0;908118.0
3554003;Mining;34023.0;21481.0
3554003;OtherServices;14967132.0;3233595.0
3554003;RealEstate;252223.0;89755.0
3554003;Trade;9349892.0;3766690.0
3554003;Transport;3318517.0;1336733.0
3554003;Unknown;4527073.0;813957.0
3554003;Utilities;419777.0;28546.0
3554102;Agriculture;1409633.0;563356.0
3554102;Business;2853222.0;572333.0
3554102;Construction;12462045.0;4747693.0
3554102;Financial;3767957.0;502982.0
3554102;Government;22107819.0;198470.0
3554102;Manufacturing;49101506.0;2573591.0
3554102;Mining;1872802.0;79250.0
3554102;OtherServices;54002399.0;14918118.0
3554102;RealEstate;1945342.0;848150.0
3554102;Trade;27194362.0;8729558.0
3554102;Transport;8221652.0;2637050.0
3554102;Unknown;9107625.0;1890797.0
3554102;Utilities;1765387.0;103714.0
3554805;Agriculture;530963.0;343655.0
3554805;Business;158291.0;51252.0
3554805;Construction;1616146.0;792261.0
3554805;Financial;196465.0;0.0
3554805;Government;2947844.0;0.0
3554805;Manufacturing;5662875.0;445292.0
3554805;Mining;181619.0;0.0
3554805;OtherServices;7966802.0;2297398.0
3554805;RealEstate;410893.0;98456.0
3554805;Trade;3524991.0;1112250.0
3554805;Transport;786074.0;203471.0
3554805;Unknown;1143599.0;314300.0
3554805;Utilities;463656.0;9510.0
3555406;Agriculture;1397645.0;438544.0
3555406;Business;366089.0;138202.0
3555406;Construction;4747713.0;2455879.0
3555406;Financial;612320.0;30888.0
3555406;Government;2829054.0;7623.0
3555406;Manufacturing;1471315.0;619970.0
3555406;Mining;152532.0;8108.0
3555406;OtherServices;15999164.0;4064794.0
3555406;RealEstate;559715.0;358485.0
3555406;Trade;6510506.0;2243397.0
3555406;Transport;863009.0;161953.0
3555406;Unknown;965222.0;303648.0
3555406;Utilities;305088.0;22585.0
3555604;Agriculture;689874.0;162621.0
3555604;Business;10975.0;0.0
3555604;Construction;320821.0;132658.0
3555604;Financial;105300.0;0.0
3555604;Government;549583.0;0.0
3555604;Manufacturing;589330.0;64352.0
3555604;OtherServices;920073.0;183033.0
3555604;RealEstate;6661.0;0.0
3555604;Trade;543806.0;144279.0
3555604;Transport;112541.0;47690.0
3555604;Unknown;359890.0;23117.0
3555604;Utilities;14786.0;4548.0
3556206;Agriculture;1649487.0;657209.0
3556206;Business;3329569.0;663330.0
3556206;Construction;6182945.0;2531430.0
3556206;Financial;3445519.0;616652.0
3556206;Government;7086644.0;45107.0
3556206;Manufacturing;27384409.0;2862494.0
3556206;Mining;333573.0;13212.0
3556206;OtherServices;28935605.0;6713353.0
3556206;RealEstate;862300.0;335641.0
3556206;Trade;15938955.0;5076637.0
3556206;Transport;5576287.0;1222218.0
3556206;Unknown;18374944.0;4006696.0
3556206;Utilities;589775.0;19493.0
3556453;Agriculture;899279.0;676650.0
3556453;Business;491384.0;45592.0
3556453;Construction;2188828.0;1309767.0
3556453;Financial;962457.0;58624.0
3556453;Government;1038873.0;32523.0
3556453;Manufacturing;4839478.0;381040.0
3556453;Mining;197568.0;197568.0
3556453;OtherServices;7053728.0;1898407.0
3556453;RealEstate;571363.0;295155.0
3556453;Trade;4295470.0;1426378.0
3556453;Transport;1180114.0;399470.0
3556453;Unknown;2472829.0;500937.0
3556453;Utilities;624197.0;17127.0
3556503;Agriculture;204342.0;56159.0
3556503;Business;638679.0;126922.0
3556503;Construction;4004352.0;1602308.0
3556503;Financial;442310.0;0.0
3556503;Government;856329.0;0.0
3556503;Manufacturing;16286216.0;610595.0
3556503;Mining;81169.0;0.0
3556503;OtherServices;13847437.0;1390165.0
3556503;RealEstate;102367.0;30258.0
3556503;Trade;8388537.0;1898768.0
3556503;Transport;3326110.0;502760.0
3556503;Unknown;5003167.0;725798.0
3556503;Utilities;458536.0;22759.0
3556602;Agriculture;780839.0;119576.0
3556602;Business;118009.0;1812.0
3556602;Construction;376029.0;167509.0
3556602;Financial;102086.0;3536.0
3556602;Government;414563.0;2697.0
3556602;Manufacturing;512524.0;73040.0
3556602;OtherServices;1576776.0;164009.0
3556602;RealEstate;28899.0;22610.0
3556602;Trade;774397.0;293849.0
3556602;Transport;239341.0;59424.0
3556602;Unknown;99584.0;37280.0
3556602;Utilities;16461.0;7951.0
3556701;Agriculture;1156769.0;374511.0
3556701;Business;1975049.0;231524.0
3556701;Construction;4109449.0;2540280.0
3556701;Financial;1501789.0;80336.0
3556701;Government;3876484.0;7960.0
3556701;Manufacturing;14704576.0;1894067.0
3556701;Mining;141555.0;0.0
3556701;OtherServices;16425837.0;5033967.0
3556701;RealEstate;533885.0;272160.0
3556701;Trade;10342915.0;2267091.0
3556701;Transport;3422748.0;894191.0
3556701;Unknown;12725249.0;2210123.0
3556701;Utilities;433222.0;78174.0
3557006;Agriculture;368790.0;109539.0
3557006;Business;1100265.0;19612.0
3557006;Construction;4293313.0;1874747.0
3557006;Financial;743808.0;20535.0
3557006;Government;2793868.0;23049.0
3557006;Manufacturing;15673712.0;940118.0
3557006;Mining;259384.0;0.0
3557006;OtherServices;14444836.0;2450087.0
3557006;RealEstate;174828.0;78131.0
3557006;Trade;10138433.0;2872276.0
3557006;Transport;2848921.0;662372.0
3557006;Unknown;2235953.0;569679.0
3557006;Utilities;846632.0;55879.0
3557303;Agriculture;451336.0;67756.0
3557303;Business;9374.0;2921.0
3557303;Construction;278214.0;133772.0
3557303;Financial;24773.0;0.0
3557303;Government;254910.0;0.0
3557303;Manufacturing;1481091.0;51306.0
3557303;Mining;10822.0;0.0
3557303;OtherServices;809354.0;62715.0
3557303;RealEstate;17060.0;7861.0
3557303;Trade;699313.0;286901.0
3557303;Transport;373233.0;67883.0
3557303;Unknown;371663.0;160756.0
3557303;Utilities;15074.0;0.0
4100400;Agriculture;846067.0;490397.0
4100400;Business;1204969.0;194990.0
4100400;Construction;6541367.0;2632520.0
4100400;Financial;910592.0;0.0
4100400;Government;3061385.0;13521.0
4100400;Manufacturing;6182189.0;610652.0
4100400;Mining;273151.0;0.0
4100400;OtherServices;15307157.0;2084804.0
4100400;RealEstate;214404.0;25561.0
4100400;Trade;10645383.0;2256809.0
4100400;Transport;4125395.0;1219107.0
4100400;Unknown;2855822.0;616310.0
4100400;Utilities;705715.0;61568.0
4101408;Agriculture;3283159.0;1861401.0
4101408;Business;1155400.0;265123.0
4101408;Construction;4196993.0;2050029.0
4101408;Financial;1275229.0;106438.0
4101408;Government;4628276.0;24692.0
4101408;Manufacturing;19517057.0;3538101.0
4101408;Mining;34562.0;0.0
4101408;OtherServices;16623890.0;4576659.0
4101408;RealEstate;372941.0;42128.0
4101408;Trade;14504070.0;3873490.0
4101408;Transport;3980760.0;1156944.0
4101408;Unknown;2418463.0;682497.0
4101408;Utilities;702702.0;19483.0
4101507;Agriculture;3389732.0;1019247.0
4101507;Business;589043.0;112182.0
4101507;Construction;3887172.0;2047436.0
4101507;Financial;735023.0;76664.0
4101507;Government;2008673.0;54453.0
4101507;Manufacturing;17120416.0;1676709.0
4101507;Mining;105791.0;0.0
4101507;OtherServices;14644453.0;3174199.0
4101507;RealEstate;325607.0;127522.0
4101507;Trade;14236982.0;3751043.0
4101507;Transport;3695248.0;1673377.0
4101507;Unknown;3528574.0;632287.0
4101507;Utilities;898236.0;52305.0
4101804;Agriculture;1854492.0;1216731.0
4101804;Business;814758.0;185574.0
4101804;Construction;9836315.0;1821926.0
4101804;Financial;426445.0;0.0
4101804;Government;4261688.0;4238.0
4101804;Manufacturing;14536129.0;1280997.0
4101804;Mining;1904245.0;0.0
4101804;OtherServices;16254040.0;2298128.0
4101804;RealEstate;472469.0;279297.0
4101804;Trade;11638485.0;4061999.0
4101804;Transport;5321815.0;1292849.0
4101804;Unknown;6976121.0;703386.0
4101804;Utilities;727139.0;132918.0
4102307;Agriculture;372111.0;174052.0
4102307;Business;23613.0;4804.0
4102307;Construction;406298.0;148448.0
4102307;Financial;29615.0;0.0
4102307;Government;284812.0;3605.0
4102307;Manufacturing;1154965.0;66106.0
4102307;Mining;102828.0;45500.0
4102307;OtherServices;975092.0;109467.0
4102307;RealEstate;9685.0;9685.0
4102307;Trade;460430.0;105449.0
4102307;Transport;417049.0;85145.0
4102307;Unknown;225831.0;97336.0
4102307;Utilities;81837.0;0.0
4103107;Agriculture;683471.0;318891.0
4103107;Business;20747.0;0.0
4103107;Construction;387315.0;160056.0
4103107;Financial;9796.0;4196.0
4103107;Government;326205.0;0.0
4103107;Manufacturing;542521.0;40265.0
4103107;Mining;26961.0;0.0
4103107;OtherServices;959027.0;115976.0
4103107;RealEstate;4108.0;0.0
4103107;Trade;772571.0;264033.0
4103107;Transport;340834.0;47446.0
4103107;Unknown;95775.0;27882.0
4103107;Utilities;46232.0;14404.0
4103701;Agriculture;1742122.0;718418.0
4103701;Business;717855.0;187331.0
4103701;Construction;5100625.0;2223070.0
4103701;Financial;1215120.0;125588.0
4103701;Government;1966703.0;0.0
4103701;Manufacturing;10836393.0;1386419.0
4103701;Mining;5040.0;5040.0
4103701;OtherServices;13758566.0;2186281.0
4103701;RealEstate;180317.0;63734.0
4103701;Trade;10299713.0;3163138.0
4103701;Transport;3658017.0;1353198.0
4103701;Unknown;2763993.0;615648.0
4103701;Utilities;333618.0;71973.0
4104006;Agriculture;675777.0;301715.0
4104006;Business;255952.0;0.0
4104006;Construction;2102462.0;861780.0
4104006;Financial;154437.0;0.0
4104006;Government;1502613.0;0.0
4104006;Manufacturing;4213610.0;612518.0
4104006;Mining;68683.0;6599.0
4104006;OtherServices;5353139.0;724021.0
4104006;RealEstate;107174.0;67579.0
4104006;Trade;3247105.0;699249.0
4104006;Transport;1948867.0;551130.0
4104006;Unknown;746425.0;181757.0
4104006;Utilities;221993.0;61561.0
4104204;Agriculture;1776587.0;911040.0
4104204;Business;870332.0;49158.0
4104204;Construction;6407811.0;3109917.0
4104204;Financial;1430030.0;68509.0
4104204;Government;3342671.0;11549.0
4104204;Manufacturing;13230701.0;1312421.0
4104204;Mining;696494.0;46542.0
4104204;OtherServices;17548031.0;3031639.0
4104204;RealEstate;460321.0;313511.0
4104204;Trade;9327531.0;2127167.0
4104204;Transport;4893763.0;1269094.0
4104204;Unknown;3615567.0;479340.0
4104204;Utilities;883133.0;64683.0
4104253;Agriculture;559161.0;411636.0
4104253;Business;121853.0;9153.0
4104253;Construction;1125079.0;683718.0
4104253;Financial;46822.0;0.0
4104253;Government;507605.0;9420.0
4104253;Manufacturing;2180356.0;388056.0
4104253;Mining;78015.0;0.0
4104253;OtherServices;3048803.0;329023.0
4104253;RealEstate;62243.0;9270.0
4104253;Trade;1942624.0;646155.0
4104253;Transport;616274.0;232666.0
4104253;Unknown;272127.0;73065.0
4104253;Utilities;110529.0;0.0
4104659;Agriculture;3433178.0;2455184.0
4104659;Business;59143.0;20364.0
4104659;Construction;796785.0;356031.0
4104659;Financial;64841.0;0.0
4104659;Government;347067.0;0.0
4104659;Manufacturing;1560117.0;153793.0
4104659;Mining;27517.0;0.0
4104659;OtherServices;2186009.0;641051.0
4104659;RealEstate;21364.0;12383.0
4104659;Trade;960070.0;348372.0
4104659;Transport;661812.0;141881.0
4104659;Unknown;644429.0;120576.0
4104659;Utilities;52377.0;2187.0
4104808;Agriculture;11015501.0;5534175.0
4104808;Business;3577149.0;861221.0
4104808;Construction;14733831.0;5794393.0
4104808;Financial;5913051.0;623969.0
4104808;Government;16530100.0;28722.0
4104808;Manufacturing;23146475.0;4263794.0
4104808;Mining;190436.0;0.0
4104808;OtherServices;61554484.0;14609308.0
4104808;RealEstate;1678370.0;872915.0
4104808;Trade;48403616.0;14765412.0
4104808;Transport;12750118.0;4118240.0
4104808;Unknown;13989589.0;2984816.0
4104808;Utilities;3237385.0;242478.0
4105805;Agriculture;1474784.0;652835.0
4105805;Business;1869457.0;124218.0
4105805;Construction;13444283.0;6793226.0
4105805;Financial;1151496.0;78628.0
4105805;Government;4605586.0;39013.0
4105805;Manufacturing;15572579.0;2219109.0
4105805;Mining;868145.0;35757.0
4105805;OtherServices;33118852.0;4348239.0
4105805;RealEstate;519507.0;151631.0
4105805;Trade;22051893.0;5842219.0
4105805;Transport;9294642.0;2612010.0
4105805;Unknown;6696385.0;1507565.0
4105805;Utilities;1020707.0;191149.0
4106209;Agriculture;1460315.0;1048279.0
4106209;Business;24809.0;0.0
4106209;Construction;575640.0;229883.0
4106209;Financial;97076.0;0.0
4106209;Government;388977.0;4065.0
4106209;Manufacturing;797631.0;75363.0
4106209;Mining;58187.0;3375.0
4106209;OtherServices;1236581.0;90922.0
4106209;Trade;1423431.0;254202.0
4106209;Transport;586013.0;126565.0
4106209;Unknown;149365.0;32829.0
4106209;Utilities;73651.0;3297.0
4106902;Agriculture;11479913.0;3262226.0
4106902;Business;80395643.0;9973786.0
4106902;Construction;91861838.0;36578499.0
4106902;Financial;85201771.0;6931001.0
4106902;Government;169901738.0;2815959.0
4106902;Manufacturing;229107310.0;32020963.0
4106902;Mining;13826054.0;151401.0
4106902;OtherServices;607912366.0;157115746.0
4106902;RealEstate;18772890.0;8243795.0
4106902;Trade;296329463.0;87819649.0
4106902;Transport;91486334.0;21837978.0
4106902;Unknown;166154525.0;39361213.0
4106902;Utilities;26121393.0;2626139.0
4107652;Agriculture;369034.0;200311.0
4107652;Business;345353.0;16959.0
4107652;Construction;4277404.0;1883870.0
4107652;Financial;122669.0;0.0
4107652;Government;979295.0;6526.0
4107652;Manufacturing;5954812.0;587872.0
4107652;Mining;158412.0;16736.0
4107652;OtherServices;9104797.0;1053420.0
4107652;RealEstate;144039.0;38935.0
4107652;Trade;12450749.0;1831215.0
4107652;Transport;3070783.0;420795.0
4107652;Unknown;4304222.0;771327.0
4107652;Utilities;249168.0;70249.0
4107900;Agriculture;568360.0;404136.0
4107900;Business;10424.0;0.0
4107900;Construction;271282.0;164467.0
4107900;Financial;98099.0;1174.0
4107900;Government;324336.0;0.0
4107900;Manufacturing;338382.0;32997.0
4107900;Mining;5816.0;0.0
4107900;OtherServices;598135.0;109453.0
4107900;RealEstate;14201.0;5616.0
4107900;Trade;303483.0;90686.0
4107900;Transport;213183.0;60234.0
4107900;Unknown;127144.0;35291.0
4107900;Utilities;18251.0;1222.0
4108304;Agriculture;2185729.0;989397.0
4108304;Business;1991922.0;795625.0
4108304;Construction;9036511.0;4056266.0
4108304;Financial;3351076.0;373726.0
4108304;Government;17003161.0;524890.0
4108304;Manufacturing;8998400.0;2809527.0
4108304;Mining;73542.0;0.0
4108304;OtherServices;50127831.0;10365763.0
4108304;RealEstate;1297344.0;650688.0
4108304;Trade;39824951.0;15701282.0
4108304;Transport;10477440.0;4230363.0
4108304;Unknown;8426881.0;2813642.0
4108304;Utilities;8393252.0;278024.0
4109401;Agriculture;12110600.0;3040473.0
4109401;Business;1250427.0;161839.0
4109401;Construction;6556924.0;2464909.0
4109401;Financial;1768472.0;149535.0
4109401;Government;6855976.0;169817.0
4109401;Manufacturing;10052730.0;1212038.0
4109401;Mining;195804.0;10529.0
4109401;OtherServices;25316938.0;4686050.0
4109401;RealEstate;493179.0;191605.0
4109401;Trade;18652023.0;4670081.0
4109401;Transport;6053056.0;2332805.0
4109401;Unknown;3151452.0;688748.0
4109401;Utilities;1250934.0;151190.0
4109807;Agriculture;1307136.0;863681.0
4109807;Business;405414.0;59179.0
4109807;Construction;1905949.0;856578.0
4109807;Financial;326358.0;0.0
4109807;Government;1597771.0;51162.0
4109807;Manufacturing;3550508.0;620301.0
4109807;Mining;25386.0;0.0
4109807;OtherServices;6262276.0;1050591.0
4109807;RealEstate;114593.0;25370.0
4109807;Trade;4473106.0;1704871.0
4109807;Transport;2099255.0;633082.0
4109807;Unknown;1572629.0;402780.0
4109807;Utilities;115734.0;1899.0
4110003;Agriculture;372569.0;148558.0
4110003;Business;10622.0;2101.0
4110003;Construction;112785.0;21361.0
4110003;Financial;12969.0;0.0
4110003;Government;216151.0;0.0
4110003;Manufacturing;227634.0;13131.0
4110003;Mining;15727.0;0.0
4110003;OtherServices;446199.0;40917.0
4110003;RealEstate;33022.0;0.0
4110003;Trade;145459.0;25093.0
4110003;Transport;140483.0;84659.0
4110003;Unknown;82121.0;23953.0
4110003;Utilities;43984.0;1284.0
4111100;Agriculture;619609.0;280596.0
4111100;Business;8664.0;0.0
4111100;Construction;160318.0;76280.0
4111100;Financial;41671.0;0.0
4111100;Government;160465.0;0.0
4111100;Manufacturing;235111.0;29244.0
4111100;Mining;11298.0;0.0
4111100;OtherServices;591160.0;125600.0
4111100;Trade;256976.0;38763.0
4111100;Transport;161835.0;47718.0
4111100;Unknown;399411.0;156637.0
4111100;Utilities;29881.0;0.0
4111258;Agriculture;414932.0;176125.0
4111258;Construction;1489341.0;387335.0
4111258;Financial;88399.0;0.0
4111258;Government;391216.0;0.0
4111258;Manufacturing;1351883.0;146467.0
4111258;Mining;89109.0;0.0
4111258;OtherServices;1803940.0;201381.0
4111258;RealEstate;4590.0;0.0
4111258;Trade;1436002.0;378729.0
4111258;Transport;681466.0;75487.0
4111258;Unknown;707391.0;258799.0
4111258;Utilities;111008.0;0.0
4112702;Agriculture;178329.0;79420.0
4112702;Business;44329.0;16240.0
4112702;Construction;200157.0;70979.0
4112702;Financial;30545.0;14409.0
4112702;Government;286520.0;4875.0
4112702;Manufacturing;854206.0;43109.0
4112702;Mining;9991.0;0.0
4112702;OtherServices;1013327.0;177682.0
4112702;RealEstate;5806.0;2600.0
4112702;Trade;942258.0;422619.0
4112702;Transport;214364.0;47377.0
4112702;Unknown;275105.0;58308.0
4112702;Utilities;54054.0;750.0
4113700;Agriculture;12446965.0;4057584.0
4113700;Business;8146631.0;1053858.0
4113700;Construction;22215406.0;8545119.0
4113700;Financial;11957062.0;1784228.0
4113700;Government;25159684.0;494799.0
4113700;Manufacturing;42494425.0;8449820.0
4113700;Mining;180569.0;11748.0
4113700;OtherServices;145023930.0;30304328.0
4113700;RealEstate;4615105.0;2062182.0
4113700;Trade;72242821.0;20667531.0
4113700;Transport;19605778.0;5736433.0
4113700;Unknown;23282862.0;6961075.0
4113700;Utilities;3760363.0;257804.0
4114104;Agriculture;833248.0;226971.0
4114104;Business;54391.0;0.0
4114104;Construction;709708.0;275704.0
4114104;Financial;127286.0;6809.0
4114104;Government;528847.0;0.0
4114104;Manufacturing;2131313.0;180008.0
4114104;Mining;31140.0;31140.0
4114104;OtherServices;2047547.0;357657.0
4114104;RealEstate;70136.0;0.0
4114104;Trade;1977333.0;651250.0
4114104;Transport;954214.0;414663.0
4114104;Unknown;771092.0;151114.0
4114104;Utilities;81333.0;16744.0
4114302;Agriculture;1599741.0;1259711.0
4114302;Business;60260.0;39520.0
4114302;Construction;732735.0;513927.0
4114302;Financial;6715.0;0.0
4114302;Government;528944.0;8444.0
4114302;Manufacturing;1287374.0;393754.0
4114302;Mining;28735.0;0.0
4114302;OtherServices;1519900.0;293208.0
4114302;Trade;999479.0;295659.0
4114302;Transport;724507.0;308850.0
4114302;Unknown;303061.0;103569.0
4114302;Utilities;140899.0;13936.0
4114708;Agriculture;673441.0;316188.0
4114708;Business;3939.0;0.0
4114708;Construction;95278.0;51910.0
4114708;Financial;12837.0;0.0
4114708;Government;197322.0;2350.0
4114708;Manufacturing;365503.0;31508.0
4114708;Mining;1759.0;0.0
4114708;OtherServices;363283.0;50241.0
4114708;RealEstate;2596.0;2596.0
4114708;Trade;386436.0;86021.0
4114708;Transport;77009.0;51017.0
4114708;Unknown;96573.0;58839.0
4114708;Utilities;19570.0;713.0
4114807;Agriculture;3704313.0;1824074.0
4114807;Business;210696.0;18386.0
4114807;Construction;1255630.0;492674.0
4114807;Financial;373030.0;0.0
4114807;Government;653570.0;23968.0
4114807;Manufacturing;2676545.0;457612.0
4114807;Mining;34437.0;3301.0
4114807;OtherServices;4391573.0;1104785.0
4114807;RealEstate;64584.0;52607.0
4114807;Trade;3335005.0;809152.0
4114807;Transport;1193861.0;531765.0
4114807;Unknown;816629.0;301846.0
4114807;Utilities;63424.0;3098.0
4115200;Agriculture;9472737.0;4257888.0
4115200;Business;6887426.0;1036026.0
4115200;Construction;18942127.0;8917160.0
4115200;Financial;9120466.0;537192.0
4115200;Government;20742131.0;14463.0
4115200;Manufacturing;36749706.0;6911712.0
4115200;Mining;307133.0;0.0
4115200;OtherServices;103160252.0;25311781.0
4115200;RealEstate;3366606.0;1671756.0
4115200;Trade;73029183.0;16968731.0
4115200;Transport;15431389.0;4585392.0
4115200;Unknown;18094205.0;6433046.0
4115200;Utilities;1889557.0;68428.0
4117404;Agriculture;341613.0;135414.0
4117404;Business;26026.0;0.0
4117404;Construction;114375.0;55994.0
4117404;Financial;19001.0;0.0
4117404;Government;96993.0;0.0
4117404;Manufacturing;307440.0;56576.0
4117404;Mining;7879.0;0.0
4117404;OtherServices;341536.0;42266.0
4117404;RealEstate;167419.0;1018.0
4117404;Trade;234947.0;62282.0
4117404;Transport;44222.0;6737.0
4117404;Unknown;48867.0;8005.0
4117404;Utilities;6400.0;0.0
4117453;Agriculture;746247.0;525933.0
4117453;Business;6352.0;0.0
4117453;Construction;193279.0;44280.0
4117453;Financial;5218.0;0.0
4117453;Government;96648.0;0.0
4117453;Manufacturing;352094.0;1409.0
4117453;OtherServices;402075.0;34097.0
4117453;Trade;314452.0;79959.0
4117453;Transport;116193.0;89096.0
4117453;Unknown;129139.0;8890.0
4117453;Utilities;30573.0;568.0
4117503;Agriculture;531183.0;299168.0
4117503;Business;130919.0;88122.0
4117503;Construction;2131758.0;860740.0
4117503;Financial;98024.0;0.0
4117503;Government;429834.0;8926.0
4117503;Manufacturing;4823514.0;580294.0
4117503;Mining;13619.0;0.0
4117503;OtherServices;3407473.0;443033.0
4117503;RealEstate;60935.0;0.0
4117503;Trade;3326843.0;590200.0
4117503;Transport;1254291.0;423395.0
4117503;Unknown;842430.0;208925.0
4117503;Utilities;286527.0;18516.0
4118204;Agriculture;861958.0;359002.0
4118204;Business;519538.0;103915.0
4118204;Construction;3625354.0;1622477.0
4118204;Financial;805754.0;55062.0
4118204;Government;5223685.0;76782.0
4118204;Manufacturing;6114716.0;887750.0
4118204;Mining;558290.0;0.0
4118204;OtherServices;20849179.0;3864407.0
4118204;RealEstate;183270.0;108476.0
4118204;Trade;14677589.0;5380456.0
4118204;Transport;15883718.0;3622394.0
4118204;Unknown;6371878.0;1371612.0
4118204;Utilities;509715.0;59789.0
4119152;Agriculture;574668.0;39339.0
4119152;Business;1342872.0;269848.0
4119152;Construction;6642880.0;2644698.0
4119152;Financial;2248890.0;99483.0
4119152;Government;4529220.0;49880.0
4119152;Manufacturing;14150783.0;2121060.0
4119152;Mining;294712.0;0.0
4119152;OtherServices;21838238.0;3936747.0
4119152;RealEstate;970971.0;288578.0
4119152;Trade;14057848.0;3623514.0
4119152;Transport;5005492.0;1631413.0
4119152;Unknown;8293438.0;1782425.0
4119152;Utilities;814584.0;88864.0
4119509;Agriculture;606149.0;286590.0
4119509;Business;733159.0;70748.0
4119509;Construction;5434377.0;2454570.0
4119509;Financial;267157.0;0.0
4119509;Government;2987525.0;6994.0
4119509;Manufacturing;5636644.0;691310.0
4119509;Mining;127614.0;0.0
4119509;OtherServices;11034248.0;874619.0
4119509;RealEstate;258780.0;118686.0
4119509;Trade;5648105.0;1477717.0
4119509;Transport;2489462.0;589686.0
4119509;Unknown;2604443.0;469664.0
4119509;Utilities;481868.0;43911.0
4119905;Agriculture;12146570.0;3195608.0
4119905;Business;2594367.0;443286.0
4119905;Construction;13947175.0;5784303.0
4119905;Financial;3978796.0;190229.0
4119905;Government;13204783.0;8167.0
4119905;Manufacturing;21368400.0;2692386.0
4119905;Mining;1140977.0;0.0
4119905;OtherServices;59983906.0;11523663.0
4119905;RealEstate;1240407.0;217941.0
4119905;Trade;35830808.0;10436332.0
4119905;Transport;14293327.0;3800790.0
4119905;Unknown;7874642.0;1679123.0
4119905;Utilities;2205663.0;162622.0
4120408;Agriculture;324204.0;57081.0
4120408;Business;3394.0;0.0
4120408;Construction;119196.0;78962.0
4120408;Financial;3272.0;0.0
4120408;Government;255664.0;0.0
4120408;Manufacturing;446671.0;63438.0
4120408;OtherServices;420944.0;172606.0
4120408;RealEstate;1369.0;0.0
4120408;Trade;308697.0;146286.0
4120408;Transport;216735.0;61043.0
4120408;Unknown;160424.0;63498.0
4120408;Utilities;5271.0;0.0
4120804;Agriculture;202244.0;53733.0
4120804;Business;190420.0;70994.0
4120804;Construction;1469847.0;1088190.0
4120804;Financial;85244.0;0.0
4120804;Government;1263038.0;0.0
4120804;Manufacturing;2436535.0;137842.0
4120804;Mining;139609.0;3838.0
4120804;OtherServices;3303219.0;537215.0
4120804;RealEstate;63430.0;60620.0
4120804;Trade;1602063.0;507922.0
4120804;Transport;821298.0;191781.0
4120804;Unknown;779156.0;139778.0
4120804;Utilities;164767.0;0.0
4122206;Agriculture;1076499.0;786613.0
4122206;Business;74255.0;12720.0
4122206;Construction;1441125.0;532298.0
4122206;Financial;62915.0;23042.0
4122206;Government;593165.0;0.0
4122206;Manufacturing;1867487.0;264771.0
4122206;Mining;169365.0;13776.0
4122206;OtherServices;2569172.0;191335.0
4122206;RealEstate;131355.0;0.0
4122206;Trade;2248960.0;570587.0
4122206;Transport;965859.0;426346.0
4122206;Unknown;1277013.0;255147.0
4122206;Utilities;82462.0;7628.0
4124020;Agriculture;717074.0;374805.0
4124020;Business;37468.0;12698.0
4124020;Construction;521765.0;322812.0
4124020;Financial;19155.0;0.0
4124020;Government;212918.0;0.0
4124020;Manufacturing;900208.0;96410.0
4124020;Mining;26039.0;0.0
4124020;OtherServices;817605.0;133431.0
4124020;RealEstate;3910.0;3910.0
4124020;Trade;894731.0;187334.0
4124020;Transport;268998.0;92855.0
4124020;Unknown;271776.0;107235.0
4124020;Utilities;36728.0;6022.0
4124053;Agriculture;1027547.0;679700.0
4124053;Business;201188.0;105757.0
4124053;Construction;811867.0;419255.0
4124053;Financial;136560.0;0.0
4124053;Government;876814.0;9034.0
4124053;Manufacturing;691879.0;121563.0
4124053;Mining;21769.0;0.0
4124053;OtherServices;2387993.0;375195.0
4124053;RealEstate;84350.0;66445.0
4124053;Trade;2174164.0;744626.0
4124053;Transport;1051122.0;622952.0
4124053;Unknown;460062.0;175671.0
4124053;Utilities;265982.0;12397.0
4125506;Agriculture;3676893.0;2086361.0
4125506;Business;2514627.0;651814.0
4125506;Construction;13818342.0;6672994.0
4125506;Financial;3683737.0;238003.0
4125506;Government;8772485.0;97195.0
4125506;Manufacturing;33547587.0;3872562.0
4125506;Mining;734690.0;134205.0
4125506;OtherServices;41154769.0;7625510.0
4125506;RealEstate;1976228.0;553764.0
4125506;Trade;28928859.0;8632829.0
4125506;Transport;16484848.0;4185175.0
4125506;Unknown;17667113.0;3154485.0
4125506;Utilities;1571164.0;334915.0
4126256;Agriculture;609122.0;131626.0
4126256;Business;358200.0;96656.0
4126256;Construction;5908445.0;2359297.0
4126256;Financial;238240.0;14058.0
4126256;Government;930465.0;33616.0
4126256;Manufacturing;6306831.0;980850.0
4126256;Mining;46933.0;0.0
4126256;OtherServices;7746897.0;1199155.0
4126256;RealEstate;319896.0;54172.0
4126256;Trade;7200604.0;1614588.0
4126256;Transport;2508887.0;484904.0
4126256;Unknown;2695587.0;533419.0
4126256;Utilities;148979.0;21625.0
4127700;Agriculture;9221020.0;6298369.0
4127700;Business;697797.0;206588.0
4127700;Construction;4714019.0;1867886.0
4127700;Financial;1481734.0;62290.0
4127700;Government;3773240.0;9802.0
4127700;Manufacturing;15518697.0;1100652.0
4127700;Mining;29399.0;9416.0
4127700;OtherServices;20601743.0;3074058.0
4127700;RealEstate;329560.0;146157.0
4127700;Trade;15297676.0;3263788.0
4127700;Transport;3441721.0;1159084.0
4127700;Unknown;2120895.0;404746.0
4127700;Utilities;742645.0;60860.0
4128104;Agriculture;3210655.0;1864001.0
4128104;Business;871336.0;233840.0
4128104;Construction;4523054.0;1982857.0
4128104;Financial;1458144.0;40138.0
4128104;Government;6293415.0;85812.0
4128104;Manufacturing;8601846.0;1477630.0
4128104;Mining;45357.0;10848.0
4128104;OtherServices;18951711.0;4195098.0
4128104;RealEstate;304084.0;171872.0
4128104;Trade;17154261.0;5270201.0
4128104;Transport;2720747.0;1258655.0
4128104;Unknown;2443924.0;1269210.0
4128104;Utilities;792656.0;76535.0
4200606;Agriculture;779686.0;718276.0
4200606;Business;2072.0;0.0
4200606;Construction;536669.0;169913.0
4200606;Financial;38744.0;0.0
4200606;Government;123385.0;0.0
4200606;Manufacturing;208564.0;28347.0
4200606;OtherServices;606777.0;87409.0
4200606;Trade;565501.0;68194.0
4200606;Transport;59096.0;0.0
4200606;Unknown;52630.0;22265.0
4200606;Utilities;72596.0;0.0
4201208;Agriculture;1252265.0;1143012.0
4201208;Business;23721.0;0.0
4201208;Construction;470203.0;338808.0
4201208;Financial;49939.0;0.0
4201208;Government;210457.0;0.0
4201208;Manufacturing;485257.0;117897.0
4201208;OtherServices;724759.0;89023.0
4201208;RealEstate;9017.0;9017.0
4201208;Trade;814601.0;281370.0
4201208;Transport;278259.0;75057.0
4201208;Unknown;452919.0;161029.0
4201208;Utilities;5058.0;0.0
4201307;Agriculture;627432.0;344656.0
4201307;Business;107951.0;29848.0
4201307;Construction;1023281.0;444247.0
4201307;Financial;78074.0;0.0
4201307;Government;436081.0;0.0
4201307;Manufacturing;2680040.0;131274.0
4201307;Mining;108109.0;0.0
4201307;OtherServices;2521529.0;243640.0
4201307;RealEstate;19782.0;0.0
4201307;Trade;2201962.0;817780.0
4201307;Transport;602335.0;130661.0
4201307;Unknown;728760.0;126619.0
4201307;Utilities;98758.0;8603.0
4202008;Agriculture;1250774.0;343967.0
4202008;Business;1974132.0;772268.0
4202008;Construction;10699514.0;4417264.0
4202008;Financial;2301264.0;435641.0
4202008;Government;8014397.0;30101.0
4202008;Manufacturing;8921660.0;2293329.0
4202008;Mining;428343.0;6166.0
4202008;OtherServices;43898832.0;14114456.0
4202008;RealEstate;2965536.0;2371322.0
4202008;Trade;23718560.0;7906197.0
4202008;Transport;5272983.0;1081450.0
4202008;Unknown;5515814.0;2069331.0
4202008;Utilities;825485.0;61781.0
4202107;Agriculture;591646.0;354610.0
4202107;Business;216230.0;82316.0
4202107;Construction;1725630.0;1122368.0
4202107;Financial;107523.0;41496.0
4202107;Government;739526.0;22468.0
4202107;Manufacturing;1816676.0;530866.0
4202107;Mining;52040.0;0.0
4202107;OtherServices;2494366.0;653794.0
4202107;RealEstate;132168.0;97437.0
4202107;Trade;2396075.0;808955.0
4202107;Transport;666083.0;364906.0
4202107;Unknown;730221.0;346456.0
4202107;Utilities;132461.0;23094.0
4202305;Agriculture;1323998.0;750903.0
4202305;Business;449199.0;115601.0
4202305;Construction;4207694.0;1617788.0
4202305;Financial;872659.0;81646.0
4202305;Government;2474410.0;0.0
4202305;Manufacturing;4190101.0;779006.0
4202305;Mining;67172.0;0.0
4202305;OtherServices;9041178.0;1317986.0
4202305;RealEstate;189883.0;13088.0
4202305;Trade;6110846.0;1303223.0
4202305;Transport;2115831.0;486220.0
4202305;Unknown;1303936.0;391479.0
4202305;Utilities;408020.0;84483.0
4202404;Agriculture;1294423.0;286894.0
4202404;Business;9316814.0;1608421.0
4202404;Construction;17719971.0;7994784.0
4202404;Financial;9567274.0;1026004.0
4202404;Government;14619503.0;90159.0
4202404;Manufacturing;70356592.0;9123002.0
4202404;Mining;348345.0;115653.0
4202404;OtherServices;75003024.0;20015667.0
4202404;RealEstate;2349932.0;893052.0
4202404;Trade;45510670.0;13271248.0
4202404;Transport;11203813.0;2832455.0
4202404;Unknown;17174132.0;3835053.0
4202404;Utilities;1579706.0;169006.0
4202701;Agriculture;221134.0;199919.0
4202701;Business;2960.0;2960.0
4202701;Construction;142665.0;109212.0
4202701;Financial;27670.0;0.0
4202701;Government;123548.0;0.0
4202701;Manufacturing;1047980.0;164333.0
4202701;Mining;159733.0;0.0
4202701;OtherServices;254981.0;16792.0
4202701;Trade;641498.0;108623.0
4202701;Transport;43501.0;24961.0
4202701;Unknown;16482.0;11210.0
4202701;Utilities;21334.0;0.0
4202909;Agriculture;545715.0;264681.0
4202909;Business;617946.0;124684.0
4202909;Construction;7652516.0;4909779.0
4202909;Financial;1186388.0;116402.0
4202909;Government;2665684.0;0.0
4202909;Manufacturing;33208417.0;4846653.0
4202909;Mining;26346.0;6801.0
4202909;OtherServices;19915549.0;4096709.0
4202909;RealEstate;652488.0;64822.0
4202909;Trade;14045119.0;3496169.0
4202909;Transport;2568937.0;880430.0
4202909;Unknown;4325832.0;610430.0
4202909;Utilities;959262.0;450058.0
4203204;Agriculture;633632.0;323894.0
4203204;Business;203442.0;0.0
4203204;Construction;8961987.0;2245259.0
4203204;Financial;170973.0;20855.0
4203204;Government;1723839.0;4075.0
4203204;Manufacturing;3530147.0;861136.0
4203204;Mining;178718.0;70206.0
4203204;OtherServices;11848776.0;2876308.0
4203204;RealEstate;514974.0;135622.0
4203204;Trade;9593724.0;2995624.0
4203204;Transport;2061526.0;735090.0
4203204;Unknown;787047.0;318991.0
4203204;Utilities;310166.0;60960.0
4203956;Agriculture;176385.0;138451.0
4203956;Business;149994.0;69302.0
4203956;Construction;1378605.0;423445.0
4203956;Financial;120236.0;0.0
4203956;Government;1098970.0;0.0
4203956;Manufacturing;1741835.0;164601.0
4203956;Mining;88783.0;0.0
4203956;OtherServices;2526366.0;380536.0
4203956;RealEstate;18494.0;0.0
4203956;Trade;2109119.0;443112.0
4203956;Transport;755745.0;119078.0
4203956;Unknown;325706.0;43206.0
4203956;Utilities;559893.0;0.0
4204202;Agriculture;4924994.0;3270478.0
4204202;Business;1957105.0;262615.0
4204202;Construction;10933433.0;3505059.0
4204202;Financial;3109859.0;283997.0
4204202;Government;10825300.0;178840.0
4204202;Manufacturing;21244408.0;1916005.0
4204202;Mining;16019.0;0.0
4204202;OtherServices;33905963.0;6775791.0
4204202;RealEstate;1685012.0;442972.0
4204202;Trade;27580441.0;6270525.0
4204202;Transport;9039901.0;2187950.0
4204202;Unknown;12551006.0;2942210.0
4204202;Utilities;1126934.0;148305.0
4204251;Agriculture;224616.0;176663.0
4204251;Business;90563.0;12978.0
4204251;Construction;786397.0;336770.0
4204251;Financial;105380.0;19629.0
4204251;Government;426080.0;0.0
4204251;Manufacturing;2556725.0;237955.0
4204251;Mining;91554.0;0.0
4204251;OtherServices;1712907.0;298210.0
4204251;RealEstate;17414.0;0.0
4204251;Trade;1357212.0;268581.0
4204251;Transport;534608.0;228243.0
4204251;Unknown;873201.0;192005.0
4204251;Utilities;109836.0;11701.0
4204350;Agriculture;756311.0;673723.0
4204350;Construction;63247.0;44218.0
4204350;Financial;27467.0;0.0
4204350;Government;71995.0;0.0
4204350;Manufacturing;157448.0;10436.0
4204350;Mining;3639.0;2239.0
4204350;OtherServices;280345.0;22668.0
4204350;RealEstate;1993.0;0.0
4204350;Trade;617442.0;139781.0
4204350;Transport;182141.0;20020.0
4204350;Unknown;190537.0;27691.0
4204350;Utilities;8099.0;4419.0
4204509;Agriculture;2005043.0;1606664.0
4204509;Business;36901.0;4623.0
4204509;Construction;591226.0;291547.0
4204509;Financial;64107.0;0.0
4204509;Government;271695.0;0.0
4204509;Manufacturing;2421932.0;159242.0
4204509;OtherServices;1302917.0;308780.0
4204509;RealEstate;5965.0;0.0
4204509;Trade;2077265.0;238552.0
4204509;Transport;210881.0;53448.0
4204509;Unknown;269943.0;47508.0
4204509;Utilities;35181.0;0.0
4204608;Agriculture;2192653.0;934838.0
4204608;Business;2176733.0;343294.0
4204608;Construction;10239433.0;4108967.0
4204608;Financial;3556570.0;273487.0
4204608;Government;7845813.0;23357.0
4204608;Manufacturing;31893724.0;3317320.0
4204608;Mining;4304188.0;439698.0
4204608;OtherServices;40028511.0;10160001.0
4204608;RealEstate;1325414.0;599865.0
4204608;Trade;27367762.0;6192140.0
4204608;Transport;7472386.0;1894318.0
4204608;Unknown;7312582.0;800800.0
4204608;Utilities;1337998.0;37546.0
4205407;Agriculture;3226449.0;1488365.0
4205407;Business;23858394.0;3789956.0
4205407;Construction;27294951.0;11038010.0
4205407;Financial;19506046.0;1688270.0
4205407;Government;92359063.0;180129.0
4205407;Manufacturing;19256236.0;5182686.0
4205407;Mining;983344.0;0.0
4205407;OtherServices;196111151.0;46081059.0
4205407;RealEstate;8443499.0;4949889.0
4205407;Trade;67829327.0;16847347.0
4205407;Transport;13853144.0;2631439.0
4205407;Unknown;15005963.0;4632942.0
4205407;Utilities;12244991.0;468060.0
4205456;Agriculture;1509062.0;1271000.0
4205456;Business;205455.0;64772.0
4205456;Construction;1365340.0;620265.0
4205456;Financial;62378.0;11589.0
4205456;Government;274187.0;0.0
4205456;Manufacturing;2861745.0;160881.0
4205456;Mining;410694.0;28157.0
4205456;OtherServices;1560049.0;228531.0
4205456;RealEstate;10244.0;0.0
4205456;Trade;1789164.0;784534.0
4205456;Transport;720375.0;228497.0
4205456;Unknown;1794158.0;369592.0
4205456;Utilities;69129.0;5225.0
4205902;Agriculture;633506.0;485336.0
4205902;Business;437880.0;112298.0
4205902;Construction;3003028.0;1701737.0
4205902;Financial;491438.0;11272.0
4205902;Government;1619204.0;0.0
4205902;Manufacturing;15013125.0;3291877.0
4205902;Mining;137566.0;0.0
4205902;OtherServices;7240132.0;1281413.0
4205902;RealEstate;85968.0;49277.0
4205902;Trade;5063250.0;1075356.0
4205902;Transport;1582340.0;516709.0
4205902;Unknown;5286569.0;1032724.0
4205902;Utilities;214852.0;6672.0
4206009;Agriculture;1324869.0;268267.0
4206009;Business;41609.0;0.0
4206009;Construction;624422.0;327261.0
4206009;Financial;75083.0;10659.0
4206009;Government;348632.0;0.0
4206009;Manufacturing;830978.0;94057.0
4206009;Mining;29523.0;0.0
4206009;OtherServices;1793558.0;313733.0
4206009;RealEstate;50935.0;37715.0
4206009;Trade;1110333.0;306307.0
4206009;Transport;277648.0;81940.0
4206009;Unknown;180652.0;97804.0
4206009;Utilities;66080.0;4456.0
4206207;Agriculture;377347.0;284667.0
4206207;Business;27129.0;0.0
4206207;Construction;438720.0;151790.0
4206207;Financial;78619.0;0.0
4206207;Government;443672.0;2802.0
4206207;Manufacturing;1076907.0;97680.0
4206207;Mining;13936.0;0.0
4206207;OtherServices;1752583.0;238718.0
4206207;RealEstate;27206.0;0.0
4206207;Trade;846892.0;177078.0
4206207;Transport;195789.0;30147.0
4206207;Unknown;234963.0;13178.0
4206207;Utilities;39518.0;0.0
4206306;Agriculture;79143.0;22430.0
4206306;Business;58173.0;15779.0
4206306;Construction;771103.0;476772.0
4206306;Financial;79002.0;32778.0
4206306;Government;324629.0;0.0
4206306;Manufacturing;5538386.0;844387.0
4206306;OtherServices;1807119.0;159532.0
4206306;RealEstate;12575.0;0.0
4206306;Trade;1215277.0;295866.0
4206306;Transport;300545.0;48766.0
4206306;Unknown;1211477.0;180874.0
4206306;Utilities;93522.0;13104.0
4206504;Agriculture;641250.0;371472.0
4206504;Business;232906.0;94021.0
4206504;Construction;1363021.0;787025.0
4206504;Financial;57021.0;0.0
4206504;Government;979270.0;0.0
4206504;Manufacturing;7207806.0;389567.0
4206504;Mining;38075.0;0.0
4206504;OtherServices;3344217.0;522302.0
4206504;RealEstate;46640.0;0.0
4206504;Trade;3345712.0;670502.0
4206504;Transport;1054051.0;168590.0
4206504;Unknown;2125976.0;460300.0
4206504;Utilities;74835.0;29221.0
4206652;Agriculture;1013046.0;750197.0
4206652;Business;1573.0;0.0
4206652;Construction;89148.0;33687.0
4206652;Financial;10909.0;0.0
4206652;Government;73793.0;10096.0
4206652;Manufacturing;458808.0;50118.0
4206652;OtherServices;254687.0;40177.0
4206652;Trade;198397.0;26263.0
4206652;Transport;109237.0;14942.0
4206652;Unknown;24105.0;5909.0
4206652;Utilities;42519.0;0.0
4207007;Agriculture;1913549.0;1493326.0
4207007;Business;375146.0;69826.0
4207007;Construction;2839269.0;1503666.0
4207007;Financial;562234.0;0.0
4207007;Government;1060615.0;0.0
4207007;Manufacturing;8470514.0;1566522.0
4207007;Mining;397228.0;135331.0
4207007;OtherServices;4919815.0;992957.0
4207007;RealEstate;205444.0;44797.0
4207007;Trade;7106796.0;1599901.0
4207007;Transport;2269737.0;860265.0
4207007;Unknown;1973627.0;298543.0
4207007;Utilities;472637.0;47103.0
4207106;Agriculture;557090.0;324132.0
4207106;Business;40794.0;0.0
4207106;Construction;544243.0;259377.0
4207106;Financial;25141.0;2370.0
4207106;Government;319290.0;0.0
4207106;Manufacturing;2991584.0;474391.0
4207106;Mining;23090.0;0.0
4207106;OtherServices;705431.0;97011.0
4207106;RealEstate;5300.0;0.0
4207106;Trade;671730.0;164823.0
4207106;Transport;600930.0;232407.0
4207106;Unknown;608226.0;476438.0
4207106;Utilities;167815.0;5127.0
4207502;Agriculture;502264.0;300398.0
4207502;Business;447116.0;74183.0
4207502;Construction;3839000.0;1878239.0
4207502;Financial;424071.0;13666.0
4207502;Government;1186421.0;17885.0
4207502;Manufacturing;15814320.0;1734193.0
4207502;Mining;44453.0;0.0
4207502;OtherServices;6730495.0;1207004.0
4207502;RealEstate;88637.0;43188.0
4207502;Trade;6605059.0;1787371.0
4207502;Transport;1422418.0;453207.0
4207502;Unknown;1471104.0;539666.0
4207502;Utilities;546956.0;37949.0
4208203;Agriculture;3312977.0;1314365.0
4208203;Business;1745095.0;468571.0
4208203;Construction;9427963.0;4914174.0
4208203;Financial;2879083.0;645574.0
4208203;Government;8822727.0;36037.0
4208203;Manufacturing;20425929.0;3118595.0
4208203;Mining;1019322.0;0.0
4208203;OtherServices;39103418.0;9650308.0
4208203;RealEstate;1697938.0;988731.0
4208203;Trade;31272763.0;8329653.0
4208203;Transport;16821853.0;4130909.0
4208203;Unknown;5153768.0;1409612.0
4208203;Utilities;1410768.0;389006.0
4208906;Agriculture;1189949.0;617565.0
4208906;Business;1669250.0;81082.0
4208906;Construction;7570620.0;3822691.0
4208906;Financial;2364631.0;114930.0
4208906;Government;4135725.0;36773.0
4208906;Manufacturing;44630019.0;2983023.0
4208906;Mining;83974.0;2991.0
4208906;OtherServices;30307448.0;7335303.0
4208906;RealEstate;948852.0;457317.0
4208906;Trade;18000629.0;3976674.0
4208906;Transport;3233411.0;784200.0
4208906;Unknown;7290452.0;1817613.0
4208906;Utilities;1409626.0;147259.0
4209102;Agriculture;2961526.0;1119978.0
4209102;Business;11979538.0;1814148.0
4209102;Construction;25268150.0;10322994.0
4209102;Financial;11237066.0;1093202.0
4209102;Government;19500401.0;89029.0
4209102;Manufacturing;116763736.0;8711440.0
4209102;Mining;712566.0;14739.0
4209102;OtherServices;114234748.0;24822712.0
4209102;RealEstate;4279568.0;1548309.0
4209102;Trade;74142667.0;17721950.0
4209102;Transport;20204019.0;7124157.0
4209102;Unknown;27922825.0;5077892.0
4209102;Utilities;4483489.0;476477.0
4209300;Agriculture;3970070.0;1795531.0
4209300;Business;1345010.0;488565.0
4209300;Construction;5591037.0;2137279.0
4209300;Financial;2744807.0;306163.0
4209300;Government;9125328.0;165457.0
4209300;Manufacturing;9973640.0;1909527.0
4209300;Mining;149361.0;0.0
4209300;OtherServices;29317036.0;5766413.0
4209300;RealEstate;344016.0;80187.0
4209300;Trade;18157380.0;4339404.0
4209300;Transport;5395096.0;1561910.0
4209300;Unknown;3557713.0;957694.0
4209300;Utilities;1235403.0;80414.0
4209409;Agriculture;2033424.0;956940.0
4209409;Business;240343.0;129519.0
4209409;Construction;2058488.0;861948.0
4209409;Financial;203931.0;20826.0
4209409;Government;2393648.0;15679.0
4209409;Manufacturing;2505988.0;454100.0
4209409;Mining;24481.0;10401.0
4209409;OtherServices;6202153.0;1859800.0
4209409;RealEstate;79645.0;56546.0
4209409;Trade;3972577.0;1072645.0
4209409;Transport;1042902.0;180315.0
4209409;Unknown;539842.0;111992.0
4209409;Utilities;502703.0;5998.0
4211207;Agriculture;301099.0;190067.0
4211207;Business;96181.0;4000.0
4211207;Construction;638094.0;385656.0
4211207;Financial;112245.0;56535.0
4211207;Government;319352.0;0.0
4211207;Manufacturing;4025484.0;179226.0
4211207;Mining;83265.0;7688.0
4211207;OtherServices;1495244.0;350351.0
4211207;RealEstate;28977.0;0.0
4211207;Trade;1314834.0;222172.0
4211207;Transport;599043.0;240581.0
4211207;Unknown;441983.0;55170.0
4211207;Utilities;201211.0;3425.0
4211256;Agriculture;980747.0;900939.0
4211256;Construction;38907.0;21223.0
4211256;Financial;18746.0;0.0
4211256;Government;82107.0;0.0
4211256;Manufacturing;304206.0;34008.0
4211256;Mining;1372.0;0.0
4211256;OtherServices;176155.0;19207.0
4211256;Trade;95805.0;52472.0
4211256;Transport;51904.0;17249.0
4211256;Unknown;68367.0;31078.0
4211306;Agriculture;2497892.0;256209.0
4211306;Business;203147.0;21206.0
4211306;Construction;3022458.0;1181744.0
4211306;Financial;330959.0;72986.0
4211306;Government;1613029.0;0.0
4211306;Manufacturing;5442014.0;991962.0
4211306;Mining;185503.0;0.0
4211306;OtherServices;7267682.0;1310931.0
4211306;RealEstate;401449.0;325671.0
4211306;Trade;5997989.0;1821117.0
4211306;Transport;3854073.0;870612.0
4211306;Unknown;1412069.0;286667.0
4211306;Utilities;95508.0;21017.0
4211603;Agriculture;742734.0;505886.0
4211603;Business;22746.0;0.0
4211603;Construction;486138.0;272622.0
4211603;Financial;10923.0;0.0
4211603;Government;292558.0;0.0
4211603;Manufacturing;2791418.0;187995.0
4211603;OtherServices;1110770.0;210340.0
4211603;RealEstate;10753.0;10753.0
4211603;Trade;976982.0;326269.0
4211603;Transport;225018.0;98838.0
4211603;Unknown;1347354.0;244790.0
4211603;Utilities;28093.0;0.0
4211900;Agriculture;1285276.0;497373.0
4211900;Business;2402132.0;263209.0
4211900;Construction;12109285.0;4942672.0
4211900;Financial;1385188.0;33591.0
4211900;Government;7638531.0;32976.0
4211900;Manufacturing;10446605.0;2357718.0
4211900;Mining;212708.0;0.0
4211900;OtherServices;24850331.0;4336421.0
4211900;RealEstate;773797.0;480554.0
4211900;Trade;17869444.0;4248090.0
4211900;Transport;4124186.0;776326.0
4211900;Unknown;3413461.0;1128667.0
4211900;Utilities;1551963.0;240571.0
4212304;Agriculture;212778.0;101742.0
4212304;Business;55686.0;45681.0
4212304;Construction;496981.0;130151.0
4212304;Financial;15517.0;0.0
4212304;Government;208377.0;0.0
4212304;Manufacturing;336559.0;75136.0
4212304;Mining;28286.0;10160.0
4212304;OtherServices;508578.0;79396.0
4212304;Trade;818874.0;209505.0
4212304;Transport;229047.0;97428.0
4212304;Unknown;29069.0;9203.0
4212304;Utilities;124630.0;1477.0
4212502;Agriculture;1463162.0;483240.0
4212502;Business;50914.0;0.0
4212502;Construction;1570217.0;909094.0
4212502;Financial;177248.0;29779.0
4212502;Government;571970.0;13544.0
4212502;Manufacturing;1635193.0;474150.0
4212502;Mining;143403.0;0.0
4212502;OtherServices;3265531.0;463970.0
4212502;RealEstate;38592.0;38592.0
4212502;Trade;2804051.0;898512.0
4212502;Transport;1543044.0;88526.0
4212502;Unknown;579580.0;88068.0
4212502;Utilities;101004.0;18732.0
4212809;Agriculture;441232.0;252132.0
4212809;Business;72700.0;20485.0
4212809;Construction;1253734.0;775643.0
4212809;Financial;151729.0;0.0
4212809;Government;516108.0;0.0
4212809;Manufacturing;1200991.0;220808.0
4212809;Mining;7922.0;0.0
4212809;OtherServices;2537134.0;677426.0
4212809;RealEstate;150242.0;42222.0
4212809;Trade;2513256.0;749282.0
4212809;Transport;608463.0;261936.0
4212809;Unknown;291028.0;36322.0
4212809;Utilities;118230.0;6212.0
4215000;Agriculture;1566216.0;485655.0
4215000;Business;110786.0;31821.0
4215000;Construction;1770477.0;482573.0
4215000;Financial;324554.0;90915.0
4215000;Government;1272623.0;13694.0
4215000;Manufacturing;5695257.0;366392.0
4215000;OtherServices;4189123.0;591480.0
4215000;RealEstate;90972.0;0.0
4215000;Trade;2949542.0;790292.0
4215000;Transport;1234480.0;383490.0
4215000;Unknown;912824.0;349778.0
4215000;Utilities;228650.0;34986.0
4215703;Agriculture;501098.0;369205.0
4215703;Business;171078.0;42296.0
4215703;Construction;2240568.0;859641.0
4215703;Financial;271358.0;0.0
4215703;Government;918957.0;0.0
4215703;Manufacturing;1122761.0;222162.0
4215703;Mining;34711.0;4209.0
4215703;OtherServices;3642073.0;490028.0
4215703;RealEstate;91043.0;31396.0
4215703;Trade;2627660.0;553725.0
4215703;Transport;650728.0;146567.0
4215703;Unknown;564872.0;211246.0
4215703;Utilities;208002.0;17684.0
4215802;Agriculture;777044.0;478330.0
4215802;Business;639752.0;250180.0
4215802;Construction;2345407.0;1602908.0
4215802;Financial;850832.0;79660.0
4215802;Government;1911650.0;0.0
4215802;Manufacturing;16105184.0;1878588.0
4215802;Mining;13999.0;0.0
4215802;OtherServices;10965907.0;2050165.0
4215802;RealEstate;224318.0;169061.0
4215802;Trade;8713033.0;2975888.0
4215802;Transport;2011405.0;650591.0
4215802;Unknown;2746178.0;608815.0
4215802;Utilities;206601.0;30568.0
4216602;Agriculture;789384.0;168822.0
4216602;Business;5615781.0;587831.0
4216602;Construction;13884984.0;5902793.0
4216602;Financial;5332027.0;325246.0
4216602;Government;22477261.0;41526.0
4216602;Manufacturing;13334466.0;3047841.0
4216602;Mining;197773.0;57545.0
4216602;OtherServices;54975607.0;10413873.0
4216602;RealEstate;2788265.0;1341896.0
4216602;Trade;40091532.0;8933111.0
4216602;Transport;7172201.0;2206545.0
4216602;Unknown;5428790.0;1971152.0
4216602;Utilities;3830390.0;308378.0
4217253;Agriculture;105956.0;90578.0
4217253;Business;28502.0;8556.0
4217253;Construction;148421.0;87124.0
4217253;Financial;13579.0;0.0
4217253;Government;234535.0;1432.0
4217253;Manufacturing;152869.0;51962.0
4217253;Mining;1342.0;1342.0
4217253;OtherServices;601807.0;62815.0
4217253;RealEstate;8039.0;5963.0
4217253;Trade;267089.0;81036.0
4217253;Transport;82717.0;13380.0
4217253;Unknown;82573.0;32317.0
4217253;Utilities;2337.0;0.0
4217402;Agriculture;339516.0;242041.0
4217402;Business;50940.0;0.0
4217402;Construction;557494.0;331606.0
4217402;Financial;8525.0;0.0
4217402;Government;401551.0;0.0
4217402;Manufacturing;5594052.0;395530.0
4217402;OtherServices;1315153.0;183572.0
4217402;RealEstate;24443.0;0.0
4217402;Trade;1434469.0;227870.0
4217402;Transport;332471.0;56262.0
4217402;Unknown;192181.0;70926.0
4217402;Utilities;200912.0;7936.0
4217600;Agriculture;588808.0;489376.0
4217600;Business;29148.0;0.0
4217600;Construction;591002.0;240691.0
4217600;Financial;80465.0;5058.0
4217600;Government;447548.0;7453.0
4217600;Manufacturing;1689044.0;171311.0
4217600;Mining;581504.0;10289.0
4217600;OtherServices;1362080.0;208423.0
4217600;RealEstate;24209.0;24209.0
4217600;Trade;1194190.0;364722.0
4217600;Transport;473827.0;134658.0
4217600;Unknown;273412.0;113191.0
4217600;Utilities;121544.0;11061.0
4218350;Agriculture;155357.0;86350.0
4218350;Construction;93130.0;43801.0
4218350;Financial;3739.0;0.0
4218350;Government;192050.0;0.0
4218350;Manufacturing;166944.0;5632.0
4218350;Mining;565940.0;17819.0
4218350;OtherServices;251151.0;32518.0
4218350;Trade;148228.0;15480.0
4218350;Transport;39985.0;11046.0
4218350;Unknown;79713.0;16805.0
4218350;Utilities;35625.0;0.0
4218707;Agriculture;1122521.0;695307.0
4218707;Business;1140745.0;137986.0
4218707;Construction;4749480.0;2087522.0
4218707;Financial;1230567.0;129656.0
4218707;Government;5409459.0;145230.0
4218707;Manufacturing;11380406.0;1825562.0
4218707;Mining;69995.0;0.0
4218707;OtherServices;20810388.0;5261539.0
4218707;RealEstate;556410.0;106124.0
4218707;Trade;15804845.0;3345813.0
4218707;Transport;4157533.0;1221048.0
4218707;Unknown;4223057.0;844724.0
4218707;Utilities;2442632.0;136618.0
4219002;Agriculture;953079.0;638390.0
4219002;Business;66231.0;0.0
4219002;Construction;929737.0;398082.0
4219002;Financial;216836.0;0.0
4219002;Government;855228.0;0.0
4219002;Manufacturing;3586582.0;204242.0
4219002;Mining;262157.0;50387.0
4219002;OtherServices;2686375.0;529874.0
4219002;RealEstate;26354.0;13305.0
4219002;Trade;1541547.0;239884.0
4219002;Transport;560419.0;186064.0
4219002;Unknown;544902.0;105403.0
4219002;Utilities;172842.0;8940.0
4300034;Agriculture;1242592.0;935075.0
4300034;Business;19954.0;6596.0
4300034;Construction;31439.0;12620.0
4300034;Financial;40532.0;0.0
4300034;Government;83903.0;4947.0
4300034;Manufacturing;34935.0;17264.0
4300034;OtherServices;307058.0;28445.0
4300034;Trade;250988.0;147646.0
4300034;Transport;68954.0;41158.0
4300034;Unknown;53812.0;3828.0
4300034;Utilities;9612.0;0.0
4300604;Agriculture;472777.0;224126.0
4300604;Business;1568114.0;285994.0
4300604;Construction;9031293.0;3232485.0
4300604;Financial;1338572.0;33224.0
4300604;Government;3653773.0;57567.0
4300604;Manufacturing;11736526.0;1887495.0
4300604;Mining;106206.0;21522.0
4300604;OtherServices;24681819.0;3399654.0
4300604;RealEstate;606865.0;230240.0
4300604;Trade;20586629.0;5544469.0
4300604;Transport;7340704.0;1642937.0
4300604;Unknown;2236276.0;599900.0
4300604;Utilities;799125.0;104404.0
4300877;Agriculture;80650.0;55339.0
4300877;Business;55057.0;22821.0
4300877;Construction;133786.0;81917.0
4300877;Government;144711.0;3535.0
4300877;Manufacturing;914507.0;60891.0
4300877;Mining;5888.0;3856.0
4300877;OtherServices;273297.0;68158.0
4300877;RealEstate;2142.0;2142.0
4300877;Trade;230697.0;99125.0
4300877;Transport;78589.0;29295.0
4300877;Unknown;100732.0;24614.0
4300877;Utilities;16955.0;3462.0
4301008;Agriculture;1452567.0;1119341.0
4301008;Business;108717.0;0.0
4301008;Construction;952093.0;454206.0
4301008;Financial;208814.0;0.0
4301008;Government;420970.0;0.0
4301008;Manufacturing;3288274.0;311986.0
4301008;Mining;17203.0;0.0
4301008;OtherServices;2237254.0;467015.0
4301008;RealEstate;55104.0;0.0
4301008;Trade;1718536.0;404442.0
4301008;Transport;665979.0;329812.0
4301008;Unknown;40588.0;27178.0
4301008;Utilities;85320.0;16421.0
4301073;Agriculture;866248.0;835873.0
4301073;Construction;11953.0;4794.0
4301073;Government;60816.0;0.0
4301073;Manufacturing;64571.0;14057.0
4301073;OtherServices;103918.0;7554.0
4301073;Trade;133168.0;103575.0
4301073;Transport;130334.0;130334.0
4301073;Unknown;7184.0;1151.0
4301602;Agriculture;5925369.0;2558402.0
4301602;Business;769695.0;160578.0
4301602;Construction;2457660.0;790670.0
4301602;Financial;824726.0;52088.0
4301602;Government;10144464.0;57836.0
4301602;Manufacturing;3187363.0;429369.0
4301602;Mining;266247.0;0.0
4301602;OtherServices;16521263.0;3409695.0
4301602;RealEstate;522615.0;30495.0
4301602;Trade;8693590.0;3411426.0
4301602;Transport;1808428.0;676890.0
4301602;Unknown;3548028.0;1667100.0
4301602;Utilities;1646748.0;36974.0
4302105;Agriculture;3987307.0;3308620.0
4302105;Business;961882.0;307381.0
4302105;Construction;5350621.0;2229988.0
4302105;Financial;1293536.0;99066.0
4302105;Government;5055709.0;24276.0
4302105;Manufacturing;24653465.0;2990968.0
4302105;Mining;6792.0;0.0
4302105;OtherServices;19409082.0;3801448.0
4302105;RealEstate;580784.0;142440.0
4302105;Trade;16125035.0;5162740.0
4302105;Transport;5213655.0;1544555.0
4302105;Unknown;6049233.0;1216547.0
4302105;Utilities;748794.0;125180.0
4302402;Agriculture;816742.0;684642.0
4302402;Business;12213.0;0.0
4302402;Construction;367204.0;186220.0
4302402;Financial;100526.0;0.0
4302402;Government;316352.0;0.0
4302402;Manufacturing;1929746.0;110363.0
4302402;Mining;7946.0;0.0
4302402;OtherServices;892904.0;204545.0
4302402;RealEstate;20906.0;8249.0
4302402;Trade;830976.0;239370.0
4302402;Transport;304485.0;19349.0
4302402;Unknown;119635.0;24274.0
4302402;Utilities;35442.0;1704.0
4303103;Agriculture;287511.0;90273.0
4303103;Business;2242308.0;267974.0
4303103;Construction;6450516.0;2474619.0
4303103;Financial;2076520.0;106477.0
4303103;Government;3514999.0;0.0
4303103;Manufacturing;15189096.0;1460316.0
4303103;Mining;290677.0;0.0
4303103;OtherServices;17591542.0;3721076.0
4303103;RealEstate;1001967.0;603869.0
4303103;Trade;17491844.0;4851542.0
4303103;Transport;7139350.0;1738613.0
4303103;Unknown;1339529.0;475996.0
4303103;Utilities;606718.0;45776.0
4303905;Agriculture;116051.0;33520.0
4303905;Business;886614.0;390822.0
4303905;Construction;1793017.0;830175.0
4303905;Financial;785717.0;82904.0
4303905;Government;1645186.0;0.0
4303905;Manufacturing;16375338.0;1750932.0
4303905;Mining;57098.0;0.0
4303905;OtherServices;8645529.0;2399857.0
4303905;RealEstate;469296.0;133492.0
4303905;Trade;6308049.0;1983743.0
4303905;Transport;1366897.0;239590.0
4303905;Unknown;854376.0;96665.0
4303905;Utilities;317519.0;73883.0
4304358;Agriculture;463294.0;346005.0
4304358;Business;19985.0;1512.0
4304358;Construction;478482.0;53005.0
4304358;Financial;6951.0;0.0
4304358;Government;284052.0;0.0
4304358;Manufacturing;278989.0;18400.0
4304358;Mining;157011.0;0.0
4304358;OtherServices;763649.0;71538.0
4304358;Trade;350841.0;104880.0
4304358;Transport;122418.0;31028.0
4304358;Unknown;362901.0;85903.0
4304358;Utilities;328650.0;0.0
4304606;Agriculture;1112934.0;383755.0
4304606;Business;5570836.0;972149.0
4304606;Construction;14675383.0;6295311.0
4304606;Financial;5264441.0;500045.0
4304606;Government;19571597.0;93034.0
4304606;Manufacturing;34746083.0;5616724.0
4304606;Mining;847439.0;6606.0
4304606;OtherServices;60101111.0;13836836.0
4304606;RealEstate;1263196.0;449648.0
4304606;Trade;39897369.0;12661608.0
4304606;Transport;16066051.0;3820011.0
4304606;Unknown;12796824.0;3319320.0
4304606;Utilities;2014027.0;352040.0
4304663;Agriculture;439930.0;86943.0
4304663;Business;34363.0;18830.0
4304663;Construction;1300250.0;251457.0
4304663;Financial;29260.0;0.0
4304663;Government;545443.0;0.0
4304663;Manufacturing;755436.0;97068.0
4304663;Mining;90545.0;0.0
4304663;OtherServices;1900360.0;291157.0
4304663;RealEstate;10373.0;10373.0
4304663;Trade;1390170.0;515624.0
4304663;Transport;498356.0;114012.0
4304663;Unknown;399967.0;69602.0
4304663;Utilities;123388.0;5501.0
4304689;Agriculture;603718.0;266712.0
4304689;Business;16933.0;13525.0
4304689;Construction;294337.0;145140.0
4304689;Financial;52819.0;28663.0
4304689;Government;168784.0;0.0
4304689;Manufacturing;1502608.0;31037.0
4304689;Mining;11184.0;653.0
4304689;OtherServices;572544.0;24957.0
4304689;RealEstate;12134.0;9483.0
4304689;Trade;715452.0;132509.0
4304689;Transport;289176.0;66524.0
4304689;Unknown;76403.0;15181.0
4304689;Utilities;60408.0;10046.0
4304804;Agriculture;1601137.0;1282725.0
4304804;Business;161009.0;0.0
4304804;Construction;1712864.0;696560.0
4304804;Financial;376796.0;0.0
4304804;Government;930819.0;0.0
4304804;Manufacturing;8025915.0;359305.0
4304804;Mining;21713.0;0.0
4304804;OtherServices;3922186.0;1117301.0
4304804;RealEstate;35106.0;17218.0
4304804;Trade;2361854.0;1050805.0
4304804;Transport;909230.0;396659.0
4304804;Unknown;525140.0;137668.0
4304804;Utilities;167462.0;48784.0
4305108;Agriculture;7615287.0;4697428.0
4305108;Business;5571424.0;1101776.0
4305108;Construction;20122224.0;8384511.0
4305108;Financial;8654078.0;918003.0
4305108;Government;17241122.0;1056951.0
4305108;Manufacturing;119003302.0;12248630.0
4305108;Mining;170613.0;26292.0
4305108;OtherServices;94995672.0;26007048.0
4305108;RealEstate;3276582.0;1692902.0
4305108;Trade;61610130.0;19195897.0
4305108;Transport;18976520.0;5919584.0
4305108;Unknown;25694627.0;6331885.0
4305108;Utilities;3224572.0;619556.0
4306205;Agriculture;1172182.0;936231.0
4306205;Business;49522.0;0.0
4306205;Construction;590233.0;241653.0
4306205;Financial;97418.0;31681.0
4306205;Government;343753.0;0.0
4306205;Manufacturing;1206310.0;58980.0
4306205;Mining;19553.0;0.0
4306205;OtherServices;1117610.0;173032.0
4306205;RealEstate;14003.0;11504.0
4306205;Trade;906730.0;205470.0
4306205;Transport;232618.0;80709.0
4306205;Unknown;184839.0;79209.0
4306205;Utilities;23421.0;2578.0
4306403;Agriculture;147435.0;75537.0
4306403;Business;217303.0;71838.0
4306403;Construction;1155547.0;592774.0
4306403;Financial;536460.0;24849.0
4306403;Government;619405.0;0.0
4306403;Manufacturing;9066714.0;240831.0
4306403;OtherServices;3879810.0;1543482.0
4306403;RealEstate;57180.0;22695.0
4306403;Trade;2860371.0;619311.0
4306403;Transport;441992.0;203858.0
4306403;Unknown;148041.0;97189.0
4306403;Utilities;166679.0;22868.0
4306767;Agriculture;1086244.0;504057.0
4306767;Business;314411.0;22703.0
4306767;Construction;1425919.0;691892.0
4306767;Financial;336523.0;67961.0
4306767;Government;1155207.0;0.0
4306767;Manufacturing;2339543.0;340964.0
4306767;Mining;40715.0;0.0
4306767;OtherServices;4935323.0;1039997.0
4306767;RealEstate;165963.0;101720.0
4306767;Trade;3168044.0;935533.0
4306767;Transport;836065.0;270114.0
4306767;Unknown;639251.0;239077.0
4306767;Utilities;76585.0;26430.0
4307609;Agriculture;202567.0;48236.0
4307609;Business;446965.0;47319.0
4307609;Construction;1745607.0;887040.0
4307609;Financial;308694.0;6997.0
4307609;Government;1164106.0;8165.0
4307609;Manufacturing;9212673.0;1005308.0
4307609;Mining;84453.0;0.0
4307609;OtherServices;5591385.0;1158282.0
4307609;RealEstate;194626.0;138306.0
4307609;Trade;4323184.0;1481559.0
4307609;Transport;1280482.0;385740.0
4307609;Unknown;1514329.0;437064.0
4307609;Utilities;233073.0;22266.0
4307708;Agriculture;243815.0;66721.0
4307708;Business;1328491.0;180884.0
4307708;Construction;3140446.0;768322.0
4307708;Financial;1328373.0;278114.0
4307708;Government;3217022.0;57211.0
4307708;Manufacturing;13173105.0;841923.0
4307708;Mining;304435.0;0.0
4307708;OtherServices;14305025.0;3113909.0
4307708;RealEstate;215829.0;110469.0
4307708;Trade;9966210.0;3138490.0
4307708;Transport;3355647.0;497479.0
4307708;Unknown;1969971.0;388156.0
4307708;Utilities;573117.0;68401.0
4307807;Agriculture;2065198.0;1768317.0
4307807;Business;174538.0;6488.0
4307807;Construction;1883273.0;923394.0
4307807;Financial;489690.0;69255.0
4307807;Government;1313972.0;0.0
4307807;Manufacturing;4286240.0;665799.0
4307807;Mining;42420.0;32783.0
4307807;OtherServices;5962736.0;1666353.0
4307807;RealEstate;90997.0;0.0
4307807;Trade;3451391.0;1041016.0
4307807;Transport;1307671.0;367048.0
4307807;Unknown;341664.0;175356.0
4307807;Utilities;164017.0;18017.0
4307906;Agriculture;3019638.0;2205167.0
4307906;Business;520540.0;116559.0
4307906;Construction;2370371.0;789112.0
4307906;Financial;1106773.0;19827.0
4307906;Government;1494978.0;0.0
4307906;Manufacturing;15592152.0;1190452.0
4307906;Mining;32387.0;0.0
4307906;OtherServices;8468776.0;1978779.0
4307906;RealEstate;59971.0;0.0
4307906;Trade;8815065.0;2238265.0
4307906;Transport;2694005.0;1115134.0
4307906;Unknown;3190473.0;919505.0
4307906;Utilities;285595.0;2496.0
4308078;Agriculture;535138.0;344271.0
4308078;Business;5433.0;3028.0
4308078;Construction;177100.0;79829.0
4308078;Financial;20654.0;0.0
4308078;Government;93771.0;0.0
4308078;Manufacturing;368912.0;37107.0
4308078;Mining;1901.0;0.0
4308078;OtherServices;223929.0;38749.0
4308078;RealEstate;7002.0;4397.0
4308078;Trade;331674.0;165016.0
4308078;Transport;116769.0;43769.0
4308078;Unknown;34719.0;9133.0
4308078;Utilities;4044.0;0.0
4308433;Agriculture;662594.0;600852.0
4308433;Construction;62963.0;18077.0
4308433;Financial;3806.0;2000.0
4308433;Government;53877.0;2969.0
4308433;Manufacturing;198950.0;26839.0
4308433;OtherServices;93869.0;18508.0
4308433;RealEstate;7017.0;7017.0
4308433;Trade;139871.0;49506.0
4308433;Transport;26752.0;6638.0
4308433;Unknown;14740.0;0.0
4308433;Utilities;3731.0;0.0
4308607;Agriculture;1870237.0;1172019.0
4308607;Business;171194.0;33653.0
4308607;Construction;1479381.0;840944.0
4308607;Financial;589654.0;10868.0
4308607;Government;1217139.0;20719.0
4308607;Manufacturing;7598229.0;587595.0
4308607;Mining;51794.0;15165.0
4308607;OtherServices;5337993.0;1520444.0
4308607;RealEstate;38667.0;29316.0
4308607;Trade;3677461.0;1163548.0
4308607;Transport;2359599.0;1316134.0
4308607;Unknown;1354442.0;346549.0
4308607;Utilities;73556.0;8768.0
4309050;Agriculture;457559.0;264676.0
4309050;Business;44318.0;0.0
4309050;Construction;194279.0;99247.0
4309050;Financial;36424.0;0.0
4309050;Government;242864.0;0.0
4309050;Manufacturing;846727.0;74353.0
4309050;Mining;1515.0;0.0
4309050;OtherServices;614386.0;116967.0
4309050;RealEstate;14295.0;8372.0
4309050;Trade;399780.0;156469.0
4309050;Transport;107946.0;17888.0
4309050;Unknown;309094.0;66063.0
4309209;Agriculture;1596833.0;964221.0
4309209;Business;2283489.0;536882.0
4309209;Construction;10394498.0;4885483.0
4309209;Financial;2570756.0;136863.0
4309209;Government;6713178.0;54877.0
4309209;Manufacturing;35048329.0;3920254.0
4309209;Mining;46460.0;0.0
4309209;OtherServices;33313165.0;7319223.0
4309209;RealEstate;1035567.0;668070.0
4309209;Trade;25111975.0;8511158.0
4309209;Transport;9639401.0;2443156.0
4309209;Unknown;5954365.0;1599692.0
4309209;Utilities;855186.0;152383.0
4309308;Agriculture;1224733.0;466973.0
4309308;Business;1681771.0;408928.0
4309308;Construction;4202218.0;1691652.0
4309308;Financial;1356855.0;79803.0
4309308;Government;2943737.0;7695.0
4309308;Manufacturing;9608331.0;1098306.0
4309308;Mining;190772.0;0.0
4309308;OtherServices;14468290.0;3342203.0
4309308;RealEstate;140389.0;4831.0
4309308;Trade;8776283.0;2271701.0
4309308;Transport;3326781.0;381311.0
4309308;Unknown;1227381.0;290856.0
4309308;Utilities;532017.0;22579.0
4309654;Agriculture;512827.0;422532.0
4309654;Business;5137.0;0.0
4309654;Construction;58280.0;2128.0
4309654;Financial;12390.0;0.0
4309654;Government;157306.0;0.0
4309654;Manufacturing;383560.0;13331.0
4309654;Mining;13156.0;0.0
4309654;OtherServices;193329.0;43752.0
4309654;Trade;120221.0;54038.0
4309654;Transport;32490.0;6367.0
4309654;Unknown;232505.0;174809.0
4309654;Utilities;27480.0;0.0
4310108;Agriculture;155081.0;80150.0
4310108;Business;98614.0;0.0
4310108;Construction;1033725.0;503451.0
4310108;Financial;187503.0;33797.0
4310108;Government;1069153.0;0.0
4310108;Manufacturing;9507794.0;757768.0
4310108;OtherServices;3325687.0;907592.0
4310108;RealEstate;31660.0;12318.0
4310108;Trade;2297916.0;756386.0
4310108;Transport;502317.0;48439.0
4310108;Unknown;1338133.0;142039.0
4310108;Utilities;72101.0;10528.0
4310330;Agriculture;124365.0;72733.0
4310330;Business;72528.0;12930.0
4310330;Construction;959258.0;646222.0
4310330;Financial;127625.0;55443.0
4310330;Government;1201047.0;20431.0
4310330;Manufacturing;441894.0;211322.0
4310330;Mining;102171.0;0.0
4310330;OtherServices;2492126.0;607010.0
4310330;RealEstate;179321.0;152564.0
4310330;Trade;1680157.0;710128.0
4310330;Transport;297849.0;149728.0
4310330;Unknown;320779.0;101810.0
4310330;Utilities;201929.0;3418.0
4310538;Agriculture;312274.0;141534.0
4310538;Business;69822.0;20365.0
4310538;Construction;168001.0;64593.0
4310538;Financial;27281.0;0.0
4310538;Government;343874.0;16103.0
4310538;Manufacturing;89293.0;19654.0
4310538;Mining;63283.0;2252.0
4310538;OtherServices;851893.0;173032.0
4310538;RealEstate;3700.0;0.0
4310538;Trade;360427.0;179359.0
4310538;Transport;64647.0;10616.0
4310538;Unknown;46136.0;9252.0
4310538;Utilities;11327.0;0.0
4310801;Agriculture;225759.0;162136.0
4310801;Business;396402.0;252760.0
4310801;Construction;796652.0;409564.0
4310801;Financial;269151.0;0.0
4310801;Government;1051935.0;13737.0
4310801;Manufacturing;5349473.0;689184.0
4310801;Mining;22003.0;0.0
4310801;OtherServices;3280887.0;1004240.0
4310801;RealEstate;75775.0;47659.0
4310801;Trade;2587784.0;869001.0
4310801;Transport;502243.0;69439.0
4310801;Unknown;499287.0;131518.0
4310801;Utilities;95122.0;34303.0
4311403;Agriculture;991506.0;350032.0
4311403;Business;857834.0;70180.0
4311403;Construction;3690541.0;1409743.0
4311403;Financial;2236036.0;145842.0
4311403;Government;4490816.0;15472.0
4311403;Manufacturing;10120249.0;960006.0
4311403;Mining;56846.0;12565.0
4311403;OtherServices;16074673.0;5055351.0
4311403;RealEstate;509028.0;113973.0
4311403;Trade;13921298.0;2668911.0
4311403;Transport;3340926.0;736715.0
4311403;Unknown;943730.0;292976.0
4311403;Utilities;423371.0;121360.0
4311627;Agriculture;130415.0;96488.0
4311627;Business;16634.0;0.0
4311627;Construction;160136.0;57318.0
4311627;Financial;3065.0;0.0
4311627;Government;112607.0;0.0
4311627;Manufacturing;1331739.0;21716.0
4311627;OtherServices;324142.0;112163.0
4311627;RealEstate;15556.0;0.0
4311627;Trade;212847.0;65135.0
4311627;Transport;41438.0;7765.0
4311627;Unknown;431470.0;10939.0
4311627;Utilities;28945.0;2408.0
4312385;Agriculture;877175.0;845878.0
4312385;Business;2251.0;0.0
4312385;Construction;20847.0;15243.0
4312385;Financial;9505.0;0.0
4312385;Government;61174.0;0.0
4312385;Manufacturing;215906.0;13013.0
4312385;OtherServices;149339.0;28386.0
4312385;Trade;86490.0;23561.0
4312385;Transport;57806.0;3697.0
4312385;Unknown;38489.0;9573.0
4312476;Agriculture;240145.0;200135.0
4312476;Business;29636.0;5257.0
4312476;Construction;166454.0;109303.0
4312476;Financial;41514.0;3873.0
4312476;Government;147620.0;0.0
4312476;Manufacturing;1031441.0;85521.0
4312476;OtherServices;620957.0;198554.0
4312476;Trade;453320.0;149453.0
4312476;Transport;131198.0;35816.0
4312476;Unknown;263416.0;36353.0
4312476;Utilities;12510.0;10127.0
4313060;Agriculture;133847.0;93619.0
4313060;Business;4932.0;2008.0
4313060;Construction;304188.0;143266.0
4313060;Financial;86923.0;0.0
4313060;Government;330759.0;0.0
4313060;Manufacturing;4325938.0;242759.0
4313060;OtherServices;964289.0;202520.0
4313060;Trade;851319.0;208322.0
4313060;Transport;200867.0;28919.0
4313060;Unknown;887436.0;67323.0
4313060;Utilities;44182.0;7197.0
4313375;Agriculture;603186.0;494544.0
4313375;Business;173272.0;0.0
4313375;Construction;1011128.0;581323.0
4313375;Financial;60313.0;0.0
4313375;Government;789978.0;0.0
4313375;Manufacturing;2674922.0;313072.0
4313375;Mining;138159.0;0.0
4313375;OtherServices;2614728.0;610900.0
4313375;RealEstate;106476.0;106476.0
4313375;Trade;1517985.0;495402.0
4313375;Transport;1068997.0;223288.0
4313375;Unknown;459427.0;97368.0
4313375;Utilities;99411.0;4983.0
4313409;Agriculture;1166634.0;432357.0
4313409;Business;4328896.0;907728.0
4313409;Construction;9375467.0;3671254.0
4313409;Financial;4537723.0;534146.0
4313409;Government;7812859.0;27994.0
4313409;Manufacturing;44117968.0;6364484.0
4313409;Mining;233819.0;127106.0
4313409;OtherServices;45524434.0;11731849.0
4313409;RealEstate;1425011.0;527386.0
4313409;Trade;31402326.0;9806647.0
4313409;Transport;6429716.0;1345660.0
4313409;Unknown;8749889.0;2324480.0
4313409;Utilities;1087463.0;172572.0
4313508;Agriculture;875925.0;559154.0
4313508;Business;219792.0;38353.0
4313508;Construction;2384591.0;1017148.0
4313508;Financial;319850.0;0.0
4313508;Government;4890523.0;24181.0
4313508;Manufacturing;1920191.0;454565.0
4313508;Mining;356066.0;0.0
4313508;OtherServices;8165143.0;2286328.0
4313508;RealEstate;86618.0;47346.0
4313508;Trade;4756052.0;1396160.0
4313508;Transport;910983.0;310608.0
4313508;Unknown;440033.0;160911.0
4313508;Utilities;742098.0;0.0
4314050;Agriculture;180491.0;83161.0
4314050;Business;106040.0;0.0
4314050;Construction;1427241.0;662614.0
4314050;Financial;154204.0;10114.0
4314050;Government;878407.0;19895.0
4314050;Manufacturing;12677582.0;878872.0
4314050;Mining;237934.0;17929.0
4314050;OtherServices;3375684.0;690504.0
4314050;Trade;3319799.0;980012.0
4314050;Transport;850226.0;274125.0
4314050;Unknown;961401.0;161466.0
4314050;Utilities;140105.0;40386.0
4314100;Agriculture;4041930.0;1777591.0
4314100;Business;1625407.0;335746.0
4314100;Construction;7873423.0;2971818.0
4314100;Financial;3835379.0;303613.0
4314100;Government;10574531.0;93646.0
4314100;Manufacturing;13266841.0;2660813.0
4314100;Mining;137364.0;34269.0
4314100;OtherServices;46328027.0;12571473.0
4314100;RealEstate;1515316.0;808897.0
4314100;Trade;25952069.0;6436164.0
4314100;Transport;6475434.0;1928275.0
4314100;Unknown;6942356.0;2359635.0
4314100;Utilities;1137828.0;57669.0
4314407;Agriculture;11463026.0;7571141.0
4314407;Business;2593465.0;517453.0
4314407;Construction;9970555.0;4035738.0
4314407;Financial;4273134.0;245221.0
4314407;Government;15314914.0;246291.0
4314407;Manufacturing;10465489.0;3100344.0
4314407;Mining;434048.0;19663.0
4314407;OtherServices;66553682.0;15826045.0
4314407;RealEstate;1782223.0;1064048.0
4314407;Trade;37009552.0;13322036.0
4314407;Transport;10262667.0;3340316.0
4314407;Unknown;9940301.0;3322061.0
4314407;Utilities;2015378.0;128133.0
4314423;Agriculture;143570.0;123484.0
4314423;Business;21512.0;11188.0
4314423;Construction;153030.0;80870.0
4314423;Financial;56830.0;0.0
4314423;Government;160124.0;0.0
4314423;Manufacturing;1524337.0;115710.0
4314423;OtherServices;470626.0;61136.0
4314423;RealEstate;9968.0;0.0
4314423;Trade;256809.0;70533.0
4314423;Transport;134040.0;59474.0
4314423;Unknown;48465.0;34254.0
4314803;Agriculture;618437.0;495609.0
4314803;Business;76727.0;0.0
4314803;Construction;1103872.0;383543.0
4314803;Financial;310656.0;72798.0
4314803;Government;999671.0;0.0
4314803;Manufacturing;5759212.0;560094.0
4314803;Mining;269254.0;0.0
4314803;OtherServices;3382733.0;739544.0
4314803;RealEstate;16511.0;12832.0
4314803;Trade;2228581.0;785877.0
4314803;Transport;824407.0;386130.0
4314803;Unknown;531615.0;234462.0
4314803;Utilities;123650.0;15094.0
4314902;Agriculture;14957637.0;5069156.0
4314902;Business;56713025.0;12256666.0
4314902;Construction;67303782.0;21970265.0
4314902;Financial;73082722.0;6896994.0
4314902;Government;204308943.0;1370946.0
4314902;Manufacturing;95436849.0;18506308.0
4314902;Mining;2994427.0;582789.0
4314902;OtherServices;621751415.0;166717217.0
4314902;RealEstate;21664857.0;10353434.0
4314902;Trade;199713546.0;58294063.0
4314902;Transport;62554259.0;12511332.0
4314902;Unknown;100424596.0;27065839.0
4314902;Utilities;14966001.0;864778.0
4315149;Agriculture;220923.0;153391.0
4315149;Business;27695.0;10380.0
4315149;Construction;94870.0;37522.0
4315149;Financial;7193.0;0.0
4315149;Government;57778.0;2249.0
4315149;Manufacturing;431557.0;25198.0
4315149;Mining;1589.0;0.0
4315149;OtherServices;198257.0;11569.0
4315149;Trade;208262.0;93552.0
4315149;Transport;65271.0;16343.0
4315149;Unknown;14058.0;0.0
4315602;Agriculture;5148577.0;2814665.0
4315602;Business;825746.0;330366.0
4315602;Construction;5487239.0;2218112.0
4315602;Financial;1330790.0;126641.0
4315602;Government;15569288.0;2020.0
4315602;Manufacturing;7715565.0;1279157.0
4315602;Mining;999463.0;6617.0
4315602;OtherServices;31286304.0;6294149.0
4315602;RealEstate;1202354.0;442693.0
4315602;Trade;15327304.0;5109218.0
4315602;Transport;11402506.0;2935222.0
4315602;Unknown;6520019.0;1318532.0
4315602;Utilities;1058558.0;49588.0
4316758;Agriculture;768735.0;720534.0
4316758;Business;10816.0;6418.0
4316758;Construction;371121.0;154448.0
4316758;Financial;66827.0;1522.0
4316758;Government;142307.0;15845.0
4316758;Manufacturing;803928.0;49507.0
4316758;OtherServices;466438.0;134803.0
4316758;Trade;445152.0;175276.0
4316758;Transport;143181.0;39918.0
4316758;Unknown;20931.0;5049.0
4316758;Utilities;2925.0;0.0
4316808;Agriculture;6611849.0;3773166.0
4316808;Business;1460315.0;86092.0
4316808;Construction;4772668.0;1743065.0
4316808;Financial;2257526.0;241056.0
4316808;Government;7478298.0;37871.0
4316808;Manufacturing;15565964.0;1430275.0
4316808;Mining;25466.0;0.0
4316808;OtherServices;24742749.0;5554198.0
4316808;RealEstate;629476.0;466241.0
4316808;Trade;13130129.0;2462146.0
4316808;Transport;3208009.0;959683.0
4316808;Unknown;1910613.0;760235.0
4316808;Utilities;413834.0;66627.0
4316907;Agriculture;5116881.0;3001857.0
4316907;Business;2808862.0;667303.0
4316907;Construction;9213326.0;3102400.0
4316907;Financial;5753400.0;439334.0
4316907;Government;31027237.0;156991.0
4316907;Manufacturing;9472618.0;2181791.0
4316907;Mining;227687.0;23044.0
4316907;OtherServices;69962030.0;12837979.0
4316907;RealEstate;1434003.0;914899.0
4316907;Trade;29178483.0;8238529.0
4316907;Transport;5894552.0;1435108.0
4316907;Unknown;5387588.0;1994695.0
4316907;Utilities;1457518.0;475613.0
4317103;Agriculture;3973729.0;1560319.0
4317103;Business;225780.0;29526.0
4317103;Construction;1444240.0;639342.0
4317103;Financial;478112.0;0.0
4317103;Government;5387768.0;0.0
4317103;Manufacturing;1023555.0;417676.0
4317103;Mining;81877.0;0.0
4317103;OtherServices;8204779.0;2003040.0
4317103;RealEstate;98866.0;65055.0
4317103;Trade;7538779.0;2536742.0
4317103;Transport;1406830.0;558332.0
4317103;Unknown;3261249.0;1974910.0
4317103;Utilities;300672.0;41063.0
4318481;Agriculture;431483.0;359604.0
4318481;Business;4555.0;0.0
4318481;Construction;143579.0;97181.0
4318481;Financial;12836.0;0.0
4318481;Government;133428.0;0.0
4318481;Manufacturing;791837.0;15843.0
4318481;OtherServices;180506.0;51526.0
4318481;Trade;234746.0;66666.0
4318481;Transport;52542.0;20272.0
4318481;Unknown;12902.0;2509.0
4318481;Utilities;1817.0;0.0
4318705;Agriculture;442784.0;152413.0
4318705;Business;3847094.0;837432.0
4318705;Construction;8622615.0;3726839.0
4318705;Financial;3548795.0;270744.0
4318705;Government;8956854.0;195813.0
4318705;Manufacturing;34106189.0;2701729.0
4318705;Mining;819628.0;233372.0
4318705;OtherServices;40059429.0;8930854.0
4318705;RealEstate;811276.0;383991.0
4318705;Trade;23072104.0;6129153.0
4318705;Transport;5620257.0;1508165.0
4318705;Unknown;4197730.0;1611875.0
4318705;Utilities;2241881.0;258288.0
4319505;Agriculture;725845.0;445819.0
4319505;Business;72816.0;0.0
4319505;Construction;839665.0;431682.0
4319505;Financial;67934.0;0.0
4319505;Government;764046.0;0.0
4319505;Manufacturing;3855142.0;422940.0
4319505;Mining;31936.0;0.0
4319505;OtherServices;2105541.0;498522.0
4319505;RealEstate;29779.0;27524.0
4319505;Trade;1849961.0;659811.0
4319505;Transport;945501.0;338680.0
4319505;Unknown;12415.0;5680.0
4319505;Utilities;87986.0;20787.0
4319901;Agriculture;371385.0;152229.0
4319901;Business;411346.0;118735.0
4319901;Construction;1977072.0;908691.0
4319901;Financial;201993.0;20996.0
4319901;Government;1915406.0;22437.0
4319901;Manufacturing;18481226.0;1459894.0
4319901;Mining;24306.0;0.0
4319901;OtherServices;6266015.0;1436860.0
4319901;RealEstate;98231.0;79723.0
4319901;Trade;6421462.0;1485871.0
4319901;Transport;1197065.0;385548.0
4319901;Unknown;1445169.0;310626.0
4319901;Utilities;264398.0;37739.0
4320008;Agriculture;467720.0;321282.0
4320008;Business;1638807.0;554643.0
4320008;Construction;5128850.0;1644039.0
4320008;Financial;722622.0;53126.0
4320008;Government;3228523.0;17233.0
4320008;Manufacturing;20009135.0;1923817.0
4320008;Mining;443137.0;0.0
4320008;OtherServices;15512991.0;3442563.0
4320008;RealEstate;255425.0;122150.0
4320008;Trade;13108549.0;4172009.0
4320008;Transport;4107207.0;601041.0
4320008;Unknown;2786739.0;766409.0
4320008;Utilities;626169.0;128529.0
4321204;Agriculture;925334.0;559841.0
4321204;Business;392987.0;28411.0
4321204;Construction;1838743.0;847859.0
4321204;Financial;409276.0;4170.0
4321204;Government;1979867.0;13058.0
4321204;Manufacturing;7902745.0;1318052.0
4321204;Mining;846529.0;261681.0
4321204;OtherServices;8404973.0;2350709.0
4321204;RealEstate;66865.0;37167.0
4321204;Trade;5930985.0;2056343.0
4321204;Transport;1700158.0;1224166.0
4321204;Unknown;1305742.0;397919.0
4321204;Utilities;225102.0;18575.0
4321600;Agriculture;340416.0;210543.0
4321600;Business;273567.0;130495.0
4321600;Construction;2190844.0;1314426.0
4321600;Financial;198693.0;58980.0
4321600;Government;2045850.0;1728.0
4321600;Manufacturing;1416532.0;422179.0
4321600;Mining;465670.0;0.0
4321600;OtherServices;5094461.0;1404830.0
4321600;RealEstate;418987.0;321842.0
4321600;Trade;3668172.0;1071127.0
4321600;Transport;763439.0;311012.0
4321600;Unknown;995077.0;634951.0
4321600;Utilities;317619.0;119017.0
4321709;Agriculture;297583.0;267692.0
4321709;Business;116574.0;14160.0
4321709;Construction;982951.0;707598.0
4321709;Financial;147430.0;5752.0
4321709;Government;567312.0;0.0
4321709;Manufacturing;8082080.0;882638.0
4321709;Mining;10974.0;10974.0
4321709;OtherServices;1969939.0;577719.0
4321709;RealEstate;6898.0;0.0
4321709;Trade;1448089.0;479639.0
4321709;Transport;233870.0;35217.0
4321709;Unknown;207631.0;83307.0
4321709;Utilities;82561.0;0.0
4322400;Agriculture;7769887.0;2605417.0
4322400;Business;435886.0;211754.0
4322400;Construction;3029385.0;1546209.0
4322400;Financial;1338694.0;520860.0
4322400;Government;7315589.0;31463.0
4322400;Manufacturing;1913422.0;711390.0
4322400;Mining;175741.0;18205.0
4322400;OtherServices;16675754.0;4564507.0
4322400;RealEstate;185689.0;171110.0
4322400;Trade;8943808.0;3006946.0
4322400;Transport;7935354.0;2707164.0
4322400;Unknown;3842659.0;2255447.0
4322400;Utilities;506757.0;55331.0
4322541;Agriculture;242589.0;210172.0
4322541;Business;9764.0;5566.0
4322541;Construction;136412.0;47884.0
4322541;Financial;30019.0;0.0
4322541;Government;118625.0;0.0
4322541;Manufacturing;1538522.0;32267.0
4322541;OtherServices;313448.0;75241.0
4322541;RealEstate;6561.0;3746.0
4322541;Trade;267817.0;103541.0
4322541;Transport;397035.0;71346.0
4322541;Unknown;38420.0;12655.0
4322707;Agriculture;2423701.0;2047582.0
4322707;Business;118563.0;0.0
4322707;Construction;910670.0;430247.0
4322707;Financial;99732.0;19282.0
4322707;Government;1479482.0;0.0
4322707;Manufacturing;2773296.0;73456.0
4322707;Mining;33503.0;0.0
4322707;OtherServices;1590978.0;169533.0
4322707;RealEstate;53984.0;47125.0
4322707;Trade;1590732.0;407381.0
4322707;Transport;449691.0;181185.0
4322707;Unknown;120463.0;76153.0
4322707;Utilities;25274.0;6749.0
4323002;Agriculture;2736750.0;1606473.0
4323002;Business;2500759.0;267734.0
4323002;Construction;10678561.0;4866146.0
4323002;Financial;1810750.0;298072.0
4323002;Government;8804165.0;52613.0
4323002;Manufacturing;8578494.0;2502240.0
4323002;Mining;138924.0;25078.0
4323002;OtherServices;41493004.0;6198962.0
4323002;RealEstate;1112988.0;446042.0
4323002;Trade;21573069.0;6298176.0
4323002;Transport;7888798.0;1647188.0
4323002;Unknown;4597912.0;1503228.0
4323002;Utilities;1391819.0;85589.0
5002704;Agriculture;32302320.0;9486630.0
5002704;Business;12657915.0;2168276.0
5002704;Construction;54341459.0;27174687.0
5002704;Financial;14297687.0;1680715.0
5002704;Government;103650021.0;257275.0
5002704;Manufacturing;32696588.0;7468245.0
5002704;Mining;584886.0;0.0
5002704;OtherServices;195707329.0;45445382.0
5002704;RealEstate;5145252.0;2043539.0
5002704;Trade;115010544.0;36866717.0
5002704;Transport;24515023.0;6643427.0
5002704;Unknown;22908975.0;7374803.0
5002704;Utilities;5243033.0;445465.0
5003207;Agriculture;4104207.0;645730.0
5003207;Business;625835.0;354398.0
5003207;Construction;2648767.0;838470.0
5003207;Financial;410290.0;27521.0
5003207;Government;10960690.0;8170.0
5003207;Manufacturing;1688252.0;480078.0
5003207;Mining;1613805.0;0.0
5003207;OtherServices;13840985.0;2390089.0
5003207;RealEstate;46607.0;8307.0
5003207;Trade;7156685.0;2585124.0
5003207;Transport;2802826.0;763828.0
5003207;Unknown;1779433.0;445711.0
5003207;Utilities;337372.0;16115.0
5003702;Agriculture;10046850.0;3874988.0
5003702;Business;1652049.0;667661.0
5003702;Construction;7805158.0;3420697.0
5003702;Financial;2020889.0;329604.0
5003702;Government;15561777.0;41859.0
5003702;Manufacturing;12787542.0;1452844.0
5003702;Mining;41304.0;0.0
5003702;OtherServices;38998805.0;7735603.0
5003702;RealEstate;889910.0;494973.0
5003702;Trade;27213282.0;7812794.0
5003702;Transport;4908808.0;2042590.0
5003702;Unknown;6206527.0;2344467.0
5003702;Utilities;1002931.0;62495.0
5005202;Agriculture;422993.0;244110.0
5005202;Business;26647.0;1416.0
5005202;Construction;525678.0;126881.0
5005202;Financial;73262.0;2528.0
5005202;Government;3070936.0;0.0
5005202;Manufacturing;190048.0;26416.0
5005202;Mining;433992.0;4944.0
5005202;OtherServices;1625132.0;256196.0
5005202;RealEstate;7277.0;7277.0
5005202;Trade;658299.0;191360.0
5005202;Transport;411446.0;113771.0
5005202;Unknown;166890.0;84725.0
5005202;Utilities;79452.0;0.0
5006606;Agriculture;3873307.0;1125461.0
5006606;Business;318433.0;68160.0
5006606;Construction;1853861.0;846955.0
5006606;Financial;513961.0;3937.0
5006606;Government;4578841.0;30702.0
5006606;Manufacturing;2230721.0;678096.0
5006606;Mining;125512.0;0.0
5006606;OtherServices;9733725.0;2083573.0
5006606;RealEstate;289943.0;76628.0
5006606;Trade;10470931.0;2725639.0
5006606;Transport;2613767.0;774113.0
5006606;Unknown;278634.0;98860.0
5006606;Utilities;215860.0;16410.0
5008305;Agriculture;4411620.0;997187.0
5008305;Business;398066.0;85790.0
5008305;Construction;4758724.0;2106808.0
5008305;Financial;773032.0;63457.0
5008305;Government;6585079.0;214267.0
5008305;Manufacturing;11042091.0;1131009.0
5008305;Mining;168096.0;0.0
5008305;OtherServices;17809711.0;4342081.0
5008305;RealEstate;729661.0;322831.0
5008305;Trade;10060242.0;3389595.0
5008305;Transport;3411343.0;591344.0
5008305;Unknown;2470282.0;586737.0
5008305;Utilities;1157148.0;22259.0
5103403;Agriculture;11993460.0;7333948.0
5103403;Business;10062339.0;1298443.0
5103403;Construction;28249784.0;9771370.0
5103403;Financial;11945438.0;421874.0
5103403;Government;83016354.0;924765.0
5103403;Manufacturing;22631143.0;6000725.0
5103403;Mining;890814.0;520985.0
5103403;OtherServices;148078002.0;35780750.0
5103403;RealEstate;2545663.0;1160889.0
5103403;Trade;72977523.0;25074949.0
5103403;Transport;15720396.0;4233164.0
5103403;Unknown;44957376.0;14328612.0
5103403;Utilities;4586913.0;249676.0
5107602;Agriculture;11697454.0;3028783.0
5107602;Business;1615521.0;599414.0
5107602;Construction;9031409.0;3460934.0
5107602;Financial;1953972.0;57456.0
5107602;Government;9575578.0;26195.0
5107602;Manufacturing;12256548.0;2579360.0
5107602;Mining;305558.0;128232.0
5107602;OtherServices;33105865.0;7166864.0
5107602;RealEstate;698674.0;408597.0
5107602;Trade;27547685.0;7622213.0
5107602;Transport;10737130.0;3104888.0
5107602;Unknown;9627400.0;1592788.0
5107602;Utilities;1040478.0;73574.0
5107909;Agriculture;12410491.0;3263300.0
5107909;Business;906250.0;232063.0
5107909;Construction;6466111.0;2880856.0
5107909;Financial;1099979.0;43561.0
5107909;Government;5236111.0;8519.0
5107909;Manufacturing;7167506.0;1245798.0
5107909;Mining;201815.0;117461.0
5107909;OtherServices;20622989.0;3553828.0
5107909;RealEstate;719014.0;140525.0
5107909;Trade;18978867.0;4283838.0
5107909;Transport;4172211.0;1819646.0
5107909;Unknown;2974141.0;1058916.0
5107909;Utilities;605218.0;19161.0
5108402;Agriculture;2009962.0;1050448.0
5108402;Business;1612209.0;344178.0
5108402;Construction;9937224.0;4711085.0
5108402;Financial;2091024.0;136064.0
5108402;Government;12401566.0;101147.0
5108402;Manufacturing;11743410.0;2414646.0
5108402;Mining;600391.0;399046.0
5108402;OtherServices;32661077.0;6459783.0
5108402;RealEstate;479777.0;229272.0
5108402;Trade;28977230.0;9951433.0
5108402;Transport;9666706.0;3336667.0
5108402;Unknown;16037901.0;3234793.0
5108402;Utilities;2005549.0;162419.0
5200050;Agriculture;270516.0;105557.0
5200050;Business;44578.0;23958.0
5200050;Construction;300812.0;163268.0
5200050;Financial;6046.0;0.0
5200050;Government;332579.0;0.0
5200050;Manufacturing;344235.0;77450.0
5200050;Mining;16765.0;0.0
5200050;OtherServices;617203.0;107083.0
5200050;RealEstate;7581.0;4352.0
5200050;Trade;625831.0;259082.0
5200050;Transport;207793.0;59218.0
5200050;Unknown;260854.0;79977.0
5200050;Utilities;31973.0;1853.0
5200258;Agriculture;462818.0;116612.0
5200258;Business;631468.0;89148.0
5200258;Construction;11172703.0;2597684.0
5200258;Financial;315691.0;19866.0
5200258;Government;3741328.0;0.0
5200258;Manufacturing;3379854.0;1025231.0
5200258;Mining;46579.0;0.0
5200258;OtherServices;18034287.0;1970983.0
5200258;RealEstate;663104.0;481912.0
5200258;Trade;10302180.0;2972254.0
5200258;Transport;2399782.0;257428.0
5200258;Unknown;4157402.0;769043.0
5200258;Utilities;529046.0;27519.0
5201108;Agriculture;5621891.0;2662618.0
5201108;Business;1550954.0;475954.0
5201108;Construction;14034239.0;6542844.0
5201108;Financial;3448603.0;552777.0
5201108;Government;17769570.0;58991.0
5201108;Manufacturing;26528643.0;4842901.0
5201108;Mining;150969.0;26290.0
5201108;OtherServices;55591735.0;14780779.0
5201108;RealEstate;1546983.0;683310.0
5201108;Trade;43124020.0;15665210.0
5201108;Transport;12614359.0;5881102.0
5201108;Unknown;10512697.0;3486568.0
5201108;Utilities;1495906.0;340071.0
5201405;Agriculture;1976162.0;463554.0
5201405;Business;5007514.0;529774.0
5201405;Construction;29550210.0;9741921.0
5201405;Financial;2842579.0;253498.0
5201405;Government;16707825.0;0.0
5201405;Manufacturing;27299501.0;6490228.0
5201405;Mining;820951.0;0.0
5201405;OtherServices;65781345.0;10822812.0
5201405;RealEstate;1621236.0;411743.0
5201405;Trade;49943443.0;18002984.0
5201405;Transport;11154782.0;3069765.0
5201405;Unknown;19195073.0;4823016.0
5201405;Utilities;3130590.0;119675.0
5201801;Agriculture;573213.0;302117.0
5201801;Business;11234.0;1785.0
5201801;Construction;270798.0;72568.0
5201801;Financial;10170.0;0.0
5201801;Government;264302.0;0.0
5201801;Manufacturing;367677.0;73557.0
5201801;Mining;8152.0;5579.0
5201801;OtherServices;791345.0;174570.0
5201801;RealEstate;3503.0;3503.0
5201801;Trade;604550.0;348468.0
5201801;Transport;125101.0;46160.0
5201801;Unknown;251790.0;87598.0
5201801;Utilities;31257.0;1608.0
5203559;Agriculture;373640.0;156139.0
5203559;Business;21796.0;1440.0
5203559;Construction;315875.0;125927.0
5203559;Financial;5654.0;0.0
5203559;Government;226021.0;0.0
5203559;Manufacturing;232856.0;70297.0
5203559;Mining;6131.0;6131.0
5203559;OtherServices;758139.0;87197.0
5203559;RealEstate;15494.0;3548.0
5203559;Trade;448125.0;229925.0
5203559;Transport;118013.0;6918.0
5203559;Unknown;113528.0;13504.0
5203559;Utilities;15722.0;2423.0
5203609;Agriculture;241942.0;101437.0
5203609;Business;16690.0;0.0
5203609;Construction;113509.0;68376.0
5203609;Financial;10349.0;0.0
5203609;Government;187495.0;0.0
5203609;Manufacturing;243929.0;36195.0
5203609;Mining;2798.0;2798.0
5203609;OtherServices;214721.0;28117.0
5203609;Trade;145044.0;85504.0
5203609;Transport;7840.0;2467.0
5203609;Unknown;9669.0;5017.0
5203609;Utilities;34799.0;0.0
5204557;Agriculture;122468.0;69313.0
5204557;Business;12620.0;12620.0
5204557;Construction;80807.0;43533.0
5204557;Financial;1884.0;0.0
5204557;Government;165887.0;0.0
5204557;Manufacturing;123525.0;33919.0
5204557;Mining;5205.0;0.0
5204557;OtherServices;176395.0;15662.0
5204557;Trade;156226.0;52105.0
5204557;Transport;60880.0;14527.0
5204557;Unknown;191029.0;90455.0
5204557;Utilities;53168.0;2703.0
5205109;Agriculture;4132388.0;1859678.0
5205109;Business;416893.0;206116.0
5205109;Construction;5416696.0;2770997.0
5205109;Financial;1108121.0;111746.0
5205109;Government;3752623.0;49272.0
5205109;Manufacturing;8446243.0;1013506.0
5205109;Mining;2903814.0;44227.0
5205109;OtherServices;16184142.0;3158267.0
5205109;RealEstate;188606.0;100685.0
5205109;Trade;13723946.0;5639367.0
5205109;Transport;3140784.0;1259746.0
5205109;Unknown;3047864.0;946519.0
5205109;Utilities;870053.0;0.0
5205497;Agriculture;305085.0;107177.0
5205497;Business;490229.0;26824.0
5205497;Construction;2717646.0;1358509.0
5205497;Financial;491841.0;0.0
5205497;Government;3873247.0;14903.0
5205497;Manufacturing;1063917.0;409796.0
5205497;Mining;38552.0;29189.0
5205497;OtherServices;10964062.0;1135740.0
5205497;RealEstate;232801.0;56299.0
5205497;Trade;4288995.0;1153343.0
5205497;Transport;1074874.0;119639.0
5205497;Unknown;1128967.0;245620.0
5205497;Utilities;48867.0;2851.0
5208004;Agriculture;6751887.0;2463027.0
5208004;Business;361465.0;95567.0
5208004;Construction;4831364.0;2749083.0
5208004;Financial;764838.0;0.0
5208004;Government;7741386.0;0.0
5208004;Manufacturing;3220024.0;948063.0
5208004;Mining;187264.0;17399.0
5208004;OtherServices;18828996.0;4045293.0
5208004;RealEstate;347395.0;135853.0
5208004;Trade;10916485.0;4590406.0
5208004;Transport;2589972.0;544004.0
5208004;Unknown;1377412.0;557786.0
5208004;Utilities;636744.0;30433.0
5208509;Agriculture;327237.0;129936.0
5208509;Business;5408.0;5408.0
5208509;Construction;155120.0;49341.0
5208509;Financial;19345.0;0.0
5208509;Government;324423.0;0.0
5208509;Manufacturing;320795.0;43264.0
5208509;Mining;28816.0;0.0
5208509;OtherServices;585981.0;139409.0
5208509;RealEstate;6934.0;0.0
5208509;Trade;231967.0;96039.0
5208509;Transport;144186.0;26701.0
5208509;Unknown;45838.0;4715.0
5208509;Utilities;45600.0;2983.0
5208707;Agriculture;30762499.0;15604588.0
5208707;Business;23225340.0;4394249.0
5208707;Construction;71070927.0;28754395.0
5208707;Financial;29595804.0;2460806.0
5208707;Government;157003292.0;899933.0
5208707;Manufacturing;122289823.0;41517563.0
5208707;Mining;1625352.0;258971.0
5208707;OtherServices;381185127.0;106010825.0
5208707;RealEstate;15856741.0;7784846.0
5208707;Trade;232757160.0;83902983.0
5208707;Transport;43355974.0;13795050.0
5208707;Unknown;93727654.0;22097294.0
5208707;Utilities;13836555.0;883375.0
5208806;Agriculture;469270.0;76477.0
5208806;Business;322211.0;85607.0
5208806;Construction;1595518.0;462698.0
5208806;Financial;110083.0;7219.0
5208806;Government;717924.0;0.0
5208806;Manufacturing;2490207.0;532732.0
5208806;Mining;7646.0;0.0
5208806;OtherServices;3298959.0;426026.0
5208806;RealEstate;228963.0;113407.0
5208806;Trade;2507847.0;1039685.0
5208806;Transport;891345.0;149782.0
5208806;Unknown;1652138.0;649976.0
5208806;Utilities;154845.0;0.0
5209200;Agriculture;654114.0;220474.0
5209200;Business;5895.0;0.0
5209200;Construction;374483.0;201203.0
5209200;Financial;18723.0;0.0
5209200;Government;379999.0;0.0
5209200;Manufacturing;842209.0;160715.0
5209200;Mining;76918.0;8704.0
5209200;OtherServices;1225303.0;204053.0
5209200;Trade;2555643.0;2080830.0
5209200;Transport;345398.0;124194.0
5209200;Unknown;403868.0;121075.0
5209200;Utilities;72813.0;0.0
5209705;Agriculture;1415011.0;564059.0
5209705;Business;64956.0;7615.0
5209705;Construction;679311.0;294555.0
5209705;Financial;30390.0;8354.0
5209705;Government;819454.0;16524.0
5209705;Manufacturing;797712.0;81841.0
5209705;Mining;24200.0;9344.0
5209705;OtherServices;2136022.0;377603.0
5209705;RealEstate;21998.0;10453.0
5209705;Trade;1503516.0;573907.0
5209705;Transport;433615.0;193843.0
5209705;Unknown;296663.0;77475.0
5209705;Utilities;123800.0;5525.0
5212501;Agriculture;3751887.0;1185881.0
5212501;Business;756486.0;182047.0
5212501;Construction;8281291.0;2683418.0
5212501;Financial;827371.0;82265.0
5212501;Government;8003712.0;52884.0
5212501;Manufacturing;5659110.0;885315.0
5212501;Mining;172563.0;16380.0
5212501;OtherServices;23958734.0;2765209.0
5212501;RealEstate;431081.0;160459.0
5212501;Trade;14915596.0;4012541.0
5212501;Transport;4950138.0;1646345.0
5212501;Unknown;4838860.0;1205404.0
5212501;Utilities;564169.0;58882.0
5214507;Agriculture;696870.0;365144.0
5214507;Business;31877.0;0.0
5214507;Construction;824291.0;233475.0
5214507;Financial;58000.0;0.0
5214507;Government;1080050.0;56109.0
5214507;Manufacturing;2005357.0;277186.0
5214507;Mining;9942.0;0.0
5214507;OtherServices;2584842.0;583704.0
5214507;RealEstate;3221.0;0.0
5214507;Trade;1678704.0;584139.0
5214507;Transport;484357.0;108239.0
5214507;Unknown;742290.0;276476.0
5214507;Utilities;109043.0;21398.0
5215009;Agriculture;400549.0;204081.0
5215009;Business;23239.0;8919.0
5215009;Construction;217720.0;123275.0
5215009;Financial;47087.0;11873.0
5215009;Government;262738.0;0.0
5215009;Manufacturing;522548.0;68333.0
5215009;Mining;19872.0;0.0
5215009;OtherServices;761844.0;152577.0
5215009;RealEstate;1696.0;0.0
5215009;Trade;456776.0;241911.0
5215009;Transport;105563.0;40485.0
5215009;Unknown;59999.0;8297.0
5215009;Utilities;19929.0;1026.0
5215231;Agriculture;433011.0;135301.0
5215231;Business;675565.0;141314.0
5215231;Construction;4394671.0;1283701.0
5215231;Financial;698748.0;18986.0
5215231;Government;3950108.0;5386.0
5215231;Manufacturing;1718026.0;446585.0
5215231;Mining;19746.0;0.0
5215231;OtherServices;12043976.0;920492.0
5215231;RealEstate;130664.0;1820.0
5215231;Trade;5763617.0;1469994.0
5215231;Transport;2252782.0;307770.0
5215231;Unknown;3117601.0;525667.0
5215231;Utilities;431022.0;4788.0
5215504;Agriculture;363379.0;143938.0
5215504;Business;8979.0;0.0
5215504;Construction;294485.0;104731.0
5215504;Financial;10491.0;0.0
5215504;Government;280114.0;8721.0
5215504;Manufacturing;362208.0;38325.0
5215504;Mining;234702.0;0.0
5215504;OtherServices;524782.0;62266.0
5215504;RealEstate;1501.0;0.0
5215504;Trade;403353.0;193957.0
5215504;Transport;127124.0;39672.0
5215504;Unknown;57225.0;4133.0
5215504;Utilities;25767.0;697.0
5215603;Agriculture;1240457.0;245998.0
5215603;Business;72270.0;46346.0
5215603;Construction;701261.0;223803.0
5215603;Financial;45832.0;4074.0
5215603;Government;650687.0;0.0
5215603;Manufacturing;446790.0;83943.0
5215603;Mining;195303.0;29299.0
5215603;OtherServices;2794607.0;1179806.0
5215603;RealEstate;10119.0;0.0
5215603;Trade;1466385.0;663514.0
5215603;Transport;498431.0;163402.0
5215603;Unknown;468004.0;38415.0
5215603;Utilities;212840.0;3575.0
5217609;Agriculture;955993.0;179039.0
5217609;Business;288481.0;26736.0
5217609;Construction;5543024.0;1912413.0
5217609;Financial;232725.0;0.0
5217609;Government;3258632.0;0.0
5217609;Manufacturing;767159.0;241402.0
5217609;Mining;38278.0;0.0
5217609;OtherServices;10853524.0;1291410.0
5217609;RealEstate;151935.0;83828.0
5217609;Trade;4885964.0;2008702.0
5217609;Transport;1308328.0;216970.0
5217609;Unknown;1389788.0;282394.0
5217609;Utilities;285126.0;39024.0
5218805;Agriculture;21736737.0;10143245.0
5218805;Business;1100952.0;171839.0
5218805;Construction;12657913.0;3202150.0
5218805;Financial;2852185.0;456142.0
5218805;Government;5589377.0;157902.0
5218805;Manufacturing;13520670.0;2817899.0
5218805;Mining;139865.0;30750.0
5218805;OtherServices;31148221.0;9802184.0
5218805;RealEstate;489407.0;266650.0
5218805;Trade;21728029.0;6198668.0
5218805;Transport;7839606.0;2984957.0
5218805;Unknown;8220165.0;2168915.0
5218805;Utilities;602732.0;64106.0
5219738;Agriculture;163077.0;41529.0
5219738;Business;29103.0;1551.0
5219738;Construction;283078.0;128374.0
5219738;Financial;16524.0;0.0
5219738;Government;185209.0;0.0
5219738;Manufacturing;252670.0;36410.0
5219738;OtherServices;607301.0;112451.0
5219738;RealEstate;3635.0;2141.0
5219738;Trade;325971.0;157967.0
5219738;Transport;70457.0;7232.0
5219738;Unknown;135985.0;61891.0
5219738;Utilities;30188.0;0.0
5219753;Agriculture;715138.0;122161.0
5219753;Business;206842.0;0.0
5219753;Construction;4056452.0;945790.0
5219753;Financial;80698.0;0.0
5219753;Government;2719859.0;36764.0
5219753;Manufacturing;1331189.0;323886.0
5219753;Mining;16072.0;8692.0
5219753;OtherServices;7285445.0;665012.0
5219753;RealEstate;194002.0;95983.0
5219753;Trade;3303962.0;1226051.0
5219753;Transport;1211625.0;257338.0
5219753;Unknown;718227.0;178577.0
5219753;Utilities;335358.0;129098.0
5220454;Agriculture;489609.0;192586.0
5220454;Business;469640.0;58664.0
5220454;Construction;4978811.0;1168568.0
5220454;Financial;386219.0;167041.0
5220454;Government;3139937.0;133061.0
5220454;Manufacturing;3648174.0;824482.0
5220454;Mining;141186.0;0.0
5220454;OtherServices;10838991.0;1659227.0
5220454;RealEstate;273265.0;196302.0
5220454;Trade;6833667.0;2400030.0
5220454;Transport;1463448.0;281993.0
5220454;Unknown;2320472.0;330780.0
5220454;Utilities;452034.0;40818.0
5221304;Agriculture;146953.0;59282.0
5221304;Business;472.0;0.0
5221304;Construction;91438.0;46913.0
5221304;Financial;6267.0;0.0
5221304;Government;229636.0;0.0
5221304;Manufacturing;64606.0;33681.0
5221304;Mining;1020.0;0.0
5221304;OtherServices;407654.0;74217.0
5221304;Trade;326828.0;74931.0
5221304;Transport;61536.0;3710.0
5221304;Unknown;102238.0;42549.0
5221304;Utilities;4936.0;0.0
5221403;Agriculture;1154597.0;401679.0
5221403;Business;437147.0;115189.0
5221403;Construction;4537128.0;1857507.0
5221403;Financial;467022.0;89139.0
5221403;Government;3428155.0;45913.0
5221403;Manufacturing;6727249.0;1989803.0
5221403;Mining;4328.0;0.0
5221403;OtherServices;11607674.0;2183679.0
5221403;RealEstate;307072.0;184005.0
5221403;Trade;9476927.0;3355448.0
5221403;Transport;2195718.0;689284.0
5221403;Unknown;3002273.0;1376817.0
5221403;Utilities;441342.0;52321.0
5221858;Agriculture;337632.0;83924.0
5221858;Business;2076606.0;270799.0
5221858;Construction;7199472.0;2103679.0
5221858;Financial;1992897.0;111751.0
5221858;Government;12617335.0;41302.0
5221858;Manufacturing;3761962.0;1369170.0
5221858;Mining;31653.0;0.0
5221858;OtherServices;26080758.0;3399659.0
5221858;RealEstate;1529541.0;688993.0
5221858;Trade;11959183.0;4043267.0
5221858;Transport;3032452.0;696970.0
5221858;Unknown;5750301.0;1556672.0
5221858;Utilities;483945.0;67958.0
5300108;Agriculture;32622438.0;18124145.0
5300108;Business;101698631.0;10899422.0
5300108;Construction;137716003.0;38990394.0
5300108;Financial;168983489.0;5071895.0
5300108;Government;992829338.0;3385881.0
5300108;Manufacturing;79275299.0;25862605.0
5300108;Mining;2719820.0;114059.0
5300108;OtherServices;876490525.0;146056411.0
5300108;RealEstate;32805992.0;13918819.0
5300108;Trade;282567064.0;92191146.0
5300108;Transport;89080182.0;17708932.0
5300108;Unknown;243396976.0;51952379.0
5300108;Utilities;28241399.0;1522867.0
