cod_mun;gender;age_group;pop;active;employed
1100122;female;16;2477;848;580
1100122;female;18;2108;1170;966
1100122;female;20;5823;3717;3355
1100122;female;25;5699;4116;3703
1100122;female;30;5110;3788;3500
1100122;female;35;4603;3200;2946
1100122;female;40;4121;2813;2688
1100122;female;45;3548;2211;2157
1100122;female;50;2908;1769;1734
1100122;female;55;2093;839;828
1100122;female;60;2547;581;564
1100122;male;16;2119;963;772
1100122;male;18;2158;1561;1384
1100122;male;20;5663;4863;4563
1100122;male;25;5462;4972;4800
1100122;male;30;4833;4395;4325
1100122;male;35;4236;3957;3842
1100122;male;40;4021;3674;3604
1100122;male;45;3561;3165;3100
1100122;male;50;2655;2244;2192
1100122;male;55;2217;1717;1675
1100122;male;60;2567;1503;1503
1100205;female;16;8212;1750;1421
1100205;female;18;8277;3687;2908
1100205;female;20;22746;12674;11037
1100205;female;25;21742;13924;12515
1100205;female;30;19219;13549;12575
1100205;female;35;16270;11500;10638
1100205;female;40;14330;10119;9670
1100205;female;45;12187;8183;7807
1100205;female;50;9328;5811;5630
1100205;female;55;6848;3439;3345
1100205;female;60;7576;2574;2559
1100205;male;16;8374;3561;2940
1100205;male;18;8221;5214;4635
1100205;male;20;23568;18483;17316
1100205;male;25;22595;18890;18314
1100205;male;30;19707;17083;16573
1100205;male;35;16158;14352;13995
1100205;male;40;14432;12811;12514
1100205;male;45;12810;11353;11076
1100205;male;50;10034;8547;8377
1100205;male;55;7394;6251;6132
1100205;male;60;7428;4749;4722
1100809;female;16;378;97;81
1100809;female;18;328;108;94
1100809;female;20;873;455;376
1100809;female;25;896;477;457
1100809;female;30;778;478;433
1100809;female;35;639;412;372
1100809;female;40;554;294;277
1100809;female;45;472;263;247
1100809;female;50;371;163;158
1100809;female;55;314;128;128
1100809;female;60;379;126;126
1100809;male;16;396;159;146
1100809;male;18;398;295;279
1100809;male;20;911;790;757
1100809;male;25;891;772;772
1100809;male;30;823;730;725
1100809;male;35;692;596;575
1100809;male;40;647;567;560
1100809;male;45;552;511;507
1100809;male;50;500;401;394
1100809;male;55;384;309;298
1100809;male;60;472;268;268
1200401;female;16;7099;1645;942
1200401;female;18;6729;2875;1740
1200401;female;20;17512;10308;8173
1200401;female;25;17417;11205;9532
1200401;female;30;15862;10922;9824
1200401;female;35;12498;9125;8461
1200401;female;40;10923;8008;7580
1200401;female;45;8450;5471;5146
1200401;female;50;7151;4429;4340
1200401;female;55;5121;2840;2753
1200401;female;60;6557;1711;1690
1200401;male;16;6359;1792;1280
1200401;male;18;6205;3501;2906
1200401;male;20;16538;12631;10974
1200401;male;25;16303;13656;12779
1200401;male;30;14228;12378;11747
1200401;male;35;11624;10210;9858
1200401;male;40;9893;8608;8302
1200401;male;45;7707;6475;6331
1200401;male;50;6378;5260;5184
1200401;male;55;4814;3731;3599
1200401;male;60;5809;3157;3067
1302603;female;16;36294;8776;5739
1302603;female;18;35190;15300;10281
1302603;female;20;92632;54210;42497
1302603;female;25;95173;61643;50914
1302603;female;30;86810;58713;50639
1302603;female;35;71694;48480;43192
1302603;female;40;58283;39449;35717
1302603;female;45;47683;30231;28112
1302603;female;50;37855;22397;21298
1302603;female;55;29676;14018;13431
1302603;female;60;34327;10028;9601
1302603;male;16;35771;10732;7494
1302603;male;18;32530;17862;13722
1302603;male;20;88051;68302;58189
1302603;male;25;89991;76360;70109
1302603;male;30;81086;71467;66945
1302603;male;35;67048;59030;56281
1302603;male;40;56625;50269;48154
1302603;male;45;45309;39191;37635
1302603;male;50;36614;30326;29010
1302603;male;55;24926;18763;18000
1302603;male;60;29368;16533;15852
1303403;female;16;2282;589;446
1303403;female;18;2057;819;632
1303403;female;20;4498;2201;1780
1303403;female;25;4024;2125;1836
1303403;female;30;3395;2126;1945
1303403;female;35;2760;1779;1637
1303403;female;40;2234;1534;1360
1303403;female;45;1974;1360;1293
1303403;female;50;1632;1021;995
1303403;female;55;1306;563;531
1303403;female;60;1742;464;412
1303403;male;16;2563;943;805
1303403;male;18;2027;1121;915
1303403;male;20;4666;3148;2845
1303403;male;25;4042;3264;2971
1303403;male;30;3539;2975;2837
1303403;male;35;2973;2459;2297
1303403;male;40;2461;2237;2168
1303403;male;45;2162;1917;1894
1303403;male;50;1780;1446;1343
1303403;male;55;1481;1145;1131
1303403;male;60;2047;1116;1096
1400100;female;16;6112;1655;1338
1400100;female;18;6091;2975;2250
1400100;female;20;15126;9263;7641
1400100;female;25;15237;10796;9669
1400100;female;30;13171;10075;9363
1400100;female;35;10352;7587;7085
1400100;female;40;8517;6176;5896
1400100;female;45;7155;5063;4821
1400100;female;50;5238;3282;3188
1400100;female;55;4010;1938;1866
1400100;female;60;4470;1239;1211
1400100;male;16;5763;1975;1591
1400100;male;18;5679;3479;2845
1400100;male;20;14505;11243;10264
1400100;male;25;14372;12162;11511
1400100;male;30;12391;10823;10445
1400100;male;35;9944;8881;8514
1400100;male;40;8534;7526;7336
1400100;male;45;7044;6112;5961
1400100;male;50;5162;4282;4164
1400100;male;55;4160;3279;3152
1400100;male;60;4361;2514;2442
1500107;female;16;3715;593;541
1500107;female;18;2952;748;536
1500107;female;20;7281;2990;2324
1500107;female;25;6499;3609;3167
1500107;female;30;5472;3306;2920
1500107;female;35;4595;3001;2770
1500107;female;40;3543;2237;2096
1500107;female;45;2886;1927;1877
1500107;female;50;2470;1346;1247
1500107;female;55;2001;885;881
1500107;female;60;2767;722;703
1500107;male;16;3414;1237;1144
1500107;male;18;3206;1504;1310
1500107;male;20;7611;5322;4728
1500107;male;25;6824;5712;5202
1500107;male;30;5561;4801;4397
1500107;male;35;4738;4028;3871
1500107;male;40;3944;3417;3230
1500107;male;45;3057;2586;2460
1500107;male;50;2430;1863;1793
1500107;male;55;2164;1664;1575
1500107;male;60;2918;1526;1496
1500800;female;16;9070;1651;1053
1500800;female;18;9693;3112;1784
1500800;female;20;24621;13837;10272
1500800;female;25;25129;15686;12885
1500800;female;30;23139;15832;13675
1500800;female;35;19981;14261;12675
1500800;female;40;17139;11179;10105
1500800;female;45;13736;8826;8184
1500800;female;50;11390;6396;6057
1500800;female;55;9007;4118;3871
1500800;female;60;10448;2311;2290
1500800;male;16;9128;2486;1768
1500800;male;18;8227;4644;3514
1500800;male;20;22513;16943;14349
1500800;male;25;22708;20224;18391
1500800;male;30;20455;18599;17398
1500800;male;35;17865;16303;15604
1500800;male;40;15288;13474;12865
1500800;male;45;12502;10886;10481
1500800;male;50;10072;8817;8520
1500800;male;55;7721;6086;5929
1500800;male;60;8419;4431;4176
1501402;female;16;25817;4717;3208
1501402;female;18;26091;9148;5904
1501402;female;20;70842;38336;28338
1501402;female;25;72408;46853;39054
1501402;female;30;65881;45026;39482
1501402;female;35;58326;40317;36111
1501402;female;40;51648;35496;32657
1501402;female;45;44291;29333;27326
1501402;female;50;38364;22763;21646
1501402;female;55;30327;14582;13978
1501402;female;60;41687;11550;11186
1501402;male;16;23827;5321;3797
1501402;male;18;24879;11243;8192
1501402;male;20;64563;46126;38862
1501402;male;25;65008;54385;49809
1501402;male;30;58501;51327;47943
1501402;male;35;51690;45472;43750
1501402;male;40;45575;40034;38292
1501402;male;45;38334;33348;32058
1501402;male;50;32018;26363;25362
1501402;male;55;24877;18426;17923
1501402;male;60;31468;16879;16396
1501501;female;16;1084;182;100
1501501;female;18;1025;402;214
1501501;female;20;2484;1249;826
1501501;female;25;2573;1499;1075
1501501;female;30;2301;1444;1237
1501501;female;35;1937;1223;1062
1501501;female;40;1572;1053;962
1501501;female;45;1189;718;615
1501501;female;50;1094;667;644
1501501;female;55;688;264;247
1501501;female;60;895;237;225
1501501;male;16;1098;313;172
1501501;male;18;1084;590;409
1501501;male;20;2537;2015;1695
1501501;male;25;2511;2170;1935
1501501;male;30;2222;2013;1830
1501501;male;35;1891;1732;1643
1501501;male;40;1558;1448;1431
1501501;male;45;1223;1021;964
1501501;male;50;1090;912;866
1501501;male;55;707;591;591
1501501;male;60;1045;531;493
1501709;female;16;2503;549;483
1501709;female;18;2199;737;557
1501709;female;20;5760;2368;1876
1501709;female;25;5162;2711;2432
1501709;female;30;4018;2243;2141
1501709;female;35;3490;2044;1949
1501709;female;40;2905;1603;1526
1501709;female;45;2334;1322;1301
1501709;female;50;1955;896;858
1501709;female;55;1697;566;545
1501709;female;60;2409;490;490
1501709;male;16;2917;1104;1041
1501709;male;18;2353;1156;1053
1501709;male;20;5801;4161;3875
1501709;male;25;5015;4253;4068
1501709;male;30;4186;3530;3364
1501709;male;35;3696;3256;3142
1501709;male;40;2938;2502;2435
1501709;male;45;2458;2155;2099
1501709;male;50;2142;1824;1819
1501709;male;55;1701;1163;1154
1501709;male;60;2456;1129;1129
1502103;female;16;2624;713;652
1502103;female;18;2533;985;727
1502103;female;20;5972;2900;2481
1502103;female;25;4994;3040;2747
1502103;female;30;4033;2544;2344
1502103;female;35;3214;2123;1966
1502103;female;40;2638;1836;1664
1502103;female;45;2059;1268;1237
1502103;female;50;1870;1252;1230
1502103;female;55;1658;865;849
1502103;female;60;2528;862;862
1502103;male;16;3069;1064;962
1502103;male;18;2749;1305;1184
1502103;male;20;6325;4261;3898
1502103;male;25;5406;4357;4142
1502103;male;30;4522;3719;3570
1502103;male;35;3582;3025;2954
1502103;male;40;2843;2483;2384
1502103;male;45;2186;1810;1737
1502103;male;50;1748;1477;1438
1502103;male;55;1930;1497;1475
1502103;male;60;2374;1422;1382
1502400;female;16;3606;684;491
1502400;female;18;3819;1539;1180
1502400;female;20;9231;4983;3731
1502400;female;25;8948;5079;4127
1502400;female;30;7784;4537;3938
1502400;female;35;6411;3845;3363
1502400;female;40;5498;3190;2931
1502400;female;45;4428;2664;2521
1502400;female;50;3550;1880;1801
1502400;female;55;2790;971;927
1502400;female;60;3774;817;804
1502400;male;16;3382;987;801
1502400;male;18;3307;1748;1489
1502400;male;20;8780;6604;5965
1502400;male;25;8332;7274;6719
1502400;male;30;7105;6379;6038
1502400;male;35;6211;5440;5203
1502400;male;40;5238;4556;4409
1502400;male;45;3970;3445;3334
1502400;male;50;3348;2849;2787
1502400;male;55;2401;1818;1789
1502400;male;60;3192;1644;1576
1504208;female;16;4914;1157;885
1504208;female;18;4592;2119;1487
1504208;female;20;12507;6706;5262
1504208;female;25;12020;7226;6117
1504208;female;30;9897;6267;5374
1504208;female;35;7781;4856;4388
1504208;female;40;6483;4004;3805
1504208;female;45;5295;2888;2707
1504208;female;50;4085;2117;2015
1504208;female;55;2968;1169;1103
1504208;female;60;3437;835;827
1504208;male;16;5101;1989;1706
1504208;male;18;4525;2814;2375
1504208;male;20;12618;9975;8779
1504208;male;25;11953;10406;9626
1504208;male;30;10104;8860;8333
1504208;male;35;7841;7150;6854
1504208;male;40;6628;5628;5393
1504208;male;45;5410;4643;4461
1504208;male;50;4206;3352;3243
1504208;male;55;3493;2839;2740
1504208;male;60;4106;2556;2485
1504422;female;16;2082;421;253
1504422;female;18;2205;773;408
1504422;female;20;5726;2735;1871
1504422;female;25;5976;3148;2294
1504422;female;30;5422;3011;2448
1504422;female;35;4519;2659;2304
1504422;female;40;3470;2242;1980
1504422;female;45;2529;1554;1420
1504422;female;50;1930;821;772
1504422;female;55;1441;545;470
1504422;female;60;1772;282;274
1504422;male;16;1984;505;313
1504422;male;18;2090;1093;784
1504422;male;20;5417;3964;3331
1504422;male;25;5428;4510;3955
1504422;male;30;5455;4840;4327
1504422;male;35;4275;3859;3641
1504422;male;40;3490;3109;2948
1504422;male;45;2524;2241;2140
1504422;male;50;2064;1677;1581
1504422;male;55;1439;1059;976
1504422;male;60;1729;743;681
1505536;female;16;3130;641;432
1505536;female;18;3298;1410;962
1505536;female;20;9415;5330;4125
1505536;female;25;9122;5021;4143
1505536;female;30;7310;4495;3837
1505536;female;35;5298;3244;2886
1505536;female;40;4112;2569;2373
1505536;female;45;3011;1622;1459
1505536;female;50;2374;1015;951
1505536;female;55;1265;430;410
1505536;female;60;1484;268;268
1505536;male;16;2790;1074;857
1505536;male;18;2998;2008;1593
1505536;male;20;9022;7791;6856
1505536;male;25;9430;8828;8304
1505536;male;30;7465;6853;6568
1505536;male;35;5617;5292;4955
1505536;male;40;4416;4000;3842
1505536;male;45;3518;3181;3098
1505536;male;50;2596;2323;2213
1505536;male;55;1770;1419;1383
1505536;male;60;1751;1025;975
1506807;female;16;6341;1142;974
1506807;female;18;6509;2572;1742
1506807;female;20;14867;7848;6116
1506807;female;25;13220;7990;6697
1506807;female;30;11453;7020;6178
1506807;female;35;9635;6700;6255
1506807;female;40;8102;5277;4971
1506807;female;45;7096;4288;4071
1506807;female;50;5980;3327;3255
1506807;female;55;4612;2254;2212
1506807;female;60;6207;1441;1407
1506807;male;16;6915;2368;1972
1506807;male;18;5927;3479;2854
1506807;male;20;14254;10849;9586
1506807;male;25;12708;10867;10217
1506807;male;30;10913;9659;9121
1506807;male;35;9228;8219;7860
1506807;male;40;7705;6902;6699
1506807;male;45;6798;5989;5761
1506807;male;50;5368;4460;4309
1506807;male;55;4704;3686;3583
1506807;male;60;6355;3736;3698
1600303;female;16;9053;1834;1167
1600303;female;18;8389;3555;2306
1600303;female;20;21351;12701;9305
1600303;female;25;20687;13966;11583
1600303;female;30;18011;13202;11495
1600303;female;35;14998;11421;10415
1600303;female;40;11714;8846;8244
1600303;female;45;9110;6459;5970
1600303;female;50;7106;4701;4491
1600303;female;55;5090;2887;2755
1600303;female;60;6116;1895;1851
1600303;male;16;8421;2400;1856
1600303;male;18;8325;4680;3464
1600303;male;20;20422;15652;12934
1600303;male;25;18951;16574;14942
1600303;male;30;16527;14679;13835
1600303;male;35;14406;12811;12208
1600303;male;40;11426;10309;9951
1600303;male;45;8748;7780;7477
1600303;male;50;7135;6316;6077
1600303;male;55;4798;3814;3715
1600303;male;60;5665;3349;3268
1600600;female;16;2429;449;274
1600600;female;18;2127;948;532
1600600;female;20;5495;2813;2022
1600600;female;25;4909;2967;2438
1600600;female;30;4140;2585;2257
1600600;female;35;3549;2417;2144
1600600;female;40;2682;1771;1585
1600600;female;45;1945;1184;1034
1600600;female;50;1495;855;773
1600600;female;55;1402;698;678
1600600;female;60;1639;448;413
1600600;male;16;2439;665;457
1600600;male;18;2432;1135;839
1600600;male;20;5338;3936;3261
1600600;male;25;4792;3918;3454
1600600;male;30;3987;3479;3141
1600600;male;35;3329;2893;2677
1600600;male;40;2672;2395;2276
1600600;male;45;2010;1833;1703
1600600;male;50;1518;1276;1228
1600600;male;55;1273;936;879
1600600;male;60;1590;960;913
1702109;female;16;3089;804;597
1702109;female;18;3379;1702;1290
1702109;female;20;8873;5470;4709
1702109;female;25;7562;5039;4623
1702109;female;30;6875;4929;4579
1702109;female;35;5567;4049;3802
1702109;female;40;4981;3544;3343
1702109;female;45;3843;2273;2212
1702109;female;50;3227;1800;1702
1702109;female;55;2124;911;843
1702109;female;60;3021;475;475
1702109;male;16;2837;1368;1114
1702109;male;18;3123;2103;1937
1702109;male;20;8181;6612;6108
1702109;male;25;7437;6801;6469
1702109;male;30;6375;5966;5721
1702109;male;35;5350;4915;4762
1702109;male;40;4446;4020;3949
1702109;male;45;3560;3261;3208
1702109;male;50;2716;2160;2086
1702109;male;55;2274;1750;1712
1702109;male;60;3047;1564;1538
1721000;female;16;4376;1579;1160
1721000;female;18;5535;3167;2415
1721000;female;20;13877;9881;8573
1721000;female;25;13561;10594;9736
1721000;female;30;11944;9303;8654
1721000;female;35;9153;7287;6832
1721000;female;40;7381;5751;5538
1721000;female;45;5652;4326;4132
1721000;female;50;4011;2374;2284
1721000;female;55;2675;1505;1466
1721000;female;60;3008;880;847
1721000;male;16;4443;2160;1662
1721000;male;18;4693;3181;2774
1721000;male;20;13137;11461;10697
1721000;male;25;12702;11897;11544
1721000;male;30;10915;10389;10173
1721000;male;35;8796;8344;8130
1721000;male;40;7263;6742;6600
1721000;male;45;5637;5407;5339
1721000;male;50;4433;4096;3960
1721000;male;55;2897;2386;2358
1721000;male;60;3276;2014;1897
2100055;female;16;2284;401;262
2100055;female;18;2082;838;473
2100055;female;20;5411;2782;2219
2100055;female;25;5009;2519;2114
2100055;female;30;4307;2503;2140
2100055;female;35;3520;2217;1968
2100055;female;40;2974;1732;1582
2100055;female;45;2517;1295;1179
2100055;female;50;1786;818;775
2100055;female;55;1597;545;522
2100055;female;60;2015;327;327
2100055;male;16;1981;637;486
2100055;male;18;2096;1280;1018
2100055;male;20;5313;4481;3897
2100055;male;25;4895;4306;3927
2100055;male;30;4281;3997;3691
2100055;male;35;3413;3125;2967
2100055;male;40;2972;2729;2553
2100055;male;45;2518;2109;2009
2100055;male;50;2035;1624;1539
2100055;male;55;1364;1100;1058
2100055;male;60;2083;1133;1103
2101202;female;16;1907;429;359
2101202;female;18;2093;851;512
2101202;female;20;4982;2522;1989
2101202;female;25;4761;2762;2324
2101202;female;30;4098;2531;2360
2101202;female;35;3214;2059;1859
2101202;female;40;2970;1817;1744
2101202;female;45;2645;1583;1511
2101202;female;50;2177;1003;996
2101202;female;55;2101;776;776
2101202;female;60;2945;654;645
2101202;male;16;1909;623;528
2101202;male;18;1879;1158;965
2101202;male;20;4712;3636;3196
2101202;male;25;4320;3706;3489
2101202;male;30;3757;3279;3142
2101202;male;35;2830;2477;2315
2101202;male;40;2608;2251;2171
2101202;male;45;2225;1952;1923
2101202;male;50;1998;1570;1553
2101202;male;55;1433;1127;1108
2101202;male;60;2201;1280;1242
2103000;female;16;2967;465;361
2103000;female;18;3172;1089;807
2103000;female;20;7641;3769;3129
2103000;female;25;6826;3875;3332
2103000;female;30;6014;3537;3159
2103000;female;35;4774;3081;2798
2103000;female;40;4521;2686;2544
2103000;female;45;4108;2195;2131
2103000;female;50;3433;1807;1745
2103000;female;55;3100;1325;1286
2103000;female;60;4675;1023;1012
2103000;male;16;2769;716;626
2103000;male;18;3280;1687;1341
2103000;male;20;7201;5356;4735
2103000;male;25;6637;5368;5123
2103000;male;30;5608;4772;4638
2103000;male;35;4338;3865;3697
2103000;male;40;3861;3285;3209
2103000;male;45;3464;2788;2680
2103000;male;50;2820;2252;2196
2103000;male;55;2662;1946;1937
2103000;male;60;3732;1914;1878
2103307;female;16;2348;364;297
2103307;female;18;2333;703;538
2103307;female;20;5517;2597;1968
2103307;female;25;4926;2344;1978
2103307;female;30;4168;2461;2190
2103307;female;35;3363;1919;1754
2103307;female;40;3101;2044;1908
2103307;female;45;2950;1624;1606
2103307;female;50;2704;1482;1443
2103307;female;55;2209;883;864
2103307;female;60;3845;943;914
2103307;male;16;2346;705;660
2103307;male;18;2384;1267;1019
2103307;male;20;5630;3961;3461
2103307;male;25;4805;3834;3644
2103307;male;30;3856;3205;2883
2103307;male;35;3103;2631;2553
2103307;male;40;2892;2482;2394
2103307;male;45;2369;1976;1902
2103307;male;50;2306;1752;1704
2103307;male;55;1783;1446;1436
2103307;male;60;2873;1557;1532
2103752;female;16;241;47;41
2103752;female;18;227;94;60
2103752;female;20;593;268;229
2103752;female;25;565;276;234
2103752;female;30;421;241;205
2103752;female;35;332;184;172
2103752;female;40;309;188;184
2103752;female;45;299;109;109
2103752;female;50;251;104;100
2103752;female;55;205;81;81
2103752;female;60;354;109;109
2103752;male;16;219;36;29
2103752;male;18;338;169;145
2103752;male;20;623;463;440
2103752;male;25;554;479;452
2103752;male;30;479;399;391
2103752;male;35;318;255;252
2103752;male;40;293;249;249
2103752;male;45;236;185;181
2103752;male;50;203;139;132
2103752;male;55;207;130;130
2103752;male;60;287;130;130
2105302;female;16;4804;1019;715
2105302;female;18;5150;2599;1733
2105302;female;20;13309;8334;6874
2105302;female;25;12919;8405;7383
2105302;female;30;11193;7609;6969
2105302;female;35;9117;6269;5772
2105302;female;40;8050;5321;5042
2105302;female;45;6911;4438;4215
2105302;female;50;5803;3377;3294
2105302;female;55;4216;1821;1750
2105302;female;60;6065;1540;1510
2105302;male;16;4732;1535;1215
2105302;male;18;4614;3114;2603
2105302;male;20;12433;10509;9389
2105302;male;25;11597;10358;9748
2105302;male;30;10251;9610;9283
2105302;male;35;8091;7664;7426
2105302;male;40;7125;6660;6495
2105302;male;45;6001;5553;5362
2105302;male;50;4977;4279;4139
2105302;male;55;3787;3043;2982
2105302;male;60;5154;2921;2887
2107506;female;16;2166;306;245
2107506;female;18;1993;639;408
2107506;female;20;5889;3402;2349
2107506;female;25;5732;3165;2518
2107506;female;30;5171;3113;2497
2107506;female;35;4306;2715;2501
2107506;female;40;3571;2319;2178
2107506;female;45;2737;1583;1507
2107506;female;50;2375;1220;1163
2107506;female;55;1819;879;862
2107506;female;60;2081;615;615
2107506;male;16;1902;494;365
2107506;male;18;2059;998;842
2107506;male;20;5468;4059;3475
2107506;male;25;5553;4584;4239
2107506;male;30;4529;3971;3760
2107506;male;35;3811;3352;3238
2107506;male;40;3261;2904;2814
2107506;male;45;2507;2013;1969
2107506;male;50;1875;1558;1513
2107506;male;55;1866;1311;1285
2107506;male;60;1747;985;967
2109452;female;16;555;37;22
2109452;female;18;530;113;93
2109452;female;20;1428;533;427
2109452;female;25;1356;748;610
2109452;female;30;1163;690;568
2109452;female;35;926;603;538
2109452;female;40;711;327;289
2109452;female;45;562;325;277
2109452;female;50;431;224;211
2109452;female;55;357;148;140
2109452;female;60;452;76;76
2109452;male;16;516;202;168
2109452;male;18;496;308;257
2109452;male;20;1451;1032;898
2109452;male;25;1204;1022;930
2109452;male;30;1110;956;888
2109452;male;35;943;813;755
2109452;male;40;726;543;531
2109452;male;45;544;517;495
2109452;male;50;468;364;355
2109452;male;55;330;255;243
2109452;male;60;472;168;153
2111201;female;16;3428;533;288
2111201;female;18;3580;1319;713
2111201;female;20;9476;4549;3156
2111201;female;25;8671;5163;4062
2111201;female;30;7915;5000;4084
2111201;female;35;6615;4277;3831
2111201;female;40;5765;3780;3433
2111201;female;45;4206;2440;2316
2111201;female;50;3085;1656;1608
2111201;female;55;2324;937;920
2111201;female;60;2969;634;634
2111201;male;16;3049;661;457
2111201;male;18;3362;1722;1299
2111201;male;20;8660;6540;5586
2111201;male;25;7834;6478;6068
2111201;male;30;6662;5767;5518
2111201;male;35;5853;5060;4905
2111201;male;40;5170;4647;4524
2111201;male;45;4002;3467;3370
2111201;male;50;3249;2602;2493
2111201;male;55;1810;1340;1283
2111201;male;60;2706;1275;1239
2111300;female;16;19046;3638;2258
2111300;female;18;22116;9590;6006
2111300;female;20;60531;35764;25437
2111300;female;25;58266;40053;32843
2111300;female;30;49913;35226;30415
2111300;female;35;42562;30641;27318
2111300;female;40;37623;25953;23689
2111300;female;45;31003;20448;18880
2111300;female;50;24900;16263;15405
2111300;female;55;19297;10006;9760
2111300;female;60;24470;7726;7590
2111300;male;16;18295;3671;2562
2111300;male;18;18917;8835;6101
2111300;male;20;54277;40040;33301
2111300;male;25;50864;42807;38061
2111300;male;30;42102;37833;34944
2111300;male;35;35023;31399;29751
2111300;male;40;30731;27495;26686
2111300;male;45;25430;22266;21139
2111300;male;50;20631;17441;16898
2111300;male;55;16405;13164;12646
2111300;male;60;19316;11312;10903
2112209;female;16;3055;538;385
2112209;female;18;2845;908;569
2112209;female;20;7857;4142;3284
2112209;female;25;7450;4003;3465
2112209;female;30;6794;4097;3681
2112209;female;35;5518;3508;3218
2112209;female;40;4838;3102;2925
2112209;female;45;4146;2494;2399
2112209;female;50;3381;1699;1642
2112209;female;55;2910;1256;1247
2112209;female;60;3786;874;851
2112209;male;16;3052;834;693
2112209;male;18;2730;1455;1195
2112209;male;20;7799;5696;5077
2112209;male;25;7207;6285;5939
2112209;male;30;6284;5573;5355
2112209;male;35;4939;4485;4326
2112209;male;40;4274;3843;3787
2112209;male;45;3452;3071;3027
2112209;male;50;2923;2446;2403
2112209;male;55;2347;1799;1752
2112209;male;60;3313;1618;1605
2207702;female;16;2680;425;317
2207702;female;18;2818;852;530
2207702;female;20;7509;3962;2761
2207702;female;25;6820;4076;3283
2207702;female;30;6261;3825;3394
2207702;female;35;5476;3539;3234
2207702;female;40;4992;3242;2967
2207702;female;45;4355;2407;2316
2207702;female;50;3453;1782;1735
2207702;female;55;2954;1131;1109
2207702;female;60;4508;1028;1020
2207702;male;16;2809;743;621
2207702;male;18;2510;1262;977
2207702;male;20;7045;4957;4178
2207702;male;25;6314;5485;5113
2207702;male;30;5634;5080;4826
2207702;male;35;5046;4546;4367
2207702;male;40;4397;3886;3689
2207702;male;45;3793;3284;3205
2207702;male;50;2890;2438;2335
2207702;male;55;2501;1971;1940
2207702;male;60;3597;1830;1797
2211001;female;16;14823;2963;1690
2211001;female;18;15897;5995;3829
2211001;female;20;46794;27775;21317
2211001;female;25;44183;29961;25691
2211001;female;30;39149;28416;24995
2211001;female;35;33006;23478;21242
2211001;female;40;30570;21436;19953
2211001;female;45;27003;18600;17349
2211001;female;50;22227;13395;12829
2211001;female;55;17968;9036;8797
2211001;female;60;21791;6099;5926
2211001;male;16;14119;3836;2668
2211001;male;18;15019;7954;5729
2211001;male;20;41714;31373;26875
2211001;male;25;38920;33844;31350
2211001;male;30;33755;30767;29159
2211001;male;35;27664;25136;23940
2211001;male;40;23708;21465;20816
2211001;male;45;21406;19684;19368
2211001;male;50;17525;15252;14983
2211001;male;55;14137;11556;11399
2211001;male;60;17197;10295;10183
2301000;female;16;1322;280;169
2301000;female;18;1546;596;424
2301000;female;20;3472;1878;1646
2301000;female;25;3296;1664;1458
2301000;female;30;2917;1610;1482
2301000;female;35;2514;1456;1319
2301000;female;40;2348;1262;1195
2301000;female;45;1891;866;816
2301000;female;50;1440;726;662
2301000;female;55;1179;471;463
2301000;female;60;1813;331;331
2301000;male;16;1648;549;470
2301000;male;18;1345;795;714
2301000;male;20;3776;3011;2734
2301000;male;25;3662;2885;2671
2301000;male;30;3198;2639;2502
2301000;male;35;2770;2320;2191
2301000;male;40;2509;2150;2071
2301000;male;45;2003;1687;1616
2301000;male;50;1500;1160;1144
2301000;male;55;1159;736;726
2301000;male;60;1858;902;878
2301901;female;16;1184;198;137
2301901;female;18;858;344;231
2301901;female;20;2861;1684;1245
2301901;female;25;2622;1749;1531
2301901;female;30;2309;1483;1374
2301901;female;35;1940;1293;1161
2301901;female;40;1709;1107;977
2301901;female;45;1444;866;814
2301901;female;50;1082;608;577
2301901;female;55;1205;476;468
2301901;female;60;1680;322;310
2301901;male;16;1146;368;286
2301901;male;18;1021;549;391
2301901;male;20;2860;2285;1967
2301901;male;25;2525;2234;1996
2301901;male;30;2098;1890;1801
2301901;male;35;1757;1572;1516
2301901;male;40;1546;1366;1298
2301901;male;45;1311;1132;1104
2301901;male;50;923;758;731
2301901;male;55;926;670;670
2301901;male;60;1326;549;549
2303709;female;16;6675;1317;973
2303709;female;18;6430;2564;1687
2303709;female;20;16483;9410;7709
2303709;female;25;14908;9011;8003
2303709;female;30;13407;7980;7204
2303709;female;35;12340;7389;6816
2303709;female;40;11700;7104;6638
2303709;female;45;10148;5597;5345
2303709;female;50;7266;3679;3582
2303709;female;55;5346;2366;2328
2303709;female;60;7295;1532;1509
2303709;male;16;6762;1684;1189
2303709;male;18;6630;3454;2745
2303709;male;20;16601;12737;11218
2303709;male;25;14645;12629;11846
2303709;male;30;12560;11000;10439
2303709;male;35;11452;10298;9835
2303709;male;40;10734;9214;8811
2303709;male;45;9194;8016;7666
2303709;male;50;6415;5356;5208
2303709;male;55;4721;3357;3288
2303709;male;60;6250;3312;3249
2304202;female;16;2500;520;314
2304202;female;18;2243;1025;743
2304202;female;20;6284;3561;2630
2304202;female;25;5564;3606;3195
2304202;female;30;5269;3407;3115
2304202;female;35;4391;2894;2527
2304202;female;40;4046;2604;2426
2304202;female;45;3592;2168;2090
2304202;female;50;3104;1720;1637
2304202;female;55;2451;1029;1005
2304202;female;60;3778;787;781
2304202;male;16;2235;883;697
2304202;male;18;2203;1199;985
2304202;male;20;5976;4384;3969
2304202;male;25;5125;4542;4221
2304202;male;30;4648;4181;4060
2304202;male;35;3927;3598;3476
2304202;male;40;3506;3079;2957
2304202;male;45;3000;2510;2427
2304202;male;50;2433;1952;1910
2304202;male;55;1825;1362;1323
2304202;male;60;3201;1710;1618
2304285;female;16;956;245;162
2304285;female;18;880;367;271
2304285;female;20;2445;1500;1136
2304285;female;25;2257;1376;1228
2304285;female;30;1988;1260;1136
2304285;female;35;1747;1220;1127
2304285;female;40;1526;984;886
2304285;female;45;1244;633;605
2304285;female;50;850;508;491
2304285;female;55;715;279;279
2304285;female;60;1013;284;284
2304285;male;16;984;332;285
2304285;male;18;861;607;476
2304285;male;20;2367;1993;1895
2304285;male;25;2149;1824;1771
2304285;male;30;1853;1702;1625
2304285;male;35;1811;1615;1584
2304285;male;40;1438;1324;1261
2304285;male;45;1229;1144;1137
2304285;male;50;884;762;722
2304285;male;55;646;467;457
2304285;male;60;877;493;475
2304350;female;16;546;147;137
2304350;female;18;352;132;92
2304350;female;20;1093;707;638
2304350;female;25;958;563;534
2304350;female;30;796;529;480
2304350;female;35;702;351;331
2304350;female;40;698;384;333
2304350;female;45;624;303;303
2304350;female;50;470;214;196
2304350;female;55;369;91;91
2304350;female;60;679;111;111
2304350;male;16;246;60;60
2304350;male;18;527;338;260
2304350;male;20;1167;886;805
2304350;male;25;913;776;712
2304350;male;30;788;684;663
2304350;male;35;696;570;558
2304350;male;40;686;634;605
2304350;male;45;597;539;539
2304350;male;50;342;283;271
2304350;male;55;440;309;305
2304350;male;60;503;279;269
2304400;female;16;46582;10969;7584
2304400;female;18;45030;21892;16190
2304400;female;20;131695;83660;69610
2304400;female;25;127373;90256;81042
2304400;female;30;111471;79186;73301
2304400;female;35;99265;70233;66279
2304400;female;40;95071;66285;62880
2304400;female;45;85295;55593;53183
2304400;female;50;67706;39202;38028
2304400;female;55;54682;25342;24476
2304400;female;60;75448;19954;19706
2304400;male;16;43573;12589;9366
2304400;male;18;44275;25504;19419
2304400;male;20;120603;91865;80649
2304400;male;25;114789;98965;92452
2304400;male;30;98011;86907;82857
2304400;male;35;84473;75453;72850
2304400;male;40;80300;71762;69380
2304400;male;45;70819;62393;60497
2304400;male;50;52814;43782;42730
2304400;male;55;42208;32040;31092
2304400;male;60;54791;29426;28872
2306256;female;16;750;141;82
2306256;female;18;730;234;131
2306256;female;20;1817;860;554
2306256;female;25;1608;770;624
2306256;female;30;1476;665;609
2306256;female;35;1270;625;570
2306256;female;40;1103;544;479
2306256;female;45;881;415;382
2306256;female;50;622;211;205
2306256;female;55;539;113;113
2306256;female;60;809;126;126
2306256;male;16;570;110;40
2306256;male;18;788;418;295
2306256;male;20;2164;1284;1135
2306256;male;25;1892;1287;1244
2306256;male;30;1671;1109;1032
2306256;male;35;1333;969;956
2306256;male;40;1156;852;790
2306256;male;45;870;653;637
2306256;male;50;594;464;454
2306256;male;55;508;329;321
2306256;male;60;749;306;259
2306405;female;16;2540;731;559
2306405;female;18;2246;966;716
2306405;female;20;5726;2996;2480
2306405;female;25;5000;2747;2406
2306405;female;30;4169;2419;2164
2306405;female;35;3723;2317;2141
2306405;female;40;3234;1896;1744
2306405;female;45;2797;1416;1323
2306405;female;50;2205;1023;990
2306405;female;55;1898;780;769
2306405;female;60;2851;695;666
2306405;male;16;2623;874;695
2306405;male;18;2166;1246;1023
2306405;male;20;5891;4536;3811
2306405;male;25;5142;4447;3966
2306405;male;30;4286;3660;3419
2306405;male;35;3536;2979;2871
2306405;male;40;3146;2671;2508
2306405;male;45;2847;2309;2209
2306405;male;50;2213;1723;1627
2306405;male;55;1755;1338;1301
2306405;male;60;2823;1428;1364
2307304;female;16;4686;1385;849
2307304;female;18;4903;2547;1755
2307304;female;20;13377;7655;6142
2307304;female;25;11677;7323;6303
2307304;female;30;11073;7340;6508
2307304;female;35;9056;5646;5026
2307304;female;40;8201;5036;4555
2307304;female;45;6948;4049;3711
2307304;female;50;5829;3028;2853
2307304;female;55;4616;1771;1736
2307304;female;60;7764;1426;1397
2307304;male;16;4576;1843;1447
2307304;male;18;4879;3322;2671
2307304;male;20;12306;10315;9152
2307304;male;25;10939;9736;9156
2307304;male;30;9896;9051;8676
2307304;male;35;8031;7322;7086
2307304;male;40;6929;6147;5948
2307304;male;45;5599;4844;4631
2307304;male;50;4331;3685;3550
2307304;male;55;3683;2665;2587
2307304;male;60;5690;2856;2735
2307650;female;16;4341;929;609
2307650;female;18;3985;1688;1184
2307650;female;20;11370;6755;5201
2307650;female;25;10476;6836;5732
2307650;female;30;8872;5505;4925
2307650;female;35;7953;4663;4077
2307650;female;40;7465;4484;4082
2307650;female;45;6433;3490;3184
2307650;female;50;4929;2217;2102
2307650;female;55;3730;1346;1303
2307650;female;60;5054;975;920
2307650;male;16;4187;1150;946
2307650;male;18;4335;2434;1917
2307650;male;20;10947;8650;7539
2307650;male;25;10201;9013;8284
2307650;male;30;8517;7522;7185
2307650;male;35;7173;6429;6243
2307650;male;40;6650;5664;5364
2307650;male;45;5774;4857;4569
2307650;male;50;4326;3546;3362
2307650;male;55;3397;2470;2368
2307650;male;60;4051;1768;1744
2307700;female;16;2134;368;277
2307700;female;18;2492;946;677
2307700;female;20;6130;3339;2836
2307700;female;25;5238;2883;2479
2307700;female;30;4383;2448;2309
2307700;female;35;3845;2101;1962
2307700;female;40;3991;2070;1947
2307700;female;45;3234;1559;1514
2307700;female;50;2381;997;983
2307700;female;55;1699;567;545
2307700;female;60;3092;533;527
2307700;male;16;2517;596;422
2307700;male;18;2314;1197;998
2307700;male;20;6179;4493;3874
2307700;male;25;5264;4267;3986
2307700;male;30;4375;3505;3235
2307700;male;35;3642;3089;2940
2307700;male;40;3524;2831;2764
2307700;male;45;3178;2506;2415
2307700;male;50;2090;1611;1551
2307700;male;55;1569;1136;1075
2307700;male;60;2580;1180;1147
2309706;female;16;1558;331;231
2309706;female;18;1475;637;373
2309706;female;20;3880;2298;1608
2309706;female;25;3801;2128;1742
2309706;female;30;3142;1966;1661
2309706;female;35;2543;1498;1322
2309706;female;40;2444;1380;1241
2309706;female;45;2002;941;871
2309706;female;50;1713;764;737
2309706;female;55;1150;455;444
2309706;female;60;1509;254;254
2309706;male;16;1316;364;222
2309706;male;18;1445;842;529
2309706;male;20;3771;2901;2489
2309706;male;25;3412;2807;2487
2309706;male;30;3048;2695;2465
2309706;male;35;2544;2283;2169
2309706;male;40;2307;2051;1975
2309706;male;45;1888;1593;1559
2309706;male;50;1340;1088;1025
2309706;male;55;1145;790;763
2309706;male;60;1328;637;621
2312908;female;16;3595;826;630
2312908;female;18;4206;1726;1252
2312908;female;20;10973;7130;6280
2312908;female;25;9078;6011;5409
2312908;female;30;7977;5495;5002
2312908;female;35;6886;4340;4010
2312908;female;40;6252;3579;3364
2312908;female;45;5182;2893;2788
2312908;female;50;3797;1739;1703
2312908;female;55;3405;1247;1234
2312908;female;60;4904;827;827
2312908;male;16;3782;1130;793
2312908;male;18;3668;1930;1608
2312908;male;20;10763;8234;7468
2312908;male;25;8759;7375;6944
2312908;male;30;7469;6453;6177
2312908;male;35;6265;5505;5285
2312908;male;40;5562;4729;4509
2312908;male;45;4698;4099;3957
2312908;male;50;3509;2733;2632
2312908;male;55;2518;1790;1720
2312908;male;60;3884;2236;2196
2403251;female;16;3741;778;422
2403251;female;18;3809;1770;1142
2403251;female;20;10641;6785;5405
2403251;female;25;10769;7828;6779
2403251;female;30;10177;7013;6212
2403251;female;35;8802;6156;5641
2403251;female;40;8150;5329;4954
2403251;female;45;6962;4182;3932
2403251;female;50;4882;2677;2564
2403251;female;55;3598;1260;1197
2403251;female;60;4751;713;678
2403251;male;16;3534;812;546
2403251;male;18;3305;1864;1392
2403251;male;20;9943;7601;6664
2403251;male;25;9618;8554;7975
2403251;male;30;9024;8279;7959
2403251;male;35;7695;7112;6768
2403251;male;40;7312;6775;6491
2403251;male;45;6319;5621;5429
2403251;male;50;4514;3723;3615
2403251;male;55;3200;2303;2197
2403251;male;60;3799;1853;1765
2403608;female;16;549;76;17
2403608;female;18;417;211;131
2403608;female;20;1198;679;475
2403608;female;25;1060;508;450
2403608;female;30;954;495;449
2403608;female;35;880;493;370
2403608;female;40;819;513;488
2403608;female;45;656;325;293
2403608;female;50;485;167;167
2403608;female;55;439;133;133
2403608;female;60;690;50;50
2403608;male;16;430;69;36
2403608;male;18;509;331;174
2403608;male;20;1192;881;787
2403608;male;25;1070;875;813
2403608;male;30;930;792;716
2403608;male;35;783;644;591
2403608;male;40;859;723;703
2403608;male;45;651;533;513
2403608;male;50;554;414;402
2403608;male;55;335;217;217
2403608;male;60;565;239;239
2407104;female;16;1405;263;118
2407104;female;18;1230;476;221
2407104;female;20;3403;1902;1300
2407104;female;25;3102;1657;1249
2407104;female;30;2896;1817;1569
2407104;female;35;2478;1459;1280
2407104;female;40;2317;1294;1157
2407104;female;45;1913;1029;930
2407104;female;50;1345;617;608
2407104;female;55;1262;446;422
2407104;female;60;1881;370;370
2407104;male;16;1438;464;378
2407104;male;18;1194;738;635
2407104;male;20;3454;2753;2476
2407104;male;25;3132;2778;2586
2407104;male;30;2798;2380;2257
2407104;male;35;2495;2219;2109
2407104;male;40;2355;2068;1931
2407104;male;45;1865;1571;1479
2407104;male;50;1455;1093;1062
2407104;male;55;941;581;552
2407104;male;60;1613;774;759
2408003;female;16;4801;1086;614
2408003;female;18;4549;1950;1097
2408003;female;20;13597;7826;5951
2408003;female;25;12812;7844;6582
2408003;female;30;11503;7093;6296
2408003;female;35;10186;6385;5817
2408003;female;40;10088;6253;5799
2408003;female;45;8847;5201;4968
2408003;female;50;6610;3267;3151
2408003;female;55;4957;1544;1510
2408003;female;60;7308;1297;1240
2408003;male;16;4340;1248;889
2408003;male;18;4564;2710;2124
2408003;male;20;13118;10358;8917
2408003;male;25;12532;10946;10065
2408003;male;30;10828;9740;9089
2408003;male;35;9520;8676;8194
2408003;male;40;9125;8188;7756
2408003;male;45;7909;7065;6734
2408003;male;50;5842;4839;4684
2408003;male;55;3850;2744;2638
2408003;male;60;5842;2988;2882
2408102;female;16;13985;3404;1862
2408102;female;18;14433;7768;4678
2408102;female;20;42264;27140;20848
2408102;female;25;40836;28534;24881
2408102;female;30;35638;26487;23638
2408102;female;35;31417;21942;20235
2408102;female;40;31400;21383;19606
2408102;female;45;29361;18977;17830
2408102;female;50;23970;13547;12903
2408102;female;55;18370;8645;8370
2408102;female;60;26733;6581;6377
2408102;male;16;13622;4057;3038
2408102;male;18;14106;7913;5732
2408102;male;20;39654;31027;26937
2408102;male;25;37784;32944;29864
2408102;male;30;32061;29710;27629
2408102;male;35;27117;24767;23514
2408102;male;40;26524;23732;22729
2408102;male;45;23966;21240;20372
2408102;male;50;19347;15870;15372
2408102;male;55;14144;10215;9851
2408102;male;60;19222;9268;9087
2412005;female;16;1656;358;214
2412005;female;18;1620;677;373
2412005;female;20;4383;2606;2028
2412005;female;25;4234;2716;2255
2412005;female;30;3915;2489;2107
2412005;female;35;3381;2060;1737
2412005;female;40;3144;1805;1649
2412005;female;45;2471;1377;1292
2412005;female;50;1978;814;770
2412005;female;55;1212;397;380
2412005;female;60;2228;339;325
2412005;male;16;1729;407;278
2412005;male;18;1636;969;627
2412005;male;20;4326;3208;2683
2412005;male;25;4104;3519;3275
2412005;male;30;3707;3291;3064
2412005;male;35;3291;2885;2763
2412005;male;40;2857;2386;2298
2412005;male;45;2378;1956;1820
2412005;male;50;1792;1325;1270
2412005;male;55;1171;809;775
2412005;male;60;1782;723;723
2501807;female;16;1930;284;198
2501807;female;18;1832;857;509
2501807;female;20;4829;2611;1903
2501807;female;25;4615;2768;2178
2501807;female;30;4469;2632;2216
2501807;female;35;4086;2365;1984
2501807;female;40;3884;2195;1937
2501807;female;45;2993;1523;1405
2501807;female;50;2143;963;915
2501807;female;55;2032;740;709
2501807;female;60;2863;396;389
2501807;male;16;1984;413;295
2501807;male;18;1801;997;738
2501807;male;20;4623;3631;3184
2501807;male;25;4354;3710;3454
2501807;male;30;4271;3828;3637
2501807;male;35;3719;3328;3113
2501807;male;40;3392;2953;2741
2501807;male;45;2659;2266;2129
2501807;male;50;2015;1557;1507
2501807;male;55;1348;891;870
2501807;male;60;2249;881;843
2503209;female;16;1040;262;148
2503209;female;18;1024;473;244
2503209;female;20;2787;1576;1169
2503209;female;25;2973;1874;1382
2503209;female;30;2790;1833;1607
2503209;female;35;2446;1630;1458
2503209;female;40;2148;1348;1246
2503209;female;45;1947;1239;1184
2503209;female;50;1490;661;625
2503209;female;55;1183;553;514
2503209;female;60;1645;395;385
2503209;male;16;778;175;141
2503209;male;18;1148;584;460
2503209;male;20;2675;1953;1619
2503209;male;25;2591;2121;1879
2503209;male;30;2402;2119;2004
2503209;male;35;2150;1737;1671
2503209;male;40;1948;1670;1572
2503209;male;45;1736;1441;1369
2503209;male;50;1329;1051;1032
2503209;male;55;1020;750;738
2503209;male;60;1173;591;580
2504009;female;16;6510;1372;743
2504009;female;18;7255;2779;1639
2504009;female;20;18939;10697;7754
2504009;female;25;18490;12304;10057
2504009;female;30;16584;11089;9527
2504009;female;35;14723;9795;8603
2504009;female;40;14171;9115;8346
2504009;female;45;12913;7491;6953
2504009;female;50;10475;5938;5694
2504009;female;55;8374;3695;3569
2504009;female;60;13000;3142;3088
2504009;male;16;6812;1907;1438
2504009;male;18;6927;3820;2924
2504009;male;20;18062;13494;11292
2504009;male;25;17393;15077;13873
2504009;male;30;15141;13605;12757
2504009;male;35;12703;11518;11004
2504009;male;40;12248;10857;10404
2504009;male;45;10702;9341;9075
2504009;male;50;8586;7209;6930
2504009;male;55;6624;4934;4778
2504009;male;60;9082;5018;4861
2504603;female;16;527;129;91
2504603;female;18;418;84;73
2504603;female;20;1019;369;276
2504603;female;25;978;511;415
2504603;female;30;902;449;425
2504603;female;35;747;361;306
2504603;female;40;678;419;360
2504603;female;45;478;277;266
2504603;female;50;498;226;216
2504603;female;55;296;135;135
2504603;female;60;542;124;124
2504603;male;16;465;176;159
2504603;male;18;409;275;234
2504603;male;20;1040;756;691
2504603;male;25;999;879;822
2504603;male;30;851;723;676
2504603;male;35;737;668;668
2504603;male;40;630;517;494
2504603;male;45;535;390;390
2504603;male;50;385;305;285
2504603;male;55;410;342;342
2504603;male;60;457;161;151
2507507;female;16;13064;2893;1736
2507507;female;18;12623;4751;2947
2507507;female;20;36536;22098;16457
2507507;female;25;37351;26684;22835
2507507;female;30;33765;23408;21010
2507507;female;35;29508;21185;19082
2507507;female;40;28809;19719;18231
2507507;female;45;25758;16872;15753
2507507;female;50;20496;12965;12468
2507507;female;55;17461;8227;8054
2507507;female;60;23490;6101;5915
2507507;male;16;12064;3127;1931
2507507;male;18;11916;6620;4685
2507507;male;20;33764;24221;20254
2507507;male;25;33435;28458;26326
2507507;male;30;29585;26288;24948
2507507;male;35;25232;22577;21583
2507507;male;40;23563;21040;20279
2507507;male;45;21275;18762;18094
2507507;male;50;17047;14152;13768
2507507;male;55;12969;9721;9505
2507507;male;60;17513;8804;8647
2508307;female;16;567;120;81
2508307;female;18;404;187;129
2508307;female;20;1213;722;507
2508307;female;25;1108;650;611
2508307;female;30;999;638;577
2508307;female;35;952;634;624
2508307;female;40;837;509;479
2508307;female;45;718;502;495
2508307;female;50;474;327;318
2508307;female;55;540;246;246
2508307;female;60;844;301;301
2508307;male;16;466;231;187
2508307;male;18;435;271;221
2508307;male;20;1165;913;806
2508307;male;25;1123;963;921
2508307;male;30;953;906;868
2508307;male;35;880;840;840
2508307;male;40;816;749;749
2508307;male;45;688;615;604
2508307;male;50;430;388;388
2508307;male;55;527;358;358
2508307;male;60;778;500;489
2508604;female;16;215;18;5
2508604;female;18;238;34;22
2508604;female;20;528;196;159
2508604;female;25;510;173;130
2508604;female;30;507;201;188
2508604;female;35;437;218;198
2508604;female;40;341;182;171
2508604;female;45;280;80;75
2508604;female;50;298;122;122
2508604;female;55;174;41;41
2508604;female;60;309;65;65
2508604;male;16;241;23;18
2508604;male;18;243;124;80
2508604;male;20;536;381;295
2508604;male;25;494;373;333
2508604;male;30;479;428;408
2508604;male;35;420;345;324
2508604;male;40;354;296;289
2508604;male;45;259;209;204
2508604;male;50;251;156;146
2508604;male;55;190;111;111
2508604;male;60;277;132;132
2509206;female;16;258;22;12
2509206;female;18;246;84;73
2509206;female;20;541;250;195
2509206;female;25;490;242;221
2509206;female;30;475;256;224
2509206;female;35;510;265;246
2509206;female;40;370;142;130
2509206;female;45;336;188;183
2509206;female;50;260;148;142
2509206;female;55;243;146;146
2509206;female;60;484;103;103
2509206;male;16;291;84;69
2509206;male;18;245;148;122
2509206;male;20;506;385;359
2509206;male;25;459;377;341
2509206;male;30;413;345;322
2509206;male;35;416;377;364
2509206;male;40;420;342;336
2509206;male;45;290;220;209
2509206;male;50;255;206;206
2509206;male;55;228;178;172
2509206;male;60;406;203;203
2510808;female;16;1664;278;170
2510808;female;18;1759;673;447
2510808;female;20;4848;2678;2188
2510808;female;25;4858;2910;2456
2510808;female;30;4516;2822;2540
2510808;female;35;3831;2375;2034
2510808;female;40;3530;2159;2057
2510808;female;45;3235;1878;1769
2510808;female;50;2491;1349;1316
2510808;female;55;2056;871;835
2510808;female;60;3301;619;584
2510808;male;16;1706;609;496
2510808;male;18;1665;1003;820
2510808;male;20;4729;3691;3296
2510808;male;25;4525;4040;3807
2510808;male;30;4033;3688;3524
2510808;male;35;3454;3194;3024
2510808;male;40;3035;2665;2598
2510808;male;45;2711;2446;2349
2510808;male;50;1906;1506;1477
2510808;male;55;1717;1331;1276
2510808;male;60;2398;1355;1323
2512408;female;16;251;95;90
2512408;female;18;236;86;62
2512408;female;20;608;269;237
2512408;female;25;509;328;296
2512408;female;30;513;287;268
2512408;female;35;434;286;284
2512408;female;40;391;302;297
2512408;female;45;346;218;218
2512408;female;50;308;212;212
2512408;female;55;246;138;138
2512408;female;60;436;145;145
2512408;male;16;263;116;116
2512408;male;18;206;155;137
2512408;male;20;611;537;492
2512408;male;25;562;483;468
2512408;male;30;449;392;374
2512408;male;35;422;385;385
2512408;male;40;361;308;298
2512408;male;45;343;335;332
2512408;male;50;235;201;179
2512408;male;55;219;199;199
2512408;male;60;371;243;243
2512507;female;16;916;139;90
2512507;female;18;780;265;168
2512507;female;20;1961;1074;867
2512507;female;25;1671;935;805
2512507;female;30;1496;895;816
2512507;female;35;1463;751;702
2512507;female;40;1413;850;811
2512507;female;45;1128;607;549
2512507;female;50;805;402;392
2512507;female;55;871;405;395
2512507;female;60;1324;354;341
2512507;male;16;897;288;270
2512507;male;18;693;433;396
2512507;male;20;1796;1454;1244
2512507;male;25;1628;1424;1327
2512507;male;30;1429;1271;1242
2512507;male;35;1383;1227;1144
2512507;male;40;1276;1163;1080
2512507;male;45;1044;881;823
2512507;male;50;868;722;704
2512507;male;55;618;459;459
2512507;male;60;1280;696;696
2512606;female;16;37;13;11
2512606;female;18;34;16;9
2512606;female;20;62;19;15
2512606;female;25;53;26;20
2512606;female;30;67;44;38
2512606;female;35;71;43;35
2512606;female;40;46;22;19
2512606;female;45;38;17;17
2512606;female;50;39;7;7
2512606;female;55;20;10;10
2512606;female;60;58;10;10
2512606;male;16;35;15;12
2512606;male;18;41;32;26
2512606;male;20;91;75;63
2512606;male;25;65;54;44
2512606;male;30;73;62;55
2512606;male;35;68;65;53
2512606;male;40;57;51;44
2512606;male;45;41;31;28
2512606;male;50;34;27;27
2512606;male;55;40;35;32
2512606;male;60;53;37;37
2513703;female;16;2192;364;260
2513703;female;18;2357;813;452
2513703;female;20;5501;2826;1908
2513703;female;25;5506;2846;2181
2513703;female;30;5424;3198;2771
2513703;female;35;4657;2687;2386
2513703;female;40;4212;2022;1898
2513703;female;45;3515;1499;1449
2513703;female;50;2626;1145;1125
2513703;female;55;2444;764;745
2513703;female;60;3613;552;524
2513703;male;16;2001;381;267
2513703;male;18;2094;1197;931
2513703;male;20;5338;4110;3506
2513703;male;25;5247;4348;3963
2513703;male;30;5027;4237;3976
2513703;male;35;4382;3738;3504
2513703;male;40;3947;3397;3193
2513703;male;45;3056;2467;2379
2513703;male;50;2629;1958;1852
2513703;male;55;1879;1106;1061
2513703;male;60;2732;1032;1032
2600054;female;16;1698;382;140
2600054;female;18;1527;739;394
2600054;female;20;4255;2770;1633
2600054;female;25;4553;3087;2230
2600054;female;30;4287;2685;2024
2600054;female;35;3979;2425;1921
2600054;female;40;3640;1869;1570
2600054;female;45;3321;1643;1410
2600054;female;50;2782;1101;1057
2600054;female;55;2231;601;520
2600054;female;60;2930;489;448
2600054;male;16;1608;404;256
2600054;male;18;1606;836;551
2600054;male;20;4014;3377;2671
2600054;male;25;4141;3651;3163
2600054;male;30;3947;3460;3056
2600054;male;35;3618;3293;2972
2600054;male;40;3277;2817;2501
2600054;male;45;2754;2329;2123
2600054;male;50;2361;1825;1678
2600054;male;55;1780;1114;1070
2600054;male;60;2348;1079;1020
2601052;female;16;366;33;10
2601052;female;18;352;72;38
2601052;female;20;908;336;203
2601052;female;25;834;359;266
2601052;female;30;708;372;265
2601052;female;35;633;265;206
2601052;female;40;608;233;206
2601052;female;45;472;151;132
2601052;female;50;347;84;65
2601052;female;55;326;78;74
2601052;female;60;456;49;39
2601052;male;16;363;62;51
2601052;male;18;373;168;85
2601052;male;20;890;684;405
2601052;male;25;847;701;568
2601052;male;30;715;666;535
2601052;male;35;638;546;441
2601052;male;40;553;451;381
2601052;male;45;436;362;305
2601052;male;50;328;241;194
2601052;male;55;291;212;207
2601052;male;60;378;149;144
2602902;female;16;3317;661;222
2602902;female;18;3416;1425;591
2602902;female;20;8870;4844;3011
2602902;female;25;9176;5411;3938
2602902;female;30;8611;5176;4074
2602902;female;35;7571;4247;3478
2602902;female;40;6528;3467;2831
2602902;female;45;5523;2645;2290
2602902;female;50;4559;1762;1608
2602902;female;55;3667;981;940
2602902;female;60;4873;722;690
2602902;male;16;3100;757;500
2602902;male;18;3766;2265;1540
2602902;male;20;8860;7307;5979
2602902;male;25;9025;7970;6958
2602902;male;30;8587;7759;6982
2602902;male;35;7157;6182;5762
2602902;male;40;5937;5244;4832
2602902;male;45;4893;4082;3795
2602902;male;50;3870;2930;2666
2602902;male;55;3372;2052;1906
2602902;male;60;4112;1567;1483
2603454;female;16;2352;461;234
2603454;female;18;2601;1279;614
2603454;female;20;6681;3985;2618
2603454;female;25;6910;4558;3538
2603454;female;30;7005;4535;3728
2603454;female;35;6503;3979;3372
2603454;female;40;5580;3170;2761
2603454;female;45;4697;2343;2153
2603454;female;50;3797;1580;1490
2603454;female;55;3370;1208;1155
2603454;female;60;4641;659;637
2603454;male;16;2416;624;388
2603454;male;18;2427;1396;916
2603454;male;20;6232;4776;3899
2603454;male;25;6380;5675;5009
2603454;male;30;6411;5499;5137
2603454;male;35;5816;4991;4560
2603454;male;40;5098;4407;4014
2603454;male;45;4153;3273;3124
2603454;male;50;3481;2497;2330
2603454;male;55;2544;1550;1444
2603454;male;60;3498;1375;1327
2604106;female;16;5991;2236;1655
2604106;female;18;6005;3559;2852
2604106;female;20;16165;11083;9480
2604106;female;25;15456;10948;9961
2604106;female;30;14048;10008;9250
2604106;female;35;12769;8814;8197
2604106;female;40;11690;7741;7362
2604106;female;45;10050;6122;5900
2604106;female;50;7327;3966;3878
2604106;female;55;6475;2933;2856
2604106;female;60;9665;2258;2215
2604106;male;16;5485;2512;2188
2604106;male;18;5641;3777;3272
2604106;male;20;15278;12959;11984
2604106;male;25;13957;12562;11815
2604106;male;30;12652;11655;11180
2604106;male;35;11055;9919;9629
2604106;male;40;9932;8808;8489
2604106;male;45;8310;7267;7048
2604106;male;50;6348;5283;5108
2604106;male;55;4709;3529;3423
2604106;male;60;7323;3896;3795
2606002;female;16;2218;473;335
2606002;female;18;2423;1212;835
2606002;female;20;6343;3645;2690
2606002;female;25;6146;3729;3164
2606002;female;30;5652;3593;3198
2606002;female;35;4746;2767;2565
2606002;female;40;4381;2581;2357
2606002;female;45;3865;2148;2000
2606002;female;50;3085;1417;1333
2606002;female;55;3024;1169;1123
2606002;female;60;4302;761;731
2606002;male;16;2472;827;576
2606002;male;18;2326;1342;868
2606002;male;20;5936;4625;3833
2606002;male;25;5423;4743;4214
2606002;male;30;4933;4376;4196
2606002;male;35;4100;3654;3496
2606002;male;40;3611;2865;2749
2606002;male;45;3135;2682;2451
2606002;male;50;2301;1823;1786
2606002;male;55;2369;1694;1622
2606002;male;60;3208;1701;1688
2606804;female;16;1893;307;115
2606804;female;18;1876;820;445
2606804;female;20;4722;2683;1659
2606804;female;25;4687;2826;1975
2606804;female;30;4761;2858;2154
2606804;female;35;4348;2465;1952
2606804;female;40;3883;2131;1681
2606804;female;45;3210;1445;1220
2606804;female;50;2572;1027;961
2606804;female;55;2053;641;582
2606804;female;60;2858;380;359
2606804;male;16;1963;528;400
2606804;male;18;1685;925;609
2606804;male;20;4543;3542;2966
2606804;male;25;4323;3659;3242
2606804;male;30;4317;3844;3359
2606804;male;35;4030;3570;3246
2606804;male;40;3454;2985;2834
2606804;male;45;2800;2430;2235
2606804;male;50;2236;1761;1661
2606804;male;55;1767;1100;1042
2606804;male;60;2231;705;669
2607208;female;16;1581;267;148
2607208;female;18;1727;598;292
2607208;female;20;4152;1972;1377
2607208;female;25;4085;2121;1679
2607208;female;30;3503;1993;1565
2607208;female;35;2948;1742;1503
2607208;female;40;2580;1370;1132
2607208;female;45;1972;889;780
2607208;female;50;1561;617;606
2607208;female;55;1190;337;326
2607208;female;60;1631;386;376
2607208;male;16;1766;446;345
2607208;male;18;1695;1052;731
2607208;male;20;4016;3358;2849
2607208;male;25;4035;3575;3119
2607208;male;30;3483;3210;2925
2607208;male;35;2824;2460;2211
2607208;male;40;2362;1971;1866
2607208;male;45;1884;1539;1469
2607208;male;50;1484;1126;1059
2607208;male;55;1121;742;710
2607208;male;60;1471;666;636
2607604;female;16;306;67;26
2607604;female;18;356;136;47
2607604;female;20;786;424;265
2607604;female;25;766;399;311
2607604;female;30;760;444;301
2607604;female;35;713;434;345
2607604;female;40;638;357;331
2607604;female;45;590;291;263
2607604;female;50;510;280;253
2607604;female;55;345;129;118
2607604;female;60;535;140;136
2607604;male;16;394;83;69
2607604;male;18;377;154;111
2607604;male;20;1607;630;519
2607604;male;25;1631;747;680
2607604;male;30;1487;767;709
2607604;male;35;1076;669;594
2607604;male;40;901;627;577
2607604;male;45;658;459;433
2607604;male;50;555;322;316
2607604;male;55;374;234;230
2607604;male;60;475;190;186
2607752;female;16;477;63;47
2607752;female;18;343;117;70
2607752;female;20;1093;482;354
2607752;female;25;1033;610;457
2607752;female;30;1015;539;442
2607752;female;35;878;402;349
2607752;female;40;772;350;311
2607752;female;45;607;339;322
2607752;female;50;542;335;315
2607752;female;55;433;134;128
2607752;female;60;612;105;79
2607752;male;16;460;45;45
2607752;male;18;520;310;215
2607752;male;20;1359;753;632
2607752;male;25;1264;822;736
2607752;male;30;1061;822;776
2607752;male;35;854;674;637
2607752;male;40;734;630;585
2607752;male;45;612;493;472
2607752;male;50;410;319;309
2607752;male;55;414;316;303
2607752;male;60;525;233;210
2607901;female;16;11627;2563;1273
2607901;female;18;10841;5023;3001
2607901;female;20;30258;18863;13282
2607901;female;25;31159;20443;16379
2607901;female;30;30348;19807;16483
2607901;female;35;28322;17208;14783
2607901;female;40;25421;15167;13620
2607901;female;45;22571;11572;10200
2607901;female;50;19080;8791;8186
2607901;female;55;14393;4964;4632
2607901;female;60;19314;3510;3334
2607901;male;16;11743;2934;1909
2607901;male;18;10483;6220;4118
2607901;male;20;28255;22134;18267
2607901;male;25;28063;24726;22169
2607901;male;30;26895;23674;21880
2607901;male;35;24318;21668;20153
2607901;male;40;21894;19196;17999
2607901;male;45;18704;15616;14469
2607901;male;50;15557;12239;11528
2607901;male;55;11687;7995;7558
2607901;male;60;15099;7014;6639
2609402;female;16;1085;130;63
2609402;female;18;936;421;197
2609402;female;20;2690;1347;806
2609402;female;25;2684;1404;1002
2609402;female;30;2411;1202;931
2609402;female;35;2276;1373;998
2609402;female;40;2042;880;786
2609402;female;45;1757;685;532
2609402;female;50;1385;425;378
2609402;female;55;1298;334;309
2609402;female;60;1601;196;174
2609402;male;16;970;195;155
2609402;male;18;1086;584;429
2609402;male;20;2679;1964;1491
2609402;male;25;2418;2010;1703
2609402;male;30;2391;2088;1842
2609402;male;35;2043;1754;1659
2609402;male;40;1791;1433;1300
2609402;male;45;1613;1322;1189
2609402;male;50;1387;921;828
2609402;male;55;969;582;546
2609402;male;60;1512;479;469
2609600;female;16;6015;1036;498
2609600;female;18;6183;2600;1319
2609600;female;20;16812;10314;7267
2609600;female;25;17878;12437;10095
2609600;female;30;17271;11699;9769
2609600;female;35;16188;10997;9668
2609600;female;40;15327;9884;8799
2609600;female;45;13762;7992;7160
2609600;female;50;11612;6125;5802
2609600;female;55;9938;3899;3701
2609600;female;60;14747;3070;2949
2609600;male;16;6069;1247;842
2609600;male;18;5965;3023;2019
2609600;male;20;15615;11684;9319
2609600;male;25;15575;13302;11715
2609600;male;30;14950;13122;11787
2609600;male;35;13977;12316;11416
2609600;male;40;12766;10945;10364
2609600;male;45;11453;9527;8986
2609600;male;50;9668;7355;6909
2609600;male;55;6681;4664;4494
2609600;male;60;9700;4011;3807
2610608;female;16;1048;123;40
2610608;female;18;975;204;117
2610608;female;20;2494;1194;676
2610608;female;25;2365;1037;768
2610608;female;30;2235;1047;935
2610608;female;35;2037;888;780
2610608;female;40;1747;742;633
2610608;female;45;1378;544;491
2610608;female;50;1063;306;279
2610608;female;55;999;281;281
2610608;female;60;1406;113;113
2610608;male;16;880;249;156
2610608;male;18;1127;510;356
2610608;male;20;2385;1873;1486
2610608;male;25;2199;1763;1560
2610608;male;30;2276;1964;1768
2610608;male;35;1809;1522;1404
2610608;male;40;1623;1343;1261
2610608;male;45;1260;957;883
2610608;male;50;1131;863;832
2610608;male;55;718;524;514
2610608;male;60;1127;371;371
2610707;female;16;4797;886;367
2610707;female;18;4966;2496;1464
2610707;female;20;13390;8823;6227
2610707;female;25;14343;10225;7855
2610707;female;30;13918;9194;7402
2610707;female;35;13183;8736;7239
2610707;female;40;12114;7623;6719
2610707;female;45;10966;5993;5437
2610707;female;50;9511;4636;4179
2610707;female;55;8218;2551;2419
2610707;female;60;10052;1978;1886
2610707;male;16;5317;1410;1006
2610707;male;18;4495;2534;1629
2610707;male;20;12724;9859;7903
2610707;male;25;12758;10916;9575
2610707;male;30;12352;11075;10162
2610707;male;35;11429;10357;9644
2610707;male;40;10117;8833;8276
2610707;male;45;9134;7543;7056
2610707;male;50;7905;5891;5523
2610707;male;55;6205;4226;4054
2610707;male;60;8038;3336;3099
2611101;female;16;5761;1462;1018
2611101;female;18;5866;2714;1738
2611101;female;20;15671;9230;7241
2611101;female;25;14513;9629;8055
2611101;female;30;13575;9179;8008
2611101;female;35;11693;8349;7397
2611101;female;40;9867;6767;6174
2611101;female;45;7736;4996;4631
2611101;female;50;6227;3243;3085
2611101;female;55;4197;1787;1723
2611101;female;60;6701;1558;1500
2611101;male;16;5801;1965;1540
2611101;male;18;5415;3430;2877
2611101;male;20;14832;12027;10694
2611101;male;25;13667;12117;11228
2611101;male;30;12832;11509;10745
2611101;male;35;10716;9793;9459
2611101;male;40;9109;8241;7834
2611101;male;45;7260;6307;6025
2611101;male;50;5441;4616;4340
2611101;male;55;3684;2875;2761
2611101;male;60;5457;2942;2846
2611606;female;16;24614;5549;2804
2611606;female;18;26620;11290;6215
2611606;female;20;72360;46195;33624
2611606;female;25;74189;54298;44777
2611606;female;30;69801;50238;42990
2611606;female;35;64814;45151;39157
2611606;female;40;61179;41601;37340
2611606;female;45;57606;35881;32891
2611606;female;50;50648;29219;27054
2611606;female;55;40949;18943;17854
2611606;female;60;59279;15276;14609
2611606;male;16;24688;6043;3697
2611606;male;18;24555;12394;8443
2611606;male;20;67534;50469;41514
2611606;male;25;66963;57594;51844
2611606;male;30;60573;52874;48693
2611606;male;35;54799;48308;45058
2611606;male;40;51214;44382;41819
2611606;male;45;46608;40190;37953
2611606;male;50;39137;31175;29580
2611606;male;55;30110;21789;20917
2611606;male;60;38221;19151;18346
2613701;female;16;1629;266;104
2613701;female;18;1908;815;446
2613701;female;20;4969;2713;1697
2613701;female;25;4978;2772;1919
2613701;female;30;4714;2825;2234
2613701;female;35;4112;2193;1819
2613701;female;40;3635;2052;1703
2613701;female;45;3155;1466;1349
2613701;female;50;2713;948;832
2613701;female;55;2212;655;617
2613701;female;60;3192;511;485
2613701;male;16;2013;408;251
2613701;male;18;1744;905;597
2613701;male;20;4731;3591;2874
2613701;male;25;4789;4049;3571
2613701;male;30;4268;3738;3337
2613701;male;35;3820;3343;2985
2613701;male;40;3342;2786;2621
2613701;male;45;2804;2116;1878
2613701;male;50;2329;1739;1611
2613701;male;55;1772;1104;1033
2613701;male;60;2249;747;690
2616407;female;16;2464;432;273
2616407;female;18;2369;1113;683
2616407;female;20;6083;3080;2187
2616407;female;25;6249;3470;2663
2616407;female;30;5764;3355;2844
2616407;female;35;5051;2902;2493
2616407;female;40;4624;2359;2125
2616407;female;45;4038;1883;1702
2616407;female;50;3137;1322;1231
2616407;female;55;3038;798;767
2616407;female;60;4189;599;589
2616407;male;16;2292;784;595
2616407;male;18;2484;1656;1291
2616407;male;20;5851;4543;3889
2616407;male;25;5933;5161;4597
2616407;male;30;5232;4626;4278
2616407;male;35;4700;3962;3769
2616407;male;40;4089;3543;3276
2616407;male;45;3425;2966;2740
2616407;male;50;2733;2132;2043
2616407;male;55;2277;1496;1424
2616407;male;60;3226;1332;1298
2700300;female;16;4361;1013;659
2700300;female;18;3959;1797;1263
2700300;female;20;10646;5954;4722
2700300;female;25;10231;6293;5339
2700300;female;30;9409;5668;5142
2700300;female;35;7827;5026;4458
2700300;female;40;7582;4410;4103
2700300;female;45;6034;3370;3203
2700300;female;50;4906;2192;2140
2700300;female;55;4479;1585;1526
2700300;female;60;6268;1123;1090
2700300;male;16;4362;1581;1374
2700300;male;18;3874;2351;1951
2700300;male;20;9877;7975;7106
2700300;male;25;9053;7995;7598
2700300;male;30;8195;7305;7028
2700300;male;35;6743;5988;5771
2700300;male;40;6439;5583;5389
2700300;male;45;5264;4548;4425
2700300;male;50;4008;3399;3286
2700300;male;55;3611;2572;2498
2700300;male;60;5048;2248;2248
2700508;female;16;301;32;19
2700508;female;18;326;73;34
2700508;female;20;686;264;185
2700508;female;25;633;279;232
2700508;female;30;552;316;271
2700508;female;35;492;212;184
2700508;female;40;389;171;166
2700508;female;45;324;147;132
2700508;female;50;280;85;85
2700508;female;55;239;62;62
2700508;female;60;315;41;41
2700508;male;16;285;63;36
2700508;male;18;340;120;99
2700508;male;20;638;426;360
2700508;male;25;640;498;441
2700508;male;30;511;415;380
2700508;male;35;488;403;378
2700508;male;40;373;308;273
2700508;male;45;317;228;223
2700508;male;50;285;179;171
2700508;male;55;198;108;108
2700508;male;60;272;109;96
2702207;female;16;91;10;0
2702207;female;18;93;39;20
2702207;female;20;264;131;78
2702207;female;25;244;107;81
2702207;female;30;205;87;75
2702207;female;35;206;100;81
2702207;female;40;183;106;99
2702207;female;45;134;72;67
2702207;female;50;131;55;55
2702207;female;55;101;34;34
2702207;female;60;141;6;6
2702207;male;16;113;7;7
2702207;male;18;110;47;32
2702207;male;20;251;179;147
2702207;male;25;253;181;149
2702207;male;30;218;175;164
2702207;male;35;199;164;154
2702207;male;40;147;107;107
2702207;male;45;147;119;116
2702207;male;50;134;85;78
2702207;male;55;87;53;53
2702207;male;60;132;41;41
2704302;female;16;16755;4175;2240
2704302;female;18;17313;8311;4856
2704302;female;20;46033;27598;19551
2704302;female;25;46777;31823;26334
2704302;female;30;44214;31570;27290
2704302;female;35;40096;27956;24835
2704302;female;40;36875;23887;21867
2704302;female;45;30919;19104;17629
2704302;female;50;25823;13407;12855
2704302;female;55;20511;8012;7860
2704302;female;60;25626;5463;5362
2704302;male;16;16504;5629;3350
2704302;male;18;15473;8770;5960
2704302;male;20;41008;31761;25823
2704302;male;25;40782;35416;32085
2704302;male;30;37995;34577;32446
2704302;male;35;33313;30425;28679
2704302;male;40;30233;27034;25647
2704302;male;45;25674;21961;21059
2704302;male;50;20335;16310;15803
2704302;male;55;16493;11646;11052
2704302;male;60;20177;9586;9354
2704708;female;16;940;136;136
2704708;female;18;797;252;153
2704708;female;20;2145;1063;812
2704708;female;25;2118;1170;860
2704708;female;30;2078;1119;992
2704708;female;35;1674;1033;950
2704708;female;40;1504;806;745
2704708;female;45;1238;661;602
2704708;female;50;1042;522;504
2704708;female;55;802;251;239
2704708;female;60;992;119;108
2704708;male;16;961;234;177
2704708;male;18;817;417;365
2704708;male;20;2018;1490;1238
2704708;male;25;2026;1614;1424
2704708;male;30;1763;1424;1272
2704708;male;35;1603;1373;1277
2704708;male;40;1380;1197;1139
2704708;male;45;1153;1014;955
2704708;male;50;1026;784;702
2704708;male;55;745;451;428
2704708;male;60;1046;431;431
2705200;female;16;305;37;21
2705200;female;18;309;71;41
2705200;female;20;722;249;176
2705200;female;25;747;327;265
2705200;female;30;616;230;208
2705200;female;35;519;206;179
2705200;female;40;452;172;159
2705200;female;45;389;122;105
2705200;female;50;356;84;84
2705200;female;55;200;50;50
2705200;female;60;336;43;38
2705200;male;16;314;79;58
2705200;male;18;297;154;117
2705200;male;20;729;452;289
2705200;male;25;709;564;448
2705200;male;30;591;484;423
2705200;male;35;482;411;317
2705200;male;40;392;301;261
2705200;male;45;334;254;234
2705200;male;50;279;189;177
2705200;male;55;215;93;84
2705200;male;60;308;152;137
2706448;female;16;221;73;46
2706448;female;18;222;78;47
2706448;female;20;523;273;199
2706448;female;25;530;277;220
2706448;female;30;495;285;262
2706448;female;35;428;253;211
2706448;female;40;305;196;180
2706448;female;45;259;177;152
2706448;female;50;242;149;132
2706448;female;55;201;53;53
2706448;female;60;252;71;71
2706448;male;16;256;105;78
2706448;male;18;207;104;91
2706448;male;20;492;357;287
2706448;male;25;489;389;350
2706448;male;30;481;426;393
2706448;male;35;381;357;357
2706448;male;40;332;312;297
2706448;male;45;247;214;210
2706448;male;50;227;192;179
2706448;male;55;179;124;115
2706448;male;60;247;106;103
2707701;female;16;1216;198;150
2707701;female;18;1426;566;272
2707701;female;20;3103;1500;916
2707701;female;25;3040;1480;1030
2707701;female;30;2965;1712;1427
2707701;female;35;2765;1494;1260
2707701;female;40;2411;1262;1107
2707701;female;45;1993;1012;888
2707701;female;50;1693;626;567
2707701;female;55;1161;282;270
2707701;female;60;1679;295;295
2707701;male;16;1389;313;229
2707701;male;18;1267;794;494
2707701;male;20;2924;2001;1565
2707701;male;25;2814;2409;2069
2707701;male;30;2622;2287;2038
2707701;male;35;2419;2051;1884
2707701;male;40;2130;1780;1697
2707701;male;45;1797;1432;1305
2707701;male;50;1476;1046;957
2707701;male;55;1085;680;545
2707701;male;60;1447;459;431
2707909;female;16;111;12;3
2707909;female;18;116;19;19
2707909;female;20;323;127;69
2707909;female;25;288;135;111
2707909;female;30;305;134;112
2707909;female;35;259;140;125
2707909;female;40;191;93;93
2707909;female;45;167;79;68
2707909;female;50;164;48;48
2707909;female;55;126;44;44
2707909;female;60;165;18;16
2707909;male;16;138;6;6
2707909;male;18;118;43;34
2707909;male;20;292;210;147
2707909;male;25;311;239;193
2707909;male;30;285;218;190
2707909;male;35;242;178;166
2707909;male;40;175;134;128
2707909;male;45;141;108;108
2707909;male;50;140;93;88
2707909;male;55;93;52;52
2707909;male;60;188;60;56
2708907;female;16;316;26;22
2708907;female;18;271;81;30
2708907;female;20;736;279;189
2708907;female;25;702;255;150
2708907;female;30;603;306;259
2708907;female;35;624;271;223
2708907;female;40;573;265;255
2708907;female;45;428;190;185
2708907;female;50;363;115;115
2708907;female;55;242;43;43
2708907;female;60;321;6;6
2708907;male;16;319;23;5
2708907;male;18;300;144;91
2708907;male;20;665;434;323
2708907;male;25;644;477;447
2708907;male;30;585;464;420
2708907;male;35;514;426;408
2708907;male;40;533;423;419
2708907;male;45;427;330;327
2708907;male;50;298;176;163
2708907;male;55;227;105;105
2708907;male;60;292;60;60
2800308;female;16;10083;2239;1331
2800308;female;18;10062;4180;2553
2800308;female;20;30575;19010;14284
2800308;female;25;31445;23321;19811
2800308;female;30;28552;21097;18203
2800308;female;35;24278;17875;15838
2800308;female;40;22332;15447;13870
2800308;female;45;19557;12904;12110
2800308;female;50;16295;9275;8736
2800308;female;55;12848;5146;5048
2800308;female;60;16880;3679;3588
2800308;male;16;9509;2037;1512
2800308;male;18;9436;4615;3312
2800308;male;20;27700;20722;17938
2800308;male;25;27507;23746;21325
2800308;male;30;23941;22015;20608
2800308;male;35;20229;18196;17427
2800308;male;40;18211;15886;15088
2800308;male;45;15851;13970;13549
2800308;male;50;13194;11158;10717
2800308;male;55;9802;6846;6656
2800308;male;60;12691;5395;5267
2800605;female;16;458;72;33
2800605;female;18;502;175;52
2800605;female;20;1245;647;444
2800605;female;25;1209;676;536
2800605;female;30;1131;659;503
2800605;female;35;990;606;476
2800605;female;40;904;531;476
2800605;female;45;743;390;380
2800605;female;50;610;327;294
2800605;female;55;329;108;99
2800605;female;60;531;49;45
2800605;male;16;522;116;96
2800605;male;18;459;177;121
2800605;male;20;1147;720;614
2800605;male;25;1174;900;823
2800605;male;30;1041;806;711
2800605;male;35;892;751;684
2800605;male;40;829;666;640
2800605;male;45;719;586;532
2800605;male;50;536;383;349
2800605;male;55;391;244;239
2800605;male;60;483;199;185
2801504;female;16;314;42;6
2801504;female;18;237;94;38
2801504;female;20;709;391;244
2801504;female;25;697;383;216
2801504;female;30;605;326;233
2801504;female;35;472;270;201
2801504;female;40;420;257;209
2801504;female;45;346;188;146
2801504;female;50;276;150;103
2801504;female;55;209;85;85
2801504;female;60;212;23;23
2801504;male;16;239;41;27
2801504;male;18;307;168;100
2801504;male;20;672;548;393
2801504;male;25;638;572;505
2801504;male;30;550;480;429
2801504;male;35;431;388;353
2801504;male;40;360;315;283
2801504;male;45;332;307;251
2801504;male;50;260;230;201
2801504;male;55;188;117;108
2801504;male;60;242;98;88
2802007;female;16;72;13;6
2802007;female;18;82;29;14
2802007;female;20;187;50;28
2802007;female;25;183;76;47
2802007;female;30;170;97;91
2802007;female;35;166;101;101
2802007;female;40;129;87;87
2802007;female;45;112;68;68
2802007;female;50;70;49;45
2802007;female;55;88;38;38
2802007;female;60;100;23;23
2802007;male;16;102;26;19
2802007;male;18;90;29;21
2802007;male;20;188;144;105
2802007;male;25;192;169;137
2802007;male;30;173;152;133
2802007;male;35;151;132;127
2802007;male;40;130;112;106
2802007;male;45;101;97;92
2802007;male;50;90;65;65
2802007;male;55;59;43;38
2802007;male;60;101;54;52
2802502;female;16;81;3;3
2802502;female;18;36;13;2
2802502;female;20;126;47;24
2802502;female;25;143;71;45
2802502;female;30;112;73;48
2802502;female;35;126;82;65
2802502;female;40;100;52;47
2802502;female;45;69;36;32
2802502;female;50;52;21;15
2802502;female;55;71;17;17
2802502;female;60;79;13;13
2802502;male;16;73;8;5
2802502;male;18;35;17;6
2802502;male;20;157;136;76
2802502;male;25;127;106;85
2802502;male;30;111;94;81
2802502;male;35;99;88;84
2802502;male;40;90;73;67
2802502;male;45;72;65;65
2802502;male;50;77;61;58
2802502;male;55;31;24;24
2802502;male;60;74;58;49
2803609;female;16;525;34;10
2803609;female;18;569;156;82
2803609;female;20;1450;461;237
2803609;female;25;1394;637;414
2803609;female;30;1213;555;405
2803609;female;35;965;490;393
2803609;female;40;839;328;273
2803609;female;45;691;294;248
2803609;female;50;537;190;176
2803609;female;55;399;175;175
2803609;female;60;587;86;86
2803609;male;16;560;64;29
2803609;male;18;514;212;148
2803609;male;20;1355;933;700
2803609;male;25;1339;1021;888
2803609;male;30;1078;802;730
2803609;male;35;908;630;575
2803609;male;40;832;647;600
2803609;male;45;639;543;507
2803609;male;50;493;372;337
2803609;male;55;321;191;166
2803609;male;60;466;140;140
2804003;female;16;393;70;49
2804003;female;18;271;110;32
2804003;female;20;795;370;243
2804003;female;25;788;374;232
2804003;female;30;705;357;302
2804003;female;35;608;359;324
2804003;female;40;517;282;251
2804003;female;45;430;191;191
2804003;female;50;328;149;138
2804003;female;55;254;93;84
2804003;female;60;429;59;59
2804003;male;16;373;88;53
2804003;male;18;279;151;105
2804003;male;20;793;612;408
2804003;male;25;777;709;603
2804003;male;30;679;612;523
2804003;male;35;561;509;424
2804003;male;40;482;432;381
2804003;male;45;399;363;341
2804003;male;50;285;227;218
2804003;male;55;256;174;158
2804003;male;60;305;121;121
2804805;female;16;3372;840;371
2804805;female;18;3114;1415;719
2804805;female;20;7907;4715;3028
2804805;female;25;7817;4933;3728
2804805;female;30;7148;4802;4207
2804805;female;35;6788;4313;3702
2804805;female;40;6350;3848;3417
2804805;female;45;5059;2958;2603
2804805;female;50;3684;1896;1779
2804805;female;55;2388;965;928
2804805;female;60;3040;638;621
2804805;male;16;3281;927;531
2804805;male;18;3106;1776;1196
2804805;male;20;7826;5955;4697
2804805;male;25;7324;6292;5705
2804805;male;30;6453;5495;5096
2804805;male;35;5712;5037;4824
2804805;male;40;5540;4785;4538
2804805;male;45;4640;4076;3930
2804805;male;50;3232;2629;2477
2804805;male;55;2165;1378;1346
2804805;male;60;2179;959;927
2805901;female;16;198;10;5
2805901;female;18;153;56;22
2805901;female;20;476;203;123
2805901;female;25;467;321;214
2805901;female;30;373;237;183
2805901;female;35;311;225;194
2805901;female;40;284;188;178
2805901;female;45;267;137;124
2805901;female;50;170;67;67
2805901;female;55;156;46;40
2805901;female;60;205;19;19
2805901;male;16;192;28;15
2805901;male;18;128;82;41
2805901;male;20;449;351;260
2805901;male;25;500;399;324
2805901;male;30;399;358;320
2805901;male;35;302;258;223
2805901;male;40;266;243;219
2805901;male;45;192;162;124
2805901;male;50;178;131;124
2805901;male;55;119;91;81
2805901;male;60;177;79;68
2806107;female;16;216;30;13
2806107;female;18;136;24;9
2806107;female;20;481;239;127
2806107;female;25;470;280;212
2806107;female;30;390;206;152
2806107;female;35;375;231;177
2806107;female;40;309;163;152
2806107;female;45;246;143;117
2806107;female;50;185;90;90
2806107;female;55;156;50;46
2806107;female;60;209;33;33
2806107;male;16;203;49;49
2806107;male;18;191;85;52
2806107;male;20;405;284;246
2806107;male;25;423;383;314
2806107;male;30;348;295;265
2806107;male;35;332;288;254
2806107;male;40;298;259;241
2806107;male;45;203;177;155
2806107;male;50;179;139;139
2806107;male;55;128;71;71
2806107;male;60;156;83;77
2806701;female;16;1459;283;144
2806701;female;18;1627;691;402
2806701;female;20;3911;2479;1649
2806701;female;25;3844;2558;1994
2806701;female;30;3540;2442;2047
2806701;female;35;3065;1914;1637
2806701;female;40;2806;1758;1581
2806701;female;45;2306;1521;1330
2806701;female;50;1897;1086;1032
2806701;female;55;1447;589;589
2806701;female;60;1771;303;303
2806701;male;16;1646;424;330
2806701;male;18;1398;789;619
2806701;male;20;4022;3259;2628
2806701;male;25;3596;3150;2822
2806701;male;30;3245;3002;2763
2806701;male;35;2701;2451;2327
2806701;male;40;2571;2238;2189
2806701;male;45;1991;1679;1626
2806701;male;50;1744;1448;1387
2806701;male;55;1218;850;850
2806701;male;60;1454;585;572
2807204;female;16;206;23;8
2807204;female;18;126;11;3
2807204;female;20;357;120;73
2807204;female;25;335;120;68
2807204;female;30;293;124;84
2807204;female;35;290;132;111
2807204;female;40;235;111;101
2807204;female;45;177;63;61
2807204;female;50;169;60;57
2807204;female;55;136;37;37
2807204;female;60;212;40;40
2807204;male;16;168;16;14
2807204;male;18;144;68;51
2807204;male;20;371;282;241
2807204;male;25;335;289;272
2807204;male;30;290;263;232
2807204;male;35;262;246;223
2807204;male;40;238;217;202
2807204;male;45;200;167;150
2807204;male;50;149;135;127
2807204;male;55;136;103;86
2807204;male;60;200;75;72
2900702;female;16;2940;716;407
2900702;female;18;2380;1106;721
2900702;female;20;6847;4227;3139
2900702;female;25;7386;4855;3800
2900702;female;30;6763;4662;3813
2900702;female;35;5683;3854;3337
2900702;female;40;5310;3522;3172
2900702;female;45;4597;2557;2261
2900702;female;50;3913;1830;1694
2900702;female;55;2667;1177;1106
2900702;female;60;4496;745;710
2900702;male;16;2673;791;568
2900702;male;18;2588;1441;1171
2900702;male;20;6351;5141;4138
2900702;male;25;6602;5741;5089
2900702;male;30;6150;5573;5129
2900702;male;35;4901;4464;4186
2900702;male;40;4636;4122;3959
2900702;male;45;3994;3442;3222
2900702;male;50;3037;2100;1984
2900702;male;55;2342;1519;1419
2900702;male;60;3265;1403;1305
2903201;female;16;2740;700;389
2903201;female;18;2869;1378;945
2903201;female;20;7753;4861;3955
2903201;female;25;7574;5082;4388
2903201;female;30;6219;4279;3906
2903201;female;35;5083;3546;3197
2903201;female;40;4517;3011;2804
2903201;female;45;3796;2250;2071
2903201;female;50;2567;1279;1195
2903201;female;55;2038;893;875
2903201;female;60;2471;652;639
2903201;male;16;2814;1045;746
2903201;male;18;2541;1654;1352
2903201;male;20;7277;5935;5272
2903201;male;25;7291;6459;5929
2903201;male;30;6033;5689;5517
2903201;male;35;5020;4671;4543
2903201;male;40;4513;4087;3990
2903201;male;45;3588;3225;3060
2903201;male;50;2769;2431;2358
2903201;male;55;2035;1611;1528
2903201;male;60;2449;1337;1311
2905701;female;16;4431;1336;775
2905701;female;18;4660;2626;1470
2905701;female;20;12649;8039;5468
2905701;female;25;14081;9789;7400
2905701;female;30;12071;8524;6571
2905701;female;35;9569;6637;5585
2905701;female;40;8245;5396;4636
2905701;female;45;6830;4063;3431
2905701;female;50;5869;2955;2665
2905701;female;55;3854;1660;1620
2905701;female;60;4235;770;741
2905701;male;16;4192;1704;1078
2905701;male;18;4486;3141;2324
2905701;male;20;12370;10933;9612
2905701;male;25;13842;12682;11456
2905701;male;30;11870;10925;10050
2905701;male;35;9282;8684;7920
2905701;male;40;7733;7073;6600
2905701;male;45;6495;5914;5531
2905701;male;50;5321;4307;4028
2905701;male;55;4211;2960;2764
2905701;male;60;4559;2273;2147
2906501;female;16;1387;342;160
2906501;female;18;1556;627;374
2906501;female;20;4168;2500;1484
2906501;female;25;4589;2911;2043
2906501;female;30;4230;2718;2119
2906501;female;35;3431;2330;1933
2906501;female;40;2851;1639;1402
2906501;female;45;2544;1579;1459
2906501;female;50;2298;1045;953
2906501;female;55;1402;625;586
2906501;female;60;2093;424;403
2906501;male;16;1418;421;359
2906501;male;18;1573;892;601
2906501;male;20;4041;3362;2678
2906501;male;25;4133;3542;2985
2906501;male;30;3804;3406;3012
2906501;male;35;3072;2814;2420
2906501;male;40;2666;2244;1968
2906501;male;45;2307;1859;1633
2906501;male;50;1879;1531;1403
2906501;male;55;1423;950;886
2906501;male;60;1808;688;660
2910057;female;16;1281;242;114
2910057;female;18;1154;488;191
2910057;female;20;3277;2005;1188
2910057;female;25;3594;2111;1413
2910057;female;30;3267;1964;1478
2910057;female;35;2510;1503;1276
2910057;female;40;2214;1250;1013
2910057;female;45;1824;1139;967
2910057;female;50;1449;666;593
2910057;female;55;1170;402;371
2910057;female;60;1287;257;240
2910057;male;16;1222;413;303
2910057;male;18;1231;820;548
2910057;male;20;3247;2777;2208
2910057;male;25;3367;2912;2420
2910057;male;30;3105;2785;2603
2910057;male;35;2463;2280;2005
2910057;male;40;2127;1762;1610
2910057;male;45;1708;1416;1231
2910057;male;50;1451;1131;1038
2910057;male;55;1088;764;677
2910057;male;60;1282;602;579
2910727;female;16;1963;700;444
2910727;female;18;1565;769;513
2910727;female;20;4957;2931;2039
2910727;female;25;5113;3353;2597
2910727;female;30;4519;3159;2769
2910727;female;35;3637;2738;2390
2910727;female;40;3218;2376;2232
2910727;female;45;2765;1581;1452
2910727;female;50;2311;1330;1254
2910727;female;55;1802;706;664
2910727;female;60;2425;592;583
2910727;male;16;1733;710;535
2910727;male;18;1864;1238;1054
2910727;male;20;4598;3966;3565
2910727;male;25;4752;4364;4045
2910727;male;30;4280;4038;3846
2910727;male;35;3483;3208;3041
2910727;male;40;3058;2879;2727
2910727;male;45;2671;2441;2296
2910727;male;50;2271;1980;1889
2910727;male;55;1705;1410;1372
2910727;male;60;2169;1083;1070
2910800;female;16;9837;2509;1677
2910800;female;18;10582;5429;3803
2910800;female;20;28578;18836;14007
2910800;female;25;30015;21804;17721
2910800;female;30;27000;20514;17835
2910800;female;35;23031;16708;14768
2910800;female;40;20868;14873;13174
2910800;female;45;17443;11965;10991
2910800;female;50;14706;8475;8095
2910800;female;55;10560;5044;4870
2910800;female;60;15347;4666;4514
2910800;male;16;10126;3972;2877
2910800;male;18;9872;6387;5034
2910800;male;20;26240;22130;19728
2910800;male;25;27529;24832;22989
2910800;male;30;24318;22464;21346
2910800;male;35;20317;18806;18116
2910800;male;40;17630;16252;15664
2910800;male;45;14758;13357;12827
2910800;male;50;11884;10136;9737
2910800;male;55;8829;7143;6897
2910800;male;60;11799;6857;6697
2913606;female;16;3168;842;490
2913606;female;18;3104;1451;815
2913606;female;20;8500;5417;3882
2913606;female;25;8710;5821;4654
2913606;female;30;7963;5598;4798
2913606;female;35;6753;4870;4280
2913606;female;40;6412;4287;3843
2913606;female;45;5857;3733;3430
2913606;female;50;4946;2648;2443
2913606;female;55;4113;1782;1728
2913606;female;60;5222;939;895
2913606;male;16;3401;1186;831
2913606;male;18;3049;1884;1323
2913606;male;20;7997;6315;5179
2913606;male;25;7950;7047;6339
2913606;male;30;7245;6606;6145
2913606;male;35;6107;5439;5119
2913606;male;40;5867;5348;5124
2913606;male;45;5420;4829;4582
2913606;male;50;4839;3743;3564
2913606;male;55;3663;2642;2560
2913606;male;60;4841;2231;2188
2914802;female;16;3602;971;525
2914802;female;18;3675;1767;919
2914802;female;20;10394;6621;4558
2914802;female;25;10404;7262;5658
2914802;female;30;9275;6821;5616
2914802;female;35;7520;5250;4649
2914802;female;40;7343;4889;4295
2914802;female;45;6824;3905;3521
2914802;female;50;6186;2977;2739
2914802;female;55;4791;2036;1905
2914802;female;60;6653;1433;1397
2914802;male;16;3587;1291;911
2914802;male;18;3169;2078;1413
2914802;male;20;9226;7245;5937
2914802;male;25;9398;7999;7348
2914802;male;30;8177;7090;6522
2914802;male;35;6923;6160;5687
2914802;male;40;6151;5437;5157
2914802;male;45;5887;4940;4720
2914802;male;50;5496;4314;4146
2914802;male;55;3844;2798;2666
2914802;male;60;5287;2513;2439
2918001;female;16;2704;741;575
2918001;female;18;2869;1196;743
2918001;female;20;7215;4672;3464
2918001;female;25;7422;4888;3959
2918001;female;30;6599;4439;3632
2918001;female;35;5483;3689;3371
2918001;female;40;5020;3173;2931
2918001;female;45;4427;2732;2486
2918001;female;50;4111;2073;1982
2918001;female;55;3213;1159;1100
2918001;female;60;4752;932;925
2918001;male;16;2823;920;741
2918001;male;18;2746;1777;1400
2918001;male;20;6910;5577;4938
2918001;male;25;6848;5920;5452
2918001;male;30;6251;5519;5277
2918001;male;35;5072;4490;4308
2918001;male;40;4656;4064;3886
2918001;male;45;4147;3514;3429
2918001;male;50;3729;3022;2922
2918001;male;55;2771;2143;2016
2918001;male;60;3779;1992;1964
2918407;female;16;3877;776;465
2918407;female;18;3610;1364;913
2918407;female;20;9755;5343;3599
2918407;female;25;9505;6029;5004
2918407;female;30;8782;5928;5176
2918407;female;35;7594;5088;4458
2918407;female;40;6724;4501;3991
2918407;female;45;5416;3377;3034
2918407;female;50;4378;2237;2111
2918407;female;55;3065;1211;1147
2918407;female;60;4778;895;838
2918407;male;16;3931;1410;1093
2918407;male;18;3647;2282;1897
2918407;male;20;9675;7602;6763
2918407;male;25;8803;7553;7076
2918407;male;30;8442;7437;6951
2918407;male;35;7247;6441;6160
2918407;male;40;6276;5572;5314
2918407;male;45;5187;4442;4313
2918407;male;50;3903;3247;3133
2918407;male;55;2894;2145;2039
2918407;male;60;4055;1932;1901
2919207;female;16;2976;796;377
2919207;female;18;2648;1339;809
2919207;female;20;7941;5518;3864
2919207;female;25;9001;6761;5573
2919207;female;30;8712;6644;5860
2919207;female;35;7302;5782;5124
2919207;female;40;6058;4563;4166
2919207;female;45;5100;3563;3291
2919207;female;50;4358;2658;2530
2919207;female;55;3352;1641;1491
2919207;female;60;3872;1153;1095
2919207;male;16;2768;893;633
2919207;male;18;2535;1636;1285
2919207;male;20;7318;5851;4905
2919207;male;25;8517;7370;6873
2919207;male;30;7868;7187;6909
2919207;male;35;6593;6130;5852
2919207;male;40;5570;5121;4910
2919207;male;45;4699;4211;4031
2919207;male;50;3927;3301;3209
2919207;male;55;2960;2195;2082
2919207;male;60;3422;2028;1949
2919926;female;16;316;54;27
2919926;female;18;268;104;34
2919926;female;20;821;527;315
2919926;female;25;925;547;363
2919926;female;30;875;515;356
2919926;female;35;736;495;349
2919926;female;40;708;442;335
2919926;female;45;584;338;280
2919926;female;50;360;172;135
2919926;female;55;385;112;79
2919926;female;60;453;87;81
2919926;male;16;340;88;56
2919926;male;18;269;125;63
2919926;male;20;845;705;465
2919926;male;25;873;755;562
2919926;male;30;741;643;540
2919926;male;35;674;606;553
2919926;male;40;609;533;480
2919926;male;45;545;450;394
2919926;male;50;417;281;236
2919926;male;55;291;175;153
2919926;male;60;331;112;84
2921005;female;16;763;119;112
2921005;female;18;702;255;119
2921005;female;20;1956;1148;951
2921005;female;25;2113;1254;980
2921005;female;30;1900;1286;1116
2921005;female;35;1538;1034;858
2921005;female;40;1220;673;608
2921005;female;45;1096;580;474
2921005;female;50;822;364;342
2921005;female;55;804;252;252
2921005;female;60;942;182;182
2921005;male;16;758;237;189
2921005;male;18;811;430;317
2921005;male;20;1962;1575;1304
2921005;male;25;2166;1850;1587
2921005;male;30;1911;1662;1480
2921005;male;35;1410;1189;1095
2921005;male;40;1234;901;859
2921005;male;45;1008;810;727
2921005;male;50;818;645;554
2921005;male;55;664;481;420
2921005;male;60;836;275;257
2924009;female;16;1922;523;418
2924009;female;18;1996;706;563
2924009;female;20;5208;2684;2104
2924009;female;25;4769;2702;2341
2924009;female;30;4999;3173;2771
2924009;female;35;4353;2645;2272
2924009;female;40;3852;2355;2214
2924009;female;45;3197;1550;1429
2924009;female;50;2511;1168;1126
2924009;female;55;2526;1137;1077
2924009;female;60;3486;740;731
2924009;male;16;1906;657;543
2924009;male;18;1925;1266;1013
2924009;male;20;4762;3612;3214
2924009;male;25;4392;3614;3311
2924009;male;30;4424;3866;3579
2924009;male;35;3823;3503;3248
2924009;male;40;3340;2800;2556
2924009;male;45;2809;2435;2254
2924009;male;50;2261;1739;1628
2924009;male;55;1797;1214;1201
2924009;male;60;2937;1405;1372
2925303;female;16;2276;791;564
2925303;female;18;2347;1125;785
2925303;female;20;6241;4028;3208
2925303;female;25;6569;4616;4053
2925303;female;30;6149;4504;3865
2925303;female;35;4750;3625;3320
2925303;female;40;3939;2834;2528
2925303;female;45;3125;2020;1795
2925303;female;50;2606;1638;1475
2925303;female;55;1630;706;658
2925303;female;60;1987;529;498
2925303;male;16;2322;1092;822
2925303;male;18;2011;1518;1251
2925303;male;20;5788;5203;4670
2925303;male;25;6329;5916;5551
2925303;male;30;5917;5633;5368
2925303;male;35;4840;4554;4362
2925303;male;40;4074;3840;3724
2925303;male;45;3163;2934;2733
2925303;male;50;2443;2070;2006
2925303;male;55;1905;1530;1420
2925303;male;60;2329;1458;1380
2927408;female;16;44604;12138;5618
2927408;female;18;43650;21892;12178
2927408;female;20;131239;89495;65245
2927408;female;25;151646;114861;91643
2927408;female;30;140964;109901;93421
2927408;female;35;117064;90830;79104
2927408;female;40;107580;80163;71479
2927408;female;45;96375;66926;60420
2927408;female;50;83360;50426;46476
2927408;female;55;63839;31215;29171
2927408;female;60;81420;23066;22209
2927408;male;16;42629;12276;7333
2927408;male;18;42535;22862;16148
2927408;male;20;119854;91501;74553
2927408;male;25;134618;116877;104342
2927408;male;30;122261;109720;101989
2927408;male;35;100539;91878;86416
2927408;male;40;91266;82145;78033
2927408;male;45;79946;69980;66734
2927408;male;50;66596;54152;51602
2927408;male;55;51395;37062;35506
2927408;male;60;59271;30140;29092
2929206;female;16;746;112;29
2929206;female;18;607;326;133
2929206;female;20;1531;853;404
2929206;female;25;1841;1339;784
2929206;female;30;1682;1245;869
2929206;female;35;1307;928;735
2929206;female;40;1107;785;593
2929206;female;45;950;715;604
2929206;female;50;620;311;291
2929206;female;55;640;251;216
2929206;female;60;749;172;158
2929206;male;16;521;132;85
2929206;male;18;749;407;236
2929206;male;20;1599;1287;827
2929206;male;25;1559;1350;1071
2929206;male;30;1555;1403;1130
2929206;male;35;1194;1073;953
2929206;male;40;1110;942;792
2929206;male;45;793;720;636
2929206;male;50;688;542;432
2929206;male;55;475;355;339
2929206;male;60;572;316;284
2929503;female;16;737;170;87
2929503;female;18;769;312;186
2929503;female;20;2061;1211;853
2929503;female;25;2175;1233;888
2929503;female;30;2102;1267;973
2929503;female;35;1589;991;827
2929503;female;40;1394;717;572
2929503;female;45;1219;507;461
2929503;female;50;1040;491;453
2929503;female;55;882;359;359
2929503;female;60;1167;242;218
2929503;male;16;777;208;124
2929503;male;18;723;352;234
2929503;male;20;1909;1526;1004
2929503;male;25;2029;1659;1399
2929503;male;30;1923;1645;1470
2929503;male;35;1525;1262;1129
2929503;male;40;1364;1184;1104
2929503;male;45;1141;917;875
2929503;male;50;952;725;657
2929503;male;55;833;632;609
2929503;male;60;935;455;387
2930709;female;16;2189;490;253
2930709;female;18;2270;1010;415
2930709;female;20;5793;3756;2314
2930709;female;25;6345;4336;3093
2930709;female;30;5840;4002;2987
2930709;female;35;4846;3195;2582
2930709;female;40;3927;2385;1961
2930709;female;45;3284;1832;1545
2930709;female;50;2752;1403;1189
2930709;female;55;1906;778;713
2930709;female;60;2342;609;571
2930709;male;16;2428;845;529
2930709;male;18;1895;1186;742
2930709;male;20;5550;4504;3781
2930709;male;25;5920;5299;4551
2930709;male;30;5484;4993;4524
2930709;male;35;4654;4260;4025
2930709;male;40;3788;3356;3120
2930709;male;45;2954;2522;2349
2930709;male;50;2361;1801;1641
2930709;male;55;1996;1308;1214
2930709;male;60;2233;1077;1045
2931350;female;16;2909;930;596
2931350;female;18;2554;1501;1071
2931350;female;20;6697;4634;3613
2931350;female;25;6700;4642;3915
2931350;female;30;5908;4427;3849
2931350;female;35;5156;3617;3263
2931350;female;40;4601;3157;2795
2931350;female;45;3881;2466;2252
2931350;female;50;3024;1528;1426
2931350;female;55;2871;1155;1086
2931350;female;60;3518;745;745
2931350;male;16;2763;1431;1015
2931350;male;18;2494;1893;1506
2931350;male;20;6449;5483;4892
2931350;male;25;6497;5938;5496
2931350;male;30;5582;5130;4881
2931350;male;35;4810;4338;4144
2931350;male;40;4498;4126;3952
2931350;male;45;3939;3449;3331
2931350;male;50;3165;2613;2507
2931350;male;55;2433;1814;1733
2931350;male;60;3102;1595;1536
2933307;female;16;5819;1528;914
2933307;female;18;5707;2897;2097
2933307;female;20;15230;9644;7747
2933307;female;25;15272;10621;9123
2933307;female;30;13679;9751;8595
2933307;female;35;11679;8761;7994
2933307;female;40;10978;7431;6843
2933307;female;45;9397;6045;5584
2933307;female;50;7442;4194;3936
2933307;female;55;6279;2665;2564
2933307;female;60;8919;2139;2061
2933307;male;16;5422;2378;1879
2933307;male;18;5241;3567;2875
2933307;male;20;14266;11711;10509
2933307;male;25;13968;12559;11582
2933307;male;30;12592;11645;11217
2933307;male;35;10704;9997;9571
2933307;male;40;9838;8889;8622
2933307;male;45;8445;7458;7170
2933307;male;50;6937;5843;5585
2933307;male;55;5026;3914;3732
2933307;male;60;7673;4073;3912
3101631;female;16;141;27;11
3101631;female;18;83;43;37
3101631;female;20;237;189;151
3101631;female;25;252;167;137
3101631;female;30;240;133;125
3101631;female;35;241;130;120
3101631;female;40;236;125;119
3101631;female;45;194;94;87
3101631;female;50;165;76;73
3101631;female;55;150;42;39
3101631;female;60;180;32;32
3101631;male;16;110;37;26
3101631;male;18;109;58;52
3101631;male;20;258;238;219
3101631;male;25;221;207;207
3101631;male;30;228;223;215
3101631;male;35;222;201;201
3101631;male;40;259;220;220
3101631;male;45;218;195;192
3101631;male;50;166;111;110
3101631;male;55;141;109;109
3101631;male;60;205;72;72
3102902;female;16;212;46;34
3102902;female;18;171;64;33
3102902;female;20;442;284;185
3102902;female;25;425;264;196
3102902;female;30;432;257;213
3102902;female;35;482;256;237
3102902;female;40;415;259;239
3102902;female;45;400;221;208
3102902;female;50;327;142;137
3102902;female;55;263;76;70
3102902;female;60;413;55;50
3102902;male;16;199;54;38
3102902;male;18;194;110;91
3102902;male;20;450;351;295
3102902;male;25;412;339;322
3102902;male;30;444;390;374
3102902;male;35;421;406;390
3102902;male;40;404;363;352
3102902;male;45;414;372;367
3102902;male;50;365;274;274
3102902;male;55;211;159;152
3102902;male;60;431;165;165
3103504;female;16;1659;410;369
3103504;female;18;1833;966;704
3103504;female;20;4610;3082;2653
3103504;female;25;4498;3289;2874
3103504;female;30;4453;3118;2926
3103504;female;35;4100;2964;2812
3103504;female;40;4297;2939;2794
3103504;female;45;4100;2568;2525
3103504;female;50;3488;2212;2143
3103504;female;55;2857;1377;1354
3103504;female;60;4078;882;873
3103504;male;16;1817;829;672
3103504;male;18;1652;1212;1117
3103504;male;20;4857;4118;3934
3103504;male;25;4564;4158;3976
3103504;male;30;4424;4069;3901
3103504;male;35;4066;3813;3731
3103504;male;40;4177;3820;3764
3103504;male;45;3877;3492;3427
3103504;male;50;3135;2657;2638
3103504;male;55;2717;2195;2170
3103504;male;60;3845;2130;2112
3105608;female;16;2191;433;256
3105608;female;18;2165;1104;584
3105608;female;20;5387;3310;2704
3105608;female;25;5296;3640;3211
3105608;female;30;5102;3529;3064
3105608;female;35;4893;3401;3075
3105608;female;40;5112;3206;2957
3105608;female;45;4944;2976;2778
3105608;female;50;4631;2321;2190
3105608;female;55;3487;1140;1116
3105608;female;60;4974;788;766
3105608;male;16;2219;553;415
3105608;male;18;1996;1175;831
3105608;male;20;5281;4061;3400
3105608;male;25;4955;4264;3869
3105608;male;30;4770;4229;3923
3105608;male;35;4441;3931;3785
3105608;male;40;4499;3815;3604
3105608;male;45;4334;3596;3427
3105608;male;50;4082;2873;2752
3105608;male;55;2798;1767;1711
3105608;male;60;3975;1221;1215
3106200;female;16;35733;11668;7700
3106200;female;18;38943;20833;16093
3106200;female;20;112538;82579;72018
3106200;female;25;120055;97388;89633
3106200;female;30;111603;89966;83762
3106200;female;35;94405;73740;68892
3106200;female;40;90757;69331;66281
3106200;female;45;89662;65781;63140
3106200;female;50;81079;51756;49458
3106200;female;55;67400;35157;33901
3106200;female;60;92810;25451;24659
3106200;male;16;35059;12967;9393
3106200;male;18;36961;23058;19261
3106200;male;20;106240;85445;78200
3106200;male;25;110707;100504;95489
3106200;male;30;102211;94089;90450
3106200;male;35;84424;78515;76255
3106200;male;40;78564;73000;70991
3106200;male;45;75266;67192;65344
3106200;male;50;65941;55609;54263
3106200;male;55;52447;39702;38629
3106200;male;60;69391;37020;36029
3106309;female;16;415;96;34
3106309;female;18;407;248;168
3106309;female;20;1028;630;403
3106309;female;25;1049;631;579
3106309;female;30;990;619;509
3106309;female;35;892;506;444
3106309;female;40;765;448;376
3106309;female;45;705;404;356
3106309;female;50;636;308;283
3106309;female;55;412;159;159
3106309;female;60;629;89;89
3106309;male;16;407;139;99
3106309;male;18;446;368;297
3106309;male;20;1042;852;657
3106309;male;25;1034;945;787
3106309;male;30;953;887;805
3106309;male;35;852;712;689
3106309;male;40;764;662;585
3106309;male;45;641;586;548
3106309;male;50;550;446;403
3106309;male;55;487;268;240
3106309;male;60;609;241;241
3106705;female;16;7135;3140;1824
3106705;female;18;6711;4572;3163
3106705;female;20;18110;14014;11286
3106705;female;25;18848;14087;12191
3106705;female;30;17538;12622;11200
3106705;female;35;14951;10988;10066
3106705;female;40;13820;9464;8695
3106705;female;45;12426;7944;7331
3106705;female;50;10196;5382;5040
3106705;female;55;7480;3061;2934
3106705;female;60;8513;1798;1730
3106705;male;16;7343;3637;2579
3106705;male;18;6674;5349;4456
3106705;male;20;18034;15992;14444
3106705;male;25;18038;16771;16035
3106705;male;30;17053;16128;15512
3106705;male;35;14482;13365;13050
3106705;male;40;13408;12238;11809
3106705;male;45;11134;9640;9412
3106705;male;50;10036;8095;7842
3106705;male;55;6782;4799;4668
3106705;male;60;7327;3651;3457
3109006;female;16;619;198;114
3109006;female;18;565;382;326
3109006;female;20;1424;998;795
3109006;female;25;1383;1074;915
3109006;female;30;1392;894;850
3109006;female;35;1280;964;946
3109006;female;40;1333;973;889
3109006;female;45;1212;771;696
3109006;female;50;959;526;502
3109006;female;55;799;364;353
3109006;female;60;966;209;209
3109006;male;16;612;273;214
3109006;male;18;564;455;409
3109006;male;20;1501;1309;1219
3109006;male;25;1393;1300;1227
3109006;male;30;1400;1313;1252
3109006;male;35;1323;1205;1194
3109006;male;40;1272;1167;1138
3109006;male;45;1202;1049;1026
3109006;male;50;1001;761;744
3109006;male;55;816;535;525
3109006;male;60;1246;633;633
3109253;female;16;88;25;17
3109253;female;18;60;17;14
3109253;female;20;142;75;64
3109253;female;25;137;63;59
3109253;female;30;137;60;48
3109253;female;35;122;37;37
3109253;female;40;135;56;52
3109253;female;45;129;57;57
3109253;female;50;99;36;32
3109253;female;55;89;29;29
3109253;female;60;130;6;6
3109253;male;16;82;26;23
3109253;male;18;78;53;47
3109253;male;20;150;124;114
3109253;male;25;145;128;115
3109253;male;30;140;117;112
3109253;male;35;148;138;138
3109253;male;40;138;106;102
3109253;male;45;136;112;105
3109253;male;50;106;86;86
3109253;male;55;100;68;58
3109253;male;60;150;36;36
3110004;female;16;623;85;58
3110004;female;18;571;321;234
3110004;female;20;1762;1207;981
3110004;female;25;1721;1241;1111
3110004;female;30;1675;1143;970
3110004;female;35;1470;944;836
3110004;female;40;1473;899;861
3110004;female;45;1533;886;833
3110004;female;50;1372;633;609
3110004;female;55;964;391;375
3110004;female;60;1536;264;264
3110004;male;16;726;155;117
3110004;male;18;646;372;265
3110004;male;20;1650;1364;1299
3110004;male;25;1784;1628;1576
3110004;male;30;1632;1439;1341
3110004;male;35;1392;1296;1290
3110004;male;40;1348;1185;1148
3110004;male;45;1327;1190;1120
3110004;male;50;1242;894;826
3110004;male;55;835;526;505
3110004;male;60;1293;582;561
3115904;female;16;54;9;9
3115904;female;18;25;12;9
3115904;female;20;97;36;26
3115904;female;25;83;53;49
3115904;female;30;84;49;49
3115904;female;35;93;55;55
3115904;female;40;114;75;75
3115904;female;45;106;51;51
3115904;female;50;99;40;40
3115904;female;55;72;8;8
3115904;female;60;131;7;7
3115904;male;16;60;22;22
3115904;male;18;33;16;14
3115904;male;20;94;80;80
3115904;male;25;98;77;77
3115904;male;30;90;82;82
3115904;male;35;82;68;68
3115904;male;40;103;85;85
3115904;male;45;122;102;102
3115904;male;50;107;82;82
3115904;male;55;71;48;48
3115904;male;60;109;41;41
3116209;female;16;46;3;3
3116209;female;18;50;33;25
3116209;female;20;124;61;54
3116209;female;25;85;66;61
3116209;female;30;101;54;54
3116209;female;35;84;65;65
3116209;female;40;102;84;77
3116209;female;45;107;61;56
3116209;female;50;65;33;33
3116209;female;55;82;45;37
3116209;female;60;125;12;12
3116209;male;16;39;11;11
3116209;male;18;40;26;22
3116209;male;20;108;91;90
3116209;male;25;92;87;83
3116209;male;30;90;84;84
3116209;male;35;90;83;83
3116209;male;40;94;85;85
3116209;male;45;109;104;101
3116209;male;50;79;68;68
3116209;male;55;93;60;60
3116209;male;60;121;58;58
3116407;female;16;77;28;26
3116407;female;18;76;40;34
3116407;female;20;176;116;108
3116407;female;25;181;134;127
3116407;female;30;148;99;96
3116407;female;35;157;73;63
3116407;female;40;121;74;66
3116407;female;45;138;70;67
3116407;female;50;114;45;45
3116407;female;55;124;33;33
3116407;female;60;145;24;24
3116407;male;16;80;58;54
3116407;male;18;68;64;61
3116407;male;20;199;176;172
3116407;male;25;187;178;175
3116407;male;30;173;167;157
3116407;male;35;142;142;142
3116407;male;40;149;143;143
3116407;male;45;153;143;140
3116407;male;50;167;161;161
3116407;male;55;151;127;127
3116407;male;60;197;131;131
3117876;female;16;102;40;24
3117876;female;18;111;85;60
3117876;female;20;247;184;157
3117876;female;25;254;208;187
3117876;female;30;273;212;175
3117876;female;35;275;219;209
3117876;female;40;206;165;155
3117876;female;45;203;156;150
3117876;female;50;151;91;88
3117876;female;55;152;69;69
3117876;female;60;176;51;47
3117876;male;16;115;45;45
3117876;male;18;107;76;64
3117876;male;20;239;221;213
3117876;male;25;242;232;228
3117876;male;30;249;233;225
3117876;male;35;241;237;232
3117876;male;40;214;209;202
3117876;male;45;202;176;172
3117876;male;50;169;149;149
3117876;male;55;118;85;85
3117876;male;60;154;85;85
3118007;female;16;864;125;100
3118007;female;18;872;438;308
3118007;female;20;2124;1461;1178
3118007;female;25;2263;1470;1197
3118007;female;30;1978;1353;1192
3118007;female;35;1814;1251;1144
3118007;female;40;1849;1220;1062
3118007;female;45;1754;864;818
3118007;female;50;1443;740;692
3118007;female;55;1180;468;425
3118007;female;60;1456;270;240
3118007;male;16;821;307;277
3118007;male;18;964;680;582
3118007;male;20;2296;1896;1758
3118007;male;25;2263;2156;2027
3118007;male;30;1974;1811;1689
3118007;male;35;1638;1538;1478
3118007;male;40;1758;1527;1457
3118007;male;45;1624;1375;1332
3118007;male;50;1435;1078;1049
3118007;male;55;1102;717;708
3118007;male;60;1232;485;460
3118304;female;16;1897;642;412
3118304;female;18;1909;1019;642
3118304;female;20;5290;3706;3146
3118304;female;25;5313;3783;3225
3118304;female;30;4822;3374;3205
3118304;female;35;4226;2900;2748
3118304;female;40;4402;2781;2605
3118304;female;45;4522;2513;2291
3118304;female;50;3868;1813;1766
3118304;female;55;3258;1197;1119
3118304;female;60;4195;726;697
3118304;male;16;1853;747;531
3118304;male;18;2127;1440;1232
3118304;male;20;5449;4778;4345
3118304;male;25;5458;4909;4539
3118304;male;30;4720;4419;4247
3118304;male;35;3907;3669;3567
3118304;male;40;3834;3456;3332
3118304;male;45;3936;3457;3289
3118304;male;50;3523;2552;2462
3118304;male;55;2877;1723;1696
3118304;male;60;3390;1100;1066
3118601;female;16;9946;4215;2541
3118601;female;18;9882;6015;4419
3118601;female;20;28356;21385;18096
3118601;female;25;30680;23946;21202
3118601;female;30;28615;21855;19967
3118601;female;35;24389;17621;16278
3118601;female;40;22498;15955;14817
3118601;female;45;21555;13972;13239
3118601;female;50;19103;11287;10834
3118601;female;55;14471;6866;6523
3118601;female;60;18672;4771;4634
3118601;male;16;10030;4680;3665
3118601;male;18;9858;7449;6432
3118601;male;20;28338;24207;22479
3118601;male;25;29541;26309;25325
3118601;male;30;28079;25423;24592
3118601;male;35;23082;21378;20521
3118601;male;40;21375;19547;18914
3118601;male;45;18781;16572;16214
3118601;male;50;15955;13511;13236
3118601;male;55;13054;9665;9303
3118601;male;60;14834;7036;6826
3119401;female;16;1922;481;285
3119401;female;18;1668;928;643
3119401;female;20;4709;3380;2821
3119401;female;25;4709;3200;2679
3119401;female;30;4388;3094;2667
3119401;female;35;3978;2689;2393
3119401;female;40;3953;2413;2170
3119401;female;45;3702;2005;1848
3119401;female;50;3419;1489;1405
3119401;female;55;2498;1016;966
3119401;female;60;3502;608;591
3119401;male;16;1667;666;456
3119401;male;18;1737;1261;1088
3119401;male;20;4690;3993;3556
3119401;male;25;4613;3977;3614
3119401;male;30;4186;3790;3568
3119401;male;35;3565;3204;2979
3119401;male;40;3388;2989;2816
3119401;male;45;3269;2761;2638
3119401;male;50;3078;2194;2129
3119401;male;55;2241;1306;1207
3119401;male;60;2612;1099;1045
3119708;female;16;63;0;0
3119708;female;18;58;26;24
3119708;female;20;113;56;52
3119708;female;25;128;64;60
3119708;female;30;144;60;53
3119708;female;35;122;80;64
3119708;female;40;109;65;61
3119708;female;45;121;56;56
3119708;female;50;97;43;43
3119708;female;55;85;20;16
3119708;female;60;117;20;20
3119708;male;16;57;19;19
3119708;male;18;47;23;23
3119708;male;20;118;69;69
3119708;male;25;124;94;94
3119708;male;30;146;112;112
3119708;male;35;117;93;93
3119708;male;40;117;95;88
3119708;male;45;134;105;105
3119708;male;50;104;66;61
3119708;male;55;72;45;45
3119708;male;60;141;63;63
3122306;female;16;3399;1361;1045
3122306;female;18;3452;2074;1808
3122306;female;20;9407;7060;6500
3122306;female;25;9498;7582;7158
3122306;female;30;9452;7427;7132
3122306;female;35;8368;6159;5884
3122306;female;40;8419;6516;6303
3122306;female;45;8395;5756;5499
3122306;female;50;6681;4052;3945
3122306;female;55;5807;2782;2751
3122306;female;60;7294;1734;1718
3122306;male;16;3657;1719;1527
3122306;male;18;3592;2709;2488
3122306;male;20;9692;8286;8004
3122306;male;25;9342;8783;8433
3122306;male;30;8996;8429;8202
3122306;male;35;8107;7530;7387
3122306;male;40;7650;7156;6946
3122306;male;45;7517;6873;6696
3122306;male;50;6823;5898;5801
3122306;male;55;4547;3398;3379
3122306;male;60;6329;3032;2993
3124104;female;16;1114;269;129
3124104;female;18;993;507;302
3124104;female;20;2466;1648;1365
3124104;female;25;2342;1518;1369
3124104;female;30;2468;1606;1393
3124104;female;35;2265;1508;1359
3124104;female;40;2144;1467;1350
3124104;female;45;1890;1187;1123
3124104;female;50;1492;745;709
3124104;female;55;1200;550;528
3124104;female;60;1654;355;355
3124104;male;16;1295;512;367
3124104;male;18;1052;923;784
3124104;male;20;2439;2106;2006
3124104;male;25;2330;2137;2015
3124104;male;30;2370;2224;2181
3124104;male;35;2181;1956;1945
3124104;male;40;2091;1897;1838
3124104;male;45;1822;1533;1485
3124104;male;50;1585;1341;1300
3124104;male;55;1349;975;956
3124104;male;60;1552;785;766
3125002;female;16;76;13;11
3125002;female;18;78;32;22
3125002;female;20;155;77;72
3125002;female;25;156;81;72
3125002;female;30;131;72;72
3125002;female;35;146;85;84
3125002;female;40;143;74;72
3125002;female;45;127;61;53
3125002;female;50;110;48;46
3125002;female;55;76;18;18
3125002;female;60;103;15;15
3125002;male;16;77;23;14
3125002;male;18;70;51;44
3125002;male;20;171;118;118
3125002;male;25;126;120;120
3125002;male;30;146;137;137
3125002;male;35;135;114;110
3125002;male;40;144;124;122
3125002;male;45;139;107;101
3125002;male;50;105;60;60
3125002;male;55;76;47;47
3125002;male;60;121;30;30
3126307;female;16;65;26;21
3126307;female;18;56;21;18
3126307;female;20;162;84;81
3126307;female;25;174;105;96
3126307;female;30;153;93;87
3126307;female;35;149;83;83
3126307;female;40;116;71;71
3126307;female;45;128;64;60
3126307;female;50;145;66;66
3126307;female;55;87;27;27
3126307;female;60;163;27;27
3126307;male;16;57;28;22
3126307;male;18;63;48;48
3126307;male;20;126;104;104
3126307;male;25;163;150;147
3126307;male;30;153;150;150
3126307;male;35;162;159;153
3126307;male;40;149;149;149
3126307;male;45;129;113;113
3126307;male;50;156;130;130
3126307;male;55;119;73;70
3126307;male;60;180;95;95
3127701;female;16;4476;1263;751
3127701;female;18;4670;2667;1881
3127701;female;20;12022;8278;6361
3127701;female;25;11739;8533;7371
3127701;female;30;11227;8175;7079
3127701;female;35;9886;6712;6045
3127701;female;40;10105;6710;6177
3127701;female;45;9006;5853;5492
3127701;female;50;7870;4175;3972
3127701;female;55;6665;2636;2528
3127701;female;60;9313;1883;1815
3127701;male;16;4821;1860;1440
3127701;male;18;4378;2828;2228
3127701;male;20;11578;9648;8519
3127701;male;25;11030;9663;8962
3127701;male;30;9997;8810;8439
3127701;male;35;8495;7589;7221
3127701;male;40;8652;7631;7263
3127701;male;45;7875;6689;6431
3127701;male;50;6598;5085;4880
3127701;male;55;5287;3662;3455
3127701;male;60;7340;3430;3318
3129806;female;16;3025;892;514
3129806;female;18;2798;1623;1267
3129806;female;20;7624;5316;4477
3129806;female;25;7415;5161;4580
3129806;female;30;7533;5264;4741
3129806;female;35;6489;4378;3772
3129806;female;40;5719;3654;3437
3129806;female;45;4969;2992;2806
3129806;female;50;3903;1783;1675
3129806;female;55;3104;1360;1292
3129806;female;60;3626;601;556
3129806;male;16;2834;1134;888
3129806;male;18;3161;2324;2025
3129806;male;20;7311;6174;5794
3129806;male;25;7288;6570;6339
3129806;male;30;7284;6526;6268
3129806;male;35;6205;5586;5398
3129806;male;40;5586;4943;4800
3129806;male;45;4349;3652;3569
3129806;male;50;3697;2837;2815
3129806;male;55;3036;1952;1896
3129806;male;60;2910;1078;1045
3130101;female;16;596;201;112
3130101;female;18;644;429;284
3130101;female;20;1532;945;769
3130101;female;25;1502;1065;992
3130101;female;30;1491;1047;951
3130101;female;35;1366;947;838
3130101;female;40;1163;770;717
3130101;female;45;1134;576;514
3130101;female;50;1020;406;378
3130101;female;55;574;189;180
3130101;female;60;1075;133;133
3130101;male;16;710;398;348
3130101;male;18;462;352;305
3130101;male;20;1577;1367;1319
3130101;male;25;1548;1367;1355
3130101;male;30;1489;1336;1308
3130101;male;35;1335;1162;1162
3130101;male;40;1197;1054;1038
3130101;male;45;1028;892;880
3130101;male;50;914;678;652
3130101;male;55;666;514;494
3130101;male;60;930;378;354
3130408;female;16;120;12;3
3130408;female;18;79;31;18
3130408;female;20;253;147;125
3130408;female;25;253;157;133
3130408;female;30;234;115;110
3130408;female;35;199;114;106
3130408;female;40;202;99;86
3130408;female;45;213;112;108
3130408;female;50;175;71;71
3130408;female;55;119;59;59
3130408;female;60;180;27;27
3130408;male;16;78;33;22
3130408;male;18;134;104;91
3130408;male;20;215;198;191
3130408;male;25;257;242;237
3130408;male;30;241;231;225
3130408;male;35;224;199;196
3130408;male;40;225;187;185
3130408;male;45;164;143;140
3130408;male;50;142;106;101
3130408;male;55;161;123;121
3130408;male;60;197;107;105
3131000;female;16;103;38;22
3131000;female;18;100;48;24
3131000;female;20;240;143;124
3131000;female;25;246;189;172
3131000;female;30;254;182;166
3131000;female;35;172;107;100
3131000;female;40;187;114;95
3131000;female;45;188;95;92
3131000;female;50;194;98;98
3131000;female;55;124;61;57
3131000;female;60;182;34;34
3131000;male;16;93;33;20
3131000;male;18;110;80;67
3131000;male;20;271;243;234
3131000;male;25;266;262;256
3131000;male;30;216;216;206
3131000;male;35;215;207;203
3131000;male;40;188;171;165
3131000;male;45;158;132;127
3131000;male;50;165;147;144
3131000;male;55;144;113;110
3131000;male;60;181;115;115
3131158;female;16;286;77;56
3131158;female;18;361;163;85
3131158;female;20;721;451;294
3131158;female;25;644;412;304
3131158;female;30;706;473;369
3131158;female;35;605;375;315
3131158;female;40;520;332;299
3131158;female;45;451;192;184
3131158;female;50;380;145;145
3131158;female;55;349;103;94
3131158;female;60;446;48;48
3131158;male;16;352;120;93
3131158;male;18;303;246;217
3131158;male;20;849;702;605
3131158;male;25;738;604;541
3131158;male;30;741;681;610
3131158;male;35;549;494;459
3131158;male;40;539;450;442
3131158;male;45;433;374;346
3131158;male;50;375;291;286
3131158;male;55;309;211;181
3131158;male;60;399;130;130
3131307;female;16;4013;980;449
3131307;female;18;4306;2350;1628
3131307;female;20;11585;8330;6812
3131307;female;25;11663;8422;7232
3131307;female;30;10762;7520;6810
3131307;female;35;9211;6379;5546
3131307;female;40;8921;5787;5382
3131307;female;45;8805;5140;4819
3131307;female;50;7609;3138;2945
3131307;female;55;6295;1912;1808
3131307;female;60;6923;1013;973
3131307;male;16;4052;1507;1110
3131307;male;18;4065;2806;2297
3131307;male;20;11472;9570;8874
3131307;male;25;11192;10162;9430
3131307;male;30;10021;9307;8802
3131307;male;35;8327;7686;7434
3131307;male;40;7937;7141;6907
3131307;male;45;6972;6176;5872
3131307;male;50;6899;4762;4546
3131307;male;55;6217;3524;3378
3131307;male;60;6182;1990;1907
3131703;female;16;1745;580;365
3131703;female;18;2034;1239;846
3131703;female;20;5074;3888;3020
3131703;female;25;5026;4162;3504
3131703;female;30;5024;4029;3588
3131703;female;35;4315;3120;2812
3131703;female;40;4312;3054;2739
3131703;female;45;4065;2648;2411
3131703;female;50;3328;1726;1601
3131703;female;55;2698;1042;986
3131703;female;60;3463;745;745
3131703;male;16;1976;576;395
3131703;male;18;1900;1281;896
3131703;male;20;4853;4164;3560
3131703;male;25;4795;4373;4006
3131703;male;30;4501;4233;4031
3131703;male;35;3870;3506;3318
3131703;male;40;3774;3330;3208
3131703;male;45;3559;3109;2952
3131703;male;50;2968;2169;2098
3131703;male;55;2435;1381;1314
3131703;male;60;2934;1031;989
3132404;female;16;1455;253;148
3132404;female;18;1630;622;483
3132404;female;20;4097;2452;2136
3132404;female;25;3816;2668;2448
3132404;female;30;3460;2404;2272
3132404;female;35;3175;2241;2092
3132404;female;40;3281;2451;2325
3132404;female;45;3419;2342;2211
3132404;female;50;3098;1937;1902
3132404;female;55;2267;923;903
3132404;female;60;3154;646;637
3132404;male;16;1513;388;294
3132404;male;18;1729;926;796
3132404;male;20;4299;3080;2715
3132404;male;25;4008;3433;3227
3132404;male;30;3490;3254;3143
3132404;male;35;3188;2981;2888
3132404;male;40;3091;2891;2812
3132404;male;45;3054;2788;2656
3132404;male;50;2939;2510;2450
3132404;male;55;1947;1376;1338
3132404;male;60;2865;1387;1344
3134301;female;16;91;6;3
3134301;female;18;110;39;25
3134301;female;20;262;127;117
3134301;female;25;231;92;79
3134301;female;30;228;129;96
3134301;female;35;206;88;80
3134301;female;40;206;100;86
3134301;female;45;210;109;103
3134301;female;50;183;62;62
3134301;female;55;149;39;39
3134301;female;60;243;32;32
3134301;male;16;122;30;25
3134301;male;18;85;39;32
3134301;male;20;242;163;153
3134301;male;25;267;211;188
3134301;male;30;263;218;213
3134301;male;35;214;178;172
3134301;male;40;229;192;192
3134301;male;45;218;151;151
3134301;male;50;182;147;147
3134301;male;55;160;84;84
3134301;male;60;217;73;70
3135001;female;16;44;11;7
3135001;female;18;62;14;9
3135001;female;20;119;61;48
3135001;female;25;117;69;66
3135001;female;30;102;53;50
3135001;female;35;101;68;58
3135001;female;40;115;64;51
3135001;female;45;87;57;57
3135001;female;50;101;59;48
3135001;female;55;90;41;41
3135001;female;60;97;20;20
3135001;male;16;40;15;15
3135001;male;18;74;30;26
3135001;male;20;136;117;115
3135001;male;25;138;121;115
3135001;male;30;113;98;92
3135001;male;35;99;96;92
3135001;male;40;81;69;65
3135001;male;45;108;75;75
3135001;male;50;88;80;80
3135001;male;55;85;60;60
3135001;male;60;100;33;33
3135407;female;16;86;17;17
3135407;female;18;67;24;20
3135407;female;20;201;111;91
3135407;female;25;200;102;96
3135407;female;30;203;114;108
3135407;female;35;197;104;94
3135407;female;40;192;83;77
3135407;female;45;185;59;55
3135407;female;50;188;55;55
3135407;female;55;134;12;12
3135407;female;60;210;31;31
3135407;male;16;107;16;16
3135407;male;18;67;24;21
3135407;male;20;226;148;133
3135407;male;25;212;145;135
3135407;male;30;189;132;127
3135407;male;35;208;145;140
3135407;male;40;211;146;142
3135407;male;45;222;118;111
3135407;male;50;160;80;77
3135407;male;55;162;63;63
3135407;male;60;194;50;50
3136652;female;16;376;102;57
3136652;female;18;345;203;129
3136652;female;20;959;636;521
3136652;female;25;1062;709;618
3136652;female;30;912;592;523
3136652;female;35;844;542;488
3136652;female;40;711;295;262
3136652;female;45;708;447;380
3136652;female;50;617;212;212
3136652;female;55;447;174;174
3136652;female;60;629;92;80
3136652;male;16;382;148;134
3136652;male;18;464;370;339
3136652;male;20;1044;934;839
3136652;male;25;1011;906;872
3136652;male;30;909;845;788
3136652;male;35;848;784;747
3136652;male;40;727;640;618
3136652;male;45;661;607;607
3136652;male;50;552;460;451
3136652;male;55;522;328;328
3136652;male;60;602;223;210
3136702;female;16;8340;1631;910
3136702;female;18;8703;4416;2929
3136702;female;20;23028;15197;12229
3136702;female;25;22710;17282;15415
3136702;female;30;21179;16151;14776
3136702;female;35;18885;14061;12984
3136702;female;40;19903;14494;13676
3136702;female;45;20508;14614;13994
3136702;female;50;19048;11994;11325
3136702;female;55;15769;6943;6732
3136702;female;60;21352;5032;5004
3136702;male;16;7853;2614;1821
3136702;male;18;9252;5572;4381
3136702;male;20;22687;17181;15369
3136702;male;25;21420;19458;17957
3136702;male;30;19884;18055;17288
3136702;male;35;16748;15571;15033
3136702;male;40;17480;15927;15657
3136702;male;45;17590;15581;15188
3136702;male;50;15936;13152;12834
3136702;male;55;12555;8686;8346
3136702;male;60;16811;7827;7593
3137601;female;16;761;252;187
3137601;female;18;913;616;470
3137601;female;20;2252;1586;1299
3137601;female;25;2253;1951;1797
3137601;female;30;2337;1758;1627
3137601;female;35;2149;1574;1476
3137601;female;40;2035;1564;1512
3137601;female;45;1873;1323;1299
3137601;female;50;1532;959;939
3137601;female;55;1297;615;598
3137601;female;60;1668;419;410
3137601;male;16;802;286;200
3137601;male;18;945;679;597
3137601;male;20;2276;1932;1815
3137601;male;25;2273;2072;2032
3137601;male;30;2090;1887;1835
3137601;male;35;1992;1887;1870
3137601;male;40;1916;1728;1687
3137601;male;45;1865;1729;1694
3137601;male;50;1617;1341;1329
3137601;male;55;1018;835;813
3137601;male;60;1332;723;697
3138203;female;16;1589;306;231
3138203;female;18;1387;684;508
3138203;female;20;4185;2617;2189
3138203;female;25;4093;2870;2545
3138203;female;30;3745;2932;2836
3138203;female;35;3379;2491;2295
3138203;female;40;3468;2596;2490
3138203;female;45;3447;2391;2237
3138203;female;50;3033;1669;1646
3138203;female;55;2603;1384;1367
3138203;female;60;3314;640;620
3138203;male;16;1556;560;459
3138203;male;18;1680;1127;1025
3138203;male;20;4178;3418;3118
3138203;male;25;4086;3648;3453
3138203;male;30;3705;3448;3408
3138203;male;35;3054;2901;2866
3138203;male;40;3245;2971;2898
3138203;male;45;2988;2528;2481
3138203;male;50;2580;2148;2120
3138203;male;55;2492;1724;1685
3138203;male;60;2739;1221;1221
3140159;female;16;182;56;44
3140159;female;18;256;135;95
3140159;female;20;545;356;282
3140159;female;25;587;407;349
3140159;female;30;547;369;336
3140159;female;35;522;353;310
3140159;female;40;511;299;275
3140159;female;45;397;237;201
3140159;female;50;363;176;168
3140159;female;55;227;91;86
3140159;female;60;322;52;52
3140159;male;16;250;139;99
3140159;male;18;246;184;157
3140159;male;20;611;509;472
3140159;male;25;554;515;495
3140159;male;30;557;533;515
3140159;male;35;475;461;450
3140159;male;40;470;452;432
3140159;male;45;403;376;353
3140159;male;50;275;189;189
3140159;male;55;307;229;229
3140159;male;60;310;155;155
3140308;female;16;49;10;10
3140308;female;18;71;18;9
3140308;female;20;140;80;60
3140308;female;25;165;103;73
3140308;female;30;148;96;91
3140308;female;35;133;87;84
3140308;female;40;130;63;54
3140308;female;45;134;65;65
3140308;female;50;115;44;32
3140308;female;55;92;23;19
3140308;female;60;143;18;12
3140308;male;16;70;11;8
3140308;male;18;54;43;34
3140308;male;20;135;118;112
3140308;male;25;158;140;137
3140308;male;30;161;140;131
3140308;male;35;113;106;94
3140308;male;40;148;142;132
3140308;male;45;132;114;114
3140308;male;50;95;72;66
3140308;male;55;111;61;61
3140308;male;60;158;46;46
3140803;female;16;204;22;10
3140803;female;18;204;76;46
3140803;female;20;518;324;280
3140803;female;25;554;375;346
3140803;female;30;512;368;359
3140803;female;35;470;311;308
3140803;female;40;520;356;328
3140803;female;45;479;274;257
3140803;female;50;471;241;226
3140803;female;55;364;142;136
3140803;female;60;496;88;88
3140803;male;16;265;64;49
3140803;male;18;142;66;61
3140803;male;20;542;464;407
3140803;male;25;544;485;437
3140803;male;30;492;449;433
3140803;male;35;456;427;414
3140803;male;40;490;445;422
3140803;male;45;486;418;399
3140803;male;50;506;433;421
3140803;male;55;280;180;158
3140803;male;60;473;218;215
3143302;female;16;7037;1869;1140
3143302;female;18;7205;3680;2376
3143302;female;20;19331;12853;9743
3143302;female;25;18345;13619;11608
3143302;female;30;16435;12266;10534
3143302;female;35;14056;10273;9405
3143302;female;40;12826;9583;8758
3143302;female;45;11424;7678;7144
3143302;female;50;9825;5530;5215
3143302;female;55;7411;3239;3118
3143302;female;60;10419;2465;2393
3143302;male;16;6394;2193;1473
3143302;male;18;6916;4741;3885
3143302;male;20;17947;14469;12697
3143302;male;25;17160;15430;14389
3143302;male;30;15173;14009;13507
3143302;male;35;12884;11991;11660
3143302;male;40;11585;10470;10145
3143302;male;45;10168;8957;8732
3143302;male;50;8833;7234;7057
3143302;male;55;6397;4752;4586
3143302;male;60;8640;4197;4088
3143906;female;16;1715;656;430
3143906;female;18;1696;1038;832
3143906;female;20;4604;3278;3018
3143906;female;25;4433;3212;2972
3143906;female;30;4250;3307;3109
3143906;female;35;3565;2558;2424
3143906;female;40;3826;2810;2697
3143906;female;45;3643;2315;2268
3143906;female;50;3138;1936;1836
3143906;female;55;2839;1300;1257
3143906;female;60;3782;841;829
3143906;male;16;1525;653;515
3143906;male;18;1609;1181;1119
3143906;male;20;4455;3848;3561
3143906;male;25;4346;3984;3865
3143906;male;30;4042;3754;3627
3143906;male;35;3355;3038;2955
3143906;male;40;3556;3231;3095
3143906;male;45;3215;2715;2636
3143906;male;50;2630;2160;2083
3143906;male;55;2806;2004;1968
3143906;male;60;3068;1510;1479
3144359;female;16;151;53;25
3144359;female;18;138;47;35
3144359;female;20;278;167;126
3144359;female;25;246;143;120
3144359;female;30;231;142;117
3144359;female;35;219;124;108
3144359;female;40;204;131;121
3144359;female;45;176;110;88
3144359;female;50;133;47;47
3144359;female;55;144;46;44
3144359;female;60;204;17;17
3144359;male;16;100;46;34
3144359;male;18;134;104;80
3144359;male;20;301;262;221
3144359;male;25;267;247;226
3144359;male;30;254;218;190
3144359;male;35;177;164;145
3144359;male;40;168;160;160
3144359;male;45;219;173;165
3144359;male;50;144;111;110
3144359;male;55;154;100;96
3144359;male;60;168;76;74
3144805;female;16;987;286;166
3144805;female;18;1543;858;700
3144805;female;20;3642;2604;2375
3144805;female;25;3825;3007;2786
3144805;female;30;3795;3047;2849
3144805;female;35;3332;2594;2449
3144805;female;40;3111;2276;2175
3144805;female;45;3012;2176;2117
3144805;female;50;2641;1560;1519
3144805;female;55;1994;850;845
3144805;female;60;2736;674;655
3144805;male;16;1122;296;232
3144805;male;18;1372;927;763
3144805;male;20;3678;3045;2799
3144805;male;25;3829;3505;3378
3144805;male;30;3528;3181;3110
3144805;male;35;2974;2856;2788
3144805;male;40;3004;2733;2711
3144805;male;45;2773;2464;2440
3144805;male;50;2509;2092;2046
3144805;male;55;1778;1129;1101
3144805;male;60;2330;1119;1119
3145901;female;16;625;106;72
3145901;female;18;770;413;308
3145901;female;20;1872;1198;951
3145901;female;25;1699;1257;1174
3145901;female;30;1488;1047;953
3145901;female;35;1208;906;827
3145901;female;40;1294;857;808
3145901;female;45;1366;788;745
3145901;female;50;1168;542;542
3145901;female;55;812;311;293
3145901;female;60;789;138;138
3145901;male;16;577;203;149
3145901;male;18;761;492;373
3145901;male;20;1894;1535;1326
3145901;male;25;1747;1628;1527
3145901;male;30;1455;1362;1288
3145901;male;35;1133;1094;1051
3145901;male;40;1133;1044;1034
3145901;male;45;1185;971;955
3145901;male;50;1291;1081;1059
3145901;male;55;841;570;530
3145901;male;60;832;247;247
3147907;female;16;1702;628;427
3147907;female;18;1963;1187;1033
3147907;female;20;4539;2982;2555
3147907;female;25;4443;3239;3046
3147907;female;30;4260;3081;2897
3147907;female;35;4025;2826;2736
3147907;female;40;3956;2521;2481
3147907;female;45;3736;2058;1980
3147907;female;50;3474;1822;1744
3147907;female;55;2730;909;909
3147907;female;60;3898;663;653
3147907;male;16;1980;1010;810
3147907;male;18;1762;1334;1247
3147907;male;20;4662;3794;3551
3147907;male;25;4392;4029;3843
3147907;male;30;4155;3828;3738
3147907;male;35;3843;3509;3475
3147907;male;40;3861;3510;3438
3147907;male;45;3595;2901;2807
3147907;male;50;3100;2404;2382
3147907;male;55;2671;1797;1749
3147907;male;60;3526;1626;1606
3148004;female;16;2236;764;513
3148004;female;18;2369;1394;1007
3148004;female;20;5954;4542;3788
3148004;female;25;5817;4618;4215
3148004;female;30;5638;4241;3988
3148004;female;35;5759;4492;4283
3148004;female;40;5589;3980;3804
3148004;female;45;5214;3556;3419
3148004;female;50;4252;2453;2363
3148004;female;55;3787;1795;1772
3148004;female;60;4791;909;866
3148004;male;16;2596;1133;1012
3148004;male;18;2413;1781;1530
3148004;male;20;5970;5140;4851
3148004;male;25;5778;5379;5133
3148004;male;30;5295;5005;4822
3148004;male;35;5286;4854;4758
3148004;male;40;5258;4805;4734
3148004;male;45;4808;4092;4034
3148004;male;50;4202;3445;3319
3148004;male;55;3377;2405;2361
3148004;male;60;4394;2278;2248
3149309;female;16;907;301;207
3149309;female;18;1003;519;339
3149309;female;20;2535;1922;1515
3149309;female;25;2751;2118;1829
3149309;female;30;2530;2010;1829
3149309;female;35;2119;1545;1413
3149309;female;40;2297;1695;1604
3149309;female;45;2133;1231;1119
3149309;female;50;2020;1088;994
3149309;female;55;1403;567;537
3149309;female;60;1858;361;350
3149309;male;16;962;397;311
3149309;male;18;1204;934;760
3149309;male;20;2645;2323;2136
3149309;male;25;2504;2347;2172
3149309;male;30;2415;2271;2218
3149309;male;35;1966;1774;1676
3149309;male;40;2063;1827;1785
3149309;male;45;1974;1738;1717
3149309;male;50;1689;1236;1172
3149309;male;55;1469;1024;981
3149309;male;60;1677;746;729
3150901;female;16;113;27;25
3150901;female;18;73;36;25
3150901;female;20;201;130;107
3150901;female;25;183;108;101
3150901;female;30;200;106;97
3150901;female;35;152;93;90
3150901;female;40;175;102;96
3150901;female;45;174;87;87
3150901;female;50;148;76;73
3150901;female;55;154;63;60
3150901;female;60;193;41;41
3150901;male;16;83;40;33
3150901;male;18;91;64;61
3150901;male;20;209;185;181
3150901;male;25;207;199;189
3150901;male;30;206;193;193
3150901;male;35;204;186;180
3150901;male;40;190;177;177
3150901;male;45;194;173;170
3150901;male;50;163;128;128
3150901;male;55;147;123;123
3150901;male;60;205;101;101
3151008;female;16;197;62;35
3151008;female;18;110;63;60
3151008;female;20;322;207;173
3151008;female;25;290;200;169
3151008;female;30;290;183;172
3151008;female;35;297;194;181
3151008;female;40;272;184;184
3151008;female;45;261;144;135
3151008;female;50;227;92;92
3151008;female;55;186;86;86
3151008;female;60;286;46;46
3151008;male;16;148;46;46
3151008;male;18;132;90;86
3151008;male;20;305;276;252
3151008;male;25;320;281;274
3151008;male;30;286;271;264
3151008;male;35;298;286;274
3151008;male;40;294;282;276
3151008;male;45;289;271;263
3151008;male;50;274;251;235
3151008;male;55;165;131;131
3151008;male;60;278;155;147
3151800;female;16;2328;934;690
3151800;female;18;2422;1457;1091
3151800;female;20;6567;4800;4052
3151800;female;25;6780;5451;5031
3151800;female;30;6543;5033;4686
3151800;female;35;5963;4573;4273
3151800;female;40;5590;4277;4075
3151800;female;45;5459;3959;3855
3151800;female;50;5240;3362;3223
3151800;female;55;4493;2269;2231
3151800;female;60;6057;1480;1457
3151800;male;16;2469;1074;845
3151800;male;18;2385;1741;1338
3151800;male;20;6485;5667;5291
3151800;male;25;6736;6257;5997
3151800;male;30;6232;5920;5764
3151800;male;35;5469;5172;5014
3151800;male;40;5130;4918;4810
3151800;male;45;4874;4438;4334
3151800;male;50;4675;4014;3949
3151800;male;55;3848;3079;2998
3151800;male;60;5287;2820;2760
3152501;female;16;2150;799;566
3152501;female;18;2167;1436;1116
3152501;female;20;5725;4082;3566
3152501;female;25;5929;4733;4308
3152501;female;30;5493;4284;4010
3152501;female;35;5094;3840;3591
3152501;female;40;4931;3634;3410
3152501;female;45;4721;3359;3174
3152501;female;50;4100;2418;2332
3152501;female;55;3345;1567;1535
3152501;female;60;4375;987;937
3152501;male;16;2141;916;789
3152501;male;18;2345;1580;1475
3152501;male;20;5976;5118;4841
3152501;male;25;6109;5673;5417
3152501;male;30;5510;5185;5058
3152501;male;35;4870;4628;4509
3152501;male;40;4709;4323;4211
3152501;male;45;4356;3917;3858
3152501;male;50;4069;3408;3317
3152501;male;55;2887;2183;2142
3152501;male;60;3648;1955;1897
3153608;female;16;178;60;25
3153608;female;18;246;146;58
3153608;female;20;470;363;251
3153608;female;25;405;295;239
3153608;female;30;375;220;177
3153608;female;35;366;245;222
3153608;female;40;337;222;205
3153608;female;45;367;137;135
3153608;female;50;247;128;128
3153608;female;55;204;87;87
3153608;female;60;295;39;39
3153608;male;16;239;66;61
3153608;male;18;170;128;118
3153608;male;20;475;430;402
3153608;male;25;373;343;314
3153608;male;30;368;346;327
3153608;male;35;324;295;286
3153608;male;40;306;269;256
3153608;male;45;314;280;276
3153608;male;50;281;208;208
3153608;male;55;164;127;127
3153608;male;60;235;111;111
3153806;female;16;34;3;3
3153806;female;18;40;20;20
3153806;female;20;57;28;26
3153806;female;25;41;18;18
3153806;female;30;65;36;36
3153806;female;35;66;33;33
3153806;female;40;75;28;28
3153806;female;45;60;26;26
3153806;female;50;69;18;18
3153806;female;55;58;19;19
3153806;female;60;89;17;17
3153806;male;16;32;8;8
3153806;male;18;26;16;16
3153806;male;20;55;42;42
3153806;male;25;52;38;34
3153806;male;30;79;66;64
3153806;male;35;71;61;61
3153806;male;40;84;73;73
3153806;male;45;87;75;75
3153806;male;50;74;47;47
3153806;male;55;54;30;30
3153806;male;60;86;35;35
3153905;female;16;265;46;23
3153905;female;18;253;134;104
3153905;female;20;733;485;418
3153905;female;25;720;549;462
3153905;female;30;731;535;492
3153905;female;35;572;349;331
3153905;female;40;551;371;350
3153905;female;45;511;282;273
3153905;female;50;503;203;203
3153905;female;55;360;106;106
3153905;female;60;489;66;66
3153905;male;16;310;71;58
3153905;male;18;277;146;109
3153905;male;20;660;535;494
3153905;male;25;731;670;633
3153905;male;30;675;579;544
3153905;male;35;554;496;481
3153905;male;40;464;399;394
3153905;male;45;465;352;352
3153905;male;50;484;290;272
3153905;male;55;295;104;104
3153905;male;60;441;109;109
3154606;female;16;5274;1796;921
3154606;female;18;5162;3253;2331
3154606;female;20;13689;10019;8431
3154606;female;25;14088;10183;9065
3154606;female;30;13744;10089;9283
3154606;female;35;11386;7987;7353
3154606;female;40;10166;6898;6321
3154606;female;45;9071;5864;5574
3154606;female;50;7984;4674;4384
3154606;female;55;5974;2507;2407
3154606;female;60;6933;1630;1563
3154606;male;16;5405;2470;1719
3154606;male;18;5083;3715;3285
3154606;male;20;14714;12021;11115
3154606;male;25;14611;12466;11920
3154606;male;30;14007;12081;11713
3154606;male;35;11344;10031;9781
3154606;male;40;9565;8466;8282
3154606;male;45;7988;6729;6549
3154606;male;50;7386;6043;5892
3154606;male;55;5543;4104;3975
3154606;male;60;6110;2950;2811
3154705;female;16;59;13;13
3154705;female;18;72;50;34
3154705;female;20;152;105;75
3154705;female;25;164;114;88
3154705;female;30;143;110;106
3154705;female;35;115;67;54
3154705;female;40;125;95;78
3154705;female;45;148;100;100
3154705;female;50;165;86;81
3154705;female;55;110;33;33
3154705;female;60;140;19;19
3154705;male;16;51;16;13
3154705;male;18;72;50;30
3154705;male;20;159;136;105
3154705;male;25;160;143;141
3154705;male;30;136;133;133
3154705;male;35;108;97;97
3154705;male;40;104;92;90
3154705;male;45;133;125;120
3154705;male;50;157;123;115
3154705;male;55;114;55;55
3154705;male;60;129;52;52
3154804;female;16;146;27;18
3154804;female;18;143;66;47
3154804;female;20;449;298;225
3154804;female;25;434;306;278
3154804;female;30;396;262;245
3154804;female;35;353;231;222
3154804;female;40;318;197;170
3154804;female;45;293;204;199
3154804;female;50;268;163;149
3154804;female;55;156;72;72
3154804;female;60;333;94;94
3154804;male;16;130;37;23
3154804;male;18;182;107;107
3154804;male;20;436;396;372
3154804;male;25;414;377;363
3154804;male;30;390;352;352
3154804;male;35;362;339;339
3154804;male;40;310;271;262
3154804;male;45;294;249;242
3154804;male;50;279;234;228
3154804;male;55;167;123;123
3154804;male;60;214;118;113
3156304;female;16;105;51;45
3156304;female;18;140;95;90
3156304;female;20;343;262;251
3156304;female;25;322;250;247
3156304;female;30;262;201;201
3156304;female;35;259;212;208
3156304;female;40;272;208;205
3156304;female;45;224;141;141
3156304;female;50;142;71;71
3156304;female;55;141;53;53
3156304;female;60;199;34;34
3156304;male;16;114;65;54
3156304;male;18;114;104;102
3156304;male;20;334;307;290
3156304;male;25;316;305;302
3156304;male;30;291;280;280
3156304;male;35;243;234;228
3156304;male;40;299;265;265
3156304;male;45;221;189;189
3156304;male;50;176;118;118
3156304;male;55;172;101;101
3156304;male;60;189;67;67
3156700;female;16;1969;493;298
3156700;female;18;2266;1490;1124
3156700;female;20;5596;3910;3366
3156700;female;25;5868;4381;3891
3156700;female;30;5884;4486;4044
3156700;female;35;4811;3577;3358
3156700;female;40;4564;3288;3070
3156700;female;45;4311;2931;2820
3156700;female;50;3854;2388;2315
3156700;female;55;2885;1199;1189
3156700;female;60;4008;988;978
3156700;male;16;2183;771;561
3156700;male;18;2201;1486;1234
3156700;male;20;5593;4537;4158
3156700;male;25;5766;5140;4777
3156700;male;30;5248;4696;4463
3156700;male;35;4550;4013;3868
3156700;male;40;4288;3793;3672
3156700;male;45;3844;3248;3166
3156700;male;50;3239;2457;2343
3156700;male;55;2545;1666;1631
3156700;male;60;2853;1175;1144
3157336;female;16;121;50;38
3157336;female;18;137;101;86
3157336;female;20;343;240;205
3157336;female;25;353;297;262
3157336;female;30;343;195;164
3157336;female;35;311;208;193
3157336;female;40;301;170;158
3157336;female;45;273;135;131
3157336;female;50;242;106;97
3157336;female;55;178;29;28
3157336;female;60;263;29;29
3157336;male;16;133;84;64
3157336;male;18;150;116;108
3157336;male;20;350;311;284
3157336;male;25;327;301;272
3157336;male;30;335;320;310
3157336;male;35;310;285;274
3157336;male;40;287;252;248
3157336;male;45;252;201;196
3157336;male;50;267;190;190
3157336;male;55;138;70;67
3157336;male;60;203;71;71
3157807;female;16;3656;1144;655
3157807;female;18;3616;2208;1611
3157807;female;20;9310;6401;5484
3157807;female;25;9692;7003;6109
3157807;female;30;9612;7004;6415
3157807;female;35;8181;5967;5519
3157807;female;40;7352;5233;4879
3157807;female;45;6485;4106;3901
3157807;female;50;5629;3177;2993
3157807;female;55;4730;2217;2175
3157807;female;60;5867;1270;1242
3157807;male;16;3570;1181;965
3157807;male;18;3430;2351;2071
3157807;male;20;9280;7618;7129
3157807;male;25;9146;8262;7843
3157807;male;30;9061;7882;7615
3157807;male;35;7776;6978;6766
3157807;male;40;6805;6025;5851
3157807;male;45;5614;4797;4674
3157807;male;50;4896;3651;3523
3157807;male;55;4052;2762;2700
3157807;male;60;4578;1997;1963
3158607;female;16;68;23;14
3158607;female;18;60;27;21
3158607;female;20;146;63;60
3158607;female;25;133;78;63
3158607;female;30;143;68;68
3158607;female;35;161;93;83
3158607;female;40;157;95;89
3158607;female;45;122;52;39
3158607;female;50;121;53;53
3158607;female;55;85;24;24
3158607;female;60;136;13;13
3158607;male;16;65;26;20
3158607;male;18;65;45;41
3158607;male;20;152;129;109
3158607;male;25;139;118;104
3158607;male;30;128;110;106
3158607;male;35;109;86;86
3158607;male;40;153;137;135
3158607;male;45;154;131;131
3158607;male;50;96;79;76
3158607;male;55;107;80;77
3158607;male;60;165;56;56
3158953;female;16;523;143;103
3158953;female;18;496;343;197
3158953;female;20;1146;830;607
3158953;female;25;1279;816;735
3158953;female;30;1261;763;686
3158953;female;35;1055;723;575
3158953;female;40;942;581;549
3158953;female;45;796;531;485
3158953;female;50;721;330;321
3158953;female;55;476;209;197
3158953;female;60;765;124;124
3158953;male;16;531;269;209
3158953;male;18;568;411;309
3158953;male;20;1169;917;837
3158953;male;25;1202;1090;999
3158953;male;30;1182;1064;1008
3158953;male;35;1074;997;965
3158953;male;40;909;774;764
3158953;male;45;764;675;631
3158953;male;50;641;487;487
3158953;male;55;654;385;351
3158953;male;60;502;273;264
3160900;female;16;48;11;11
3160900;female;18;60;20;12
3160900;female;20;154;90;66
3160900;female;25;142;78;71
3160900;female;30;141;87;82
3160900;female;35;108;55;48
3160900;female;40;147;61;55
3160900;female;45;135;70;64
3160900;female;50;126;57;54
3160900;female;55;78;29;29
3160900;female;60;157;16;16
3160900;male;16;60;4;4
3160900;male;18;46;24;18
3160900;male;20;163;120;108
3160900;male;25;146;88;85
3160900;male;30;132;109;95
3160900;male;35;116;67;64
3160900;male;40;144;83;72
3160900;male;45;129;97;89
3160900;male;50;138;92;88
3160900;male;55;81;44;40
3160900;male;60;104;52;45
3162500;female;16;1249;212;89
3162500;female;18;1406;676;499
3162500;female;20;3439;2353;1967
3162500;female;25;3443;2432;2164
3162500;female;30;3530;2495;2385
3162500;female;35;3185;2244;2121
3162500;female;40;3358;2258;2139
3162500;female;45;3489;2042;1873
3162500;female;50;2833;1315;1271
3162500;female;55;2635;838;838
3162500;female;60;3575;641;629
3162500;male;16;1387;359;259
3162500;male;18;1280;779;642
3162500;male;20;3378;2432;2189
3162500;male;25;3324;2670;2576
3162500;male;30;3292;2942;2825
3162500;male;35;3045;2659;2559
3162500;male;40;3119;2712;2646
3162500;male;45;3077;2467;2426
3162500;male;50;2756;2082;2052
3162500;male;55;2311;1316;1307
3162500;male;60;2610;1023;1014
3162922;female;16;452;115;60
3162922;female;18;403;183;122
3162922;female;20;1032;679;587
3162922;female;25;1096;715;621
3162922;female;30;1015;700;603
3162922;female;35;872;605;554
3162922;female;40;787;490;461
3162922;female;45;663;403;391
3162922;female;50;612;305;295
3162922;female;55;428;145;136
3162922;female;60;654;180;167
3162922;male;16;476;198;189
3162922;male;18;417;282;255
3162922;male;20;1553;884;855
3162922;male;25;1636;954;905
3162922;male;30;1346;888;824
3162922;male;35;1074;804;771
3162922;male;40;893;689;662
3162922;male;45;700;521;521
3162922;male;50;628;464;464
3162922;male;55;460;352;352
3162922;male;60;676;314;314
3162955;female;16;344;77;39
3162955;female;18;304;168;122
3162955;female;20;876;640;513
3162955;female;25;851;609;539
3162955;female;30;897;675;630
3162955;female;35;828;663;619
3162955;female;40;716;466;414
3162955;female;45;645;397;377
3162955;female;50;612;348;327
3162955;female;55;340;149;149
3162955;female;60;531;112;107
3162955;male;16;395;141;89
3162955;male;18;377;233;207
3162955;male;20;897;726;674
3162955;male;25;814;704;684
3162955;male;30;834;733;699
3162955;male;35;741;663;633
3162955;male;40;737;640;630
3162955;male;45;634;559;537
3162955;male;50;477;381;369
3162955;male;55;489;342;330
3162955;male;60;476;265;256
3163201;female;16;56;18;18
3163201;female;18;68;45;39
3163201;female;20;170;121;91
3163201;female;25;122;85;73
3163201;female;30;154;102;88
3163201;female;35;141;93;87
3163201;female;40;140;116;109
3163201;female;45;135;68;65
3163201;female;50;115;78;78
3163201;female;55;108;38;38
3163201;female;60;158;41;41
3163201;male;16;54;37;31
3163201;male;18;60;45;42
3163201;male;20;156;131;123
3163201;male;25;135;121;115
3163201;male;30;147;147;147
3163201;male;35;152;148;143
3163201;male;40;135;132;124
3163201;male;45;157;148;137
3163201;male;50;121;107;101
3163201;male;55;117;95;95
3163201;male;60;139;57;50
3165537;female;16;461;250;178
3165537;female;18;454;253;189
3165537;female;20;1128;814;646
3165537;female;25;1021;635;563
3165537;female;30;1198;823;741
3165537;female;35;1104;759;738
3165537;female;40;1027;650;587
3165537;female;45;689;447;405
3165537;female;50;749;356;336
3165537;female;55;447;233;203
3165537;female;60;506;131;121
3165537;male;16;492;171;140
3165537;male;18;550;456;359
3165537;male;20;1030;1030;947
3165537;male;25;1045;938;917
3165537;male;30;1236;1194;1164
3165537;male;35;1170;1109;1098
3165537;male;40;974;888;867
3165537;male;45;942;799;767
3165537;male;50;590;474;454
3165537;male;55;420;298;298
3165537;male;60;581;348;338
3167202;female;16;3930;1347;680
3167202;female;18;3648;2250;1465
3167202;female;20;10134;7355;5952
3167202;female;25;9994;7903;6864
3167202;female;30;9361;7177;6502
3167202;female;35;8270;6290;5941
3167202;female;40;8214;5992;5631
3167202;female;45;7834;5407;5111
3167202;female;50;6622;3998;3821
3167202;female;55;5221;2699;2598
3167202;female;60;6859;1647;1604
3167202;male;16;3765;1780;1196
3167202;male;18;3711;2681;2172
3167202;male;20;10185;8873;8135
3167202;male;25;9933;9260;8744
3167202;male;30;8928;8253;8020
3167202;male;35;7679;7205;7052
3167202;male;40;7579;6964;6674
3167202;male;45;7004;6339;6163
3167202;male;50;5998;5126;4933
3167202;male;55;4542;3055;2977
3167202;male;60;5540;2711;2643
3167509;female;16;45;14;11
3167509;female;18;40;26;13
3167509;female;20;94;50;38
3167509;female;25;86;37;25
3167509;female;30;115;55;45
3167509;female;35;80;41;27
3167509;female;40;109;43;24
3167509;female;45;96;44;41
3167509;female;50;63;10;10
3167509;female;55;62;11;11
3167509;female;60;122;16;12
3167509;male;16;44;10;6
3167509;male;18;40;27;19
3167509;male;20;103;73;64
3167509;male;25;104;96;96
3167509;male;30;93;86;73
3167509;male;35;90;85;72
3167509;male;40;90;90;89
3167509;male;45;78;73;69
3167509;male;50;91;78;78
3167509;male;55;62;38;38
3167509;male;60;76;31;28
3168606;female;16;2296;574;371
3168606;female;18;2351;1142;803
3168606;female;20;6251;3843;2969
3168606;female;25;5960;4055;3428
3168606;female;30;5569;3843;3423
3168606;female;35;5073;3422;3101
3168606;female;40;4692;2881;2686
3168606;female;45;4354;2426;2251
3168606;female;50;3791;2034;1883
3168606;female;55;3095;1290;1270
3168606;female;60;4796;906;875
3168606;male;16;2284;646;490
3168606;male;18;2343;1410;1140
3168606;male;20;5787;4582;4018
3168606;male;25;5533;4538;4255
3168606;male;30;5072;4417;4182
3168606;male;35;4508;4070;3905
3168606;male;40;4431;3695;3511
3168606;male;45;4031;3515;3332
3168606;male;50;3284;2375;2261
3168606;male;55;2826;1900;1812
3168606;male;60;3846;2043;2024
3168705;female;16;1341;304;178
3168705;female;18;1447;789;466
3168705;female;20;3580;2664;1967
3168705;female;25;3630;2710;2140
3168705;female;30;3438;2533;2294
3168705;female;35;3113;2195;1874
3168705;female;40;3361;2120;1870
3168705;female;45;3302;2120;1928
3168705;female;50;2630;1132;1020
3168705;female;55;1897;633;580
3168705;female;60;2654;378;334
3168705;male;16;1347;445;285
3168705;male;18;1446;1032;771
3168705;male;20;3582;2953;2509
3168705;male;25;3577;3283;3017
3168705;male;30;3188;2890;2752
3168705;male;35;2610;2339;2225
3168705;male;40;2882;2528;2437
3168705;male;45;2954;2434;2356
3168705;male;50;2496;1810;1715
3168705;male;55;1789;999;932
3168705;male;60;1970;590;563
3168804;female;16;123;45;41
3168804;female;18;111;69;55
3168804;female;20;271;205;193
3168804;female;25;303;228;213
3168804;female;30;315;232;230
3168804;female;35;292;221;217
3168804;female;40;300;202;193
3168804;female;45;228;123;110
3168804;female;50;226;132;132
3168804;female;55;190;102;99
3168804;female;60;229;62;62
3168804;male;16;117;74;70
3168804;male;18;140;91;89
3168804;male;20;275;235;222
3168804;male;25;308;278;278
3168804;male;30;310;292;292
3168804;male;35;278;273;267
3168804;male;40;264;243;243
3168804;male;45;271;247;247
3168804;male;50;191;151;151
3168804;male;55;182;124;120
3168804;male;60;200;76;76
3169901;female;16;1687;492;407
3169901;female;18;1661;910;796
3169901;female;20;4657;3314;2979
3169901;female;25;4518;3275;3071
3169901;female;30;4275;3157;3000
3169901;female;35;3824;2477;2388
3169901;female;40;3653;2391;2300
3169901;female;45;3609;2296;2250
3169901;female;50;3105;1335;1292
3169901;female;55;2355;889;844
3169901;female;60;3168;584;562
3169901;male;16;1700;700;644
3169901;male;18;1879;1282;1163
3169901;male;20;4717;3992;3844
3169901;male;25;4713;4215;4112
3169901;male;30;4277;3993;3921
3169901;male;35;3676;3386;3315
3169901;male;40;3664;3348;3332
3169901;male;45;3447;2981;2934
3169901;male;50;2949;2408;2372
3169901;male;55;2286;1473;1462
3169901;male;60;2858;1119;1095
3170107;female;16;4529;1361;952
3170107;female;18;4855;2587;2031
3170107;female;20;13399;8709;7379
3170107;female;25;13246;10299;9300
3170107;female;30;12459;9780;9151
3170107;female;35;11059;8643;8343
3170107;female;40;11029;8567;8101
3170107;female;45;11027;7866;7539
3170107;female;50;10086;6445;6295
3170107;female;55;7737;3645;3565
3170107;female;60;11101;3243;3166
3170107;male;16;4765;2059;1644
3170107;male;18;5232;3322;2877
3170107;male;20;13891;11334;10653
3170107;male;25;13688;12484;12039
3170107;male;30;12468;11584;11249
3170107;male;35;10657;9931;9772
3170107;male;40;10149;9551;9350
3170107;male;45;9868;8953;8817
3170107;male;50;9186;7981;7839
3170107;male;55;6647;5179;5088
3170107;male;60;9198;5237;5116
3170206;female;16;10198;3298;2116
3170206;female;18;10746;6385;5275
3170206;female;20;28706;20374;18025
3170206;female;25;28596;22397;20256
3170206;female;30;27312;21396;19943
3170206;female;35;23857;18500;17688
3170206;female;40;23155;17447;16605
3170206;female;45;22051;15805;15332
3170206;female;50;18897;11285;10981
3170206;female;55;15154;7443;7259
3170206;female;60;18825;5296;5157
3170206;male;16;10158;5055;4191
3170206;male;18;10550;7387;6543
3170206;male;20;29173;25032;23491
3170206;male;25;28544;26190;25428
3170206;male;30;26576;24473;23895
3170206;male;35;22834;21309;20949
3170206;male;40;21532;19732;19516
3170206;male;45;19788;17649;17339
3170206;male;50;16424;14164;13858
3170206;male;55;13279;10250;10002
3170206;male;60;16006;8323;8179
3170701;female;16;2087;719;564
3170701;female;18;1954;1242;771
3170701;female;20;5450;4239;3616
3170701;female;25;5696;4414;3964
3170701;female;30;5596;4404;4040
3170701;female;35;4723;3538;3283
3170701;female;40;4491;3063;2948
3170701;female;45;4434;3077;2983
3170701;female;50;4021;2222;2155
3170701;female;55;3407;1335;1306
3170701;female;60;4052;712;686
3170701;male;16;2170;949;757
3170701;male;18;1934;1451;1279
3170701;male;20;5405;4728;4304
3170701;male;25;5580;5128;4927
3170701;male;30;5319;4912;4759
3170701;male;35;4472;4108;3992
3170701;male;40;4348;4022;3923
3170701;male;45;4096;3637;3553
3170701;male;50;3814;3121;3011
3170701;male;55;3068;2157;2097
3170701;male;60;3409;1674;1627
3171204;female;16;2035;651;399
3171204;female;18;2021;1146;854
3171204;female;20;4850;3583;2835
3171204;female;25;5184;3727;3325
3171204;female;30;4951;3555;3298
3171204;female;35;4240;3055;2852
3171204;female;40;3701;2570;2402
3171204;female;45;3221;2127;2087
3171204;female;50;2690;1585;1477
3171204;female;55;2179;895;858
3171204;female;60;2546;554;543
3171204;male;16;1851;633;413
3171204;male;18;1793;1358;1172
3171204;male;20;4797;4090;3809
3171204;male;25;4817;4145;3981
3171204;male;30;4701;4234;4026
3171204;male;35;3988;3598;3464
3171204;male;40;3626;3324;3231
3171204;male;45;2962;2578;2504
3171204;male;50;2452;1963;1901
3171204;male;55;1841;1354;1312
3171204;male;60;2090;998;927
3172202;female;16;31;4;4
3172202;female;18;69;13;13
3172202;female;20;92;36;31
3172202;female;25;111;30;30
3172202;female;30;79;44;44
3172202;female;35;90;53;47
3172202;female;40;95;41;41
3172202;female;45;92;38;38
3172202;female;50;69;27;27
3172202;female;55;64;20;20
3172202;female;60;101;15;15
3172202;male;16;45;10;4
3172202;male;18;35;20;18
3172202;male;20;89;67;63
3172202;male;25;79;79;79
3172202;male;30;98;78;78
3172202;male;35;101;93;93
3172202;male;40;109;104;104
3172202;male;45;99;87;87
3172202;male;50;83;55;55
3172202;male;55;76;55;55
3172202;male;60;90;25;25
3201209;female;16;2968;1056;589
3201209;female;18;3448;1748;1224
3201209;female;20;8622;5759;4761
3201209;female;25;8545;5982;5307
3201209;female;30;8111;5777;5341
3201209;female;35;7090;4918;4541
3201209;female;40;7031;4600;4318
3201209;female;45;6850;4119;3860
3201209;female;50;5883;3106;2983
3201209;female;55;4504;1853;1697
3201209;female;60;6114;1201;1184
3201209;male;16;3349;1366;1087
3201209;male;18;3042;1955;1500
3201209;male;20;8416;6978;6230
3201209;male;25;8298;7563;7102
3201209;male;30;7798;7084;6720
3201209;male;35;6634;6159;6001
3201209;male;40;6742;5874;5753
3201209;male;45;6327;5496;5387
3201209;male;50;5441;4536;4447
3201209;male;55;4422;3160;3089
3201209;male;60;5208;2547;2414
3201308;female;16;5839;2011;1364
3201308;female;18;6049;3392;2278
3201308;female;20;16643;11225;9216
3201308;female;25;16673;11674;10162
3201308;female;30;15570;11077;10124
3201308;female;35;13307;9832;9144
3201308;female;40;12359;8251;7675
3201308;female;45;11558;7160;6708
3201308;female;50;9755;5090;4668
3201308;female;55;8170;3250;3056
3201308;female;60;10024;1838;1772
3201308;male;16;6023;2401;1653
3201308;male;18;6265;4294;3581
3201308;male;20;16112;13673;12426
3201308;male;25;16284;14557;13729
3201308;male;30;14916;13675;13110
3201308;male;35;12618;11345;10958
3201308;male;40;11744;10487;10070
3201308;male;45;10314;8726;8454
3201308;male;50;8855;7064;6862
3201308;male;55;6974;4527;4393
3201308;male;60;8029;3386;3348
3201506;female;16;2054;674;469
3201506;female;18;1903;1227;889
3201506;female;20;5080;3776;3222
3201506;female;25;4939;3733;3470
3201506;female;30;4576;3642;3442
3201506;female;35;4394;3450;3238
3201506;female;40;4553;3494;3356
3201506;female;45;4138;2853;2696
3201506;female;50;3351;2056;1965
3201506;female;55;3054;1529;1474
3201506;female;60;3826;975;975
3201506;male;16;1795;863;678
3201506;male;18;2088;1411;1213
3201506;male;20;5143;4384;4078
3201506;male;25;4874;4485;4353
3201506;male;30;4519;4174;4025
3201506;male;35;4147;3867;3795
3201506;male;40;4034;3719;3687
3201506;male;45;3901;3484;3398
3201506;male;50;3219;2792;2687
3201506;male;55;2609;2022;1955
3201506;male;60;2986;1497;1475
3202207;female;16;298;76;67
3202207;female;18;248;129;90
3202207;female;20;703;412;320
3202207;female;25;692;482;436
3202207;female;30;699;540;475
3202207;female;35;626;476;454
3202207;female;40;589;465;423
3202207;female;45;516;352;333
3202207;female;50;467;240;229
3202207;female;55;419;195;195
3202207;female;60;526;176;171
3202207;male;16;279;127;113
3202207;male;18;256;177;153
3202207;male;20;703;563;505
3202207;male;25;716;653;620
3202207;male;30;660;612;579
3202207;male;35;587;546;521
3202207;male;40;604;564;555
3202207;male;45;543;486;477
3202207;male;50;517;389;383
3202207;male;55;432;335;319
3202207;male;60;511;318;300
3202405;female;16;1721;572;372
3202405;female;18;1900;1031;708
3202405;female;20;4465;2928;2485
3202405;female;25;4759;3399;2989
3202405;female;30;4625;3225;3045
3202405;female;35;4047;2961;2634
3202405;female;40;3850;2689;2406
3202405;female;45;3446;2301;2092
3202405;female;50;3469;1867;1734
3202405;female;55;2235;1058;1033
3202405;female;60;3230;666;656
3202405;male;16;1684;701;551
3202405;male;18;1713;1208;921
3202405;male;20;4530;3760;3333
3202405;male;25;4530;3883;3724
3202405;male;30;4227;3754;3576
3202405;male;35;3829;3476;3383
3202405;male;40;3643;3084;2996
3202405;male;45;3250;2796;2662
3202405;male;50;2804;2159;2008
3202405;male;55;2360;1647;1570
3202405;male;60;3129;1597;1481
3203205;female;16;2456;1074;741
3203205;female;18;2561;1407;885
3203205;female;20;6766;4867;4078
3203205;female;25;6612;4999;4495
3203205;female;30;6080;4669;4146
3203205;female;35;5226;3944;3643
3203205;female;40;4709;3363;3094
3203205;female;45;4218;3004;2829
3203205;female;50;3780;2058;1991
3203205;female;55;2735;1200;1173
3203205;female;60;3621;946;887
3203205;male;16;2526;1308;1075
3203205;male;18;2467;1958;1666
3203205;male;20;7004;5974;5507
3203205;male;25;6974;6450;6152
3203205;male;30;6317;6019;5794
3203205;male;35;5292;4922;4769
3203205;male;40;4629;4178;4034
3203205;male;45;3958;3572;3486
3203205;male;50;3638;3159;3034
3203205;male;55;2581;2140;2100
3203205;male;60;3113;1692;1651
3204906;female;16;2231;644;427
3204906;female;18;2028;1034;699
3204906;female;20;5045;3547;3055
3204906;female;25;4894;3532;3058
3204906;female;30;4718;3210;2712
3204906;female;35;4211;3131;2874
3204906;female;40;3873;2720;2524
3204906;female;45;3371;2161;2042
3204906;female;50;3052;1609;1507
3204906;female;55;2019;899;889
3204906;female;60;2705;587;565
3204906;male;16;2149;929;678
3204906;male;18;2020;1381;1073
3204906;male;20;4950;4333;3829
3204906;male;25;4924;4526;4185
3204906;male;30;4402;4144;3941
3204906;male;35;3814;3579;3346
3204906;male;40;3616;3365;3240
3204906;male;45;3320;2966;2809
3204906;male;50;2592;2215;2157
3204906;male;55;2405;1911;1830
3204906;male;60;2491;1458;1422
3205002;female;16;6728;2338;1563
3205002;female;18;7315;4230;2815
3205002;female;20;20304;14089;11292
3205002;female;25;20770;14965;12770
3205002;female;30;19017;14006;12608
3205002;female;35;15874;11313;10163
3205002;female;40;14472;9720;8947
3205002;female;45;13151;8216;7524
3205002;female;50;10931;5537;5225
3205002;female;55;8775;3718;3515
3205002;female;60;9082;1949;1869
3205002;male;16;6793;2826;1988
3205002;male;18;7268;5029;4011
3205002;male;20;20775;17518;15748
3205002;male;25;20584;18786;17592
3205002;male;30;18355;16942;16099
3205002;male;35;15087;13829;13335
3205002;male;40;13267;11999;11550
3205002;male;45;11950;10378;9898
3205002;male;50;10266;8426;8149
3205002;male;55;8175;5401;5248
3205002;male;60;8349;3598;3425
3205101;female;16;1110;480;246
3205101;female;18;1041;590;402
3205101;female;20;3047;2109;1739
3205101;female;25;3005;2038;1800
3205101;female;30;2748;1778;1557
3205101;female;35;2362;1541;1367
3205101;female;40;2210;1569;1427
3205101;female;45;1985;1263;1206
3205101;female;50;1659;774;736
3205101;female;55;1499;468;436
3205101;female;60;1513;294;284
3205101;male;16;1164;535;437
3205101;male;18;1041;746;627
3205101;male;20;3739;2474;2269
3205101;male;25;3715;2820;2596
3205101;male;30;3193;2339;2221
3205101;male;35;2560;2061;1968
3205101;male;40;2154;1764;1702
3205101;male;45;1938;1580;1530
3205101;male;50;1718;1293;1239
3205101;male;55;1237;826;826
3205101;male;60;1450;507;496
3205200;female;16;6401;2030;1361
3205200;female;18;7316;3883;2874
3205200;female;20;19051;13430;11619
3205200;female;25;19874;15412;13681
3205200;female;30;18948;14562;13290
3205200;female;35;16215;12424;11797
3205200;female;40;15838;11655;10949
3205200;female;45;15386;10307;9913
3205200;female;50;13645;8209;7897
3205200;female;55;11058;4955;4790
3205200;female;60;13948;3025;2969
3205200;male;16;6566;2331;1630
3205200;male;18;6498;3953;3031
3205200;male;20;19204;15167;13638
3205200;male;25;19307;17294;16315
3205200;male;30;17398;16128;15544
3205200;male;35;14656;13598;13232
3205200;male;40;14366;13118;12755
3205200;male;45;13756;12391;12059
3205200;male;50;12218;10291;10097
3205200;male;55;9200;6525;6408
3205200;male;60;10937;5202;5071
3205309;female;16;5257;1454;957
3205309;female;18;5455;2533;1884
3205309;female;20;15970;10412;8796
3205309;female;25;16621;13339;12123
3205309;female;30;15295;12405;11492
3205309;female;35;12346;9817;9199
3205309;female;40;12151;9407;8888
3205309;female;45;12577;9532;9148
3205309;female;50;11941;7552;7304
3205309;female;55;9480;4880;4744
3205309;female;60;11988;2919;2882
3205309;male;16;4920;1318;949
3205309;male;18;5290;2719;2045
3205309;male;20;15297;11328;9930
3205309;male;25;15511;13517;12574
3205309;male;30;13475;12563;12150
3205309;male;35;10801;10053;9592
3205309;male;40;10429;9636;9413
3205309;male;45;10427;9493;9254
3205309;male;50;9683;8148;8026
3205309;male;55;7825;5710;5499
3205309;male;60;9352;5008;4887
3300100;female;16;2791;532;349
3300100;female;18;2880;1166;861
3300100;female;20;7247;4240;3236
3300100;female;25;7926;5372;4598
3300100;female;30;7850;5118;4546
3300100;female;35;6897;4526;4196
3300100;female;40;6368;4380;4047
3300100;female;45;5419;3262;3065
3300100;female;50;4487;2177;2072
3300100;female;55;3645;1508;1433
3300100;female;60;4206;1200;1143
3300100;male;16;3115;851;638
3300100;male;18;2650;1494;1187
3300100;male;20;7192;5650;5084
3300100;male;25;7702;6814;6451
3300100;male;30;7801;7026;6623
3300100;male;35;6568;6132;5846
3300100;male;40;6386;5804;5643
3300100;male;45;5435;4744;4593
3300100;male;50;4685;3840;3700
3300100;male;55;3992;2899;2836
3300100;male;60;4503;2444;2370
3300209;female;16;2001;400;266
3300209;female;18;1665;710;467
3300209;female;20;4368;2616;2029
3300209;female;25;4451;2995;2647
3300209;female;30;4510;3001;2646
3300209;female;35;4235;2961;2436
3300209;female;40;4118;2683;2353
3300209;female;45;3876;2498;2155
3300209;female;50;3638;1911;1776
3300209;female;55;2950;1077;976
3300209;female;60;4589;884;829
3300209;male;16;1811;522;387
3300209;male;18;1782;1009;778
3300209;male;20;4345;3340;2859
3300209;male;25;4177;3698;3385
3300209;male;30;4098;3734;3631
3300209;male;35;3711;3341;3229
3300209;male;40;3729;3369;3201
3300209;male;45;3522;3082;2918
3300209;male;50;3079;2561;2382
3300209;male;55;2848;1921;1882
3300209;male;60;3889;1737;1581
3300225;female;16;191;22;15
3300225;female;18;220;103;75
3300225;female;20;489;294;225
3300225;female;25;459;322;256
3300225;female;30;464;280;249
3300225;female;35;418;278;243
3300225;female;40;434;289;274
3300225;female;45;379;255;218
3300225;female;50;351;166;166
3300225;female;55;306;126;114
3300225;female;60;394;117;117
3300225;male;16;198;58;38
3300225;male;18;207;159;138
3300225;male;20;490;448;390
3300225;male;25;420;396;382
3300225;male;30;443;416;390
3300225;male;35;413;382;362
3300225;male;40;390;336;326
3300225;male;45;363;318;305
3300225;male;50;311;267;256
3300225;male;55;342;266;254
3300225;male;60;393;173;157
3300233;female;16;366;79;62
3300233;female;18;479;238;177
3300233;female;20;1174;749;656
3300233;female;25;1275;967;869
3300233;female;30;1262;888;808
3300233;female;35;1242;979;945
3300233;female;40;1019;689;646
3300233;female;45;967;711;663
3300233;female;50;773;402;385
3300233;female;55;602;323;316
3300233;female;60;718;179;179
3300233;male;16;446;158;113
3300233;male;18;424;257;223
3300233;male;20;1070;864;834
3300233;male;25;1173;1053;1009
3300233;male;30;1261;1143;1084
3300233;male;35;1136;1037;1037
3300233;male;40;1102;972;948
3300233;male;45;1028;898;861
3300233;male;50;816;669;630
3300233;male;55;606;479;470
3300233;male;60;743;470;436
3300258;female;16;423;127;40
3300258;female;18;475;241;134
3300258;female;20;1031;744;571
3300258;female;25;1027;756;694
3300258;female;30;1148;840;770
3300258;female;35;1018;715;652
3300258;female;40;1052;751;654
3300258;female;45;1122;747;675
3300258;female;50;908;476;435
3300258;female;55;752;339;328
3300258;female;60;1065;274;269
3300258;male;16;477;178;107
3300258;male;18;325;200;155
3300258;male;20;1085;863;749
3300258;male;25;1014;920;807
3300258;male;30;1030;971;891
3300258;male;35;993;942;909
3300258;male;40;986;909;873
3300258;male;45;1018;923;901
3300258;male;50;923;841;749
3300258;male;55;681;373;364
3300258;male;60;995;493;486
3300407;female;16;2843;568;277
3300407;female;18;2887;1441;856
3300407;female;20;7496;4660;3686
3300407;female;25;7740;5104;4347
3300407;female;30;7309;4715;4292
3300407;female;35;6725;4371;3923
3300407;female;40;6937;4633;4262
3300407;female;45;6962;4043;3730
3300407;female;50;6255;3051;2947
3300407;female;55;5098;2039;1963
3300407;female;60;6726;1422;1397
3300407;male;16;2758;1010;763
3300407;male;18;2803;1723;1465
3300407;male;20;7425;6111;5489
3300407;male;25;7073;6518;6095
3300407;male;30;7040;6641;6268
3300407;male;35;6020;5519;5316
3300407;male;40;6153;5605;5395
3300407;male;45;6426;5677;5451
3300407;male;50;5500;4419;4308
3300407;male;55;4430;2865;2751
3300407;male;60;5612;2301;2246
3300456;female;16;8473;1493;1002
3300456;female;18;8652;3665;2285
3300456;female;20;19776;11382;8628
3300456;female;25;20205;12490;10364
3300456;female;30;20339;12728;11041
3300456;female;35;18677;12275;11065
3300456;female;40;17894;10853;9777
3300456;female;45;16147;9537;8600
3300456;female;50;14809;7727;7232
3300456;female;55;10373;4499;4231
3300456;female;60;14709;3962;3805
3300456;male;16;9040;2520;1751
3300456;male;18;8086;4434;3390
3300456;male;20;19228;14889;12993
3300456;male;25;18956;16605;15349
3300456;male;30;18608;16272;15571
3300456;male;35;17198;14945;14382
3300456;male;40;16396;14309;13732
3300456;male;45;14335;12229;11897
3300456;male;50;12683;10230;9755
3300456;male;55;9203;6431;6005
3300456;male;60;12036;5361;5173
3300704;female;16;3439;893;568
3300704;female;18;2941;1436;999
3300704;female;20;7643;5071;4019
3300704;female;25;7884;5400;4592
3300704;female;30;7773;5822;5207
3300704;female;35;7110;5222;4665
3300704;female;40;6814;4925;4406
3300704;female;45;6789;4389;3977
3300704;female;50;5733;3254;2972
3300704;female;55;4735;2348;2173
3300704;female;60;6405;1371;1292
3300704;male;16;3160;1030;767
3300704;male;18;2854;1939;1574
3300704;male;20;7383;6382;5559
3300704;male;25;7547;6950;6560
3300704;male;30;7260;6879;6662
3300704;male;35;6597;6227;5954
3300704;male;40;6279;5782;5580
3300704;male;45;6210;5518;5302
3300704;male;50;5283;4401;4236
3300704;male;55;4369;3317;3169
3300704;male;60;5505;2653;2530
3300936;female;16;261;60;18
3300936;female;18;209;85;53
3300936;female;20;558;389;288
3300936;female;25;579;387;323
3300936;female;30;549;387;297
3300936;female;35;537;353;324
3300936;female;40;488;343;309
3300936;female;45;463;282;223
3300936;female;50;348;169;148
3300936;female;55;308;146;135
3300936;female;60;395;88;83
3300936;male;16;245;134;109
3300936;male;18;223;169;128
3300936;male;20;554;515;445
3300936;male;25;579;531;455
3300936;male;30;556;533;495
3300936;male;35;498;478;454
3300936;male;40;510;444;436
3300936;male;45;437;409;379
3300936;male;50;391;322;322
3300936;male;55;335;277;266
3300936;male;60;474;223;212
3300951;female;16;172;36;36
3300951;female;18;121;57;33
3300951;female;20;292;186;120
3300951;female;25;316;229;169
3300951;female;30;331;279;245
3300951;female;35;290;202;178
3300951;female;40;325;243;220
3300951;female;45;296;172;169
3300951;female;50;202;106;72
3300951;female;55;266;122;122
3300951;female;60;353;67;67
3300951;male;16;104;30;23
3300951;male;18;148;86;66
3300951;male;20;368;329;269
3300951;male;25;302;290;270
3300951;male;30;347;321;309
3300951;male;35;261;245;236
3300951;male;40;303;263;251
3300951;male;45;253;237;224
3300951;male;50;289;243;238
3300951;male;55;166;74;74
3300951;male;60;282;144;144
3301009;female;16;7741;1465;833
3301009;female;18;7803;2950;1621
3301009;female;20;19743;11242;8370
3301009;female;25;20322;13129;10936
3301009;female;30;19254;12845;10869
3301009;female;35;16874;11078;9578
3301009;female;40;16832;11057;9988
3301009;female;45;16743;9856;9034
3301009;female;50;14813;7380;6810
3301009;female;55;11746;4388;4165
3301009;female;60;16849;2887;2790
3301009;male;16;7928;1788;1445
3301009;male;18;8026;4198;3158
3301009;male;20;19518;14594;12751
3301009;male;25;19396;16302;15178
3301009;male;30;17948;15844;14966
3301009;male;35;15399;13495;12827
3301009;male;40;15503;13512;13048
3301009;male;45;14627;12420;12051
3301009;male;50;12996;10551;10190
3301009;male;55;9713;7081;6747
3301009;male;60;13381;6144;5887
3301306;female;16;624;245;152
3301306;female;18;433;295;213
3301306;female;20;1489;976;793
3301306;female;25;1520;1084;999
3301306;female;30;1545;1199;1060
3301306;female;35;1379;959;848
3301306;female;40;1298;1005;904
3301306;female;45;1179;923;873
3301306;female;50;1004;595;559
3301306;female;55;932;486;438
3301306;female;60;1039;232;222
3301306;male;16;580;240;220
3301306;male;18;571;482;407
3301306;male;20;1521;1276;1221
3301306;male;25;1565;1482;1422
3301306;male;30;1413;1339;1293
3301306;male;35;1291;1240;1200
3301306;male;40;1266;1209;1109
3301306;male;45;1115;996;957
3301306;male;50;971;838;754
3301306;male;55;837;605;586
3301306;male;60;1053;515;496
3301405;female;16;411;65;28
3301405;female;18;404;158;118
3301405;female;20;862;529;435
3301405;female;25;808;658;578
3301405;female;30;827;675;562
3301405;female;35;760;595;574
3301405;female;40;822;594;558
3301405;female;45;738;540;520
3301405;female;50;657;423;388
3301405;female;55;470;197;197
3301405;female;60;735;211;173
3301405;male;16;420;155;102
3301405;male;18;393;265;248
3301405;male;20;839;765;629
3301405;male;25;867;809;716
3301405;male;30;850;723;650
3301405;male;35;743;685;639
3301405;male;40;765;699;662
3301405;male;45;763;675;654
3301405;male;50;512;401;401
3301405;male;55;553;372;353
3301405;male;60;631;274;263
3301702;female;16;14853;3177;1999
3301702;female;18;14369;6324;4051
3301702;female;20;36831;22542;16727
3301702;female;25;37344;24038;20284
3301702;female;30;37575;24484;20836
3301702;female;35;33811;22260;19297
3301702;female;40;32250;20341;18204
3301702;female;45;29504;17359;15898
3301702;female;50;27044;14829;13692
3301702;female;55;20882;9180;8642
3301702;female;60;28647;6931;6507
3301702;male;16;14957;4285;3430
3301702;male;18;14326;7926;6270
3301702;male;20;35754;28505;24429
3301702;male;25;34992;30692;28201
3301702;male;30;34254;30722;28570
3301702;male;35;30657;27878;26361
3301702;male;40;29762;26233;24687
3301702;male;45;26506;23052;21846
3301702;male;50;23094;18897;18195
3301702;male;55;18073;12839;12176
3301702;male;60;21903;10896;10280
3301850;female;16;998;236;113
3301850;female;18;830;402;200
3301850;female;20;2153;1365;925
3301850;female;25;2321;1634;1190
3301850;female;30;2164;1348;1151
3301850;female;35;2131;1496;1273
3301850;female;40;1891;1325;1234
3301850;female;45;1639;1045;917
3301850;female;50;1444;904;807
3301850;female;55;1188;435;406
3301850;female;60;1449;492;481
3301850;male;16;921;320;211
3301850;male;18;896;597;436
3301850;male;20;2303;1962;1638
3301850;male;25;2194;1972;1787
3301850;male;30;2022;1810;1731
3301850;male;35;1764;1582;1537
3301850;male;40;1950;1708;1661
3301850;male;45;1678;1443;1340
3301850;male;50;1294;1056;993
3301850;male;55;1072;851;824
3301850;male;60;1401;634;604
3301876;female;16;363;86;47
3301876;female;18;364;170;103
3301876;female;20;749;481;281
3301876;female;25;866;638;491
3301876;female;30;822;487;369
3301876;female;35;894;620;532
3301876;female;40;854;550;471
3301876;female;45;912;502;443
3301876;female;50;774;367;309
3301876;female;55;653;313;289
3301876;female;60;1141;191;182
3301876;male;16;338;73;50
3301876;male;18;416;272;215
3301876;male;20;772;599;523
3301876;male;25;813;664;635
3301876;male;30;809;760;689
3301876;male;35;753;728;654
3301876;male;40;743;626;598
3301876;male;45;753;677;639
3301876;male;50;719;550;530
3301876;male;55;557;301;267
3301876;male;60;996;262;253
3301900;female;16;3509;598;405
3301900;female;18;3802;1778;919
3301900;female;20;8940;5934;4289
3301900;female;25;9219;6040;4906
3301900;female;30;9912;6516;5475
3301900;female;35;9213;6442;5599
3301900;female;40;8273;5455;4834
3301900;female;45;7749;4732;4248
3301900;female;50;6632;3548;3376
3301900;female;55;5317;2311;2121
3301900;female;60;7164;1677;1602
3301900;male;16;3783;1142;787
3301900;male;18;3685;2144;1646
3301900;male;20;8510;7182;6231
3301900;male;25;8554;7832;7205
3301900;male;30;9070;8311;7820
3301900;male;35;8564;7932;7514
3301900;male;40;8043;7226;7041
3301900;male;45;7071;6328;6060
3301900;male;50;6285;5315;5046
3301900;male;55;4486;3373;3168
3301900;male;60;6242;3151;3006
3302007;female;16;1570;371;223
3302007;female;18;1768;802;630
3302007;female;20;4617;2582;2017
3302007;female;25;4895;3053;2458
3302007;female;30;4805;3037;2566
3302007;female;35;4183;2805;2371
3302007;female;40;3847;2442;2229
3302007;female;45;3465;2001;1768
3302007;female;50;3490;1711;1545
3302007;female;55;2293;939;808
3302007;female;60;3202;832;793
3302007;male;16;1938;562;449
3302007;male;18;1684;1117;794
3302007;male;20;4742;3655;3132
3302007;male;25;4841;4327;3907
3302007;male;30;4828;4341;3928
3302007;male;35;4237;3812;3575
3302007;male;40;3885;3524;3264
3302007;male;45;3296;2853;2684
3302007;male;50;3113;2556;2432
3302007;male;55;2313;1650;1499
3302007;male;60;3037;1542;1443
3302254;female;16;440;143;103
3302254;female;18;406;198;122
3302254;female;20;1147;759;613
3302254;female;25;1266;854;721
3302254;female;30;1180;808;647
3302254;female;35;1196;949;917
3302254;female;40;1051;815;778
3302254;female;45;1063;616;577
3302254;female;50;983;563;534
3302254;female;55;605;273;273
3302254;female;60;846;246;223
3302254;male;16;539;208;138
3302254;male;18;476;370;338
3302254;male;20;1208;951;874
3302254;male;25;1241;1156;1147
3302254;male;30;1151;1057;1000
3302254;male;35;1174;1089;1060
3302254;male;40;1054;982;936
3302254;male;45;952;849;841
3302254;male;50;770;610;570
3302254;male;55;672;471;440
3302254;male;60;991;484;474
3302270;female;16;1805;255;129
3302270;female;18;1585;637;349
3302270;female;20;4027;2069;1450
3302270;female;25;4204;2394;1973
3302270;female;30;4064;2322;1971
3302270;female;35;3636;2182;1926
3302270;female;40;3264;1943;1727
3302270;female;45;2795;1437;1273
3302270;female;50;2420;1147;1107
3302270;female;55;1855;661;610
3302270;female;60;2544;532;521
3302270;male;16;1923;422;326
3302270;male;18;1842;846;665
3302270;male;20;4958;3042;2658
3302270;male;25;4450;3230;3017
3302270;male;30;4147;3381;3177
3302270;male;35;3616;3054;2860
3302270;male;40;3246;2678;2611
3302270;male;45;2641;2143;1999
3302270;male;50;2127;1524;1458
3302270;male;55;1740;1160;1102
3302270;male;60;2316;955;925
3302403;female;16;3137;959;669
3302403;female;18;3775;2031;1559
3302403;female;20;9993;6654;5468
3302403;female;25;11157;7799;6902
3302403;female;30;9834;7226;6614
3302403;female;35;8059;5743;5280
3302403;female;40;7322;5137;4789
3302403;female;45;7018;4596;4350
3302403;female;50;5852;3432;3283
3302403;female;55;3882;1895;1826
3302403;female;60;4963;1284;1249
3302403;male;16;2977;964;716
3302403;male;18;3390;2141;1822
3302403;male;20;9978;8507;7829
3302403;male;25;11200;10359;9798
3302403;male;30;10331;9713;9247
3302403;male;35;7901;7471;7216
3302403;male;40;7177;6580;6399
3302403;male;45;6701;5971;5853
3302403;male;50;5784;5040;4871
3302403;male;55;3914;2964;2890
3302403;male;60;4456;2338;2303
3302502;female;16;4148;764;477
3302502;female;18;3962;1775;977
3302502;female;20;9517;5874;4259
3302502;female;25;9343;6051;4708
3302502;female;30;9310;6059;5277
3302502;female;35;8807;5971;5389
3302502;female;40;8311;5162;4568
3302502;female;45;7521;4598;4160
3302502;female;50;6665;3559;3346
3302502;female;55;5593;1962;1897
3302502;female;60;7754;1526;1410
3302502;male;16;3801;1064;836
3302502;male;18;4443;2517;1843
3302502;male;20;9404;7363;6319
3302502;male;25;9020;7880;7203
3302502;male;30;8629;7796;7354
3302502;male;35;7954;7173;6765
3302502;male;40;7802;6811;6491
3302502;male;45;6894;5878;5486
3302502;male;50;5796;4582;4372
3302502;male;55;5103;3475;3340
3302502;male;60;6606;2685;2608
3302601;female;16;642;135;84
3302601;female;18;575;241;194
3302601;female;20;1440;773;644
3302601;female;25;1495;996;890
3302601;female;30;1476;1057;983
3302601;female;35;1417;1105;919
3302601;female;40;1375;911;830
3302601;female;45;1329;782;755
3302601;female;50;1179;669;644
3302601;female;55;853;359;339
3302601;female;60;1214;314;307
3302601;male;16;521;137;99
3302601;male;18;607;360;353
3302601;male;20;1467;1216;1081
3302601;male;25;1399;1238;1147
3302601;male;30;1486;1332;1270
3302601;male;35;1361;1247;1183
3302601;male;40;1330;1167;1167
3302601;male;45;1195;1028;1011
3302601;male;50;1166;977;911
3302601;male;55;910;655;650
3302601;male;60;1487;585;555
3302700;female;16;1917;271;184
3302700;female;18;1929;767;546
3302700;female;20;4690;2824;2219
3302700;female;25;5370;3488;2899
3302700;female;30;5299;3822;3455
3302700;female;35;5276;3570;3316
3302700;female;40;4673;3219;2979
3302700;female;45;4791;2879;2665
3302700;female;50;4368;2346;2180
3302700;female;55;3907;1500;1407
3302700;female;60;5126;1149;1104
3302700;male;16;1990;486;383
3302700;male;18;1761;939;740
3302700;male;20;4552;3393;2945
3302700;male;25;4820;4205;3959
3302700;male;30;4954;4607;4474
3302700;male;35;4967;4648;4459
3302700;male;40;4648;4362;4242
3302700;male;45;4359;3974;3877
3302700;male;50;4225;3378;3227
3302700;male;55;3489;2317;2244
3302700;male;60;5077;2175;2123
3302858;female;16;2687;543;332
3302858;female;18;2680;1264;815
3302858;female;20;6797;4276;3147
3302858;female;25;7258;4933;4103
3302858;female;30;7226;4760;4124
3302858;female;35;6601;4464;3931
3302858;female;40;6527;4130;3779
3302858;female;45;6347;3766;3467
3302858;female;50;5695;3096;2836
3302858;female;55;4709;2082;1994
3302858;female;60;6580;1557;1478
3302858;male;16;2659;567;424
3302858;male;18;2853;1549;1267
3302858;male;20;6690;5343;4498
3302858;male;25;6640;5827;5355
3302858;male;30;6535;5882;5552
3302858;male;35;5836;5343;5191
3302858;male;40;5769;5247;5003
3302858;male;45;5373;4618;4347
3302858;male;50;4658;3724;3584
3302858;male;55;3863;2764;2655
3302858;male;60;4713;2165;2074
3303203;female;16;2323;318;187
3303203;female;18;2345;972;571
3303203;female;20;6357;3762;2768
3303203;female;25;6782;4647;3879
3303203;female;30;6813;4519;3946
3303203;female;35;6217;4073;3618
3303203;female;40;6148;3957;3457
3303203;female;45;5949;3564;3326
3303203;female;50;5974;2939;2824
3303203;female;55;4787;2030;1884
3303203;female;60;6827;1678;1599
3303203;male;16;2334;453;293
3303203;male;18;2334;1135;902
3303203;male;20;6199;4799;4087
3303203;male;25;6293;5419;5028
3303203;male;30;6048;5379;5078
3303203;male;35;5459;4796;4544
3303203;male;40;5296;4796;4646
3303203;male;45;5097;4512;4311
3303203;male;50;4589;3587;3461
3303203;male;55;3926;2678;2603
3303203;male;60;4738;1955;1882
3303302;female;16;5956;659;442
3303302;female;18;7009;2459;1699
3303302;female;20;19689;11272;9492
3303302;female;25;21928;16463;14839
3303302;female;30;20713;16361;15108
3303302;female;35;18506;14338;13513
3303302;female;40;18303;13843;13011
3303302;female;45;19458;14153;13455
3303302;female;50;18596;11935;11447
3303302;female;55;16977;8440;8179
3303302;female;60;24575;6790;6679
3303302;male;16;6821;1362;1082
3303302;male;18;6510;2399;1799
3303302;male;20;19048;12999;11559
3303302;male;25;20347;17334;16260
3303302;male;30;19071;17310;16472
3303302;male;35;16506;15335;14735
3303302;male;40;15833;14530;14032
3303302;male;45;16509;14906;14505
3303302;male;50;15055;12992;12553
3303302;male;55;13231;9890;9656
3303302;male;60;18030;9416;9199
3303401;female;16;2949;893;786
3303401;female;18;2383;1454;1298
3303401;female;20;7051;5218;4803
3303401;female;25;7478;6188;5811
3303401;female;30;7642;6282;5981
3303401;female;35;7086;5645;5468
3303401;female;40;7318;5729;5583
3303401;female;45;7011;5176;5053
3303401;female;50;6213;4052;3970
3303401;female;55;5866;2783;2720
3303401;female;60;7903;1906;1867
3303401;male;16;2701;949;830
3303401;male;18;2710;1714;1607
3303401;male;20;7009;6003;5586
3303401;male;25;7078;6630;6367
3303401;male;30;7046;6705;6549
3303401;male;35;6374;6075;5976
3303401;male;40;6624;6222;6100
3303401;male;45;6366;5839;5704
3303401;male;50;5627;4662;4574
3303401;male;55;4657;3473;3379
3303401;male;60;6426;3191;3150
3303500;female;16;14473;2789;1632
3303500;female;18;13704;5383;3378
3303500;female;20;33070;19515;14313
3303500;female;25;34047;21833;17680
3303500;female;30;34069;21735;18316
3303500;female;35;31556;19882;17331
3303500;female;40;30437;19555;17698
3303500;female;45;27969;16751;15078
3303500;female;50;24256;12259;11191
3303500;female;55;20537;8995;8395
3303500;female;60;26990;6615;6406
3303500;male;16;14563;3652;2736
3303500;male;18;13190;7224;5681
3303500;male;20;32184;24610;21326
3303500;male;25;32068;27217;25282
3303500;male;30;31281;27819;26187
3303500;male;35;28510;25593;24225
3303500;male;40;27678;24407;23377
3303500;male;45;24533;20789;19998
3303500;male;50;21826;16904;16274
3303500;male;55;16134;11135;10415
3303500;male;60;22068;10793;10290
3303609;female;16;761;104;54
3303609;female;18;833;357;232
3303609;female;20;1909;1084;839
3303609;female;25;2001;1126;931
3303609;female;30;1861;1038;919
3303609;female;35;2001;1145;1065
3303609;female;40;2010;1153;1028
3303609;female;45;1919;906;836
3303609;female;50;1412;600;549
3303609;female;55;1192;373;355
3303609;female;60;1641;232;215
3303609;male;16;860;160;80
3303609;male;18;1000;392;320
3303609;male;20;1922;1122;932
3303609;male;25;1930;1503;1417
3303609;male;30;1877;1502;1472
3303609;male;35;1917;1579;1473
3303609;male;40;1947;1523;1436
3303609;male;45;1818;1357;1318
3303609;male;50;1445;955;930
3303609;male;55;1241;507;487
3303609;male;60;1604;471;451
3303708;female;16;608;37;22
3303708;female;18;682;187;119
3303708;female;20;1613;1109;788
3303708;female;25;1630;1169;976
3303708;female;30;1617;1183;1032
3303708;female;35;1617;1086;989
3303708;female;40;1611;997;880
3303708;female;45;1518;890;774
3303708;female;50;1489;784;775
3303708;female;55;940;416;416
3303708;female;60;1616;215;215
3303708;male;16;650;216;182
3303708;male;18;665;353;315
3303708;male;20;1589;1172;1024
3303708;male;25;1554;1383;1272
3303708;male;30;1429;1243;1167
3303708;male;35;1349;1187;1143
3303708;male;40;1446;1233;1213
3303708;male;45;1392;1208;1195
3303708;male;50;1278;1003;979
3303708;male;55;959;727;718
3303708;male;60;1322;578;562
3303906;female;16;4576;1203;750
3303906;female;18;4653;2464;1710
3303906;female;20;11462;7771;6614
3303906;female;25;11717;8709;8055
3303906;female;30;11901;8924;8289
3303906;female;35;11355;8270;7621
3303906;female;40;11816;8723;8193
3303906;female;45;11230;7735;7308
3303906;female;50;10016;6355;6032
3303906;female;55;8629;4120;3927
3303906;female;60;13291;3368;3205
3303906;male;16;4872;1271;962
3303906;male;18;4824;2872;2378
3303906;male;20;11420;9118;8080
3303906;male;25;11270;10062;9504
3303906;male;30;11060;10212;9853
3303906;male;35;10438;9580;9324
3303906;male;40;10494;9711;9445
3303906;male;45;9840;8896;8627
3303906;male;50;8238;6887;6635
3303906;male;55;7704;5782;5616
3303906;male;60;9977;5103;4996
3303955;female;16;362;69;60
3303955;female;18;390;162;100
3303955;female;20;980;475;382
3303955;female;25;1027;620;550
3303955;female;30;940;521;427
3303955;female;35;841;461;428
3303955;female;40;786;505;471
3303955;female;45;878;521;489
3303955;female;50;806;323;274
3303955;female;55;676;175;150
3303955;female;60;640;106;97
3303955;male;16;392;122;105
3303955;male;18;378;209;180
3303955;male;20;958;699;578
3303955;male;25;964;800;736
3303955;male;30;919;670;628
3303955;male;35;728;610;583
3303955;male;40;712;566;528
3303955;male;45;781;556;523
3303955;male;50;677;466;418
3303955;male;55;650;362;350
3303955;male;60;785;210;200
3304110;female;16;302;108;87
3304110;female;18;367;244;170
3304110;female;20;715;552;422
3304110;female;25;746;538;416
3304110;female;30;703;505;406
3304110;female;35;657;510;462
3304110;female;40;607;425;367
3304110;female;45;541;338;314
3304110;female;50;477;253;217
3304110;female;55;346;168;168
3304110;female;60;490;116;112
3304110;male;16;296;103;73
3304110;male;18;243;167;129
3304110;male;20;759;732;671
3304110;male;25;747;706;672
3304110;male;30;694;665;639
3304110;male;35;619;592;565
3304110;male;40;595;530;518
3304110;male;45;521;469;464
3304110;male;50;470;394;383
3304110;male;55;339;265;260
3304110;male;60;389;175;166
3304128;female;16;206;32;32
3304128;female;18;238;107;64
3304128;female;20;534;307;250
3304128;female;25;549;375;320
3304128;female;30;541;339;314
3304128;female;35;471;313;276
3304128;female;40;448;306;271
3304128;female;45;459;276;244
3304128;female;50;464;229;223
3304128;female;55;262;126;126
3304128;female;60;451;43;37
3304128;male;16;221;87;63
3304128;male;18;207;133;121
3304128;male;20;532;442;420
3304128;male;25;579;516;504
3304128;male;30;539;507;488
3304128;male;35;457;429;429
3304128;male;40;451;403;397
3304128;male;45;419;381;367
3304128;male;50;386;304;287
3304128;male;55;287;198;198
3304128;male;60;376;198;198
3304144;female;16;2583;413;161
3304144;female;18;2344;871;515
3304144;female;20;6039;3614;2755
3304144;female;25;5863;3516;2935
3304144;female;30;6027;3760;3271
3304144;female;35;5624;3794;3260
3304144;female;40;5079;3260;2900
3304144;female;45;4509;2686;2445
3304144;female;50;3915;2210;2096
3304144;female;55;3274;1231;1145
3304144;female;60;4265;973;924
3304144;male;16;2930;754;526
3304144;male;18;2316;1261;1016
3304144;male;20;5741;4414;3700
3304144;male;25;5658;4978;4505
3304144;male;30;5472;4778;4474
3304144;male;35;4962;4367;4141
3304144;male;40;4697;4205;3999
3304144;male;45;4045;3256;3090
3304144;male;50;3706;2885;2752
3304144;male;55;2474;1532;1431
3304144;male;60;3363;1364;1311
3304201;female;16;2142;560;401
3304201;female;18;1617;835;593
3304201;female;20;5144;3620;2833
3304201;female;25;5379;3914;3377
3304201;female;30;5194;3783;3466
3304201;female;35;4712;3331;2975
3304201;female;40;4553;3160;3015
3304201;female;45;4364;3047;2866
3304201;female;50;3943;2211;2071
3304201;female;55;2984;1432;1386
3304201;female;60;4097;1065;1044
3304201;male;16;1940;675;458
3304201;male;18;1904;1193;983
3304201;male;20;5165;4289;3801
3304201;male;25;5327;4911;4602
3304201;male;30;5040;4718;4549
3304201;male;35;4500;4130;4020
3304201;male;40;4283;3965;3874
3304201;male;45;3887;3551;3454
3304201;male;50;3670;3059;2959
3304201;male;55;2495;1782;1700
3304201;male;60;3475;1576;1547
3304524;female;16;1488;342;231
3304524;female;18;1619;846;605
3304524;female;20;4427;3187;2504
3304524;female;25;5193;3594;3139
3304524;female;30;5267;3633;3275
3304524;female;35;4483;3307;2990
3304524;female;40;3861;2618;2401
3304524;female;45;3613;2384;2109
3304524;female;50;3118;1768;1603
3304524;female;55;2270;946;869
3304524;female;60;2914;545;527
3304524;male;16;1465;517;380
3304524;male;18;1879;1184;1047
3304524;male;20;4402;3687;3289
3304524;male;25;4955;4633;4452
3304524;male;30;4936;4669;4476
3304524;male;35;4197;4009;3924
3304524;male;40;3875;3640;3448
3304524;male;45;3500;3248;3160
3304524;male;50;2653;2296;2208
3304524;male;55;2452;1821;1762
3304524;male;60;2633;1180;1180
3304557;female;16;91302;16008;11003
3304557;female;18;92951;38399;26922
3304557;female;20;255588;161819;133685
3304557;female;25;281830;204305;181451
3304557;female;30;272789;201496;183816
3304557;female;35;246774;179541;165494
3304557;female;40;233862;165049;154832
3304557;female;45;236660;160848;151082
3304557;female;50;228103;137384;130553
3304557;female;55;195243;93629;89510
3304557;female;60;282442;78208;75692
3304557;male;16;92121;19985;15009
3304557;male;18;94086;45137;35985
3304557;male;20;253158;185424;164043
3304557;male;25;269647;231038;216097
3304557;male;30;251468;222927;213079
3304557;male;35;221784;199718;193910
3304557;male;40;205723;183193;177914
3304557;male;45;200102;175742;170079
3304557;male;50;184082;152720;148129
3304557;male;55;152437;111557;108082
3304557;male;60;202836;106419;103560
3304904;female;16;15377;2951;1631
3304904;female;18;15894;7576;4372
3304904;female;20;41640;26348;20500
3304904;female;25;44749;30651;25520
3304904;female;30;45102;32027;28075
3304904;female;35;41066;29174;26096
3304904;female;40;39700;26566;24355
3304904;female;45;37915;24227;22047
3304904;female;50;34604;18677;17406
3304904;female;55;27831;11996;11150
3304904;female;60;39111;9595;9126
3304904;male;16;15857;4062;2995
3304904;male;18;14417;7725;5841
3304904;male;20;38853;30282;26227
3304904;male;25;41225;36233;32816
3304904;male;30;41775;37983;35808
3304904;male;35;37441;33987;32546
3304904;male;40;35406;31670;30481
3304904;male;45;34302;29702;28592
3304904;male;50;29155;23706;22601
3304904;male;55;23827;17534;16828
3304904;male;60;30499;14071;13467
3305000;female;16;518;78;68
3305000;female;18;634;282;225
3305000;female;20;1299;760;588
3305000;female;25;1339;897;808
3305000;female;30;1281;721;621
3305000;female;35;1119;771;730
3305000;female;40;1237;668;608
3305000;female;45;1154;675;588
3305000;female;50;1040;573;516
3305000;female;55;816;369;337
3305000;female;60;1427;315;315
3305000;male;16;619;297;244
3305000;male;18;470;332;292
3305000;male;20;1444;1157;1036
3305000;male;25;1342;1186;1112
3305000;male;30;1246;1096;1024
3305000;male;35;1144;1037;1012
3305000;male;40;1164;976;960
3305000;male;45;1101;925;925
3305000;male;50;1084;929;906
3305000;male;55;718;523;511
3305000;male;60;1108;596;596
3305109;female;16;7779;1387;790
3305109;female;18;7173;3215;2166
3305109;female;20;19263;12110;9267
3305109;female;25;19711;13241;11281
3305109;female;30;19678;13205;11564
3305109;female;35;17952;11907;10720
3305109;female;40;17610;11613;10626
3305109;female;45;16660;10036;9028
3305109;female;50;15731;8522;7990
3305109;female;55;12438;5321;4928
3305109;female;60;16813;4405;4336
3305109;male;16;7858;1995;1458
3305109;male;18;7357;4110;3327
3305109;male;20;18479;14674;12898
3305109;male;25;18442;16425;15302
3305109;male;30;17752;16300;15441
3305109;male;35;16254;14883;14354
3305109;male;40;15490;14089;13524
3305109;male;45;14743;13125;12640
3305109;male;50;13402;10898;10567
3305109;male;55;9875;7090;6800
3305109;male;60;13238;6102;5940
3305208;female;16;1523;291;132
3305208;female;18;1409;662;380
3305208;female;20;3388;2016;1624
3305208;female;25;3781;2498;2009
3305208;female;30;3780;2317;2016
3305208;female;35;3366;2247;1942
3305208;female;40;3317;2144;1892
3305208;female;45;3100;1792;1593
3305208;female;50;2431;1303;1178
3305208;female;55;2223;1060;1001
3305208;female;60;2978;578;533
3305208;male;16;1516;458;335
3305208;male;18;1433;923;760
3305208;male;20;3498;3021;2620
3305208;male;25;3467;3184;3012
3305208;male;30;3701;3495;3316
3305208;male;35;3269;3117;2962
3305208;male;40;3247;3021;2904
3305208;male;45;2852;2537;2407
3305208;male;50;2416;2017;1879
3305208;male;55;1893;1365;1328
3305208;male;60;2576;1125;1085
3305505;female;16;1220;227;177
3305505;female;18;1000;323;207
3305505;female;20;2966;1655;1152
3305505;female;25;3185;2076;1711
3305505;female;30;2859;2031;1699
3305505;female;35;2629;1731;1651
3305505;female;40;2735;1683;1521
3305505;female;45;2567;1748;1607
3305505;female;50;2421;1345;1313
3305505;female;55;1903;841;792
3305505;female;60;2980;540;527
3305505;male;16;1242;368;256
3305505;male;18;1367;835;599
3305505;male;20;3097;2384;1853
3305505;male;25;3084;2504;2240
3305505;male;30;2813;2438;2289
3305505;male;35;2363;2170;2116
3305505;male;40;2545;2222;2146
3305505;male;45;2424;2091;2064
3305505;male;50;2442;1951;1925
3305505;male;55;1709;1222;1166
3305505;male;60;2665;1140;1077
3305554;female;16;1432;250;192
3305554;female;18;1357;511;250
3305554;female;20;3654;2157;1493
3305554;female;25;3269;2065;1631
3305554;female;30;3146;2186;1780
3305554;female;35;2928;2113;1821
3305554;female;40;2797;1681;1418
3305554;female;45;2636;1586;1502
3305554;female;50;2325;1238;1140
3305554;female;55;1982;886;854
3305554;female;60;2345;454;416
3305554;male;16;1379;335;270
3305554;male;18;1455;877;706
3305554;male;20;3639;2800;2429
3305554;male;25;3280;2990;2791
3305554;male;30;2987;2766;2606
3305554;male;35;2796;2620;2540
3305554;male;40;2603;2340;2242
3305554;male;45;2410;2186;2105
3305554;male;50;2229;1917;1839
3305554;male;55;1754;1343;1297
3305554;male;60;2195;1110;1080
3305752;female;16;466;65;39
3305752;female;18;536;206;122
3305752;female;20;1259;820;668
3305752;female;25;1328;664;552
3305752;female;30;1369;885;743
3305752;female;35;1234;720;617
3305752;female;40;1104;617;554
3305752;female;45;964;548;484
3305752;female;50;957;477;439
3305752;female;55;588;193;173
3305752;female;60;1061;192;181
3305752;male;16;476;150;104
3305752;male;18;599;412;344
3305752;male;20;1274;1102;910
3305752;male;25;1271;1049;940
3305752;male;30;1312;1124;1078
3305752;male;35;1226;1016;985
3305752;male;40;1109;926;859
3305752;male;45;930;749;721
3305752;male;50;738;601;578
3305752;male;55;813;549;522
3305752;male;60;898;476;476
3305802;female;16;2841;695;502
3305802;female;18;2616;1209;891
3305802;female;20;6769;4228;3510
3305802;female;25;6712;4847;4330
3305802;female;30;6758;5020;4622
3305802;female;35;6354;4737;4391
3305802;female;40;6474;4716;4483
3305802;female;45;5952;4217;3991
3305802;female;50;5385;3395;3233
3305802;female;55;4160;2027;1932
3305802;female;60;6479;1532;1484
3305802;male;16;2759;1172;973
3305802;male;18;2446;1561;1237
3305802;male;20;6629;5392;4880
3305802;male;25;6161;5476;5177
3305802;male;30;6158;5627;5435
3305802;male;35;5687;5230;5103
3305802;male;40;5714;5186;5069
3305802;male;45;5204;4495;4354
3305802;male;50;4807;4047;3946
3305802;male;55;3669;2713;2628
3305802;male;60;5380;2526;2452
3306008;female;16;1295;183;112
3306008;female;18;1294;506;306
3306008;female;20;3231;2086;1622
3306008;female;25;3240;2242;1936
3306008;female;30;3117;2024;1731
3306008;female;35;2893;1951;1731
3306008;female;40;2930;1989;1823
3306008;female;45;2848;1751;1630
3306008;female;50;2546;1291;1207
3306008;female;55;2319;968;916
3306008;female;60;3084;489;453
3306008;male;16;1323;351;224
3306008;male;18;1122;656;515
3306008;male;20;3093;2533;2210
3306008;male;25;3049;2700;2541
3306008;male;30;2923;2660;2596
3306008;male;35;2560;2335;2233
3306008;male;40;2737;2433;2376
3306008;male;45;2568;2286;2165
3306008;male;50;2276;1821;1759
3306008;male;55;1896;1105;1086
3306008;male;60;2520;1034;1014
3306305;female;16;3643;739;539
3306305;female;18;4501;2174;1468
3306305;female;20;10778;7331;5930
3306305;female;25;11340;8273;7336
3306305;female;30;10640;7596;6908
3306305;female;35;9429;6447;5863
3306305;female;40;9867;6588;6219
3306305;female;45;10704;6437;6030
3306305;female;50;10094;5179;4945
3306305;female;55;8290;3222;3074
3306305;female;60;10086;1831;1801
3306305;male;16;3963;1272;993
3306305;male;18;4070;2378;1884
3306305;male;20;10601;8777;7654
3306305;male;25;10836;9892;9184
3306305;male;30;9661;8968;8502
3306305;male;35;8277;7742;7416
3306305;male;40;8484;7706;7495
3306305;male;45;9131;7726;7462
3306305;male;50;8889;6605;6344
3306305;male;55;6976;3981;3773
3306305;male;60;8123;2889;2836
3500758;female;16;52;16;7
3500758;female;18;92;61;37
3500758;female;20;208;140;115
3500758;female;25;234;150;121
3500758;female;30;186;134;115
3500758;female;35;169;105;81
3500758;female;40;149;89;87
3500758;female;45;137;59;52
3500758;female;50;153;51;48
3500758;female;55;105;50;47
3500758;female;60;136;22;22
3500758;male;16;93;61;50
3500758;male;18;98;85;80
3500758;male;20;221;193;181
3500758;male;25;212;199;196
3500758;male;30;203;193;190
3500758;male;35;146;146;146
3500758;male;40;156;144;141
3500758;male;45;136;126;122
3500758;male;50;120;94;91
3500758;male;55;129;84;84
3500758;male;60;186;77;72
3500808;female;16;57;18;11
3500808;female;18;47;30;19
3500808;female;20;145;107;83
3500808;female;25;130;103;85
3500808;female;30;136;106;93
3500808;female;35;126;86;82
3500808;female;40;139;95;91
3500808;female;45;141;87;82
3500808;female;50;131;57;48
3500808;female;55;113;41;41
3500808;female;60;201;37;37
3500808;male;16;75;29;21
3500808;male;18;53;50;41
3500808;male;20;162;140;133
3500808;male;25;120;106;101
3500808;male;30;133;120;117
3500808;male;35;151;131;127
3500808;male;40;141;123;122
3500808;male;45;138;123;123
3500808;male;50;105;101;98
3500808;male;55;123;85;85
3500808;male;60;204;74;70
3501152;female;16;281;54;29
3501152;female;18;275;143;77
3501152;female;20;706;493;363
3501152;female;25;791;513;415
3501152;female;30;722;444;378
3501152;female;35;683;480;425
3501152;female;40;612;351;325
3501152;female;45;483;227;211
3501152;female;50;361;175;165
3501152;female;55;380;104;104
3501152;female;60;464;47;47
3501152;male;16;324;131;61
3501152;male;18;285;217;166
3501152;male;20;785;747;664
3501152;male;25;761;712;667
3501152;male;30;771;743;737
3501152;male;35;687;659;623
3501152;male;40;632;575;546
3501152;male;45;546;502;465
3501152;male;50;366;246;237
3501152;male;55;368;187;165
3501152;male;60;433;158;158
3501301;female;16;369;139;86
3501301;female;18;392;238;161
3501301;female;20;969;645;567
3501301;female;25;872;669;587
3501301;female;30;889;592;517
3501301;female;35;897;686;664
3501301;female;40;889;700;632
3501301;female;45;792;484;446
3501301;female;50;736;466;415
3501301;female;55;590;253;246
3501301;female;60;915;223;223
3501301;male;16;398;179;179
3501301;male;18;404;310;277
3501301;male;20;1035;879;803
3501301;male;25;879;829;800
3501301;male;30;846;811;800
3501301;male;35;855;804;793
3501301;male;40;873;809;765
3501301;male;45;800;709;700
3501301;male;50;601;511;504
3501301;male;55;584;451;451
3501301;male;60;869;434;413
3501608;female;16;3089;1437;1034
3501608;female;18;3187;2334;2010
3501608;female;20;8734;6889;6074
3501608;female;25;9426;7817;7351
3501608;female;30;9068;7238;6659
3501608;female;35;8292;6251;5949
3501608;female;40;8445;6096;5869
3501608;female;45;8217;5834;5560
3501608;female;50;7192;3919;3801
3501608;female;55;5946;2551;2467
3501608;female;60;7805;1601;1583
3501608;male;16;3426;1635;1279
3501608;male;18;3251;2537;2234
3501608;male;20;9272;8054;7563
3501608;male;25;9600;9100;8791
3501608;male;30;8648;8161;7968
3501608;male;35;8069;7724;7547
3501608;male;40;7974;7458;7203
3501608;male;45;7748;7015;6873
3501608;male;50;6947;5887;5728
3501608;male;55;5336;3740;3709
3501608;male;60;6720;3351;3291
3501707;female;16;756;266;128
3501707;female;18;550;376;205
3501707;female;20;1627;1240;819
3501707;female;25;1656;1194;1017
3501707;female;30;1568;1177;1022
3501707;female;35;1328;975;868
3501707;female;40;1306;846;769
3501707;female;45;1025;557;495
3501707;female;50;885;453;396
3501707;female;55;615;228;207
3501707;female;60;906;162;154
3501707;male;16;520;269;212
3501707;male;18;659;585;498
3501707;male;20;1788;1664;1493
3501707;male;25;1713;1628;1566
3501707;male;30;1627;1560;1534
3501707;male;35;1435;1383;1359
3501707;male;40;1316;1203;1147
3501707;male;45;1044;939;914
3501707;male;50;777;611;569
3501707;male;55;751;557;535
3501707;male;60;771;305;295
3502408;female;16;84;19;13
3502408;female;18;39;9;2
3502408;female;20;150;111;93
3502408;female;25;132;82;81
3502408;female;30;150;93;89
3502408;female;35;136;103;103
3502408;female;40;153;87;80
3502408;female;45;117;72;72
3502408;female;50;115;45;45
3502408;female;55;92;56;56
3502408;female;60;139;20;20
3502408;male;16;55;22;22
3502408;male;18;71;52;52
3502408;male;20;167;151;144
3502408;male;25;153;135;135
3502408;male;30;130;126;122
3502408;male;35;117;114;109
3502408;male;40;133;122;122
3502408;male;45;141;123;123
3502408;male;50;93;81;78
3502408;male;55;95;76;76
3502408;male;60;130;67;67
3502507;female;16;556;303;242
3502507;female;18;665;440;374
3502507;female;20;1616;1126;1019
3502507;female;25;1487;1257;1171
3502507;female;30;1350;1129;1072
3502507;female;35;1321;975;922
3502507;female;40;1347;959;901
3502507;female;45;1323;922;904
3502507;female;50;1260;822;788
3502507;female;55;895;466;466
3502507;female;60;1267;375;375
3502507;male;16;584;300;269
3502507;male;18;659;498;414
3502507;male;20;1518;1185;1105
3502507;male;25;1579;1370;1281
3502507;male;30;1330;1236;1205
3502507;male;35;1287;1189;1162
3502507;male;40;1215;1068;1046
3502507;male;45;1090;980;963
3502507;male;50;981;813;813
3502507;male;55;852;580;541
3502507;male;60;1134;601;601
3502804;female;16;2719;1066;742
3502804;female;18;2735;1648;1333
3502804;female;20;7299;5192;4403
3502804;female;25;7856;5853;5321
3502804;female;30;7614;5798;5325
3502804;female;35;7314;5485;5164
3502804;female;40;7254;5338;5159
3502804;female;45;7167;4939;4737
3502804;female;50;6347;3708;3526
3502804;female;55;5440;2237;2161
3502804;female;60;7657;1683;1594
3502804;male;16;2605;1251;993
3502804;male;18;2711;1717;1508
3502804;male;20;7285;6094;5736
3502804;male;25;7470;6840;6529
3502804;male;30;7251;6560;6341
3502804;male;35;6846;6262;6114
3502804;male;40;6806;6087;5902
3502804;male;45;6441;5516;5405
3502804;male;50;5898;4822;4741
3502804;male;55;4396;3026;2928
3502804;male;60;6128;2941;2832
3502903;female;16;332;152;103
3502903;female;18;538;410;332
3502903;female;20;1058;715;622
3502903;female;25;1056;789;715
3502903;female;30;1102;727;654
3502903;female;35;1037;752;705
3502903;female;40;1004;723;655
3502903;female;45;914;554;542
3502903;female;50;926;438;403
3502903;female;55;635;252;239
3502903;female;60;1063;133;124
3502903;male;16;475;194;145
3502903;male;18;490;398;347
3502903;male;20;1084;967;917
3502903;male;25;1069;971;918
3502903;male;30;1004;917;851
3502903;male;35;1040;969;940
3502903;male;40;972;902;885
3502903;male;45;920;760;747
3502903;male;50;823;658;626
3502903;male;55;716;454;434
3502903;male;60;952;437;437
3503208;female;16;3081;1151;618
3503208;female;18;3415;2024;1451
3503208;female;20;9147;6835;5898
3503208;female;25;9450;7517;6709
3503208;female;30;9028;7395;6793
3503208;female;35;7983;6228;5716
3503208;female;40;7830;5923;5454
3503208;female;45;7924;5679;5426
3503208;female;50;7308;4254;4040
3503208;female;55;5793;2821;2730
3503208;female;60;8511;1768;1725
3503208;male;16;2801;1284;1019
3503208;male;18;3431;2378;1954
3503208;male;20;9273;7429;6704
3503208;male;25;9484;8620;8292
3503208;male;30;8891;8318;8113
3503208;male;35;7621;7167;6913
3503208;male;40;7247;6756;6536
3503208;male;45;7023;6404;6224
3503208;male;50;6617;5909;5775
3503208;male;55;4817;3517;3419
3503208;male;60;6779;3287;3218
3503307;female;16;1990;633;358
3503307;female;18;1864;1091;777
3503307;female;20;5256;3804;3168
3503307;female;25;5443;4282;3819
3503307;female;30;4874;3885;3546
3503307;female;35;4544;3285;2985
3503307;female;40;4344;3075;2857
3503307;female;45;4236;2636;2470
3503307;female;50;3945;1935;1912
3503307;female;55;3026;1300;1190
3503307;female;60;4191;738;724
3503307;male;16;1884;637;417
3503307;male;18;1952;1366;1211
3503307;male;20;5381;4323;3851
3503307;male;25;5466;5054;4723
3503307;male;30;4991;4659;4524
3503307;male;35;4445;4111;4026
3503307;male;40;4261;3910;3811
3503307;male;45;4138;3688;3598
3503307;male;50;3605;3060;3002
3503307;male;55;2942;2238;2222
3503307;male;60;3906;1976;1930
3503901;female;16;1111;330;218
3503901;female;18;1329;874;631
3503901;female;20;3214;2211;1815
3503901;female;25;3477;2564;2208
3503901;female;30;3282;2287;2066
3503901;female;35;3053;1939;1741
3503901;female;40;2746;1784;1554
3503901;female;45;2555;1486;1315
3503901;female;50;2257;1150;1067
3503901;female;55;1624;599;571
3503901;female;60;1934;390;369
3503901;male;16;1440;635;480
3503901;male;18;1284;961;839
3503901;male;20;3356;2815;2439
3503901;male;25;3221;2868;2642
3503901;male;30;3121;2908;2807
3503901;male;35;2720;2557;2459
3503901;male;40;2734;2420;2377
3503901;male;45;2256;1974;1904
3503901;male;50;1965;1599;1536
3503901;male;55;1773;1313;1258
3503901;male;60;1831;811;775
3504107;female;16;2071;638;419
3504107;female;18;1875;1061;811
3504107;female;20;5219;3655;3210
3504107;female;25;5455;4175;3975
3504107;female;30;5312;3858;3610
3504107;female;35;4916;3492;3327
3504107;female;40;4670;3309;3142
3504107;female;45;4525;3099;2938
3504107;female;50;4006;2418;2325
3504107;female;55;2986;1423;1369
3504107;female;60;4657;1247;1238
3504107;male;16;2028;853;716
3504107;male;18;2104;1523;1323
3504107;male;20;5559;4558;4333
3504107;male;25;5347;4699;4576
3504107;male;30;5132;4688;4532
3504107;male;35;4731;4324;4213
3504107;male;40;4265;3968;3914
3504107;male;45;4150;3773;3708
3504107;male;50;3706;3197;3119
3504107;male;55;2847;2155;2128
3504107;male;60;4021;2368;2331
3504602;female;16;225;77;54
3504602;female;18;200;119;93
3504602;female;20;560;451;431
3504602;female;25;632;501;479
3504602;female;30;647;509;488
3504602;female;35;677;535;515
3504602;female;40;573;458;444
3504602;female;45;487;318;312
3504602;female;50;480;275;262
3504602;female;55;350;184;170
3504602;female;60;512;107;107
3504602;male;16;233;92;74
3504602;male;18;221;186;173
3504602;male;20;599;552;533
3504602;male;25;570;543;528
3504602;male;30;647;631;620
3504602;male;35;594;555;555
3504602;male;40;584;565;565
3504602;male;45;518;500;484
3504602;male;50;433;385;363
3504602;male;55;335;284;264
3504602;male;60;446;253;248
3504800;female;16;119;63;54
3504800;female;18;105;65;65
3504800;female;20;298;217;203
3504800;female;25;322;262;259
3504800;female;30;348;258;251
3504800;female;35;314;227;227
3504800;female;40;312;238;223
3504800;female;45;323;161;161
3504800;female;50;289;140;140
3504800;female;55;201;80;80
3504800;female;60;382;50;50
3504800;male;16;142;77;68
3504800;male;18;107;89;86
3504800;male;20;322;303;286
3504800;male;25;334;329;329
3504800;male;30;305;305;305
3504800;male;35;284;265;262
3504800;male;40;320;292;292
3504800;male;45;318;303;303
3504800;male;50;227;208;208
3504800;male;55;265;210;210
3504800;male;60;305;157;157
3505500;female;16;1758;597;408
3505500;female;18;1595;948;633
3505500;female;20;4883;3310;2707
3505500;female;25;4988;3955;3611
3505500;female;30;4641;3853;3601
3505500;female;35;4352;3449;3287
3505500;female;40;4115;3002;2878
3505500;female;45;4184;2803;2683
3505500;female;50;3972;2332;2248
3505500;female;55;2861;1469;1424
3505500;female;60;4627;1051;1034
3505500;male;16;1786;808;562
3505500;male;18;1910;1277;1146
3505500;male;20;4984;4198;3915
3505500;male;25;4922;4529;4411
3505500;male;30;4506;4288;4199
3505500;male;35;3892;3590;3513
3505500;male;40;3787;3485;3422
3505500;male;45;3740;3408;3373
3505500;male;50;3173;2534;2460
3505500;male;55;2658;1972;1922
3505500;male;60;3680;1929;1876
3505708;female;16;4303;1520;882
3505708;female;18;4201;2707;2031
3505708;female;20;11640;8526;7060
3505708;female;25;12102;8896;7448
3505708;female;30;11281;8372;7643
3505708;female;35;10261;7477;6808
3505708;female;40;9355;6457;5903
3505708;female;45;8223;5022;4602
3505708;female;50;6111;3140;2933
3505708;female;55;5480;2146;2113
3505708;female;60;5658;1244;1207
3505708;male;16;4065;1566;1101
3505708;male;18;4288;3186;2682
3505708;male;20;11598;9823;8905
3505708;male;25;11599;10409;9783
3505708;male;30;10418;9609;9100
3505708;male;35;9052;8301;7976
3505708;male;40;8542;7851;7546
3505708;male;45;7132;6313;6102
3505708;male;50;5985;4965;4775
3505708;male;55;4718;3282;3117
3505708;male;60;5101;2735;2676
3506003;female;16;5362;2233;1528
3506003;female;18;5070;3206;2503
3506003;female;20;14488;10973;9650
3506003;female;25;15618;12210;11448
3506003;female;30;14716;11696;10910
3506003;female;35;13232;10094;9423
3506003;female;40;12668;9720;9200
3506003;female;45;12673;8620;8331
3506003;female;50;11527;6716;6523
3506003;female;55;9414;4412;4269
3506003;female;60;13384;3045;2968
3506003;male;16;5133;2418;1894
3506003;male;18;5492;4059;3342
3506003;male;20;15254;11843;10818
3506003;male;25;15696;13768;13113
3506003;male;30;14398;13467;13040
3506003;male;35;12602;11755;11492
3506003;male;40;11896;11022;10737
3506003;male;45;11139;10008;9814
3506003;male;50;10079;8646;8468
3506003;male;55;7753;5416;5316
3506003;male;60;10480;4968;4872
3506508;female;16;1707;805;656
3506508;female;18;1643;1217;1114
3506508;female;20;4511;3739;3563
3506508;female;25;4840;4050;3896
3506508;female;30;4658;3779;3659
3506508;female;35;4605;3772;3649
3506508;female;40;4477;3541;3405
3506508;female;45;4134;3111;3002
3506508;female;50;3528;2053;2026
3506508;female;55;2920;1135;1099
3506508;female;60;4087;753;733
3506508;male;16;1554;936;791
3506508;male;18;1636;1338;1227
3506508;male;20;4503;4098;3920
3506508;male;25;4709;4488;4388
3506508;male;30;4646;4247;4148
3506508;male;35;4406;4089;3989
3506508;male;40;4151;3926;3843
3506508;male;45;3628;3287;3212
3506508;male;50;3257;2813;2742
3506508;male;55;2560;1848;1823
3506508;male;60;3565;1728;1710
3506607;female;16;447;122;63
3506607;female;18;551;343;230
3506607;female;20;1242;834;636
3506607;female;25;1154;819;734
3506607;female;30;1108;806;727
3506607;female;35;1066;804;696
3506607;female;40;967;679;651
3506607;female;45;886;600;552
3506607;female;50;741;317;308
3506607;female;55;583;223;203
3506607;female;60;899;212;202
3506607;male;16;487;228;185
3506607;male;18;568;438;400
3506607;male;20;1262;1102;1056
3506607;male;25;1239;1138;1045
3506607;male;30;1048;993;943
3506607;male;35;1055;977;977
3506607;male;40;969;838;817
3506607;male;45;875;792;784
3506607;male;50;673;496;488
3506607;male;55;636;463;463
3506607;male;60;1007;524;524
3507100;female;16;382;117;65
3507100;female;18;339;156;140
3507100;female;20;826;494;389
3507100;female;25;915;568;527
3507100;female;30;802;545;520
3507100;female;35;782;496;454
3507100;female;40;707;468;468
3507100;female;45;657;364;364
3507100;female;50;512;193;175
3507100;female;55;410;148;144
3507100;female;60;590;153;144
3507100;male;16;333;108;97
3507100;male;18;355;268;252
3507100;male;20;888;704;652
3507100;male;25;920;754;744
3507100;male;30;829;690;685
3507100;male;35;778;703;703
3507100;male;40;669;577;577
3507100;male;45;636;546;529
3507100;male;50;573;412;412
3507100;male;55;361;275;260
3507100;male;60;584;309;309
3507506;female;16;1955;677;424
3507506;female;18;2019;1146;855
3507506;female;20;5305;3699;2931
3507506;female;25;5858;4442;4085
3507506;female;30;5320;3928;3532
3507506;female;35;4895;3761;3521
3507506;female;40;4792;3593;3426
3507506;female;45;4254;2864;2650
3507506;female;50;3977;2411;2326
3507506;female;55;3426;1370;1334
3507506;female;60;4686;1201;1165
3507506;male;16;2002;862;639
3507506;male;18;2155;1511;1295
3507506;male;20;5335;4345;4046
3507506;male;25;5646;4939;4668
3507506;male;30;5162;4634;4493
3507506;male;35;4586;4150;4060
3507506;male;40;4189;3716;3627
3507506;male;45;4018;3524;3453
3507506;male;50;3653;2906;2849
3507506;male;55;2954;1903;1843
3507506;male;60;4121;1930;1877
3507605;female;16;2586;845;567
3507605;female;18;1944;1213;895
3507605;female;20;6250;4555;3882
3507605;female;25;6435;5041;4608
3507605;female;30;6493;4931;4674
3507605;female;35;5715;4142;3958
3507605;female;40;5162;3943;3753
3507605;female;45;5110;3490;3339
3507605;female;50;4682;2695;2580
3507605;female;55;3779;1446;1374
3507605;female;60;5536;1089;1047
3507605;male;16;2536;984;802
3507605;male;18;2374;1646;1431
3507605;male;20;6275;5340;4951
3507605;male;25;6503;5871;5669
3507605;male;30;6190;5843;5679
3507605;male;35;5567;5100;4958
3507605;male;40;5107;4541;4421
3507605;male;45;4753;4291;4116
3507605;male;50;4247;3589;3530
3507605;male;55;3478;2641;2559
3507605;male;60;4744;2234;2170
3507704;female;16;81;42;36
3507704;female;18;69;31;28
3507704;female;20;191;130;114
3507704;female;25;217;168;162
3507704;female;30;176;133;133
3507704;female;35;183;139;126
3507704;female;40;158;115;112
3507704;female;45;145;91;88
3507704;female;50;157;74;72
3507704;female;55;112;29;29
3507704;female;60;206;28;28
3507704;male;16;92;50;47
3507704;male;18;83;64;56
3507704;male;20;258;231;222
3507704;male;25;222;206;192
3507704;male;30;196;184;184
3507704;male;35;172;163;161
3507704;male;40;176;161;158
3507704;male;45;154;144;141
3507704;male;50;153;130;127
3507704;male;55;141;126;126
3507704;male;60;190;113;109
3507753;female;16;55;32;22
3507753;female;18;23;19;19
3507753;female;20;94;69;67
3507753;female;25;107;92;78
3507753;female;30;129;106;99
3507753;female;35;95;75;75
3507753;female;40;81;57;57
3507753;female;45;82;48;48
3507753;female;50;54;20;16
3507753;female;55;69;19;15
3507753;female;60;89;17;17
3507753;male;16;29;22;19
3507753;male;18;49;43;34
3507753;male;20;110;100;94
3507753;male;25;108;106;104
3507753;male;30;118;113;113
3507753;male;35;104;100;100
3507753;male;40;97;91;87
3507753;male;45;70;58;58
3507753;male;50;73;61;59
3507753;male;55;75;53;42
3507753;male;60;104;29;29
3507803;female;16;354;173;173
3507803;female;18;281;210;181
3507803;female;20;898;657;645
3507803;female;25;863;625;590
3507803;female;30;820;612;612
3507803;female;35;821;563;555
3507803;female;40;774;612;586
3507803;female;45;701;369;369
3507803;female;50;591;388;379
3507803;female;55;569;261;254
3507803;female;60;701;174;165
3507803;male;16;307;191;175
3507803;male;18;427;331;327
3507803;male;20;916;800;790
3507803;male;25;878;803;803
3507803;male;30;818;772;739
3507803;male;35;733;684;684
3507803;male;40;765;721;713
3507803;male;45;744;674;674
3507803;male;50;634;581;569
3507803;male;55;429;370;370
3507803;male;60;696;496;496
3508405;female;16;727;280;173
3508405;female;18;809;554;401
3508405;female;20;1919;1422;1155
3508405;female;25;1947;1419;1214
3508405;female;30;1740;1353;1238
3508405;female;35;1625;1250;1173
3508405;female;40;1472;997;892
3508405;female;45;1242;857;803
3508405;female;50;859;402;402
3508405;female;55;881;383;354
3508405;female;60;1087;265;265
3508405;male;16;672;320;208
3508405;male;18;769;640;579
3508405;male;20;2042;1861;1680
3508405;male;25;2039;1929;1854
3508405;male;30;1791;1710;1659
3508405;male;35;1650;1541;1485
3508405;male;40;1473;1384;1369
3508405;male;45;1273;1218;1201
3508405;male;50;883;771;726
3508405;male;55;859;704;704
3508405;male;60;948;490;490
3508504;female;16;1432;301;175
3508504;female;18;1276;784;537
3508504;female;20;3562;2285;1867
3508504;female;25;3800;2517;2198
3508504;female;30;3636;2374;2081
3508504;female;35;3356;2228;1960
3508504;female;40;3040;1941;1810
3508504;female;45;2909;1544;1461
3508504;female;50;2553;1178;1146
3508504;female;55;2130;722;712
3508504;female;60;2952;450;429
3508504;male;16;1276;414;316
3508504;male;18;1508;1101;871
3508504;male;20;3678;3172;2847
3508504;male;25;3863;3585;3333
3508504;male;30;3552;3356;3212
3508504;male;35;3205;2979;2904
3508504;male;40;2945;2661;2550
3508504;male;45;2767;2443;2370
3508504;male;50;2378;1711;1650
3508504;male;55;2097;1291;1251
3508504;male;60;2688;1038;1009
3508900;female;16;76;6;4
3508900;female;18;73;48;31
3508900;female;20;166;103;77
3508900;female;25;142;82;66
3508900;female;30;126;77;67
3508900;female;35;161;116;109
3508900;female;40;151;83;75
3508900;female;45;147;68;68
3508900;female;50;125;51;51
3508900;female;55;89;8;8
3508900;female;60;148;17;17
3508900;male;16;60;28;24
3508900;male;18;82;76;69
3508900;male;20;197;185;167
3508900;male;25;149;143;140
3508900;male;30;131;118;118
3508900;male;35;129;110;110
3508900;male;40;177;137;134
3508900;male;45;158;140;132
3508900;male;50;116;86;82
3508900;male;55;107;80;80
3508900;male;60;168;55;52
3509007;female;16;1441;497;291
3509007;female;18;1502;936;686
3509007;female;20;3950;3048;2530
3509007;female;25;4049;3268;2781
3509007;female;30;3789;2906;2575
3509007;female;35;3672;2666;2336
3509007;female;40;3517;2658;2470
3509007;female;45;3042;1909;1778
3509007;female;50;2528;1473;1447
3509007;female;55;1900;896;844
3509007;female;60;2343;530;530
3509007;male;16;1435;677;458
3509007;male;18;1619;1276;949
3509007;male;20;3814;3340;3027
3509007;male;25;3702;3450;3245
3509007;male;30;3657;3389;3219
3509007;male;35;3311;3182;3052
3509007;male;40;3239;3008;2913
3509007;male;45;2982;2741;2636
3509007;male;50;2211;1665;1592
3509007;male;55;1886;1237;1175
3509007;male;60;1968;935;906
3509205;female;16;1219;436;338
3509205;female;18;1116;644;483
3509205;female;20;3143;2210;1907
3509205;female;25;3257;2143;1948
3509205;female;30;2985;2126;1895
3509205;female;35;2594;1714;1459
3509205;female;40;2266;1332;1240
3509205;female;45;2004;1159;1061
3509205;female;50;1713;747;747
3509205;female;55;1042;358;329
3509205;female;60;1457;258;258
3509205;male;16;1116;378;296
3509205;male;18;1226;926;846
3509205;male;20;3175;2595;2384
3509205;male;25;3160;2666;2469
3509205;male;30;2949;2587;2391
3509205;male;35;2623;2194;2061
3509205;male;40;2223;1827;1713
3509205;male;45;1896;1488;1444
3509205;male;50;1481;1129;1111
3509205;male;55;1249;859;823
3509205;male;60;1243;395;388
3509502;female;16;15646;5701;3983
3509502;female;18;16478;9379;7309
3509502;female;20;48593;33597;29050
3509502;female;25;52883;40446;37108
3509502;female;30;49301;37866;35039
3509502;female;35;43304;32562;30263
3509502;female;40;41355;30179;28524
3509502;female;45;38876;26935;25729
3509502;female;50;36197;21511;20446
3509502;female;55;29113;13515;13114
3509502;female;60;40360;9632;9389
3509502;male;16;16262;6187;4915
3509502;male;18;16548;11104;9437
3509502;male;20;48225;37840;34588
3509502;male;25;51178;45197;42881
3509502;male;30;47315;42807;41443
3509502;male;35;40812;36732;35693
3509502;male;40;37955;33718;32729
3509502;male;45;34630;30820;29834
3509502;male;50;31737;26984;26235
3509502;male;55;24912;18078;17655
3509502;male;60;32662;15991;15533
3509601;female;16;1205;499;286
3509601;female;18;1226;893;644
3509601;female;20;3358;2482;2082
3509601;female;25;3425;2440;2158
3509601;female;30;3208;2363;2117
3509601;female;35;2960;2244;1980
3509601;female;40;2635;1939;1806
3509601;female;45;2566;1572;1457
3509601;female;50;2214;1229;1185
3509601;female;55;1948;874;810
3509601;female;60;2072;421;412
3509601;male;16;1303;543;350
3509601;male;18;1212;991;737
3509601;male;20;3332;3076;2799
3509601;male;25;3385;3150;2951
3509601;male;30;2983;2880;2732
3509601;male;35;2827;2682;2526
3509601;male;40;2629;2431;2319
3509601;male;45;2347;2080;1983
3509601;male;50;2021;1678;1628
3509601;male;55;1726;1148;1123
3509601;male;60;2058;1125;1087
3510153;female;16;68;17;15
3510153;female;18;71;36;29
3510153;female;20;186;115;80
3510153;female;25;195;129;110
3510153;female;30;186;144;136
3510153;female;35;162;97;94
3510153;female;40;101;65;59
3510153;female;45;128;62;55
3510153;female;50;98;54;54
3510153;female;55;86;41;41
3510153;female;60;122;12;12
3510153;male;16;88;28;21
3510153;male;18;70;55;49
3510153;male;20;170;159;150
3510153;male;25;199;199;186
3510153;male;30;192;184;181
3510153;male;35;158;153;149
3510153;male;40;145;131;128
3510153;male;45;127;113;109
3510153;male;50;106;85;85
3510153;male;55;78;42;39
3510153;male;60;115;40;40
3510500;female;16;1796;665;398
3510500;female;18;1687;1027;744
3510500;female;20;4096;2822;2401
3510500;female;25;4247;2981;2762
3510500;female;30;4375;3154;2835
3510500;female;35;3964;2818;2660
3510500;female;40;3588;2536;2385
3510500;female;45;3176;2153;1998
3510500;female;50;2704;1627;1531
3510500;female;55;2741;1137;1097
3510500;female;60;3446;863;845
3510500;male;16;1777;745;542
3510500;male;18;1738;1258;1080
3510500;male;20;4360;3579;3394
3510500;male;25;4163;3663;3538
3510500;male;30;4365;4002;3809
3510500;male;35;3855;3399;3339
3510500;male;40;3525;3234;3077
3510500;male;45;2892;2498;2438
3510500;male;50;2801;2201;2077
3510500;male;55;2349;1654;1571
3510500;male;60;3256;1499;1439
3510609;female;16;6195;2233;1322
3510609;female;18;6291;3983;3055
3510609;female;20;17219;12165;10130
3510609;female;25;18791;13435;11943
3510609;female;30;17319;11629;10447
3510609;female;35;15391;10476;9556
3510609;female;40;13422;8894;8216
3510609;female;45;11876;6968;6526
3510609;female;50;10842;5376;5023
3510609;female;55;8484;3241;3087
3510609;female;60;10395;1998;1938
3510609;male;16;6333;2559;1758
3510609;male;18;5761;3832;3084
3510609;male;20;17297;14460;12820
3510609;male;25;17754;15159;14255
3510609;male;30;16216;14075;13464
3510609;male;35;14353;12499;11981
3510609;male;40;12702;10871;10401
3510609;male;45;10385;8497;8092
3510609;male;50;9093;6904;6486
3510609;male;55;7499;5008;4735
3510609;male;60;8736;3806;3704
3511102;female;16;1603;595;464
3511102;female;18;1730;934;756
3511102;female;20;4618;3348;2942
3511102;female;25;4935;3991;3780
3511102;female;30;4615;3505;3249
3511102;female;35;4306;3284;3092
3511102;female;40;4410;3287;3243
3511102;female;45;4141;2772;2648
3511102;female;50;3800;2299;2243
3511102;female;55;3273;1309;1278
3511102;female;60;4692;1111;1102
3511102;male;16;1737;829;716
3511102;male;18;1773;1272;1105
3511102;male;20;4758;3933;3728
3511102;male;25;4920;4544;4372
3511102;male;30;4492;4235;4064
3511102;male;35;4112;3878;3760
3511102;male;40;4128;3839;3759
3511102;male;45;3857;3503;3446
3511102;male;50;3446;2837;2760
3511102;male;55;2899;2355;2315
3511102;male;60;3996;2017;1987
3511201;female;16;111;40;29
3511201;female;18;123;61;42
3511201;female;20;273;160;152
3511201;female;25;321;184;158
3511201;female;30;273;163;145
3511201;female;35;261;150;147
3511201;female;40;276;188;173
3511201;female;45;256;125;117
3511201;female;50;207;102;99
3511201;female;55;171;36;33
3511201;female;60;216;25;25
3511201;male;16;103;53;41
3511201;male;18;137;113;113
3511201;male;20;338;311;305
3511201;male;25;343;330;330
3511201;male;30;318;307;307
3511201;male;35;270;260;260
3511201;male;40;279;248;248
3511201;male;45;259;244;244
3511201;male;50;240;179;179
3511201;male;55;163;121;121
3511201;male;60;244;92;92
3511300;female;16;113;37;27
3511300;female;18;110;69;51
3511300;female;20;309;215;182
3511300;female;25;323;201;190
3511300;female;30;339;244;237
3511300;female;35;289;244;225
3511300;female;40;296;202;195
3511300;female;45;262;182;167
3511300;female;50;255;160;144
3511300;female;55;212;77;77
3511300;female;60;355;91;91
3511300;male;16;62;49;45
3511300;male;18;130;102;79
3511300;male;20;319;272;265
3511300;male;25;299;280;273
3511300;male;30;328;321;321
3511300;male;35;308;293;293
3511300;male;40;299;293;293
3511300;male;45;258;238;234
3511300;male;50;254;208;208
3511300;male;55;186;142;142
3511300;male;60;333;187;187
3511706;female;16;242;109;93
3511706;female;18;310;186;151
3511706;female;20;695;502;430
3511706;female;25;633;468;417
3511706;female;30;584;391;320
3511706;female;35;556;328;295
3511706;female;40;475;288;262
3511706;female;45;484;253;220
3511706;female;50;401;199;194
3511706;female;55;337;90;86
3511706;female;60;530;93;84
3511706;male;16;230;107;77
3511706;male;18;304;255;235
3511706;male;20;753;661;634
3511706;male;25;741;706;701
3511706;male;30;636;572;561
3511706;male;35;611;572;558
3511706;male;40;485;440;433
3511706;male;45;464;422;418
3511706;male;50;436;392;383
3511706;male;55;326;242;242
3511706;male;60;432;207;207
3512506;female;16;79;46;29
3512506;female;18;102;72;65
3512506;female;20;208;161;134
3512506;female;25;210;181;166
3512506;female;30;220;178;174
3512506;female;35;214;169;163
3512506;female;40;182;151;144
3512506;female;45;186;142;136
3512506;female;50;171;96;96
3512506;female;55;139;56;56
3512506;female;60;170;51;51
3512506;male;16;111;86;69
3512506;male;18;70;60;57
3512506;male;20;229;202;193
3512506;male;25;222;219;213
3512506;male;30;213;204;201
3512506;male;35;205;194;194
3512506;male;40;179;160;160
3512506;male;45;167;153;153
3512506;male;50;166;154;152
3512506;male;55;134;97;91
3512506;male;60;183;89;89
3512803;female;16;926;296;184
3512803;female;18;1010;677;402
3512803;female;20;2731;1744;1384
3512803;female;25;2842;1817;1517
3512803;female;30;2576;1641;1504
3512803;female;35;2273;1480;1310
3512803;female;40;2108;1346;1225
3512803;female;45;1963;941;856
3512803;female;50;1606;795;782
3512803;female;55;1227;361;349
3512803;female;60;1636;225;218
3512803;male;16;856;342;203
3512803;male;18;1129;869;686
3512803;male;20;2755;2464;2204
3512803;male;25;2829;2400;2181
3512803;male;30;2683;2495;2370
3512803;male;35;2332;2128;1936
3512803;male;40;2217;1961;1799
3512803;male;45;1941;1763;1656
3512803;male;50;1589;1286;1220
3512803;male;55;1152;894;816
3512803;male;60;1566;666;608
3513009;female;16;3486;1391;1021
3513009;female;18;3335;2147;1656
3513009;female;20;8603;6310;5356
3513009;female;25;9734;7648;6871
3513009;female;30;9484;7300;6598
3513009;female;35;8494;6357;5799
3513009;female;40;7734;5659;5278
3513009;female;45;6800;4543;4299
3513009;female;50;5656;3565;3335
3513009;female;55;4493;2143;2004
3513009;female;60;5135;1512;1478
3513009;male;16;3510;1419;1000
3513009;male;18;3266;2349;1960
3513009;male;20;8713;7472;6914
3513009;male;25;9142;8244;7763
3513009;male;30;8769;8214;7870
3513009;male;35;7860;7340;7036
3513009;male;40;7225;6539;6342
3513009;male;45;6274;5678;5408
3513009;male;50;5271;4556;4339
3513009;male;55;4297;3325;3204
3513009;male;60;4749;2612;2521
3513108;female;16;493;180;125
3513108;female;18;548;364;315
3513108;female;20;1372;940;843
3513108;female;25;1356;990;900
3513108;female;30;1299;882;828
3513108;female;35;1155;764;755
3513108;female;40;1149;829;801
3513108;female;45;1010;652;581
3513108;female;50;1045;579;552
3513108;female;55;668;340;331
3513108;female;60;998;180;167
3513108;male;16;583;359;290
3513108;male;18;605;461;440
3513108;male;20;1489;1356;1277
3513108;male;25;1520;1440;1429
3513108;male;30;1294;1234;1211
3513108;male;35;1212;1177;1137
3513108;male;40;1083;1029;1016
3513108;male;45;1032;954;932
3513108;male;50;928;831;824
3513108;male;55;705;578;571
3513108;male;60;988;573;573
3513207;female;16;150;59;45
3513207;female;18;122;64;52
3513207;female;20;339;220;196
3513207;female;25;329;243;220
3513207;female;30;279;204;194
3513207;female;35;257;193;175
3513207;female;40;235;171;166
3513207;female;45;254;151;143
3513207;female;50;232;130;123
3513207;female;55;192;75;75
3513207;female;60;227;40;37
3513207;male;16;143;95;89
3513207;male;18;150;125;119
3513207;male;20;330;297;286
3513207;male;25;343;324;316
3513207;male;30;318;312;310
3513207;male;35;273;258;255
3513207;male;40;249;239;239
3513207;male;45;265;243;237
3513207;male;50;248;234;231
3513207;male;55;194;156;156
3513207;male;60;248;125;125
3513504;female;16;2105;533;364
3513504;female;18;2085;1268;867
3513504;female;20;5390;3679;2629
3513504;female;25;5604;3711;2940
3513504;female;30;5279;3521;2837
3513504;female;35;4591;2919;2500
3513504;female;40;4458;2871;2526
3513504;female;45;4000;2403;2164
3513504;female;50;3261;1618;1457
3513504;female;55;2443;991;913
3513504;female;60;3188;562;534
3513504;male;16;1891;573;440
3513504;male;18;2189;1525;1122
3513504;male;20;5707;4924;4191
3513504;male;25;5886;5394;4841
3513504;male;30;5181;4745;4384
3513504;male;35;4566;4102;3791
3513504;male;40;4488;3985;3653
3513504;male;45;3884;3311;3139
3513504;male;50;3297;2497;2434
3513504;male;55;2411;1216;1157
3513504;male;60;2488;859;815
3513801;female;16;6817;2845;1668
3513801;female;18;6474;4333;3075
3513801;female;20;18533;13870;11581
3513801;female;25;19525;15068;13375
3513801;female;30;18178;13522;11853
3513801;female;35;16635;12101;10896
3513801;female;40;15186;10312;9545
3513801;female;45;13083;8194;7603
3513801;female;50;10878;5815;5449
3513801;female;55;8867;3700;3513
3513801;female;60;10315;2430;2344
3513801;male;16;6502;2788;1917
3513801;male;18;6385;4787;3752
3513801;male;20;18559;15905;14102
3513801;male;25;18811;16910;15792
3513801;male;30;17029;15618;14864
3513801;male;35;15050;13484;12863
3513801;male;40;13903;12206;11732
3513801;male;45;11498;10025;9551
3513801;male;50;9492;7598;7285
3513801;male;55;7612;5200;5008
3513801;male;60;8257;3897;3798
3514924;female;16;50;13;10
3514924;female;18;38;20;17
3514924;female;20;126;92;77
3514924;female;25;129;108;82
3514924;female;30;132;102;100
3514924;female;35;118;66;64
3514924;female;40;89;59;56
3514924;female;45;98;60;55
3514924;female;50;95;54;50
3514924;female;55;71;19;19
3514924;female;60;104;21;21
3514924;male;16;53;24;19
3514924;male;18;42;42;40
3514924;male;20;159;159;159
3514924;male;25;161;153;153
3514924;male;30;151;151;143
3514924;male;35;138;130;128
3514924;male;40;117;93;93
3514924;male;45;82;72;72
3514924;male;50;86;76;72
3514924;male;55;95;79;76
3514924;male;60;119;57;54
3514957;female;16;31;9;8
3514957;female;18;34;20;17
3514957;female;20;94;65;57
3514957;female;25;105;75;63
3514957;female;30;91;72;67
3514957;female;35;77;60;53
3514957;female;40;95;63;60
3514957;female;45;90;65;62
3514957;female;50;65;30;30
3514957;female;55;62;29;29
3514957;female;60;105;21;21
3514957;male;16;37;21;21
3514957;male;18;33;31;27
3514957;male;20;117;113;113
3514957;male;25;119;119;119
3514957;male;30;96;92;92
3514957;male;35;87;87;85
3514957;male;40;98;84;84
3514957;male;45;82;67;67
3514957;male;50;80;66;66
3514957;male;55;70;55;55
3514957;male;60;85;53;53
3515004;female;16;4385;1621;985
3515004;female;18;3947;2563;1855
3515004;female;20;11390;8105;6413
3515004;female;25;12032;8566;7267
3515004;female;30;11863;8428;7646
3515004;female;35;10096;7317;6517
3515004;female;40;8864;6133;5565
3515004;female;45;7272;4934;4419
3515004;female;50;6607;3648;3434
3515004;female;55;5037;2350;2201
3515004;female;60;6070;1610;1526
3515004;male;16;4293;1957;1419
3515004;male;18;4162;3017;2348
3515004;male;20;10990;9102;8218
3515004;male;25;11431;9974;9242
3515004;male;30;10592;9463;8900
3515004;male;35;9451;8449;7955
3515004;male;40;8280;7343;7123
3515004;male;45;6505;5693;5442
3515004;male;50;5350;4117;3875
3515004;male;55;4583;3343;3234
3515004;male;60;5039;2468;2365
3515103;female;16;1120;351;206
3515103;female;18;1022;643;492
3515103;female;20;2764;1861;1504
3515103;female;25;2713;1873;1623
3515103;female;30;2733;1857;1606
3515103;female;35;2428;1794;1648
3515103;female;40;2155;1481;1376
3515103;female;45;1999;1226;1141
3515103;female;50;1818;829;778
3515103;female;55;1268;511;486
3515103;female;60;1785;259;259
3515103;male;16;1036;366;251
3515103;male;18;1158;838;644
3515103;male;20;2736;2327;2080
3515103;male;25;2689;2483;2316
3515103;male;30;2542;2321;2193
3515103;male;35;2319;2081;2030
3515103;male;40;2119;1964;1847
3515103;male;45;1830;1645;1632
3515103;male;50;1638;1330;1277
3515103;male;55;1379;880;850
3515103;male;60;1849;805;774
3515129;female;16;53;7;7
3515129;female;18;36;5;3
3515129;female;20;117;81;73
3515129;female;25;102;55;52
3515129;female;30;107;77;67
3515129;female;35;125;92;86
3515129;female;40;100;59;59
3515129;female;45;113;80;76
3515129;female;50;78;41;41
3515129;female;55;89;40;37
3515129;female;60;149;39;39
3515129;male;16;37;8;8
3515129;male;18;61;52;44
3515129;male;20;129;123;123
3515129;male;25;107;104;101
3515129;male;30;115;104;104
3515129;male;35;106;102;101
3515129;male;40;126;114;108
3515129;male;45;116;104;104
3515129;male;50;95;84;84
3515129;male;55;69;49;49
3515129;male;60;127;67;67
3515301;female;16;39;5;5
3515301;female;18;40;18;16
3515301;female;20;111;69;53
3515301;female;25;81;39;37
3515301;female;30;100;63;55
3515301;female;35;107;56;53
3515301;female;40;98;60;53
3515301;female;45;96;58;44
3515301;female;50;77;42;37
3515301;female;55;52;15;15
3515301;female;60;94;20;20
3515301;male;16;55;15;11
3515301;male;18;62;42;42
3515301;male;20;124;102;90
3515301;male;25;110;106;104
3515301;male;30;84;75;75
3515301;male;35;81;73;73
3515301;male;40;113;106;103
3515301;male;45;110;95;89
3515301;male;50;74;62;62
3515301;male;55;49;33;31
3515301;male;60;79;41;41
3515707;female;16;3309;1221;671
3515707;female;18;2971;1995;1565
3515707;female;20;7965;5702;4753
3515707;female;25;7895;5759;4971
3515707;female;30;7447;5071;4474
3515707;female;35;6862;4721;4219
3515707;female;40;6305;4307;3915
3515707;female;45;5458;3337;2973
3515707;female;50;4511;2403;2227
3515707;female;55;3549;1416;1316
3515707;female;60;4125;798;756
3515707;male;16;3315;1281;903
3515707;male;18;3005;2203;1897
3515707;male;20;7982;6871;6041
3515707;male;25;7611;6858;6382
3515707;male;30;6693;6121;5800
3515707;male;35;6315;5666;5462
3515707;male;40;5916;5375;5159
3515707;male;45;4890;4368;4165
3515707;male;50;4299;3400;3303
3515707;male;55;3005;2034;1966
3515707;male;60;3363;1551;1504
3516200;female;16;5168;2631;1963
3516200;female;18;5431;3921;3262
3516200;female;20;14226;10930;9928
3516200;female;25;13701;11356;10633
3516200;female;30;12977;10006;9505
3516200;female;35;12268;9655;9188
3516200;female;40;12074;9132;8596
3516200;female;45;11329;7863;7575
3516200;female;50;9577;5889;5645
3516200;female;55;8505;4074;3997
3516200;female;60;11177;3001;2915
3516200;male;16;5261;3044;2563
3516200;male;18;5728;4658;4263
3516200;male;20;14391;12695;11961
3516200;male;25;13430;12444;12002
3516200;male;30;12243;11601;11306
3516200;male;35;11498;10921;10700
3516200;male;40;11295;10601;10409
3516200;male;45;10683;9979;9704
3516200;male;50;8914;7713;7499
3516200;male;55;7313;5542;5393
3516200;male;60;9528;4806;4723
3516309;female;16;3137;1103;727
3516309;female;18;2771;1556;1152
3516309;female;20;7396;4997;4092
3516309;female;25;7420;5219;4462
3516309;female;30;6362;4246;3651
3516309;female;35;5655;3808;3343
3516309;female;40;5245;3334;3130
3516309;female;45;4608;2599;2344
3516309;female;50;4270;2008;1905
3516309;female;55;2970;1265;1172
3516309;female;60;3391;789;758
3516309;male;16;2966;1066;745
3516309;male;18;2689;1728;1491
3516309;male;20;7574;6380;5864
3516309;male;25;7079;6016;5662
3516309;male;30;6468;5636;5399
3516309;male;35;5422;4846;4691
3516309;male;40;4858;4103;3846
3516309;male;45;4062;3483;3350
3516309;male;50;3757;3033;2911
3516309;male;55;3146;2184;2122
3516309;male;60;3068;1335;1264
3516408;female;16;2085;659;348
3516408;female;18;2306;1332;963
3516408;female;20;5917;4166;3226
3516408;female;25;6323;4423;3807
3516408;female;30;5815;4069;3683
3516408;female;35;5071;3498;3231
3516408;female;40;4378;2956;2675
3516408;female;45;3836;2240;2111
3516408;female;50;3401;1705;1642
3516408;female;55;2987;1302;1229
3516408;female;60;3383;731;719
3516408;male;16;2412;874;571
3516408;male;18;2248;1363;1112
3516408;male;20;7352;4874;4297
3516408;male;25;7442;5264;4838
3516408;male;30;6542;5134;4916
3516408;male;35;5200;4113;3924
3516408;male;40;4474;3748;3612
3516408;male;45;3642;3008;2901
3516408;male;50;3370;2647;2543
3516408;male;55;2671;1805;1762
3516408;male;60;3035;1313;1270
3516853;female;16;83;29;23
3516853;female;18;72;61;47
3516853;female;20;211;155;137
3516853;female;25;196;143;134
3516853;female;30;164;122;106
3516853;female;35;169;136;128
3516853;female;40;153;91;86
3516853;female;45;128;82;79
3516853;female;50;82;48;40
3516853;female;55;105;28;24
3516853;female;60;123;24;24
3516853;male;16;78;28;14
3516853;male;18;92;76;60
3516853;male;20;230;216;208
3516853;male;25;212;205;192
3516853;male;30;185;174;170
3516853;male;35;174;166;161
3516853;male;40;172;159;155
3516853;male;45;148;128;122
3516853;male;50;104;90;90
3516853;male;55;101;68;68
3516853;male;60;114;90;83
3517505;female;16;321;106;52
3517505;female;18;211;138;116
3517505;female;20;763;545;448
3517505;female;25;763;570;509
3517505;female;30;751;562;522
3517505;female;35;710;541;485
3517505;female;40;689;456;399
3517505;female;45;600;387;363
3517505;female;50;565;296;291
3517505;female;55;409;154;154
3517505;female;60;677;116;111
3517505;male;16;271;141;126
3517505;male;18;293;228;204
3517505;male;20;902;837;789
3517505;male;25;790;763;748
3517505;male;30;772;739;727
3517505;male;35;720;689;649
3517505;male;40;724;657;652
3517505;male;45;640;592;573
3517505;male;50;545;451;425
3517505;male;55;424;304;287
3517505;male;60;600;324;308
3518404;female;16;1694;459;284
3518404;female;18;1894;932;632
3518404;female;20;4824;3103;2483
3518404;female;25;4802;3425;2982
3518404;female;30;4565;3447;3232
3518404;female;35;4395;2921;2621
3518404;female;40;4322;2837;2608
3518404;female;45;4265;2799;2660
3518404;female;50;3773;2133;2037
3518404;female;55;3250;1568;1533
3518404;female;60;4580;1002;991
3518404;male;16;1871;575;347
3518404;male;18;1870;1056;761
3518404;male;20;4584;3787;3416
3518404;male;25;4593;4146;3876
3518404;male;30;4341;4042;3870
3518404;male;35;4108;3794;3719
3518404;male;40;3911;3661;3533
3518404;male;45;3905;3529;3393
3518404;male;50;3186;2490;2381
3518404;male;55;2847;1876;1801
3518404;male;60;3558;1548;1522
3518701;female;16;5467;1789;1044
3518701;female;18;4657;2604;1578
3518701;female;20;12604;8369;6525
3518701;female;25;13248;8964;7464
3518701;female;30;12747;8723;7446
3518701;female;35;11941;8218;7277
3518701;female;40;11001;7354;6700
3518701;female;45;9908;6119;5677
3518701;female;50;8630;4550;4243
3518701;female;55;6340;2807;2669
3518701;female;60;8474;1963;1865
3518701;male;16;5323;2129;1483
3518701;male;18;4944;3405;2595
3518701;male;20;12803;10421;9203
3518701;male;25;12431;11060;10282
3518701;male;30;11892;10888;10342
3518701;male;35;10986;10033;9543
3518701;male;40;10416;9238;8925
3518701;male;45;9035;7846;7556
3518701;male;50;7541;5844;5693
3518701;male;55;6170;4413;4267
3518701;male;60;7227;3573;3533
3518800;female;16;20252;8050;4526
3518800;female;18;19890;12657;8852
3518800;female;20;55222;39810;32448
3518800;female;25;58231;42926;36835
3518800;female;30;56093;40085;35414
3518800;female;35;50938;36234;32668
3518800;female;40;46970;31806;29170
3518800;female;45;40797;25021;23024
3518800;female;50;35625;19350;18105
3518800;female;55;26508;11762;10840
3518800;female;60;33491;7403;7084
3518800;male;16;20564;8281;5356
3518800;male;18;21230;15219;12251
3518800;male;20;55830;46215;41391
3518800;male;25;56313;49287;46275
3518800;male;30;52763;47177;44933
3518800;male;35;48030;43987;42144
3518800;male;40;44291;40051;38531
3518800;male;45;36673;32253;30700
3518800;male;50;30720;24735;23642
3518800;male;55;24000;18045;17359
3518800;male;60;27900;15102;14701
3519071;female;16;3275;1489;855
3519071;female;18;3510;2482;1870
3519071;female;20;8879;6713;5649
3519071;female;25;8774;6662;5670
3519071;female;30;8510;6275;5557
3519071;female;35;7777;5757;5071
3519071;female;40;7134;4788;4411
3519071;female;45;6385;4008;3714
3519071;female;50;5086;2768;2569
3519071;female;55;4084;1937;1811
3519071;female;60;4652;843;791
3519071;male;16;3638;1774;1251
3519071;male;18;3415;2689;2242
3519071;male;20;10186;7912;7071
3519071;male;25;9896;7989;7596
3519071;male;30;8825;7488;7270
3519071;male;35;7811;6896;6681
3519071;male;40;7180;6210;6017
3519071;male;45;6017;5225;4951
3519071;male;50;5198;4459;4320
3519071;male;55;3737;2837;2774
3519071;male;60;4108;1847;1787
3519303;female;16;539;145;71
3519303;female;18;556;278;211
3519303;female;20;1512;908;694
3519303;female;25;1388;933;730
3519303;female;30;1285;827;769
3519303;female;35;1117;760;633
3519303;female;40;1046;680;631
3519303;female;45;1005;564;554
3519303;female;50;729;299;290
3519303;female;55;646;172;147
3519303;female;60;805;84;84
3519303;male;16;526;270;204
3519303;male;18;596;414;359
3519303;male;20;1653;1425;1348
3519303;male;25;1636;1426;1406
3519303;male;30;1379;1185;1185
3519303;male;35;1139;1040;995
3519303;male;40;1054;906;887
3519303;male;45;963;794;794
3519303;male;50;714;589;563
3519303;male;55;656;410;401
3519303;male;60;708;260;260
3520400;female;16;500;225;153
3520400;female;18;380;246;215
3520400;female;20;1312;993;862
3520400;female;25;1474;1168;1118
3520400;female;30;1361;1156;1083
3520400;female;35;1061;886;856
3520400;female;40;1030;856;793
3520400;female;45;794;631;539
3520400;female;50;758;475;446
3520400;female;55;465;302;302
3520400;female;60;713;280;260
3520400;male;16;541;322;228
3520400;male;18;580;434;372
3520400;male;20;1304;1180;1067
3520400;male;25;1463;1362;1342
3520400;male;30;1499;1417;1408
3520400;male;35;897;836;815
3520400;male;40;1049;978;978
3520400;male;45;845;753;712
3520400;male;50;651;549;519
3520400;male;55;626;536;516
3520400;male;60;600;417;407
3520509;female;16;3112;1348;995
3520509;female;18;3333;2222;1779
3520509;female;20;9012;6983;6099
3520509;female;25;9554;7779;6924
3520509;female;30;9048;6910;6432
3520509;female;35;8000;6011;5666
3520509;female;40;7679;5579;5361
3520509;female;45;7109;4724;4437
3520509;female;50;6004;3316;3192
3520509;female;55;4818;2122;2082
3520509;female;60;6327;1381;1362
3520509;male;16;3257;1655;1347
3520509;male;18;3395;2682;2399
3520509;male;20;9518;8485;7942
3520509;male;25;9755;9181;8836
3520509;male;30;8996;8526;8268
3520509;male;35;7930;7608;7484
3520509;male;40;7435;7031;6917
3520509;male;45;6719;6045;5857
3520509;male;50;5680;4897;4737
3520509;male;55;4523;3382;3298
3520509;male;60;5595;3077;2994
3520608;female;16;71;20;18
3520608;female;18;70;31;14
3520608;female;20;215;153;117
3520608;female;25;176;114;87
3520608;female;30;186;149;120
3520608;female;35;189;131;116
3520608;female;40;184;125;120
3520608;female;45;147;103;100
3520608;female;50;156;101;101
3520608;female;55;133;58;58
3520608;female;60;194;22;22
3520608;male;16;80;43;31
3520608;male;18;97;81;74
3520608;male;20;216;200;177
3520608;male;25;201;199;191
3520608;male;30;204;185;178
3520608;male;35;169;164;159
3520608;male;40;178;163;151
3520608;male;45;181;169;166
3520608;male;50;125;95;95
3520608;male;55;115;81;81
3520608;male;60;196;60;60
3521101;female;16;91;36;31
3521101;female;18;112;92;82
3521101;female;20;234;173;146
3521101;female;25;268;206;198
3521101;female;30;237;175;163
3521101;female;35;215;134;129
3521101;female;40;203;163;163
3521101;female;45;164;118;113
3521101;female;50;133;75;75
3521101;female;55;147;51;51
3521101;female;60;161;29;26
3521101;male;16;124;70;54
3521101;male;18;117;108;108
3521101;male;20;315;311;298
3521101;male;25;276;267;261
3521101;male;30;279;271;266
3521101;male;35;242;233;233
3521101;male;40;190;180;180
3521101;male;45;171;163;163
3521101;male;50;140;101;101
3521101;male;55;139;102;97
3521101;male;60;176;101;101
3521150;female;16;79;9;7
3521150;female;18;60;43;28
3521150;female;20;174;124;111
3521150;female;25;180;110;107
3521150;female;30;175;109;96
3521150;female;35;162;101;95
3521150;female;40;155;108;108
3521150;female;45;165;87;85
3521150;female;50;123;61;61
3521150;female;55;144;29;29
3521150;female;60;171;23;23
3521150;male;16;48;23;20
3521150;male;18;96;69;59
3521150;male;20;191;162;149
3521150;male;25;155;144;136
3521150;male;30;186;169;163
3521150;male;35;163;156;150
3521150;male;40;170;139;139
3521150;male;45;138;124;124
3521150;male;50;142;119;114
3521150;male;55;120;76;76
3521150;male;60;206;75;75
3521408;female;16;276;113;57
3521408;female;18;333;226;147
3521408;female;20;887;622;518
3521408;female;25;991;764;661
3521408;female;30;845;607;544
3521408;female;35;785;562;495
3521408;female;40;716;458;400
3521408;female;45;736;341;322
3521408;female;50;545;224;206
3521408;female;55;470;125;125
3521408;female;60;637;65;65
3521408;male;16;266;125;119
3521408;male;18;341;277;236
3521408;male;20;1034;883;832
3521408;male;25;1039;901;868
3521408;male;30;849;750;722
3521408;male;35;799;686;677
3521408;male;40;742;637;625
3521408;male;45;655;534;503
3521408;male;50;630;504;491
3521408;male;55;446;277;259
3521408;male;60;496;168;162
3522109;female;16;1407;356;233
3522109;female;18;1392;962;715
3522109;female;20;3151;2223;1802
3522109;female;25;3364;2450;2043
3522109;female;30;3355;2605;2304
3522109;female;35;3067;2155;1813
3522109;female;40;2857;1939;1775
3522109;female;45;2778;1738;1541
3522109;female;50;2836;1666;1556
3522109;female;55;2605;1139;1038
3522109;female;60;3886;787;770
3522109;male;16;1561;685;504
3522109;male;18;1283;871;686
3522109;male;20;3053;2588;2267
3522109;male;25;2938;2592;2349
3522109;male;30;3015;2801;2637
3522109;male;35;2875;2674;2515
3522109;male;40;2608;2430;2360
3522109;male;45;2519;2232;2176
3522109;male;50;2255;1783;1665
3522109;male;55;2494;1741;1659
3522109;male;60;3657;1586;1527
3522208;female;16;2798;1089;795
3522208;female;18;2703;1662;1233
3522208;female;20;6825;4750;3741
3522208;female;25;7277;5125;4448
3522208;female;30;6776;4984;4511
3522208;female;35;6413;4552;4153
3522208;female;40;5511;3975;3786
3522208;female;45;4687;3201;3002
3522208;female;50;3949;2315;2198
3522208;female;55;3048;1487;1441
3522208;female;60;3485;821;788
3522208;male;16;2908;1390;932
3522208;male;18;2739;1873;1578
3522208;male;20;7655;5657;5069
3522208;male;25;7611;6022;5644
3522208;male;30;6720;5758;5582
3522208;male;35;6119;5330;5165
3522208;male;40;5525;4754;4649
3522208;male;45;4225;3497;3339
3522208;male;50;3741;2965;2885
3522208;male;55;2840;1970;1901
3522208;male;60;3313;1832;1756
3522307;female;16;2210;793;475
3522307;female;18;2649;1662;1158
3522307;female;20;5984;4374;3577
3522307;female;25;6301;4572;4013
3522307;female;30;5899;4311;3955
3522307;female;35;5166;3567;3227
3522307;female;40;4743;3243;3014
3522307;female;45;4609;2924;2774
3522307;female;50;4219;2066;1991
3522307;female;55;3551;1454;1406
3522307;female;60;4773;1126;1105
3522307;male;16;2635;1061;785
3522307;male;18;2276;1588;1299
3522307;male;20;6995;5187;4615
3522307;male;25;6861;5638;5379
3522307;male;30;6060;5325;5192
3522307;male;35;5210;4759;4672
3522307;male;40;4685;4129;4092
3522307;male;45;4488;3947;3859
3522307;male;50;4104;3246;3133
3522307;male;55;3030;2005;1996
3522307;male;60;4097;1823;1785
3522505;female;16;3822;1592;927
3522505;female;18;3547;2198;1614
3522505;female;20;9419;6513;5339
3522505;female;25;9805;6838;5711
3522505;female;30;9130;6315;5562
3522505;female;35;8036;5498;4822
3522505;female;40;7207;4659;4333
3522505;female;45;5912;3472;3221
3522505;female;50;5188;2639;2447
3522505;female;55;3689;1332;1219
3522505;female;60;4398;848;830
3522505;male;16;3941;1854;1339
3522505;male;18;3633;2662;2117
3522505;male;20;9440;7911;7101
3522505;male;25;9368;8178;7526
3522505;male;30;8564;7540;7219
3522505;male;35;7677;6718;6406
3522505;male;40;6761;5923;5710
3522505;male;45;5465;4720;4541
3522505;male;50;4581;3506;3348
3522505;male;55;3384;2173;2078
3522505;male;60;3877;1800;1717
3523107;female;16;6392;2184;1213
3523107;female;18;5732;3511;2394
3523107;female;20;15373;10652;8328
3523107;female;25;15009;10215;8178
3523107;female;30;14127;9303;8100
3523107;female;35;12727;8019;6938
3523107;female;40;11542;6932;5975
3523107;female;45;9893;5656;5023
3523107;female;50;8346;4034;3576
3523107;female;55;5981;2260;2067
3523107;female;60;6846;1259;1162
3523107;male;16;6263;2570;1620
3523107;male;18;5973;4383;3254
3523107;male;20;14972;12664;11449
3523107;male;25;14394;12893;11905
3523107;male;30;13313;12077;11462
3523107;male;35;12055;10876;10382
3523107;male;40;11112;9853;9387
3523107;male;45;8993;7603;7121
3523107;male;50;7827;6050;5780
3523107;male;55;5734;3830;3669
3523107;male;60;6047;2416;2247
3523404;female;16;1668;602;500
3523404;female;18;1509;1107;883
3523404;female;20;4584;3666;3287
3523404;female;25;4803;3921;3561
3523404;female;30;4394;3498;3317
3523404;female;35;3980;3047;2957
3523404;female;40;3890;3062;2934
3523404;female;45;3582;2329;2247
3523404;female;50;2991;1682;1613
3523404;female;55;2562;1058;1029
3523404;female;60;3326;662;633
3523404;male;16;1620;804;708
3523404;male;18;1529;1202;1106
3523404;male;20;4769;4393;4105
3523404;male;25;4823;4417;4226
3523404;male;30;4443;4202;4146
3523404;male;35;3910;3620;3565
3523404;male;40;3629;3381;3338
3523404;male;45;3420;3028;3001
3523404;male;50;2783;2419;2398
3523404;male;55;2638;1887;1868
3523404;male;60;3000;1500;1500
3523701;female;16;113;43;21
3523701;female;18;85;51;43
3523701;female;20;241;149;128
3523701;female;25;215;156;146
3523701;female;30;231;132;122
3523701;female;35;217;130;116
3523701;female;40;180;137;137
3523701;female;45;172;115;115
3523701;female;50;155;86;86
3523701;female;55;147;48;48
3523701;female;60;192;31;31
3523701;male;16;103;62;46
3523701;male;18;107;84;80
3523701;male;20;245;205;190
3523701;male;25;236;221;216
3523701;male;30;227;211;208
3523701;male;35;204;183;180
3523701;male;40;181;165;165
3523701;male;45;184;150;147
3523701;male;50;142;112;112
3523701;male;55;154;114;114
3523701;male;60;220;117;117
3523909;female;16;2571;988;669
3523909;female;18;2408;1440;1175
3523909;female;20;6784;5094;4466
3523909;female;25;7122;5392;4891
3523909;female;30;6715;5043;4727
3523909;female;35;6079;4372;4102
3523909;female;40;5753;4284;4095
3523909;female;45;5364;3594;3455
3523909;female;50;4652;2487;2365
3523909;female;55;3579;1722;1693
3523909;female;60;4930;954;949
3523909;male;16;2767;1258;915
3523909;male;18;2421;1730;1506
3523909;male;20;6941;5873;5450
3523909;male;25;7111;6456;6260
3523909;male;30;6657;6279;6120
3523909;male;35;6046;5528;5412
3523909;male;40;5485;4921;4789
3523909;male;45;5020;4583;4523
3523909;male;50;4215;3625;3581
3523909;male;55;3502;2599;2537
3523909;male;60;4231;2122;2089
3524006;female;16;793;334;201
3524006;female;18;664;474;405
3524006;female;20;2042;1667;1538
3524006;female;25;2260;1764;1646
3524006;female;30;2104;1614;1542
3524006;female;35;1813;1380;1275
3524006;female;40;1587;1037;968
3524006;female;45;1361;873;790
3524006;female;50;1211;612;582
3524006;female;55;782;410;399
3524006;female;60;1078;270;270
3524006;male;16;729;363;315
3524006;male;18;670;563;475
3524006;male;20;2273;2007;1934
3524006;male;25;2335;2234;2185
3524006;male;30;2164;2054;1968
3524006;male;35;1798;1704;1686
3524006;male;40;1658;1477;1441
3524006;male;45;1409;1304;1255
3524006;male;50;1107;980;968
3524006;male;55;976;773;773
3524006;male;60;1006;543;532
3524402;female;16;3168;1122;620
3524402;female;18;3455;2314;1636
3524402;female;20;8782;6624;5377
3524402;female;25;9364;6635;5748
3524402;female;30;9368;6720;5924
3524402;female;35;8533;6265;5658
3524402;female;40;8071;5251;4664
3524402;female;45;7579;4514;4216
3524402;female;50;6440;3091;2909
3524402;female;55;5795;2176;2086
3524402;female;60;7445;1506;1472
3524402;male;16;3500;1542;1108
3524402;male;18;3470;2514;1979
3524402;male;20;8725;7762;6819
3524402;male;25;8954;8138;7417
3524402;male;30;8737;8060;7653
3524402;male;35;8093;7519;7211
3524402;male;40;7641;7013;6755
3524402;male;45;6836;6137;5946
3524402;male;50;6057;4835;4571
3524402;male;55;5078;3217;3109
3524402;male;60;6364;2798;2732
3524501;female;16;95;47;32
3524501;female;18;96;59;53
3524501;female;20;248;161;149
3524501;female;25;256;190;178
3524501;female;30;244;174;163
3524501;female;35;230;160;157
3524501;female;40;210;158;151
3524501;female;45;206;137;130
3524501;female;50;153;98;89
3524501;female;55;112;48;48
3524501;female;60;172;15;15
3524501;male;16;99;55;45
3524501;male;18;86;64;61
3524501;male;20;268;233;221
3524501;male;25;299;278;266
3524501;male;30;268;235;232
3524501;male;35;210;196;196
3524501;male;40;216;195;192
3524501;male;45;199;188;183
3524501;male;50;154;124;118
3524501;male;55;157;113;113
3524501;male;60;157;75;71
3524907;female;16;104;31;27
3524907;female;18;92;50;44
3524907;female;20;201;115;102
3524907;female;25;218;140;131
3524907;female;30;202;145;131
3524907;female;35;205;175;165
3524907;female;40;179;119;117
3524907;female;45;175;142;136
3524907;female;50;158;86;84
3524907;female;55;96;38;38
3524907;female;60;171;23;23
3524907;male;16;91;42;34
3524907;male;18;108;97;77
3524907;male;20;247;231;219
3524907;male;25;252;240;235
3524907;male;30;231;210;197
3524907;male;35;177;164;154
3524907;male;40;182;174;174
3524907;male;45;188;175;168
3524907;male;50;148;134;129
3524907;male;55;162;135;135
3524907;male;60;180;78;78
3525003;female;16;2012;909;541
3525003;female;18;1753;1179;832
3525003;female;20;5440;4158;3437
3525003;female;25;5580;4395;3936
3525003;female;30;4965;3825;3462
3525003;female;35;4501;3404;3117
3525003;female;40;4121;3064;2899
3525003;female;45;3468;2455;2271
3525003;female;50;2862;1465;1433
3525003;female;55;2321;1096;1023
3525003;female;60;2457;490;467
3525003;male;16;2036;919;728
3525003;male;18;1822;1465;1246
3525003;male;20;5150;4588;4102
3525003;male;25;5388;5009;4737
3525003;male;30;4878;4627;4535
3525003;male;35;4102;3903;3827
3525003;male;40;3916;3497;3424
3525003;male;45;3262;2863;2826
3525003;male;50;2543;2140;2059
3525003;male;55;2186;1545;1489
3525003;male;60;2010;1005;980
3525102;female;16;561;165;70
3525102;female;18;597;222;116
3525102;female;20;1669;1022;920
3525102;female;25;1575;1048;950
3525102;female;30;1519;985;954
3525102;female;35;1352;804;755
3525102;female;40;1290;734;723
3525102;female;45;1155;662;649
3525102;female;50;1134;620;602
3525102;female;55;921;330;300
3525102;female;60;1251;225;225
3525102;male;16;699;294;212
3525102;male;18;682;453;401
3525102;male;20;1683;1284;1230
3525102;male;25;1655;1460;1426
3525102;male;30;1468;1336;1316
3525102;male;35;1299;1109;1109
3525102;male;40;1349;1116;1104
3525102;male;45;1231;1060;1029
3525102;male;50;975;800;800
3525102;male;55;961;643;643
3525102;male;60;1179;525;525
3525201;female;16;383;167;120
3525201;female;18;445;343;272
3525201;female;20;974;721;586
3525201;female;25;1056;739;681
3525201;female;30;998;736;674
3525201;female;35;917;637;556
3525201;female;40;790;615;545
3525201;female;45;712;537;511
3525201;female;50;564;391;370
3525201;female;55;605;342;332
3525201;female;60;737;224;213
3525201;male;16;510;204;185
3525201;male;18;402;289;268
3525201;male;20;1030;940;907
3525201;male;25;1126;1077;1040
3525201;male;30;999;999;984
3525201;male;35;972;922;853
3525201;male;40;848;795;787
3525201;male;45;727;660;649
3525201;male;50;598;480;450
3525201;male;55;617;523;514
3525201;male;60;754;452;452
3525300;female;16;1833;1037;945
3525300;female;18;2175;1512;1362
3525300;female;20;5550;4417;4066
3525300;female;25;5971;4815;4633
3525300;female;30;5585;4575;4394
3525300;female;35;4968;3939;3726
3525300;female;40;4768;3638;3527
3525300;female;45;4698;3257;3174
3525300;female;50;4224;2421;2384
3525300;female;55;3684;1717;1656
3525300;female;60;4796;1057;1025
3525300;male;16;1970;1304;1134
3525300;male;18;2053;1590;1491
3525300;male;20;5638;5032;4793
3525300;male;25;5900;5596;5440
3525300;male;30;5588;5293;5143
3525300;male;35;4927;4660;4624
3525300;male;40;4509;4174;4108
3525300;male;45;4388;4017;3945
3525300;male;50;4000;3576;3479
3525300;male;55;3220;2205;2187
3525300;male;60;3993;2297;2254
3525904;female;16;5059;2214;1717
3525904;female;18;5483;3624;3133
3525904;female;20;15388;11894;10668
3525904;female;25;17203;13886;12879
3525904;female;30;16516;12606;11689
3525904;female;35;14726;11119;10425
3525904;female;40;14093;10412;9765
3525904;female;45;13592;9147;8857
3525904;female;50;12131;6917;6657
3525904;female;55;10220;4561;4471
3525904;female;60;14373;3078;3025
3525904;male;16;5290;2192;1607
3525904;male;18;5691;4193;3677
3525904;male;20;15750;13652;12710
3525904;male;25;16879;15589;14883
3525904;male;30;16002;15138;14832
3525904;male;35;14124;13349;13033
3525904;male;40;13626;12585;12309
3525904;male;45;12452;11356;10968
3525904;male;50;11123;9592;9372
3525904;male;55;9230;6568;6438
3525904;male;60;11952;5581;5498
3526902;female;16;4256;1684;1193
3526902;female;18;4482;2999;2424
3526902;female;20;12255;9304;8243
3526902;female;25;12458;9824;8950
3526902;female;30;11641;8838;8193
3526902;female;35;10793;7882;7426
3526902;female;40;10454;7612;7109
3526902;female;45;10112;6283;5993
3526902;female;50;9491;5285;5078
3526902;female;55;6923;2621;2492
3526902;female;60;9357;2102;2015
3526902;male;16;4076;1779;1412
3526902;male;18;4605;3320;2927
3526902;male;20;12242;10413;9654
3526902;male;25;12385;11334;10859
3526902;male;30;11410;10662;10385
3526902;male;35;10296;9494;9258
3526902;male;40;9963;9184;8940
3526902;male;45;9350;8255;8099
3526902;male;50;8154;6813;6714
3526902;male;55;7163;5125;5049
3526902;male;60;8545;4130;4024
3527306;female;16;574;236;178
3527306;female;18;702;506;422
3527306;female;20;2064;1742;1648
3527306;female;25;2079;1643;1546
3527306;female;30;1755;1451;1347
3527306;female;35;1387;1007;958
3527306;female;40;1265;906;878
3527306;female;45;1111;799;758
3527306;female;50;877;565;535
3527306;female;55;640;276;276
3527306;female;60;802;183;183
3527306;male;16;442;237;180
3527306;male;18;857;636;602
3527306;male;20;2192;2064;1996
3527306;male;25;2275;2144;2121
3527306;male;30;1915;1822;1792
3527306;male;35;1471;1414;1399
3527306;male;40;1264;1180;1180
3527306;male;45;1098;995;938
3527306;male;50;889;824;824
3527306;male;55;625;491;479
3527306;male;60;805;538;531
3528403;female;16;562;202;106
3528403;female;18;859;555;322
3528403;female;20;1864;1287;977
3528403;female;25;1920;1361;1163
3528403;female;30;1798;1107;878
3528403;female;35;1619;1210;1028
3528403;female;40;1609;1078;942
3528403;female;45;1495;917;822
3528403;female;50;1173;494;494
3528403;female;55;1021;466;461
3528403;female;60;1373;297;286
3528403;male;16;741;218;99
3528403;male;18;716;573;472
3528403;male;20;1802;1543;1394
3528403;male;25;1829;1636;1528
3528403;male;30;1772;1632;1486
3528403;male;35;1612;1410;1354
3528403;male;40;1587;1392;1369
3528403;male;45;1406;1161;1101
3528403;male;50;1189;839;808
3528403;male;55;1016;582;571
3528403;male;60;1284;487;476
3528502;female;16;1426;459;310
3528502;female;18;1087;568;431
3528502;female;20;3213;2055;1797
3528502;female;25;3269;2352;2127
3528502;female;30;3671;2320;2220
3528502;female;35;3374;2209;2063
3528502;female;40;2725;1853;1732
3528502;female;45;2846;1630;1582
3528502;female;50;2346;1287;1234
3528502;female;55;1977;834;834
3528502;female;60;2758;627;576
3528502;male;16;1478;610;483
3528502;male;18;1318;853;757
3528502;male;20;3480;2634;2514
3528502;male;25;3127;2688;2618
3528502;male;30;3320;3066;2998
3528502;male;35;3338;2896;2813
3528502;male;40;2903;2576;2520
3528502;male;45;2702;2448;2398
3528502;male;50;2407;2072;1996
3528502;male;55;1897;1338;1315
3528502;male;60;2791;1287;1274
3528858;female;16;36;11;11
3528858;female;18;47;37;28
3528858;female;20;102;72;55
3528858;female;25;119;88;82
3528858;female;30;89;62;59
3528858;female;35;111;77;77
3528858;female;40;91;48;48
3528858;female;45;92;51;50
3528858;female;50;81;34;32
3528858;female;55;71;20;16
3528858;female;60;101;21;21
3528858;male;16;56;32;32
3528858;male;18;22;21;21
3528858;male;20;123;106;106
3528858;male;25;111;100;100
3528858;male;30;106;102;102
3528858;male;35;107;102;98
3528858;male;40;86;86;86
3528858;male;45;95;86;86
3528858;male;50;77;70;69
3528858;male;55;94;72;72
3528858;male;60;108;55;55
3529005;female;16;3402;1248;848
3529005;female;18;3483;2062;1467
3529005;female;20;9217;6406;5177
3529005;female;25;9310;7098;6250
3529005;female;30;9122;7225;6574
3529005;female;35;8630;6725;6262
3529005;female;40;8297;6411;5974
3529005;female;45;7930;5869;5560
3529005;female;50;7057;4453;4277
3529005;female;55;6233;2612;2518
3529005;female;60;8585;1766;1733
3529005;male;16;3386;1362;965
3529005;male;18;3278;2232;1746
3529005;male;20;9271;7244;6543
3529005;male;25;9342;7991;7521
3529005;male;30;8723;8021;7656
3529005;male;35;8024;7491;7306
3529005;male;40;7495;6987;6837
3529005;male;45;7032;6367;6247
3529005;male;50;6558;5666;5581
3529005;male;55;4944;3794;3628
3529005;male;60;7144;3701;3636
3529401;female;16;6948;2623;1590
3529401;female;18;6908;4621;2971
3529401;female;20;20386;14932;11514
3529401;female;25;20723;15185;12809
3529401;female;30;18860;12979;11141
3529401;female;35;17070;11673;10048
3529401;female;40;15870;10727;9519
3529401;female;45;14409;8562;7897
3529401;female;50;11806;5538;5102
3529401;female;55;9547;3599;3385
3529401;female;60;11711;2137;2020
3529401;male;16;7284;3277;1875
3529401;male;18;6741;5290;4083
3529401;male;20;20267;17178;14815
3529401;male;25;20089;18170;16892
3529401;male;30;18311;16620;15500
3529401;male;35;15971;14703;13840
3529401;male;40;15202;13838;13224
3529401;male;45;12945;11173;10647
3529401;male;50;10814;8419;8053
3529401;male;55;8848;5531;5329
3529401;male;60;9400;3650;3537
3530300;female;16;742;226;196
3530300;female;18;785;498;376
3530300;female;20;2228;1622;1355
3530300;female;25;2239;1858;1643
3530300;female;30;2277;1734;1564
3530300;female;35;2185;1557;1468
3530300;female;40;2172;1610;1487
3530300;female;45;1974;1213;1153
3530300;female;50;1664;985;887
3530300;female;55;1531;622;618
3530300;female;60;2094;510;500
3530300;male;16;826;502;425
3530300;male;18;893;550;494
3530300;male;20;2281;1876;1751
3530300;male;25;2210;1884;1733
3530300;male;30;2312;2146;1999
3530300;male;35;2079;1811;1747
3530300;male;40;2066;1874;1811
3530300;male;45;1939;1745;1710
3530300;male;50;1512;1182;1142
3530300;male;55;1484;1160;1103
3530300;male;60;1793;820;765
3530409;female;16;61;32;18
3530409;female;18;65;43;37
3530409;female;20;181;118;105
3530409;female;25;170;123;112
3530409;female;30;153;98;93
3530409;female;35;152;124;116
3530409;female;40;160;92;85
3530409;female;45;135;92;86
3530409;female;50;131;60;57
3530409;female;55;103;27;25
3530409;female;60;194;37;37
3530409;male;16;46;16;9
3530409;male;18;84;65;60
3530409;male;20;153;147;143
3530409;male;25;169;160;160
3530409;male;30;200;189;189
3530409;male;35;140;134;134
3530409;male;40;162;152;147
3530409;male;45;136;125;125
3530409;male;50;136;113;105
3530409;male;55;103;86;80
3530409;male;60;188;91;91
3530607;female;16;6629;2255;1331
3530607;female;18;5871;3815;2724
3530607;female;20;16944;11587;9181
3530607;female;25;17305;12742;10994
3530607;female;30;16633;11938;10729
3530607;female;35;15241;10589;9647
3530607;female;40;14516;10120;9305
3530607;female;45;13558;8260;7679
3530607;female;50;11833;6040;5661
3530607;female;55;9113;3647;3395
3530607;female;60;12436;2565;2513
3530607;male;16;6834;2691;1876
3530607;male;18;6442;4146;3189
3530607;male;20;16687;14142;12613
3530607;male;25;16658;15313;14110
3530607;male;30;15861;14549;13757
3530607;male;35;14260;13111;12645
3530607;male;40;13281;11920;11431
3530607;male;45;12385;10763;10359
3530607;male;50;10552;8447;8073
3530607;male;55;8531;5616;5315
3530607;male;60;10437;4469;4351
3530706;female;16;2182;830;604
3530706;female;18;2258;1445;1007
3530706;female;20;6025;4370;3583
3530706;female;25;6236;4573;4071
3530706;female;30;5679;4109;3721
3530706;female;35;5085;3352;3105
3530706;female;40;5156;3541;3335
3530706;female;45;4984;3027;2774
3530706;female;50;4373;1923;1822
3530706;female;55;3599;1271;1197
3530706;female;60;4737;708;671
3530706;male;16;2311;1172;888
3530706;male;18;2248;1727;1415
3530706;male;20;6070;5414;5010
3530706;male;25;6176;5813;5487
3530706;male;30;5765;5380;5245
3530706;male;35;5186;4840;4749
3530706;male;40;4970;4427;4319
3530706;male;45;4639;4026;3895
3530706;male;50;4048;3333;3244
3530706;male;55;3500;2271;2229
3530706;male;60;4676;1922;1879
3530805;female;16;1294;500;235
3530805;female;18;1289;772;593
3530805;female;20;3597;2537;2067
3530805;female;25;3772;2882;2532
3530805;female;30;3436;2550;2331
3530805;female;35;3286;2420;2214
3530805;female;40;3207;2086;1952
3530805;female;45;3246;2189;2031
3530805;female;50;3014;1672;1634
3530805;female;55;2356;981;956
3530805;female;60;3229;561;520
3530805;male;16;1464;621;459
3530805;male;18;1366;798;725
3530805;male;20;3671;3028;2747
3530805;male;25;3725;3399;3167
3530805;male;30;3601;3246;3047
3530805;male;35;3276;3020;2966
3530805;male;40;3221;2917;2864
3530805;male;45;2980;2640;2578
3530805;male;50;2685;2224;2114
3530805;male;55;2208;1548;1509
3530805;male;60;3021;1383;1374
3531100;female;16;665;221;98
3531100;female;18;686;346;239
3531100;female;20;1610;1108;861
3531100;female;25;1539;998;843
3531100;female;30;1888;1469;1343
3531100;female;35;1482;1031;942
3531100;female;40;1568;1072;958
3531100;female;45;1488;924;865
3531100;female;50;1504;644;610
3531100;female;55;1583;527;499
3531100;female;60;1965;360;350
3531100;male;16;796;325;232
3531100;male;18;651;462;314
3531100;male;20;2105;1521;1284
3531100;male;25;1804;1173;1126
3531100;male;30;1830;1438;1293
3531100;male;35;1526;1183;1152
3531100;male;40;1503;1264;1207
3531100;male;45;1311;1050;1013
3531100;male;50;1358;962;884
3531100;male;55;1077;650;604
3531100;male;60;2021;721;671
3531704;female;16;73;18;14
3531704;female;18;49;24;20
3531704;female;20;132;76;71
3531704;female;25;140;102;102
3531704;female;30;160;104;100
3531704;female;35;160;103;92
3531704;female;40;131;92;92
3531704;female;45;144;73;68
3531704;female;50;103;52;50
3531704;female;55;107;38;38
3531704;female;60;145;59;59
3531704;male;16;70;29;26
3531704;male;18;82;55;50
3531704;male;20;154;121;112
3531704;male;25;145;142;142
3531704;male;30;144;137;137
3531704;male;35;151;145;145
3531704;male;40;153;129;123
3531704;male;45;135;116;116
3531704;male;50;149;124;121
3531704;male;55;103;78;78
3531704;male;60;183;124;124
3531803;female;16;797;300;174
3531803;female;18;851;483;380
3531803;female;20;2255;1618;1253
3531803;female;25;2226;1587;1333
3531803;female;30;2205;1682;1565
3531803;female;35;1999;1401;1315
3531803;female;40;1657;1122;1048
3531803;female;45;1514;927;860
3531803;female;50;1240;506;456
3531803;female;55;1094;466;459
3531803;female;60;1362;270;260
3531803;male;16;812;381;327
3531803;male;18;898;714;551
3531803;male;20;2298;2106;1881
3531803;male;25;2192;2082;1995
3531803;male;30;2260;2065;1953
3531803;male;35;1963;1914;1862
3531803;male;40;1716;1582;1531
3531803;male;45;1381;1221;1142
3531803;male;50;1245;1064;990
3531803;male;55;1022;696;659
3531803;male;60;1310;610;591
3532207;female;16;91;23;14
3532207;female;18;82;42;22
3532207;female;20;185;137;106
3532207;female;25;155;101;80
3532207;female;30;170;109;94
3532207;female;35;153;112;108
3532207;female;40;171;118;103
3532207;female;45;120;59;49
3532207;female;50;113;67;62
3532207;female;55;81;32;32
3532207;female;60;125;15;15
3532207;male;16;82;44;38
3532207;male;18;63;58;53
3532207;male;20;177;170;158
3532207;male;25;182;172;160
3532207;male;30;177;170;160
3532207;male;35;158;145;142
3532207;male;40;173;153;150
3532207;male;45;142;126;117
3532207;male;50;123;105;102
3532207;male;55;89;61;53
3532207;male;60;132;72;69
3532504;female;16;113;30;30
3532504;female;18;126;95;89
3532504;female;20;349;225;225
3532504;female;25;359;288;266
3532504;female;30;306;228;202
3532504;female;35;346;248;244
3532504;female;40;335;229;223
3532504;female;45;323;235;221
3532504;female;50;326;188;183
3532504;female;55;237;106;98
3532504;female;60;455;62;62
3532504;male;16;142;57;53
3532504;male;18;95;73;63
3532504;male;20;350;322;294
3532504;male;25;372;363;363
3532504;male;30;359;321;321
3532504;male;35;314;288;288
3532504;male;40;345;326;322
3532504;male;45;342;314;310
3532504;male;50;277;242;236
3532504;male;55;263;187;187
3532504;male;60;383;212;212
3532801;female;16;94;55;30
3532801;female;18;80;56;31
3532801;female;20;236;174;136
3532801;female;25;232;182;161
3532801;female;30;228;184;162
3532801;female;35;213;160;150
3532801;female;40;211;163;157
3532801;female;45;217;151;146
3532801;female;50;207;126;126
3532801;female;55;117;43;39
3532801;female;60;244;34;34
3532801;male;16;65;39;30
3532801;male;18;89;66;46
3532801;male;20;238;228;216
3532801;male;25;239;221;212
3532801;male;30;243;240;238
3532801;male;35;187;178;178
3532801;male;40;206;203;199
3532801;male;45;200;186;182
3532801;male;50;192;172;165
3532801;male;55;139;117;117
3532801;male;60;239;111;111
3533254;female;16;70;28;16
3533254;female;18;108;79;60
3533254;female;20;228;174;128
3533254;female;25;196;130;105
3533254;female;30;176;116;97
3533254;female;35;161;106;92
3533254;female;40;116;75;64
3533254;female;45;94;69;59
3533254;female;50;82;48;45
3533254;female;55;67;25;25
3533254;female;60;122;11;8
3533254;male;16;65;43;31
3533254;male;18;119;113;104
3533254;male;20;305;290;282
3533254;male;25;265;259;256
3533254;male;30;236;230;228
3533254;male;35;170;167;163
3533254;male;40;157;154;154
3533254;male;45;132;127;127
3533254;male;50;94;86;82
3533254;male;55;69;59;59
3533254;male;60;128;74;71
3533403;female;16;902;347;261
3533403;female;18;689;483;378
3533403;female;20;2223;1692;1388
3533403;female;25;2408;1874;1674
3533403;female;30;2328;1759;1660
3533403;female;35;2058;1485;1406
3533403;female;40;1803;1295;1194
3533403;female;45;2015;1376;1345
3533403;female;50;1758;1010;949
3533403;female;55;1177;447;437
3533403;female;60;1569;252;230
3533403;male;16;709;343;261
3533403;male;18;852;668;626
3533403;male;20;2430;2013;1868
3533403;male;25;2334;2100;1998
3533403;male;30;2170;1969;1909
3533403;male;35;2110;1966;1891
3533403;male;40;2023;1867;1848
3533403;male;45;1682;1533;1500
3533403;male;50;1527;1284;1254
3533403;male;55;1230;839;819
3533403;male;60;1506;693;660
3534104;female;16;80;27;24
3534104;female;18;87;48;30
3534104;female;20;264;191;155
3534104;female;25;230;186;144
3534104;female;30;210;158;144
3534104;female;35;225;154;143
3534104;female;40;232;172;158
3534104;female;45;260;198;184
3534104;female;50;195;98;89
3534104;female;55;153;46;39
3534104;female;60;250;26;23
3534104;male;16;98;30;24
3534104;male;18;126;87;83
3534104;male;20;272;242;216
3534104;male;25;262;226;213
3534104;male;30;207;199;189
3534104;male;35;190;176;176
3534104;male;40;212;210;199
3534104;male;45;206;178;170
3534104;male;50;203;146;146
3534104;male;55;173;128;124
3534104;male;60;215;90;90
3534401;female;16;10743;3995;2618
3534401;female;18;10712;6780;5154
3534401;female;20;30622;22518;18893
3534401;female;25;32578;24698;22070
3534401;female;30;31164;22832;21214
3534401;female;35;27607;20127;18926
3534401;female;40;25997;17589;16140
3534401;female;45;23577;14350;13486
3534401;female;50;20410;11377;10675
3534401;female;55;16509;6578;6420
3534401;female;60;21662;5113;4964
3534401;male;16;10239;4347;3192
3534401;male;18;11076;7861;6305
3534401;male;20;30446;25117;22564
3534401;male;25;31050;26690;25218
3534401;male;30;28788;25779;24636
3534401;male;35;25518;22527;21718
3534401;male;40;23709;20911;20129
3534401;male;45;20642;17562;16743
3534401;male;50;17615;13987;13284
3534401;male;55;13876;9778;9532
3534401;male;60;16426;7524;7212
3534708;female;16;1669;570;412
3534708;female;18;1826;1152;738
3534708;female;20;4297;2998;2400
3534708;female;25;4200;3226;2802
3534708;female;30;4242;3087;2746
3534708;female;35;3968;2840;2595
3534708;female;40;3947;2676;2503
3534708;female;45;3713;2240;2167
3534708;female;50;3273;1704;1600
3534708;female;55;2928;1112;1028
3534708;female;60;4051;840;816
3534708;male;16;1832;761;646
3534708;male;18;1585;1172;986
3534708;male;20;4260;3623;3341
3534708;male;25;4315;3970;3738
3534708;male;30;3887;3678;3599
3534708;male;35;3663;3484;3381
3534708;male;40;3576;3241;3203
3534708;male;45;3395;3114;3000
3534708;male;50;2835;2479;2431
3534708;male;55;2576;1698;1627
3534708;male;60;3542;1742;1685
3536307;female;16;249;83;59
3536307;female;18;216;118;67
3536307;female;20;534;386;311
3536307;female;25;516;367;331
3536307;female;30;476;309;297
3536307;female;35;494;329;296
3536307;female;40;441;326;311
3536307;female;45;392;279;257
3536307;female;50;415;233;206
3536307;female;55;283;110;110
3536307;female;60;446;74;71
3536307;male;16;275;148;78
3536307;male;18;243;221;194
3536307;male;20;555;489;465
3536307;male;25;593;505;481
3536307;male;30;529;513;507
3536307;male;35;452;435;417
3536307;male;40;473;454;425
3536307;male;45;414;373;370
3536307;male;50;398;346;340
3536307;male;55;312;267;249
3536307;male;60;402;194;184
3536505;female;16;1220;376;256
3536505;female;18;1367;897;679
3536505;female;20;3525;2774;2266
3536505;female;25;3930;3088;2704
3536505;female;30;4080;3161;2787
3536505;female;35;3610;2640;2500
3536505;female;40;3161;2462;2171
3536505;female;45;2932;1874;1774
3536505;female;50;2433;1519;1488
3536505;female;55;1772;801;737
3536505;female;60;2153;438;418
3536505;male;16;1438;676;518
3536505;male;18;1260;974;784
3536505;male;20;3731;3420;3057
3536505;male;25;3811;3606;3362
3536505;male;30;3774;3616;3471
3536505;male;35;3562;3440;3312
3536505;male;40;3151;3043;2952
3536505;male;45;2787;2589;2459
3536505;male;50;2061;1811;1734
3536505;male;55;1965;1441;1354
3536505;male;60;1975;954;954
3538006;female;16;2404;720;453
3538006;female;18;2550;1554;855
3538006;female;20;6448;4693;3513
3538006;female;25;6823;4884;4017
3538006;female;30;6297;4413;3899
3538006;female;35;5609;3929;3515
3538006;female;40;5126;3198;2802
3538006;female;45;5112;3086;2833
3538006;female;50;4677;2301;2155
3538006;female;55;3702;1493;1418
3538006;female;60;4476;874;828
3538006;male;16;2764;972;647
3538006;male;18;2297;1680;1339
3538006;male;20;6328;5631;4932
3538006;male;25;6709;6336;5933
3538006;male;30;6212;5838;5615
3538006;male;35;5327;5061;4775
3538006;male;40;4895;4585;4325
3538006;male;45;4535;4127;4026
3538006;male;50;4178;3567;3480
3538006;male;55;3619;2620;2526
3538006;male;60;4402;2001;1974
3538105;female;16;228;75;51
3538105;female;18;188;135;113
3538105;female;20;611;421;377
3538105;female;25;614;468;411
3538105;female;30;569;372;328
3538105;female;35;548;357;351
3538105;female;40;545;384;361
3538105;female;45;464;308;303
3538105;female;50;514;302;286
3538105;female;55;346;124;124
3538105;female;60;585;71;71
3538105;male;16;228;104;98
3538105;male;18;277;228;210
3538105;male;20;686;619;586
3538105;male;25;715;672;667
3538105;male;30;615;590;577
3538105;male;35;582;517;499
3538105;male;40;531;492;486
3538105;male;45;514;417;413
3538105;male;50;415;336;336
3538105;male;55;423;288;288
3538105;male;60;625;246;241
3538709;female;16;5408;1798;1238
3538709;female;18;5770;3507;2587
3538709;female;20;15719;11590;9895
3538709;female;25;17134;12699;11519
3538709;female;30;15931;11871;10928
3538709;female;35;13860;10070;9422
3538709;female;40;13049;9321;8799
3538709;female;45;12980;8359;7887
3538709;female;50;11555;6377;6056
3538709;female;55;9739;4121;3911
3538709;female;60;13444;3293;3232
3538709;male;16;5073;2122;1689
3538709;male;18;6211;4416;3834
3538709;male;20;16208;13403;12406
3538709;male;25;17146;15550;14776
3538709;male;30;15238;14123;13757
3538709;male;35;13522;12624;12219
3538709;male;40;12596;11811;11460
3538709;male;45;11958;10695;10502
3538709;male;50;10437;8715;8485
3538709;male;55;9023;6340;6143
3538709;male;60;11407;5888;5752
3539103;female;16;292;74;58
3539103;female;18;287;168;131
3539103;female;20;712;433;364
3539103;female;25;679;466;434
3539103;female;30;753;541;509
3539103;female;35;578;410;370
3539103;female;40;514;309;279
3539103;female;45;467;298;269
3539103;female;50;381;173;157
3539103;female;55;248;101;91
3539103;female;60;333;98;88
3539103;male;16;345;71;65
3539103;male;18;234;158;137
3539103;male;20;702;590;517
3539103;male;25;630;537;511
3539103;male;30;642;586;552
3539103;male;35;594;502;490
3539103;male;40;561;500;489
3539103;male;45;431;343;338
3539103;male;50;343;251;246
3539103;male;55;275;162;152
3539103;male;60;386;149;145
3539202;female;16;419;110;46
3539202;female;18;412;223;157
3539202;female;20;1049;788;558
3539202;female;25;918;739;654
3539202;female;30;992;789;662
3539202;female;35;984;657;643
3539202;female;40;1017;665;616
3539202;female;45;856;581;560
3539202;female;50;803;414;394
3539202;female;55;620;238;227
3539202;female;60;851;163;163
3539202;male;16;438;182;158
3539202;male;18;440;325;292
3539202;male;20;1106;882;831
3539202;male;25;943;882;854
3539202;male;30;913;866;851
3539202;male;35;883;843;814
3539202;male;40;961;873;861
3539202;male;45;905;856;847
3539202;male;50;625;517;496
3539202;male;55;557;348;340
3539202;male;60;814;408;408
3539400;female;16;179;78;63
3539400;female;18;156;90;73
3539400;female;20;438;320;287
3539400;female;25;534;422;382
3539400;female;30;526;410;383
3539400;female;35;435;352;343
3539400;female;40;392;316;299
3539400;female;45;428;273;269
3539400;female;50;348;169;169
3539400;female;55;377;136;136
3539400;female;60;455;119;119
3539400;male;16;148;86;76
3539400;male;18;196;144;138
3539400;male;20;523;477;469
3539400;male;25;495;456;438
3539400;male;30;494;468;468
3539400;male;35;409;401;392
3539400;male;40;406;362;362
3539400;male;45;382;333;328
3539400;male;50;355;303;291
3539400;male;55;370;288;283
3539400;male;60;453;235;235
3539806;female;16;1850;543;429
3539806;female;18;1784;1192;870
3539806;female;20;4860;3492;2920
3539806;female;25;4889;3576;3091
3539806;female;30;4621;3261;2825
3539806;female;35;4308;2971;2730
3539806;female;40;4052;2776;2595
3539806;female;45;3695;2359;2139
3539806;female;50;3189;1629;1483
3539806;female;55;2663;1067;1018
3539806;female;60;3050;654;619
3539806;male;16;1724;705;497
3539806;male;18;2042;1460;1174
3539806;male;20;4824;4075;3520
3539806;male;25;4672;4275;3885
3539806;male;30;4362;4065;3918
3539806;male;35;3921;3518;3262
3539806;male;40;3631;3240;3061
3539806;male;45;3220;2769;2667
3539806;male;50;2659;2094;2039
3539806;male;55;2426;1558;1474
3539806;male;60;2659;1110;1085
3540754;female;16;253;126;126
3540754;female;18;351;248;191
3540754;female;20;753;576;497
3540754;female;25;800;599;567
3540754;female;30;688;492;463
3540754;female;35;642;469;469
3540754;female;40;563;376;357
3540754;female;45;517;363;355
3540754;female;50;465;304;293
3540754;female;55;308;106;106
3540754;female;60;544;156;156
3540754;male;16;264;113;113
3540754;male;18;414;307;268
3540754;male;20;1545;797;749
3540754;male;25;1633;720;672
3540754;male;30;1188;690;663
3540754;male;35;900;612;612
3540754;male;40;668;551;541
3540754;male;45;532;483;459
3540754;male;50;489;374;354
3540754;male;55;280;187;179
3540754;male;60;365;123;123
3541000;female;16;4232;1451;805
3541000;female;18;4149;2480;1583
3541000;female;20;10185;7327;5647
3541000;female;25;11403;8460;7146
3541000;female;30;11494;8465;7222
3541000;female;35;10273;7267;6482
3541000;female;40;8887;5970;5392
3541000;female;45;8315;5481;5077
3541000;female;50;8052;4257;3919
3541000;female;55;7476;2924;2780
3541000;female;60;10571;2053;1971
3541000;male;16;4157;1747;1154
3541000;male;18;4075;2831;2224
3541000;male;20;10337;9157;7969
3541000;male;25;10724;9712;8946
3541000;male;30;10472;9724;9273
3541000;male;35;9684;8970;8604
3541000;male;40;8551;7849;7520
3541000;male;45;7401;6588;6349
3541000;male;50;6812;5420;5209
3541000;male;55;5972;3897;3721
3541000;male;60;8747;3514;3401
3541208;female;16;232;26;26
3541208;female;18;202;84;63
3541208;female;20;495;329;279
3541208;female;25;511;414;379
3541208;female;30;466;316;303
3541208;female;35;502;379;350
3541208;female;40;547;373;355
3541208;female;45;525;323;294
3541208;female;50;450;199;194
3541208;female;55;371;159;154
3541208;female;60;696;99;99
3541208;male;16;229;77;63
3541208;male;18;189;130;104
3541208;male;20;563;449;396
3541208;male;25;494;451;434
3541208;male;30;476;424;424
3541208;male;35;457;402;402
3541208;male;40;524;470;446
3541208;male;45;491;438;438
3541208;male;50;426;319;315
3541208;male;55;378;317;307
3541208;male;60;566;255;245
3541406;female;16;3359;1220;761
3541406;female;18;3036;1528;1043
3541406;female;20;8769;6516;5523
3541406;female;25;8801;6865;6135
3541406;female;30;8663;6829;6215
3541406;female;35;8215;6412;5870
3541406;female;40;8337;6222;5811
3541406;female;45;8013;5587;5399
3541406;female;50;6936;4219;4099
3541406;female;55;6157;2553;2526
3541406;female;60;8363;1934;1914
3541406;male;16;3406;1256;910
3541406;male;18;3293;2287;1913
3541406;male;20;8474;6883;6335
3541406;male;25;8548;7761;7447
3541406;male;30;8290;7784;7397
3541406;male;35;7617;7147;6941
3541406;male;40;7601;7010;6770
3541406;male;45;6888;6276;6135
3541406;male;50;5738;4902;4715
3541406;male;55;5116;3663;3561
3541406;male;60;6858;3325;3283
3542305;female;16;50;7;7
3542305;female;18;68;24;16
3542305;female;20;130;59;37
3542305;female;25;137;79;63
3542305;female;30;127;51;43
3542305;female;35;140;63;51
3542305;female;40;121;49;45
3542305;female;45;125;45;37
3542305;female;50;102;38;33
3542305;female;55;98;21;19
3542305;female;60;152;4;4
3542305;male;16;71;23;23
3542305;male;18;62;44;29
3542305;male;20;127;101;85
3542305;male;25;131;118;118
3542305;male;30;142;124;120
3542305;male;35;144;127;121
3542305;male;40;127;106;98
3542305;male;45;134;101;94
3542305;male;50;173;115;113
3542305;male;55;93;53;48
3542305;male;60;149;60;58
3542404;female;16;275;119;67
3542404;female;18;283;174;141
3542404;female;20;745;531;474
3542404;female;25;754;552;496
3542404;female;30;734;540;470
3542404;female;35;663;504;460
3542404;female;40;746;530;494
3542404;female;45;697;446;428
3542404;female;50;588;324;309
3542404;female;55;502;151;151
3542404;female;60;715;115;110
3542404;male;16;310;186;152
3542404;male;18;308;232;203
3542404;male;20;750;661;616
3542404;male;25;765;692;673
3542404;male;30;746;710;677
3542404;male;35;693;664;644
3542404;male;40;660;624;619
3542404;male;45;655;566;550
3542404;male;50;610;502;488
3542404;male;55;404;312;312
3542404;male;60;610;329;329
3542701;female;16;125;44;34
3542701;female;18;129;76;56
3542701;female;20;303;215;190
3542701;female;25;282;210;201
3542701;female;30;249;176;164
3542701;female;35;228;150;141
3542701;female;40;205;144;138
3542701;female;45;209;133;130
3542701;female;50;204;116;104
3542701;female;55;111;43;39
3542701;female;60;170;47;47
3542701;male;16;124;74;71
3542701;male;18;80;69;63
3542701;male;20;339;280;261
3542701;male;25;265;227;217
3542701;male;30;260;231;224
3542701;male;35;221;196;196
3542701;male;40;233;210;210
3542701;male;45;197;178;178
3542701;male;50;183;152;152
3542701;male;55;160;105;101
3542701;male;60;148;82;79
3543105;female;16;87;33;22
3543105;female;18;73;37;32
3543105;female;20;171;119;106
3543105;female;25;195;156;150
3543105;female;30;139;92;84
3543105;female;35;165;127;127
3543105;female;40;120;91;86
3543105;female;45;130;105;104
3543105;female;50;118;59;57
3543105;female;55;86;38;38
3543105;female;60;129;39;39
3543105;male;16;77;51;51
3543105;male;18;59;59;59
3543105;male;20;222;205;193
3543105;male;25;164;164;164
3543105;male;30;201;192;180
3543105;male;35;172;165;161
3543105;male;40;146;139;139
3543105;male;45;125;120;120
3543105;male;50;111;96;96
3543105;male;55;87;73;73
3543105;male;60;145;84;79
3543303;female;16;1723;462;334
3543303;female;18;1615;1078;782
3543303;female;20;5023;3660;2952
3543303;female;25;5149;3708;3213
3543303;female;30;5016;3477;3124
3543303;female;35;4670;3215;2727
3543303;female;40;4429;2703;2447
3543303;female;45;4078;2595;2362
3543303;female;50;3798;1751;1578
3543303;female;55;2980;1106;1053
3543303;female;60;4044;837;805
3543303;male;16;1628;557;428
3543303;male;18;2005;1454;1135
3543303;male;20;5014;4215;3683
3543303;male;25;5105;4569;4189
3543303;male;30;4764;4274;3942
3543303;male;35;4291;3924;3716
3543303;male;40;4072;3640;3460
3543303;male;45;3751;3290;3128
3543303;male;50;3188;2461;2363
3543303;male;55;2958;1881;1823
3543303;male;60;3516;1554;1447
3543402;female;16;8508;2846;1953
3543402;female;18;9937;5796;4748
3543402;female;20;28326;20947;18274
3543402;female;25;30006;23861;22311
3543402;female;30;26965;22028;20921
3543402;female;35;23475;18446;17605
3543402;female;40;21407;16448;15962
3543402;female;45;21850;15803;15179
3543402;female;50;20012;13269;12960
3543402;female;55;16365;8824;8650
3543402;female;60;23834;7387;7256
3543402;male;16;9363;3789;3094
3543402;male;18;9945;7167;6376
3543402;male;20;27626;22908;21264
3543402;male;25;28939;26229;25224
3543402;male;30;25840;24245;23499
3543402;male;35;22104;20434;20081
3543402;male;40;20325;19426;18964
3543402;male;45;19005;17465;17245
3543402;male;50;16325;14848;14518
3543402;male;55;14741;11709;11537
3543402;male;60;17306;9810;9603
3543709;female;16;180;40;27
3543709;female;18;173;56;33
3543709;female;20;434;253;200
3543709;female;25;468;325;283
3543709;female;30;388;233;222
3543709;female;35;380;238;228
3543709;female;40;367;247;231
3543709;female;45;302;197;193
3543709;female;50;298;113;108
3543709;female;55;210;69;69
3543709;female;60;352;75;75
3543709;male;16;165;68;45
3543709;male;18;211;138;124
3543709;male;20;448;399;399
3543709;male;25;444;433;422
3543709;male;30;412;351;338
3543709;male;35;394;381;377
3543709;male;40;377;357;348
3543709;male;45;329;311;307
3543709;male;50;304;285;281
3543709;male;55;219;177;177
3543709;male;60;350;149;144
3543907;female;16;2882;1093;716
3543907;female;18;2944;1998;1562
3543907;female;20;7931;5956;5118
3543907;female;25;8454;6803;6234
3543907;female;30;8091;6380;6010
3543907;female;35;7209;5460;5115
3543907;female;40;6820;5089;4820
3543907;female;45;6649;4532;4323
3543907;female;50;6071;3575;3403
3543907;female;55;4834;2096;2055
3543907;female;60;7292;1731;1668
3543907;male;16;3042;1519;1173
3543907;male;18;2811;2130;1744
3543907;male;20;8139;7084;6477
3543907;male;25;8549;7912;7448
3543907;male;30;7985;7622;7352
3543907;male;35;6887;6516;6389
3543907;male;40;6466;6056;5888
3543907;male;45;6332;5874;5701
3543907;male;50;5747;5024;4884
3543907;male;55;4094;3122;3070
3543907;male;60;5742;2980;2915
3544004;female;16;528;169;81
3544004;female;18;398;241;149
3544004;female;20;1412;1107;857
3544004;female;25;1407;1113;879
3544004;female;30;1263;931;784
3544004;female;35;1150;897;795
3544004;female;40;1034;772;707
3544004;female;45;917;586;549
3544004;female;50;735;309;293
3544004;female;55;631;303;292
3544004;female;60;797;157;157
3544004;male;16;566;355;215
3544004;male;18;450;367;311
3544004;male;20;1481;1393;1271
3544004;male;25;1564;1530;1453
3544004;male;30;1300;1251;1216
3544004;male;35;1221;1138;1115
3544004;male;40;1055;1022;1007
3544004;male;45;949;863;833
3544004;male;50;784;685;661
3544004;male;55;544;361;361
3544004;male;60;817;450;450
3544103;female;16;817;239;104
3544103;female;18;723;515;361
3544103;female;20;1987;1490;1180
3544103;female;25;2131;1460;1230
3544103;female;30;1978;1435;1231
3544103;female;35;1826;1296;1111
3544103;female;40;1568;1060;891
3544103;female;45;1371;821;735
3544103;female;50;1189;600;527
3544103;female;55;885;317;286
3544103;female;60;1086;147;147
3544103;male;16;686;359;194
3544103;male;18;842;639;446
3544103;male;20;2037;1821;1484
3544103;male;25;2098;1906;1809
3544103;male;30;1921;1794;1745
3544103;male;35;1721;1587;1471
3544103;male;40;1573;1412;1357
3544103;male;45;1365;1223;1126
3544103;male;50;1154;926;865
3544103;male;55;789;422;422
3544103;male;60;1031;417;405
3544301;female;16;172;70;61
3544301;female;18;143;80;48
3544301;female;20;380;273;213
3544301;female;25;439;246;218
3544301;female;30;449;298;276
3544301;female;35;352;242;242
3544301;female;40;336;203;190
3544301;female;45;293;174;170
3544301;female;50;292;158;153
3544301;female;55;249;91;91
3544301;female;60;288;51;51
3544301;male;16;131;64;58
3544301;male;18;205;124;111
3544301;male;20;408;392;360
3544301;male;25;480;437;416
3544301;male;30;409;405;379
3544301;male;35;395;378;372
3544301;male;40;334;319;302
3544301;male;45;322;283;260
3544301;male;50;253;202;190
3544301;male;55;236;152;146
3544301;male;60;241;94;94
3545001;female;16;360;142;109
3545001;female;18;240;162;94
3545001;female;20;643;485;418
3545001;female;25;573;348;302
3545001;female;30;593;397;336
3545001;female;35;569;421;369
3545001;female;40;536;354;339
3545001;female;45;501;288;270
3545001;female;50;446;247;241
3545001;female;55;326;113;113
3545001;female;60;492;104;104
3545001;male;16;263;144;115
3545001;male;18;267;221;184
3545001;male;20;641;607;558
3545001;male;25;605;553;545
3545001;male;30;602;593;579
3545001;male;35;583;538;521
3545001;male;40;563;524;517
3545001;male;45;532;459;451
3545001;male;50;488;433;426
3545001;male;55;293;206;196
3545001;male;60;588;278;278
3545159;female;16;110;51;37
3545159;female;18;110;88;65
3545159;female;20;283;208;193
3545159;female;25;321;262;255
3545159;female;30;325;246;237
3545159;female;35;269;215;205
3545159;female;40;240;154;148
3545159;female;45;240;165;159
3545159;female;50;198;95;89
3545159;female;55;238;105;105
3545159;female;60;290;70;67
3545159;male;16;104;78;63
3545159;male;18;101;83;74
3545159;male;20;308;284;275
3545159;male;25;327;324;316
3545159;male;30;301;293;290
3545159;male;35;269;263;258
3545159;male;40;243;235;232
3545159;male;45;223;216;216
3545159;male;50;244;224;221
3545159;male;55;199;155;155
3545159;male;60;302;170;170
3545209;female;16;1642;822;530
3545209;female;18;1837;1391;1078
3545209;female;20;4709;3602;2952
3545209;female;25;4801;3691;3272
3545209;female;30;4456;3361;2968
3545209;female;35;3907;2885;2682
3545209;female;40;4073;2960;2770
3545209;female;45;3935;2715;2573
3545209;female;50;3249;1677;1581
3545209;female;55;2499;834;805
3545209;female;60;3224;578;552
3545209;male;16;2000;999;733
3545209;male;18;1972;1495;1258
3545209;male;20;4824;4296;3965
3545209;male;25;4904;4655;4387
3545209;male;30;4322;4108;4031
3545209;male;35;3975;3739;3648
3545209;male;40;3848;3657;3563
3545209;male;45;3635;3320;3252
3545209;male;50;3252;2709;2597
3545209;male;55;2216;1473;1458
3545209;male;60;3173;1384;1338
3545308;female;16;741;272;82
3545308;female;18;637;391;209
3545308;female;20;1687;1192;890
3545308;female;25;1700;1198;1038
3545308;female;30;1605;1138;966
3545308;female;35;1480;995;903
3545308;female;40;1358;790;700
3545308;female;45;1354;769;717
3545308;female;50;1330;508;488
3545308;female;55;874;247;210
3545308;female;60;1267;261;261
3545308;male;16;780;285;197
3545308;male;18;675;484;416
3545308;male;20;1748;1586;1421
3545308;male;25;1709;1569;1529
3545308;male;30;1536;1415;1359
3545308;male;35;1430;1286;1232
3545308;male;40;1438;1202;1139
3545308;male;45;1279;1077;1068
3545308;male;50;1197;882;864
3545308;male;55;857;526;495
3545308;male;60;1431;515;515
3545803;female;16;2634;1161;813
3545803;female;18;3125;2247;1697
3545803;female;20;8193;6662;5751
3545803;female;25;8297;6419;5881
3545803;female;30;7404;5754;5463
3545803;female;35;6911;4958;4612
3545803;female;40;7072;5069;4774
3545803;female;45;6907;4197;4054
3545803;female;50;6307;3002;2848
3545803;female;55;4595;1585;1550
3545803;female;60;6008;1217;1201
3545803;male;16;3057;1720;1400
3545803;male;18;3029;2427;2125
3545803;male;20;8536;7458;6961
3545803;male;25;8537;7919;7541
3545803;male;30;7516;7133;6998
3545803;male;35;6817;6467;6332
3545803;male;40;6879;6350;6231
3545803;male;45;6294;5503;5369
3545803;male;50;5691;4599;4488
3545803;male;55;4651;3094;3035
3545803;male;60;4924;2017;1987
3546009;female;16;230;54;37
3546009;female;18;210;115;87
3546009;female;20;550;365;313
3546009;female;25;548;387;328
3546009;female;30;532;352;286
3546009;female;35;546;427;383
3546009;female;40;498;349;333
3546009;female;45;473;298;293
3546009;female;50;430;258;251
3546009;female;55;326;86;86
3546009;female;60;504;104;104
3546009;male;16;244;84;71
3546009;male;18;261;182;147
3546009;male;20;576;527;478
3546009;male;25;499;463;418
3546009;male;30;530;513;483
3546009;male;35;536;497;487
3546009;male;40;453;424;410
3546009;male;45;498;430;409
3546009;male;50;387;323;291
3546009;male;55;360;243;236
3546009;male;60;524;231;231
3546256;female;16;55;22;8
3546256;female;18;17;15;14
3546256;female;20;78;53;32
3546256;female;25;78;48;44
3546256;female;30;86;60;49
3546256;female;35;61;45;39
3546256;female;40;61;47;43
3546256;female;45;56;38;35
3546256;female;50;56;35;35
3546256;female;55;51;25;18
3546256;female;60;84;22;17
3546256;male;16;32;23;11
3546256;male;18;37;34;26
3546256;male;20;85;70;64
3546256;male;25;73;64;64
3546256;male;30;58;53;53
3546256;male;35;60;53;53
3546256;male;40;55;43;37
3546256;male;45;59;52;52
3546256;male;50;54;51;51
3546256;male;55;38;29;29
3546256;male;60;100;67;63
3546702;female;16;306;66;66
3546702;female;18;299;156;125
3546702;female;20;1006;778;572
3546702;female;25;1160;804;689
3546702;female;30;912;685;636
3546702;female;35;909;523;484
3546702;female;40;885;519;470
3546702;female;45;570;335;325
3546702;female;50;440;231;200
3546702;female;55;456;188;188
3546702;female;60;500;102;102
3546702;male;16;294;147;127
3546702;male;18;417;359;308
3546702;male;20;1065;1016;926
3546702;male;25;1191;1161;1130
3546702;male;30;1019;968;939
3546702;male;35;949;898;878
3546702;male;40;882;810;769
3546702;male;45;597;567;567
3546702;male;50;505;474;463
3546702;male;55;392;279;269
3546702;male;60;507;254;244
3546801;female;16;802;256;159
3546801;female;18;746;427;282
3546801;female;20;2120;1498;1176
3546801;female;25;2182;1521;1197
3546801;female;30;2069;1484;1315
3546801;female;35;1917;1192;1025
3546801;female;40;1871;1136;1074
3546801;female;45;1658;1010;967
3546801;female;50;1532;687;668
3546801;female;55;1157;494;436
3546801;female;60;1688;350;309
3546801;male;16;922;533;408
3546801;male;18;824;596;489
3546801;male;20;2271;1897;1616
3546801;male;25;2203;1908;1746
3546801;male;30;1966;1787;1691
3546801;male;35;1942;1775;1702
3546801;male;40;1819;1576;1521
3546801;male;45;1540;1366;1318
3546801;male;50;1397;1057;1049
3546801;male;55;1206;843;810
3546801;male;60;1478;702;693
3546900;female;16;131;22;5
3546900;female;18;157;105;51
3546900;female;20;395;290;214
3546900;female;25;341;243;209
3546900;female;30;345;259;208
3546900;female;35;305;184;180
3546900;female;40;300;188;175
3546900;female;45;247;105;102
3546900;female;50;206;81;81
3546900;female;55;163;31;24
3546900;female;60;226;17;17
3546900;male;16;120;38;30
3546900;male;18;149;108;80
3546900;male;20;430;397;370
3546900;male;25;406;377;358
3546900;male;30;353;337;327
3546900;male;35;319;284;284
3546900;male;40;297;283;273
3546900;male;45;250;222;214
3546900;male;50;260;219;208
3546900;male;55;144;133;133
3546900;male;60;224;34;34
3547304;female;16;1775;554;298
3547304;female;18;1751;1126;839
3547304;female;20;4938;3320;2827
3547304;female;25;4978;3745;3369
3547304;female;30;4878;3503;3213
3547304;female;35;4537;3499;3201
3547304;female;40;4131;2796;2599
3547304;female;45;3825;2464;2385
3547304;female;50;3085;1744;1659
3547304;female;55;2476;1016;978
3547304;female;60;2501;620;598
3547304;male;16;2262;780;536
3547304;male;18;1713;1024;810
3547304;male;20;4856;3943;3603
3547304;male;25;4662;4161;3964
3547304;male;30;4449;4054;3900
3547304;male;35;3991;3697;3602
3547304;male;40;3860;3496;3384
3547304;male;45;3598;3369;3307
3547304;male;50;3030;2542;2488
3547304;male;55;2545;1934;1912
3547304;male;60;2767;1737;1677
3547809;female;16;9008;3770;2453
3547809;female;18;10397;6768;5160
3547809;female;20;28534;22484;19325
3547809;female;25;30630;24157;21615
3547809;female;30;29217;22920;21032
3547809;female;35;27268;19674;17739
3547809;female;40;26225;18345;16991
3547809;female;45;25775;16679;15510
3547809;female;50;23542;12592;12008
3547809;female;55;19601;8076;7619
3547809;female;60;27246;5954;5768
3547809;male;16;9634;4180;2808
3547809;male;18;10455;7435;6013
3547809;male;20;28838;25100;22445
3547809;male;25;30191;28006;26169
3547809;male;30;27569;25390;24376
3547809;male;35;25086;23376;22644
3547809;male;40;24115;22454;21487
3547809;male;45;23187;21148;20328
3547809;male;50;20092;16527;15867
3547809;male;55;17017;11718;11254
3547809;male;60;22057;10088;9668
3548302;female;16;40;7;2
3548302;female;18;42;20;7
3548302;female;20;95;56;37
3548302;female;25;84;58;50
3548302;female;30;102;82;70
3548302;female;35;94;55;50
3548302;female;40;125;68;63
3548302;female;45;96;71;67
3548302;female;50;80;28;28
3548302;female;55;84;26;26
3548302;female;60;143;22;22
3548302;male;16;66;24;22
3548302;male;18;39;27;22
3548302;male;20;101;96;93
3548302;male;25;103;94;90
3548302;male;30;98;88;79
3548302;male;35;89;70;70
3548302;male;40;104;83;83
3548302;male;45;119;100;100
3548302;male;50;91;55;55
3548302;male;55;61;36;30
3548302;male;60;122;48;48
3548500;female;16;5576;1768;1253
3548500;female;18;5789;3197;2178
3548500;female;20;15527;11323;9285
3548500;female;25;17358;13893;12254
3548500;female;30;17221;13761;12643
3548500;female;35;15938;12408;11655
3548500;female;40;16121;12065;11184
3548500;female;45;16864;12232;11755
3548500;female;50;15922;9722;9317
3548500;female;55;14875;7053;6667
3548500;female;60;23216;5534;5384
3548500;male;16;5188;1700;1148
3548500;male;18;5841;3554;2687
3548500;male;20;15112;12199;10447
3548500;male;25;15955;14422;13329
3548500;male;30;14990;13942;13148
3548500;male;35;13830;12958;12607
3548500;male;40;13425;12603;12182
3548500;male;45;13950;12650;12299
3548500;male;50;13114;10573;10236
3548500;male;55;11025;7738;7503
3548500;male;60;15637;7196;7019
3548708;female;16;11618;4256;2850
3548708;female;18;12471;7962;6070
3548708;female;20;33868;26116;22190
3548708;female;25;37068;28756;25658
3548708;female;30;35922;27071;24780
3548708;female;35;32614;23404;21369
3548708;female;40;30181;21378;19898
3548708;female;45;28768;18501;17118
3548708;female;50;24162;13096;12278
3548708;female;55;20752;7650;7252
3548708;female;60;25499;5620;5433
3548708;male;16;11534;4177;2942
3548708;male;18;12342;8805;7109
3548708;male;20;34307;28936;26078
3548708;male;25;35508;31960;29909
3548708;male;30;33323;30674;29296
3548708;male;35;29733;27427;26415
3548708;male;40;28057;25812;25019
3548708;male;45;25432;22899;22113
3548708;male;50;21791;17934;17258
3548708;male;55;17572;12827;12320
3548708;male;60;20989;9885;9449
3548807;female;16;1783;558;411
3548807;female;18;1894;1143;887
3548807;female;20;5578;4606;4125
3548807;female;25;6376;5506;5119
3548807;female;30;6273;5182;4991
3548807;female;35;5848;4594;4325
3548807;female;40;5770;4352;3996
3548807;female;45;6451;4737;4492
3548807;female;50;5801;3519;3234
3548807;female;55;5185;2449;2333
3548807;female;60;7940;1957;1867
3548807;male;16;1832;655;477
3548807;male;18;2053;1366;1089
3548807;male;20;5513;4733;4267
3548807;male;25;5876;5582;5200
3548807;male;30;5441;5119;4910
3548807;male;35;5123;4909;4818
3548807;male;40;4886;4635;4498
3548807;male;45;5443;5090;4952
3548807;male;50;4778;4144;3993
3548807;male;55;4272;3155;3086
3548807;male;60;5860;2996;2878
3548906;female;16;3212;934;650
3548906;female;18;3187;1825;1292
3548906;female;20;9335;6754;5455
3548906;female;25;10247;8126;7222
3548906;female;30;9638;7385;6753
3548906;female;35;8613;6869;6409
3548906;female;40;8075;6186;5647
3548906;female;45;8177;5574;5305
3548906;female;50;7235;3818;3608
3548906;female;55;6068;2510;2392
3548906;female;60;8121;1865;1810
3548906;male;16;3244;1424;1091
3548906;male;18;3953;2761;2259
3548906;male;20;9918;8127;7408
3548906;male;25;10274;9499;9026
3548906;male;30;9429;8936;8625
3548906;male;35;8435;8042;7842
3548906;male;40;7828;7430;7286
3548906;male;45;7588;7027;6901
3548906;male;50;7112;6037;5913
3548906;male;55;5084;3739;3643
3548906;male;60;7030;3420;3359
3549805;female;16;5538;1991;1646
3549805;female;18;6093;3810;3152
3549805;female;20;17721;12752;11641
3549805;female;25;18791;15273;14331
3549805;female;30;18196;14648;13983
3549805;female;35;16328;12843;12340
3549805;female;40;16202;12620;12137
3549805;female;45;15825;11359;10901
3549805;female;50;14668;8909;8661
3549805;female;55;11514;5421;5335
3549805;female;60;16863;4070;3998
3549805;male;16;5587;2344;1967
3549805;male;18;6427;4484;3996
3549805;male;20;17475;14555;13710
3549805;male;25;18305;16769;16278
3549805;male;30;17403;16368;16039
3549805;male;35;15401;14472;14226
3549805;male;40;14329;13399;13116
3549805;male;45;14164;12973;12773
3549805;male;50;12106;10543;10325
3549805;male;55;10116;7698;7560
3549805;male;60;13595;7536;7441
3549904;female;16;10197;3265;2308
3549904;female;18;10611;6832;5600
3549904;female;20;27886;20245;17546
3549904;female;25;30564;22547;20221
3549904;female;30;28480;20775;19229
3549904;female;35;24909;17048;15921
3549904;female;40;23432;16258;15186
3549904;female;45;22757;14644;13568
3549904;female;50;20704;11433;11050
3549904;female;55;15361;6555;6181
3549904;female;60;19619;4608;4432
3549904;male;16;10420;4114;3157
3549904;male;18;10222;6910;5830
3549904;male;20;28465;24130;21660
3549904;male;25;29718;27431;25957
3549904;male;30;27760;26020;24962
3549904;male;35;23723;22150;21462
3549904;male;40;21723;20061;19325
3549904;male;45;20015;18267;17495
3549904;male;50;18089;15384;14773
3549904;male;55;15163;10956;10468
3549904;male;60;17810;9501;9287
3549953;female;16;278;117;51
3549953;female;18;210;163;113
3549953;female;20;593;394;325
3549953;female;25;597;446;393
3549953;female;30;526;390;367
3549953;female;35;573;397;356
3549953;female;40;494;364;335
3549953;female;45;438;232;204
3549953;female;50;379;208;184
3549953;female;55;297;123;113
3549953;female;60;426;132;132
3549953;male;16;254;105;84
3549953;male;18;253;194;148
3549953;male;20;640;531;515
3549953;male;25;580;510;499
3549953;male;30;561;476;466
3549953;male;35;544;436;427
3549953;male;40;500;427;413
3549953;male;45;424;350;335
3549953;male;50;428;297;297
3549953;male;55;321;250;247
3549953;male;60;461;235;230
3550308;female;16;167661;55234;35051
3550308;female;18;168355;98786;75269
3550308;female;20;502093;363107;312343
3550308;female;25;555185;426646;389463
3550308;female;30;528803;402322;370771
3550308;female;35;465232;347546;323976
3550308;female;40;427418;310813;291362
3550308;female;45;401129;276498;260026
3550308;female;50;366067;221928;210945
3550308;female;55;303776;147932;141419
3550308;female;60;417282;118741;114963
3550308;male;16;167182;60651;43211
3550308;male;18;166680;107838;87363
3550308;male;20;489727;395506;355135
3550308;male;25;519376;455348;427637
3550308;male;30;481067;430646;412673
3550308;male;35;422874;379058;364412
3550308;male;40;385370;342774;330832
3550308;male;45;341818;298958;288277
3550308;male;50;302238;249862;241363
3550308;male;55;243487;181557;174772
3550308;male;60;310806;169137;164371
3550605;female;16;1484;431;349
3550605;female;18;996;486;369
3550605;female;20;3291;2469;2081
3550605;female;25;3397;2621;2332
3550605;female;30;3412;2701;2352
3550605;female;35;3070;2409;2152
3550605;female;40;2949;2231;2110
3550605;female;45;2793;1977;1818
3550605;female;50;2629;1404;1297
3550605;female;55;1964;823;772
3550605;female;60;2875;614;614
3550605;male;16;1152;417;356
3550605;male;18;1266;866;675
3550605;male;20;3261;2619;2362
3550605;male;25;3369;3176;2994
3550605;male;30;3361;3205;3006
3550605;male;35;2860;2681;2580
3550605;male;40;2800;2612;2521
3550605;male;45;2533;2347;2262
3550605;male;50;2428;1958;1904
3550605;male;55;2003;1484;1452
3550605;male;60;2687;1281;1246
3550704;female;16;1180;412;320
3550704;female;18;1199;668;482
3550704;female;20;3230;2522;2109
3550704;female;25;3659;2824;2567
3550704;female;30;3734;3209;3072
3550704;female;35;3018;2439;2275
3550704;female;40;2555;2045;1864
3550704;female;45;2062;1629;1499
3550704;female;50;1982;1364;1296
3550704;female;55;1290;738;704
3550704;female;60;1656;461;436
3550704;male;16;1279;578;436
3550704;male;18;1071;917;813
3550704;male;20;3245;2952;2769
3550704;male;25;3465;3256;3042
3550704;male;30;3530;3432;3342
3550704;male;35;3177;3004;2894
3550704;male;40;2767;2616;2490
3550704;male;45;2099;1975;1899
3550704;male;50;1788;1611;1556
3550704;male;55;1645;1354;1322
3550704;male;60;1882;1139;1104
3551009;female;16;5280;1796;1074
3551009;female;18;5305;3157;2232
3551009;female;20;13984;9717;7702
3551009;female;25;15427;11503;10021
3551009;female;30;14605;10937;9766
3551009;female;35;13042;9393;8506
3551009;female;40;12176;8104;7375
3551009;female;45;11537;7435;6925
3551009;female;50;10424;5498;5076
3551009;female;55;9112;3701;3518
3551009;female;60;12098;2494;2404
3551009;male;16;5065;1929;1342
3551009;male;18;5635;3753;2838
3551009;male;20;14178;11437;10029
3551009;male;25;14801;12898;12025
3551009;male;30;13686;12241;11767
3551009;male;35;12164;10865;10429
3551009;male;40;11248;10073;9659
3551009;male;45;10063;8533;8137
3551009;male;50;8632;6762;6489
3551009;male;55;7690;4772;4575
3551009;male;60;8871;3218;3127
3551405;female;16;127;30;30
3551405;female;18;141;66;54
3551405;female;20;371;252;214
3551405;female;25;360;232;195
3551405;female;30;325;188;174
3551405;female;35;291;180;160
3551405;female;40;268;154;142
3551405;female;45;258;127;119
3551405;female;50;232;128;122
3551405;female;55;213;94;87
3551405;female;60;272;46;46
3551405;male;16;147;45;45
3551405;male;18;167;95;78
3551405;male;20;876;428;382
3551405;male;25;904;499;482
3551405;male;30;796;560;553
3551405;male;35;622;496;494
3551405;male;40;506;379;369
3551405;male;45;483;350;350
3551405;male;50;308;216;202
3551405;male;55;264;197;185
3551405;male;60;335;189;184
3551504;female;16;619;121;67
3551504;female;18;820;464;400
3551504;female;20;1887;1375;1242
3551504;female;25;1894;1443;1334
3551504;female;30;1623;1163;1082
3551504;female;35;1493;1101;1040
3551504;female;40;1358;1024;976
3551504;female;45;1190;771;745
3551504;female;50;1043;536;527
3551504;female;55;659;310;300
3551504;female;60;936;146;146
3551504;male;16;673;411;292
3551504;male;18;790;613;570
3551504;male;20;2002;1826;1726
3551504;male;25;1971;1837;1789
3551504;male;30;1692;1610;1561
3551504;male;35;1470;1435;1391
3551504;male;40;1385;1270;1260
3551504;male;45;1227;1135;1122
3551504;male;50;970;894;884
3551504;male;55;747;585;551
3551504;male;60;858;359;350
3551702;female;16;2042;831;567
3551702;female;18;1701;1132;855
3551702;female;20;5203;3908;3314
3551702;female;25;5418;3914;3574
3551702;female;30;4859;3517;3296
3551702;female;35;4227;2932;2723
3551702;female;40;4035;2759;2609
3551702;female;45;3707;2230;2075
3551702;female;50;3327;1653;1597
3551702;female;55;2432;1003;982
3551702;female;60;3405;746;735
3551702;male;16;1855;941;822
3551702;male;18;1824;1412;1200
3551702;male;20;5262;4567;4160
3551702;male;25;5474;5087;4845
3551702;male;30;5052;4845;4651
3551702;male;35;4159;3980;3880
3551702;male;40;3809;3639;3549
3551702;male;45;3623;3316;3239
3551702;male;50;3164;2715;2658
3551702;male;55;2402;1867;1847
3551702;male;60;3025;1666;1609
3552205;female;16;9190;3337;2042
3552205;female;18;9690;6139;4559
3552205;female;20;26100;19588;16077
3552205;female;25;27124;20842;17954
3552205;female;30;26131;20069;17968
3552205;female;35;22880;16161;15015
3552205;female;40;21674;14467;13379
3552205;female;45;20952;13555;12731
3552205;female;50;18494;9674;9345
3552205;female;55;14880;5876;5636
3552205;female;60;19613;3641;3531
3552205;male;16;9933;3836;2762
3552205;male;18;9743;6641;5360
3552205;male;20;27028;22935;20254
3552205;male;25;27650;25477;23997
3552205;male;30;25016;22594;21363
3552205;male;35;22567;20619;20114
3552205;male;40;20521;18689;18093
3552205;male;45;19272;16904;16395
3552205;male;50;16487;12801;12446
3552205;male;55;13441;8906;8682
3552205;male;60;16364;6567;6355
3552403;female;16;3888;1614;1091
3552403;female;18;4044;2750;2026
3552403;female;20;11209;8310;6915
3552403;female;25;12070;8863;7588
3552403;female;30;11252;8044;7250
3552403;female;35;9853;6976;6226
3552403;female;40;8806;5704;5321
3552403;female;45;7788;4745;4375
3552403;female;50;6623;3356;3179
3552403;female;55;5623;2117;1976
3552403;female;60;6406;1158;1147
3552403;male;16;4038;1746;1313
3552403;male;18;4148;3108;2621
3552403;male;20;11518;10187;9293
3552403;male;25;12002;11209;10577
3552403;male;30;11262;10465;9978
3552403;male;35;9724;9158;8808
3552403;male;40;8769;7891;7551
3552403;male;45;7230;6518;6235
3552403;male;50;6266;5228;5070
3552403;male;55;5138;3773;3659
3552403;male;60;5862;2731;2637
3552502;female;16;4872;1819;1038
3552502;female;18;4230;2791;1887
3552502;female;20;11526;8301;6493
3552502;female;25;11972;8533;6986
3552502;female;30;11491;7942;6731
3552502;female;35;10609;7320;6412
3552502;female;40;9801;6092;5483
3552502;female;45;8718;4897;4458
3552502;female;50;7264;3532;3184
3552502;female;55;6125;2156;2055
3552502;female;60;7377;1567;1514
3552502;male;16;4784;2026;1540
3552502;male;18;4440;3169;2296
3552502;male;20;11705;9972;8744
3552502;male;25;11410;10224;9258
3552502;male;30;10813;9933;9284
3552502;male;35;9817;8866;8423
3552502;male;40;9283;8131;7842
3552502;male;45;7909;6807;6542
3552502;male;50;6698;5261;4996
3552502;male;55;5693;3597;3439
3552502;male;60;6514;2685;2572
3552809;female;16;4077;1411;899
3552809;female;18;3991;2583;1878
3552809;female;20;11473;8382;7039
3552809;female;25;12469;9619;8526
3552809;female;30;12134;9147;8340
3552809;female;35;10557;8005;7417
3552809;female;40;9567;7195;6869
3552809;female;45;8320;5847;5415
3552809;female;50;7060;4165;3966
3552809;female;55;5510;2595;2451
3552809;female;60;6853;1740;1653
3552809;male;16;4126;1630;1058
3552809;male;18;3946;2787;2234
3552809;male;20;11219;9565;8731
3552809;male;25;11612;10457;9854
3552809;male;30;10940;9810;9432
3552809;male;35;9435;8602;8346
3552809;male;40;8669;7934;7673
3552809;male;45;6945;6092;5849
3552809;male;50;6258;5196;5010
3552809;male;55;4230;3127;3081
3552809;male;60;5257;2561;2507
3552908;female;16;107;31;16
3552908;female;18;64;31;21
3552908;female;20;218;146;106
3552908;female;25;205;143;121
3552908;female;30;218;151;143
3552908;female;35;231;163;149
3552908;female;40;208;136;128
3552908;female;45;217;134;134
3552908;female;50;148;56;56
3552908;female;55;130;58;58
3552908;female;60;208;19;19
3552908;male;16;74;34;29
3552908;male;18;126;88;75
3552908;male;20;235;193;167
3552908;male;25;243;217;207
3552908;male;30;217;200;173
3552908;male;35;215;193;189
3552908;male;40;224;206;206
3552908;male;45;207;190;187
3552908;male;50;166;136;131
3552908;male;55;114;83;83
3552908;male;60;165;65;65
3553906;female;16;110;29;20
3553906;female;18;121;75;54
3553906;female;20;278;172;117
3553906;female;25;273;174;148
3553906;female;30;269;199;180
3553906;female;35;248;156;140
3553906;female;40;244;157;145
3553906;female;45;217;129;118
3553906;female;50;181;80;77
3553906;female;55;146;33;33
3553906;female;60;185;25;25
3553906;male;16;117;54;38
3553906;male;18;133;113;104
3553906;male;20;287;266;242
3553906;male;25;296;282;265
3553906;male;30;271;258;255
3553906;male;35;244;233;224
3553906;male;40;209;196;188
3553906;male;45;209;171;171
3553906;male;50;155;139;136
3553906;male;55;117;83;70
3553906;male;60;210;85;85
3554003;female;16;1711;576;441
3554003;female;18;1849;1032;806
3554003;female;20;4624;3377;2902
3554003;female;25;4741;3559;3152
3554003;female;30;4508;3321;2966
3554003;female;35;4048;2995;2822
3554003;female;40;3668;2384;2246
3554003;female;45;3475;2050;1972
3554003;female;50;3177;1503;1475
3554003;female;55;2445;737;695
3554003;female;60;3840;546;546
3554003;male;16;1868;865;672
3554003;male;18;1869;1433;1247
3554003;male;20;4771;4092;3807
3554003;male;25;4807;4485;4357
3554003;male;30;4516;4136;4045
3554003;male;35;3879;3528;3416
3554003;male;40;3636;3271;3215
3554003;male;45;3292;2737;2678
3554003;male;50;2800;2005;1958
3554003;male;55;2480;1582;1555
3554003;male;60;3272;1208;1176
3554102;female;16;4635;1473;986
3554102;female;18;4278;2576;1910
3554102;female;20;12070;8479;6974
3554102;female;25;12706;9401;8260
3554102;female;30;12168;8919;8145
3554102;female;35;10834;7709;6994
3554102;female;40;10470;6818;6433
3554102;female;45;9861;6028;5524
3554102;female;50;9016;4727;4455
3554102;female;55;6773;2752;2638
3554102;female;60;9970;2282;2199
3554102;male;16;4359;1620;1203
3554102;male;18;4662;3224;2537
3554102;male;20;12381;9986;9298
3554102;male;25;12778;11438;10787
3554102;male;30;11934;11025;10633
3554102;male;35;10454;9778;9485
3554102;male;40;9995;9234;9019
3554102;male;45;9144;8253;7993
3554102;male;50;7929;6239;5974
3554102;male;55;6558;4280;4223
3554102;male;60;7963;3267;3194
3554805;female;16;636;243;189
3554805;female;18;582;364;240
3554805;female;20;1638;1186;955
3554805;female;25;1686;1136;1025
3554805;female;30;1696;1160;1063
3554805;female;35;1386;964;903
3554805;female;40;1399;908;873
3554805;female;45;1402;793;748
3554805;female;50;1066;558;558
3554805;female;55;1021;504;499
3554805;female;60;1157;264;255
3554805;male;16;669;340;267
3554805;male;18;584;391;297
3554805;male;20;2323;1223;1003
3554805;male;25;2507;1419;1270
3554805;male;30;2209;1531;1470
3554805;male;35;1797;1398;1366
3554805;male;40;1546;1240;1213
3554805;male;45;1409;1145;1128
3554805;male;50;1220;916;900
3554805;male;55;842;634;611
3554805;male;60;1185;511;511
3555406;female;16;1306;545;404
3555406;female;18;1311;733;452
3555406;female;20;3131;2190;1910
3555406;female;25;3453;2514;2273
3555406;female;30;3401;2655;2326
3555406;female;35;3333;2551;2292
3555406;female;40;2796;2113;2016
3555406;female;45;2662;1895;1743
3555406;female;50;2144;1327;1286
3555406;female;55;1667;901;849
3555406;female;60;2335;747;730
3555406;male;16;1414;578;477
3555406;male;18;1297;975;805
3555406;male;20;3016;2523;2285
3555406;male;25;3227;2909;2772
3555406;male;30;3205;2965;2907
3555406;male;35;3279;3053;2971
3555406;male;40;3020;2761;2652
3555406;male;45;2643;2388;2309
3555406;male;50;2137;1830;1756
3555406;male;55;1761;1405;1381
3555406;male;60;2075;1286;1254
3555604;female;16;122;23;23
3555604;female;18;179;130;101
3555604;female;20;396;278;242
3555604;female;25;360;257;228
3555604;female;30;346;241;226
3555604;female;35;346;231;221
3555604;female;40;334;252;234
3555604;female;45;320;196;196
3555604;female;50;350;188;175
3555604;female;55;199;50;50
3555604;female;60;437;70;67
3555604;male;16;145;45;32
3555604;male;18;151;103;97
3555604;male;20;439;393;386
3555604;male;25;373;344;338
3555604;male;30;362;351;327
3555604;male;35;329;323;323
3555604;male;40;336;321;310
3555604;male;45;347;335;335
3555604;male;50;309;249;249
3555604;male;55;278;193;193
3555604;male;60;344;151;151
3556206;female;16;1537;538;440
3556206;female;18;1582;1037;854
3556206;female;20;4489;3545;3312
3556206;female;25;4745;3827;3582
3556206;female;30;4690;3601;3366
3556206;female;35;4431;3376;3198
3556206;female;40;4658;3391;3270
3556206;female;45;4102;2894;2808
3556206;female;50;3316;1976;1893
3556206;female;55;2985;1320;1312
3556206;female;60;3609;789;764
3556206;male;16;1638;728;574
3556206;male;18;1539;1077;974
3556206;male;20;4559;4086;3809
3556206;male;25;4651;4400;4240
3556206;male;30;4510;4300;4188
3556206;male;35;4286;4036;4012
3556206;male;40;4365;4108;4006
3556206;male;45;4136;3857;3793
3556206;male;50;3140;2723;2679
3556206;male;55;2848;2076;2042
3556206;male;60;3510;1866;1866
3556453;female;16;721;235;197
3556453;female;18;652;407;363
3556453;female;20;1893;1331;1109
3556453;female;25;1981;1572;1370
3556453;female;30;1946;1436;1347
3556453;female;35;1729;1263;1159
3556453;female;40;1602;1057;983
3556453;female;45;1451;864;780
3556453;female;50;1160;618;567
3556453;female;55;962;363;363
3556453;female;60;1201;262;262
3556453;male;16;667;192;162
3556453;male;18;740;523;437
3556453;male;20;1899;1707;1543
3556453;male;25;2001;1780;1705
3556453;male;30;1860;1696;1618
3556453;male;35;1668;1546;1513
3556453;male;40;1534;1375;1346
3556453;male;45;1386;1208;1147
3556453;male;50;1227;1030;1009
3556453;male;55;822;569;548
3556453;male;60;1053;603;585
3556503;female;16;1694;780;461
3556503;female;18;2033;1325;1114
3556503;female;20;5213;3634;3105
3556503;female;25;5229;3665;3293
3556503;female;30;4657;3381;3133
3556503;female;35;4177;2781;2544
3556503;female;40;3848;2209;2112
3556503;female;45;3617;2216;2067
3556503;female;50;3063;1576;1477
3556503;female;55;2371;803;747
3556503;female;60;2586;386;386
3556503;male;16;1958;905;625
3556503;male;18;1694;1239;1050
3556503;male;20;5307;4433;4093
3556503;male;25;5329;4809;4560
3556503;male;30;4682;4125;3887
3556503;male;35;4188;3634;3482
3556503;male;40;3854;3413;3298
3556503;male;45;3396;2827;2772
3556503;male;50;2975;2318;2229
3556503;male;55;2396;1623;1571
3556503;male;60;2543;1036;970
3556602;female;16;175;28;10
3556602;female;18;177;92;50
3556602;female;20;422;311;232
3556602;female;25;376;270;256
3556602;female;30;413;336;300
3556602;female;35;391;323;298
3556602;female;40;343;273;248
3556602;female;45;383;303;288
3556602;female;50;322;204;190
3556602;female;55;306;113;113
3556602;female;60;428;82;82
3556602;male;16;195;40;34
3556602;male;18;148;121;89
3556602;male;20;432;399;356
3556602;male;25;409;374;364
3556602;male;30;405;397;386
3556602;male;35;349;318;307
3556602;male;40;381;363;357
3556602;male;45;359;336;330
3556602;male;50;292;259;249
3556602;male;55;277;251;241
3556602;male;60;474;251;239
3556701;female;16;897;371;292
3556701;female;18;974;573;513
3556701;female;20;2808;2198;1962
3556701;female;25;3062;2506;2335
3556701;female;30;2872;2212;2065
3556701;female;35;2622;2064;1977
3556701;female;40;2390;1727;1648
3556701;female;45;2385;1646;1567
3556701;female;50;1940;1270;1221
3556701;female;55;1704;819;788
3556701;female;60;2107;418;404
3556701;male;16;912;365;309
3556701;male;18;955;786;702
3556701;male;20;2889;2583;2406
3556701;male;25;3059;2733;2667
3556701;male;30;2686;2510;2439
3556701;male;35;2552;2446;2413
3556701;male;40;2406;2261;2212
3556701;male;45;2237;2126;2110
3556701;male;50;1987;1812;1766
3556701;male;55;1414;1097;1068
3556701;male;60;1958;1089;1063
3557006;female;16;1670;662;375
3557006;female;18;2009;1351;889
3557006;female;20;4941;3650;2740
3557006;female;25;5095;3865;3317
3557006;female;30;4654;3379;2908
3557006;female;35;4085;2848;2487
3557006;female;40;3832;2615;2430
3557006;female;45;3637;2142;1959
3557006;female;50;3076;1349;1309
3557006;female;55;2689;824;802
3557006;female;60;3257;488;469
3557006;male;16;2031;918;649
3557006;male;18;1801;1470;1251
3557006;male;20;5070;4630;4197
3557006;male;25;5143;4882;4507
3557006;male;30;4740;4425;4179
3557006;male;35;4140;3807;3657
3557006;male;40;3746;3426;3350
3557006;male;45;3381;2877;2789
3557006;male;50;3097;2235;2194
3557006;male;55;2259;1188;1149
3557006;male;60;3043;1024;958
3557303;female;16;157;55;38
3557303;female;18;223;135;105
3557303;female;20;443;339;290
3557303;female;25;429;316;283
3557303;female;30;372;250;222
3557303;female;35;389;284;249
3557303;female;40;365;192;178
3557303;female;45;368;181;177
3557303;female;50;286;143;143
3557303;female;55;218;59;59
3557303;female;60;317;56;56
3557303;male;16;166;51;28
3557303;male;18;166;130;125
3557303;male;20;478;441;430
3557303;male;25;482;455;449
3557303;male;30;422;395;383
3557303;male;35;408;362;355
3557303;male;40;364;302;298
3557303;male;45;348;303;303
3557303;male;50;302;190;190
3557303;male;55;266;155;151
3557303;male;60;254;65;65
4100400;female;16;2051;853;646
4100400;female;18;1784;1131;1020
4100400;female;20;4594;3172;2956
4100400;female;25;4609;3435;3227
4100400;female;30;4307;3329;3200
4100400;female;35;4180;3039;2977
4100400;female;40;3786;2773;2679
4100400;female;45;3144;2273;2254
4100400;female;50;2631;1518;1518
4100400;female;55;1945;915;904
4100400;female;60;2308;557;557
4100400;male;16;1874;940;837
4100400;male;18;2003;1612;1502
4100400;male;20;4646;4166;4023
4100400;male;25;4437;4174;4114
4100400;male;30;4230;3922;3819
4100400;male;35;4031;3721;3699
4100400;male;40;3605;3339;3309
4100400;male;45;2904;2623;2592
4100400;male;50;2329;1962;1924
4100400;male;55;1983;1550;1521
4100400;male;60;2272;1213;1188
4101408;female;16;1957;709;601
4101408;female;18;2187;1408;1237
4101408;female;20;5283;4125;3784
4101408;female;25;5122;4280;4062
4101408;female;30;4911;3933;3759
4101408;female;35;4504;3446;3338
4101408;female;40;4795;3844;3776
4101408;female;45;4245;2970;2901
4101408;female;50;3873;2255;2195
4101408;female;55;3244;1755;1755
4101408;female;60;4540;1221;1221
4101408;male;16;2002;1206;1051
4101408;male;18;2349;1871;1690
4101408;male;20;5282;4715;4546
4101408;male;25;4951;4682;4590
4101408;male;30;4750;4499;4421
4101408;male;35;4228;3954;3852
4101408;male;40;4403;4237;4126
4101408;male;45;3811;3443;3404
4101408;male;50;3130;2630;2609
4101408;male;55;2920;2352;2352
4101408;male;60;3969;2420;2389
4101507;female;16;1597;670;538
4101507;female;18;1660;1138;986
4101507;female;20;4607;3516;3255
4101507;female;25;4536;3543;3277
4101507;female;30;4460;3305;3035
4101507;female;35;4097;3083;2974
4101507;female;40;4052;3051;2913
4101507;female;45;3750;2415;2361
4101507;female;50;2957;1546;1467
4101507;female;55;2731;1296;1276
4101507;female;60;3776;760;750
4101507;male;16;1603;998;816
4101507;male;18;1749;1401;1323
4101507;male;20;4697;4211;3980
4101507;male;25;4654;4277;4173
4101507;male;30;4334;4102;4042
4101507;male;35;4072;3796;3729
4101507;male;40;3931;3655;3607
4101507;male;45;3402;3122;3072
4101507;male;50;2739;2393;2344
4101507;male;55;2433;1818;1757
4101507;male;60;3100;1941;1918
4101804;female;16;2087;827;520
4101804;female;18;2317;1509;1177
4101804;female;20;5624;4339;3548
4101804;female;25;5507;4145;3932
4101804;female;30;5110;3650;3430
4101804;female;35;4868;3667;3350
4101804;female;40;4332;2997;2773
4101804;female;45;3809;2512;2385
4101804;female;50;3155;1741;1668
4101804;female;55;2286;964;934
4101804;female;60;2758;747;733
4101804;male;16;2110;1044;900
4101804;male;18;2385;2057;1947
4101804;male;20;5623;5019;4774
4101804;male;25;5611;5332;5170
4101804;male;30;5358;5097;4981
4101804;male;35;4760;4592;4498
4101804;male;40;4254;4006;3904
4101804;male;45;3548;3104;3043
4101804;male;50;3150;2846;2737
4101804;male;55;2106;1708;1656
4101804;male;60;2596;1375;1331
4102307;female;16;172;60;47
4102307;female;18;225;139;103
4102307;female;20;512;325;276
4102307;female;25;458;296;242
4102307;female;30;461;323;297
4102307;female;35;440;282;258
4102307;female;40;418;297;268
4102307;female;45;346;162;140
4102307;female;50;308;155;151
4102307;female;55;262;100;93
4102307;female;60;337;70;66
4102307;male;16;212;92;80
4102307;male;18;172;138;115
4102307;male;20;494;391;356
4102307;male;25;520;443;414
4102307;male;30;475;407;386
4102307;male;35;461;393;371
4102307;male;40;420;344;340
4102307;male;45;365;298;298
4102307;male;50;293;234;224
4102307;male;55;274;199;199
4102307;male;60;328;146;146
4103107;female;16;162;65;49
4103107;female;18;166;104;79
4103107;female;20;451;295;264
4103107;female;25;433;319;298
4103107;female;30;398;311;299
4103107;female;35;397;310;297
4103107;female;40;325;223;219
4103107;female;45;308;214;214
4103107;female;50;256;169;164
4103107;female;55;268;165;165
4103107;female;60;331;127;127
4103107;male;16;201;128;114
4103107;male;18;197;168;157
4103107;male;20;439;398;385
4103107;male;25;452;442;442
4103107;male;30;418;382;377
4103107;male;35;406;377;371
4103107;male;40;356;340;335
4103107;male;45;315;293;293
4103107;male;50;259;208;208
4103107;male;55;235;203;200
4103107;male;60;335;207;207
4103701;female;16;1632;574;428
4103701;female;18;1639;1139;995
4103701;female;20;4133;3072;2753
4103701;female;25;4041;3188;2954
4103701;female;30;4034;3214;3031
4103701;female;35;3868;3070;2894
4103701;female;40;3912;3041;2947
4103701;female;45;3345;2427;2385
4103701;female;50;3002;1722;1624
4103701;female;55;2423;1160;1140
4103701;female;60;3431;942;931
4103701;male;16;1548;844;665
4103701;male;18;1608;1311;1226
4103701;male;20;4171;3769;3647
4103701;male;25;3955;3733;3583
4103701;male;30;3888;3610;3548
4103701;male;35;3708;3499;3404
4103701;male;40;3648;3430;3375
4103701;male;45;3110;2805;2751
4103701;male;50;2721;2306;2266
4103701;male;55;2128;1711;1657
4103701;male;60;3014;1746;1746
4104006;female;16;750;250;191
4104006;female;18;666;407;307
4104006;female;20;1769;1303;1200
4104006;female;25;1796;1341;1180
4104006;female;30;1646;1260;1231
4104006;female;35;1489;1112;1083
4104006;female;40;1420;927;895
4104006;female;45;1211;847;826
4104006;female;50;999;587;565
4104006;female;55;785;340;321
4104006;female;60;886;254;254
4104006;male;16;763;341;272
4104006;male;18;719;603;512
4104006;male;20;1769;1604;1527
4104006;male;25;1730;1610;1581
4104006;male;30;1587;1499;1469
4104006;male;35;1498;1425;1409
4104006;male;40;1352;1282;1249
4104006;male;45;1077;983;983
4104006;male;50;971;847;847
4104006;male;55;733;641;629
4104006;male;60;887;491;478
4104204;female;16;1904;653;495
4104204;female;18;2015;1263;995
4104204;female;20;4755;3543;3209
4104204;female;25;4965;3803;3484
4104204;female;30;4943;3698;3563
4104204;female;35;4570;3301;3166
4104204;female;40;4361;3103;3040
4104204;female;45;3846;2455;2359
4104204;female;50;3239;1787;1741
4104204;female;55;2394;968;917
4104204;female;60;3413;665;636
4104204;male;16;2187;1133;903
4104204;male;18;1947;1519;1378
4104204;male;20;4955;4387;4144
4104204;male;25;4846;4702;4589
4104204;male;30;4907;4523;4398
4104204;male;35;4397;4136;4027
4104204;male;40;4187;3865;3803
4104204;male;45;3624;3391;3321
4104204;male;50;2832;2358;2325
4104204;male;55;2514;1804;1782
4104204;male;60;2970;1490;1472
4104253;female;16;399;192;150
4104253;female;18;584;343;303
4104253;female;20;1035;766;737
4104253;female;25;1016;688;637
4104253;female;30;1063;795;767
4104253;female;35;980;697;676
4104253;female;40;909;705;705
4104253;female;45;782;519;502
4104253;female;50;653;342;331
4104253;female;55;519;246;246
4104253;female;60;647;138;138
4104253;male;16;565;307;246
4104253;male;18;463;382;351
4104253;male;20;1136;1000;943
4104253;male;25;1093;1015;990
4104253;male;30;1016;920;899
4104253;male;35;1007;965;958
4104253;male;40;907;822;814
4104253;male;45;702;592;558
4104253;male;50;564;446;438
4104253;male;55;517;418;418
4104253;male;60;614;322;311
4104659;female;16;394;84;62
4104659;female;18;331;136;98
4104659;female;20;854;580;480
4104659;female;25;890;581;525
4104659;female;30;800;513;464
4104659;female;35;719;449;410
4104659;female;40;632;432;416
4104659;female;45;550;341;314
4104659;female;50;436;167;152
4104659;female;55;303;140;135
4104659;female;60;412;78;78
4104659;male;16;391;127;106
4104659;male;18;367;241;199
4104659;male;20;853;735;716
4104659;male;25;918;871;830
4104659;male;30;879;838;827
4104659;male;35;736;704;675
4104659;male;40;622;590;581
4104659;male;45;549;477;467
4104659;male;50;464;357;347
4104659;male;55;287;210;203
4104659;male;60;436;222;216
4104808;female;16;5175;2319;1609
4104808;female;18;5529;3899;3097
4104808;female;20;13717;10012;9056
4104808;female;25;13198;10266;9726
4104808;female;30;12225;9814;9352
4104808;female;35;11790;9491;9144
4104808;female;40;11071;8521;8208
4104808;female;45;9972;7177;6974
4104808;female;50;8360;5092;4974
4104808;female;55;6407;2930;2856
4104808;female;60;8080;2131;2111
4104808;male;16;5433;2926;2334
4104808;male;18;5315;4086;3658
4104808;male;20;14018;12167;11685
4104808;male;25;13036;12056;11686
4104808;male;30;11779;11040;10852
4104808;male;35;10751;10151;9859
4104808;male;40;10247;9659;9529
4104808;male;45;8927;8234;8094
4104808;male;50;7096;6235;6187
4104808;male;55;5932;4757;4689
4104808;male;60;7214;4235;4143
4105805;female;16;3978;1784;1171
4105805;female;18;3748;2483;2098
4105805;female;20;9719;7456;6718
4105805;female;25;9852;7505;7130
4105805;female;30;9428;7342;6879
4105805;female;35;8624;6682;6378
4105805;female;40;7865;5874;5645
4105805;female;45;6755;4840;4696
4105805;female;50;5791;3670;3581
4105805;female;55;3981;1932;1874
4105805;female;60;5065;1337;1288
4105805;male;16;3821;2274;2005
4105805;male;18;3961;3211;2913
4105805;male;20;9714;8788;8374
4105805;male;25;9621;8885;8563
4105805;male;30;9106;8584;8422
4105805;male;35;8503;7941;7773
4105805;male;40;7417;6672;6563
4105805;male;45;6186;5641;5551
4105805;male;50;5319;4603;4538
4105805;male;55;3690;2832;2779
4105805;male;60;4659;2503;2473
4106209;female;16;241;68;44
4106209;female;18;267;150;129
4106209;female;20;651;481;432
4106209;female;25;593;438;413
4106209;female;30;659;486;452
4106209;female;35;594;484;459
4106209;female;40;586;374;365
4106209;female;45;480;308;285
4106209;female;50;307;211;211
4106209;female;55;435;230;224
4106209;female;60;492;189;184
4106209;male;16;273;140;117
4106209;male;18;264;222;195
4106209;male;20;716;651;620
4106209;male;25;647;632;618
4106209;male;30;693;672;658
4106209;male;35;592;584;574
4106209;male;40;565;529;522
4106209;male;45;502;444;444
4106209;male;50;426;369;366
4106209;male;55;356;297;297
4106209;male;60;532;342;336
4106902;female;16;26673;9679;7255
4106902;female;18;29124;16388;13432
4106902;female;20;79740;58643;53340
4106902;female;25;84698;69330;65304
4106902;female;30;79801;64517;61274
4106902;female;35;72075;57566;55228
4106902;female;40;68720;53039;51165
4106902;female;45;66478;48750;46913
4106902;female;50;60194;38225;37085
4106902;female;55;46586;23418;22919
4106902;female;60;63180;18515;18096
4106902;male;16;26513;11630;9086
4106902;male;18;29123;19266;16644
4106902;male;20;78456;65658;61128
4106902;male;25;80932;74314;71476
4106902;male;30;75543;70606;69015
4106902;male;35;66004;61932;60483
4106902;male;40;61799;57420;56329
4106902;male;45;55899;51507;50473
4106902;male;50;49377;43825;43244
4106902;male;55;37926;29009;28531
4106902;male;60;49059;27542;27210
4107652;female;16;1616;705;430
4107652;female;18;1516;1028;792
4107652;female;20;3714;2518;2325
4107652;female;25;3682;2552;2422
4107652;female;30;3582;2606;2467
4107652;female;35;3181;2330;2188
4107652;female;40;2965;2129;2011
4107652;female;45;2519;1569;1495
4107652;female;50;2058;1064;1023
4107652;female;55;1390;552;540
4107652;female;60;1751;435;418
4107652;male;16;1680;943;776
4107652;male;18;1389;1026;881
4107652;male;20;3613;3169;3028
4107652;male;25;3592;3371;3257
4107652;male;30;3433;3015;2876
4107652;male;35;3207;2875;2801
4107652;male;40;2831;2474;2379
4107652;male;45;2420;2089;2039
4107652;male;50;1893;1576;1527
4107652;male;55;1476;1021;986
4107652;male;60;1464;781;736
4107900;female;16;115;42;35
4107900;female;18;104;74;63
4107900;female;20;265;194;138
4107900;female;25;244;192;162
4107900;female;30;252;180;171
4107900;female;35;202;156;147
4107900;female;40;237;179;167
4107900;female;45;221;149;149
4107900;female;50;197;112;112
4107900;female;55;149;63;63
4107900;female;60;227;37;37
4107900;male;16;100;49;35
4107900;male;18;101;85;79
4107900;male;20;273;235;223
4107900;male;25;258;242;230
4107900;male;30;219;208;208
4107900;male;35;211;197;193
4107900;male;40;196;193;193
4107900;male;45;208;200;200
4107900;male;50;180;156;153
4107900;male;55;159;127;127
4107900;male;60;196;98;98
4108304;female;16;5217;2021;1192
4108304;female;18;4615;2912;2336
4108304;female;20;11772;8465;7231
4108304;female;25;11493;8447;7580
4108304;female;30;11450;8272;7657
4108304;female;35;10640;7556;7045
4108304;female;40;9986;7268;6847
4108304;female;45;8872;5978;5591
4108304;female;50;6963;4115;3884
4108304;female;55;5520;2686;2605
4108304;female;60;6381;1532;1522
4108304;male;16;5080;2509;2003
4108304;male;18;4532;3433;2999
4108304;male;20;10954;9164;8422
4108304;male;25;10204;9243;8847
4108304;male;30;9975;9088;8794
4108304;male;35;9641;9105;8807
4108304;male;40;9155;8474;8203
4108304;male;45;7757;7202;7017
4108304;male;50;6407;5448;5368
4108304;male;55;5094;3850;3736
4108304;male;60;6237;3155;3026
4109401;female;16;3372;963;655
4109401;female;18;3047;1548;1167
4109401;female;20;7208;4447;3899
4109401;female;25;6911;4851;4397
4109401;female;30;6741;4578;4136
4109401;female;35;6426;4463;4180
4109401;female;40;6299;4217;3999
4109401;female;45;5880;3455;3317
4109401;female;50;4615;2363;2292
4109401;female;55;3980;1585;1523
4109401;female;60;5097;1076;1045
4109401;male;16;3185;1241;974
4109401;male;18;3283;2316;2055
4109401;male;20;7181;6265;5655
4109401;male;25;6718;6136;5856
4109401;male;30;6519;6069;5870
4109401;male;35;5931;5555;5409
4109401;male;40;5753;5187;5099
4109401;male;45;5116;4606;4519
4109401;male;50;4542;3952;3836
4109401;male;55;3026;2218;2160
4109401;male;60;4442;2268;2213
4109807;female;16;802;208;146
4109807;female;18;759;467;399
4109807;female;20;1993;1430;1201
4109807;female;25;2047;1368;1188
4109807;female;30;2096;1482;1419
4109807;female;35;1782;1228;1163
4109807;female;40;1852;1192;1101
4109807;female;45;1684;848;800
4109807;female;50;1452;815;754
4109807;female;55;1405;579;549
4109807;female;60;1687;330;330
4109807;male;16;859;359;275
4109807;male;18;786;536;439
4109807;male;20;1977;1625;1467
4109807;male;25;1888;1658;1567
4109807;male;30;1906;1629;1563
4109807;male;35;1724;1591;1550
4109807;male;40;1684;1464;1408
4109807;male;45;1548;1307;1285
4109807;male;50;1444;1132;1120
4109807;male;55;1132;896;875
4109807;male;60;1605;940;903
4110003;female;16;80;29;14
4110003;female;18;62;46;43
4110003;female;20;167;119;104
4110003;female;25;144;105;96
4110003;female;30;163;137;126
4110003;female;35;156;128;128
4110003;female;40;168;127;127
4110003;female;45;122;80;80
4110003;female;50;111;83;79
4110003;female;55;111;57;57
4110003;female;60;150;37;37
4110003;male;16;83;46;34
4110003;male;18;74;67;62
4110003;male;20;192;163;152
4110003;male;25;147;145;145
4110003;male;30;151;148;145
4110003;male;35;155;143;141
4110003;male;40;140;128;128
4110003;male;45;124;114;111
4110003;male;50;126;105;105
4110003;male;55;87;67;64
4110003;male;60;143;67;58
4111100;female;16;85;8;4
4111100;female;18;108;54;43
4111100;female;20;245;139;119
4111100;female;25;260;180;160
4111100;female;30;233;163;160
4111100;female;35;241;164;157
4111100;female;40;246;180;174
4111100;female;45;200;115;110
4111100;female;50;166;83;79
4111100;female;55;178;60;57
4111100;female;60;238;21;21
4111100;male;16;102;35;28
4111100;male;18;142;102;96
4111100;male;20;214;183;179
4111100;male;25;237;213;209
4111100;male;30;218;205;205
4111100;male;35;211;185;185
4111100;male;40;230;221;218
4111100;male;45;196;176;176
4111100;male;50;143;104;104
4111100;male;55;177;114;111
4111100;male;60;233;93;93
4111258;female;16;486;179;134
4111258;female;18;488;187;171
4111258;female;20;1123;632;560
4111258;female;25;1050;629;608
4111258;female;30;1049;662;624
4111258;female;35;928;602;596
4111258;female;40;788;472;442
4111258;female;45;611;298;298
4111258;female;50;424;238;238
4111258;female;55;382;116;116
4111258;female;60;485;97;97
4111258;male;16;468;233;220
4111258;male;18;474;377;355
4111258;male;20;1142;1045;1022
4111258;male;25;1055;1006;999
4111258;male;30;1014;956;936
4111258;male;35;883;816;816
4111258;male;40;842;723;723
4111258;male;45;608;540;540
4111258;male;50;422;385;385
4111258;male;55;423;277;277
4111258;male;60;497;224;224
4112702;female;16;209;71;49
4112702;female;18;211;144;122
4112702;female;20;464;248;231
4112702;female;25;498;326;295
4112702;female;30;446;307;282
4112702;female;35;410;284;253
4112702;female;40;425;263;225
4112702;female;45;399;252;243
4112702;female;50;321;169;160
4112702;female;55;309;130;124
4112702;female;60;413;84;84
4112702;male;16;240;129;117
4112702;male;18;181;107;91
4112702;male;20;504;406;379
4112702;male;25;486;444;432
4112702;male;30;423;370;337
4112702;male;35;401;325;315
4112702;male;40;394;315;311
4112702;male;45;362;274;263
4112702;male;50;309;230;230
4112702;male;55;256;172;160
4112702;male;60;392;177;177
4113700;female;16;8203;2923;2031
4113700;female;18;8522;5091;4256
4113700;female;20;22917;15922;14050
4113700;female;25;22620;17744;16207
4113700;female;30;21319;16999;15984
4113700;female;35;18863;14664;13917
4113700;female;40;19709;15049;14426
4113700;female;45;18788;13594;13220
4113700;female;50;16292;10506;10298
4113700;female;55;14334;7621;7515
4113700;female;60;19486;5227;5085
4113700;male;16;7877;3737;3103
4113700;male;18;8288;5759;5072
4113700;male;20;22309;18294;17198
4113700;male;25;21624;19623;18725
4113700;male;30;19927;18827;18309
4113700;male;35;17492;16416;16263
4113700;male;40;17264;15885;15376
4113700;male;45;16176;14982;14752
4113700;male;50;13883;12055;11922
4113700;male;55;11768;9184;9057
4113700;male;60;16482;8793;8661
4114104;female;16;319;115;76
4114104;female;18;339;224;198
4114104;female;20;853;663;584
4114104;female;25;767;576;515
4114104;female;30;755;578;549
4114104;female;35;754;579;535
4114104;female;40;796;616;587
4114104;female;45;692;450;426
4114104;female;50;535;308;303
4114104;female;55;497;203;203
4114104;female;60;698;130;130
4114104;male;16;340;175;139
4114104;male;18;361;258;220
4114104;male;20;877;815;775
4114104;male;25;799;749;721
4114104;male;30;780;725;710
4114104;male;35;742;677;666
4114104;male;40;728;689;683
4114104;male;45;705;659;647
4114104;male;50;463;417;406
4114104;male;55;502;364;364
4114104;male;60;597;321;321
4114302;female;16;332;150;109
4114302;female;18;389;221;164
4114302;female;20;883;673;576
4114302;female;25;842;597;560
4114302;female;30;829;553;506
4114302;female;35;741;476;434
4114302;female;40;836;603;548
4114302;female;45;668;414;389
4114302;female;50;607;389;381
4114302;female;55;447;251;241
4114302;female;60;654;173;162
4114302;male;16;486;327;257
4114302;male;18;379;290;253
4114302;male;20;936;806;775
4114302;male;25;808;731;715
4114302;male;30;813;761;753
4114302;male;35;847;823;814
4114302;male;40;787;732;732
4114302;male;45;711;657;632
4114302;male;50;691;628;604
4114302;male;55;472;397;376
4114302;male;60;743;438;429
4114708;female;16;118;45;35
4114708;female;18;109;81;68
4114708;female;20;207;148;142
4114708;female;25;198;134;119
4114708;female;30;226;179;170
4114708;female;35;227;160;160
4114708;female;40;256;166;163
4114708;female;45;188;103;103
4114708;female;50;186;88;88
4114708;female;55;148;71;71
4114708;female;60;219;45;45
4114708;male;16;115;70;67
4114708;male;18;68;56;50
4114708;male;20;242;222;215
4114708;male;25;221;205;200
4114708;male;30;221;201;201
4114708;male;35;210;200;195
4114708;male;40;258;238;238
4114708;male;45;213;189;189
4114708;male;50;171;146;142
4114708;male;55;146;113;113
4114708;male;60;232;151;151
4114807;female;16;602;238;213
4114807;female;18;486;273;194
4114807;female;20;1410;1086;924
4114807;female;25;1307;1010;959
4114807;female;30;1251;905;854
4114807;female;35;1276;1033;992
4114807;female;40;1224;907;887
4114807;female;45;1095;751;751
4114807;female;50;1063;649;649
4114807;female;55;854;335;335
4114807;female;60;1269;370;370
4114807;male;16;538;246;233
4114807;male;18;451;378;350
4114807;male;20;1382;1157;1134
4114807;male;25;1366;1297;1297
4114807;male;30;1166;1081;1055
4114807;male;35;1182;1152;1136
4114807;male;40;1221;1126;1126
4114807;male;45;1009;919;919
4114807;male;50;884;824;814
4114807;male;55;857;737;737
4114807;male;60;1136;717;703
4115200;female;16;5622;1796;1246
4115200;female;18;6179;3701;3144
4115200;female;20;17857;13249;11970
4115200;female;25;16287;13503;12714
4115200;female;30;14833;11616;11212
4115200;female;35;14068;11515;11160
4115200;female;40;14840;11668;11285
4115200;female;45;13803;10132;9736
4115200;female;50;12473;7758;7511
4115200;female;55;9715;4922;4800
4115200;female;60;13791;3687;3623
4115200;male;16;5346;2405;1952
4115200;male;18;6424;4415;3893
4115200;male;20;17744;14008;13063
4115200;male;25;15875;14474;14059
4115200;male;30;13998;13344;12951
4115200;male;35;12790;12021;11886
4115200;male;40;12888;12162;11979
4115200;male;45;12017;11321;11149
4115200;male;50;10200;9258;9172
4115200;male;55;8307;6798;6664
4115200;male;60;11164;6199;6068
4117404;female;16;59;16;10
4117404;female;18;64;31;18
4117404;female;20;120;90;81
4117404;female;25;121;95;83
4117404;female;30;142;115;112
4117404;female;35;107;98;94
4117404;female;40;134;110;110
4117404;female;45;121;88;88
4117404;female;50;95;69;66
4117404;female;55;99;58;58
4117404;female;60;144;26;26
4117404;male;16;92;49;39
4117404;male;18;54;50;43
4117404;male;20;167;154;148
4117404;male;25;123;121;121
4117404;male;30;88;88;88
4117404;male;35;128;115;112
4117404;male;40;120;114;114
4117404;male;45;153;141;138
4117404;male;50;73;64;64
4117404;male;55;85;64;61
4117404;male;60;151;64;61
4117453;female;16;93;39;30
4117453;female;18;91;64;53
4117453;female;20;219;145;140
4117453;female;25;222;139;130
4117453;female;30;207;134;127
4117453;female;35;230;149;138
4117453;female;40;193;125;117
4117453;female;45;192;123;123
4117453;female;50;151;85;85
4117453;female;55;143;27;24
4117453;female;60;191;47;47
4117453;male;16;118;39;39
4117453;male;18;94;64;57
4117453;male;20;233;207;204
4117453;male;25;223;209;207
4117453;male;30;214;204;201
4117453;male;35;215;206;206
4117453;male;40;210;198;194
4117453;male;45;187;167;167
4117453;male;50;173;160;160
4117453;male;55;112;90;90
4117453;male;60;215;122;122
4117503;female;16;723;307;232
4117503;female;18;597;404;368
4117503;female;20;1600;1278;1087
4117503;female;25;1555;1214;1184
4117503;female;30;1457;1145;1096
4117503;female;35;1506;1153;1094
4117503;female;40;1359;1027;1007
4117503;female;45;1233;827;730
4117503;female;50;908;505;492
4117503;female;55;955;441;388
4117503;female;60;1127;119;109
4117503;male;16;661;398;308
4117503;male;18;641;555;464
4117503;male;20;1624;1506;1451
4117503;male;25;1602;1539;1501
4117503;male;30;1450;1323;1290
4117503;male;35;1441;1387;1359
4117503;male;40;1321;1249;1239
4117503;male;45;1152;986;973
4117503;male;50;829;685;660
4117503;male;55;829;656;656
4117503;male;60;1028;545;545
4118204;female;16;2761;726;434
4118204;female;18;2304;1154;709
4118204;female;20;5974;3562;2702
4118204;female;25;6075;4043;3365
4118204;female;30;5682;3820;3446
4118204;female;35;5169;3300;2988
4118204;female;40;5211;3247;2960
4118204;female;45;4685;3047;2830
4118204;female;50;3844;2009;1958
4118204;female;55;2911;1086;1044
4118204;female;60;4099;839;830
4118204;male;16;2332;795;520
4118204;male;18;2479;1601;1291
4118204;male;20;5928;5280;4658
4118204;male;25;5683;5173;4930
4118204;male;30;5202;4890;4722
4118204;male;35;5456;5040;4913
4118204;male;40;4784;4460;4321
4118204;male;45;4698;4323;4195
4118204;male;50;3509;3003;2928
4118204;male;55;2956;2163;2112
4118204;male;60;3426;1678;1629
4119152;female;16;1965;717;555
4119152;female;18;2125;1300;1146
4119152;female;20;5313;3787;3569
4119152;female;25;5439;4169;3855
4119152;female;30;5577;4142;3958
4119152;female;35;4949;3488;3337
4119152;female;40;4495;3228;3125
4119152;female;45;3941;2634;2522
4119152;female;50;3209;1950;1899
4119152;female;55;2770;1370;1370
4119152;female;60;3348;858;829
4119152;male;16;1871;833;685
4119152;male;18;2124;1562;1438
4119152;male;20;5121;4401;4096
4119152;male;25;5246;4685;4562
4119152;male;30;5138;4633;4572
4119152;male;35;4863;4190;4079
4119152;male;40;4219;3647;3606
4119152;male;45;3522;2998;2962
4119152;male;50;2971;2552;2488
4119152;male;55;2204;1543;1507
4119152;male;60;2768;1546;1518
4119509;female;16;1637;588;419
4119509;female;18;1679;1049;873
4119509;female;20;4081;2747;2429
4119509;female;25;4099;3023;2668
4119509;female;30;3853;2665;2504
4119509;female;35;3507;2566;2429
4119509;female;40;3205;2365;2252
4119509;female;45;2659;1523;1432
4119509;female;50;2122;1167;1136
4119509;female;55;1617;736;727
4119509;female;60;1919;486;435
4119509;male;16;1709;770;634
4119509;male;18;1712;1254;1137
4119509;male;20;4489;3358;3174
4119509;male;25;4950;3688;3595
4119509;male;30;4605;3748;3620
4119509;male;35;4030;3421;3332
4119509;male;40;3466;2941;2811
4119509;male;45;2700;2226;2175
4119509;male;50;1948;1444;1434
4119509;male;55;1649;980;962
4119509;male;60;1848;882;853
4119905;female;16;5831;1409;888
4119905;female;18;5241;2439;1599
4119905;female;20;13269;8736;7323
4119905;female;25;13102;9059;8196
4119905;female;30;13416;9125;8338
4119905;female;35;11744;8285;7755
4119905;female;40;11032;7205;6817
4119905;female;45;10477;6390;6153
4119905;female;50;9067;4382;4185
4119905;female;55;7431;3185;3054
4119905;female;60;10341;1892;1871
4119905;male;16;5540;2196;1733
4119905;male;18;5969;4038;3561
4119905;male;20;13717;11736;10895
4119905;male;25;13364;12221;11804
4119905;male;30;12575;11791;11385
4119905;male;35;10930;10189;9994
4119905;male;40;10141;9255;8985
4119905;male;45;9359;8250;8033
4119905;male;50;7733;6251;6039
4119905;male;55;6658;4509;4393
4119905;male;60;8251;3868;3803
4120408;female;16;93;15;6
4120408;female;18;77;55;50
4120408;female;20;181;121;109
4120408;female;25;179;127;123
4120408;female;30;214;160;160
4120408;female;35;183;143;139
4120408;female;40;175;109;104
4120408;female;45;150;95;87
4120408;female;50;126;62;59
4120408;female;55;107;35;35
4120408;female;60;136;20;20
4120408;male;16;82;34;31
4120408;male;18;95;66;66
4120408;male;20;213;189;184
4120408;male;25;193;190;184
4120408;male;30;187;178;171
4120408;male;35;210;185;185
4120408;male;40;186;162;158
4120408;male;45;172;153;153
4120408;male;50;110;91;91
4120408;male;55;101;79;79
4120408;male;60;155;80;76
4120804;female;16;353;113;69
4120804;female;18;401;259;193
4120804;female;20;896;683;580
4120804;female;25;888;703;658
4120804;female;30;860;692;641
4120804;female;35;745;519;501
4120804;female;40;746;518;494
4120804;female;45;681;469;460
4120804;female;50;551;289;289
4120804;female;55;382;212;208
4120804;female;60;463;117;117
4120804;male;16;364;179;173
4120804;male;18;368;240;207
4120804;male;20;902;803;776
4120804;male;25;899;821;768
4120804;male;30;848;806;798
4120804;male;35;746;706;696
4120804;male;40;685;605;597
4120804;male;45;619;551;538
4120804;male;50;577;445;445
4120804;male;55;309;221;215
4120804;male;60;546;287;287
4122206;female;16;690;227;204
4122206;female;18;527;235;190
4122206;female;20;1346;767;727
4122206;female;25;1341;836;786
4122206;female;30;1255;836;813
4122206;female;35;1157;761;741
4122206;female;40;1039;611;602
4122206;female;45;856;418;403
4122206;female;50;764;302;302
4122206;female;55;500;211;211
4122206;female;60;729;166;166
4122206;male;16;610;256;229
4122206;male;18;453;352;335
4122206;male;20;1351;1126;1126
4122206;male;25;1395;1300;1288
4122206;male;30;1232;1101;1090
4122206;male;35;1166;1030;1016
4122206;male;40;1067;964;960
4122206;male;45;888;813;813
4122206;male;50;752;605;605
4122206;male;55;591;408;401
4122206;male;60;786;383;383
4124020;female;16;157;65;55
4124020;female;18;260;141;129
4124020;female;20;424;304;273
4124020;female;25;425;287;275
4124020;female;30;423;298;291
4124020;female;35;398;254;254
4124020;female;40;370;236;236
4124020;female;45;324;191;191
4124020;female;50;280;132;132
4124020;female;55;163;39;39
4124020;female;60;308;76;64
4124020;male;16;268;148;144
4124020;male;18;142;100;100
4124020;male;20;493;451;435
4124020;male;25;439;394;394
4124020;male;30;365;351;346
4124020;male;35;383;364;364
4124020;male;40;373;340;340
4124020;male;45;325;292;292
4124020;male;50;290;233;233
4124020;male;55;175;141;136
4124020;male;60;260;136;136
4124053;female;16;488;231;168
4124053;female;18;418;222;171
4124053;female;20;889;652;557
4124053;female;25;863;687;640
4124053;female;30;879;603;586
4124053;female;35;866;648;633
4124053;female;40;845;596;557
4124053;female;45;689;438;438
4124053;female;50;578;316;316
4124053;female;55;471;159;159
4124053;female;60;664;150;142
4124053;male;16;444;221;180
4124053;male;18;402;298;282
4124053;male;20;865;719;614
4124053;male;25;799;741;683
4124053;male;30;743;677;677
4124053;male;35;816;799;799
4124053;male;40;783;748;739
4124053;male;45;660;571;561
4124053;male;50;519;447;440
4124053;male;55;418;304;304
4124053;male;60;611;330;322
4125506;female;16;4569;1911;1465
4125506;female;18;4649;3255;2639
4125506;female;20;12055;9063;8315
4125506;female;25;12834;9975;9365
4125506;female;30;12195;9560;9190
4125506;female;35;10928;8511;8164
4125506;female;40;10021;7368;7036
4125506;female;45;8334;5657;5470
4125506;female;50;6692;3927;3772
4125506;female;55;5508;2544;2495
4125506;female;60;6357;1636;1563
4125506;male;16;4676;2572;2075
4125506;male;18;4248;3474;3052
4125506;male;20;11700;10601;10064
4125506;male;25;12533;11774;11448
4125506;male;30;12268;11626;11470
4125506;male;35;10940;10449;10295
4125506;male;40;9539;8982;8812
4125506;male;45;8012;7439;7312
4125506;male;50;6468;5478;5396
4125506;male;55;4825;3775;3736
4125506;male;60;5763;3308;3240
4126256;female;16;1355;550;458
4126256;female;18;1550;985;897
4126256;female;20;3818;2775;2483
4126256;female;25;3545;2553;2341
4126256;female;30;3427;2548;2434
4126256;female;35;3402;2346;2273
4126256;female;40;3112;2036;1956
4126256;female;45;2735;1666;1587
4126256;female;50;2054;1109;1054
4126256;female;55;2234;928;893
4126256;female;60;2490;418;393
4126256;male;16;1819;966;839
4126256;male;18;1314;1065;993
4126256;male;20;3658;3348;3261
4126256;male;25;3506;3262;3172
4126256;male;30;3214;3006;2924
4126256;male;35;3245;3055;2999
4126256;male;40;2945;2591;2550
4126256;male;45;2651;2324;2314
4126256;male;50;2093;1846;1812
4126256;male;55;1650;1237;1161
4126256;male;60;2347;1218;1208
4127700;female;16;2247;994;711
4127700;female;18;2164;1605;1306
4127700;female;20;5704;4483;4055
4127700;female;25;5393;4497;4189
4127700;female;30;4961;3990;3820
4127700;female;35;4733;3840;3677
4127700;female;40;4823;3727;3601
4127700;female;45;4543;3359;3297
4127700;female;50;3544;2176;2086
4127700;female;55;2531;1315;1282
4127700;female;60;3683;1203;1203
4127700;male;16;2373;1499;1201
4127700;male;18;2106;1638;1505
4127700;male;20;5788;5259;5030
4127700;male;25;5353;5041;4952
4127700;male;30;4751;4558;4472
4127700;male;35;4474;4302;4249
4127700;male;40;4393;4118;4062
4127700;male;45;4194;3865;3824
4127700;male;50;3378;3010;2969
4127700;male;55;2341;1752;1745
4127700;male;60;3034;1760;1732
4128104;female;16;1714;718;452
4128104;female;18;1805;1258;1035
4128104;female;20;4759;3598;3170
4128104;female;25;4287;3277;2964
4128104;female;30;4120;3164;2917
4128104;female;35;3961;3081;2891
4128104;female;40;3987;3043;2925
4128104;female;45;3681;2633;2507
4128104;female;50;3116;1916;1837
4128104;female;55;2788;1213;1178
4128104;female;60;3607;849;849
4128104;male;16;1800;986;847
4128104;male;18;1694;1310;1157
4128104;male;20;4614;3934;3624
4128104;male;25;4206;3831;3722
4128104;male;30;3916;3683;3614
4128104;male;35;3777;3545;3458
4128104;male;40;3689;3390;3349
4128104;male;45;3266;3024;2994
4128104;male;50;2678;2374;2332
4128104;male;55;2269;1880;1838
4128104;male;60;3303;1742;1700
4200606;female;16;109;67;63
4200606;female;18;130;103;98
4200606;female;20;246;234;226
4200606;female;25;190;162;158
4200606;female;30;188;164;156
4200606;female;35;208;183;183
4200606;female;40;215;176;176
4200606;female;45;193;161;158
4200606;female;50;136;114;114
4200606;female;55;144;94;94
4200606;female;60;218;124;124
4200606;male;16;137;104;99
4200606;male;18;82;74;71
4200606;male;20;253;242;235
4200606;male;25;230;221;221
4200606;male;30;181;174;174
4200606;male;35;201;190;190
4200606;male;40;245;238;238
4200606;male;45;228;218;218
4200606;male;50;165;144;144
4200606;male;55;149;137;137
4200606;male;60;189;124;124
4201208;female;16;163;45;45
4201208;female;18;117;59;56
4201208;female;20;285;225;221
4201208;female;25;315;239;225
4201208;female;30;299;237;234
4201208;female;35;306;261;257
4201208;female;40;272;219;219
4201208;female;45;255;175;175
4201208;female;50;190;130;130
4201208;female;55;152;65;65
4201208;female;60;255;52;52
4201208;male;16;149;78;78
4201208;male;18;127;98;94
4201208;male;20;306;275;275
4201208;male;25;292;282;279
4201208;male;30;321;309;309
4201208;male;35;294;294;294
4201208;male;40;321;311;311
4201208;male;45;285;277;277
4201208;male;50;215;200;200
4201208;male;55;158;133;133
4201208;male;60;264;139;139
4201307;female;16;410;173;134
4201307;female;18;460;307;240
4201307;female;20;1117;840;769
4201307;female;25;1158;879;824
4201307;female;30;1078;739;718
4201307;female;35;844;630;606
4201307;female;40;752;498;469
4201307;female;45;716;420;398
4201307;female;50;679;337;327
4201307;female;55;363;137;137
4201307;female;60;544;91;91
4201307;male;16;542;332;293
4201307;male;18;393;317;291
4201307;male;20;1129;1020;959
4201307;male;25;1174;1147;1137
4201307;male;30;1119;1045;1019
4201307;male;35;990;904;893
4201307;male;40;804;743;708
4201307;male;45;756;673;662
4201307;male;50;557;461;448
4201307;male;55;484;295;284
4201307;male;60;515;356;356
4202008;female;16;1622;556;388
4202008;female;18;1900;1239;1036
4202008;female;20;5578;4174;3925
4202008;female;25;5572;4847;4550
4202008;female;30;4970;4212;4042
4202008;female;35;4337;3474;3349
4202008;female;40;4054;3288;3132
4202008;female;45;4054;3131;3049
4202008;female;50;3737;2540;2475
4202008;female;55;3258;1700;1605
4202008;female;60;4101;911;866
4202008;male;16;1718;881;782
4202008;male;18;1881;1468;1222
4202008;male;20;5287;4548;4240
4202008;male;25;5363;5080;4905
4202008;male;30;4627;4409;4312
4202008;male;35;3894;3692;3608
4202008;male;40;3628;3450;3393
4202008;male;45;3438;3173;3173
4202008;male;50;3068;2766;2701
4202008;male;55;2403;1854;1834
4202008;male;60;3317;1544;1487
4202107;female;16;418;217;171
4202107;female;18;397;289;228
4202107;female;20;786;570;519
4202107;female;25;805;596;552
4202107;female;30;844;627;609
4202107;female;35;789;565;536
4202107;female;40;768;494;462
4202107;female;45;759;418;403
4202107;female;50;686;343;337
4202107;female;55;632;208;202
4202107;female;60;940;166;161
4202107;male;16;454;269;231
4202107;male;18;338;277;237
4202107;male;20;856;784;754
4202107;male;25;816;770;765
4202107;male;30;866;809;795
4202107;male;35;805;745;725
4202107;male;40;699;626;614
4202107;male;45;708;631;613
4202107;male;50;624;485;474
4202107;male;55;612;374;364
4202107;male;60;814;253;253
4202305;female;16;1065;369;248
4202305;female;18;1065;673;605
4202305;female;20;2682;1981;1815
4202305;female;25;2698;2087;2009
4202305;female;30;2426;1883;1841
4202305;female;35;2224;1717;1653
4202305;female;40;2229;1603;1571
4202305;female;45;1972;1124;1106
4202305;female;50;1618;889;881
4202305;female;55;1407;523;502
4202305;female;60;1479;245;245
4202305;male;16;1146;655;525
4202305;male;18;982;766;707
4202305;male;20;2638;2377;2320
4202305;male;25;2750;2606;2577
4202305;male;30;2458;2229;2229
4202305;male;35;2274;2146;2080
4202305;male;40;2077;1851;1825
4202305;male;45;1850;1622;1615
4202305;male;50;1571;1312;1291
4202305;male;55;1278;888;885
4202305;male;60;1444;567;556
4202404;female;16;5064;2764;2393
4202404;female;18;5434;4332;3986
4202404;female;20;14656;12169;11686
4202404;female;25;14585;12756;12342
4202404;female;30;13515;11910;11644
4202404;female;35;12654;10629;10404
4202404;female;40;12657;10316;10194
4202404;female;45;11954;9210;9002
4202404;female;50;9743;6111;5977
4202404;female;55;7774;3651;3618
4202404;female;60;9478;2172;2114
4202404;male;16;4912;2877;2530
4202404;male;18;5578;4620;4405
4202404;male;20;14786;13293;12968
4202404;male;25;14924;13914;13697
4202404;male;30;13409;12677;12530
4202404;male;35;12016;11506;11380
4202404;male;40;12277;11531;11410
4202404;male;45;11003;9949;9820
4202404;male;50;9021;7271;7205
4202404;male;55;6850;4684;4614
4202404;male;60;7797;3705;3623
4202701;female;16;63;48;46
4202701;female;18;109;97;91
4202701;female;20;204;173;168
4202701;female;25;171;157;147
4202701;female;30;157;136;134
4202701;female;35;139;89;84
4202701;female;40;183;153;153
4202701;female;45;170;139;139
4202701;female;50;123;75;75
4202701;female;55;112;61;61
4202701;female;60;169;67;64
4202701;male;16;57;41;41
4202701;male;18;86;83;83
4202701;male;20;214;208;206
4202701;male;25;199;192;192
4202701;male;30;178;178;176
4202701;male;35;157;157;157
4202701;male;40;199;191;191
4202701;male;45;199;170;167
4202701;male;50;149;117;117
4202701;male;55;129;92;92
4202701;male;60;162;92;92
4202909;female;16;1780;1226;1097
4202909;female;18;1828;1514;1443
4202909;female;20;5380;4733;4552
4202909;female;25;5291;4575;4486
4202909;female;30;4582;3768;3690
4202909;female;35;4293;3398;3376
4202909;female;40;4026;3087;3049
4202909;female;45;3968;2821;2781
4202909;female;50;3011;1872;1851
4202909;female;55;2506;1325;1325
4202909;female;60;3050;812;799
4202909;male;16;1730;1157;1119
4202909;male;18;2089;1804;1650
4202909;male;20;5616;5191;5112
4202909;male;25;5567;5155;5121
4202909;male;30;4576;4337;4325
4202909;male;35;4075;3800;3740
4202909;male;40;3966;3665;3642
4202909;male;45;3835;3323;3305
4202909;male;50;2855;2261;2252
4202909;male;55;2518;1825;1825
4202909;male;60;2407;1199;1190
4203204;female;16;1024;458;374
4203204;female;18;1324;897;791
4203204;female;20;2800;2089;1947
4203204;female;25;3059;2436;2334
4203204;female;30;2754;2080;1986
4203204;female;35;2599;1977;1880
4203204;female;40;2183;1502;1457
4203204;female;45;1918;1296;1263
4203204;female;50;1554;873;853
4203204;female;55;1187;569;569
4203204;female;60;1301;248;248
4203204;male;16;1103;656;572
4203204;male;18;1295;1108;1034
4203204;male;20;2872;2624;2507
4203204;male;25;2835;2735;2681
4203204;male;30;2711;2630;2589
4203204;male;35;2561;2479;2457
4203204;male;40;2246;2158;2109
4203204;male;45;1895;1688;1650
4203204;male;50;1327;1105;1067
4203204;male;55;1249;1031;1023
4203204;male;60;1236;666;649
4203956;female;16;330;164;115
4203956;female;18;343;237;207
4203956;female;20;995;754;659
4203956;female;25;1003;760;760
4203956;female;30;858;614;581
4203956;female;35;789;593;582
4203956;female;40;811;583;574
4203956;female;45;900;549;538
4203956;female;50;723;288;288
4203956;female;55;566;147;147
4203956;female;60;705;66;66
4203956;male;16;366;211;160
4203956;male;18;347;298;255
4203956;male;20;962;898;887
4203956;male;25;968;941;919
4203956;male;30;839;787;761
4203956;male;35;729;691;682
4203956;male;40;737;669;657
4203956;male;45;801;668;668
4203956;male;50;678;580;569
4203956;male;55;446;259;259
4203956;male;60;604;258;258
4204202;female;16;3368;1723;1455
4204202;female;18;3536;2673;2269
4204202;female;20;9366;7784;7152
4204202;female;25;9275;8056;7647
4204202;female;30;7830;6472;6152
4204202;female;35;7312;6047;5754
4204202;female;40;6961;5443;5219
4204202;female;45;6260;4543;4373
4204202;female;50;4887;3094;2968
4204202;female;55;3774;1853;1803
4204202;female;60;4912;1345;1313
4204202;male;16;3253;2104;1828
4204202;male;18;3202;2744;2594
4204202;male;20;9307;8395;8136
4204202;male;25;9300;8616;8470
4204202;male;30;8084;7613;7443
4204202;male;35;7344;6966;6831
4204202;male;40;6818;6434;6331
4204202;male;45;5851;5380;5303
4204202;male;50;4499;3863;3835
4204202;male;55;3462;2604;2586
4204202;male;60;4243;2251;2201
4204251;female;16;288;130;95
4204251;female;18;284;213;162
4204251;female;20;704;584;558
4204251;female;25;666;521;477
4204251;female;30;619;458;432
4204251;female;35;562;438;421
4204251;female;40;686;512;478
4204251;female;45;592;355;343
4204251;female;50;536;272;260
4204251;female;55;377;120;115
4204251;female;60;416;91;91
4204251;male;16;354;195;172
4204251;male;18;251;222;214
4204251;male;20;722;652;642
4204251;male;25;720;680;650
4204251;male;30;578;522;516
4204251;male;35;554;524;507
4204251;male;40;599;536;532
4204251;male;45;600;532;517
4204251;male;50;482;366;366
4204251;male;55;407;234;222
4204251;male;60;428;150;150
4204350;female;16;70;9;9
4204350;female;18;62;47;40
4204350;female;20;185;153;143
4204350;female;25;151;119;107
4204350;female;30;132;114;104
4204350;female;35;126;92;84
4204350;female;40;142;120;116
4204350;female;45;119;114;114
4204350;female;50;152;88;88
4204350;female;55;76;53;53
4204350;female;60;139;49;49
4204350;male;16;85;55;49
4204350;male;18;68;63;59
4204350;male;20;181;171;160
4204350;male;25;172;170;170
4204350;male;30;153;153;149
4204350;male;35;145;143;143
4204350;male;40;143;137;137
4204350;male;45;131;116;116
4204350;male;50;100;94;94
4204350;male;55;134;117;113
4204350;male;60;143;72;72
4204509;female;16;249;123;108
4204509;female;18;246;185;179
4204509;female;20;603;519;495
4204509;female;25;590;436;425
4204509;female;30;591;470;448
4204509;female;35;487;400;400
4204509;female;40;477;395;383
4204509;female;45;448;296;292
4204509;female;50;349;160;160
4204509;female;55;345;156;151
4204509;female;60;468;113;113
4204509;male;16;201;159;141
4204509;male;18;258;209;209
4204509;male;20;655;595;584
4204509;male;25;664;618;613
4204509;male;30;620;575;560
4204509;male;35;519;465;455
4204509;male;40;518;480;476
4204509;male;45;480;429;418
4204509;male;50;437;320;316
4204509;male;55;263;206;206
4204509;male;60;406;209;209
4204608;female;16;3280;1260;917
4204608;female;18;3300;2357;1966
4204608;female;20;9042;6874;6222
4204608;female;25;9175;7510;7030
4204608;female;30;7667;6197;5920
4204608;female;35;6851;5523;5365
4204608;female;40;7570;5666;5356
4204608;female;45;7756;5181;4959
4204608;female;50;6134;3480;3310
4204608;female;55;5167;2340;2258
4204608;female;60;5775;1209;1191
4204608;male;16;3671;1960;1695
4204608;male;18;3293;2660;2517
4204608;male;20;9546;8601;8209
4204608;male;25;9459;8730;8536
4204608;male;30;7659;7429;7271
4204608;male;35;6542;6119;6046
4204608;male;40;7070;6591;6487
4204608;male;45;7105;6185;6079
4204608;male;50;5770;4445;4385
4204608;male;55;4694;3115;3087
4204608;male;60;5059;2428;2404
4205407;female;16;5864;1807;1254
4205407;female;18;7325;4029;3354
4205407;female;20;20258;14556;12803
4205407;female;25;22023;18672;17648
4205407;female;30;19291;16183;15372
4205407;female;35;16505;13910;13228
4205407;female;40;15726;12544;12056
4205407;female;45;16327;12259;11923
4205407;female;50;14355;9317;9154
4205407;female;55;12073;5283;5161
4205407;female;60;15602;3371;3333
4205407;male;16;6393;2324;1782
4205407;male;18;6761;3989;3511
4205407;male;20;21016;16598;15251
4205407;male;25;22237;20169;19198
4205407;male;30;18891;17692;17288
4205407;male;35;15799;14864;14553
4205407;male;40;14161;13217;13069
4205407;male;45;14110;12912;12681
4205407;male;50;12353;10521;10315
4205407;male;55;9722;7163;7071
4205407;male;60;12265;5708;5629
4205456;female;16;435;220;203
4205456;female;18;502;374;353
4205456;female;20;1111;998;950
4205456;female;25;1095;872;786
4205456;female;30;946;784;744
4205456;female;35;827;683;650
4205456;female;40;800;596;596
4205456;female;45;812;611;611
4205456;female;50;593;357;337
4205456;female;55;428;161;142
4205456;female;60;440;166;157
4205456;male;16;326;189;178
4205456;male;18;511;467;443
4205456;male;20;1146;1068;1040
4205456;male;25;1124;1086;1048
4205456;male;30;905;859;842
4205456;male;35;902;867;835
4205456;male;40;830;757;749
4205456;male;45;816;677;677
4205456;male;50;571;455;455
4205456;male;55;456;334;334
4205456;male;60;574;291;278
4205902;female;16;1024;610;583
4205902;female;18;1076;894;853
4205902;female;20;2832;2255;2180
4205902;female;25;2575;2165;2104
4205902;female;30;2477;2070;2061
4205902;female;35;2232;1928;1871
4205902;female;40;2301;1877;1869
4205902;female;45;2158;1588;1560
4205902;female;50;1560;1040;1040
4205902;female;55;1523;842;842
4205902;female;60;1569;445;433
4205902;male;16;968;742;702
4205902;male;18;1195;1071;1062
4205902;male;20;2795;2419;2384
4205902;male;25;2685;2365;2316
4205902;male;30;2435;2200;2142
4205902;male;35;2220;1919;1897
4205902;male;40;2149;1909;1900
4205902;male;45;2059;1885;1874
4205902;male;50;1658;1315;1299
4205902;male;55;1329;876;871
4205902;male;60;1434;643;643
4206009;female;16;238;81;71
4206009;female;18;185;92;71
4206009;female;20;517;391;348
4206009;female;25;519;358;347
4206009;female;30;482;349;336
4206009;female;35;568;373;350
4206009;female;40;505;314;302
4206009;female;45;461;263;251
4206009;female;50;462;178;169
4206009;female;55;282;102;80
4206009;female;60;416;107;107
4206009;male;16;252;100;77
4206009;male;18;258;236;201
4206009;male;20;556;520;488
4206009;male;25;547;537;527
4206009;male;30;490;471;471
4206009;male;35;537;499;487
4206009;male;40;540;517;512
4206009;male;45;542;490;490
4206009;male;50;394;345;345
4206009;male;55;384;294;294
4206009;male;60;416;224;209
4206207;female;16;165;82;62
4206207;female;18;170;108;92
4206207;female;20;437;319;300
4206207;female;25;433;367;362
4206207;female;30;378;284;279
4206207;female;35;401;294;290
4206207;female;40;401;275;263
4206207;female;45;398;257;252
4206207;female;50;375;228;218
4206207;female;55;247;112;112
4206207;female;60;402;103;103
4206207;male;16;211;135;135
4206207;male;18;181;162;162
4206207;male;20;447;406;400
4206207;male;25;417;410;400
4206207;male;30;400;371;367
4206207;male;35;326;317;317
4206207;male;40;415;389;389
4206207;male;45;400;342;334
4206207;male;50;311;259;254
4206207;male;55;292;187;187
4206207;male;60;380;139;139
4206306;female;16;307;206;201
4206306;female;18;331;287;280
4206306;female;20;884;729;706
4206306;female;25;894;750;732
4206306;female;30;794;611;599
4206306;female;35;734;546;537
4206306;female;40;712;560;556
4206306;female;45;640;472;458
4206306;female;50;517;277;277
4206306;female;55;437;126;126
4206306;female;60;464;88;88
4206306;male;16;340;293;293
4206306;male;18;325;308;280
4206306;male;20;927;801;792
4206306;male;25;879;791;775
4206306;male;30;788;705;694
4206306;male;35;712;637;632
4206306;male;40;755;607;596
4206306;male;45;708;591;591
4206306;male;50;555;364;364
4206306;male;55;445;304;298
4206306;male;60;409;165;165
4206504;female;16;672;319;225
4206504;female;18;767;549;496
4206504;female;20;1740;1233;1129
4206504;female;25;1721;1393;1345
4206504;female;30;1531;1196;1155
4206504;female;35;1422;1047;958
4206504;female;40;1246;845;758
4206504;female;45;1104;748;722
4206504;female;50;799;384;384
4206504;female;55;634;277;277
4206504;female;60;719;125;125
4206504;male;16;642;379;320
4206504;male;18;679;524;499
4206504;male;20;1907;1515;1422
4206504;male;25;1848;1558;1463
4206504;male;30;1643;1427;1392
4206504;male;35;1437;1229;1201
4206504;male;40;1440;1190;1171
4206504;male;45;1091;944;900
4206504;male;50;803;530;500
4206504;male;55;660;386;379
4206504;male;60;741;365;365
4206652;female;16;72;27;27
4206652;female;18;101;66;64
4206652;female;20;190;148;133
4206652;female;25;170;112;112
4206652;female;30;142;115;98
4206652;female;35;152;132;130
4206652;female;40;168;126;126
4206652;female;45;150;108;106
4206652;female;50;126;70;70
4206652;female;55;128;55;55
4206652;female;60;144;33;33
4206652;male;16;110;65;65
4206652;male;18;91;72;72
4206652;male;20;201;185;174
4206652;male;25;180;166;161
4206652;male;30;159;159;159
4206652;male;35;167;153;153
4206652;male;40;169;162;162
4206652;male;45;162;142;142
4206652;male;50;182;139;139
4206652;male;55;122;93;93
4206652;male;60;188;85;85
4207007;female;16;1113;486;436
4207007;female;18;924;697;618
4207007;female;20;2796;2122;1998
4207007;female;25;2534;1865;1721
4207007;female;30;2210;1636;1541
4207007;female;35;2155;1559;1474
4207007;female;40;2241;1419;1355
4207007;female;45;2287;1271;1186
4207007;female;50;1811;957;948
4207007;female;55;1393;564;544
4207007;female;60;1695;413;413
4207007;male;16;1048;612;560
4207007;male;18;1128;945;892
4207007;male;20;2876;2680;2595
4207007;male;25;2611;2491;2449
4207007;male;30;2209;2092;2068
4207007;male;35;1972;1888;1836
4207007;male;40;2220;2045;2031
4207007;male;45;2223;1979;1954
4207007;male;50;1753;1348;1324
4207007;male;55;1412;944;901
4207007;male;60;1652;719;710
4207106;female;16;225;154;143
4207106;female;18;209;170;170
4207106;female;20;569;443;432
4207106;female;25;532;401;392
4207106;female;30;486;389;383
4207106;female;35;457;374;366
4207106;female;40;458;326;316
4207106;female;45;418;296;283
4207106;female;50;297;190;190
4207106;female;55;283;114;114
4207106;female;60;355;91;91
4207106;male;16;221;141;136
4207106;male;18;221;193;189
4207106;male;20;554;487;483
4207106;male;25;582;491;486
4207106;male;30;480;428;418
4207106;male;35;454;425;425
4207106;male;40;489;433;428
4207106;male;45;400;339;339
4207106;male;50;338;286;286
4207106;male;55;297;192;192
4207106;male;60;300;151;151
4207502;female;16;947;647;572
4207502;female;18;942;808;730
4207502;female;20;2545;2282;2236
4207502;female;25;2599;2301;2233
4207502;female;30;2272;2054;2001
4207502;female;35;2172;1867;1845
4207502;female;40;2064;1727;1701
4207502;female;45;1937;1554;1543
4207502;female;50;1510;968;945
4207502;female;55;1213;607;607
4207502;female;60;1551;523;514
4207502;male;16;994;863;804
4207502;male;18;1012;951;928
4207502;male;20;2645;2525;2474
4207502;male;25;2636;2514;2473
4207502;male;30;2370;2306;2267
4207502;male;35;2250;2225;2171
4207502;male;40;2140;2033;2019
4207502;male;45;1903;1822;1802
4207502;male;50;1481;1286;1276
4207502;male;55;1110;836;836
4207502;male;60;1324;722;722
4208203;female;16;3318;1543;1172
4208203;female;18;2967;2091;1742
4208203;female;20;8623;6731;6198
4208203;female;25;9063;7424;7004
4208203;female;30;8061;6505;6137
4208203;female;35;6961;5348;5114
4208203;female;40;6777;5034;4814
4208203;female;45;6524;4520;4331
4208203;female;50;5674;3142;3056
4208203;female;55;4000;1597;1542
4208203;female;60;5257;1250;1241
4208203;male;16;2816;1580;1452
4208203;male;18;3199;2701;2453
4208203;male;20;8555;7619;7163
4208203;male;25;9233;8718;8457
4208203;male;30;8209;7740;7634
4208203;male;35;6840;6474;6373
4208203;male;40;6511;6128;5907
4208203;male;45;6104;5642;5496
4208203;male;50;5067;4396;4323
4208203;male;55;3811;2823;2778
4208203;male;60;4171;2260;2230
4208906;female;16;2255;1173;964
4208906;female;18;2637;2155;1939
4208906;female;20;7184;6366;6067
4208906;female;25;7310;6563;6305
4208906;female;30;6823;5882;5712
4208906;female;35;5909;5071;4952
4208906;female;40;5415;4471;4420
4208906;female;45;4957;3686;3605
4208906;female;50;3965;2524;2480
4208906;female;55;2884;1252;1231
4208906;female;60;3439;751;751
4208906;male;16;2109;1156;932
4208906;male;18;2655;2366;2266
4208906;male;20;7527;7109;6929
4208906;male;25;8003;7512;7387
4208906;male;30;7036;6831;6787
4208906;male;35;6000;5716;5668
4208906;male;40;5546;5196;5124
4208906;male;45;4871;4472;4441
4208906;male;50;3904;3168;3136
4208906;male;55;2664;1729;1729
4208906;male;60;3167;1316;1303
4209102;female;16;8667;3712;2792
4209102;female;18;8834;6721;5839
4209102;female;20;23452;18987;17390
4209102;female;25;24073;20204;19031
4209102;female;30;22693;17951;16946
4209102;female;35;20723;15809;14976
4209102;female;40;20170;15166;14574
4209102;female;45;18690;12187;11736
4209102;female;50;15359;8362;8164
4209102;female;55;11958;4991;4843
4209102;female;60;14752;2889;2854
4209102;male;16;8854;4647;3838
4209102;male;18;9325;7380;6733
4209102;male;20;24845;22354;21244
4209102;male;25;24937;23467;22817
4209102;male;30;22848;22015;21466
4209102;male;35;20249;19323;18931
4209102;male;40;19810;18644;18275
4209102;male;45;17550;15991;15632
4209102;male;50;14078;11397;11167
4209102;male;55;11995;8275;8144
4209102;male;60;12093;5400;5329
4209300;female;16;2765;957;640
4209300;female;18;2519;1588;1156
4209300;female;20;6958;4665;4075
4209300;female;25;6768;4888;4376
4209300;female;30;6187;4608;4164
4209300;female;35;5751;4120;3829
4209300;female;40;5972;4173;3964
4209300;female;45;5686;3689;3480
4209300;female;50;4708;2503;2379
4209300;female;55;4057;1532;1510
4209300;female;60;5548;1203;1196
4209300;male;16;2591;986;790
4209300;male;18;3079;2074;1879
4209300;male;20;6659;5433;4979
4209300;male;25;6648;5952;5627
4209300;male;30;5712;5153;5005
4209300;male;35;5524;5051;4928
4209300;male;40;5231;4764;4639
4209300;male;45;5009;4447;4373
4209300;male;50;4253;3447;3332
4209300;male;55;3313;2404;2374
4209300;male;60;4719;2206;2152
4209409;female;16;748;181;108
4209409;female;18;880;603;440
4209409;female;20;1935;1267;1047
4209409;female;25;1929;1359;1185
4209409;female;30;1826;1253;1163
4209409;female;35;1868;1289;1213
4209409;female;40;1893;1311;1229
4209409;female;45;1930;1107;1078
4209409;female;50;1606;707;682
4209409;female;55;1667;547;502
4209409;female;60;2396;454;445
4209409;male;16;891;292;237
4209409;male;18;846;662;563
4209409;male;20;1978;1651;1617
4209409;male;25;1941;1746;1648
4209409;male;30;1774;1635;1591
4209409;male;35;1729;1685;1663
4209409;male;40;1888;1752;1729
4209409;male;45;1840;1553;1510
4209409;male;50;1480;1151;1151
4209409;male;55;1555;917;917
4209409;male;60;2047;715;715
4211207;female;16;305;193;171
4211207;female;18;288;246;205
4211207;female;20;750;563;525
4211207;female;25;700;568;551
4211207;female;30;644;460;430
4211207;female;35;568;431;421
4211207;female;40;609;409;397
4211207;female;45;614;414;405
4211207;female;50;486;261;256
4211207;female;55;324;108;99
4211207;female;60;449;72;72
4211207;male;16;276;197;188
4211207;male;18;331;271;260
4211207;male;20;836;808;792
4211207;male;25;724;680;680
4211207;male;30;631;616;616
4211207;male;35;566;527;527
4211207;male;40;602;570;564
4211207;male;45;559;511;511
4211207;male;50;418;365;360
4211207;male;55;387;296;292
4211207;male;60;372;175;175
4211256;female;16;50;28;28
4211256;female;18;53;41;41
4211256;female;20;131;93;93
4211256;female;25;115;94;91
4211256;female;30;91;81;81
4211256;female;35;98;81;81
4211256;female;40;122;109;109
4211256;female;45;104;78;78
4211256;female;50;90;49;49
4211256;female;55;48;32;32
4211256;female;60;94;44;44
4211256;male;16;63;38;38
4211256;male;18;63;57;51
4211256;male;20;143;135;128
4211256;male;25;117;102;102
4211256;male;30;101;96;96
4211256;male;35;95;91;91
4211256;male;40;127;113;113
4211256;male;45;118;105;105
4211256;male;50;73;62;59
4211256;male;55;106;86;86
4211256;male;60;91;50;50
4211306;female;16;1107;392;267
4211306;female;18;997;682;555
4211306;female;20;2692;2022;1821
4211306;female;25;2827;2091;1874
4211306;female;30;2528;1837;1709
4211306;female;35;2109;1516;1400
4211306;female;40;2164;1376;1333
4211306;female;45;1963;1315;1258
4211306;female;50;1705;820;784
4211306;female;55;1284;488;488
4211306;female;60;1760;331;320
4211306;male;16;848;409;311
4211306;male;18;1262;942;874
4211306;male;20;2722;2326;2202
4211306;male;25;2798;2442;2406
4211306;male;30;2494;2252;2191
4211306;male;35;2374;2114;2037
4211306;male;40;2100;1781;1721
4211306;male;45;1873;1680;1647
4211306;male;50;1550;1254;1212
4211306;male;55;1306;851;817
4211306;male;60;1563;763;763
4211603;female;16;288;155;140
4211603;female;18;211;147;135
4211603;female;20;646;530;505
4211603;female;25;600;484;464
4211603;female;30;479;392;377
4211603;female;35;465;372;372
4211603;female;40;508;361;352
4211603;female;45;495;322;310
4211603;female;50;359;187;187
4211603;female;55;309;122;118
4211603;female;60;382;53;47
4211603;male;16;212;107;98
4211603;male;18;281;265;247
4211603;male;20;637;595;592
4211603;male;25;561;517;512
4211603;male;30;496;457;452
4211603;male;35;465;442;442
4211603;male;40;531;476;461
4211603;male;45;500;457;457
4211603;male;50;366;301;301
4211603;male;55;338;250;250
4211603;male;60;435;189;183
4211900;female;16;2557;1138;857
4211900;female;18;2398;1599;1346
4211900;female;20;6363;4973;4497
4211900;female;25;6541;5299;5091
4211900;female;30;6089;5005;4808
4211900;female;35;5582;4427;4207
4211900;female;40;5175;3906;3809
4211900;female;45;4757;3193;3155
4211900;female;50;3902;2395;2313
4211900;female;55;2853;1213;1196
4211900;female;60;3335;694;672
4211900;male;16;2574;1499;1286
4211900;male;18;2370;1931;1834
4211900;male;20;6340;5607;5423
4211900;male;25;6627;6243;6115
4211900;male;30;6341;6119;6053
4211900;male;35;5714;5393;5344
4211900;male;40;5134;4800;4740
4211900;male;45;4413;4100;4041
4211900;male;50;3586;2872;2818
4211900;male;55;2900;2151;2151
4211900;male;60;3198;1428;1428
4212304;female;16;111;34;25
4212304;female;18;124;64;58
4212304;female;20;267;202;169
4212304;female;25;272;158;156
4212304;female;30;235;153;145
4212304;female;35;241;146;139
4212304;female;40;227;129;126
4212304;female;45;232;124;113
4212304;female;50;184;49;46
4212304;female;55;151;24;24
4212304;female;60;257;32;32
4212304;male;16;155;89;73
4212304;male;18;106;88;70
4212304;male;20;301;284;278
4212304;male;25;261;232;230
4212304;male;30;264;250;244
4212304;male;35;243;224;218
4212304;male;40;237;213;207
4212304;male;45;230;191;191
4212304;male;50;176;148;148
4212304;male;55;168;73;70
4212304;male;60;214;76;73
4212502;female;16;361;179;114
4212502;female;18;401;274;226
4212502;female;20;985;733;685
4212502;female;25;1054;708;684
4212502;female;30;983;766;725
4212502;female;35;923;630;622
4212502;female;40;890;585;585
4212502;female;45;820;537;537
4212502;female;50;835;444;423
4212502;female;55;640;185;185
4212502;female;60;947;169;169
4212502;male;16;493;272;246
4212502;male;18;367;309;265
4212502;male;20;1060;989;963
4212502;male;25;1019;972;915
4212502;male;30;983;939;919
4212502;male;35;967;919;902
4212502;male;40;890;815;807
4212502;male;45;820;692;692
4212502;male;50;730;640;606
4212502;male;55;651;366;366
4212502;male;60;926;303;294
4212650;female;16;0;0;0
4212650;female;18;0;0;0
4212650;female;20;0;0;0
4212650;female;25;0;0;0
4212650;female;30;0;0;0
4212650;female;35;0;0;0
4212650;female;40;0;0;0
4212650;female;45;0;0;0
4212650;female;50;0;0;0
4212650;female;55;0;0;0
4212650;female;60;0;0;0
4212650;male;16;0;0;0
4212650;male;18;0;0;0
4212650;male;20;0;0;0
4212650;male;25;0;0;0
4212650;male;30;0;0;0
4212650;male;35;0;0;0
4212650;male;40;0;0;0
4212650;male;45;0;0;0
4212650;male;50;0;0;0
4212650;male;55;0;0;0
4212650;male;60;0;0;0
4212809;female;16;325;175;107
4212809;female;18;222;167;134
4212809;female;20;623;490;454
4212809;female;25;685;491;465
4212809;female;30;710;555;530
4212809;female;35;622;475;450
4212809;female;40;572;444;432
4212809;female;45;562;380;364
4212809;female;50;527;269;265
4212809;female;55;519;176;176
4212809;female;60;597;58;58
4212809;male;16;319;197;185
4212809;male;18;308;272;262
4212809;male;20;710;670;630
4212809;male;25;646;588;573
4212809;male;30;681;654;645
4212809;male;35;603;579;562
4212809;male;40;589;564;541
4212809;male;45;539;492;475
4212809;male;50;512;417;417
4212809;male;55;389;258;248
4212809;male;60;572;211;205
4215000;female;16;817;313;229
4215000;female;18;507;380;277
4215000;female;20;1584;1223;1006
4215000;female;25;1767;1349;1245
4215000;female;30;1592;1173;1086
4215000;female;35;1496;1134;1085
4215000;female;40;1503;1038;961
4215000;female;45;1337;978;905
4215000;female;50;1250;663;609
4215000;female;55;638;294;285
4215000;female;60;1174;336;327
4215000;male;16;847;327;252
4215000;male;18;589;513;465
4215000;male;20;1618;1492;1434
4215000;male;25;1789;1695;1586
4215000;male;30;1710;1574;1553
4215000;male;35;1576;1399;1359
4215000;male;40;1459;1410;1399
4215000;male;45;1369;1260;1242
4215000;male;50;1065;864;834
4215000;male;55;749;586;575
4215000;male;60;860;416;371
4215703;female;16;362;153;114
4215703;female;18;375;294;264
4215703;female;20;873;726;671
4215703;female;25;843;729;705
4215703;female;30;772;629;606
4215703;female;35;780;614;602
4215703;female;40;758;574;574
4215703;female;45;775;519;489
4215703;female;50;563;348;337
4215703;female;55;417;173;173
4215703;female;60;631;122;122
4215703;male;16;325;195;180
4215703;male;18;427;348;344
4215703;male;20;922;885;853
4215703;male;25;864;808;796
4215703;male;30;806;781;776
4215703;male;35;796;755;755
4215703;male;40;857;835;820
4215703;male;45;701;626;622
4215703;male;50;559;489;489
4215703;male;55;489;372;366
4215703;male;60;546;268;268
4215802;female;16;1107;450;333
4215802;female;18;1494;1095;938
4215802;female;20;3247;2632;2431
4215802;female;25;3643;3038;2866
4215802;female;30;3453;2829;2705
4215802;female;35;2971;2334;2231
4215802;female;40;2778;2071;1944
4215802;female;45;2647;1903;1836
4215802;female;50;1964;980;957
4215802;female;55;1690;738;728
4215802;female;60;1919;448;440
4215802;male;16;1112;578;425
4215802;male;18;1229;1014;897
4215802;male;20;3357;2963;2836
4215802;male;25;3648;3333;3253
4215802;male;30;3508;3285;3278
4215802;male;35;3059;2812;2778
4215802;male;40;2791;2546;2480
4215802;male;45;2452;2229;2200
4215802;male;50;2056;1669;1659
4215802;male;55;1591;1104;1104
4215802;male;60;1864;858;848
4216602;female;16;3411;1305;996
4216602;female;18;3405;2407;2004
4216602;female;20;10033;8266;7560
4216602;female;25;10720;9116;8652
4216602;female;30;9817;8262;7971
4216602;female;35;8572;7151;6922
4216602;female;40;8092;6548;6411
4216602;female;45;7811;5714;5489
4216602;female;50;6922;4315;4212
4216602;female;55;5683;2464;2369
4216602;female;60;6545;1292;1292
4216602;male;16;3587;1836;1445
4216602;male;18;3357;2678;2499
4216602;male;20;9906;8972;8559
4216602;male;25;10623;9905;9571
4216602;male;30;9470;9011;8886
4216602;male;35;8317;7897;7787
4216602;male;40;7545;6975;6818
4216602;male;45;6798;6117;6007
4216602;male;50;5971;4945;4913
4216602;male;55;4476;3089;3045
4216602;male;60;5405;2383;2362
4217253;female;16;67;21;21
4217253;female;18;46;17;17
4217253;female;20;120;94;91
4217253;female;25;132;111;109
4217253;female;30;123;112;112
4217253;female;35;91;71;71
4217253;female;40;149;135;135
4217253;female;45;121;82;82
4217253;female;50;97;68;68
4217253;female;55;82;45;45
4217253;female;60;173;54;51
4217253;male;16;38;20;20
4217253;male;18;65;44;44
4217253;male;20;411;204;124
4217253;male;25;490;269;152
4217253;male;30;380;223;137
4217253;male;35;265;175;151
4217253;male;40;263;202;187
4217253;male;45;170;131;128
4217253;male;50;133;107;107
4217253;male;55;92;65;59
4217253;male;60;180;72;69
4217402;female;16;271;182;146
4217402;female;18;247;222;200
4217402;female;20;699;643;631
4217402;female;25;812;725;720
4217402;female;30;682;601;596
4217402;female;35;619;538;526
4217402;female;40;569;439;439
4217402;female;45;483;350;339
4217402;female;50;327;154;154
4217402;female;55;295;152;145
4217402;female;60;350;71;71
4217402;male;16;267;173;146
4217402;male;18;258;244;244
4217402;male;20;777;736;729
4217402;male;25;782;773;769
4217402;male;30;748;719;714
4217402;male;35;672;643;634
4217402;male;40;605;582;582
4217402;male;45;488;447;447
4217402;male;50;410;376;376
4217402;male;55;277;206;196
4217402;male;60;358;161;161
4217600;female;16;234;85;66
4217600;female;18;201;159;131
4217600;female;20;557;478;436
4217600;female;25;543;421;403
4217600;female;30;470;340;329
4217600;female;35;425;303;284
4217600;female;40;458;344;328
4217600;female;45;539;369;360
4217600;female;50;488;291;282
4217600;female;55;323;144;144
4217600;female;60;464;104;104
4217600;male;16;222;124;97
4217600;male;18;254;228;213
4217600;male;20;616;579;553
4217600;male;25;572;560;541
4217600;male;30;493;484;468
4217600;male;35;404;380;369
4217600;male;40;471;443;433
4217600;male;45;501;459;443
4217600;male;50;443;348;348
4217600;male;55;364;259;254
4217600;male;60;350;160;155
4218350;female;16;40;8;8
4218350;female;18;86;58;56
4218350;female;20;151;105;101
4218350;female;25;143;91;87
4218350;female;30;136;98;94
4218350;female;35;145;95;92
4218350;female;40;137;67;63
4218350;female;45;141;75;75
4218350;female;50;88;23;23
4218350;female;55;104;28;28
4218350;female;60;121;40;40
4218350;male;16;58;15;15
4218350;male;18;57;30;30
4218350;male;20;163;138;134
4218350;male;25;146;146;142
4218350;male;30;146;125;125
4218350;male;35;133;130;130
4218350;male;40;137;113;113
4218350;male;45;141;103;103
4218350;male;50;136;77;77
4218350;male;55;81;42;42
4218350;male;60;122;57;55
4218707;female;16;1392;596;499
4218707;female;18;1620;1155;1066
4218707;female;20;4468;3431;3283
4218707;female;25;4459;3598;3458
4218707;female;30;3965;3078;2966
4218707;female;35;3369;2445;2355
4218707;female;40;3757;2688;2585
4218707;female;45;4154;2545;2517
4218707;female;50;3229;1832;1781
4218707;female;55;3018;1103;1081
4218707;female;60;3884;639;626
4218707;male;16;1605;872;800
4218707;male;18;1647;1260;1224
4218707;male;20;4451;3783;3522
4218707;male;25;4512;4124;3999
4218707;male;30;3857;3510;3470
4218707;male;35;3184;2900;2858
4218707;male;40;3453;3131;3094
4218707;male;45;3763;3395;3358
4218707;male;50;3047;2574;2540
4218707;male;55;2471;1764;1733
4218707;male;60;3173;1305;1305
4219002;female;16;304;112;88
4219002;female;18;345;233;215
4219002;female;20;919;650;620
4219002;female;25;892;761;731
4219002;female;30;752;593;559
4219002;female;35;653;460;450
4219002;female;40;799;578;556
4219002;female;45;834;496;481
4219002;female;50;709;397;386
4219002;female;55;617;253;253
4219002;female;60;796;279;274
4219002;male;16;301;210;193
4219002;male;18;362;327;327
4219002;male;20;934;880;852
4219002;male;25;930;891;872
4219002;male;30;744;731;705
4219002;male;35;713;679;670
4219002;male;40;739;688;677
4219002;male;45;794;635;629
4219002;male;50;736;552;550
4219002;male;55;517;348;348
4219002;male;60;663;324;324
4220000;female;16;0;0;0
4220000;female;18;0;0;0
4220000;female;20;0;0;0
4220000;female;25;0;0;0
4220000;female;30;0;0;0
4220000;female;35;0;0;0
4220000;female;40;0;0;0
4220000;female;45;0;0;0
4220000;female;50;0;0;0
4220000;female;55;0;0;0
4220000;female;60;0;0;0
4220000;male;16;0;0;0
4220000;male;18;0;0;0
4220000;male;20;0;0;0
4220000;male;25;0;0;0
4220000;male;30;0;0;0
4220000;male;35;0;0;0
4220000;male;40;0;0;0
4220000;male;45;0;0;0
4220000;male;50;0;0;0
4220000;male;55;0;0;0
4220000;male;60;0;0;0
4300034;female;16;80;19;19
4300034;female;18;72;40;32
4300034;female;20;148;85;74
4300034;female;25;146;98;81
4300034;female;30;142;81;62
4300034;female;35;150;73;68
4300034;female;40;159;97;86
4300034;female;45;136;89;79
4300034;female;50;115;66;62
4300034;female;55;111;26;26
4300034;female;60;178;64;62
4300034;male;16;85;19;19
4300034;male;18;76;45;35
4300034;male;20;160;133;125
4300034;male;25;169;160;160
4300034;male;30;155;144;140
4300034;male;35;181;172;172
4300034;male;40;174;162;160
4300034;male;45;160;150;150
4300034;male;50;155;142;139
4300034;male;55;125;115;115
4300034;male;60;152;93;89
4300604;female;16;3602;1480;976
4300604;female;18;3593;2378;1701
4300604;female;20;8150;6154;5201
4300604;female;25;8550;6289;5544
4300604;female;30;7924;5977;5400
4300604;female;35;7177;5064;4717
4300604;female;40;7002;5091;4789
4300604;female;45;6682;4625;4288
4300604;female;50;5808;3205;3061
4300604;female;55;4630;2205;2150
4300604;female;60;6248;1472;1423
4300604;male;16;3584;1516;1211
4300604;male;18;3749;2877;2492
4300604;male;20;8303;7508;6950
4300604;male;25;8143;7417;7065
4300604;male;30;7430;6900;6685
4300604;male;35;6691;6268;6033
4300604;male;40;6573;6008;5853
4300604;male;45;6026;5270;5085
4300604;male;50;5242;4257;4134
4300604;male;55;3980;2833;2788
4300604;male;60;4638;2061;2020
4300877;female;16;76;39;39
4300877;female;18;78;77;67
4300877;female;20;201;178;172
4300877;female;25;207;165;160
4300877;female;30;188;169;166
4300877;female;35;157;127;119
4300877;female;40;191;168;165
4300877;female;45;171;108;108
4300877;female;50;154;87;87
4300877;female;55;120;46;46
4300877;female;60;175;34;34
4300877;male;16;89;41;31
4300877;male;18;79;61;55
4300877;male;20;190;165;162
4300877;male;25;212;208;202
4300877;male;30;200;191;183
4300877;male;35;191;170;170
4300877;male;40;195;176;176
4300877;male;45;174;168;162
4300877;male;50;127;105;105
4300877;male;55;106;74;74
4300877;male;60;155;65;65
4301008;female;16;245;142;99
4301008;female;18;343;323;313
4301008;female;20;745;688;660
4301008;female;25;734;639;605
4301008;female;30;683;630;620
4301008;female;35;687;619;597
4301008;female;40;738;673;668
4301008;female;45;755;631;631
4301008;female;50;661;512;503
4301008;female;55;558;354;354
4301008;female;60;699;334;334
4301008;male;16;368;281;265
4301008;male;18;257;222;187
4301008;male;20;857;835;815
4301008;male;25;799;779;764
4301008;male;30;699;674;666
4301008;male;35;655;644;644
4301008;male;40;725;694;687
4301008;male;45;782;759;753
4301008;male;50;670;578;568
4301008;male;55;520;420;420
4301008;male;60;762;484;484
4301073;female;16;38;16;16
4301073;female;18;46;31;26
4301073;female;20;88;64;60
4301073;female;25;102;89;84
4301073;female;30;101;79;79
4301073;female;35;99;85;85
4301073;female;40;62;43;43
4301073;female;45;87;61;61
4301073;female;50;81;57;57
4301073;female;55;68;47;46
4301073;female;60;126;63;63
4301073;male;16;40;9;9
4301073;male;18;50;39;39
4301073;male;20;116;93;93
4301073;male;25;128;110;110
4301073;male;30;105;97;97
4301073;male;35;105;93;88
4301073;male;40;78;67;67
4301073;male;45;84;73;73
4301073;male;50;100;84;84
4301073;male;55;88;79;79
4301073;male;60;158;111;111
4301602;female;16;1963;570;335
4301602;female;18;1973;909;474
4301602;female;20;4651;2914;2246
4301602;female;25;4712;3126;2723
4301602;female;30;4199;3038;2674
4301602;female;35;4115;2894;2642
4301602;female;40;4206;2934;2720
4301602;female;45;4415;3045;2891
4301602;female;50;3824;2113;2049
4301602;female;55;3286;1511;1473
4301602;female;60;5041;964;955
4301602;male;16;1920;567;352
4301602;male;18;1935;1153;977
4301602;male;20;4709;3669;3309
4301602;male;25;4507;3961;3757
4301602;male;30;3906;3364;3171
4301602;male;35;3702;3398;3265
4301602;male;40;3773;3323;3208
4301602;male;45;3915;3364;3266
4301602;male;50;3252;2683;2610
4301602;male;55;2938;2014;1964
4301602;male;60;4105;1830;1757
4302105;female;16;1528;616;453
4302105;female;18;1634;1214;1148
4302105;female;20;4936;4134;3861
4302105;female;25;5157;4523;4400
4302105;female;30;4512;3942;3798
4302105;female;35;3860;3311;3163
4302105;female;40;4119;3149;3079
4302105;female;45;4119;3266;3170
4302105;female;50;3691;2361;2341
4302105;female;55;3015;1764;1744
4302105;female;60;4001;1206;1199
4302105;male;16;1383;884;786
4302105;male;18;1986;1651;1605
4302105;male;20;4962;4612;4451
4302105;male;25;5486;5143;5054
4302105;male;30;4621;4350;4276
4302105;male;35;3904;3709;3655
4302105;male;40;4065;3770;3750
4302105;male;45;4015;3711;3684
4302105;male;50;3574;2931;2911
4302105;male;55;2587;2023;1955
4302105;male;60;3546;1947;1929
4302402;female;16;180;114;114
4302402;female;18;203;166;159
4302402;female;20;465;417;406
4302402;female;25;467;447;420
4302402;female;30;419;383;373
4302402;female;35;400;348;348
4302402;female;40;453;390;384
4302402;female;45;430;310;310
4302402;female;50;428;257;251
4302402;female;55;288;125;125
4302402;female;60;460;112;112
4302402;male;16;191;133;122
4302402;male;18;191;183;177
4302402;male;20;470;460;440
4302402;male;25;498;491;480
4302402;male;30;360;350;350
4302402;male;35;412;403;391
4302402;male;40;398;371;362
4302402;male;45;414;386;386
4302402;male;50;374;318;313
4302402;male;55;320;249;245
4302402;male;60;403;208;204
4303103;female;16;1926;707;463
4303103;female;18;1901;1240;949
4303103;female;20;4994;3938;3457
4303103;female;25;5359;4261;3884
4303103;female;30;5003;4014;3766
4303103;female;35;4477;3455;3132
4303103;female;40;4636;3319;3044
4303103;female;45;4478;3004;2902
4303103;female;50;3912;2060;1957
4303103;female;55;3180;1541;1484
4303103;female;60;4294;887;880
4303103;male;16;1880;751;584
4303103;male;18;1925;1411;1200
4303103;male;20;5006;4551;4186
4303103;male;25;5256;4856;4673
4303103;male;30;4814;4486;4411
4303103;male;35;4211;3925;3769
4303103;male;40;4173;3894;3707
4303103;male;45;4068;3602;3520
4303103;male;50;3418;2849;2759
4303103;male;55;2929;1967;1906
4303103;male;60;3295;1352;1352
4303905;female;16;963;454;356
4303905;female;18;1090;932;838
4303905;female;20;2634;2362;2246
4303905;female;25;2773;2383;2322
4303905;female;30;2374;2014;1891
4303905;female;35;2308;1908;1858
4303905;female;40;2462;2004;1932
4303905;female;45;2450;1788;1744
4303905;female;50;1919;1184;1130
4303905;female;55;1653;789;778
4303905;female;60;1766;325;325
4303905;male;16;1097;706;628
4303905;male;18;1071;911;885
4303905;male;20;2622;2454;2390
4303905;male;25;2803;2646;2617
4303905;male;30;2429;2308;2252
4303905;male;35;2239;2106;2094
4303905;male;40;2363;2244;2186
4303905;male;45;2232;2041;2031
4303905;male;50;1841;1513;1485
4303905;male;55;1495;1055;1034
4303905;male;60;1628;626;619
4304358;female;16;179;52;47
4304358;female;18;134;65;65
4304358;female;20;364;226;187
4304358;female;25;379;262;250
4304358;female;30;310;226;214
4304358;female;35;307;228;215
4304358;female;40;338;217;185
4304358;female;45;295;159;154
4304358;female;50;262;121;112
4304358;female;55;167;44;33
4304358;female;60;195;28;28
4304358;male;16;140;45;40
4304358;male;18;167;118;101
4304358;male;20;370;329;316
4304358;male;25;351;315;293
4304358;male;30;335;308;302
4304358;male;35;289;272;268
4304358;male;40;337;307;298
4304358;male;45;342;326;315
4304358;male;50;283;224;224
4304358;male;55;250;148;141
4304358;male;60;248;109;104
4304606;female;16;5331;1795;1284
4304606;female;18;5116;3200;2513
4304606;female;20;13632;10049;8674
4304606;female;25;14770;11541;10485
4304606;female;30;13522;10270;9481
4304606;female;35;11459;8213;7580
4304606;female;40;11701;8571;7991
4304606;female;45;12015;7693;7397
4304606;female;50;10934;6182;5869
4304606;female;55;9027;3763;3636
4304606;female;60;12016;2535;2458
4304606;male;16;5181;2355;1752
4304606;male;18;5642;3956;3438
4304606;male;20;13594;11971;11179
4304606;male;25;14197;13095;12563
4304606;male;30;13024;12351;11954
4304606;male;35;10994;10343;10047
4304606;male;40;10722;9913;9622
4304606;male;45;10686;9488;9334
4304606;male;50;9780;8101;7971
4304606;male;55;7773;5570;5360
4304606;male;60;9604;4171;4078
4304663;female;16;466;134;71
4304663;female;18;365;199;125
4304663;female;20;971;551;442
4304663;female;25;990;642;554
4304663;female;30;834;437;376
4304663;female;35;793;499;443
4304663;female;40;849;560;513
4304663;female;45;900;472;462
4304663;female;50;754;369;348
4304663;female;55;672;208;199
4304663;female;60;856;122;106
4304663;male;16;331;146;125
4304663;male;18;362;232;170
4304663;male;20;937;786;677
4304663;male;25;1001;835;808
4304663;male;30;906;786;763
4304663;male;35;790;740;729
4304663;male;40;798;651;621
4304663;male;45;778;668;656
4304663;male;50;834;672;672
4304663;male;55;602;422;413
4304663;male;60;770;282;271
4304689;female;16;171;34;29
4304689;female;18;205;172;153
4304689;female;20;433;339;316
4304689;female;25;483;400;369
4304689;female;30;423;322;310
4304689;female;35;400;322;278
4304689;female;40;408;272;231
4304689;female;45;431;346;341
4304689;female;50;340;192;192
4304689;female;55;267;97;97
4304689;female;60;366;47;47
4304689;male;16;213;113;104
4304689;male;18;176;151;145
4304689;male;20;456;433;413
4304689;male;25;444;397;384
4304689;male;30;413;385;371
4304689;male;35;417;372;365
4304689;male;40;418;394;394
4304689;male;45;453;396;386
4304689;male;50;369;317;306
4304689;male;55;278;238;216
4304689;male;60;387;146;146
4304804;female;16;457;337;272
4304804;female;18;284;263;251
4304804;female;20;1087;989;962
4304804;female;25;1167;1099;1058
4304804;female;30;1098;970;936
4304804;female;35;950;904;897
4304804;female;40;996;924;914
4304804;female;45;1019;854;843
4304804;female;50;886;615;615
4304804;female;55;612;438;438
4304804;female;60;931;438;438
4304804;male;16;397;302;284
4304804;male;18;410;398;389
4304804;male;20;1166;1073;1015
4304804;male;25;1206;1206;1197
4304804;male;30;1096;1062;1062
4304804;male;35;989;965;958
4304804;male;40;1012;1012;988
4304804;male;45;1016;967;942
4304804;male;50;851;810;800
4304804;male;55;693;613;613
4304804;male;60;805;525;525
4305108;female;16;6197;3037;2457
4305108;female;18;7544;5284;4616
4305108;female;20;19930;15684;14461
4305108;female;25;21290;17847;16703
4305108;female;30;18603;15315;14435
4305108;female;35;16459;13345;12753
4305108;female;40;16073;12620;12175
4305108;female;45;16226;11899;11560
4305108;female;50;14545;9262;9026
4305108;female;55;11500;5688;5608
4305108;female;60;14737;4411;4392
4305108;male;16;7041;3739;3230
4305108;male;18;6921;5550;5179
4305108;male;20;20333;18487;17893
4305108;male;25;22297;20887;20224
4305108;male;30;19138;18176;17871
4305108;male;35;16586;15705;15456
4305108;male;40;15282;14337;14139
4305108;male;45;15071;13759;13510
4305108;male;50;12844;10990;10764
4305108;male;55;10488;7584;7486
4305108;male;60;12093;6494;6437
4306205;female;16;251;188;168
4306205;female;18;132;109;86
4306205;female;20;438;380;370
4306205;female;25;471;406;374
4306205;female;30;416;365;365
4306205;female;35;438;399;384
4306205;female;40;440;419;403
4306205;female;45;476;366;366
4306205;female;50;418;345;345
4306205;female;55;359;205;205
4306205;female;60;552;267;267
4306205;male;16;132;104;85
4306205;male;18;233;221;216
4306205;male;20;475;450;445
4306205;male;25;471;446;441
4306205;male;30;432;415;406
4306205;male;35;470;449;444
4306205;male;40;441;414;414
4306205;male;45;477;453;453
4306205;male;50;395;374;368
4306205;male;55;420;351;351
4306205;male;60;551;396;390
4306403;female;16;460;342;300
4306403;female;18;419;354;326
4306403;female;20;1323;1180;1170
4306403;female;25;1397;1284;1273
4306403;female;30;1234;1172;1151
4306403;female;35;1151;1094;1094
4306403;female;40;1153;1033;1017
4306403;female;45;1078;817;808
4306403;female;50;847;517;517
4306403;female;55;577;229;229
4306403;female;60;784;228;228
4306403;male;16;520;393;371
4306403;male;18;405;405;389
4306403;male;20;1285;1276;1253
4306403;male;25;1482;1462;1451
4306403;male;30;1263;1255;1249
4306403;male;35;1153;1105;1064
4306403;male;40;1164;1094;1064
4306403;male;45;1059;1014;994
4306403;male;50;810;700;695
4306403;male;55;603;443;443
4306403;male;60;645;367;353
4306767;female;16;525;250;192
4306767;female;18;681;484;387
4306767;female;20;1303;1021;874
4306767;female;25;1521;1217;1146
4306767;female;30;1417;1100;1013
4306767;female;35;1236;926;846
4306767;female;40;1189;941;873
4306767;female;45;1234;928;887
4306767;female;50;998;620;582
4306767;female;55;831;477;447
4306767;female;60;982;229;229
4306767;male;16;698;374;321
4306767;male;18;487;405;365
4306767;male;20;1386;1252;1201
4306767;male;25;1420;1310;1191
4306767;male;30;1295;1260;1234
4306767;male;35;1249;1214;1205
4306767;male;40;1191;1087;1061
4306767;male;45;1099;1002;974
4306767;male;50;1125;891;882
4306767;male;55;682;549;537
4306767;male;60;1045;604;604
4307609;female;16;690;270;157
4307609;female;18;797;664;592
4307609;female;20;1785;1508;1424
4307609;female;25;1984;1755;1678
4307609;female;30;1735;1444;1409
4307609;female;35;1692;1461;1421
4307609;female;40;1782;1353;1315
4307609;female;45;1659;1197;1152
4307609;female;50;1384;908;855
4307609;female;55;1029;461;461
4307609;female;60;1260;353;333
4307609;male;16;664;374;332
4307609;male;18;771;650;622
4307609;male;20;1901;1766;1724
4307609;male;25;1878;1787;1732
4307609;male;30;1727;1643;1600
4307609;male;35;1592;1530;1514
4307609;male;40;1817;1734;1676
4307609;male;45;1659;1562;1520
4307609;male;50;1395;1177;1145
4307609;male;55;894;636;606
4307609;male;60;1122;502;487
4307708;female;16;1223;426;290
4307708;female;18;1319;753;592
4307708;female;20;3422;2492;2246
4307708;female;25;3523;2806;2589
4307708;female;30;3136;2419;2275
4307708;female;35;2687;2058;1931
4307708;female;40;3117;2107;1969
4307708;female;45;3110;2008;1917
4307708;female;50;2913;1564;1538
4307708;female;55;2540;983;926
4307708;female;60;3312;695;682
4307708;male;16;1276;503;414
4307708;male;18;1419;1087;903
4307708;male;20;3408;2934;2742
4307708;male;25;3539;3242;3042
4307708;male;30;3181;2972;2861
4307708;male;35;2614;2443;2389
4307708;male;40;2666;2495;2454
4307708;male;45;2587;2272;2218
4307708;male;50;2712;2214;2111
4307708;male;55;2171;1342;1279
4307708;male;60;2428;945;934
4307807;female;16;397;190;148
4307807;female;18;597;471;436
4307807;female;20;1281;1188;1138
4307807;female;25;1361;1262;1200
4307807;female;30;1102;970;900
4307807;female;35;1058;969;947
4307807;female;40;1141;899;863
4307807;female;45;1153;924;924
4307807;female;50;1105;867;857
4307807;female;55;861;505;505
4307807;female;60;1128;358;358
4307807;male;16;424;239;190
4307807;male;18;457;429;409
4307807;male;20;1398;1301;1280
4307807;male;25;1413;1355;1310
4307807;male;30;1196;1154;1139
4307807;male;35;1057;1019;1010
4307807;male;40;1037;1026;1011
4307807;male;45;1127;1077;1071
4307807;male;50;1038;923;917
4307807;male;55;866;720;704
4307807;male;60;1059;633;627
4307906;female;16;1024;581;426
4307906;female;18;993;839;774
4307906;female;20;2899;2442;2338
4307906;female;25;2891;2569;2534
4307906;female;30;2571;2259;2210
4307906;female;35;2479;2134;2113
4307906;female;40;2571;2076;2054
4307906;female;45;2597;2054;1989
4307906;female;50;2116;1565;1526
4307906;female;55;1601;1023;1023
4307906;female;60;2082;726;717
4307906;male;16;969;611;530
4307906;male;18;1070;878;804
4307906;male;20;3035;2669;2580
4307906;male;25;3069;2911;2771
4307906;male;30;2495;2390;2345
4307906;male;35;2399;2322;2322
4307906;male;40;2488;2265;2234
4307906;male;45;2532;2329;2288
4307906;male;50;2169;1911;1869
4307906;male;55;1362;1163;1124
4307906;male;60;1792;1036;1021
4308078;female;16;54;32;27
4308078;female;18;58;44;35
4308078;female;20;156;136;114
4308078;female;25;135;112;112
4308078;female;30;115;101;92
4308078;female;35;140;116;112
4308078;female;40;110;90;90
4308078;female;45;124;99;99
4308078;female;50;112;75;73
4308078;female;55;88;64;64
4308078;female;60;145;73;73
4308078;male;16;65;65;65
4308078;male;18;70;70;67
4308078;male;20;145;137;134
4308078;male;25;125;119;119
4308078;male;30;131;131;128
4308078;male;35;155;148;148
4308078;male;40;128;125;121
4308078;male;45;131;122;122
4308078;male;50;144;126;126
4308078;male;55;70;60;60
4308078;male;60;173;139;139
4308433;female;16;26;21;17
4308433;female;18;23;23;23
4308433;female;20;74;74;74
4308433;female;25;63;60;60
4308433;female;30;75;75;75
4308433;female;35;69;65;65
4308433;female;40;81;62;62
4308433;female;45;94;88;84
4308433;female;50;88;80;80
4308433;female;55;119;101;101
4308433;female;60;146;95;95
4308433;male;16;37;28;28
4308433;male;18;30;28;28
4308433;male;20;79;79;79
4308433;male;25;83;83;83
4308433;male;30;82;82;82
4308433;male;35;71;71;71
4308433;male;40;90;87;87
4308433;male;45;106;106;106
4308433;male;50;115;115;115
4308433;male;55;113;113;113
4308433;male;60;169;132;132
4308607;female;16;454;229;184
4308607;female;18;468;367;334
4308607;female;20;1339;1112;1037
4308607;female;25;1436;1269;1189
4308607;female;30;1242;1076;1018
4308607;female;35;1108;955;947
4308607;female;40;1174;1008;984
4308607;female;45;1172;869;861
4308607;female;50;1159;858;848
4308607;female;55;886;433;433
4308607;female;60;1229;414;414
4308607;male;16;436;219;208
4308607;male;18;586;541;529
4308607;male;20;1474;1395;1373
4308607;male;25;1375;1315;1315
4308607;male;30;1252;1252;1252
4308607;male;35;1124;1064;1064
4308607;male;40;1143;1081;1071
4308607;male;45;1231;1177;1159
4308607;male;50;1070;897;883
4308607;male;55;907;738;705
4308607;male;60;1029;579;573
4309050;female;16;112;29;16
4309050;female;18;100;74;62
4309050;female;20;259;196;190
4309050;female;25;261;199;192
4309050;female;30;232;184;169
4309050;female;35;225;169;153
4309050;female;40;225;169;165
4309050;female;45;231;139;132
4309050;female;50;232;116;109
4309050;female;55;177;75;72
4309050;female;60;315;62;62
4309050;male;16;156;71;57
4309050;male;18;90;77;71
4309050;male;20;279;250;245
4309050;male;25;246;226;217
4309050;male;30;251;243;236
4309050;male;35;247;227;227
4309050;male;40;215;198;195
4309050;male;45;235;212;212
4309050;male;50;224;179;179
4309050;male;55;220;174;174
4309050;male;60;355;198;198
4309209;female;16;4247;1552;934
4309209;female;18;4106;2711;2055
4309209;female;20;11033;8368;7139
4309209;female;25;11670;8600;7599
4309209;female;30;10316;7470;6581
4309209;female;35;9084;6214;5763
4309209;female;40;8999;6237;5805
4309209;female;45;8967;5714;5356
4309209;female;50;8575;4430;4233
4309209;female;55;7319;2866;2773
4309209;female;60;9089;1785;1733
4309209;male;16;4043;1638;1297
4309209;male;18;4455;3525;3057
4309209;male;20;10805;9415;8758
4309209;male;25;11510;10543;10070
4309209;male;30;10652;9782;9470
4309209;male;35;8708;8029;7877
4309209;male;40;8307;7258;7134
4309209;male;45;8070;6916;6760
4309209;male;50;8046;6541;6299
4309209;male;55;6280;4404;4297
4309209;male;60;7796;3283;3196
4309308;female;16;1507;562;404
4309308;female;18;1448;866;604
4309308;female;20;4049;3071;2661
4309308;female;25;4180;3059;2784
4309308;female;30;3774;2751;2469
4309308;female;35;3497;2519;2308
4309308;female;40;3365;2478;2365
4309308;female;45;3622;2404;2311
4309308;female;50;3226;1676;1583
4309308;female;55;2901;1334;1309
4309308;female;60;3338;714;708
4309308;male;16;1606;594;411
4309308;male;18;1626;1140;943
4309308;male;20;4035;3603;3315
4309308;male;25;3999;3690;3544
4309308;male;30;3576;3299;3145
4309308;male;35;3273;3072;3000
4309308;male;40;3076;2770;2670
4309308;male;45;3131;2717;2648
4309308;male;50;2931;2359;2263
4309308;male;55;2370;1493;1449
4309308;male;60;3172;1338;1311
4309654;female;16;106;41;35
4309654;female;18;95;60;33
4309654;female;20;223;188;151
4309654;female;25;211;168;155
4309654;female;30;203;136;130
4309654;female;35;181;122;119
4309654;female;40;186;126;123
4309654;female;45;198;123;116
4309654;female;50;165;88;84
4309654;female;55;146;107;107
4309654;female;60;157;64;64
4309654;male;16;128;53;53
4309654;male;18;76;32;28
4309654;male;20;243;213;205
4309654;male;25;238;205;202
4309654;male;30;237;222;216
4309654;male;35;189;159;159
4309654;male;40;216;174;167
4309654;male;45;219;175;172
4309654;male;50;184;151;145
4309654;male;55;177;130;128
4309654;male;60;226;144;144
4310108;female;16;625;435;422
4310108;female;18;530;442;430
4310108;female;20;1445;1154;1132
4310108;female;25;1464;1354;1317
4310108;female;30;1310;1174;1163
4310108;female;35;1250;1158;1153
4310108;female;40;1288;1178;1129
4310108;female;45;1176;977;962
4310108;female;50;879;660;660
4310108;female;55;686;341;334
4310108;female;60;998;271;271
4310108;male;16;572;496;475
4310108;male;18;504;480;458
4310108;male;20;1384;1314;1304
4310108;male;25;1460;1407;1393
4310108;male;30;1301;1263;1249
4310108;male;35;1206;1186;1186
4310108;male;40;1245;1213;1177
4310108;male;45;1152;1111;1111
4310108;male;50;906;832;824
4310108;male;55;659;436;436
4310108;male;60;776;426;426
4310330;female;16;214;83;66
4310330;female;18;287;224;172
4310330;female;20;622;352;311
4310330;female;25;701;460;424
4310330;female;30;618;491;458
4310330;female;35;607;414;383
4310330;female;40;591;400;365
4310330;female;45;584;386;364
4310330;female;50;661;368;342
4310330;female;55;645;221;221
4310330;female;60;915;140;140
4310330;male;16;318;170;151
4310330;male;18;271;198;178
4310330;male;20;620;534;499
4310330;male;25;595;548;537
4310330;male;30;572;550;521
4310330;male;35;531;493;473
4310330;male;40;549;487;470
4310330;male;45;530;443;437
4310330;male;50;525;366;356
4310330;male;55;616;385;381
4310330;male;60;823;323;312
4310538;female;16;104;37;32
4310538;female;18;68;22;19
4310538;female;20;189;111;80
4310538;female;25;169;113;99
4310538;female;30;193;118;111
4310538;female;35;179;129;119
4310538;female;40;161;123;120
4310538;female;45;178;134;129
4310538;female;50;190;110;106
4310538;female;55;122;51;51
4310538;female;60;202;46;46
4310538;male;16;103;47;40
4310538;male;18;94;67;64
4310538;male;20;191;166;152
4310538;male;25;173;154;149
4310538;male;30;161;151;142
4310538;male;35;199;186;180
4310538;male;40;157;150;148
4310538;male;45;190;175;171
4310538;male;50;177;135;135
4310538;male;55;145;107;107
4310538;male;60;209;99;99
4310801;female;16;331;137;89
4310801;female;18;321;286;260
4310801;female;20;843;731;696
4310801;female;25;926;875;861
4310801;female;30;871;815;801
4310801;female;35;850;726;715
4310801;female;40;843;690;670
4310801;female;45;813;642;617
4310801;female;50;683;437;416
4310801;female;55;457;285;285
4310801;female;60;648;176;163
4310801;male;16;335;192;155
4310801;male;18;359;292;292
4310801;male;20;866;768;720
4310801;male;25;919;880;862
4310801;male;30;829;822;813
4310801;male;35;844;844;808
4310801;male;40;884;848;839
4310801;male;45;761;721;706
4310801;male;50;568;504;494
4310801;male;55;532;454;442
4310801;male;60;517;290;290
4311403;female;16;1004;444;327
4311403;female;18;1248;1018;910
4311403;female;20;3404;2945;2741
4311403;female;25;3609;3285;3089
4311403;female;30;3113;2711;2629
4311403;female;35;2753;2419;2361
4311403;female;40;2779;2333;2237
4311403;female;45;2706;2256;2210
4311403;female;50;2384;1626;1593
4311403;female;55;1825;1078;1042
4311403;female;60;2532;678;667
4311403;male;16;1274;808;698
4311403;male;18;1012;872;833
4311403;male;20;3166;2836;2765
4311403;male;25;3637;3415;3366
4311403;male;30;3051;2896;2854
4311403;male;35;2657;2591;2554
4311403;male;40;2614;2494;2471
4311403;male;45;2546;2361;2319
4311403;male;50;2353;2080;2057
4311403;male;55;1548;1138;1110
4311403;male;60;1968;1112;1082
4311627;female;16;81;61;58
4311627;female;18;82;74;61
4311627;female;20;222;184;167
4311627;female;25;273;243;235
4311627;female;30;240;202;184
4311627;female;35;198;148;145
4311627;female;40;181;129;129
4311627;female;45;163;110;102
4311627;female;50;157;104;102
4311627;female;55;104;46;46
4311627;female;60;128;32;32
4311627;male;16;84;39;39
4311627;male;18;94;87;83
4311627;male;20;270;261;251
4311627;male;25;252;237;237
4311627;male;30;250;247;247
4311627;male;35;243;241;238
4311627;male;40;197;183;183
4311627;male;45;189;166;166
4311627;male;50;172;151;148
4311627;male;55;85;56;56
4311627;male;60;106;41;41
4312385;female;16;37;15;11
4312385;female;18;36;11;11
4312385;female;20;91;65;60
4312385;female;25;90;60;58
4312385;female;30;58;46;46
4312385;female;35;78;62;62
4312385;female;40;89;62;62
4312385;female;45;100;45;45
4312385;female;50;116;71;71
4312385;female;55;102;69;69
4312385;female;60;163;68;68
4312385;male;16;37;21;21
4312385;male;18;47;41;39
4312385;male;20;102;75;75
4312385;male;25;106;89;89
4312385;male;30;103;95;95
4312385;male;35;65;65;65
4312385;male;40;94;88;88
4312385;male;45;112;105;105
4312385;male;50;94;81;81
4312385;male;55;116;110;110
4312385;male;60;159;131;131
4312476;female;16;77;64;60
4312476;female;18;96;93;93
4312476;female;20;219;209;208
4312476;female;25;220;213;209
4312476;female;30;233;218;218
4312476;female;35;244;221;218
4312476;female;40;217;180;180
4312476;female;45;228;161;154
4312476;female;50;180;146;146
4312476;female;55;149;96;96
4312476;female;60;237;103;103
4312476;male;16;94;81;75
4312476;male;18;74;67;62
4312476;male;20;253;247;236
4312476;male;25;236;224;221
4312476;male;30;219;208;206
4312476;male;35;216;207;205
4312476;male;40;249;236;236
4312476;male;45;245;223;223
4312476;male;50;210;171;167
4312476;male;55;173;149;149
4312476;male;60;199;119;119
4313060;female;16;309;218;205
4313060;female;18;315;240;234
4313060;female;20;848;730;719
4313060;female;25;869;759;753
4313060;female;30;821;698;693
4313060;female;35;740;655;641
4313060;female;40;665;540;533
4313060;female;45;603;456;445
4313060;female;50;500;278;278
4313060;female;55;374;134;134
4313060;female;60;469;63;63
4313060;male;16;348;254;250
4313060;male;18;288;256;256
4313060;male;20;793;716;711
4313060;male;25;842;776;771
4313060;male;30;823;763;745
4313060;male;35;779;748;744
4313060;male;40;686;651;647
4313060;male;45;618;587;580
4313060;male;50;473;394;394
4313060;male;55;378;222;214
4313060;male;60;407;118;118
4313375;female;16;436;164;113
4313375;female;18;313;196;125
4313375;female;20;913;681;544
4313375;female;25;967;741;648
4313375;female;30;935;711;648
4313375;female;35;845;512;474
4313375;female;40;811;542;501
4313375;female;45;743;485;475
4313375;female;50;553;336;336
4313375;female;55;560;242;234
4313375;female;60;634;162;162
4313375;male;16;387;184;159
4313375;male;18;446;355;334
4313375;male;20;938;864;831
4313375;male;25;979;894;855
4313375;male;30;871;838;838
4313375;male;35;838;817;786
4313375;male;40;774;723;723
4313375;male;45;766;687;687
4313375;male;50;691;581;563
4313375;male;55;526;464;453
4313375;male;60;670;355;343
4313409;female;16;4231;1766;1360
4313409;female;18;3759;2759;2314
4313409;female;20;10058;8246;7599
4313409;female;25;10469;8605;8063
4313409;female;30;9427;7575;7080
4313409;female;35;8989;7189;6818
4313409;female;40;9489;7452;7157
4313409;female;45;9720;7228;6871
4313409;female;50;7911;4848;4610
4313409;female;55;6586;2716;2613
4313409;female;60;8619;2123;2050
4313409;male;16;4083;1979;1704
4313409;male;18;4154;3050;2801
4313409;male;20;10457;9355;9083
4313409;male;25;10130;9541;9237
4313409;male;30;9056;8472;8300
4313409;male;35;8381;7816;7649
4313409;male;40;8748;8152;7954
4313409;male;45;8954;8242;8057
4313409;male;50;7458;6494;6268
4313409;male;55;5448;3805;3670
4313409;male;60;6527;3099;3046
4313508;female;16;665;303;231
4313508;female;18;687;437;378
4313508;female;20;1790;1347;1195
4313508;female;25;1700;1526;1404
4313508;female;30;1404;1038;962
4313508;female;35;1435;1055;952
4313508;female;40;1559;1073;992
4313508;female;45;1568;1035;1002
4313508;female;50;1392;899;874
4313508;female;55;1147;521;507
4313508;female;60;1705;422;399
4313508;male;16;710;315;241
4313508;male;18;569;413;344
4313508;male;20;1632;1386;1277
4313508;male;25;1684;1520;1448
4313508;male;30;1422;1304;1210
4313508;male;35;1324;1217;1194
4313508;male;40;1271;1204;1171
4313508;male;45;1434;1345;1323
4313508;male;50;1306;1068;1046
4313508;male;55;1118;834;834
4313508;male;60;1447;767;756
4314050;female;16;933;544;480
4314050;female;18;907;772;706
4314050;female;20;2250;1938;1889
4314050;female;25;2299;2048;2004
4314050;female;30;2064;1729;1690
4314050;female;35;2105;1779;1754
4314050;female;40;2078;1689;1648
4314050;female;45;1871;1260;1260
4314050;female;50;1437;755;748
4314050;female;55;1039;448;440
4314050;female;60;1276;242;226
4314050;male;16;1090;748;698
4314050;male;18;872;789;767
4314050;male;20;2214;1978;1930
4314050;male;25;2176;2086;2068
4314050;male;30;2030;1954;1933
4314050;male;35;2062;1954;1901
4314050;male;40;2000;1847;1826
4314050;male;45;1913;1636;1617
4314050;male;50;1423;1139;1119
4314050;male;55;932;564;533
4314050;male;60;1118;486;477
4314100;female;16;3183;1428;1033
4314100;female;18;3039;1733;1535
4314100;female;20;8836;6310;5746
4314100;female;25;8678;7196;6676
4314100;female;30;7941;6337;6004
4314100;female;35;6479;5248;5065
4314100;female;40;6787;5047;4921
4314100;female;45;6936;5072;4944
4314100;female;50;6094;3696;3586
4314100;female;55;5133;2512;2496
4314100;female;60;6945;1556;1550
4314100;male;16;3072;1613;1415
4314100;male;18;3137;2308;2205
4314100;male;20;8511;6963;6617
4314100;male;25;8281;7510;7305
4314100;male;30;7255;6648;6521
4314100;male;35;6042;5710;5602
4314100;male;40;5929;5447;5404
4314100;male;45;5726;5061;4969
4314100;male;50;5438;4576;4480
4314100;male;55;3910;2784;2753
4314100;male;60;5141;2343;2331
4314407;female;16;5253;1141;781
4314407;female;18;5352;2293;1697
4314407;female;20;14245;8809;7255
4314407;female;25;14189;10714;9205
4314407;female;30;12310;9133;8142
4314407;female;35;11629;8410;7861
4314407;female;40;11817;8817;8193
4314407;female;45;12469;8509;8087
4314407;female;50;11989;6927;6684
4314407;female;55;10055;4613;4508
4314407;female;60;15166;3737;3617
4314407;male;16;4619;1354;947
4314407;male;18;5845;3635;3014
4314407;male;20;13570;10147;8885
4314407;male;25;13411;11315;10637
4314407;male;30;11461;10317;9938
4314407;male;35;10296;9265;8854
4314407;male;40;10466;9399;9143
4314407;male;45;10611;9304;9121
4314407;male;50;9891;8055;7856
4314407;male;55;8296;6027;5838
4314407;male;60;11793;5493;5386
4314423;female;16;80;43;38
4314423;female;18;80;71;71
4314423;female;20;230;217;217
4314423;female;25;219;201;194
4314423;female;30;173;160;154
4314423;female;35;195;184;182
4314423;female;40;227;208;208
4314423;female;45;226;194;194
4314423;female;50;188;141;138
4314423;female;55;97;73;73
4314423;female;60;209;77;77
4314423;male;16;79;60;60
4314423;male;18;73;68;68
4314423;male;20;212;209;209
4314423;male;25;207;207;200
4314423;male;30;191;191;191
4314423;male;35;203;201;201
4314423;male;40;217;217;211
4314423;male;45;226;219;216
4314423;male;50;187;171;171
4314423;male;55;143;124;121
4314423;male;60;178;105;105
4314548;female;16;0;0;0
4314548;female;18;0;0;0
4314548;female;20;0;0;0
4314548;female;25;0;0;0
4314548;female;30;0;0;0
4314548;female;35;0;0;0
4314548;female;40;0;0;0
4314548;female;45;0;0;0
4314548;female;50;0;0;0
4314548;female;55;0;0;0
4314548;female;60;0;0;0
4314548;male;16;0;0;0
4314548;male;18;0;0;0
4314548;male;20;0;0;0
4314548;male;25;0;0;0
4314548;male;30;0;0;0
4314548;male;35;0;0;0
4314548;male;40;0;0;0
4314548;male;45;0;0;0
4314548;male;50;0;0;0
4314548;male;55;0;0;0
4314548;male;60;0;0;0
4314803;female;16;643;203;185
4314803;female;18;409;308;265
4314803;female;20;1260;869;799
4314803;female;25;1361;1114;1035
4314803;female;30;1231;870;814
4314803;female;35;1143;781;776
4314803;female;40;1180;869;792
4314803;female;45;1148;766;699
4314803;female;50;910;509;502
4314803;female;55;755;335;335
4314803;female;60;1060;76;76
4314803;male;16;523;315;297
4314803;male;18;496;364;336
4314803;male;20;1348;1204;1160
4314803;male;25;1392;1219;1185
4314803;male;30;1234;1152;1113
4314803;male;35;1176;1122;1107
4314803;male;40;1151;1020;1006
4314803;male;45;1129;1027;1008
4314803;male;50;949;795;788
4314803;male;55;745;563;555
4314803;male;60;885;383;383
4314902;female;16;19611;6474;4473
4314902;female;18;21827;12425;9960
4314902;female;20;59809;42960;37505
4314902;female;25;66970;54584;50471
4314902;female;30;61131;49984;47403
4314902;female;35;50968;41717;39451
4314902;female;40;49677;39562;38054
4314902;female;45;54809;41803;39967
4314902;female;50;52710;36024;34842
4314902;female;55;45935;24513;23751
4314902;female;60;66187;19383;19075
4314902;male;16;19630;7748;5883
4314902;male;18;21667;12521;10848
4314902;male;20;58136;46042;42346
4314902;male;25;63349;56630;53848
4314902;male;30;56102;51775;50066
4314902;male;35;46478;42802;41802
4314902;male;40;42663;39243;38486
4314902;male;45;44652;39674;38646
4314902;male;50;42681;36426;35643
4314902;male;55;33704;26277;25704
4314902;male;60;45437;23839;23512
4315149;female;16;16;16;14
4315149;female;18;47;37;37
4315149;female;20;101;92;92
4315149;female;25;89;84;84
4315149;female;30;97;81;81
4315149;female;35;83;75;75
4315149;female;40;79;67;67
4315149;female;45;110;91;91
4315149;female;50;78;56;56
4315149;female;55;64;60;60
4315149;female;60;73;40;40
4315149;male;16;46;43;43
4315149;male;18;38;33;33
4315149;male;20;132;128;128
4315149;male;25;114;103;98
4315149;male;30;89;86;86
4315149;male;35;88;81;81
4315149;male;40;114;114;114
4315149;male;45;103;92;88
4315149;male;50;91;83;83
4315149;male;55;109;99;99
4315149;male;60;83;55;55
4315602;female;16;3147;730;470
4315602;female;18;3135;1490;922
4315602;female;20;8193;4781;3838
4315602;female;25;8601;5936;5087
4315602;female;30;7467;5368;4814
4315602;female;35;6588;4338;3967
4315602;female;40;6650;4200;3862
4315602;female;45;7274;4345;4062
4315602;female;50;6775;3534;3392
4315602;female;55;6022;2345;2236
4315602;female;60;8212;1493;1454
4315602;male;16;3444;783;571
4315602;male;18;3126;1772;1467
4315602;male;20;8186;6257;5446
4315602;male;25;8402;7271;6666
4315602;male;30;7207;6409;5987
4315602;male;35;6492;5917;5697
4315602;male;40;6058;5267;5110
4315602;male;45;6434;5401;5231
4315602;male;50;6129;4503;4397
4315602;male;55;5262;3341;3282
4315602;male;60;6651;2490;2446
4316758;female;16;68;52;46
4316758;female;18;96;82;77
4316758;female;20;222;207;200
4316758;female;25;253;248;240
4316758;female;30;228;213;206
4316758;female;35;211;188;182
4316758;female;40;182;160;157
4316758;female;45;213;191;191
4316758;female;50;195;162;162
4316758;female;55;170;100;100
4316758;female;60;239;152;152
4316758;male;16;69;46;37
4316758;male;18;78;74;72
4316758;male;20;207;202;202
4316758;male;25;260;252;252
4316758;male;30;221;221;221
4316758;male;35;219;210;208
4316758;male;40;213;205;205
4316758;male;45;217;208;206
4316758;male;50;204;193;190
4316758;male;55;183;151;151
4316758;male;60;252;171;171
4316808;female;16;1668;661;485
4316808;female;18;1753;1286;1094
4316808;female;20;4998;4224;3923
4316808;female;25;5486;4784;4458
4316808;female;30;4748;4157;4032
4316808;female;35;4404;3572;3455
4316808;female;40;4640;3844;3736
4316808;female;45;4522;3366;3252
4316808;female;50;4153;2743;2701
4316808;female;55;3523;1803;1779
4316808;female;60;4645;1383;1363
4316808;male;16;1784;675;538
4316808;male;18;1816;1319;1162
4316808;male;20;4957;4286;4061
4316808;male;25;5323;4904;4715
4316808;male;30;4718;4385;4221
4316808;male;35;4303;4031;3924
4316808;male;40;4201;3924;3841
4316808;male;45;4297;3878;3844
4316808;male;50;4028;3331;3267
4316808;male;55;2869;1997;1979
4316808;male;60;3879;1885;1885
4316907;female;16;4443;1129;739
4316907;female;18;4682;2249;1709
4316907;female;20;12137;7138;6124
4316907;female;25;11849;8632;7603
4316907;female;30;9851;7796;7158
4316907;female;35;9067;7070;6633
4316907;female;40;9521;7321;6991
4316907;female;45;10118;7144;6876
4316907;female;50;9117;5510;5378
4316907;female;55;7864;3192;3119
4316907;female;60;10920;2473;2446
4316907;male;16;4115;1396;1100
4316907;male;18;4487;2875;2593
4316907;male;20;11988;8543;7852
4316907;male;25;11498;10022;9386
4316907;male;30;9452;8614;8348
4316907;male;35;8500;7903;7630
4316907;male;40;8435;7689;7555
4316907;male;45;8746;7713;7586
4316907;male;50;7576;6240;6119
4316907;male;55;6065;4035;3957
4316907;male;60;8446;3824;3792
4317103;female;16;1388;533;357
4317103;female;18;1349;746;479
4317103;female;20;2710;1956;1594
4317103;female;25;2795;1866;1644
4317103;female;30;2895;2182;2100
4317103;female;35;2755;2029;1867
4317103;female;40;3021;2238;2104
4317103;female;45;3137;2128;2033
4317103;female;50;2951;1640;1505
4317103;female;55;2151;1145;1102
4317103;female;60;3758;1063;1033
4317103;male;16;1382;415;324
4317103;male;18;1389;908;751
4317103;male;20;2720;2272;2010
4317103;male;25;2622;2379;2248
4317103;male;30;2603;2423;2370
4317103;male;35;2441;2285;2202
4317103;male;40;2640;2430;2353
4317103;male;45;3011;2664;2587
4317103;male;50;2656;2349;2302
4317103;male;55;1894;1489;1480
4317103;male;60;3376;1793;1740
4318481;female;16;54;29;29
4318481;female;18;64;51;51
4318481;female;20;169;155;155
4318481;female;25;164;145;145
4318481;female;30;138;114;114
4318481;female;35;169;148;148
4318481;female;40;171;144;144
4318481;female;45;142;103;103
4318481;female;50;154;107;107
4318481;female;55;92;47;47
4318481;female;60;140;32;32
4318481;male;16;62;49;49
4318481;male;18;74;70;70
4318481;male;20;170;166;166
4318481;male;25;168;160;160
4318481;male;30;154;154;154
4318481;male;35;149;142;142
4318481;male;40;180;178;178
4318481;male;45;175;166;166
4318481;male;50;149;135;135
4318481;male;55;127;111;111
4318481;male;60;139;100;100
4318705;female;16;3614;1310;841
4318705;female;18;3450;2386;1650
4318705;female;20;9254;7017;6052
4318705;female;25;9754;7831;6924
4318705;female;30;8920;6651;5963
4318705;female;35;7895;6046;5641
4318705;female;40;7918;5911;5509
4318705;female;45;8273;5770;5434
4318705;female;50;7219;4037;3839
4318705;female;55;5211;2100;2012
4318705;female;60;7350;1388;1319
4318705;male;16;3830;1607;1211
4318705;male;18;3487;2649;2327
4318705;male;20;9297;8340;7797
4318705;male;25;9712;8884;8569
4318705;male;30;8708;8242;7977
4318705;male;35;7618;7153;6961
4318705;male;40;7519;6989;6760
4318705;male;45;7279;6643;6481
4318705;male;50;6058;5081;4942
4318705;male;55;5161;3549;3415
4318705;male;60;5716;2447;2329
4319505;female;16;432;188;95
4319505;female;18;241;190;152
4319505;female;20;970;830;771
4319505;female;25;898;617;578
4319505;female;30;797;588;553
4319505;female;35;713;606;559
4319505;female;40;880;642;594
4319505;female;45;870;568;558
4319505;female;50;650;369;357
4319505;female;55;731;358;344
4319505;female;60;808;206;196
4319505;male;16;340;201;153
4319505;male;18;321;284;257
4319505;male;20;949;916;878
4319505;male;25;958;918;882
4319505;male;30;793;716;716
4319505;male;35;716;689;663
4319505;male;40;790;717;708
4319505;male;45;866;810;810
4319505;male;50;719;652;641
4319505;male;55;562;323;323
4319505;male;60;769;374;342
4319901;female;16;1381;830;731
4319901;female;18;1252;1050;952
4319901;female;20;3262;2799;2661
4319901;female;25;3275;2880;2739
4319901;female;30;2986;2527;2453
4319901;female;35;3100;2569;2534
4319901;female;40;3013;2468;2377
4319901;female;45;2770;1907;1850
4319901;female;50;2050;1152;1134
4319901;female;55;1640;627;597
4319901;female;60;2079;580;569
4319901;male;16;1344;960;886
4319901;male;18;1306;1104;1065
4319901;male;20;3238;2995;2943
4319901;male;25;3312;3118;3034
4319901;male;30;2998;2850;2800
4319901;male;35;2966;2812;2735
4319901;male;40;2982;2780;2685
4319901;male;45;2657;2412;2374
4319901;male;50;2004;1603;1563
4319901;male;55;1521;1034;1024
4319901;male;60;1842;828;782
4320008;female;16;2415;854;537
4320008;female;18;1993;1235;998
4320008;female;20;5708;4303;3725
4320008;female;25;5901;4185;3682
4320008;female;30;5362;3879;3407
4320008;female;35;4812;3224;2931
4320008;female;40;4787;3254;3012
4320008;female;45;4647;2886;2737
4320008;female;50;4340;2257;2202
4320008;female;55;3510;1198;1127
4320008;female;60;4619;869;860
4320008;male;16;2103;766;653
4320008;male;18;2415;1844;1616
4320008;male;20;5555;5068;4732
4320008;male;25;5725;5257;5011
4320008;male;30;5342;5009;4848
4320008;male;35;4635;4276;4110
4320008;male;40;4453;4049;3964
4320008;male;45;4345;3781;3674
4320008;male;50;3873;3004;2946
4320008;male;55;3114;2064;2032
4320008;male;60;4012;1341;1303
4321204;female;16;870;462;360
4321204;female;18;857;609;548
4321204;female;20;2101;1659;1519
4321204;female;25;2184;1756;1647
4321204;female;30;2166;1797;1740
4321204;female;35;1949;1558;1491
4321204;female;40;2055;1568;1510
4321204;female;45;2096;1568;1515
4321204;female;50;1689;1071;1039
4321204;female;55;1381;568;540
4321204;female;60;2063;641;624
4321204;male;16;868;517;500
4321204;male;18;889;808;740
4321204;male;20;2022;1856;1766
4321204;male;25;2236;2015;1969
4321204;male;30;2048;1865;1832
4321204;male;35;1867;1800;1760
4321204;male;40;1955;1810;1768
4321204;male;45;1961;1693;1693
4321204;male;50;1826;1522;1501
4321204;male;55;1177;936;921
4321204;male;60;1954;1027;987
4321600;female;16;593;223;168
4321600;female;18;710;409;274
4321600;female;20;1547;967;810
4321600;female;25;1695;1245;1050
4321600;female;30;1455;1007;946
4321600;female;35;1333;970;871
4321600;female;40;1466;993;904
4321600;female;45;1483;1005;937
4321600;female;50;1472;751;740
4321600;female;55;1199;600;542
4321600;female;60;1918;301;301
4321600;male;16;791;350;297
4321600;male;18;644;495;425
4321600;male;20;1515;1237;1118
4321600;male;25;1575;1475;1402
4321600;male;30;1334;1205;1178
4321600;male;35;1207;1036;934
4321600;male;40;1282;1179;1179
4321600;male;45;1323;1201;1134
4321600;male;50;1255;934;888
4321600;male;55;1119;643;633
4321600;male;60;1482;593;583
4321709;female;16;437;305;295
4321709;female;18;346;314;314
4321709;female;20;1064;897;888
4321709;female;25;1083;999;989
4321709;female;30;1013;899;879
4321709;female;35;974;834;807
4321709;female;40;898;787;769
4321709;female;45;780;500;488
4321709;female;50;733;454;445
4321709;female;55;491;235;235
4321709;female;60;727;236;223
4321709;male;16;392;322;312
4321709;male;18;469;379;379
4321709;male;20;1102;1041;1023
4321709;male;25;1165;1124;1114
4321709;male;30;1042;1025;1016
4321709;male;35;957;926;908
4321709;male;40;921;863;863
4321709;male;45;789;741;734
4321709;male;50;607;536;528
4321709;male;55;569;422;422
4321709;male;60;688;299;299
4322400;female;16;2396;763;405
4322400;female;18;2007;990;696
4322400;female;20;5085;3120;2432
4322400;female;25;5139;3304;2833
4322400;female;30;4768;3044;2671
4322400;female;35;4366;2852;2608
4322400;female;40;4472;3031;2776
4322400;female;45;4319;2646;2494
4322400;female;50;3833;2239;2151
4322400;female;55;2861;1173;1141
4322400;female;60;3948;903;891
4322400;male;16;2276;898;608
4322400;male;18;1980;1399;1144
4322400;male;20;4955;4163;3698
4322400;male;25;4866;4364;4102
4322400;male;30;4501;4076;3950
4322400;male;35;4261;3942;3790
4322400;male;40;4179;3838;3745
4322400;male;45;4077;3600;3465
4322400;male;50;3513;2933;2864
4322400;male;55;2705;2046;1985
4322400;male;60;3876;2236;2186
4322541;female;16;104;85;76
4322541;female;18;74;67;61
4322541;female;20;228;208;203
4322541;female;25;266;247;233
4322541;female;30;206;175;158
4322541;female;35;191;170;162
4322541;female;40;180;142;142
4322541;female;45;184;143;143
4322541;female;50;142;86;86
4322541;female;55;119;62;62
4322541;female;60;180;88;88
4322541;male;16;67;43;43
4322541;male;18;97;94;94
4322541;male;20;252;246;244
4322541;male;25;242;242;239
4322541;male;30;229;224;224
4322541;male;35;205;200;197
4322541;male;40;221;213;213
4322541;male;45;186;180;180
4322541;male;50;147;126;126
4322541;male;55;143;116;116
4322541;male;60;168;115;113
4322707;female;16;407;108;88
4322707;female;18;319;250;204
4322707;female;20;923;805;711
4322707;female;25;950;842;799
4322707;female;30;887;773;753
4322707;female;35;959;815;762
4322707;female;40;947;833;805
4322707;female;45;856;629;600
4322707;female;50;797;543;510
4322707;female;55;597;334;323
4322707;female;60;998;331;331
4322707;male;16;446;289;264
4322707;male;18;355;284;274
4322707;male;20;887;856;809
4322707;male;25;995;934;917
4322707;male;30;882;839;829
4322707;male;35;872;785;785
4322707;male;40;929;858;804
4322707;male;45;889;847;847
4322707;male;50;779;718;695
4322707;male;55;573;393;393
4322707;male;60;918;480;480
4323002;female;16;4227;1446;935
4323002;female;18;3997;2446;1880
4323002;female;20;9663;7005;5872
4323002;female;25;9849;7644;6913
4323002;female;30;9523;7396;6786
4323002;female;35;8648;6477;6022
4323002;female;40;8413;6383;6087
4323002;female;45;8376;5962;5674
4323002;female;50;7238;4535;4326
4323002;female;55;6533;3304;3193
4323002;female;60;8661;2072;2035
4323002;male;16;4145;1913;1449
4323002;male;18;3925;2909;2531
4323002;male;20;9724;8548;7849
4323002;male;25;9628;8811;8318
4323002;male;30;8913;8079;7835
4323002;male;35;8160;7499;7344
4323002;male;40;7818;7190;7032
4323002;male;45;7685;6743;6493
4323002;male;50;7012;5722;5606
4323002;male;55;5409;3800;3661
4323002;male;60;7386;3582;3543
5002704;female;16;14205;5296;3798
5002704;female;18;13116;8004;6150
5002704;female;20;36719;26626;22658
5002704;female;25;37004;29375;26383
5002704;female;30;34940;27814;26170
5002704;female;35;31480;24093;22942
5002704;female;40;29231;22561;21702
5002704;female;45;28141;21304;20282
5002704;female;50;22899;14798;14217
5002704;female;55;18799;9423;9074
5002704;female;60;24426;7560;7414
5002704;male;16;13603;6564;5285
5002704;male;18;14817;10683;9158
5002704;male;20;37134;31652;28841
5002704;male;25;36008;32766;31587
5002704;male;30;32463;30098;29349
5002704;male;35;28755;26881;26259
5002704;male;40;26397;24524;23849
5002704;male;45;24015;21784;21270
5002704;male;50;20381;17889;17391
5002704;male;55;15625;12830;12555
5002704;male;60;19582;11064;10662
5003207;female;16;1844;323;219
5003207;female;18;1957;892;608
5003207;female;20;4457;2538;1923
5003207;female;25;4404;2793;2337
5003207;female;30;4018;2746;2486
5003207;female;35;3584;2364;2206
5003207;female;40;3314;2313;2163
5003207;female;45;2996;1913;1817
5003207;female;50;2588;1443;1382
5003207;female;55;1866;789;778
5003207;female;60;2935;788;753
5003207;male;16;2433;798;664
5003207;male;18;1678;1185;1017
5003207;male;20;4803;3937;3533
5003207;male;25;4467;4010;3768
5003207;male;30;4051;3795;3618
5003207;male;35;3662;3515;3438
5003207;male;40;3332;3042;2953
5003207;male;45;3144;2650;2612
5003207;male;50;2483;2114;2041
5003207;male;55;1949;1491;1422
5003207;male;60;2653;1376;1344
5003702;female;16;3610;1238;842
5003702;female;18;3697;1952;1527
5003702;female;20;9407;6338;5542
5003702;female;25;9126;6717;6270
5003702;female;30;8130;6165;5798
5003702;female;35;7464;5670;5397
5003702;female;40;7059;5051;4811
5003702;female;45;6719;4383;4197
5003702;female;50;5506;3060;2966
5003702;female;55;4216;1952;1905
5003702;female;60;5501;1180;1124
5003702;male;16;3675;1667;1458
5003702;male;18;3419;2319;2018
5003702;male;20;9213;7455;7089
5003702;male;25;9167;8243;8050
5003702;male;30;8027;7450;7277
5003702;male;35;7254;6746;6659
5003702;male;40;6661;6171;6012
5003702;male;45;5799;5189;5096
5003702;male;50;4964;4325;4227
5003702;male;55;3820;3068;3002
5003702;male;60;4727;2758;2683
5005202;female;16;363;62;36
5005202;female;18;410;129;75
5005202;female;20;867;371;232
5005202;female;25;841;443;355
5005202;female;30;724;413;345
5005202;female;35;690;416;365
5005202;female;40;608;364;310
5005202;female;45;571;287;282
5005202;female;50;441;237;222
5005202;female;55;305;108;108
5005202;female;60;442;58;58
5005202;male;16;421;74;58
5005202;male;18;351;162;154
5005202;male;20;931;832;752
5005202;male;25;825;743;713
5005202;male;30;700;665;652
5005202;male;35;678;638;627
5005202;male;40;599;558;538
5005202;male;45;577;505;472
5005202;male;50;409;321;321
5005202;male;55;293;216;203
5005202;male;60;408;185;180
5006606;female;16;1606;508;364
5006606;female;18;1471;706;601
5006606;female;20;3425;2194;1900
5006606;female;25;3492;2342;2196
5006606;female;30;3148;2252;2094
5006606;female;35;2784;1854;1751
5006606;female;40;2541;1735;1644
5006606;female;45;2292;1571;1529
5006606;female;50;1837;1180;1112
5006606;female;55;1492;723;701
5006606;female;60;1918;525;519
5006606;male;16;1492;881;751
5006606;male;18;1571;1164;1088
5006606;male;20;3296;2943;2698
5006606;male;25;3156;2907;2860
5006606;male;30;2885;2759;2695
5006606;male;35;2625;2453;2389
5006606;male;40;2323;2198;2137
5006606;male;45;2214;2060;2020
5006606;male;50;1815;1584;1573
5006606;male;55;1425;1080;1070
5006606;male;60;1928;1252;1191
5008305;female;16;1692;487;356
5008305;female;18;1898;1131;921
5008305;female;20;4679;3341;2745
5008305;female;25;4904;3754;3487
5008305;female;30;4178;3121;2891
5008305;female;35;3895;2974;2796
5008305;female;40;3620;2621;2414
5008305;female;45;3262;2175;2056
5008305;female;50;2847;1618;1548
5008305;female;55;2303;1106;1087
5008305;female;60;2949;738;708
5008305;male;16;1819;878;772
5008305;male;18;1698;1298;1239
5008305;male;20;4817;4294;4065
5008305;male;25;4783;4444;4247
5008305;male;30;4397;4129;3985
5008305;male;35;3798;3511;3460
5008305;male;40;3489;3250;3160
5008305;male;45;3213;2913;2838
5008305;male;50;2682;2316;2263
5008305;male;55;2087;1619;1560
5008305;male;60;2708;1227;1227
5103403;female;16;9823;3128;2053
5103403;female;18;10370;5651;4365
5103403;female;20;27997;18566;16047
5103403;female;25;28159;20874;18758
5103403;female;30;26161;20138;18778
5103403;female;35;22471;17639;16791
5103403;female;40;20374;15314;14543
5103403;female;45;18370;13295;12773
5103403;female;50;16027;10215;10098
5103403;female;55;11326;6014;5807
5103403;female;60;14593;4442;4318
5103403;male;16;9219;3795;2593
5103403;male;18;10328;6751;5845
5103403;male;20;27654;22256;20057
5103403;male;25;27051;23649;22352
5103403;male;30;24663;22410;21775
5103403;male;35;20862;19300;18751
5103403;male;40;18474;16996;16658
5103403;male;45;16527;15225;14936
5103403;male;50;14205;12574;12320
5103403;male;55;10453;8602;8353
5103403;male;60;12518;7850;7676
5107602;female;16;3324;1334;693
5107602;female;18;3891;2315;1545
5107602;female;20;9265;6293;5167
5107602;female;25;9096;6487;5881
5107602;female;30;9060;6539;6063
5107602;female;35;7990;5764;5372
5107602;female;40;7332;5321;4980
5107602;female;45;6092;4186;3957
5107602;female;50;5052;2641;2527
5107602;female;55;3554;1319;1251
5107602;female;60;4720;1021;1005
5107602;male;16;3601;1972;1522
5107602;male;18;3607;2789;2484
5107602;male;20;9599;8339;7610
5107602;male;25;9511;8733;8439
5107602;male;30;8951;8355;8106
5107602;male;35;7908;7279;7077
5107602;male;40;7090;6494;6293
5107602;male;45;5955;5330;5182
5107602;male;50;4879;4147;4073
5107602;male;55;3635;2927;2808
5107602;male;60;4746;2884;2828
5107909;female;16;2082;833;629
5107909;female;18;2140;1361;1106
5107909;female;20;5650;3923;3398
5107909;female;25;5375;4055;3855
5107909;female;30;5134;4087;3829
5107909;female;35;4479;3378;3143
5107909;female;40;4138;2958;2856
5107909;female;45;3316;2187;2125
5107909;female;50;2499;1660;1626
5107909;female;55;1669;747;723
5107909;female;60;2046;436;436
5107909;male;16;2150;1174;969
5107909;male;18;2296;1818;1650
5107909;male;20;5656;4913;4757
5107909;male;25;5662;5312;5199
5107909;male;30;5261;5080;4986
5107909;male;35;4601;4442;4376
5107909;male;40;4166;3946;3895
5107909;male;45;3693;3515;3451
5107909;male;50;2618;2361;2296
5107909;male;55;1980;1787;1736
5107909;male;60;2055;1245;1213
5108402;female;16;4720;1702;1218
5108402;female;18;4731;2473;1848
5108402;female;20;12784;8259;7014
5108402;female;25;12559;8665;7771
5108402;female;30;11942;8431;7767
5108402;female;35;10255;7182;6626
5108402;female;40;8901;6215;5852
5108402;female;45;7370;4768;4452
5108402;female;50;6076;3259;3195
5108402;female;55;4489;1920;1829
5108402;female;60;5781;1360;1325
5108402;male;16;4977;2229;1809
5108402;male;18;4460;3044;2714
5108402;male;20;12282;10092;9424
5108402;male;25;12095;10887;10438
5108402;male;30;11626;10478;10031
5108402;male;35;9889;9112;8772
5108402;male;40;8710;7874;7678
5108402;male;45;7263;6261;6121
5108402;male;50;5617;4697;4581
5108402;male;55;4494;3613;3547
5108402;male;60;5244;2992;2923
5200050;female;16;143;38;22
5200050;female;18;150;120;100
5200050;female;20;309;217;196
5200050;female;25;297;186;181
5200050;female;30;305;231;212
5200050;female;35;267;194;183
5200050;female;40;248;174;170
5200050;female;45;205;161;155
5200050;female;50;170;96;96
5200050;female;55;176;107;92
5200050;female;60;197;34;34
5200050;male;16;155;96;85
5200050;male;18;134;112;105
5200050;male;20;291;250;234
5200050;male;25;312;288;284
5200050;male;30;276;260;257
5200050;male;35;263;251;244
5200050;male;40;239;220;217
5200050;male;45;225;182;182
5200050;male;50;166;144;144
5200050;male;55;144;114;114
5200050;male;60;166;90;90
5200258;female;16;3281;1087;680
5200258;female;18;2959;1565;1083
5200258;female;20;7651;4871;3994
5200258;female;25;7948;5189;4554
5200258;female;30;7790;5510;4938
5200258;female;35;6961;4983;4374
5200258;female;40;5502;3728;3454
5200258;female;45;3800;2484;2254
5200258;female;50;2280;1180;1091
5200258;female;55;1704;722;691
5200258;female;60;1945;462;449
5200258;male;16;3105;1396;1034
5200258;male;18;2991;2240;1854
5200258;male;20;7411;6307;5920
5200258;male;25;7616;6804;6501
5200258;male;30;7437;6849;6672
5200258;male;35;6887;6322;6166
5200258;male;40;5664;5156;5066
5200258;male;45;3792;3336;3246
5200258;male;50;2649;2316;2272
5200258;male;55;1630;1281;1262
5200258;male;60;2072;1121;1048
5201108;female;16;5776;1959;1248
5201108;female;18;5721;3080;2172
5201108;female;20;15376;10375;8780
5201108;female;25;14867;10230;9067
5201108;female;30;14548;9928;9159
5201108;female;35;13582;9450;8729
5201108;female;40;12929;8679;8215
5201108;female;45;11464;7424;7136
5201108;female;50;9847;5221;5035
5201108;female;55;7475;3269;3160
5201108;female;60;10396;2060;2008
5201108;male;16;6069;3127;2605
5201108;male;18;5591;3903;3370
5201108;male;20;15582;13390;12558
5201108;male;25;14489;13486;12978
5201108;male;30;13913;13099;12661
5201108;male;35;12484;11552;11266
5201108;male;40;11660;10838;10662
5201108;male;45;10408;9380;9138
5201108;male;50;8425;7003;6874
5201108;male;55;6739;5327;5233
5201108;male;60;8507;4484;4369
5201405;female;16;8308;3184;2207
5201405;female;18;8368;5129;4379
5201405;female;20;22676;16153;14021
5201405;female;25;23508;17006;15398
5201405;female;30;22130;17069;16052
5201405;female;35;18902;15065;14348
5201405;female;40;16446;12476;11906
5201405;female;45;13811;9588;9203
5201405;female;50;10979;6786;6542
5201405;female;55;7744;4200;4036
5201405;female;60;9212;2654;2546
5201405;male;16;8035;4142;3499
5201405;male;18;9187;6993;6125
5201405;male;20;23179;20040;19148
5201405;male;25;23531;21279;20478
5201405;male;30;21719;19865;19388
5201405;male;35;18237;16941;16721
5201405;male;40;15570;13822;13372
5201405;male;45;12310;11022;10731
5201405;male;50;9269;7871;7797
5201405;male;55;7210;5641;5527
5201405;male;60;7847;4601;4427
5201801;female;16;152;37;29
5201801;female;18;126;70;62
5201801;female;20;346;216;196
5201801;female;25;324;212;183
5201801;female;30;325;233;222
5201801;female;35;338;264;243
5201801;female;40;294;225;203
5201801;female;45;255;169;164
5201801;female;50;259;139;130
5201801;female;55;195;81;78
5201801;female;60;252;66;63
5201801;male;16;189;123;105
5201801;male;18;136;114;104
5201801;male;20;327;288;278
5201801;male;25;340;312;304
5201801;male;30;338;323;303
5201801;male;35;316;295;280
5201801;male;40;301;277;261
5201801;male;45;270;234;228
5201801;male;50;257;223;220
5201801;male;55;162;140;131
5201801;male;60;300;214;205
5203559;female;16;123;64;42
5203559;female;18;118;55;49
5203559;female;20;291;173;149
5203559;female;25;327;232;210
5203559;female;30;344;263;246
5203559;female;35;279;221;206
5203559;female;40;272;180;177
5203559;female;45;230;141;130
5203559;female;50;212;113;107
5203559;female;55;148;41;39
5203559;female;60;238;63;61
5203559;male;16;142;73;68
5203559;male;18;136;119;105
5203559;male;20;332;309;301
5203559;male;25;315;279;269
5203559;male;30;324;296;284
5203559;male;35;262;253;247
5203559;male;40;254;231;231
5203559;male;45;231;206;200
5203559;male;50;180;139;139
5203559;male;55;165;130;124
5203559;male;60;211;106;103
5203609;female;16;40;23;15
5203609;female;18;40;26;18
5203609;female;20;123;88;70
5203609;female;25;113;76;53
5203609;female;30;128;90;76
5203609;female;35;117;83;80
5203609;female;40;141;89;82
5203609;female;45;97;47;39
5203609;female;50;109;51;51
5203609;female;55;71;26;26
5203609;female;60;120;13;13
5203609;male;16;47;38;32
5203609;male;18;63;50;46
5203609;male;20;146;143;131
5203609;male;25;119;110;107
5203609;male;30;126;108;108
5203609;male;35;131;124;121
5203609;male;40;135;122;119
5203609;male;45;107;96;96
5203609;male;50;92;67;63
5203609;male;55;73;46;46
5203609;male;60;117;62;59
5204557;female;16;38;23;16
5204557;female;18;53;27;25
5204557;female;20;132;79;61
5204557;female;25;146;88;79
5204557;female;30;139;98;92
5204557;female;35;130;90;82
5204557;female;40;96;73;65
5204557;female;45;98;52;49
5204557;female;50;123;55;53
5204557;female;55;85;40;37
5204557;female;60;125;28;28
5204557;male;16;63;47;40
5204557;male;18;48;33;25
5204557;male;20;126;86;83
5204557;male;25;148;139;123
5204557;male;30;152;140;135
5204557;male;35;132;110;106
5204557;male;40;119;101;95
5204557;male;45;108;97;93
5204557;male;50;95;70;68
5204557;male;55;81;54;47
5204557;male;60;126;86;77
5205109;female;16;1310;531;463
5205109;female;18;1608;844;663
5205109;female;20;3999;2813;2268
5205109;female;25;4199;2836;2545
5205109;female;30;3862;2839;2584
5205109;female;35;3504;2477;2346
5205109;female;40;3273;2263;2118
5205109;female;45;2829;1810;1742
5205109;female;50;2292;1443;1375
5205109;female;55;2093;993;969
5205109;female;60;2410;627;579
5205109;male;16;1443;869;754
5205109;male;18;1431;976;913
5205109;male;20;4333;3777;3518
5205109;male;25;4258;4012;3864
5205109;male;30;4047;3967;3846
5205109;male;35;3450;3332;3255
5205109;male;40;3143;2964;2891
5205109;male;45;2901;2674;2633
5205109;male;50;2304;1972;1945
5205109;male;55;2085;1660;1610
5205109;male;60;2362;1405;1394
5205497;female;16;959;425;239
5205497;female;18;1083;602;507
5205497;female;20;2629;1956;1574
5205497;female;25;2952;2242;1939
5205497;female;30;2766;2109;1889
5205497;female;35;2348;1724;1586
5205497;female;40;1892;1335;1273
5205497;female;45;1579;1045;1002
5205497;female;50;1201;740;703
5205497;female;55;921;358;309
5205497;female;60;932;238;238
5205497;male;16;1259;481;337
5205497;male;18;938;709;589
5205497;male;20;2592;2213;2003
5205497;male;25;2627;2354;2234
5205497;male;30;2528;2339;2268
5205497;male;35;2197;1876;1804
5205497;male;40;1854;1681;1635
5205497;male;45;1356;1140;1112
5205497;male;50;1163;1004;992
5205497;male;55;747;608;608
5205497;male;60;887;579;547
5208004;female;16;1827;584;488
5208004;female;18;1802;1011;693
5208004;female;20;4818;3316;2690
5208004;female;25;4804;3555;3174
5208004;female;30;4627;3452;3147
5208004;female;35;3841;2914;2705
5208004;female;40;3386;2395;2266
5208004;female;45;2839;1931;1829
5208004;female;50;2146;1163;1088
5208004;female;55;1762;820;789
5208004;female;60;2292;628;628
5208004;male;16;1851;815;676
5208004;male;18;1793;1329;1180
5208004;male;20;4843;4210;3926
5208004;male;25;4770;4532;4387
5208004;male;30;4438;4198;4061
5208004;male;35;3722;3506;3453
5208004;male;40;3264;2935;2857
5208004;male;45;2816;2409;2300
5208004;male;50;2233;1998;1961
5208004;male;55;1695;1384;1343
5208004;male;60;2138;1387;1369
5208509;female;16;62;14;10
5208509;female;18;85;30;14
5208509;female;20;195;104;74
5208509;female;25;205;140;117
5208509;female;30;191;118;104
5208509;female;35;172;112;104
5208509;female;40;186;148;141
5208509;female;45;196;125;119
5208509;female;50;152;88;88
5208509;female;55;141;51;48
5208509;female;60;256;30;30
5208509;male;16;83;25;13
5208509;male;18;69;45;31
5208509;male;20;194;174;159
5208509;male;25;213;189;170
5208509;male;30;189;177;174
5208509;male;35;208;199;192
5208509;male;40;171;152;152
5208509;male;45;203;194;191
5208509;male;50;137;124;122
5208509;male;55;162;119;111
5208509;male;60;225;124;124
5208707;female;16;21629;7562;5766
5208707;female;18;24647;14141;11335
5208707;female;20;67450;47807;42723
5208707;female;25;68774;54604;50389
5208707;female;30;63241;49358;46361
5208707;female;35;53555;41931;40112
5208707;female;40;49898;39094;37562
5208707;female;45;45707;34171;33184
5208707;female;50;38982;26134;25407
5208707;female;55;31726;16560;16229
5208707;female;60;40728;13025;12789
5208707;male;16;21756;10111;8509
5208707;male;18;21859;14959;13117
5208707;male;20;64260;53983;50591
5208707;male;25;64185;59070;56917
5208707;male;30;58527;54355;52784
5208707;male;35;49186;45980;44912
5208707;male;40;43480;40621;39772
5208707;male;45;38621;35750;35018
5208707;male;50;31250;27638;27212
5208707;male;55;26400;21215;20824
5208707;male;60;31352;19014;18697
5208806;female;16;699;249;172
5208806;female;18;535;303;210
5208806;female;20;1538;1123;932
5208806;female;25;1736;1159;1053
5208806;female;30;1738;1188;1138
5208806;female;35;1319;960;882
5208806;female;40;1145;747;700
5208806;female;45;980;611;592
5208806;female;50;843;449;427
5208806;female;55;518;190;190
5208806;female;60;769;140;124
5208806;male;16;622;412;363
5208806;male;18;580;511;433
5208806;male;20;1587;1411;1307
5208806;male;25;1735;1687;1637
5208806;male;30;1715;1694;1662
5208806;male;35;1341;1236;1201
5208806;male;40;1107;991;949
5208806;male;45;983;861;861
5208806;male;50;706;551;521
5208806;male;55;594;465;465
5208806;male;60;695;273;262
5209200;female;16;238;76;71
5209200;female;18;286;153;124
5209200;female;20;521;358;324
5209200;female;25;517;358;344
5209200;female;30;589;390;370
5209200;female;35;598;377;364
5209200;female;40;495;356;330
5209200;female;45;412;243;233
5209200;female;50;420;223;223
5209200;female;55;319;127;127
5209200;female;60;512;94;94
5209200;male;16;298;161;161
5209200;male;18;198;153;148
5209200;male;20;509;433;410
5209200;male;25;575;484;473
5209200;male;30;584;519;513
5209200;male;35;548;496;496
5209200;male;40;505;455;449
5209200;male;45;421;349;339
5209200;male;50;334;286;286
5209200;male;55;387;299;293
5209200;male;60;424;292;292
5209705;female;16;260;108;85
5209705;female;18;320;186;155
5209705;female;20;706;434;383
5209705;female;25;750;523;490
5209705;female;30;766;505;456
5209705;female;35;657;486;468
5209705;female;40;556;397;371
5209705;female;45;522;355;336
5209705;female;50;399;213;208
5209705;female;55;413;186;186
5209705;female;60;564;156;156
5209705;male;16;279;136;119
5209705;male;18;284;205;180
5209705;male;20;829;769;711
5209705;male;25;786;729;705
5209705;male;30;765;718;707
5209705;male;35;681;653;648
5209705;male;40;568;528;514
5209705;male;45;542;489;479
5209705;male;50;487;430;424
5209705;male;55;373;303;303
5209705;male;60;535;361;361
5212501;female;16;3554;1295;817
5212501;female;18;3079;1808;1154
5212501;female;20;7971;5102;3918
5212501;female;25;8320;5610;4821
5212501;female;30;8062;5654;4983
5212501;female;35;7057;5081;4569
5212501;female;40;5968;4166;3865
5212501;female;45;4706;2903;2678
5212501;female;50;3365;1816;1693
5212501;female;55;2755;1276;1228
5212501;female;60;3458;752;742
5212501;male;16;3475;1760;1377
5212501;male;18;3190;2431;2035
5212501;male;20;8063;6975;6400
5212501;male;25;7998;7252;6768
5212501;male;30;7842;7259;6894
5212501;male;35;6791;6205;5990
5212501;male;40;5802;5232;5084
5212501;male;45;4592;4214;4082
5212501;male;50;3511;2921;2798
5212501;male;55;2384;1826;1784
5212501;male;60;3257;1684;1633
5214507;female;16;450;165;144
5214507;female;18;479;286;229
5214507;female;20;1276;924;819
5214507;female;25;1080;747;667
5214507;female;30;1114;720;706
5214507;female;35;983;780;729
5214507;female;40;893;608;569
5214507;female;45;766;472;424
5214507;female;50;648;332;332
5214507;female;55;431;73;63
5214507;female;60;701;120;120
5214507;male;16;386;217;188
5214507;male;18;503;418;418
5214507;male;20;1160;1047;1038
5214507;male;25;1157;1120;1093
5214507;male;30;997;910;879
5214507;male;35;937;889;889
5214507;male;40;859;745;732
5214507;male;45;719;636;617
5214507;male;50;464;386;386
5214507;male;55;534;403;395
5214507;male;60;529;219;205
5215009;female;16;107;47;40
5215009;female;18;127;90;62
5215009;female;20;360;243;219
5215009;female;25;348;210;185
5215009;female;30;307;231;220
5215009;female;35;319;240;234
5215009;female;40;316;242;236
5215009;female;45;266;187;179
5215009;female;50;219;118;115
5215009;female;55;163;87;87
5215009;female;60;284;84;84
5215009;male;16;134;67;50
5215009;male;18;144;107;102
5215009;male;20;379;319;295
5215009;male;25;388;369;356
5215009;male;30;319;295;283
5215009;male;35;306;285;280
5215009;male;40;314;287;282
5215009;male;45;277;254;250
5215009;male;50;245;211;206
5215009;male;55;138;112;112
5215009;male;60;243;148;142
5215231;female;16;1953;614;404
5215231;female;18;1695;838;562
5215231;female;20;4621;3013;2375
5215231;female;25;4777;3024;2462
5215231;female;30;4597;3377;2860
5215231;female;35;4116;2893;2519
5215231;female;40;3286;2085;1911
5215231;female;45;2456;1515;1272
5215231;female;50;1735;811;753
5215231;female;55;1198;596;580
5215231;female;60;1534;505;489
5215231;male;16;1983;684;445
5215231;male;18;1550;882;739
5215231;male;20;4502;3705;3200
5215231;male;25;4347;3739;3552
5215231;male;30;4316;3967;3716
5215231;male;35;3886;3502;3320
5215231;male;40;3253;2823;2710
5215231;male;45;2300;1948;1910
5215231;male;50;1578;1243;1164
5215231;male;55;1203;904;881
5215231;male;60;1533;802;759
5215504;female;16;86;34;25
5215504;female;18;83;50;36
5215504;female;20;215;114;93
5215504;female;25;229;169;144
5215504;female;30;215;138;114
5215504;female;35;218;155;147
5215504;female;40;202;98;95
5215504;female;45;176;93;87
5215504;female;50;174;76;76
5215504;female;55;98;41;41
5215504;female;60;185;13;13
5215504;male;16;117;54;54
5215504;male;18;107;90;81
5215504;male;20;212;183;176
5215504;male;25;260;247;244
5215504;male;30;250;237;223
5215504;male;35;222;206;198
5215504;male;40;189;165;165
5215504;male;45;191;162;162
5215504;male;50;149;118;118
5215504;male;55;129;96;96
5215504;male;60;227;135;135
5215603;female;16;501;172;103
5215603;female;18;457;231;176
5215603;female;20;1109;603;481
5215603;female;25;1092;626;595
5215603;female;30;1116;777;673
5215603;female;35;948;634;599
5215603;female;40;915;560;509
5215603;female;45;734;422;334
5215603;female;50;614;321;321
5215603;female;55;471;244;217
5215603;female;60;707;124;124
5215603;male;16;547;278;250
5215603;male;18;441;280;234
5215603;male;20;1108;909;814
5215603;male;25;1111;984;928
5215603;male;30;1060;969;897
5215603;male;35;945;826;796
5215603;male;40;928;827;782
5215603;male;45;739;602;602
5215603;male;50;718;572;553
5215603;male;55;443;341;341
5215603;male;60;807;487;476
5217609;female;16;1501;409;241
5217609;female;18;1643;853;662
5217609;female;20;3862;2493;2002
5217609;female;25;3920;2706;2345
5217609;female;30;3889;2686;2446
5217609;female;35;3166;2301;2141
5217609;female;40;2639;1736;1581
5217609;female;45;2079;1413;1314
5217609;female;50;1539;844;784
5217609;female;55;1256;498;468
5217609;female;60;1481;245;245
5217609;male;16;1685;717;570
5217609;male;18;1678;1238;988
5217609;male;20;3873;3389;2988
5217609;male;25;3807;3476;3298
5217609;male;30;3501;3270;3113
5217609;male;35;2993;2823;2736
5217609;male;40;2598;2389;2311
5217609;male;45;1951;1771;1692
5217609;male;50;1561;1328;1288
5217609;male;55;1090;799;788
5217609;male;60;1548;770;770
5218805;female;16;2787;1018;743
5218805;female;18;3355;1840;1479
5218805;female;20;9284;6067;5376
5218805;female;25;9108;6333;5846
5218805;female;30;7824;5581;5210
5218805;female;35;6747;4750;4492
5218805;female;40;6088;4236;4002
5218805;female;45;5273;3408;3312
5218805;female;50;3936;2230;2220
5218805;female;55;3333;1493;1464
5218805;female;60;4114;1082;1082
5218805;male;16;2934;1661;1404
5218805;male;18;3436;2578;2193
5218805;male;20;10486;9013;8428
5218805;male;25;10240;9287;8992
5218805;male;30;8448;7664;7502
5218805;male;35;6900;6438;6323
5218805;male;40;6035;5505;5362
5218805;male;45;4975;4557;4492
5218805;male;50;3973;3425;3417
5218805;male;55;3160;2595;2546
5218805;male;60;4079;2529;2451
5219738;female;16;80;40;15
5219738;female;18;85;60;39
5219738;female;20;199;125;96
5219738;female;25;204;144;123
5219738;female;30;227;164;151
5219738;female;35;204;141;136
5219738;female;40;187;148;135
5219738;female;45;131;79;70
5219738;female;50;127;80;80
5219738;female;55;73;20;20
5219738;female;60;123;26;22
5219738;male;16;101;57;48
5219738;male;18;97;81;68
5219738;male;20;214;208;195
5219738;male;25;242;223;215
5219738;male;30;188;174;165
5219738;male;35;185;182;175
5219738;male;40;205;192;188
5219738;male;45;127;116;116
5219738;male;50;103;97;94
5219738;male;55;98;82;79
5219738;male;60;106;59;59
5219753;female;16;1292;392;215
5219753;female;18;1209;657;453
5219753;female;20;2984;1842;1475
5219753;female;25;3048;2014;1792
5219753;female;30;2908;2135;1899
5219753;female;35;2481;1739;1603
5219753;female;40;2086;1332;1211
5219753;female;45;1599;981;909
5219753;female;50;1024;562;541
5219753;female;55;994;298;283
5219753;female;60;1141;255;255
5219753;male;16;1248;382;296
5219753;male;18;1140;752;634
5219753;male;20;2884;2420;2250
5219753;male;25;2883;2576;2445
5219753;male;30;2871;2669;2599
5219753;male;35;2394;2159;2063
5219753;male;40;2116;1801;1758
5219753;male;45;1438;1236;1188
5219753;male;50;1151;883;875
5219753;male;55;839;589;564
5219753;male;60;1170;591;585
5220454;female;16;1549;704;496
5220454;female;18;1783;1103;793
5220454;female;20;4079;3072;2558
5220454;female;25;4116;3143;2806
5220454;female;30;3951;2928;2725
5220454;female;35;3487;2663;2432
5220454;female;40;3182;2329;2217
5220454;female;45;2384;1721;1633
5220454;female;50;1642;988;933
5220454;female;55;1200;634;593
5220454;female;60;1615;386;386
5220454;male;16;1528;746;542
5220454;male;18;1630;1255;1133
5220454;male;20;4679;4215;3883
5220454;male;25;4300;4037;3870
5220454;male;30;3981;3747;3678
5220454;male;35;3048;2897;2775
5220454;male;40;2902;2568;2478
5220454;male;45;2229;1992;1952
5220454;male;50;1766;1487;1426
5220454;male;55;1259;903;890
5220454;male;60;1321;756;756
5221304;female;16;51;21;18
5221304;female;18;49;37;30
5221304;female;20;84;50;47
5221304;female;25;99;67;67
5221304;female;30;118;97;90
5221304;female;35;117;96;90
5221304;female;40;115;84;80
5221304;female;45;85;59;56
5221304;female;50;80;51;51
5221304;female;55;79;35;35
5221304;female;60;110;24;24
5221304;male;16;45;21;16
5221304;male;18;50;43;27
5221304;male;20;123;103;92
5221304;male;25;91;85;82
5221304;male;30;91;88;88
5221304;male;35;100;95;95
5221304;male;40;125;115;115
5221304;male;45;88;82;80
5221304;male;50;114;100;100
5221304;male;55;79;58;58
5221304;male;60;141;87;87
5221403;female;16;1736;589;436
5221403;female;18;1883;1115;794
5221403;female;20;4747;3064;2697
5221403;female;25;4685;3307;3058
5221403;female;30;4643;3239;3011
5221403;female;35;4296;3026;2754
5221403;female;40;3909;2855;2690
5221403;female;45;3356;2134;2023
5221403;female;50;3005;1666;1615
5221403;female;55;2062;945;911
5221403;female;60;2890;593;571
5221403;male;16;2011;1037;851
5221403;male;18;1828;1429;1278
5221403;male;20;4766;3938;3734
5221403;male;25;4735;4251;4135
5221403;male;30;4670;4249;4149
5221403;male;35;4060;3720;3624
5221403;male;40;3481;3155;3104
5221403;male;45;3110;2709;2659
5221403;male;50;2437;1994;1912
5221403;male;55;1886;1427;1322
5221403;male;60;2540;1279;1264
5221858;female;16;2395;674;257
5221858;female;18;2373;1245;900
5221858;female;20;6800;4655;3869
5221858;female;25;7469;5202;4651
5221858;female;30;7012;4850;4493
5221858;female;35;5667;4220;4022
5221858;female;40;4740;3511;3347
5221858;female;45;3850;2611;2471
5221858;female;50;2681;1638;1597
5221858;female;55;1913;879;846
5221858;female;60;1924;497;489
5221858;male;16;2447;827;604
5221858;male;18;2145;1449;1239
5221858;male;20;6517;5330;4927
5221858;male;25;6874;6276;6010
5221858;male;30;6412;5803;5667
5221858;male;35;5409;4856;4692
5221858;male;40;4348;3927;3881
5221858;male;45;3394;3020;2971
5221858;male;50;2503;2132;2123
5221858;male;55;1712;1273;1258
5221858;male;60;2046;1031;996
5300108;female;16;42949;13047;8018
5300108;female;18;45515;24768;17649
5300108;female;20;125084;89332;74317
5300108;female;25;140292;110654;98923
5300108;female;30;133841;105098;96453
5300108;female;35;112636;87101;80862
5300108;female;40;98986;76463;70753
5300108;female;45;85117;61830;58863
5300108;female;50;67410;43392;41433
5300108;female;55;53071;26496;25509
5300108;female;60;67449;19039;18503
5300108;male;16;42778;15592;10766
5300108;male;18;43792;26664;21107
5300108;male;20;120437;97791;86647
5300108;male;25;127346;113685;106298
5300108;male;30;118591;108981;104607
5300108;male;35;99711;93062;90240
5300108;male;40;88858;81627;79623
5300108;male;45;72557;66019;64614
5300108;male;50;57051;50467;49276
5300108;male;55;42633;33036;32451
5300108;male;60;51155;28984;28217
