AREAP;households;renters;mean_rent;median_rent
1100015001001;7443;793.028;205.007;180
1100023003001;5260;1559.59;400.831;350
1100023003002;5178;848.227;256.064;200
1100023003003;8491;1362.8;273.925;220
1100023003004;8725;2339.34;283.095;250
1100031001001;1979;152.635;366.292;150
1100049003001;4189;94.6274;167.633;150
1100049003002;6247;1299.64;238.546;200
1100049003003;6763;2113.72;367.224;300
1100049003004;7214;1706.59;314.948;250
1100056001001;5399;758.361;248.855;200
1100064001001;6013;639.625;280.564;200
1100072001001;2770;146.642;195.588;150
1100080001001;3811;317.814;192.026;150
1100098003001;8797;1311.87;265.666;200
1100106003001;4691;970.477;273.7;250
1100106003002;6657;724.569;182.328;150
1100114003001;6218;675.85;232.706;200
1100114003002;9858;2076.34;245.78;200
1100122003001;4059;1014.24;400.434;280
1100122003002;4689;1147.64;321.823;250
1100122003003;4853;998.582;271.667;230
1100122003004;4875;833.105;233.096;200
1100122003005;7782;848.937;220.464;180
1100122003006;9958;2467.38;346.905;300
1100130003001;4988;1038.99;216.975;150
1100130003002;4243;113.283;152.274;150
1100148001001;6029;494.855;224.278;180
1100155003001;4386;705.897;274.557;200
1100155003002;7438;1227.61;247.885;200
1100189003001;4567;828.622;303.016;250
1100189003002;5634;833.052;247.435;200
1100205004001;4255;853.453;253.536;230
1100205004002;4632;550.519;199.618;180
1100205004003;7640;1796.83;357.188;300
1100205004004;4830;924.175;380.449;350
1100205004005;4903;993.176;334.365;300
1100205004006;4398;817.698;310.562;300
1100205004007;4590;1040.8;599.154;500
1100205004008;4830;974.707;300.906;250
1100205004009;4224;1007.77;489.133;400
1100205004010;4667;1388.76;482.116;400
1100205004011;5119;1323.11;425.237;400
1100205004012;6011;615.455;273.176;240
1100205004013;4427;495.648;325.69;256
1100205004014;6956;1740.97;862.226;800
1100205004015;5517;2151.45;459.827;350
1100205004016;4460;1687.97;597.593;450
1100205004017;4386;1708.23;510.598;450
1100205004018;7669;1754.74;579.256;380
1100205004019;4325;1200.83;634.494;500
1100205004020;8395;120.53;242.539;200
1100205004021;8546;2073.29;408.156;350
1100205004022;9627;1584.14;340.924;300
1100254001001;6900;940.955;294.781;160
1100262001001;1014;76.0623;190.917;150
1100288003001;6606;1046.03;203.997;180
1100288003002;9464;2013.85;284.761;230
1100296001001;2773;178.169;228.008;200
1100304003001;4516;1209.36;317.266;280
1100304003002;7757;1995.09;238.135;200
1100304003003;11712;3281.51;407.987;350
1100320001001;6466;869.012;247.381;200
1100338001001;6446;652.211;199.751;150
1100346001001;5101;376.633;184.664;150
1100379001001;3719;305.727;172.732;150
1100403001001;5086;531.593;246.247;200
1100452003001;5441;1185.23;226.955;200
1100452003002;4129;279.113;244.824;200
1100502001001;2996;237.742;162.115;150
1100601001001;1697;103.125;233.173;180
1100700001001;3660;294.551;190.38;150
1100809001001;5720;893.638;253.928;200
1100908001001;1119;52.0064;180.054;140
1100924001001;2478;339.48;214.513;200
1100940001001;4626;790.648;467.178;200
1101005001001;3016;164.969;157.662;150
1101104001001;2576;228.311;164.056;150
1101203001001;2928;333.395;222.748;200
1101302001001;3515;377.024;141.832;130
1101401001001;4104;441.965;235.803;210
1101435001001;2104;137.089;179.563;150
1101450001001;1407;108.279;161.604;140
1101468001001;723;28.4865;141.665;130
1101476001001;1087;74.4781;129.274;130
1101484001001;1819;144.094;189.814;180
1101492001001;4757;471.312;207.58;150
1101500001001;3407;291.644;172.687;150
1101559001001;1486;105.347;169.879;150
1101609001001;3159;165.593;200.119;150
1101708001001;3940;357.3;180.083;150
1101757001001;2810;206.407;186.151;180
1101807001001;2441;146.178;189.93;160
1200013001001;3473;281.073;235.719;160
1200054001001;1565;119.906;172.041;150
1200104001001;5973;711.651;254.064;250
1200138001001;2344;93.7932;206.554;200
1200179001001;2361;135.287;171.402;150
1200203003001;4553;525.228;375.514;350
1200203003002;7218;651.357;281.342;200
1200203003003;7159;262.725;183.981;150
1200252001001;4424;483.056;241.302;200
1200302001001;7076;438.725;208.167;150
1200328001001;1311;31.4403;195.741;200
1200336001001;3603;59.4208;145.704;100
1200344001001;1868;141.117;182.22;150
1200351001001;2768;32.1434;196.956;200
1200385001001;4783;314.935;169.592;100
1200393001001;1728;22.7206;232.087;250
1200401005001;7417;1304.61;234.046;200
1200401005002;11400;2691.05;480.304;350
1200401005003;16350;1954.92;229.145;200
1200401005004;16062;2970.38;374.426;300
1200401005005;13218;1986.7;387.145;300
1200401005006;12082;1658.86;206.393;200
1200401005007;11211;1459.55;228.108;200
1200401005008;8536;196.956;136.845;150
1200427001001;3150;84.1344;126.708;130
1200435001001;830;38.3959;165.85;200
1200450001001;5670;438.009;184.036;150
1200500003001;9413;780.113;213.253;180
1200609001001;7592;255.72;257.755;200
1200708001001;4509;339.18;168.159;130
1200807001001;4045;195.546;146.228;150
1300029001001;2501;52.6338;186.923;100
1300060001001;1696;74.6697;191.754;150
1300086001001;1898;52.2175;232.901;200
1300102001001;3083;112.475;191.112;100
1300144001001;4643;535.475;249.907;200
1300201001001;2930;43.1709;204.77;150
1300300001001;6983;299.687;229.069;150
1300409001001;4983;146.274;278.347;250
1300508001001;5187;157.38;147.353;100
1300607001001;6091;211.631;294.16;250
1300631001001;2888;89.3458;245.142;200
1300680001001;2776;109.099;188.577;150
1300706001001;7219;275.014;172.129;150
1300805001001;6673;254.363;150.699;150
1300839001001;2233;82.5264;217.184;150
1300904001001;2958;33.6083;204.329;200
1301001001001;5274;241.665;146.787;100
1301100001001;7426;386.135;212.172;150
1301159001001;5760;54.2501;213.647;200
1301209003001;7640;193.288;393.056;280
1301209003002;7648;980.079;365.828;300
1301308001001;4497;188.947;251.212;200
1301407001001;6271;194.125;194.626;150
1301506001001;3214;65.4732;132.784;100
1301605001001;3909;191.289;187.05;150
1301654001001;2661;38.788;127.008;150
1301704003001;4645;663.92;344.129;280
1301704003002;5276;287.901;237.067;200
1301803001001;3727;34.549;218.128;250
1301852003001;4447;292.61;183.328;180
1301852003002;5402;598.566;200.697;200
1301902003001;4246;125.276;152.339;150
1301902003002;7663;355.893;173.353;150
1301902003003;8127;1049.36;258.841;200
1301951001001;1573;14.0253;145.445;150
1302009001001;1804;160.07;181.394;150
1302108001001;1309;29.1906;146.137;120
1302207001001;2049;89.0611;140.702;150
1302306001001;3192;151.362;134.066;120
1302405003001;8250;266.016;190.055;100
1302504003001;4224;663.604;237.605;200
1302504003002;7030;260.326;190.684;200
1302504003003;6998;886.216;237.66;220
1302553001001;4915;124.869;216.555;200
1302603005001;8332;1323.42;245.731;250
1302603005002;12723;1582.27;211.667;200
1302603005003;10888;2895.83;302.154;260
1302603005004;18582;3967.86;359.472;300
1302603005005;16793;4623.75;379.775;315
1302603005006;17555;2990.17;267.31;200
1302603005007;31297;6109.28;323.329;260
1302603005008;12780;2741.1;816.003;500
1302603005009;14933;3036.78;236.679;200
1302603005010;11332;2929.99;443.346;350
1302603005011;11751;3824.16;501.396;400
1302603005012;10489;2412.01;600.27;450
1302603005013;13917;3854.64;354.032;300
1302603005014;8899;2037.99;416.587;300
1302603005015;11219;2236.76;627.736;350
1302603005016;12760;2739.81;334.849;300
1302603005017;14831;2690.83;375.401;300
1302603005018;13508;2929.39;404.628;350
1302603005019;13084;3106.04;322.441;290
1302603005020;10767;2876.69;350.485;300
1302603005021;13524;2820.05;526.764;350
1302603005022;11905;2507.47;792.984;650
1302603005023;9990;1815.54;249.194;250
1302603005024;8687;1715.34;240.029;220
1302603005025;11438;1490.89;217.909;200
1302603005026;14273;1287.07;298.894;250
1302603005027;16393;3369.25;277.49;250
1302603005028;11590;2528.05;220.579;200
1302603005029;27512;5074.85;214.865;200
1302603005030;24062;4687.79;283.996;250
1302603005031;15897;2354.86;316.557;300
1302603005032;13657;1584.6;249.417;200
1302603005033;8647;2116.4;360.116;300
1302702003001;4608;225.814;244.987;180
1302702003002;5020;367.283;203.086;150
1302801001001;2801;76.4557;243.914;150
1302900003001;10099;474.838;199.347;150
1303007001001;3795;146.201;278.418;250
1303106001001;5659;147.268;265.941;200
1303205001001;3194;146.245;244.971;150
1303304001001;4304;170.639;189.367;150
1303403003001;4240;411.127;273.534;230
1303403003002;7993;555.975;248.674;200
1303403003003;8725;152.838;214.501;180
1303502001001;3079;56.33;149.206;113
1303536001001;7390;997.829;203.225;200
1303569001001;6330;493.559;192.525;200
1303601001001;2706;81.5264;222.212;200
1303700001001;4050;71.0329;198.626;180
1303809001001;7670;741.744;298.815;250
1303908001001;5362;67.5512;264.531;200
1303957001001;1954;88.7199;130.037;80
1304005001001;1744;64.3602;136.446;100
1304062003001;10266;1767.24;298.309;250
1304104001001;3909;95.6368;155.634;150
1304203003001;4188;586.645;277.388;250
1304203003002;8129;695.926;316.106;300
1304237001001;2799;64.5309;223.521;250
1304260001001;2242;96.6849;189.357;100
1304302001001;3447;177.348;164.742;150
1304401001001;3337;143.981;116.359;100
1400027001001;2132;74.2603;178.857;150
1400050001001;3714;176.169;153.749;150
1400100005001;4568;550.656;160.817;150
1400100005002;5945;685.632;174.244;160
1400100005003;6943;1327.31;210.926;200
1400100005004;4980;542.731;234.664;200
1400100005005;6080;1498.91;279.121;250
1400100005006;4549;1401.31;321.72;250
1400100005007;6523;1089.62;230.849;180
1400100005008;4517;650.381;212.102;200
1400100005009;6062;1519.93;273.172;250
1400100005010;5510;850.224;247.637;250
1400100005011;4202;1442.53;320.575;300
1400100005012;6833;2223.29;477.512;450
1400100005013;5395;1854.17;384.521;300
1400100005014;5781;680.649;699.5;650
1400159001001;2535;98.4002;171.876;150
1400175001001;3666;162.337;159.023;100
1400209001001;4522;383.669;194.927;150
1400233001001;2188;212.016;161.299;150
1400282001001;2256;132.011;128.193;150
1400308001001;3916;298.668;166.101;150
1400407001001;1711;65.4098;145.604;150
1400456001001;2413;309.953;267.923;260
1400472001001;6011;817.264;183.63;150
1400506001001;1756;152.548;195.015;150
1400605001001;1810;126.575;169.757;150
1400704001001;1447;18.1045;167.657;150
1500107003001;4954;34.6699;93.091;100
1500107003002;4324;218.858;170.947;150
1500107003003;5971;0;;
1500107003004;8051;468.336;219.419;150
1500107003005;8072;905.074;274.778;250
1500131001001;1880;264.492;161.174;150
1500206003001;4215;15.8048;80;80
1500206003002;7631;371.998;115.897;100
1500305001001;6814;135.471;222.928;200
1500347001001;5917;523.264;232.648;200
1500404003001;5111;373.493;195.482;150
1500404003002;7057;94.5083;132.529;80
1500503001001;7923;1411.9;235.043;150
1500602003001;4269;706.145;192.632;180
1500602003002;4451;422.849;220.887;180
1500602003003;4486;647.788;182.409;150
1500602003004;5057;1541.3;280.636;200
1500602003005;8674;1762.9;265.261;200
1500701001001;4896;101.105;104.25;100
1500800005001;10337;1456.34;223.639;200
1500800005002;8270;732.149;205.737;150
1500800005003;9311;1517.05;376.136;280
1500800005004;13281;2310.66;411.308;360
1500800005005;8606;1542.86;393.111;300
1500800005006;9160;1607.41;434.71;350
1500800005007;8642;1377.61;242.56;230
1500800005008;9723;1523.27;291.453;250
1500800005009;10412;1325.87;192.224;180
1500800005010;10660;1252.16;210.07;170
1500800005011;10665;1089.77;248.142;200
1500800005012;8965;1619.12;183.357;180
1500800005013;8234;893.64;153.657;150
1500859001001;5098;539.502;178.037;150
1500909003001;4266;190.409;169.191;150
1500909003002;4600;24.0348;82.9387;150
1500958001001;5856;340.959;143.25;100
1501006001001;3452;71.7964;114.359;100
1501105001001;4072;49.5767;122.994;100
1501204001001;8081;233.293;143.405;130
1501253001001;1006;43.711;181.515;150
1501303003001;7915;955.346;314.105;200
1501303003002;8257;1030.41;184.972;150
1501303003003;8744;439.39;188.516;170
1501402005001;8932;2888.81;732.014;640
1501402005002;9125;2092.63;942.856;800
1501402005003;8721;1384.27;365.641;300
1501402005004;8403;1278.77;309.424;300
1501402005005;8193;666.317;156.434;150
1501402005006;8872;1387.96;475.041;370
1501402005007;8778;1730.86;475.028;400
1501402005008;9089;1820.44;383.204;300
1501402005009;8714;1843;416.598;400
1501402005010;8878;1347.85;414.749;300
1501402005011;8951;1840.06;593.597;500
1501402005012;8741;1705.97;494.936;400
1501402005013;8043;1658.43;661.541;600
1501402005014;8286;1729.76;639.325;510
1501402005015;8951;2363.81;1015.71;942
1501402005016;8751;1667.53;665.932;600
1501402005017;8769;1614.53;668.452;500
1501402005018;8883;1898.56;428.853;350
1501402005019;8390;1194.24;264.987;250
1501402005020;8700;1444.29;310.146;300
1501402005021;8750;1663.71;312.203;300
1501402005022;8355;1215.01;295.129;270
1501402005023;8476;1229.31;241.646;220
1501402005024;8518;1432.07;211.648;200
1501402005025;8413;1442.87;382.399;300
1501402005026;8398;1416.37;338.166;270
1501402005027;7960;481.748;213.723;200
1501402005028;8330;444.078;222.141;200
1501402005029;8849;1223.8;271.917;200
1501402005030;8795;1022.99;209.277;180
1501402005031;8306;1214.99;299.871;250
1501402005032;8900;1607.95;470.524;300
1501402005033;8538;1069.76;222.715;200
1501402005034;8924;949.861;334.549;300
1501402005035;8413;968.582;274.405;250
1501402005036;8551;718.097;185.714;200
1501402005037;8480;959.788;204.897;150
1501402005038;8580;843.491;247.47;200
1501402005039;8364;1156.07;230.072;200
1501402005040;8757;1239.12;237.538;230
1501402005041;9091;1353.19;328.274;256
1501402005042;7913;647.804;167.674;150
1501402005043;3937;291.825;280.056;250
1501402005044;4363;160.206;222.861;180
1501451001001;4004;163.641;138.692;130
1501501002001;7677;862.695;194.54;150
1501501002002;6102;532.701;161.029;150
1501576001001;3873;264.533;128.222;120
1501600001001;3345;178.335;138.159;100
1501709003001;4097;607.579;197.107;160
1501709003002;6518;312.996;233.282;200
1501709003003;6551;569.621;211.908;200
1501709003004;9231;779.465;354.548;300
1501725001001;4375;477.266;159.576;150
1501758001001;1923;188.247;115.247;100
1501782003001;7768;980.9;133.185;100
1501782003002;4503;152.803;101.634;80
1501808003001;4298;395.652;249.118;200
1501808003002;6689;0;;
1501808003003;6667;370.171;136.061;100
1501907001001;5880;169.424;181.197;150
1501956001001;5665;187.742;121.194;100
1502004001001;4594;93.0858;116.746;100
1502103003001;4295;143.465;255.777;250
1502103003002;4122;9.37343;100;100
1502103003003;7163;517.162;268.175;200
1502103003004;8088;76.5768;69.1592;50
1502152001001;7517;1924.79;263.892;200
1502202003001;8265;935.373;190.176;150
1502202003002;8737;789.365;190.592;170
1502301003001;7157;618.897;158.144;130
1502301003002;5867;162.124;78.1322;50
1502400003001;5214;542.459;180.944;150
1502400003002;4390;1242.52;298.091;260
1502400003003;4348;389.315;101.35;100
1502400003004;4379;655.405;141.704;130
1502400003005;4045;729.448;197.621;180
1502400003006;4733;855.219;252.061;210
1502400003007;8659;1641.57;393.505;300
1502400003008;9977;1019.85;203.506;200
1502509001001;4326;15.0047;50;50
1502608001001;2800;84.5409;174.753;150
1502707003001;5877;280.112;220.801;200
1502707003002;7040;1019.38;184.524;170
1502756001001;6332;477.558;183.564;120
1502764001001;2916;302.843;319.688;200
1502772001001;5248;677.662;170.53;150
1502806001001;5379;148.01;120.14;100
1502855001001;2655;113.324;89.0204;80
1502905001001;8515;294.263;165.737;200
1502939003001;4721;248.446;103.122;100
1502939003002;8397;1634.81;199.883;150
1502954003001;8325;970.492;156.289;150
1503002001001;1719;24.8235;95.2636;70
1503044001001;4861;583.764;188.717;150
1503077001001;5827;130.581;83.1497;50
1503093001001;7883;1033.02;187.136;150
1503101001001;5423;114.436;160.082;150
1503200003001;4437;185.144;144.562;130
1503200003002;4721;202.428;146.771;150
1503309002001;7532;318.634;201.837;150
1503309002002;4527;67.1963;120.281;120
1503408001001;2504;82.2875;105.394;100
1503457003001;4170;542.64;196.448;200
1503457003002;7239;302.473;101.592;80
1503507001001;7503;96.4387;151.923;150
1503606003001;5398;804.27;176.432;130
1503606003002;5133;1073.72;247.307;200
1503606003003;4417;971.237;227.902;200
1503606003004;9277;1238.54;183.773;150
1503705003001;4969;802.255;159.365;130
1503705003002;7759;240.896;157.232;100
1503754001001;2627;269.084;258.755;200
1503804003001;4405;513.396;149.045;140
1503804003002;8234;1602.44;209.714;150
1503903003001;5342;405.832;283.689;200
1503903003002;4236;91.3227;191.721;220
1504000001001;4889;127.099;179.778;150
1504059001001;7078;903.353;172.384;130
1504109001001;1987;44.0029;102.487;100
1504208005001;24771;6787.21;351.922;275
1504208005002;21296;5395.56;340.851;250
1504208005003;6178;1016.01;241.421;200
1504208005004;9107;495.572;153.023;100
1504307001001;6848;179.103;134.124;100
1504406001001;6745;134.318;143.611;80
1504422003001;7901;911.2;174.365;150
1504422003002;9851;1019.06;192.498;180
1504422003003;9891;1463.81;198.863;180
1504455001001;7440;664.088;141.204;130
1504505001001;4075;69.6559;229.798;150
1504604001001;5384;255.054;107.808;70
1504703003001;6365;717.144;156.883;100
1504703003002;9322;422.81;154.668;130
1504802003001;5968;314.427;172.164;100
1504802003002;7823;190.239;119.296;85
1504901001001;7042;210.91;135.513;120
1504950001001;4729;263.304;111.619;80
1504976001001;3797;329.133;143.672;130
1505007001001;3662;182.131;156.868;150
1505031001001;6984;1210.3;240.468;160
1505064003001;7522;321.71;165.923;150
1505064003002;7709;924.952;223.042;150
1505106003001;4723;523.135;223.252;150
1505106003002;6638;114.341;82.1098;50
1505205001001;5471;91.3227;217.118;130
1505304003001;5748;1170.1;75.5895;1
1505304003002;7962;489.036;149.116;120
1505403001001;4134;134.524;149.882;150
1505437001001;7156;1548.38;378.115;200
1505486003001;4398;309.349;268.65;200
1505486003002;5792;458.384;196.18;150
1505494001001;1999;140.642;92.7192;70
1505502003001;4378;775.147;266.962;200
1505502003002;4165;1102.44;271.75;200
1505502003003;6873;1942.09;371.237;270
1505502003004;9883;1519.26;153.022;120
1505536003001;4345;1940.23;421.619;300
1505536003002;6360;2103.62;241.099;220
1505536003003;4170;865.164;268.861;250
1505536003004;4062;1929.46;289.018;250
1505536003005;6353;3186.07;395.73;300
1505536003006;7063;3166.9;356.949;270
1505536003007;10524;2548.11;282.546;250
1505551001001;1653;111.559;131.545;100
1505601001001;2217;59.7432;110.232;100
1505635001001;3535;260.737;177.003;150
1505650001001;5691;383.81;142.085;100
1505700001001;5883;305.285;178.253;170
1505809003001;4298;172.439;325.451;200
1505809003002;5395;50.3223;116.096;130
1505908001001;6156;188.194;166.36;100
1506005001001;6220;122.235;184.762;150
1506104001001;2652;87.1864;154.089;150
1506112001001;3067;67.5912;112.807;60
1506138003001;5375;511.563;219.272;150
1506138003002;5502;1065.17;340.816;250
1506138003003;9971;1799.95;288.731;200
1506161001001;5174;871.52;254.329;200
1506187003001;5855;599.856;191.262;150
1506187003002;6719;1508.94;198.806;150
1506195003001;4090;186.541;156.611;100
1506195003002;5435;683.808;130.803;120
1506203003001;9327;468.281;187.371;150
1506302001001;5121;180.147;181.128;150
1506351001001;4471;193.913;189.554;200
1506401001001;1503;37.9572;139.045;100
1506500003001;6771;541.302;197.994;150
1506500003002;11284;778.309;197.569;190
1506559001001;4672;294.42;108.272;80
1506583001001;5265;376.533;172.785;150
1506609001001;6369;446.949;140.504;120
1506708003001;5122;1022.69;261.384;200
1506708003002;9351;475.135;171.169;100
1506807005001;6165;1639.52;345.078;300
1506807005002;10115;2812.19;393.117;350
1506807005003;7627;1227.15;185.618;170
1506807005004;7014;1374.04;271.038;250
1506807005005;7053;1507.92;236.221;200
1506807005006;4957;360.997;119.882;100
1506807005007;7318;873.861;180.345;160
1506807005008;4603;69.3017;266.064;300
1506807005009;6375;47.9933;48.6741;50
1506807005010;4167;202.756;85.6114;80
1506807005011;5308;206.286;124.384;110
1506906001001;1550;11.0692;81.5098;80
1507003001001;6984;349.763;142.968;130
1507102001001;4259;99.7221;165.926;170
1507151001001;6015;763.824;160.2;100
1507201001001;6432;217.574;164.148;130
1507300003001;4085;414.188;181.376;180
1507300003002;4037;42.1177;253.963;200
1507300003003;5803;498.721;223.38;200
1507300003004;8795;1243.09;284.917;250
1507409001001;3946;147.511;188.287;150
1507458001001;6879;695.262;187.551;150
1507466001001;1352;25.217;142.191;150
1507474001001;5081;188.752;187.221;150
1507508001001;3270;150.051;92.8033;80
1507607003001;6043;465.401;209.389;180
1507607003002;6654;1183.09;104.709;100
1507706001001;4858;196.552;136.974;131
1507755001001;1421;226.131;155.375;130
1507805001001;3340;165.617;119.273;100
1507904001001;5590;303.632;229.191;200
1507953003001;7890;1387.88;115.402;100
1507953003002;8677;1885.68;223.884;150
1507961001001;2598;87.3137;107.801;100
1507979001001;3634;153.578;166.454;150
1508001003001;4463;230.484;127.003;130
1508001003002;9217;723.21;214.479;150
1508035001001;6501;211.36;167.511;130
1508050001001;4100;546.264;202.012;150
1508084003001;4180;315.615;262.914;200
1508084003002;5321;1368.57;345.143;220
1508100003001;4495;406.061;116.452;100
1508100003002;5631;954.307;245.692;200
1508100003003;6765;2390.3;293.868;270
1508100003004;6852;1251.39;261.436;250
1508126003001;8601;1173.99;174.163;150
1508159003001;5494;630.039;245.721;200
1508159003002;5895;997.544;172.304;150
1508209003001;4015;486.744;204.007;150
1508209003002;7810;326.315;149.982;100
1508308003001;4307;13.4918;150;150
1508308003002;8090;215.99;120.727;100
1508357001001;3003;153.817;162.263;190
1508407003001;4370;594.918;199.996;180
1508407003002;7279;1862.52;320.474;250
1600055001001;1153;87.137;191.152;200
1600105001001;1801;79.1419;259.086;230
1600154001001;2743;333.417;295.858;250
1600204001001;2264;193.778;216.341;160
1600212001001;1041;37.4959;174.761;150
1600238001001;1360;72.0444;241.592;200
1600253001001;969;32.2901;196.965;200
1600279003001;9892;2010.87;182.245;150
1600303005001;5505;626.387;219.737;180
1600303005002;4641;859.32;350.208;300
1600303005003;4726;1351.95;409.92;350
1600303005004;4242;836.84;324.14;250
1600303005005;4267;613.107;271.754;200
1600303005006;5297;938.335;358.705;250
1600303005007;4687;699.123;322.762;250
1600303005008;4395;929.12;454.988;400
1600303005009;4877;1310.83;487.713;450
1600303005010;5027;1427.37;604.841;500
1600303005011;4367;611.235;296.333;250
1600303005012;4483;746.625;352.404;300
1600303005013;6183;1114.47;435.536;350
1600303005014;4318;587.482;311.378;250
1600303005015;4291;556.623;235.415;250
1600303005016;4998;803.046;297.679;300
1600303005017;6150;816.304;228.562;200
1600303005018;5206;584.765;246.047;250
1600303005019;7953;413.83;284.731;250
1600402001001;3562;103.925;174.28;150
1600501001001;4843;832.958;271.033;220
1600535001001;4206;525.99;197.375;150
1600550001001;808;51.6909;192.635;200
1600600003001;4282;657.889;233.225;200
1600600003002;8736;1142.3;245.024;250
1600600003003;9500;1397.86;261.604;250
1600709001001;2836;184.497;196.768;200
1600808001001;2844;118.745;157.76;130
1700251001001;760;75.2035;136.334;100
1700301001001;1329;180.698;277.278;250
1700350001001;1730;159.752;149.327;100
1700400001001;2141;185.217;192.476;150
1700707001001;2614;522.393;265.179;200
1701002001001;2678;296.308;145.125;100
1701051001001;844;57.4075;119.701;120
1701101001001;1254;123.368;150.551;100
1701309001001;1700;106.728;114.881;100
1701903001001;1869;150.315;165.754;120
1702000001001;2998;428.28;153.726;110
1702109003001;6482;1122.63;224.513;200
1702109003002;5220;2006.46;363.501;300
1702109003003;4400;1109.25;370.915;300
1702109003004;4320;1473.07;548.723;500
1702109003005;7683;1738.29;256.568;200
1702109003006;6529;1714.27;324.42;250
1702109003007;9458;1784.61;310.932;260
1702158001001;1397;130.164;165.037;120
1702208001001;8209;1038.8;223.562;170
1702307001001;1989;257.832;177.692;150
1702406001001;3227;265.22;228.582;180
1702554001001;4351;657.633;217.815;200
1702703001001;1112;84.1148;169.594;130
1702901001001;2457;254.495;114.446;100
1703008001001;2552;152.32;220.488;200
1703057001001;918;91.8747;153.358;150
1703073001001;1017;84.1725;177.767;180
1703107001001;1661;224.067;164.597;150
1703206001001;1356;132.851;131.779;130
1703305001001;1055;142.175;211.037;150
1703602001001;611;59.1239;120.376;100
1703701001001;1523;91.1023;168.228;150
1703800001001;2289;161.012;137.893;120
1703826001001;564;41.3607;96.9024;100
1703842001001;1899;132.654;175.741;150
1703867001001;1447;130.477;243.328;150
1703883001001;666;64.9848;106.151;100
1703891001001;938;31.2346;155.119;100
1703909001001;1355;127.33;152.123;140
1704105001001;702;40.9809;166.426;150
1704600001001;455;35.2572;146.122;100
1705102001001;928;49.1252;131.696;100
1705508003001;4349;1107.85;256.256;200
1705508003002;4949;1069.34;212.109;170
1705557001001;1453;200.337;166.884;110
1705607001001;1159;107.994;165.924;150
1706001001001;1422;54.8035;192.555;150
1706100001001;2287;253.374;148.282;100
1706258001001;493;39.4577;145.821;80
1706506001001;1509;158.068;152.242;150
1707009001001;5201;911.153;275.82;230
1707108001001;1981;220.692;179.957;150
1707207001001;2278;149.094;161.946;150
1707306001001;1459;157.257;134.428;100
1707405001001;2257;112.67;74.1624;60
1707553001001;1145;155.301;143.498;130
1707652001001;1749;246.696;179.517;130
1707702001001;2296;172.827;156.727;140
1708205001001;5391;596.732;163.043;150
1708254001001;694;103.442;171.009;150
1708304001001;1528;107.175;144.849;100
1709005001001;2996;132.12;163.282;100
1709302001001;7021;1453.47;277.76;200
1709500003001;4276;1088.37;344.991;255
1709500003002;4801;1283.01;262.8;220
1709500003003;5852;2072.16;379.431;330
1709500003004;8440;2247.24;251.37;230
1709807001001;520;21.0986;176.977;150
1710508001001;1888;167.983;170.771;150
1710706001001;1627;105.591;151.482;100
1710904001001;1071;81.9949;142.373;150
1711100001001;751;69.7517;134.977;100
1711506001001;1145;107.398;132.93;100
1711803001001;679;43.0333;134.725;150
1711902001001;2708;499.063;248.784;200
1711951001001;901;68.8038;114.286;100
1712009001001;813;128.382;202.882;200
1712157001001;492;26.9938;124.009;100
1712405001001;1019;37.6679;166.146;150
1712454001001;730;47.7686;120.379;100
1712504001001;1342;134.787;147.825;120
1712702001001;571;35.5993;149.395;150
1712801001001;850;45.5038;114.449;100
1713205001001;5973;894.777;200.007;180
1713304001001;3798;666.178;189.125;150
1713601001001;1893;115.763;119.902;100
1713700001001;687;51.887;87.9895;80
1713809001001;1512;120.868;192.156;200
1713957001001;898;56.6759;110.78;100
1714203001001;2635;312.954;213.867;150
1714302001001;1229;47.6073;141.993;100
1714880001001;3012;433.975;162.284;150
1715002001001;1141;124.236;118.097;100
1715101001001;1064;114.88;185.109;130
1715150001001;689;55.3098;130.56;80
1715259001001;662;46.4094;133.906;150
1715507001001;319;22.7904;115.258;90
1715705001001;1369;61.15;145.874;130
1715754001001;2388;329.782;200.91;150
1716109003001;6591;1841.85;286.689;250
1716109003002;6908;1869.52;275.035;240
1716208001001;2922;166.118;264.524;230
1716307001001;1324;159.702;170.043;130
1716505001001;3358;687.271;379.405;300
1716604001001;3321;282.396;172.412;100
1716653001001;1518;109.011;127.801;100
1716703001001;2823;396.354;152.976;120
1717008001001;1242;78.9468;140.069;120
1717206001001;864;41.6816;140.53;100
1717503001001;2014;218.77;149.577;120
1717800001001;1321;89.0639;184.954;150
1717909001001;2040;165.033;191.781;150
1718006001001;743;44.7158;174.058;150
1718204003001;6765;1278.7;228.605;200
1718204003002;7149;1371.72;309.172;250
1718303001001;1837;142.69;91.0041;80
1718402001001;1083;110.246;142.163;100
1718451001001;722;115.034;160.582;150
1718501001001;904;65.1527;143.791;100
1718550001001;1151;53.4608;117.643;100
1718659001001;455;48.0443;147.316;150
1718709001001;787;66.2024;137.247;110
1718758001001;1690;97.7581;133.108;100
1718808001001;998;82.2798;121.246;100
1718840001001;1124;125.188;122.46;100
1718865001001;1841;240.998;167.631;150
1718881001001;818;80.3841;162.309;130
1718899001001;672;43.5859;146.505;130
1718907001001;1348;73.2832;162.645;140
1719004001001;664;58.4995;153.61;150
1720002001001;683;32.3987;105.996;80
1720101001001;1171;121.363;149.532;100
1720150001001;345;21.5513;222.906;200
1720200001001;2737;196.428;122.333;100
1720259001001;834;81.5683;146.752;120
1720309001001;1079;42.9238;118.297;70
1720499001001;1347;153.125;137.779;120
1720655001001;1546;141.045;161.13;100
1720804001001;2416;104.004;137.724;140
1720853001001;551;74.7319;139.285;100
1720903001001;4384;386.152;255.164;250
1720937001001;532;48.3798;162.652;150
1720978001001;805;94.4605;204.511;200
1721000005001;5659;2793.89;528.909;500
1721000005002;11209;5421.74;286.669;250
1721000005003;5995;2861.52;600.207;500
1721000005004;13243;6469.75;395.811;350
1721000005005;6635;2209.01;506.484;450
1721000005006;5439;1379.23;206.305;180
1721000005007;6811;2553.97;221.285;200
1721000005008;4544;588.673;206.149;200
1721000005009;5442;1825.31;227.077;200
1721000005010;4651;511.692;215.538;150
1721109001001;1666;110.199;141.874;100
1721208001001;6232;664.721;244.846;150
1721257001001;478;57.2068;225.937;200
1721307001001;646;34.6354;125.182;100
1722081001001;2931;267.568;181.72;150
1722107001001;3200;413.772;221.908;150
2100055003001;4434;846.205;169.424;150
2100055003002;4707;493.967;190.171;150
2100055003003;6989;1716.21;269.126;250
2100055003004;11475;1923.49;240.512;180
2100105001001;1305;50.1226;95.2334;100
2100154001001;2730;54.1593;100.385;70
2100204001001;6084;88.4554;167.114;150
2100303001001;5795;314.379;86.0541;70
2100402001001;2643;28.5497;95.4631;100
2100436001001;5857;355.337;138.655;100
2100477001001;7282;330.153;145.42;130
2100501001001;2657;147.51;217.336;200
2100550001001;1512;68.5419;132.741;100
2100600003001;9328;551.662;139.892;100
2100709001001;6503;91.9356;129.475;150
2100808001001;3333;102.473;229.639;150
2100832001001;3414;121.28;114.084;100
2100873001001;3057;69.8484;99.7545;100
2100907003001;10275;245.818;94.8952;70
2100956001001;7013;363.719;110.081;100
2101004001001;6948;397.115;184.698;200
2101103001001;2548;19.0795;124.886;150
2101202003001;4359;802.484;304.134;250
2101202003002;4554;212.537;89.9535;80
2101202003003;7804;902.695;159.265;150
2101202003004;9613;1093.21;194.862;150
2101251001001;3664;119.409;229.11;200
2101301001001;4224;95.0541;176.916;150
2101350001001;1398;13.7468;112.086;80
2101400003001;7486;1653.46;345.465;250
2101400003002;4909;881.911;243.3;200
2101400003003;9015;1992.96;297.692;200
2101509001001;4735;368.562;113.392;100
2101608003001;4181;13.8281;50;50
2101608003002;8875;996.503;181.345;150
2101608003003;8651;1186.48;129.695;100
2101707003001;4710;0;;
2101707003002;7542;398.053;208.602;150
2101731001001;1277;10.5291;72.847;80
2101772001001;2985;116.703;75.3563;70
2101806001001;1427;9.1024;134.025;150
2101905001001;5647;44.5232;150.142;130
2101939001001;1508;65.5777;109.76;100
2101970001001;1837;83.3519;132.166;100
2102002003001;4736;341.248;193.402;150
2102002003002;4891;90.4827;85.4822;100
2102036001001;6253;385.579;138.124;100
2102077001001;3528;32.5954;108.698;100
2102101001001;7953;192.673;114.699;100
2102150001001;1280;29.4838;114.947;100
2102200001001;6070;124.461;151.215;100
2102309001001;5720;353.048;117.829;80
2102325003001;5359;763.65;147.228;100
2102325003002;9659;853.392;103.824;100
2102358001001;3791;237.048;87.895;60
2102374001001;1772;41.3176;130.308;100
2102408001001;2594;33.9865;128.674;100
2102507001001;4321;49.1874;132.397;150
2102556001001;3534;440.242;134.073;100
2102606001001;4193;105.096;148.241;150
2102705001001;4713;109.177;147.942;150
2102754001001;2884;160.283;97.9259;80
2102804001001;6350;613.679;264.842;200
2102903001001;5083;148.87;149.582;160
2103000003001;4562;618.397;161.143;100
2103000003002;5335;548.802;170.309;130
2103000003003;4344;543.812;149.687;100
2103000003004;4102;761.303;287.175;250
2103000003005;4403;515.413;93.9821;70
2103000003006;8544;9.06938;60;60
2103000003007;9038;768.904;145.549;120
2103109001001;2605;53.593;76.5156;60
2103125001001;1987;16.8417;184.068;240
2103158001001;2598;191.737;148.901;100
2103174001001;3959;137.63;97.9391;70
2103208003001;8161;357.296;135.98;100
2103208003002;9521;927.276;191.444;150
2103257001001;3524;328.001;147.878;150
2103307003001;4809;483.681;151.801;120
2103307003002;7178;334.028;112.089;100
2103307003003;8182;1027.3;202.152;170
2103307003004;9486;274.93;111.061;100
2103406003001;4985;361.459;119.524;100
2103406003002;6153;274.502;147.263;100
2103505003001;4772;636.373;134.108;80
2103505003002;5116;185.207;118.606;80
2103554001001;3346;87.2125;123.597;100
2103604003001;5239;179.772;171.539;100
2103604003002;10731;917.292;189.167;150
2103703003001;4093;70.5511;156.467;100
2103703003002;4354;227.814;239.243;200
2103752001001;3326;263.111;108.944;100
2103802001001;6219;900.032;153.525;150
2103901001001;2387;41.6499;74.7627;100
2104008001001;4822;290.918;137.229;100
2104057003001;4352;1070.27;378.495;300
2104057003002;5908;712.122;340.837;250
2104073001001;1994;82.7235;136.63;130
2104081001001;1883;13.6343;49.2653;50
2104099001001;3884;183.354;105.636;100
2104107001001;2851;134.643;172.337;150
2104206001001;3938;202.559;74.2252;50
2104305001001;2632;113.633;262.023;200
2104404001001;4568;210.634;111.237;80
2104503001001;2583;154.02;88.0741;80
2104552001001;4264;764.214;140.862;130
2104602001001;4109;118.227;106.74;100
2104628001001;1898;93.6659;63.2659;50
2104651001001;2842;75.2821;141.853;150
2104677001001;5822;478.115;183.329;130
2104701001001;1705;61.5477;62.3879;50
2104800003001;6305;659.268;131.831;130
2104800003002;8667;947.698;188.92;150
2104909001001;3339;69.735;78.4141;50
2105005001001;5645;106.153;142.982;100
2105104001001;5786;148.103;187.263;150
2105153001001;3022;140.339;138.946;130
2105203001001;2858;228.86;110.313;100
2105302004001;4075;347.185;138.77;120
2105302004002;4357;1456.27;403.785;350
2105302004003;4373;1459.52;295.351;250
2105302004004;4284;1642.97;440.892;380
2105302004005;4761;770.009;149.899;150
2105302004006;4968;1397.91;269.148;250
2105302004007;5529;1887.87;310.723;250
2105302004008;6183;1635;220.741;220
2105302004009;6936;1493.01;219.19;200
2105302004010;5703;1270.63;207.935;190
2105302004011;8040;1737.96;257.909;180
2105302004012;9759;2111.65;238.397;200
2105351001001;3293;165.587;90.3879;70
2105401003001;6553;651.653;191.201;150
2105401003002;9186;141.34;155.366;130
2105427001001;6637;741.725;166.915;120
2105450001001;2139;32.8101;36.5797;35
2105476001001;3642;65.5319;101.464;100
2105500001001;5420;483.834;118.608;120
2105609001001;3917;128.092;91.4203;70
2105658001001;988;29.8211;77.3244;70
2105708003001;5375;715.348;152.877;150
2105708003002;6100;629.307;115.147;100
2105807001001;2594;59.8194;59.4149;60
2105906001001;3685;104.707;132.203;100
2105922001001;2687;58.3147;87.8092;50
2105948001001;2063;89.8444;121.723;100
2105963001001;2412;135.146;91.967;60
2105989001001;1837;107.207;117.802;100
2106003001001;3191;205.118;112.434;100
2106102001001;2675;139.133;100.639;80
2106201001001;1597;53.9599;134.396;100
2106300001001;4063;95.7614;147.5;130
2106326001001;4625;374.718;138.444;100
2106359001001;1759;40.1066;139.089;100
2106375001001;3099;111.848;146.067;150
2106409001001;3549;61.6916;183.029;190
2106508001001;5589;125.797;160.349;100
2106607001001;7608;189.734;98.3287;80
2106631001001;2540;69.8602;83.4933;60
2106672001001;1800;8.66497;138.977;100
2106706001001;4903;136.468;98.0275;80
2106755001001;5196;366.583;208.195;200
2106805001001;3567;90.5632;131.962;100
2106904001001;7480;97.8029;130.892;100
2107001001001;2398;163.73;98.3128;70
2107100001001;3783;88.01;177.801;200
2107209001001;2541;21.0035;96.5549;100
2107258001001;1193;39.0162;93.829;70
2107308001001;1209;61.0849;48.2739;40
2107357001001;4537;238.128;127.268;100
2107407001001;4857;241.88;132.813;100
2107456001001;3264;68.3257;112.339;100
2107506003001;4112;719.625;230.439;200
2107506003002;8634;188.288;146.759;120
2107506003003;6760;1000.62;263.147;250
2107506003004;7659;691.86;215.674;200
2107605001001;4947;55.1256;95.4583;100
2107704001001;5301;511.663;103.431;80
2107803003001;4185;320.07;110.812;100
2107803003002;4474;19.7946;50;50
2107902001001;4593;191.116;86.0093;50
2108009001001;4703;320.191;82.1983;70
2108058001001;2929;66.826;161.443;150
2108108001001;4774;227.682;125.481;100
2108207003001;4091;548.182;219.58;150
2108207003002;6653;825.219;187.96;160
2108256001001;5336;85.7493;94.1057;90
2108306001001;7917;172.828;95.0869;100
2108405001001;3601;69.7703;97.5175;95
2108454001001;5598;175.222;137.007;100
2108504001001;7796;595.197;126.511;150
2108603003001;4617;68.4476;166.285;100
2108603003002;6748;704.079;236.074;200
2108603003003;8182;875.539;190.199;190
2108702001001;5399;289.257;119.404;100
2108801001001;4178;128.722;158.871;150
2108900001001;5309;300.456;134.4;120
2109007001001;5692;743.255;292.396;250
2109056001001;1562;36.1918;102.942;100
2109106003001;6532;1305.16;236.813;200
2109106003002;5412;466.188;153.24;120
2109205001001;2495;40.9848;154.648;150
2109239001001;1479;57.0783;154.172;100
2109270001001;4017;63.5943;94.5363;80
2109304001001;2514;32.1449;134.097;120
2109403001001;2985;10.8274;94.4044;50
2109452001001;6557;210.106;148.238;120
2109502001001;5286;415.875;157.03;120
2109551001001;1913;188.866;138.788;120
2109601003001;4001;94.015;135.965;120
2109601003002;5490;551.834;214.424;200
2109700001001;1370;18.4843;107.04;100
2109759001001;1753;50.8482;61.4081;50
2109809003001;4281;224.947;167.309;150
2109809003002;4548;419.236;112.464;100
2109908003001;4125;452.114;125.682;130
2109908003002;7669;1530.23;256.875;200
2109908003003;8537;1547.34;212.924;160
2110005003001;4793;237.683;71.6762;70
2110005003002;5038;71.0661;50.0061;40
2110005003003;7691;984.111;192.71;150
2110039001001;5391;404.548;200.114;150
2110104001001;6364;189.597;123.671;100
2110203003001;7953;390.258;177.58;150
2110237001001;2500;22.0115;128.168;120
2110278001001;2606;29.9479;152.922;150
2110302001001;3717;169.912;169.018;150
2110401001001;3924;46.4695;88.9102;80
2110500003001;4704;364.773;186.196;150
2110500003002;4990;59.2303;85.7313;70
2110609001001;6289;276.916;175.761;150
2110658001001;1686;55.5409;287.02;80
2110708003001;4268;595.383;113.555;100
2110708003002;4608;221.335;91.9037;100
2110807001001;1213;9.80593;129.448;130
2110856001001;2685;213.79;115.177;100
2110906001001;3289;53.0374;84.0051;80
2111003001001;5075;58.418;191.63;120
2111029001001;2628;114.609;121.549;100
2111052001001;2876;220.657;146.695;130
2111078001001;4268;82.3187;93.5736;50
2111102001001;7038;736.638;113.828;80
2111201003001;4595;364.245;198.231;200
2111201003002;4928;342.343;195.665;200
2111201003003;4640;313.443;154.806;150
2111201003004;4028;303.484;151.492;150
2111201003005;4129;424.28;186.37;180
2111201003006;10371;1102.9;248.178;200
2111201003007;9911;1877.14;244.06;215
2111250001001;1876;40.2521;100.73;100
2111300005001;9078;2105.36;303.988;270
2111300005002;8438;1416.68;261.135;200
2111300005003;8571;2088.23;240.355;200
2111300005004;10289;2683.91;275.15;250
2111300005005;9250;1808.03;245.172;210
2111300005006;10075;1536.5;252.232;200
2111300005007;12436;2981.6;407.855;380
2111300005008;12046;2675;543.059;400
2111300005009;8475;1456.94;501.062;380
2111300005010;10517;2739;457.038;270
2111300005011;9883;1614.76;1204.66;1100
2111300005012;9946;1899.31;267.585;200
2111300005013;9905;1592.12;382.673;350
2111300005014;8474;1547.64;371.115;350
2111300005015;8718;1599.25;311.604;250
2111300005016;9799;2862.69;260.84;250
2111300005017;8410;1900.59;219.386;200
2111300005018;8480;1549.85;173.782;170
2111300005019;8713;1265.89;190.566;160
2111300005020;11944;1420.78;154.416;150
2111300005021;8900;1070.99;184.243;200
2111300005022;9464;1477.21;220.973;200
2111300005023;10565;865.041;147.139;150
2111300005024;8944;494.918;144.41;150
2111300005025;8605;855.686;179.001;150
2111300005026;8104;1573.33;217.057;200
2111300005027;10482;2124.08;279.622;260
2111300005028;10505;1803.24;190.831;150
2111300005029;9869;1204.13;156.674;140
2111409001001;5236;161.855;98.1027;90
2111508003001;4182;185.149;150.801;150
2111508003002;5657;335.254;220.422;200
2111532001001;3017;280.868;120.016;100
2111573001001;1111;75.2626;85.2437;100
2111607001001;4453;440.346;155.537;100
2111631001001;1398;29.1548;74.4749;60
2111672001001;1317;40.7185;95.1469;70
2111706001001;5162;126.197;208.269;200
2111722001001;2508;35.5571;108.272;150
2111748001001;2585;90.5303;96.4316;70
2111763001001;4588;294.977;104.044;100
2111789001001;2740;25.0458;95.1277;100
2111805001001;4107;203.378;168.339;150
2111904001001;2701;76.3164;100.448;70
2111953001001;1213;23.5373;76.4154;80
2112001001001;1946;113.412;204.151;150
2112100001001;6549;127.718;122.931;100
2112209003001;4574;444.185;125.864;120
2112209003002;4545;726.179;188.72;150
2112209003003;4351;680.595;191.679;180
2112209003004;5692;433.523;147.24;140
2112209003005;4885;880.325;171.874;150
2112209003006;8122;881.381;132.286;100
2112209003007;8500;212.255;172.842;150
2112233001001;5119;864.571;133.43;120
2112274001001;1373;49.0549;100.792;100
2112308003001;5552;483.553;139.153;80
2112308003002;4898;118.498;30.9289;30
2112407001001;7815;281.807;169.983;150
2112456001001;5222;287.107;100.483;100
2112506003001;5254;32.0837;62.1207;50
2112506003002;6119;469.474;220.835;200
2112605001001;5261;147.629;132.534;100
2112704003001;4130;0;;
2112704003002;6997;250.049;160.743;150
2112803003001;4721;358.527;237.352;180
2112803003002;7678;200.15;103.298;100
2112852001001;2745;223.178;140.03;100
2112902001001;7576;306.756;154.865;120
2113009001001;8246;605.422;113.34;100
2114007003001;4746;180.575;98.519;100
2114007003002;7168;662.488;225.239;200
2200053001001;1877;21.9353;91.8134;100
2200103001001;1536;26.6757;46.08;50
2200202001001;4733;629.837;117.924;100
2200251001001;2278;76.8185;59.9771;50
2200277001001;1492;111.355;60.1626;50
2200301001001;3965;284.153;73.6566;60
2200400003001;4161;645.731;115.128;100
2200400003002;6231;251.847;99.0652;90
2200459001001;1295;60.3238;98.1732;60
2200509001001;4879;243.288;106.233;100
2200608001001;2077;85.9684;113.681;80
2200707001001;2571;46.4642;116.976;150
2200806001001;872;39.3189;162.157;120
2200905001001;1612;43.7318;62.777;50
2200954001001;669;4.12951;81.068;80
2201002001001;1250;24.076;97.1311;100
2201051001001;1890;30.5216;79.6936;70
2201101001001;3106;131.572;94.6574;100
2201150001001;2532;130.782;184.158;180
2201176001001;1180;77.1531;44.6355;50
2201200003001;4500;21.7303;60;60
2201200003002;6834;543.813;165.509;142
2201309001001;796;20.2008;150.301;100
2201408001001;1850;132.305;138.054;120
2201507001001;6923;248.545;109.645;100
2201556001001;938;29.3605;63.6833;60
2201572001001;933;46.1219;36.5752;40
2201606001001;2775;134.713;84.8574;80
2201705001001;1462;39.1572;129.056;100
2201739001001;1580;85.2415;68.2593;60
2201770001001;1528;21.2545;80.6745;100
2201804001001;1389;54.1122;90.2691;100
2201903001001;5821;697.989;340.656;300
2201919001001;1345;55.0243;76.1077;70
2201929001001;1519;24.3549;74.5093;70
2201945001001;1619;38.0141;68.854;80
2201960001001;2184;67.4457;69.3582;70
2201988001001;1153;38.2151;67.8089;70
2202000001001;4879;227.562;98.15;80
2202026001001;2058;56.9981;63.5036;50
2202059001001;2584;28.3374;183.748;100
2202075001001;932;26.3971;75.6059;80
2202083001001;1830;60.3467;98.7789;100
2202091001001;1542;61.9296;70.7938;70
2202109001001;1642;37.5295;65.139;70
2202117001001;1262;73.6724;112.639;100
2202133001001;1614;127.464;62.2503;60
2202174001001;1686;15.6892;114.695;100
2202208003001;4698;517.434;107.768;100
2202208003002;8290;937.32;156.92;130
2202251001001;1091;13.2755;87.7498;100
2202307001001;5859;731.678;99.1022;80
2202406001001;2966;90.1204;77.7919;70
2202455001001;1147;73.4443;105.964;80
2202505001001;2701;76.1777;193.88;100
2202539001001;1455;12.2055;85.5945;80
2202554001001;1217;70.5803;67.1041;50
2202604001001;5087;488.835;90.5747;70
2202653001001;1267;23.0172;140.343;100
2202703001001;6733;426.969;83.0437;70
2202711001001;1329;60.033;73.425;80
2202729001001;1559;18.4896;98.7606;100
2202737001001;1021;21.3333;70.8718;50
2202752001001;1705;81.0954;108.321;100
2202778001001;2011;120.467;81.5642;80
2202802001001;1278;61.073;66.6115;50
2202851001001;1328;26.8428;62.6483;60
2202901001001;6695;573.648;190.772;150
2203008001001;2019;79.7434;109.768;80
2203107001001;2645;173.569;124.946;100
2203206001001;2935;155.114;111.471;100
2203230001001;1133;8.14565;168.983;90
2203255001001;1104;5.82246;35.3984;40
2203271001001;1179;63.8637;48.8985;50
2203305001001;3801;325.577;101.48;80
2203354001001;1872;76.1193;108.129;120
2203404001001;1929;119.056;92.3962;80
2203420001001;1106;56.1406;97.4097;100
2203453001001;2560;102.723;85.9816;80
2203503001001;4327;382.018;71.7316;60
2203602001001;1335;58.4837;118.203;100
2203701003001;4310;123.172;121.417;100
2203701003002;5874;775.7;149.356;130
2203750001001;1327;24.2804;63.7448;50
2203800001001;1303;43.3894;46.2239;40
2203859001001;743;41.9208;86.4896;100
2203909003001;7158;1361.81;187.55;150
2203909003002;9101;1696.51;206.412;200
2204006001001;1534;35.4408;71.5048;50
2204105001001;1326;21.4224;63.5825;55
2204154001001;795;62.6016;65.0233;60
2204204001001;2492;181.662;85.4027;80
2204303001001;3100;357.703;112.013;100
2204352001001;1572;105.343;92.383;80
2204402001001;2555;89.6482;151.426;120
2204501001001;2807;230.062;156.585;120
2204550001001;1073;49.1579;95.8598;90
2204600001001;1080;45.6468;61.0836;70
2204659001001;2204;78.453;89.7166;100
2204709001001;4175;432.595;115.693;100
2204808001001;2566;151.221;80.774;80
2204907001001;2198;72.4739;98.2472;80
2205003001001;3396;138.032;80.9128;70
2205102001001;3111;220.641;106.2;80
2205151001001;1602;87.7688;42.9233;40
2205201001001;5070;375.538;94.5314;70
2205250001001;1235;8.75066;74.786;60
2205276001001;1303;47.9854;65.7138;50
2205300001001;1238;48.6947;70.9652;60
2205359001001;817;33.8461;73.7094;60
2205409001001;3418;108.129;120.919;100
2205458001001;1271;4.41427;30;30
2205508003001;4341;78.4545;156.347;150
2205508003002;4909;254.015;153.87;100
2205516001001;1240;51.6512;61.6755;50
2205524001001;1370;29.6349;100.434;85
2205532001001;1265;16.5382;48.2525;50
2205540001001;781;31.6063;53.7142;50
2205557001001;1964;52.6971;79.1644;80
2205565001001;1164;43.7889;94.2736;70
2205573001001;1666;51.6258;41.6203;30
2205581001001;1065;28.8003;92.2587;90
2205599001001;1463;7.3898;52.8799;60
2205607001001;1577;42.7181;95.4344;80
2205706001001;7099;241.778;187.806;150
2205805001001;6519;343.53;157.219;150
2205854001001;1828;20.6821;90.356;70
2205904001001;1393;36.8204;114.249;100
2205953001001;2213;448.463;93.0979;80
2206001001001;1271;52.9329;114.716;80
2206050001001;1639;28.1729;61.9131;60
2206100001001;2690;64.3809;98.6338;100
2206209001001;7709;134.971;117.857;70
2206308001001;336;3.05813;50;50
2206357001001;1713;54.605;40.0253;30
2206407001001;2856;63.6305;130.461;100
2206506001001;2149;195.984;83.7558;80
2206605001001;2439;93.6391;126.99;100
2206654001001;1009;45.7758;91.9402;80
2206670001001;1678;30.795;49.2081;50
2206696001001;2074;7.03944;150;150
2206704001001;2101;105.901;96.2692;80
2206720001001;2204;32.3837;188.13;130
2206753001001;1234;27.7314;97.884;100
2206803001001;2066;29.9842;112.826;100
2206902001001;1939;49.5967;39.6206;40
2206951001001;914;37.8618;70.7988;60
2207009003001;4147;89.2196;85.388;80
2207009003002;6324;1202.45;142.348;120
2207108001001;756;12.5742;65.9821;50
2207207001001;2021;69.532;64.6451;60
2207306001001;1080;83.0785;73.7399;70
2207355001001;1032;68.7832;50.6776;50
2207405001001;1310;16.9894;144.285;100
2207504001001;3778;45.2191;101.25;100
2207553001001;1168;13.3458;46.7864;50
2207603001001;2477;65.468;136.721;90
2207702003001;5056;848.404;262.633;200
2207702003002;14354;1596.14;207.324;150
2207702003003;4544;493.41;176.937;143
2207702003004;7415;1103.81;229.745;200
2207702003005;7537;645.323;179.475;130
2207751001001;1118;41.1609;145.065;120
2207777001001;1832;134.184;60.3413;50
2207793001001;1032;6.78314;261.518;350
2207801001001;5551;687.155;143.532;100
2207850001001;1060;28.891;71.2304;70
2207900003001;4383;813.449;107.235;80
2207900003002;5423;317.904;72.4408;60
2207934001001;655;34.4814;73.2892;60
2207959001001;1136;50.89;105.695;100
2208007003001;4213;1367.25;262.284;230
2208007003002;7972;1526.09;142.473;120
2208007003003;9102;2197.97;179.271;150
2208106001001;3191;123.344;76.1156;60
2208205001001;4915;562.598;111.897;100
2208304001001;7744;844.657;105.319;80
2208403003001;4320;354.557;67.2956;60
2208403003002;5964;1148.42;163.936;150
2208403003003;6745;748.661;85.3742;80
2208502001001;2791;82.4619;79.3358;80
2208551001001;677;31.656;73.777;70
2208601001001;891;22.0363;84.9094;100
2208650001001;2193;108.633;90.2997;70
2208700001001;2057;66.6165;135.565;140
2208809001001;4949;251.667;103.439;70
2208858001001;1123;55.9304;82.5212;70
2208874001001;1224;28.584;53.5082;60
2208908001001;1658;67.789;207.305;200
2209005001001;1865;69.5317;80.6373;75
2209104001001;1682;342.035;109.773;100
2209153001001;1054;25.6945;95.9601;60
2209203001001;1531;64.2219;129.031;100
2209302001001;1466;32.5213;75.2083;80
2209351001001;1419;6.20053;83.1092;100
2209377001001;1551;22.6759;66.616;80
2209401001001;1784;183.33;78.556;70
2209450001001;533;1.78813;150;150
2209500001001;1126;52.1081;72.9192;60
2209559001001;1234;7.09201;40;40
2209609001001;960;16.2786;102.455;50
2209658001001;1504;64.0094;91.0988;70
2209708001001;1818;67.9672;79.5503;70
2209757001001;723;38.6613;119.196;100
2209807001001;1342;22.7516;92.7535;90
2209856001001;1376;79.6974;85.461;80
2209872001001;1516;115.32;71.4577;70
2209906001001;1791;90.2587;73.6643;70
2209955001001;1268;37.8673;96.7481;90
2209971001001;1926;81.9475;59.5987;50
2210003001001;5379;615.708;152.604;120
2210052001001;1389;55.4143;80.8454;60
2210102001001;1066;22.4603;86.0044;100
2210201001001;1930;95.2239;64.767;50
2210300001001;1739;144.363;84.5087;80
2210359001001;1298;28.139;79.864;80
2210375001001;746;11.3602;60.3543;50
2210383001001;622;20.1111;78.0217;80
2210391001001;818;24.4575;63.9388;60
2210409001001;4983;202.731;66.4836;65
2210508001001;3772;115.048;92.9191;100
2210607003001;4004;166.655;117.853;100
2210607003002;5307;1018.34;180.75;130
2210623001001;896;23.9319;183.041;170
2210631001001;1138;5.55756;97.0261;60
2210656001001;2758;108.681;92.1983;80
2210706001001;3667;304.886;100.948;90
2210805001001;3429;412.362;142.557;100
2210904001001;1282;22.3525;66.2345;70
2210938001001;1812;114.856;78.5568;80
2210953001001;761;48.3461;56.0153;50
2210979001001;809;30.6873;62.3773;60
2211001003001;8581;1523.14;413.809;300
2211001003002;8529;1091.93;346.839;300
2211001003003;8094;716.294;152.955;140
2211001003004;8606;257.95;114.515;100
2211001003005;10064;1830.31;304.349;280
2211001003006;39573;3584.25;176.845;160
2211001003007;34912;4436.58;184.725;150
2211001003008;8279;696.581;188.11;150
2211001003009;8610;1885.86;329.092;300
2211001003010;9407;1681.35;281.785;250
2211001003011;23146;3568.28;251.604;240
2211001003012;8381;1994.74;374.806;300
2211001003013;8803;1210.14;221.986;200
2211001003014;9221;678.13;190.446;180
2211001003015;11870;1378.98;209.493;200
2211001003016;18112;2602.77;709.608;616
2211100003001;4000;43.0095;90.8324;100
2211100003002;6847;219.408;150.99;100
2211209001001;5254;443.726;250.348;200
2211308001001;6153;814.722;100.109;80
2211357001001;1280;38.369;71.9219;50
2211407001001;1382;25.4938;66.5698;60
2211506001001;924;22.3051;37.2555;35
2211605001001;937;44.4322;89.1862;100
2211704001001;1151;83.0269;50.1026;50
2300101001001;2791;206.565;95.4675;80
2300150001001;4186;348.564;105.451;80
2300200003001;6722;548.162;96.0507;100
2300200003002;8036;835.66;190.368;100
2300309003001;6950;2032.08;113.544;90
2300309003002;8134;345.526;59.7983;50
2300408001001;4451;505.963;82.3533;60
2300507001001;2859;121.08;87.9965;100
2300606001001;2093;227.345;61.3652;50
2300705001001;4609;523.472;137.658;130
2300754003001;4079;89.9918;127.721;100
2300754003002;5740;904.625;106.181;100
2300804001001;2005;307.325;69.0561;70
2300903001001;3895;278.436;89.6731;70
2301000003001;4615;247.308;105.683;100
2301000003002;6742;427.688;138.567;100
2301000003003;8697;987.94;215.667;180
2301109003001;4254;294.068;304.478;200
2301109003002;5882;716.177;182.127;130
2301109003003;9756;1062.1;249.926;200
2301208001001;7052;516.269;104.459;100
2301257001001;3085;167.58;76.5976;60
2301307001001;5570;470.619;87.2852;70
2301406001001;2924;228.159;128.896;100
2301505001001;2113;241.184;81.1333;70
2301604001001;6415;915.105;113.039;100
2301703001001;7129;931.135;104.025;80
2301802001001;1718;151.508;84.7538;70
2301851001001;4587;447.191;107.756;100
2301901003001;7306;595.884;99.6345;80
2301901003002;7413;1793.53;205.281;150
2301950001001;5545;426.386;106.486;80
2302008001001;6110;686.865;86.4913;80
2302057001001;3707;370.729;85.8141;70
2302107003001;4026;357.258;89.446;80
2302107003002;5185;1131.84;176.471;150
2302206003001;5175;662.403;202.704;200
2302206003002;8968;192.184;120.5;100
2302305003001;8079;690.249;110.104;100
2302404003001;7456;1273.75;126.426;100
2302404003002;7756;653.645;77.2874;70
2302503003001;5073;1613.89;175.047;120
2302503003002;7068;1157.34;99.3899;80
2302602003001;7063;1811.19;159.614;130
2302602003002;8703;1155.76;99.8942;90
2302701001001;7638;1518.46;110.053;100
2302800003001;4666;131.969;56.0389;50
2302800003002;7330;1032.46;113.172;100
2302800003003;8090;1659.26;152.216;150
2302909001001;4597;315.938;113.063;80
2303006001001;5251;480.488;93.526;80
2303105001001;5113;248.573;100.513;100
2303204001001;7078;1047.54;105.464;100
2303303001001;5541;514.722;87.5564;80
2303402001001;4575;401.513;105.735;80
2303501003001;4146;182.657;114.88;100
2303501003002;5854;875.539;186.593;160
2303501003003;8882;1264.24;129.094;120
2303600001001;5028;720.551;91.0381;85
2303659001001;2750;314.822;66.5921;50
2303709005010;5028;840.602;189.216;180
2303709005012;6329;722.084;128.785;120
2303709005017;5424;818.191;170.608;150
2303709005019;6325;914.965;320.709;300
2303709005030;6993;1028.1;159.526;150
2303709005036;5649;917.113;142.959;140
2303709005041;4430;855.933;293.837;335
2303709005043;5723;522.859;164.165;150
2303709005046;8072;481.402;122.05;100
2303709005047;8088;1476.73;156.122;150
2303709005048;6847;1746.25;197.587;200
2303709005049;5234;947.544;146.82;150
2303709005053;10518;2374.38;170.202;150
2303709005054;5433;1190.65;144.616;150
2303808001001;7244;963.708;103.938;80
2303907001001;3216;196.717;73.0217;60
2303931001001;3288;110.061;113.64;100
2303956001001;5491;589.939;102.969;90
2304004001001;5942;581.423;96.8534;60
2304103003001;4306;1227.56;140.236;110
2304103003002;4427;924.504;103.133;100
2304103003003;6014;1740.69;149.7;120
2304103003004;7086;96.2382;42.3909;40
2304202003001;4435;238.68;86.9567;80
2304202003002;4120;752.44;171.075;100
2304202003003;4584;530.531;123.846;90
2304202003004;4615;1514.22;140.752;130
2304202003005;8130;2750.43;221.209;200
2304202003006;8265;2698.21;243.402;200
2304236001001;4848;403.529;92.91;70
2304251001001;6205;647.68;125.852;100
2304269001001;2771;215.183;77.0914;60
2304277001001;1891;187.399;79.7031;70
2304285003001;6410;759.19;202.041;170
2304285003002;6389;976.541;190.012;150
2304301001001;5402;603.582;98.7656;80
2304350001001;6183;1434.34;108.382;100
2304400005002;13771;2600.69;733.278;700
2304400005006;20373;5729.04;187.511;170
2304400005009;15149;4937.7;218.7;200
2304400005010;12146;6261.3;360.947;308
2304400005011;14901;3408.09;509.488;400
2304400005012;12121;2537.45;181.819;180
2304400005016;10289;2380.25;480.625;440
2304400005017;14893;5096.67;192.499;180
2304400005018;11910;4446;310.485;300
2304400005019;9897;3672.9;325.54;300
2304400005022;12336;3187.37;452.885;400
2304400005024;12792;3580.92;903.194;800
2304400005027;13703;3619.79;537.991;450
2304400005029;10020;3309.27;358.456;350
2304400005033;13349;4118.28;336.562;300
2304400005034;12423;4456.15;334.437;330
2304400005035;8598;1997.14;330.351;300
2304400005037;19137;4173.46;230.648;200
2304400005039;21628;5228.86;233.187;210
2304400005040;11418;4128.93;245.298;250
2304400005041;9447;2844.58;203.285;180
2304400005044;16849;4493.35;192.103;180
2304400005045;13093;4048.09;232.117;210
2304400005048;13209;3487.7;218.864;200
2304400005049;8832;1163.3;312.106;250
2304400005050;14098;3272.84;186.412;150
2304400005051;15492;2841.24;263.926;212
2304400005058;9306;2069.39;553.98;500
2304400005061;13881;2391.97;181.935;180
2304400005062;13715;3317.43;291.785;230
2304400005063;12459;2302.01;234.469;220
2304400005064;14545;2098.39;379.869;250
2304400005065;12293;2975.2;273.548;250
2304400005072;10481;2702.83;167.411;150
2304400005073;11769;3676.71;209.212;200
2304400005074;14578;3309.13;159.783;150
2304400005076;10231;2224.41;192.672;195
2304400005078;14643;2938.25;157.013;150
2304400005079;17555;4088.95;181.91;160
2304400005081;14216;3767.63;250.771;220
2304400005083;22149;4864.04;199.362;180
2304400005084;12364;2513.2;251.772;250
2304400005088;15091;2512.96;227.426;200
2304400005089;9769;2171.46;247.625;250
2304400005090;9261;1559.46;139.112;140
2304400005094;9066;2970.78;246.961;230
2304400005098;10490;2120.59;244.92;235
2304400005101;8962;2829.06;273.443;250
2304400005103;11693;4571.41;283.211;265
2304400005105;15460;4900.38;268.154;250
2304400005106;11880;2416.24;212.438;200
2304400005107;15363;3624.91;248.116;200
2304400005109;10766;3091.51;271.1;250
2304400005116;11093;2358.12;166.125;150
2304400005118;9500;842.822;138.955;130
2304459001001;4182;281.344;107.118;100
2304509001001;3761;736.61;92.791;75
2304608001001;1579;198.606;95.5861;80
2304657001001;4291;236.024;76.314;50
2304707003001;6336;64.0422;41.7139;40
2304707003002;6910;412.574;122.285;100
2304806001001;1175;86.2898;78.3117;50
2304905001001;3014;602.34;79.6992;70
2304954001001;6408;617.39;106.209;100
2305001003001;4421;59.7522;54.1581;50
2305001003002;5809;837.874;171.397;150
2305100001001;1076;125.303;206.077;170
2305209001001;5621;599.2;73.6774;60
2305233003001;5740;1463.67;150.841;140
2305233003002;9988;2741.95;136.583;120
2305266001001;3456;243.292;97.3549;80
2305308001001;6473;683.355;136.466;130
2305332001001;3231;336.976;99.9564;80
2305357001001;5261;312.173;135.24;100
2305407003001;6629;1867.44;155.329;130
2305407003002;11649;564.341;86.5195;80
2305506003001;3862;144.032;66.7721;60
2305506003002;4103;1573.81;204.719;160
2305506003003;3984;678.229;80.0329;80
2305506003004;4191;1512.69;127.061;120
2305506003005;5748;2153.16;178.897;160
2305506003006;6977;1220.59;123.956;120
2305605001001;7533;755.583;101.383;100
2305654001001;3494;230.291;68.7175;70
2305704001001;3546;550.584;103.469;100
2305803003001;5517;766.417;162.781;120
2305803003002;5811;782.014;97.8969;100
2305902003001;5396;877.178;104.562;80
2305902003002;5575;34.5322;70.9008;60
2306009001001;3998;618.567;98.9185;90
2306108001001;5617;649.946;115.025;100
2306207001001;2307;78.7152;127.501;100
2306256003001;4584;500.867;131.099;120
2306256003002;6011;606.034;133.071;120
2306306003001;5471;280.37;75.6445;70
2306306003002;7506;2294.74;126.391;120
2306405003001;4360;1407.21;164.469;130
2306405003002;4483;104.591;66.4047;70
2306405003003;4181;610.093;152.274;100
2306405003004;6668;70.1802;82.0198;50
2306405003005;10368;2924.53;150.7;120
2306504001001;4945;469.523;94.7559;80
2306553003001;4190;398.37;107.378;100
2306553003002;4778;287.614;151.105;100
2306603001001;4794;309.395;98.9827;100
2306702001001;5190;369.349;107.319;80
2306801001001;2867;288.853;117.195;120
2306900003001;4316;362.577;72.4732;70
2306900003002;5852;1505.06;131.319;100
2307007003001;3976;192.019;78.5183;80
2307007003002;5697;616.779;138.558;120
2307106001001;6845;552.697;128.22;100
2307205001001;2192;174.425;93.2529;80
2307254001001;4890;887.438;240.059;180
2307304005000;4452;470.793;120.63;100
2307304005001;4318;1475.16;280.348;250
2307304005003;4733;1668.81;225.466;200
2307304005012;6270;1786.08;127.533;120
2307304005014;6798;2850.61;183.762;170
2307304005015;4290;1664.19;207.621;180
2307304005016;6191;2753.82;179.562;155
2307304005018;4816;1710.52;127.418;120
2307304005019;6548;2718.11;196.105;150
2307304005022;5767;2171.51;245.052;200
2307304005029;4546;1526.42;268.508;200
2307304005032;4583;1146.38;204.831;200
2307304005035;6656;1533.87;136.811;100
2307403001001;6784;841.839;95.8175;80
2307502003001;3964;254.915;66.395;60
2307502003002;4735;892.456;107.095;80
2307601003001;8457;1952.45;189.99;170
2307601003002;8777;979.539;115.172;100
2307635001001;4826;379.616;124.882;100
2307650005004;5500;1019.34;168.244;150
2307650005005;4297;846.317;165.711;160
2307650005006;4049;864.159;172.055;170
2307650005009;5578;1133.55;227.856;200
2307650005010;5511;1183.34;191.087;180
2307650005014;4836;562.21;143.47;150
2307650005020;4625;664.413;135.009;130
2307650005029;6745;1359.91;149.78;150
2307650005033;4560;785.061;160.645;150
2307650005038;5807;1521.87;149.544;150
2307650005045;6545;900.562;132.344;120
2307700003001;4412;224;82.4173;70
2307700003002;4451;939.401;214.041;180
2307700003003;5021;1118.02;176;150
2307700003004;7367;1343.83;153.051;140
2307700003005;8052;654.526;88.27;90
2307809001001;6032;760.942;114.516;100
2307908001001;2716;385.029;67.1658;60
2308005003001;4650;987.374;138.615;120
2308005003002;4629;250.831;68.607;70
2308104003001;4296;581.195;119.069;80
2308104003002;7369;704.914;90.1018;80
2308203001001;3531;227.01;130.622;120
2308302001001;7878;1087.75;106.913;80
2308351001001;3848;345.695;119.297;100
2308377001001;3241;261.521;70.9373;50
2308401003001;4150;212.496;72.4221;70
2308401003002;4941;1026.71;131.534;100
2308500003001;4169;336.529;95.1527;80
2308500003002;7884;1237;120.262;100
2308609001001;4780;689.491;77.7502;60
2308708003001;7281;720.549;112.543;90
2308708003002;11012;988.582;121.133;100
2308807001001;2129;102.151;76.2249;60
2308906001001;5346;800.839;103.807;80
2309003001001;4230;867.78;73.1994;65
2309102001001;2935;208.053;126.869;120
2309201001001;3988;722.818;74.4379;60
2309300003001;4080;951.657;126.915;100
2309300003002;5273;338.817;56.9022;50
2309409001001;8041;419.865;64.0055;50
2309458001001;6804;257.581;101.798;100
2309508001001;6571;739.877;88.7334;80
2309607003001;7920;1410.54;165.597;150
2309607003002;9698;2011.3;157.878;150
2309706003001;4305;224.606;117.198;100
2309706003002;6195;900.227;157.022;150
2309706003003;8294;787.337;121.457;100
2309805001001;3072;208.012;206.368;180
2309904001001;1756;193.892;69.2917;50
2310001001001;2615;55.0675;114.205;100
2310100001001;3087;198.76;125.311;100
2310209003001;4172;513.306;186.371;150
2310209003002;4598;565.174;148.485;150
2310258003001;8232;775.613;135.942;120
2310308003001;4918;786.62;91.5354;100
2310308003002;4093;369.349;82.0503;80
2310407001001;3025;282.035;101.46;90
2310506003001;4102;966.85;112.132;90
2310506003002;7861;506.688;76.4828;60
2310605001001;2302;290.141;113.535;80
2310704003001;4156;460.489;127.267;100
2310704003002;5732;564.192;148.802;120
2310803001001;4366;419.06;99.9581;90
2310852001001;5365;526.117;157.666;150
2310902001001;4456;640.533;77.4742;60
2310951001001;2790;77.4128;80.0089;80
2311009001001;3409;296.82;67.6057;50
2311108001001;4150;313.439;99.7164;80
2311207001001;2837;401.233;90.3772;80
2311231001001;1714;247.959;101.823;100
2311264001001;5724;454.975;73.8537;70
2311306003001;4306;1401.75;211.994;200
2311306003002;8714;321.016;94.6223;80
2311306003003;9372;2313.7;194.004;150
2311355001001;4668;225.518;88.1756;70
2311405003001;4062;1466.55;152.647;140
2311405003002;8220;1487.61;167.226;130
2311405003003;8356;497.135;92.1235;100
2311504001001;5903;640.927;98.8922;100
2311603001001;7450;811.589;134.492;100
2311702001001;5594;643.741;86.9335;80
2311801003001;4204;936.059;172.675;150
2311801003002;7727;787.651;128.717;120
2311801003003;8562;1621.36;173.437;150
2311900001001;4511;524.267;70.5285;60
2311959001001;3937;220.338;87.6673;70
2312007001001;7528;807.902;118.435;100
2312106001001;4527;291.681;88.2908;70
2312205003001;5437;650.027;84.7638;70
2312205003002;6436;1048.95;110.404;80
2312304003001;5714;565.036;139.268;120
2312304003002;6427;595.155;168.347;170
2312403003001;4107;344.851;162.055;150
2312403003002;7949;1076.61;157.022;130
2312502001001;2586;123.638;141.679;120
2312601001001;3592;294.373;111.599;100
2312700001001;7968;1273.97;128.57;120
2312809001001;1832;136.213;91.8471;80
2312908003001;4841;1184.16;195.561;150
2312908003002;7437;2906.06;278.517;250
2312908003003;4630;1757.63;188.265;170
2312908003004;4746;2100.46;399.055;370
2312908003005;4595;1368.01;269.678;240
2312908003006;4403;1138.11;126.625;120
2312908003007;4929;393.085;87.7516;80
2312908003008;6776;625.974;91.8771;80
2312908003009;8854;2945.97;192.16;170
2313005001001;5322;378.446;130.021;100
2313104003001;4177;831.853;150.05;150
2313104003002;4993;709.914;101.143;100
2313203001001;6928;659.025;92.2625;80
2313252001001;2494;158.996;71.4526;70
2313302003001;5872;821.373;82.0667;80
2313302003002;10458;2493.07;128.401;100
2313351001001;4304;336.842;80.0104;80
2313401003001;4043;258.744;132.87;100
2313401003002;7344;1444.36;183.724;150
2313401003003;6915;1152.38;196.91;170
2313500003001;6663;415.488;115.613;80
2313500003002;6766;244.268;128.955;130
2313559001001;3827;200.981;82.8387;70
2313609003001;8800;929.884;163.851;150
2313708001001;2160;80.7324;107.574;100
2313757001001;4790;487.618;82.1118;70
2313807001001;5281;947.791;110.681;100
2313906001001;3560;191.814;77.9793;60
2313955001001;4900;867.555;102.159;80
2314003003001;4076;1189;100.81;100
2314003003002;7502;657.202;85.2112;80
2314102003001;6682;729.318;167.474;120
2314102003002;6899;70.3957;93.3428;90
2400109001001;3330;446.454;148.199;127
2400208003001;6666;530.201;142.814;140
2400208003002;8257;1475.81;230.784;200
2400307001001;2948;242.75;140.766;100
2400406001001;796;57.6343;90.4394;80
2400505001001;3945;749.784;133.985;120
2400604001001;1442;143.938;81.7868;80
2400703001001;3601;619.226;218.732;200
2400802001001;3277;382.567;148.08;120
2400901001001;2098;149.408;79.894;60
2401008003001;4603;1094.14;139.491;125
2401008003002;5436;382.489;90.5961;80
2401107001001;7285;1687.56;179.199;150
2401206001001;3467;280.944;156.176;150
2401305001001;2614;274.731;117.96;100
2401404001001;2194;214.383;214.383;150
2401453001001;6770;1033.05;101.895;100
2401503001001;1142;119.163;112.748;100
2401602001001;1311;50.4764;100.47;100
2401651001001;695;26.6477;99.7176;100
2401701001001;2696;278.164;92.4121;80
2401800001001;3297;428.271;113.734;100
2401859001001;1614;150.007;109.481;100
2401909001001;895;90.4055;99.3019;100
2402006003001;4498;1182.82;235.653;180
2402006003002;6637;1571.97;146.884;140
2402006003003;7946;2513.51;229.403;200
2402105001001;2877;275.461;83.5495;70
2402204001001;7728;683.195;193.039;150
2402303001001;5919;730.737;106.25;80
2402402001001;2264;223.034;97.1276;100
2402501001001;2773;181.944;122.269;100
2402600003001;4343;893.114;191.949;180
2402600003002;4655;842.965;177.919;150
2402600003003;8466;389.747;129.767;100
2402709001001;3056;201.306;119.947;100
2402808001001;1575;97.8195;92.0875;100
2402907001001;1275;58.366;68.2994;70
2403004001001;2472;287.128;96.1179;80
2403103003001;6320;1621.94;228.815;180
2403103003002;6240;856.617;159.949;120
2403202001001;1778;140.113;111.439;100
2403251005001;7033;1657.4;303.531;250
2403251005002;4166;894.522;266.701;200
2403251005003;6737;1781.4;325.776;300
2403251005004;5849;1809.92;256.891;250
2403251005005;4748;876.448;192.175;170
2403251005006;7612;1977.03;251.549;235
2403251005007;5199;1623.29;483.033;420
2403251005008;4711;1626.32;395.382;350
2403251005009;5961;1828.7;512.462;500
2403251005010;4498;730.324;165.555;150
2403251005011;4646;941.914;359.835;300
2403301001001;1482;227.507;87.4988;90
2403400001001;1730;208.722;93.139;80
2403509001001;2960;157.144;89.7851;90
2403608001001;6532;749.972;191.03;170
2403707001001;1681;242.989;100.217;90
2403756001001;856;54.6793;120.68;100
2403806001001;2548;248.864;118.093;100
2403905001001;838;70.7255;100.521;100
2404002001001;1302;283.958;88.7473;80
2404101001001;578;36.5288;176.272;150
2404200001001;5610;585.462;215.518;150
2404309001001;3469;239.861;127.844;120
2404408001001;2830;255.975;139.024;130
2404507001001;3332;696.713;273.845;250
2404606001001;3353;170.081;98.7744;70
2404705001001;3791;253.11;94.5232;100
2404804001001;642;94.1343;96.1874;90
2404853001001;1887;198.628;114.526;100
2404903001001;1676;169.263;83.4955;70
2405009001001;2323;286.177;106.01;100
2405108001001;1867;146.57;119.98;100
2405207001001;1518;115.645;101.325;100
2405306001001;2469;130.493;106.883;100
2405405001001;1601;112.341;76.0852;70
2405504001001;732;21.8527;104.554;80
2405603001001;3862;767.132;141.959;130
2405702001001;3863;469.3;123.399;110
2405801003001;8572;893.173;168.567;150
2405900001001;752;46.7517;65.1565;50
2406007001001;1808;194.671;95.0268;100
2406106001001;5297;657.339;123.368;100
2406155001001;1046;39.6695;85.9626;80
2406205001001;1690;110.673;90.6915;80
2406304001001;1960;96.4921;103.849;100
2406403001001;755;38.5634;96.5616;100
2406502001001;3688;209.742;141.78;120
2406601001001;2094;150.031;100.804;100
2406700001001;2960;297.959;106.083;90
2406809001001;1314;77.4764;95.6871;90
2406908001001;1062;84.2812;90.804;80
2407005001001;2604;311.347;95.6276;100
2407104003001;7379;1174.26;179.915;150
2407104003002;12235;1249.28;146.979;130
2407203003001;3980;737.437;186.651;150
2407203003002;4577;1156.73;247.124;250
2407252001001;1004;205.417;107.508;100
2407302001001;2400;217.94;77.7634;70
2407401001001;2415;303.2;151.245;120
2407500001001;2629;195.59;200.164;150
2407609001001;1184;213.764;90.9081;80
2407708001001;3103;266.65;111.792;100
2407807001001;5718;593.289;176.042;130
2407906001001;655;33.8774;124.965;120
2408003005001;4631;1403.24;311.571;300
2408003005002;4596;1024.16;208.127;200
2408003005003;5479;1475.1;261.726;250
2408003005004;5160;1254.93;308.986;250
2408003005005;5082;943.603;176.928;180
2408003005006;5578;1326.66;163.714;150
2408003005007;4996;1152.61;237.127;180
2408003005008;5910;1823.2;228.913;200
2408003005009;8264;2382.94;299.165;200
2408003005010;7009;1743.83;276.896;250
2408003005011;5425;1337.37;255.617;200
2408003005012;5303;1270.08;226.66;200
2408003005013;6678;292.664;102.212;100
2408102004001;8873;1853.82;693.272;700
2408102004002;8129;1702.06;147.347;150
2408102004003;8815;1527.78;164.547;150
2408102004004;24049;6100.23;373.885;300
2408102004005;8554;1510.74;198;180
2408102004006;8858;2988.12;680.458;590
2408102004007;9090;2203.96;435.076;250
2408102004008;8954;1632.12;209.408;200
2408102004009;8441;1902.9;223.954;200
2408102004010;8484;2128.81;173.383;150
2408102004011;9319;2371.66;722.11;520
2408102004012;9608;2718.53;478.947;350
2408102004013;8745;2978.48;405.216;300
2408102004014;9088;2720.07;201.319;200
2408102004015;8392;2166.22;253.849;240
2408102004016;9201;2166.27;198.953;180
2408102004017;10654;2677.32;556.234;450
2408102004018;9040;3342.95;315.556;300
2408102004019;8356;2873.99;230.975;200
2408102004020;9802;3059.54;245.643;220
2408102004021;8449;2773.29;238.433;220
2408102004022;12673;3760.95;225.734;200
2408102004023;21677;5449.38;236.04;230
2408201001001;6946;466.267;152.045;150
2408300003001;5819;1152.11;159.917;140
2408300003002;4055;281.454;125.254;100
2408409001001;1291;133.544;78.5823;80
2408508001001;1389;130.274;107.812;100
2408607001001;1123;41.5961;66.5378;50
2408706001001;1112;120.993;89.4924;80
2408805001001;1216;69.1174;102.73;100
2408904001001;6104;974.267;154.813;120
2408953001001;2595;107.694;133.4;100
2409100001001;3073;306.117;120.374;100
2409209001001;845;39.1455;79.9326;85
2409308001001;3661;770.552;106.781;80
2409332001001;1315;201.176;105.858;100
2409407003001;8145;1882.63;194.046;170
2409506001001;915;68.8962;100.362;100
2409605001001;668;16.7262;103.462;100
2409704001001;1993;132.239;119.855;100
2409803001001;3830;358.257;147.968;130
2409902001001;3866;357.595;171.419;150
2410009001001;960;113.297;84.0143;80
2410108001001;3383;200.837;107.02;100
2410207001001;2143;223.753;158.064;130
2410256001001;1455;135.215;144.979;150
2410306001001;2319;226.202;108.333;100
2410405001001;2162;119.767;106.849;100
2410504001001;1350;152.7;95.24;100
2410603001001;959;81.4094;74.7618;70
2410702001001;920;63.8286;83.8717;60
2410801001001;1226;58.3358;107.246;100
2410900001001;1851;145.66;76.3328;70
2411007001001;1245;213.875;94.5742;80
2411056001001;1030;108.214;191.773;180
2411106001001;969;57.9191;101.188;100
2411205003001;4283;465.39;129.081;100
2411205003002;5678;1253.48;135.399;100
2411403001001;4050;203.388;146.629;140
2411429001001;728;49.046;87.8739;100
2411502001001;6398;726.032;144.22;130
2411601001001;798;22.1502;170.455;150
2411700001001;1028;53.9937;88.8235;80
2411809001001;1003;74.3549;91.9714;80
2411908001001;1172;177.173;71.8583;60
2412005003001;4375;1070.84;184.136;180
2412005003002;4625;1413.03;214.758;200
2412005003003;6878;1125.43;177.401;170
2412005003004;8628;1716.41;187.902;180
2412104001001;1842;348.253;138.918;120
2412203003001;6021;1019.51;198.715;180
2412203003002;4861;540.801;145.869;130
2412302001001;3451;398.844;97.8712;100
2412401001001;1249;127.796;136.736;125
2412500001001;6218;1098.33;118.775;100
2412559001001;2216;170.158;214.433;200
2412609001001;4561;592.197;165.477;150
2412708001001;1729;130.224;119.955;120
2412807001001;2418;144.933;91.8031;100
2412906001001;3149;284.833;120.568;120
2413003001001;1813;126.42;96.7967;80
2413102001001;1551;95.9814;83.3617;80
2413201001001;1044;88.9525;167.469;100
2413300001001;1586;86.7506;98.8417;100
2413359001001;2821;250.503;124.523;120
2413409001001;2157;273.759;167.178;150
2413508001001;1789;61.4101;117.776;100
2413557001001;1372;137.396;90.6121;80
2413607001001;1732;78.9592;74.995;70
2413706001001;1427;129.929;76.2573;70
2413805001001;690;88.099;81.9418;80
2413904001001;3056;191.795;134.135;130
2414001001001;3937;518.646;115.944;100
2414100001001;2663;432.958;170.099;150
2414159001001;1544;221.884;78.5573;70
2414209001001;3247;662.849;344.841;300
2414308001001;677;67.015;95.0355;80
2414407001001;7941;256.451;171.648;150
2414456001001;925;119.137;90.4694;90
2414506001001;3134;378.324;129.246;100
2414605001001;3714;163.898;116.85;100
2414704001001;1548;115.509;130.262;100
2414753001001;932;39.2094;51.7357;50
2414803001001;2789;200.271;99.0572;100
2414902001001;481;45.7108;84.4358;60
2415008001001;690;95.3947;130.636;130
2500106001001;2562;196.976;95.7733;70
2500205001001;1660;167.983;71.4214;60
2500304003001;8025;910.787;109.462;100
2500403001001;5435;535.154;122.165;100
2500502001001;3703;288.506;126.865;120
2500536001001;1567;90.7007;77.2526;70
2500577001001;676;29.7366;77.1707;70
2500601001001;5089;714.589;118.015;100
2500700001001;5396;522.227;134.539;130
2500734001001;636;52.7989;81.1507;80
2500775001001;2209;185.34;130.342;120
2500809001001;5017;285.174;108.616;100
2500908001001;3918;418.952;103.555;100
2501005001001;5262;400.547;121.452;100
2501104001001;6381;702.459;171.198;130
2501153001001;488;22.8299;56.7614;50
2501203001001;1964;254.356;116.856;100
2501302001001;5434;332.143;100.833;100
2501351001001;1046;206.275;78.0864;70
2501401001001;2108;96.4213;171.103;150
2501500001001;5960;244.678;131.143;100
2501534001001;1300;115.199;75.6992;80
2501575001001;2431;46.6089;93.9624;80
2501609001001;4199;219.143;81.2496;75
2501708001001;1635;143.321;119.762;100
2501807003001;4382;1127.21;172.33;150
2501807003002;5186;669.605;125.794;120
2501807003003;7545;1494.85;161.081;150
2501807003004;10894;2170.78;182.803;150
2501906001001;5180;684.966;136.078;120
2502003001001;1974;349.909;105.082;100
2502052001001;803;28.8224;93.6538;100
2502102001001;1496;144.935;69.4772;60
2502151001001;1737;125.035;135.445;130
2502201001001;699;48.3449;76.8144;60
2502300001001;1517;117.027;75.0945;70
2502409001001;2814;471.967;115.622;100
2502508001001;4868;525.538;131.542;100
2502607001001;1736;187.899;67.8474;60
2502706001001;1404;77.1505;103.989;100
2502805001001;3632;795.418;135.046;120
2502904001001;1830;418.923;101.431;100
2503001001001;5477;745.975;124.353;100
2503100001001;1515;73.4424;103.976;100
2503209003001;4197;791.444;239.476;200
2503209003002;6225;1310.24;440.033;350
2503209003003;6908;1491.64;263.587;250
2503308001001;2609;267.029;102.735;100
2503407001001;1033;129.366;94.4393;100
2503506001001;4626;255.257;94.409;80
2503555001001;1810;48.3523;53.4086;50
2503605001001;2105;163.087;83.6198;80
2503704003001;3962;1085.71;209.378;150
2503704003002;6383;953.817;158.597;150
2503704003003;7160;2491.16;215.394;180
2503753001001;827;73.3205;103.528;100
2503803001001;1707;121.476;95.4613;80
2503902001001;1862;115.953;81.8978;70
2504009005001;6098;2541.93;378.192;300
2504009005002;5325;1271.23;309.059;250
2504009005003;4715;917.281;208.496;180
2504009005004;5234;1608.48;265.641;200
2504009005005;6536;1702.86;342.53;300
2504009005006;4735;1262.13;174.366;150
2504009005007;5001;1026.74;179.071;160
2504009005008;4457;475.786;232.548;180
2504009005009;4747;957.682;187.185;150
2504009005010;4543;1182.2;204.458;200
2504009005011;4855;1608.85;238.101;200
2504009005012;4620;941.32;362.594;300
2504009005013;4703;770.75;182.811;150
2504009005014;4690;944.344;241.895;250
2504009005015;4902;1178.98;228.533;220
2504009005016;5135;1411.53;231.913;200
2504009005017;9129;1062.57;193.329;180
2504009005018;7805;1161.73;169.867;160
2504009005019;5574;866.184;186.957;150
2504009005020;5353;703.861;118.36;120
2504009005021;4923;497.945;135.029;120
2504033001001;1461;87.3473;75.7999;80
2504074001001;1197;66.8629;78.8065;70
2504108001001;593;51.9654;94.9238;100
2504157001001;1948;95.6072;73.9037;60
2504207001001;1307;169.839;96.0774;90
2504306003001;4079;509.271;144.011;120
2504306003002;4237;1075.52;181.087;150
2504355001001;1329;47.9044;78.6655;70
2504405001001;5159;673.101;114.504;100
2504504001001;1911;222.561;85.5924;80
2504603001001;5848;653.511;172.716;150
2504702001001;1478;121.608;90.2889;80
2504801001001;4383;1118.99;115.393;100
2504850001001;588;21.6059;88.2963;80
2504900001001;4236;239.726;108.214;100
2505006001001;2031;133.634;86.0045;80
2505105001001;5923;693.25;159.795;120
2505204001001;1909;135.191;101.759;100
2505238001001;1732;66.0654;103.766;100
2505279001001;1467;31.7608;95.0517;100
2505303001001;653;34.579;50.5399;50
2505352001001;1377;77.655;64.9812;60
2505402001001;2317;200.404;80.5477;70
2505501001001;923;56.8828;153.957;150
2505600001001;1764;180.687;82.9307;70
2505709001001;2960;192.853;107.204;100
2505808001001;1079;46.0694;118.737;100
2505907001001;831;65.0945;86.9545;80
2506004003001;4348;682.056;119.816;120
2506004003002;4838;1286.48;165.523;150
2506103001001;3252;186.249;94.5271;80
2506202001001;966;36.3246;62.0047;60
2506251001001;2234;41.777;73.0815;50
2506301003001;4322;342.027;149.341;150
2506301003002;6119;1413.83;213.29;180
2506301003003;6092;1530.86;226.27;200
2506400001001;3883;155.774;100.006;100
2506509001001;942;75.6983;114.166;110
2506608001001;1770;207.721;73.2445;70
2506707001001;2910;126.068;67.1124;60
2506806001001;5261;391.226;129.867;110
2506905001001;7481;1295.73;138.235;100
2507002001001;6469;1764.51;163.464;130
2507101001001;4796;523.383;115.861;100
2507200001001;2842;190.919;92.2064;80
2507309001001;4091;366.548;110.256;100
2507408001001;2113;306.951;135.718;120
2507507005001;24843;7779.04;607.077;550
2507507005002;9106;2057.72;680.218;600
2507507005003;26186;6284.78;235.568;220
2507507005004;20986;3614.38;197.903;180
2507507005005;30137;6700.67;269.282;250
2507507005006;9115;2020.14;151.831;150
2507507005007;20216;4718.9;288.936;250
2507507005008;15730;3829.26;190.995;170
2507507005009;10271;2306.62;186.473;180
2507507005010;22761;5717.96;279.875;200
2507507005011;11486;3188.71;449.304;400
2507507005012;16374;4953.44;417.159;430
2507606001001;2189;274.037;78.7454;70
2507705001001;4510;460.035;121.571;100
2507804001001;1896;178.497;130.445;130
2507903001001;2909;439.318;102.167;80
2508000001001;2718;178.398;73.2691;70
2508109001001;1315;124.661;92.2008;90
2508208001001;2172;150.12;130.155;120
2508307001001;7219;863.082;172.573;150
2508406001001;738;21.2653;118.208;120
2508505001001;2054;120.056;65.0978;60
2508554001001;1106;104.615;89.2315;90
2508604001001;3131;316.963;155.172;150
2508703001001;1185;117.753;76.7142;80
2508802001001;1659;288.119;87.2969;80
2508901003001;7387;1301.91;171.158;150
2508901003002;4253;312.34;142.279;140
2509008001001;2931;350.612;52.0084;50
2509057001001;2043;70.1944;92.3878;80
2509107001001;6338;926.035;87.2998;80
2509156001001;1754;232.015;116.717;100
2509206001001;3778;354.123;133.338;110
2509305001001;1970;211.132;124.243;120
2509339001001;1136;54.1538;103.83;100
2509370001001;720;60.7328;101.454;80
2509396001001;1679;181.431;69.2934;60
2509404001001;3618;122.931;125.4;100
2509503001001;1452;146.62;121.641;100
2509602001001;1311;145.036;98.3189;100
2509701003001;4635;705.755;169.11;120
2509701003002;5180;1015.57;124.338;100
2509800001001;2751;123.691;111.57;80
2509909001001;2850;175.679;91.0106;80
2510006001001;2113;171.208;93.445;80
2510105001001;3176;482.205;84.1307;70
2510204001001;1684;87.7326;78.5766;70
2510303001001;1313;66.7361;88.8743;80
2510402001001;1871;234.367;74.8888;70
2510501001001;1061;80.3749;107.824;100
2510600001001;942;71.925;67.4659;60
2510659001001;402;39.0057;68.8488;60
2510709001001;674;22.064;107.931;80
2510808003001;4189;771.515;117.612;100
2510808003002;5741;2213.01;162.89;150
2510808003003;4232;1983.52;178.541;150
2510808003004;7554;2174.92;174.611;140
2510808003005;7567;3250.26;240.719;200
2510907001001;3316;421.147;145.287;150
2511004001001;994;105.306;100.92;100
2511103001001;2249;142.494;103.088;100
2511202001001;7410;980.575;149.206;110
2511301001001;4637;829.538;115.543;100
2511400001001;5451;823.334;137.052;100
2511509001001;3178;261.094;119.17;100
2511608001001;1733;107.013;145.818;100
2511707001001;1433;119.008;89.8182;80
2511806001001;2946;308.163;128.857;100
2511905001001;4737;311.243;137.59;100
2512002001001;4792;405.054;126.31;120
2512036001001;992;35.4904;66.966;60
2512077001001;1188;105.427;87.2449;80
2512101003001;4466;743.621;122.954;100
2512101003002;4874;1477.36;194.846;180
2512200001001;1162;110.683;92.8886;80
2512309001001;6056;1059.73;109.502;90
2512408001001;3679;311.611;115.421;120
2512507003001;4160;706.82;153.519;150
2512507003002;7860;687.549;131.764;130
2512606001001;439;17.643;64.4605;60
2512705001001;5033;992.195;130.548;120
2512721001001;1725;71.4416;76.579;80
2512747001001;930;31.7018;105.816;100
2512754001001;1281;87.1407;89.8472;70
2512762001001;1172;41.4989;96.6451;100
2512788001001;480;40.004;92.9132;100
2512804001001;2226;191.906;133.966;130
2512903001001;6645;1284.48;79.2249;58
2513000001001;958;17.2231;56.7368;60
2513109001001;3552;201.481;87.4439;70
2513158001001;1813;62.4848;105.93;100
2513208001001;1906;169.356;99.1807;100
2513307001001;1666;151.215;63.3685;60
2513356001001;928;84.2654;72.7321;70
2513406001001;4392;804.583;141.38;120
2513505001001;1416;105.011;49.5301;50
2513604001001;2007;144.909;65.2541;60
2513653001001;753;50.6567;69.744;50
2513703003001;6099;824.761;113.764;100
2513703003002;4807;763.998;175.77;150
2513703003003;4836;865.268;140.244;150
2513703003004;4356;957.616;197.815;170
2513703003005;6857;1198.06;151.207;130
2513703003006;6976;897.405;124.56;120
2513802001001;1265;176.869;135.552;130
2513851001001;798;29.3443;125.73;120
2513901003001;8480;1730.49;186.377;170
2513927001001;1201;156.098;91.5855;100
2513943001001;717;37.9342;78.7516;80
2513968001001;829;56.5404;98.0617;100
2513984001001;1006;33.0338;85.8759;70
2514008001001;1321;121.065;112.281;100
2514107001001;1447;64.4019;60.2675;50
2514206001001;2225;133.324;84.5788;80
2514305001001;1468;117.68;69.613;60
2514404001001;1307;69.516;110.211;70
2514453001001;1530;86.15;99.3456;100
2514503001001;5394;898.182;162.563;150
2514552001001;1104;6.726;77.3613;60
2514602001001;882;94.3212;96.968;90
2514651001001;424;23.37;89.069;80
2514701001001;1138;82.2007;93.0571;100
2514800001001;1262;82.6594;80.7951;80
2514909001001;2351;394.359;116.471;100
2515005001001;1780;82.8283;120.564;100
2515104001001;3135;329.007;159.64;150
2515203001001;1046;83.0295;89.4836;100
2515302003001;6633;553.791;117.215;100
2515302003002;7470;1462.85;145.873;120
2515401001001;2629;81.1835;63.954;60
2515500001001;4137;376.74;114.798;100
2515609001001;898;48.8028;91.1584;100
2515708001001;861;32.9842;44.0932;40
2515807001001;2197;198.812;93.3515;100
2515906001001;1729;110.93;83.3042;80
2515930001001;1287;125.124;115.518;100
2515971001001;2039;54.9483;103.524;80
2516003001001;7747;918.6;180.212;150
2516102001001;3957;438.958;147.426;130
2516151001001;920;42.2652;72.6055;60
2516201003001;4074;1275.17;216.597;180
2516201003002;7387;2052.75;208.821;200
2516201003003;7578;735.299;118.437;100
2516300001001;5361;818.257;133.454;100
2516409001001;2588;103.726;83.6211;80
2516508001001;4264;547.746;105.345;80
2516607001001;3803;387.207;80.4756;80
2516706001001;4050;610.731;117.316;100
2516755001001;764;34.5256;78.3519;80
2516805001001;2563;150.964;125.525;100
2516904001001;4294;756.028;144.704;130
2517001001001;2618;203.985;106.354;100
2517100001001;796;116.493;135.264;150
2517209001001;1420;60.7414;79.0913;70
2517407001001;673;63.0915;107.247;100
2600054003001;4263;793.355;172.606;180
2600054003002;4618;789.426;177.53;160
2600054003003;4804;411.638;129.45;120
2600054003004;7286;1149.54;189.893;160
2600054003005;7642;1039.81;192.366;200
2600104003001;4440;819.638;137.971;100
2600104003002;6478;1445.92;161.132;120
2600203001001;4744;304.849;120.15;100
2600302001001;6882;1070.42;130.1;120
2600401001001;7930;650.281;129.048;120
2600500003001;6608;696.853;108.845;80
2600500003002;4278;316.514;141.869;70
2600609001001;4108;430.588;108.492;100
2600708003001;4544;700.586;122.698;100
2600708003002;5755;900.641;82.0644;80
2600807001001;7065;804.374;110.248;100
2600906001001;6198;670.594;115.974;100
2601003001001;3002;273.542;124.41;100
2601052001001;4851;645.675;122.27;100
2601102003001;4413;1449.63;205.658;170
2601102003002;8043;1301.35;140.19;120
2601102003003;8211;300.771;89.8713;70
2601201003001;4138;1067.99;151.075;130
2601201003002;8003;2233.8;217.363;200
2601201003003;8611;1784.44;159.539;150
2601300001001;3358;473.272;104.604;100
2601409003001;4510;1099.56;152.468;140
2601409003002;6299;690.556;139.263;120
2601508001001;3077;311.592;93.2075;90
2601607001001;5056;772.954;161.062;120
2601706003001;4241;1441.88;184.783;160
2601706003002;8784;2509.94;171.763;150
2601706003003;9294;1222.07;92.266;90
2601805001001;3318;212.177;91.3486;80
2601904003001;4201;1112.49;175.983;150
2601904003002;6484;1200.83;153.505;150
2601904003003;8640;1472.65;136.602;120
2602001003001;4263;565.29;122.676;100
2602001003002;4693;45.4069;44.8333;50
2602100003001;5782;1040.37;139.451;100
2602100003002;6968;630.041;115.304;100
2602209003001;4101;163.81;117.961;120
2602209003002;6832;675.77;118.38;100
2602308003001;4438;990.713;134.684;120
2602308003002;6413;646.644;126.431;80
2602407001001;2439;122.128;89.1635;70
2602506001001;2135;220.1;100.029;100
2602605003001;5562;932.135;144;150
2602605003002;7728;1735.35;144.859;150
2602704001001;3573;659.68;100.185;100
2602803003001;5153;701.911;144.984;130
2602803003002;8171;96.5734;66.4178;60
2602902003001;4208;665.74;217.652;200
2602902003002;4488;1396.91;332.511;300
2602902003003;4736;992.371;211.407;180
2602902003004;13627;2415.85;194.515;180
2602902003005;4897;819.157;364.309;300
2602902003006;6534;932.766;160.586;150
2602902003007;6972;737.171;154.036;150
2602902003008;8363;1307.17;299.498;250
2603009001001;8226;928.476;150.463;120
2603108001001;5879;1038.57;127.806;100
2603207001001;7004;470.167;121.44;100
2603306001001;3134;174.898;72.8871;70
2603405001001;1656;123.574;99.7724;100
2603454003001;4698;681.525;186.713;180
2603454003002;5714;795.193;238.062;160
2603454003003;4363;760.533;270.381;250
2603454003004;4317;548.203;157.172;150
2603454003005;4352;764.562;220.675;200
2603454003006;7865;1429.29;227.094;200
2603454003007;11625;1861.36;213.639;200
2603504001001;5268;811.259;121.686;100
2603603001001;2264;174.988;95.2472;100
2603702001001;7407;719.807;122.559;100
2603801001001;5159;291.167;120.146;100
2603900001001;5388;348.885;105.856;100
2603926001001;2620;89.5343;106.856;100
2604007003001;4607;485.299;146.204;130
2604007003002;6637;1402.8;184.347;150
2604007003003;10296;2134.21;217.326;200
2604106003001;4470;1516.47;276.988;230
2604106003002;4163;1566.14;239.876;200
2604106003003;34864;10733.2;260.895;250
2604106003004;4544;435.984;136.169;140
2604106003005;4369;766.581;155.567;150
2604106003006;4670;332.953;113.522;100
2604106003007;4706;1296.99;239.598;200
2604106003008;5584;1541.62;439.273;350
2604106003009;6255;1755.59;200.679;200
2604106003010;4726;1039.68;205.363;200
2604106003011;7712;1966.55;234.596;200
2604106003012;11145;2084.08;249.311;200
2604155001001;3642;45.6231;100.651;100
2604205003001;4238;587.189;147.186;150
2604205003002;5935;771.023;114.492;100
2604304001001;2758;518.199;95.1356;80
2604403001001;3470;614.104;118.615;120
2604502001001;5927;762.013;134.119;120
2604601001001;6838;1569.34;117.976;115
2604700001001;4397;439.185;102.98;80
2604809001001;3358;411.196;122.913;120
2604908002001;2676;234.757;117.443;100
2604908002002;2421;80.8475;110.484;100
2605004001001;7238;1330.13;142.039;140
2605103003001;4460;1505.46;186.887;150
2605103003002;5687;429.976;248.75;150
2605152001001;4655;398.805;99.2252;100
2605202003001;6913;1163.41;146.241;130
2605202003002;11307;1830.69;140.299;120
2605301003001;4081;413.187;102.323;70
2605301003002;4110;410.764;112.68;90
2605400001001;6240;1269.74;97.0653;90
2605459001001;815;38.5668;888.845;600
2605509001001;3117;486.18;117.596;100
2605608001001;6750;654.349;94.8868;80
2605707001001;7234;1607.48;151.731;150
2605806002001;2268;144.476;142.029;130
2605806002002;2226;59.399;84.2423;60
2605905001001;6980;852.948;126.732;120
2606002003001;4532;979.918;161.352;150
2606002003002;4314;1482.07;349.737;300
2606002003003;4033;566.575;155.09;120
2606002003004;4347;197.504;172.126;100
2606002003005;4516;1346.73;365.303;300
2606002003006;7947;1855.88;182.23;150
2606002003007;7939;1424.26;170.731;150
2606101003001;8274;1335.85;117.185;100
2606200003001;4484;491.535;136.866;120
2606200003002;8477;2364.73;211.66;200
2606200003003;8604;910.344;123.548;120
2606309001001;1797;83.3273;81.7163;60
2606408003001;4168;1230.53;235.985;200
2606408003002;6036;678.942;127.125;100
2606408003003;5097;1198.12;148.149;140
2606408003004;8244;1554.67;239.152;200
2606507001001;4799;435.131;90.9472;80
2606606001001;7035;859.212;118.221;100
2606705001001;2302;200.035;98.8798;90
2606804003001;4592;540.98;178.664;150
2606804003002;4747;628.133;177.672;160
2606804003003;5307;878.75;182.04;180
2606804003004;7498;817.491;175.242;150
2606804003005;7694;1148.45;189.233;170
2606903001001;3624;278.782;111.042;100
2607000001001;4168;291.955;106.645;100
2607109001001;1302;70.3636;117.3;110
2607208003001;4260;781.455;142.937;130
2607208003002;6851;859.14;251.058;250
2607208003003;11066;2878.54;297.579;250
2607307001001;7251;886.688;103.968;100
2607406001001;1143;148.063;93.1574;100
2607505001001;7026;358.55;110.513;100
2607604001001;9081;845.726;230.533;200
2607653003001;4234;699.919;116.762;110
2607653003002;5232;604.095;114.481;90
2607703001001;4493;437.933;86.7516;80
2607752001001;7401;904.197;130.801;120
2607802001001;4319;652.068;90.6313;80
2607901005001;10301;2320.55;216.51;200
2607901005002;16356;3838.23;222.485;200
2607901005003;10467;3023.28;621.455;518
2607901005004;10773;2116.36;284.825;250
2607901005005;11449;2195.08;158.921;150
2607901005006;15831;2956.17;208.121;200
2607901005007;13724;1848.73;176.198;170
2607901005008;11519;2653.05;213.43;200
2607901005009;13210;2136.51;158.733;140
2607901005010;12064;1749.05;182.863;170
2607901005011;7714;1175.69;205.815;200
2607901005012;15029;2742.58;181.419;180
2607901005013;10225;2251.44;530.094;400
2607901005014;10434;2289.8;335.173;300
2607901005015;11268;2744.56;217.431;200
2607901005016;8593;1429.74;162.515;150
2607901005017;8842;1437.53;164.314;160
2607950001001;2941;224.432;116.157;100
2608008001001;4654;480.153;137.63;120
2608057001001;3844;343.517;141.149;120
2608107003001;4556;86.747;86.596;100
2608107003002;4726;1060.17;143.583;140
2608206001001;4179;533.364;113.69;100
2608255001001;2997;157.686;75.7575;75
2608305001001;3976;523.788;104.761;100
2608404001001;4178;431.915;91.3724;80
2608453001001;4639;588.382;132.633;120
2608503001001;5834;1052.63;110.356;100
2608602001001;3418;144.34;93.8549;80
2608701001001;4683;412.379;111.826;100
2608750001001;6083;867.693;102.085;85
2608800003001;5094;914.686;129.71;100
2608800003002;5962;1093.77;125.504;110
2608909003001;8422;1741.66;186.58;150
2608909003002;9225;1368.99;114.03;100
2609006001001;6700;880.28;122.2;100
2609105001001;3597;436.819;113.361;100
2609154001001;4147;215.044;88.8791;80
2609204001001;3149;243.846;124.793;100
2609303001001;3614;430.361;87.1113;80
2609402003001;7516;875.605;181.626;180
2609402003002;8987;811.808;161.522;150
2609501003001;4334;681.769;167.164;130
2609501003002;4429;840.633;164.344;130
2609600005001;9579;1683.39;180.064;170
2609600005002;8481;1472.7;173.898;160
2609600005003;6998;1308.57;164.991;150
2609600005004;6285;1279.22;184.426;170
2609600005005;4581;1028.18;235.292;230
2609600005006;4246;718.887;206.899;200
2609600005007;6805;1505.63;252.95;250
2609600005008;9134;1760.65;274.353;250
2609600005009;8169;1522.39;251.215;220
2609600005010;7898;1557.94;560.583;500
2609600005011;12111;2596.97;321.937;300
2609600005012;5298;1080.92;317.303;250
2609600005013;4373;987.272;229.484;200
2609600005014;6785;1227.11;205.724;200
2609600005015;12926;2755.68;259.09;250
2609709001001;6354;608.36;142.755;130
2609808001001;3407;207.111;110.52;80
2609907003001;6917;471.789;128.909;130
2609907003002;9684;1867.69;152.704;120
2610004003001;6680;1657.05;204.972;180
2610004003002;9276;1008.45;156.584;150
2610103001001;2334;216.974;93.808;80
2610202001001;7298;644.223;128.415;100
2610301001001;3133;81.4738;79.1583;50
2610400001001;5091;498.593;162.151;150
2610509003001;8641;838.863;96.9664;80
2610608003001;6747;668.422;138.497;120
2610608003002;7486;857.566;189.845;140
2610707003001;5410;1441.34;306.08;300
2610707003002;4095;931.41;199.652;200
2610707003003;4577;739.901;240.924;220
2610707003004;8757;1238.62;217.31;200
2610707003005;16424;3029.63;193.334;200
2610707003006;4761;1055.72;383.819;350
2610707003007;4584;1097.38;257.632;250
2610707003008;5197;894.627;261.142;200
2610707003009;4851;853.149;204.471;200
2610707003010;6257;1303.86;207.033;200
2610707003011;5006;903.924;189.264;180
2610707003012;10654;1477.68;178.632;170
2610707003013;10366;1707.98;197.576;200
2610806001001;5921;598.758;115.755;100
2610905003001;4321;124.495;99.1554;80
2610905003002;6887;1212.82;150.924;100
2610905003003;7788;1720;133.403;100
2611002003001;4090;1029.02;197.382;160
2611002003002;4536;695.24;144.112;140
2611101003001;4315;879.144;195.033;200
2611101003002;4959;1709.38;419.375;380
2611101003003;5238;723.36;118.473;100
2611101003004;4938;1495.29;326.016;300
2611101003005;4269;1265.81;207.769;200
2611101003006;5135;1082.04;117.904;100
2611101003007;6301;2288.83;398.368;350
2611101003008;6399;380.417;73.1241;70
2611101003009;6210;691.649;117.639;100
2611101003010;6986;1111.85;111.213;100
2611101003011;4212;1009.02;167.386;150
2611101003012;4866;1046.56;154.004;140
2611101003013;7746;2069.31;212.481;150
2611101003014;9804;2729.28;204.803;200
2611200001001;3378;355.67;84.5818;60
2611309001001;7251;1420.1;156.06;120
2611408001001;3746;545.688;105.775;100
2611507001001;6337;781.432;143.681;120
2611533001001;1804;65.6173;65.6029;50
2611606005001;9610;2182.58;193.98;150
2611606005002;16478;5562.31;397.023;400
2611606005003;16830;3555.9;386.453;330
2611606005004;8717;2011.99;284.734;250
2611606005005;12300;3239.99;200.297;180
2611606005006;9330;2014.64;260.785;250
2611606005007;8708;1869.99;224.222;200
2611606005008;9396;1474.77;201.047;200
2611606005009;13359;2884.57;754.721;650
2611606005010;8696;1561.13;723.654;600
2611606005011;10784;2663.32;421.881;350
2611606005012;9306;1211.48;663.031;330
2611606005013;12173;2786.94;204.318;200
2611606005014;9116;2010.97;214.25;200
2611606005015;9959;1758.06;178.142;150
2611606005016;8542;1250.65;253.238;201
2611606005017;13510;2057.5;176.479;150
2611606005018;8953;2058.49;549.542;488
2611606005019;11621;3459.2;382.289;300
2611606005020;13067;2980.67;397.7;400
2611606005021;12395;2195.03;274.63;250
2611606005022;16344;2959.06;327.31;300
2611606005023;16658;4121.84;379.459;375
2611606005024;8331;1302.58;220.79;180
2611606005025;11127;3039.5;258.723;220
2611606005026;16280;3846.45;278.552;250
2611606005027;18107;3234.67;290.165;250
2611606005028;9455;2398.87;315.855;300
2611606005029;12366;2708.11;244.341;200
2611606005030;14885;2619.21;227.518;200
2611606005031;14937;3328.52;348.374;250
2611606005032;14084;3576.99;1083.42;800
2611606005033;17143;4847.06;795.338;700
2611606005034;11209;2680.67;621.874;550
2611606005035;10374;1968.65;369.927;280
2611606005036;12332;2842.79;370.607;350
2611606005037;8170;1390.85;260.864;250
2611606005038;12968;2231.59;205.698;200
2611606005039;10886;1356.01;222.18;230
2611606005040;8660;1241.72;188.576;180
2611705001001;6026;542.826;137.579;120
2611804003001;4242;830.11;149.278;130
2611804003002;7758;898.522;169.366;140
2611903001001;5485;491.9;138.686;130
2612000001001;3573;505.678;149.818;140
2612109001001;2294;151.222;114.958;100
2612208003001;6672;1859.08;218.612;180
2612208003002;8841;1329.29;182.03;150
2612307001001;4526;432.511;115.515;100
2612406001001;5988;395.895;101.677;100
2612455001001;3609;322.02;91.4796;80
2612471001001;3352;467.252;103.951;100
2612505003001;4603;1746.35;244.536;210
2612505003002;4317;1702.12;252.591;250
2612505003003;8447;2681.68;228.093;200
2612505003004;8707;3349.22;209.904;200
2612554001001;3611;215.935;80.464;70
2612604003001;4200;790.882;122.698;100
2612604003002;5613;136.486;52.4123;50
2612703001001;3812;199.653;113.089;100
2612802001001;3021;480.731;92.8893;90
2612901001001;3193;327.356;111.684;100
2613008003001;6566;411.921;136.808;100
2613008003002;8133;959.778;140.773;100
2613107003001;4078;927.415;157.317;150
2613107003002;6651;646.508;101.569;90
2613206001001;5815;558.261;119.476;100
2613305001001;6231;758.127;88.3711;90
2613404001001;4919;883.615;203.845;180
2613503003001;8825;1340.55;101.919;80
2613602003001;4353;1229.88;159.783;150
2613602003002;5750;473.34;114.871;80
2613701003001;4562;469.212;141.97;150
2613701003002;5347;702.938;196.221;200
2613701003003;5688;452.945;124.041;120
2613701003004;6072;1014.39;154.726;150
2613701003005;8705;1526.54;171.079;150
2613800001001;4649;677.475;105.558;80
2613909003001;5981;191.27;82.4295;60
2613909003002;7221;2680.23;167.591;150
2613909003003;9886;3937.98;201.135;180
2614006001001;4418;403.992;100.051;70
2614105003001;4276;412.212;115.262;80
2614105003002;5479;975.612;165.271;120
2614204003001;4844;539.138;190.048;180
2614204003002;5403;614.829;148.289;130
2614303001001;2984;286.117;83.1194;70
2614402001001;1547;61.298;104.229;100
2614501003001;4375;266.068;120.99;110
2614501003002;5310;407.174;177.789;130
2614501003003;7879;1291.92;172.939;150
2614600001001;7991;1178.22;136.174;120
2614709001001;3914;337.289;92.1646;80
2614808001001;5738;395.842;96.9271;90
2614857001001;5363;815.465;191.622;180
2615003001001;7438;1548.04;169.073;150
2615102001001;1846;124.033;96.6018;80
2615201001001;2428;173.447;115.831;100
2615300003001;5217;793.886;107.465;80
2615300003002;10040;1926.69;165.611;120
2615409003001;4659;1680.61;218.884;200
2615409003002;5549;1877.95;212.406;200
2615508001001;3649;441.215;104.548;100
2615607001001;6909;1394.3;132.323;100
2615706001001;4371;653.192;163.22;140
2615805001001;6166;439.237;114.031;100
2615904001001;2609;507.18;111.645;100
2616001001001;4528;583.514;125.477;120
2616100001001;2439;184.389;74.6143;70
2616183001001;2310;102.267;68.8117;62
2616209001001;5499;643.748;168.705;150
2616308001001;8096;1592.41;109.822;100
2616407003001;9021;2413.22;188.286;170
2616407003002;6302;1013.11;114.705;100
2616407003003;4266;1263.3;116.325;100
2616407003004;4205;1405.6;215.383;170
2616407003005;7948;2340.98;122.028;110
2616407003006;8259;2235.7;178.208;120
2616506001001;3683;442.67;94.3761;80
2700102001001;4743;208.521;140.903;120
2700201001001;4670;551.155;100.483;80
2700300004001;4064;992.255;165.462;150
2700300004002;4070;1035.14;199.261;200
2700300004003;4304;1067.01;264.932;220
2700300004004;4234;1056.89;228.198;200
2700300004005;4298;1084.42;264.271;200
2700300004006;4321;1197.83;251.426;250
2700300004007;4626;741.423;284.781;250
2700300004008;4715;556.662;197.442;150
2700300004009;4241;394.559;190.125;180
2700300004010;4738;394.844;134.117;100
2700300004011;7752;911.024;214.307;200
2700300004012;7304;482.691;145.915;100
2700409003001;4949;1259.75;128.061;120
2700409003002;6159;845.398;88.7457;90
2700508001001;3523;553.319;158.15;130
2700607001001;2032;440.067;244.412;200
2700706001001;4415;409.997;126.079;100
2700805001001;1308;61.1661;111.756;70
2700904001001;1814;37.0298;118.426;120
2701001001001;6626;1303.78;114.334;100
2701100001001;2650;267.071;103.519;90
2701209001001;2897;203.596;77.2472;50
2701308001001;4917;761.883;113.98;100
2701357001001;1692;365.72;94.9624;90
2701407003001;3595;838.797;110.399;90
2701407003002;7365;1554.78;104.914;100
2701506001001;2368;124.8;102.787;100
2701605001001;4484;331.911;85.9841;60
2701704001001;4250;760.976;136.279;120
2701803001001;2081;106.186;87.0396;60
2701902001001;1877;200.068;98.2798;100
2702009001001;2989;42.1422;141.451;150
2702108001001;5283;1026.82;124.088;100
2702207001001;1522;256.25;121.158;100
2702306003001;6351;1073.76;170.44;150
2702306003002;7182;834.805;125.289;100
2702355001001;5948;331.017;129.366;100
2702405003001;6464;672.068;122.32;100
2702405003002;6801;1407.76;181.207;150
2702504001001;2950;302.919;94.6149;100
2702553001001;5007;187.263;90.6333;80
2702603001001;5725;110.308;108.146;100
2702702001001;1206;126.093;101.861;90
2702801001001;3196;425.146;102.503;95
2702900003001;4286;26.5916;72.1658;90
2702900003002;4833;493.909;120.963;100
2703007001001;4144;608.576;103.126;100
2703106001001;7118;324.142;113.64;100
2703205001001;6287;109.061;119.414;100
2703304001001;4422;355.802;107.397;100
2703403001001;1399;87.3607;112.638;80
2703502001001;1700;139.021;89.3118;80
2703601001001;2038;304.56;142.152;120
2703700001001;1414;96.7027;73.5867;70
2703759001001;2970;295.197;132.229;130
2703809001001;5619;638.159;94.1173;74
2703908001001;1132;89.3084;91.3807;100
2704005001001;6382;355.614;150.088;100
2704104001001;4817;293.781;89.3652;90
2704203001001;6822;291.791;112.849;100
2704302004001;8453;3046.78;216.453;200
2704302004002;8495;1785.27;155.892;150
2704302004003;8440;2014.36;687.211;600
2704302004004;9539;2219.14;204.896;180
2704302004005;9796;659.82;138.864;130
2704302004006;11175;1902.03;213.137;200
2704302004007;40850;10379.5;189.808;170
2704302004008;11499;2850.46;216.2;200
2704302004009;11180;3305.09;214.373;200
2704302004010;11744;3053.13;570.972;520
2704302004011;8540;2346.86;662.718;650
2704302004012;12916;3181.42;179.257;150
2704302004013;12410;2753.79;222.171;200
2704302004014;9227;2403.89;253.818;220
2704302004015;10126;1549.27;287.801;150
2704302004016;24614;8068.51;291.234;250
2704302004017;9240;1836.53;430.349;350
2704302004018;10423;2625.59;359.469;320
2704302004019;9860;2580.63;338.69;300
2704302004020;8568;2461.14;271.192;220
2704302004021;14076;4944.45;223.839;200
2704302004022;15534;4643.09;242.495;200
2704401001001;5152;370.711;102.563;100
2704500001001;7405;826.598;219.21;200
2704609001001;2687;202.986;87.6714;70
2704708003001;4128;624.589;157.628;150
2704708003002;8214;1462.72;220.061;180
2704807001001;3828;682.135;147.921;140
2704906001001;1045;58.8971;101.198;100
2705002001001;6269;200.846;124.221;100
2705101001001;5927;1208.16;113.545;100
2705200001001;3944;870.693;142.07;120
2705309001001;1471;55.171;64.796;50
2705408001001;1698;71.3442;76.2274;60
2705507001001;6587;1321.6;137.419;120
2705606001001;3232;409.459;99.0815;80
2705705001001;5510;758.376;122.584;100
2705804001001;2148;106.306;65.4499;70
2705903001001;1303;16.9936;103.007;80
2706000001001;2917;133.342;84.9355;100
2706109001001;2973;351.012;85.0543;70
2706208001001;1277;55.9735;55.4752;50
2706307003001;4072;543.387;135.193;100
2706307003002;8169;1182.19;173.047;150
2706307003003;8336;1632.4;201.909;180
2706406001001;6091;706.433;146.818;100
2706422001001;2603;126.743;111.943;100
2706448001001;2854;487.448;168.174;150
2706505001001;3745;375.255;105.207;100
2706604001001;2121;178.227;104.732;100
2706703003001;5124;881.981;203.505;130
2706703003002;11342;1759.86;192.272;150
2706802001001;4665;518.514;133.778;120
2706901003001;4237;931.099;137.329;120
2706901003002;4610;1207.16;153.873;150
2707008001001;762;34.1137;83.2261;80
2707107001001;5806;468.138;110.847;100
2707206001001;3359;121.748;106.722;100
2707305001001;6513;1124.74;131.815;110
2707404001001;2257;225.892;128.392;120
2707503001001;5109;255.994;124.181;100
2707602001001;3027;302.082;124.773;100
2707701003001;4794;834.721;160.373;150
2707701003002;6031;1325.2;130.697;110
2707701003003;7873;1473.3;149.77;140
2707800001001;1661;159.839;82.9083;70
2707909001001;1880;393.188;113.539;100
2708006003001;5332;598.558;192.542;150
2708006003002;6702;1321.04;157.036;150
2708105001001;2840;294.951;111.798;100
2708204001001;1835;126.646;91.0868;80
2708303001001;5964;1350.28;142.483;120
2708402001001;7151;532.377;85.4639;60
2708501001001;7749;1304.82;141.827;120
2708600003001;6686;1269.37;210.268;200
2708600003002;7560;1998.44;169.732;150
2708709001001;2009;277.169;117.994;120
2708808003001;8509;545.982;113.991;100
2708907001001;3823;889.312;163.035;150
2708956001001;3056;130.632;71.9953;70
2709004001001;1763;119.354;104.216;80
2709103001001;5364;269.199;103.171;80
2709152003001;4291;736.51;107.491;100
2709152003002;6074;658.696;103.021;100
2709202001001;6382;191.905;124.691;100
2709301003001;4214;921.324;189.829;180
2709301003002;4248;777.774;181.873;150
2709301003003;8221;1259.4;150.594;120
2709400001001;6778;867.055;147.581;130
2800100001001;686;48.1515;82.9112;80
2800209001001;6013;531.699;132.35;120
2800308005001;8557;761.937;319.428;300
2800308005002;9343;1302.97;172.376;170
2800308005003;9330;2487.52;295.522;300
2800308005004;12193;3296.55;422.46;400
2800308005005;12490;3358.35;416.779;350
2800308005006;9869;2045.13;432.523;400
2800308005007;13389;2535.73;760.984;650
2800308005008;8309;2179.62;479.203;500
2800308005009;11411;3271.53;367.477;350
2800308005010;9584;3172.14;383.694;350
2800308005011;10365;2339.15;215.038;200
2800308005012;11265;3247.98;265.86;250
2800308005013;11335;2528.37;197.264;200
2800308005014;12398;3767.71;240.942;240
2800308005015;8996;2856.45;214.057;200
2800308005016;11680;3589.9;266.714;250
2800407001001;2970;187.37;106.271;100
2800506001001;5012;551.121;135.632;120
2800605001001;6872;1278.24;210.295;200
2800670001001;7252;860.167;154.351;100
2800704001001;2041;159.784;77.8692;70
2801009001001;5194;611.319;153.84;150
2801108001001;1047;30.4689;104;100
2801207001001;6399;849.74;135.535;110
2801306003001;8463;973.317;180.512;150
2801405001001;5962;650.235;178.733;150
2801504001001;3804;767.381;222.369;200
2801603001001;1698;257.765;119.579;100
2801702001001;4307;455.923;128.479;130
2801900001001;1171;82.7976;77.1611;70
2802007001001;1205;110.425;111.607;100
2802106003001;4703;620.955;143.908;130
2802106003002;6677;1083.67;190.055;150
2802106003003;6950;1970.07;229.375;200
2802205001001;1492;101.859;75.3194;60
2802304001001;3980;479.681;180.375;180
2802403001001;3240;130.104;156.871;150
2802502001001;882;102.794;148.72;150
2802601001001;1704;42.0353;105.301;80
2802700001001;2194;242.495;83.0721;70
2802809001001;3976;338;122.65;120
2802908003001;4422;1301.42;230.971;200
2802908003002;6464;1042.34;230.196;170
2802908003003;7491;1581.61;194.59;200
2802908003004;7800;2102.06;209.548;200
2803005003001;4143;660.416;182.936;150
2803005003002;6313;329.422;120.708;120
2803104001001;1583;76.198;118.556;100
2803203003001;4097;363.697;153.086;150
2803203003002;4241;431.878;145.507;150
2803302001001;4854;534.611;173.45;150
2803401001001;3640;246.357;101.672;90
2803500003001;4561;284.986;93.2547;80
2803500003002;4704;1131.85;195.235;150
2803500003003;5054;394.543;226.883;220
2803500003004;5308;835.392;225.089;200
2803500003005;8139;751.044;150.073;120
2803609001001;6918;931.584;130.622;120
2803708001001;1944;161.514;136.365;120
2803807001001;936;80.7616;121.893;100
2803906001001;3561;344.03;112.487;100
2804003001001;4447;767.895;170.424;150
2804102001001;3485;288.117;124.133;120
2804201001001;3643;254.946;133.123;100
2804300001001;2081;130.589;118.461;120
2804409001001;5122;600.118;149.853;120
2804458001001;2597;167.905;117.422;100
2804508003001;9497;1281.17;215.562;200
2804607001001;7296;884.008;149.459;150
2804706001001;1771;103.726;134.351;130
2804805003001;4175;692.057;148.575;150
2804805003002;4883;949.912;212.737;200
2804805003003;4165;718.701;230.109;200
2804805003004;4808;813.399;162.163;150
2804805003005;6406;1529.91;201.261;200
2804805003006;5792;1165.74;215.249;200
2804805003007;7402;1035.48;134.433;140
2804805003008;7891;1354.87;148.389;150
2804904001001;3535;141.559;108.739;100
2805000001001;873;28.4585;68.4171;50
2805109001001;2405;225.263;96.6308;100
2805208001001;1759;161.946;124.712;100
2805307001001;2228;330.679;180.008;180
2805406001001;7860;353.891;111.009;100
2805505001001;6584;505.007;131.771;100
2805604001001;7430;694.447;93.3569;80
2805703001001;8144;1654.87;197.23;150
2805802001001;5044;140.373;97.2546;100
2805901001001;2473;375.122;136.53;120
2806008001001;5428;822.955;155.643;150
2806107001001;2625;435.301;168.362;150
2806206001001;5527;512.662;105.427;90
2806305001001;3316;181.823;83.8632;70
2806404001001;1862;98.0567;83.4127;100
2806503001001;1039;67.7894;104.96;100
2806602001001;3194;445.443;170.677;160
2806701003001;4238;962.002;196.629;200
2806701003002;4459;600.129;152.594;130
2806701003003;6957;943.769;147.867;150
2806701003004;6974;1479.99;222.105;200
2806800001001;3118;243.798;84.0481;80
2806909001001;1025;117.957;86.2505;80
2807006001001;1061;28.5522;90.9802;100
2807105003001;4253;262.954;151.487;130
2807105003002;7229;664.439;176.967;150
2807204001001;2284;264.77;138.57;150
2807303001001;839;37.2313;79.5974;80
2807402003001;6432;1023.78;142.338;120
2807402003002;7793;1166.02;218.309;200
2807501001001;3562;194.259;110.363;100
2807600001001;6177;820.063;153.92;130
2900108001001;2583;138.493;132.852;120
2900207001001;4335;390.199;100.807;80
2900306001001;4134;348.81;121.748;100
2900355001001;4544;167.233;101.195;80
2900405001001;4610;179.428;96.6248;80
2900504001001;2661;41.6305;137.958;120
2900603001001;1376;88.0543;91.5336;70
2900702003001;4157;538.424;164.182;150
2900702003002;4140;549.175;289.345;250
2900702003003;6075;406.57;178.395;150
2900702003004;4385;713.572;231.476;200
2900702003005;5341;1146.07;406.739;300
2900702003006;8375;1513.75;233.934;200
2900702003007;9385;1029.11;312.231;270
2900801001001;6068;750.83;213.602;200
2900900001001;1983;232.513;85.4132;80
2901007003001;4814;270.977;176.679;140
2901007003002;5648;949.114;197.121;150
2901106001001;7189;598.701;172.949;150
2901155001001;4343;159.771;74.0703;65
2901205001001;7252;312.949;134.393;120
2901304001001;3783;322.161;130.046;100
2901353001001;4632;631.542;120.335;110
2901403001001;3804;143.016;132.232;120
2901502001001;2534;140.576;105.495;100
2901601001001;4646;278.739;130.409;80
2901700001001;2898;22.7893;148.277;150
2901809001001;3092;288.313;106.761;80
2901908002001;2214;113.054;103.551;80
2901908002002;2980;112.432;127.798;100
2901957001001;2141;137.019;80.5261;80
2902005001001;3657;108.211;118.801;100
2902054001001;3161;262.488;162.47;150
2902104003001;6122;102.521;48.0384;50
2902104003002;7544;748.151;127.695;100
2902203001001;2696;139.735;127.997;120
2902252001001;3052;237.767;99.5214;50
2902302001001;2430;113.432;114.902;100
2902401001001;3931;390.666;115.721;100
2902500001001;3835;175.936;146.589;130
2902609001001;5752;420.153;158.316;130
2902658001001;3041;149.019;98.2229;100
2902708003001;4200;332.459;226.493;200
2902708003002;7325;226.032;116.809;100
2902807001001;5645;516.108;183.836;150
2902906003001;4171;109.597;73.8129;60
2902906003002;5058;585.812;129.202;100
2903003001001;4125;256.72;73.0736;60
2903102001001;1819;93.7173;127.242;100
2903201003001;4357;1552.48;396.682;350
2903201003002;5035;1072.69;387.016;290
2903201003003;5534;1726.18;380.729;320
2903201003004;5483;1284.51;245.645;200
2903201003005;4310;216.502;142.112;150
2903201003006;5943;936.032;206.718;200
2903201003007;8161;1519.43;256.702;200
2903235001001;3992;204.976;84.7462;80
2903276001001;3880;124.272;87.5893;80
2903300001001;1957;251.114;99.8583;100
2903409001001;6459;717.882;178.929;130
2903508001001;4395;399.015;107.465;100
2903607001001;4139;115.304;145.718;150
2903706001001;4241;195.333;120.332;100
2903805001001;4989;338.256;124.895;100
2903904003001;8007;1170.56;184.564;150
2903904003002;8656;798.422;231.65;200
2903953001001;2626;80.2693;104.44;100
2904001001001;3399;144.257;100.843;70
2904050001001;3966;322.371;86.6572;80
2904100001001;5804;239.567;145.726;140
2904209001001;2947;121.568;99.7383;100
2904308001001;3970;378.248;116.503;100
2904407001001;3147;142.664;89.4947;100
2904506001001;3211;93.1343;89.4734;80
2904605003001;4922;68.985;140.465;100
2904605003002;6720;877.198;245.528;220
2904605003003;6933;1185.06;241.658;200
2904704001001;5511;749.921;153.775;130
2904753001001;4597;245.305;110.503;90
2904803001001;2943;262.819;134.023;130
2904852001001;4326;162.276;138.818;140
2904902003001;4276;126.533;159.397;150
2904902003002;5618;1035.08;260.541;230
2905008001001;6339;562.163;187.285;150
2905107001001;2974;189.885;74.635;80
2905156001001;3223;121.563;116.641;100
2905206003001;5510;1163.03;316.029;250
2905206003002;7404;454.851;135.693;130
2905305001001;4757;398.771;69.0917;60
2905404001001;4866;950.519;276.283;200
2905503001001;3534;158.121;65.9775;50
2905602003001;4168;581.547;197.9;150
2905602003002;4941;542.007;112.253;100
2905701005001;4788;1072.06;272.339;250
2905701005002;5898;699.507;231.555;200
2905701005003;6077;634.826;246.546;200
2905701005004;7750;1560.02;259.64;200
2905701005005;5194;1205.63;285.112;256
2905701005006;8664;2516.16;291.791;260
2905701005007;6180;1547.45;264.819;250
2905701005008;6624;1004.2;263.293;220
2905701005009;4884;1431.94;208.44;200
2905701005010;4839;840.749;230.179;220
2905701005011;8738;1077.09;189.3;150
2905701005012;4629;693.13;550.766;450
2905800003001;9475;776.59;161.703;150
2905909001001;7630;232.103;115.062;80
2906006003001;9074;1447.39;155.078;140
2906006003002;9030;158.395;62.0653;50
2906105001001;2558;65.4383;109.911;80
2906204001001;6991;535.191;85.0988;80
2906303003001;4043;334.879;237.038;200
2906303003002;5740;599.839;141.877;120
2906402001001;2560;109.673;105.706;80
2906501003001;4137;446.001;207.985;200
2906501003002;4377;398.098;160.007;150
2906501003003;8148;1095.42;218.898;200
2906501003004;8440;1400.03;278.856;250
2906600001001;3680;187.64;102.029;90
2906709001001;7894;785.758;127.431;110
2906808003001;4186;123.384;84.3278;80
2906808003002;4809;358.584;134.227;120
2906824001001;4287;365.588;96.5715;80
2906857001001;3764;203.332;121.285;100
2906873003001;4003;868.258;134.16;100
2906873003002;4406;571.657;110.589;80
2906899001001;2917;103.756;108.298;100
2906907001001;6159;707.001;171.515;130
2907004001001;2393;171.955;133.822;100
2907103001001;7333;360.516;126.994;100
2907202003001;6833;110.244;70.1879;60
2907202003002;10298;1890.26;117.981;100
2907301001001;7221;612.965;211.338;150
2907400001001;763;22.282;125.797;150
2907509003001;7507;1502.19;285.074;250
2907509003002;7761;537.913;234.696;200
2907558001001;2411;87.0243;99.5134;100
2907608001001;4951;230.178;83.1669;80
2907707001001;2750;185.957;83.1209;70
2907806003001;4593;170.229;63.6245;50
2907806003002;5603;623.152;137.551;100
2907905001001;4433;278.463;141.783;120
2908002001001;6494;902.285;140.537;100
2908101001001;4885;354.301;167.736;150
2908200001001;5751;533.844;186.777;180
2908309001001;5146;229.203;204.596;175
2908408003001;4057;740.599;166.431;140
2908408003002;5978;218.579;90.4437;60
2908408003003;8516;1099.8;127.971;100
2908507003001;8918;878.025;209.929;160
2908606001001;6205;275.889;208.802;180
2908705001001;4699;321.495;151.18;120
2908804001001;1355;84.6979;109.303;80
2908903001001;6263;293.485;152.995;130
2909000001001;2212;111.964;137.931;130
2909109001001;4252;148.553;126.367;100
2909208001001;4901;288.177;110.118;100
2909307003001;4228;439.702;264.278;250
2909307003002;4581;288.078;193.286;180
2909406001001;3770;134.814;125.58;120
2909505001001;1469;55.3056;72.3494;50
2909604001001;6026;204.545;107.603;100
2909703001001;3727;232.77;140.752;150
2909802003001;4898;271.56;144.563;150
2909802003002;4802;844.153;325.861;270
2909802003003;7609;1324.48;300.267;250
2909901003001;8690;647.631;141.631;120
2910008001001;3395;250.453;119.478;100
2910057003001;4312;572.101;204.315;200
2910057003002;7362;980.847;240.97;215
2910057003003;8298;1325.12;291.806;250
2910107001001;2978;76.1814;179.948;180
2910206001001;1182;90.6795;155.409;150
2910305001001;2568;169.201;147.607;130
2910404001001;6657;480.154;98.0775;80
2910503003001;4577;611.926;250.898;180
2910503003002;6566;527.57;200.603;200
2910602003001;4235;540.035;190.699;150
2910602003002;4472;238.542;137.003;100
2910701003001;7857;792.033;143.643;120
2910701003002;8061;902.715;178.51;150
2910727003001;3987;922.776;283.637;250
2910727003002;5049;1131.54;212.712;200
2910727003003;5666;923.011;265.29;250
2910727003004;6659;848.574;119.026;100
2910727003005;8350;2130.22;404.108;380
2910750001001;5272;200.301;98.7893;100
2910776001001;1749;58.319;119.95;120
2910800004001;9293;1435.84;211.791;200
2910800004002;9635;2321.61;299.775;270
2910800004003;9689;2539.81;373.372;300
2910800004004;10503;203.034;112.329;120
2910800004005;13402;2781.33;257.368;250
2910800004006;9349;1962.65;274.916;250
2910800004007;10185;1506.25;195.152;167
2910800004008;9408;913.638;182.927;135
2910800004009;11012;1439.74;177.876;180
2910800004010;12152;2257.07;218.051;200
2910800004011;12606;2457.05;216.591;200
2910800004012;11406;1926.51;202.848;200
2910800004013;17710;2864.07;263.133;250
2910800004014;18009;4155.73;360.934;300
2910859001001;4797;429.258;106.224;100
2910909001001;1613;205.834;124.181;120
2911006001001;3038;317.046;119.301;100
2911105001001;5614;586.703;223.066;200
2911204003001;4146;837.289;198.618;150
2911204003002;5140;703.648;156.491;150
2911253001001;1389;62.4119;82.2812;80
2911303001001;2981;143.382;78.4241;70
2911402001001;4285;157.01;115.236;100
2911501001001;2254;214.429;87.8575;70
2911600001001;5447;331.224;194.085;150
2911659001001;2672;62.8405;108.282;110
2911709003001;4200;169.691;108.523;100
2911709003002;5350;622.67;153.803;140
2911709003003;6337;1108.5;245.234;200
2911709003004;6525;1411.2;259.385;210
2911808001001;6747;584.936;105.886;80
2911857001001;3836;210.102;95.4108;100
2911907001001;7371;803.158;114.739;100
2912004001001;2799;141.673;136.306;120
2912103001001;7587;1161.46;146.636;120
2912202002001;2184;99.5131;122.709;100
2912202002002;2575;633.111;167.779;130
2912301001001;4835;677.324;158.066;130
2912400001001;4948;294.903;75.6315;60
2912509001001;3791;214.941;100.249;100
2912608001001;1402;68.9349;123.716;100
2912707001001;6377;347.522;119.625;100
2912806001001;2468;228.897;204.263;170
2912905001001;5609;602.039;156.543;130
2913002001001;4225;137.493;121.592;100
2913101001001;5229;223.907;73.5969;60
2913200001001;7188;1069.17;169.912;150
2913309001001;1565;63.3852;91.071;100
2913408001001;3975;317.323;129.081;100
2913457001001;3593;158.936;144.436;150
2913507001001;7466;643.42;137.824;120
2913606003001;5878;276.782;127.034;70
2913606003002;4906;1366.83;312.662;260
2913606003003;5408;518.054;179.73;150
2913606003004;5571;572.418;240.091;180
2913606003005;4452;1236.54;444.13;350
2913606003006;4857;604.684;191.432;200
2913606003007;6487;1354.52;251.465;200
2913606003008;7987;1735.72;233.598;200
2913606003009;10944;2703.79;375.9;300
2913705003001;10186;790.475;165.463;150
2913804001001;3842;68.914;123.987;120
2913903003001;5980;1154.03;306.845;200
2913903003002;7263;931.014;219.787;170
2914000003001;4379;42.1905;43.0655;50
2914000003002;4652;169.599;80.3263;70
2914000003003;8093;1421.68;179.695;150
2914109001001;2736;192.597;97.7418;80
2914208001001;2115;97.6859;67.147;50
2914307001001;3253;145.057;109.218;80
2914406001001;6123;300.905;148.386;100
2914505001001;7864;455.501;178.271;150
2914604003001;4116;1436.4;269.004;250
2914604003002;7763;2072.77;189.731;150
2914604003003;7856;1091.19;124.638;120
2914653001001;8026;996.622;164.714;130
2914703003001;4121;593.53;201.376;150
2914703003002;6744;1148.95;208.752;200
2914703003003;7023;954.464;151.314;120
2914802005001;4994;644.814;273.084;250
2914802005002;4582;1297.71;270.034;250
2914802005003;4108;736.549;201.679;160
2914802005004;4410;735.362;147.09;150
2914802005005;4167;985.51;489.593;380
2914802005006;4599;742.839;146.818;130
2914802005007;4367;881.228;250.069;160
2914802005008;4400;1014.81;218.494;200
2914802005009;4466;1222.78;275.799;260
2914802005010;4392;1567.02;501.227;490
2914802005011;5042;1201.53;348.004;300
2914802005012;4620;1365.84;343.825;300
2914802005013;4206;849.465;213.161;200
2914802005014;5456;650.282;145.879;150
2914901001001;6936;954.216;339.735;270
2915007001001;4103;173.948;146.051;120
2915106001001;3706;305.846;112.645;90
2915205001001;4272;429.913;189;170
2915304001001;2170;298.892;141.902;100
2915353001001;3560;215.816;60.3071;50
2915403001001;2175;235.973;108.916;100
2915502001001;6414;1101.89;148.684;130
2915601003001;9301;1042.75;108.661;100
2915601003002;9487;1822.68;243.62;200
2915700001001;2407;220.375;92.7419;80
2915809001001;6169;815.605;152.344;125
2915908001001;2167;157.974;157.188;150
2916005001001;6250;935.646;166.052;150
2916104001001;6384;580.528;256.146;200
2916203001001;3343;264.037;138.713;100
2916302001001;3050;235.829;111.997;100
2916401003001;4441;1029.54;224.18;200
2916401003002;7272;1835.83;236.554;200
2916401003003;7678;1994.01;304.827;250
2916500003001;4348;363.614;118.501;120
2916500003002;4709;234.943;122.505;100
2916609001001;2768;313.757;104.161;100
2916708001001;2232;174.722;86.9051;70
2916807001001;5346;674.296;161.195;150
2916856001001;4194;380.974;122.387;100
2916906001001;3809;233.607;97.724;70
2917003003001;4949;437.644;111.912;100
2917003003002;5072;178.105;72.417;80
2917102001001;5976;888.967;142.331;130
2917201001001;4986;287.235;147.432;120
2917300001001;7469;696.804;224.868;170
2917334001001;2767;148.667;74.1709;80
2917359001001;2665;135.814;118.93;100
2917409001001;3689;98.5918;107.304;80
2917508003001;4045;304.099;61.3885;50
2917508003002;5803;1486.87;230.753;200
2917508003003;7548;1335.99;218.328;180
2917508003004;7572;745.994;140.688;120
2917607003001;6277;660.625;117;80
2917607003002;7936;760.592;136.714;120
2917706003001;4008;767.648;215.255;200
2917706003002;5141;650.253;119.677;100
2917805001001;4645;136.317;125.8;100
2917904001001;2735;189.599;90.961;80
2918001003001;4538;679.553;250.952;200
2918001003002;11011;1813.99;243.739;200
2918001003003;4737;466.336;157.166;150
2918001003004;7705;634.608;157.871;100
2918001003005;4830;554.276;116.847;100
2918001003006;6500;1070.11;259.274;200
2918001003007;6799;994.006;324.166;280
2918100003001;4480;678.168;144.019;150
2918100003002;6360;473.544;114.559;100
2918209001001;3992;204.812;142.008;100
2918308001001;4137;408.864;119.937;100
2918357001001;6260;614.737;109.393;100
2918407005001;4561;1822.72;295.068;280
2918407005002;6653;1829.47;270.855;230
2918407005003;5200;1520.53;202.157;200
2918407005004;4049;936.311;125.932;120
2918407005005;5414;1094.62;113.931;100
2918407005006;6516;1354.34;118.238;100
2918407005007;5328;1095.1;190.572;150
2918407005008;4584;1270.78;283.794;250
2918407005009;4647;229.557;73.9117;80
2918407005010;4144;537.356;94.9687;100
2918407005011;4346;225.679;72.5777;75
2918456001001;3023;176.261;108.27;100
2918506001001;4191;209.318;81.7188;70
2918555001001;2008;268.01;120.087;100
2918605001001;2384;81.9614;123.734;100
2918704001001;1249;83.1714;96.8947;80
2918753001001;3312;106.611;125.093;100
2918803001001;6388;236.22;156.47;100
2918902001001;1228;86.9729;138.873;150
2919009001001;1119;20.8669;141.67;150
2919058001001;2440;76.7667;98.0592;60
2919108001001;2459;41.2696;95.8037;100
2919157001001;7326;456.962;104.687;80
2919207003001;4526;816.802;1498.18;1300
2919207003002;5728;1095.75;352.351;200
2919207003003;4626;1247.37;244.736;250
2919207003004;5848;1209.96;424.33;250
2919207003005;7913;1450.45;235.242;220
2919207003006;5637;397.513;284.416;180
2919207003007;7714;1514.32;306.144;250
2919207003008;8126;2012.95;646.654;400
2919306001001;3066;369.202;205.796;170
2919405001001;3485;178.711;100.889;100
2919504003001;4632;152.56;185.35;150
2919504003002;6779;600.215;253.415;200
2919553003001;4264;1476.68;214.765;200
2919553003002;6467;3068.21;383.259;280
2919553003003;7342;2491.53;341.641;300
2919603001001;3337;259.885;92.8847;100
2919702001001;4989;630.723;145.754;130
2919801003001;4141;23.0771;39.5447;30
2919801003002;7986;739.088;178.736;150
2919900001001;2105;172.597;90.2652;80
2919926001001;5190;1438.58;378.98;350
2919959001001;1984;108.189;103.956;80
2920007001001;2708;403.235;146.757;130
2920106001001;5825;405.378;108.85;100
2920205001001;3899;142.635;87.7501;80
2920304001001;2370;139.831;107.865;100
2920403001001;3955;266.677;93.2936;80
2920452001001;2855;63.0857;98.8679;80
2920502001001;7517;577.539;136.01;100
2920601003001;4079;167.718;124.155;150
2920601003002;8024;678.254;211.24;180
2920700001001;5283;340.7;266.751;200
2920809001001;2912;171.374;102.611;100
2920908001001;4149;457.136;114.364;100
2921005003001;5428;574;258.093;250
2921005003002;6444;569.63;348.88;250
2921054001001;2743;101.298;85.1758;60
2921104001001;6876;840.485;170.178;150
2921203001001;8148;568.971;130.216;100
2921302001001;3137;282.398;140.729;100
2921401001001;4658;142.803;81.0072;80
2921450001001;2788;71.1778;126.487;150
2921500003001;6836;319.836;137.097;100
2921500003002;7669;33.9029;75.8513;80
2921609001001;2400;135.03;82.3186;70
2921708003001;4188;50.0068;27.7664;30
2921708003002;5806;780.367;123.385;100
2921807001001;3447;230.754;128.325;120
2921906001001;3078;284.746;214.872;200
2922003003001;4259;615.2;228.145;200
2922003003002;6383;1389.92;201.656;180
2922052001001;3317;134.729;66.0263;50
2922102001001;6768;496.079;104.387;70
2922201001001;2255;121.151;135.731;130
2922250001001;2643;156.119;118.13;100
2922300003001;8324;766.866;188.198;180
2922409001001;6504;411.025;154.27;150
2922508001001;8081;919.22;201.662;160
2922607001001;3574;154.088;147.112;100
2922656001001;3327;182.119;118.667;100
2922706001001;5008;379.481;127.29;100
2922730001001;2419;157.836;86.9965;80
2922755001001;2035;85.8435;100.784;80
2922805001001;2097;77.6266;99.0852;80
2922854001001;2133;119.542;102.147;80
2922904001001;6916;457.956;102.039;90
2923001003001;5063;423.541;190.253;150
2923001003002;6185;1240.62;224.685;200
2923035001001;3113;166.753;196.453;200
2923050001001;3649;116.81;118.862;100
2923100001001;7169;550.373;135.643;100
2923209001001;6136;470.294;122.836;100
2923308001001;2425;108.15;119.456;130
2923357001001;4680;330.086;100.039;80
2923407001001;5506;247.189;105.745;80
2923506001001;2466;265.043;177.43;150
2923605001001;5645;233.3;194.71;160
2923704001001;7223;309.231;165.39;150
2923803001001;8077;413.725;203.76;200
2923902001001;3187;327.104;107.757;100
2924009003001;4398;1645.18;273.921;250
2924009003002;4227;58.2163;70.2532;50
2924009003003;6581;1466.66;262.469;200
2924009003004;7886;2520.34;194.61;180
2924009003005;8467;1290.85;128.878;120
2924058001001;4073;181.535;85.9415;80
2924108001001;1880;45.6117;113.069;80
2924207001001;4366;155.932;88.9861;80
2924306001001;4862;204.867;173.042;130
2924405003001;8233;329.326;99.941;70
2924504001001;4169;82.1714;120.83;100
2924603001001;6125;703.681;87.7161;75
2924652001001;2879;170.865;145.9;100
2924678001001;2673;96.2727;95.9448;80
2924702001001;3364;353.85;107.157;100
2924801001001;6712;450.149;119.451;100
2924900001001;2563;66.1266;82.8071;80
2925006001001;6914;526.929;115.189;100
2925105003001;6471;702.796;175.161;150
2925105003002;6481;591.254;91.8962;80
2925204003001;4558;856.579;250.771;250
2925204003002;5084;743.916;253.139;250
2925253001001;4530;483.063;100.87;100
2925303003001;4507;2129.96;411.332;380
2925303003002;4910;759.488;301.948;250
2925303003003;4617;1257.1;340.726;250
2925303003004;4472;423.903;117.05;100
2925303003005;4855;1173.69;392.262;250
2925303003006;6927;1861.23;187.149;150
2925303003007;8548;2356.11;293.922;250
2925402001001;2828;347.717;148.937;100
2925501001001;7753;825.842;209.082;150
2925600001001;4064;298.762;77.3027;70
2925709001001;3800;269.873;103.031;100
2925758001001;6548;493.756;133.039;120
2925808001001;7039;399.017;113.875;80
2925907001001;7284;260.606;110.178;100
2925931001001;3044;165.761;63.4162;50
2925956001001;6279;305.973;141.077;120
2926004003001;6218;895.075;123.307;100
2926004003002;4412;240.08;135.591;100
2926103001001;3688;208.067;106.173;100
2926202001001;5926;398.581;114.812;100
2926301003001;4133;95.2539;57.9461;50
2926301003002;6034;883.602;175.986;150
2926400001001;8019;486.021;130.817;120
2926509001001;3966;161.527;92.3409;80
2926608003001;6343;1154.02;189.725;150
2926608003002;7513;559.025;104.636;100
2926657001001;2451;167.795;111.858;80
2926707001001;3722;98.7566;149.177;150
2926806001001;4013;167.436;99.2425;90
2926905001001;3253;115.547;98.2903;80
2927002003001;4298;481.459;110.983;80
2927002003002;6395;684.955;167.965;150
2927101001001;2108;453.498;115.82;100
2927200003001;8827;912.824;153.28;130
2927309001001;3846;241.719;249.004;250
2927408005001;11788;1632.06;197.846;180
2927408005002;9363;1333.01;216.389;200
2927408005003;14211;3734.4;330.931;300
2927408005004;13978;3052.29;876.838;720
2927408005005;17734;3075.31;263.591;250
2927408005006;3581;1078.3;452.227;450
2927408005007;21254;3655.04;225.876;200
2927408005008;14861;3850.58;325.174;300
2927408005009;31610;5702.71;538.185;450
2927408005010;13039;2605.04;268.314;250
2927408005011;10437;2069.16;506.073;500
2927408005012;18323;2500.36;228.78;220
2927408005013;38451;7625.09;322.6;250
2927408005014;15511;2571.7;216.822;200
2927408005015;10726;1422.87;256.6;250
2927408005016;2193;751.792;328.55;300
2927408005017;11127;3951.7;495.751;465
2927408005018;3979;992.253;353.298;300
2927408005019;12493;2551.26;258.012;240
2927408005020;13292;2720.73;807.789;750
2927408005021;11636;2639.17;226.429;200
2927408005022;9025;1983.42;301.072;260
2927408005023;8944;1728.31;250.477;250
2927408005024;14854;1624.67;166.157;170
2927408005025;22043;4606.89;246.314;220
2927408005026;10661;2315.67;309.453;280
2927408005027;1872;54.6052;211.972;200
2927408005028;9168;1853.41;693.953;650
2927408005029;38011;9042.12;495.571;350
2927408005030;13356;3406.31;301.248;300
2927408005031;15949;3143.46;279.982;250
2927408005032;22447;3188.06;273.964;250
2927408005033;8794;1086.66;165.697;150
2927408005034;14194;4123.54;355.53;300
2927408005035;6641;2254.2;468.493;450
2927408005036;9063;1975.55;363.368;300
2927408005037;15687;1911.41;175.342;150
2927408005038;18964;2464.49;248.77;250
2927408005039;8156;1312.94;249.403;200
2927408005040;19782;2839.28;248.733;250
2927408005041;25004;6095.76;296.116;250
2927408005042;11291;1780.69;219.041;200
2927408005043;10612;1948.81;730.17;500
2927408005044;11507;1725.76;208.042;200
2927408005045;31002;5972.01;1106.06;1000
2927408005046;21553;2964.26;207.834;200
2927408005047;9534;2105.49;704.939;700
2927408005048;14883;2360.69;228.934;200
2927408005049;16523;3720.16;262.436;250
2927408005050;16416;3346.54;250.334;200
2927408005051;8379;1486.05;220.818;200
2927408005052;8842;1879.46;419.57;415
2927408005053;16998;2485.23;233.299;200
2927408005054;8580;1323.82;292.644;200
2927408005055;8244;778.505;260.112;255
2927408005056;10059;2096.16;275.143;250
2927408005057;9220;1772.36;458.063;415
2927408005058;11311;1311.3;208.367;180
2927408005059;10914;2109.48;949.835;830
2927408005060;13308;2899.99;478.049;470
2927408005061;10091;1784.63;227.929;220
2927408005062;15487;3600.97;396.074;380
2927507001001;5423;312.007;147.35;150
2927606001001;4202;222.021;78.2161;70
2927705001001;7905;1240.89;238.927;200
2927804001001;1764;116.733;109.002;80
2927903001001;3250;237.213;131.376;70
2928000003001;4241;361.178;155.373;130
2928000003002;5256;525.326;103.1;80
2928059001001;4032;255.755;98.1679;70
2928109003001;4528;735.496;188.493;180
2928109003002;6632;326.169;97.8289;100
2928208001001;6991;506.759;127.3;100
2928307001001;2490;60.5542;156.606;170
2928406001001;7241;372.02;105.758;90
2928505001001;2891;150.727;147.006;150
2928604003001;4778;920.463;268.207;250
2928604003002;4822;487.773;153.453;130
2928604003003;7571;738.193;154.534;150
2928703003001;5131;1005.63;371.975;300
2928703003002;4314;702.692;236.01;200
2928703003003;7817;1743.6;317.858;250
2928703003004;10362;1474.91;281.388;250
2928802003001;6026;527.26;213.195;180
2928802003002;7163;520.314;216.51;160
2928901001001;7442;611.773;270.077;215
2928950001001;2917;155.815;92.6834;80
2929008001001;3704;342.497;205.936;150
2929057001001;3698;456.056;158.517;150
2929107001001;5949;399.465;218.486;200
2929206003001;4526;314.732;208.707;200
2929206003002;4992;566.77;296.035;280
2929255001001;5148;327.715;77.3359;70
2929305003001;4400;281.101;170.607;160
2929305003002;4659;320.178;185.767;130
2929354001001;1725;209.641;95.9501;100
2929370001001;3153;152.737;55.6609;50
2929404001001;3109;179.784;178.224;150
2929503003001;4883;274.24;289.758;200
2929503003002;7513;1057.17;221.102;200
2929602001001;4791;329.408;181.856;150
2929701001001;5180;248.513;136.847;100
2929750001001;3563;257.562;194.268;150
2929800001001;3548;327.47;117.787;100
2929909003001;4163;831.768;210.17;200
2929909003002;7390;290.256;114.266;100
2930006001001;2643;101.98;93.4825;80
2930105003001;4087;1026.31;180.309;160
2930105003002;4228;270.842;74.8849;60
2930105003003;6621;1660.32;198.011;150
2930105003004;7233;1248.53;248.826;200
2930154003001;8311;341.706;109.71;100
2930204003001;9200;680.325;100.029;80
2930303001001;4999;203.806;145.883;130
2930402001001;4318;195.181;122.838;120
2930501003001;4569;317.05;128.504;110
2930501003002;4475;577.982;183.872;150
2930501003003;6293;437.18;127.04;110
2930501003004;6924;1253.19;220.779;200
2930600001001;4072;300.693;83.8133;70
2930709003001;4496;413.462;171.781;150
2930709003002;5452;437.96;178.709;180
2930709003003;5394;1096.36;298.648;250
2930709003004;5870;535.899;171.529;150
2930709003005;6252;1361.08;250.436;250
2930709003006;8118;1279.9;200.331;180
2930758001001;2967;155.416;89.9226;80
2930766001001;3786;280.275;103.277;100
2930774001001;6145;720.628;100.085;80
2930808001001;4187;125.141;126.203;100
2930907001001;3103;96.2011;137.961;120
2931004001001;5691;369.795;150.175;120
2931053001001;4379;282.418;114.561;100
2931103001001;2224;143.421;113.709;100
2931202001001;5130;325.406;187.226;150
2931301001001;4021;360.499;99.498;80
2931350003001;4347;825.852;223.418;200
2931350003002;4642;517.025;154.331;150
2931350003003;9638;1759.9;253.192;200
2931350003004;4605;806.424;189.68;160
2931350003005;7649;1788.94;361.279;300
2931350003006;11085;2559.01;334.867;300
2931400001001;2473;128.446;126.94;100
2931509001001;5541;341.063;125.746;130
2931608001001;3633;162.273;143.367;130
2931707001001;3614;193.439;163.231;150
2931806001001;4834;139.184;148.359;150
2931905003001;7070;313.965;140.499;130
2931905003002;7905;736.001;145.114;130
2932002001001;7066;431.046;132.958;100
2932101001001;5921;487.325;133.025;120
2932200001001;6062;857.999;185.178;150
2932309001001;6831;746.843;141.949;100
2932408001001;4208;310.54;95.6429;80
2932457001001;4004;193.002;89.174;70
2932507001001;7318;613.807;131.229;100
2932606001001;4486;239.432;157.302;140
2932705001001;6076;956.705;178.089;150
2932804001001;5108;604.992;106.638;80
2932903003001;4167;907.944;271.209;220
2932903003002;4046;520.427;224.475;200
2932903003003;4068;58.3953;63.861;50
2932903003004;6897;1015.97;265.397;220
2932903003005;7408;633.987;152.817;150
2933000001001;7530;775.096;120.046;100
2933059001001;4238;245.188;75.7604;60
2933109001001;2813;141.928;76.419;60
2933158001001;3934;360.252;71.8585;50
2933174001001;2719;185.788;117.834;100
2933208003001;4854;298.621;188.135;180
2933208003002;7009;802.773;256.29;250
2933257001001;2094;153.587;86.2187;80
2933307005001;5585;1385.09;672.157;650
2933307005002;8001;1547;197.29;200
2933307005003;6896;1779.45;337.311;300
2933307005004;5698;687.057;183.937;180
2933307005005;7680;976.43;220.866;230
2933307005006;5210;1198.45;286.231;270
2933307005007;5855;786.645;256.477;250
2933307005008;6551;2195.46;492.047;450
2933307005009;7261;806.325;244.401;200
2933307005010;7744;1400.68;327.058;300
2933307005011;7973;1226.46;194.928;160
2933307005012;4386;67.0186;73.5337;70
2933307005013;4014;54.0156;50.9361;50
2933307005014;4262;76.9147;54.8604;60
2933406001001;2470;185.417;107.503;80
2933455001001;3514;221.328;118.206;100
2933505001001;6136;400.238;139.435;100
2933604003001;4135;121.028;67.6029;60
2933604003002;7517;1183.32;147.441;120
3100104001001;2340;379.85;274.569;200
3100203001001;7862;1886.1;267.88;250
3100302001001;4102;605.235;251.317;230
3100401001001;1265;145.505;177.789;150
3100500001001;3061;212.499;195.189;180
3100609001001;4204;333.894;160.406;100
3100708001001;725;108.674;230.054;190
3100807001001;1368;122.801;186.015;170
3100906001001;5357;648.853;208.73;150
3101003001001;3474;197.884;105.332;100
3101102001001;8369;1524.97;244.891;200
3101201001001;2107;278.049;283.137;250
3101300001001;875;96.8736;229.876;220
3101409001001;913;77.6605;212.644;200
3101508003001;4119;640.199;231.208;200
3101508003002;7176;1738.36;354.707;330
3101607003001;4190;859.487;303.774;275
3101607003002;9545;1975.7;324.005;262
3101607003003;9826;2005.66;353.558;280
3101631001001;1781;136.707;219.178;150
3101706003001;4164;318.938;180.954;150
3101706003002;7586;1394.58;230.386;200
3101805001001;2255;312.417;209.491;200
3101904001001;5732;887.637;291.186;250
3102001001001;4602;570.321;186.196;150
3102050001001;1761;273.696;181.725;160
3102100001001;3675;203.37;169.077;120
3102209001001;1411;124.674;158.131;150
3102308001001;4690;561.677;218.545;200
3102407001001;969;19.5003;263.596;200
3102506001001;1480;114.873;123.996;100
3102605003001;4168;1423.84;345.844;300
3102605003002;8164;1645.59;251.552;250
3102704001001;2559;231.846;147.665;100
3102803001001;4043;484.183;247.88;200
3102852001001;2114;199.687;154.329;130
3102902001001;3477;389.619;174.754;160
3103009001001;2886;222.247;176.591;150
3103108001001;556;73.9969;225.444;220
3103207001001;719;91.231;254.078;200
3103306001001;701;60.0531;183.466;150
3103405003001;4248;440.312;298.959;200
3103405003002;5930;823.669;229.791;200
3103504003001;5162;812.364;240.397;200
3103504003002;4247;920.282;230.72;190
3103504003003;7074;1747.98;289.684;240
3103504003004;4568;1289.81;355.785;300
3103504003005;7589;1779.53;266.354;250
3103504003006;7235;2050.61;338.717;300
3103603001001;932;104.592;158.826;130
3103702001001;2386;138.12;143.201;120
3103751001001;1796;442.347;292.982;250
3103801001001;995;95.8368;227.193;200
3103900001001;2484;556.25;290.139;255
3104007003001;4132;910.764;297.499;300
3104007003002;4367;573.365;323.995;300
3104007003003;4487;932.365;496.34;450
3104007003004;7511;2104.12;481.163;450
3104007003005;9198;1678.31;353.595;300
3104106001001;2916;626.297;256.22;250
3104205003001;4956;867.47;333.656;300
3104205003002;6800;1397.41;359.58;320
3104304001001;4546;512.549;257.483;220
3104403001001;938;119.875;198.135;180
3104452001001;1309;114.688;130.511;130
3104502001001;5262;476.079;222.351;200
3104601001001;4131;770.744;305.019;260
3104700001001;4420;375.447;161.784;120
3104809001001;1520;202.01;169.992;120
3104908001001;5759;773.992;285.113;270
3105004001001;2576;243.577;178.864;170
3105103001001;8152;1358.63;383.514;300
3105202001001;1520;112.055;133.993;120
3105301001001;1720;371.674;210.741;200
3105400003001;8514;1250.12;304.117;280
3105509001001;1773;128.488;133.125;120
3105608003001;4249;280.428;238.718;200
3105608003002;4432;598.547;221.938;200
3105608003003;4375;984.488;251.482;220
3105608003004;4906;1111.51;341.633;325
3105608003005;4875;1371.99;305.505;300
3105608003006;8591;2401.94;441.523;400
3105608003007;9162;1568.35;232.114;200
3105707001001;1946;123.207;158.394;120
3105905001001;6151;850.301;241;230
3106002001001;2890;426.657;199.662;200
3106101001001;1089;123.521;198.741;150
3106200005001;13998;3254.97;313.179;300
3106200005002;13364;2579.37;400.862;350
3106200005003;16159;3884.53;293.932;270
3106200005004;9080;1116.49;297.16;280
3106200005005;11957;3189.97;324.528;300
3106200005006;8852;1192.79;235.826;250
3106200005007;12751;1587.54;282.754;260
3106200005008;13397;4608.22;729.024;650
3106200005009;11408;2724.73;1213.21;1000
3106200005010;10541;2309.72;1375.13;1200
3106200005011;10005;1883.34;1013.06;800
3106200005012;12288;2219.85;1454.46;1200
3106200005013;8772;1404.87;1375.92;1300
3106200005014;10913;988.271;224.799;230
3106200005015;15043;2724.11;951.46;900
3106200005016;10799;1624.57;1061.22;1000
3106200005017;18975;3699.87;354.924;350
3106200005018;14117;3282.37;548.432;500
3106200005019;13841;3878.18;618.795;550
3106200005020;9666;2052.91;522.494;460
3106200005021;8815;1787.32;423.778;380
3106200005022;12170;1451.65;229.376;210
3106200005023;10454;1670.51;280.435;270
3106200005024;10317;1079.43;252.391;250
3106200005025;8958;2082.79;298.656;260
3106200005026;15200;2926.38;349.905;300
3106200005027;8707;1684.47;483.24;450
3106200005028;11102;2034.52;325.42;300
3106200005029;8723;1380.03;308.162;280
3106200005030;14820;2455.16;260.13;230
3106200005031;12291;1679.62;292.16;255
3106200005032;13417;2468.67;335.2;300
3106200005033;8987;2292.57;404.438;350
3106200005034;12109;3576.52;439.141;400
3106200005035;10230;2244.19;633.786;600
3106200005036;11548;2689.2;620.63;525
3106200005037;10495;2327.79;360.417;300
3106200005038;9274;2179.85;353.066;320
3106200005039;14218;3300.2;577.598;510
3106200005040;10250;1748.33;364.758;340
3106200005041;8232;1734.53;289.404;260
3106200005042;8922;2169.23;323.121;280
3106200005043;16363;4602.67;541.883;500
3106200005044;10822;2321.35;575.699;510
3106200005045;10304;2501.12;528.387;500
3106200005046;11081;2479.61;747.632;700
3106200005047;10421;1781.63;966.262;800
3106200005048;9713;1525.41;341.104;250
3106200005049;9861;1627.47;409.212;375
3106200005050;8630;1870.36;344.552;300
3106200005051;10742;1645.22;256.322;250
3106200005052;8824;1520.82;418.184;400
3106200005053;9625;1925.38;402.997;350
3106200005054;12724;2141.96;1009.77;900
3106200005055;15353;2669.06;614.202;500
3106200005056;8606;1263.96;800.866;750
3106200005057;10495;1823.42;655.574;580
3106200005058;13496;3099.66;615.383;560
3106200005059;9686;1587.24;300.824;270
3106200005060;15374;2568.74;398.041;350
3106200005061;14510;2439.1;332.194;313
3106200005062;14907;2975.36;259.868;250
3106200005063;14224;2538.64;428.913;350
3106200005064;8757;1644.5;361.773;350
3106200005065;9170;1980.33;295.353;300
3106200005066;9958;1670.92;337.748;300
3106200005067;9874;2296.14;306.304;285
3106309001001;6795;1100.53;247.495;200
3106408001001;2474;190.807;269.479;250
3106507001001;3305;141.987;135.377;120
3106606001001;1277;87.721;153.907;150
3106655001001;1252;86.7686;108.203;100
3106705005001;5016;561.177;236.01;200
3106705005002;9084;2175.54;521.582;470
3106705005003;6339;1105.72;284.186;275
3106705005004;4110;414.309;222.975;230
3106705005005;4210;939.012;241.168;250
3106705005006;3984;403.769;223.778;200
3106705005007;6616;545.893;197.55;170
3106705005008;6169;1388.63;390.011;350
3106705005009;6533;968.653;275.945;250
3106705005010;4930;792.219;368.933;300
3106705005011;4796;785.926;293.962;280
3106705005012;6636;832.034;212.409;200
3106705005013;5616;847.231;251.733;250
3106705005014;6242;1488.93;277.888;260
3106705005015;4957;949.118;270.95;250
3106705005016;4059;852.708;248.928;250
3106705005017;6467;1455.26;277.982;260
3106705005018;5841;787.9;250.327;230
3106705005019;7108;1067.32;199.224;200
3106705005020;5072;875.744;283.367;250
3106804001001;1209;94.3155;147.677;150
3106903001001;4656;1238.88;277.166;250
3107000001001;978;72.639;203.592;150
3107109003001;4501;451.411;220.831;200
3107109003002;7228;1170.68;324.857;300
3107208001001;1791;170.491;271.478;200
3107307003001;6732;1005.37;236.662;200
3107307003002;6854;672.142;204.777;200
3107406003001;6730;1286.9;381.818;300
3107406003002;7923;1621.2;342.454;300
3107505001001;2250;362.774;168.401;150
3107604001001;1359;201.044;191.028;180
3107703001001;1591;118.671;236.657;200
3107802001001;4868;563.876;150.48;140
3107901001001;3258;302.623;195.619;180
3108008001001;5483;769.926;257.316;200
3108107001001;2474;248.596;259.937;250
3108206001001;1912;185.981;189.687;150
3108255001001;2287;75.1948;155.86;130
3108305001001;5590;1054.56;262.197;240
3108404001001;5040;809.826;221.703;180
3108503001001;1743;118.836;112.44;100
3108552001001;4081;534.842;221.341;200
3108602003001;4289;191.629;99.2488;100
3108602003002;4316;405.531;209.567;180
3108701001001;1492;127.837;137.658;130
3108800001001;1429;71.4935;243.959;250
3108909001001;4782;697.814;220.774;200
3109006003001;4998;758.532;328.54;300
3109006003002;5728;677.265;455.291;300
3109105001001;3651;363.026;258.029;230
3109204001001;3132;528.913;190.825;140
3109253001001;1241;98.7203;174.049;150
3109303001001;7024;897.661;244.134;170
3109402001001;7544;902.681;158.231;150
3109451001001;2148;238.098;121.297;100
3109501001001;4348;419.511;263.475;230
3109600001001;1116;119.197;260.374;250
3109709001001;3476;419.235;292.304;260
3109808001001;786;85.2405;238.192;200
3109907001001;3217;265.35;213.899;200
3110004003001;5255;566.282;360.827;300
3110004003002;6836;847.71;258.163;250
3110103001001;1576;236.594;167.477;160
3110202001001;1202;103.374;142.084;130
3110301001001;4784;793.33;241.453;220
3110400001001;989;78.5025;142.269;120
3110509001001;7061;1372.54;323.448;300
3110608003001;4369;903.668;263.564;250
3110608003002;4765;1258.84;307.595;300
3110707001001;4110;625.854;254.613;220
3110806001001;1039;145.734;177.378;150
3110905001001;4844;607.568;288.613;255
3111002001001;6820;957.739;222.277;200
3111101001001;6792;1126.89;322.485;300
3111150001001;1026;77.3176;135.728;120
3111200003001;4153;755.744;220.045;200
3111200003002;5853;985.858;281.132;230
3111200003003;7421;1193.05;229.171;200
3111309001001;3613;373.874;172.881;170
3111408001001;2206;478.69;292.47;250
3111507001001;4380;825.131;240.674;200
3111606003001;8658;803.036;207.056;180
3111705001001;1454;72.3888;142.775;120
3111804001001;3722;787.981;239.368;200
3111903001001;1849;118.971;139.224;130
3112000001001;5090;694.971;167.835;150
3112059001001;1191;78.0359;182.363;150
3112109001001;1591;208.099;179.822;150
3112208001001;1455;123.323;161.704;135
3112307003001;4307;785.04;247.458;200
3112307003002;5713;738.932;198.692;150
3112406001001;2348;409.768;178.962;160
3112505001001;2691;260.979;237.614;240
3112604001001;5057;1243.86;259.468;220
3112653001001;1583;328.278;154.256;150
3112703001001;3678;383.666;114.239;100
3112802001001;2795;620.93;308.667;300
3112901001001;2649;276.547;161.866;150
3113008001001;5871;420.414;143.78;100
3113107001001;909;28.3356;214.44;200
3113206001001;6888;714.883;262.519;250
3113305003001;4150;1530.28;227.81;200
3113305003002;7008;1720.77;280.851;270
3113404003001;4285;1244.82;239.876;200
3113404003002;4479;1311.98;313.839;300
3113404003003;8392;2800.61;335.582;300
3113404003004;10093;1064.07;180.885;150
3113503001001;3006;459.943;145.339;130
3113602001001;1996;356.602;249.059;230
3113701001001;6308;783.36;197.837;200
3113800001001;753;43.9997;216.304;200
3113909001001;3519;414.792;212.739;200
3114006001001;3538;645.959;257.179;230
3114105001001;3957;570.238;252.76;230
3114204001001;6380;1027.86;263.135;250
3114303003001;4295;698.964;266.763;220
3114303003002;5843;684.682;289.887;230
3114402001001;6653;797.474;278.448;250
3114501001001;5056;812.19;309.494;300
3114550001001;3286;522.509;251.247;250
3114600001001;1233;124.347;298.245;200
3114709001001;1101;101.776;188.61;180
3114808001001;1537;170.061;182.247;150
3114907001001;615;26.1194;209.547;200
3115003001001;1045;169.289;253.365;200
3115102001001;5809;1151.03;244.558;200
3115201001001;1216;102.645;258.699;200
3115300003001;4911;928.644;221.694;200
3115300003002;5051;1579.84;342.95;300
3115300003003;6400;1135.69;230.179;200
3115300003004;6972;1329.97;337.428;260
3115359001001;1438;181.992;332.137;350
3115409001001;910;48.6179;183.947;170
3115458001001;1796;77.2959;187.81;170
3115474001001;1488;73.5364;120.414;100
3115508001001;7190;948.366;302.684;250
3115607001001;445;48.5923;205.695;150
3115706001001;2330;466.732;204.206;200
3115805001001;3246;711.489;222.312;150
3115904001001;965;209.757;193.974;180
3116001001001;1829;270.851;169.488;150
3116100001001;3705;92.6213;137.447;150
3116159001001;2564;307.411;223.431;150
3116209001001;885;141.561;244.345;250
3116308001001;1840;124.285;159.808;130
3116407001001;1445;182.984;192.472;180
3116506001001;2420;159.278;98.8062;80
3116605001001;7836;1446.68;340.519;280
3116704001001;2367;405.781;178.579;180
3116803001001;2534;222.183;185.921;150
3116902001001;1002;185.907;245.461;200
3117009001001;2399;107.921;176.542;150
3117108001001;3211;317.517;240.557;220
3117207001001;855;72.3788;167.502;150
3117306001001;7181;2508.75;270.337;250
3117405001001;1458;144.774;196.304;168
3117504001001;5122;369.526;324.946;250
3117603001001;1654;175.504;244.191;220
3117702001001;4039;509.84;211.235;180
3117801001001;3226;494.294;262.404;250
3117836001001;1829;27.8074;152.609;120
3117876001001;1715;236.13;314.287;300
3117900001001;3482;672.678;234.746;250
3118007003001;5582;974.747;319.084;300
3118007003002;8561;1353;365.176;300
3118106001001;1449;69.8835;134.164;110
3118205001001;2120;383.924;262.867;220
3118304003001;4609;713.63;337.936;320
3118304003002;6867;1521.98;333.8;320
3118304003003;5588;834.977;314.792;300
3118304003004;7351;847.797;330.153;300
3118304003005;11036;2818.48;480.83;450
3118403001001;7534;1632.97;220.76;200
3118502001001;563;37.502;164.702;150
3118601005001;17166;878.021;240.898;250
3118601005002;11458;2366.39;301.407;300
3118601005003;14515;2363.64;370.792;300
3118601005004;17902;3067.16;297.796;300
3118601005005;8934;1962.15;321.39;300
3118601005006;9570;2311.43;316.952;290
3118601005007;10424;1902.15;314.769;280
3118601005008;12703;2313.13;299.849;280
3118601005009;11616;3122.45;392.772;350
3118601005010;18778;4871.17;295.786;270
3118601005011;10409;2591.71;336.273;300
3118601005012;18871;4961.01;369.274;350
3118601005013;12669;2138.3;351.081;300
3118601005014;12414;3544.71;444.766;430
3118700001001;2894;315.917;171.668;150
3118809001001;7768;554.285;170.694;150
3118908001001;2716;208.653;208.133;170
3119005001001;1095;110.295;162.782;150
3119104001001;7429;1148.9;220.115;200
3119203001001;2998;337.666;217.603;190
3119302003001;4135;1120.14;254.842;230
3119302003002;5627;877.209;264.382;155
3119401003001;6010;1554.12;383.464;380
3119401003002;7573;1777.9;345.209;320
3119401003003;4229;769.868;237.373;200
3119401003004;6675;1140.02;250.18;230
3119401003005;7426;1257.85;259.768;250
3119500001001;2538;334.658;139.002;120
3119609001001;927;105.746;198.472;180
3119708001001;997;74.6661;248.354;150
3119807001001;1216;83.1117;178.452;150
3119906001001;1299;111.579;230.646;250
3119955001001;1818;144.632;229.846;200
3120003001001;998;103.626;148.596;150
3120102001001;1234;135.172;169.496;150
3120151001001;1757;146.844;129.602;100
3120201001001;3749;635.734;250.222;200
3120300001001;1489;95.4338;92.8617;70
3120409001001;1417;126.339;226.528;200
3120508001001;3131;272.56;235.463;200
3120607001001;1614;184.597;212.441;200
3120706001001;1246;133.251;181.254;160
3120805001001;4572;643.666;221.394;200
3120839001001;1572;274.151;146.186;130
3120870001001;1961;190.251;111.258;100
3120904003001;5072;922.738;380.238;300
3120904003002;8267;1495.03;307.551;280
3120904003003;9728;1111.16;234.715;200
3121001001001;1408;171.088;145.46;120
3121100001001;2446;313.952;263.025;230
3121209001001;2250;346.96;260.23;250
3121258001001;2619;859.142;202.478;180
3121308001001;1596;190.61;230.843;230
3121407001001;2363;192.449;131.016;120
3121506001001;972;110.322;156.109;150
3121605003001;5437;484.213;215.366;140
3121605003002;7595;1882.61;392.3;300
3121704001001;1182;81.5135;195.638;200
3121803001001;2661;427.95;168.902;150
3121902001001;1043;189.027;203.853;180
3122009001001;6170;927.68;190.962;150
3122108001001;1602;174.653;148.963;150
3122207001001;1929;221.732;179.689;150
3122306005001;13635;4446.61;545.19;500
3122306005002;7948;1764.95;366.975;335
3122306005003;11038;2037.48;307.431;300
3122306005004;13978;2784.79;299.07;290
3122306005005;10965;2940.73;385.51;350
3122306005006;5055;919.265;264.936;260
3122306005007;4794;549.012;224.103;200
3122355001001;1651;270.857;171.288;150
3122405001001;1788;218.764;146.645;120
3122454001001;2423;188.669;93.8688;80
3122470001001;1247;112.202;116.38;100
3122504001001;1713;332.324;207.893;200
3122603001001;1336;97.8729;291.664;200
3122702001001;1727;256.291;248.566;255
3122801001001;972;29.4376;162.242;120
3122900001001;1896;174.138;276.575;250
3123007001001;3027;448.778;271.902;250
3123106001001;1488;119.077;244.565;200
3123205001001;5056;776.077;233.576;200
3123304001001;1376;138.415;183.501;160
3123403001001;495;48.9863;207.158;200
3123502001001;672;89.3009;182.248;150
3123528001001;2192;267.337;132.342;100
3123601001001;7784;1271.32;276.954;250
3123700001001;3208;645.492;211.148;200
3123809001001;2063;171.299;138.525;140
3123858001001;1649;235.955;157.41;140
3123908001001;4306;521.635;314.24;300
3124005001001;5735;1034.46;198.988;180
3124104003001;8585;736.175;266.097;200
3124104003002;9207;697.574;202.295;180
3124203001001;7512;1896.69;234.207;200
3124302003001;3981;175.303;135.2;110
3124302003002;4561;533.647;165.473;150
3124401001001;1453;142.999;185.013;180
3124500001001;3430;299.035;296.724;250
3124609001001;827;101.108;191.602;150
3124708001001;1233;121.758;239.006;150
3124807001001;2476;424.837;203.036;150
3124906001001;3621;651.641;246.198;250
3125002001001;1092;239.212;206.19;200
3125101003001;9161;2494.22;377.983;350
3125200001001;822;87.8374;237.469;200
3125309001001;1127;154.348;166.596;150
3125408001001;1494;99.5653;122.871;120
3125507001001;877;69.1655;199.205;200
3125606001001;2054;220.236;147.025;100
3125705001001;4562;531.867;246.652;200
3125804001001;983;162.973;169.715;150
3125903001001;3409;269.024;246.545;200
3125952001001;3121;378.674;191.342;170
3126000001001;2059;305.813;313.06;300
3126109003001;5117;1029.01;286.446;280
3126109003002;8201;1188.61;346.073;300
3126109003003;8523;1763.32;356.763;350
3126208001001;2250;127.108;139.451;100
3126307001001;1391;205.735;225.906;200
3126406001001;822;97.3659;209.324;200
3126505001001;2823;94.0858;142.552;100
3126604001001;1506;158.498;172.57;150
3126703001001;7213;712.622;176.152;150
3126752001001;1667;105.956;187.313;170
3126802001001;1710;89.1103;146.996;120
3126901001001;2733;393.781;204.412;200
3126950001001;905;54.4796;196.823;150
3127008001001;4673;1359.46;243.217;200
3127057001001;1407;159.74;118.873;100
3127073001001;1592;61.4646;124.42;100
3127107003001;7584;1995.65;334.304;300
3127107003002;10636;2318.26;296.089;250
3127206001001;1203;79.0826;216.624;200
3127305001001;2292;412.286;197.159;180
3127339001001;1485;50.2071;109.199;100
3127354001001;854;43.88;144.464;130
3127370001001;1058;204.277;159.096;150
3127388001001;1215;170.699;247.356;230
3127404001001;1383;140.703;296.152;250
3127503001001;1529;118.464;152.689;120
3127602001001;3377;452.48;213.469;180
3127701005001;6223;401.188;181.786;150
3127701005002;6577;1223.82;224.288;200
3127701005003;6805;1732.94;270.177;250
3127701005004;5857;870.8;191.055;190
3127701005005;5507;1802.78;295.685;265
3127701005006;6965;1985.24;283.835;256
3127701005007;4862;1219.98;282.78;250
3127701005008;6045;1130.76;265.686;230
3127701005009;4949;2189.4;356.11;350
3127701005010;9818;3716.14;455.002;405
3127701005011;6317;1477.38;303.669;300
3127701005012;7186;1827.82;265.557;250
3127701005013;5940;1989.89;449.602;430
3127800001001;3930;280.988;170.127;150
3127909001001;507;83.5276;141.154;130
3128006003001;4149;1126.26;289.201;250
3128006003002;5256;873.247;351.596;300
3128105001001;4461;404.586;216.131;200
3128204001001;2977;164.341;183.624;150
3128253001001;1440;100.727;134.507;120
3128303001001;6113;1191.42;223.678;200
3128402001001;2746;392.005;246.551;240
3128501001001;1269;191.61;185.928;180
3128600001001;2099;248.45;326.944;200
3128709003001;8004;1651.87;297.794;250
3128709003002;7797;1759.87;316.76;260
3128808001001;2318;380.502;209.095;200
3128907001001;2261;374.123;231.163;200
3129004001001;2924;423.688;215.831;200
3129103001001;2243;230.868;323.021;200
3129202001001;1987;238.773;214.257;200
3129301001001;3297;354.912;200.494;150
3129400001001;1551;150.197;235.637;200
3129509001001;7747;1082.59;288.679;250
3129608001001;2238;256.405;158.699;150
3129657001001;1665;62.6702;100.119;80
3129707001001;3789;543.684;248.52;200
3129806003001;4474;577.755;198.688;180
3129806003002;4199;549.737;229.7;220
3129806003003;5374;858.289;242.628;220
3129806003004;5424;558.685;227.357;200
3129806003005;8267;1045.11;216.286;200
3129806003006;4925;493.14;263.306;250
3129806003007;4504;292.207;258.891;250
3129806003008;9233;1183.22;227.255;220
3129905001001;1168;224.071;168.754;160
3130002001001;886;54.1209;184.688;150
3130051001001;2559;129.903;113.662;100
3130101003001;4448;434.132;192.919;200
3130101003002;6043;1008.85;284.69;250
3130200001001;2790;548.763;263.955;250
3130309001001;2748;386.774;241.49;200
3130408001001;1692;176.34;223.036;205
3130507001001;3646;365.798;213.041;180
3130556001001;1923;162.383;150.569;120
3130606001001;2253;279.527;241.447;200
3130655001001;1944;76.0253;124.239;100
3130705001001;1951;261.251;204.718;160
3130804001001;815;61.2132;186.874;160
3130903001001;7727;1097.13;232.09;230
3131000001001;1656;207.147;256.277;220
3131109001001;2056;189.087;167.983;150
3131158001001;5080;751.74;216.24;200
3131208001001;6065;1405.99;246.342;180
3131307005001;6113;1516.86;608.173;520
3131307005002;6349;2252.69;415.043;400
3131307005003;7252;1522.36;315.05;300
3131307005004;8225;2851.46;364.069;350
3131307005005;5987;1952.23;347.958;330
3131307005006;5506;1434.04;304.943;300
3131307005007;6796;1276.36;303.779;300
3131307005008;6383;1288.9;304.202;300
3131307005009;4866;1555.49;538.618;500
3131307005010;5163;1960.38;397.454;400
3131307005011;5442;757.224;252.63;250
3131307005012;5644;1119.11;303.996;270
3131406001001;1420;230.47;192.792;170
3131505001001;3069;418.479;233.263;220
3131604001001;2017;477.992;283.354;250
3131703003001;4937;180.532;185.952;200
3131703003002;6468;822.077;314.068;300
3131703003003;5416;608.866;333.056;320
3131703003004;7707;1097.19;481.721;420
3131703003005;7403;878.636;393.12;300
3131802001001;3277;590.672;179.578;150
3131901003001;6126;973.6;358.601;350
3131901003002;7294;1600.56;423.893;400
3132008001001;1289;59.2967;148.52;130
3132107001001;4385;547.18;150.143;130
3132206001001;4056;703.136;326.875;300
3132305001001;3081;245.279;165.212;130
3132404003001;4247;778.714;386.362;350
3132404003002;10349;2068.01;331.347;300
3132404003003;6435;1721.11;359.887;300
3132404003004;7465;2300.97;487.474;400
3132503003001;4268;226.542;114.522;120
3132503003002;4839;944.764;200.464;180
3132602001001;1301;223.399;262.69;250
3132701001001;6626;861.705;224.514;150
3132800001001;694;39.3185;184.109;170
3132909001001;3465;432.423;174.147;150
3133006001001;4297;662.921;344.023;300
3133105001001;4410;766.498;345.791;300
3133204001001;3827;622.83;187.212;200
3133303001001;6244;1084.29;205.321;150
3133402001001;4578;747.58;320.205;300
3133501001001;7030;1093.6;261.168;200
3133600001001;2806;597.075;290.371;250
3133709001001;3078;438.072;253.805;200
3133758001001;4803;939.787;236.693;220
3133808003001;4320;953.822;375.046;350
3133808003002;7763;1962.07;395.173;350
3133808003003;7010;1219.09;359.322;300
3133808003004;8030;1079.37;369.684;300
3133907001001;1650;53.0318;221.156;180
3134004001001;3790;385.186;169.62;150
3134103001001;1860;200.632;178.873;150
3134202003001;3965;1144.07;303.382;250
3134202003002;6526;1703.28;246.289;200
3134202003003;4631;1444.68;344.188;300
3134202003004;5112;648.778;324.296;200
3134202003005;5511;1740.74;344.816;280
3134202003006;6962;1917.94;314.12;300
3134301001001;1862;164.601;166.173;130
3134400003001;4472;1491.37;324.223;300
3134400003002;6931;1732.87;318.074;270
3134509001001;1312;131.291;201.33;150
3134608001001;5482;409.729;220.126;200
3134707001001;3796;409.985;157.846;100
3134806001001;2540;297.481;224.014;200
3134905001001;7217;1507.35;314.567;290
3135001001001;906;105.349;189.642;200
3135050003001;4388;406.035;209.209;150
3135050003002;4603;676.332;235.441;200
3135076001001;1505;97.5611;159.548;150
3135100003001;6107;616.618;216.856;170
3135100003002;6191;908.321;277.152;250
3135100003003;6319;1062.21;221.745;190
3135209003001;7440;1157.64;237.527;200
3135209003002;10163;398.317;178.96;170
3135308001001;1202;155.032;259.802;250
3135357001001;2315;132.738;125.701;100
3135407001001;1686;146.44;335.962;280
3135456001001;1761;172.273;161.906;150
3135506001001;4088;436.12;186.396;150
3135605001001;2529;166.445;134.325;120
3135704001001;1591;81.14;216.88;180
3135803001001;7238;706.472;165.784;130
3135902001001;1570;146.556;206.167;200
3136009001001;4167;342.426;163.766;150
3136108001001;1674;156.459;179.639;150
3136207003001;5169;706.707;266.757;250
3136207003002;8398;1973.16;433.001;400
3136207003003;8726;1181.29;309.132;300
3136306003001;6513;674.543;234.942;200
3136306003002;7324;1503.5;296.812;280
3136405001001;1255;137.4;204.908;180
3136504001001;3048;311.007;150.747;150
3136520001001;1147;60.527;150.452;130
3136553001001;1302;83.565;185.143;150
3136579001001;1209;72.0952;113.506;100
3136603001001;1680;194.667;205.204;200
3136652001001;6895;1019.56;230.4;230
3136702005001;15676;2866.37;278.758;256
3136702005002;11109;2052.29;277.761;250
3136702005003;11454;2739.79;327.084;300
3136702005004;16891;3506.84;303.131;270
3136702005005;9210;2644.02;522.752;500
3136702005006;11276;3731.52;561.289;500
3136702005007;16586;4149.5;572.369;530
3136702005008;10974;2228.61;286.881;250
3136702005009;8814;1786.53;408.586;300
3136702005010;14852;2749.01;280.59;250
3136702005011;9715;2138.78;315.676;300
3136702005012;9444;2355.77;314.045;280
3136702005013;14345;3211.32;331.019;300
3136702005014;12628;1993.48;329.586;300
3136801001001;1204;79.0903;199.614;200
3136900001001;2847;369.278;289.023;285
3136959001001;1515;51.7497;112.496;100
3137007001001;4306;123.87;183.869;180
3137106001001;2691;342.03;194.911;170
3137205003001;7177;1153.48;296.906;300
3137205003002;7154;1189.17;326.178;280
3137304001001;1195;80.3559;130.492;100
3137403001001;3288;265.295;254.6;230
3137502001001;5672;932.496;245.263;220
3137536001001;2828;429.476;190.385;150
3137601003001;7792;1158.59;407.935;350
3137601003002;8084;1170.22;413.453;350
3137700001001;6180;1186.19;184.975;150
3137809001001;6458;943.578;276.711;250
3137908001001;1068;76.5337;212.035;180
3138005001001;2093;473.932;238.163;220
3138104001001;1991;201.069;157.575;140
3138203003001;4237;1064.36;375.893;310
3138203003002;4560;1321.39;422.792;350
3138203003003;4517;1197.84;386.88;380
3138203003004;6025;803.789;233.165;210
3138203003005;10042;2234.69;382.913;330
3138302001001;1038;129.745;259.056;255
3138351001001;1330;109.726;126.494;100
3138401003001;8212;1689.63;332.537;300
3138401003002;8463;1903.93;278.536;250
3138500001001;1727;217.007;194.322;200
3138609001001;5477;1088.02;237.031;200
3138625001001;2351;448.848;293.444;250
3138658001001;2335;214.185;119.406;100
3138674001001;1898;199.92;156.768;150
3138682001001;1700;76.2818;120.167;100
3138708001001;1792;151.834;280.929;200
3138807001001;5920;1027.14;277.076;250
3138906001001;2186;248.694;155.145;100
3139003003001;4278;436.624;241.784;200
3139003003002;7384;1422.35;275.115;230
3139102001001;1527;199.458;177.759;150
3139201001001;5522;597.707;176.687;150
3139250001001;1982;115.344;141.88;130
3139300001001;5191;494.6;144.364;90
3139409003001;5986;2210.05;355.413;300
3139409003002;7903;897.112;161.691;130
3139409003003;10498;3130.56;294.4;255
3139508001001;6918;1580.04;242.044;200
3139607003001;4187;900.995;232.223;200
3139607003002;4969;846.767;232.611;180
3139706001001;2062;186.132;240.858;250
3139805001001;3944;915.525;308.713;300
3139904001001;4015;332.99;290.474;250
3140001003001;5720;1079.26;391.405;350
3140001003002;10407;2153.83;402.907;400
3140100001001;1312;144.906;119.852;80
3140159001001;3876;453.455;204.525;200
3140209001001;891;152.447;220.203;220
3140308001001;1257;157.199;206.765;200
3140407001001;911;25.5122;109.288;120
3140506001001;4154;567.957;296.724;255
3140530001001;2208;376.74;165.966;150
3140555001001;2240;188.249;136.329;100
3140605001001;1286;97.09;130.419;100
3140704003001;4131;583.119;272.6;240
3140704003002;4469;700.356;246.487;250
3140803001001;4281;737.914;271.458;250
3140852001001;2504;202.828;115.809;100
3140902001001;5079;836.139;202.171;150
3141009001001;4002;278.172;120.642;100
3141108003001;9963;1309.05;272.725;250
3141207001001;1403;122.446;264.38;180
3141306001001;1134;173.197;301.892;250
3141405001001;6156;888.827;212.393;150
3141504001001;2083;264.902;213.116;200
3141603001001;3331;487.931;178.18;170
3141702001001;1811;173.932;226.073;200
3141801001001;7582;528.333;170.391;150
3141900001001;1147;170.536;189.963;150
3142007001001;3771;305.935;143.297;120
3142106001001;3332;602.623;207.617;200
3142205001001;4209;722.114;214.114;200
3142254001001;1189;65.0654;128.633;100
3142304001001;1485;161.511;315.782;300
3142403001001;2287;382.993;237.299;200
3142502001001;690;38.0148;157.999;140
3142601001001;2548;489.224;256.868;250
3142700001001;4421;359.657;151.941;120
3142809001001;6862;1204.96;260.139;220
3142908001001;6984;507.241;173.674;150
3143005001001;4368;522.403;215.361;200
3143104003001;6180;1556.66;220.291;190
3143104003002;8969;1955.42;220.514;170
3143153001001;1230;96.8884;158.948;150
3143203001001;7246;1465.33;238.159;230
3143302005001;4909;1530.03;395.269;386
3143302005002;4260;1431.96;398.954;350
3143302005003;4530;1001.15;325.997;300
3143302005004;4311;979.333;486.919;450
3143302005005;4797;941.035;529.76;500
3143302005006;4833;1199.61;429.072;400
3143302005007;4181;927.561;224.917;200
3143302005008;4735;730.521;250.75;250
3143302005009;4614;1112.33;273.59;250
3143302005010;4406;951.23;285.622;280
3143302005011;4984;770.653;239.305;220
3143302005012;4122;658.944;200.704;200
3143302005013;5663;807.336;205.309;200
3143302005014;4657;567.538;209.69;200
3143302005015;4249;769.796;252.842;250
3143302005016;4425;626.857;195.904;180
3143302005017;4403;685.503;213.212;220
3143302005018;6270;763.382;226.003;150
3143302005019;4799;673.364;259.824;250
3143302005020;4511;724.729;184.496;200
3143302005021;4287;589.304;216.377;200
3143302005022;7349;283.38;112.414;120
3143401001001;7060;1826.47;338.69;300
3143450001001;1897;57.8432;138.138;150
3143500001001;2844;374.103;239.347;180
3143609001001;811;70.9603;156.512;150
3143708001001;1069;72.6305;210.323;200
3143807001001;1954;230.35;219.629;200
3143906003001;4654;1049.9;374.742;350
3143906003002;4334;544.294;154.141;150
3143906003003;6289;1923.95;283.612;250
3143906003004;8826;2482.82;351.725;300
3143906003005;9314;2262.41;265.483;250
3144003003001;4140;478.094;167.863;150
3144003003002;4433;636.002;230.914;200
3144102001001;6670;1097.48;285.535;250
3144201001001;924;71.9871;168.09;150
3144300003001;6418;1423.46;271.573;200
3144300003002;6643;1046.63;191.087;150
3144359001001;1840;310.773;211.218;200
3144375001001;1064;155.53;148.202;150
3144409001001;1609;158.177;215.826;200
3144508001001;2451;335.148;202.62;200
3144607001001;8032;915.079;229.179;200
3144656001001;2592;116.941;163.233;150
3144672001001;1175;93.0173;142.477;150
3144706001001;5238;911.284;245.73;220
3144805003001;4223;991.232;422.391;350
3144805003002;4537;640.861;379.405;350
3144805003003;7981;951.344;799.425;400
3144805003004;7761;1111.26;278.305;260
3144904001001;1174;99.8797;202.291;150
3145000001001;3986;1011.26;316.825;270
3145059001001;2032;206.488;140.049;120
3145109001001;4975;494.667;291.454;250
3145208003001;4077;1799.75;332.809;300
3145208003002;4415;1242.25;282.034;270
3145208003003;5378;2141.7;344.778;300
3145208003004;8231;3356.62;395.837;350
3145307001001;7992;454.216;215.479;200
3145356001001;3026;328.555;157.488;150
3145372001001;1420;59.2952;117.425;100
3145406001001;670;74.2152;163.316;150
3145455001001;1483;120.261;158.37;150
3145505001001;799;88.0667;170.082;150
3145604003001;5736;878.949;322.106;255
3145604003002;6377;872.963;284.523;250
3145703001001;671;37.4992;183.371;200
3145802001001;928;80.0839;217.74;200
3145851001001;1285;173.532;174.456;170
3145877001001;2204;168.59;138.658;150
3145901003001;4321;739.778;469.777;420
3145901003002;6111;824.545;314.665;300
3146008003001;4427;784.874;239.423;200
3146008003002;6193;1007.38;314.264;280
3146107003001;10061;1421.09;367.226;300
3146107003002;10601;1771.29;412.852;350
3146206001001;1714;156.062;139.068;150
3146255001001;1406;145.757;142.874;120
3146305001001;5016;694.151;206.226;170
3146404001001;1688;249.58;174.672;130
3146503001001;2677;430.506;275.772;265
3146552001001;1640;57.9169;111.343;100
3146602001001;525;32.5714;167.864;200
3146701001001;2068;251.124;162.778;150
3146750001001;2079;138.551;98.3765;80
3146909001001;4090;537.658;227.722;200
3147006003001;4947;223.259;254.601;255
3147006003002;4343;646.554;314.243;300
3147006003003;6611;1183.27;313.605;250
3147006003004;8142;1781.66;463.739;450
3147105003001;4724;1126.79;419.093;351
3147105003002;5291;1063.81;410.718;400
3147105003003;7363;1265.36;356.42;330
3147105003004;8645;1161.97;241.017;230
3147204001001;6389;670.091;230.009;200
3147303001001;6460;1120.55;257.148;220
3147402001001;6742;1084.42;266.298;250
3147501001001;559;33.2025;189.311;150
3147600001001;4864;835.877;303.967;300
3147709001001;2750;283.003;188.313;180
3147808001001;702;112.164;229.058;200
3147907003001;4574;775.765;233.502;200
3147907003002;4529;1332.59;312.375;250
3147907003003;4735;1042.7;310.432;300
3147907003004;4212;1016.33;395.917;350
3147907003005;6960;1214.02;289.422;250
3147907003006;8740;2700.94;346.474;300
3147956001001;1526;64.261;126.951;120
3148004003001;5175;1026.06;284.286;265
3148004003002;4113;1025.85;260.231;240
3148004003003;4225;354.426;240.874;220
3148004003004;4438;250.877;163.669;120
3148004003005;4242;1026.99;380.657;350
3148004003006;4659;1289.01;470.374;460
3148004003007;4817;1569.52;362.391;320
3148004003008;5429;1179.65;511.867;510
3148004003009;8888;2537.32;406.884;400
3148103003001;4878;263.625;231.123;180
3148103003002;4738;884.49;293.896;300
3148103003003;7803;1818.52;328.814;255
3148103003004;8603;2574.94;350.761;300
3148202001001;1798;361.991;214.247;200
3148301001001;2700;203.27;156.168;150
3148400001001;1347;95.2305;154.885;150
3148509001001;2501;219.592;193.684;170
3148608001001;4943;466.868;224.044;150
3148707001001;6646;990.707;184;130
3148756001001;1780;76.642;149.105;130
3148806001001;1083;87.1058;163.471;150
3148905001001;1327;149.695;208.231;200
3149002001001;680;133.483;166.053;160
3149101001001;3467;380.286;218.403;200
3149150001001;2726;130.612;119.62;100
3149200001001;1137;185.668;229.853;200
3149309003001;4467;550.487;229.501;220
3149309003002;5807;851.876;339.67;300
3149309003003;7388;1392.36;404.083;350
3149408001001;586;55.7802;153.484;150
3149507001001;1088;235.613;249.942;220
3149606001001;1334;181.832;204.304;200
3149705001001;2736;870.07;321.495;300
3149804001001;4514;888.29;318.921;280
3149903001001;6399;882.953;261.224;250
3149952001001;2011;189.636;166.217;150
3150000001001;1220;141.78;185.87;170
3150109001001;939;64.5041;216.344;200
3150158001001;2150;543.325;166.696;150
3150208001001;1175;226.059;161.288;150
3150307001001;1616;157.822;189.461;150
3150406001001;1562;127.86;217.278;200
3150505001001;2727;441.304;260.815;250
3150539001001;1303;257.297;138.759;140
3150570001001;1858;109.807;141.408;130
3150604001001;2150;174.131;186.037;180
3150703001001;1519;376.517;238.515;250
3150802001001;4623;234.823;251.22;230
3150901001001;1647;113.351;249.091;250
3151008001001;2435;368.297;299.081;300
3151107001001;3503;777.279;238.062;200
3151206003001;7259;986.207;184.673;180
3151206003002;8203;1726.17;303.003;250
3151305001001;3503;516.937;225.323;215
3151404001001;7732;1474;323.25;270
3151503003001;4185;1000.46;330.736;300
3151503003002;6730;1427.97;310.359;260
3151602001001;3298;888.56;271.325;250
3151701001001;5177;512.512;244.87;230
3151800003001;4259;1637.55;364.047;330
3151800003002;4281;1141.8;317.379;300
3151800003003;4395;1906.87;444.032;400
3151800003004;4174;1305.79;487.304;450
3151800003005;6831;1028.98;248.533;250
3151800003006;4181;824.323;343.872;250
3151800003007;4792;926.75;277.565;250
3151800003008;7210;2878.04;285.547;250
3151800003009;10855;4197.9;446.237;400
3151909001001;3037;320.79;165.479;150
3152006003001;8660;1570.75;263.383;220
3152105003001;4726;721.58;268.518;220
3152105003002;6876;1843.47;249.844;250
3152105003003;6786;1788;354.552;280
3152131001001;1105;50.6803;179.238;150
3152170001001;3067;225.329;183.583;180
3152204003001;3983;83.4372;90.2009;80
3152204003002;7120;681.099;193.366;150
3152303001001;2885;266.795;169.027;150
3152402001001;4591;464.733;181.824;150
3152501003001;4190;798.599;412.852;300
3152501003002;4280;1376.56;456.954;400
3152501003003;3949;727.18;267.518;250
3152501003004;11286;2758.18;388.411;400
3152501003005;7525;1059.06;409.156;400
3152501003006;10043;3387.68;469.411;400
3152600001001;2051;202.166;262.191;250
3152709001001;2646;245.706;224.132;200
3152808003001;8521;1367.02;287.634;250
3152907001001;3109;499.299;217.478;180
3153004001001;1136;77.1391;236.222;150
3153103001001;1618;141.096;198.993;200
3153202001001;1177;41.5696;120.397;100
3153301001001;765;50.9743;163.396;150
3153400001001;6433;943.756;184.757;150
3153509001001;2778;496.984;175.365;150
3153608001001;2703;348.902;202.776;180
3153707001001;1130;146.777;202.941;150
3153806001001;602;64.8846;259.906;250
3153905001001;4379;587.075;219.801;200
3154002001001;7811;1185.64;207.809;180
3154101001001;3533;783.356;200.226;180
3154150001001;1953;288.207;183.645;180
3154200001001;3585;368.869;226.621;200
3154309001001;5880;1037.79;254.292;205
3154408001001;1474;95.6861;213.14;200
3154457001001;2408;214.948;168.662;150
3154507001001;2313;105.833;139.793;110
3154606005001;5835;482.245;234.02;240
3154606005002;4177;636.39;212.277;200
3154606005003;4614;350.908;183.49;180
3154606005004;4074;451.284;189.569;200
3154606005005;4104;253.735;179.653;150
3154606005006;4157;409.232;175.693;150
3154606005007;5936;550.572;195.912;180
3154606005008;4092;644.215;263.185;220
3154606005009;5153;437.141;224.439;200
3154606005010;5077;771.411;205.133;200
3154606005011;4245;669.018;226.535;235
3154606005012;3998;636.12;240.486;200
3154606005013;4035;505.248;209.528;200
3154606005014;4074;581.629;232.847;220
3154606005015;4200;531.152;234.582;230
3154606005016;4258;693.919;231.821;240
3154606005017;4295;577.074;234.56;232
3154606005018;4229;599.974;219.552;200
3154606005019;4476;537.101;218.552;200
3154606005020;4454;652.36;244.611;230
3154705001001;1225;159.253;253.325;220
3154804001001;2635;334.021;348.544;300
3154903001001;4388;786.719;263.254;240
3155009001001;778;90.3176;212.876;230
3155108001001;1553;112.595;122.273;100
3155207001001;1842;79.36;160.082;150
3155306001001;1698;124.524;200.283;200
3155405001001;2853;546.152;227.588;200
3155504001001;3947;649.087;332.586;300
3155603001001;7597;424.334;155.213;120
3155702001001;4404;411.909;246.478;200
3155801001001;5547;1249.52;321.909;300
3155900001001;1794;351.959;224.262;200
3156007001001;3813;229.204;157.084;120
3156106001001;1691;150.974;170.749;120
3156205001001;703;101.297;198.875;200
3156304001001;2093;428.128;274.795;255
3156403001001;1150;193.214;207.631;200
3156452001001;1433;229.994;157.617;150
3156502001001;2238;166.132;101.343;100
3156601001001;3090;292.943;140.341;90
3156700003001;4944;693.019;349.072;310
3156700003002;4838;968.683;312.936;300
3156700003003;5542;603.786;199.874;200
3156700003004;5261;401.074;292.397;300
3156700003005;7905;783.83;232.476;200
3156700003006;8203;843.743;310.196;270
3156809001001;4700;492.67;255.512;200
3156908001001;7768;1356.84;358.358;300
3157005003001;4040;842.684;251.604;200
3157005003002;7823;702.353;223.882;170
3157104001001;1984;229.095;157.698;130
3157203001001;8044;1114.8;321.827;300
3157252001001;2377;317.15;152.32;150
3157278001001;946;149.164;184.507;150
3157302001001;1385;114.87;161.276;150
3157336001001;2524;501.518;251.556;250
3157377001001;1284;40.761;114.19;100
3157401001001;1573;88.8178;169.992;150
3157500001001;1327;130.222;167.731;150
3157609001001;1165;70.8243;142.908;130
3157658001001;1616;138.209;100.279;80
3157708001001;3469;819.226;358.384;300
3157807005001;5554;440.527;226.358;200
3157807005002;6949;622.433;383.637;300
3157807005003;5160;758.365;303.955;270
3157807005004;4551;554.834;235.316;250
3157807005005;4287;348.367;231.945;200
3157807005006;6095;652.484;259.321;250
3157807005007;4691;835.355;273.698;250
3157807005008;5008;745.332;280.273;280
3157807005009;4501;303.361;326.36;320
3157807005010;4133;308.453;214.124;200
3157807005011;4097;210.92;217.255;230
3157807005012;3982;156.531;205.658;200
3157906001001;4331;490.519;160.245;120
3158003001001;2925;240.713;296.761;250
3158102001001;1602;150.935;115.345;100
3158201001001;4313;627.513;196.59;150
3158300001001;2205;263.518;202.196;200
3158409001001;1214;154.898;172.969;150
3158508001001;2553;121.36;250.412;200
3158607001001;1175;151.886;248.76;230
3158706001001;667;42.7679;182.429;180
3158805001001;1543;201.067;163.637;150
3158904001001;2571;270.168;157.329;150
3158953001001;7926;1076.07;256.767;250
3159001001001;1312;132.144;313.699;300
3159100001001;1152;60.3462;180.623;180
3159209001001;3159;388.932;229.381;200
3159308001001;1788;317.673;218.275;180
3159357001001;2062;407.915;184.824;150
3159407001001;1098;89.0177;174.955;150
3159506001001;1788;178.311;144.109;150
3159605003001;4823;1304.18;459.434;420
3159605003002;6703;966.231;381.153;360
3159704001001;1083;64.9924;184.604;150
3159803001001;6214;1036.75;298.21;250
3159902001001;5087;579.089;194.443;150
3160009001001;1205;118.011;169.528;150
3160108001001;1240;229.376;198.588;200
3160207001001;1075;43.7972;188.89;150
3160306001001;3590;317.776;143.464;100
3160405003001;4293;742.052;323.452;300
3160405003002;4237;921.788;282.171;250
3160454001001;1798;48.232;119.956;110
3160504001001;533;50.9753;226.583;200
3160603001001;1052;59.9637;142.452;140
3160702003001;6994;1457.68;271.372;250
3160702003002;7808;1250.8;189.406;165
3160801001001;1316;165.899;170.79;150
3160900001001;1104;92.7237;350.955;350
3160959001001;1562;108.331;184.919;180
3161007001001;5423;734.642;238.729;210
3161056001001;1059;144.63;157.475;130
3161106003001;6289;280.291;106.592;100
3161106003002;7344;652.027;208.717;150
3161205001001;1998;159.763;169.327;150
3161304001001;2077;311.511;225.848;200
3161403001001;1619;252.582;163.23;150
3161502001001;3259;551.417;196.777;180
3161601001001;1243;87.4567;162.843;140
3161650001001;1148;181.063;162.443;150
3161700001001;2018;304.976;210.134;160
3161809001001;3350;603.78;286.727;250
3161908001001;2757;264.039;314.249;300
3162005001001;7219;910.159;275.901;250
3162104003001;4163;915.377;175.521;150
3162104003002;5928;1659.24;297.113;250
3162203001001;2311;294.742;238.697;200
3162252001001;1446;94.7264;140.952;150
3162302001001;906;56.2691;193.114;200
3162401001001;6635;209.347;151.001;150
3162450001001;2548;73.484;130.393;150
3162500003001;4311;1379.2;317.895;300
3162500003002;4802;934.594;421.572;400
3162500003003;4745;1210.74;471.742;450
3162500003004;6686;911.311;252.502;210
3162500003005;7203;1260.19;357.682;300
3162559001001;3052;409.149;165.148;150
3162575001001;1714;258.416;177.364;150
3162609001001;2527;414.53;161.14;150
3162658001001;1144;48.5942;113.364;100
3162708001001;6043;481.661;193.846;150
3162807001001;4605;615.184;253.6;180
3162906003001;8410;1762.54;278.793;255
3162922001001;9059;886.709;265.82;250
3162948001001;2065;339.104;279.298;260
3162955001001;5703;612.648;242.125;250
3163003001001;1164;171.297;180.757;180
3163102001001;1307;183.648;226.65;200
3163201001001;1271;141.431;215.675;200
3163300001001;1174;140.344;161.831;150
3163409001001;1746;166.567;191.617;160
3163508001001;1865;111.339;188.033;150
3163607001001;795;126.102;178.444;150
3163706003001;6871;1536.16;301.955;260
3163706003002;7048;1953.14;414.175;350
3163805001001;2065;147.875;206.607;180
3163904001001;1776;189.165;140.801;100
3164001001001;2570;357.513;182.648;150
3164100001001;1656;149.24;200.149;150
3164209001001;2483;163.413;204.387;200
3164308001001;2326;264.061;276.77;250
3164407001001;1560;280.225;240.18;200
3164431001001;933;123.196;180.211;150
3164472001001;1715;186.262;146.41;140
3164506001001;2930;124.39;124.442;100
3164605001001;1849;315.673;314.423;300
3164704003001;4158;1188.01;330.034;300
3164704003002;8397;2108.63;298.116;250
3164704003003;8463;1534.41;299.04;250
3164803001001;518;35.3299;147.245;120
3164902001001;682;66.9634;240.029;230
3165008001001;3353;539.213;205.692;200
3165107001001;2301;376.833;181.642;170
3165206001001;2172;398.677;226.992;200
3165305001001;2066;259.363;282.097;240
3165404001001;1996;303.869;207.052;200
3165503001001;1505;151.646;254.4;230
3165537001001;7359;753.325;256.535;250
3165552001001;2562;73.9055;157.463;150
3165560001001;931;30.986;122.316;100
3165578001001;1583;161.929;172.482;150
3165602001001;632;108.967;233.622;250
3165701001001;2320;241.924;176.694;150
3165800001001;632;38.8201;153.265;140
3165909001001;1338;73.2345;152.484;150
3166006001001;1648;97.6099;236.413;250
3166105001001;1036;50.5767;215.002;150
3166204001001;2995;196.355;169.036;150
3166303001001;2105;212.118;134.046;100
3166402001001;577;69.6468;226.532;230
3166501001001;1122;55.5119;129.616;140
3166600001001;290;12.4363;169.55;190
3166709001001;2685;381.666;150.498;150
3166808001001;3287;573.669;247.621;200
3166907001001;2267;374.68;199.105;170
3166956001001;1288;40.5535;132.862;130
3167004001001;639;57.086;143.95;100
3167103001001;5699;516.601;306.869;250
3167202005001;4647;646.23;240.096;250
3167202005002;4371;687.669;251.833;250
3167202005003;6126;574.693;230.125;250
3167202005004;4773;907.836;275.28;275
3167202005005;4533;710.459;344.089;350
3167202005006;4694;922.042;323.648;300
3167202005007;4188;782.714;387.048;350
3167202005008;6745;1688.64;606.243;530
3167202005009;4494;1273.81;464.138;450
3167202005010;4434;680.787;241.643;250
3167202005011;4493;948.463;362.635;280
3167202005012;4127;994.568;364.53;340
3167202005013;6125;796.819;348.095;300
3167301001001;737;63.7421;206.473;230
3167400001001;2024;287.392;276.394;240
3167509001001;756;104.494;208.867;200
3167608001001;5467;748.712;173.997;150
3167707001001;1829;262.938;157.26;150
3167806001001;1887;264.878;204.666;180
3167905001001;1359;156.387;225.76;200
3168002003001;4289;409.949;118.021;100
3168002003002;4666;935.279;239.743;200
3168051001001;1093;148.607;143.704;130
3168101001001;1293;163.141;422.371;300
3168200001001;665;50.0069;191.878;150
3168309001001;1188;81.8844;286.994;250
3168408001001;4597;521.083;210.281;180
3168507001001;3694;569.205;199.782;180
3168606003001;4086;659.445;214.598;200
3168606003002;11286;2818.28;411.077;400
3168606003003;5059;1041.8;249.776;220
3168606003004;6101;206.847;127.41;100
3168606003005;7202;714.428;190.088;160
3168606003006;7753;2036.84;409.283;350
3168705003001;4993;737.944;275.644;250
3168705003002;4732;673.862;266.432;250
3168705003003;7333;1850.23;416.909;370
3168705003004;7589;1058.45;356.019;300
3168804001001;2365;475.554;431.884;300
3168903001001;2511;348.718;247.531;200
3169000001001;5112;1035.77;240.69;240
3169059001001;1265;51.1587;173.88;180
3169109001001;1863;155.523;228.25;200
3169208001001;3176;645.021;244.411;220
3169307003001;4141;594.571;205.941;170
3169307003002;8055;1551.99;302.177;250
3169307003003;10147;2394.36;306.452;271
3169356003001;8837;1902.87;299.066;250
3169406003001;7887;1077.15;296.79;250
3169406003002;8293;1221.02;243.791;200
3169505001001;1973;280.448;163.68;150
3169604003001;4225;938.759;261.238;200
3169604003002;4217;927.278;246.627;200
3169703001001;5366;690.268;191.704;150
3169802001001;1524;147.119;222.674;200
3169901003001;4410;1240.65;291.169;250
3169901003002;4896;1706.69;399.419;380
3169901003003;5640;1348.03;270.475;250
3169901003004;4331;1532.23;352.97;330
3169901003005;6242;1924.36;297.464;280
3169901003006;6973;1559.02;263.067;250
3170008001001;3014;135.126;164.314;150
3170057001001;3702;493.642;177.254;150
3170107005001;8417;3054.21;483.559;450
3170107005002;4603;1272.25;494.627;450
3170107005003;6087;1405.44;405.719;380
3170107005004;6981;1786.9;458.592;400
3170107005005;6888;1923.9;385.896;300
3170107005006;6599;2891.4;465.316;450
3170107005007;4213;1226.08;342.568;300
3170107005008;7789;1702.44;271.061;250
3170107005009;9203;1205.07;278.826;250
3170107005010;5553;1309.77;242.489;220
3170107005011;6078;1744.29;347.057;300
3170107005012;6079;1560.77;318.314;300
3170107005013;5297;679.946;252.308;250
3170107005014;5001;594.511;225.794;200
3170107005015;6180;1277.92;271.451;260
3170107005016;4616;426.234;418.862;300
3170206005001;11243;2536.55;244.464;250
3170206005002;9991;3116.75;308.316;300
3170206005003;13616;3372.05;283.26;250
3170206005004;9398;2058.41;222.753;200
3170206005005;11520;5128.41;376.504;300
3170206005006;11406;5574.71;389.29;350
3170206005007;8328;2733.86;546.708;500
3170206005008;11820;4378.92;308.413;280
3170206005009;9275;2232.57;316.701;300
3170206005010;8943;3307.01;300.865;300
3170206005011;16941;5446.15;345.629;280
3170206005012;9906;1641.69;199.122;200
3170206005013;18590;6802.04;444.314;430
3170206005014;14262;3515.33;459.87;400
3170206005015;16051;3016.34;259.048;250
3170206005016;10083;2825.63;405.792;350
3170206005017;6783;560.89;218.848;200
3170305001001;844;80.2057;97.5878;80
3170404003001;4772;1050.07;279.353;250
3170404003002;4906;904.585;324.503;300
3170404003003;5767;123.234;569.961;150
3170404003004;9661;2412.49;357.781;300
3170438001001;1603;313.904;203.634;170
3170479001001;1060;79.1943;132.365;100
3170503001001;2896;544.026;166.167;130
3170529001001;3071;258.645;168.991;125
3170578001001;2064;349.506;147.65;130
3170602001001;803;81.0247;198.435;200
3170651001001;1186;81.8807;94.3548;70
3170701003001;4534;1488.19;408.358;380
3170701003002;4460;837.852;336.364;350
3170701003003;5005;778.517;330.059;300
3170701003004;4970;1621.38;483.948;420
3170701003005;6160;1379.94;346.126;300
3170701003006;6442;1946.56;414.398;350
3170701003007;6274;1274.66;387.081;350
3170750001001;1960;385.198;220.312;200
3170800003001;4672;760.473;216.128;200
3170800003002;6146;887.844;217.166;200
3170909001001;4856;180.221;166.966;150
3171006001001;6542;1068.56;281.333;250
3171030001001;2139;116.718;134.563;100
3171071001001;1640;143.57;98.7847;100
3171105001001;1178;237.214;253.551;250
3171154001001;1458;111.115;165.616;150
3171204003001;4148;275.693;256.074;250
3171204003002;4246;439.602;239.415;220
3171204003003;5667;485.418;239.739;250
3171204003004;7608;1532.07;338.376;300
3171204003005;8535;988.033;232.746;230
3171303003001;4396;506.889;224.57;180
3171303003002;4659;1268.61;303.387;270
3171303003003;6300;1234.33;290.037;250
3171303003004;7545;2144.31;442.517;420
3171402001001;1168;170.26;166.325;180
3171501001001;990;90.7332;125.518;100
3171600001001;3953;313.81;137.059;120
3171709001001;2682;205.286;189.602;150
3171808001001;3042;354.454;266.795;250
3171907001001;1776;128.354;214.244;160
3172004003001;5358;967.301;270.55;268
3172004003002;6822;1814.92;289.552;263
3172103001001;1540;243.109;219.267;200
3172202001001;789;73.5694;210.55;160
3200102003001;4462;181.645;161.086;150
3200102003002;5475;1091.16;227.54;200
3200136001001;2952;315.421;247.205;200
3200169001001;3780;361.349;192.447;150
3200201003001;4745;855.391;229.127;180
3200201003002;5290;1277.96;328.082;280
3200300001001;4584;605.174;262.198;255
3200359001001;2302;323.411;168.764;150
3200409001001;7405;1062.31;327.599;300
3200508001001;2458;253.584;211.192;180
3200607003001;4450;1159.57;401.202;350
3200607003002;4272;1009.37;397.75;400
3200607003003;6304;652.37;267.446;250
3200607003004;9004;1772.66;405.653;350
3200706001001;2984;478.444;232.62;225
3200805003001;4464;972.58;269.94;250
3200805003002;4990;540.387;205.243;170
3200904003001;5205;270.593;135.117;120
3200904003002;7780;1883.36;296.071;250
3201001001001;4427;645.404;197.818;180
3201100001001;3257;685.046;252.446;250
3201159001001;3514;304.911;228.429;210
3201209003001;4361;853.692;368.457;280
3201209003002;12199;2190.6;294.139;255
3201209003003;4496;954.308;283.681;260
3201209003004;6050;1077.61;347.959;300
3201209003005;5317;1078.22;332.397;290
3201209003006;5770;1235.42;368.091;300
3201209003007;4418;924.412;244.997;200
3201209003008;8790;1244.76;209.075;200
3201209003009;8914;1769.61;291.296;260
3201308005001;4422;444.88;159.308;150
3201308005002;8264;897.505;251.879;250
3201308005003;7753;917.243;231.882;230
3201308005004;10273;1379.45;268.636;250
3201308005005;5680;1447.61;340.613;304
3201308005006;11975;3506.37;390.042;350
3201308005007;5430;867.599;286.576;270
3201308005008;5196;1116.02;332.966;300
3201308005009;6112;1059;292.199;255
3201308005010;9729;1107.67;215.509;200
3201308005011;5992;574.96;183.53;180
3201308005012;7560;567.841;201.484;200
3201308005013;8600;1018.43;205.189;200
3201308005014;5141;1010.76;263.895;255
3201308005015;6687;892.305;236.4;220
3201407003001;5087;1874.19;351.927;350
3201407003002;6006;904.554;291.396;300
3201506003001;4716;824.259;285.713;250
3201506003002;4179;276.618;131.385;100
3201506003003;4553;1160.17;259.527;250
3201506003004;4957;1056.25;271.699;250
3201506003005;4191;1007.15;264.221;250
3201506003006;7128;2049.41;368.909;320
3201506003007;7173;2038.24;366.612;320
3201605003001;4123;485.862;219.719;180
3201605003002;4419;631.43;167.768;150
3201704001001;3654;735.823;241.267;245
3201803001001;1402;195.594;151.252;150
3201902003001;4829;668.255;420.381;400
3201902003002;4978;519.288;251.92;250
3202009001001;2066;388.08;205.05;200
3202108001001;7806;897.885;184.721;150
3202207001001;5426;862.358;302.719;300
3202256001001;3363;295.802;242.664;250
3202306003001;4306;1394.82;248.765;200
3202306003002;4654;646.87;185.912;150
3202405003001;4727;1059.94;503.282;400
3202405003002;5120;639.788;266.72;200
3202405003003;4421;1009.86;426.114;400
3202405003004;5449;1255.63;403.732;350
3202405003005;5521;494.375;255.055;250
3202405003006;8504;1549.46;324.243;300
3202454001001;7119;1542.49;208.809;200
3202504001001;3456;546.14;297.289;250
3202553001001;2701;405.335;167.092;150
3202603001001;4058;666.289;303.952;300
3202652001001;3727;562.594;203.664;190
3202702001001;4666;485.545;210.518;180
3202801003001;4105;423.595;269.843;250
3202801003002;5313;312.022;208.081;150
3202900001001;3375;428.94;215.307;200
3203007003001;4151;1761.36;213.188;200
3203007003002;4583;413.33;152.759;130
3203056001001;7355;966.984;211.255;180
3203106001001;3544;765.436;211.682;190
3203130001001;4979;702.642;317.449;300
3203163001001;3556;243.515;185.931;150
3203205003001;5054;254.427;191.394;200
3203205003002;4515;1168.34;400.58;380
3203205003003;6371;810.26;263.738;250
3203205003004;4132;832.318;283.743;270
3203205003005;6195;1505.67;502.999;450
3203205003006;8043;1682.99;251.598;250
3203205003007;8703;2089.06;436.938;380
3203304001001;4466;611.358;176.456;150
3203320003001;4208;278.42;222.14;200
3203320003002;6495;1240.04;302.733;300
3203346001001;4584;915.335;291.625;250
3203353001001;3562;528.687;276.115;270
3203403003001;8436;937.598;224.099;200
3203502001001;5772;840.672;256.058;230
3203601001001;1868;96.2731;120.52;100
3203700001001;5619;946.695;232.012;200
3203809001001;4514;561.101;243.776;200
3203908003001;6929;1533.92;271.048;250
3203908003002;7690;614.028;270.39;250
3204005001001;6555;745.802;222.267;200
3204054001001;7191;981.663;190.292;180
3204104001001;7485;1285.46;242.995;200
3204203001001;5806;1084.93;294.761;250
3204252001001;2260;287.084;154.946;120
3204302001001;3318;316.914;288.631;200
3204351001001;5477;606.622;246.963;250
3204401001001;3633;381.454;267.904;230
3204500001001;3829;211.697;279.094;280
3204559003001;4336;161.556;204.426;200
3204559003002;5800;1316.36;277.953;250
3204609001001;6936;1221.72;336.99;300
3204658001001;2544;260.139;283.335;270
3204708003001;4377;654.534;293.903;230
3204708003002;5963;1515.62;273.272;250
3204807001001;3563;654.684;184.492;150
3204906003001;4397;1232.09;377.297;350
3204906003002;4586;733.335;358.5;350
3204906003003;4198;1243.08;468.01;450
3204906003004;5659;1017.15;251.529;250
3204906003005;5337;359.459;164.19;130
3204906003006;8876;1339.68;303.633;250
3204955001001;3526;436.932;220.029;210
3205002005001;5820;1505.52;243.129;250
3205002005002;8182;1992.77;328.074;300
3205002005003;7104;1450.28;349.693;330
3205002005004;4472;1922.5;271.978;250
3205002005005;4765;1209.26;437.779;400
3205002005006;5891;1533.11;352.645;320
3205002005007;4678;744.942;316.992;300
3205002005008;5364;1068.32;423.565;450
3205002005009;9206;1890.55;569.031;510
3205002005010;5734;1650.67;343.691;350
3205002005011;6838;1599.6;303.587;250
3205002005012;4850;793.434;316.493;300
3205002005013;4418;986.477;394.316;400
3205002005014;6967;1372.23;321.716;300
3205002005015;7782;1199.4;259.621;250
3205002005016;4615;604.272;209.203;200
3205002005017;4868;683.924;262.686;250
3205002005018;4527;823.814;261.692;250
3205002005019;5867;882.114;267.082;250
3205002005020;7079;1674.84;282.561;280
3205002005021;7036;1664.21;275.397;250
3205010001001;6973;1198.39;225.517;200
3205036001001;5764;957.257;241.907;200
3205069001001;6337;1965.2;344.717;340
3205101003001;5293;433.543;261.507;200
3205101003002;6764;851.875;261.357;250
3205101003003;7747;1097.31;248.746;250
3205150001001;2818;316.937;196.027;200
3205176001001;4234;287.353;263.057;250
3205200005001;5488;1564.94;437.822;400
3205200005002;11049;2822.99;861.85;800
3205200005003;7996;2117.71;707.63;650
3205200005004;7320;2184.32;693.729;600
3205200005005;7066;1510.71;447.685;430
3205200005006;4957;1637.21;383.443;350
3205200005007;8103;2162.34;469.715;450
3205200005008;5140;1219.74;376.582;350
3205200005009;5033;1440.57;438.085;410
3205200005010;5060;1721.14;456.565;450
3205200005011;7453;1959.2;412.761;400
3205200005012;5779;1264.27;349.027;320
3205200005013;6059;1022.53;307.529;300
3205200005014;5109;626.047;265.783;250
3205200005015;4754;897.835;278.81;250
3205200005016;7484;1551.09;297.728;280
3205200005017;5968;1315.88;344.821;310
3205200005018;7808;1528.45;299.691;300
3205200005019;18995;3288.74;270.311;250
3205309005001;6672;1557.27;451.403;400
3205309005002;4882;963.729;311.883;300
3205309005003;6806;1272.36;335.899;300
3205309005004;10104;1787.61;455.165;400
3205309005005;5766;1247.6;459.605;480
3205309005006;4289;952.73;373.647;350
3205309005007;7281;1573.41;348.194;300
3205309005008;6712;972.983;891.528;850
3205309005009;5633;1051.06;1295.3;1000
3205309005010;15415;3696.95;864.705;800
3205309005011;4401;1091.04;604.547;600
3205309005012;4245;1443.28;438.505;400
3205309005013;9961;2104.76;271.381;250
3205309005014;17140;4561.83;618.946;600
3300100003001;5457;1210.95;410.565;350
3300100003002;15199;3918.16;328.362;280
3300100003003;6522;1269.17;502.577;400
3300100003004;5774;1890.52;453.646;380
3300100003005;4517;1124.27;452.406;350
3300100003006;7939;1928.33;488.948;380
3300100003007;8382;2022.47;327.914;300
3300159001001;3468;627.67;250.871;230
3300209003001;4343;329.161;221.761;250
3300209003002;4467;450.554;370.426;350
3300209003003;6205;895.073;374.834;380
3300209003004;6045;732.274;338.544;350
3300209003005;7060;802.487;393.323;350
3300209003006;8030;1604.17;396.738;350
3300225001001;3518;542.398;289.167;255
3300233003001;4149;620.249;393.455;300
3300233003002;4955;1300.2;614.882;500
3300258003001;9003;1538.62;493.741;500
3300308003001;4249;833.344;229.407;220
3300308003002;4391;555.565;247.174;200
3300308003003;4354;848.968;240.93;250
3300308003004;4618;1249.55;319.287;300
3300308003005;5781;941.789;241.22;225
3300308003006;7520;1759.6;340.501;300
3300407003001;3791;502.743;300.445;300
3300407003002;5395;666.387;266.858;250
3300407003003;4427;538.451;238.094;200
3300407003004;4645;583.797;223.599;200
3300407003005;4274;1069.15;479.501;480
3300407003006;14895;2789.06;302.584;250
3300407003007;4294;1331.28;428.285;400
3300407003008;7484;952.034;245.557;250
3300407003009;7526;950.767;251.431;250
3300456005001;36342;6510.46;282.531;260
3300456005002;28896;2182.89;215.905;200
3300456005003;28508;2864.08;245.559;250
3300456005004;22245;2105.87;235.79;230
3300456005005;29992;3341.76;246.378;250
3300506003001;8603;2282.78;281.062;250
3300605003001;4479;505.037;301.659;250
3300605003002;7367;1484.83;316.626;270
3300704003001;4172;661.282;253.811;250
3300704003002;14494;2673.13;367.713;350
3300704003003;5198;1028.57;720.012;650
3300704003004;5345;792.938;297.251;280
3300704003005;4356;646.442;296.383;300
3300704003006;6216;1556.65;759.38;680
3300704003007;5195;1604.68;642.621;550
3300704003008;6460;1687.08;419.906;400
3300704003009;8598;2068.3;468.161;450
3300803003001;9010;1339.49;262.443;230
3300803003002;8876;1453.87;302.077;250
3300902001001;5134;766.695;245.152;225
3300936001001;4169;578.21;319.932;300
3300951001001;2487;346.606;304.544;240
3301009005001;23279;3382.79;469.68;430
3301009005002;35419;5788.73;474.708;450
3301009005003;39871;3778.46;280.881;250
3301009005004;13863;1285.86;309.213;300
3301009005005;8407;340.837;226.202;200
3301009005006;6402;508.266;174.063;150
3301009005007;5176;252.005;231.847;200
3301009005008;4933;175.597;205.923;200
3301009005009;7090;422.154;209.268;200
3301108001001;6480;1319.85;257.561;240
3301157001001;4315;499.541;251.569;210
3301207001001;5946;1270.76;270.156;250
3301306003001;4279;996.762;440.652;416
3301306003002;7349;1634.3;419.464;400
3301405001001;6868;1105.92;331.061;300
3301504001001;6610;1369.18;325.682;300
3301603001001;3571;870.944;233.955;200
3301702005000;80038;9513.3;264.244;250
3301702005001;8187;1926;388.653;350
3301702005002;8704;1216.63;268.925;250
3301702005003;8192;919.137;284.024;250
3301702005004;10625;1601.03;328.653;300
3301702005005;8734;1120.74;309.859;300
3301702005006;8091;2032.39;317.829;300
3301702005007;8241;1776.72;278.334;250
3301702005008;8456;3079.12;389.528;360
3301702005009;8534;1677.92;444.586;350
3301702005010;8277;1262.41;401.346;300
3301702005011;9226;1813.9;334.556;300
3301702005012;8524;1423.45;328.049;300
3301702005013;8453;1415.12;238.598;250
3301702005014;8280;1499.47;259.806;250
3301702005015;9093;2199.73;294.27;285
3301702005016;8920;1652.81;277.186;260
3301702005017;8519;1204.84;263.748;250
3301702005018;8426;927.657;211.457;200
3301702005019;8756;743.929;251.565;250
3301702005020;8752;1322.47;284.324;250
3301702005021;8053;979.285;230.685;230
3301702005022;8863;790.978;248.405;250
3301801001001;4443;467.778;234.323;200
3301850003001;4967;464.511;224.011;200
3301850003002;10828;1607.58;294.832;250
3301876001001;7585;1288.31;397.329;400
3301900005001;5767;1075.56;426.195;400
3301900005002;5801;756.468;297.19;250
3301900005003;4666;663.408;246.667;200
3301900005004;4733;666.042;323.243;300
3301900005005;5196;815.307;372.046;330
3301900005006;4580;336.803;185.941;160
3301900005007;7467;551.036;184.248;150
3301900005008;5380;512.906;230.022;200
3301900005009;7215;749.765;188.931;200
3301900005010;4597;1065.06;289.448;270
3301900005011;9770;1766.45;266.245;250
3301900005012;4526;741.324;213.03;200
3302007003001;4500;747.871;351.184;300
3302007003002;4751;573.796;283.321;250
3302007003003;5350;1237.78;384.241;350
3302007003004;4560;612.047;319.908;300
3302007003005;7164;1437.67;418.664;350
3302007003006;7674;1123.9;288.234;270
3302056001001;4884;833.962;266.743;250
3302106001001;8072;1528.34;295.041;255
3302205003001;5219;887.5;224.555;200
3302205003002;5205;675.723;257.376;230
3302205003003;6376;1923.11;427.516;380
3302205003004;7731;1688.03;293.957;270
3302205003005;7902;1684.5;317.285;280
3302254003001;9454;1975.43;308.506;280
3302270003001;6404;385.57;153.26;150
3302270003002;4350;277.855;194.887;180
3302270003003;4701;668.223;201.906;200
3302270003004;7340;700.864;196.44;160
3302270003005;7843;959.517;204.071;180
3302304001001;2404;218.991;228.139;200
3302403005001;5642;1726.46;399.9;350
3302403005002;4748;1066.67;281.896;250
3302403005003;8381;3230.65;454.407;450
3302403005004;4571;1069.6;333.72;320
3302403005005;6361;1575.51;301.861;300
3302403005006;6783;1655.61;1060.31;900
3302403005007;6430;2033.69;767.795;700
3302403005008;5756;2066.36;608.31;600
3302403005009;4774;1742.27;729.06;600
3302403005010;4935;1453.95;513.473;480
3302403005011;4064;1093.44;301.672;300
3302403005012;4692;633.264;458.414;400
3302452001001;1654;315.105;272.866;250
3302502005001;11701;1671.03;295.494;280
3302502005002;23788;3284.45;249.972;250
3302502005003;8066;1119.74;265.034;250
3302502005004;5669;610.249;203.436;200
3302502005005;4089;585.38;315.179;300
3302502005006;10272;955.657;237.892;200
3302502005007;7826;1084.67;315.575;255
3302601003001;5055;1396.77;567.796;550
3302601003002;6846;1349.74;450.09;450
3302700003001;4362;982.148;502.582;450
3302700003002;4355;658.79;425.712;400
3302700003003;4728;501.975;373.032;300
3302700003004;8474;1093.37;400.967;350
3302700003005;4139;639.403;391.071;350
3302700003006;5598;736.087;341.792;300
3302700003007;11253;1218.75;344.608;340
3302809001001;6186;973.262;259.321;250
3302858003001;4839;922.056;340.706;330
3302858003002;5650;663.522;294.668;280
3302858003003;5841;880.112;297.517;300
3302858003004;4941;1107.5;272.66;250
3302858003005;5878;772.397;216.011;200
3302858003006;6744;905.916;287.189;250
3302858003007;4659;933.282;351.314;350
3302858003008;7468;1401.97;355.105;350
3302858003009;7147;1235.62;259.267;250
3302908003001;8369;1403.95;369.583;300
3303005001001;8226;1210.46;288.519;250
3303104001001;5011;817.822;252.983;210
3303203003001;6159;891.128;276.452;250
3303203003002;4339;681.115;279.246;300
3303203003003;4904;1131.7;319.714;300
3303203003004;6656;1247.38;327.988;300
3303203003005;4875;994.768;318.551;300
3303203003006;4269;1018.63;425.793;400
3303203003007;5186;1271.76;338.753;320
3303203003008;7088;2081.28;412.4;400
3303203003009;7127;1777.47;330.852;300
3303302005001;5779;819.228;971.121;850
3303302005002;4487;517.159;875.334;560
3303302005003;6375;1026.59;563.545;500
3303302005004;5649;631.084;532.717;400
3303302005005;6791;955.989;851.293;700
3303302005006;7254;797.638;500.171;350
3303302005007;8378;1379.12;338.253;300
3303302005008;7064;1033.96;308.179;270
3303302005009;6984;988.669;284.484;250
3303302005010;14875;2799.54;642.197;600
3303302005011;6584;1343.59;548.011;500
3303302005012;9878;3203.37;521.249;500
3303302005013;9297;1988.38;820.728;800
3303302005014;10342;2489.79;466.342;425
3303302005015;31009;7084.01;1077.64;950
3303302005016;6386;1514.68;422.346;400
3303302005017;19015;3875.21;479.408;450
3303302005018;5442;987.397;855.045;750
3303401003001;4257;677.761;268.878;250
3303401003002;4124;1618.85;381.593;373
3303401003003;4676;1156.22;349.404;330
3303401003004;5346;1528.05;318.258;300
3303401003005;5902;747.4;313.866;280
3303401003006;15326;4067.25;438.675;400
3303401003007;5918;1527.1;278.019;250
3303401003008;8538;1654.46;332.319;280
3303401003009;10060;3023.72;426.582;400
3303500005001;30471;2666.63;231.102;230
3303500005002;57506;10490.2;406.536;350
3303500005003;34943;4456.78;251.68;250
3303500005004;28091;2251.79;216.904;200
3303500005005;36819;4640.95;284.031;260
3303500005006;20564;1791.23;255.422;250
3303500005007;17685;1987.18;266.775;250
3303500005008;18794;2020.72;217.231;200
3303500005009;3879;260.074;220.23;200
3303609003001;8045;1261.59;336.618;300
3303609003002;8295;979.311;255.725;250
3303708003001;6387;969.922;253.943;250
3303708003002;6578;1365.5;337.045;300
3303807003001;6596;1100.99;515.601;450
3303807003002;5210;962.087;409.249;350
3303856001001;8095;1011.84;255.957;200
3303906005001;7200;2409.67;749.459;650
3303906005002;5101;759.692;336.028;300
3303906005003;5901;1026.84;396.678;350
3303906005004;4712;640.779;403.729;400
3303906005005;6537;1190.64;576.731;500
3303906005006;7111;792.847;370.162;300
3303906005007;7051;1372.69;330.124;300
3303906005008;7755;1166.63;474.263;450
3303906005009;4784;833.693;440.913;400
3303906005010;5754;798.089;459.451;280
3303906005011;7431;957.311;404.353;350
3303906005012;6280;1393.2;370.942;320
3303906005013;7399;1426.03;423.761;350
3303906005014;6685;994.212;550.963;350
3303906005015;7627;1357.65;330.013;300
3303955001001;7144;1107.71;270.214;250
3304003001001;8073;1070.83;312.956;280
3304102001001;5773;888.647;257.708;250
3304110001001;4984;876.988;330.796;300
3304128001001;4072;719.536;348.796;300
3304144003001;5665;598.658;276.762;250
3304144003002;4461;407.549;215.751;200
3304144003003;5182;402.137;162.675;150
3304144003004;4475;384.827;177.832;150
3304144003005;5280;309.849;187.724;180
3304144003006;7383;1265.08;246.868;250
3304144003007;9919;1404.17;285.091;250
3304151001001;6263;830.93;394.66;400
3304201003001;5239;1074.41;275.112;250
3304201003002;4274;604.092;439.225;400
3304201003003;4060;938.894;369.99;300
3304201003004;6820;1427.06;435.719;420
3304201003005;7593;2321.65;539.367;450
3304201003006;10935;2109.01;273.993;250
3304300003001;4376;1060.33;445.764;400
3304300003002;5489;799.983;325.798;300
3304300003003;7820;1283.63;338.065;270
3304409001001;5533;866.375;253.276;250
3304508001001;2516;352.153;247.756;220
3304524003001;4184;1184.18;418.053;400
3304524003002;4518;1377.48;539.496;500
3304524003003;4794;1709.1;627.472;600
3304524003004;4324;1588.33;585.078;550
3304524003005;4238;1383.19;467.981;440
3304524003006;5865;1745.35;658.944;650
3304524003007;6894;1607.16;396.864;400
3304557005001;15987;4121.83;327.799;300
3304557005002;12627;3138.78;1159.21;1000
3304557005003;8617;2226.56;1233.97;1100
3304557005004;9854;1644.18;343.911;320
3304557005005;10211;1227.35;295.536;250
3304557005006;9703;877.654;242.013;250
3304557005007;11183;1402.26;275.252;250
3304557005008;12941;1851.67;273.684;280
3304557005009;8716;590.834;268.018;260
3304557005010;12191;1054.02;292.622;300
3304557005011;8471;810.308;260.833;250
3304557005012;8941;862.123;282.686;300
3304557005013;9302;442.808;259.696;250
3304557005014;11263;1265.2;231.144;200
3304557005015;9543;569.291;277.191;250
3304557005016;10020;1274.17;267.051;250
3304557005017;8996;1148.42;257.229;250
3304557005018;8240;1006.52;334.179;300
3304557005019;9758;1930.55;296.813;280
3304557005020;8214;579.745;230.991;200
3304557005021;8655;1523.89;320.137;250
3304557005022;8676;1023.5;340.503;300
3304557005023;11881;1827.48;277.505;250
3304557005024;8773;1007.94;355.74;300
3304557005025;10383;3353.27;279.75;280
3304557005026;13021;5091.65;307.823;300
3304557005027;11368;2519.54;238.731;250
3304557005028;8111;1259.01;235.949;200
3304557005029;12937;2498.47;236.359;250
3304557005030;15010;5756.94;761.396;700
3304557005031;12762;5202.15;257.089;250
3304557005032;9335;2111.66;232.789;220
3304557005033;9297;2380.03;240.589;250
3304557005034;10365;3332.31;260.6;250
3304557005035;9170;2737.8;1313.28;1100
3304557005036;8670;2646.99;1290.52;1200
3304557005037;8775;2694.16;1123.35;1100
3304557005038;8881;2356.79;1214.11;1100
3304557005039;8421;3237.19;1002.99;850
3304557005040;8439;2502.18;1113.18;1000
3304557005041;11954;3953.73;1424.29;1120
3304557005042;8624;2750.03;1214.96;1000
3304557005043;10330;3345.38;1258.79;1200
3304557005044;9723;2952.14;760.857;450
3304557005045;12638;3526.18;1314.07;1200
3304557005046;10776;3874.41;1142.25;1000
3304557005047;18496;4110.82;2339.91;2000
3304557005048;10533;2398.86;2777.92;2000
3304557005049;9100;1725.93;2139.35;1900
3304557005050;8433;1326.75;2642.49;2000
3304557005051;13490;2811.38;2076.44;2000
3304557005052;8166;1774.89;1166.88;450
3304557005053;9060;4156.46;454.326;400
3304557005054;10849;4889.56;554.231;500
3304557005055;8515;1390.86;608.539;526
3304557005056;11443;3043.44;752.041;700
3304557005057;8007;1504.64;601.47;550
3304557005058;9617;2566.87;842.778;800
3304557005059;10983;2335.65;671.964;700
3304557005060;12135;2334.99;799.98;700
3304557005061;8457;1505.39;836.366;800
3304557005062;9873;2418.21;817.331;800
3304557005063;8834;1348.78;400.098;300
3304557005064;13619;3217.65;655.932;600
3304557005065;8882;2071.65;761.527;700
3304557005066;14710;3005.85;585.651;550
3304557005067;14353;3062.23;693.581;625
3304557005068;10628;2320.25;250.43;250
3304557005069;12358;3387.46;441.781;425
3304557005070;8709;2151.9;422.277;400
3304557005071;10554;1920.21;335.472;350
3304557005072;9273;2498.13;500.749;463
3304557005073;10325;1428.98;213.252;200
3304557005074;14528;3878.04;432.784;410
3304557005075;15608;3171.7;395.201;385
3304557005076;14833;4176.25;445.274;400
3304557005077;9716;1789.1;380.438;350
3304557005078;9391;2061.17;386.272;380
3304557005079;8288;1564.55;293.574;300
3304557005080;13573;2240;333.065;300
3304557005081;12733;2077.94;288.333;300
3304557005082;8133;1917.74;401.683;370
3304557005083;13440;3556.66;475.661;450
3304557005084;15046;3341.96;321.553;300
3304557005085;8619;1305.44;332.834;300
3304557005086;7874;1534.84;332.503;300
3304557005087;16847;4226.44;432.58;400
3304557005088;12015;3816.85;371.045;350
3304557005089;14271;3077.55;436.272;400
3304557005090;12333;2167.07;448.86;450
3304557005091;9227;2394.9;598.769;550
3304557005092;9605;2204.14;688.488;600
3304557005093;8827;1832.03;559.299;500
3304557005094;15215;3200.35;536.345;485
3304557005095;16002;4389.15;440.635;420
3304557005096;13008;3278.87;451.23;420
3304557005097;14983;3349.98;438.892;400
3304557005098;9267;2354.99;370.722;350
3304557005099;15865;4906.03;430.761;400
3304557005100;9190;2261.37;571.43;550
3304557005101;14243;3207.72;397.316;370
3304557005102;8445;1821.84;541.273;550
3304557005103;10282;1969.73;406.059;400
3304557005104;9146;2301.79;468.337;450
3304557005105;8432;1663.77;428.782;400
3304557005106;9461;1631.1;340.218;300
3304557005107;10640;2798.38;402.765;390
3304557005108;9734;2395.17;389.887;371
3304557005109;8931;1711.17;401.899;380
3304557005110;8553;2206.71;431.821;400
3304557005111;8373;1861.35;372.658;350
3304557005112;10378;2263.86;350.754;340
3304557005113;12951;3052.4;369.658;350
3304557005114;9234;2129.58;393.096;321
3304557005115;14313;3045.08;335.298;300
3304557005116;15249;3437.46;427.857;400
3304557005117;14902;3512.73;402.816;380
3304557005118;15797;4136.02;372.061;350
3304557005119;13611;3603.36;481.797;450
3304557005120;10686;2226.42;422.359;380
3304557005121;11306;1899.88;888.089;800
3304557005122;8469;1994.15;407.833;350
3304557005123;9851;2038.54;426.925;450
3304557005124;8980;1655.68;438.583;350
3304557005125;9658;2226.54;515.019;500
3304557005126;1256;397.078;531.713;500
3304557005127;15833;2923.92;362.052;350
3304557005128;8003;1053.02;321.439;300
3304557005129;9709;1451.44;303.156;300
3304557005130;8479;1668.66;392.706;360
3304557005131;9767;1920.94;305.316;280
3304557005132;11051;1954.78;351.764;350
3304557005133;11060;1473.95;232.591;200
3304557005134;13272;1959.39;255.659;250
3304557005135;9311;1431.44;363.991;350
3304557005136;9647;1180.77;297.159;300
3304557005137;12120;1726.87;303.072;300
3304557005138;8698;5067.8;275.498;260
3304557005139;10471;6380.77;299.624;300
3304557005140;10984;3748.94;392.183;350
3304557005141;10784;2881.04;544.591;450
3304557005142;12563;2082.55;392.661;300
3304557005143;14107;4276.72;445.686;390
3304557005144;15629;5483.17;514.558;400
3304557005145;11396;1718.57;290.196;300
3304557005146;10097;2286.74;433.395;400
3304557005147;15183;3101.15;698.849;600
3304557005148;9044;1490.91;541.847;500
3304557005149;12468;1992.44;646.758;500
3304557005150;12371;2523.82;506.629;500
3304557005151;8774;1921.87;445.207;400
3304557005152;13064;2840.95;435.803;380
3304557005153;12714;2541.7;456.982;400
3304557005154;11957;2565.3;434.143;400
3304557005155;9613;1631.78;471.197;450
3304557005156;10915;2098.97;580.096;500
3304557005157;13997;5515.48;372.426;330
3304557005158;9872;1978.06;1872.65;1200
3304557005159;10412;1768.99;1739.03;1300
3304557005160;9145;2001.73;2547.36;2000
3304557005161;8202;1351.73;2035.01;2000
3304557005162;14047;3962.27;1649.63;1300
3304557005163;11339;3746.25;1363.89;1200
3304557005164;11891;3521.04;1262.7;1100
3304557005165;11489;2539.04;479.862;350
3304557005166;9983;3015.38;746.38;400
3304557005167;9827;2177.47;1544.35;1500
3304557005168;9352;2938.75;907.388;750
3304557005169;12259;1554.27;474.36;420
3304557005170;8092;1686.47;336.879;300
3304557005171;8931;1594.36;313.865;300
3304557005172;11786;2083.78;354.277;300
3304557005173;8334;1513.33;397.968;360
3304557005174;8201;971.46;321.941;280
3304557005175;8277;1178.97;358.703;350
3304557005176;13988;2529.9;376.942;350
3304557005177;10045;1598.39;305.103;300
3304557005178;11107;2432.92;378.5;350
3304557005179;10451;1253.09;266.362;250
3304557005180;30597;2275.26;319.802;300
3304557005181;9854;1397.01;275.381;250
3304557005182;8282;850.677;241.164;220
3304557005183;14135;2266.66;341.822;300
3304557005184;10266;2415.55;410.579;380
3304557005185;9104;1208.84;333.711;320
3304557005186;10237;961.571;199.861;200
3304557005187;11452;1594.59;302.044;300
3304557005188;12405;1687.33;283.742;270
3304557005189;13188;2167.49;284.804;260
3304557005190;8296;694.476;271.98;270
3304557005191;8362;1545.42;364.052;350
3304557005192;8964;1052.87;326.881;300
3304557005193;12563;1688.79;297.891;300
3304557005194;12056;1891.15;405.931;380
3304557005195;9287;1459.85;360.69;350
3304557005196;8986;1122.63;417.754;400
3304557005197;8813;1777.27;434.132;400
3304557005198;8446;1330.85;422.751;380
3304557005199;8270;1427.13;427.996;380
3304557005200;11150;1602.8;354.134;300
3304607001001;3491;534.311;263.518;200
3304706003001;6634;972.464;186.702;180
3304706003002;7011;1660.94;328.155;300
3304755003001;5659;408.654;283.567;200
3304755003002;7914;314.628;141.826;120
3304805003001;6257;1634.74;345.247;300
3304805003002;6632;850.842;249.809;250
3304904005001;112594;21132.5;326.488;300
3304904005002;61422;9687.32;285.498;260
3304904005003;71161;12582.4;267.13;250
3304904005004;54421;10719;349.022;300
3304904005005;27551;3999.84;316.943;300
3305000003001;10725;1485.74;357.499;300
3305109005001;34374;5483.94;299.715;280
3305109005002;17686;2986.41;265.456;250
3305109005003;22845;2976.44;259.91;250
3305109005004;33669;7346.43;327.392;300
3305109005005;39064;7148.89;299.02;285
3305133001001;2290;216.011;215.116;200
3305158001001;6552;1284.83;218.7;200
3305208003001;4814;1115.51;469.665;500
3305208003002;6545;928.189;317.653;300
3305208003003;7607;989.141;296.043;280
3305208003004;8895;1853.29;361.823;350
3305307001001;2763;284.098;227.523;200
3305406001001;5580;1053.65;313.399;270
3305505003001;4287;530.142;392.969;380
3305505003002;4305;572.443;444.388;400
3305505003003;6857;789.973;323.511;300
3305505003004;7744;1231.35;300.508;250
3305554003001;5914;671.284;246.428;200
3305554003002;4571;469.479;274.38;240
3305554003003;7318;1097.93;336.399;300
3305554003004;7089;650.507;277.821;220
3305604001001;6734;912.848;259.303;250
3305703001001;5085;517.759;241.698;200
3305752003001;9904;1151.35;232.817;200
3305802003001;4693;858.55;537.352;450
3305802003002;4330;583.074;289.413;250
3305802003003;5772;1119.6;481.584;400
3305802003004;4446;1084.94;381.138;330
3305802003005;10398;1098.28;250.205;200
3305802003006;4425;1138.17;533.592;470
3305802003007;4865;749.251;366.679;300
3305802003008;7546;952.022;349.286;300
3305802003009;7617;1225.33;457.084;400
3305901001001;3334;253.964;244.824;200
3306008003001;5095;1174.58;490.84;422
3306008003002;5236;830.639;277.144;230
3306008003003;6596;1472;306.799;250
3306008003004;7476;1003.25;261.759;250
3306107003001;5733;1283.66;313.435;260
3306107003002;8705;2488.11;311.426;300
3306107003003;8930;1369.38;262.244;200
3306156001001;2869;512.073;199.035;180
3306206003001;5244;599.2;239.32;200
3306206003002;5955;2041.78;385.637;300
3306305005001;8972;1953.12;292.986;270
3306305005002;10507;2759.44;507.73;450
3306305005003;9099;1449.8;451.686;400
3306305005004;6743;706.618;579.769;500
3306305005005;8279;1398.81;294.227;250
3306305005006;5818;1429.67;426.416;400
3306305005007;9879;1179.21;219.351;200
3306305005008;10704;1615.01;297.254;280
3306305005009;5468;413.449;206.31;200
3306305005010;9251;2288.61;315.007;300
3500105003001;4029;937.533;367.924;315
3500105003002;7602;1551.28;336.901;300
3500204001001;1200;230.851;263.729;250
3500303003001;9958;2497.35;274.314;250
3500402001001;2574;594.991;288.931;250
3500501001001;5719;1454.79;333.124;300
3500550001001;1887;354.236;293.077;300
3500600001001;1004;245.258;540.798;480
3500709003001;4559;555.804;205.256;200
3500709003002;5820;1132.42;321.767;300
3500758001001;1547;199.872;211.808;200
3500808001001;1352;128.306;191.056;180
3500907001001;1200;264.75;219.877;200
3501004001001;4954;919.911;252.752;250
3501103001001;1375;177.861;230.971;230
3501152001001;5052;1081.6;287.818;280
3501202001001;1428;146.423;216.914;200
3501301001001;7450;1276.7;234.401;200
3501400001001;2368;160.962;191.249;160
3501509001001;912;118.254;207.195;230
3501608005001;4139;1363.46;566.557;475
3501608005002;7797;1520.29;399.661;400
3501608005003;4157;681.243;390.858;320
3501608005004;10296;2863.86;456.906;420
3501608005005;7713;2235.63;488.424;440
3501608005006;10708;2078.22;457.762;440
3501608005007;5082;1295.89;486.905;450
3501608005008;5772;1572.02;598.897;500
3501608005009;4207;1341.08;509.536;480
3501608005010;8390;2033.85;422.888;380
3501707003001;4469;1140.91;249.247;240
3501707003002;5906;1413.47;275.095;250
3501806001001;1982;370.69;270.353;250
3501905003001;4140;934.983;358.917;330
3501905003002;6679;2025.43;380.335;350
3501905003003;9955;2476.75;430.488;400
3502002001001;1393;285.808;275.197;250
3502101003001;4260;561.681;282.291;280
3502101003002;5659;1291.14;450.364;400
3502101003003;9217;1669.76;353.935;300
3502200001001;7097;1152.22;247.289;230
3502309001001;1821;234.394;278.966;250
3502408001001;1174;127.792;234.687;250
3502507003001;4806;1471.54;334.73;300
3502507003002;5819;1241.79;356.068;300
3502606001001;1581;261.388;214.657;200
3502705001001;7638;1070.03;202.185;180
3502754001001;5083;1198.55;313.534;280
3502804003001;4502;712.464;467.547;250
3502804003002;4533;701.742;313.215;300
3502804003003;7822;1027.69;273.361;250
3502804003004;4855;1088.56;355.802;350
3502804003005;4493;723.946;268.321;250
3502804003006;4113;455.888;268.151;250
3502804003007;4977;779.858;293.54;250
3502804003008;4410;960.868;449.887;350
3502804003009;4182;791.237;462.432;300
3502804003010;7144;1988.11;391.167;330
3502804003011;10329;2628.43;536.452;450
3502903003001;8660;1364.82;388.512;300
3503000001001;1653;247.195;248.847;240
3503109001001;1930;274.021;214.722;200
3503158001001;800;116.851;211.9;200
3503208005001;4489;943.941;405.127;350
3503208005002;4171;651.756;285.962;250
3503208005003;5014;1376.21;443.836;400
3503208005004;4662;1355.76;597.339;550
3503208005005;5428;1146.62;569.311;465
3503208005006;4122;882.214;436.058;400
3503208005007;4460;725.407;291.29;250
3503208005008;4961;846.507;229.36;200
3503208005009;4747;846.893;402.658;355
3503208005010;4241;993.553;406.111;380
3503208005011;4103;833.563;333.803;320
3503208005012;4913;762.582;253.43;250
3503208005013;4642;708.061;224.332;200
3503208005014;5208;944.781;499.093;400
3503208005015;5324;411.546;301.927;250
3503307003001;4262;926.596;474.183;450
3503307003002;4258;583.442;258.428;250
3503307003003;4936;851.208;346.466;300
3503307003004;5544;646.257;328.567;300
3503307003005;4944;1132.12;345.803;300
3503307003006;6435;1508.12;333.252;300
3503307003007;6850;1679.57;544.679;500
3503356001001;644;59.7587;155.66;150
3503406001001;2684;423.904;244.614;240
3503505001001;1129;112.273;251.077;240
3503604001001;3035;596.73;237.686;200
3503703001001;2702;681.803;326.085;300
3503802003001;6466;1569.05;294.589;300
3503802003002;7054;2117.86;387.678;350
3503950001001;605;81.5277;164.22;150
3504008003001;4608;662.519;429.869;325
3504008003002;9382;2156.63;294.936;250
3504008003003;8331;2015.62;403.418;350
3504008003004;9158;2408.67;385.144;300
3504107003001;3957;1692.46;471.099;420
3504107003002;4252;1537.25;561.687;530
3504107003003;4574;891.147;631.491;500
3504107003004;4564;918.564;746.373;700
3504107003005;4444;512.072;548.863;350
3504107003006;6939;796.583;290.415;250
3504107003007;10474;2776.25;369.972;330
3504206001001;4767;891.973;293.654;290
3504305001001;1603;244.245;225.591;240
3504404001001;4245;636.694;217.4;200
3504503003001;4482;1136.91;289.159;250
3504503003002;4907;761.569;283.597;250
3504503003003;8067;1553.95;383.103;320
3504503003004;10766;2714.17;384.369;300
3504602001001;4714;1302.42;370.742;350
3504701001001;2807;78.1638;237.194;200
3504800001001;2758;705.792;317.326;300
3504909001001;3340;570.778;308.046;280
3505005001001;1027;106.445;204.026;200
3505104001001;2105;461.166;223.52;200
3505203003001;4020;698.183;387.35;350
3505203003002;6052;1091.61;290.829;300
3505302003001;3978;947.18;365.784;313
3505302003002;7259;1305.09;307.565;290
3505351001001;1571;80.4864;132.857;120
3505401001001;2459;276.37;208.44;180
3505500003001;4357;1177.31;342.393;320
3505500003002;7715;1441.11;311.101;300
3505500003003;4292;1191.62;491.801;420
3505500003004;4356;882.301;517.287;400
3505500003005;7332;1985.27;388.91;350
3505500003006;8487;1848.5;375.72;350
3505609003001;4101;856.853;226.593;200
3505609003002;4336;1182.56;223.744;200
3505807001001;6376;1161.86;286.827;250
3505906003001;4599;862.773;221.882;200
3505906003002;6500;1132.68;331.3;350
3505906003003;6851;1136.45;339.85;300
3506003005001;6273;2206.52;499.513;430
3506003005002;7549;1853.71;419.08;400
3506003005003;4816;1223.66;374.911;350
3506003005004;8083;3401.09;637.282;527
3506003005005;7816;1258.14;315.577;280
3506003005006;4478;626.239;288.897;270
3506003005007;7752;1639.47;295.691;280
3506003005008;5268;960.303;233.647;200
3506003005009;8543;1669.88;294.139;250
3506003005010;10946;1768.8;344.58;300
3506003005011;5976;1476.19;312.988;280
3506003005012;6353;1038.47;222.874;200
3506003005013;7158;1676.21;321.818;300
3506003005014;5097;1015.21;395.148;350
3506003005015;7208;1323.7;266.355;250
3506003005016;4244;801.474;399.536;350
3506003005017;6482;1252.58;838.469;650
3506102003001;4055;790.954;335.753;280
3506102003002;4146;814.786;417.486;350
3506102003003;8011;1393.27;305.06;290
3506102003004;7704;1333.18;292.816;250
3506201001001;862;162.436;243.572;220
3506300001001;3539;556.591;259.399;250
3506359003001;6929;1759.85;391.597;350
3506359003002;7730;1843.95;376.019;300
3506409001001;2412;558.336;294.485;280
3506508003001;4893;999.996;340.536;300
3506508003002;5871;1149.05;282.321;250
3506508003003;4670;885.22;248.991;250
3506508003004;4174;1167.86;382.445;300
3506508003005;7911;2359.71;402.268;350
3506508003006;8483;2008.07;288.577;250
3506706001001;4172;883.262;235.966;230
3506805001001;3360;648.522;295.917;300
3506904001001;3165;509.897;252.952;250
3507001003001;6438;1677.8;421.833;350
3507001003002;8379;2409.97;422.801;350
3507100001001;6139;1767.65;309.524;280
3507159001001;995;132.107;168.843;170
3507209001001;239;32.8718;237.543;250
3507308001001;1257;243.574;298.944;300
3507407001001;4843;1057.15;267.721;250
3507456001001;705;133.991;227.352;220
3507506003001;4205;976.034;465.99;400
3507506003002;4620;662.719;316.848;280
3507506003003;5386;1163.44;288.953;260
3507506003004;5453;883.228;287.386;300
3507506003005;4886;1302.81;522.903;500
3507506003006;8432;1888.33;492.967;400
3507506003007;8500;1703.35;383.943;330
3507605003001;4333;573.56;252.631;250
3507605003002;4569;1044.11;811.924;700
3507605003003;5084;1331.61;523.276;470
3507605003004;4887;1009.18;402.492;400
3507605003005;4227;1274.11;415.538;400
3507605003006;4418;1091.24;338.995;300
3507605003007;4410;730.091;279.774;250
3507605003008;5983;1096.38;331.248;300
3507605003009;7443;1479;501.509;400
3507704001001;1590;288.455;242.965;250
3507753001001;822;127.662;226.587;200
3507803001001;6417;1239.78;328.116;300
3507902001001;6791;1285.63;360.089;350
3508009001001;5566;865.578;185.884;160
3508108001001;5251;986.957;303.605;300
3508207001001;1379;247.634;329.842;300
3508306001001;1389;290.513;176.361;180
3508405003001;4606;889.487;338.085;290
3508405003002;7360;2243.52;362.131;330
3508504003001;5230;995.946;357.54;300
3508504003002;5320;1209.58;493.244;425
3508504003003;6101;1118.25;400.698;380
3508504003004;8511;1301;313.606;300
3508603003001;9216;1128.96;341.479;310
3508702001001;5790;966.688;230.939;200
3508801001001;5413;1003.27;285.88;250
3508900001001;1392;222.775;181.501;180
3509106001001;1748;167.114;178.123;150
3509254003001;8534;1036.09;219.321;200
3509304001001;3107;698.338;241.965;220
3509403001001;7313;1515.22;252.019;250
3509452001001;1823;307.428;227.656;200
3509502005001;1749;282.525;667.741;450
3509502005002;6191;718.998;904.549;550
3509502005003;8633;2759.74;741.058;700
3509502005004;10699;1901.77;1155.53;800
3509502005005;10893;2424.02;730.968;650
3509502005006;10699;2324.66;918.329;850
3509502005007;9693;2451.49;656.125;600
3509502005008;8760;1436.46;804.265;500
3509502005009;9145;2123.54;726.379;650
3509502005010;11453;3804.26;667.882;553
3509502005011;8692;1153.44;1035.69;700
3509502005012;11040;3129.04;958.315;700
3509502005013;9140;3855.41;482.324;450
3509502005014;15591;4948.88;590.998;500
3509502005015;9424;1667.55;449.38;400
3509502005016;8612;1002.44;443.673;400
3509502005017;10300;2110.91;380.621;350
3509502005018;9859;1064.41;393.057;380
3509502005019;9675;1656.19;431.545;380
3509502005020;14371;2863.64;535.365;500
3509502005021;10551;1843.57;427.566;400
3509502005022;9375;1780.66;545.369;450
3509502005023;16441;3317.61;468.956;400
3509502005024;8957;1262.76;324.817;300
3509502005025;9797;1599.12;313.11;300
3509502005026;9938;1539.45;291.962;260
3509502005027;8763;806.859;315.547;300
3509502005028;10476;1785.54;340.976;330
3509502005029;8806;958.409;347.521;350
3509502005030;8464;1412.2;312.573;300
3509502005031;9909;1573.49;334.873;300
3509502005032;8964;877.711;267.674;250
3509502005033;9619;1251.46;302.865;300
3509502005034;9814;951.275;429.907;380
3509502005035;8485;1059.77;400.376;350
3509502005036;10776;1674.08;315.613;300
3509601003001;4107;639.245;370.266;300
3509601003002;4262;779.368;443.877;400
3509601003003;6303;1108.87;414.74;350
3509601003004;7482;1048.87;302.881;250
3509700003001;7045;860.296;391.828;300
3509700003002;7718;1133.87;386.338;300
3509809001001;1494;271.146;244.504;230
3509908001001;3725;376.836;302.279;250
3509957001001;1206;157.99;256.248;200
3510005003001;9671;1756.9;252.795;250
3510104001001;869;190.102;266.167;250
3510153001001;1222;229.448;196.237;180
3510203003001;6401;957.444;185.397;150
3510203003002;7372;1133.79;346.352;280
3510302001001;5541;660.063;239.616;200
3510401003001;6006;979.401;334.569;350
3510401003002;8487;1923.11;356.396;330
3510500003001;4184;695.016;332.891;300
3510500003002;4319;1307.3;656.005;500
3510500003003;5210;1529.47;551.366;450
3510500003004;4297;1010.98;304.763;300
3510500003005;6498;1615.97;444.517;400
3510500003006;8256;1553.2;299.459;260
3510708001001;4166;930.079;231.154;200
3510807003001;4205;995.766;279.249;250
3510807003002;6428;718.436;266.92;250
3510906001001;847;98.4305;290.457;300
3511003001001;5750;884.054;316.656;300
3511102003001;5213;960.527;328.524;300
3511102003002;4296;820.294;320.017;300
3511102003003;4435;725.846;263.315;250
3511102003004;4796;1254.51;402.644;330
3511102003005;4792;943.262;412.169;380
3511102003006;6990;1900.65;409.602;380
3511102003007;7247;1245.47;367.679;320
3511201001001;2246;464.66;238.937;220
3511300001001;2641;501.035;325.3;330
3511409001001;5748;1182.29;289.632;280
3511508003001;4509;1175.85;375.284;370
3511508003002;7845;2047.07;428.338;410
3511607001001;5147;830.689;321.871;300
3511706001001;4413;821.299;302.154;270
3511904001001;2187;571.199;239.292;230
3512001001001;5368;797.926;258.026;230
3512100001001;1816;303.548;268.423;250
3512209001001;7172;2030.53;326.624;300
3512308001001;5287;1110.89;305.653;300
3512407001001;6464;1848.21;353.869;330
3512506001001;1701;353.678;236.844;230
3512605001001;1628;262.752;154.963;150
3512704001001;1216;166.758;276.465;280
3512803003001;4074;979.865;322.495;300
3512803003002;5537;1414.84;411.493;400
3512803003003;8296;2195.74;432.369;400
3512902001001;2591;596.502;272.148;250
3513108003001;4258;900.245;372.771;350
3513108003002;5016;863.199;260.519;250
3513207001001;2363;438.127;255.708;240
3513306001001;779;92.2888;199.352;200
3513405003001;4780;1362.9;477.212;400
3513405003002;4235;740.304;345.742;300
3513405003003;5778;1130.97;335.593;300
3513405003004;8478;1260.53;287.084;250
3513504003001;4434;1210.97;399.075;350
3513504003002;12061;1760.43;444.124;400
3513504003003;4351;349.509;318.53;300
3513504003004;7921;1895.8;415.403;350
3513504003005;8034;621.215;355.111;300
3513603001001;7113;858.644;224.154;200
3513702003001;4917;836.242;320.106;300
3513702003002;4809;746.327;305.996;300
3513850001001;589;95.4801;154.773;150
3513900001001;3761;696.514;236.482;220
3514007001001;2429;863.056;186.631;180
3514106001001;7692;1802.98;272.557;250
3514205001001;732;89.1792;179.737;180
3514304001001;2859;544.594;265.022;250
3514403003001;7797;1476.15;431.513;380
3514403003002;7656;1999.66;351.68;300
3514502001001;4066;749.353;270.91;250
3514601001001;2385;556.094;273.383;251
3514700001001;2026;346.075;221.485;200
3514809001001;4270;450.586;226.513;200
3514908001001;4518;910.178;302.939;300
3514924001001;994;225.489;239.581;250
3514957001001;802;159.681;236.872;240
3515129001001;1018;124.412;189.185;180
3515152001001;4702;1772.74;291.144;250
3515186003001;6539;1767.85;401.077;350
3515186003002;6770;1177.74;294.635;280
3515194001001;1317;312.499;215.71;200
3515202001001;2755;462.118;299.806;250
3515301001001;805;96.0465;274.681;300
3515350001001;3012;317.506;187.354;180
3515400001001;4982;927.526;275.902;250
3515509003001;4363;1014.46;393.164;370
3515509003002;4043;613.716;290.782;300
3515509003003;6546;1616.94;401.774;350
3515509003004;7048;1827.64;284.584;250
3515608001001;1867;317.466;280.206;300
3515657001001;514;82.3126;163.041;150
3515806001001;624;101.887;150.141;130
3515905001001;1087;189.373;297.643;280
3516002001001;5103;645.595;236.622;230
3516101001001;943;89.0111;162.077;130
3516200005001;4492;925.611;236.643;200
3516200005002;4126;992.226;282.064;260
3516200005003;4517;692.849;395.418;320
3516200005004;4914;1643.67;422.16;380
3516200005005;4500;1063.58;388.357;350
3516200005006;5194;949.982;278.901;256
3516200005007;4173;1231.25;288.394;260
3516200005008;4167;1136.83;418.896;350
3516200005009;4778;1033.73;243.827;220
3516200005010;4662;1650.69;312.954;250
3516200005011;5376;1132.42;271.904;250
3516200005012;4572;729.972;260.642;250
3516200005013;4018;832.412;286.68;250
3516200005014;4467;873.916;258.503;250
3516200005015;4407;1090.28;356.504;300
3516200005016;5381;1419.79;333.361;300
3516200005017;4529;785.476;238.456;240
3516200005018;5119;1057.26;321.994;250
3516200005019;5701;1902.63;301.935;270
3516200005020;4895;1305.65;465.417;400
3516200005021;4447;1224.16;441.855;450
3516507001001;928;134.346;255.266;250
3516606001001;2401;404.074;202.537;180
3516705003001;6526;1118.33;281.208;250
3516705003002;7283;1631.26;343.313;300
3516804001001;1281;296.234;306.226;300
3516853001001;1334;301.044;217.771;200
3516903001001;3662;534.186;274.124;250
3517000001001;4150;544.73;244.004;230
3517109001001;1440;203.206;239.473;250
3517208001001;3258;619.094;270.762;250
3517307001001;1693;259.11;214.304;200
3517406003001;5241;1569.47;335.017;300
3517406003002;6795;1485.09;332.425;300
3517505001001;5778;1390.28;298.85;300
3517604001001;5483;459.674;175.181;150
3517703001001;6097;1389.71;250.343;223
3517802001001;2868;357.277;234.325;200
3517901001001;3190;894.03;280.524;250
3518008001001;705;118.48;192.912;200
3518107001001;1964;333.829;238.614;207
3518206003001;4427;1043.48;296.241;280
3518206003002;5629;1132.52;283.965;250
3518404003001;5044;602.24;215.006;200
3518404003002;10136;1557.63;441.304;350
3518404003003;9379;1879.28;447.341;400
3518404003004;10030;2537.07;378.128;300
3518503001001;6535;565.543;249.747;225
3518602003001;4153;1011.09;200.17;180
3518602003002;6586;964.382;284.94;250
3518701005001;5512;1015.51;1114.31;1000
3518701005002;5684;943.452;498.762;405
3518701005003;4733;577.863;288.103;300
3518701005004;6242;1155.3;533.921;400
3518701005005;6172;600.909;332.922;300
3518701005006;5094;597.156;327.709;300
3518701005007;8548;1764;502.527;500
3518701005008;5465;932.408;426.07;350
3518701005009;4273;794.725;399.027;400
3518701005010;7403;1204.29;344.347;340
3518701005011;4850;777.768;340.689;300
3518701005012;5234;1027.62;430.973;350
3518701005013;4277;179.399;226.272;200
3518701005014;5905;981.745;371.858;350
3518701005015;5866;698.264;309.876;300
3518859001001;2051;350.537;231.829;220
3518909001001;1551;241.536;184.605;180
3519006001001;2799;357.373;220.646;200
3519055001001;3364;658.635;577.47;413
3519071005001;5324;1403.11;498.069;453
3519071005002;4206;751.002;361.369;350
3519071005003;4646;1261.84;398.966;400
3519071005004;12984;1291.04;318.116;300
3519071005005;5954;1113.46;341.495;300
3519071005006;6987;941.295;324.505;300
3519071005007;6951;1709.12;324.219;300
3519071005008;5730;1466.69;323.662;300
3519071005009;6900;1843.64;375.913;350
3519105001001;3311;572.651;331.332;300
3519204001001;2088;343.025;257.057;240
3519253001001;3241;201.994;273.896;270
3519303003001;8813;2310.86;265.85;250
3519402001001;3664;888.601;245.806;220
3519501001001;2184;442.816;228.992;210
3519600003001;7601;1621.87;347.753;300
3519600003002;9336;2231.39;328.019;300
3519709003001;5655;289.67;185.15;150
3519709003002;7237;375.028;233.3;200
3519709003003;8772;1690.12;335.505;300
3519808001001;2376;691.038;281.445;250
3519907001001;2490;398.135;215.463;200
3520004001001;6886;1651.47;246.665;250
3520103003001;9101;2370.29;253.903;240
3520202001001;2836;555.694;283.377;250
3520301003001;9131;885.427;258.347;250
3520400003001;9101;2332.88;476.437;350
3520426001001;3191;462.136;308.328;250
3520442001001;8092;1726.57;386.13;380
3520509005001;15479;5385.83;379.887;350
3520509005002;5539;1940.4;486.533;463
3520509005003;40640;9589.15;604.824;500
3520608001001;1610;263.323;218.178;200
3520707001001;1446;249.848;202.617;200
3520806001001;1203;185.9;198.112;200
3520905001001;4343;982.8;261.784;250
3521002001001;9655;1237.25;311.41;300
3521101001001;1819;521.918;304.454;300
3521150001001;1445;221.58;233.943;250
3521200001001;1246;106.08;176.169;150
3521309001001;4405;1201.85;264.239;250
3521408001001;5990;1554.19;393.444;390
3521507001001;2272;507.045;230.88;200
3521606001001;3595;332.788;200.968;200
3521705001001;5601;599.828;283.194;250
3521804001001;8578;1108.99;274.736;250
3521903001001;4899;1205.36;275.423;250
3522000001001;974;189.649;287.609;250
3522109003001;4143;392.039;238.058;250
3522109003002;4510;944.748;455.635;400
3522109003003;4233;735.31;290.124;250
3522109003004;6960;897.397;282.494;250
3522109003005;8563;1222.79;318.583;300
3522158001001;991;60.1632;143.052;150
3522307003001;4157;934.538;355.404;300
3522307003002;9530;2074.75;321.545;280
3522307003003;4914;501.341;174.047;170
3522307003004;4486;876.408;322.547;280
3522307003005;8350;860.853;249.494;250
3522307003006;6320;1534.13;339.872;300
3522307003007;8010;1889.15;371.71;330
3522406003001;4216;822.54;272.368;250
3522406003002;4060;860.968;283.414;250
3522406003003;4034;891.699;314.476;280
3522406003004;6704;580.284;214.551;171
3522406003005;7848;1685.97;409.096;350
3522604003001;5438;750.482;242.811;210
3522604003002;5801;779.113;380.691;330
3522604003003;10954;2698.59;345.475;300
3522653001001;1163;110.778;129.496;100
3522703003001;6274;1403.42;342.303;305
3522703003002;7071;1411.14;340.658;300
3522802001001;4843;693.151;270.084;250
3522901001001;3738;730.329;310.181;300
3523008001001;1388;154.015;224.844;200
3523206003001;7558;1882.3;256.608;240
3523206003002;7760;1259.09;272.525;200
3523305002001;2463;444.921;215.53;200
3523305002002;2166;161.72;221.912;180
3523404003001;4036;1299.57;419.043;400
3523404003002;4873;1185.12;337.97;300
3523404003003;4296;971.233;412.32;300
3523404003004;9031;2568.38;470.997;420
3523404003005;9127;2062.74;418.696;350
3523503001001;5288;1055.65;259.093;250
3523602001001;6785;1072.05;311.651;300
3523701001001;1738;276.911;249.812;200
3523800001001;2329;486.871;201.004;200
3523909003001;6327;1484.64;471.165;350
3523909003002;4249;925.889;344.474;250
3523909003003;4367;757.24;302.763;300
3523909003004;5479;1451.86;455.223;400
3523909003005;6646;2002.48;538.078;470
3523909003006;6450;1255;502.39;450
3523909003007;13504;2873.79;443.098;380
3524006003001;5036;1463.62;341.653;350
3524006003002;8325;2417.93;487.589;450
3524105003001;5664;1152.26;300.518;240
3524105003002;7022;1538.18;365.417;300
3524204001001;2072;297.584;222.845;200
3524303003001;4347;766.924;246.07;220
3524303003002;9311;2224.94;350.611;300
3524303003003;9582;2347.39;422.062;371
3524402005001;9055;2443.28;413.993;350
3524402005002;6900;1277.54;364.324;300
3524402005003;6589;968.924;311.101;280
3524402005004;5672;796.615;274.782;250
3524402005005;11882;1899.49;392.884;350
3524402005006;7272;972.356;297.715;200
3524402005007;10592;1686.99;360.719;350
3524402005008;6550;763.36;335.391;350
3524501001001;1935;450.712;278.571;280
3524600001001;5333;628.31;267.764;250
3524709003001;5559;1930.38;498.962;480
3524709003002;8051;2145.95;496.716;500
3524808003001;7717;1905.54;325.268;280
3524808003002;8660;1914.45;324.321;280
3524907001001;1665;251.878;352.831;330
3525102003001;4240;863.051;297.324;260
3525102003002;6955;1066.6;239.247;220
3525201001001;7117;1300.04;344.583;300
3525300003001;4183;980.689;451.403;440
3525300003002;4243;1151.53;383.945;375
3525300003003;4883;809.489;361.329;330
3525300003004;4453;1310.28;467.927;440
3525300003005;5630;1078.4;419.416;400
3525300003006;8047;1872.24;351.34;300
3525300003007;10100;1781.22;466.299;420
3525409001001;970;135.869;207.826;200
3525508001001;3984;780.204;306.848;280
3525607001001;1299;273.928;221.492;220
3525706003001;4472;1422.65;377.031;370
3525706003002;5933;1471.49;379.534;370
3525805001001;1373;201.515;163.414;150
3525854001001;855;184.164;229.606;200
3525904005001;4601;1032.91;344.325;350
3525904005002;4983;1194.12;442.165;400
3525904005003;4953;1147.11;583.073;600
3525904005004;4667;892.647;516.365;450
3525904005005;4716;1187.81;486.58;430
3525904005006;4435;847.261;639.216;570
3525904005007;4677;1131.18;680.43;600
3525904005008;4589;798.782;789.678;750
3525904005009;4614;1449.24;736.149;650
3525904005010;4328;767.474;977.322;1000
3525904005011;4544;1072.18;446.666;400
3525904005012;4406;1047.96;397.214;350
3525904005013;6853;1095.59;604.407;550
3525904005014;7589;942.927;385.58;350
3525904005015;5150;1139.42;324.684;300
3525904005016;4800;369.066;422.437;400
3525904005017;4953;770.992;678.526;600
3525904005018;4427;1073.53;438.568;400
3525904005019;3961;877.87;595.793;500
3525904005020;4391;1048.83;429.932;370
3525904005021;4983;800.715;347.028;300
3525904005022;5777;1234.18;577.622;550
3525904005023;6388;1203;364.659;300
3525904005024;4325;798.739;378.011;340
3526001001001;7100;1131.51;335.988;320
3526100001001;5980;759.096;213.521;200
3526308001001;1737;206.65;204.489;170
3526407001001;7940;1576.65;316.678;300
3526506001001;5420;222.655;156.214;140
3526605001001;1929;162.579;205.43;200
3526704003001;4248;1186.61;417.288;380
3526704003002;4107;842.924;186.182;180
3526704003003;4378;835.183;339.2;300
3526704003004;7388;1698.07;224.064;200
3526704003005;8047;1653.23;224.503;200
3526803003001;4280;789.044;322.208;300
3526803003002;5166;701.6;371.528;300
3526803003003;8871;1708.44;343.268;300
3526902005001;12541;2290.19;338.71;300
3526902005002;11036;2416.62;449.306;360
3526902005003;19124;4415.9;337.054;300
3526902005004;18771;3136.84;356.384;350
3526902005005;13336;2558.3;401.561;350
3526902005006;10289;2468.94;587.028;500
3527009001001;2224;539.652;294.908;270
3527108003001;7003;1879.35;482.83;450
3527108003002;7876;1413.87;324.948;300
3527108003003;8776;1592.36;377.133;350
3527207003001;4222;536.81;232.067;200
3527207003002;4674;707.186;303.28;250
3527207003003;6763;1085.45;292.152;250
3527207003004;9720;2177.73;386.776;362
3527256001001;740;78.439;248.17;250
3527306003001;6644;1883.6;418.806;360
3527306003002;4455;2197.19;374.245;350
3527405001001;7450;968.473;232.272;200
3527504001001;711;94.0509;176.868;180
3527603001001;3247;882.235;292.967;270
3527702001001;1581;318.885;245.306;230
3527801001001;1329;200.471;206.119;200
3527900001001;921;126.09;154.872;150
3528007001001;4683;739.672;278.736;250
3528106001001;2722;619.529;294.624;300
3528205001001;1270;191.038;234.192;220
3528304001001;1139;143.924;251.247;250
3528403003001;5065;985.933;294.648;250
3528403003002;7954;1407.62;298.176;250
3528601001001;2933;667.329;257.54;250
3528700001001;2417;145.147;196.372;200
3528809001001;4393;929.891;238.641;220
3528858001001;895;229.517;257.621;250
3528908001001;1299;229.31;198.116;200
3529005005001;9946;1256.03;266.758;240
3529005005002;6573;739.545;319.904;300
3529005005003;6439;1492.24;315.666;300
3529005005004;10724;2246.08;462.871;400
3529005005005;6573;976.372;235.855;200
3529005005006;5520;764.251;285.388;280
3529005005007;5169;1270.72;428.476;400
3529005005008;6766;2310.36;497.253;433
3529005005009;4483;1073.59;520.074;450
3529005005010;9076;1789.31;319.079;280
3529104001001;692;54.452;209.545;200
3529203001001;8795;1207.22;262.61;200
3529302003001;4033;846.758;284.439;250
3529302003002;4984;836.63;248.887;250
3529302003003;7063;1488.78;350.891;320
3529302003004;7723;1719.76;360.675;300
3529500001001;1555;329.837;317.579;300
3529609001001;1283;208.584;288.704;250
3529658001001;648;98.8671;174.587;150
3529708001001;6543;1364.92;223.127;200
3529807001001;3719;640.032;238.256;200
3529906001001;6256;706.96;230.861;200
3530003001001;1036;182.179;217.478;200
3530102003001;11327;1570.74;303.366;280
3530201001001;5546;613.35;253.445;200
3530300003001;7891;1767.69;329.385;300
3530300003002;9691;1982.67;311.359;280
3530409001001;1414;247.856;232.543;230
3530508003001;4063;711.199;353.382;300
3530508003002;4710;549.366;244.345;230
3530508003003;4026;993.568;332.454;300
3530508003004;7976;1486.89;304.279;260
3530706003001;4379;768.7;354.264;350
3530706003002;4527;908.42;283.109;250
3530706003003;4684;897.778;333.689;300
3530706003004;4970;1128.41;339.029;310
3530706003005;4067;1167.34;407.468;400
3530706003006;6844;1418.56;477.996;400
3530706003007;5503;1227.94;406.044;400
3530706003008;7082;1024.2;313.586;300
3530805003001;6286;1429.69;453.501;400
3530805003002;6700;1513.17;416.988;350
3530805003003;9247;2172.93;362.258;330
3530805003004;5372;701.398;340.349;260
3530904001001;941;149.414;292.756;260
3531001001001;750;136.641;282.891;300
3531100003001;6905;996.77;394.866;350
3531100003002;9110;1150.65;333.136;330
3531209001001;2355;444.248;321.99;300
3531308003001;4805;1186.47;396.557;350
3531308003002;10244;2317.31;382.984;350
3531407001001;7318;1660.54;376.23;360
3531506001001;6083;1174.59;259.054;200
3531605001001;1393;200.961;217.866;200
3531704001001;1360;203.875;301.017;280
3531803003001;5332;1280.67;412.757;400
3531803003002;9221;1698.1;293.681;300
3531902003001;8864;2624.07;257.432;250
3532009001001;3536;841.758;317.211;300
3532058001001;1363;261.077;192.323;180
3532108001001;1464;185.233;229.931;200
3532157001001;846;165.942;189.159;200
3532207001001;1337;134.965;243.263;200
3532306001001;2411;337.937;231.144;240
3532405001001;5219;583.183;255.031;250
3532504001001;2987;742.327;282.924;280
3532603001001;3787;812.815;344.509;350
3532702001001;1393;375.096;277.278;280
3532801001001;1985;340.35;249.103;250
3532827001001;2421;180.307;166.853;150
3532843001001;750;78.2209;129.271;120
3532868001001;380;40.9272;186.853;200
3532900001001;2868;704.067;247.52;230
3533007001001;6257;1620.31;266.536;250
3533106001001;762;100.573;209.981;200
3533205001001;978;205.623;272.693;270
3533254001001;1351;449.139;217.775;200
3533304001001;1119;232.806;253.429;230
3533403003001;6725;1332.25;378.18;380
3533403003002;9253;2044.02;452.285;420
3533502003001;4138;868.436;248.549;250
3533502003002;8169;2166.65;325.415;300
3533601001001;2191;363.833;260.023;250
3533700001001;1370;181.074;213.282;200
3533809001001;911;139.168;170.672;150
3533908003001;7296;1340.77;308.969;285
3533908003002;8814;1880.56;423.251;380
3534005001001;1210;216.551;287.38;280
3534104001001;1936;267.243;253.252;250
3534203001001;1806;508.038;299.919;300
3534302003001;4093;729.604;257.525;250
3534302003002;7946;1704.14;333.602;260
3534500001001;874;121.083;197.973;180
3534609003001;5246;860.565;389.83;300
3534609003002;6041;900.05;253.507;250
3534708003001;4190;1093.08;313.334;300
3534708003002;4409;1048.08;288.922;280
3534708003003;6321;1138.1;302.544;250
3534708003004;8612;2183.65;430.874;360
3534708003005;9581;1913.99;255.726;250
3534757001001;2827;795.21;310.752;300
3534807001001;2578;388.4;192.468;170
3534906001001;5988;701.105;238.928;220
3535002001001;3783;850.111;292.077;280
3535101001001;3183;1059.22;225.548;200
3535200001001;3323;383.056;239.994;250
3535309001001;7201;1301.01;280.448;250
3535408001001;4647;924.05;252.302;200
3535507003001;6098;778.26;226.033;220
3535507003002;8225;1777.89;306.935;270
3535606001001;5440;876.427;332.386;300
3535705001001;1900;309.8;308.851;300
3535804001001;5561;1060.32;250.711;200
3535903001001;1297;203.263;208.039;200
3536000001001;3676;605.691;230.538;220
3536109001001;1734;371.391;249.625;250
3536208001001;5615;711.24;265.607;250
3536257001001;711;156.191;212.854;200
3536307001001;3980;770.626;271.604;250
3536406001001;1961;382.375;272.354;250
3536505003001;4302;801.635;492.133;450
3536505003002;5432;1268.87;485.651;450
3536505003003;6582;1828.86;448.056;450
3536505003004;8080;1870.71;811.43;700
3536570001001;568;84.071;223.465;150
3536604001001;2935;651.75;243.007;200
3536703003001;4848;736.255;293.389;300
3536703003002;7529;1190.07;266.424;230
3536802001001;1857;187.949;274.399;280
3536901001001;884;83.2377;215.419;200
3537008001001;4844;926.348;292.756;270
3537107003001;6075;1313.59;349.052;300
3537107003002;6754;1725.1;327.296;300
3537156001001;902;126.198;219.027;200
3537206001001;3249;369.128;227.599;200
3537305003001;4361;805.965;311.594;280
3537305003002;7260;1462.15;382.188;350
3537305003003;7512;1391.79;275.487;250
3537404003001;8198;1471.49;286.691;250
3537503001001;2385;473.195;292.235;300
3537602003001;4379;597.69;494.535;400
3537602003002;5894;609.976;301.293;250
3537602003003;9215;1647.84;375.329;330
3537701001001;1708;239.087;244.208;200
3537800003001;8391;437.68;238.627;180
3537800003002;7639;1216.06;322.177;300
3537909001001;7909;1183.9;268.635;200
3538006003001;4106;806.451;274.583;253
3538006003002;4203;659.461;621.886;500
3538006003003;4278;451.309;266.816;260
3538006003004;5199;1202.18;437.57;400
3538006003005;6005;765.842;280.885;270
3538006003006;8298;1576.67;433.414;380
3538006003007;11308;1768.74;281.45;250
3538105001001;4934;897.677;295.741;280
3538204001001;4283;725.622;288.017;280
3538303001001;1217;135.51;194.1;180
3538501001001;4466;840.975;232.85;206
3538600001001;7918;1712.94;329.882;300
3538709005001;5354;1843.07;650.537;550
3538709005002;5051;1978.92;516.616;500
3538709005003;5861;1573.41;552.238;500
3538709005004;5702;1130.87;646.994;600
3538709005005;5221;897.883;295.503;270
3538709005006;6888;1367.79;322.789;300
3538709005007;4685;857.076;469.862;450
3538709005008;7811;1234.75;375.721;350
3538709005009;5617;1022.65;360.448;350
3538709005010;4034;178.635;377.629;380
3538709005011;6463;1318.22;429.615;450
3538709005012;5139;1494.42;539.895;480
3538709005013;4318;1135.85;523.401;500
3538709005014;6396;1237.09;512.489;430
3538709005015;4168;502.172;362.254;320
3538709005016;6691;2367.35;387.837;350
3538709005017;6226;824.152;432.728;420
3538709005018;4209;794.196;315.997;300
3538709005019;7442;2395.73;518.18;480
3538709005020;6612;911.788;304.805;300
3538808003001;3972;812.949;254.78;250
3538808003002;5430;1493.65;302.022;270
3538907001001;9651;1230.22;279.506;270
3539004001001;3427;809.242;319.41;300
3539202001001;7836;1518.51;287.355;250
3539301003001;4204;573.617;239.797;220
3539301003002;4727;772.567;329.28;300
3539301003003;6178;1468.67;378.928;350
3539301003004;7662;2266.89;410.918;380
3539400001001;3795;709.019;358.941;300
3539509003001;4671;1591.95;191.943;180
3539509003002;5997;1593.66;242.466;204
3539608001001;1418;202.468;292.916;300
3539707001001;1043;115.034;159.787;150
3539905001001;1816;397.949;327.737;350
3540002001001;6430;1029.21;297.676;280
3540101001001;1213;212.531;231.664;220
3540200003001;4179;1384.81;283.834;250
3540200003002;7569;3092.04;233.199;200
3540259001001;1323;259.327;188.412;200
3540309001001;845;157.459;280.308;250
3540408001001;1519;263.472;244.423;230
3540507001001;2818;333.94;292.671;250
3540606003001;6317;1123.14;361.86;301
3540606003002;8560;864.59;341.738;300
3540705003001;6689;1623.79;339.215;330
3540705003002;9254;1783.95;278.735;260
3540754001001;7262;956.548;262.291;250
3540804001001;5003;1281.23;333.279;300
3540853001001;1837;82.2857;141.819;150
3540903001001;5154;1312.79;260.556;250
3541000005001;9579;1822.6;575.188;550
3541000005002;8930;1564.34;571.41;525
3541000005003;9624;2123.73;562.732;500
3541000005004;9942;2080.67;467.538;460
3541000005005;8265;1332;293.743;300
3541000005006;5881;764.59;272.164;250
3541000005007;9011;1587.81;295.684;300
3541000005008;6146;1142.71;315.98;300
3541000005009;11680;2142.57;312.38;300
3541000005010;4713;1243.87;346.985;315
3541059001001;1374;323.887;251.55;250
3541109001001;1355;191.837;228.736;200
3541208001001;4612;438.379;235.053;220
3541307003001;6256;1455.41;315.32;300
3541307003002;7083;1428.62;276.408;250
3541406005001;5579;1639.74;541.837;480
3541406005002;6006;2170.6;453.042;400
3541406005003;4231;1219.12;353.879;300
3541406005004;5255;1690.68;547.427;430
3541406005005;8222;1425.35;350.089;320
3541406005006;6604;1085.47;354.962;350
3541406005007;4702;862.021;256.648;250
3541406005008;4410;874.855;559.159;350
3541406005009;4935;649.952;203.109;200
3541406005010;5191;1433.08;284.661;250
3541406005011;8702;1792.31;220.402;200
3541406005012;5775;496.541;174.51;150
3541505003001;5753;847.405;274.345;250
3541505003002;8097;1869.44;304.955;285
3541604003001;4863;720.484;339.469;300
3541604003002;6224;1633.02;321.136;300
3541653001001;1037;91.5489;245.541;220
3541703001001;4091;754.263;271.862;250
3541802001001;881;112.887;276.476;250
3541901001001;3440;474.999;278.929;250
3542008001001;1947;238.572;228.797;200
3542107001001;2529;437.304;289.039;300
3542206003001;4071;854.187;265.415;200
3542206003002;5426;1104.87;284.281;250
3542305001001;1275;116.837;219.597;200
3542404001001;5969;1059.49;276.254;250
3542503001001;3801;331.206;271.505;260
3542602003001;7982;1139.5;334.283;300
3542602003002;8578;1258.34;373.63;300
3542701001001;1842;257.607;229.904;220
3542800001001;1061;74.1165;183.906;170
3542909001001;3798;862.305;216.013;200
3543006001001;5340;372.352;135.71;100
3543105001001;1300;275.736;186.057;200
3543204001001;1409;189.146;249.446;250
3543238001001;747;82.0482;164.052;160
3543253001001;2248;203.009;195.255;180
3543402005001;10594;4413.97;659.101;600
3543402005002;13051;5019.78;403.286;370
3543402005003;8557;2655.05;290.847;270
3543402005004;10668;2343.52;288.57;280
3543402005005;8814;930.823;340.614;300
3543402005006;12723;2146.56;323.8;300
3543402005007;11194;1442.15;700.697;450
3543402005008;9272;2954.82;568.674;516
3543402005009;8831;2026.49;513.437;500
3543402005010;10084;1127.03;426.465;400
3543402005011;9983;3247.21;409.951;380
3543402005012;11143;4034.24;465.546;430
3543402005013;12973;3626.27;335.854;320
3543402005014;12734;3338.74;310.706;300
3543402005015;11598;3802.92;687.457;600
3543402005016;11892;3124.59;868.877;730
3543402005017;11874;3178.41;293.701;280
3543402005018;9367;918.991;314.084;300
3543402005019;3991;583.651;615.892;380
3543501001001;2060;179.76;151.864;120
3543600001001;1162;202.772;270.384;250
3543709001001;3139;651.431;211.353;200
3543808001001;3281;638.019;247.746;200
3543907003001;4512;1030.78;289.612;300
3543907003002;4138;620.158;270.581;250
3543907003003;13844;3116.13;531.36;450
3543907003004;5592;1016.45;348.116;340
3543907003005;4311;952.218;416.173;400
3543907003006;4107;1016.59;437.975;400
3543907003007;4538;1229.82;414.587;400
3543907003008;5311;1035.17;338.49;300
3543907003009;6953;1520.22;298.257;280
3543907003010;7303;1710.43;495.794;450
3544004003001;8732;2066.72;319.01;300
3544202001001;4174;720.045;199.381;180
3544251001001;6157;790.42;273.46;230
3544301001001;2885;542.912;269.914;250
3544400001001;866;115.971;215.202;200
3544509001001;1000;149.01;253.298;280
3544608001001;1736;234.009;267.289;250
3544707001001;777;80.0883;173.662;150
3544806001001;1844;334.445;250.88;250
3544905001001;3254;632.275;357.119;300
3545100001001;1570;265.919;188.104;180
3545159001001;2166;481.014;411.931;420
3545209003001;4093;714.372;392.177;380
3545209003002;5160;1313.93;464.51;450
3545209003003;5453;1102.17;344.066;315
3545209003004;4477;836.684;288.555;250
3545209003005;6035;1079.76;355.654;300
3545209003006;6944;1506.25;376.465;350
3545308003001;4598;777.845;298.091;300
3545308003002;7780;1027.34;282.646;250
3545407001001;2949;393.145;195.255;180
3545506001001;1125;118.654;244.253;250
3545605001001;4695;1209.56;317.005;300
3545704001001;2057;456.357;274.985;260
3545803003001;4238;1015.35;455.069;400
3545803003002;4263;529.652;348.276;350
3545803003003;4354;1147.72;474.302;450
3545803003004;4638;752.98;338.888;350
3545803003005;10566;2721.05;380.297;380
3545803003006;4700;1711.26;408.826;400
3545803003007;6543;1892.07;431.042;400
3545803003008;15768;3752.98;402.956;400
3546009001001;4288;870.766;301.254;280
3546108001001;692;93.0263;201.404;200
3546207001001;1309;262.537;331.06;350
3546256001001;597;111.426;217.376;200
3546306003001;3975;1101.95;289.113;280
3546306003002;5191;1398.96;247.322;220
3546405003001;6794;1525.61;326.549;280
3546405003002;7402;1497.07;344.337;300
3546504001001;1666;452.848;230.155;210
3546603003001;4390;1118.09;357.656;350
3546603003002;5732;1575.74;340.964;300
3546702001001;6713;2263.49;322.282;300
3546900001001;2411;458.039;197.434;200
3547007001001;1682;468.109;241.057;240
3547106001001;936;140.05;217.131;200
3547205001001;595;81.1817;175.528;180
3547403001001;911;90.5863;227.085;200
3547502003001;9179;1588.13;312.714;300
3547601001001;7464;1169.04;301.318;300
3547650001001;505;62.0841;209.905;220
3547700001001;6746;851.956;274.652;250
3547908001001;2098;342.046;242.369;200
3548005001001;6343;1426.77;310.629;280
3548054001001;2428;396.435;243.401;230
3548104001001;1820;357.911;294.359;280
3548203001001;2004;231.406;319.652;250
3548302001001;966;132.968;186.879;170
3548401001001;1348;280.285;243.571;250
3548500005001;4071;300.785;291.485;250
3548500005002;9301;1371.88;473.603;450
3548500005003;12083;2269.93;427.973;400
3548500005004;9392;3115.09;319.791;300
3548500005005;32986;9298.17;880.782;750
3548500005006;28071;5798.67;887.237;800
3548500005007;39920;9861.76;696.318;650
3548500005008;10269;4368.97;477.727;440
3548609001001;3404;416.336;315.001;300
3548906005001;4750;1402.97;557.556;490
3548906005002;4106;1022.34;599.907;505
3548906005003;4933;1303.91;383.895;350
3548906005004;6318;1087.26;328.802;300
3548906005005;4632;996.808;569.44;500
3548906005006;4764;936.172;380.309;330
3548906005007;5069;1084.17;358.542;350
3548906005008;6617;1398.63;219.486;200
3548906005009;6379;1372.98;387.509;370
3548906005010;4783;1227.94;432.083;396
3548906005011;4536;952.952;637.642;565
3548906005012;6298;1248.39;374.508;350
3548906005013;4728;1732.92;419.506;350
3548906005014;4320;539.992;332.779;295
3549003001001;964;109.455;191.343;200
3549102003001;3992;1010.22;399.029;360
3549102003002;4653;981.678;354.304;260
3549102003003;4663;896.872;326.354;300
3549102003004;5790;872.859;287.815;260
3549102003005;8772;2994.67;411.913;350
3549201001001;852;77.294;197.667;200
3549250001001;591;76.8784;158.968;150
3549300001001;734;106.584;238.408;250
3549409003001;7214;1348.27;339.013;330
3549409003002;7361;2294.8;359.697;330
3549508001001;2536;618.497;222.471;210
3549607001001;1318;192.434;263.358;250
3549706003001;7960;1779.67;356.333;330
3549706003002;8215;1177.5;347.031;300
3549805005001;7286;2467.79;684.438;510
3549805005002;6454;2091.04;457.635;400
3549805005003;5018;1245.49;366.64;349
3549805005004;4902;1249.48;458.587;430
3549805005005;5793;2281.46;463.199;415
3549805005006;5755;2466.69;504.667;475
3549805005007;5994;1948.39;640.122;500
3549805005008;6603;2046.74;449.142;400
3549805005009;7405;3174.18;416.772;380
3549805005010;4677;1284.3;405.511;400
3549805005011;7614;2563.07;330.03;330
3549805005012;5209;966.819;353.965;350
3549805005013;6571;1498.11;294.803;300
3549805005014;4866;1332.3;321.762;300
3549805005015;5105;1030.12;293.916;280
3549805005016;5094;746.816;267.738;250
3549805005017;5109;1129.08;337.696;300
3549805005018;8789;3092.67;416.446;400
3549805005019;4346;1368.67;462.933;400
3549805005020;7731;1843.37;339.344;330
3549805005021;6825;888.583;603.68;420
3549805005022;6399;776.655;265.345;250
3549805005023;5772;1496.77;285.618;270
3549904005001;13834;3591.96;462.735;450
3549904005002;11607;2744.33;909.701;800
3549904005003;17562;4412.59;411.957;400
3549904005004;13347;3139.54;430.457;400
3549904005005;16029;2949.91;313.521;300
3549904005006;15729;3987.56;354.871;320
3549904005007;5808;678.78;264.214;250
3549904005008;958;192.953;354.348;350
3549904005009;13558;3035.41;994.021;800
3549904005010;13084;2379.27;355.522;300
3549904005011;21101;3604.87;352.802;320
3549904005012;20346;5532.04;566.689;500
3549904005013;28099;6932.58;456.253;450
3550001001001;3483;622.06;295.151;250
3550100003001;4225;644.705;347.568;310
3550100003002;7447;1446.52;274.491;250
3550209003001;4164;433.105;253.749;250
3550209003002;5434;958.287;252.084;230
3550407003001;4724;1019.27;311.349;300
3550407003002;5745;1321.67;316.22;300
3550506001001;2365;470.427;212.053;200
3550605003001;4628;515.46;273.161;250
3550605003002;9046;1968.2;534.337;500
3550605003003;10221;1970.58;372.817;300
3550704003001;4480;931.815;338.541;300
3550704003002;5062;1409.09;632.866;600
3550704003003;4238;957.122;374.84;350
3550704003004;9976;2447.78;392.965;300
3550803001001;3729;810.115;272.1;250
3550902001001;4453;758.72;282.549;250
3551009005001;10061;1841.3;334.727;300
3551009005002;7478;1884.98;415.149;400
3551009005003;17359;5395.42;646.862;600
3551009005004;10109;1749.57;438.547;400
3551009005005;7851;1985.65;398.043;350
3551009005006;7549;1235.95;339.106;300
3551009005007;7596;1746.2;497.817;450
3551009005008;6450;1439.77;559.026;540
3551009005009;7855;1555.64;326.197;300
3551009005010;11376;2363.32;264.435;250
3551009005011;9855;1451.05;298.913;300
3551108001001;2859;429.167;269.1;250
3551207001001;1208;161.549;149.923;150
3551306001001;1055;211.759;341.987;350
3551405001001;4989;531.503;257.11;250
3551504003001;4656;1180.13;269.559;250
3551504003002;6569;2063.51;282.122;250
3551603003001;8764;2236.48;369.765;335
3551702003001;4334;998.829;523.76;500
3551702003002;5044;1078.39;365.88;350
3551702003003;4488;1198.06;279.419;280
3551702003004;4099;1239.03;383.184;350
3551702003005;8243;1457.15;298.782;251
3551702003006;7079;1553.79;501.143;450
3551801001001;4002;418.322;266.484;230
3551900001001;4708;1233.64;264.297;250
3552007001001;1799;244.641;242.033;220
3552106003001;5881;878.914;330.882;280
3552106003002;6356;2107.54;363.821;340
3552205005001;9703;1923.89;522.729;450
3552205005002;10088;1148.61;360.827;400
3552205005003;8017;806.843;413.179;350
3552205005004;9628;1604.81;334.947;300
3552205005005;9210;2114.53;760.262;650
3552205005006;9077;1998.75;488.34;400
3552205005007;12636;2083.67;302.18;300
3552205005008;9885;1886.56;369.438;350
3552205005009;10548;1583.94;324.242;300
3552205005010;10467;3442.53;680.883;570
3552205005011;10127;2392.19;469.287;400
3552205005012;10965;2499;421.896;360
3552205005013;10062;1670.62;365.305;350
3552205005014;8552;1232.57;300.763;300
3552205005015;8230;1929.53;327.828;300
3552205005016;8261;2433.08;452.44;423
3552205005017;8769;1641.06;573.543;450
3552205005018;8435;1369.63;555.077;400
3552205005019;10279;1637.19;285.276;250
3552304001001;2421;465.218;274.862;280
3552403005001;4789;1108.73;310.436;300
3552403005002;5802;1052.43;345.951;350
3552403005003;4896;897.795;339.608;350
3552403005004;4767;1420.51;490.426;450
3552403005005;4775;1050.72;526.002;470
3552403005006;4183;946.427;447.445;450
3552403005007;5311;1176.47;329.351;300
3552403005008;6065;1385.51;329.217;300
3552403005009;4950;931.632;310.652;300
3552403005010;6069;1281.07;373.42;350
3552403005011;4427;953.727;330.918;300
3552403005012;4123;847.485;385.215;350
3552403005013;4301;660.984;575.989;600
3552403005014;4374;852.14;313.964;300
3552403005015;4856;878.868;390.912;350
3552551001001;1095;122.589;240.074;250
3552601001001;3833;816.414;273.201;250
3552700001001;4895;1064.44;270.401;250
3552908001001;1803;240.127;245.091;250
3553005001001;3145;898.295;286.712;270
3553104001001;1826;456.253;216.658;200
3553203001001;1777;362.256;269.69;250
3553302001001;6927;1266.89;293.558;260
3553401003001;8148;1705.42;344.913;350
3553500001001;2363;259.98;176.837;150
3553609001001;3820;611.188;249.248;230
3553658001001;855;156.898;248.227;240
3553708003001;4372;831.379;192.149;190
3553708003002;6494;1304.91;265.03;250
3553708003003;6705;1630.21;326.403;300
3553807001001;6932;1484.23;305.221;280
3553856001001;1429;212.326;209.246;200
3553906001001;2023;358.913;227.003;200
3553955001001;3981;756.5;252.348;250
3554003003001;4316;931.182;359.253;320
3554003003002;10724;2270.96;403.665;330
3554003003003;8287;1123.02;288.055;240
3554003003004;9449;2341;324.978;300
3554102003001;4214;987.096;450.056;400
3554102003002;6422;989.297;352.389;350
3554102003003;4093;586.045;382.213;300
3554102003004;4292;729.195;339.258;330
3554102003005;4346;801.112;439.076;400
3554102003006;4360;763.036;369.471;350
3554102003007;4516;788.792;446.02;450
3554102003008;4694;1057.63;407.708;350
3554102003009;6669;1621.23;547.367;500
3554102003010;5831;629.453;243.728;250
3554102003011;13654;2445.41;537.069;450
3554102003012;4828;1123.9;506.287;450
3554102003013;8582;1821.91;528.076;490
3554102003014;9112;1458.11;380.496;350
3554201001001;1415;207.226;154.119;150
3554300001001;6693;1071.69;335.902;300
3554409001001;2720;468.273;159.772;150
3554508003001;5394;1294.63;366.582;350
3554508003002;6229;1576.19;390.714;350
3554607001001;897;118.427;165.495;150
3554656001001;804;63.5047;184.026;200
3554706001001;2972;579.029;281.911;250
3554755001001;466;38.0465;191.717;200
3554805003001;7531;644.329;344.234;300
3554805003002;6399;877.105;409.348;350
3554904001001;1870;289.067;248.07;250
3554953001001;1902;244.775;291.383;270
3555000003001;4236;915.863;391.562;330
3555000003002;8340;2001.9;317.509;270
3555000003003;9072;1527.51;301.289;250
3555109001001;5803;766.674;315.376;300
3555208001001;703;100.493;241.309;250
3555307001001;719;52.8496;188.136;180
3555356001001;1605;364.615;269.362;280
3555406003001;4471;708.576;377.069;300
3555406003002;5727;753.637;267.938;250
3555406003003;6318;1565.64;449.564;400
3555406003004;8723;1847.38;350.228;300
3555505001001;1446;309.5;220.446;200
3555604001001;3132;439.44;241.101;250
3555703001001;509;128.298;219.402;200
3555802001001;3045;563.994;223.385;200
3555901001001;438;53.7635;210.932;150
3556008001001;4269;886.069;280.845;250
3556107001001;3592;866.177;290.594;270
3556206003001;5706;1190.85;519.87;500
3556206003002;6343;1442.68;450.206;400
3556206003003;6334;1507.67;611.716;547
3556206003004;7444;1324.05;546.193;450
3556206003005;7988;1849.08;750.937;500
3556305001001;8414;1319.45;317.125;300
3556354001001;2783;451.494;280.231;250
3556404003001;4543;1211.22;254.792;250
3556404003002;7890;2329.5;307.996;300
3556503003001;4337;745.733;298.335;300
3556503003002;4686;690.107;258.434;250
3556503003003;9002;1899.84;332.439;300
3556503003004;13723;2747.09;352.142;350
3556602001001;3392;591.099;246.626;200
3556701003001;4513;956.416;940.299;700
3556701003002;6412;1439.24;573.389;400
3556701003003;8652;2109.93;623.051;450
3556800001001;5420;1113.77;231.267;200
3556909001001;2154;617.492;298.351;300
3556958001001;558;70.1524;163.849;150
3557006003001;4386;783.082;287.4;280
3557006003002;4285;559.419;277.822;250
3557006003003;4567;629.197;320.481;300
3557006003004;4435;597.607;335.805;300
3557006003005;6335;1116.55;376.598;350
3557006003006;8051;1290.5;346.623;300
3557105003001;4347;1228.52;400.924;350
3557105003002;4187;1467.03;374.416;350
3557105003003;5953;1301.71;369.091;300
3557105003004;7127;1908.72;373.335;350
3557105003005;7672;2385.29;400.008;380
3557154001001;799;97.4788;275.64;250
3557204001001;3754;839.728;218.575;200
3557303001001;2925;647.313;308.396;300
3503901003001;4467;833.112;354.739;300
3503901003002;8692;1281.83;626.792;300
3503901003003;8485;1283.29;358.183;300
3505708005001;4981;1187.12;576.531;450
3505708005002;4440;986.513;396.983;330
3505708005003;4250;1081.15;327.412;300
3505708005004;4453;737.464;285.858;280
3505708005005;4908;1181.89;327.113;300
3505708005006;7297;2117.62;324.977;300
3505708005007;5109;1375.47;338.155;300
3505708005008;7162;1348.03;385.356;300
3505708005009;5139;1190.47;326.652;300
3505708005010;6011;1808.69;325.613;300
3505708005011;4222;983.689;464.773;300
3505708005012;5308;1022.62;2408.45;1800
3505708005013;8632;1866.94;291.642;280
3506607003001;8407;1363.7;253.28;250
3509007003001;4535;523.629;267.589;250
3509007003002;5528;787.982;293.381;255
3509007003003;7606;640.399;557.132;430
3509007003004;7900;1633.02;306.183;280
3509205003001;5595;1327.74;328.097;300
3509205003002;6423;787.524;334.114;300
3509205003003;7303;1382.87;352.537;300
3510609005001;8636;2081.99;331.595;300
3510609005002;14921;2405.94;345.883;350
3510609005003;12547;1604.41;280.104;255
3510609005004;18970;4518.16;308.773;300
3510609005005;17625;3642.18;295.39;300
3510609005006;21146;3089.84;369.801;280
3510609005007;15076;3414.25;309.065;300
3513009003001;4275;510.654;647.419;350
3513009003002;5043;894.458;1078.53;500
3513009003003;5396;1493.16;401.242;300
3513009003004;5608;1366.03;304.772;260
3513009003005;4993;1210.71;323.346;300
3513009003006;8303;1646.87;319.145;280
3513009003007;5830;810.203;573.343;350
3513009003008;6315;1459.74;377.981;300
3513009003009;5229;508.864;316.878;250
3513009003010;9051;1059.15;270.632;220
3513801005001;5370;1699.55;298.145;300
3513801005002;4622;1128.97;307.885;280
3513801005003;7011;1687.34;319.941;300
3513801005004;5402;1161.65;327.609;300
3513801005005;5829;1217.41;292.43;280
3513801005006;4352;1200.01;442.245;380
3513801005007;4519;1803.37;439.081;380
3513801005008;5465;1265.97;512.875;450
3513801005009;4602;903.46;380.556;350
3513801005010;5203;1760.07;325.941;300
3513801005011;4728;404.336;329.615;300
3513801005012;7567;1770.85;272.257;250
3513801005013;5171;1296.6;275.038;250
3513801005014;6314;1634.32;274.622;250
3513801005015;5686;1167.59;367.175;330
3513801005016;7824;2590.84;373.034;310
3513801005017;4487;739.382;299.335;280
3513801005018;5094;1818.47;274.908;270
3513801005019;4366;1435.66;372.784;350
3513801005020;4734;1481.31;340.071;300
3513801005021;4410;1631.85;348.665;300
3513801005022;5083;888.221;301.216;300
3515004005001;4306;708.752;303.406;300
3515004005002;5119;1280.34;310.877;300
3515004005003;4689;1060.21;293.471;270
3515004005004;5749;1506.32;294.32;280
3515004005005;7552;1483.79;273.763;250
3515004005006;7451;1109.2;286.975;260
3515004005007;5778;1374.1;284.294;260
3515004005008;6581;1149.82;276.471;256
3515004005009;4276;641.517;336.334;300
3515004005010;5225;1165.08;385.087;350
3515004005011;7172;1273.3;297.786;270
3515004005012;4473;629.298;438.099;300
3515103003001;4573;339.79;317.929;300
3515103003002;6904;1121.89;329.14;300
3515103003003;6942;1074.08;270.265;250
3515707003001;4197;341.564;261.685;250
3515707003002;5340;695.321;282.132;200
3515707003003;5551;1171.3;318.394;300
3515707003004;4147;563.901;263.049;250
3515707003005;4771;381.203;216.331;200
3515707003006;4608;946.688;277.859;250
3515707003007;9442;1439.78;243.068;250
3515707003008;10523;2260.75;309.385;300
3516309003001;3941;511.866;237.784;250
3516309003002;12063;1735.74;261.054;250
3516309003003;10081;994.429;227.581;200
3516309003004;6156;662.064;195.358;200
3516309003005;11943;1249.73;213.555;200
3516408003001;4354;201.625;219.579;250
3516408003002;4534;546.816;251.262;250
3516408003003;4335;611.632;259.945;250
3516408003004;7986;495.116;234.406;200
3516408003005;9012;1724.76;300.485;250
3516408003006;14154;1248.12;289.957;260
3518305001001;7882;1584.94;397.533;350
3518800005001;15466;3139.4;640.842;551
3518800005002;9715;1963.46;427.494;428
3518800005003;10615;2317.69;368.689;350
3518800005004;8953;1789.67;521.34;450
3518800005005;12194;2670.21;390.509;340
3518800005006;8647;1831.08;418.267;380
3518800005007;13029;2360.79;448.646;400
3518800005008;12724;2871.19;395.753;350
3518800005009;15032;3234.94;500.888;450
3518800005010;13429;3273.06;449.408;400
3518800005011;12698;3069.36;498.518;450
3518800005012;12573;3219.93;424.641;370
3518800005013;8533;2272;417.322;370
3518800005014;10287;2264.05;291.443;300
3518800005015;14100;2595.81;285.577;280
3518800005016;12933;1231.94;255.076;250
3518800005017;12639;2363.38;341.423;300
3518800005018;10756;1583.81;255.051;250
3518800005019;16183;2681.43;270.81;250
3518800005020;16732;3411.05;289.879;280
3518800005021;13780;2573.37;304.211;300
3518800005022;10722;2176.34;346.405;300
3518800005023;13875;3096.43;290.805;280
3518800005024;12457;1508.86;258.1;250
3518800005025;16340;2978.57;281.457;280
3518800005026;8279;1011.89;227.765;250
3518800005027;16902;3681.77;324.381;300
3518800005028;9639;1016.65;278.737;255
3518800005029;10114;1972.36;289.017;275
3518800005030;8540;1083.83;255.181;250
3522208003001;4277;721.502;350.766;350
3522208003002;4290;616.026;245.946;220
3522208003003;5184;1068.37;266.269;250
3522208003004;8894;761.664;320.59;300
3522208003005;6291;959.961;244.027;250
3522208003006;8434;1841.26;324.316;300
3522208003007;8909;1327.33;330.846;250
3522505005001;4618;897.288;350.397;300
3522505005002;4301;610.284;439.327;300
3522505005003;4583;668.333;274.957;300
3522505005004;5139;913.868;228.37;220
3522505005005;4131;679.42;294.619;300
3522505005006;4262;301.513;238.797;250
3522505005007;4513;638.762;268.115;250
3522505005008;4106;511.932;251.127;250
3522505005009;4258;813.419;265.231;250
3522505005010;4245;532.541;251.504;250
3522505005011;4686;336.598;340.691;250
3522505005012;4590;554.615;403.178;250
3522505005013;4295;213.961;229.207;200
3523107005001;6894;856.984;273.159;250
3523107005002;6722;1165.56;256.189;250
3523107005003;4437;646.132;278.36;250
3523107005004;7450;1165.25;297.28;300
3523107005005;4808;472.845;329.045;300
3523107005006;7156;977.91;315.994;300
3523107005007;4511;711.074;270.936;250
3523107005008;4988;572.498;249.246;250
3523107005009;4954;525.931;219.356;200
3523107005010;4743;790.201;265.779;240
3523107005011;5969;888.754;348.62;250
3523107005012;4230;480.497;227.841;200
3523107005013;6081;719.827;241.21;230
3523107005014;6436;746.761;197.2;200
3523107005015;6113;532.512;234.09;220
3523107005016;4478;353.927;194.675;200
3525003003001;4618;1163.13;308.848;300
3525003003002;4594;710.488;277.133;270
3525003003003;4566;941.58;286.507;260
3525003003004;8804;1993.73;342.056;300
3525003003005;9991;1575.22;327.772;280
3526209003001;8896;1121.96;297.111;260
3528502003001;4723;1031.09;326.607;300
3528502003002;8755;1031.66;378.762;300
3528502003003;9978;1587.57;420.186;300
3529401005001;4561;1090.02;458.004;400
3529401005002;4290;758.577;254.661;250
3529401005003;8394;1471.1;243.101;250
3529401005004;7055;1840.46;378.988;350
3529401005005;9278;2138.8;297.275;300
3529401005006;4207;784.332;292.833;300
3529401005007;7996;1070;242.519;250
3529401005008;5607;1133.96;277.035;250
3529401005009;5470;1080.6;294.299;280
3529401005010;4604;667.543;243.266;230
3529401005011;7104;664.801;209.957;200
3529401005012;7612;1421.47;291.965;280
3529401005013;5026;840.685;313.426;300
3529401005014;5468;813.787;274.701;250
3529401005015;5407;1378.5;284.261;290
3529401005016;8864;1721.12;444.637;400
3529401005017;7546;1545.54;303.557;300
3529401005018;5580;494.286;299.574;250
3529401005019;4264;1145.08;320.023;300
3529401005020;4689;839.225;266.35;250
3529401005021;4210;662.343;268.859;250
3530607005001;4389;807.867;567.524;500
3530607005002;4222;654.842;305.202;280
3530607005003;4588;1022.96;349.773;300
3530607005004;4605;1351.41;544.895;500
3530607005005;4887;904.207;408.758;400
3530607005006;4904;483.884;279.685;250
3530607005007;6598;636.646;531.945;200
3530607005008;4482;715.391;235.407;250
3530607005009;5327;759.578;306.617;300
3530607005010;4146;389.339;332.401;300
3530607005011;4637;768.431;347.311;300
3530607005012;5108;838.812;269.253;250
3530607005013;4217;839.573;414.585;400
3530607005014;4168;350.04;284.433;270
3530607005015;4483;503.016;273.054;280
3530607005016;5947;1374.52;430.734;400
3530607005017;4325;804.413;325.918;280
3530607005018;4490;363.013;237.825;210
3530607005019;5205;567.681;414.289;300
3530607005020;5367;1072.22;449.781;400
3530607005021;4769;863.612;334.889;300
3530607005022;6220;1375.69;477.54;440
3530607005023;4774;598.508;229.167;200
3530607005024;5732;695.345;725.948;600
3534401005001;11559;2100.71;328.474;300
3534401005002;10906;2990.58;361.408;350
3534401005003;9574;2750.59;430.508;390
3534401005004;9924;3212.97;303.995;300
3534401005005;8620;2255.37;293.362;280
3534401005006;10663;2131.36;323.062;300
3534401005007;11868;2309.56;513.766;500
3534401005008;13541;2662.53;567.246;500
3534401005009;10977;2920.94;591.647;450
3534401005010;10111;2088.35;768.968;750
3534401005011;12670;2361.84;502.339;450
3534401005012;14658;3410.57;409.033;350
3534401005013;12536;2019.64;330.063;300
3534401005014;13865;2122.44;396.988;360
3534401005015;14136;3138.27;369.43;340
3534401005016;8972;1865.38;405.718;340
3534401005017;8896;1926.27;388.717;350
3534401005018;9600;1672.41;371.607;350
3539103001001;4416;576.166;250.807;250
3539806003001;4545;547.346;294.842;300
3539806003002;5164;631.53;294.218;265
3539806003003;3850;909.36;357.814;350
3539806003004;5568;818.513;301.496;250
3539806003005;11624;2047.1;334.376;300
3543303003001;4884;622.405;323.189;280
3543303003002;5233;907.432;318.988;300
3543303003003;5520;995.455;308.603;280
3543303003004;4554;1021.77;421.999;360
3543303003005;6832;1111.69;337.544;300
3543303003006;7077;1350.1;423.931;350
3544103003001;5874;978.996;210.106;200
3544103003002;7480;1665.58;250.588;250
3545001001001;4724;649.685;279.159;250
3546801003001;7658;1138.27;295.755;250
3546801003002;7816;1756.12;338.711;300
3547304003001;4684;886.818;283.379;250
3547304003002;4452;562.154;285.56;250
3547304003003;9272;1539.53;655.475;350
3547304003004;13239;2116.37;1494.82;350
3547809005001;8690;1113.32;803.116;700
3547809005002;8735;1799.84;420.218;400
3547809005003;12408;1963.27;825.301;700
3547809005004;9991;1447.26;303.64;300
3547809005005;8742;1506;792.102;700
3547809005006;10484;1905.2;346.042;300
3547809005007;11253;1653.68;342.926;350
3547809005008;9416;1915.63;634.196;600
3547809005009;10185;2092.72;469.471;450
3547809005010;8406;1466.59;403.553;350
3547809005011;9588;697.173;366.617;350
3547809005012;9402;2306.46;496.142;400
3547809005013;4886;1138.66;170.906;150
3547809005014;8977;1332.36;399.516;350
3547809005015;9780;1815.03;456.217;380
3547809005016;8815;2043.66;455.258;400
3547809005017;8882;1825.37;479.684;500
3547809005018;9418;2186.71;496.755;400
3547809005019;9156;1784.13;483.26;450
3547809005020;10347;1778.32;411.464;400
3547809005021;8269;1666.68;352.321;320
3547809005022;11416;2707.75;359.42;320
3547809005023;10109;1869.75;564.733;500
3548708005001;17902;2711.11;366.56;350
3548708005002;14104;2544.35;509.374;500
3548708005003;16315;3414.88;417.746;350
3548708005004;8303;1550.52;313.603;300
3548708005005;11825;1893.26;621.864;510
3548708005006;11144;1676.3;767.83;700
3548708005007;11453;1483.04;495.136;450
3548708005008;9675;2106.91;316.577;300
3548708005009;8697;1577.96;288.112;300
3548708005010;15242;3462.07;369.837;315
3548708005011;12414;3623.95;332.667;300
3548708005012;16301;3051.59;492.069;420
3548708005013;13323;2449.04;565.453;550
3548708005014;12499;2711.04;271.855;280
3548708005015;14342;2018.85;307.845;300
3548708005016;15726;2453.07;568.656;550
3548708005017;9509;1228.3;368.147;300
3548708005018;14922;3160.5;624.524;600
3548708005019;8817;1848.76;568.453;550
3548807003001;4404;1211.43;563.784;510
3548807003002;5965;2002.03;613.748;522
3548807003003;4326;835.223;836.922;700
3548807003004;7733;2275.67;748.133;650
3548807003005;4574;1268.91;657.62;650
3548807003006;6067;1536.96;692.104;600
3548807003007;8705;2654.86;553.437;470
3548807003008;9455;2567.02;647.477;553
3549953001001;4379;726.681;325.787;300
3550308005001;9154;4030.71;515.969;500
3550308005002;11121;4942.76;696.876;625
3550308005003;15504;6953.3;639.075;600
3550308005004;11242;4656.12;775.245;700
3550308005005;10572;4802.92;537.98;500
3550308005006;13363;4004.46;694.328;650
3550308005007;15444;4720.42;887.096;700
3550308005008;12857;5732.11;844.073;750
3550308005009;8885;4164.2;936.825;700
3550308005010;13310;4655.5;916.387;800
3550308005011;9286;3385.51;922.714;800
3550308005012;13137;4213.97;1325.3;1000
3550308005013;13398;4734.37;1341.16;1147
3550308005014;17683;7880.6;726.323;650
3550308005015;5634;2672.48;706.095;600
3550308005016;15994;5023.38;672.301;600
3550308005017;16937;3706.66;807.426;750
3550308005018;11274;2487.85;932.685;800
3550308005019;10453;2490.54;698.969;600
3550308005020;10698;3007.98;1077.1;1000
3550308005021;15424;3755.75;1261;1150
3550308005022;9924;2123.03;1692.4;1400
3550308005023;12206;3159.15;1647.13;1500
3550308005024;13264;2816.77;2343.4;2000
3550308005025;14430;4303.3;1685.97;1500
3550308005026;9943;1708.67;1431.54;1350
3550308005027;8789;3231.41;749.764;670
3550308005028;10334;2392.05;1268.8;1200
3550308005029;5825;1546.59;937.42;900
3550308005030;10864;3507.65;649.633;563
3550308005031;8924;2502.02;642.077;576
3550308005032;8917;3035.1;599.352;500
3550308005033;13035;5777.12;518.239;450
3550308005034;8399;3860.22;512.17;450
3550308005035;14174;4455.24;427.12;350
3550308005036;15722;3353.74;766.12;700
3550308005037;9207;1851.69;908.878;800
3550308005038;8211;1846.44;907.282;850
3550308005039;16969;4376.89;625.244;600
3550308005040;15863;3553.03;586.952;500
3550308005041;11832;3160.99;547.849;500
3550308005042;13298;2379.8;640.861;600
3550308005043;11633;4041.41;664.917;600
3550308005044;13053;2802.92;696.652;600
3550308005045;8423;1845.24;830.153;700
3550308005046;17049;4053.81;1333.93;1020
3550308005047;16774;4082.43;1053.72;1000
3550308005048;15090;3794.9;960.492;950
3550308005049;13718;2914.97;2166.36;1500
3550308005050;9527;2071.38;1726.28;1400
3550308005051;9700;2518.94;2014.31;1500
3550308005052;8908;2634.1;1297.73;1200
3550308005053;9274;2132.17;2164.21;1500
3550308005054;9244;2699.85;1563.09;1300
3550308005055;12065;2561.3;1321.9;1200
3550308005056;11856;2468.24;1268.8;1200
3550308005057;10354;2829.14;937.457;900
3550308005058;10940;2892.94;884.072;800
3550308005059;13854;3039.97;1055;962
3550308005060;12147;3739.32;447.782;400
3550308005061;12771;3004.34;508.483;500
3550308005062;16425;4762.74;514.116;450
3550308005063;13413;2876.87;888.295;800
3550308005064;14652;3166.96;852.045;720
3550308005065;16187;3614.96;830.908;700
3550308005066;11930;3509.99;632.126;500
3550308005067;14577;4557.57;486.12;450
3550308005068;10535;3523.81;493.289;440
3550308005069;14859;5053.37;400.011;354
3550308005070;16353;4119.51;473.69;450
3550308005071;10763;2928.5;506.994;440
3550308005072;9213;2504.06;404.459;400
3550308005073;8493;2044.28;456.404;400
3550308005074;13505;3666.48;511.057;450
3550308005075;9306;2282.67;530.565;460
3550308005076;16030;4040.87;443.17;400
3550308005077;13944;3257.65;635.194;540
3550308005078;13526;3484.16;595.042;523
3550308005079;14717;4071.12;444.826;420
3550308005080;14212;2514.73;473.985;450
3550308005081;9359;2321.46;469.162;400
3550308005082;9763;3653.12;444.749;405
3550308005083;12466;3447.08;521.677;450
3550308005084;15109;4078.86;574.94;500
3550308005085;15434;4401.38;547.88;500
3550308005086;13497;3150;307.371;300
3550308005087;11549;3111.81;451.626;400
3550308005088;8997;2121.2;454.534;400
3550308005089;13062;2471.75;423.805;350
3550308005090;8795;2031.26;479.157;400
3550308005091;14216;5415.62;469.564;400
3550308005092;8302;2055.14;920.718;850
3550308005093;13559;3343.2;708.451;650
3550308005094;9456;2049.91;1080.99;900
3550308005095;10531;2887.71;601.472;500
3550308005096;10326;2371.92;848.552;720
3550308005097;9634;2014.75;538.788;400
3550308005098;12509;3457.3;1777.39;1400
3550308005099;8727;2141.07;1638.54;1500
3550308005100;14621;2871.33;1365.46;1200
3550308005101;9794;1034.44;1521.23;1350
3550308005102;9429;2259.44;1486.12;1400
3550308005103;11089;2482.72;1866.66;1400
3550308005104;15677;2155.07;1481.89;1000
3550308005105;10775;2430.79;1058.8;900
3550308005106;15834;2837.2;1726.44;1200
3550308005107;15180;2495.66;1139.45;1000
3550308005108;16323;2920.02;680.226;650
3550308005109;7960;2151.69;481.266;440
3550308005110;16149;3716.8;574.148;475
3550308005111;10611;2842.89;368.54;330
3550308005112;8828;2144.58;524.875;500
3550308005113;11371;2290.5;508.031;400
3550308005114;11679;2639.59;383.778;350
3550308005115;11922;3527.58;366.456;330
3550308005116;14711;3310.37;545.233;500
3550308005117;9911;2849.09;560.459;500
3550308005118;10572;3032.62;474.376;400
3550308005119;10108;2725.66;411.801;350
3550308005120;13949;2941.55;383.329;350
3550308005121;10516;3443.16;399.136;350
3550308005122;14017;3375.76;295.712;270
3550308005123;13375;2886.29;311.057;300
3550308005124;11680;2937.63;489.107;450
3550308005125;12145;3253.36;458.813;410
3550308005126;10067;2207.44;320.795;300
3550308005127;8865;1851.59;359.183;310
3550308005128;13478;3495.69;473.677;415
3550308005129;11483;2549.47;661.994;600
3550308005130;10673;2089.42;623.042;580
3550308005131;12116;2623.04;640.368;600
3550308005132;9063;2925.4;565.201;500
3550308005133;15914;3889.33;540.084;450
3550308005134;12544;3300.64;420.342;350
3550308005135;15079;3777.78;310.719;300
3550308005136;11962;2421.86;386.509;300
3550308005137;14780;3436.02;352.306;320
3550308005138;8817;1405.79;434.589;400
3550308005139;11573;2987.01;306.16;300
3550308005140;8969;2138.42;385.264;350
3550308005141;9521;2078.65;390.812;350
3550308005142;10693;2197.16;456.453;400
3550308005143;8488;1589.31;418.308;350
3550308005144;9115;1939.23;507.224;450
3550308005145;8837;1913.26;436.326;400
3550308005146;10786;2490.97;424.585;400
3550308005147;8430;1976.84;490.545;400
3550308005148;13095;1650.57;455.861;450
3550308005149;9880;2467.26;385.723;350
3550308005150;15358;3072.34;386.31;300
3550308005151;14262;3404.41;418.353;360
3550308005152;13221;2835.86;361.761;330
3550308005153;13446;2891.46;463.889;400
3550308005154;13359;3485.58;377.028;350
3550308005155;11934;2537.11;388.39;350
3550308005156;14530;3361.62;330.402;300
3550308005157;15250;2810.66;308.107;300
3550308005158;8699;2630.76;404.19;350
3550308005159;13690;2984.27;407.151;350
3550308005160;14214;3052.42;335.928;300
3550308005161;10784;1919.75;327.434;300
3550308005162;8732;2378.83;443.357;350
3550308005163;11366;3623.86;355.113;300
3550308005164;14366;4000.18;389.532;300
3550308005165;14647;3849.44;331.705;300
3550308005166;15469;4688.81;349.53;300
3550308005167;12177;3201.05;350.306;300
3550308005168;11255;2968.51;307.845;300
3550308005169;13059;2704.14;670.737;500
3550308005170;10697;2140.03;641.668;587
3550308005171;10067;1811.44;911.797;800
3550308005172;12906;1930.7;906.408;800
3550308005173;10004;1448.84;1968.32;1200
3550308005174;16070;3710.06;1137.92;1000
3550308005175;15417;4169.81;284.282;290
3550308005176;14454;2154.54;1447.3;800
3550308005177;11069;1284.52;1215.19;1100
3550308005178;11381;2342.67;810.711;450
3550308005179;12140;2473.3;903.074;750
3550308005180;9263;1732.01;836.488;750
3550308005181;11307;2130.3;513.086;400
3550308005182;11544;2124.06;522.941;400
3550308005183;10036;1978.5;524.111;450
3550308005184;16111;3666.39;620.388;450
3550308005185;12995;2934.28;425.582;350
3550308005186;9226;612.516;333.195;300
3550308005187;9314;1479.43;421.491;365
3550308005188;12251;1920.86;343.817;300
3550308005189;15733;3316.26;309.096;300
3550308005190;9443;1866.99;297.857;270
3550308005191;14430;3504.95;303.093;300
3550308005192;13546;3234.15;386.387;350
3550308005193;15121;2999.58;373.767;330
3550308005194;13540;2708.26;323.359;300
3550308005195;13044;3122.13;342.706;300
3550308005196;12260;3345.12;367.01;330
3550308005197;15801;3209.74;328.272;300
3550308005198;12184;2007.11;383.876;350
3550308005199;12531;1964.15;321.722;300
3550308005200;10993;2143.32;344.804;300
3550308005201;14612;2850.11;372.687;350
3550308005202;10059;1918.06;412.062;350
3550308005203;9043;1704.43;391.76;350
3550308005204;11303;1800.8;397.276;350
3550308005205;9023;1277.03;319.886;280
3550308005206;9446;2214.56;340.58;300
3550308005207;10540;2162.36;349.539;300
3550308005208;13523;2353.71;380.047;350
3550308005209;8482;1446.51;315.04;300
3550308005210;9611;1411.41;316.15;300
3550308005211;8467;1341.9;282.464;270
3550308005212;13743;2758.88;362.237;330
3550308005213;12013;2743.95;392.409;350
3550308005214;11993;2566.12;301.524;300
3550308005215;9872;1964.48;301.875;300
3550308005216;8253;1401.21;388.738;350
3550308005217;13490;1931.56;469.927;420
3550308005218;9845;2413.59;423.582;380
3550308005219;10327;1920.44;501.204;450
3550308005220;12509;2460.84;640.424;600
3550308005221;13833;3510.62;293.497;280
3550308005222;9916;2604.15;415.128;350
3550308005223;9131;1885.62;364.004;350
3550308005224;14161;3431.32;328.605;300
3550308005225;12576;3028.08;338.018;300
3550308005226;12388;3653.47;324.39;300
3550308005227;11171;3231.59;292.328;300
3550308005228;9179;2831.37;413.583;350
3550308005229;13952;3045.8;347.881;300
3550308005230;15156;3325.22;359.295;300
3550308005231;14228;3359.92;361.13;300
3550308005232;8781;2260.06;333.124;300
3550308005233;10763;3291.14;402.791;330
3550308005234;13122;2405.9;526.698;380
3550308005235;11430;2752.24;446.864;400
3550308005236;12050;3026.39;367.808;350
3550308005237;16610;3117.67;411.578;350
3550308005238;11532;2016.81;427.535;395
3550308005239;9183;2052.03;362.52;320
3550308005240;10020;2299.34;401.971;350
3550308005241;8760;1909.86;321.054;300
3550308005242;11073;1780.3;331.491;300
3550308005243;11936;2276.48;318.941;300
3550308005244;10301;1717.31;307.352;300
3550308005245;9007;1447.4;280.369;300
3550308005246;9567;2007.56;312.47;300
3550308005247;9413;1812.99;255.624;250
3550308005248;14134;2713.4;300.689;270
3550308005249;13471;3008.87;324.42;300
3550308005250;8474;1559.78;274.578;280
3550308005251;12759;2643.9;284.252;270
3550308005252;14411;2495.12;274.483;250
3550308005253;15079;3017.88;339.36;300
3550308005254;11965;1268.07;269.538;270
3550308005255;8563;1018.87;248.619;250
3550308005256;9196;1381.8;269.26;250
3550308005257;8696;1473.93;281.302;280
3550308005258;8475;1130.76;268.417;250
3550308005259;15987;2225.52;252.503;250
3550308005260;13511;2618.72;262.836;250
3550308005261;11290;1654.11;396.367;400
3550308005262;8190;946.321;371.005;350
3550308005263;8420;1090.99;411.108;400
3550308005264;9315;2262;272.481;250
3550308005265;8333;1507.28;292.297;300
3550308005266;13040;2128.03;276.652;280
3550308005267;10023;712.861;299.014;300
3550308005268;12178;962.782;265.133;250
3550308005269;8501;775.207;288.47;300
3550308005270;10518;1177.56;260.964;250
3550308005271;8617;506.211;289.087;300
3550308005272;11500;929.607;272.813;250
3550308005273;9449;819.44;271.602;270
3550308005274;8504;1824.82;303.102;300
3550308005275;9717;1761.42;304.829;300
3550308005276;9577;1232.93;257.799;250
3550308005277;9770;1183.02;286.584;250
3550308005278;8690;1171.69;265.196;250
3550308005279;9017;1897.91;271.977;250
3550308005280;15767;3168.3;300.619;300
3550308005281;8177;1548.22;252.048;250
3550308005282;10472;2196.97;263.151;250
3550308005283;15796;4085.77;323.618;300
3550308005284;13223;2779.39;314.473;290
3550308005285;12528;2326.02;280.949;250
3550308005286;9760;2180.77;363.102;330
3550308005287;14553;3335.36;427.812;320
3550308005288;8752;1621.8;275.808;280
3550308005289;8629;2248.34;259.271;250
3550308005290;9216;1302.55;246.723;250
3550308005291;12250;2957.38;271.502;250
3550308005292;13017;3268.19;280.116;270
3550308005293;11540;2808.94;275.102;270
3550308005294;9226;2178.38;278.407;270
3550308005295;9934;1913.27;298.297;250
3550308005296;15298;3091.68;310.885;300
3550308005297;8532;1671.01;305.193;280
3550308005298;2422;128.14;184.608;180
3550308005299;8394;1301.38;291.104;250
3550308005300;10174;1777.53;273.267;250
3550308005301;9232;1106.87;217.827;200
3550308005302;9520;1007.22;231.958;200
3550308005303;8585;1419.25;246.867;250
3550308005304;9692;1360.55;249.624;250
3550308005305;8239;2010.1;457.938;400
3550308005306;8374;1158.44;255.946;250
3550308005307;10765;2603.82;283.132;250
3550308005308;9567;2441.78;637.444;570
3550308005309;9601;1749;316.783;250
3550308005310;9622;2191.75;688.681;600
3552502005001;46005;7408.01;370.346;330
3552502005002;22876;2958.08;248.971;250
3552502005003;6814;691.929;247.135;220
3552809005001;6186;1346.87;428.847;368
3552809005002;5602;1087.3;469.829;450
3552809005003;6938;1362.72;618.628;600
3552809005004;7106;1221.78;407.021;400
3552809005005;5424;1544.27;384.731;350
3552809005006;8693;2457.84;310.864;300
3552809005007;9483;1759.39;291.285;300
3552809005008;11620;2148.2;293.977;300
3552809005009;7443;1645.88;313.09;300
3552809005010;4150;1055.61;325.399;300
3556453003001;6209;1054.22;364.407;300
3556453003002;6484;1318.85;343.472;300
4100103001001;2553;339.599;173.701;150
4100202001001;1984;128.545;244.947;200
4100301001001;2607;129.264;262.444;180
4100400003001;4890;619.543;241.023;250
4100400003002;5208;700.288;216.635;220
4100400003003;10140;835.975;286.033;250
4100400003004;10321;1289.76;297.378;250
4100459001001;1390;125.404;185.244;150
4100509001001;6777;1490.93;284.694;270
4100608001001;4332;566.156;223.143;200
4100707001001;3354;572.374;224.065;200
4100806001001;3143;332.603;205.238;190
4100905001001;1646;171.213;165.28;150
4101002001001;5525;876.272;229.087;200
4101051001001;938;155.506;177.205;150
4101101001001;6701;895.226;204.013;180
4101150001001;929;104.16;194.809;200
4101200001001;5860;486.749;220.126;200
4101309001001;2434;67.4097;432.537;250
4101408003001;4170;459.318;202.926;180
4101408003002;4928;1224.37;382.105;350
4101408003003;4432;909.099;320.464;300
4101408003004;4246;603.907;235.115;220
4101408003005;4206;735.275;213.505;200
4101408003006;6833;1861.46;343.855;300
4101408003007;10035;2191.91;323.853;300
4101507003001;4262;1242.57;326.971;280
4101507003002;4494;851.107;266.72;220
4101507003003;4572;1563.53;451.805;380
4101507003004;6433;1979.25;312.676;280
4101507003005;6459;1764.57;387.44;330
4101507003006;7109;2027.12;295.318;280
4101606001001;8059;965.752;294.652;270
4101655001001;1157;74.1634;138.55;120
4101705001001;4358;897.271;243.811;200
4101804003001;5192;686.768;330.459;300
4101804003002;4502;469.787;359.369;300
4101804003003;4728;689.905;378.483;350
4101804003004;5860;1396;494.788;400
4101804003005;7082;1373.24;342.907;300
4101804003006;8220;1381.92;340.932;280
4101853001001;804;48.0962;168.46;170
4101903001001;5323;969.633;245.461;215
4102000003001;4576;731.513;172.667;150
4102000003002;6648;1413.13;258.198;240
4102109001001;8167;1512.93;302.832;265
4102208001001;1301;141.305;209.519;200
4102307001001;3560;283.233;248.281;200
4102406003001;4576;573.115;281.301;250
4102406003002;5600;1207.64;311.233;280
4102505001001;4300;579.572;170.12;130
4102604001001;2943;470.254;335.456;300
4102703001001;869;73.7051;141.709;120
4102752001001;1261;104.092;131.043;130
4102802001001;4895;900.413;255.137;230
4102901001001;4484;380.047;221.064;200
4103008001001;1537;185.753;228.792;200
4103024001001;849;58.3023;164.771;160
4103040001001;1932;92.592;205.134;150
4103057001001;2485;265.092;167.251;150
4103107001001;3273;364.605;245.457;250
4103156001001;1195;81.9034;173.219;150
4103206001001;2120;325.723;198.012;200
4103222001001;1026;56.0587;240.531;250
4103305001001;2752;458.738;212.62;170
4103354001001;1844;211.096;185.923;180
4103370001001;1068;157.622;142.374;100
4103404001001;854;76.0923;178.1;150
4103453001001;4602;1347.33;260.993;230
4103479001001;1460;184.284;192.596;180
4103503001001;2615;402.147;257.227;250
4103602001001;7739;982.605;216.937;180
4103701003001;4037;1000.9;251.824;230
4103701003002;4281;951.675;329.998;300
4103701003003;4159;777.594;207.083;200
4103701003004;8795;1767.82;267.501;250
4103701003005;9288;1832.22;309.441;280
4103800001001;2328;491.692;258.378;250
4103909001001;5183;797.463;226.915;200
4103958001001;1176;59.6624;134.947;100
4104006003001;4497;276.968;230.493;200
4104006003002;7238;1319.56;276.333;250
4104055001001;1322;77.6958;145.891;130
4104105001001;2075;178.423;179.796;150
4104204003001;4021;566.503;413.306;300
4104204003002;8347;618.029;338.563;270
4104204003003;4907;623.436;255.811;250
4104204003004;8364;999.129;269.902;250
4104204003005;8841;1044.18;361.22;300
4104253001001;7438;906.28;285.1;250
4104303003001;4325;1618.99;375.708;350
4104303003002;4400;1299.25;365.213;330
4104303003003;4751;822.337;190.397;180
4104303003004;5137;1332.27;425.849;400
4104303003005;9774;2394.19;319.628;250
4104402001001;5123;391.7;216.46;180
4104428001001;4357;426.323;228.879;200
4104451001001;3742;316.483;219.502;150
4104501001001;6197;1018.2;252.679;220
4104600001001;4805;691.877;201.985;180
4104659001001;5626;778.289;240.875;220
4104709001001;4465;740.969;263.206;250
4104808005001;4092;797.298;265.497;250
4104808005002;4507;942.997;289.515;250
4104808005003;4289;1690.66;350.615;350
4104808005004;4044;903.96;230.328;230
4104808005005;5581;1520.14;424.272;400
4104808005006;5245;1919.59;447.012;400
4104808005007;4529;818.969;230.035;200
4104808005008;4859;1234.45;258.376;250
4104808005009;5473;1864.67;413.36;400
4104808005010;4469;967.202;314.484;300
4104808005011;5242;1421.22;443.173;380
4104808005012;6117;1588.82;402.238;350
4104808005013;9437;3637.12;528.174;495
4104808005014;5475;1330.14;425.057;360
4104808005015;6016;1006.22;241.467;240
4104808005016;7160;1114.68;213.545;200
4104808005017;6676;270.389;234.623;150
4104907003001;4737;720.927;314.576;280
4104907003002;7399;501.935;370.741;350
4104907003003;7850;1040.64;261.696;200
4105003001001;3137;354.271;204.291;180
4105102001001;3728;521.312;233.54;200
4105201001001;5196;339.418;201.943;150
4105300001001;3615;561.539;285.096;260
4105409001001;6231;768.383;308.594;250
4105508003001;4756;1878.41;533.013;510
4105508003002;4119;1172.72;467.259;400
4105508003003;5711;1776.23;347.21;350
4105508003004;8087;1877.86;325.707;300
4105607001001;3436;662.155;274.926;250
4105706001001;5389;604.42;258.535;180
4105805005001;6208;1172.58;307.767;300
4105805005002;9252;1261.58;320.625;250
4105805005003;4341;399.203;279.941;280
4105805005004;6678;1244.17;283.178;260
4105805005005;7581;1541.39;287.346;280
4105805005006;4519;821.858;315.928;300
4105805005007;4045;636.445;247.69;250
4105805005008;5168;869.432;285.336;280
4105805005009;7100;1570.56;275.413;280
4105805005010;3992;492.993;206.703;200
4105805005011;5222;757.697;269.499;250
4105904001001;7497;1455;288.209;300
4106001001001;2721;390.065;193.286;170
4106100001001;1195;158.783;196.331;170
4106209001001;4700;437.677;314.327;280
4106308001001;5251;699.622;321.688;256
4106407003001;7084;1635.63;343.088;300
4106407003002;8340;1818.25;285.859;250
4106456001001;2072;143.29;207.263;180
4106506001001;6979;1128.25;280.338;230
4106555001001;1311;169.825;136.466;100
4106571001001;1368;146.608;179.306;150
4106605001001;6958;1222.93;232.001;200
4106704001001;1451;188.764;190.461;180
4106803001001;5190;231.814;208.504;180
4106852001001;1056;99.8969;144.944;100
4106902005001;8141;1312.44;468.348;350
4106902005002;16069;3287.96;1103.26;900
4106902005003;9219;3991.48;660.903;600
4106902005004;9419;1918.68;502.062;450
4106902005005;9271;2372.45;980.669;800
4106902005006;9473;1890.77;1060.83;900
4106902005007;8764;1479.87;496.091;380
4106902005008;10790;2286.28;593.538;500
4106902005009;12764;2487.65;810.799;680
4106902005010;8237;1469.05;435.319;350
4106902005011;10603;2103.03;374.813;350
4106902005012;9452;1760.42;473.867;400
4106902005013;8391;1786.32;753.571;680
4106902005014;14748;2958.6;849.444;780
4106902005015;14854;3072.38;426.027;400
4106902005016;9386;1993.83;606.2;500
4106902005017;11637;2286.57;594.565;450
4106902005018;11799;3570.71;675.147;600
4106902005019;8562;1320.99;910.685;800
4106902005020;9764;1333.33;330.153;300
4106902005021;9644;1656.62;381.314;350
4106902005022;10582;2417.1;423.008;380
4106902005023;10813;1780.27;369.428;320
4106902005024;11520;2312.16;505.156;400
4106902005025;10539;3080.81;398.511;350
4106902005026;10269;2480.26;501.031;400
4106902005027;9280;2333.83;553.153;500
4106902005028;9143;1993.55;390.903;330
4106902005029;7958;1950.62;444.902;400
4106902005030;8826;1353.3;1290.98;1120
4106902005031;10967;2466.44;736.485;700
4106902005032;9904;1817.93;451.693;300
4106902005033;8787;1622.39;514.894;450
4106902005034;8760;1338.11;976.678;700
4106902005035;8549;1915.22;700.63;700
4106902005036;15041;3027.15;708.622;650
4106902005037;10001;1529.3;488.028;450
4106902005038;9053;1796.69;453.18;400
4106902005039;14500;2426.67;530.057;460
4106902005040;12355;2706.21;466.726;400
4106902005041;15514;2573.18;290.832;280
4106902005042;8745;1328.49;319.093;260
4106902005043;8627;1161.47;282.039;250
4106902005044;14332;3052.5;353.88;350
4106902005045;9252;1962.61;307.638;300
4106902005046;11839;2754.14;335.941;320
4106902005047;15785;3542.04;358.859;350
4106902005048;9774;1445.72;281.622;280
4106902005049;10952;2267.83;389.447;380
4106902005050;13544;2583.2;303.722;300
4106902005051;10818;1651.81;367.482;350
4106902005052;8634;1802.24;417.453;400
4106902005053;9675;3862.81;774.217;650
4106902005054;8987;1693.39;338.354;300
4106902005055;8435;2010.91;523.153;480
4107009001001;4443;610.761;219.472;180
4107108001001;1735;248.154;187.588;180
4107124001001;1074;69.0788;153.338;130
4107157001001;1554;168.038;145.801;150
4107207003001;4149;1156.89;364.326;330
4107207003002;7556;1343.29;242.086;230
4107256001001;2423;459.713;320.94;300
4107306001001;2017;343.078;243.489;230
4107405001001;1940;151.334;258.779;250
4107504001001;4624;798.581;220.839;200
4107520001001;661;81.0465;153.287;150
4107538001001;1279;257.457;239.581;230
4107546001001;1394;63.391;114.955;100
4107553001001;1110;101.023;168.893;180
4107603001001;5382;1036.67;217.261;180
4107652003001;4232;612.659;288.1;250
4107652003002;4026;848.286;293.44;280
4107652003003;7732;681.086;222.954;200
4107652003004;7791;1013.67;247.71;250
4107702001001;1640;188.537;142.935;120
4107736001001;1742;47.3532;162.416;150
4107751001001;2769;331.636;115.791;100
4107801001001;1733;305.389;285.304;255
4107850001001;1443;145.331;254.109;200
4107900001001;1946;330.137;266.12;250
4108007001001;3426;483.335;206.727;200
4108106001001;823;144.977;226.942;200
4108205001001;2562;363.206;223.492;200
4108304003001;3986;626.61;189.555;170
4108304003002;4041;679.639;209.465;200
4108304003003;4400;928.783;218.574;200
4108304003004;4301;941.824;191.47;180
4108304003005;28418;4921.53;265.008;200
4108304003006;4740;1083.16;289.342;250
4108304003007;4144;917.071;423.821;370
4108304003008;5105;717.767;270.48;200
4108304003009;5573;1634.52;387.161;300
4108304003010;7744;3500.42;449.921;360
4108304003011;7905;2466.54;508.077;400
4108320001001;2114;195.481;165.592;150
4108403003001;3998;879.503;328.561;300
4108403003002;4977;1223.51;252.879;250
4108403003003;4137;925.96;361.407;270
4108403003004;5609;2190.59;461.018;450
4108403003005;7776;1229.17;360.724;350
4108452001001;1585;126.545;160.591;130
4108502001001;3832;406.319;147.663;130
4108551001001;1150;152.772;133.889;120
4108601003001;4127;842.341;247.077;220
4108601003002;5436;902.221;280.123;250
4108650001001;2105;95.2049;190.863;200
4108700001001;2087;217.832;202.617;180
4108809003001;4260;767.196;281.319;210
4108809003002;5589;1321.63;370.77;300
4108908001001;1983;257.728;195.276;200
4108957001001;2420;114.26;188.287;160
4109005001001;1274;220.662;149.768;130
4109104001001;670;69.8702;191.867;180
4109203001001;1734;253.493;234.17;230
4109302001001;4838;528.193;260.635;200
4109401003001;4105;329.127;221.727;198
4109401003002;4372;364.327;194.912;200
4109401003003;5650;781.95;242.598;200
4109401003004;5407;346.445;179.375;150
4109401003005;6448;1153.33;368.668;305
4109401003006;4559;610.837;354.784;300
4109401003007;4914;951.659;463.404;400
4109401003008;7269;1923.9;392.826;350
4109401003009;8809;1031.4;211.547;180
4109500001001;2314;72.0008;213.613;200
4109609003001;4186;858.898;418.754;350
4109609003002;5986;697.862;301.875;250
4109658001001;1768;84.9404;210.606;175
4109708003001;9431;1595.4;271.232;230
4109757001001;1872;262.692;188.929;150
4109807003001;6828;1528.64;238.555;220
4109807003002;8481;2166.49;304.758;280
4109906001001;2979;415.591;203.577;150
4110003001001;1269;207.099;294.094;270
4110052001001;733;79.8419;199.151;200
4110078001001;3467;346.106;228.593;180
4110102003001;4348;572.742;342.607;250
4110102003002;4311;188.507;197.706;180
4110201001001;3132;214.185;188.61;150
4110300001001;971;83.3032;169.923;150
4110409001001;1413;326.942;273.254;250
4110508001001;4176;227.217;227.425;200
4110607001001;4977;851.775;248.88;230
4110656001001;854;138.698;134.59;120
4110706003001;4257;99.0107;160.809;150
4110706003002;5327;621.722;320.102;250
4110706003003;8194;1169.68;343.941;300
4110805001001;3499;433.407;258.739;134
4110904001001;1497;183.183;179.98;150
4110953001001;2871;573.653;242.652;220
4111001001001;2196;236.342;157.55;130
4111100001001;1897;336.915;227.022;200
4111209001001;3426;368.135;291.825;250
4111258001001;6900;607.642;200.255;150
4111308001001;1122;132.682;159.108;150
4111407001001;3781;232.339;252.962;200
4111506003001;4132;825.359;257.472;250
4111506003002;6804;1848.53;237.774;200
4111555001001;2456;336.567;215.555;200
4111605001001;1308;107.488;205.365;200
4111704001001;1596;200.536;223.828;200
4111803003001;4627;671.602;225.448;200
4111803003002;7598;1354.29;318.831;250
4111902001001;3995;873.379;293.497;280
4112009003001;5064;693.169;226.698;200
4112009003002;5368;1110.33;377.609;300
4112108001001;6683;1599.31;272.049;250
4112207001001;2176;303.456;175.925;150
4112306001001;1571;134.653;209.78;200
4112405001001;2728;614.935;278.786;280
4112504001001;4040;589.346;213.06;190
4112603001001;441;39.0636;174.202;150
4112702001001;3713;762.855;200.51;200
4112751001001;3046;557.198;223.092;200
4112801001001;3594;600.991;253.984;240
4112900001001;1118;132.066;149.495;150
4112959001001;2461;367.595;260.131;230
4113007001001;2113;382.431;245.326;250
4113106001001;1571;211.466;186.624;150
4113205003001;5563;514.616;299.369;280
4113205003002;8626;893.508;301.585;250
4113254001001;1753;85.5967;163.324;165
4113304003001;4531;968.237;355.126;305
4113304003002;5218;524.734;186.93;150
4113403001001;1296;204.182;150.213;150
4113429001001;1345;166.361;194.687;190
4113452001001;1707;152.133;286.272;150
4113502001001;6908;1516.87;326.911;255
4113601001001;1454;187.794;260.723;250
4113700005001;33277;12021.2;471.717;400
4113700005002;7267;620.897;222.739;160
4113700005003;30268;6993.46;340.761;300
4113700005004;40694;7021.99;319.118;300
4113700005005;29062;8236.89;385.13;300
4113700005006;26782;5903.75;411.674;300
4113734001001;2286;232.296;229.255;150
4113759001001;1740;226.539;181.498;150
4113809001001;1554;277.924;214.236;200
4113908001001;4055;393.346;236.206;200
4114005001001;4672;645.917;267.781;200
4114104001001;6175;1152.22;314.64;300
4114203003001;4161;859.789;262.429;250
4114203003002;6666;1427.43;300.457;260
4114302001001;6776;557.599;244.566;250
4114351001001;968;30.8838;195.533;150
4114401001001;5024;543.053;280.496;250
4114500001001;4020;370.327;285.072;250
4114609003001;5447;1218.71;287.924;280
4114609003002;10401;3004;387.051;350
4114708001001;1982;240.83;199.443;180
4114807003001;4390;620.718;302.76;300
4114807003002;5748;1317.69;355.178;320
4114906001001;2839;289.577;179.703;150
4115002001001;2142;297.37;181.712;180
4115101001001;3205;437.862;173.18;150
4115200004001;4252;1207.63;453.415;450
4115200004002;4383;1481.73;473.03;440
4115200004003;5699;1041.28;352.421;300
4115200004004;4396;985.211;351.214;320
4115200004005;4851;1706.45;558.365;500
4115200004006;5207;1148.95;331.391;330
4115200004007;6075;1779.96;409.55;380
4115200004008;5982;2381.64;421.763;370
4115200004009;6307;3644.96;541.645;530
4115200004010;6728;1761.47;560.975;500
4115200004011;7196;1604.94;382.378;360
4115200004012;4319;1227.41;660.706;525
4115200004013;6904;2557.82;636.518;550
4115200004014;4835;1980.98;473.568;420
4115200004015;5539;2283.52;510.688;500
4115200004016;7019;1920.69;439.289;400
4115200004017;6966;2242.34;412.891;360
4115200004018;5342;1353.63;318.17;300
4115200004019;7946;2944.14;382.838;350
4115200004020;8689;2471.85;351.351;300
4115309001001;2062;238.22;226.568;200
4115358001001;1898;293.165;285.873;275
4115408001001;4409;587.629;249.63;250
4115457001001;1435;43.4463;271.591;220
4115507001001;1513;233.043;173.585;165
4115606001001;5100;918.471;280.042;250
4115705003001;4434;822.335;428.088;350
4115705003002;5390;865.467;341.243;300
4115739001001;1188;28.4482;119.328;100
4115754001001;2588;492.637;175.728;150
4115804003001;5698;966.436;294.852;300
4115804003002;7858;2097.97;357.22;320
4115853001001;1625;182.45;277.661;250
4115903001001;752;93.2032;146.594;150
4116000001001;604;65.3147;201.126;200
4116059001001;3487;449.517;265.081;240
4116109001001;4266;527.554;200.621;170
4116208001001;4774;343.108;283.168;250
4116307001001;1205;185.187;216.669;200
4116406001001;1251;140.018;172.376;150
4116505001001;454;42.924;157.527;150
4116604001001;1057;92.5023;199.197;200
4116703001001;3884;649.56;249.534;200
4116802001001;2353;172.823;144.409;110
4116901003001;8689;2006.21;294.246;280
4116950001001;1600;123.143;248.007;200
4117008001001;2619;506.373;191.99;180
4117057001001;3116;129.626;244.41;200
4117107001001;4219;851.184;228.989;200
4117206001001;1841;311.199;208.534;200
4117214001001;1321;232.258;178.827;150
4117222001001;2590;443.883;324.484;300
4117255001001;3182;367.403;244.067;200
4117271001001;2366;160.936;139.966;100
4117297001001;913;90.8705;158.478;150
4117305001001;7360;752.539;238.528;200
4117404001001;1091;147.705;204.87;200
4117453001001;1774;261.072;228.727;200
4117503003001;4149;1056.89;242.15;200
4117503003002;7089;1997.65;260.995;250
4117602003001;4709;487.466;205.958;200
4117602003002;7504;1434.6;349.872;300
4117701003001;3954;602.834;333.325;250
4117701003002;5953;374.438;217.714;200
4117800001001;4510;497.477;241.307;200
4117909003001;4355;1037.82;380.398;370
4117909003002;4962;1032.81;367.485;350
4118006001001;3773;874.785;283.991;250
4118105001001;3270;454.329;219.172;200
4118204003001;4308;192.363;297.968;300
4118204003002;4243;570.907;298.514;300
4118204003003;6943;594.571;344.841;300
4118204003004;4584;458.377;388.125;300
4118204003005;7350;1203.45;457.96;400
4118204003006;4237;547.472;480.354;400
4118204003007;9252;838.687;326.758;260
4118303001001;907;150.97;174.374;150
4118402003001;3967;1061.1;290.796;250
4118402003002;4685;1132.85;354.266;300
4118402003003;4280;1128.86;351;300
4118402003004;5017;988.373;240.713;200
4118402003005;8735;1629.08;331.753;300
4118451001001;1552;337.968;309.579;280
4118501003001;4052;724.511;258.013;250
4118501003002;4798;1880.15;514.732;500
4118501003003;7235;1195.06;371.666;360
4118501003004;7561;1992.33;378.008;350
4118600001001;1671;99.2093;171.103;150
4118709001001;2194;141.465;254.76;200
4118808001001;4430;737.142;232.244;200
4118857001001;1829;307.255;241.212;230
4118907001001;3506;765.085;291.317;280
4119004001001;2186;170.14;195.483;150
4119103001001;3392;321.496;239.459;200
4119152003001;4254;904.298;333.335;300
4119152003002;4689;877.551;337.959;300
4119152003003;8939;1364.99;361.204;300
4119152003004;8876;1841.79;436.151;400
4119152003005;9391;1736.71;299.863;300
4119202001001;1936;250.601;206.568;200
4119251001001;827;55.0447;184.338;180
4119301001001;8645;764.142;207.326;180
4119400001001;7281;775.723;256.436;225
4119509003001;4264;401.64;261.132;250
4119509003002;4762;484.413;243.6;200
4119509003003;8219;910.553;249.633;220
4119509003004;13721;1100.64;265.066;250
4119608003001;4924;669.574;343.768;300
4119608003002;5196;429.333;221.002;200
4119657001001;853;121.064;217.475;200
4119707001001;1299;152.302;209.93;200
4119806001001;4350;443.299;277.586;220
4119905004001;5808;560.392;194.745;200
4119905004002;5503;779.66;313.828;264
4119905004003;4425;683.799;340.948;300
4119905004004;5607;935.03;546.885;375
4119905004005;6180;465.436;213.383;200
4119905004006;6547;839.178;355.682;300
4119905004007;4157;682.31;398.994;400
4119905004008;7509;963.406;305.664;250
4119905004009;7838;1346.45;359.021;350
4119905004010;8080;1167.3;243.929;220
4119905004011;6889;887.116;262.573;220
4119905004012;6295;522.593;211.921;200
4119905004013;5060;641.839;325.926;250
4119905004014;7775;1520.55;444.767;385
4119905004015;8570;1953.74;516.575;480
4119954001001;7110;1408.51;306.021;280
4120002001001;4575;578.259;212.689;200
4120101001001;1397;145.457;225.738;200
4120150001001;1118;42.3324;209.752;200
4120200001001;807;90.0138;264.192;250
4120309001001;1256;104.785;218.605;150
4120333001001;1056;224.717;214.533;220
4120358001001;1857;182.314;187.514;150
4120408001001;1490;328.028;236.021;250
4120507001001;3527;505.999;223.285;200
4120606003001;6913;741.965;236.91;200
4120606003002;8118;561.328;299.045;250
4120655001001;1554;174.167;189.064;150
4120705001001;2427;362.949;209.996;200
4120804001001;6162;786.74;296.074;250
4120853001001;1264;217.061;300.73;280
4120903003001;4196;548.48;267.691;250
4120903003002;5001;509.588;215.097;200
4121000001001;3725;319.133;195.594;150
4121109001001;1660;224.09;168.17;150
4121208001001;5255;237.103;225.046;200
4121257001001;1246;137.207;185.709;150
4121307001001;1357;180.483;148.851;140
4121356001001;894;70.431;205.948;200
4121406001001;5354;1133.49;298.639;255
4121505001001;4439;298.426;223.453;200
4121604001001;2175;195.341;225.543;200
4121703001001;7599;633.232;262.781;230
4121752001001;2022;108.945;130.338;120
4121802001001;3471;495.679;212.201;200
4121901001001;4431;840.171;225.041;180
4122008001001;4273;371.631;252.55;230
4122107001001;1142;148.902;167.727;150
4122156001001;3844;289.564;234.914;150
4122172001001;1207;112.715;192.381;150
4122206003001;4087;366.012;203.804;200
4122206003002;5049;315.935;239.855;150
4122305003001;4533;385.283;277.864;250
4122305003002;5155;839.943;345.051;300
4122404003001;4454;1468.86;394.682;350
4122404003002;6554;1735.29;275.637;250
4122404003003;7516;1834.12;280.373;270
4122503001001;3775;493.799;204.252;180
4122602001001;2819;652.939;304.817;300
4122651001001;1814;210.928;182.266;150
4122701001001;1919;276.06;264.891;250
4122800001001;1390;118.29;169.44;140
4122909001001;1781;184.737;205.11;180
4123006001001;4083;424.253;274.257;250
4123105001001;1212;156.175;146.951;150
4123204001001;1231;177.528;155.111;120
4123303001001;2659;365.294;227.714;200
4123402001001;3342;536.549;306.821;280
4123501001001;7791;1452.35;270.333;240
4123600001001;590;54.1655;139.682;150
4123709001001;2959;303.378;232.433;200
4123808001001;3994;370.874;231.256;200
4123824001001;1298;150.866;148.593;140
4123857001001;3330;183.613;209.785;150
4123907001001;4166;632.944;152.622;150
4123956001001;1104;129.999;182.628;170
4124004001001;1760;145.822;206.512;200
4124020001001;3200;645.027;255.598;250
4124053001001;6408;1379.41;310.894;280
4124103003001;6617;1449.26;243.343;235
4124103003002;6926;1483.07;352.612;300
4124202001001;910;115.59;149.429;150
4124301001001;795;133.541;187.931;190
4124400001001;5893;802.127;274.546;200
4124509001001;1721;256.391;243.461;230
4124608001001;2008;245.74;240.698;240
4124707001001;3464;326.465;187.643;150
4124806001001;3474;501.885;275.768;250
4124905001001;1947;204.844;191.391;150
4125001001001;3952;697.619;186.659;160
4125100001001;4140;187.389;266.935;280
4125209001001;2997;349.997;254.212;250
4125308001001;1877;260.672;270.725;230
4125357001001;1995;280.398;248.965;250
4125407001001;2170;221.798;203.423;150
4125456001001;1227;147.687;171.497;150
4125506005001;34028;7544.38;436.213;350
4125506005002;18498;3555.28;363.731;300
4125506005003;10157;1651.69;258.53;250
4125506005004;8008;1245.24;261.54;250
4125506005005;5587;997.63;260.104;250
4125506005006;5192;319.66;231.01;200
4125555001001;678;95.2363;194.365;200
4125605003001;5554;457.985;222.882;210
4125605003002;7362;1102.09;414.72;380
4125704001001;8085;1379.65;291.711;250
4125753001001;2126;276.727;210.592;170
4125803001001;3204;639.954;239.122;230
4125902001001;833;95.6063;179.386;150
4126009001001;2694;502.128;255.432;250
4126108001001;1691;399.868;257.745;240
4126207001001;2107;214.618;215.441;170
4126256003001;4380;944.194;219.08;200
4126256003002;4536;892.686;183.902;150
4126256003003;4267;1140.79;241.349;220
4126256003004;4726;1512.04;294.311;280
4126256003005;8130;2124.05;281.848;270
4126272001001;1478;160.216;270.036;220
4126306001001;5638;740.671;194.757;150
4126355001001;1477;172.383;227.85;200
4126405001001;1976;303.54;174.783;150
4126504001001;5067;1023.24;280.043;260
4126603001001;6203;982.7;270.403;250
4126652001001;1111;68.3276;239.569;200
4126678001001;3690;361.309;271.854;200
4126702001001;1549;211.773;191.042;200
4126801001001;4623;758.557;267.78;250
4126900001001;1998;185.802;172.054;150
4127007001001;3093;163.126;228.6;200
4127106003001;4569;643.959;225.745;200
4127106003002;6593;1226.65;408.109;300
4127106003003;10774;1450.5;330.722;300
4127205001001;5085;1072.83;285.826;250
4127304001001;4945;662.101;272.658;250
4127403001001;5612;997.866;267.086;220
4127502001001;5769;480.142;248.182;200
4127601001001;4560;334.889;236.529;200
4127700003001;4246;1185.97;259.882;250
4127700003002;5291;1432.79;258.234;250
4127700003003;4413;359.767;230.832;200
4127700003004;4642;1684.31;359.118;350
4127700003005;4902;1618.82;507.475;500
4127700003006;7438;2207.32;443.024;450
4127700003007;8345;2089.93;291.424;250
4127809001001;2903;215.007;222.549;200
4127858001001;3755;400.412;197.099;175
4127882001001;1799;253.885;193.223;150
4127908001001;2865;358.57;217.564;200
4127957001001;2692;363.276;207.214;180
4127965001001;4100;406.417;230.259;200
4128005001001;7185;1373;254.899;200
4128104003001;4865;1446.25;311.059;300
4128104003002;7425;1869.61;290.002;250
4128104003003;4325;1770.25;475.095;420
4128104003004;8544;3052.55;418.108;400
4128104003005;8803;1941.95;312.383;280
4128203003001;7966;951.777;219.528;200
4128203003002;8630;1995.66;379.182;350
4128302001001;772;149.701;233.527;200
4128401001001;3812;673.077;190.444;170
4128500001001;6374;900.273;271.226;220
4128534001001;3079;351.227;175.024;150
4128559001001;2896;517.154;228.989;200
4128609001001;2450;146.418;286.596;250
4128625001001;1111;101.314;175.607;150
4128633001001;1687;62.3388;137.304;130
4128658001001;1224;70.6209;177.937;150
4128708001001;2073;194.722;260.321;230
4128807001001;2012;225.238;179.2;150
4200051001001;848;26.51;244.431;210
4200101001001;5022;635.431;387.465;300
4200200001001;2955;527.486;335.246;300
4200309001001;1511;135.355;439.441;350
4200408001001;2133;222.674;304.815;300
4200507001001;2098;352.74;327.204;300
4200556001001;725;58.3735;205.975;200
4200606001001;1692;90.6737;323.32;300
4200705001001;2980;213.454;338.23;300
4200754001001;678;39.6482;174.414;150
4200804001001;1987;228.801;254.886;230
4200903001001;1658;56.096;312.689;300
4201000001001;2729;225.467;263.704;200
4201109001001;1075;63.0865;244.831;250
4201208001001;2282;304.835;371.852;350
4201257001001;3035;522.282;281.962;250
4201273001001;1343;143.521;204.271;200
4201307001001;7256;912.207;318.571;280
4201406003001;4393;641.652;324.787;320
4201406003002;6526;773.886;273.267;250
4201406003003;9118;1331.68;392.651;330
4201505001001;2461;267.953;265.365;270
4201604001001;1143;146.917;302.605;300
4201653001001;634;17.9273;223.477;200
4201703001001;2361;318.293;342.925;300
4201802001001;1072;121.057;253.09;250
4201901001001;1735;110.769;280.861;300
4201950001001;3333;476.695;277.013;250
4202008003001;4251;925.427;568.771;510
4202008003002;4442;1456.85;926.826;770
4202008003003;6014;2363.15;723.021;660
4202008003004;5345;2155.13;712.475;650
4202008003005;6675;2584.38;635.211;580
4202008003006;5149;1987.85;891.246;800
4202008003007;7927;3102.24;729.193;680
4202057001001;2893;402.587;333.759;300
4202073001001;2919;275.144;265.445;250
4202081001001;903;46.9983;119.352;130
4202099001001;578;16.026;119.078;100
4202107001001;7142;1346.68;435.438;400
4202131001001;1775;35.7298;274.154;220
4202156001001;796;56.9499;210.349;200
4202206001001;3189;414.032;331.371;300
4202305003001;4191;733.298;398.408;350
4202305003002;4992;1037.85;437.71;400
4202305003003;8991;898.859;344.533;300
4202404005001;5141;1169.79;452.229;380
4202404005002;5445;1714.72;532.739;485
4202404005003;4458;603.905;368.386;350
4202404005004;4113;656.146;354.853;350
4202404005005;5700;1520.26;540.693;500
4202404005006;5051;1114.1;455.948;450
4202404005007;5475;1264.76;556.261;500
4202404005008;7654;1556.01;467.63;400
4202404005009;8195;2727.67;662.4;600
4202404005010;7477;1300.19;479.962;450
4202404005011;4190;981.011;419.212;400
4202404005012;4103;633.559;408.758;400
4202404005013;4672;1296.32;430.16;400
4202404005014;5335;1433.51;460.742;400
4202404005015;5265;1053.8;455.786;400
4202404005016;6476;1525.35;440.817;400
4202404005017;4325;1040.08;407.299;380
4202404005018;4465;902.103;416.264;400
4202404005019;4793;418.433;383.949;350
4202438001001;1058;34.9202;210.36;230
4202453001001;4741;1011.19;458.125;460
4202503001001;1324;90.6987;342.501;220
4202537001001;768;68.4246;269.657;250
4202578001001;674;45.9334;286.408;200
4202602001001;2746;340.013;261.987;250
4202701001001;1470;153.46;332.462;300
4202800003001;4503;858.713;378.163;350
4202800003002;4419;672.232;332.563;275
4202859001001;1204;197.697;279.853;280
4202875001001;895;61.7587;341.98;150
4202909003001;4349;1022.9;429.588;400
4202909003002;4985;1077.19;421.155;400
4202909003003;6482;1660.39;525.728;500
4202909003004;7754;1341.41;448.684;450
4202909003005;10085;2647.67;569.296;510
4203006003001;4509;971.907;217.583;200
4203006003002;8588;1330.43;299.151;250
4203006003003;9203;2564.79;381.88;350
4203105001001;1916;243.06;335.058;300
4203154001001;898;58.7756;156.492;150
4203204003001;3948;752.936;415.6;400
4203204003002;6403;1600.25;492.731;500
4203204003003;8048;1392.37;506.026;500
4203253001001;909;33.0144;203.124;200
4203303001001;3700;216.249;233.859;250
4203402001001;2354;194.747;235.539;200
4203501001001;2914;297.84;264.136;220
4203600003001;4555;1082.61;328.491;250
4203600003002;6067;863.075;302.798;250
4203709001001;3214;314.391;426.455;350
4203808003001;7696;923.925;335.665;270
4203808003002;8664;922.638;357.241;350
4203907001001;7062;1821.51;264.462;240
4203956001001;6926;592.245;310.947;300
4204004001001;2995;676.016;325.804;300
4204103001001;1419;100.875;257.692;220
4204152001001;860;32.7008;253.474;250
4204178001001;1102;31.8939;188.476;150
4204194001001;837;55.3943;203.577;200
4204202003001;4120;1020.33;467.057;400
4204202003002;4244;1017.13;376.466;350
4204202003003;4630;392.749;248.048;230
4204202003004;5090;1184.7;334.455;300
4204202003005;5443;1203.12;441.571;400
4204202003006;4071;1790.99;658.128;600
4204202003007;6512;1215.35;397.707;350
4204202003008;5874;1238.71;389.021;350
4204202003009;4371;1849.73;513.886;500
4204202003010;7269;2208.53;481.186;450
4204202003011;8314;1599.3;304.152;300
4204251001001;4776;665.542;304.244;300
4204301003001;4178;1414.57;434.244;400
4204301003002;4479;277.249;224.465;200
4204301003003;6280;1108.88;341.82;300
4204301003004;8175;2488.73;345.981;300
4204350001001;1113;111.45;281.574;250
4204400001001;3096;309.911;299.175;250
4204459001001;738;24.4321;178.138;200
4204509001001;4311;528.199;372.431;350
4204558001001;4631;414.621;234.982;200
4204608005001;6307;367.772;277.3;250
4204608005002;4678;450.367;278.345;250
4204608005003;5518;603.437;253.199;250
4204608005004;8426;1106.71;313.77;300
4204608005005;5947;870.441;321.229;300
4204608005006;4903;475.863;288.902;250
4204608005007;4536;874.294;503.509;430
4204608005008;5237;1158.2;516.66;455
4204608005009;5407;1169.95;455.369;450
4204608005010;6740;658.983;292.201;280
4204608005011;5392;576.878;266.536;250
4204707001001;3593;522.982;362.973;300
4204756001001;554;48.7721;275.301;250
4204806003001;3992;311.74;192.987;150
4204806003002;7878;1128.74;384.784;350
4204905001001;2659;237.564;269.005;240
4205001001001;4692;778.121;282.223;250
4205100001001;1123;161.001;281.05;300
4205159001001;1150;133.254;241.913;250
4205175001001;890;59.0081;165.465;150
4205191001001;657;36.6581;214.524;200
4205209001001;1447;169.899;230.13;200
4205308001001;3203;481.482;292.064;250
4205357001001;499;28.4387;231.368;200
4205407005001;6548;2168.48;680.935;550
4205407005002;4555;1152.14;502.148;500
4205407005003;4748;1774.73;543.463;500
4205407005004;5537;1978.35;488.869;450
4205407005005;4802;758.685;566.089;430
4205407005006;4622;891.542;413.486;400
4205407005007;6693;2473.02;727.997;600
4205407005008;4424;1475.66;688.488;600
4205407005009;4250;1138.73;607.056;570
4205407005010;4483;775.019;499.432;450
4205407005011;4100;496.677;395.959;400
4205407005012;4725;1230.17;552.315;500
4205407005013;5998;1045.39;634.196;500
4205407005014;6203;1662.31;796.54;700
4205407005015;4284;1003.7;929.227;830
4205407005016;5123;1397.54;595.792;500
4205407005017;7313;2842.73;779.704;750
4205407005018;6661;1748.74;869.062;750
4205407005019;4334;886.312;447.469;400
4205407005020;4194;691.817;410.429;300
4205407005021;4632;1194.5;848.917;800
4205407005022;5331;1151.29;972.915;850
4205407005023;4545;883.31;1012.96;850
4205407005024;4325;703.896;689.683;550
4205407005025;4939;850.963;672.796;600
4205407005026;4935;1037.19;501.999;450
4205407005027;4315;976.788;377.874;350
4205407005028;4400;1092.32;497.553;400
4205407005029;4431;804.276;652.253;600
4205407005030;4230;1039.18;679.017;600
4205431001001;755;59.934;167.377;160
4205456001001;6983;861.27;277.73;260
4205506003001;4985;834.353;294.13;250
4205506003002;5525;1133.21;326.959;280
4205555001001;734;25.4101;134.605;140
4205605001001;1119;66.5911;151.707;130
4205704001001;6184;912.811;448.663;420
4205803001001;4273;682.599;328.183;300
4205902003001;3995;664.502;439.754;400
4205902003002;6074;1322.94;465.208;440
4205902003003;7989;1494.5;417.769;400
4206009001001;4126;398.285;350.964;300
4206108001001;1918;182.133;230.865;200
4206207001001;3571;377.565;289.31;250
4206306001001;5607;910.565;410.879;400
4206405001001;3273;440.657;317.634;255
4206504003001;4075;1335.11;429.577;400
4206504003002;6599;1199.73;363.313;350
4206603001001;1632;233.332;268.371;250
4206652001001;1423;135.847;175.505;200
4206702001001;6919;1331.41;342.481;300
4206751001001;627;61.7765;234.968;220
4206801001001;1115;131.945;249.607;235
4206900001001;5530;985.413;375.215;350
4207007003001;4534;715.431;263.967;250
4207007003002;6637;1123.08;354.15;300
4207007003003;7446;1030.58;316.543;300
4207106001001;3829;497.234;397.112;400
4207205001001;3908;123.646;276.267;250
4207304003001;6265;726.262;420.652;350
4207304003002;7134;596.947;373.309;300
4207403001001;1792;158.726;285.578;250
4207502003001;4335;1555.19;448.42;416
4207502003002;6409;1312.51;462.895;410
4207502003003;6691;1378.05;352.812;350
4207577001001;897;46.206;300.32;250
4207601001001;1599;186.728;243.181;250
4207650001001;2625;389.755;265.691;255
4207684001001;1880;81.9243;269.143;255
4207700001001;2240;343.671;350.549;300
4207759001001;1288;104.868;250.213;220
4207809001001;2898;412.783;257.598;250
4207858001001;662;57.4501;161.025;150
4207908001001;3179;268.376;250.378;220
4208005001001;2103;260.137;305.697;300
4208104001001;6024;498.999;281.77;250
4208203003001;4360;960.123;612.521;600
4208203003002;4253;981.023;446.594;420
4208203003003;4398;893.951;416.491;400
4208203003004;4377;858.84;442.629;450
4208203003005;10395;2995.15;736.321;650
4208203003006;4254;816.862;529.212;500
4208203003007;4477;1078.6;465.029;450
4208203003008;4824;1097.88;499.918;500
4208203003009;6855;1323.44;556.328;510
4208203003010;10126;1580.05;407.366;390
4208302003001;7177;1545.43;508.565;510
4208302003002;7904;2629.54;620.841;550
4208401001001;4943;1034.73;326.261;300
4208450001001;5074;978.037;348.399;300
4208500001001;6921;1022.57;374.497;360
4208609001001;1273;118.975;261.376;250
4208708001001;3443;255.896;272.088;250
4208807001001;5781;556.511;280.716;250
4208906003001;4917;925.851;391.298;380
4208906003002;5082;1031.93;391.005;380
4208906003003;4917;1359.16;412.772;390
4208906003004;5038;1133.52;491.226;450
4208906003005;4092;1485.69;610.332;585
4208906003006;4602;1938.8;557.592;530
4208906003007;7284;1680.77;404.503;400
4208906003008;9636;2767.6;459.504;420
4208955001001;537;34.2117;154.78;150
4209003003001;4508;1128.79;494.185;450
4209003003002;4653;942.48;447.77;400
4209102005001;6459;1088.77;407.396;360
4209102005002;5738;1372.87;388.231;350
4209102005003;5066;1179.18;401.625;400
4209102005004;5444;1265.66;402.497;400
4209102005005;4857;775.272;382.407;350
4209102005006;8199;2490.1;527.067;500
4209102005007;5746;1007.15;508.493;480
4209102005008;6405;1834.28;754.412;650
4209102005009;5889;1196.46;379.502;370
4209102005010;4776;1402.42;470.848;440
4209102005011;4429;983.408;557.835;500
4209102005012;4254;999.164;386.542;350
4209102005013;5949;1155.82;471.824;450
4209102005014;4023;697.227;746.279;600
4209102005015;4435;789.454;701.046;650
4209102005016;7195;1577.47;490.206;450
4209102005017;4570;945.657;399.929;360
4209102005018;6721;1234.12;402.905;400
4209102005019;4737;595.719;310.868;300
4209102005020;7699;824.166;381.837;350
4209102005021;3985;553.39;346.806;350
4209102005022;6984;824.876;378.135;370
4209102005023;4685;1132.76;615.574;580
4209102005024;5019;603.329;365.164;350
4209102005025;7630;1093.01;374.2;350
4209102005026;5225;522.652;367.666;350
4209102005027;5097;640.399;301.883;280
4209102005028;7327;1281.05;416.594;400
4209102005029;4234;530.899;335.504;350
4209151001001;1309;94.7551;288.902;300
4209177001001;675;42.8727;164.339;150
4209201001001;692;84.698;328.122;280
4209300003001;4228;288.748;208.759;200
4209300003002;5317;462.358;248.176;200
4209300003003;4180;310.321;252.414;250
4209300003004;5550;442.952;216.384;200
4209300003005;4448;1334.72;560.41;500
4209300003006;6342;861.284;326.873;300
4209300003007;4383;493.67;280.495;250
4209300003008;6753;797.096;319.783;270
4209300003009;8593;1883.6;395.024;370
4209409003001;4120;485.467;408.881;400
4209409003002;5623;561.282;318.83;280
4209409003003;7570;574.6;260.754;250
4209458001001;442;51.1496;217.013;230
4209508001001;1940;226.123;385.883;380
4209607001001;4613;437.474;279.537;250
4209706001001;3490;347.689;236.603;180
4209805001001;1046;43.5496;522.819;300
4209854001001;1397;148.254;301.746;300
4209904001001;3245;469.756;341.512;300
4210001001001;3109;391.961;364.33;370
4210035001001;1925;294.757;350.058;335
4210050001001;560;25.4447;206.331;200
4210100003001;7991;1021.82;310.911;300
4210100003002;8777;848.658;378.722;350
4210209001001;1078;60.532;264.841;250
4210308001001;2322;100.656;336.24;300
4210407001001;2035;207.467;226.493;200
4210506001001;7322;1972.25;350.211;300
4210555001001;616;32.0613;183.488;150
4210605001001;4495;519.954;390.428;350
4210704001001;835;71.9222;148.247;100
4210803001001;2225;148.342;289.088;250
4210852001001;792;108.657;204.195;180
4210902001001;1284;189.892;272.523;255
4211009001001;3120;549.4;331.143;300
4211058001001;2796;471.488;162.577;150
4211108001001;2463;186.927;198.081;150
4211207001001;4874;719.672;321.276;300
4211256001001;890;66.0516;255.495;250
4211306003001;4117;542.033;461.763;465
4211306003002;5482;1198.05;357.578;330
4211306003003;9063;2041.83;509.54;500
4211405001001;1337;247.07;285.508;250
4211454001001;1295;80.3955;289.771;255
4211504001001;3861;566.063;416.43;400
4211603001001;4082;452.63;289.754;280
4211652001001;821;34.3328;292.281;220
4211702001001;6678;934.012;447.429;400
4211751001001;5170;770.96;290.724;250
4211801001001;2372;430.303;243.254;200
4211850001001;694;41.8764;215.977;186
4211876001001;551;34.6553;174.952;150
4211892001001;734;29.961;172.753;150
4211900003001;4445;422.244;378.984;380
4211900003002;4261;610.574;435.373;350
4211900003003;4445;894.229;431.723;400
4211900003004;4630;1435.04;431.61;400
4211900003005;4323;986.328;412.541;380
4211900003006;8060;903.685;325.137;330
4211900003007;13259;2015.61;413.084;377
4212007001001;2289;238.241;259.652;240
4212056001001;766;43.2063;261.128;250
4212106001001;5272;698.372;319.746;300
4212205001001;5367;483.526;303.401;250
4212239001001;1277;86.015;175.899;170
4212254001001;2160;258.726;324.245;300
4212270001001;1244;76.8862;272.039;250
4212304001001;2112;153.231;309.732;300
4212403001001;1351;56.8465;206.12;200
4212502003001;8132;1214.71;440.334;450
4212601001001;1005;61.3893;222.136;188
4212700001001;1912;128.372;261.493;250
4212809001001;5452;1044.59;474.507;450
4212908001001;5129;1343.04;399.082;357
4213005001001;938;129.586;258.934;250
4213104001001;1732;360.106;296.871;280
4213153001001;805;48.8213;209.316;200
4213203003001;4185;790.379;434.479;450
4213203003002;4493;673.48;408.614;380
4213302001001;1528;107.746;258.568;200
4213351001001;982;72.3098;170.845;150
4213401001001;3388;537.864;255.343;220
4213500001001;5183;1101;493.572;465
4213609003001;4141;960.287;363.69;330
4213609003002;6408;876.469;271.364;250
4213708001001;4616;912.475;319.468;300
4213807001001;2499;200.648;252.963;230
4213906001001;538;51.4168;205.613;200
4214003001001;4671;818.612;393.919;380
4214102001001;741;25.3344;211.231;150
4214151001001;843;72.7719;289.764;200
4214201001001;3136;347.224;225.171;180
4214300001001;943;43.5793;346.809;320
4214409001001;1914;203.276;237.997;230
4214508001001;1940;184.921;328.618;300
4214607001001;2263;240.31;347.628;340
4214706001001;3231;339.989;337.925;350
4214805003001;4792;719.929;410.958;400
4214805003002;7280;1666.87;461.879;450
4214805003003;8226;2166.94;546.235;500
4214904001001;1316;33.2902;349.972;320
4215000003001;4681;632.379;342.66;250
4215000003002;7286;1072.58;276.534;250
4215059001001;735;14.1782;148.703;150
4215075001001;1514;185.607;272.529;250
4215109001001;3505;294.226;319.433;300
4215208001001;1818;85.0811;240.449;230
4215307001001;2295;317.497;245.369;200
4215356001001;1174;57.2909;231.854;200
4215406001001;1374;222.043;307.719;300
4215455001001;3072;371.345;226.55;200
4215505001001;4668;555.427;299.593;250
4215554001001;722;58.6406;206.067;180
4215604001001;603;25.0546;339.455;350
4215653001001;2678;148.335;267.48;250
4215679001001;2508;90.595;316.708;300
4215687001001;869;51.408;147.823;150
4215695001001;431;27.1906;162.014;150
4215703001001;6255;879.311;375.76;350
4215752001001;790;48.37;184.481;180
4215802003001;4206;710.943;240.509;230
4215802003002;4599;673.909;294.578;270
4215802003003;7326;1249.14;367.456;320
4215802003004;7797;1396.69;354.139;300
4215901001001;977;44.7591;342.133;330
4216008001001;3282;662.242;357.684;330
4216057001001;2032;204.011;214.204;180
4216107001001;2993;284.747;312.142;275
4216206003001;5750;845.379;432.93;400
4216206003002;7916;1353.99;386.543;400
4216255001001;1926;134.947;243.872;250
4216305003001;4173;1000.87;377.272;400
4216305003002;4036;1174.53;482.505;480
4216354001001;1017;78.1122;294.799;200
4216404001001;2343;129.145;252.322;200
4216503001001;8006;929.222;308.374;265
4216602005001;4545;1304.11;527.321;480
4216602005002;4662;1171.3;460.12;400
4216602005003;5410;1219.79;438.452;400
4216602005004;4429;941.999;388.089;350
4216602005005;4221;761.204;452.383;400
4216602005006;4346;954.555;460.453;400
4216602005007;4749;375.156;346.41;350
4216602005008;4996;933.464;410.784;400
4216602005009;4478;1009.28;493.673;480
4216602005010;5128;1407.87;545.945;500
4216602005011;5275;1287.76;586.328;500
4216602005012;4219;981.689;385.174;350
4216602005013;5160;839.831;354.667;350
4216602005014;4425;1171.07;397.878;380
4216602005015;4303;1024.79;497.271;400
4216701001001;4379;665.668;320.784;300
4216800001001;2949;111.125;310.681;150
4216909001001;6892;1660.34;315.05;290
4217006001001;3375;644.083;300.467;270
4217105001001;981;47.1849;281.184;250
4217154001001;593;37.7444;157.401;150
4217204003001;4295;1159.05;343.061;325
4217204003002;8000;2071.13;418.723;400
4217253001001;2414;32.696;247.061;250
4217303001001;2696;346.51;288.405;280
4217402001001;4690;760.826;346.397;350
4217501001001;5467;1086.53;303.329;250
4217550001001;992;124.728;270.204;240
4217600001001;4015;439.314;312.984;300
4217709003001;3968;967.12;359.96;350
4217709003002;4619;458.048;252.033;250
4217758001001;854;67.5004;491.437;200
4217808001001;5609;927.626;329.969;300
4217907001001;2832;509.18;368.175;350
4217956001001;584;20.5969;250.07;250
4218004003001;4745;994.982;422.913;400
4218004003002;5254;516.893;358.102;350
4218103001001;1726;100.775;214.235;200
4218202003001;4605;996.538;430.953;440
4218202003002;7082;1214.36;513.908;490
4218251001001;2025;133.927;202.366;180
4218301002001;2991;325.086;232.464;230
4218301002002;2288;249.174;210.105;200
4218350001001;1094;69.4512;253.975;250
4218400001001;2125;116.65;269.656;250
4218509001001;2089;607.042;392.342;400
4218608001001;2170;318.384;323.717;310
4218707003001;4177;1180.5;516.556;500
4218707003002;4232;786.396;436.825;450
4218707003003;6948;637.648;295.664;300
4218707003004;4756;796.658;413.397;400
4218707003005;4641;606.476;359.89;350
4218707003006;8018;895.774;417.272;350
4218756001001;1398;111.286;196.36;200
4218806001001;3766;445.876;353.089;300
4218855001001;882;99.2317;167.576;150
4218905001001;3239;376.402;304.133;256
4218954001001;793;81.6023;214.591;180
4219002001001;6468;633.713;341.004;310
4219101001001;1057;107.595;283.458;250
4219150001001;924;69.2385;421.315;180
4219176001001;1391;308.305;166.688;150
4219200001001;1957;208.929;367.816;300
4219309003001;7428;1578.7;333.973;300
4219309003002;8094;2210.61;372.66;350
4219358001001;1488;117.024;285.085;270
4219408001001;1094;63.445;245.679;250
4219507003001;6271;1229.19;390.627;300
4219507003002;7752;1920.9;428.854;400
4219606001001;1179;85.6458;290.871;280
4219705001001;8075;1233.97;432.564;300
4219853001001;1026;135.964;206.23;180
4300034001001;1398;129.192;252.631;200
4300059001001;1169;62.1389;210.247;180
4300109001001;5534;589.65;398.843;300
4300208001001;2467;218.827;310.224;270
4300307001001;2478;113.715;167.596;140
4300406003001;4242;816.242;295.914;261
4300406003002;4333;527.744;251.62;200
4300406003003;8225;1343.2;310.993;250
4300406003004;9525;1522.55;339.474;280
4300455001001;1495;61.5306;196.494;150
4300471001001;731;27.7629;204.02;200
4300505001001;2692;136.741;225.781;200
4300554001001;624;24.1363;189.83;170
4300570001001;1001;59.6539;203.77;210
4300604005001;8532;985.783;278.852;250
4300604005002;5957;933.122;345.686;300
4300604005003;6217;688.115;299.777;300
4300604005004;8425;664.493;320.267;340
4300604005005;4664;189.295;261.451;250
4300604005006;5914;613.788;269.299;260
4300604005007;6788;813.827;259.634;250
4300604005008;8816;603.666;215.273;200
4300604005009;5520;465.02;295.52;250
4300638001001;2117;83.3202;229.613;200
4300646001001;2401;204.898;207.507;180
4300661001001;425;62.3669;218.587;200
4300703001001;1942;208.827;377.657;315
4300802001001;4248;579.408;302.171;280
4300851001001;1342;100.595;300.856;250
4300877001001;1689;236.421;263.816;220
4300901001001;2172;226.439;252.227;250
4301008001001;6346;884.759;331.622;300
4301057001001;2774;277.865;282.336;270
4301073001001;709;15.9602;454.392;510
4301107001001;4610;406.993;264.938;250
4301206001001;3949;358.819;267.877;250
4301305001001;6527;677.023;260.101;210
4301404001001;3239;302.679;283.822;250
4301503001001;2541;227.173;269.923;250
4301552001001;1222;68.3079;211.203;220
4301602003001;4367;627.589;223.644;200
4301602003002;11216;2746.72;407.795;337
4301602003003;5113;652.4;185.323;160
4301602003004;8148;1462.01;291.81;200
4301602003005;10104;1561.86;341.69;250
4301636001001;3804;294.27;295.889;250
4301651001001;1851;205.575;273.399;250
4301701001001;2102;211.037;252.75;250
4301750001001;2357;69.9845;215.021;250
4301800001001;1821;187.862;309.12;280
4301859001001;1012;121.29;181.771;170
4301875001001;1221;107.391;172.673;150
4301909001001;4316;469.506;264.383;250
4301925001001;621;9.64341;142.119;170
4301958001001;721;54.7412;260.789;220
4302006001001;3630;232.339;214.217;200
4302055001001;624;9.7656;123.024;100
4302105003001;4724;1032.77;332.545;340
4302105003002;4196;938.434;370.439;350
4302105003003;4484;479.655;364.876;300
4302105003004;4095;772.303;347.735;300
4302105003005;4733;1032.77;360.14;325
4302105003006;7014;1679.84;377.689;350
4302105003007;7705;1981.53;477.453;450
4302154001001;704;68.9744;233.953;250
4302204001001;2297;332.057;290.61;250
4302220001001;811;25.0669;626.211;200
4302238001001;784;43.4089;247.85;200
4302253001001;916;51.2138;231.623;250
4302303001001;3843;466.026;248.922;200
4302352001001;3860;672.31;311.368;300
4302378001001;782;64.8298;159.204;130
4302402001001;4083;588.535;249.899;250
4302451001001;2488;180.874;249.32;255
4302501001001;2382;157.274;221.044;150
4302584001001;703;30.5854;195.649;200
4302600001001;1224;62.105;251.85;255
4302659001001;1694;142.763;193.651;180
4302709001001;6761;629.505;249.075;200
4302808003001;5321;1241.55;296.452;255
4302808003002;6898;612.362;144.253;120
4302907001001;4561;576.662;213.18;170
4303004003001;4334;1223.23;386.311;365
4303004003002;5097;1003.6;328.398;250
4303004003003;6238;670.03;213.944;200
4303004003004;7082;434.08;163.721;150
4303004003005;7300;998.947;298.407;250
4303103003001;4054;747.018;308.077;300
4303103003002;4013;700.226;322.813;310
4303103003003;8362;795.567;290.729;300
4303103003004;4495;561.078;410.985;380
4303103003005;5918;808.764;404.272;350
4303103003006;12254;1511.84;376.225;350
4303202001001;1453;33.0958;294.333;250
4303301001001;1730;152.636;242.254;240
4303400001001;1631;82.046;300.512;250
4303509003001;7723;1025.01;325.286;250
4303509003002;6433;965.857;298.41;262
4303509003003;7124;365.522;259.816;200
4303558001001;835;72.8583;248.934;250
4303608001001;2197;262.621;203.593;200
4303673001001;1104;26.5585;306.619;300
4303707001001;2080;119.539;222.41;200
4303806001001;1894;160.984;282.951;170
4303905003001;4123;582.672;313.022;280
4303905003002;7938;1924.3;335.733;300
4303905003003;8237;1387.49;307.606;260
4304002001001;1848;182.857;235.209;200
4304101001001;1244;69.0336;152.312;150
4304200003001;5869;767.775;270.04;250
4304200003002;4744;252.62;343.135;250
4304309001001;2163;113.125;334.537;330
4304358001001;2831;187.55;307.93;300
4304408003001;5960;1093.73;414.122;350
4304408003002;7255;1325.74;374.153;346
4304507003001;4028;39.1318;489.276;100
4304507003002;6483;101.357;369.644;255
4304507003003;7194;1358.3;286.74;250
4304606005001;7304;1033.12;474.28;450
4304606005002;6956;631.724;291.524;280
4304606005003;4726;183.677;294.286;300
4304606005004;4333;823.462;636.353;550
4304606005005;6819;761.58;374.514;320
4304606005006;4945;462.037;270.878;250
4304606005007;5881;1064.93;464.391;450
4304606005008;7945;1435.36;386.612;350
4304606005009;4541;564.866;303.821;300
4304606005010;4742;904.419;367.098;350
4304606005011;4210;506.728;286.538;300
4304606005012;4083;640.717;379.385;350
4304606005013;4252;419.148;407.7;308
4304606005014;5474;1434.88;614.444;550
4304606005015;6253;871.009;375.963;350
4304606005016;4169;316.782;261.989;250
4304606005017;5655;213.813;272.887;250
4304606005018;5466;1004.98;285.014;300
4304606005019;6937;1390.55;317.357;300
4304614001001;601;20.577;423.837;200
4304622001001;613;18.5082;175.446;130
4304630003001;6608;1072.33;388.562;350
4304630003002;7078;1328.26;440.201;400
4304655001001;1029;54.5783;199.381;150
4304663001001;7891;655.566;195.694;180
4304671001001;1279;180.567;294.17;270
4304689001001;3908;398.516;191.442;160
4304697001001;856;38.1276;183.133;160
4304705003001;4207;402.34;246.592;250
4304705003002;8262;1718.52;412.77;380
4304705003003;8142;928.257;201.936;180
4304713001001;2575;133.917;183.951;150
4304804003001;4136;950.509;355.006;350
4304804003002;4377;732.403;382.32;370
4304853001001;499;18.1604;183.561;150
4304903001001;2818;389.095;349.201;320
4304952001001;1007;31.4435;178.368;150
4305009001001;3183;214.814;212.494;200
4305108004001;3991;967.466;373.822;300
4305108004002;4174;869.689;339.488;330
4305108004003;4014;578.287;302.078;300
4305108004004;4260;1022.93;591.867;511
4305108004005;4209;557.479;345.89;350
4305108004006;4283;1232.6;629.973;600
4305108004007;4281;752.073;355.397;350
4305108004008;5795;704.301;316.17;300
4305108004009;4308;489.606;379.682;350
4305108004010;4412;979.469;324.118;300
4305108004011;4416;889.371;454.583;400
4305108004012;13907;2475.88;334.213;320
4305108004013;5042;821.742;344.318;300
4305108004014;4023;1042.86;403.671;350
4305108004015;5074;1210.83;538.734;500
4305108004016;7038;1801.54;440.653;400
4305108004017;4197;947.921;545.303;450
4305108004018;5971;963.414;315.642;300
4305108004019;5482;860.185;335.536;300
4305108004020;6267;1026.92;352.464;350
4305108004021;5320;621.959;445.606;400
4305108004022;5787;1144.51;516.122;500
4305108004023;7456;1460.58;336.593;320
4305108004024;5242;1228.86;421.485;350
4305108004025;6492;1718.17;559.32;540
4305108004026;5138;1809.3;648.829;600
4305108004027;7625;1507.8;434.597;390
4305116001001;954;32.0193;210.505;200
4305124001001;2316;154.079;129.904;100
4305132001001;1598;84.1431;179.943;150
4305157001001;790;40.6461;156.044;100
4305173001001;3352;152.621;252.749;200
4305207001001;4603;718.033;357.293;300
4305306001001;3332;326.11;224.989;220
4305355003001;4661;578.092;317.399;300
4305355003002;10149;494.604;321.177;300
4305371001001;929;44.6338;191.444;190
4305405001001;1358;94.1295;190.769;160
4305439001001;1984;302.642;263.817;230
4305447001001;1508;49.6271;260.162;200
4305454001001;4423;475.239;305.628;300
4305504001001;1669;135.793;208.297;180
4305587001001;848;80.4667;231.334;200
4305603001001;1246;76.16;236.065;200
4305702001001;2139;222.728;315.349;280
4305801001001;3065;370.335;269.654;250
4305835001001;534;14.6783;173.659;150
4305850001001;866;72.3414;166.972;150
4305871001001;877;65.588;268.392;200
4305900001001;2634;214.972;237.616;200
4305934001001;521;12.7651;154.925;150
4305959001001;1248;105.783;273.042;250
4305975001001;937;120.808;212.807;200
4306007001001;4933;588.533;270.564;240
4306056001001;2355;155.531;216.446;200
4306072001001;955;53.9081;190.698;150
4306106003001;4656;634.726;256.201;230
4306106003002;8009;1827.85;351.748;280
4306106003003;8992;1450.8;258.317;200
4306130001001;684;16.4164;156.21;150
4306205001001;4265;423.17;264.569;225
4306304001001;1508;106.332;288.221;250
4306320001001;1056;52.6447;120.242;120
4306353001001;992;29.4812;183.369;150
4306379001001;1091;45.7821;230.151;150
4306403003001;4047;1287.01;368.693;300
4306403003002;5452;1563.74;242.552;250
4306429001001;714;59.5149;145.559;120
4306452001001;1056;88.8162;320.417;300
4306502001001;4651;211.114;304.264;300
4306551001001;955;16.9128;289.217;300
4306601003001;5730;1090.85;359.614;300
4306601003002;7703;798.427;230.611;200
4306700001001;1120;56.6246;214.818;150
4306734001001;1892;130.035;211.961;180
4306759001001;646;22.357;210.573;200
4306767003001;4469;389.143;434.815;300
4306767003002;6654;728.495;318.184;300
4306809001001;7154;1357.17;358.224;340
4306908003001;8610;982.582;253.999;200
4306924001001;434;21.9618;108.386;100
4306932001001;3094;274.163;198.972;150
4306957001001;1057;55.7868;199.273;170
4306973001001;935;61.6209;185.253;130
4307005003001;4116;433.483;219.678;200
4307005003002;5387;930.122;348.158;300
4307005003003;4375;635.815;324.188;300
4307005003004;4147;759.038;272.526;245
4307005003005;7093;2204.75;450.038;400
4307005003006;8535;2206.09;392.637;350
4307054001001;1086;73.9417;227.945;200
4307104001001;2602;311.495;231.779;200
4307203001001;1656;74.6779;222.546;210
4307302001001;2616;157.773;296.69;250
4307401001001;1093;96.325;255.994;150
4307450001001;1142;91.792;197.389;150
4307500001001;5259;579.664;370.745;350
4307559001001;2022;232.4;257.31;220
4307609003001;6750;1248.81;309.016;300
4307609003002;7251;1055.15;328.732;300
4307708003001;4199;326.626;271.994;250
4307708003002;4553;487.763;330.24;300
4307708003003;4941;1062.96;484.272;430
4307708003004;6619;1132.72;345.181;300
4307708003005;6343;914.28;389.521;350
4307807003001;4601;508.147;276.349;250
4307807003002;5965;1499.8;341.046;300
4307815001001;1136;38.8631;290.295;250
4307831001001;1038;77.6688;156.7;130
4307864001001;763;46.7451;244.484;200
4307906003001;4060;709.609;293.381;300
4307906003002;7094;1830.88;424.333;390
4307906003003;9589;1622.94;352.076;300
4308003001001;2167;219.175;305.983;300
4308052001001;853;49.2684;125.845;130
4308078001001;1274;164.546;223.593;200
4308102001001;4185;751.195;305.235;290
4308201003001;4259;658.726;367.441;400
4308201003002;4586;1035.61;328.05;300
4308250001001;657;8.90466;999.205;250
4308300001001;3407;214.818;330.847;250
4308409001001;2381;141.174;276.886;260
4308433001001;886;39.1109;232.247;290
4308458001001;1561;173.562;196.403;200
4308508003001;9741;1855.79;405.825;400
4308607003001;4599;1126.64;359.75;350
4308607003002;5652;871.88;386.99;350
4308656001001;1091;80.5819;495.285;150
4308706001001;2002;160.346;261.172;250
4308805001001;3012;357.468;208.383;180
4308854001001;545;45.0137;250.691;200
4308904001001;5756;812.693;321.897;280
4309001001001;5913;781.408;204.252;180
4309050001001;2423;309.564;271.067;250
4309100003001;4506;1214.73;494.306;440
4309100003002;6847;1119.42;428.11;350
4309126001001;724;26.5304;211.231;200
4309159001001;1217;49.9455;324.565;206
4309209005001;6915;782.555;377.255;350
4309209005002;6507;869.923;315.831;300
4309209005003;6212;842.602;307.705;300
4309209005004;4193;672.482;273.141;250
4309209005005;7120;1000.37;327.662;300
4309209005006;6164;542.649;293.11;250
4309209005007;5012;389.011;267.044;250
4309209005008;4613;292.238;319.299;300
4309209005009;5318;811.299;315.793;310
4309209005010;4960;588.778;299.572;250
4309209005011;4952;461.514;325.14;300
4309209005012;6416;751.152;289.355;280
4309209005013;4185;344.08;310.777;250
4309209005014;4221;664.233;583.29;500
4309209005015;6026;572.21;349.226;300
4309258001001;531;44.7609;238.116;230
4309308003001;4554;784.84;432.118;385
4309308003002;4114;606.93;264.113;250
4309308003003;4655;429.735;374.203;350
4309308003004;8463;775.765;264.135;250
4309308003005;9634;846.033;256.491;250
4309407001001;7785;1693.52;420.976;400
4309506001001;2738;199.048;249.908;200
4309555001001;1425;186.791;297.227;300
4309571001001;919;47.5465;253.76;200
4309605001001;6586;1193.83;316.473;270
4309654001001;1951;124.027;215.709;180
4309704001001;1727;203.621;226.711;180
4309753001001;1373;32.0138;212.797;200
4309803001001;1650;119.182;329.903;300
4309902001001;2208;153.554;274.228;265
4309951001001;1398;92.4143;225.117;180
4310009001001;6823;1229.17;384.843;350
4310108003001;4379;828.806;320.892;300
4310108003002;6294;1539.93;320.457;290
4310207003001;4162;436.314;266.861;250
4310207003002;5023;1100.4;407.749;350
4310207003003;5108;1092.82;371.393;350
4310207003004;6440;727.232;290.779;260
4310207003005;6789;930.871;408.391;370
4310306001001;1305;113.007;287.611;260
4310330001001;6040;757.693;363.926;350
4310363001001;1075;141.023;249.796;255
4310405001001;2265;212.249;174.449;150
4310413001001;756;50.4727;107.579;100
4310439001001;2017;209.619;255.158;250
4310462001001;649;43.198;246.4;220
4310504001001;2740;191.059;292.809;200
4310538001001;1669;111.68;225.921;200
4310553001001;1201;76.2302;180.059;150
4310579001001;716;8.49104;161.595;100
4310603003001;4215;493.288;312.671;270
4310603003002;7565;618.979;278.727;220
4310652001001;927;14.484;212.336;150
4310702001001;1354;38.6833;248.154;200
4310751001001;699;39.1492;236.305;200
4310801001001;6779;1615.3;350.303;300
4310850001001;1356;87.5028;173.44;150
4310876001001;820;34.3451;171.853;200
4310900001001;1239;109.957;201.457;200
4311007003001;4031;893.672;311.545;260
4311007003002;6046;863.759;193.558;160
4311106001001;4134;363.396;274.314;250
4311122001001;1375;47.7785;200.176;150
4311130001001;1212;40.5373;531.585;200
4311155001001;2705;125.797;219.608;230
4311205001001;6457;629.745;287.778;225
4311239001001;858;35.2047;249.827;200
4311254001001;1947;72.9154;201.307;180
4311270001001;558;54.0677;353.365;255
4311304003001;4291;320.875;216.9;200
4311304003002;5368;929.263;319.068;250
4311403003001;4395;1534.52;419.038;380
4311403003002;4771;682.69;268.606;250
4311403003003;7551;1900.98;430.423;400
4311403003004;8735;1645.59;380.738;350
4311429001001;802;21.4533;106.597;100
4311502001001;2665;274.753;188.798;150
4311601001001;1831;103;447.014;130
4311627001001;1749;399.511;181.265;180
4311643001001;547;35.4633;269.114;250
4311700001001;1910;154.684;263.223;200
4311718001001;1497;113.634;218.286;180
4311734001001;1013;34.3374;148.305;150
4311759001001;2513;301.962;190.781;150
4311775001001;2332;120.035;260.485;220
4311791001001;842;52.1804;198.243;200
4311809003001;4251;1321.55;425.113;400
4311809003002;8013;1567.57;327.585;300
4311908001001;1812;191.938;249.239;250
4311981001001;1401;71.5751;255.62;200
4312005001001;759;37.7065;307.107;250
4312054001001;1437;149.406;227.421;200
4312104001001;1863;103.053;185.51;170
4312138001001;838;20.3432;798.756;250
4312153001001;1328;135.349;247.849;200
4312179001001;624;15.995;211.182;200
4312203001001;1631;136.146;208.357;180
4312252001001;2478;129.861;216.447;200
4312302001001;1626;120.826;228.971;200
4312351001001;469;19.8812;269.837;300
4312377001001;991;13.6579;182.993;80
4312385001001;827;39.5988;337.385;300
4312401003001;5526;724.496;287.756;270
4312401003002;7276;1321.2;362.586;320
4312401003003;7960;1088.45;367.294;300
4312427001001;889;65.3903;244.595;200
4312443001001;1159;29.3171;217.32;150
4312450001001;2310;171.113;199.062;180
4312476001001;1929;290.156;264.959;250
4312500001001;4165;287.979;313.575;250
4312609001001;1687;184.071;270.495;250
4312617001001;996;38.1429;200.404;180
4312625001001;544;42.9789;234.335;200
4312658001001;5596;963.222;343.278;305
4312674001001;618;33.8684;263.493;250
4312708001001;3997;474.897;296.362;250
4312757001001;985;61.4896;330.06;300
4312807001001;1296;232.503;288.245;300
4312906001001;2652;376.502;346.924;310
4312955001001;667;36.1041;164.114;150
4313003001001;1050;48.6462;362.879;300
4313011001001;914;84.9274;260.75;255
4313037001001;1591;199.334;160.63;150
4313060001001;5919;1279.08;245.975;220
4313086001001;736;48.3044;366.967;300
4313102001001;1907;147.879;286.556;250
4313201001001;6780;1384.05;369.363;350
4313300001001;7766;1950.22;388.885;360
4313334001001;849;32.7164;168.52;150
4313359001001;1040;125.364;258.401;250
4313375001001;7237;590.077;286.74;280
4313391001001;1359;59.0066;284.062;150
4313409004001;4190;349.943;276.642;250
4313409004002;4802;414.377;268.873;250
4313409004003;5182;868.528;331.641;300
4313409004004;5584;915.175;287.052;250
4313409004005;4040;901.215;516.94;400
4313409004006;4884;1269.74;508.091;450
4313409004007;5950;479.505;219.099;200
4313409004008;5796;363.212;287.04;250
4313409004009;6981;1630.26;520.573;450
4313409004010;4326;591.175;374.305;320
4313409004011;4208;739.363;687.955;450
4313409004012;7466;1183.35;409.36;350
4313409004013;7316;969.886;299.582;280
4313409004014;10774;1599.57;326.413;300
4313425001001;1417;91.0915;162.257;150
4313441001001;721;11.8213;226.606;180
4313466001001;575;50.2907;207.15;130
4313490001001;1317;106.764;181.873;150
4313508003001;7037;865.46;347.283;300
4313508003002;7118;1188.82;364.281;350
4313607001001;1365;87.4449;210.861;165
4313656001001;3921;242.089;247.514;200
4313706003001;4838;417.547;369.585;224
4313706003002;6547;1103.57;380.161;300
4313805001001;2293;156.363;286.656;255
4313904003001;6088;1171.28;321.667;300
4313904003002;7010;1561.03;266.329;250
4313953001001;3399;381.805;216.189;200
4314001001001;2163;299.274;328.597;300
4314027001001;2526;194.816;225.756;200
4314035001001;1182;86.2504;264.145;255
4314050003001;5848;1081.85;270.93;240
4314050003002;11088;1448.67;236.268;200
4314068001001;1619;57.6305;651.839;200
4314076001001;2088;134.137;359.351;250
4314100003001;4207;678.855;322.94;260
4314100003002;5726;806.401;299.375;250
4314100003003;4388;823.023;455.102;450
4314100003004;11267;4023.62;547.586;500
4314100003005;4665;378.608;256.078;200
4314100003006;5227;649.03;232.294;250
4314100003007;4830;422.015;320.299;280
4314100003008;4132;766.341;366.191;300
4314100003009;6236;1242.89;395.805;350
4314100003010;12001;1635.42;303.858;255
4314134001001;699;46.1913;179.824;150
4314159001001;2892;208.767;248.125;200
4314175001001;758;45.0824;214.5;200
4314209001001;2885;325.547;178.443;130
4314308001001;1274;114.432;216.126;150
4314407004001;4031;286.171;253.266;200
4314407004002;4308;282.526;211.048;200
4314407004003;4291;321.322;431.448;350
4314407004004;4888;700.176;260.675;230
4314407004005;4842;74.8111;956.152;100
4314407004006;4515;92.5878;255.234;200
4314407004007;5418;616.516;332.347;300
4314407004008;5007;502.706;261.465;230
4314407004009;6089;944.713;254.402;220
4314407004010;4397;673.31;253.052;235
4314407004011;7060;594.016;263.538;250
4314407004012;7120;1250.27;339.662;350
4314407004013;6554;1323.65;470.857;400
4314407004014;8314;2230.38;448.26;400
4314407004015;4378;1370.09;589.91;500
4314407004016;7910;1866.14;503.928;450
4314407004017;4146;889.022;532.504;430
4314407004018;6560;830.579;525.262;500
4314407004019;6683;348.563;233.097;200
4314407004020;8655;369.267;225.033;180
4314423001001;1762;239.291;274.625;250
4314456001001;818;68.4151;252.574;200
4314464001001;745;44.5487;160.97;150
4314472001001;1396;58.8684;258.564;180
4314498001001;1441;75.5372;176.837;150
4314506001001;4760;882.776;240.56;230
4314555001001;966;38.889;223.491;204
4314605001001;7252;959.773;230.04;200
4314704001001;3470;238.706;298.931;250
4314753001001;690;57.4288;187.728;170
4314779001001;1281;115.57;194.753;150
4314787001001;546;10.4041;229.289;250
4314803003001;4347;591.804;323.78;300
4314803003002;5948;687.182;282.713;250
4314902004001;7960;2638.38;623.682;520
4314902004002;8393;910.564;634.321;500
4314902004003;8598;1460.77;360.638;330
4314902004004;8453;1098.71;551.109;500
4314902004005;65619;12529.8;622.966;550
4314902004006;8310;1043.75;463.893;440
4314902004007;8498;1268.95;341.717;300
4314902004008;8730;1869.58;557.923;500
4314902004009;9194;1091.11;284.383;270
4314902004010;9131;2610.56;633.98;590
4314902004011;8988;2230.46;675.195;600
4314902004012;8298;1480.72;1057.92;800
4314902004013;27684;9729.55;582.741;512
4314902004014;8687;2067.28;898.999;800
4314902004015;9295;1216;466.887;400
4314902004016;9312;1953.08;668.606;600
4314902004017;8271;1595.17;653.667;600
4314902004018;9913;1925.62;779.265;650
4314902004019;10236;1161.72;1166.17;1000
4314902004020;13486;1367.5;396.119;350
4314902004021;10031;2541.41;679.39;550
4314902004022;10540;1502.13;381.108;350
4314902004023;11671;1239.08;353.103;350
4314902004024;14106;1658.06;369.205;350
4314902004025;10863;666.413;341.385;300
4314902004026;8214;1053.91;382.084;350
4314902004027;13538;1310.38;307.778;300
4314902004028;10117;1930.33;552.59;480
4314902004029;8392;1855.95;596.913;530
4314902004030;11227;2190.42;676.692;560
4314902004031;10397;2240.07;537.894;500
4314902004032;13279;1945.35;980.104;650
4314902004033;10389;1732.94;692.871;450
4314902004034;8868;1200.01;426.304;350
4314902004035;8376;1187.98;475.946;400
4314902004036;13723;1348.26;432.925;350
4314902004037;12047;1274.08;318.825;300
4314902004038;8608;746.811;384.82;300
4314902004039;17581;1701.41;286.946;300
4314902004040;10122;733.479;300.177;290
4314902004041;19394;2335.51;354.474;350
4314902004042;20824;2280.54;343.603;320
4315008001001;1995;111.119;190.013;150
4315057001001;841;48.9514;166.794;120
4315073001001;687;26.7457;112.932;100
4315107001001;3626;241.234;316.61;200
4315131001001;628;29.0449;245.017;200
4315149001001;792;93.6405;264.527;260
4315156001001;2015;141.402;220.199;200
4315172001001;627;16.6249;225.369;200
4315206001001;1332;97.3451;363.371;250
4315305001001;7658;1030.37;300.729;230
4315313001001;571;17.9447;150.144;150
4315321001001;925;45.3719;170.593;150
4315354001001;1273;109.849;236.131;220
4315404001001;2767;124.027;260.804;250
4315453001001;722;30.2789;257.429;200
4315503001001;5400;530.762;242.07;230
4315552001001;1182;29.9932;156.576;150
4315602004001;4279;290.412;223.762;200
4315602004002;4225;924.831;389.731;350
4315602004003;5828;697.22;297.032;270
4315602004004;7409;1144.95;453.081;400
4315602004005;5035;334.241;313.581;210
4315602004006;7541;1196.59;439.852;430
4315602004007;6217;1405;563.158;500
4315602004008;4415;860.309;505.409;460
4315602004009;5019;777.088;327.621;300
4315602004010;7607;998.221;291.304;250
4315602004011;10364;654.856;207.368;200
4315701003001;5989;742.27;292.084;260
4315701003002;6914;367.529;236.829;200
4315750001001;1466;92.4471;210.569;170
4315800001001;3581;402.867;303.217;300
4315909001001;2017;187.712;269.931;200
4315958001001;873;7.96271;77.0361;100
4316006001001;6717;874.033;256.189;210
4316105001001;3069;322.288;264.253;200
4316204001001;1679;88.454;266.67;250
4316303001001;2398;199.545;358.775;300
4316402003001;4813;482.225;192.039;180
4316402003002;8509;987.864;346.53;300
4316428001001;854;34.0677;135.293;100
4316436001001;1048;124.446;249.555;180
4316451001001;3918;602.968;245.406;230
4316477001001;895;47.508;217.358;200
4316501001001;2265;464.918;322.033;300
4316600001001;5337;615.07;307.078;300
4316709001001;3070;282.848;286.663;250
4316733001001;533;22.9997;285.398;255
4316758001001;1972;198.429;277.554;260
4316808003001;4123;402.889;281.432;250
4316808003002;4982;736.303;386.381;350
4316808003003;12264;1492.79;455.09;400
4316808003004;4463;226.964;224.025;220
4316808003005;7014;1303.27;358.567;305
4316808003006;8659;1919.5;512.217;450
4316907004001;4448;706.001;420.87;350
4316907004002;4246;467.658;308.392;250
4316907004003;4425;577.874;271.412;250
4316907004004;4372;642.327;283.321;250
4316907004005;4492;606.249;298.404;250
4316907004006;5009;575.85;271.833;250
4316907004007;5622;490.113;250.306;250
4316907004008;7364;1683.98;401.03;375
4316907004009;4330;607.989;391.405;300
4316907004010;7260;1663.01;463.479;430
4316907004011;4227;1488.56;541.682;500
4316907004012;6994;2434.86;524.514;500
4316907004013;5261;1694.35;527.355;504
4316907004014;4229;1631.5;490.159;450
4316907004015;8134;1622.53;408.4;380
4316907004016;8708;754.922;244.042;220
4316956001001;2036;133.167;206.653;200
4316972001001;808;42.8701;366.276;120
4317004001001;2958;265.474;223.093;150
4317103003001;4170;573.997;264.723;250
4317103003002;4119;396.306;146.24;120
4317103003003;4224;411.65;180.995;160
4317103003004;7293;606.916;202.339;180
4317103003005;7876;1820.47;372.707;350
4317202003001;4034;845.976;303.909;270
4317202003002;4469;1648.01;412.812;400
4317202003003;6653;682.551;213.364;200
4317202003004;8641;1436.08;322.359;300
4317251001001;571;36.6065;213.521;200
4317301003001;4710;295.875;186.703;170
4317301003002;6688;662.145;302.92;260
4317400003001;4165;489.869;274.937;250
4317400003002;5489;1076.58;296.263;250
4317400003003;7796;1493.65;259.473;200
4317509003001;5400;1038.21;333.481;300
4317509003002;4343;1125.35;447.506;400
4317509003003;7993;1851.64;350.947;300
4317509003004;8460;967.278;289.27;270
4317558001001;655;24.2272;216.127;200
4317608003001;6912;794.16;309.517;280
4317608003002;7029;318.361;229.046;200
4317707001001;3854;335.71;150.416;120
4317756001001;694;40.2999;279.326;250
4317806001001;4794;640.373;296.263;250
4317905001001;4919;449.115;318.984;255
4317954001001;821;14.6869;155.636;150
4318002003001;4287;543.56;199.122;180
4318002003002;6955;952.645;289.32;250
4318002003003;8653;1561.33;377.239;350
4318051001001;955;56.895;211.027;200
4318101001001;6877;628.495;207.043;170
4318200001001;7042;639.97;288.693;250
4318309003001;4398;1002.58;372.935;320
4318309003002;6515;696.868;386.986;250
4318309003003;9511;1415.93;278.707;220
4318408001001;7473;546.395;333.36;300
4318424001001;1601;92.8684;196.48;160
4318432001001;899;49.5589;343.978;300
4318440001001;911;99.4625;258.362;240
4318457001001;903;38.2437;154.02;120
4318465001001;712;49.4879;214.365;200
4318481001001;1353;153.401;228.375;220
4318499001001;755;79.4504;174.724;170
4318507003001;4196;241.133;306.121;250
4318507003002;4645;108.793;223.85;200
4318606001001;2321;207.304;324.42;300
4318614001001;700;56.4967;263.538;260
4318622001001;1099;123.36;187.772;200
4318705005001;4920;517.346;297.071;270
4318705005002;6770;541.685;271.801;250
4318705005003;4118;319.154;345.711;300
4318705005004;4096;391.78;273.221;300
4318705005005;4373;466.469;415.463;300
4318705005006;5170;967.804;709.536;450
4318705005007;8814;2571.75;518.873;450
4318705005008;4340;581.691;273.823;280
4318705005009;5003;519.954;303.953;290
4318705005010;4202;438.877;312.319;300
4318705005011;4874;647.712;400.362;350
4318705005012;7912;889.501;286.556;250
4318705005013;7443;713.148;258.471;250
4318804003001;5370;625.348;244.308;220
4318804003002;8106;806.081;365.991;300
4318903003001;4320;820.585;266.883;230
4318903003002;7788;868.472;234.627;200
4319000001001;6722;957.863;327.757;300
4319109001001;2072;280.43;256.403;200
4319125001001;1123;37.3853;207.916;200
4319158001001;2521;216.521;205.375;160
4319208001001;2024;104.105;192.778;150
4319307001001;2079;82.9558;193.607;150
4319356001001;1056;169.265;283.477;280
4319364001001;611;30.2071;171.466;150
4319372001001;946;54.1653;216.332;180
4319406001001;5892;675.872;231.885;200
4319505001001;7440;1029.9;337.251;300
4319604003001;8506;1155;263.318;200
4319703001001;1202;102.822;287.399;250
4319711001001;741;30.7428;213.043;200
4319737001001;736;21.539;125.911;150
4319752001001;637;71.5699;254.017;257
4319802001001;2894;340.294;229.469;200
4319901003001;4085;787.303;243.441;250
4319901003002;4691;996.092;260.818;250
4319901003003;6046;1627.19;401.078;360
4319901003004;9712;1595.22;243.255;250
4320008003001;4855;418.668;247.362;250
4320008003002;4545;527.451;299.473;300
4320008003003;4460;782.683;333.882;300
4320008003004;4624;642.632;370.419;300
4320008003005;5820;616.727;285.308;250
4320008003006;8337;908.207;286.335;280
4320008003007;10361;1643.65;383.779;330
4320107001001;7088;1329.49;334.174;300
4320206001001;3710;295.752;306.788;300
4320230001001;1028;100.999;227.738;200
4320263001001;2230;100.631;235.188;200
4320305001001;1672;133.413;306.601;255
4320321001001;947;44.8818;194.518;160
4320354001001;1812;92.3442;257.537;200
4320404001001;4548;969.825;359.786;340
4320453001001;766;18.4865;237.704;250
4320503001001;2170;191.936;218.646;200
4320552001001;2022;159.034;267.214;250
4320578001001;704;18.2924;178.961;160
4320602001001;1272;62.816;204.749;180
4320651001001;825;40.6523;312.373;300
4320677001001;3193;135.846;285.854;300
4320701001001;5000;626.919;296.575;260
4320800003001;3959;237.87;169.375;150
4320800003002;6246;1227.5;306.585;300
4320859001001;1460;88.9834;207.458;200
4320909001001;6525;1433.66;360.574;350
4321006001001;3568;529.353;318.788;250
4321105001001;5825;615.592;253.35;220
4321204003001;4578;477.651;373.427;333
4321204003002;7013;1004.89;267.246;250
4321204003003;7348;1057.36;362.085;300
4321303003001;4267;472.754;239.644;200
4321303003002;5198;436.707;368.966;200
4321329001001;917;41.8554;265.07;250
4321352001001;1966;158.399;233.663;200
4321402001001;4351;435.739;263.76;250
4321436001001;3332;308.48;282.573;255
4321451003001;4134;815.795;310.464;275
4321451003002;5236;1327.7;317.614;300
4321469001001;927;77.6138;265.08;250
4321477001001;2193;130.76;169.524;130
4321493001001;1077;33.1148;210.025;180
4321501003001;6251;1310.73;455.854;400
4321501003002;5983;391.269;350.65;300
4321600003001;6897;630.988;283.539;250
4321600003002;6971;1256.87;461.666;400
4321626001001;773;23.2431;212.675;220
4321634001001;948;53.6626;316.392;300
4321667001001;3452;309.654;328.298;300
4321709001001;7989;1694.25;311.721;300
4321808003001;8392;1632.81;344.529;300
4321832001001;1015;18.8722;259.555;280
4321857001001;1429;123.893;206.246;175
4321907003001;8933;1438.97;291.459;250
4321956001001;1963;174.929;223.824;180
4322004003001;4345;278.145;295.65;250
4322004003002;4316;461.212;355.808;300
4322103001001;2062;229.028;242.058;200
4322152001001;1380;43.164;196.296;200
4322186001001;538;22.0021;180.24;200
4322202001001;7503;555.343;334.175;200
4322251001001;1280;213.534;291.248;300
4322301001001;3078;352.003;226.945;200
4322327001001;1082;45.5919;224.401;150
4322343001001;727;10.6953;249.978;250
4322350001001;458;11.1207;150.173;100
4322376001001;832;70.3668;153.023;150
4322400003001;4597;783.451;382.099;350
4322400003002;4947;847.426;357.093;300
4322400003003;5173;1410.36;448.999;400
4322400003004;5190;798.056;297.396;250
4322400003005;8437;1094.28;268.142;250
4322400003006;10022;806.766;244.537;200
4322509003001;4465;950.533;374.772;320
4322509003002;7858;1070.83;341.893;300
4322509003003;7903;860.802;242.096;200
4322525001001;1164;50.7847;202.889;170
4322533001001;3535;181.838;291.133;230
4322541001001;1664;261.445;275.414;250
4322558001001;637;43.7971;200.618;160
4322608003001;4076;940.089;401.923;350
4322608003002;4285;944.047;306.14;280
4322608003003;7126;454.836;267.9;250
4322608003004;7806;731.737;249.049;250
4322707003001;8047;623.002;303.465;255
4322806001001;7753;1261.16;349.678;330
4322855001001;624;29.2355;268.3;275
4322905001001;1771;78.8561;221.717;200
4323002004001;4279;242.387;300.397;255
4323002004002;23654;2183.4;306.792;300
4323002004003;4598;445.01;260.152;250
4323002004004;4766;364.898;274.735;250
4323002004005;5250;185.956;280.301;295
4323002004006;4748;553.179;423.796;350
4323002004007;7037;392.91;253.139;250
4323002004008;5180;297.823;263.63;250
4323002004009;4459;307.858;349.714;280
4323002004010;4709;362.413;300.444;300
4323002004011;8129;484.476;240.459;240
4323101001001;1729;109.14;204.309;150
4323200001001;1060;75.0857;253.906;200
4323309001001;996;92.0455;290.106;250
4323358001001;681;17.4449;196.936;160
4323408001001;1343;136.496;297.3;251
4323457001001;1503;138.098;206.679;200
4323507001001;885;50.651;232.346;240
4323606001001;480;28.0384;445.727;400
4323705001001;947;51.5433;257.419;250
4323754001001;1206;44.1752;188.181;160
4323770001001;867;86.4654;301.523;300
4323804001001;3877;417.11;415.139;350
5000203001001;4534;842.054;289.168;250
5000252001001;1596;246.19;243.526;200
5000609003001;5469;901.626;352.915;300
5000609003002;5543;863.48;241.36;200
5000708001001;7419;921.704;215.378;200
5000807001001;2759;234.922;290.8;180
5000856001001;3053;437.668;238.141;200
5000906001001;2481;320.753;137.128;120
5001003001001;7569;1515.76;314.273;250
5001102003001;6378;458.724;194.248;150
5001102003002;7628;1392.29;284.45;250
5001243001001;2747;296.29;184.14;150
5001508001001;2348;286.119;200.444;180
5001904001001;6413;1420.71;278.966;250
5002001001001;3516;575.064;255.091;200
5002100001001;6891;959.292;197.337;150
5002159001001;2461;414.434;245.944;200
5002209001001;6299;1354.65;284.035;250
5002308001001;3942;547.807;246.984;200
5002407001001;7641;1277.28;301.823;270
5002605001001;4830;810.838;255.526;200
5002704005001;58301;11505.4;270.538;250
5002704005002;36440;7332;335.188;300
5002704005003;25915;8705.3;550.41;480
5002704005004;30997;7286;351.356;300
5002704005005;35753;7753.63;300.536;258
5002704005006;28173;5167.14;593.007;400
5002704005007;34848;6346.23;296.543;250
5002704005008;4792;184.732;240.703;150
5002803001001;1584;161.264;166.344;120
5002902001001;7392;1542.99;258.345;200
5002951001001;6186;1993.73;457.262;400
5003108001001;1715;208.678;208.023;200
5003157001001;3701;613.19;145.642;100
5003207003001;4187;661.912;219.419;200
5003207003002;4739;196.999;259.726;150
5003207003003;7756;2694.3;388.133;310
5003207003004;11798;2444.27;319.728;250
5003256001001;6645;1665.76;291.046;250
5003306003001;4425;789.339;311.755;250
5003306003002;6183;918.387;260.875;220
5003454001001;3946;513.111;231.602;200
5003488001001;3267;262.676;199.929;180
5003504001001;1649;202.759;206.319;180
5003702005001;5757;1398.25;321.585;300
5003702005002;4869;1066.73;317.478;300
5003702005003;6108;1622.17;329.83;280
5003702005004;6922;1767.34;340.318;300
5003702005005;10085;2261.4;269.776;230
5003702005006;5902;1075.7;276.713;250
5003702005007;4192;1022.79;361.151;300
5003702005008;4795;1283.01;578.989;500
5003702005009;5959;2617.94;599.612;550
5003702005010;7695;427.614;375.483;150
5003751001001;3766;584.906;237.016;200
5003801001001;6527;1194.35;231.594;200
5003900001001;1040;69.3931;179.457;150
5004007001001;3332;548.661;281.502;250
5004106001001;3325;496.723;216.33;120
5004304001001;4671;635.688;224.273;170
5004403001001;2663;361.185;238.782;200
5004502001001;6226;732.815;236.166;200
5004601001001;5755;537.443;277.777;250
5004700001001;7306;1198.24;309.947;250
5004809001001;2017;77.7192;151.571;120
5004908001001;2260;143.04;258.729;200
5005004001001;7577;1554.55;267.904;200
5005103001001;1338;92.0588;268.38;200
5005152001001;1845;180.396;161.948;150
5005202001001;5188;802.503;270.324;250
5005251001001;1933;204.475;272.727;250
5005400003001;4200;940.209;374.398;300
5005400003002;6499;1276.53;473.785;500
5005608001001;7201;827.456;250.775;200
5005681001001;5430;1076.18;276.588;250
5005707003001;5490;1500.84;275.874;250
5005707003002;9490;1847.55;293.777;220
5005806001001;4476;444.994;282.928;250
5006002001001;5116;1110.41;335.154;300
5006200003001;7379;2142.48;348.671;300
5006200003002;7303;1006.59;253.565;250
5006259001001;1598;166.885;217.938;200
5006309003001;4855;1040.12;234.712;200
5006309003002;9068;1627.11;309.295;250
5006358001001;3209;261.598;203.093;150
5006408001001;2717;304.297;252.015;200
5006606003001;4120;527.735;181.843;170
5006606003002;4361;41.1474;123.167;120
5006606003003;7123;1581.82;458.345;380
5006606003004;7061;1279.13;249.864;200
5006903001001;4133;565.113;235.433;200
5007109001001;6848;972.076;269.532;200
5007208003001;9505;2433.76;345.555;300
5007307001001;1740;206.522;205.557;150
5007406001001;6336;942.438;213.025;180
5007505001001;1724;218.07;220.064;200
5007554001001;2418;220.219;197.153;150
5007695001001;7175;1728.75;347.015;300
5007703001001;3275;486.667;146.713;100
5007802001001;2035;299.474;206.317;180
5007901003001;4619;1140.1;327.412;250
5007901003002;8634;940.419;217.914;200
5007935001001;4861;1311.74;206.439;180
5007950001001;2792;175.113;167.854;150
5007976001001;1179;123.539;208.867;200
5008008001001;5650;535.378;226.669;200
5008305003001;5248;1297.71;395.053;330
5008305003002;7138;964.165;293.637;250
5008305003003;7959;1784.39;338.195;300
5008305003004;12048;3141.98;475.806;400
5008404001001;2028;217.25;212.952;180
5100102001001;1742;54.6539;185.581;150
5100201001001;6881;1548.38;292.569;250
5100250003001;7783;1661.86;253.866;200
5100250003002;7519;1398.12;286.295;250
5100300001001;5257;1051.41;345.606;300
5100359001001;1489;160.826;205.451;150
5100409001001;3562;785.148;248.878;200
5100508001001;3094;319.233;137.561;100
5100607001001;2452;750.219;419.229;350
5100805001001;2635;360.83;234.259;200
5101001001001;1094;129.489;166.946;150
5101209001001;387;21.9018;148.427;150
5101258001001;4878;935.799;248.933;200
5101308001001;3319;393.116;217.187;200
5101407001001;5529;821.45;314.274;300
5101605001001;2236;47.1965;216.039;170
5101704003001;4301;801.362;181.643;150
5101704003002;5184;1320.47;284.125;230
5101803003001;4333;467.395;138.164;130
5101803003002;6326;1447.15;340.314;300
5101803003003;7185;1941.21;368.18;300
5101852001001;1673;196.015;213.053;180
5101902001001;4646;636.872;336.894;300
5102504003001;4970;925.593;267.28;220
5102504003002;4503;1080.74;359.842;300
5102504003003;7557;356.488;196.361;150
5102504003004;8580;1624.35;258.78;200
5102603001001;2916;166.039;267.25;200
5102637003001;8738;3366.36;341.619;300
5102678003001;4407;944.113;422.093;300
5102678003002;5299;1720.18;347.152;300
5102686001001;1532;506.176;378.716;330
5102694001001;1412;114.569;207.365;150
5102702001001;5780;1267.65;280.074;250
5102793001001;3414;311.555;167.726;120
5102850001001;2543;91.3474;144.696;150
5103007001001;5600;727.255;382.771;300
5103056001001;3394;525.122;222.692;150
5103106001001;1789;200.88;194.977;150
5103205003001;10061;2070.12;280.861;200
5103254001001;7824;1000.52;224.053;150
5103304001001;5612;909.001;252.757;200
5103353001001;7304;1260.76;267.516;250
5103361001001;1020;193.674;349.649;300
5103379001001;4305;246.728;240.882;150
5103403005001;9564;1715.84;446.832;300
5103403005002;9048;2211.21;529.057;350
5103403005003;8740;1568.97;371.581;250
5103403005004;9280;2952.21;502.868;450
5103403005005;9692;2894.55;720.66;550
5103403005006;9498;2996.81;460.889;400
5103403005007;10465;2545.25;461.645;350
5103403005008;8347;1817.53;389.39;340
5103403005009;10907;982.547;221.854;200
5103403005010;10210;1783.92;353.246;350
5103403005011;8646;2315.74;571.7;400
5103403005012;9087;2770.92;435.88;350
5103403005013;8898;1084.07;317.818;250
5103403005014;12947;2145.38;253.482;230
5103403005015;9630;2095.95;316.186;280
5103403005016;8196;1641.69;300.06;300
5103403005017;12004;1958.57;216.489;200
5103403005018;3650;38.8152;156.845;150
5103437001001;1515;165.217;185.788;150
5103452001001;2588;262.081;171.777;150
5103502001001;5987;1047.65;365.464;300
5103601001001;2896;356.465;188.842;150
5103700001001;2959;559.551;234.024;200
5103809001001;1235;93.0911;194.049;150
5103858001001;1561;183.88;223.692;200
5103908001001;1439;140.561;211.713;150
5103957001001;1035;87.8267;129.793;100
5104104003001;4371;591.333;187.66;150
5104104003002;5074;941.79;270.86;200
5104203001001;4744;504.502;227.114;150
5104500001001;756;88.7245;211.476;200
5104526001001;1600;400.573;293.632;250
5104542001001;1588;288.576;273.002;250
5104559001001;1406;106.001;232.567;150
5104609001001;3811;570.986;262.69;200
5104807003001;4245;1019.08;290.834;250
5104807003002;4050;830.318;243.312;200
5104906001001;2035;136.461;222.789;200
5105002001001;3264;304.973;270.371;170
5105101003001;4072;700.927;369.381;250
5105101003002;6077;732.041;240.034;200
5105150003001;4951;1160.6;380.856;300
5105150003002;7227;641.837;204.613;180
5105176001001;3199;304.855;210.682;150
5105200001001;3795;441.844;227.499;200
5105234001001;1697;236.941;186.423;150
5105259003001;6793;2732.05;438.64;400
5105259003002;7052;3519.1;473.801;400
5105309001001;661;46.6272;209.197;200
5105507001001;4098;220.173;227.267;200
5105580001001;3773;429.683;237.935;180
5105606001001;4287;690.97;250.616;200
5105622001001;8033;1337.32;281.542;250
5105903001001;4554;520.792;282.876;200
5106000001001;2029;189.373;146.461;130
5106109001001;3572;124.025;164.317;150
5106158001001;3457;404.267;260.969;200
5106174001001;761;79.8972;263.257;180
5106182001001;1656;198.109;285.562;250
5106190001001;1117;75.77;188.855;180
5106208001001;1473;141.125;188.817;150
5106216001001;3917;454.979;201.947;150
5106224003001;4203;2202.56;513.119;500
5106224003002;5635;1841.9;385.033;350
5106232001001;5235;951.7;171.722;150
5106240001001;3169;403.521;264.227;250
5106257001001;6420;894.774;275.049;250
5106265001001;2258;198.561;196.444;150
5106273001001;1196;70.8053;224.599;200
5106281001001;2079;231.377;176.92;120
5106299001001;3274;314.131;216.319;180
5106307001001;6058;1242.39;290.716;200
5106315001001;604;56.3445;179.741;200
5106372001001;5213;894.103;223.129;200
5106422001001;8884;924.688;204.149;150
5106455001001;868;95.5121;170.305;150
5106505003001;8975;646.712;220.473;200
5106653001001;1748;316.992;250.725;230
5106703001001;653;43.9041;155.559;130
5106752003001;4919;1050.45;444.186;300
5106752003002;7958;1708.31;290.343;250
5106778001001;3060;432.088;170.232;150
5106802001001;1783;140.506;179.004;130
5106828001001;3199;317.137;287.845;200
5106851001001;1120;74.3706;161.095;150
5107008001001;5796;572.679;156.828;130
5107040003001;7768;3174.44;346.494;300
5107040003002;8181;2691.16;515.586;450
5107065001001;3784;845.031;350.362;300
5107107001001;6157;1056.18;246.999;200
5107156001001;845;54.284;166.974;150
5107180001001;2736;388.43;246.044;200
5107198001001;744;81.4035;190.607;150
5107206001001;1707;180.913;196.408;150
5107248001001;1176;200.126;212.175;150
5107263001001;1016;26.9435;134.186;100
5107297001001;1157;55.559;192.622;200
5107305001001;5476;764.367;240.449;200
5107354001001;1645;204.41;204.006;150
5107404001001;1308;190.789;157.413;150
5107578001001;977;42.5465;139.495;130
5107602005001;4458;1782.49;451.404;355
5107602005002;4524;1339.06;352.312;300
5107602005003;4707;1561.42;388.087;350
5107602005004;7153;1270.94;252.842;200
5107602005005;6903;665.3;325.846;260
5107602005006;5390;1718.6;617.525;600
5107602005007;6643;1484;255.935;200
5107602005008;6691;1447.9;241.979;220
5107602005009;5163;1078.17;270.382;250
5107602005010;6194;912.392;329.338;280
5107602005011;5037;538.226;211.95;200
5107701001001;5268;435.078;219.072;200
5107743001001;606;55.1639;216.903;150
5107750001001;1294;60.0483;196.231;200
5107768001001;853;98.7523;348.014;300
5107776001001;2048;75.4992;269.382;150
5107792001001;1049;236.123;223.932;200
5107800001001;5741;179.876;215.697;200
5107859001001;3330;391.85;245.907;200
5107875001001;5706;2050.58;441.002;350
5107883001001;439;29.1434;164.042;150
5107909003001;4660;918.603;246.448;200
5107909003002;5225;2072.06;489.397;450
5107909003003;4451;1041.13;269.033;250
5107909003004;10092;3474.55;441.274;350
5107909003005;10284;2314.85;250.785;200
5107925003001;3991;1373.17;461.676;400
5107925003002;6141;1695.91;406.396;350
5107925003003;9900;3693.12;421.061;350
5107941001001;3153;343.582;230.065;200
5107958003001;4004;1182.21;342.243;300
5107958003002;4474;1623.22;410.686;350
5107958003003;7320;2487.63;344.941;300
5107958003004;10298;1761.33;270.443;250
5108006001001;3194;567.115;406.025;350
5108055001001;3587;339.118;204.433;170
5108105001001;1163;61.921;125.015;100
5108204001001;1454;127.495;194.903;180
5108303001001;1178;116.089;164.851;150
5108352001001;965;69.2278;242.55;200
5108402005001;4495;552.534;298.226;280
5108402005002;4038;687.023;219.171;200
5108402005003;4146;618.614;294.307;250
5108402005004;4368;982;250.09;250
5108402005005;6194;1023.72;272.741;220
5108402005006;4007;795.159;286.466;250
5108402005007;4219;606.026;247.131;200
5108402005008;4418;571.397;243.844;250
5108402005009;4274;496.289;193.088;180
5108402005010;4315;940.938;346.913;300
5108402005011;4195;773.565;228.719;230
5108402005012;4178;856.378;263.516;250
5108402005013;4376;735.9;317.628;280
5108402005014;4447;1531.11;467.119;410
5108402005015;4257;1001.78;350.187;300
5108402005016;4186;1197.6;299.478;280
5108402005017;4853;411.641;225.021;180
5108501001001;2994;384.87;197.655;150
5108600001001;6199;1265.1;308.683;200
5108808001001;1530;112.817;208.615;150
5108857001001;926;138.382;233.926;200
5108907001001;1924;268.049;243.194;200
5108956001001;2572;330.125;279.326;200
5200050001001;2146;493.134;261.768;250
5200100001001;5041;635.552;226.189;200
5200134001001;6569;1581;232.437;160
5200159001001;858;160.656;217.925;180
5200175001001;1649;205.636;188.425;150
5200209001001;738;90.9027;182.014;150
5200258003001;4143;1131.83;185.157;180
5200258003002;4341;1531.05;203.698;200
5200258003003;4974;870.338;169.382;160
5200258003004;5182;1518.74;189.602;170
5200258003005;5880;722.627;168.471;150
5200258003006;7802;1302.9;169.285;160
5200258003007;12064;3032.67;202.653;200
5200308001001;7502;1424.02;221.75;200
5200506001001;804;117.335;169.634;150
5200555001001;1457;295.1;293.436;250
5200605001001;2182;394.43;258.483;200
5200803001001;2423;350.108;224.577;200
5200829001001;1091;57.2877;133.755;100
5200852001001;1940;396.383;191.109;170
5200902001001;1319;178.394;165.777;130
5201108005001;10880;2574.45;249.075;220
5201108005002;7627;1663.85;217.012;200
5201108005003;6298;1140.26;242.967;230
5201108005004;4423;928.518;214.475;200
5201108005005;9169;1583.94;210.161;200
5201108005006;7066;2297.69;329.881;320
5201108005007;12024;3518.74;304.41;275
5201108005008;11056;3103.96;336.119;300
5201108005009;7164;2112.13;368.266;330
5201108005010;8366;2393.6;430.452;350
5201108005011;15321;3853.59;309.038;270
5201108005012;5884;640.3;196.244;150
5201207001001;353;55.6031;174.053;170
5201306001001;6939;1676.86;278.572;250
5201405005001;8763;2381.64;259.753;250
5201405005002;10728;2256.37;218.544;200
5201405005003;8453;1625.36;188.716;180
5201405005004;10094;1526.53;161.928;150
5201405005005;9325;2125.52;237.975;200
5201405005006;13018;4946.64;338.359;300
5201405005007;12767;3610.6;293.382;280
5201405005008;10155;2945.21;318.914;300
5201405005009;9014;2430;263.651;250
5201405005010;8950;1672.44;200.403;200
5201405005011;12192;2440.15;224.61;200
5201405005012;15458;3829.74;310.55;250
5201405005013;9817;3383.52;332.373;300
5201454001001;824;195.511;228.268;200
5201504001001;1281;220.3;290.742;250
5201603001001;1307;172.096;172.704;150
5201702001001;5918;1199.32;237.479;200
5201801001001;2703;476.376;220.108;195
5202155001001;2599;366.251;156.941;150
5202353001001;1207;129.101;170.932;120
5202502001001;2428;388.269;213.512;150
5202601001001;1390;153.148;163.138;130
5202809001001;857;131.349;201.626;150
5203104001001;1273;51.5657;131.343;120
5203203001001;2585;499.723;333.666;300
5203302001001;8282;1441.33;258.575;250
5203401001001;2895;409.34;191.617;150
5203500001001;6647;1926.94;307.717;256
5203559001001;2379;433.007;194.599;200
5203575001001;1137;107.251;153.388;100
5203609001001;1088;217.947;182.558;170
5203807001001;1865;378.261;171.258;120
5203906001001;3206;579.541;240.164;200
5203939001001;940;118.708;118.73;100
5203962001001;968;66.0251;120.43;100
5204003001001;2325;291.547;147.886;100
5204102001001;3610;879.222;393.747;350
5204201001001;494;99.0391;193.018;200
5204250001001;2747;399.347;231.693;200
5204300001001;4512;943.859;387.112;350
5204409001001;5833;804.251;242.19;180
5204508003001;4677;883.632;294.006;257
5204508003002;4990;1326.7;255.168;240
5204508003003;6613;2510.3;348.74;300
5204508003004;7024;1771.42;255.395;220
5204557001001;1101;165.09;206.815;200
5204607001001;1070;182.985;243.369;200
5204656001001;1208;119.363;208.603;160
5204706001001;3494;725.756;276.603;250
5204805001001;1962;312.771;292.117;250
5204854001001;1914;310.906;160.048;150
5204904001001;5401;748.301;223.114;170
5204953001001;1682;120.935;118.89;100
5205000001001;3034;519.399;196.444;150
5205059001001;1212;219.073;171.377;150
5205109003001;5587;1192.92;341.588;300
5205109003002;5511;1706.19;401.362;360
5205109003003;8179;2075.31;392.791;350
5205109003004;8965;2764.47;456.551;420
5205208001001;1515;245.599;176.771;160
5205307001001;2720;239.324;292.083;200
5205406001001;6881;1570.65;294.775;250
5205455001001;2403;425.498;242.185;200
5205471001001;2097;793.962;442.335;400
5205497003001;7999;1437.92;202.652;200
5205497003002;7936;1996.2;293.335;300
5205513001001;5321;766.423;168.682;150
5205521001001;1137;145.721;142.143;120
5205703001001;956;103.064;184.387;150
5205802001001;3335;370.173;217.048;200
5205901001001;2719;585.495;257.773;250
5206206003001;6348;1068.28;262.817;200
5206206003002;7425;1706.5;426.292;400
5206305001001;1052;148.379;173.823;150
5206404001001;5161;862.897;299.644;255
5206503001001;1269;199.648;221.789;200
5206602001001;1065;130.01;202.237;200
5206701001001;1062;50.4377;143.413;120
5206800001001;959;131.13;158.391;150
5206909001001;770;111.334;278.367;200
5207105001001;860;73.6292;139.219;120
5207253001001;2701;348.276;214.987;150
5207352001001;1374;174.819;302.004;150
5207402001001;3854;834.171;262.111;250
5207501001001;1102;182.347;189.51;150
5207535001001;2406;267.883;165.849;130
5207600001001;2276;190.416;157.776;100
5207808001001;3951;648.758;210.809;160
5207907001001;3651;167.651;193.576;135
5208004003001;4127;640.646;261.741;250
5208004003002;4090;908.682;260.523;200
5208004003003;7891;1646.43;326.751;300
5208004003004;7240;851.301;320.888;300
5208004003005;7245;1947.65;356.145;300
5208103001001;1680;179.248;136.483;100
5208152001001;1061;59.7051;118.704;100
5208301001001;1581;176.802;166.324;150
5208400001001;3262;485.724;171.26;150
5208509001001;1804;213.758;300.301;300
5208608003001;4539;720.737;307.179;300
5208608003002;5512;1204.39;320.92;300
5208608003003;8287;1859.96;445.002;400
5208707005001;13634;5539.59;407.406;400
5208707005002;14857;6142.99;373.302;350
5208707005003;8376;3474.79;386.276;350
5208707005004;8283;3434.68;412.692;350
5208707005005;10241;5276.62;427.9;400
5208707005006;13408;5448.47;446.336;400
5208707005007;10900;5139.09;429.511;400
5208707005008;8673;2457.13;401.845;350
5208707005009;9295;1914.38;409.9;350
5208707005010;9010;2009.03;339.331;350
5208707005011;9104;2106.07;242.492;250
5208707005012;8482;2922.52;317.665;300
5208707005013;8631;2170.06;372.319;280
5208707005014;9592;3178.91;279.533;250
5208707005015;9525;2272.28;283.506;260
5208707005016;8802;1932.8;258.313;250
5208707005017;11408;2517.55;234.486;250
5208707005018;10800;1647.43;208.885;200
5208707005019;9340;3220.75;350.548;330
5208707005020;9084;3554.44;329.055;300
5208707005021;9296;2471.76;454.506;350
5208707005022;8968;2889.91;384.165;370
5208707005023;8713;2862.28;347.059;300
5208707005024;8984;2394.95;296.426;280
5208707005025;9199;3150.58;326.982;300
5208707005026;10433;3257.86;298.624;280
5208707005027;9479;2492.52;271.391;250
5208707005028;9587;926.57;279.495;270
5208707005029;9088;2944.66;497.148;500
5208707005030;9083;3375.1;413.219;360
5208707005031;8811;2211.07;427.901;380
5208707005032;8840;2914.62;360.385;310
5208707005033;10254;2874.33;430.238;400
5208707005034;11110;2431.91;287.836;270
5208707005035;12125;2431.04;252.84;250
5208707005036;9009;2033.27;804.95;700
5208707005037;9599;2523.95;660.326;550
5208707005038;9193;2337.21;762.085;510
5208707005039;8100;3063.07;493.779;420
5208707005040;9479;2755.15;554.213;500
5208707005041;10863;2973.46;833.974;700
5208707005042;12612;5257.67;418.396;350
5208707005043;10489;4188.9;483.964;410
5208806003001;4457;829.013;245.689;250
5208806003002;5932;852.458;202.97;180
5208905003001;4246;740.642;283.563;200
5208905003002;4325;880.825;229.015;180
5209101003001;4643;823.451;362.257;300
5209101003002;6368;1616.66;253.327;200
5209150001001;1718;303.28;212.731;200
5209200001001;4542;791.778;203.694;200
5209291001001;852;89.7923;204.41;130
5209408001001;1257;78.4167;161.457;110
5209457001001;818;73.3827;112.025;100
5209606001001;1204;86.9326;157.972;150
5209705001001;5532;1047.36;306.903;250
5209804001001;1387;100.658;122.469;100
5209903001001;3436;397.706;169.664;150
5209937001001;1859;353.788;218.361;200
5209952001001;4317;935.183;227.924;200
5210000003001;6628;1457.34;327.279;250
5210000003002;9150;2086.69;278.822;250
5210109001001;8291;1492.38;227.437;150
5210158001001;1024;96.5386;139.366;150
5210208003001;4905;1155.02;198.369;150
5210208003002;6418;1252.48;290.13;220
5210307001001;1028;129.768;161.77;150
5210406003001;4448;950.111;358.736;300
5210406003002;6884;1645.57;275.598;250
5210562001001;1581;293.506;193.686;170
5210604001001;1892;328.668;221.247;180
5210802001001;1727;242.221;221.486;200
5210901001001;5975;1336.57;229.528;200
5211008001001;2800;345.367;191.797;120
5211206003001;4224;442.292;229.043;170
5211206003002;5022;1179.42;234.439;200
5211305001001;2120;330.217;295.485;250
5211404001001;2901;527.744;187.439;150
5211503003001;4292;1161.24;422.067;450
5211503003002;4651;1617.83;433.142;400
5211503003003;7457;1669.8;341.9;260
5211503003004;7055;1295.13;245.644;200
5211503003005;7598;2118.61;289.971;250
5211602001001;988;71.8306;197.99;150
5211701001001;2243;338.592;234.262;160
5211800003001;4978;1403.29;322.891;300
5211800003002;8115;1736.43;331.838;280
5211909003001;4750;647.121;300.453;255
5211909003002;4684;1547.17;423.719;370
5211909003003;7542;1960.24;470.881;400
5211909003004;11094;2139.32;291.825;250
5212006001001;1080;95.4133;134.247;100
5212055001001;748;108.235;134.382;100
5212105001001;2445;632.531;239.54;200
5212204001001;6557;1206.24;203.897;170
5212253001001;440;47.2022;154.121;150
5212303001001;2554;399.308;212.619;150
5212501003001;4843;1203.23;210.61;200
5212501003002;4474;745.719;257.22;230
5212501003003;12175;3044.28;352.668;300
5212501003004;4634;1228.18;306.106;260
5212501003005;7259;1270.99;200.753;180
5212501003006;7804;1256.24;173.627;150
5212501003007;9484;1126.59;202.767;200
5212600001001;858;116.614;274.084;200
5212709001001;1935;181.218;225.315;200
5212808001001;3500;611.376;193.156;160
5212907001001;710;96.1539;310.956;150
5212956001001;1515;158.104;123.455;100
5213004001001;3646;1108.87;214.889;180
5213053001001;872;42.8715;117.913;120
5213087003001;4627;464.741;241.277;200
5213087003002;5276;1019.05;192.838;150
5213103003001;7964;1781.04;323.902;300
5213103003002;8203;2033.53;431.745;387
5213400001001;641;58.0328;143.864;150
5213509001001;2186;156.697;134.695;120
5213707001001;2771;363.905;212.449;170
5213756001001;3372;867.217;307.908;250
5213772001001;1287;98.7325;160.175;130
5213806003001;6599;1647.18;314.111;255
5213806003002;7807;1478.02;306.664;250
5213855001001;832;82.2036;161.72;150
5213905001001;1757;193.3;181.445;150
5214002001001;4370;875.689;269.991;200
5214051001001;2193;220.594;117.329;90
5214101001001;1312;179.624;136.954;100
5214408001001;2734;698.45;199.27;180
5214507001001;7427;2331.83;270.453;250
5214606003001;5889;1442.36;305.196;270
5214606003002;7334;832.751;204.669;200
5214705001001;783;92.6875;153.58;130
5214804001001;742;110.22;204.217;200
5214838001001;4002;398.65;188.003;150
5214861001001;2995;432.328;160.252;120
5214879001001;935;135.079;190.311;200
5214903001001;1132;35.4608;141.735;100
5215009001001;2513;528.422;239.949;210
5215207001001;1348;163.074;156.892;100
5215231003001;4829;1575.44;301.109;300
5215231003002;8964;1857.69;234.924;200
5215231003003;4931;889.756;198.858;160
5215231003004;7819;1425.66;198.943;180
5215256001001;1348;124.821;133.112;100
5215306001001;4902;708.801;267.167;250
5215405001001;1334;190.688;174.556;150
5215504001001;1831;292.662;292.222;255
5215603001001;8197;1082.76;187.181;150
5215652001001;1137;94.7355;142.046;150
5215702001001;7801;1798.77;282.222;250
5215801001001;814;96.9803;155.66;150
5215900001001;1286;128.053;154.901;150
5216007001001;995;144.09;168.51;150
5216304001001;3138;625.974;323.336;300
5216403001001;3598;543.299;244.885;200
5216452001001;942;118.704;310.271;230
5216809001001;3366;631.766;277.342;220
5216908001001;926;47.8079;211.758;150
5217104003001;8588;1591.53;231.59;200
5217203001001;4101;670.343;199.225;150
5217302001001;7369;1452.64;318.687;250
5217401003001;4281;955.308;278.619;250
5217401003002;5192;964.761;249.527;230
5217609003001;5417;904.418;195.874;180
5217609003002;8588;1864.55;240.346;200
5217609003003;9060;1054.4;173.586;170
5217708001001;6140;1259.45;259.112;200
5218003003001;6234;866.774;255.381;150
5218003003002;7335;1990.44;276.497;230
5218052001001;1086;275.51;303.403;300
5218102001001;1240;198.773;254.486;200
5218300003001;4410;1307.19;374.702;300
5218300003002;4687;544.684;234.926;200
5218391001001;1101;197.843;202.511;130
5218508003001;6782;1933.86;440.254;380
5218508003002;7648;1560.31;336.255;300
5218607001001;3416;712.65;270.021;250
5218706001001;1460;266.094;200.999;180
5218789001001;1131;263.529;247.258;200
5218805003001;5377;200.078;337.15;170
5218805003002;4998;1376.36;475.139;450
5218805003003;5220;1158.91;246.721;220
5218805003004;4493;1377.42;256.733;250
5218805003005;5723;1759.92;244.085;230
5218805003006;10951;4143.36;489.074;450
5218805003007;8420;3172.84;420.585;350
5218805003008;10839;4059.16;351.413;300
5218904001001;6458;1341.68;228.535;200
5219001001001;2700;462.442;221.263;200
5219100001001;1862;408.868;188.038;160
5219209001001;1112;70.0199;298.744;100
5219258001001;1583;367.865;186.246;150
5219308003001;4217;994.265;325.993;300
5219308003002;7806;1501.9;223.896;200
5219357001001;1288;100.721;153.2;150
5219407001001;2281;351.462;288.453;250
5219456001001;980;55.8143;147.498;150
5219506001001;1001;124.957;143.227;150
5219605001001;1391;202.795;142.857;130
5219704001001;3348;536.091;166.211;150
5219712001001;1441;221.316;207.921;180
5219738001001;1411;371.183;240.423;230
5219753003001;8381;1439.83;210.463;200
5219753003002;9640;1786.71;205.915;200
5219803001001;3366;308.825;243.829;240
5219902001001;2047;246.855;188.257;150
5220009001001;2842;394.593;244.505;180
5220058001001;610;82.9412;203.619;150
5220108003001;4565;494.457;199.306;200
5220108003002;6074;1939.21;333.28;285
5220157001001;1505;249.755;161.994;150
5220207001001;7404;1053.68;172.407;150
5220264001001;1277;173.981;222.01;200
5220280001001;702;80.1818;183.678;165
5220405001001;5688;1522.54;360.329;320
5220454003001;4596;764.569;283.164;250
5220454003002;7611;1606.75;253.69;250
5220454003003;12143;2365.64;233.467;200
5220504001001;2488;567.646;303.421;250
5220603001001;6282;784.741;269.434;200
5220686001001;1862;210.328;191.116;170
5220702001001;841;45.9267;112.976;100
5221007001001;1295;231.614;309.495;250
5221080001001;842;69.0897;170.16;150
5221197001001;2005;389.832;229.293;200
5221304001001;946;131.076;285.176;250
5221403003001;4499;860.372;198.595;200
5221403003002;4500;796.98;228.614;200
5221403003003;4717;1298.12;301.621;260
5221403003004;5143;846.087;182.252;200
5221403003005;13800;3524.19;300.949;250
5221452001001;1164;75.7786;132.232;100
5221502001001;1751;281.927;183.983;150
5221551001001;1385;312.877;208.877;180
5221577001001;1002;87.2458;153.813;130
5221601003001;3951;1255.68;362.821;300
5221601003002;7967;1350.52;271.731;220
5221700001001;4784;771.653;210.877;170
5221809001001;1037;102.502;199.278;160
5221858003001;4373;860.258;401.912;400
5221858003002;4181;571.3;237.218;250
5221858003003;4343;1426.96;403.594;350
5221858003004;4490;1333.35;225.018;200
5221858003005;5934;2391.79;215.979;200
5221858003006;8075;2913.37;294.722;280
5221858003007;8174;2189.31;258.123;250
5221908001001;1330;227.103;224.018;200
5222005001001;4038;833.16;279.615;240
5222054001001;2402;606.5;275.523;250
5222203001001;1418;238.878;167.484;150
5222302001001;1609;126.28;185.826;150
5300108005001;41202;16237;1148.49;1000
5300108005002;28743;8014.9;1460.83;1300
5300108005003;9867;3593.49;1033.67;750
5300108005004;14213;4564.1;435.487;400
5300108005005;10870;3907.41;400.761;380
5300108005006;12260;3180.67;366.493;320
5300108005007;24520;8463.46;449.391;400
5300108005008;22106;9440.09;491.628;450
5300108005009;20222;7445.81;516.314;480
5300108005010;16481;2954.2;471.516;450
5300108005011;21634;6558.94;1000.13;910
5300108005012;9770;2033.15;418.583;350
5300108005013;11836;2595.16;344.935;350
5300108005014;14169;2729.11;308.302;250
5300108005015;17365;5098.42;531.925;450
5300108005016;23566;5602.99;497.433;400
5300108005017;9980;2170.68;244.602;250
5300108005018;13960;3155.35;256.09;250
5300108005019;20238;5450.94;364.217;320
5300108005020;13650;4419.54;394.666;300
5300108005021;8543;3446.79;623.28;530
5300108005022;11316;5285.02;347.769;300
5300108005023;10375;5060.09;392.193;350
5300108005024;14138;7313.89;318.226;300
5300108005025;12274;4850.29;392.092;350
5300108005026;12114;4289.67;399.715;400
5300108005027;8671;2407.03;394.422;350
5300108005028;15960;5517.68;372.802;350
5300108005029;14389;3923.13;291.614;280
5300108005030;17924;2390.1;228.14;220
5300108005031;10181;986.516;323.888;300
5300108005032;14462;4602.59;725.482;650
5300108005033;19079;6735.82;710.073;650
5300108005034;9658;2607.87;931.04;850
5300108005035;21384;8062.26;1295.44;1100
5300108005036;12290;4058.52;297.004;300
5300108005037;14136;4789.53;392.063;370
5300108005038;17684;4595.7;290.057;270
5300108005039;11881;3322.54;443.862;400
5300108005040;15198;3395.8;331.443;300
5300108005041;17007;4006.62;319.941;300
5300108005042;26216;8946.35;356.741;280
5300108005043;18321;5564.8;343.307;300
5300108005044;12644;3341.51;300.923;300
5300108005045;12520;1172.37;3283.24;3500
5300108005046;10175;4056.15;528.708;500
5300108005047;10215;3005.93;358.962;350
5300108005048;12808;3073.52;1035.45;670
5300108005049;4590;1762.35;589.613;530
5300108005050;19894;995.873;265.814;250
5300108005051;13034;1103.81;265.35;250
