processing_acps,policy_config,interest_housing,policy_melhorias,seed,delta_gini,gini_index,gini_index_base,delta_house_price,house_price,house_price_base,delta_affordability_median,affordability_median,affordability_median_base,delta_house_quality,house_quality,house_quality_base,delta_vacancy,house_vacancy,house_vacancy_base,delta_unemployment,unemployment,unemployment_base,pop
BELEM,high_inactive,high,False,0,0.007645546437384687,0.38075725514067493,0.37311170870329025,8.558490175699035,152.65992035984837,144.10143018414934,0.001881154027176618,0.06157236086949094,0.05969120684231432,-0.0015292182006851895,2.1650877649045563,2.1666169831052415,-0.006814759692826772,0.10609275451672952,0.11290751420955629,0.0001377988043726741,0.03316578929210532,0.033027990487732646,19605.2
BELEM,high_inactive,high,False,1,-0.003493084636969346,0.37191025049891563,0.375403335135885,0.9493441164188141,148.25321250675592,147.3038683903371,-0.0005461847626389155,0.05658563614880844,0.057131820911447355,0.0024235961392573557,2.183710515615759,2.1812869194765017,0.0010067770836209161,0.11475516868680562,0.1137483916031847,-0.0003265718056019752,0.026713540938867998,0.027040112744469973,19859.2
BELEM,high_inactive,high,False,2,0.0028846754870730518,0.3766881604519729,0.37380348496489985,-0.4924937891401271,152.61805060473117,153.1105443938713,0.0023841938224664766,0.061957810149468856,0.05957361632700238,0.006783413244194403,2.1765066483394535,2.169723235095259,0.0009270243490879931,0.10765591107176586,0.10672888672267787,0.01058644351166687,0.03470793166885556,0.02412148815718869,19938.666666666668
BELEM,high_inactive,high,False,3,-0.009170603069907246,0.3678373712526675,0.37700797432257477,6.513736710255671,161.05958410416864,154.54584739391296,-0.0014544751706112927,0.058891452830741785,0.06034592800135308,0.00039288086066280314,2.1733927952616208,2.172999914400958,-0.006088310714388159,0.09830292962189167,0.10439124033627983,-0.00319098538545853,0.02631247949079231,0.02950346487625084,19661.066666666666
BELEM,high_inactive,high,False,4,0.006499165326517675,0.3789723920008079,0.3724732266742902,-1.7839843679479372,147.3681215614598,149.15210592940772,-0.0006054414775701067,0.057489317005088504,0.05809475848265861,-0.0009675705211535934,2.1731015349935534,2.174069105514707,0.00010999198393069065,0.1126397460559997,0.11252975407206901,0.0054822201833404915,0.028675611593718304,0.023193391410377812,20072.05
BELEM,high_inactive,high,False,5,-0.0034112895381630537,0.3755589862824188,0.37897027582058185,3.2796033960783006,145.26314280695615,141.98353941087785,-0.0012980474467204975,0.057402879675820834,0.05870092712254133,0.001904321253022534,2.181389196459492,2.1794848752064695,-0.006148919964183486,0.11405568025349891,0.1202046002176824,-0.010296709545081422,0.0227484364687091,0.03304514601379052,19917.666666666668
BELEM,high_inactive,high,False,6,-0.011043428207743455,0.36911934551260017,0.3801627737203436,5.182179140820608,146.81853635223507,141.63635721141446,-0.0003587038806567508,0.05635593161092685,0.0567146354915836,0.007430466494590338,2.163165383566808,2.1557349170722175,-0.006857187186008418,0.11094348027049258,0.117800667456501,0.00014175496648253724,0.027013282513486427,0.02687152754700389,19985.816666666666
BELEM,high_inactive,high,False,7,-0.009790272040249959,0.37298493298627816,0.3827752050265281,1.9001332976068568,150.0139654011203,148.11383210351343,-0.0009086275137175706,0.05883991626116729,0.05974854377488486,0.005050564706326366,2.1784578500761445,2.173407285369818,-0.0009453357998802508,0.11196265880612959,0.11290799460600984,-0.00903151733586081,0.02438713173828679,0.0334186490741476,19773.633333333335
BELEM,high_inactive,high,False,8,-0.006692882020996382,0.37563947376314155,0.38233235578413793,-6.021986629391591,146.16704731565545,152.18903394504704,-0.004368350815639653,0.05649075642835774,0.060859107243997394,0.0010658434586736654,2.1667721413522845,2.165706297893611,0.004442637612036879,0.1115586813304564,0.10711604371841953,-0.01775861980537991,0.023195423216941086,0.040954043022320995,20197.866666666665
BELEM,high_inactive,high,False,9,0.01231698297392686,0.3769297834047379,0.364612800430811,3.7941136026860818,151.72259132263352,147.92847771994744,0.005399106107957789,0.06405147976107735,0.05865237365311956,0.004938555085197915,2.181450039515995,2.176511484430797,-0.0026922304124010615,0.10824554306721527,0.11093777347961634,0.013524204125055388,0.03648356211345192,0.02295935798839653,19794.683333333334
CUIABA,high_inactive,high,False,0,-0.0041016029865780235,0.37382273191889076,0.3779243349054688,3.3719370259119046,187.04593946453926,183.67400243862735,0.00015732801406972974,0.0676673253716777,0.06750999735760797,-0.005232594159054305,2.4926365792457608,2.497869173404815,-0.001486599217639134,0.10896896212269831,0.11045556134033745,-0.0005536014064268305,0.03353072059489976,0.03408432200132659,10391.583333333334
CUIABA,high_inactive,high,False,1,0.0008369431952343076,0.3812961045103423,0.380459161315108,3.4958867750509057,182.7199449026095,179.2240581275586,0.00996074960157433,0.06986145560041535,0.059900705998841015,-0.0015404748344445274,2.5136082969158267,2.515148771750271,0.004041574739872059,0.11512144567593798,0.11107987093606592,-0.0012147004310238962,0.03327977808139873,0.03449447851242263,10447.716666666667
CUIABA,high_inactive,high,False,2,0.001403876784623448,0.37524344252789216,0.3738395657432687,-0.11578451963347902,183.52347812535803,183.6392626449915,-0.004019396592044519,0.05971552974635386,0.06373492633839838,0.01573207290285694,2.508355599813803,2.492623526910946,-0.00023914682314937763,0.10762751418581923,0.1078666610089686,0.0009292585900080308,0.033882763608467745,0.032953505018459714,10803.05
CUIABA,high_inactive,high,False,3,-0.0029827383941051777,0.37266043981217556,0.37564317820628074,-7.1320146531934085,175.79795802787538,182.9299726810688,-0.0060019909890329445,0.06167166166551475,0.0676736526545477,-0.0020259736028021003,2.514412659573009,2.5164386331758113,0.0031570440087620166,0.11670473239375843,0.11354768838499642,-1.4294621853032374e-05,0.03382656901967435,0.033840863641527386,10460.75
CUIABA,high_inactive,high,False,4,-0.0017287999792121589,0.3734412490503662,0.37517004902957835,13.234663659591405,183.76987336308002,170.53520970348862,0.0015187524852678866,0.05510715168567379,0.0535883992004059,0.007754330960935363,2.5105991259798754,2.50284479501894,-0.00838306279178093,0.10913182280979841,0.11751488560157934,-0.0002454491631829897,0.03271737926179456,0.03296282842497755,10874.05
CUIABA,high_inactive,high,False,5,0.004236357268103841,0.37978754106073304,0.3755511837926292,-2.074289841613137,181.6958625761002,183.77015241771335,0.0053123445079397424,0.061490799753638914,0.05617845524569917,-0.01677541382075498,2.4933075453270335,2.5100829591477885,0.004747939252198699,0.11214638654789881,0.10739844729570011,0.0007332854870913882,0.033801476999086845,0.03306819151199546,10478.2
CUIABA,high_inactive,high,False,6,-0.0036938320550843895,0.3723604049291767,0.3760542369842611,-10.4203598831144,180.40393184807377,190.82429173118817,-0.00823472525642946,0.06051411460027785,0.06874883985670731,-0.0041666590627604805,2.503337844305448,2.5075045033682084,0.004407782407569921,0.11315216444065827,0.10874438203308835,-0.0027672713052208434,0.032244599999103854,0.0350118713043247,10738.433333333332
CUIABA,high_inactive,high,False,7,0.0005555787717796967,0.3750514021401853,0.3744958233684056,-3.3154207357621885,175.47512409943218,178.79054483519437,0.0016433971549868545,0.06202889741412253,0.06038550025913567,-0.001785642724675185,2.4940845748200955,2.4958702175447707,0.002356368266082612,0.11215296639586883,0.10979659812978622,0.0005663287126153674,0.033940799778113866,0.0333744710654985,10528.866666666667
CUIABA,high_inactive,high,False,8,-0.004511251786455006,0.3720934726572167,0.3766047244436717,8.479935923809649,186.27673388408473,177.7967979602751,0.00038619906157782297,0.055863984946878505,0.05547778588530068,-0.002287415320537889,2.5019009269778487,2.5041883422983866,-0.008795962828743259,0.1043083569216252,0.11310431975036846,-0.001073855439398759,0.03223304389980717,0.03330689933920593,10886.35
CUIABA,high_inactive,high,False,9,-0.0036784121216971166,0.3772867132108857,0.3809651253325828,5.8352871540379,183.92940294112958,178.09411578709168,0.0004802167647851713,0.06485276012091538,0.06437254335613021,-0.007190202535771295,2.4924219433919705,2.499612145927742,-0.005829130741986238,0.1098164882569894,0.11564561899897564,-0.0005234196086969442,0.034589155059385646,0.03511257466808259,10649.416666666666
GOIANIA,high_inactive,high,False,0,0.0012128832135193668,0.4495740185130331,0.4483611352995137,-1.060027284214442,171.85028290285427,172.91031018706872,-0.0017992608935557403,0.07578782739806131,0.07758708829161705,0.002049189344039526,2.5672482022220398,2.5651990128780002,-0.0002767533280204626,0.12229341237010564,0.12257016569812611,0.00030294037240117394,0.036012623619142745,0.03570968324674157,24109.55
GOIANIA,high_inactive,high,False,1,-0.0021746726164471597,0.43868378227809013,0.4408584548945373,3.623552026068012,182.18111475308277,178.55756272701475,-0.0018027589958001383,0.06956943288779176,0.0713721918835919,0.0049515257503571775,2.5793313990812967,2.5743798733309395,-0.004232433663883664,0.11242259009136792,0.11665502375525158,0.00017212984077117494,0.03464443905647978,0.0344723092157086,24547.916666666668
GOIANIA,high_inactive,high,False,2,0.0007236561898819049,0.4364415187398342,0.4357178625499523,-5.188573805520178,167.47216249532528,172.66073630084546,0.00022586196217841414,0.07229810815466321,0.0720722461924848,-0.004122145137853472,2.566629804894113,2.5707519500319664,0.005534612159567895,0.1242653453160385,0.1187307331564706,0.001071484610413835,0.03440262165022312,0.033331137039809285,24404.05
GOIANIA,high_inactive,high,False,3,0.0022140712673365814,0.44905361754113593,0.44683954627379935,-3.2828529714256263,174.15087467120196,177.4337276426276,0.00031400483272753243,0.07378672426130045,0.07347271942857292,-0.011643775320444139,2.5628929124032833,2.5745366877237275,-0.00027163017490738905,0.11739395679728677,0.11766558697219416,0.0003038739552546979,0.035593827181585054,0.035289953226330356,24253.916666666668
GOIANIA,high_inactive,high,False,4,-0.00037273693207484637,0.4460120508448151,0.44638478777688995,-9.671393615492377,176.77862337377854,186.45001698927092,-0.005216864602058627,0.07347511790406533,0.07869198250612396,0.007067578957759668,2.580170404973758,2.5731028260159983,0.0070491234850300205,0.11983056793244182,0.1127814444474118,0.0011513372025702337,0.03438149098342814,0.033230153780857904,24288.15
GOIANIA,high_inactive,high,False,5,0.002590139865406016,0.4513573974640728,0.44876725759866676,-2.7813746740835654,180.41229604628901,183.19367072037258,0.00030164747574912276,0.07500851786366022,0.0747068703879111,-0.0036398358302429656,2.5715218315870123,2.5751616674172553,0.006490481379242977,0.11758543379713474,0.11109495241789176,0.00014336747670561784,0.03450458717707105,0.03436121970036543,24226.433333333334
GOIANIA,high_inactive,high,False,6,0.007531189026577734,0.4445175977026004,0.4369864086760227,1.8553706195883422,176.14630137415796,174.29093075456962,0.0007687416737300751,0.07216825423092832,0.07139951255719824,0.0037279203170896835,2.565756730192798,2.5620288098757085,-0.001125645635658673,0.11882664277528714,0.11995228841094581,0.0006208519683102501,0.03477305820974321,0.03415220624143296,24363.316666666666
GOIANIA,high_inactive,high,False,7,0.00034759548440110866,0.459107713381462,0.4587601178970609,-5.378480374452863,174.95949929490826,180.33797966936112,-0.0003495935057922922,0.07272895680841247,0.07307855031420477,2.3555842903810742e-05,2.573417978388721,2.5733944225458174,0.004236222866020337,0.1199580525440224,0.11572182967800207,0.0007701611381411011,0.036122141478552736,0.035351980340411635,24330.233333333334
GOIANIA,high_inactive,high,False,8,0.007936108250218954,0.4575622734671851,0.44962616521696613,-3.761176688694775,177.5376801035981,181.29885679229287,0.0022189587283547724,0.07799285810512044,0.07577389937676567,-0.005692633269697378,2.5767685047194027,2.5824611379891,0.0008986363964333943,0.11757836254807329,0.11667972615163989,0.0005431655995872114,0.035444624484065844,0.03490145888447863,24239.616666666665
GOIANIA,high_inactive,high,False,9,0.0033108460096740178,0.4514244838271328,0.4481136378174588,0.5221161947993949,181.17485994658998,180.65274375179058,-0.0024745325279921793,0.07310990800996707,0.07558444053795925,0.003751342447976036,2.575245867994185,2.571494525546209,-0.0007745331637182135,0.1146275286206569,0.1154020617843751,0.0005351031701826825,0.03608978714335904,0.035554683973176356,24200.166666666668
MACAPA,high_inactive,high,False,0,-0.002616217765487039,0.3906826783005144,0.39329889606600144,-0.7784547215553914,166.5183133462286,167.296768067784,-0.015503871734904695,0.05829376001193316,0.07379763174683786,-0.014892661760283143,2.3487048582091123,2.3635975199693955,-0.0006238712832122711,0.10652865966258004,0.10715253094579232,-0.08014080014316027,0.1580181632783409,0.23815896342150117,6240.216666666666
MACAPA,high_inactive,high,False,1,-0.006218265308510995,0.3916828779305034,0.3979011432390144,1.970164070855276,167.72486509704976,165.75470102619448,0.0036969183818488516,0.06251598436861279,0.05881906598676394,0.02104577428181642,2.367564212837071,2.3465184385552544,0.0023145563376969075,0.10609753395613392,0.10378297761843701,0.01831460247426725,0.21182302913653392,0.19350842666226667,6254.733333333334
MACAPA,high_inactive,high,False,2,0.002586898126501702,0.39236986923222245,0.38978297110572074,-3.429257416491623,162.07329121446017,165.5025486309518,-0.013905527903813691,0.054623978261970976,0.06852950616578467,-0.012993336776382591,2.350306544711711,2.3632998814880937,0.0009334021597638131,0.11015817296534676,0.10922477080558295,-0.061345860896953985,0.1774380704663593,0.23878393136331327,6202.1
MACAPA,high_inactive,high,False,3,-0.015688705360549005,0.3860728195184272,0.4017615248789762,2.9323802532294962,165.5550027967153,162.62262254348582,0.012511324186553256,0.07424588722796881,0.06173456304141555,0.024964505867480558,2.3547987750247614,2.329834269157281,0.003237335576318487,0.10569543097628409,0.1024580953999656,0.07814902945016872,0.26233376437746697,0.18418473492729825,6162.033333333334
MACAPA,high_inactive,high,False,4,0.0061923188047281474,0.39641539026670647,0.3902230714619783,-4.021733898016379,161.08421122967064,165.10594512768702,0.012252564819286466,0.0833345283454706,0.07108196352618414,-0.0345229486976657,2.3246210397274543,2.35914398842512,0.0017051974122065383,0.10803027463860025,0.10632507722639371,0.04582003191575676,0.2720100930752239,0.22619006115946713,6174.716666666666
MACAPA,high_inactive,high,False,5,0.00439249984565343,0.40577382115762217,0.40138132131196874,-3.2549365591330286,162.87125647371892,166.12619303285194,-0.0002871025293612467,0.05544165817562773,0.05572876070498898,0.025503792459509622,2.3547725585793295,2.32926876611982,0.0030925435401270435,0.1084393571071866,0.10534681356705956,-0.014682739139190909,0.18615997275666818,0.2008427118958591,6278.433333333333
MACAPA,high_inactive,high,False,6,-0.0018755665572315894,0.3983853751390944,0.400260941696326,-0.9341759919536514,161.24336287466585,162.1775388666195,0.0013203498909534622,0.06463247872652735,0.06331212883557388,-0.009894271630045637,2.336639662277927,2.3465339339079727,0.0011856032680019474,0.10929155704435703,0.10810595377635508,-0.01498099865962238,0.2141474212391876,0.22912841989880997,6197.633333333333
MACAPA,high_inactive,high,False,7,-0.018957021297537624,0.39480917650894887,0.4137661978064865,1.7245200255420912,161.2444311274672,159.51991110192512,0.010042145043872547,0.065203799980339,0.05516165493646645,0.008892082234860155,2.3673673975485565,2.3584753153136964,-0.0004272862986806486,0.10970769892678839,0.11013498522546904,0.041318999386287525,0.22222240624386297,0.18090340685757544,6240.616666666667
MACAPA,high_inactive,high,False,8,0.0008879800426865869,0.39175944997220663,0.39087146992952004,2.767250729866305,167.85729362462516,165.09004289475885,0.001820064240641732,0.06057082919901059,0.05875076495836886,0.014326083834920844,2.375440560390899,2.361114476555978,0.0012147492500108603,0.10663245408045982,0.10541770483044896,0.049484637001242116,0.21908634767819546,0.16960171067695334,6241.266666666666
MACAPA,high_inactive,high,False,9,-0.007481301250022165,0.4139917327577059,0.42147303400772806,1.601960341248315,168.77948238117216,167.17752203992384,0.001955791411013097,0.06459581068162006,0.06264001927060696,-0.0033999319570860997,2.354634886830793,2.3580348187878792,-0.00028712902535531215,0.10385293821714106,0.10414006724249637,0.016752177809292945,0.21692416934696454,0.2001719915376716,6273.233333333334
MANAUS,high_inactive,high,False,0,0.00304186203113177,0.3859323117302392,0.3828904496991074,0.9025579769069907,194.06897524380463,193.16641726689764,0.002953954749415795,0.06454202866228802,0.06158807391287222,-0.0024161959300488256,2.413560662737443,2.415976858667492,-0.0008272895563580795,0.08019886965081824,0.08102615920717632,0.02677821488392422,0.12683679347272833,0.10005857858880411,25279.8
MANAUS,high_inactive,high,False,1,0.00017065710985109117,0.3867001503743556,0.38652949326450453,-1.1839615408061093,185.39277170918348,186.5767332499896,-0.0001082926507925408,0.07104930202564191,0.07115759467643445,0.0064568988922237835,2.4077501278019406,2.401293228909717,-0.0010386712971925949,0.08732816315708157,0.08836683445427417,0.003588251331915454,0.25012266607271827,0.24653441474080282,25281.25
MANAUS,high_inactive,high,False,2,0.0008803264637998742,0.3882024633662331,0.3873221369024332,2.309411258430771,197.70522683574183,195.39581557731105,0.014008995961481141,0.0751749449334333,0.061165948971952155,0.00214339241194228,2.4103174016656848,2.4081740092537425,0.0011743837923557515,0.07732698297907811,0.07615259918672236,0.11390348278029327,0.2154380859538862,0.10153460317359292,25283.133333333335
MANAUS,high_inactive,high,False,3,0.0014910932174441172,0.39374654059846537,0.39225544738102125,6.0529333394138405,180.60288186015808,174.54994852074424,0.004916841605964291,0.06500192384268123,0.06008508223671694,-0.0021949690264388977,2.4150044568599696,2.4171994258864085,-0.004152837748758936,0.09203183023495944,0.09618466798371837,0.019892636738462116,0.21079920125006835,0.19090656451160623,25283.3
MANAUS,high_inactive,high,False,4,-0.004750424664404729,0.3813303225911977,0.38608074725560243,-0.6818547535818027,183.92197073688243,184.60382549046423,-0.0029905021164940357,0.061594817755267185,0.06458531987176122,-0.010157556202985862,2.402816666146542,2.412974222349528,-0.001356463482189707,0.08575526587511124,0.08711172935730095,-0.02845735899306745,0.1594091757941015,0.18786653478716894,25283.783333333333
MANAUS,high_inactive,high,False,5,0.0019027365119909656,0.3878768882735371,0.38597415176154615,2.213118743082646,188.7535174070471,186.54039866396445,-0.0028312895349403844,0.06785205138105757,0.07068334091599796,0.004606003931621139,2.411670509474752,2.407064505543131,-0.0015605775695950175,0.08132519356556439,0.08288577113515941,0.005760821348068462,0.20368907862086777,0.1979282572727993,25279.85
MANAUS,high_inactive,high,False,6,-0.0009299399233313466,0.38503734078707297,0.3859672807104043,-0.24194808867929396,191.37148194767596,191.61343003635525,-0.01013913652952371,0.0713284047615881,0.0814675412911118,-0.0030155224077001996,2.4045771257578528,2.407592648165553,0.00025828336292881005,0.08221300026173256,0.08195471689880375,-0.05105243220786537,0.212622411075016,0.2636748432828814,25283.8
MANAUS,high_inactive,high,False,7,0.000751747574594952,0.38946974120112793,0.388717993626533,1.7522343611654492,188.03602636093385,186.2837919997684,-0.004954980216990049,0.07484002754412278,0.07979500776111283,-0.009717866594248115,2.4062218628983274,2.4159397294925755,-0.0012308577265718462,0.08263216949672557,0.08386302722329741,-0.047233097060580154,0.24883323497186088,0.29606633203244104,25280.366666666665
MANAUS,high_inactive,high,False,8,-0.004360152596604161,0.38460717383971244,0.3889673264363166,-5.877557869770271,187.81400627147252,193.6915641412428,0.002878778957704886,0.0704840748590544,0.06760529590134952,0.0029523473890917806,2.4040009051139735,2.4010485577248817,0.0042031132954998135,0.0836499268178165,0.07944681352231668,0.04421032424138166,0.23709158449249504,0.19288126025111338,25278.2
MANAUS,high_inactive,high,False,9,-0.001845364872203492,0.3791571710404387,0.3810025359126422,0.06481458400628526,199.2283806597773,199.163566075771,-0.003419532994075873,0.061938871265936314,0.06535840426001219,-0.005816868448078605,2.4092777669047205,2.415094635352799,-0.00037953568804387217,0.07476595923179112,0.075145494919835,-0.03917529292786137,0.13106165757593488,0.17023695050379625,25282.033333333333
RECIFE,high_inactive,high,False,0,-0.008867479804957723,0.5151055122280047,0.5239729920329624,-6.3961090065619715,134.57682127451542,140.9729302810774,-0.003399408837358661,0.06414809933671263,0.06754750817407129,-0.0028302128758732614,2.358579006406975,2.3614092192828484,0.004562967610639762,0.13647061413083247,0.1319076465201927,0.00022335584060256472,0.024085782005180027,0.023862426164577462,35138.416666666664
RECIFE,high_inactive,high,False,1,-0.011122483037475595,0.4930987232878467,0.5042212063253223,-1.9207544523100353,137.3851782393657,139.30593269167574,0.0004575593077386503,0.07087617166503854,0.07041861235729989,0.0010646221917540721,2.3707800650424558,2.3697154428507017,0.003637640441637058,0.13593285430686708,0.13229521386523002,-0.00022942252602078939,0.024540805211182,0.02477022773720279,34373.0
RECIFE,high_inactive,high,False,2,-0.019322105120645916,0.5057549226637278,0.5250770277843737,5.623033576613921,146.807642719405,141.1846091427911,-0.0015788386827657874,0.07288405060795863,0.07446288929072442,1.0643680798949617e-06,2.3715983550465713,2.3715972906784915,-0.005239597389579381,0.12745660117020388,0.13269619855978326,-0.0019958582846338335,0.02434800765957765,0.026343865944211484,34865.63333333333
RECIFE,high_inactive,high,False,3,0.009846387892663788,0.5176395771090851,0.5077931892164214,1.9009310849951646,144.2323729698925,142.33144188489734,0.002787971215702248,0.06974462837253295,0.0669566571568307,0.00430825606370977,2.3644290798495553,2.3601208237858455,-0.0005642984079871627,0.12898952657124516,0.12955382497923232,0.000459715178373718,0.024409105032436634,0.023949389854062916,34930.583333333336
RECIFE,high_inactive,high,False,4,-0.011024271415998932,0.5144825036018582,0.5255067750178571,-4.687771754330527,144.59714822213667,149.2849199764672,0.0013514059851215676,0.07008318604035012,0.06873178005522855,-0.005372423923405645,2.370365296583592,2.3757377205069976,0.0055707038320852165,0.1288758883286929,0.12330518449660768,9.578565829318486e-05,0.024229776037131136,0.02413399037883795,35449.98333333333
RECIFE,high_inactive,high,False,5,-0.0019224431903543948,0.5078862304917658,0.5098086736821202,6.570740355301098,145.9607142814765,139.3899739261754,-1.3825983041504397e-05,0.07051765527416103,0.07053148125720253,-0.002087842215710456,2.3671195705746793,2.3692074127903897,-0.0070957515752400335,0.12746782418260186,0.1345635757578419,0.00031256674786261235,0.024268752037226598,0.023956185289363986,35219.36666666667
RECIFE,high_inactive,high,False,6,0.006796415552360768,0.5168270847553189,0.5100306692029581,-1.7059418767622105,137.92547856046536,139.63142043722758,0.00047708742991162123,0.06874124695044209,0.06826415952053047,2.6018021174412098e-05,2.3627903339253375,2.362764315904163,0.000495954736145221,0.13348920638260617,0.13299325164646095,0.0005553893039391897,0.024722097470961425,0.024166708167022235,34695.46666666667
RECIFE,high_inactive,high,False,7,0.012712112982998569,0.5133898815856391,0.5006777686026406,3.2075613506102627,142.20522968289205,138.9976683322818,0.004736144705408701,0.07317826654244673,0.06844212183703803,0.003546619677201157,2.3674325522841473,2.363885932606946,0.0005420201733906116,0.1322641008481669,0.13172208067477628,0.00046196002784328755,0.024543848938327933,0.024081888910484645,34742.88333333333
RECIFE,high_inactive,high,False,8,0.008517207255694104,0.5081852796364966,0.4996680723808025,-4.013184385874723,144.34206210101377,148.3552464868885,-9.087156910697614e-07,0.06970170720247619,0.06970261591816726,0.00046990602226282263,2.3649346169320746,2.364464710909812,0.0018752627586580695,0.1278262898054159,0.12595102704675784,0.0005461589242035138,0.024604263310630477,0.024058104386426964,35028.2
RECIFE,high_inactive,high,False,9,0.0016276469076516031,0.5089748416973463,0.5073471947896947,-4.77784864453011,139.95149944306414,144.72934808759425,-0.003039960251905685,0.06972895300617882,0.0727689132580845,0.0027240800226597806,2.3699856112923006,2.367261531269641,0.004812069215070658,0.13433754355436103,0.12952547433929038,0.00022791057742008874,0.02432224639302041,0.02409433581560032,34835.583333333336
BELEM,high_active,high,True,0,-0.008777302404823939,0.3643344062984663,0.37311170870329025,15.838048504938996,159.93947868908833,144.10143018414934,0.003896697234965406,0.06358790407727972,0.05969120684231432,0.049151506570714876,2.2157684896759564,2.1666169831052415,-0.009384013182176146,0.10352350102738014,0.11290751420955629,0.0006291321354208873,0.03365712262315353,0.033027990487732646,20054.133333333335
BELEM,high_active,high,True,1,0.0025996471793957032,0.3780029823152807,0.375403335135885,4.187126365615285,151.49099475595239,147.3038683903371,0.0031834877484948274,0.06031530865994218,0.057131820911447355,0.03816889125905476,2.2194558107355564,2.1812869194765017,-0.001270374389459386,0.11247801721372531,0.1137483916031847,0.012818751720867525,0.0398588644653375,0.027040112744469973,19828.866666666665
BELEM,high_active,high,True,2,0.005014975286790679,0.3788184602516905,0.37380348496489985,8.663951953410702,161.774496347282,153.1105443938713,0.004125023977108483,0.06369864030411086,0.05957361632700238,0.04803444223382636,2.2177576773290855,2.169723235095259,-0.0012510733321148826,0.10547781339056299,0.10672888672267787,0.001827145742297448,0.025948633899486137,0.02412148815718869,19989.0
BELEM,high_active,high,True,3,0.0022127221747751946,0.37922069649734996,0.37700797432257477,6.108388218897915,160.65423561281088,154.54584739391296,-0.0005695262336077103,0.05977640176774537,0.06034592800135308,0.054046099748141785,2.2270460141490998,2.172999914400958,-0.0011735873062739544,0.10321765303000588,0.10439124033627983,0.0064491063797940985,0.03595257125604494,0.02950346487625084,20006.65
BELEM,high_active,high,True,4,0.0028795905750018114,0.37535281724929204,0.3724732266742902,8.806465788714945,157.95857171812267,149.15210592940772,0.006575919207447677,0.06467067769010629,0.05809475848265861,0.04296387664054713,2.217032982155254,2.174069105514707,-0.006636724772439401,0.10589302929962961,0.11252975407206901,0.011182057010959024,0.034375448421336836,0.023193391410377812,19703.766666666666
BELEM,high_active,high,True,5,-0.008984445565181909,0.36998583025539994,0.37897027582058185,3.3648437818210652,145.34838319269892,141.98353941087785,0.0011005250909106798,0.05980145221345201,0.05870092712254133,0.03383902565097774,2.2133239008574472,2.1794848752064695,-0.0056358287160151455,0.11456877150166725,0.1202046002176824,-0.009478844587328967,0.023566301426461555,0.03304514601379052,19931.5
BELEM,high_active,high,True,6,-0.005797065967998782,0.37436570775234485,0.3801627737203436,9.551496418781,151.18785363019546,141.63635721141446,0.0038558343676889234,0.06057046985927252,0.0567146354915836,0.0496515578801584,2.205386474952376,2.1557349170722175,-0.008077273693314901,0.1097233937631861,0.117800667456501,0.007764766041373685,0.034636293588377574,0.02687152754700389,19863.883333333335
BELEM,high_active,high,True,7,-0.004505334556897944,0.3782698704696302,0.3827752050265281,11.310513351139576,159.424345454653,148.11383210351343,0.0015608040576769802,0.06130934783256184,0.05974854377488486,0.03693923152003942,2.2103465168898575,2.173407285369818,-0.009826869959045331,0.1030811246469645,0.11290799460600984,0.0005973720634373583,0.03401602113758496,0.0334186490741476,19870.483333333334
BELEM,high_active,high,True,8,-0.010299938959730304,0.37203241682440763,0.38233235578413793,0.42584587672354246,152.6148798217706,152.18903394504704,0.001500257857662099,0.06235936510165949,0.060859107243997394,0.04755262309944097,2.2132589209930518,2.165706297893611,0.002650966437953206,0.10976701015637273,0.10711604371841953,-0.015750350438147882,0.025203692584173112,0.040954043022320995,19868.216666666667
BELEM,high_active,high,True,9,0.006407772385376875,0.3710205728161879,0.364612800430811,16.098640338213784,164.02711805816122,147.92847771994744,0.004470236204836796,0.06312260985795635,0.05865237365311956,0.04023710332725061,2.2167485877580475,2.176511484430797,-0.009430703536287957,0.10150706994332838,0.11093777347961634,0.0017589753392968817,0.024718333327693413,0.02295935798839653,19880.133333333335
CUIABA,high_active,high,True,0,-0.002037668257377556,0.3758866666480912,0.3779243349054688,2.9301614942808385,186.6041639329082,183.67400243862735,-0.007679129882594907,0.059830867475013066,0.06750999735760797,0.016767450482808144,2.514636623887623,2.497869173404815,-0.003657065405524046,0.1067984959348134,0.11045556134033745,-0.00021159385821980375,0.03387272814310679,0.03408432200132659,10871.05
CUIABA,high_active,high,True,1,-0.013803016337943397,0.3666561449771646,0.380459161315108,7.609838928826889,186.8338970563855,179.2240581275586,0.010152198685977075,0.07005290468481809,0.059900705998841015,-0.022549955612912065,2.492598816137359,2.515148771750271,-0.002108197270685938,0.10897167366537998,0.11107987093606592,-0.00017782962762653842,0.03431664888479609,0.03449447851242263,10500.266666666666
CUIABA,high_active,high,True,2,0.0023565489742848333,0.37619611471755354,0.3738395657432687,2.06820767453803,185.70747031952953,183.6392626449915,-0.005125609856500894,0.05860931648189748,0.06373492633839838,0.00758331674372581,2.500206843654672,2.492623526910946,-0.0026589185070179794,0.10520774250195063,0.1078666610089686,0.001287780431574792,0.034241285450034506,0.032953505018459714,10895.3
CUIABA,high_active,high,True,3,0.0004630550624546981,0.37610623326873543,0.37564317820628074,10.643166173722364,193.57313885479115,182.9299726810688,-0.012819468828977332,0.05485418382557036,0.0676736526545477,0.00812149985397781,2.524560133029789,2.5164386331758113,-0.014367290329091231,0.09918039805590519,0.11354768838499642,-0.0016893357798095227,0.03215152786171786,0.033840863641527386,11067.083333333334
CUIABA,high_active,high,True,4,0.005846776057894687,0.38101682508747303,0.37517004902957835,9.746391559509021,180.28160126299764,170.53520970348862,0.003661708447607076,0.05725010764801298,0.0535883992004059,0.012005330064012387,2.5148501250829525,2.50284479501894,-0.0033452094526624787,0.11416967614891686,0.11751488560157934,0.0012869344003303418,0.034249762825307895,0.03296282842497755,10824.566666666668
CUIABA,high_active,high,True,5,0.004328971096541123,0.3798801548891703,0.3755511837926292,-2.150759791182935,181.6193926265304,183.77015241771335,0.015385074676653926,0.0715635299223531,0.05617845524569917,-0.0023195282877606083,2.507763430860028,2.5100829591477885,0.0069930960585272706,0.11439154335422738,0.10739844729570011,-0.00022014305687496905,0.03284804845512049,0.03306819151199546,10299.45
CUIABA,high_active,high,True,6,0.0048104838333146716,0.3808647208175758,0.3760542369842611,-12.508590443079868,178.3157012881083,190.82429173118817,-0.016760154651240866,0.05198868520546644,0.06874883985670731,0.005373911742459825,2.5128784151106682,2.5075045033682084,0.0022101966493302677,0.11095457868241862,0.10874438203308835,-0.0005492786368793273,0.03446259266744537,0.0350118713043247,11007.033333333333
CUIABA,high_active,high,True,7,0.0005321273957023531,0.37502795076410794,0.3744958233684056,1.270899819837922,180.0614446550323,178.79054483519437,-0.0039235397260391075,0.056461960533096565,0.06038550025913567,0.0324932719035802,2.528363489448351,2.4958702175447707,0.0029877022589141627,0.11278430038870038,0.10979659812978622,-0.00041987214941447554,0.03295459891608402,0.0333744710654985,10985.383333333333
CUIABA,high_active,high,True,8,0.002732512027015299,0.379337236470687,0.3766047244436717,1.581241790335497,179.37803975061058,177.7967979602751,-0.004120117076363304,0.05135766880893738,0.05547778588530068,0.009574795885332499,2.513763138183719,2.5041883422983866,-0.0016256123240959708,0.11147870742627249,0.11310431975036846,0.00020274410232717227,0.0335096434415331,0.03330689933920593,11036.033333333333
CUIABA,high_active,high,True,9,-0.008144672888841686,0.3728204524437411,0.3809651253325828,-1.768377859457246,176.32573792763444,178.09411578709168,-0.015840984016972655,0.04853155933915756,0.06437254335613021,0.025752567805021442,2.5253647137327633,2.499612145927742,0.0002746935428410563,0.1159203125418167,0.11564561899897564,-0.0025170742927657155,0.032595500375316874,0.03511257466808259,11275.25
GOIANIA,high_active,high,True,0,-0.009014444538671229,0.4393466907608425,0.4483611352995137,3.6219725095508295,176.53228269661955,172.91031018706872,-0.0004126912454566617,0.07717439704616039,0.07758708829161705,0.0006367791764150255,2.5658357920544153,2.5651990128780002,-0.0030784852889950004,0.1194916804091311,0.12257016569812611,-0.0014147949663740056,0.034294888280367565,0.03570968324674157,24163.1
GOIANIA,high_active,high,True,1,-0.00020538208589376827,0.4406530728086435,0.4408584548945373,10.947661170969127,189.50522389798388,178.55756272701475,0.006850703864591592,0.07822289574818349,0.0713721918835919,0.008794106775710908,2.5831739801066504,2.5743798733309395,-0.009373205946389657,0.10728181780886192,0.11665502375525158,-5.277322810518653e-05,0.03441953598760342,0.0344723092157086,24421.45
GOIANIA,high_active,high,True,2,0.017838158206629207,0.4535560207565815,0.4357178625499523,7.971714142956472,180.63245044380193,172.66073630084546,0.0018263117085415559,0.07389855790102635,0.0720722461924848,0.00927873790847844,2.580030687940445,2.5707519500319664,-0.0026932003429728513,0.11603753281349775,0.1187307331564706,0.0020924304540670194,0.035423567493876304,0.033331137039809285,24355.5
GOIANIA,high_active,high,True,3,-0.004857238643520612,0.44198230763027874,0.44683954627379935,-0.525440345009855,176.90828729761773,177.4337276426276,-0.002852019920285026,0.07062069950828789,0.07347271942857292,0.0036769079888041567,2.5782135957125316,2.5745366877237275,-0.0009783628960189916,0.11668722407617517,0.11766558697219416,-0.0004607544329773561,0.034829198793353,0.035289953226330356,24433.166666666668
GOIANIA,high_active,high,True,4,0.004990801028524006,0.45137558880541395,0.44638478777688995,-12.818319839287454,173.63169714998347,186.45001698927092,-0.005475161151482819,0.07321682135464114,0.07869198250612396,0.011892305002807024,2.5849951310188053,2.5731028260159983,0.00933467537048234,0.12211611981789414,0.1127814444474118,0.0021650916390859518,0.035395245419943856,0.033230153780857904,24153.416666666668
GOIANIA,high_active,high,True,5,-0.007785342150882946,0.4409819154477838,0.44876725759866676,-3.7302282633474704,179.4634424570251,183.19367072037258,0.0011824817121193765,0.07588935210003048,0.0747068703879111,-0.00789455012346485,2.5672671172937904,2.5751616674172553,0.004602030139530658,0.11569698255742242,0.11109495241789176,0.000977482942570669,0.0353387026429361,0.03436121970036543,24358.966666666667
GOIANIA,high_active,high,True,6,0.0043003551468484,0.4412867638228711,0.4369864086760227,5.8899625077968665,180.18089326236648,174.29093075456962,-0.0004504072794728198,0.07094910527772542,0.07139951255719824,0.017300776901581383,2.57932958677729,2.5620288098757085,-0.0031390100915150154,0.1168132783194308,0.11995228841094581,0.00013282284961359248,0.034285029091046554,0.03415220624143296,24632.366666666665
GOIANIA,high_active,high,True,7,-0.010468020313465443,0.44829209758359545,0.4587601178970609,-8.960008773812206,171.3779708955489,180.33797966936112,0.001458085891333158,0.07453663620553792,0.07307855031420477,-0.00047516028581773284,2.5729192622599997,2.5733944225458174,0.00786663587963704,0.12358846555763911,0.11572182967800207,-0.0008575795612142181,0.034494400779197416,0.035351980340411635,24283.05
GOIANIA,high_active,high,True,8,-0.005590124813915687,0.44403604040305045,0.44962616521696613,-13.712284307059292,167.58657248523357,181.29885679229287,-0.0006578536374916011,0.07511604573927406,0.07577389937676567,-0.01797298708252537,2.5644881509065747,2.5824611379891,0.005681188199451445,0.12236091435109134,0.11667972615163989,-0.000638911369758563,0.03426254751472007,0.03490145888447863,24145.933333333334
GOIANIA,high_active,high,True,9,-0.012412689461956838,0.43570094835550194,0.4481136378174588,-5.6568432535428315,174.99590049824775,180.65274375179058,0.0024449042721067793,0.07802934481006603,0.07558444053795925,-0.006127347014108775,2.5653671785321004,2.571494525546209,0.003604473012379636,0.11900653479675474,0.1154020617843751,-0.0006961432575979254,0.03485854071557843,0.035554683973176356,24298.783333333333
MACAPA,high_active,high,True,0,0.007981904717452692,0.40128080078345413,0.39329889606600144,3.419506558989468,170.71627462677347,167.296768067784,-0.003948289461721682,0.06984934228511618,0.07379763174683786,-0.013131563145895253,2.3504659568235002,2.3635975199693955,-0.005651304397710527,0.10150122654808179,0.10715253094579232,-0.02428221628934557,0.2138767471321556,0.23815896342150117,6248.316666666667
MACAPA,high_active,high,True,1,0.011212870509919592,0.40911401374893397,0.3979011432390144,2.7842271818432494,168.53892820803773,165.75470102619448,0.009330090694201779,0.06814915668096572,0.05881906598676394,0.02956440237070712,2.3760828409259616,2.3465184385552544,0.0010491772003814182,0.10483215481881843,0.10378297761843701,0.008847572367105011,0.20235599902937168,0.19350842666226667,6273.033333333334
MACAPA,high_active,high,True,2,0.005426429892005813,0.39520940099772656,0.38978297110572074,8.761890260921405,174.2644388918732,165.5025486309518,0.007296874527233682,0.07582638069301835,0.06852950616578467,0.012238636537621694,2.3755385180257154,2.3632998814880937,-0.003688234290280562,0.10553653651530238,0.10922477080558295,0.007005609682732089,0.24578954104604536,0.23878393136331327,6118.316666666667
MACAPA,high_active,high,True,3,-0.024155883674734313,0.3776056412042419,0.4017615248789762,2.2288391488206685,164.8514616923065,162.62262254348582,0.0047948571059369186,0.06652942014735247,0.06173456304141555,0.05028055315904911,2.38011482231633,2.329834269157281,0.004735496636711509,0.10719359203667711,0.1024580953999656,0.0540695080748623,0.23825424300216055,0.18418473492729825,6244.5
MACAPA,high_active,high,True,4,0.02710874727975182,0.41733181874173014,0.3902230714619783,-2.7047120541328127,162.4012330735542,165.10594512768702,-0.007095050226054861,0.06398691330012928,0.07108196352618414,0.03129923323523398,2.390443221660354,2.35914398842512,0.00626926139425657,0.11259433862065028,0.10632507722639371,-0.013330008585471259,0.21286005257399587,0.22619006115946713,6268.616666666667
MACAPA,high_active,high,True,5,-0.0013359928454611536,0.4000453284665076,0.40138132131196874,-2.95156016379849,163.17463286905345,166.12619303285194,0.0074310167046174255,0.0631597774096064,0.05572876070498898,0.060044757682025995,2.389313523801846,2.32926876611982,0.004901114257229278,0.11024792782428884,0.10534681356705956,0.003719301233812561,0.20456201312967165,0.2008427118958591,6271.766666666666
MACAPA,high_active,high,True,6,-0.009114719620679168,0.3911462220756468,0.400260941696326,-1.2853538337650718,160.89218503285443,162.1775388666195,-0.0009905866998489304,0.06232154213572495,0.06331212883557388,0.013208868963620723,2.3597428028715934,2.3465339339079727,2.6567396689575196e-05,0.10813252117304466,0.10810595377635508,-0.04596909485838946,0.1831593250404205,0.22912841989880997,6196.933333333333
MACAPA,high_active,high,True,7,-0.010406796010070163,0.40335940179641633,0.4137661978064865,5.9816243882650895,165.5015354901902,159.51991110192512,0.011936386265574542,0.06709804120204099,0.05516165493646645,0.020795583834380515,2.379270899148077,2.3584753153136964,-0.0011888565362801334,0.1089461286891889,0.11013498522546904,0.016476508981952825,0.19737991583952827,0.18090340685757544,6229.2
MACAPA,high_active,high,True,8,-0.0010026475380111033,0.38986882239150894,0.39087146992952004,-4.527520606648039,160.5625222881108,165.09004289475885,0.0036160007990537132,0.062366765757422574,0.05875076495836886,0.013238019716782734,2.3743524962727607,2.361114476555978,0.003878300124330006,0.10929600495477897,0.10541770483044896,0.028341640358564762,0.1979433510355181,0.16960171067695334,6227.85
MACAPA,high_active,high,True,9,-0.023817869528378277,0.3976551644793498,0.42147303400772806,8.123008257477295,175.30053029740114,167.17752203992384,0.004862991760791371,0.06750301103139833,0.06264001927060696,0.044700020893559955,2.402734839681439,2.3580348187878792,-0.004673383730201722,0.09946668351229465,0.10414006724249637,0.02842429358756432,0.22859628512523592,0.2001719915376716,6179.233333333334
MANAUS,high_active,high,True,0,0.0022701904021825703,0.38516064010129,0.3828904496991074,-0.008076147814080059,193.15834111908356,193.16641726689764,0.0020501624911748242,0.06363823640404705,0.06158807391287222,0.006129774663242049,2.422106633330734,2.415976858667492,0.00035332967160657536,0.0813794888787829,0.08102615920717632,0.046722514253347655,0.14678109284215177,0.10005857858880411,25281.9
MANAUS,high_active,high,True,1,0.00150509781015562,0.38803459107466015,0.38652949326450453,-0.7258314618585189,185.85090178813107,186.5767332499896,-0.004591392925852519,0.06656620175058194,0.07115759467643445,0.026160315019930547,2.4274535439296474,2.401293228909717,-0.00036379266594938064,0.08800304178832478,0.08836683445427417,-0.04877538200766568,0.19775903273313714,0.24653441474080282,25282.233333333334
MANAUS,high_active,high,True,2,-0.001820595026058025,0.3855015418763752,0.3873221369024332,-6.029998949020808,189.36581662829025,195.39581557731105,0.004262738724899032,0.06542868769685119,0.061165948971952155,0.03034242776924545,2.438516437022988,2.4081740092537425,0.009822051524707553,0.08597465071142991,0.07615259918672236,0.09341248866921814,0.19494709184281106,0.10153460317359292,25278.683333333334
MANAUS,high_active,high,True,3,-0.004412700943078995,0.38784274643794225,0.39225544738102125,16.413865657275608,190.96381417801985,174.54994852074424,0.007484232499887895,0.06756931473660484,0.06008508223671694,0.013817503924045127,2.4310169298104536,2.4171994258864085,-0.010825499087790694,0.08535916889592768,0.09618466798371837,-0.043435581427356096,0.14747098308425013,0.19090656451160623,25280.516666666666
MANAUS,high_active,high,True,4,0.0019959486418926753,0.3880766958974951,0.38608074725560243,5.191513221079191,189.79533871154342,184.60382549046423,0.0012431301089292218,0.06582844998069044,0.06458531987176122,0.014736260434467408,2.4277104827839953,2.412974222349528,-0.001194159137875378,0.08591757021942557,0.08711172935730095,-0.05518484797093284,0.1326816868162361,0.18786653478716894,25279.866666666665
MANAUS,high_active,high,True,5,0.00391401988884188,0.389888171650388,0.38597415176154615,-10.312591190283655,176.2278074736808,186.54039866396445,0.0011536684967775462,0.0718370094127755,0.07068334091599796,0.016827572836072946,2.423892078379204,2.407064505543131,0.011695933573804329,0.09458170470896374,0.08288577113515941,0.09821873066498574,0.29614698793778504,0.1979282572727993,25281.983333333334
MANAUS,high_active,high,True,6,0.0021657593876139303,0.38813304009801824,0.3859672807104043,-0.9587847968750793,190.65464523948017,191.61343003635525,-0.006788549157117116,0.07467899213399469,0.0814675412911118,0.012394954257494373,2.4199876024230473,2.407592648165553,0.0007187925048600247,0.08267350940366378,0.08195471689880375,-0.03871027539667618,0.2249645678862052,0.2636748432828814,25284.483333333334
MANAUS,high_active,high,True,7,-0.005209508230895554,0.3835084853956374,0.388717993626533,4.785222367294637,191.06901436706303,186.2837919997684,-0.006943447571787192,0.07285156018932563,0.07979500776111283,0.011043405373452053,2.4269831348660276,2.4159397294925755,-0.0010996111260625357,0.08276341609723488,0.08386302722329741,-0.06413396435865601,0.23193236767378503,0.29606633203244104,25281.35
MANAUS,high_active,high,True,8,-0.003799230649314922,0.3851680957870017,0.3889673264363166,1.3226756549631205,195.0142397962059,193.6915641412428,0.00015310948870347896,0.067758405390053,0.06760529590134952,0.02104087381326636,2.422089431538148,2.4010485577248817,0.0025104902343522084,0.08195730375666889,0.07944681352231668,-0.01464665889680447,0.1782346013543089,0.19288126025111338,25282.033333333333
MANAUS,high_active,high,True,9,0.010677454591453639,0.39167999050409585,0.3810025359126422,-5.087531398662804,194.0760346771082,199.163566075771,0.00011759824975159094,0.06547600250976378,0.06535840426001219,0.014648074967368974,2.429742710320168,2.415094635352799,0.005602133754200725,0.08074762867403572,0.075145494919835,0.010845059508641564,0.18108201001243782,0.17023695050379625,25281.583333333332
RECIFE,high_active,high,True,0,-0.01630571471160336,0.5076672773213591,0.5239729920329624,-1.9266523859092501,139.04627789516815,140.9729302810774,0.003499453791033183,0.07104696196510447,0.06754750817407129,0.038078752525515736,2.399487971808364,2.3614092192828484,0.0050888077369100615,0.13699645425710277,0.1319076465201927,0.0008374222466949778,0.02469984841127244,0.023862426164577462,34294.76666666667
RECIFE,high_active,high,True,1,0.001539425625182722,0.505760631950505,0.5042212063253223,3.9660103056745015,143.27194299735024,139.30593269167574,0.0011548933612122309,0.07157350571851212,0.07041861235729989,0.019681815635203215,2.389397258485905,2.3697154428507017,-0.0017970800404543408,0.13049813382477568,0.13229521386523002,-0.00035732733498658464,0.024412900402216206,0.02477022773720279,34922.86666666667
RECIFE,high_active,high,True,2,-0.006864556965182067,0.5182124708191916,0.5250770277843737,9.194594290078413,150.3792034328695,141.1846091427911,-0.002894907457942242,0.07156798183278218,0.07446288929072442,0.017402047632519846,2.3889993383110113,2.3715972906784915,-0.007750218778456719,0.12494597978132654,0.13269619855978326,-0.0021825488295594726,0.02416131711465201,0.026343865944211484,34914.76666666667
RECIFE,high_active,high,True,3,-0.0035047821758624753,0.5042884070405589,0.5077931892164214,-0.6013818652997429,141.7300600195976,142.33144188489734,0.0012555957175314353,0.06821225287436214,0.0669566571568307,0.037013494005853964,2.3971343177916995,2.3601208237858455,0.004603636537150679,0.134157461516383,0.12955382497923232,0.0005601715526760143,0.02450956140673893,0.023949389854062916,35056.316666666666
RECIFE,high_active,high,True,4,-0.026402383984866662,0.4991043910329905,0.5255067750178571,-1.8981896921683585,147.38673028429884,149.2849199764672,0.002495966138272243,0.0712277461935008,0.06873178005522855,0.0176897548302426,2.39342747533724,2.3757377205069976,0.007300565213917448,0.13060574971052513,0.12330518449660768,0.00018861215392362157,0.024322602532761573,0.02413399037883795,34678.6
RECIFE,high_active,high,True,5,-0.0010330398002661445,0.5087756338818541,0.5098086736821202,4.376832785803202,143.7668067119786,139.3899739261754,0.002306943894872182,0.07283842515207471,0.07053148125720253,0.021551175981318504,2.390758588771708,2.3692074127903897,-0.00218845918379304,0.13237511657404885,0.1345635757578419,0.0005525233692904481,0.024508708658654434,0.023956185289363986,34753.3
RECIFE,high_active,high,True,6,0.0003014691267165803,0.5103321383296747,0.5100306692029581,-3.333075833726525,136.29834460350105,139.63142043722758,0.0028665284290673443,0.07113068794959782,0.06826415952053047,0.0300072083155678,2.392771524219731,2.362764315904163,0.006234460551807569,0.13922771219826852,0.13299325164646095,0.00023508467949512335,0.024401792846517358,0.024166708167022235,34226.05
RECIFE,high_active,high,True,7,0.004858303088607796,0.5055360716912484,0.5006777686026406,-3.792968335324076,135.20469999695771,138.9976683322818,7.33552503674878e-05,0.06851547708740552,0.06844212183703803,0.02485624693405697,2.388742179541003,2.363885932606946,0.007150497215814955,0.13887257789059124,0.13172208067477628,0.0007755722053259459,0.02485746111581059,0.024081888910484645,34464.683333333334
RECIFE,high_active,high,True,8,0.010765147487431903,0.5104332198682344,0.4996680723808025,-0.009392320205790838,148.3458541666827,148.3552464868885,0.0006067239598726154,0.07030933987803988,0.06970261591816726,0.027825215777355528,2.3922899266871673,2.364464710909812,0.0004092226195170634,0.1263602496662749,0.12595102704675784,-9.821101672567722e-05,0.023959893369701286,0.024058104386426964,35281.15
RECIFE,high_active,high,True,9,0.009952162955283117,0.5172993577449778,0.5073471947896947,-5.873308617117971,138.85603947047628,144.72934808759425,-0.004502967590164261,0.06826594566792024,0.0727689132580845,0.020208360222852217,2.387469891492493,2.367261531269641,0.00491071568590376,0.13443619002519414,0.12952547433929038,0.0008462631179915261,0.024940598933591848,0.02409433581560032,34613.36666666667
BELEM,low_inactive,low,False,0,-0.001479328433673488,0.37163238026961676,0.37311170870329025,10.235963723937715,154.33739390808705,144.10143018414934,0.001997060170613532,0.06168826701292785,0.05969120684231432,0.0051689934678620375,2.1717859765731036,2.1666169831052415,-0.01081229313720776,0.10209522107234853,0.11290751420955629,-0.007922122796472805,0.02510586769125984,0.033027990487732646,19793.75
BELEM,low_inactive,low,False,1,-0.004826956184670661,0.3705763789512143,0.375403335135885,-2.37002331493872,144.93384507539838,147.3038683903371,0.0006689241055688883,0.05780074501701624,0.057131820911447355,-0.00608177236426144,2.1752051471122402,2.1812869194765017,-0.000677321556844912,0.11307107004633979,0.1137483916031847,0.0023540988559962554,0.02939421160046623,0.027040112744469973,19688.333333333332
BELEM,low_inactive,low,False,2,0.00790220961084137,0.3817056945757412,0.37380348496489985,2.7581811336746966,155.868725527546,153.1105443938713,-0.000539210859836145,0.059034405467166234,0.05957361632700238,0.0076069912741330015,2.177330226369392,2.169723235095259,-0.00047681774545027533,0.1062520689772276,0.10672888672267787,0.009616541680097429,0.03373802983728612,0.02412148815718869,19920.4
BELEM,low_inactive,low,False,3,-0.0027184533370993025,0.37428952098547547,0.37700797432257477,-4.645825266008359,149.9000221279046,154.54584739391296,-0.0022787434233643017,0.058067184577988776,0.06034592800135308,-0.000730524663015153,2.172269389737943,2.172999914400958,0.00447176585337325,0.10886300618965308,0.10439124033627983,-0.005361646241577232,0.024141818634673608,0.02950346487625084,20095.15
BELEM,low_inactive,low,False,4,0.0059390027265529555,0.3784122294008432,0.3724732266742902,1.1226109087259317,150.27471683813366,149.15210592940772,-0.0014175900226588226,0.05667716845999979,0.05809475848265861,0.0013677911166460888,2.175436896631353,2.174069105514707,2.645298789806516e-05,0.11255620705996708,0.11252975407206901,0.0035619636609581957,0.026755355071336008,0.023193391410377812,19947.85
BELEM,low_inactive,low,False,5,-0.006684000945412827,0.372286274875169,0.37897027582058185,0.33062826333070916,142.31416767420856,141.98353941087785,-0.0008431985725602734,0.05785772854998106,0.05870092712254133,-0.0035156754497118747,2.1759691997567576,2.1794848752064695,-0.0026473795153887925,0.1175572207022936,0.1202046002176824,-0.002102122115684061,0.03094302389810646,0.03304514601379052,19757.733333333334
BELEM,low_inactive,low,False,6,-0.0019448333451170252,0.3782179403752266,0.3801627737203436,2.006984368714683,143.64334158012915,141.63635721141446,0.002095534796874743,0.05881017028845834,0.0567146354915836,0.004338336187775571,2.160073253259993,2.1557349170722175,-0.0030966598817801366,0.11470400757472086,0.117800667456501,0.011467959306808512,0.0383394868538124,0.02687152754700389,19788.766666666666
BELEM,low_inactive,low,False,7,-0.0047925858548275024,0.3779826191717006,0.3827752050265281,0.04760973430754234,148.16144183782097,148.11383210351343,0.0007212482495628017,0.06046979202444766,0.05974854377488486,0.0005619150084168467,2.173969200378235,2.173407285369818,-0.0006214506977930412,0.1122865439082168,0.11290799460600984,-0.0013936179785162053,0.032025031095631394,0.0334186490741476,19786.566666666666
BELEM,low_inactive,low,False,8,0.0019251394690452672,0.3842574952531832,0.38233235578413793,-1.280833280838749,150.9082006642083,152.18903394504704,-0.0020026622780926276,0.05885644496590477,0.060859107243997394,-0.005163804216237189,2.1605424936773736,2.165706297893611,0.0008651430914866087,0.10798118680990614,0.10711604371841953,-0.015470174350971828,0.025483868671349167,0.040954043022320995,19961.7
BELEM,low_inactive,low,False,9,0.005508073269004488,0.3701208736998155,0.364612800430811,-1.387966501678278,146.54051121826916,147.92847771994744,0.001127388296022054,0.05977976194914161,0.05865237365311956,0.007144156528590351,2.1836556409593872,2.176511484430797,0.002378595994985383,0.11331636947460172,0.11093777347961634,-0.0005112785688621765,0.022448079419534354,0.02295935798839653,19955.8
CUIABA,low_inactive,low,False,0,-0.011336908920085431,0.36658742598538335,0.3779243349054688,0.06102104118895113,183.7350234798163,183.67400243862735,8.759955073374404e-05,0.06759759690834172,0.06750999735760797,-0.008422006713941776,2.4894471666908733,2.497869173404815,-0.0016398571760966874,0.10881570416424076,0.11045556134033745,-0.0009230719048276825,0.03316125009649891,0.03408432200132659,10314.633333333333
CUIABA,low_inactive,low,False,1,-0.011177913426640929,0.36928124788846706,0.380459161315108,4.865685964902951,184.08974409246156,179.2240581275586,0.008932090830806892,0.06883279682964791,0.059900705998841015,-0.006370863321510711,2.5087779084287605,2.515148771750271,-0.004115817639818234,0.10696405329624768,0.11107987093606592,-0.00015114273845105025,0.03434333577397158,0.03449447851242263,10475.6
CUIABA,low_inactive,low,False,2,-0.0021425498962434064,0.3716970158470253,0.3738395657432687,-6.1863539601139905,177.4529086848775,183.6392626449915,-0.007929693288788696,0.05580523304960968,0.06373492633839838,0.016925550468406936,2.509549077379353,2.492623526910946,0.005240067125727693,0.1131067281346963,0.1078666610089686,0.0005601374372099718,0.033513642455669686,0.032953505018459714,11046.75
CUIABA,low_inactive,low,False,3,-0.012578283693161496,0.36306489451311924,0.37564317820628074,-3.6358188696401044,179.29415381142869,182.9299726810688,-0.006536988559113083,0.06113666409543461,0.0676736526545477,-0.0033341470389718353,2.5131044861368395,2.5164386331758113,0.0008792138059164484,0.11442690219091287,0.11354768838499642,0.0007526796705392066,0.03459354331206659,0.033840863641527386,10369.983333333334
CUIABA,low_inactive,low,False,4,0.0040447730154816175,0.37921482204505996,0.37517004902957835,11.84725662701905,182.38246633050767,170.53520970348862,0.008078307168885891,0.06166670636929179,0.0535883992004059,-0.01169294127328957,2.4911518537456505,2.50284479501894,-0.009142518869779681,0.10837236673179966,0.11751488560157934,0.00189699866887251,0.03485982709385006,0.03296282842497755,10805.25
CUIABA,low_inactive,low,False,5,-0.0009456222683603688,0.3746055615242688,0.3755511837926292,-4.275036245155434,179.4951161725579,183.77015241771335,0.004548016730364597,0.06072647197606377,0.05617845524569917,-0.013517003045033782,2.4965659561027547,2.5100829591477885,0.006122366325633774,0.11352081362133389,0.10739844729570011,0.0022343526215815313,0.03530254413357699,0.03306819151199546,10513.133333333333
CUIABA,low_inactive,low,False,6,-0.004840120525916036,0.37121411645834507,0.3760542369842611,-4.229414628387417,186.59487710280075,190.82429173118817,-0.0047719472689198295,0.06397689258778748,0.06874883985670731,0.01419776559561381,2.521702268963822,2.5075045033682084,0.0023061880229852394,0.11105057005607359,0.10874438203308835,-0.0009539368159249342,0.03405793448839976,0.0350118713043247,10376.483333333334
CUIABA,low_inactive,low,False,7,-0.004265898049127637,0.37022992531927795,0.3744958233684056,-0.771765372647252,178.01877946254712,178.79054483519437,0.0016265719540127649,0.06201207221314844,0.06038550025913567,0.0019879886117064594,2.497858206156477,2.4958702175447707,0.006412926276768066,0.11620952440655428,0.10979659812978622,0.00020305541447074305,0.03357752647996924,0.0333744710654985,10334.866666666667
CUIABA,low_inactive,low,False,8,-0.00026286266885250376,0.3763418617748192,0.3766047244436717,3.79960510336835,181.59640306364344,177.7967979602751,-0.003786270578782079,0.0516915153065186,0.05547778588530068,0.017568325242282246,2.521756667540669,2.5041883422983866,-0.0015891880621212717,0.11151513168824718,0.11310431975036846,0.0004144585542672427,0.03372135789347317,0.03330689933920593,11030.7
CUIABA,low_inactive,low,False,9,-0.0008134175413138101,0.380151707791269,0.3809651253325828,12.30287866991381,190.3969944570055,178.09411578709168,0.004401495710592965,0.06877403906672318,0.06437254335613021,-0.003906923105424731,2.495705222822317,2.499612145927742,-0.008082188894018558,0.10756343010495709,0.11564561899897564,-0.00015142895065759637,0.03496114571742499,0.03511257466808259,10395.633333333333
GOIANIA,low_inactive,low,False,0,0.0007645635251943839,0.4491256988247081,0.4483611352995137,3.0128516752242263,175.92316186229294,172.91031018706872,-0.00127969673273437,0.07630739155888268,0.07758708829161705,0.013546010175727208,2.5787450230537274,2.5651990128780002,-0.0022157172787608814,0.12035444841936523,0.12257016569812611,-1.8413437600263427e-05,0.03569126980914131,0.03570968324674157,24048.966666666667
GOIANIA,low_inactive,low,False,1,-0.002463700836379479,0.4383947540581578,0.4408584548945373,1.5615492303209635,180.11911195733572,178.55756272701475,-0.0017928945848538491,0.06957929729873805,0.0713721918835919,0.006155096951569128,2.5805349702825087,2.5743798733309395,-0.002155828695704534,0.11449919505954705,0.11665502375525158,0.0007707622129176986,0.0352430714286263,0.0344723092157086,24520.3
GOIANIA,low_inactive,low,False,2,0.02444825308418358,0.4601661156341359,0.4357178625499523,-5.7655538517821014,166.89518244906336,172.66073630084546,0.0006292755434625236,0.07270152173594732,0.0720722461924848,-0.006134414450325476,2.564617535581641,2.5707519500319664,0.008741792811728807,0.1274725259681994,0.1187307331564706,0.0015843895072683786,0.03491552654707766,0.033331137039809285,24114.566666666666
GOIANIA,low_inactive,low,False,3,-0.0036806265926334625,0.4431589196811659,0.44683954627379935,2.0580013246953968,179.49172896732298,177.4337276426276,0.0010165122546179767,0.0744892316831909,0.07347271942857292,-0.0032658365447257864,2.5712708511790017,2.5745366877237275,-0.003973464440413757,0.1136921225317804,0.11766558697219416,-0.0014148569540786901,0.033875096272251666,0.035289953226330356,24522.216666666667
GOIANIA,low_inactive,low,False,4,-0.002208410272322936,0.444176377504567,0.44638478777688995,-5.8464514382563095,180.6035655510146,186.45001698927092,-0.004440330266815673,0.07425165223930828,0.07869198250612396,0.004035588472472984,2.5771384144884713,2.5731028260159983,0.0024583753726747787,0.11523981982008658,0.1127814444474118,0.0005401706651802229,0.03377032444603813,0.033230153780857904,24455.4
GOIANIA,low_inactive,low,False,5,-0.008812767776273489,0.43995448982239327,0.44876725759866676,-8.803737964394173,174.3899327559784,183.19367072037258,-0.0015701520050378087,0.07313671838287329,0.0747068703879111,-0.007736968611640638,2.5674246988056146,2.5751616674172553,0.007213031901180139,0.1183079843190719,0.11109495241789176,-0.0002873504183597761,0.034073869282005655,0.03436121970036543,24389.333333333332
GOIANIA,low_inactive,low,False,6,0.0027111856852477523,0.4396975943612704,0.4369864086760227,-1.268869502892045,173.02206125167757,174.29093075456962,0.0009096512679419716,0.07230916382514022,0.07139951255719824,0.014604951530144739,2.576633761405853,2.5620288098757085,0.0011677397641167292,0.12112002817506254,0.11995228841094581,0.0007559955687970396,0.03490820181023,0.03415220624143296,24354.3
GOIANIA,low_inactive,low,False,7,0.0040990588918821125,0.462859176788943,0.4587601178970609,-3.1357717714053592,177.20220789795576,180.33797966936112,-6.158796509098119e-05,0.07301696234911378,0.07307855031420477,0.000456526829435866,2.5738509493752533,2.5733944225458174,0.003888532645240153,0.11961036232324222,0.11572182967800207,0.0005238903875965165,0.03587587072800815,0.035351980340411635,24226.566666666666
GOIANIA,low_inactive,low,False,8,0.004597599460180124,0.45422376467714626,0.44962616521696613,-2.8454822655210705,178.4533745267718,181.29885679229287,0.002421476935576844,0.07819537631234251,0.07577389937676567,-0.0054417097308006035,2.5770194282582994,2.5824611379891,0.0017700575894184917,0.11844978374105838,0.11667972615163989,0.000354770271142571,0.0352562291556212,0.03490145888447863,24230.983333333334
GOIANIA,low_inactive,low,False,9,-0.000939597834527961,0.4471740399829308,0.4481136378174588,-3.0166720401811915,177.6360717116094,180.65274375179058,-0.0009757796832873672,0.07460866085467188,0.07558444053795925,0.008655830872069892,2.580150356418279,2.571494525546209,0.001459982890385389,0.1168620446747605,0.1154020617843751,0.0002772909483907751,0.03583197492156713,0.035554683973176356,24143.4
MACAPA,low_inactive,low,False,0,-0.0033827353906898394,0.3899161606753116,0.39329889606600144,0.077220381301629,167.37398844908563,167.296768067784,-0.005691412544236205,0.06810621920260165,0.07379763174683786,0.004648564968531943,2.3682460849379274,2.3635975199693955,-0.001140789919639229,0.10601174102615309,0.10715253094579232,-0.017395824045844888,0.22076313937565628,0.23815896342150117,6039.016666666666
MACAPA,low_inactive,low,False,1,-0.0021434208229622054,0.39575772241605217,0.3979011432390144,0.5944851907927386,166.34918621698722,165.75470102619448,0.0031954061135889347,0.06201447210035287,0.05881906598676394,-0.007183966868017144,2.3393344716872373,2.3465184385552544,-0.0029477774089656517,0.10083520020947136,0.10378297761843701,0.02014130253938351,0.21364972920165018,0.19350842666226667,6248.466666666666
MACAPA,low_inactive,low,False,2,0.012069894528202008,0.40185286563392275,0.38978297110572074,-3.1836555005000378,162.31889313045176,165.5025486309518,-0.01008678006638477,0.0584427260993999,0.06852950616578467,-0.006062748797360129,2.3572371326907335,2.3632998814880937,-0.0015959608339693315,0.10762880997161361,0.10922477080558295,-0.04406081038588036,0.1947231209774329,0.23878393136331327,6253.883333333333
MACAPA,low_inactive,low,False,3,-0.0005475270550536759,0.40121399782392253,0.4017615248789762,4.333348837342243,166.95597138082806,162.62262254348582,0.0032751683900309678,0.06500973143144652,0.06173456304141555,0.01482459515081258,2.3446588643080934,2.329834269157281,-0.0011823349817898093,0.10127576041817579,0.1024580953999656,0.0017868996130693815,0.18597163454036764,0.18418473492729825,6278.15
MACAPA,low_inactive,low,False,4,0.001975292952470342,0.39219836441444866,0.3902230714619783,-2.8976963447384207,162.2082487829486,165.10594512768702,-0.0032737096825088685,0.06780825384367527,0.07108196352618414,0.013696832481007615,2.3728408209061276,2.35914398842512,0.005192706491656651,0.11151778371805036,0.10632507722639371,-0.01267212875965279,0.21351793239981434,0.22619006115946713,6244.883333333333
MACAPA,low_inactive,low,False,5,-0.003198668057206311,0.39818265325476243,0.40138132131196874,-0.15670917033966703,165.96948386251228,166.12619303285194,0.005289788927786199,0.06101854963277518,0.05572876070498898,0.03704508186763844,2.3663138479874584,2.32926876611982,0.0010840118966935625,0.10643082546375313,0.10534681356705956,-0.0054246338571476704,0.19541807803871142,0.2008427118958591,6260.716666666666
MACAPA,low_inactive,low,False,6,0.005350771214981953,0.40561171291130793,0.400260941696326,1.7454548090009894,163.9229936756205,162.1775388666195,6.369736887162913e-05,0.06337582620444551,0.06331212883557388,0.002398384308816226,2.348932318216789,2.3465339339079727,-0.0010045253032673063,0.10710142847308778,0.10810595377635508,-0.026319643511247937,0.20280877638756203,0.22912841989880997,6230.916666666667
MACAPA,low_inactive,low,False,7,-0.01698938041486603,0.39677681739162046,0.4137661978064865,-0.29197131590228764,159.22793978602283,159.51991110192512,-0.0014836053859942147,0.053678049550472236,0.05516165493646645,-0.01145423700154291,2.3470210783121535,2.3584753153136964,-0.0019372390547930107,0.10819774617067603,0.11013498522546904,0.018642631366424495,0.19954603822399994,0.18090340685757544,6276.75
MACAPA,low_inactive,low,False,8,-0.0016035763351459065,0.38926789359437414,0.39087146992952004,-4.769016278185802,160.32102661657305,165.09004289475885,0.001979637930813287,0.06073040288918215,0.05875076495836886,-0.004023822323643511,2.3570906542323344,2.361114476555978,0.0016949264080683146,0.10711263123851728,0.10541770483044896,0.04612994262258388,0.21573165329953722,0.16960171067695334,6235.466666666666
MACAPA,low_inactive,low,False,9,-0.008556941929786177,0.4129160920779419,0.42147303400772806,1.3843284085457697,168.5618504484696,167.17752203992384,0.0007211727874573137,0.06336119205806427,0.06264001927060696,0.004672838219800468,2.3627076570076797,2.3580348187878792,-0.0006959340492145721,0.1034441331932818,0.10414006724249637,0.02746252517178624,0.22763451670945783,0.2001719915376716,6175.933333333333
MANAUS,low_inactive,low,False,0,-0.0024775588325494646,0.38041289086655794,0.3828904496991074,0.7906191050476536,193.9570363719453,193.16641726689764,-0.001652137323284418,0.059935936589587804,0.06158807391287222,-0.0016623067208167974,2.414314551946675,2.415976858667492,-0.0017876365420115142,0.0792385226651648,0.08102615920717632,-0.03027923630935765,0.06977934227944646,0.10005857858880411,25282.816666666666
MANAUS,low_inactive,low,False,1,0.0017049350361202364,0.38823442830062477,0.38652949326450453,-1.1447581102758306,185.43197513971376,186.5767332499896,0.0034122913713181408,0.0745698860477526,0.07115759467643445,0.018722819956253023,2.42001604886597,2.401293228909717,0.001332285908038161,0.08969912036231233,0.08836683445427417,0.020884963676778362,0.2674193784175812,0.24653441474080282,25281.5
MANAUS,low_inactive,low,False,2,-0.0006087441871752697,0.38671339271525795,0.3873221369024332,2.9221950475078415,198.3180106248189,195.39581557731105,0.00685208865664462,0.06801803762859678,0.061165948971952155,0.001686693675075901,2.4098607029288184,2.4081740092537425,-0.0015278093422145395,0.07462478984450782,0.07615259918672236,0.055814796928173926,0.15734940010176685,0.10153460317359292,25281.6
MANAUS,low_inactive,low,False,3,-0.003837537832722282,0.38841790954829897,0.39225544738102125,6.977185726418895,181.52713424716313,174.54994852074424,0.0015121302264822153,0.06159721246319916,0.06008508223671694,-0.0034746584133213965,2.413724767473087,2.4171994258864085,-0.002703560372469896,0.09348110761124848,0.09618466798371837,-0.004409571026858433,0.1864969934847478,0.19090656451160623,25279.45
MANAUS,low_inactive,low,False,4,-0.00264816903708065,0.3834325782185218,0.38608074725560243,-3.7257057431714315,180.8781197472928,184.60382549046423,0.007081134936951505,0.07166645480871273,0.06458531987176122,-0.008600818199373084,2.4043734041501548,2.412974222349528,0.0025506978731864027,0.08966242723048735,0.08711172935730095,0.027384969467147607,0.21525150425431655,0.18786653478716894,25281.316666666666
MANAUS,low_inactive,low,False,5,-0.00408727992003638,0.38188687184150977,0.38597415176154615,1.865207401418047,188.4056060653825,186.54039866396445,-0.012007102344263783,0.05867623857173417,0.07068334091599796,0.002016858534874544,2.4090813640780055,2.407064505543131,-0.0010465861895874867,0.08183918494557192,0.08288577113515941,-0.06401890519806425,0.13390935207473506,0.1979282572727993,25282.716666666667
MANAUS,low_inactive,low,False,6,0.004539833950642169,0.3905071146610465,0.3859672807104043,-3.8430731593739154,187.77035687698134,191.61343003635525,-0.008340113983801467,0.07312742730731034,0.0814675412911118,0.00400142730666575,2.4115940754722187,2.407592648165553,0.0011682748312884517,0.0831229917300922,0.08195471689880375,-0.006949899795867576,0.2567249434870138,0.2636748432828814,25283.016666666666
MANAUS,low_inactive,low,False,7,0.000935678263764228,0.3896536718902972,0.388717993626533,-2.402592856219428,183.88119914354897,186.2837919997684,-0.021197462621784728,0.0585975451393281,0.07979500776111283,0.0014533305058010981,2.4173930599983766,2.4159397294925755,0.004202161666578094,0.08806518888987551,0.08386302722329741,-0.12891938618547505,0.167146945846966,0.29606633203244104,25280.366666666665
MANAUS,low_inactive,low,False,8,-0.0012415553872558993,0.3877257710490607,0.3889673264363166,-5.025551195495808,188.66601294574698,193.6915641412428,-0.0016049580150357123,0.0660003378863138,0.06760529590134952,0.005481029143121319,2.406529586868003,2.4010485577248817,0.004641156470352417,0.0840879699926691,0.07944681352231668,-0.014599467768452418,0.17828179248266096,0.19288126025111338,25281.4
MANAUS,low_inactive,low,False,9,-0.0010359898040352977,0.3799665461086069,0.3810025359126422,-3.0687957579702925,196.0947703178007,199.163566075771,0.0015400306807788616,0.06689843494079105,0.06535840426001219,0.006633606876777609,2.4217282422295767,2.415094635352799,0.002603197613278027,0.07774869253311302,0.075145494919835,0.004596705407191121,0.17483365591098737,0.17023695050379625,25281.5
RECIFE,low_inactive,low,False,0,0.003919168241015125,0.5278921602739776,0.5239729920329624,0.2720099774130347,141.24494025849043,140.9729302810774,-0.00306498324989829,0.064482524924173,0.06754750817407129,-0.002218653760976963,2.3591905655218715,2.3614092192828484,-0.0008845212081683707,0.13102312531202434,0.1319076465201927,0.001218583338467822,0.025081009503045284,0.023862426164577462,34767.65
RECIFE,low_inactive,low,False,1,0.008362762342572494,0.5125839686678948,0.5042212063253223,-0.14128419040008566,139.16464850127565,139.30593269167574,0.00028615219040056816,0.07070476454770046,0.07041861235729989,0.0006415543290598791,2.3703569971797616,2.3697154428507017,0.0005445165239634231,0.13283973038919344,0.13229521386523002,-1.699096246486273e-05,0.024753236774737928,0.02477022773720279,34464.2
RECIFE,low_inactive,low,False,2,-0.013996458096975584,0.5110805696873981,0.5250770277843737,0.7350921580673457,141.91970130085843,141.1846091427911,-0.0023264254200036777,0.07213646387072074,0.07446288929072442,0.0011010621012190747,2.3726983527797105,2.3715972906784915,0.0022265925029277267,0.134922791062711,0.13269619855978326,-0.0018334905010427074,0.024510375443168777,0.026343865944211484,34408.666666666664
RECIFE,low_inactive,low,False,3,0.003150133617966122,0.5109433228343875,0.5077931892164214,-3.8455088463768163,138.48593303852053,142.33144188489734,0.000961123428052213,0.06791778058488292,0.0669566571568307,0.0015053296417169015,2.3616261534275624,2.3601208237858455,0.005229023116076759,0.13478284809530908,0.12955382497923232,0.00076040675491627,0.024709796608979186,0.023949389854062916,35133.75
RECIFE,low_inactive,low,False,4,-0.00803719498601363,0.5174695800318435,0.5255067750178571,-3.8987834829166843,145.3861364935505,149.2849199764672,0.0013150088826674317,0.07004678893789598,0.06873178005522855,-0.005449459271436918,2.3702882612355607,2.3757377205069976,0.00503497070440867,0.12834015520101635,0.12330518449660768,0.0003298799685393025,0.024463870347377254,0.02413399037883795,35007.183333333334
RECIFE,low_inactive,low,False,5,-0.007690967713509966,0.5021177059686103,0.5098086736821202,2.081520574659521,141.47149450083492,139.3899739261754,-0.002828247811665713,0.06770323344553682,0.07053148125720253,-0.0014681751542724442,2.3677392376361173,2.3692074127903897,-0.0012396451925993646,0.13332393056524253,0.1345635757578419,0.0010721161331128867,0.025028301422476872,0.023956185289363986,34866.4
RECIFE,low_inactive,low,False,6,0.004220880843431085,0.5142515500463892,0.5100306692029581,-2.868303895786454,136.76311654144112,139.63142043722758,-0.002146785292045525,0.06611737422848495,0.06826415952053047,-0.002484246968804893,2.3602800689353582,2.362764315904163,0.003556407241662979,0.13654965888812393,0.13299325164646095,0.0002881490674979219,0.024454857234520157,0.024166708167022235,34652.85
RECIFE,low_inactive,low,False,7,0.00836957450317799,0.5090473431058186,0.5006777686026406,3.3056169488779688,142.30328528115976,138.9976683322818,0.0005443686450076202,0.06898649048204565,0.06844212183703803,0.0002067951293338588,2.36409272773628,2.363885932606946,-0.00026450341254230514,0.13145757726223398,0.13172208067477628,0.00034525682371530295,0.024427145734199948,0.024081888910484645,35037.4
RECIFE,low_inactive,low,False,8,0.015149734252749736,0.5148178066335523,0.4996680723808025,-8.915413482259765,139.43983300462872,148.3552464868885,0.001150628532267703,0.07085324445043496,0.06970261591816726,0.00016980155958767895,2.3646345124693995,2.364464710909812,0.007052294822202404,0.13300332186896024,0.12595102704675784,0.0003524468298031873,0.02441055121623015,0.024058104386426964,34591.166666666664
RECIFE,low_inactive,low,False,9,0.001462829424933143,0.5088100242146278,0.5073471947896947,-1.4849756529952458,143.244372434599,144.72934808759425,-0.0007115968319299504,0.07205731642615455,0.0727689132580845,0.0017334182765580408,2.368994949546199,2.367261531269641,0.0020171941466158583,0.13154266848590623,0.12952547433929038,0.0003869701978247639,0.024481306013425085,0.02409433581560032,34671.78333333333
BELEM,low_active,low,True,0,0.003947533375070866,0.3770592420783611,0.37311170870329025,10.896855941226335,154.99828612537567,144.10143018414934,0.002321965187837227,0.062013172030151546,0.05969120684231432,0.04466243861816821,2.2112794217234097,2.1666169831052415,-0.0048127352878042096,0.10809477892175208,0.11290751420955629,-0.006667255750571626,0.02636073473716102,0.033027990487732646,20096.166666666668
BELEM,low_active,low,True,1,-0.0002889863015472782,0.3751143488343377,0.375403335135885,1.75601794326343,149.05988633360053,147.3038683903371,0.0025858187703851968,0.05971763968183255,0.057131820911447355,0.036397779434271804,2.2176846989107735,2.1812869194765017,0.0001666215381355418,0.11391501314132024,0.1137483916031847,0.008048665993329266,0.03508877873779924,0.027040112744469973,19853.45
BELEM,low_active,low,True,2,0.004894017684225316,0.37869750264912516,0.37380348496489985,1.1897671908199072,154.3003115846912,153.1105443938713,0.0036151428713677575,0.06318875919837014,0.05957361632700238,0.038537360963966094,2.208260596059225,2.169723235095259,0.00096442056925021,0.10769330729192808,0.10672888672267787,0.007726683536074398,0.03184817169326309,0.02412148815718869,19741.7
BELEM,low_active,low,True,3,-0.0036162389223852176,0.37339173540018955,0.37700797432257477,6.619814981104412,161.16566237501738,154.54584739391296,0.0022259192954961343,0.06257184729684921,0.06034592800135308,0.05049403049059409,2.223493944891552,2.172999914400958,-0.0024488192669744197,0.10194242106930541,0.10439124033627983,0.003506298427465932,0.03300976330371677,0.02950346487625084,19901.45
BELEM,low_active,low,True,4,0.005599511624209463,0.3780727382984997,0.3724732266742902,7.816068269691016,156.96817419909874,149.15210592940772,0.0043081969813539844,0.062402955464012595,0.05809475848265861,0.03920643428378279,2.21327553979849,2.174069105514707,-0.008968538054181893,0.10356121601788712,0.11252975407206901,0.015607418470083522,0.038800809880461334,0.023193391410377812,19765.366666666665
BELEM,low_active,low,True,5,-0.004657577858570461,0.3743126979620114,0.37897027582058185,6.456627819626448,148.4401672305043,141.98353941087785,0.002190406764156619,0.06089133388669795,0.05870092712254133,0.026747099093482163,2.2062319742999517,2.1794848752064695,-0.00546108906629926,0.11474351115138313,0.1202046002176824,-0.0006054857875424022,0.03243966022624812,0.03304514601379052,19786.683333333334
BELEM,low_active,low,True,6,-0.006950535095834487,0.37321223862450914,0.3801627737203436,15.356459221509027,156.9928164329235,141.63635721141446,0.0029312673986786816,0.05964590289026228,0.0567146354915836,0.0631088747361952,2.2188437918084127,2.1557349170722175,-0.011137328849884873,0.10666333860661613,0.117800667456501,0.002937358679348235,0.029808886226352124,0.02687152754700389,19939.383333333335
BELEM,low_active,low,True,7,-0.007777510907914176,0.37499769411861394,0.3827752050265281,12.272936848937064,160.3867689524505,148.11383210351343,0.0028956957584335904,0.06264423953331845,0.05974854377488486,0.040219245016341,2.213626530386159,2.173407285369818,-0.01116751081991367,0.10174048378609617,0.11290799460600984,-0.010555644931351155,0.022863004142796444,0.0334186490741476,19862.666666666668
BELEM,low_active,low,True,8,-0.012695609349856085,0.36963674643428185,0.38233235578413793,4.047001351607207,156.23603529665425,152.18903394504704,0.0003597147006201562,0.06121882194461755,0.060859107243997394,0.04385850044990036,2.209564798343511,2.165706297893611,-0.001324206796794014,0.10579183692162551,0.10711604371841953,-0.010149504759774466,0.03080453826254653,0.040954043022320995,19728.983333333334
BELEM,low_active,low,True,9,0.009214184583048346,0.37382698501385936,0.364612800430811,8.529516756190077,156.45799447613751,147.92847771994744,0.003493853336626676,0.062146226989746235,0.05865237365311956,0.03995980740746896,2.216471291838266,2.176511484430797,-0.0024248438817596196,0.10851292959785672,0.11093777347961634,0.011909056133276925,0.034868414121673456,0.02295935798839653,19914.9
CUIABA,low_active,low,True,0,0.004019268393159248,0.38194360329862803,0.3779243349054688,8.212095680935818,191.88609811956317,183.67400243862735,0.00046684011284657545,0.06797683747045455,0.06750999735760797,-0.011490186446082351,2.4863789869587327,2.497869173404815,-0.009180829983332528,0.10127473135700492,0.11045556134033745,0.0006166511711783382,0.03470097317250493,0.03408432200132659,10723.733333333334
CUIABA,low_active,low,True,1,-0.0006877118768693902,0.3797714494382386,0.380459161315108,3.0017423447750105,182.22580047233362,179.2240581275586,0.0033417393495964107,0.06324244534843743,0.059900705998841015,-0.017854744262527866,2.4972940274877433,2.515148771750271,-0.0018400569184419263,0.10923981401762399,0.11107987093606592,-0.00026739191712222415,0.0342270865953004,0.03449447851242263,10823.0
CUIABA,low_active,low,True,2,0.0037598462453471426,0.37759941198861585,0.3738395657432687,5.512178838426848,189.15144148341835,183.6392626449915,0.0028026732832686085,0.06653759962166698,0.06373492633839838,0.019403169718208435,2.5120266966291545,2.492623526910946,-4.201246843874018e-05,0.10782464854052987,0.1078666610089686,0.0019149571706946825,0.034868462189154396,0.032953505018459714,10450.233333333334
CUIABA,low_active,low,True,3,0.004591069795096825,0.38023424800137756,0.37564317820628074,7.856551936329197,190.786524617398,182.9299726810688,-0.004926912052492793,0.0627467406020549,0.0676736526545477,-0.0012360984590209512,2.5152025347167903,2.5164386331758113,-0.009707086780114366,0.10384060160488205,0.11354768838499642,-0.00020066110164714684,0.03364020253988024,0.033840863641527386,10425.066666666668
CUIABA,low_active,low,True,4,0.0003244809972799967,0.37549453002685834,0.37517004902957835,3.9412668086941096,174.47647651218273,170.53520970348862,-0.003017176519499204,0.0505712226809067,0.0535883992004059,0.0262450506954246,2.5290898457143647,2.50284479501894,0.002447169320926021,0.11996205492250536,0.11751488560157934,0.0002991604034725884,0.03326198882845014,0.03296282842497755,11143.733333333334
CUIABA,low_active,low,True,5,-0.0016006995393795798,0.3739504842532496,0.3755511837926292,4.336399836438318,188.10655225415167,183.77015241771335,0.015886057138443224,0.0720645123841424,0.05617845524569917,-0.006541964371977738,2.5035409947758107,2.5100829591477885,0.0029090293114062693,0.11030747660710638,0.10739844729570011,0.0012369712040315312,0.03430516271602699,0.03306819151199546,10483.633333333333
CUIABA,low_active,low,True,6,0.005240004296646117,0.3812942412809072,0.3760542369842611,-3.1651060701700544,187.6591856610181,190.82429173118817,-0.015324857216561821,0.05342398264014549,0.06874883985670731,-0.01052805115722899,2.4969764522109794,2.5075045033682084,-0.004858924773259887,0.10388545725982846,0.10874438203308835,-0.0011902138015850786,0.03382165750273962,0.0350118713043247,11046.9
CUIABA,low_active,low,True,7,0.0065313487830221395,0.38102717215142773,0.3744958233684056,0.9390587235390626,179.72960355873343,178.79054483519437,-0.0028082539475752996,0.05757724631156037,0.06038550025913567,0.017330808716761403,2.513201026261532,2.4958702175447707,0.00541823830074363,0.11521483643052985,0.10979659812978622,-0.00037489526832046316,0.032999575797178035,0.0333744710654985,10796.033333333333
CUIABA,low_active,low,True,8,-0.003996452657536176,0.37260827178613554,0.3766047244436717,8.5513817668417,186.3481797271168,177.7967979602751,0.007323806273986155,0.06280159215928684,0.05547778588530068,0.010494068282334013,2.5146824105807206,2.5041883422983866,-0.0003966091780907288,0.11270771057227773,0.11310431975036846,0.0016967198372774828,0.03500361917648341,0.03330689933920593,10325.8
CUIABA,low_active,low,True,9,-0.005298231320457092,0.3756668940121257,0.3809651253325828,11.864356081938183,189.95847186902986,178.09411578709168,-0.0002046426120793643,0.06416790074405085,0.06437254335613021,0.01887035222297273,2.5184824981507146,2.499612145927742,-0.008945063068683423,0.10670055593029222,0.11564561899897564,-0.00030139157197785205,0.03481118309610474,0.03511257466808259,10488.716666666667
GOIANIA,low_active,low,True,0,0.0018247629589399073,0.4501858982584536,0.4483611352995137,-0.4095529152172048,172.5007572718515,172.91031018706872,-0.0027806145073413086,0.07480647378427574,0.07758708829161705,0.006739542221223083,2.5719385550992233,2.5651990128780002,-0.00024933901414554704,0.12232082668398056,0.12257016569812611,0.00012306188861799933,0.03583274513535957,0.03570968324674157,24097.233333333334
GOIANIA,low_active,low,True,1,0.006286077105303323,0.4471445319998406,0.4408584548945373,5.676727651425125,184.23429037843988,178.55756272701475,0.008314297423075837,0.07968648930666773,0.0713721918835919,0.006482247970056143,2.5808621213009957,2.5743798733309395,-0.0038142141705834187,0.11284080958466816,0.11665502375525158,0.000537572363111416,0.03500988157882002,0.0344723092157086,24248.733333333334
GOIANIA,low_active,low,True,2,0.0014341034470617409,0.43715196599701406,0.4357178625499523,10.386878272732844,183.0476145735783,172.66073630084546,0.00028925745903750355,0.0723615036515223,0.0720722461924848,0.0042589715937531025,2.5750109216257195,2.5707519500319664,-0.0036580733496946044,0.115072659806776,0.1187307331564706,0.0011937358802933187,0.0345248729201026,0.033331137039809285,24583.483333333334
GOIANIA,low_active,low,True,3,-0.01728943974548003,0.4295501065283193,0.44683954627379935,-3.0809610826572964,174.3527665599703,177.4337276426276,-0.0030798812850518914,0.07039283814352103,0.07347271942857292,0.002732569901483739,2.577269257625211,2.5745366877237275,0.00242316868161066,0.12008875565380482,0.11766558697219416,-0.0015995792318332855,0.03369037399449707,0.035289953226330356,24754.983333333334
GOIANIA,low_active,low,True,4,-0.0039319506580390295,0.4424528371188509,0.44638478777688995,-10.480491200058935,175.96952578921199,186.45001698927092,-0.0061005358286116695,0.07259144667751229,0.07869198250612396,0.016562383404992165,2.5896652094209904,2.5731028260159983,0.006915113162280009,0.1196965576096918,0.1127814444474118,0.0013014105689524505,0.034531564349810355,0.033230153780857904,24437.666666666668
GOIANIA,low_active,low,True,5,-0.0032492572378352014,0.44551800036083156,0.44876725759866676,-4.698586878493472,178.4950838418791,183.19367072037258,-0.0008209514937478762,0.07388591889416322,0.0747068703879111,-0.0004229766336849572,2.5747386907835703,2.5751616674172553,0.006203358089042085,0.11729831050693384,0.11109495241789176,0.0004134687672502843,0.034774688467615715,0.03436121970036543,24442.85
GOIANIA,low_active,low,True,6,0.005079218663200269,0.44206562733922294,0.4369864086760227,-0.4243073469799583,173.86662340758966,174.29093075456962,-0.003019546654052671,0.06837996590314557,0.07139951255719824,0.022982733089124352,2.585011542964833,2.5620288098757085,8.631634905678642e-05,0.1200386047600026,0.11995228841094581,0.001284710274668567,0.03543691651610153,0.03415220624143296,24477.733333333334
GOIANIA,low_active,low,True,7,-0.021218575536655404,0.4375415423604055,0.4587601178970609,2.1818487414424794,182.5198284108036,180.33797966936112,0.003103556190018106,0.07618210650422287,0.07307855031420477,0.009129228530837086,2.5825236510766545,2.5733944225458174,-0.001207362062910805,0.11451446761509126,0.11572182967800207,-0.0018625053839624942,0.03348947495644914,0.035351980340411635,24378.583333333332
GOIANIA,low_active,low,True,8,-0.00949748708551651,0.4401286781314496,0.44962616521696613,-9.223412826563873,172.075443965729,181.29885679229287,-0.0028463822357299023,0.07292751714103576,0.07577389937676567,-0.015687967061307262,2.566773170927793,2.5824611379891,0.00222019431745199,0.11889992046909188,0.11667972615163989,-9.860375385861014e-05,0.03480285513062002,0.03490145888447863,24371.333333333332
GOIANIA,low_active,low,True,9,0.0016972721430180138,0.4498109099604768,0.4481136378174588,-4.624881877269559,176.02786187452102,180.65274375179058,0.0018001162378033925,0.07738455677576264,0.07558444053795925,0.000735539574144628,2.572230065120354,2.571494525546209,0.0021468540448659895,0.1175489158292411,0.1154020617843751,-0.0002981108281693845,0.03525657314500697,0.035554683973176356,23969.55
MACAPA,low_active,low,True,0,-0.002669605551244514,0.3906292905147569,0.39329889606600144,6.46284973417508,173.75961780195908,167.296768067784,-0.006602965137885039,0.06719466660895282,0.07379763174683786,0.022665140213260937,2.3862626601826564,2.3635975199693955,-0.0030311043205965144,0.1041214266251958,0.10715253094579232,-0.028476577138196818,0.20968238628330435,0.23815896342150117,6236.983333333334
MACAPA,low_active,low,True,1,0.004955981002105148,0.4028571242411195,0.3979011432390144,1.1011807915693055,166.8558818177638,165.75470102619448,0.004227396113774748,0.06304646210053869,0.05881906598676394,0.034366620454294505,2.380885059009549,2.3465184385552544,0.001855941389538332,0.10563891900797534,0.10378297761843701,-0.01699300925756661,0.17651541740470006,0.19350842666226667,6225.3
MACAPA,low_active,low,True,2,0.015922495851404983,0.4057054669571257,0.38978297110572074,1.601488317770361,167.10403694872215,165.5025486309518,0.002162555632955601,0.07069206179874027,0.06852950616578467,0.027665668094543516,2.390965549582637,2.3632998814880937,-0.0011038086570338834,0.10812096214854906,0.10922477080558295,-0.055010475042040846,0.18377345632127243,0.23878393136331327,6263.083333333333
MACAPA,low_active,low,True,3,-0.014476625774036023,0.3872848991049402,0.4017615248789762,2.191227490855482,164.8138500343413,162.62262254348582,0.0023338728220618846,0.06406843586347744,0.06173456304141555,0.048679346501823595,2.3785136156591045,2.329834269157281,0.0051057478829071995,0.1075638432828728,0.1024580953999656,0.04033712635642159,0.22452186128371984,0.18418473492729825,6242.733333333334
MACAPA,low_active,low,True,4,0.01386716546249589,0.4040902369244742,0.3902230714619783,-3.938070869234224,161.1678742584528,165.10594512768702,-0.005808592356098249,0.06527337117008589,0.07108196352618414,0.02257462059449855,2.3817186090196185,2.35914398842512,0.006115170543016052,0.11244024776940977,0.10632507722639371,-0.015309784292220463,0.21088027686724667,0.22619006115946713,6265.0
MACAPA,low_active,low,True,5,0.004520022177708194,0.40590134348967694,0.40138132131196874,-0.2849471203805649,165.84124591247138,166.12619303285194,0.014490522033988103,0.07021928273897708,0.05572876070498898,0.06541848346231172,2.3946872495821316,2.32926876611982,0.0037763090995375226,0.10912312266659709,0.10534681356705956,0.019735360385062073,0.22057807228092116,0.2008427118958591,6243.733333333334
MACAPA,low_active,low,True,6,-0.0137650125476792,0.3864959291486468,0.400260941696326,1.5990557642975034,163.776594630917,162.1775388666195,0.0020586334202214313,0.06537076225579531,0.06331212883557388,0.0030186341237214975,2.349552568031694,2.3465339339079727,-2.0799953828296025e-05,0.10808515382252679,0.10810595377635508,-0.04194601393702033,0.18718240596178964,0.22912841989880997,6178.466666666666
MACAPA,low_active,low,True,7,-0.028536414576188385,0.3852297832302981,0.4137661978064865,8.355404162257827,167.87531526418294,159.51991110192512,0.020745072553707916,0.07590672749017437,0.05516165493646645,0.010731275173376353,2.3692065904870727,2.3584753153136964,-0.002137807378300327,0.10799717784716871,0.11013498522546904,0.055485931056223514,0.23638933791379896,0.18090340685757544,6181.533333333334
MACAPA,low_active,low,True,8,-0.0035676077048298893,0.38730386222469015,0.39087146992952004,-2.4121082609217694,162.67793463383708,165.09004289475885,0.008242276131113661,0.06699304108948252,0.05875076495836886,0.007129146965838107,2.368243623521816,2.361114476555978,0.0024695376627000554,0.10788724249314902,0.10541770483044896,0.036761139394628495,0.20636285007158184,0.16960171067695334,6178.9
MACAPA,low_active,low,True,9,-0.011992423864482238,0.4094806101432458,0.42147303400772806,8.978625941934126,176.15614798185797,167.17752203992384,0.00019747847074921832,0.06283749774135618,0.06264001927060696,0.03055678104301185,2.388591599830891,2.3580348187878792,-0.0037430239772084373,0.10039704326528794,0.10414006724249637,0.027897221818841383,0.22806921335651298,0.2001719915376716,6116.333333333333
MANAUS,low_active,low,True,0,0.005829046097036716,0.3887194957961441,0.3828904496991074,-6.491918436858413,186.67449883003923,193.16641726689764,0.002184582254665897,0.06377265616753812,0.06158807391287222,0.009691304756781705,2.4256681634242736,2.415976858667492,0.005731168667900813,0.08675732787507713,0.08102615920717632,0.051148990222604454,0.15120756881140857,0.10005857858880411,25283.4
MANAUS,low_active,low,True,1,0.0015618731244477213,0.38809136638895225,0.38652949326450453,5.448411311146231,192.02514456113582,186.5767332499896,0.0026216113164533456,0.0737792059928878,0.07115759467643445,0.01919920280863563,2.4204924317183525,2.401293228909717,-0.005902493665919925,0.08246434078835424,0.08836683445427417,0.007362292200345094,0.2538967069411479,0.24653441474080282,25282.083333333332
MANAUS,low_active,low,True,2,-0.0005040931405166926,0.38681804376191653,0.3873221369024332,0.03476546260583291,195.4305810399169,195.39581557731105,0.007623509117299573,0.06878945808925173,0.061165948971952155,0.019953900242179134,2.4281279094959216,2.4081740092537425,0.004736793019792185,0.08088939220651455,0.07615259918672236,0.11112963428942238,0.2126642374630153,0.10153460317359292,25281.716666666667
MANAUS,low_active,low,True,3,-0.002463885134021959,0.3897915622469993,0.39225544738102125,11.527310900563407,186.07725942130764,174.54994852074424,0.010118265268612862,0.0702033475053298,0.06008508223671694,0.006753528813995491,2.423952954700404,2.4171994258864085,-0.007501975425173127,0.08868269255854525,0.09618466798371837,0.03134652217385975,0.22225308668546598,0.19090656451160623,25281.983333333334
MANAUS,low_active,low,True,4,0.0022764999788091322,0.38835724723441156,0.38608074725560243,4.188802793051309,188.79262828351554,184.60382549046423,-0.004409115862885782,0.06017620400887544,0.06458531987176122,0.011400831084834806,2.4243750534343627,2.412974222349528,-0.0005100010296807123,0.08660172832762024,0.08711172935730095,-0.1134187294296807,0.07444780535748824,0.18786653478716894,25284.166666666668
MANAUS,low_active,low,True,5,0.0003899365560198209,0.38636408831756597,0.38597415176154615,-2.9576931545388163,183.58270550942564,186.54039866396445,-0.00605761888140792,0.06462572203459004,0.07068334091599796,0.024559565707097164,2.431624071250228,2.407064505543131,0.0076994115877349195,0.09058518272289433,0.08288577113515941,0.024918398599985903,0.2228466558727852,0.1979282572727993,25283.266666666666
MANAUS,low_active,low,True,6,0.0037100386562820553,0.38967731936668637,0.3859672807104043,-1.549298843747323,190.06413119260793,191.61343003635525,-0.013077420381430907,0.0683901209096809,0.0814675412911118,0.0159581005388878,2.4235507487044408,2.407592648165553,-0.0015513664191411092,0.08040335047966264,0.08195471689880375,-0.05660490609254651,0.20706993719033487,0.2636748432828814,25284.966666666667
MANAUS,low_active,low,True,7,-0.003825838073835075,0.3848921555526979,0.388717993626533,1.7123057604442806,187.99609776021268,186.2837919997684,-0.013986387063848263,0.06580862069726456,0.07979500776111283,0.013130866129233532,2.429070595621809,2.4159397294925755,0.0018853686296892852,0.0857483958529867,0.08386302722329741,-0.10176857993324953,0.1942977520991915,0.29606633203244104,25280.766666666666
MANAUS,low_active,low,True,8,-0.0004071348714209666,0.38856019156489563,0.3889673264363166,1.009818594536796,194.7013827357796,193.6915641412428,0.0051955521473776856,0.0728008480487272,0.06760529590134952,0.02362158594851138,2.424670143673393,2.4010485577248817,0.0015243413261480931,0.08097115484846477,0.07944681352231668,0.03448292407906234,0.22736418433017572,0.19288126025111338,25281.3
MANAUS,low_active,low,True,9,0.006554987382940303,0.3875575232955825,0.3810025359126422,-2.9329233352874553,196.23064274048355,199.163566075771,0.006360339747809612,0.0717187440078218,0.06535840426001219,0.01007063773324246,2.4251652730860416,2.415094635352799,0.002460759982687577,0.07760625490252257,0.075145494919835,0.07480032639987516,0.2450372769036714,0.17023695050379625,25280.7
RECIFE,low_active,low,True,0,-0.012589665040695697,0.5113833269922667,0.5239729920329624,1.9538496512813879,142.92677993235878,140.9729302810774,0.0052106971287158715,0.07275820530278716,0.06754750817407129,0.03047329034557933,2.3918825096284277,2.3614092192828484,0.0017184234287604405,0.13362606994895315,0.1319076465201927,0.0005518106803038027,0.024414236844881265,0.023862426164577462,34612.21666666667
RECIFE,low_active,low,True,1,0.015882803726488315,0.5201040100518106,0.5042212063253223,1.7587977834677133,141.06473047514345,139.30593269167574,0.0005821705593408166,0.0710007829166407,0.07041861235729989,0.021342322776046974,2.3910577656267487,2.3697154428507017,0.002280910864087299,0.13457612472931732,0.13229521386523002,-5.0675892566492964e-05,0.024719551844636298,0.02477022773720279,34515.083333333336
RECIFE,low_active,low,True,2,-0.00790386970323309,0.5171731580811406,0.5250770277843737,-0.09540895876810396,141.08920018402299,141.1846091427911,-0.004183513398488187,0.07027937589223623,0.07446288929072442,0.014553506622239976,2.3861507973007314,2.3715972906784915,6.445524778367351e-05,0.13276065380756694,0.13269619855978326,-0.0021226329898848366,0.024221232954326648,0.026343865944211484,34955.166666666664
RECIFE,low_active,low,True,3,0.003686493051367812,0.5114796822677892,0.5077931892164214,1.7012353740940398,144.03267725899138,142.33144188489734,0.003041790255736976,0.06999844741256768,0.0669566571568307,0.03575600176592175,2.3958768255517673,2.3601208237858455,0.0021146616897592396,0.13166848666899156,0.12955382497923232,0.000370030752224533,0.02431942060628745,0.023949389854062916,35027.1
RECIFE,low_active,low,True,4,-0.025888092252751793,0.49961868276510535,0.5255067750178571,-7.566506381797552,141.71841359466964,149.2849199764672,0.001032176408472335,0.06976395646370089,0.06873178005522855,0.015210949987659816,2.3909486704946574,2.3757377205069976,0.011004193156901765,0.13430937765350945,0.12330518449660768,-0.0002460449221470054,0.023887945456690946,0.02413399037883795,34852.23333333333
RECIFE,low_active,low,True,5,0.02161284847628797,0.5314215221584082,0.5098086736821202,1.1126665850182746,140.50264051119368,139.3899739261754,0.006274609337445794,0.07680609059464832,0.07053148125720253,0.02399732940470889,2.3932047421950986,2.3692074127903897,0.0011365342401409018,0.1357001099979828,0.1345635757578419,0.0025643694826545625,0.026520554772018548,0.023956185289363986,34291.433333333334
RECIFE,low_active,low,True,6,-0.01072258424291006,0.4993080849600481,0.5100306692029581,1.6766794746220341,141.3080999118496,139.63142043722758,0.00018228443411792694,0.0684464439546484,0.06826415952053047,0.02742347496374009,2.3901877908679032,2.362764315904163,0.0016901290670313096,0.13468338071349226,0.13299325164646095,-6.367516278148189e-05,0.024103033004240753,0.024166708167022235,34804.933333333334
RECIFE,low_active,low,True,7,0.02373521433399428,0.5244129829366349,0.5006777686026406,-2.0274495342335115,136.97021879804828,138.9976683322818,0.002161915125130129,0.07060403696216816,0.06844212183703803,0.024238997322192812,2.388124929929139,2.363885932606946,0.0060359405124435495,0.13775802118721983,0.13172208067477628,0.0004118960599940394,0.024493784970478685,0.024081888910484645,34455.36666666667
RECIFE,low_active,low,True,8,0.001154532106520556,0.5008226044873231,0.4996680723808025,-1.277475998148816,147.07777048873967,148.3552464868885,0.0010611192490732058,0.07076373516724047,0.06970261591816726,0.023362202380125652,2.3878269132899375,2.364464710909812,0.001607900279786162,0.127558927326544,0.12595102704675784,-8.321113766965663e-05,0.023974893248757307,0.024058104386426964,35393.933333333334
RECIFE,low_active,low,True,9,0.02840029508854347,0.5357474898782382,0.5073471947896947,-1.5823520358032397,143.146996051791,144.72934808759425,-0.0022387165489935607,0.07053019670909094,0.0727689132580845,0.020307977963656576,2.3875695092332974,2.367261531269641,0.0026021248534807417,0.13212759919277112,0.12952547433929038,0.00529731666385037,0.02939165247945069,0.02409433581560032,34533.0
BELEM,medium_active,medium,True,0,0.0031228437532608844,0.37623455245655113,0.37311170870329025,4.3171951289198205,148.41862531306916,144.10143018414934,-0.0004897626063940577,0.05920144423592026,0.05969120684231432,0.050068148423928704,2.2166851315291702,2.1666169831052415,0.0014088435773617486,0.11431635778691804,0.11290751420955629,-0.0027228750266389996,0.030305115461093646,0.033027990487732646,20223.683333333334
BELEM,medium_active,medium,True,1,0.0022048635857193077,0.3776081987216043,0.375403335135885,3.3658274786462243,150.66969586898333,147.3038683903371,0.0030848628559710586,0.060216683767418414,0.057131820911447355,0.030096671411491638,2.2113835908879933,2.1812869194765017,-0.0020396269519093735,0.11170876465127533,0.1137483916031847,0.0038354705011270154,0.03087558324559699,0.027040112744469973,19818.816666666666
BELEM,medium_active,medium,True,2,0.005606281196257834,0.3794097661611577,0.37380348496489985,1.7570490782486559,154.86759347211995,153.1105443938713,0.003554344784202329,0.06312796111120471,0.05957361632700238,0.04052137147882906,2.210244606574088,2.169723235095259,-0.00041717373857791396,0.10631171298409996,0.10672888672267787,0.010889349384661899,0.03501083754185059,0.02412148815718869,19843.35
BELEM,medium_active,medium,True,3,0.00037015641208704153,0.3773781307346618,0.37700797432257477,6.468751645093647,161.0145990390066,154.54584739391296,0.0011856969878725962,0.061531624989225674,0.06034592800135308,0.0464117256957115,2.2194116400966695,2.172999914400958,-0.0033644241934759067,0.10102681614280393,0.10439124033627983,0.0049166658953771585,0.034420130771628,0.02950346487625084,20016.233333333334
BELEM,medium_active,medium,True,4,0.002798420895245013,0.37527164756953524,0.3724732266742902,6.087497557241761,155.2396034866495,149.15210592940772,0.004080691985927462,0.06217545046858607,0.05809475848265861,0.039693535850061856,2.213762641364769,2.174069105514707,-0.007016081736810231,0.10551367233525878,0.11252975407206901,0.008948247434770313,0.032141638845148125,0.023193391410377812,19807.4
BELEM,medium_active,medium,True,5,-0.00475603831468302,0.37421423750589883,0.37897027582058185,5.235445832055035,147.2189852429329,141.98353941087785,-0.0007972499400359379,0.05790367718250539,0.05870092712254133,0.03426983833901032,2.21375471354548,2.1794848752064695,-0.003478284854636124,0.11672631536304627,0.1202046002176824,-0.0032615122728049846,0.029783633740985537,0.03304514601379052,20025.133333333335
BELEM,medium_active,medium,True,6,-0.005282267949247688,0.37488050577109594,0.3801627737203436,11.652459997502604,153.28881720891707,141.63635721141446,0.003421614181394819,0.06013624967297842,0.0567146354915836,0.06804972108047647,2.223784638152694,2.1557349170722175,-0.008645757269342996,0.109154910187158,0.117800667456501,0.004951015460562914,0.0318225430075668,0.02687152754700389,19792.6
BELEM,medium_active,medium,True,7,-0.008718542163399623,0.3740566628631285,0.3827752050265281,11.567962058504008,159.68179416201744,148.11383210351343,-0.0009699317036903216,0.05877861207119454,0.05974854377488486,0.04223867458405506,2.215645959953873,2.173407285369818,-0.010274541024356529,0.10263345358165331,0.11290799460600984,-0.0049902778293359415,0.028428371244811658,0.0334186490741476,19924.166666666668
BELEM,medium_active,medium,True,8,-0.011127392532929936,0.371204963251208,0.38233235578413793,0.07012329723355037,152.2591572422806,152.18903394504704,-0.00020558430786610238,0.06065352293613129,0.060859107243997394,0.044461853019455155,2.210168150913066,2.165706297893611,0.0030045269983121764,0.1101205707167317,0.10711604371841953,-0.0098657558909628,0.031088287131358194,0.040954043022320995,19909.733333333334
BELEM,medium_active,medium,True,9,0.010895740518965524,0.37550854094977654,0.364612800430811,8.035742126845719,155.96421984679316,147.92847771994744,0.00261415956101229,0.06126653321413185,0.05865237365311956,0.03536196301724104,2.211873447448038,2.176511484430797,-0.00532052588883454,0.1056172475907818,0.11093777347961634,0.0023507487354076165,0.025310106723804147,0.02295935798839653,19835.65
CUIABA,medium_active,medium,True,0,0.0035708682037679518,0.38149520310923674,0.3779243349054688,-5.048636103573017,178.62536633505434,183.67400243862735,-0.018721187034403466,0.04878881032320451,0.06750999735760797,0.02499336055160084,2.522862533956416,2.497869173404815,0.003610706679400416,0.11406626801973786,0.11045556134033745,-0.0009502460200102869,0.033134075981316305,0.03408432200132659,11183.6
CUIABA,medium_active,medium,True,1,-0.002114955431900545,0.37834420588320744,0.380459161315108,0.6414034380436249,179.86546156560223,179.2240581275586,0.005300823879379031,0.06520152987822005,0.059900705998841015,-0.010009483064612468,2.5051392886856587,2.515148771750271,0.001677713259047961,0.11275758419511388,0.11107987093606592,0.0006958963087513315,0.03519037482117396,0.03449447851242263,10659.133333333333
CUIABA,medium_active,medium,True,2,0.0035522089821589664,0.3773917747254277,0.3738395657432687,5.064536297068685,188.7037989420602,183.6392626449915,-0.004475311123971329,0.05925961521442705,0.06373492633839838,0.019705635038942404,2.5123291619498884,2.492623526910946,0.0002232515211228192,0.10808991253009143,0.1078666610089686,0.0027923034871494487,0.03574580850560916,0.032953505018459714,10347.733333333334
CUIABA,medium_active,medium,True,3,0.0006238368498314717,0.3762670150561122,0.37564317820628074,2.8317906909647093,185.7617633720335,182.9299726810688,-0.003459549408482379,0.06421410324606532,0.0676736526545477,-0.0057875733812498,2.5106510597945615,2.5164386331758113,-0.003506995830797832,0.11004069255419859,0.11354768838499642,-0.0005639546323655681,0.03327690900916182,0.033840863641527386,10574.166666666666
CUIABA,medium_active,medium,True,4,0.0044718520113978255,0.37964190104097617,0.37517004902957835,6.214997296283201,176.75020699977182,170.53520970348862,0.010682523565024284,0.06427092276543019,0.0535883992004059,-0.0007820380144942796,2.502062757004446,2.50284479501894,-0.0004889592690110328,0.11702592633256831,0.11751488560157934,0.0020384302445210847,0.03500125866949864,0.03296282842497755,10493.433333333332
CUIABA,medium_active,medium,True,5,-0.0017985652625463477,0.37375261853008285,0.3755511837926292,0.2549371523467414,184.0250895700601,183.77015241771335,0.015112035626144396,0.07129049087184357,0.05617845524569917,-0.019618775524875343,2.490464183622913,2.5100829591477885,0.002536438847470013,0.10993488614317012,0.10739844729570011,0.0015759211979824994,0.034644112709977956,0.03306819151199546,10340.85
CUIABA,medium_active,medium,True,6,0.00019178522709006884,0.37624602221135117,0.3760542369842611,-21.5309714093452,169.29332032184297,190.82429173118817,-0.020258308319221457,0.04849053153748585,0.06874883985670731,0.012112713503269923,2.5196172168714783,2.5075045033682084,0.010525154698028366,0.11926953673111672,0.10874438203308835,-0.0020918438612463897,0.03292002744307831,0.0350118713043247,11268.616666666667
CUIABA,medium_active,medium,True,7,0.0025786865292373173,0.3770745098976429,0.3744958233684056,-0.27576765801842384,178.51477717717594,178.79054483519437,0.0014689427149259249,0.0618544429740616,0.06038550025913567,0.02159280236366845,2.517463019908439,2.4958702175447707,0.005630178026648794,0.11542677615643501,0.10979659812978622,0.0014101120725373006,0.0347845831380358,0.0333744710654985,10519.633333333333
CUIABA,medium_active,medium,True,8,0.0010094316777057855,0.3776141561213775,0.3766047244436717,1.6855077622346641,179.48230572250975,177.7967979602751,-0.0011073805966941783,0.0543704052886065,0.05547778588530068,0.012849504780313659,2.5170378470787003,2.5041883422983866,0.0011100908195262466,0.1142144105698947,0.11310431975036846,0.0012208120018635596,0.03452771134106949,0.03330689933920593,10964.816666666668
CUIABA,medium_active,medium,True,9,-0.005350460881387409,0.3756146644511954,0.3809651253325828,2.2295374456853665,180.32365323277705,178.09411578709168,0.0029439399235557107,0.06731648327968592,0.06437254335613021,0.008862186232232894,2.5084743321599747,2.499612145927742,-0.0020536416292710608,0.11359197736970458,0.11564561899897564,-0.0012307141489504708,0.03388186051913212,0.03511257466808259,10608.283333333333
GOIANIA,medium_active,medium,True,0,-0.000783745593180285,0.44757738970633343,0.4483611352995137,0.9853585988140026,173.89566878588272,172.91031018706872,-0.0047726286970232595,0.07281445959459379,0.07758708829161705,0.003954744257858245,2.5691537571358585,2.5651990128780002,-0.0044170050073742695,0.11815316069075184,0.12257016569812611,-0.0003732725318812899,0.03533641071486028,0.03570968324674157,24161.75
GOIANIA,medium_active,medium,True,1,0.00218201819770264,0.44304047309223993,0.4408584548945373,4.330489502540786,182.88805222955554,178.55756272701475,0.008541736073428188,0.07991392795702008,0.0713721918835919,-0.006027623384718073,2.5683522499462215,2.5743798733309395,-0.0031878382433166846,0.1134671855119349,0.11665502375525158,0.00037498216175325255,0.034847291377461856,0.0344723092157086,24221.033333333333
GOIANIA,medium_active,medium,True,2,0.02342756455067263,0.45914542710062495,0.4357178625499523,11.041814163484759,183.70255046433022,172.66073630084546,0.0053116654650721545,0.07738391165755695,0.0720722461924848,0.010466740651552175,2.5812186906835186,2.5707519500319664,-0.005171312645563975,0.11355942051090663,0.1187307331564706,0.0017973952327897183,0.035128532272599,0.033331137039809285,24251.533333333333
GOIANIA,medium_active,medium,True,3,-0.001496337580659035,0.4453432086931403,0.44683954627379935,1.854038748747712,179.2877663913753,177.4337276426276,-0.001088742330057596,0.07238397709851532,0.07347271942857292,0.004355096553271487,2.578891784276999,2.5745366877237275,-0.0028891030071822588,0.1147764839650119,0.11766558697219416,-0.0006238968217699009,0.034666056404560455,0.035289953226330356,24414.816666666666
GOIANIA,medium_active,medium,True,4,-0.0022240370637032214,0.4441607507131867,0.44638478777688995,-9.677142500478794,176.77287448879213,186.45001698927092,-0.0044417255902089725,0.07425025691591498,0.07869198250612396,0.013936950880142351,2.5870397768961406,2.5731028260159983,0.006481979833513243,0.11926342428092504,0.1127814444474118,0.0016383493785855421,0.03486850315944345,0.033230153780857904,24414.233333333334
GOIANIA,medium_active,medium,True,5,-0.004266023548021303,0.44450123405064546,0.44876725759866676,-4.659125348364142,178.53454537200844,183.19367072037258,-0.0026378784378520426,0.07206899195005906,0.0747068703879111,-0.009555389022134264,2.565606278395121,2.5751616674172553,0.004136119436951913,0.11523107185484367,0.11109495241789176,0.0006080031653169157,0.034969222865682346,0.03436121970036543,24460.483333333334
GOIANIA,medium_active,medium,True,6,0.009809988851845197,0.4467963975278679,0.4369864086760227,6.132765932311145,180.42369668688076,174.29093075456962,-0.0010192115769256105,0.07038030098027263,0.07139951255719824,0.014655695017028236,2.5766845048927367,2.5620288098757085,-0.0022193518154391273,0.11773293659550668,0.11995228841094581,0.0010768908441956132,0.035229097085628575,0.03415220624143296,24389.933333333334
GOIANIA,medium_active,medium,True,7,-0.026388513182476037,0.43237160471458486,0.4587601178970609,-4.59243844119041,175.7455412281707,180.33797966936112,0.0007437269621252129,0.07382227727632998,0.07307855031420477,0.0009604309679938083,2.574354853513811,2.5733944225458174,0.007112796901478188,0.12283462657948026,0.11572182967800207,-0.0007157773693418565,0.03463620297106978,0.035351980340411635,24296.683333333334
GOIANIA,medium_active,medium,True,8,-0.0029397930592450217,0.4466863721577211,0.44962616521696613,-8.772481965699114,172.52637482659375,181.29885679229287,-0.00278082409309148,0.07299307528367419,0.07577389937676567,-0.009944392577907912,2.572516745411192,2.5824611379891,0.0040227451083453825,0.12070247125998528,0.11667972615163989,1.2875578116258724e-05,0.03491433446259489,0.03490145888447863,24328.316666666666
GOIANIA,medium_active,medium,True,9,0.011317816114774781,0.45943145393223356,0.4481136378174588,-5.512036270705607,175.14070748108497,180.65274375179058,0.0036072162053035067,0.07919165674326276,0.07558444053795925,-0.0033038995440697327,2.5681906260021394,2.571494525546209,0.002312009527226766,0.11771407131160187,0.1154020617843751,0.00017662128731905924,0.035731305260495415,0.035554683973176356,24204.333333333332
MACAPA,medium_active,medium,True,0,0.010670243942003776,0.4039691400080052,0.39329889606600144,2.8597623966128083,170.1565304643968,167.296768067784,-0.005122985878024261,0.0686746458688136,0.07379763174683786,0.00025808275317285023,2.3638556027225683,2.3635975199693955,-0.0038417702577095703,0.10331076068808275,0.10715253094579232,-0.019067474837332038,0.21909148858416913,0.23815896342150117,6274.366666666667
MACAPA,medium_active,medium,True,1,0.01752941276018888,0.41543055599920325,0.3979011432390144,-4.172478535305288,161.5822224908892,165.75470102619448,0.0025821145790565353,0.06140118056582047,0.05881906598676394,0.06030900716126686,2.4068274457165213,2.3465184385552544,0.008077314304765604,0.11186029192320261,0.10378297761843701,0.006170948547060712,0.19967937520932738,0.19350842666226667,6266.033333333334
MACAPA,medium_active,medium,True,2,0.012573876872521372,0.4023568479782421,0.38978297110572074,10.53755695657324,176.04010558752503,165.5025486309518,-0.0007609535049308419,0.06776855266085383,0.06852950616578467,0.026000451509056166,2.38930033299715,2.3632998814880937,-0.005821722802834994,0.10340304800274795,0.10922477080558295,-0.04487100986920589,0.19391292149410738,0.23878393136331327,6232.366666666667
MACAPA,medium_active,medium,True,3,-0.012761902444313356,0.38899962243466285,0.4017615248789762,1.0290227759505797,163.6516453194364,162.62262254348582,-0.003802110490469836,0.057932452550945715,0.06173456304141555,0.05053057708088371,2.3803648462381646,2.329834269157281,0.005851107078068768,0.10830920247803437,0.1024580953999656,0.006194424269995807,0.19037915919729406,0.18418473492729825,6256.333333333333
MACAPA,medium_active,medium,True,4,0.025357836730246552,0.4155809081922249,0.3902230714619783,0.5054782221700975,165.61142334985712,165.10594512768702,-0.007850428528661205,0.06323153499752293,0.07108196352618414,0.05358116570504867,2.4127251541301686,2.35914398842512,0.006543975941719876,0.11286905316811359,0.10632507722639371,-0.01964826795115232,0.2065417932083148,0.22619006115946713,6278.666666666667
MACAPA,medium_active,medium,True,5,0.012010361551350657,0.4133916828633194,0.40138132131196874,5.055117298413563,171.1813103312655,166.12619303285194,0.004650171013034117,0.060378931718023096,0.05572876070498898,0.08277921816668465,2.4120479842865046,2.32926876611982,0.0034417055844949973,0.10878851915155456,0.10534681356705956,0.00420783210182657,0.20505054399768566,0.2008427118958591,6241.833333333333
MACAPA,medium_active,medium,True,6,0.000563630193525344,0.4008245718898513,0.400260941696326,0.4935913120979194,162.67113017871742,162.1775388666195,0.0027930580505263897,0.06610518688610027,0.06331212883557388,0.02311046047901444,2.369644394386987,2.3465339339079727,0.00047924765403115077,0.10858520143038623,0.10810595377635508,-0.028030364970641625,0.20109805492816835,0.22912841989880997,6239.966666666666
MACAPA,medium_active,medium,True,7,-0.00982223196645926,0.40394396584002723,0.4137661978064865,2.33378003791546,161.85369113984058,159.51991110192512,0.010229752713465864,0.06539140764993231,0.05516165493646645,0.017097091541826703,2.375572406855523,2.3584753153136964,-0.0009718123474098117,0.10916317287805923,0.11013498522546904,0.030164517243173733,0.21106792410074918,0.18090340685757544,6274.7
MACAPA,medium_active,medium,True,8,0.0054994216943311525,0.3963708916238512,0.39087146992952004,-1.3623340654653475,163.7277088292935,165.09004289475885,0.004931114829316428,0.06368187978768529,0.05875076495836886,0.019227371854802833,2.380341848410781,2.361114476555978,0.003554804825420782,0.10897250965586974,0.10541770483044896,0.04850865227924342,0.21811036295619676,0.16960171067695334,6206.15
MACAPA,medium_active,medium,True,9,-0.019130001959155152,0.4023430320485729,0.42147303400772806,3.7653880523523355,170.94291009227618,167.17752203992384,-0.0034717212731754793,0.05916829799743148,0.06264001927060696,0.04628626260467117,2.4043210813925504,2.3580348187878792,-0.0008747552578234064,0.10326531198467297,0.10414006724249637,0.004961154394459322,0.20513314593213092,0.2001719915376716,6275.8
MANAUS,medium_active,medium,True,0,0.0031795538832426473,0.38607000358235005,0.3828904496991074,-6.216420170600202,186.94999709629744,193.16641726689764,0.010718146549970976,0.0723062204628432,0.06158807391287222,0.004454143595010507,2.4204310022625024,2.415976858667492,0.006944697505064629,0.08797085671224095,0.08102615920717632,0.11771338802920324,0.21777196661800735,0.10005857858880411,25281.366666666665
MANAUS,medium_active,medium,True,1,0.0034542455637184277,0.38998373882822296,0.38652949326450453,5.379541779936233,191.95627502992582,186.5767332499896,-0.0006328271530888635,0.07052476752334559,0.07115759467643445,0.02698845003713979,2.4282816789468566,2.401293228909717,-0.004032963483314916,0.08433387097095925,0.08836683445427417,-0.0573275792155086,0.18920683552529421,0.24653441474080282,25284.433333333334
MANAUS,medium_active,medium,True,2,0.003947287859096205,0.3912694247615294,0.3873221369024332,-6.325755550923958,189.0700600263871,195.39581557731105,-0.0009290056913913297,0.060236943280560826,0.061165948971952155,0.021435710851958945,2.4296097201057014,2.4081740092537425,0.0079178911983393,0.08407049038506166,0.07615259918672236,0.028206280069962092,0.129740883243555,0.10153460317359292,25281.6
MANAUS,medium_active,medium,True,3,-0.0037956750278790308,0.3884597723531422,0.39225544738102125,14.677065748044186,189.22701426878842,174.54994852074424,0.005684625727343483,0.06576970796406043,0.06008508223671694,0.012123417697505356,2.429322843583914,2.4171994258864085,-0.008775236901071654,0.08740943108264672,0.09618466798371837,-0.031249438378200378,0.15965712613340585,0.19090656451160623,25283.633333333335
MANAUS,medium_active,medium,True,4,-0.0010902621354791364,0.3849904851201233,0.38608074725560243,3.6406092348260586,188.2444347252903,184.60382549046423,0.008562870333832226,0.07314819020559345,0.06458531987176122,0.02335023999417718,2.436324462343705,2.412974222349528,0.0018696361536269246,0.08898136551092788,0.08711172935730095,0.04045801547519229,0.22832455026236123,0.18786653478716894,25281.266666666666
MANAUS,medium_active,medium,True,5,0.005562506863449002,0.39153665862499515,0.38597415176154615,1.0927588649762185,187.63315752894067,186.54039866396445,0.01240954942843843,0.08309289034443638,0.07068334091599796,0.01803304085983104,2.425097546402962,2.407064505543131,0.003117996643498974,0.08600376777865838,0.08288577113515941,0.13019823687682605,0.32812649414962536,0.1979282572727993,25283.6
MANAUS,medium_active,medium,True,6,0.004679432862487898,0.3906467135728922,0.3859672807104043,-0.12674116578870098,191.48668887056655,191.61343003635525,-0.0063759703745111945,0.07509157091660061,0.0814675412911118,0.019395000910892524,2.4269876490764455,2.407592648165553,0.00047677299096761383,0.08243148988977136,0.08195471689880375,-0.009337904726863078,0.2543369385560183,0.2636748432828814,25280.6
MANAUS,medium_active,medium,True,7,-0.0014499023681751044,0.38726809125835787,0.388717993626533,4.711006649191376,190.99479864895977,186.2837919997684,-0.013980686744095541,0.06581432101701729,0.07979500776111283,0.008494505150726361,2.424434234643302,2.4159397294925755,-0.000815243453618747,0.08304778376967867,0.08386302722329741,-0.07977114595926804,0.216295186073173,0.29606633203244104,25280.916666666668
MANAUS,medium_active,medium,True,8,-0.00444709089863321,0.3845202355376834,0.3889673264363166,-3.557503600752483,190.1340605404903,193.6915641412428,0.006116821671175152,0.07372211757252467,0.06760529590134952,0.02831667675875016,2.429365234483632,2.4010485577248817,0.004532476187099302,0.08397928970941598,0.07944681352231668,0.0703988591951347,0.2632801194462481,0.19288126025111338,25282.216666666667
MANAUS,medium_active,medium,True,9,0.004377464162961919,0.38538000007560413,0.3810025359126422,-1.7549995693169365,197.40856650645406,199.163566075771,-0.002361074647168601,0.06299732961284359,0.06535840426001219,0.020243506914156217,2.4353381422669553,2.415094635352799,0.0026934389533285197,0.07783893387316351,0.075145494919835,-0.029300716114377595,0.14093623438941866,0.17023695050379625,25282.25
RECIFE,medium_active,medium,True,0,-0.008284026214345652,0.5156889658186168,0.5239729920329624,-0.6957644527422815,140.27716582833511,140.9729302810774,0.0044207576824245864,0.07196826585649588,0.06754750817407129,0.03287431055500978,2.394283529837858,2.3614092192828484,0.00416993930965473,0.13607758582984744,0.1319076465201927,0.0011400945259884485,0.02500252069056591,0.023862426164577462,34139.083333333336
RECIFE,medium_active,medium,True,1,0.006400835928909943,0.5106220422542322,0.5042212063253223,2.335949040202763,141.6418817318785,139.30593269167574,0.001029454839023003,0.07144806719632289,0.07041861235729989,0.008024436029402615,2.3777398788801043,2.3697154428507017,-0.0005986561721150196,0.131696557693115,0.13229521386523002,-0.0004228487705603863,0.024347378966642404,0.02477022773720279,35111.833333333336
RECIFE,medium_active,medium,True,2,-0.015504685276195973,0.5095723425081777,0.5250770277843737,5.295892086579812,146.4805012293709,141.1846091427911,-0.005213626734654281,0.06924926255607014,0.07446288929072442,0.014935059678968354,2.38653235035746,2.3715972906784915,-0.006257204844674319,0.12643899371510894,0.13269619855978326,-0.002157574846878056,0.024186291097333428,0.026343865944211484,35185.75
RECIFE,medium_active,medium,True,3,0.001661578886512305,0.5094547681029337,0.5077931892164214,1.1136901278210019,143.44513201271835,142.33144188489734,0.00120244514668498,0.06815910230351568,0.0669566571568307,0.037595466443002934,2.3977162902288485,2.3601208237858455,0.0013988647196990223,0.13095268969893134,0.12955382497923232,0.0003999248951884922,0.024349314749251408,0.023949389854062916,34995.46666666667
RECIFE,medium_active,medium,True,4,-0.027102105859432846,0.4984046691584243,0.5255067750178571,-4.27392864456948,145.0109913318977,149.2849199764672,0.003289619530822227,0.07202139958605078,0.06873178005522855,0.01328463432427851,2.389022354831276,2.3757377205069976,0.006577890349067056,0.12988307484567474,0.12330518449660768,0.00010273545786775376,0.024236725836705705,0.02413399037883795,35388.316666666666
RECIFE,medium_active,medium,True,5,0.005748053227006,0.5155567269091262,0.5098086736821202,5.62664841540888,145.01662234158428,139.3899739261754,0.0029179699483594113,0.07344945120556194,0.07053148125720253,0.019977222023439545,2.3891846348138293,2.3692074127903897,-0.0027027599515706546,0.13186081580627124,0.1345635757578419,0.0003296488205859205,0.024285834109949906,0.023956185289363986,34525.51666666667
RECIFE,medium_active,medium,True,6,-0.018349775315697536,0.4916808938872606,0.5100306692029581,6.932671825706308,146.56409226293388,139.63142043722758,0.0036376739409881703,0.07190183346151864,0.06826415952053047,0.029892380301204113,2.3926566962053673,2.362764315904163,-0.003977834080005932,0.12901541756645502,0.13299325164646095,0.0003194467595181577,0.024486154926540393,0.024166708167022235,34743.6
RECIFE,medium_active,medium,True,7,0.009595371066632663,0.5102731396692732,0.5006777686026406,4.819817292719705,143.8174856250015,138.9976683322818,0.0013190736484088444,0.06976119548544688,0.06844212183703803,0.022825066541567907,2.386710999148514,2.363885932606946,-0.0011886195164139135,0.13053346115836237,0.13172208067477628,0.00041511643421727334,0.02449700534470192,0.024081888910484645,35257.73333333333
RECIFE,medium_active,medium,True,8,0.014180581971465711,0.5138486543522682,0.4996680723808025,-4.637332866344593,143.7179136205439,148.3552464868885,0.002841197355509792,0.07254381327367705,0.06970261591816726,0.023975184381479053,2.388439895291291,2.364464710909812,0.007503534651853133,0.13345456169861097,0.12595102704675784,0.0008695274687500892,0.024927631855177053,0.024058104386426964,34733.333333333336
RECIFE,medium_active,medium,True,9,0.009716767101863866,0.5170639618915586,0.5073471947896947,-7.875485359113952,136.8538627284803,144.72934808759425,-0.005388947634695648,0.06737996562338885,0.0727689132580845,0.0246578951895855,2.3919194264592263,2.367261531269641,0.007728860985596081,0.13725433532488646,0.12952547433929038,0.0004516248722645222,0.024545960687864844,0.02409433581560032,35040.98333333333
ARACAJU,high_inactive,high,False,0,0.0008679041371807972,0.442935109064042,0.4420672049268612,-0.9592653981474655,172.68611210936498,173.64537750751245,-0.0005583943367297173,0.08486237531886308,0.0854207696555928,-0.010747447179288105,2.5022855430048105,2.5130329901840986,-0.0018555646039203622,0.11237711870027094,0.1142326833041913,-0.03359010006972642,0.033667490498761304,0.06725759056848772,9515.183333333332
ARACAJU,high_inactive,high,False,1,0.018571765912238025,0.4492754665683564,0.43070370065611835,-7.53578595452916,159.77458270795933,167.3103686624885,0.0023278737517219428,0.08145436083646698,0.07912648708474504,0.005671048279139335,2.5046387533823284,2.498967705103189,0.0045532071401292035,0.12529471585665924,0.12074150871653004,0.01018583899137827,0.04052950416105002,0.03034366516967175,9128.916666666666
ARACAJU,high_inactive,high,False,2,-0.010569689187428677,0.4506243547942004,0.46119404398162905,5.949463189900712,165.12926679485994,159.17980360495923,-0.009877515516412971,0.07529328908148171,0.08517080459789468,0.002618664935845949,2.5187462323960204,2.5161275674601744,-0.0071927336383411505,0.1213808484202888,0.12857358205862995,-0.025807296803199008,0.03454119177498194,0.060348488578180946,9528.566666666668
ARACAJU,high_inactive,high,False,3,0.006693270875244017,0.43025690873208583,0.4235636378568418,10.089738712037956,175.22503576601991,165.13529705398196,0.00526651099792011,0.07450236818324646,0.06923585718532635,-0.004401750288761441,2.497235629128988,2.5016373794177493,-0.007621341815496563,0.1107478636596532,0.11836920547514976,0.0016649902215492667,0.03189510285149541,0.030230112629946144,9429.733333333334
ARACAJU,high_inactive,high,False,4,-0.008424136299644946,0.40908758217438734,0.4175117184740323,5.073789302464178,177.86102188529915,172.78723258283497,-0.009523199936493032,0.0672218852993239,0.07674508523581693,0.013342194685574071,2.525512273005757,2.512170078320183,-0.0038046488954492086,0.10512686483011852,0.10893151372556772,-0.0005083390767963505,0.02800668352521735,0.0285150226020137,9702.55
ARACAJU,high_inactive,high,False,5,0.009460413259936296,0.4516243201612021,0.4421639069012658,1.9969408253072913,183.04929436829846,181.05235354299117,0.00970662314605479,0.09229745950191812,0.08259083635586333,-0.002939466398082846,2.518498616175237,2.52143808257332,0.0004601306882066475,0.10395388875853447,0.10349375807032782,0.05055949439408437,0.08716218150068965,0.036602687106605275,9121.283333333333
ARACAJU,high_inactive,high,False,6,-0.014016735255098778,0.43580582017609093,0.4498225554311897,-11.2375803763031,164.19035586718473,175.42793624348784,0.0019249071104152776,0.08511388437119476,0.08318897726077948,0.0008671032271623247,2.4986204858735532,2.497753382646391,0.010189629140163026,0.12250797219173552,0.1123183430515725,-0.011184566141101446,0.03009993755736547,0.041284503698466916,9468.75
ARACAJU,high_inactive,high,False,7,-0.011115833060688585,0.4304893942731719,0.4416052273338605,3.353293464217103,175.31746555561284,171.96417209139574,-0.005292804599616674,0.07716000298373543,0.0824528075833521,-0.0038530600403450244,2.5118244498792897,2.5156775099196347,-0.004175296142910484,0.10912657995772551,0.113301876100636,-0.010164746354323122,0.029789422353546792,0.039954168707869914,9579.333333333334
ARACAJU,high_inactive,high,False,8,0.0017443019054647624,0.44165031897311197,0.4399060170676472,-10.111333229301124,166.63083662158587,176.742169850887,0.008320617220639398,0.08631961244125594,0.07799899522061654,-0.014290099396568667,2.496110046919162,2.510400146315731,0.011009129168637263,0.11901905487757015,0.10800992570893289,0.006794398920561447,0.038687709165306484,0.03189331024474504,9074.283333333333
ARACAJU,high_inactive,high,False,9,-0.0025782039015595504,0.44397314310785346,0.446551347009413,-7.837526223093931,168.25303686480578,176.0905630878997,-0.0020695769768688255,0.08075271807851211,0.08282229505538094,0.00026183470170648704,2.5030428377623206,2.502781003060614,0.0038956141543769612,0.11169214368953274,0.10779652953515578,0.0075879443201671,0.045625790073042585,0.038037845752875485,9255.95
BELO HORIZONTE,high_inactive,high,False,0,-0.012362498589692406,0.5946699110269075,0.6070324096165999,0.23109114381620088,160.15851211295677,159.92742096914057,0.0007374806742432849,0.07387864423243225,0.07314116355818896,0.0064164250953173685,2.5450467963385344,2.538630371243217,-0.0016678991699298207,0.130735940338155,0.13240383950808482,0.00020596716147491118,0.027727100668450088,0.027521133506975177,48842.11666666667
BELO HORIZONTE,high_inactive,high,False,1,-0.02081545400891538,0.6053058041306802,0.6261212581395956,3.223715519024836,154.92043598926915,151.69672047024432,-0.0013301442932977109,0.07340066933256488,0.07473081362586259,0.0012733332191139368,2.5390603085081223,2.5377869752890083,-0.004451142203699632,0.13405136216944558,0.1385025043731452,-0.0003971194320888244,0.028503207983489796,0.02890032741557862,48438.13333333333
BELO HORIZONTE,high_inactive,high,False,2,0.011016710086401815,0.6241943655525469,0.6131776554661451,-0.17417831454861243,151.3477542804337,151.5219325949823,0.002957052533571633,0.07487896988510444,0.0719219173515328,-0.002937555739241926,2.5365362434713123,2.5394737992105543,0.002499027630750439,0.13874013333364565,0.13624110570289522,0.0006475386095004844,0.02874497491682876,0.028097436307328274,48054.083333333336
BELO HORIZONTE,high_inactive,high,False,3,-8.419171514362223e-05,0.6131239874335169,0.6132081791486605,3.1473930060136865,154.41865673498964,151.27126372897595,-0.001518411389141952,0.07208851680526616,0.07360692819440812,-0.004902455408328343,2.5362038385447097,2.541106293953038,-0.0035100729894676774,0.13584292592716368,0.13935299891663136,-0.00028473939504379195,0.028287074652850068,0.02857181404789386,48363.5
BELO HORIZONTE,high_inactive,high,False,4,0.003355195400816413,0.602772753627142,0.5994175582263256,1.5222628736924548,156.52389229258685,155.0016294188944,0.0031405057713743273,0.07229310020808345,0.06915259443670912,-0.0038638529398480337,2.538368347448464,2.542232200388312,0.00026723391805386076,0.1352425729221953,0.13497533900414144,-0.0008886700668987828,0.028217346916610844,0.029106016983509626,49852.833333333336
BELO HORIZONTE,high_inactive,high,False,5,-0.02958620579562843,0.600104986815279,0.6296911926109074,-3.5163277862603763,153.29725231549122,156.8135801017516,-0.0012045039249640316,0.06792584960527875,0.06913035353024279,-0.004470435145724316,2.5391289627086966,2.543599397854421,0.00292908587173904,0.13579884772981518,0.13286976185807614,-0.0011126194953586625,0.027800844906800484,0.028913464402159146,49560.15
BELO HORIZONTE,high_inactive,high,False,6,-0.012127781959705541,0.5894112321614658,0.6015390141211714,-0.6434955040394641,156.68489695552302,157.32839245956248,0.0007302546700458518,0.07109856119603152,0.07036830652598566,0.0022246602568705143,2.540677018845303,2.5384523585884327,0.00039091570300148204,0.13353421796280418,0.1331433022598027,0.0008496509122494465,0.028525980889873348,0.0276763299776239,49874.55
BELO HORIZONTE,high_inactive,high,False,7,-0.010878068741840163,0.6092909608588503,0.6201690296006904,2.4607939316091176,153.72951363541563,151.2687197038065,0.001429035158102429,0.07042377079090693,0.0689947356328045,-0.0019874441697962375,2.535240734543026,2.537228178712822,-0.0017826207341739286,0.1356194108430156,0.13740203157718953,-0.00034446425502433417,0.027586495792802777,0.02793096004782711,49209.71666666667
BELO HORIZONTE,high_inactive,high,False,8,0.01653466833828454,0.6328374464992935,0.616302778161009,-2.9777658041725203,155.06607866075748,158.04384446493,-0.0032287113191332983,0.07242860250783002,0.07565731382696332,0.005879284437688703,2.543729635225212,2.537850350787523,0.0018409051831818346,0.1350789770688598,0.13323807188567796,0.0014052744127769044,0.02980188386968439,0.028396609456907487,48880.6
BELO HORIZONTE,high_inactive,high,False,9,-0.007835257468532197,0.6117763315577702,0.6196115890263024,1.6594709868030861,154.83458233397008,153.175111347167,0.000362757799759722,0.07296823561862187,0.07260547781886215,-0.003449246454331867,2.532516810654586,2.5359660571089178,-0.0019455099295101752,0.13443584841477135,0.13638135834428153,-1.9115943492461346e-05,0.027945843494838897,0.02796495943833136,49281.95
BOA VISTA,high_inactive,high,False,0,-0.007503531003751784,0.3864477983172548,0.39395132932100657,1.3862216204381923,201.0503124407075,199.6640908202693,0.0013596750333874016,0.06307111859995876,0.06171144356657136,0.017899934246571103,2.57874261464778,2.5608426804012088,-0.0008559879475279614,0.09183498643586918,0.09269097438339714,-0.006040180917663229,0.3615785983063119,0.3676187792239751,6472.45
BOA VISTA,high_inactive,high,False,1,-0.006278073649976679,0.40133914922525615,0.40761722287523283,-2.991733185653942,175.4298805105381,178.42161369619205,-0.007261561798207299,0.06247454667789252,0.06973610847609982,0.008420780046291654,2.528979685515554,2.5205589054692625,0.0029262649503967453,0.11241839451496147,0.10949212956456472,-0.007281996458241569,0.35005450384022524,0.3573365002984668,6486.366666666667
BOA VISTA,high_inactive,high,False,2,-0.009071771875221346,0.3872931195099853,0.39636489138520664,-5.8800371726252365,174.3445512298675,180.22458840249274,-0.008070804265085947,0.052548864082899834,0.06061966834798578,0.027377045726450167,2.52775266448787,2.50037561876142,0.004556045699795702,0.11358767877933279,0.10903163307953709,-0.006552595520751603,0.3279459167316385,0.3344985122523901,6477.633333333333
BOA VISTA,high_inactive,high,False,3,0.0014790195983190868,0.40225326365890823,0.40077424406058915,-12.723117570469782,177.93955199308465,190.66266956355443,-0.003555867083738194,0.059676144375818786,0.06323201145955698,-0.025435296416237207,2.537806778028233,2.5632420744444704,0.0058033650883465016,0.11151001076181233,0.10570664567346583,-0.020318091191354082,0.3237224889752926,0.3440405801666467,6482.65
BOA VISTA,high_inactive,high,False,4,-0.008948185732803537,0.3928797002098074,0.40182788594261093,3.6360049348991765,199.0026834756377,195.36667854073852,-0.004263461773863227,0.06170726082212836,0.06597072259599158,0.020754097592193155,2.546151014541008,2.525396916948815,-0.0021844243492473853,0.08712214819113125,0.08930657254037863,-0.06752045936461748,0.321598089376784,0.3891185487414015,6478.916666666667
BOA VISTA,high_inactive,high,False,5,0.007865476865620391,0.4081412187029542,0.40027574183733383,-5.151468121113652,167.71564477552528,172.86711289663893,0.0022909728560211104,0.05729097807486214,0.055000005218841026,-0.013221468591135821,2.544545785757809,2.5577672543489447,0.00029684090969099575,0.11783323673449053,0.11753639582479954,0.046215936886776776,0.36759246132565854,0.32137652443888176,6478.616666666667
BOA VISTA,high_inactive,high,False,6,0.015865442221703274,0.39642115674149053,0.38055571451978726,-3.195649365093516,181.05333309478746,184.24898245988098,0.010047470220877631,0.06441086514192759,0.05436339492104996,0.0030941211162898163,2.536946190319704,2.533852069203414,0.004915409252537625,0.10950700819931539,0.10459159894677776,0.07623817756394624,0.35039139904079936,0.2741532214768531,6477.716666666666
BOA VISTA,high_inactive,high,False,7,-0.0010688084010354593,0.3909439423224927,0.39201275072352815,4.197808736968369,189.66569352886646,185.4678847918981,-0.0046058153572795385,0.0600619457537976,0.06466776111107714,0.014590951839862143,2.5494572040803614,2.534866252240499,-0.0012750990895185887,0.0998268230640122,0.10110192215353078,-0.041781881977797475,0.31077159802543186,0.35255348000322934,6478.7
BOA VISTA,high_inactive,high,False,8,-0.0015061034780499694,0.3942115716265814,0.39571767510463135,-4.048959522745065,174.27393144294692,178.32289096569198,-0.0019178996418701758,0.05762010185420843,0.05953800149607861,-0.03481286019340901,2.5100777395986866,2.5448905997920956,-0.003347190097706204,0.10838383581804016,0.11173102591574637,0.03296958390512422,0.36704889866311585,0.33407931475799163,6481.966666666666
BOA VISTA,high_inactive,high,False,9,0.0007949967223120358,0.39585489697275705,0.395059900250445,-3.4583224205281056,187.19873659158924,190.65705901211734,0.007525399594208962,0.059225693296595334,0.05170029370238637,-0.004556549704298973,2.5452438879411217,2.5498004376454206,0.0010585032631542785,0.09980325663301833,0.09874475336986405,0.04410799181579467,0.3359716645804453,0.29186367276465064,6479.283333333334
BRASILIA,high_inactive,high,False,0,0.008578265902231541,0.45679745706540426,0.4482191911631727,-4.510480780837099,197.2367036437403,201.7471844245774,0.003172991395137645,0.10140702793708395,0.0982340365419463,-0.008790398647740894,2.6821718286560596,2.6909622273038005,0.0030903599617847777,0.09727634462087492,0.09418598465909014,-0.0003919992546637524,0.034636312748558454,0.035028312003222206,39784.11666666667
BRASILIA,high_inactive,high,False,1,-0.0005288964022409637,0.452536319185066,0.45306521558730695,-5.238512452057876,191.3529512887764,196.59146374083429,-0.0019445941779980686,0.09543589898214931,0.09738049316014738,0.0032943197280799197,2.6839611983580487,2.6806668786299688,0.0036272056757366555,0.10301560559672164,0.09938839992098498,-0.00015886402416404044,0.034906069716077535,0.035064933740241576,39550.85
BRASILIA,high_inactive,high,False,2,0.0026119693243980002,0.448798951710936,0.446186982386538,0.7279189835416844,200.80633069888734,200.07841171534565,0.005049418391958174,0.09827639944433596,0.09322698105237778,0.0008779160709213585,2.6916809920719493,2.690803076001028,-4.5579077977281335e-05,0.09619522874999581,0.09624080782797309,0.00048820532242687537,0.03481218807697231,0.034323982754545436,39406.9
BRASILIA,high_inactive,high,False,3,0.002277295702932447,0.4572574165539721,0.45498012085103967,-1.6202222517114535,191.83884853275168,193.45907078446314,-0.0009037221696107517,0.10168500253475035,0.1025887247043611,0.0009639872711231234,2.6810982211726255,2.6801342339015024,0.0011164580539869129,0.10120672718982023,0.10009026913583331,-0.00016556268534533708,0.03458362933479066,0.034749192020135995,39767.88333333333
BRASILIA,high_inactive,high,False,4,-0.004177425323465156,0.4540515996945363,0.45822902501800145,-0.8434609074663797,193.47618720516576,194.31964811263214,0.0003226081838006989,0.09878472207731001,0.09846211389350931,-0.004428808658112793,2.677988141812458,2.6824169504705706,0.0012868684612591663,0.10248140803650396,0.1011945395752448,4.7928185658269173e-05,0.03431543734477256,0.03426750915911429,39731.76666666667
BRASILIA,high_inactive,high,False,5,-0.007439190952487407,0.4464275706633268,0.4538667616158142,-2.3181242121785886,196.78021215645796,199.09833636863655,-0.00473836260766107,0.09466056530881392,0.09939892791647499,0.0061534408924357464,2.6919602117676447,2.685806770875209,0.0036750055071629456,0.09959085095524842,0.09591584544808547,-0.0002374816200698543,0.03446654503007091,0.03470402665014077,40551.5
BRASILIA,high_inactive,high,False,6,-0.0017348131803705535,0.44800669265165494,0.4497415058320255,-7.720218444001262,189.53625788642748,197.25647633042874,-0.004721593315348396,0.09464569266622108,0.09936728598156948,-0.003998231020632126,2.6828185662951407,2.686816797315773,0.0035140982540297905,0.10416678948760928,0.10065269123357949,-0.0009952935388678821,0.03406072577053152,0.0350560193093994,40823.083333333336
BRASILIA,high_inactive,high,False,7,0.006986168424085282,0.4598107796611879,0.4528246112371026,7.778958867713669,201.2017686036265,193.42280973591284,0.0030535608335471864,0.10073450793914722,0.09768094710560003,-4.292756254997698e-05,2.6836121566911664,2.6836550842537163,-0.003875723158578079,0.09654498959042589,0.10042071274900397,-0.00045315945659989837,0.03450720539660719,0.03496036485320709,40172.28333333333
BRASILIA,high_inactive,high,False,8,-0.0003552766545059649,0.44983901178267705,0.450194288437183,0.34644437633036773,192.71582904402763,192.36938466769726,0.003707049583642208,0.10270780161260364,0.09900075202896143,-0.0015515906869842944,2.6825479928959792,2.6840995835829635,6.274088596515404e-05,0.10090389139226835,0.1008411505063032,0.00022916516713972906,0.034421791299336466,0.034192626132196736,40168.26666666667
BRASILIA,high_inactive,high,False,9,-0.005581182526162409,0.44733654605511314,0.45291772858127555,-2.437495644774259,194.08528719764337,196.52278284241763,0.0002687431055585915,0.10108304814727127,0.10081430504171268,-0.010214233870090794,2.6852561285704786,2.6954703624405694,0.0026434339458717565,0.10083785534464625,0.09819442139877449,-0.0003758332430133446,0.03511977677987247,0.035495610022885815,40153.083333333336
CAMPO GRANDE,high_inactive,high,False,0,-0.00027129902195116573,0.37387647402666935,0.3741477730486205,-2.701601162437896,165.11169954473647,167.81330070717436,-0.0003190963432050109,0.049637750694968494,0.049956847038173505,0.016390053062706578,2.67007394369297,2.6536838906302633,0.005500892953776038,0.1324628526957458,0.12696195974196975,-0.0001851010603240305,0.03651923524320707,0.0367043363035311,10236.333333333334
CAMPO GRANDE,high_inactive,high,False,1,0.0028141745355743653,0.37891921079640184,0.3761050362608275,-1.365294923320505,174.62707253103815,175.99236745435866,-0.0010357441896150926,0.05091396697192448,0.051949711161539576,-0.004254234741057683,2.6652689859068293,2.669523220647887,0.0004576449122175863,0.12161462059320415,0.12115697568098656,-0.00014034950289610465,0.03624811620970502,0.036388465712601126,10237.283333333333
CAMPO GRANDE,high_inactive,high,False,2,0.0006265629422010921,0.3738277990757145,0.3732012361335134,0.12024769657628553,185.62179491584595,185.50154721926967,-0.0010677892937232814,0.053465269298987574,0.054533058592710855,-0.011394467464378,2.6589365020882663,2.6703309695526443,-0.0018176626136771207,0.11565006335841445,0.11746772597209157,-0.00026744458146699124,0.036165812167601306,0.0364332567490683,10238.433333333332
CAMPO GRANDE,high_inactive,high,False,3,-0.003700704115357223,0.376560587287773,0.3802612914031302,8.969898596529532,194.18404474263525,185.21414614610572,0.0004286322432706102,0.05627903661861001,0.0558504043753394,0.015026987194722619,2.6879732677985286,2.672946280603806,-0.006215150967738725,0.10692520091757021,0.11314035188530894,0.00046071715119366113,0.03669313489927355,0.036232417748079886,10237.433333333332
CAMPO GRANDE,high_inactive,high,False,4,0.0015483477302730142,0.3779672556344577,0.3764189079041847,-3.579073834114695,182.15189121252564,185.73096504664034,-0.000595306259573998,0.05335880255720664,0.05395410881678064,-0.015052632327095417,2.6682578540101147,2.68331048633721,0.002673220484280453,0.12002760699213369,0.11735438650785324,-0.00026950785434597113,0.03707974660106212,0.03734925445540809,10237.55
CAMPO GRANDE,high_inactive,high,False,5,0.0035133557459083864,0.3775917803768824,0.374078424630974,2.9132263830833267,178.84653746809786,175.93331108501454,0.0008271427320656541,0.052441007594784685,0.05161386486271903,-0.003888620338300619,2.6689096865803266,2.672798306918627,-0.0015336734229273868,0.11828512371580825,0.11981879713873564,-0.00019386852469577276,0.03483932697456213,0.0350331954992579,10236.566666666668
CAMPO GRANDE,high_inactive,high,False,6,-0.0024331045131217865,0.37512003164733265,0.37755313616045444,3.8513745004746625,178.69753935585877,174.8461648553841,0.0012177949439736158,0.05355640765758212,0.052338612713608505,0.010363455643122688,2.6710557683878875,2.660692312744765,-0.00023687357810175946,0.12158369365981316,0.12182056723791491,0.0014920853576212145,0.03698774001302718,0.03549565465540597,10237.55
CAMPO GRANDE,high_inactive,high,False,7,-8.851192853742695e-05,0.3794135760036009,0.37950208793213835,9.84998516079429,179.11975272483434,169.26976756404005,0.0012705795201271575,0.05267959344774636,0.0514090139276192,0.018874851884155497,2.6739231417753464,2.655048289891191,-0.009494380017772447,0.12002619377053853,0.12952057378831097,0.001434114344084976,0.03807634322886573,0.036642228884780755,10238.4
CAMPO GRANDE,high_inactive,high,False,8,0.0015991213424205175,0.3798378163116579,0.3782386949692374,1.1382913127694962,180.27303912616676,179.13474781339727,0.001441752999046933,0.05326180682240305,0.05182005382335612,-0.0021153909510340796,2.68116266309485,2.6832780540458843,-0.0005901374941927051,0.1220192718170301,0.1226094093112228,0.00010617074277484428,0.03741208502791383,0.037305914285138984,10237.3
CAMPO GRANDE,high_inactive,high,False,9,0.0013592180543712251,0.3787750766966249,0.3774158586422537,9.41767091581761,181.85671843996158,172.43904752414397,-0.000891027538123243,0.05062078909270253,0.051511816630825775,0.0028923321750862208,2.6705086869541526,2.6676163547790663,-0.010523585918401301,0.11613823217055355,0.12666181808895485,-0.0006084378301226823,0.03624192722188455,0.036850365052007235,10239.816666666668
CURITIBA,high_inactive,high,False,0,0.012629879602222283,0.4930425699853739,0.4804126903831516,2.61134119656856,161.40965984183444,158.79831864526588,-0.003176727754437225,0.06684622692501394,0.07002295467945116,0.003767861012191176,2.5286144031928424,2.524846542180651,-0.0009993802301588306,0.1308430899046316,0.13184247013479042,0.0015566063490221257,0.03373240752459587,0.03217580117557375,32256.9
CURITIBA,high_inactive,high,False,1,0.00604741882403137,0.49234200579349746,0.4862945869694661,-0.023265259041465924,157.69046974404696,157.71373500308843,0.002108077538649042,0.0690809176525891,0.06697284011394006,0.004206214098228855,2.5346413216308084,2.5304351075325795,-4.329386569279503e-05,0.133675234535675,0.1337185284013678,0.0018530091726598613,0.03423678136651786,0.032383772193858,31995.25
CURITIBA,high_inactive,high,False,2,0.0008252660350905328,0.48176237928399157,0.48093711324890104,2.101904347177822,160.39189024188877,158.28998589471095,0.0024854221459247733,0.07195965664376543,0.06947423449784065,0.006616060655153078,2.533004326783565,2.526388266128412,-6.950025518268066e-05,0.13315437024310756,0.13322387049829024,-3.8820780316507764e-05,0.032726890280760125,0.03276571106107663,31949.783333333333
CURITIBA,high_inactive,high,False,3,0.01115138927169168,0.4866963830380033,0.4755449937663116,-6.450343238478808,156.18839954956897,162.63874278804778,-0.001147806679727928,0.06830275759684304,0.06945056427657097,-0.008607271198080468,2.525801149163389,2.5344084203614696,0.002825209304203158,0.1345933011722001,0.13176809186799696,0.00011016781922760371,0.033161933016554,0.033051765197326395,32267.966666666667
CURITIBA,high_inactive,high,False,4,0.014883564499657942,0.487997996025954,0.47311443152629606,0.8236882835624328,157.65248017171925,156.82879188815681,-0.002311299701312955,0.06557410138250586,0.06788540108381881,0.0020159028419857172,2.521033639070377,2.5190177362283914,0.0007483712076231941,0.13517251208911352,0.13442414088149032,0.000550752999962642,0.034393128620911956,0.033842375620949314,32151.466666666667
CURITIBA,high_inactive,high,False,5,-0.006599115635976205,0.47384477777905926,0.48044389341503546,-0.054393799700875434,163.07974666776985,163.13414046747073,0.0008342534584844241,0.07030766818956274,0.06947341473107832,0.0015883617257888005,2.5377768889163783,2.5361885271905895,0.0006837024726307483,0.1298634036271666,0.12917970115453586,-0.0007064765323841343,0.03216852328145158,0.032874999813835716,32225.35
CURITIBA,high_inactive,high,False,6,0.038455946832052224,0.5299295041401627,0.4914735573081105,5.40582950031245,159.27251296833305,153.8666834680206,-0.0018755448085135407,0.06721887492718735,0.0690944197357009,0.004438683063435533,2.537909989590541,2.5334713065271055,-0.005600181904603735,0.13207915651596444,0.13767933842056818,0.0001829323355916554,0.03395207127246413,0.03376913893687247,31892.866666666665
CURITIBA,high_inactive,high,False,7,-0.011342293615441756,0.47596358576633674,0.4873058793817785,4.135567452810477,155.20242596369346,151.06685851088298,0.001372582784923887,0.06690571329554008,0.0655331305106162,-0.001804055055004472,2.5294960588130175,2.531300113868022,-0.0036834190354121388,0.13533770190867053,0.13902112094408267,-0.0013506641521112,0.03085281650489112,0.03220348065700232,32126.966666666667
CURITIBA,high_inactive,high,False,8,-0.004792674381143502,0.47153786985071217,0.47633054423185567,5.934748740212939,162.01679902482746,156.08205028461452,0.001392599428347338,0.06837489978105361,0.06698230035270628,0.0023520579514175743,2.537242613871476,2.5348905559200583,-0.0028988474408674914,0.13149905831419656,0.13439790575506405,0.0004610436613335864,0.03217398452522644,0.031712940863892855,32231.25
CURITIBA,high_inactive,high,False,9,0.003000729109588207,0.5004296651928454,0.49742893608325717,-3.1155966685461465,159.69569617444557,162.81129284299172,-0.0010381715174529321,0.06793252647186389,0.06897069798931682,-0.0063014653329402925,2.528631355578532,2.534932820911472,0.003192913805398656,0.13306825698863062,0.12987534318323196,0.0006093094290783932,0.03373705091998028,0.033127741490901884,32195.033333333333
FLORIANOPOLIS,high_inactive,high,False,0,0.025629971380661698,0.45274210954255595,0.42711213816189425,-2.607394837672871,193.7967776176278,196.40417245530068,0.0052386544355272485,0.07058625624309109,0.06534760180756384,-0.008198024907582369,2.5918191522722567,2.600017177179839,0.0004221810129611814,0.11069012954916488,0.1102679485362037,0.0035710796553537275,0.034493720384157586,0.03092264072880386,12602.683333333332
FLORIANOPOLIS,high_inactive,high,False,1,-0.014946837638506572,0.4425957483594531,0.45754258599795966,0.7135980195465379,202.02909142393486,201.31549340438832,-0.002047303931857522,0.0726377782157222,0.07468508214757973,0.006961284623248076,2.614536401560154,2.607575116936906,-0.0022270695339205865,0.10810862654061935,0.11033569607453994,-0.000612295661223998,0.03299656424189272,0.03360885990311672,12593.683333333332
FLORIANOPOLIS,high_inactive,high,False,2,0.0012852744533556337,0.4589464687797942,0.4576611943264386,-4.0540819780391075,199.06678200308656,203.12086398112567,0.005788087580182261,0.07926784954680399,0.07347976196662173,0.003913179825789648,2.6106360451777935,2.606722865352004,0.0001735598533527255,0.10739612151188652,0.10722256165853379,-0.0004952145592546156,0.033725998570366636,0.03422121312962125,12461.0
FLORIANOPOLIS,high_inactive,high,False,3,-0.02926591403765766,0.43412855027993946,0.4633944643175971,-3.2262461214764926,200.74285400670945,203.96910012818594,0.0061674030615214565,0.07265999771820501,0.06649259465668356,-0.010636943930274256,2.6142132133113103,2.6248501572415845,2.9516977614107986e-05,0.10759984743094884,0.10757033045333474,0.0007169842338313817,0.03228871991350995,0.03157173567967857,12627.816666666668
FLORIANOPOLIS,high_inactive,high,False,4,0.01942809669536849,0.4546056604773419,0.4351775637819734,-5.56979391496094,199.45382349250363,205.02361740746457,-0.0029636938620656444,0.07716413886950862,0.08012783273157427,-0.01592059618536057,2.602619402901344,2.6185399990867047,0.0030930350368235937,0.10918080094172454,0.10608776590490095,0.002137784814831796,0.03339827861271148,0.031260493797879686,12764.783333333333
FLORIANOPOLIS,high_inactive,high,False,5,-0.0031778647640311464,0.444968077708734,0.4481459424727651,-4.645823481187847,195.9743228524923,200.62014633368014,0.005388570087308822,0.07244597249836336,0.06705740241105454,0.005384140278473559,2.611636169258139,2.6062520289796653,0.0037896851379576046,0.11040840279710167,0.10661871765914406,0.001389867736834298,0.033651426449098715,0.03226155871226442,12640.25
FLORIANOPOLIS,high_inactive,high,False,6,-0.023706752944631204,0.439480795472441,0.4631875484170722,1.2572131700970033,201.19079293897337,199.93357976887637,0.0023785859083957084,0.07152654303126714,0.06914795712287143,0.0004591233132771322,2.6075332362212102,2.607074112907933,0.00130307530989561,0.10750283744877212,0.10619976213887651,-0.0006478610424948614,0.03270266431686583,0.03335052535936069,13055.3
FLORIANOPOLIS,high_inactive,high,False,7,0.014673449865346522,0.4644657463053844,0.4497922964400379,-1.8040613694396086,193.96864607118593,195.77270744062554,0.0006777363778917023,0.07253802940942512,0.07186029303153342,-0.01439365657894598,2.573739387059855,2.588133043638801,-0.0017492478977001874,0.11148305078009806,0.11323229867779824,0.0006733918777212106,0.03327259069457869,0.03259919881685748,13668.85
FLORIANOPOLIS,high_inactive,high,False,8,-0.009567535661696436,0.4821745150619093,0.4917420507236057,-0.9034747910474437,194.2492183845489,195.15269317559634,-0.003160625171447898,0.0706923224107928,0.0738529475822407,-0.006112899568276209,2.5952399428122552,2.6013528423805314,-0.0038998794749854487,0.10987868689228544,0.11377856636727089,0.00037375753823626345,0.03499136020565499,0.03461760266741873,13003.15
FLORIANOPOLIS,high_inactive,high,False,9,-0.0008145514729782088,0.43505067051486734,0.43586522198784555,7.145797105078003,202.68386032507095,195.53806321999295,0.0007219351863176765,0.071460220549137,0.07073828536281933,0.005682887689467897,2.6380981874270057,2.632415299737538,-0.0017834709849805647,0.11143504233181342,0.11321851331679399,-0.0012046243765590561,0.0310718462286936,0.032276470605252655,12261.2
FORTALEZA,high_inactive,high,False,0,0.0002297331730714003,0.47183123994208603,0.47160150676901463,2.3630493701130604,168.51047405265484,166.14742468254178,0.014748824842221078,0.09380197310109102,0.07905314825886994,0.0009999856397509,2.485632337448729,2.484632351808978,-0.002919548366599717,0.11035244002355785,0.11327198839015756,0.10994420537989451,0.1814158473555328,0.07147164197563828,34264.36666666667
FORTALEZA,high_inactive,high,False,1,-0.00537723369325932,0.470819926472134,0.4761971601653933,-0.3458484866036997,169.5124145577858,169.8582630443895,-0.0015319190476270478,0.08403469281233727,0.08556661185996432,0.0021384184180921473,2.4765843337682685,2.4744459153501763,-0.0010752595280802135,0.11023402456725884,0.11130928409533905,0.017732128744921652,0.10466370030621039,0.08693157156128874,35023.816666666666
FORTALEZA,high_inactive,high,False,2,-0.0010975528351939712,0.4778444467480588,0.4789419995832528,4.130620609680449,177.68950273371897,173.55888212403852,-0.0005223252292579778,0.08883911936055368,0.08936144458981166,0.001008124973589375,2.47785922277452,2.476851097800931,-0.005089152379222028,0.10483490518827422,0.10992405756749625,-0.01633863936253345,0.0987026151589922,0.11504125452152565,34566.36666666667
FORTALEZA,high_inactive,high,False,3,-0.002101234525827167,0.48191667241151087,0.48401790693733804,10.528537179881226,176.80337891065787,166.27484173077664,-0.00010704810731437808,0.09177337947335598,0.09188042758067036,0.010884544179449396,2.477390492600793,2.4665059484213434,-0.004446245211427641,0.10730668943902215,0.11175293465044979,-0.021318686952327706,0.1083376643629217,0.1296563513152494,34706.76666666667
FORTALEZA,high_inactive,high,False,4,-0.005382901726387723,0.4741507884293984,0.4795336901557861,-5.858288484465589,171.9053443147325,177.7636327991981,-0.009211071099829798,0.09041009138264335,0.09962116248247314,0.008191084087738165,2.485752409127426,2.4775613250396877,0.0025368341405491573,0.11112430653643401,0.10858747239588486,-0.026736117804688653,0.1318668306931743,0.15860294849786294,33806.433333333334
FORTALEZA,high_inactive,high,False,5,0.0055778833402198025,0.48210411730609654,0.47652623396587673,-0.2606413345277758,173.107245487849,173.3678868223768,0.008981044300437599,0.09871011271176645,0.08972906841132886,0.001865894515696187,2.4774208673820173,2.475554972866321,0.000422478072874391,0.1104661174931014,0.110043639420227,0.04387117683680178,0.12895309602128827,0.08508191918448649,33343.53333333333
FORTALEZA,high_inactive,high,False,6,0.0036018656178350428,0.47534343557180964,0.4717415699539746,5.921921386879632,167.6441998366668,161.72227844978715,0.006573233233279435,0.09019162053090521,0.08361838729762577,-0.00376186980783233,2.46774159736622,2.471503467174052,-0.0058194997561287765,0.11241346600381655,0.11823296575994532,0.06076076936347088,0.11537079465580787,0.05461002529233699,34290.38333333333
FORTALEZA,high_inactive,high,False,7,-0.0020382764161347433,0.4815548629920273,0.48359313940816206,4.95416237922538,180.82928794216454,175.87512556293916,-0.00042357116492108826,0.09685883163826355,0.09728240280318463,0.0030926686033394546,2.478544485311708,2.4754518167083686,-0.004690547208659121,0.10359020534203923,0.10828075255069836,0.0014458604293140498,0.15528562661564607,0.15383976618633202,33956.333333333336
FORTALEZA,high_inactive,high,False,8,0.010851428917348638,0.48748453209707004,0.4766331031797214,0.6406877207338937,175.3791077645258,174.7384200437919,0.010601847567690587,0.10287423458930224,0.09227238702161165,0.004328369863445758,2.486147944860909,2.481819574997463,0.0007759564073719222,0.11061713270626021,0.10984117629888829,0.06202759206332806,0.18779940614939095,0.1257718140860629,33594.71666666667
FORTALEZA,high_inactive,high,False,9,0.0037323498253598597,0.4772493231928907,0.47351697336753085,0.6314385967163503,179.5688286243461,178.93739002762976,0.0055596724294555006,0.09331685751296392,0.08775718508350842,0.00037181919238893357,2.4763478902238756,2.4759760710314866,0.001981152362685104,0.106845558034687,0.10486440567200189,0.018835764140966244,0.12238680288587309,0.10355103874490684,34194.51666666667
JOAO PESSOA,high_inactive,high,False,0,0.01167431167589944,0.41432284378524403,0.4026485321093446,1.4012097617752772,146.54369232101305,145.14248255923778,-0.004023725828507796,0.087027470513201,0.0910511963417088,-0.002824443265656118,2.5275123413583076,2.5303367846239637,-0.0038451069090956747,0.13895551035941064,0.14280061726850632,0.00046354902627408767,0.047869558282365186,0.0474060092560911,9582.133333333333
JOAO PESSOA,high_inactive,high,False,1,0.021473133318000326,0.4262119844695914,0.4047388511515911,-20.203387198571022,160.23208781321674,180.43547501178776,-0.008575891889344933,0.09010534444864769,0.09868123633799263,0.010700816784704248,2.539155395334218,2.5284545785495136,0.019359588837555508,0.12651422796995285,0.10715463913239734,0.00039183201884971514,0.045596203718433155,0.04520437169958344,9711.3
JOAO PESSOA,high_inactive,high,False,2,0.007528909134236483,0.4233908141210279,0.41586190498679143,-8.188200934145357,148.14266583542428,156.33086676956964,0.0044371443450720305,0.08997907409218517,0.08554192974711314,-0.006278004663747616,2.5291603895081662,2.535438394171914,0.00487027102124607,0.13763487615236267,0.1327646051311166,0.0017473082588896488,0.04744453573323149,0.045697227474341844,9648.416666666666
JOAO PESSOA,high_inactive,high,False,3,0.01006660519097341,0.4143314580362617,0.4042648528452883,-11.338118515158413,157.00546696655482,168.34358548171323,0.001272466012933876,0.0890343585178464,0.08776189250491252,0.0011913815277679873,2.519646587718588,2.51845520619082,0.0091058511433727,0.12879429734513165,0.11968844620175895,0.0009864929973653347,0.04378976805006761,0.042803275052702275,9903.666666666666
JOAO PESSOA,high_inactive,high,False,4,-0.003490256179775497,0.41169793057156384,0.41518818675133934,13.005071628440334,157.06815437881153,144.0630827503712,0.005808358620664519,0.09327655640164903,0.08746819778098451,-0.011112212367721863,2.5329845361744776,2.5440967485421995,-0.009305882828321926,0.13366152208038679,0.1429674049087087,-0.0004807629237088898,0.04864990849510046,0.04913067141880935,9942.733333333334
JOAO PESSOA,high_inactive,high,False,5,-0.0054964587666969655,0.41144124032789264,0.4169376990945896,-12.210610551948946,163.3960728825229,175.60668343447185,-0.004537317071537594,0.08990696390021696,0.09444428097175456,-0.010771621795201192,2.5287988284916154,2.5395704502868166,0.007044132507831424,0.1255637976382285,0.11851966513039708,-0.0010118812374898603,0.04654982092920612,0.04756170216669598,9859.866666666667
JOAO PESSOA,high_inactive,high,False,6,-0.0001364398786224963,0.4106244052383458,0.4107608451169683,-6.164258267767423,159.38215244375732,165.54641071152474,0.000106242399883133,0.091022719310953,0.09091647691106987,-0.006379239804236381,2.5311495762925458,2.537528816096782,0.005686157271273279,0.1297530258434482,0.12406686857217492,-0.001413860678904054,0.04594788145953942,0.04736174213844348,9813.05
JOAO PESSOA,high_inactive,high,False,7,-0.008397392894953448,0.3995458397798215,0.40794323267477495,1.446148753193853,165.5423682422196,164.09621948902574,-8.895850083248669e-06,0.0874353300606696,0.08744422591075285,-0.001314410911112951,2.5227065059366627,2.5240209168477756,0.0005147524782782714,0.12301800094002188,0.12250324846174361,-0.00197908491313864,0.04384781823213321,0.04582690314527185,10172.666666666666
JOAO PESSOA,high_inactive,high,False,8,-0.009172672382889047,0.4123940995622203,0.42156677194510933,-2.408869251868481,162.08159490102608,164.49046415289456,-0.001126689151370347,0.09115468673201105,0.0922813758833814,0.005863261224818839,2.534052587206564,2.528189325981745,0.0014448073304012127,0.1255713587693009,0.12412655143889968,-0.0010952646412241834,0.04593358351406563,0.047028848155289814,9712.666666666666
JOAO PESSOA,high_inactive,high,False,9,-0.01511329232654457,0.40082784599563337,0.41594113832217794,6.540030055906186,163.26815463622663,156.72812458032044,-0.004224243745296619,0.08651458792402945,0.09073883166932607,-0.013376029718585425,2.5166985864696536,2.530074616188239,-0.006668302057804595,0.12160084756932153,0.12826914962712613,-0.0012083090508537842,0.04503317056215264,0.046241479613006425,9975.916666666666
MACEIO,high_inactive,high,False,0,0.011825549711815042,0.38901418666535803,0.377188636953543,6.9870776727240695,162.47338290737645,155.48630523465238,0.00740613313242363,0.06934810162261443,0.0619419684901908,-0.0010287308174672383,2.4633113980447185,2.464340128862186,-0.0068851141914454544,0.11186118442562915,0.1187462986170746,-0.001093600658246225,0.026761000041209557,0.02785460069945578,11056.083333333334
MACEIO,high_inactive,high,False,1,0.0009860076663703587,0.3843415115071759,0.3833555038408055,13.165713397553247,165.3168485243082,152.15113512675495,0.007932559752959818,0.0625953827427677,0.05466282298980788,-0.0025695095242337374,2.4691457881454926,2.4717152976697263,-0.01024156029005964,0.11307402015562833,0.12331558044568797,0.0005134203887511846,0.02693558930527311,0.026422168916521927,11163.466666666667
MACEIO,high_inactive,high,False,2,0.0029139543385252042,0.39801559121520697,0.39510163687668176,11.946546504467591,159.1792806345631,147.2327341300955,0.002697433994231259,0.06158513895382798,0.05888770495959672,-0.012384401244597498,2.4589146618263507,2.471299063070948,-0.011565428095613353,0.11318314839290462,0.12474857648851798,0.0005156908498974398,0.027264185283244716,0.026748494433347276,11161.1
MACEIO,high_inactive,high,False,3,0.000475639949894191,0.3830759403215382,0.382600300371644,-4.751703228379739,150.2372716737738,154.98897490215353,-0.0012703970718524193,0.06003036472939028,0.0613007618012427,-0.0105123702358636,2.4717735394856555,2.482285909721519,0.0006812875176464284,0.1217923578394263,0.12111107032177987,0.001246553525546687,0.027990089261631358,0.02674353573608467,11133.966666666667
MACEIO,high_inactive,high,False,4,0.00019626318089654982,0.3936695155911601,0.39347325241026354,0.6797980797540788,162.71716232125445,162.03736424150037,-0.0031473319283054635,0.06578173308523882,0.06892906501354429,-0.010437475725792122,2.465355070308947,2.475792546034739,-0.0051063043240610895,0.11050256653666088,0.11560887086072197,0.00018587335452096426,0.02687660454059176,0.026690731186070796,11220.6
MACEIO,high_inactive,high,False,5,-0.0015449431595108698,0.4007747176535897,0.40231966081310055,-2.094784952364705,179.8004624521203,181.89524740448502,-0.002739681818426626,0.08409838942105326,0.08683807123947988,-0.0038220238941968354,2.460374588761628,2.464196612655825,0.003941571014791007,0.09995116597336076,0.09600959495856976,0.0011544038170231558,0.0369033750097353,0.03574897119271214,10811.816666666668
MACEIO,high_inactive,high,False,6,-0.0019194647009089238,0.38583868509428954,0.38775814979519846,-1.207536301111162,158.22152473758686,159.42906103869802,1.4725800985618265e-05,0.06721366342178217,0.06719893762079655,0.014194953820635181,2.4805238455022787,2.4663288916816435,0.0019864799213538814,0.11790535342690078,0.1159188735055469,-0.000271830473467103,0.026820647941054435,0.02709247841452154,11027.816666666668
MACEIO,high_inactive,high,False,7,-0.006689245018996259,0.38531816905553273,0.392007414074529,1.0264006013754283,154.39672683055494,153.3703262291795,0.0018165649050370727,0.06072647204776387,0.0589099071427268,-0.007937171578239699,2.47051967431879,2.4784568458970297,-0.002638451799975086,0.1192731208510228,0.12191157265099789,0.0003696730714247004,0.026105282702693928,0.025735609631269227,11227.15
MACEIO,high_inactive,high,False,8,0.0167312299237643,0.40491380190861925,0.38818257198485495,-1.1775455319260573,150.40302868234974,151.5805742142758,-0.003999677616988155,0.05465652779573452,0.05865620541272268,0.003593725356625388,2.4796912289082957,2.4760975035516704,0.002734267286989084,0.12555007307086666,0.12281580578387757,-0.0007737850381366665,0.027466644274173467,0.028240429312310134,11108.633333333333
MACEIO,high_inactive,high,False,9,0.007165151345687015,0.39300764124893495,0.38584248990324793,0.5529942023101455,159.63912279253634,159.0861285902262,-0.0024152117556822533,0.05896053616080424,0.06137574791648649,-0.003666270408942296,2.4707182417419133,2.4743845121508556,0.0022882222285576514,0.11897590102038176,0.11668767879182411,0.0007002558533422375,0.02757251957455753,0.026872263721215293,11193.816666666668
NATAL,high_inactive,high,False,0,0.0022425036466895976,0.4226606484377777,0.4204181447910881,-1.4976732374753112,149.46821367763218,150.9658869151075,0.00020600513150356714,0.07224776468420545,0.07204175955270188,0.014366482287556881,2.5075086384218803,2.4931421561343234,0.0036309383756061298,0.13476393318137733,0.1311329948057712,0.0004340070187618672,0.03497843170281264,0.03454442468405077,11948.5
NATAL,high_inactive,high,False,1,-0.0015684651408595096,0.4085816461759162,0.4101501113167757,-0.8134157796291959,162.44286257823626,163.25627835786545,0.000820405744518804,0.07290470048585342,0.07208429474133461,-0.0072267305700211,2.503245344652437,2.510472075222458,-0.001301446239603668,0.12138529597393731,0.12268674221354098,-0.00032397323920350246,0.03195127043055145,0.032275243669754955,12160.0
NATAL,high_inactive,high,False,2,0.007867390709756228,0.41912187097279735,0.4112544802630411,-4.330360549589699,155.78641831905412,160.11677886864382,0.0011674729079123314,0.07504696798350043,0.0738794950755881,-0.005832431665541371,2.4949162608108235,2.500748692476365,0.006482661400238815,0.12958863651659738,0.12310597511635857,0.011717291592247332,0.04576578821847997,0.03404849662623264,11954.5
NATAL,high_inactive,high,False,3,0.007479890966950953,0.4179412189455504,0.41046132797859947,-2.9310082635510355,153.79266850706972,156.72367677062076,0.003377600794302979,0.07272119854535282,0.06934359775104984,0.005334975118139962,2.5048065178644134,2.4994715427462735,0.0032240594656315347,0.12950630563256377,0.12628224616693223,0.003440868248683497,0.0349714967826417,0.0315306285339582,11973.766666666666
NATAL,high_inactive,high,False,4,-0.0036378078315751905,0.4134903010415671,0.4171281088731423,-9.133268872117299,147.87133994944233,157.00460882155963,-0.0027675741314042157,0.06937636654474652,0.07214394067615074,-0.0010083712073196693,2.4907919037230712,2.491800274930391,0.007138104622270769,0.13488027884292128,0.1277421742206505,-0.004673633935401281,0.03294864502721149,0.03762227896261277,12109.55
NATAL,high_inactive,high,False,5,0.006468703536496645,0.41798212131947327,0.4115134177829766,0.36393538052359986,165.9170936720417,165.5531582915181,0.004079865367084531,0.07515692732925018,0.07107706196216565,0.0011567753860193264,2.51481113396548,2.5136543585794606,0.0017866987730285333,0.12170245236611772,0.11991575359308919,-0.001996439441367494,0.034850898790884294,0.03684733823225179,11993.05
NATAL,high_inactive,high,False,6,0.004245215249044032,0.4223257733753259,0.41808055812628186,0.24790913429666261,154.92290319033472,154.67499405603806,-0.0014826066247549258,0.06992395632452215,0.07140656294927708,0.014055711348047062,2.5092723098682117,2.4952165985201646,-0.0017626016590292226,0.12670107472499506,0.12846367638402428,-0.002891449401964681,0.03529278328224577,0.03818423268421045,11860.683333333332
NATAL,high_inactive,high,False,7,-0.0051900066805452005,0.41165220401874497,0.41684221069929017,0.13109134157141966,158.591824613984,158.46073327241257,-0.004657775209014545,0.07360879104690479,0.07826656625591934,-0.008305966169228629,2.5239798939910463,2.532285860160275,-0.0017690854242402576,0.12861710097047557,0.13038618639471583,0.0015234707227389163,0.033664033784815035,0.03214056306207612,11887.25
NATAL,high_inactive,high,False,8,0.016292473628332915,0.4243520261550752,0.4080595525267423,3.16554044595577,158.83770068045925,155.67216023450348,0.0037884107721083277,0.07360346945458694,0.06981505868247861,-0.003959678552641677,2.509793645459968,2.5137533240126095,-0.0030781088301254644,0.12639036688248284,0.1294684757126083,0.0015233106076858807,0.03375230939729394,0.03222899878960806,11970.833333333334
NATAL,high_inactive,high,False,9,-0.0009374577215670032,0.40954598409045617,0.4104834418120232,-0.7075648396721022,156.10231156196411,156.80987640163622,-0.001418204157899547,0.06767848711162515,0.0690966912695247,0.0008708130210171028,2.5134280489320235,2.5125572359110064,-0.00033737788641827193,0.1290129348340613,0.12935031272047956,0.0001859818526704568,0.03221324415405851,0.032027262301388054,12075.216666666667
PALMAS,high_inactive,high,False,0,-0.007044879561898865,0.3762606601398308,0.38330553970172965,-0.34165972422854907,193.51837977606837,193.86003950029692,0.0006505475243770292,0.04488965580754623,0.0442391082831692,0.010204406297250834,2.5447832340421352,2.5345788277448844,0.002921290811074187,0.11173233399657244,0.10881104318549825,-0.0014707914046252768,0.0489745581060241,0.05044534951064938,3587.733333333333
PALMAS,high_inactive,high,False,1,-0.0010994870800726808,0.37985250684333843,0.3809519939234111,7.036084173059351,176.6607823657059,169.62469819264655,-0.0009685337435288363,0.03744007603359733,0.038408609777126165,-0.0022798918120852107,2.5013166094775787,2.503596501289664,-0.006978603039143438,0.11484948571738975,0.12182808875653318,0.002385922558864842,0.051687060931413405,0.04930113837254856,3587.516666666667
PALMAS,high_inactive,high,False,2,-0.005639518347396122,0.3673101198838796,0.37294963823127575,3.4906252654750745,197.55151264892538,194.0608873834503,4.764245651577709e-05,0.04455780943622337,0.04451016697970759,0.013751559830319504,2.545972461914776,2.5322209020844566,0.008199600569116783,0.10593645782403109,0.09773685725491431,0.00031076876920851926,0.04941318524809101,0.04910241647888249,3587.1
PALMAS,high_inactive,high,False,3,0.0018693831756997903,0.37628293367807764,0.37441355050237785,-14.758932119123529,194.79419287480178,209.5531249939253,-0.0011700270350148284,0.04121256204343357,0.0423825890784484,-0.025913046971284714,2.517326246599756,2.5432392935710406,0.007825612866834294,0.10024852057228624,0.09242290770545195,-0.0011599935085497282,0.04961119222622054,0.05077118573477027,3586.55
PALMAS,high_inactive,high,False,4,0.004440354705933625,0.372511918868632,0.3680715641626984,-1.5271910235917687,210.0298161171521,211.55700714074388,-0.0005641868640238676,0.04480604389609641,0.04537023076012028,-0.006452631397529718,2.5190288397800336,2.5254814711775633,-0.00035981602684861946,0.09052260245273362,0.09088241847958224,0.0018852875459256513,0.05052997956074287,0.04864469201481722,3585.6666666666665
PALMAS,high_inactive,high,False,5,0.006129194440548158,0.37988084164311364,0.3737516472025655,-1.271971266396747,193.9461217883891,195.21809305478584,0.0008751124770250071,0.04526205297692876,0.04438694049990375,-0.023135516566565872,2.5072898126372882,2.530425329203854,-0.0046578816790856375,0.10145495136816737,0.10611283304725301,0.0008157523108900389,0.050435957810701204,0.049620205499811165,3586.0
PALMAS,high_inactive,high,False,6,-0.013265515346574497,0.36691232967323234,0.38017784501980684,1.527354239552011,185.45931728278558,183.93196304323357,-0.004094617884505901,0.04503726636854243,0.04913188425304833,0.018688670532453155,2.5314436881989604,2.512755017666507,0.0031282127075297345,0.1121781859448093,0.10904997323727957,4.8933749539438465e-05,0.051225439547335744,0.051176505797796305,3586.6
PALMAS,high_inactive,high,False,7,-0.009102444868276938,0.3663171473055586,0.3754195921738355,-8.315000567516392,184.71324211697967,193.02824268449606,-0.004246637246807516,0.040310392909522826,0.04455703015633034,-0.0023979457814267136,2.524844990739134,2.527242936520561,0.01013961351436267,0.11117877721282166,0.10103916369845899,0.0011744971118961278,0.050068309200365466,0.04889381208846934,3586.65
PALMAS,high_inactive,high,False,8,0.004016629505133373,0.3776526086548063,0.37363597914967295,5.031460756926776,208.71939845760338,203.6879377006766,-0.004935622406664404,0.043516566423622734,0.04845218883028714,-0.013487113896624603,2.51458669557436,2.5280738094709845,-0.006680885803415734,0.08665220352575473,0.09333308932917046,-0.0005258859355802697,0.0487412612362181,0.04926714717179837,3585.55
PALMAS,high_inactive,high,False,9,0.011365094096715878,0.38884551734997197,0.3774804232532561,-3.4407937023181887,187.90526284736683,191.34605654968502,-0.0025514628650094642,0.0442355153659082,0.04678697823091767,0.003069924949980596,2.522269929340967,2.5192000043909863,0.0003133725262334103,0.10545831266933069,0.10514494014309728,0.0013307058964698928,0.049866550029210505,0.04853584413274061,3585.866666666667
PORTO ALEGRE,high_inactive,high,False,0,-0.014844012051282496,0.6789008733319706,0.6937448853832531,0.07658101620469893,183.81866415687958,183.74208314067488,-0.0016398254049937167,0.08209735310513959,0.0837371785101333,-0.0003917628277521068,3.5623290527540266,3.5627208155817787,0.007740080608527655,0.16958206022179675,0.1618419796132691,0.0007176509024399286,0.033369980923916846,0.03265233002147692,33752.433333333334
PORTO ALEGRE,high_inactive,high,False,1,0.018593547699215507,0.6893128640900622,0.6707193163908467,1.7879077069625282,188.13356361416123,186.3456559071987,0.003975757861110804,0.0889253254905741,0.08494956762946329,0.0029184599539249234,3.589280354895973,3.586361894942048,-0.0023836602661840844,0.15539753658308122,0.1577811968492653,0.0009426942719289247,0.0333935374274575,0.032450843155528576,33917.63333333333
PORTO ALEGRE,high_inactive,high,False,2,0.00615186416901603,0.6810564387613481,0.6749045745923321,-5.723552914371936,184.38311799791612,190.10667091228805,-0.003007186267573958,0.08273607973880193,0.08574326600637588,-0.004170800296153132,3.5962996148534856,3.6004704151496387,0.0031388460163781495,0.15553606437309284,0.1523972183567147,-0.0005329916492143177,0.032622694089497854,0.03315568573871217,33940.416666666664
PORTO ALEGRE,high_inactive,high,False,3,0.0065343665145928265,0.6946259929722062,0.6880916264576133,0.35813450206183006,186.2170026247247,185.85886812266287,0.0001507274251074664,0.0823344433824817,0.08218371595737424,0.009333562435848375,3.5800950689400564,3.570761506504208,-0.0020928483495229466,0.16764424805710662,0.16973709640662957,0.0003582893152405328,0.03260113075749778,0.032242841442257246,33487.25
PORTO ALEGRE,high_inactive,high,False,4,0.025053510309478777,0.7075901267271246,0.6825366164176458,-2.0692658995048134,188.73156903929367,190.8008349387985,0.00170893055607782,0.08376090632895647,0.08205197577287865,0.009141851077384189,3.5804260345313343,3.57128418345395,0.0005143604097248566,0.15678566320931575,0.1562713027995909,0.0005108521918712819,0.032857755366340134,0.03234690317446885,34193.71666666667
PORTO ALEGRE,high_inactive,high,False,5,0.0003237009707045546,0.6861352555285184,0.6858115545578138,4.539056420614571,191.48760963415677,186.9485532135422,0.0014133371021598368,0.08748897798845526,0.08607564088629542,0.0010888559000008513,3.566542890241485,3.5654540343414842,-0.00038927685555720237,0.16176028329460446,0.16214956015016166,-0.0003802232502098449,0.0326253557870195,0.033005579037229345,33837.183333333334
PORTO ALEGRE,high_inactive,high,False,6,0.00904289556167348,0.6861151753228655,0.677072279761192,-4.443319637343137,184.2098794951921,188.65319913253524,0.006091342697045046,0.0864067756220753,0.08031543292503025,-0.005842542628609948,3.5745019575492774,3.5803445001778873,0.003322499308196253,0.16105967105737157,0.15773717174917531,-0.0003473309774790073,0.032313909793408056,0.032661240770887064,33536.166666666664
PORTO ALEGRE,high_inactive,high,False,7,-0.018388864528977034,0.6966420512938877,0.7150309158228647,1.3596345097739402,187.92183061024235,186.5621961004684,-0.002505766208342003,0.08380349930153967,0.08630926550988167,0.0032544609372515687,3.5866225954535005,3.583368134516249,-0.0010231328573466203,0.15825561099299368,0.1592787438503403,-0.0009356314461946499,0.03193246435602699,0.03286809580222164,33905.01666666667
PORTO ALEGRE,high_inactive,high,False,8,0.005286605510598452,0.717114521349912,0.7118279158393136,-1.0000959791744322,185.37170099263554,186.37179697180997,0.0007012628166487012,0.08580886303228615,0.08510760021563744,-0.006663576928604975,3.58444592914626,3.591109506074865,-0.003263846291494593,0.1566371738104885,0.1599010201019831,0.0005292570250576487,0.03340184632619683,0.032872589301139184,33857.0
PORTO ALEGRE,high_inactive,high,False,9,-0.024316407268538676,0.6766629394779858,0.7009793467465245,3.95535009216772,187.61990509632477,183.66455500415705,-0.0018927374085014603,0.07939309484978273,0.08128583225828419,-0.003939828839408133,3.5980777387127327,3.602017567552141,-0.0003327763671928108,0.15398812948854845,0.15432090585574126,-0.0004952584295976337,0.032706007297772975,0.03320126572737061,34175.666666666664
PORTO VELHO,high_inactive,high,False,0,-0.019994650981841444,0.39156666546857527,0.4115613164504167,-12.259426772168268,143.77889264205788,156.03831941422615,-0.007608785195485732,0.05211606527981054,0.05972485047529627,-0.0035778573192115637,2.416784167747029,2.4203620250662405,0.011570595317164839,0.13243507817002903,0.12086448285286419,0.007118916356110158,0.07555969948263669,0.06844078312652653,5679.3
PORTO VELHO,high_inactive,high,False,1,0.010703032886089314,0.41467572219781496,0.40397268931172564,-2.4780904853130608,158.8983191909867,161.37640967629977,-0.0019423372869818711,0.07032528089615094,0.0722676181831328,-0.0011656052859234656,2.4375122283100294,2.438677833595953,0.001686332287004294,0.12016918187634933,0.11848284958934503,-0.027197481623422337,0.1503352756483143,0.17753275727173665,5609.883333333333
PORTO VELHO,high_inactive,high,False,2,0.006719593911629851,0.43265963506450306,0.4259400411528732,-3.294278109045081,150.0429470291657,153.33722513821078,-0.03860258007977156,0.06909254944477371,0.10769512952454527,0.014607538572922962,2.4293484073371854,2.4147408687642624,-0.001849912015029237,0.1254887005873175,0.12733861260234675,-0.11997928615355359,0.11820968393425736,0.23818897008781095,5704.066666666667
PORTO VELHO,high_inactive,high,False,3,-0.02529864052142078,0.40063346677967804,0.4259321073010988,0.059662582908259765,148.72275937806768,148.66309679515942,0.006128430390419853,0.06722813601430827,0.06109970562388842,0.0020434692968338553,2.4039092123324917,2.401865743035658,0.0014998627242065188,0.12492723683408065,0.12342737410987413,0.03400576982226536,0.14634277031480886,0.1123370004925435,5604.2
PORTO VELHO,high_inactive,high,False,4,-0.01899369242889859,0.41248597800107417,0.43147967042997276,-3.539654824323236,160.39167035830965,163.9313251826329,-0.005851009835510859,0.07188432049069003,0.07773533032620089,0.020095184528948984,2.4222532228287417,2.4021580382997927,0.0008632645816652879,0.1142053763360958,0.11334211175443051,-0.01006268020995657,0.16902581183070625,0.17908849204066282,5651.333333333333
PORTO VELHO,high_inactive,high,False,5,0.008489123370990337,0.42503875616554365,0.4165496327945533,-0.2915778371841782,154.45667373997762,154.7482515771618,-0.0033591612073048255,0.06265437937497072,0.06601354058227554,-0.023627572258452467,2.4182377758487914,2.441865348107244,-0.003514403915633346,0.12149857634644298,0.12501298026207633,-0.0046602438582551975,0.10725944156355692,0.11191968542181212,5706.883333333333
PORTO VELHO,high_inactive,high,False,6,-0.017343558577097073,0.4084842289740533,0.42582778755115036,9.262546662904583,142.14121305237137,132.8786663894668,0.005975118539688323,0.06165916731090564,0.05568404877121732,-0.0016505967159359258,2.417710575012865,2.419361171728801,-0.011286312331154374,0.13183492019016768,0.14312123252132206,0.03193550158689695,0.15281124617347136,0.12087574458657441,5553.366666666667
PORTO VELHO,high_inactive,high,False,7,0.004106645724942626,0.40938230123571795,0.4052756555107753,-7.6610635927964665,137.4060514848108,145.06711507760727,0.002610811069369133,0.058089308085247086,0.05547849701587795,-0.013067668545710731,2.400702907043003,2.4137705755887136,0.004816246753028358,0.13734693779125617,0.13253069103822782,-0.014351540315955646,0.09111217912214768,0.10546371943810333,5658.583333333333
PORTO VELHO,high_inactive,high,False,8,-0.0034252888239015844,0.42459340626072994,0.42801869508463153,-0.27569288847254825,157.99141659271828,158.26710948119083,-0.0006923518453484517,0.07136707102362044,0.0720594228689689,0.0016669737766772386,2.427908487242118,2.426241513465441,0.001813717617879268,0.12080642760349716,0.1189927099856179,-0.017957439927831303,0.1643848503291805,0.1823422902570118,5706.6
PORTO VELHO,high_inactive,high,False,9,0.011927734663364054,0.39700818354332196,0.3850804488799579,-14.134727754798718,149.32976554637963,163.46449330117835,0.0035290777833082154,0.06682695656603853,0.06329787878273031,0.00637143206284474,2.4204775241063206,2.414106092043476,0.009444737008714121,0.1273418078733197,0.11789707086460557,0.07894975784940786,0.1272980230255295,0.04834826517612165,5593.583333333333
RIO BRANCO,high_inactive,high,False,0,0.004800535453490962,0.40102173294330884,0.3962211974898179,-3.3658781087515024,156.6684920658574,160.0343701746089,0.002348701826845996,0.05060486321656157,0.04825616138971557,-0.019408607935424538,2.3778351114716783,2.397243719407103,0.0033196372535828494,0.10571805592795352,0.10239841867437068,0.0025953157818838016,0.03697670736131388,0.03438139157943008,3929.1
RIO BRANCO,high_inactive,high,False,1,-0.008814699974077411,0.3756273287159698,0.38444202869004723,-6.415514138531563,184.69725962493578,191.11277376346735,-0.004014353591210482,0.05046743431496392,0.0544817879061744,0.009629229087138924,2.4420037177831544,2.4323744886960155,0.004765879424932257,0.08899008903890765,0.08422420961397539,-0.001962871413269354,0.0345635336530279,0.03652640506629726,3929.2833333333333
RIO BRANCO,high_inactive,high,False,2,0.0033195390022966453,0.39801236550745406,0.3946928265051574,-6.617263629547352,149.17690502286644,155.7941686524138,0.00022072992744507497,0.04999358304908741,0.049772853121642334,0.03506769854680547,2.4236688773346824,2.388601178787877,0.0101958052457706,0.12093064094590698,0.11073483570013638,-0.00104133949781985,0.03569756660071541,0.03673890609853526,3929.25
RIO BRANCO,high_inactive,high,False,3,0.005410115805157489,0.3877181115923254,0.3823079957871679,-0.022778194815884945,187.1864498682975,187.2092280631134,0.004727839617860573,0.05723243197729048,0.052504592359429905,0.0043845359870675615,2.434292137481983,2.4299076014949152,0.0020688977947314335,0.08698254219114192,0.08491364439641048,0.001820072112655429,0.02922515714073757,0.02740508502808214,3929.133333333333
RIO BRANCO,high_inactive,high,False,4,-0.004216937385209674,0.3905977557292869,0.3948146931144966,8.910275839158544,167.27055289580372,158.36027705664517,0.0008410367621033352,0.04900475899556156,0.048163722233458224,0.006957729026744186,2.400901247542892,2.393943518516148,-0.0031754836299787703,0.09908736806115231,0.10226285169113108,-0.0027111726052687565,0.03065648712628955,0.03336765973155831,3929.1666666666665
RIO BRANCO,high_inactive,high,False,5,0.009874754408300379,0.39216541340200683,0.38229065899370646,-7.35853443647909,161.9369640718854,169.2954985083645,-0.0010843229303237542,0.04757001573433441,0.04865433866465817,0.0012665900759456505,2.4207550322201308,2.419488442144185,0.004181539202190623,0.10665017043369206,0.10246863123150143,0.002177342116170374,0.029554017407124565,0.02737667529095419,3929.266666666667
RIO BRANCO,high_inactive,high,False,6,0.0018873123864486252,0.390593855891626,0.38870654350517736,-4.8621397426484805,174.28903052854074,179.15117027118922,-0.00021719405964161498,0.04926452604743361,0.049481720107075224,-0.0043546420976880995,2.418061493101568,2.422416135199256,0.003565969822869733,0.09190652035714383,0.0883405505342741,0.0017067101770496598,0.034924044279163534,0.033217334102113874,3929.233333333333
RIO BRANCO,high_inactive,high,False,7,0.004902850000332248,0.3926757623024218,0.38777291230208955,-5.386786050843824,174.26603319597618,179.65281924682,0.0007088491910457254,0.04843804779565057,0.047729198604604846,-0.013799745603205515,2.4059272316575107,2.419726977260716,0.0013054858701339322,0.0903865541613029,0.08908106829116896,-0.0017393194567382822,0.03146325341909996,0.03320257287583824,3929.2166666666667
RIO BRANCO,high_inactive,high,False,8,-0.0010745070151786384,0.39279299061342104,0.3938674976285997,-2.435958499499378,170.22740817334997,172.66336667284935,-0.0013171883803080112,0.04824702631107215,0.049564214691380164,-0.012440271640447254,2.420835890109652,2.4332761617500993,-0.0033098898160483087,0.09426983736896141,0.09757972718500972,-0.0031162990103250007,0.03252448975523703,0.03564078876556203,3929.3
RIO BRANCO,high_inactive,high,False,9,0.0007566353408369753,0.3956947987268685,0.39493816338603155,0.18610687130299652,164.21507097211438,164.02896410081138,0.0015740387303636305,0.051735206633607804,0.05016116790324417,-5.693527136418908e-05,2.424745172395534,2.424802107666898,-0.00017011505238219427,0.10153033151856129,0.10170044657094349,0.0013253572576750333,0.03354335653074668,0.032217999273071646,3929.233333333333
SALVADOR,high_inactive,high,False,0,0.006447999283804462,0.47994819750417606,0.4735001982203716,-1.5099748013654448,129.4719285843416,130.98190338570706,-0.00023286131372950158,0.06880684850573159,0.06903970981946109,0.004307219963289199,2.3673431170443786,2.3630358970810894,0.002001444911567535,0.14456891975979635,0.14256747484822882,0.00526069483715972,0.03174843421378033,0.026487739376620613,31933.833333333332
SALVADOR,high_inactive,high,False,1,0.0015717379388159314,0.47771835633915927,0.47614661840034334,-1.6479292171513578,130.39442869189966,132.04235790905102,0.001430064251356153,0.06903705175182877,0.06760698750047262,0.00019898461529432865,2.3585794356710164,2.358380451055722,0.0010669469496914774,0.14054755239083327,0.1394806054411418,-0.0002849133525304262,0.026419908168690644,0.02670482152122107,32369.733333333334
SALVADOR,high_inactive,high,False,2,0.004316602951355386,0.4829925564998047,0.47867595354844933,-1.7789968959787927,133.46895426396452,135.2479511599433,0.001603521347715825,0.07255929624567373,0.0709557748979579,-0.0013721083783280186,2.368454607186393,2.369826715564721,0.0011358337447386624,0.14023568937525893,0.13909985563052027,-0.004840328152021251,0.030196358490626653,0.035036686642647905,31775.6
SALVADOR,high_inactive,high,False,3,0.011727946874694195,0.48380025441242897,0.47207230753773477,-2.4675241990041172,140.8064525086883,143.2739767076924,0.004042724696229266,0.07050274331780655,0.06646001862157729,0.0022753206766630285,2.3651686562356553,2.3628933355589923,-0.00016136566137534003,0.1298951358883998,0.13005650154977513,0.011853088542053775,0.03805810387649369,0.02620501533443992,32438.083333333332
SALVADOR,high_inactive,high,False,4,0.008500404471918965,0.4812072447998281,0.47270684032790916,3.991237857731818,139.33716099389443,135.3459231361626,0.001262177425798816,0.06809528092834363,0.06683310350254482,0.004386081294318611,2.3710350974714656,2.366649016177147,-0.0032465738555612356,0.13484024073884068,0.13808681459440192,-0.0059039720921137545,0.026420266931536596,0.03232423902365035,32153.766666666666
SALVADOR,high_inactive,high,False,5,0.006776720342694775,0.49360416470781215,0.4868274443651174,-2.871050078371752,135.8310782942535,138.70212837262525,0.005720481295103913,0.07663684438164405,0.07091636308654013,0.002134971146175779,2.3642376792980424,2.3621027081518666,0.003983941987995565,0.13781581466546242,0.13383187267746685,0.005254768047616702,0.037162886265642306,0.031908118218025604,31795.316666666666
SALVADOR,high_inactive,high,False,6,0.0036277903928470523,0.48847211798797124,0.4848443275951242,-1.8771372051087951,131.0363581408248,132.9134953459336,0.0008125440441935222,0.06885385680353337,0.06804131275933985,0.001235186198550231,2.3635854907352307,2.3623503045366805,0.0022527656761499593,0.1420816326951864,0.13982886701903643,-0.010045302422812506,0.03232959138117302,0.04237489380398553,31827.85
SALVADOR,high_inactive,high,False,7,0.016703106655588107,0.4886692092278962,0.4719661025723081,4.371980688126541,138.21824700166272,133.84626631353618,-0.001192174324528325,0.06856472716466024,0.06975690148918856,0.0019461312121209495,2.3638317288019435,2.3618855975898225,-0.002325649914298733,0.13592648662847526,0.138252136542774,-0.008693749343381546,0.032375213983694105,0.04106896332707565,32136.7
SALVADOR,high_inactive,high,False,8,0.0021183007860829384,0.47265868262271576,0.4705403818366328,0.4992202883260859,136.2411631070823,135.7419428187562,-0.0006789678143458849,0.07373770261161636,0.07441667042596224,0.003936600791467626,2.371864067186121,2.3679274663946535,0.00035565258273129174,0.139236431718631,0.13888077913589972,-0.0008223607205030264,0.03212416161540629,0.03294652233590931,31422.65
SALVADOR,high_inactive,high,False,9,0.00741362950676,0.4850767214072178,0.4776630919004578,5.195390500160983,138.38567613434057,133.1902856341796,-0.0009056550078191117,0.06702998444767731,0.06793563945549642,0.005155803220975308,2.3601741470416564,2.355018343820681,-0.0037962810855196594,0.1340555949120899,0.13785187599760956,-0.0061810976728030875,0.029103696329948955,0.03528479400275204,32770.61666666667
SAO LUIS,high_inactive,high,False,0,0.003743820548054111,0.3792899774965729,0.3755461569485188,-5.120981333144414,152.4511234341133,157.5721047672577,-0.00032593068989913987,0.05704844920567755,0.05737437989557669,0.0011631285387263546,2.3258195996864717,2.3246564711477453,0.005665408505838618,0.12298787304958629,0.11732246454374767,-0.0003333822350317754,0.03039140221888615,0.030724784453917926,14681.716666666667
SAO LUIS,high_inactive,high,False,1,0.0009587465598507872,0.37468996798886184,0.37373122142901105,1.3092219525205167,156.26678712225825,154.95756516973773,-0.000689522845238287,0.05450600092673528,0.055195523771973565,0.004823288485724664,2.3387783012838814,2.3339550127981568,-0.0019139872047765766,0.11962132363174151,0.12153531083651808,-0.0009557761910528803,0.029833241487540903,0.030789017678593784,14891.95
SAO LUIS,high_inactive,high,False,2,-0.006796051302849659,0.3684151684163877,0.3752112197192374,5.77918953012454,153.28758752941937,147.50839799929483,0.002093646025581465,0.05866821485110691,0.056574568825525445,0.010475231323188616,2.334063456973413,2.3235882256502243,-0.0022275045914848385,0.12255587634507883,0.12478338093656367,-0.0004681077488130521,0.030459016815208916,0.03092712456402197,14681.783333333333
SAO LUIS,high_inactive,high,False,3,0.006369872427735068,0.37218061906882816,0.3658107466410931,3.337640970483193,145.5428720917209,142.20523112123772,0.0009774342969972871,0.05430940416213424,0.053331969865136955,0.002498210477824614,2.336840834649464,2.334342624171639,-0.002751831158787521,0.12920265198872966,0.13195448314751718,0.000862021422438148,0.030987894040383133,0.030125872617944985,14630.666666666666
SAO LUIS,high_inactive,high,False,4,-0.0048654202050292805,0.3696155059741502,0.3744809261791795,-3.647914056210027,153.44964924505425,157.09756330126427,0.0011095738050024978,0.056128655865420284,0.055019082060417786,-0.0029120470851293767,2.327108417230471,2.3300204643156004,0.0016474786806709024,0.12006307885604202,0.11841560017537112,0.0008302414328271342,0.03069121920059548,0.029860977767768346,14718.266666666666
SAO LUIS,high_inactive,high,False,5,0.009996404952199112,0.3812647100864206,0.3712683051342215,-1.6410562652860392,157.36958723055966,159.0106434958457,0.0013515023426323436,0.05811969759712248,0.05676819525449014,0.003625163791918684,2.328996617242263,2.3253714534503445,0.0008749135994865209,0.11773416971804866,0.11685925611856214,-0.0007528176920810099,0.03054179640725285,0.03129461409933386,14693.483333333334
SAO LUIS,high_inactive,high,False,6,0.001302646434697241,0.371678589948573,0.37037594351387576,4.785284484567256,152.83385295236977,148.0485684678025,0.0023211218186372645,0.058150277232424906,0.05582915541378764,-0.0025915057516265882,2.3339779781123533,2.33656948386398,-0.004741913351470631,0.1234002715896489,0.12814218494111954,-0.0005989143575442848,0.03034169530084987,0.030940609658394156,14720.116666666667
SAO LUIS,high_inactive,high,False,7,0.012854227528368067,0.3847949731780883,0.37194074564972024,-1.1394101373657293,147.9689335216937,149.10834365905944,0.003335891729913769,0.05619631439996732,0.05286042267005355,0.001957143577361098,2.344388994096272,2.342431850518911,0.003199988556794181,0.13033153026742744,0.12713154171063326,-0.0002099966000076621,0.03100095017920694,0.031210946779214602,14732.066666666668
SAO LUIS,high_inactive,high,False,8,-0.009846919582929825,0.36799275996032077,0.3778396795432506,0.7843506452707345,157.93128505427347,157.14693440900274,-0.0008243421088871272,0.06057696564006987,0.061401307748956996,-0.008668325501802965,2.328514401987849,2.337182727489652,-0.0017474674630845871,0.11764735765877647,0.11939482512186106,0.0006242940273210526,0.031916668054926677,0.031292374027605624,14524.516666666666
SAO LUIS,high_inactive,high,False,9,-0.006404850789301253,0.37673180954141405,0.3831366603307153,0.6308733026708637,147.6909732401477,147.06009993747685,0.0018522384553590412,0.058185651001662224,0.05633341254630318,0.001082151685605215,2.3317480608187893,2.330665909133184,0.0005024294661615247,0.12899155418483993,0.1284891247186784,0.0002112690334852528,0.030069027402719013,0.02985775836923376,14614.316666666668
TERESINA,high_inactive,high,False,0,0.000741385102174752,0.36663485939024415,0.3658934742880694,2.5535781085173994,168.23160991523895,165.67803180672155,0.002076931662225584,0.05604660502009163,0.053969673357866045,0.013739366497020011,2.4163914503286263,2.4026520838316063,0.002718782673993697,0.11485819156855612,0.11213940889456242,0.000586493441090255,0.0353332699860243,0.03474677654493404,10800.85
TERESINA,high_inactive,high,False,1,-0.0017316053166324674,0.3893385402473824,0.39107014556401487,1.1317831753239886,166.44655230999598,165.314769134672,0.0017857518027890873,0.04793398531646893,0.046148233513679845,0.00165210337908972,2.4029643559145177,2.401312252535428,-0.0004528491177635541,0.11209015779563801,0.11254300691340156,-0.000844181085506282,0.03265278562755292,0.033496966713059205,11363.166666666666
TERESINA,high_inactive,high,False,2,0.0032261650980756618,0.3792919223865798,0.37606575728850417,-5.576422789530909,159.35103852059592,164.92746131012683,-0.01814731329682575,0.045724650107941474,0.06387196340476722,0.0032311024738738148,2.4006247004675574,2.3973935979936836,0.0016526909208967183,0.11827692488265001,0.1166242339617533,-0.0019384661366129083,0.03281760712985703,0.034756073266469935,11243.433333333332
TERESINA,high_inactive,high,False,3,-0.004664107021191355,0.38243425609541387,0.3870983631166052,2.864855560815954,158.01028306601444,155.14542750519848,0.0019012711571018068,0.04550567046856305,0.04360439931146124,0.006142173858680433,2.412079225689958,2.4059370518312777,-3.174622137272487e-05,0.12425891233684769,0.12429065855822041,-0.0004576489054939209,0.03397567989592969,0.034433328801423614,11301.083333333334
TERESINA,high_inactive,high,False,4,0.005654392030776945,0.3899640886892554,0.3843096966584785,8.03808032848886,163.14104457323376,155.1029642447449,0.0016244229313461048,0.04532002637569689,0.043695603444350785,-0.01319343833065556,2.4064926451639765,2.419686083494632,-0.006094574750746054,0.11824982987044205,0.1243444046211881,-0.00030005150080374826,0.03311637888051138,0.03341643038131513,11363.6
TERESINA,high_inactive,high,False,5,0.00102046580261278,0.372312404818988,0.3712919390163752,-1.0370362278356993,167.693280169775,168.7303163976107,-0.00014768775177572552,0.06149727947908692,0.06164496723086264,-0.006562609215926329,2.4013735980664856,2.407936207282412,-0.003582329879982346,0.11050572572698704,0.11408805560696939,-0.0007943369843739709,0.034250224203950734,0.035044561188324705,10892.583333333334
TERESINA,high_inactive,high,False,6,0.0026762311165327013,0.37678904422180043,0.3741128131052677,8.073749692464105,158.7376101502009,150.6638604577368,0.012075185614217263,0.06119278382269912,0.049117598208481855,-0.0036961515419422497,2.3840393663934636,2.387735517935406,-0.006204751499661723,0.1189098924552781,0.12511464395493982,0.0022616027377799428,0.03581507800188926,0.03355347526410932,10932.15
TERESINA,high_inactive,high,False,7,0.0014512229756789563,0.3754265752059761,0.37397535223029715,-3.387800083273106,158.35612712274397,161.74392720601708,-0.004578219541764086,0.05133005913597311,0.0559082786777372,-0.004399709491246906,2.3993021467927025,2.4037018562839494,0.005907729579568394,0.12003003395068773,0.11412230437111934,-0.0005715562591744883,0.03389767867342124,0.03446923493259573,11217.183333333332
TERESINA,high_inactive,high,False,8,-0.004186530662402932,0.3738560010288455,0.3780425316912484,5.326693476649609,154.38596838024753,149.05927490359792,0.004866094232179735,0.05522766104610977,0.05036156681393004,0.005375856515932753,2.3909863474910145,2.3856104909750817,-0.006455757545718241,0.1218682341753221,0.12832399172104034,0.00021232726417818454,0.03384130138963574,0.03362897412545755,11018.55
TERESINA,high_inactive,high,False,9,0.002044240656855323,0.3716493073697834,0.3696050667129281,-2.344050680993945,161.07773056839008,163.42178124938403,-0.0041555066750807446,0.0658983088751494,0.07005381555023014,-0.0001538680031250017,2.4073858808284547,2.4075397488315797,0.0021393109869165955,0.12054743207874886,0.11840812109183227,-0.0004149099671377707,0.035533987119957415,0.035948897087095186,10533.716666666667
VITORIA,high_inactive,high,False,0,-0.0024902694890627797,0.42319982309822735,0.4256900925872901,-5.102841439679736,158.93895930652528,164.041800746205,0.0006575436974299437,0.07875077416723529,0.07809323046980535,0.002129704252177511,2.5098251802994826,2.507695476047305,0.0039750600121636614,0.12843220804594122,0.12445714803377755,0.002126275650784694,0.03238325570949785,0.030256980058713155,16929.033333333333
VITORIA,high_inactive,high,False,1,-0.009096144476406165,0.42078378741346706,0.4298799318898732,-3.558723937526196,158.8389616866972,162.39768562422339,0.002055062248725356,0.07481478453494031,0.07275972228621495,0.009512586950310098,2.518190513749425,2.508677926799115,0.003640190935427834,0.1295900337063638,0.12594984277093596,0.008190537508033016,0.04047000701067252,0.032279469502639505,17119.616666666665
VITORIA,high_inactive,high,False,2,-0.00046422093419767885,0.42752609317127344,0.4279903141054711,-3.0998056116157215,164.60579451438,167.70560012599572,-0.0013140219971479322,0.08366259808690805,0.08497662008405599,-0.0029367069757886277,2.506136777154156,2.5090734841299445,0.002173436605727483,0.1262838538612799,0.12411041725555243,0.0021059402178760095,0.03650370065984154,0.03439776044196553,16795.666666666668
VITORIA,high_inactive,high,False,3,0.007139426911616009,0.42039310122106543,0.4132536743094494,-2.58090128336886,169.27564699590877,171.85654827927763,0.0012331650103376696,0.07494006018130138,0.07370689517096371,-0.01252875594735059,2.502974472959265,2.5155032289066157,6.471805469854264e-05,0.11748121965677819,0.11741650160207964,-0.0168546429053725,0.03069697646975281,0.04755161937512531,17655.9
VITORIA,high_inactive,high,False,4,0.0041571546382424,0.4182094324623628,0.4140522778241204,-3.8583837485544734,171.49926413393172,175.3576478824862,-0.0026049325269742046,0.0771904306551603,0.07979536318213451,-0.004124420978553367,2.4989595935381717,2.503084014516725,0.002771113804318201,0.11624692556788864,0.11347581176357044,-0.0019417503655615419,0.029869777667593075,0.03181152803315462,17753.25
VITORIA,high_inactive,high,False,5,0.001456966171880958,0.4243267293860124,0.42286976321413144,9.303868216488326,177.21509582027224,167.9112276037839,0.006594615159447606,0.08131762593240105,0.07472301077295344,0.001946126097945644,2.515178969815828,2.513232843717882,-0.004362292293699152,0.11538915652146867,0.11975144881516782,0.007367999358078546,0.041259291223386146,0.0338912918653076,17219.616666666665
VITORIA,high_inactive,high,False,6,-0.010095515557450863,0.41655326115421415,0.426648776711665,4.579216497265691,174.26519052775572,169.68597403049003,-0.0025768104393785046,0.07827512664701337,0.08085193708639188,-0.00026168043388041795,2.50241516996906,2.5026768504029406,-0.003457783582929405,0.11769970310639248,0.12115748668932189,-0.009068089823093248,0.032714600297941245,0.04178269012103449,17384.65
VITORIA,high_inactive,high,False,7,-0.0020234171918377397,0.4196459628704632,0.4216693800623009,-1.4673152803330254,164.83395270579152,166.30126798612454,-0.0027908734974183003,0.07908604158637757,0.08187691508379587,-0.0077744975401219385,2.4989843663537967,2.5067588638939187,-0.0012457182431707958,0.12315908724035414,0.12440480548352494,-0.000375299177470409,0.032752068413813236,0.033127367591283645,17563.483333333334
VITORIA,high_inactive,high,False,8,-0.002839874140873777,0.41895708210053784,0.4217969562414116,4.84708650985462,175.7494042396288,170.90231772977418,-0.004704953351998428,0.07336899656842992,0.07807394992042835,0.006928765293284123,2.5207096564916376,2.5137808911983535,-0.0015375939157591806,0.11490256300229397,0.11644015691805315,-0.0037632346007588635,0.032990351516954085,0.03675358611771295,17262.3
VITORIA,high_inactive,high,False,9,0.0061850266692322076,0.42077024855269046,0.41458522188345825,-4.6289400870794,168.76743267243646,173.39637275951586,0.002843912255240097,0.07681845292485835,0.07397454066961826,-0.002696474826906492,2.509964295373229,2.5126607702001356,0.004728660075515936,0.12106800309359673,0.1163393430180808,0.0066581034830732674,0.044798783118939554,0.03814067963586629,16930.55
ARACAJU,high_active,high,True,0,-0.0043432323923299765,0.4377239725345312,0.4420672049268612,-1.3151209005952467,172.3302566069172,173.64537750751245,-0.004170077672614944,0.08125069198297785,0.0854207696555928,0.0025425895575499347,2.5155755797416486,2.5130329901840986,-0.00080857122177036,0.11342411208242094,0.1142326833041913,-0.032293901156298425,0.034963689412189296,0.06725759056848772,9394.633333333333
ARACAJU,high_active,high,True,1,0.023161583328283997,0.45386528398440235,0.43070370065611835,1.9314808041034155,169.2418494665919,167.3103686624885,0.0029449680658848454,0.08207145515062989,0.07912648708474504,0.018342227290672586,2.5173099323938617,2.498967705103189,-0.0003649237975083819,0.12037658491902166,0.12074150871653004,0.0075263257496664925,0.037869990919338244,0.03034366516967175,9252.633333333333
ARACAJU,high_active,high,True,2,-0.007600417056953468,0.4535936269246756,0.46119404398162905,-9.104773223084266,150.07503038187497,159.17980360495923,-0.005209356976745835,0.07996144762114885,0.08517080459789468,-0.01223376037252466,2.5038938070876497,2.5161275674601744,0.005943849243226551,0.1345174313018565,0.12857358205862995,-0.015925757522563908,0.04442273105561704,0.060348488578180946,9268.516666666666
ARACAJU,high_active,high,True,3,0.051456393478194584,0.4750200313350364,0.4235636378568418,-4.762464656114986,160.37283239786697,165.13529705398196,0.02200216359934619,0.09123802078467254,0.06923585718532635,0.004224778146308061,2.5058621575640574,2.5016373794177493,0.004492915833495495,0.12286212130864525,0.11836920547514976,0.044506123312886864,0.074736235942833,0.030230112629946144,9101.083333333334
ARACAJU,high_active,high,True,4,0.00533001259314736,0.42284173106717965,0.4175117184740323,11.353693239779119,184.1409258226141,172.78723258283497,-0.0018218285043552218,0.0749232567314617,0.07674508523581693,0.01282182916567498,2.524991907485858,2.512170078320183,-0.007366085735762445,0.10156542798980528,0.10893151372556772,0.0009269580345610193,0.02944198063657472,0.0285150226020137,9608.466666666667
ARACAJU,high_active,high,True,5,-0.0035802860434492323,0.43858362085781655,0.4421639069012658,-1.53451036604082,179.51784317695035,181.05235354299117,-0.0011359360584530243,0.0814549002974103,0.08259083635586333,-0.004424317081547002,2.517013765491773,2.52143808257332,0.004038026560232999,0.10753178463056082,0.10349375807032782,-0.003807233717728245,0.03279545338887703,0.036602687106605275,9415.266666666666
ARACAJU,high_active,high,True,6,0.013537203293659872,0.4633597587248496,0.4498225554311897,-4.053174931024245,171.3747613124636,175.42793624348784,-0.001758778906760211,0.08143019835401927,0.08318897726077948,0.010515094116289703,2.5082684767626806,2.497753382646391,0.001180262094165857,0.11349860514573835,0.1123183430515725,-0.003995678281582711,0.037288825416884205,0.041284503698466916,9471.0
ARACAJU,high_active,high,True,7,-0.013766759743378765,0.4278384675904817,0.4416052273338605,-10.478929214728282,161.48524287666746,171.96417209139574,-0.0032398463591358506,0.07921296122421626,0.0824528075833521,-0.005057420636934484,2.5106200892827,2.5156775099196347,0.007598960217601869,0.12090083631823786,0.113301876100636,-0.005089985993693848,0.034864182714176066,0.039954168707869914,9214.483333333334
ARACAJU,high_active,high,True,8,-0.006901949051211054,0.43300406801643615,0.4399060170676472,3.370460043161046,180.11262989404804,176.742169850887,0.0007692464440859081,0.07876824166470245,0.07799899522061654,-0.003180025216904969,2.507220121098826,2.510400146315731,0.00133232979691017,0.10934225550584306,0.10800992570893289,-0.0025151731521335548,0.029378137092611483,0.03189331024474504,9659.583333333334
ARACAJU,high_active,high,True,9,-0.002083698039839932,0.4444676489695731,0.446551347009413,-8.782860869746258,167.30770221815345,176.0905630878997,-0.001925570108268354,0.08089672494711259,0.08282229505538094,0.0011905128151301625,2.5039715158757443,2.502781003060614,0.01056928713827085,0.11836581667342663,0.10779652953515578,-0.002231230729943877,0.03580661502293161,0.038037845752875485,9344.933333333332
BELO HORIZONTE,high_active,high,True,0,-0.004281729644591836,0.602750679972008,0.6070324096165999,-4.673083684733456,155.25433728440711,159.92742096914057,0.0007381725543669782,0.07387933611255594,0.07314116355818896,0.001826773702988671,2.5404571449462057,2.538630371243217,0.0029328700180600575,0.13533670952614488,0.13240383950808482,-0.0003325367617168576,0.02718859674525832,0.027521133506975177,49185.5
BELO HORIZONTE,high_active,high,True,1,-0.025265720307170225,0.6008555378324254,0.6261212581395956,3.416988800700807,155.11370927094512,151.69672047024432,-0.004246599278968866,0.07048421434689373,0.07473081362586259,-0.0014163336189847442,2.5363706416700236,2.5377869752890083,-0.004425906958343467,0.13407659741480174,0.1385025043731452,-0.0008747805036882807,0.02802554691189034,0.02890032741557862,49694.35
BELO HORIZONTE,high_active,high,True,2,0.014124778620896561,0.6273024340870417,0.6131776554661451,7.211014018845816,158.73294661382812,151.5219325949823,0.0018395696398026407,0.07376148699133545,0.0719219173515328,-4.905640555197266e-05,2.5394247428050023,2.5394737992105543,-0.0036460388217783857,0.13259506688111683,0.13624110570289522,0.0009891888814078723,0.029086625188736146,0.028097436307328274,48800.4
BELO HORIZONTE,high_active,high,True,3,-0.015886555617045772,0.5973216235316148,0.6132081791486605,2.980541989115011,154.25180571809096,151.27126372897595,-0.0018597124156157635,0.07174721577879235,0.07360692819440812,0.00024313825598687444,2.541349432209025,2.541106293953038,-0.0032193609078418617,0.1361336380087895,0.13935299891663136,-0.0008003639993943677,0.027771450048499492,0.02857181404789386,49299.53333333333
BELO HORIZONTE,high_active,high,True,4,0.004804535540302579,0.6042220937666282,0.5994175582263256,-4.573679363917421,150.42795005497698,155.0016294188944,0.0025939573220946227,0.07174655175880375,0.06915259443670912,-0.0044334128286429575,2.537798787559669,2.542232200388312,0.0033929754582141813,0.13836831446235562,0.13497533900414144,-0.0007073659483701165,0.02839865103513951,0.029106016983509626,48688.46666666667
BELO HORIZONTE,high_active,high,True,5,-0.035580646837202634,0.5941105457737048,0.6296911926109074,6.237826981051313,163.0514070828029,156.8135801017516,0.0007117170854578081,0.0698420706157006,0.06913035353024279,0.00017451294645676185,2.5437739108008777,2.543599397854421,-0.004909511109217307,0.12796025074885883,0.13286976185807614,-0.0010488581051773423,0.027864606296981804,0.028913464402159146,49441.63333333333
BELO HORIZONTE,high_active,high,True,6,0.006900402383615445,0.6084394165047868,0.6015390141211714,-3.989794422632656,153.33859803692982,157.32839245956248,0.001625655527494621,0.07199396205348028,0.07036830652598566,0.0069813662537883125,2.545433724842221,2.5384523585884327,0.003912532742736036,0.13705583500253873,0.1331433022598027,0.0002418564389528692,0.02791818641657677,0.0276763299776239,49008.88333333333
BELO HORIZONTE,high_active,high,True,7,-0.02081282494795833,0.5993562046527321,0.6201690296006904,0.5042311270489108,151.77295083085542,151.2687197038065,0.0022407804356767425,0.07123551606848125,0.0689947356328045,0.0018807865691976566,2.53910896528202,2.537228178712822,0.00035771103414400374,0.13775974261133353,0.13740203157718953,0.0004886541936773188,0.02841961424150443,0.02793096004782711,48690.4
BELO HORIZONTE,high_active,high,True,8,-0.0012266823289219797,0.615076095832087,0.616302778161009,-4.8062195944979464,153.23762487043206,158.04384446493,-0.005604089191335926,0.0700532246356274,0.07565731382696332,0.005729502443901691,2.543579853231425,2.537850350787523,0.0034793732853622417,0.1367174451710402,0.13323807188567796,0.00040145138318674334,0.02879806084009423,0.028396609456907487,49364.13333333333
BELO HORIZONTE,high_active,high,True,9,-0.024235035470737687,0.5953765535555647,0.6196115890263024,5.717956499381842,158.89306784654883,153.175111347167,-0.0021800027015649037,0.07042547511729724,0.07260547781886215,0.005014693941105985,2.5409807510500237,2.5359660571089178,-0.0054969997026644846,0.13088435864161704,0.13638135834428153,-0.0006568485073266683,0.02730811093100469,0.02796495943833136,49420.2
BOA VISTA,high_active,high,True,0,0.01566736564981175,0.4096186949708183,0.39395132932100657,-13.736890304027554,185.92720051624175,199.6640908202693,0.008071985106137415,0.06978342867270877,0.06171144356657136,-0.008586202883742455,2.5522564775174663,2.5608426804012088,0.011191436210549605,0.10388241059394675,0.09269097438339714,0.00973835191784439,0.3773571311418195,0.3676187792239751,6472.933333333333
BOA VISTA,high_active,high,True,1,-0.010936631750398829,0.396680591124834,0.40761722287523283,3.174839304658832,181.5964530008509,178.42161369619205,-0.0111033489279821,0.05863275954811772,0.06973610847609982,0.008590345611832362,2.529149251081095,2.5205589054692625,-0.0019368055709719778,0.10755532399359274,0.10949212956456472,-0.02152249515094845,0.33581400514751836,0.3573365002984668,6476.966666666666
BOA VISTA,high_active,high,True,2,-0.002294402736862766,0.3940704886483439,0.39636489138520664,-8.885007223624001,171.33958117886874,180.22458840249274,-0.0018769575448506978,0.05874271080313508,0.06061966834798578,0.022875002682553713,2.5232506214439736,2.50037561876142,0.007113392379202582,0.11614502545873967,0.10903163307953709,-0.02231127256726284,0.31218723968512724,0.3344985122523901,6475.8
BOA VISTA,high_active,high,True,3,-0.01604006546420017,0.384734178596389,0.40077424406058915,4.885714265315869,195.5483838288703,190.66266956355443,-0.011043132989315321,0.05218887847024166,0.06323201145955698,-0.006356252391638506,2.556885822052832,2.5632420744444704,-0.005822792035542604,0.09988385363792322,0.10570664567346583,-0.046368974438430466,0.2976716057282162,0.3440405801666467,6479.4
BOA VISTA,high_active,high,True,4,-0.01811841699127148,0.38370946895133945,0.40182788594261093,16.958537963044677,212.3252165037832,195.36667854073852,-0.008119508634912398,0.05785121396107919,0.06597072259599158,0.06172722422158339,2.5871241411703982,2.525396916948815,-0.0018849646180676277,0.087421607922311,0.08930657254037863,-0.053662095368262885,0.3354564533731386,0.3891185487414015,6481.033333333334
BOA VISTA,high_active,high,True,5,-0.010512756306656212,0.3897629855306776,0.40027574183733383,0.055281824719486394,172.92239472135842,172.86711289663893,0.00836106133269441,0.06336106655153544,0.055000005218841026,-0.029633103590175125,2.5281341507587696,2.5577672543489447,-0.0036995520051598674,0.11383684381963967,0.11753639582479954,0.043021725805827304,0.36439825024470907,0.32137652443888176,6481.35
BOA VISTA,high_active,high,True,6,0.02796042023445444,0.4085161347542417,0.38055571451978726,-20.988972040342418,163.26001041953856,184.24898245988098,0.016501087259028026,0.07086448218007799,0.05436339492104996,-0.03724068081060539,2.4966113883928087,2.533852069203414,0.011512497647288025,0.11610409659406579,0.10459159894677776,0.12786013172578847,0.4020133532026416,0.2741532214768531,6481.733333333334
BOA VISTA,high_active,high,True,7,0.008747603055792585,0.40076035377932073,0.39201275072352815,-6.8494397266545946,178.6184450652435,185.4678847918981,0.0037073406657350816,0.06837510177681222,0.06466776111107714,0.014120613379540181,2.5489868656200394,2.534866252240499,0.008601269426162392,0.10970319157969317,0.10110192215353078,0.02572444263569229,0.3782779226389216,0.35255348000322934,6483.666666666667
BOA VISTA,high_active,high,True,8,-0.0038799046583836705,0.3918377704462477,0.39571767510463135,-2.8296605882744643,175.49323037741752,178.32289096569198,-0.003033376118189511,0.0565046253778891,0.05953800149607861,0.03811099612159685,2.5830015959136925,2.5448905997920956,0.0026192641754746587,0.11435029009122102,0.11173102591574637,0.023396181878603428,0.35747549663659506,0.33407931475799163,6480.283333333334
BOA VISTA,high_active,high,True,9,-0.0035461983132667463,0.39151370193717827,0.395059900250445,-2.711898532273949,187.9451604798434,190.65705901211734,0.0039767214141810114,0.055677015116567384,0.05170029370238637,0.011081756986382363,2.560882194631803,2.5498004376454206,0.0035163899879498556,0.1022611433578139,0.09874475336986405,0.04636619729468289,0.3382298700593335,0.29186367276465064,6479.216666666666
BRASILIA,high_active,high,True,0,0.011429158897250102,0.4596483500604228,0.4482191911631727,-5.7415904511557585,196.00559397342164,201.7471844245774,0.002600383352959215,0.10083441989490552,0.0982340365419463,0.0030865460750639784,2.6940487733788645,2.6909622273038005,0.004856186551609923,0.09904217121070007,0.09418598465909014,-0.0001640269170399694,0.03486428508618224,0.035028312003222206,40025.78333333333
BRASILIA,high_active,high,True,1,0.0027307122374858883,0.45579592782479283,0.45306521558730695,4.479567917335999,201.07103165817028,196.59146374083429,0.0005722391359850448,0.09795273229613242,0.09738049316014738,0.0006510725107733428,2.681317951140742,2.6806668786299688,-0.003074048274585711,0.09631435164639927,0.09938839992098498,-0.0005354327729298128,0.03452950096731176,0.035064933740241576,40380.15
BRASILIA,high_active,high,True,2,0.008245182044994248,0.4544321644315322,0.446186982386538,0.8547583073356009,200.93317002268125,200.07841171534565,0.0042571695456640885,0.09748415059804187,0.09322698105237778,0.006500816151241207,2.697303892152269,2.690803076001028,0.00015060104718279954,0.09639140887515589,0.09624080782797309,0.0001090483065936329,0.03443303106113907,0.034323982754545436,39909.15
BRASILIA,high_active,high,True,3,5.4330904386556966e-08,0.45498017518194406,0.45498012085103967,1.9407174436845764,195.3997882281477,193.45907078446314,-0.000226043813675178,0.10236268089068593,0.1025887247043611,0.0011978294968426617,2.681332063398345,2.6801342339015024,0.0009108303505153126,0.10100109948634863,0.10009026913583331,-5.064650362100742e-05,0.03469854551651499,0.034749192020135995,39791.36666666667
BRASILIA,high_active,high,True,4,-0.015176661259806767,0.4430523637581947,0.45822902501800145,0.16665818701179091,194.48630629964393,194.31964811263214,-0.0006260867366789657,0.09783602715683035,0.09846211389350931,0.001981664423918339,2.684398614894489,2.6824169504705706,-0.002261014717191756,0.09893352485805304,0.1011945395752448,0.0002505674970766092,0.0345180766561909,0.03426750915911429,40079.25
BRASILIA,high_active,high,True,5,-0.0054730258660517506,0.44839373574976243,0.4538667616158142,-5.660232896547569,193.43810347208898,199.09833636863655,0.0030504030630513768,0.10244933097952637,0.09939892791647499,-0.0073233735698003954,2.6784833973054085,2.685806770875209,0.004986360587928479,0.10090220603601395,0.09591584544808547,0.0004029045983669835,0.03510693124850775,0.03470402665014077,39012.73333333333
BRASILIA,high_active,high,True,6,0.00689787116265117,0.45663937699467666,0.4497415058320255,-9.654355396803311,187.60212093362543,197.25647633042874,0.002863891352646239,0.10223117733421572,0.09936728598156948,-0.014247739389350755,2.672569057926422,2.686816797315773,0.004130797274303238,0.10478348850788273,0.10065269123357949,-4.9247787932513165e-05,0.03500677152146689,0.0350560193093994,39468.45
BRASILIA,high_active,high,True,7,0.004954619583343034,0.45777923082044564,0.4528246112371026,1.2645927452138608,194.6874024811267,193.42280973591284,0.001476064723204773,0.0991570118288048,0.09768094710560003,0.007906725038235418,2.6915618092919518,2.6836550842537163,0.002369146863397717,0.10278985961240168,0.10042071274900397,-0.0010659034553268387,0.03389446139788025,0.03496036485320709,40864.01666666667
BRASILIA,high_active,high,True,8,0.002088615005868877,0.4522829034430519,0.450194288437183,5.474723575636659,197.84410824333392,192.36938466769726,-0.003252607747369754,0.09574814428159167,0.09900075202896143,0.0005552485898241422,2.6846548321727877,2.6840995835829635,-0.004758003620234819,0.09608314688606838,0.1008411505063032,0.00012758728839719347,0.03432021342059393,0.034192626132196736,40563.8
BRASILIA,high_active,high,True,9,-0.0033580582739044518,0.4495596703073711,0.45291772858127555,-3.3328423555864504,193.18994048683118,196.52278284241763,-0.005930587024439007,0.09488371801727367,0.10081430504171268,-0.012403735413739625,2.6830666270268297,2.6954703624405694,0.002676915112298589,0.10087133651107308,0.09819442139877449,-0.0015540572557837043,0.03394155276710211,0.035495610022885815,40168.05
CAMPO GRANDE,high_active,high,True,0,0.002166106085095598,0.3763138791337161,0.3741477730486205,1.4220858506904221,169.23538655786479,167.81330070717436,0.0009335784184607843,0.05089042545663429,0.049956847038173505,0.013151311998005788,2.666835202628269,2.6536838906302633,0.002031780536832284,0.12899374027880203,0.12696195974196975,-0.0005535873483780637,0.036150748955153036,0.0367043363035311,10239.566666666668
CAMPO GRANDE,high_active,high,True,1,-0.0010026349858192618,0.3751024012750082,0.3761050362608275,10.20211298436925,186.1944804387279,175.99236745435866,0.0013231268932928988,0.053272838054832475,0.051949711161539576,-0.007571717325243643,2.6619515033226433,2.669523220647887,-0.006523326276245314,0.11463364940474124,0.12115697568098656,0.001559432944034933,0.03794789865663606,0.036388465712601126,10237.266666666666
CAMPO GRANDE,high_active,high,True,2,0.01048751038866963,0.38368874652218304,0.3732012361335134,-6.903644967929836,178.59790225133983,185.50154721926967,-0.002366822904410981,0.052166235688299874,0.054533058592710855,0.011077416580848709,2.681408386133493,2.6703309695526443,0.0035078892342053636,0.12097561520629693,0.11746772597209157,0.000507446772561003,0.0369407035216293,0.0364332567490683,10237.6
CAMPO GRANDE,high_active,high,True,3,-0.0031842854690192213,0.377077005934111,0.3802612914031302,-7.170144473156114,178.0440016729496,185.21414614610572,-0.0010838053807971162,0.05476659899454228,0.0558504043753394,-0.007982871891104804,2.664963408712701,2.672946280603806,0.005640104180175298,0.11878045606548424,0.11314035188530894,-0.00018688516743024103,0.036045532580649645,0.036232417748079886,10239.233333333334
CAMPO GRANDE,high_active,high,True,4,-0.00405683438906651,0.3723620735151182,0.3764189079041847,-6.554360639442393,179.17660440719794,185.73096504664034,-0.0004973711942567668,0.05345673762252387,0.05395410881678064,-0.012275031832423178,2.671035454504787,2.68331048633721,0.0062908904045711755,0.12364527691242441,0.11735438650785324,-3.8554171436555595e-05,0.037310700283971536,0.03734925445540809,10238.466666666667
CAMPO GRANDE,high_active,high,True,5,0.0039110144911647104,0.3779894391221387,0.374078424630974,-8.130887316986446,167.8024237680281,175.93331108501454,-0.0019844919364857758,0.049629372926233255,0.05161386486271903,-0.007706421903730831,2.6650918850148964,2.672798306918627,0.00762176441784046,0.1274405615565761,0.11981879713873564,0.0023197928171318147,0.03735298831638972,0.0350331954992579,10239.066666666668
CAMPO GRANDE,high_active,high,True,6,-0.0003530006531233254,0.3772001355073311,0.37755313616045444,-0.8935239035651819,173.95264095181892,174.8461648553841,-0.00038858595599612633,0.05195002675761238,0.052338612713608505,0.006705550033923036,2.667397862778688,2.660692312744765,0.004851523890147494,0.1266720911280624,0.12182056723791491,0.0009500962525116202,0.03644575090791759,0.03549565465540597,10236.433333333332
CAMPO GRANDE,high_active,high,True,7,-0.005934993048393289,0.37356709488374507,0.37950208793213835,18.889294359073517,188.15906192311357,169.26976756404005,0.0028587324676161915,0.05426774639523539,0.0514090139276192,0.019592099175782085,2.674640389066973,2.655048289891191,-0.018373683584369332,0.11114689020394164,0.12952057378831097,-0.0002352586513764826,0.03640697023340427,0.036642228884780755,10238.516666666666
CAMPO GRANDE,high_active,high,True,8,0.0009036749243333531,0.37914236989357075,0.3782386949692374,-2.5367215445560873,176.59802626884118,179.13474781339727,0.001095844192441936,0.05291589801579805,0.05182005382335612,-0.00963885721688662,2.6736391968289976,2.6832780540458843,-0.002363766518091878,0.12024564279313092,0.1226094093112228,-0.0030127954883435726,0.03429311879679541,0.037305914285138984,10236.966666666667
CAMPO GRANDE,high_active,high,True,9,-0.0041713669159935685,0.3732444917262601,0.3774158586422537,27.884479723340604,200.32352724748458,172.43904752414397,0.002708762932503425,0.0542205795633292,0.051511816630825775,0.035408856473719386,2.7030252112527857,2.6676163547790663,-0.023086222968571116,0.10357559512038374,0.12666181808895485,-0.0011702216420781814,0.035680143409929053,0.036850365052007235,10238.683333333332
CURITIBA,high_active,high,True,0,0.014987202207730976,0.4953998925908826,0.4804126903831516,-0.22394199210731358,158.57437665315857,158.79831864526588,-0.001873859490806637,0.06814909518864452,0.07002295467945116,0.009427564565827051,2.5342741067464782,2.524846542180651,0.001773457599037298,0.13361592773382772,0.13184247013479042,0.001165116492275249,0.033340917667848996,0.03217580117557375,32012.083333333332
CURITIBA,high_active,high,True,1,0.002484505333941067,0.48877909230340716,0.4862945869694661,-5.865468474751339,151.8482665283371,157.71373500308843,0.0011465918816958853,0.06811943199563594,0.06697284011394006,0.005555967958680519,2.53599107549126,2.5304351075325795,0.0056268826706487585,0.13934541107201656,0.1337185284013678,0.0003484685269040458,0.03273224072076204,0.032383772193858,32108.0
CURITIBA,high_active,high,True,2,-0.004372557740548344,0.4765645555083527,0.48093711324890104,-1.6499324349753692,156.64005345973558,158.28998589471095,-0.0013179755215301098,0.06815625897631054,0.06947423449784065,0.01184796846959113,2.538236234598003,2.526388266128412,0.0009740731227428356,0.13419794362103307,0.13322387049829024,-0.0004527991772490872,0.032312911883827546,0.03276571106107663,32248.65
CURITIBA,high_active,high,True,3,0.01041973879256708,0.4859647325588787,0.4755449937663116,-4.443010155034301,158.19573263301348,162.63874278804778,-0.000540666325959463,0.0689098979506115,0.06945056427657097,0.0005693841203484595,2.534977804481818,2.5344084203614696,0.0018270692066647276,0.13359516107466168,0.13176809186799696,0.0001314487425282604,0.033183213939854656,0.033051765197326395,32144.783333333333
CURITIBA,high_active,high,True,4,0.023687020775811363,0.4968014523021074,0.47311443152629606,-4.108474569899414,152.7203173182574,156.82879188815681,-0.0007058817773186871,0.06717951930650012,0.06788540108381881,0.016382026602617117,2.5353997628310085,2.5190177362283914,0.004547266781302545,0.13897140766279287,0.13442414088149032,-0.00022614493899569127,0.03361623068195362,0.033842375620949314,32074.25
CURITIBA,high_active,high,True,5,0.014229280170504455,0.4946731735855399,0.48044389341503546,-1.4018400652337277,161.732300402237,163.13414046747073,0.00036466550992723945,0.06983808024100556,0.06947341473107832,0.00206112812281134,2.538249655313401,2.5361885271905895,9.13124322263481e-05,0.1292710135867622,0.12917970115453586,0.0008765659369502077,0.033751565750785924,0.032874999813835716,32361.65
CURITIBA,high_active,high,True,6,-0.015730622803923178,0.4757429345041873,0.4914735573081105,7.2932903522909385,161.15997382031154,153.8666834680206,-0.0018913400174564166,0.06720307971824448,0.0690944197357009,-0.006874178449109092,2.5265971280779964,2.5334713065271055,-0.009056544848712739,0.12862279357185544,0.13767933842056818,-0.0012868271155640973,0.032482311821308375,0.03376913893687247,32398.95
CURITIBA,high_active,high,True,7,-0.01654793569825902,0.4707579436835195,0.4873058793817785,4.8082367919669196,155.8750953028499,151.06685851088298,0.0011695974279014726,0.06670272793851767,0.0655331305106162,0.0005268168812420093,2.531826930749264,2.531300113868022,-0.004251790490459012,0.13476933045362366,0.13902112094408267,-0.0005838910964751226,0.0316195895605272,0.03220348065700232,32258.233333333334
CURITIBA,high_active,high,True,8,-0.0005730730231991443,0.4757574712086565,0.47633054423185567,-3.2917124799968747,152.79033780461765,156.08205028461452,0.0007677195949756938,0.06775001994768197,0.06698230035270628,-0.010573125367159708,2.5243174305528986,2.5348905559200583,-0.0003149157808025327,0.13408298997426152,0.13439790575506405,0.0018186761735832085,0.033531617037476064,0.031712940863892855,32227.733333333334
CURITIBA,high_active,high,True,9,-0.023067007193433242,0.4743619288898239,0.49742893608325717,0.5672524506967704,163.3785452936885,162.81129284299172,-0.0005391572405179929,0.06843154074879883,0.06897069798931682,-0.0033850526695315963,2.5315477682419405,2.534932820911472,-0.002542046830526473,0.1273332963527055,0.12987534318323196,-0.0003588781536434868,0.0327688633372584,0.033127741490901884,32622.583333333332
FLORIANOPOLIS,high_active,high,True,0,0.02589781316144424,0.4530099513233385,0.42711213816189425,5.992710537362484,202.39688299266317,196.40417245530068,0.002470030667730397,0.06781763247529424,0.06534760180756384,0.034168955403192314,2.6341861325830314,2.600017177179839,-0.002853347199245043,0.10741460133695865,0.1102679485362037,0.0004136184736679774,0.031336259202471836,0.03092264072880386,12206.15
FLORIANOPOLIS,high_active,high,True,1,-0.0014852753130923935,0.45605731068486727,0.45754258599795966,-13.280718802787675,188.03477460160065,201.31549340438832,-0.00872955850512995,0.06595552364244978,0.07468508214757973,-0.00032553381258004777,2.607249583124326,2.607575116936906,0.005436875207698699,0.11577257128223864,0.11033569607453994,-0.00019584610209041897,0.0334130138010263,0.03360885990311672,12817.416666666666
FLORIANOPOLIS,high_active,high,True,2,-0.005342798164269635,0.45231839616216896,0.4576611943264386,11.358141041263991,214.47900502238966,203.12086398112567,-0.00019249037948375347,0.07328727158713798,0.07347976196662173,0.03580252131431827,2.642525386666322,2.606722865352004,-0.004930887926203054,0.10229167373233074,0.10722256165853379,-0.0013124091258377504,0.0329088040037835,0.03422121312962125,12921.75
FLORIANOPOLIS,high_active,high,True,3,0.0023560377417504164,0.46575050205934754,0.4633944643175971,-9.067268536468674,194.90183159171727,203.96910012818594,0.007357819571692251,0.07385041422837581,0.06649259465668356,-0.027447030025685937,2.5974031272158986,2.6248501572415845,0.0017572233210021992,0.10932755377433694,0.10757033045333474,0.0005777228851948854,0.03214945856487345,0.03157173567967857,12763.983333333334
FLORIANOPOLIS,high_active,high,True,4,0.02134984980542437,0.4565274135873978,0.4351775637819734,2.0830916073202275,207.1067090147848,205.02361740746457,-0.0044834124151821725,0.0756444203163921,0.08012783273157427,-0.008496569910640073,2.6100434291760646,2.6185399990867047,-0.005406769117776614,0.10068099678712433,0.10608776590490095,0.002698582142921631,0.03395907594080132,0.031260493797879686,12524.5
FLORIANOPOLIS,high_active,high,True,5,-0.009175756510698463,0.43897018596206666,0.4481459424727651,2.127527489051346,202.74767382273149,200.62014633368014,0.0014490962375207361,0.06850649864857528,0.06705740241105454,0.01619044245706025,2.6224424714367256,2.6062520289796653,-0.001291788367089347,0.10532692929205471,0.10661871765914406,0.00011300535403879763,0.032374564066303214,0.03226155871226442,12361.6
FLORIANOPOLIS,high_active,high,True,6,-0.0387420685626817,0.4244454798543905,0.4631875484170722,-3.135197911024335,196.79838185785204,199.93357976887637,-0.0009248608529641572,0.06822309626990727,0.06914795712287143,0.01654171682674832,2.6236158297346814,2.607074112907933,0.0033281885871879052,0.10952795072606442,0.10619976213887651,-0.0029201503507801513,0.03043037500858054,0.03335052535936069,12732.216666666667
FLORIANOPOLIS,high_active,high,True,7,8.85727040860762e-05,0.44988086914412395,0.4497922964400379,-1.0237950687048567,194.74891237192068,195.77270744062554,0.002972594490529931,0.07483288752206335,0.07186029303153342,0.02079904678099531,2.6089320904197963,2.588133043638801,0.0010618798130199447,0.11429417849081819,0.11323229867779824,0.0013519648000885343,0.033951163616946015,0.03259919881685748,12926.533333333333
FLORIANOPOLIS,high_active,high,True,8,-0.046559407871162806,0.4451826428524429,0.4917420507236057,-9.632755229698034,185.5199379458983,195.15269317559634,-0.004567389865594504,0.0692855577166462,0.0738529475822407,0.0011789714429273346,2.6025318138234588,2.6013528423805314,0.005309177515716329,0.11908774388298722,0.11377856636727089,-0.0034649499261567365,0.031152652741261992,0.03461760266741873,12647.316666666668
FLORIANOPOLIS,high_active,high,True,9,-0.000266563570363032,0.4355986584174825,0.43586522198784555,6.016734733356913,201.55479795334986,195.53806321999295,-0.0007655583802083504,0.06997272698261098,0.07073828536281933,0.01053235231329186,2.6429476520508297,2.632415299737538,-0.005802099867257507,0.10741641344953648,0.11321851331679399,-0.0016161565701421805,0.030660314035110475,0.032276470605252655,12033.183333333332
FORTALEZA,high_active,high,True,0,0.0028032103168125766,0.4744047170858272,0.47160150676901463,3.181926679384617,169.3293513619264,166.14742468254178,0.004781947126207345,0.08383509538507729,0.07905314825886994,-0.00479957363044381,2.479832778178534,2.484632351808978,-0.0025697921035489624,0.1107021962866086,0.11327198839015756,-0.004127184971184153,0.06734445700445413,0.07147164197563828,34319.8
FORTALEZA,high_active,high,True,1,-0.003983965233258779,0.47221319493213454,0.4761971601653933,15.020038121502438,184.87830116589194,169.8582630443895,0.009307892425827871,0.0948745042857922,0.08556661185996432,0.017413097245220666,2.491859012595397,2.4744459153501763,-0.010263373242783855,0.1010459108525552,0.11130928409533905,0.05364897346838014,0.14058054502966888,0.08693157156128874,34319.03333333333
FORTALEZA,high_active,high,True,2,-0.005189197942148893,0.4737528016411039,0.4789419995832528,2.748499606209407,176.30738173024793,173.55888212403852,0.004451176215675395,0.09381262080548705,0.08936144458981166,0.0146511894655319,2.4915022872664627,2.476851097800931,-0.0012444061756236302,0.10867965139187262,0.10992405756749625,0.017260403756168566,0.13230165827769422,0.11504125452152565,33981.65
FORTALEZA,high_active,high,True,3,-0.00809930912423562,0.4759185978131024,0.48401790693733804,9.209232083427821,175.48407381420446,166.27484173077664,0.007727396962172742,0.0996078245428431,0.09188042758067036,0.02512339476061909,2.4916293431819625,2.4665059484213434,-0.0033501705673449067,0.10840276408310488,0.11175293465044979,0.05815903014449125,0.18781538145974067,0.1296563513152494,34074.86666666667
FORTALEZA,high_active,high,True,4,-0.006737441977012426,0.4727962481787737,0.4795336901557861,2.8717276790372637,180.63536047823536,177.7636327991981,-0.008454732333059642,0.0911664301494135,0.09962116248247314,0.010524439697487509,2.4880857647371752,2.4775613250396877,-0.0033697627569212324,0.10521770963896362,0.10858747239588486,-0.04204991547599839,0.11655303302186455,0.15860294849786294,34154.3
FORTALEZA,high_active,high,True,5,-0.0024451093505971078,0.4740811246152796,0.47652623396587673,-0.4587928648078332,172.90909395756896,173.3678868223768,0.0011322647127386676,0.09086133312406752,0.08972906841132886,0.007224798809720934,2.482779771676042,2.475554972866321,0.0009781516254555173,0.11102179104568252,0.110043639420227,0.04334302623937861,0.1284249454238651,0.08508191918448649,34170.95
FORTALEZA,high_active,high,True,6,0.01098264145289074,0.48272421140686533,0.4717415699539746,8.60038214956154,170.3226605993487,161.72227844978715,0.010896451319272346,0.09451483861689812,0.08361838729762577,0.011877587656203836,2.483381054830256,2.471503467174052,-0.005584996205099321,0.112647969554846,0.11823296575994532,0.0738599469406494,0.1284699722329864,0.05461002529233699,33960.88333333333
FORTALEZA,high_active,high,True,7,-0.00960331629354072,0.47398982311462134,0.48359313940816206,4.413722520646161,180.28884808358532,175.87512556293916,-0.013997115020558462,0.08328528778262617,0.09728240280318463,0.009525805477407445,2.484977622185776,2.4754518167083686,-0.005181403589330155,0.1030993489613682,0.10828075255069836,-0.08539647461746415,0.06844329156886787,0.15383976618633202,34549.933333333334
FORTALEZA,high_active,high,True,8,-0.004223527501853563,0.47240957567786784,0.4766331031797214,3.6283241020172454,178.36674414580915,174.7384200437919,-0.004155361180064446,0.08811702584154721,0.09227238702161165,0.014285823285427046,2.4961053982828902,2.481819574997463,-0.006732406532773183,0.1031087697661151,0.10984117629888829,-0.018742286878937836,0.10702952720712505,0.1257718140860629,34000.083333333336
FORTALEZA,high_active,high,True,9,0.007464074510564522,0.48098104787809537,0.47351697336753085,0.7964870638063815,179.73387709143614,178.93739002762976,0.004095312104924184,0.09185249718843261,0.08775718508350842,0.012098607650319781,2.4880746786818064,2.4759760710314866,2.0042945241355303e-05,0.10488444861724325,0.10486440567200189,0.007875323672125567,0.11142636241703241,0.10355103874490684,34324.833333333336
JOAO PESSOA,high_active,high,True,0,0.008215594585161301,0.4108641266945059,0.4026485321093446,11.927729875547271,157.07021243478505,145.14248255923778,-0.0017959575299588415,0.08925523881174996,0.0910511963417088,-0.0025793383431351735,2.5277574462808285,2.5303367846239637,-0.01643292930597065,0.12636768796253567,0.14280061726850632,-0.003066636591789129,0.04433937266430197,0.0474060092560911,9874.533333333333
JOAO PESSOA,high_active,high,True,1,0.04328206110544863,0.4480209122570397,0.4047388511515911,-33.10903577243715,147.3264392393506,180.43547501178776,-0.0034035711975747562,0.09527766514041787,0.09868123633799263,0.017473397655967116,2.5459279762054807,2.5284545785495136,0.030868266744898176,0.13802290587729552,0.10715463913239734,0.03894241682060395,0.0841467885201874,0.04520437169958344,9528.05
JOAO PESSOA,high_active,high,True,2,0.016834650369438264,0.4326965553562297,0.41586190498679143,-8.604387794361145,147.7264789752085,156.33086676956964,0.0009723709521783364,0.08651430069929147,0.08554192974711314,0.010379912007983272,2.545818306179897,2.535438394171914,0.008329518545194453,0.14109412367631105,0.1327646051311166,0.00908447492873516,0.054781702403077004,0.045697227474341844,9578.4
JOAO PESSOA,high_active,high,True,3,-0.00422925355630932,0.40003559928897897,0.4042648528452883,10.970858836595454,179.3144443183087,168.34358548171323,0.0020603715204875195,0.08982226402540004,0.08776189250491252,0.017724337892941477,2.5361795440837613,2.51845520619082,-0.01035238279239889,0.10933606340936006,0.11968844620175895,0.0027080209003868053,0.04551129595308908,0.042803275052702275,10342.233333333334
JOAO PESSOA,high_active,high,True,4,-0.0019041952372402249,0.4132839915140991,0.41518818675133934,-5.94747010214931,138.11561264822188,144.0630827503712,-0.0014577473799725904,0.08601045040101192,0.08746819778098451,-0.006300709886792433,2.537796038655407,2.5440967485421995,0.00866931439696711,0.15163671930567582,0.1429674049087087,-0.0025811378789434153,0.046549533539865934,0.04913067141880935,9452.083333333334
JOAO PESSOA,high_active,high,True,5,-0.0048263573111527736,0.41211134178343684,0.4169376990945896,-23.355412971478444,152.2512704629934,175.60668343447185,-0.004731213189702224,0.08971306778205233,0.09444428097175456,0.0022930327589838484,2.5418634830458005,2.5395704502868166,0.02113715180133441,0.1396568169317315,0.11851966513039708,-0.0009665704834839889,0.04659513168321199,0.04756170216669598,9707.066666666668
JOAO PESSOA,high_active,high,True,6,0.01735589204562693,0.42811673716259524,0.4107608451169683,5.273961405818454,170.8203721173432,165.54641071152474,-8.313245004276659e-05,0.0908333444610271,0.09091647691106987,0.016005617414855067,2.5535344335116372,2.537528816096782,-0.0027247600947592904,0.12134210847741563,0.12406686857217492,0.0005917197800887689,0.047953461918532246,0.04736174213844348,9835.466666666667
JOAO PESSOA,high_active,high,True,7,0.0010847898200292971,0.40902802249480424,0.40794323267477495,-7.227356936818467,156.86886255220728,164.09621948902574,-0.004007032814828532,0.08343719309592432,0.08744422591075285,0.017929901114184243,2.54195081796196,2.5240209168477756,0.007336736767548022,0.12983998522929163,0.12250324846174361,-0.0013592692090327665,0.044467633936239086,0.04582690314527185,10041.55
JOAO PESSOA,high_active,high,True,8,-0.017062381713112862,0.40450439023199647,0.42156677194510933,3.2469518398685864,167.73741599276315,164.49046415289456,0.0006562493395826791,0.09293762522296407,0.0922813758833814,0.005564689926250921,2.533754015907996,2.528189325981745,-0.005302554555275035,0.11882399688362465,0.12412655143889968,-0.000799971225988419,0.046228876929301395,0.047028848155289814,9879.866666666667
JOAO PESSOA,high_active,high,True,9,-0.009213905016602741,0.4067272333055752,0.41594113832217794,15.028291525787097,171.75641610610754,156.72812458032044,0.00035676870378509307,0.09109560037311117,0.09073883166932607,0.028408060316713613,2.5584826765049526,2.530074616188239,-0.010048956220079716,0.11822019340704641,0.12826914962712613,-0.0010737466086627179,0.04516773300434371,0.046241479613006425,9940.316666666668
MACEIO,high_active,high,True,0,0.004969756673292802,0.3821583936268358,0.377188636953543,-6.383585217446267,149.1027200172061,155.48630523465238,-0.006095022716012324,0.05584694577417847,0.0619419684901908,0.027829473888629774,2.4921696027508156,2.464340128862186,0.009136475789504064,0.12788277440657866,0.1187462986170746,-0.0016237443355594967,0.026230856363896285,0.02785460069945578,11202.316666666668
MACEIO,high_active,high,True,1,-0.009060843630729065,0.37429466021007646,0.3833555038408055,3.7061142361074815,155.85724936286243,152.15113512675495,0.013620443516079765,0.06828326650588765,0.05466282298980788,0.01222963230322538,2.4839449299729517,2.4717152976697263,-0.004302005057075106,0.11901357538861286,0.12331558044568797,-0.0016323133693202756,0.02478985554720165,0.026422168916521927,11214.283333333333
MACEIO,high_active,high,True,2,0.0013834977582047325,0.3964851346348865,0.39510163687668176,17.869781156282727,165.10251528637824,147.2327341300955,0.005507364361868217,0.06439506932146494,0.05888770495959672,0.009692849506991674,2.48099191257794,2.471299063070948,-0.018025575115181214,0.10672300137333676,0.12474857648851798,0.0004342641643034009,0.027182758597650677,0.026748494433347276,11104.333333333334
MACEIO,high_active,high,True,3,-0.0016554131303569974,0.380944887241287,0.382600300371644,9.729966292678313,164.71894119483184,154.98897490215353,0.0036132522488789495,0.06491401405012165,0.0613007618012427,-0.0023205127534509096,2.479965396968068,2.482285909721519,-0.007822011738947796,0.11328905858283207,0.12111107032177987,-0.00042733227011786806,0.026316203465966803,0.02674353573608467,11158.0
MACEIO,high_active,high,True,4,0.004498716070689801,0.39797196848095334,0.39347325241026354,11.376562167591743,173.4139264090921,162.03736424150037,0.01093638158318995,0.07986544659673424,0.06892906501354429,0.006141726942671788,2.4819342729774108,2.475792546034739,-0.010836797549204441,0.10477207331151753,0.11560887086072197,0.0009441954548052127,0.02763492664087601,0.026690731186070796,10778.016666666666
MACEIO,high_active,high,True,5,-0.014446239012586182,0.3878734218005144,0.40231966081310055,-14.770239411918539,167.12500799256648,181.89524740448502,-0.01644912382349316,0.07038894741598672,0.08683807123947988,0.015393220565825594,2.4795898332216506,2.464196612655825,0.015662856252068355,0.11167245121063811,0.09600959495856976,-0.009566900615161723,0.02618207057755042,0.03574897119271214,11104.733333333334
MACEIO,high_active,high,True,6,0.012970116844022106,0.40072826663922057,0.38775814979519846,5.8316993707792335,165.26076040947726,159.42906103869802,-0.0012166407299386006,0.06598229689085795,0.06719893762079655,0.030466909596046143,2.4967958012776896,2.4663288916816435,-0.0041595860935394885,0.11175928741200741,0.1159188735055469,0.004726684250313751,0.03181916266483529,0.02709247841452154,11163.566666666668
MACEIO,high_active,high,True,7,-0.00013763587560222668,0.39186977819892677,0.392007414074529,5.348970745003641,158.71929697418315,153.3703262291795,0.0037054146979861313,0.06261532184071293,0.0589099071427268,-0.012235141773437874,2.466221704123592,2.4784568458970297,-0.00766379654151729,0.1142477761094806,0.12191157265099789,7.756375711888766e-05,0.025813173388388115,0.025735609631269227,11161.416666666666
MACEIO,high_active,high,True,8,-0.003920557905106481,0.38426201407974847,0.38818257198485495,-7.517621279524576,144.06295293475122,151.5805742142758,-0.00551703017901712,0.05313917523370556,0.05865620541272268,0.01683874544705377,2.492936248998724,2.4760975035516704,0.006261598282144842,0.12907740406602242,0.12281580578387757,-0.0023500971838147366,0.025890332128495397,0.028240429312310134,11195.466666666667
MACEIO,high_active,high,True,9,0.005370911972293335,0.39121340187554127,0.38584248990324793,-8.848397837169045,150.23773075305715,159.0861285902262,0.009596929719648789,0.07097267763613528,0.06137574791648649,-0.01656166706427431,2.4578228450865813,2.4743845121508556,0.003757319496961023,0.12044499828878513,0.11668767879182411,-0.0002373089231473592,0.026634954798067934,0.026872263721215293,11033.533333333333
NATAL,high_active,high,True,0,-0.011505733536591012,0.40891241125449707,0.4204181447910881,5.928611276618483,156.89449819172597,150.9658869151075,0.0005599778121326004,0.07260173736483448,0.07204175955270188,0.014486483390188098,2.5076286395245115,2.4931421561343234,-0.0016413096746411004,0.1294916851311301,0.1311329948057712,-0.002556408522056984,0.03198801616199379,0.03454442468405077,12165.116666666667
NATAL,high_active,high,True,1,0.008217633476750086,0.4183677447935258,0.4101501113167757,-3.755865196146459,159.500413161719,163.25627835786545,0.005311581746486174,0.07739587648782079,0.07208429474133461,0.005789620941608398,2.5162616961640665,2.510472075222458,0.0021722537104132827,0.12485899592395426,0.12268674221354098,0.0010491556437713795,0.033324399313526334,0.032275243669754955,11964.466666666667
NATAL,high_active,high,True,2,0.017192947908425182,0.4284474281714663,0.4112544802630411,-10.651462449260691,149.46531641938313,160.11677886864382,0.0008706260792375742,0.07475012115482567,0.0738794950755881,0.002521222099529652,2.5032699145758945,2.500748692476365,0.011182452516195679,0.13428842763255425,0.12310597511635857,0.0008375682862128836,0.03488606491244552,0.03404849662623264,11782.066666666668
NATAL,high_active,high,True,3,0.0064051081265205645,0.41686643610512003,0.41046132797859947,0.08540239920262138,156.80907916982338,156.72367677062076,0.005968321323445047,0.07531191907449489,0.06934359775104984,0.007579461449872316,2.507051004196146,2.4994715427462735,0.003337378280878961,0.1296196244478112,0.12628224616693223,0.003586572126800032,0.035117200660758234,0.0315306285339582,12060.483333333334
NATAL,high_active,high,True,4,0.00236063452735058,0.41948874340049286,0.4171281088731423,-1.9001374247966965,155.10447139676293,157.00460882155963,0.0034958464501860104,0.07563978712633675,0.07214394067615074,0.015363328934377751,2.5071636038647687,2.491800274930391,0.002470975339909337,0.13021314956055985,0.1277421742206505,-0.005250825833763406,0.03237145312884936,0.03762227896261277,12046.583333333334
NATAL,high_active,high,True,5,0.011267841798845935,0.42278125958182255,0.4115134177829766,-9.275737822137955,156.27742046938013,165.5531582915181,0.006831877566600406,0.07790893952876606,0.07107706196216565,0.012808562129479117,2.5264629207089397,2.5136543585794606,0.010469158952815347,0.13038491254590454,0.11991575359308919,-0.0001413981330337724,0.036705940099218015,0.03684733823225179,11955.483333333334
NATAL,high_active,high,True,6,0.0021572696863208507,0.4202378278126027,0.41808055812628186,10.952261210244558,165.62725526628262,154.67499405603806,0.004737831133608206,0.07614439408288529,0.07140656294927708,0.019103374219510805,2.5143199727396754,2.4952165985201646,-0.006362832323556528,0.12210084406046776,0.12846367638402428,0.00851713078102577,0.04670136346523622,0.03818423268421045,11891.183333333332
NATAL,high_active,high,True,7,0.0052818802178631885,0.42212409091715336,0.41684221069929017,-5.299666637966851,153.16106663444572,158.46073327241257,-0.008255671163621775,0.07001089509229756,0.07826656625591934,-0.01774788546818451,2.5145379746920904,2.532285860160275,0.001648045332092063,0.1320342317268079,0.13038618639471583,0.0005404845851034318,0.03268104764717955,0.03214056306207612,11963.383333333333
NATAL,high_active,high,True,8,-0.0015416990169153655,0.40651785350982694,0.4080595525267423,-1.227054784320984,154.4451054501825,155.67216023450348,0.0015447810948944762,0.07135983977737309,0.06981505868247861,0.018220262439049062,2.5319735864516586,2.5137533240126095,4.7043125012580234e-05,0.12951551883762089,0.1294684757126083,0.0019622383536183827,0.034191237143226444,0.03222899878960806,12019.333333333334
NATAL,high_active,high,True,9,0.012832617598758977,0.42331605941078215,0.4104834418120232,-3.8367571912219205,152.9731192104143,156.80987640163622,0.0055397998160284095,0.0746364910855531,0.0690966912695247,0.008868345266996425,2.521425581178003,2.5125572359110064,0.0028669142354208754,0.13221722695590044,0.12935031272047956,0.0006690972830905792,0.03269635958447863,0.032027262301388054,11795.883333333333
PALMAS,high_active,high,True,0,-0.007044879561898865,0.3762606601398308,0.38330553970172965,-0.34165972422854907,193.51837977606837,193.86003950029692,0.0006505475243770292,0.04488965580754623,0.0442391082831692,0.010204406297250834,2.5447832340421352,2.5345788277448844,0.002921290811074187,0.11173233399657244,0.10881104318549825,-0.0014707914046252768,0.0489745581060241,0.05044534951064938,3587.733333333333
PALMAS,high_active,high,True,1,-0.0010994870800726808,0.37985250684333843,0.3809519939234111,7.036084173059351,176.6607823657059,169.62469819264655,-0.0009685337435288363,0.03744007603359733,0.038408609777126165,-0.0022798918120852107,2.5013166094775787,2.503596501289664,-0.006978603039143438,0.11484948571738975,0.12182808875653318,0.002385922558864842,0.051687060931413405,0.04930113837254856,3587.516666666667
PALMAS,high_active,high,True,2,-0.005639518347396122,0.3673101198838796,0.37294963823127575,3.4906252654750745,197.55151264892538,194.0608873834503,4.764245651577709e-05,0.04455780943622337,0.04451016697970759,0.013751559830319504,2.545972461914776,2.5322209020844566,0.008199600569116783,0.10593645782403109,0.09773685725491431,0.00031076876920851926,0.04941318524809101,0.04910241647888249,3587.1
PALMAS,high_active,high,True,3,0.0018693831756997903,0.37628293367807764,0.37441355050237785,-14.758932119123529,194.79419287480178,209.5531249939253,-0.0011700270350148284,0.04121256204343357,0.0423825890784484,-0.025913046971284714,2.517326246599756,2.5432392935710406,0.007825612866834294,0.10024852057228624,0.09242290770545195,-0.0011599935085497282,0.04961119222622054,0.05077118573477027,3586.55
PALMAS,high_active,high,True,4,0.004440354705933625,0.372511918868632,0.3680715641626984,-1.5271910235917687,210.0298161171521,211.55700714074388,-0.0005641868640238676,0.04480604389609641,0.04537023076012028,-0.006452631397529718,2.5190288397800336,2.5254814711775633,-0.00035981602684861946,0.09052260245273362,0.09088241847958224,0.0018852875459256513,0.05052997956074287,0.04864469201481722,3585.6666666666665
PALMAS,high_active,high,True,5,0.006129194440548158,0.37988084164311364,0.3737516472025655,-1.271971266396747,193.9461217883891,195.21809305478584,0.0008751124770250071,0.04526205297692876,0.04438694049990375,-0.023135516566565872,2.5072898126372882,2.530425329203854,-0.0046578816790856375,0.10145495136816737,0.10611283304725301,0.0008157523108900389,0.050435957810701204,0.049620205499811165,3586.0
PALMAS,high_active,high,True,6,-0.013265515346574497,0.36691232967323234,0.38017784501980684,1.527354239552011,185.45931728278558,183.93196304323357,-0.004094617884505901,0.04503726636854243,0.04913188425304833,0.018688670532453155,2.5314436881989604,2.512755017666507,0.0031282127075297345,0.1121781859448093,0.10904997323727957,4.8933749539438465e-05,0.051225439547335744,0.051176505797796305,3586.6
PALMAS,high_active,high,True,7,-0.009102444868276938,0.3663171473055586,0.3754195921738355,-8.315000567516392,184.71324211697967,193.02824268449606,-0.004246637246807516,0.040310392909522826,0.04455703015633034,-0.0023979457814267136,2.524844990739134,2.527242936520561,0.01013961351436267,0.11117877721282166,0.10103916369845899,0.0011744971118961278,0.050068309200365466,0.04889381208846934,3586.65
PALMAS,high_active,high,True,8,0.004016629505133373,0.3776526086548063,0.37363597914967295,5.031460756926776,208.71939845760338,203.6879377006766,-0.004935622406664404,0.043516566423622734,0.04845218883028714,-0.013487113896624603,2.51458669557436,2.5280738094709845,-0.006680885803415734,0.08665220352575473,0.09333308932917046,-0.0005258859355802697,0.0487412612362181,0.04926714717179837,3585.55
PALMAS,high_active,high,True,9,0.011365094096715878,0.38884551734997197,0.3774804232532561,-3.4407937023181887,187.90526284736683,191.34605654968502,-0.0025514628650094642,0.0442355153659082,0.04678697823091767,0.003069924949980596,2.522269929340967,2.5192000043909863,0.0003133725262334103,0.10545831266933069,0.10514494014309728,0.0013307058964698928,0.049866550029210505,0.04853584413274061,3585.866666666667
PORTO ALEGRE,high_active,high,True,0,0.017571562584074885,0.711316447967328,0.6937448853832531,6.896412811556303,190.63849595223118,183.74208314067488,0.0015993368278336972,0.085336515337967,0.0837371785101333,0.04858008044344464,3.6113008960252233,3.5627208155817787,-0.010874555029964816,0.15096742458330428,0.1618419796132691,0.00037119752427589026,0.03302352754575281,0.03265233002147692,34343.61666666667
PORTO ALEGRE,high_active,high,True,1,0.004920080657209613,0.6756393970480563,0.6707193163908467,3.4493835009096756,189.79503940810838,186.3456559071987,-0.0033184359517888784,0.08163113167767441,0.08494956762946329,0.022244380858981394,3.6086062758010296,3.586361894942048,0.003083715112681129,0.16086491196194644,0.1577811968492653,0.00125131197121231,0.033702155126740886,0.032450843155528576,33954.166666666664
PORTO ALEGRE,high_active,high,True,2,0.014168466231181509,0.6890730408235136,0.6749045745923321,-1.3688762864769046,188.73779462581115,190.10667091228805,0.002108189732573054,0.08785145573894894,0.08574326600637588,0.0111823129041424,3.611652728053781,3.6004704151496387,0.001437533970036986,0.15383475232675167,0.1523972183567147,-7.569098114992151e-05,0.03307999475756225,0.03315568573871217,33840.4
PORTO ALEGRE,high_active,high,True,3,0.015865861158075867,0.7039574876156892,0.6880916264576133,3.093354921047222,188.9522230437101,185.85886812266287,0.007119052870752124,0.08930276882812636,0.08218371595737424,0.04856816789949914,3.619329674403707,3.570761506504208,-0.016583557656574183,0.15315353875005538,0.16973709640662957,5.008467176154108e-05,0.03229292611401879,0.032242841442257246,33792.25
PORTO ALEGRE,high_active,high,True,4,0.010501587505622134,0.693038203923268,0.6825366164176458,-5.211100489821433,185.58973444897705,190.8008349387985,0.007397899079685591,0.08944987485256424,0.08205197577287865,0.02474356975304204,3.596027753206992,3.57128418345395,0.008497070263620732,0.16476837306321163,0.1562713027995909,2.8294025594434447e-05,0.03237519720006329,0.03234690317446885,33782.88333333333
PORTO ALEGRE,high_active,high,True,5,0.03099636838623898,0.7168079229440528,0.6858115545578138,3.5424603231036826,190.49101353664588,186.9485532135422,0.0039494022766246445,0.09002504316292007,0.08607564088629542,0.040897556444830396,3.6063515907863146,3.5654540343414842,0.002768399134634808,0.16491795928479647,0.16214956015016166,-0.00013793025816148663,0.03286764877906786,0.033005579037229345,33548.53333333333
PORTO ALEGRE,high_active,high,True,6,-0.00015389617433281266,0.6769183835868592,0.677072279761192,-1.7976689937345327,186.8555301388007,188.65319913253524,0.006761372781720357,0.08707680570675061,0.08031543292503025,0.018211752671378978,3.5985562528492663,3.5803445001778873,0.005053644177909017,0.16279081592708433,0.15773717174917531,0.0002816120469763747,0.03294285281786344,0.032661240770887064,33771.03333333333
PORTO ALEGRE,high_active,high,True,7,-0.007801296004902314,0.7072296198179624,0.7150309158228647,-6.145357989485092,180.41683811098332,186.5621961004684,-0.0002441491050707151,0.08606511640481096,0.08630926550988167,0.04518660455362866,3.6285547390698776,3.583368134516249,-0.0008030009027174823,0.15847574294762282,0.1592787438503403,-0.0003920910743236139,0.03247600472789803,0.03286809580222164,33497.583333333336
PORTO ALEGRE,high_active,high,True,8,-0.01832950209489337,0.6934984137444202,0.7118279158393136,1.1758466935320655,187.54764366534204,186.37179697180997,-0.0025570814482422932,0.08255051876739515,0.08510760021563744,0.02331488549735017,3.614424391572215,3.591109506074865,0.0003820477774147957,0.1602830678793979,0.1599010201019831,-0.00019532352453080493,0.03267726577660838,0.032872589301139184,33692.86666666667
PORTO ALEGRE,high_active,high,True,9,0.0247849243948709,0.7257642711413954,0.7009793467465245,6.531519468853077,190.19607447301013,183.66455500415705,0.0045706746183274,0.08585650687661159,0.08128583225828419,0.028481652762409215,3.63049922031455,3.602017567552141,0.0018607943817189332,0.1561817002374602,0.15432090585574126,0.0007159574815630496,0.03391722320893366,0.03320126572737061,33682.51666666667
PORTO VELHO,high_active,high,True,0,0.0229830536209909,0.4345443700714076,0.4115613164504167,4.020178621909935,160.0584980361361,156.03831941422615,0.02173989406891319,0.08146474454420946,0.05972485047529627,0.01920487129014603,2.4395668963563866,2.4203620250662405,-0.0009265723870038045,0.11993791046586039,0.12086448285286419,0.13183746644108546,0.200278249567612,0.06844078312652653,5695.3
PORTO VELHO,high_active,high,True,1,-2.2595498428645833e-05,0.403950093813297,0.40397268931172564,-0.24499516226509854,161.13141451403467,161.37640967629977,-0.007649286093556723,0.06461833208957608,0.0722676181831328,-0.008249745381502915,2.43042808821445,2.438677833595953,-0.0024058263045589057,0.11607702328478613,0.11848284958934503,-0.11496555348691913,0.06256720378481752,0.17753275727173665,5706.65
PORTO VELHO,high_active,high,True,2,-0.014032153543974912,0.4119078876088983,0.4259400411528732,-2.176930543848272,151.1602945943625,153.33722513821078,-0.03761243863107204,0.07008269089347323,0.10769512952454527,0.020434954640135228,2.4351758234043976,2.4147408687642624,-0.0036153764180251458,0.1237232361843216,0.12733861260234675,-0.12918657129416633,0.10900239879364461,0.23818897008781095,5694.533333333334
PORTO VELHO,high_active,high,True,3,-0.012364452014698823,0.4135676552864,0.4259321073010988,7.9176458820446385,156.58074267720406,148.66309679515942,0.003834433398969689,0.0649341390228581,0.06109970562388842,0.03004453327557277,2.4319102763112306,2.401865743035658,-0.0026026496380876646,0.12082472447178647,0.12342737410987413,0.03499646419254454,0.14733346468508804,0.1123370004925435,5705.466666666666
PORTO VELHO,high_active,high,True,4,5.131564659022203e-05,0.431530986076563,0.43147967042997276,-13.219930724177772,150.71139445845512,163.9313251826329,0.001867906021332133,0.07960323634753302,0.07773533032620089,0.039670851072353575,2.4418288893721463,2.4021580382997927,0.014660192947450856,0.12800230470188137,0.11334211175443051,0.04107607296333954,0.22016456500400236,0.17908849204066282,5696.6
PORTO VELHO,high_active,high,True,5,-0.00963626166359921,0.4069133711309541,0.4165496327945533,-11.067020777124924,143.68123080003687,154.7482515771618,-0.009713170108744472,0.05630037047353107,0.06601354058227554,-0.01683365325828401,2.42503169484896,2.441865348107244,0.005747405889272944,0.13076038615134927,0.12501298026207633,-0.04871508174733058,0.06320460367448154,0.11191968542181212,5648.466666666666
PORTO VELHO,high_active,high,True,6,0.017388559535912063,0.4432163470870624,0.42582778755115036,10.196936865188775,143.07560325465556,132.8786663894668,0.0174438981672339,0.07312794693845122,0.05568404877121732,0.017461263887110334,2.436822435615911,2.419361171728801,-0.007279321770556513,0.13584191075076554,0.14312123252132206,0.05797740472061097,0.17885314930718538,0.12087574458657441,5703.7
PORTO VELHO,high_active,high,True,7,0.009005680325171739,0.41428133583594706,0.4052756555107753,-0.06836549486914123,144.99874958273813,145.06711507760727,0.015220593293009274,0.07069909030888723,0.05547849701587795,0.04471135744823673,2.4584819330369503,2.4137705755887136,0.00408541747524066,0.13661610851346848,0.13253069103822782,0.08147849425114358,0.1869422136892469,0.10546371943810333,5650.816666666667
PORTO VELHO,high_active,high,True,8,0.0031364070284850554,0.4311551021131166,0.42801869508463153,-0.9461908456441677,157.32091863554666,158.26710948119083,-0.006591561707983334,0.06546786116098556,0.0720594228689689,0.0076782601077578505,2.4339197735731988,2.426241513465441,0.0023503036020299933,0.12134301358764789,0.1189927099856179,-0.041122225373060234,0.14122006488395156,0.1823422902570118,5700.95
PORTO VELHO,high_active,high,True,9,0.02178058996529375,0.40686103884525165,0.3850804488799579,-2.833790782878282,160.63070251830007,163.46449330117835,0.003631802522639435,0.06692968130536975,0.06329787878273031,0.01421809615579539,2.428324188199271,2.414106092043476,-0.0004968026675221532,0.11740026819708342,0.11789707086460557,0.06863582104295349,0.11698408621907513,0.04834826517612165,5710.283333333334
RIO BRANCO,high_active,high,True,0,-0.01419360586198476,0.3820275916278331,0.3962211974898179,2.090049899379494,162.1244200739884,160.0343701746089,0.005826957678346567,0.05408311906806214,0.04825616138971557,0.04163747103333382,2.4388811904404366,2.397243719407103,0.0041694171344942715,0.10656783580886495,0.10239841867437068,-0.001126650264812623,0.033254741314617454,0.03438139157943008,3929.233333333333
RIO BRANCO,high_active,high,True,1,-0.0004204748900198396,0.3840215538000274,0.38444202869004723,0.439220373081298,191.55199413654864,191.11277376346735,-0.002894769157894897,0.051587018748279506,0.0544817879061744,0.03036413371690827,2.4627386224129237,2.4323744886960155,-0.002826639238179676,0.08139757037579572,0.08422420961397539,-0.003566708431307193,0.032959696634990064,0.03652640506629726,3929.1833333333334
RIO BRANCO,high_active,high,True,2,-0.006194228592334261,0.38849859791282315,0.3946928265051574,-0.7805493123236147,155.01361934009017,155.7941686524138,-0.002257079272116748,0.047515773849525586,0.049772853121642334,0.05768081674973358,2.4462819955376105,2.388601178787877,0.004185729134217886,0.11492056483435427,0.11073483570013638,-0.00333869553978932,0.03340021055874594,0.03673890609853526,3929.233333333333
RIO BRANCO,high_active,high,True,3,0.016434614887331056,0.39874261067449895,0.3823079957871679,-10.405664263718563,176.80356379939482,187.2092280631134,-0.0029295124393484417,0.04957507992008146,0.052504592359429905,-0.0031848906537534916,2.4267227108411618,2.4299076014949152,0.00322715526646003,0.08814079966287051,0.08491364439641048,0.009197547434635207,0.03660263246271735,0.02740508502808214,3929.266666666667
RIO BRANCO,high_active,high,True,4,-0.011166841584865028,0.38364785152963155,0.3948146931144966,-1.2924104707769004,157.06786658586827,158.36027705664517,0.00018754602529351405,0.04835126825875174,0.048163722233458224,0.034112966215928076,2.428056484732076,2.393943518516148,0.010143968234218523,0.11240681992534961,0.10226285169113108,-0.002645098047364257,0.03072256168419405,0.03336765973155831,3929.25
RIO BRANCO,high_active,high,True,5,0.01485584854438704,0.3971465075380935,0.38229065899370646,-20.3907782402992,148.9047202680653,169.2954985083645,-0.0033036007097679843,0.04535073795489018,0.04865433866465817,-0.005239115438480102,2.414249326705705,2.419488442144185,0.015998695421977446,0.11846732665347888,0.10246863123150143,0.009342985873383409,0.0367196611643376,0.02737667529095419,3929.133333333333
RIO BRANCO,high_active,high,True,6,0.008616205663250609,0.39732274916842797,0.38870654350517736,-0.8799105275590762,178.27125974363014,179.15117027118922,0.004801977525787579,0.0542836976328628,0.049481720107075224,0.014968166735343846,2.4373843019345998,2.422416135199256,0.0008327829715604057,0.0891733335058345,0.0883405505342741,-0.00012813391982972877,0.033089200182284145,0.033217334102113874,3929.2
RIO BRANCO,high_active,high,True,7,0.012305694100132325,0.40007860640222187,0.38777291230208955,0.044003391943078896,179.69682263876308,179.65281924682,0.0028072730014344002,0.050536471606039246,0.047729198604604846,0.0012671779080952739,2.4209941551688114,2.419726977260716,-0.0014490441208034055,0.08763202417036556,0.08908106829116896,-0.004141424805261779,0.029061148070576463,0.03320257287583824,3929.116666666667
RIO BRANCO,high_active,high,True,8,-0.006327049400623619,0.38754044822797606,0.3938674976285997,2.3441394591486358,175.00750613199799,172.66336667284935,0.005352974466327841,0.054917189157708005,0.049564214691380164,0.006073364870861742,2.439349526620961,2.4332761617500993,-0.0011322740547033694,0.09644745313030635,0.09757972718500972,-0.00877353552065752,0.02686725324490451,0.03564078876556203,3929.1833333333334
RIO BRANCO,high_active,high,True,9,-0.0005454269245264154,0.39439273646150513,0.39493816338603155,18.59321462494043,182.6221787257518,164.02896410081138,0.0022116927879170176,0.05237286069116119,0.05016116790324417,0.0187402409507631,2.4435423486176613,2.424802107666898,-0.011424207276571022,0.09027623929437247,0.10170044657094349,0.0008358542321422052,0.03305385350521385,0.032217999273071646,3929.15
SALVADOR,high_active,high,True,0,-0.0026261023250350735,0.4708740958953365,0.4735001982203716,1.4840174064561324,132.4659207921632,130.98190338570706,-0.0018213320330443677,0.06721837778641672,0.06903970981946109,0.0070676816805419485,2.3701035787616314,2.3630358970810894,-0.002028498480509705,0.14053897636771912,0.14256747484822882,0.005510489456352824,0.03199822883297344,0.026487739376620613,32382.55
SALVADOR,high_active,high,True,1,0.007204693407800999,0.48335131180814433,0.47614661840034334,2.799229401493278,134.8415873105443,132.04235790905102,0.005051998419414561,0.07265898591988718,0.06760698750047262,0.011795048466758828,2.370175499522481,2.358380451055722,-1.311769997125456e-05,0.13946748774117054,0.1394806054411418,0.010430363443894995,0.037135184965116065,0.02670482152122107,32128.283333333333
SALVADOR,high_active,high,True,2,0.005244871038977084,0.4839208245874264,0.47867595354844933,2.480356360372383,137.7283075203157,135.2479511599433,-0.005062377392391487,0.06589339750556641,0.0709557748979579,0.0023234958449021015,2.372150211409623,2.369826715564721,-0.005471328939633563,0.1336285266908867,0.13909985563052027,-0.00039174291803632105,0.034644943724611584,0.035036686642647905,32147.933333333334
SALVADOR,high_active,high,True,3,-0.02210734006347731,0.44996496747425746,0.47207230753773477,-5.183664041559098,138.09031266613331,143.2739767076924,-0.00028736190167646947,0.06617265671990082,0.06646001862157729,0.008779267597791574,2.371672603156784,2.3628933355589923,0.002694707931528456,0.1327512094813036,0.13005650154977513,-0.0006633547156147147,0.025541660618825204,0.02620501533443992,33003.98333333333
SALVADOR,high_active,high,True,4,0.0007878564588678638,0.473494696786777,0.47270684032790916,2.356927952402799,137.7028510885654,135.3459231361626,0.0019018676147083968,0.06873497111725321,0.06683310350254482,0.002007644774614903,2.368656660951762,2.366649016177147,-0.0019671878920931307,0.1361196267023088,0.13808681459440192,-0.005869950140158019,0.02645428888349233,0.03232423902365035,32631.483333333334
SALVADOR,high_active,high,True,5,0.007614926326984295,0.4944423706921017,0.4868274443651174,8.905886174844255,147.6080145474695,138.70212837262525,0.0026033893448713097,0.07351975243141144,0.07091636308654013,0.015357295329372356,2.377460003481239,2.3621027081518666,-0.0047624725575285964,0.12906940011993825,0.13383187267746685,0.008433445931560465,0.04034156414958607,0.031908118218025604,31962.8
SALVADOR,high_active,high,True,6,0.0009297489900335631,0.48577407658515775,0.4848443275951242,6.117413640459546,139.03090898639314,132.9134953459336,0.0018603155056660797,0.06990162826500593,0.06804131275933985,0.01732443046998533,2.379674735006666,2.3623503045366805,-0.0020105449340164228,0.13781832208502,0.13982886701903643,-0.013592108666202123,0.028782785137783404,0.04237489380398553,32470.516666666666
SALVADOR,high_active,high,True,7,0.020318908603080332,0.4922850111753884,0.4719661025723081,11.413965713425341,145.26023202696152,133.84626631353618,-0.00040619015927800817,0.06935071132991055,0.06975690148918856,0.004185806413591564,2.366071404003414,2.3618855975898225,-0.011845370571183789,0.1264067659715902,0.138252136542774,0.002566472312595873,0.043635435639671524,0.04106896332707565,32313.2
SALVADOR,high_active,high,True,8,0.004954370044096712,0.47549475188072954,0.4705403818366328,-5.866301249957843,129.87564156879836,135.7419428187562,-0.001816334000119782,0.07260033642584246,0.07441667042596224,0.0034383680877989597,2.3713658344824524,2.3679274663946535,0.00450135998767659,0.1433821391235763,0.13888077913589972,-0.004382842204301251,0.028563680131608062,0.03294652233590931,31718.866666666665
SALVADOR,high_active,high,True,9,-0.006080138982518524,0.4715829529179393,0.4776630919004578,0.4093029423984831,133.59958857657807,133.1902856341796,0.0007065190277986272,0.06864215848329505,0.06793563945549642,0.005312027471041425,2.3603303712917225,2.355018343820681,-0.00026578297213150637,0.13758609302547806,0.13785187599760956,-0.00534525467997583,0.029939539322776213,0.03528479400275204,32466.116666666665
SAO LUIS,high_active,high,True,0,-5.4358221903250126e-05,0.37549179872661553,0.3755461569485188,2.7905899232682145,160.36269469052593,157.5721047672577,0.0013918253981166293,0.05876620529369332,0.05737437989557669,0.02792086219942025,2.3525773333471656,2.3246564711477453,0.0013211895525449824,0.11864365409629266,0.11732246454374767,-0.0015855268411879425,0.029139257612729983,0.030724784453917926,14765.716666666667
SAO LUIS,high_active,high,True,1,0.0016241771786775772,0.37535539860768863,0.37373122142901105,2.4482870194411532,157.4058521891789,154.95756516973773,0.0036599973401262656,0.05885552111209983,0.055195523771973565,0.02184132675302619,2.355796339551183,2.3339550127981568,0.00011923510031434936,0.12165454593683243,0.12153531083651808,-0.00017812576397899932,0.030610891914614784,0.030789017678593784,14543.066666666668
SAO LUIS,high_active,high,True,2,-0.005975539988556378,0.369235679730681,0.3752112197192374,8.608750874713962,156.1171488740088,147.50839799929483,0.0011057812348634968,0.05768035006038894,0.056574568825525445,0.030986679351507007,2.3545749050017313,2.3235882256502243,-0.00585363045210964,0.11892975048445403,0.12478338093656367,9.891568805949977e-05,0.031026040252081468,0.03092712456402197,14800.433333333332
SAO LUIS,high_active,high,True,3,0.006751346215589149,0.37256209285668224,0.3658107466410931,10.069074190639697,152.2743053118774,142.20523112123772,0.003802994969399287,0.05713496483453624,0.053331969865136955,0.013575431350423717,2.347918055522063,2.334342624171639,-0.0077778633501612016,0.12417661979735597,0.13195448314751718,4.15865411367497e-05,0.030167459159081735,0.030125872617944985,14609.683333333332
SAO LUIS,high_active,high,True,4,0.005850585095309779,0.3803315112744893,0.3744809261791795,-2.5824402706006424,154.51512303066363,157.09756330126427,0.004756100388928437,0.05977518244934622,0.055019082060417786,0.017093338315212758,2.347113802630813,2.3300204643156004,0.00734571303056103,0.12576131320593215,0.11841560017537112,0.00019473162415626147,0.030055709391924607,0.029860977767768346,14677.333333333334
SAO LUIS,high_active,high,True,5,5.77476131329302e-05,0.3713260527473544,0.3712683051342215,-3.8565331092029,155.1541103866428,159.0106434958457,3.407219136431633e-05,0.056802267445854454,0.05676819525449014,0.02131181421341166,2.346683267663756,2.3253714534503445,0.005338488230131819,0.12219774434869396,0.11685925611856214,-0.0013840890124607041,0.029910525086873155,0.03129461409933386,14627.533333333333
SAO LUIS,high_active,high,True,6,0.00024413879215423595,0.37062008230603,0.37037594351387576,12.753599088600907,160.80216755640342,148.0485684678025,0.003935872040690978,0.05976502745447862,0.05582915541378764,0.01828279353040063,2.3548522773943805,2.33656948386398,-0.013964856865490552,0.11417732807562898,0.12814218494111954,-0.0001361917288683935,0.030804417929525763,0.030940609658394156,14688.516666666666
SAO LUIS,high_active,high,True,7,-5.9094301413264994e-05,0.371881651348307,0.37194074564972024,-1.7724979409578339,147.3358457181016,149.10834365905944,0.006307587162964784,0.059168009833018335,0.05286042267005355,0.00933325087350978,2.3517651013924206,2.342431850518911,0.0029433940748495313,0.1300749357854828,0.12713154171063326,-0.001291075810008424,0.02991987096920618,0.031210946779214602,14722.916666666666
SAO LUIS,high_active,high,True,8,-0.004500556408882472,0.3733391231343681,0.3778396795432506,-0.27643076992100646,156.87050363908173,157.14693440900274,-0.003961254690806423,0.05744005305815057,0.061401307748956996,0.017126172596110045,2.354308900085762,2.337182727489652,0.00044690912204697897,0.11984173424390804,0.11939482512186106,0.00012298106039904805,0.03141535508800467,0.031292374027605624,14601.333333333334
SAO LUIS,high_active,high,True,9,-0.012892056782741579,0.3702446035479737,0.3831366603307153,0.9189552877808751,147.97905522525772,147.06009993747685,0.0011758237473196431,0.057509236293622826,0.05633341254630318,0.014134981601805485,2.3448008907349895,2.330665909133184,0.0007700451277604103,0.12925916984643882,0.1284891247186784,0.0012344450773922981,0.031092203446626058,0.02985775836923376,14577.95
TERESINA,high_active,high,True,0,0.02820700363505374,0.39410047792312314,0.3658934742880694,-7.765286806656491,157.91274500006506,165.67803180672155,-0.007426845454256925,0.04654282790360912,0.053969673357866045,0.01037179358608542,2.4130238774176918,2.4026520838316063,0.008946364486203215,0.12108577338076564,0.11213940889456242,-0.0016875875215030534,0.03305918902343099,0.03474677654493404,11323.816666666668
TERESINA,high_active,high,True,1,-0.00799343464380603,0.38307671092020884,0.39107014556401487,3.3215826499746584,168.63635178464665,165.314769134672,0.0002198418287378684,0.046368075342417714,0.046148233513679845,0.025113050511489377,2.4264253030469174,2.401312252535428,0.00020052292189584597,0.11274352983529741,0.11254300691340156,0.00037001923352237426,0.03386698594658158,0.033496966713059205,11297.016666666666
TERESINA,high_active,high,True,2,0.013915484154470859,0.389981241442975,0.37606575728850417,0.14159393353648397,165.0690552436633,164.92746131012683,-0.01715555340860793,0.046716409996159294,0.06387196340476722,0.03578922421762787,2.4331828222113114,2.3973935979936836,0.0037850704861478457,0.12040930444790114,0.1166242339617533,-0.002413306745020369,0.032342766521449566,0.034756073266469935,11336.2
TERESINA,high_active,high,True,3,-0.0002763989530493727,0.38682196416355585,0.3870983631166052,10.602912549864527,165.748340055063,155.14542750519848,0.0029958995840927843,0.046600298895554025,0.04360439931146124,0.02204584024882328,2.427982892080101,2.4059370518312777,-0.007312361815041399,0.11697829674317901,0.12429065855822041,-0.00043292731577330296,0.03400040148565031,0.034433328801423614,11340.833333333334
TERESINA,high_active,high,True,4,0.006284823241381354,0.3905945198998598,0.3843096966584785,0.8604007784212229,155.96336502316612,155.1029642447449,0.0027790241697274176,0.0464746276140782,0.043695603444350785,0.001042037419209052,2.420728120913841,2.419686083494632,0.00010805787163083169,0.12445246249281894,0.1243444046211881,-0.0005778118597957321,0.0328386185215194,0.03341643038131513,11318.366666666667
TERESINA,high_active,high,True,5,0.008117432760804733,0.3794093717771799,0.3712919390163752,-13.161610712122155,155.56870568548854,168.7303163976107,-0.010403098162825038,0.051241869068037606,0.06164496723086264,0.010709993375169091,2.418646200657581,2.407936207282412,0.00935135261235119,0.12343940821932058,0.11408805560696939,-0.0009588928043956224,0.03408566838392908,0.035044561188324705,11110.0
TERESINA,high_active,high,True,6,-0.0015190946600868727,0.37259371844518085,0.3741128131052677,9.298277383809449,159.96213784154625,150.6638604577368,0.015201511106059634,0.06431910931454149,0.049117598208481855,0.02904093621533832,2.416776454150744,2.387735517935406,-0.004202141274734575,0.12091250268020524,0.12511464395493982,0.002451042448860123,0.03600451771296944,0.03355347526410932,10538.2
TERESINA,high_active,high,True,7,0.010471255112109334,0.3844466073424065,0.37397535223029715,-12.379325556330087,149.364601649687,161.74392720601708,-0.013050976068280422,0.04285730260945678,0.0559082786777372,0.010958704564939303,2.4146605608488887,2.4037018562839494,0.01646041791652403,0.13058272228764337,0.11412230437111934,-0.0010694594492506038,0.03339977548334513,0.03446923493259573,11311.066666666668
TERESINA,high_active,high,True,8,0.005472672016213542,0.38351520370746195,0.3780425316912484,4.753482746522678,153.8127576501206,149.05927490359792,-0.004222628480296149,0.04613893833363389,0.05036156681393004,0.0343356282156182,2.4199461191907,2.3856104909750817,0.0008346868352855641,0.1291586785563259,0.12832399172104034,-0.0006207236264496041,0.03300825049900795,0.03362897412545755,11282.116666666667
TERESINA,high_active,high,True,9,0.006483464203055067,0.37608853091598315,0.3696050667129281,8.447472200566096,171.86925344995012,163.42178124938403,0.0036855572529579245,0.07373937280318807,0.07005381555023014,0.007421666625326395,2.414961415456906,2.4075397488315797,-0.007484473973592559,0.11092364711823971,0.11840812109183227,-0.0005482169586316296,0.035400680128463556,0.035948897087095186,10467.783333333333
VITORIA,high_active,high,True,0,-0.005114732932751387,0.42057535965453874,0.4256900925872901,-2.3369498976984744,161.70485084850654,164.041800746205,0.001737446805167589,0.07983067727497294,0.07809323046980535,0.006739520004415134,2.5144349960517203,2.507695476047305,0.003722956107232861,0.12818010414101041,0.12445714803377755,0.0012494781173588987,0.031506458176072054,0.030256980058713155,17395.783333333333
VITORIA,high_active,high,True,1,-0.00518795562540586,0.42469197626446736,0.4298799318898732,5.5302097588924255,167.9278953831158,162.39768562422339,0.0018876665168309076,0.07464738880304586,0.07275972228621495,0.008655276094674313,2.517333202893789,2.508677926799115,-0.003331567092917237,0.12261827567801872,0.12594984277093596,0.007157555747481399,0.039437025250120904,0.032279469502639505,17478.083333333332
VITORIA,high_active,high,True,2,-0.010734799635681636,0.4172555144697895,0.4279903141054711,5.206579593625378,172.9121797196211,167.70560012599572,-0.005787508908904795,0.07918911117515119,0.08497662008405599,0.005403177232598644,2.514476661362543,2.5090734841299445,-0.006522120711996565,0.11758829654355586,0.12411041725555243,0.00010904505866582426,0.03450680550063136,0.03439776044196553,17158.433333333334
VITORIA,high_active,high,True,3,-0.00034470255419760676,0.4129089717552518,0.4132536743094494,-1.379261142025257,170.47728713725238,171.85654827927763,-0.0020229507744247005,0.07168394439653901,0.07370689517096371,0.0032686475629941647,2.51877187646961,2.5155032289066157,0.002547755072127497,0.11996425667420714,0.11741650160207964,-0.017093537679070923,0.030458081696054386,0.04755161937512531,17436.55
VITORIA,high_active,high,True,4,0.006846682144775407,0.4208989599688958,0.4140522778241204,-9.253857839000602,166.1037900434856,175.3576478824862,-0.002223531600392667,0.07757183158174184,0.07979536318213451,0.0011776942358814324,2.5042617087526065,2.503084014516725,0.007569323000183925,0.12104513476375436,0.11347581176357044,0.0052743384687787415,0.03708586650193336,0.03181152803315462,17519.633333333335
VITORIA,high_active,high,True,5,-0.0013903035441833467,0.4214794596699481,0.42286976321413144,3.217621460012566,171.12884906379648,167.9112276037839,0.010918329410088995,0.08564134018304244,0.07472301077295344,0.0016192486460644417,2.5148520923639466,2.513232843717882,0.0038474548935995,0.12359890370876732,0.11975144881516782,0.017865244350334014,0.051756536215641614,0.0338912918653076,16952.233333333334
VITORIA,high_active,high,True,6,-0.0035391166154210008,0.423109660096244,0.426648776711665,6.546013234921958,176.231987265412,169.68597403049003,-0.0010835994794416576,0.07976833760695022,0.08085193708639188,0.017575881086919765,2.5202527314898604,2.5026768504029406,-0.005596428048532373,0.11556105864078951,0.12115748668932189,-0.007281090983852996,0.034501599137181496,0.04178269012103449,17130.816666666666
VITORIA,high_active,high,True,7,-0.012337221858132186,0.40933215820416874,0.4216693800623009,6.771971087601287,173.07323907372583,166.30126798612454,-0.007819957076951906,0.07405695800684396,0.08187691508379587,0.019966766681666304,2.526725630575585,2.5067588638939187,-0.00914352792405658,0.11526127755946836,0.12440480548352494,0.002909784524356439,0.036037152115640084,0.033127367591283645,17220.25
VITORIA,high_active,high,True,8,-0.0013225598844058273,0.4204743963570058,0.4217969562414116,0.8738787377371864,171.77619646751137,170.90231772977418,0.0008923670912129034,0.07896631701164125,0.07807394992042835,-0.00856652294682858,2.505214368251525,2.5137808911983535,0.00016855755558065066,0.1166087144736338,0.11644015691805315,-0.002995307533707532,0.033758278584005416,0.03675358611771295,17273.183333333334
VITORIA,high_active,high,True,9,0.01133368265060436,0.4259189045340626,0.41458522188345825,-1.026920963206635,172.36945179630922,173.39637275951586,0.0013019957908846497,0.0752765364605029,0.07397454066961826,0.0036248076473364144,2.516285577847472,2.5126607702001356,0.0013575642221969608,0.11769690724027776,0.1163393430180808,-0.004535092171060934,0.03360558746480535,0.03814067963586629,17139.666666666668
ARACAJU,low_inactive,low,False,0,-0.008446164111873156,0.43362104081498803,0.4420672049268612,6.194179027972126,179.83955653548458,173.64537750751245,-0.008155113058297705,0.07726565659729509,0.0854207696555928,-0.007289716703271498,2.505743273480827,2.5130329901840986,-0.006891401151613796,0.1073412821525775,0.1142326833041913,-0.04011759234451742,0.027139998223970296,0.06725759056848772,9732.183333333332
ARACAJU,low_inactive,low,False,1,0.013534198638930406,0.44423789929504875,0.43070370065611835,-2.897255929622389,164.4131127328661,167.3103686624885,0.002784386622956825,0.08191087370770186,0.07912648708474504,0.0031083527139155187,2.5020760578171046,2.498967705103189,0.0005745575450824825,0.12131606626161252,0.12074150871653004,0.0004000277840479523,0.030743692953719703,0.03034366516967175,9431.216666666667
ARACAJU,low_inactive,low,False,2,-0.015795922430451415,0.44539812155117764,0.46119404398162905,-2.1331584559460737,157.04664514901316,159.17980360495923,-0.011259713945185296,0.07391109065270939,0.08517080459789468,-0.0025540536138053405,2.513573513846369,2.5161275674601744,-0.001862879855652727,0.12671070220297723,0.12857358205862995,-0.022611832579814355,0.03773665599836659,0.060348488578180946,9349.716666666667
ARACAJU,low_inactive,low,False,3,0.01445520956953461,0.4380188474263764,0.4235636378568418,4.958545626330903,170.09384268031286,165.13529705398196,0.007374656552335726,0.07661051373766208,0.06923585718532635,-0.003311273403452386,2.498326106014297,2.5016373794177493,-0.0018079239605965358,0.11656128151455322,0.11836920547514976,0.002789227565694826,0.03301934019564097,0.030230112629946144,9346.95
ARACAJU,low_inactive,low,False,4,0.024237293470937393,0.4417490119449697,0.4175117184740323,3.9384014546378694,176.72563403747284,172.78723258283497,0.006535929496639628,0.08328101473245655,0.07674508523581693,-0.007009553394845991,2.505160524925337,2.512170078320183,-0.0020956452372325046,0.10683586848833522,0.10893151372556772,0.00355488295441125,0.03206990555642495,0.0285150226020137,9391.133333333333
ARACAJU,low_inactive,low,False,5,-0.015037099295366785,0.427126807605899,0.4421639069012658,-7.108168126039914,173.94418541695126,181.05235354299117,-0.005751420106134081,0.07683941624972924,0.08259083635586333,-0.018212047073730364,2.5032260354995897,2.52143808257332,0.007191793939557947,0.11068555200988577,0.10349375807032782,0.0013281215548545805,0.037930808661459856,0.036602687106605275,9426.433333333332
ARACAJU,low_inactive,low,False,6,0.0051180970288794425,0.45494065246006915,0.4498225554311897,-1.3303816127197194,174.09755463076812,175.42793624348784,0.004278332624372522,0.087467309885152,0.08318897726077948,-0.0018962409998337648,2.495857141646557,2.497753382646391,-0.0013541853904243673,0.11096415766114813,0.1123183430515725,-0.002286022578533428,0.03899848111993349,0.041284503698466916,9453.016666666666
ARACAJU,low_inactive,low,False,7,-0.0018444345832353548,0.43976079275062513,0.4416052273338605,-3.300839594014491,168.66333249738125,171.96417209139574,-0.0018343635345785675,0.08061844404877354,0.0824528075833521,0.006438781060392085,2.5221162909800268,2.5156775099196347,0.002723697228026803,0.1160255733286628,0.113301876100636,0.0004535308938734689,0.04040769960174338,0.039954168707869914,9121.8
ARACAJU,low_inactive,low,False,8,0.004987800450219404,0.4448938175178666,0.4399060170676472,-9.618614364196674,167.12355548669032,176.742169850887,0.0030342710629641945,0.08103326628358073,0.07799899522061654,-0.002302169285308242,2.5080979770304226,2.510400146315731,0.007433010294155926,0.11544293600308882,0.10800992570893289,0.0024222688643304457,0.034315579109075484,0.03189331024474504,9209.316666666668
ARACAJU,low_inactive,low,False,9,0.015180797307079386,0.4617321443164924,0.446551347009413,-6.365678593022579,169.72488449487713,176.0905630878997,0.0026487326937932876,0.08547102774917423,0.08282229505538094,-0.014830061717440834,2.4879509413431733,2.502781003060614,0.005153975603714486,0.11295050513887027,0.10779652953515578,0.003880538881172367,0.04191838463404785,0.038037845752875485,9051.816666666668
BELO HORIZONTE,low_inactive,low,False,0,0.0034092400082497143,0.6104416496248496,0.6070324096165999,-4.02121087595728,155.9062100931833,159.92742096914057,0.00025641665549017145,0.07339758021367913,0.07314116355818896,0.004047468142263533,2.5426778393854805,2.538630371243217,0.002932279799670201,0.13533611930775502,0.13240383950808482,0.0010978442753645026,0.02861897778233968,0.027521133506975177,48587.53333333333
BELO HORIZONTE,low_inactive,low,False,1,-0.021363431221703366,0.6047578269178923,0.6261212581395956,4.955659010544878,156.6523794807892,151.69672047024432,0.00145775706770708,0.07618857069356967,0.07473081362586259,-0.004144502135473793,2.5336424731535345,2.5377869752890083,-0.0037385806897584084,0.1347639236833868,0.1385025043731452,-0.0009268190367857469,0.027973508378792873,0.02890032741557862,48237.816666666666
BELO HORIZONTE,low_inactive,low,False,2,0.005502051329075441,0.6186797067952206,0.6131776554661451,0.14748668697478706,151.6694192819571,151.5219325949823,0.0022774339490057166,0.07419935130053852,0.0719219173515328,-0.00424063133311714,2.535233167877437,2.5394737992105543,0.0013120409248917053,0.13755314662778692,0.13624110570289522,-0.00013916339401976938,0.027958272913308505,0.028097436307328274,48261.53333333333
BELO HORIZONTE,low_inactive,low,False,3,-0.0050909046623931475,0.6081172744862674,0.6132081791486605,0.29670280042898867,151.56796652940494,151.27126372897595,-0.0016537674395240426,0.07195316075488407,0.07360692819440812,-0.004184954322966394,2.5369213396300716,2.541106293953038,-0.0005164152008901302,0.13883658371574123,0.13935299891663136,-0.00025381429303219377,0.028317999754861666,0.02857181404789386,48624.9
BELO HORIZONTE,low_inactive,low,False,4,0.00680633376160622,0.6062238919879318,0.5994175582263256,-1.8803920403075267,153.12123737858687,155.0016294188944,0.0023978686246037134,0.07155046306131284,0.06915259443670912,-0.0005858952126258643,2.541646305175686,2.542232200388312,0.0025098909456084673,0.1374852299497499,0.13497533900414144,-0.000828213871500904,0.028277803112008722,0.029106016983509626,48846.88333333333
BELO HORIZONTE,low_inactive,low,False,5,-0.031211151238007773,0.5984800413728997,0.6296911926109074,-3.858610006355775,152.95497009539582,156.8135801017516,-0.0005548135191415088,0.06857554001110128,0.06913035353024279,-0.0038884854716627615,2.539710912382758,2.543599397854421,0.0025315933057111495,0.1354013551637873,0.13286976185807614,-0.0010170914776086483,0.027896372924550498,0.028913464402159146,49165.7
BELO HORIZONTE,low_inactive,low,False,6,0.02722015746823203,0.6287591715894034,0.6015390141211714,1.4027813836811163,158.7311738432436,157.32839245956248,0.0014666148941278462,0.07183492142011351,0.07036830652598566,-0.0030917617373145134,2.535360596851118,2.5384523585884327,-0.0016229351460629315,0.13152036711373977,0.1331433022598027,0.001891405629185501,0.029567735606809403,0.0276763299776239,48724.73333333333
BELO HORIZONTE,low_inactive,low,False,7,-0.016436191112986664,0.6037328384877038,0.6201690296006904,2.4764263729710194,153.74514607677753,151.2687197038065,0.00014807956683034196,0.06914281519963485,0.0689947356328045,-0.0017155211883697064,2.5355126575244524,2.537228178712822,0.00023127105867853937,0.13763330263586807,0.13740203157718953,8.727009574342054e-05,0.028018230143570532,0.02793096004782711,49451.11666666667
BELO HORIZONTE,low_inactive,low,False,8,0.011429568789117606,0.6277323469501266,0.616302778161009,-3.05312442010532,154.99072004482468,158.04384446493,-0.003279531095826821,0.0723777827311365,0.07565731382696332,-8.158372788402701e-05,2.537768767059639,2.537850350787523,0.001534222809491087,0.13477229469516905,0.13323807188567796,0.0002240939260079594,0.028620703382915447,0.028396609456907487,48638.316666666666
BELO HORIZONTE,low_inactive,low,False,9,-0.007425617184990352,0.6121859718413121,0.6196115890263024,3.4011096840846733,156.57622103125166,153.175111347167,0.0006622252736586121,0.07326770309252076,0.07260547781886215,-0.0010270545186026325,2.534939002590315,2.5359660571089178,-0.0037325422809224573,0.13264881606335907,0.13638135834428153,0.0003087089467859738,0.028273668385117332,0.02796495943833136,48754.8
BOA VISTA,low_inactive,low,False,0,-0.009058078672026126,0.38489325064898045,0.39395132932100657,1.9798657773563662,201.64395659762567,199.6640908202693,0.00040514414732251147,0.06211658771389387,0.06171144356657136,0.03041086064722398,2.5912535410484328,2.5608426804012088,-0.0004421761033562982,0.09224879828004084,0.09269097438339714,0.02688245807741091,0.39450123730138603,0.3676187792239751,6479.433333333333
BOA VISTA,low_inactive,low,False,1,-0.0008158595291546389,0.4068013633460782,0.40761722287523283,2.953986976861245,181.3756006730533,178.42161369619205,-0.003334727243894914,0.0664013812322049,0.06973610847609982,0.011627112028585351,2.532186017497848,2.5205589054692625,-0.0012269431724771795,0.10826518639208754,0.10949212956456472,-0.0013807937050012153,0.3559557065934656,0.3573365002984668,6483.65
BOA VISTA,low_inactive,low,False,2,-0.01093292604307794,0.3854319653421287,0.39636489138520664,-11.631945660040174,168.59264274245257,180.22458840249274,0.0001692390855915632,0.060788907433577344,0.06061966834798578,0.002819685951323425,2.5031953047127433,2.50037561876142,0.004838129765520269,0.11386976284505736,0.10903163307953709,0.028319005551726284,0.36281751780411636,0.3344985122523901,6481.5
BOA VISTA,low_inactive,low,False,3,-0.004658512389193792,0.39611573167139535,0.40077424406058915,-2.393336528001612,188.26933303555282,190.66266956355443,-0.007520642171025209,0.05571136928853177,0.06323201145955698,-0.011657259460307046,2.5515848149841633,2.5632420744444704,-0.0021225746289770114,0.10358407104448882,0.10570664567346583,-0.07504331230966432,0.26899726785698236,0.3440405801666467,6476.716666666666
BOA VISTA,low_inactive,low,False,4,-0.006453008466508425,0.3953748774761025,0.40182788594261093,9.076809462572555,204.44348800331107,195.36667854073852,-0.000768683010555965,0.06520203958543562,0.06597072259599158,0.01545050689517602,2.540847423843991,2.525396916948815,0.0003730368808661927,0.08967960942124482,0.08930657254037863,-0.03149809635557421,0.3576204523858273,0.3891185487414015,6483.716666666666
BOA VISTA,low_inactive,low,False,5,0.009507468231611915,0.40978321006894575,0.40027574183733383,-2.486145122468457,170.38096777417047,172.86711289663893,0.005453361285279991,0.06045336650412102,0.055000005218841026,-0.015805983131114143,2.5419612712178306,2.5577672543489447,-0.0014768888003973274,0.11605950702440221,0.11753639582479954,0.03938649321728799,0.36076301765616975,0.32137652443888176,6484.166666666667
BOA VISTA,low_inactive,low,False,6,0.008501299419728159,0.3890570139395154,0.38055571451978726,-1.8988007331641086,182.35018172671687,184.24898245988098,0.002397929916239612,0.05676132483728957,0.05436339492104996,0.019505989754342146,2.5533580589577562,2.533852069203414,0.001430955870939804,0.10602255481771757,0.10459159894677776,0.03266386396370047,0.3068170854405536,0.2741532214768531,6474.866666666667
BOA VISTA,low_inactive,low,False,7,0.0006071092122314492,0.3926198599357596,0.39201275072352815,-5.359292478975675,180.1085923129224,185.4678847918981,0.002415146616232239,0.06708290772730938,0.06466776111107714,0.008299726273044428,2.5431659785135436,2.534866252240499,0.007588814354702808,0.10869073650823359,0.10110192215353078,0.0238102145590372,0.37636369456226654,0.35255348000322934,6476.2
BOA VISTA,low_inactive,low,False,8,0.0018398869725747558,0.3975575620772061,0.39571767510463135,10.288852362405123,188.6117433280971,178.32289096569198,-0.001076008329033866,0.05846199316704474,0.05953800149607861,-0.024513366698443395,2.5203772330936522,2.5448905997920956,-0.010870809779680357,0.10086021613606601,0.11173102591574637,0.020698793331422993,0.3547781080894146,0.33407931475799163,6480.816666666667
BOA VISTA,low_inactive,low,False,9,0.005884204550864025,0.40094410480130904,0.395059900250445,-4.65218601298028,186.00487299913706,190.65705901211734,0.014226904743657197,0.06592719844604357,0.05170029370238637,-0.0022195959845734414,2.547580841660847,2.5498004376454206,0.0011262315999808203,0.09987098496984487,0.09874475336986405,0.09558294158785502,0.38744661435250566,0.29186367276465064,6473.683333333333
BRASILIA,low_inactive,low,False,0,-0.001823333591175147,0.44639585757199757,0.4482191911631727,-0.5397236061154729,201.20746081846193,201.7471844245774,-0.00038526429925855865,0.09784877224268775,0.0982340365419463,0.0027808460347751307,2.6937430733385757,2.6909622273038005,0.0014819687293308598,0.095667953388421,0.09418598465909014,-0.0003199886524156287,0.03470832335080658,0.035028312003222206,40254.15
BRASILIA,low_inactive,low,False,1,0.0034054559735915424,0.4564706715608985,0.45306521558730695,1.136329254988965,197.72779299582325,196.59146374083429,-0.004315392821559488,0.09306510033858789,0.09738049316014738,0.010823869600534053,2.691490748230503,2.6806668786299688,-0.0003258778644371768,0.09906252205654781,0.09938839992098498,-0.0009357038963849623,0.034129229843856614,0.035064933740241576,40606.9
BRASILIA,low_inactive,low,False,2,0.008984974821068414,0.4551719572076064,0.446186982386538,-0.8105970915752891,199.26781462377036,200.07841171534565,0.009506681877766085,0.10273366293014387,0.09322698105237778,-0.010261258870914336,2.6805418171301136,2.690803076001028,0.0009286295185734483,0.09716943734654654,0.09624080782797309,0.00019733364221517086,0.03452131639676061,0.034323982754545436,39505.46666666667
BRASILIA,low_inactive,low,False,3,-0.00029377450080936285,0.4546863463502303,0.45498012085103967,0.03334104211916156,193.4924118265823,193.45907078446314,-0.005024815198758373,0.09756390950560273,0.1025887247043611,7.11378883466729e-05,2.680205371789849,2.6801342339015024,0.0005220575105554653,0.10061232664638878,0.10009026913583331,-0.0010433624047406775,0.03370582961539532,0.034749192020135995,40599.666666666664
BRASILIA,low_inactive,low,False,4,-0.008598991681970314,0.44963003333603113,0.45822902501800145,-0.7688158806016929,193.55083223203044,194.31964811263214,-0.003441931798864553,0.09502018209464476,0.09846211389350931,-0.0055415626484314195,2.676875387822139,2.6824169504705706,-0.0007100695858379552,0.10048446998940684,0.1011945395752448,-0.0006207734937004813,0.03364673566541381,0.03426750915911429,40674.3
BRASILIA,low_inactive,low,False,5,-0.004357474608496392,0.4495092870073178,0.4538667616158142,-2.145614099816271,196.95272226882028,199.09833636863655,-0.006496952499106937,0.09290197541736805,0.09939892791647499,0.00024818702022999517,2.686054957895439,2.685806770875209,0.003979623551762318,0.09989546899984779,0.09591584544808547,-0.0010330784549423683,0.0336709481951984,0.03470402665014077,41013.083333333336
BRASILIA,low_inactive,low,False,6,0.0030413735041338597,0.45278287933615935,0.4497415058320255,-2.592792380505557,194.66368394992318,197.25647633042874,-0.007437010797753427,0.09193027518381605,0.09936728598156948,-0.005330748636834137,2.6814860486789387,2.686816797315773,0.00047604276559030934,0.1011287339991698,0.10065269123357949,-0.0008606909900352455,0.03419532831936416,0.0350560193093994,40514.066666666666
BRASILIA,low_inactive,low,False,7,0.005492985349752566,0.45831759658685517,0.4528246112371026,-1.0905666296357879,192.33224310627705,193.42280973591284,0.0002925244586545056,0.09797347156425454,0.09768094710560003,-0.0014387455446804864,2.682216338709036,2.6836550842537163,0.002048932807425602,0.10246964555642957,0.10042071274900397,-0.00036618125306999566,0.03459418360013709,0.03496036485320709,39541.78333333333
BRASILIA,low_inactive,low,False,8,-0.00017811708930520753,0.4500161713478778,0.450194288437183,2.112576573833479,194.48196124153074,192.36938466769726,-0.004010533944741226,0.0949902180842202,0.09900075202896143,0.005677274372497543,2.689776857955461,2.6840995835829635,-0.0009506488957870957,0.0998905016105161,0.1008411505063032,0.0002984547741322133,0.03449108090632895,0.034192626132196736,40802.98333333333
BRASILIA,low_inactive,low,False,9,-0.0028610674375293965,0.45005666114374615,0.45291772858127555,-1.3279920066777606,195.19479083573987,196.52278284241763,-0.002849221523506515,0.09796508351820617,0.10081430504171268,-5.3605149278546094e-05,2.695416757291291,2.6954703624405694,0.0010845392502385892,0.09927896064901308,0.09819442139877449,-0.0008733538216276412,0.034622256201258174,0.035495610022885815,40148.816666666666
CAMPO GRANDE,low_inactive,low,False,0,0.002616498925768651,0.37676427197438916,0.3741477730486205,-6.546659544578205,161.26664116259616,167.81330070717436,-0.0023728665226746617,0.04758398051549884,0.049956847038173505,0.0037675202764058113,2.657451410906669,2.6536838906302633,0.0059653764418335364,0.13292733618380329,0.12696195974196975,-0.00017744865381489477,0.036526887649716205,0.0367043363035311,10239.066666666668
CAMPO GRANDE,low_inactive,low,False,1,0.0025326135900143876,0.37863764985084186,0.3761050362608275,-0.9401008280498786,175.05226662630878,175.99236745435866,-0.0007532955255206697,0.051196415636018906,0.051949711161539576,-0.0064025431825727175,2.6631206774653142,2.669523220647887,-0.0015390262002290683,0.11961794948075749,0.12115697568098656,0.0016097971230754418,0.03799826283567657,0.036388465712601126,10237.866666666667
CAMPO GRANDE,low_inactive,low,False,2,-0.0002147681745047203,0.3729864679590087,0.3732012361335134,2.4685675341938804,187.97011475346355,185.50154721926967,-0.00022778858175898087,0.054305270010951874,0.054533058592710855,-0.007208383783139816,2.6631225857695044,2.6703309695526443,-0.0034172933776934755,0.1140504325943981,0.11746772597209157,0.0004512152907946154,0.03688447203986291,0.0364332567490683,10237.516666666666
CAMPO GRANDE,low_inactive,low,False,3,0.0004035111468550512,0.38066480254998525,0.3802612914031302,-5.46286167764066,179.75128446846506,185.21414614610572,0.0017321063952665597,0.05758251077060596,0.0558504043753394,0.0031996877440425564,2.6761459683478486,2.672946280603806,0.007367810677156472,0.12050816256246541,0.11314035188530894,-0.00018157109163526725,0.03605084665644462,0.036232417748079886,10238.166666666666
CAMPO GRANDE,low_inactive,low,False,4,-0.0055260303475209716,0.3708928775566637,0.3764189079041847,-12.440644195700997,173.29032085093934,185.73096504664034,-0.0008503710744505039,0.05310373774233013,0.05395410881678064,-0.01865310192224845,2.6646573844149617,2.68331048633721,0.007370740285437716,0.12472512679329095,0.11735438650785324,0.0002730558818010084,0.0376223103372091,0.03734925445540809,10238.616666666667
CAMPO GRANDE,low_inactive,low,False,5,0.01104206561123866,0.3851204902422127,0.374078424630974,-3.165525513590353,172.76778557142418,175.93331108501454,-0.0007448251685090168,0.050869039694210014,0.05161386486271903,-0.01146057424802871,2.6613377326705985,2.672798306918627,0.002268051731805748,0.12208684887054139,0.11981879713873564,0.00027696294506796004,0.03531015844432586,0.0350331954992579,10238.1
CAMPO GRANDE,low_inactive,low,False,6,-0.0010515086456531764,0.37650162751480126,0.37755313616045444,0.38147991812783744,175.22764477351194,174.8461648553841,0.0016688784005453247,0.05400749111415383,0.052338612713608505,0.006076329507768374,2.666768642252533,2.660692312744765,0.0015751276909519024,0.12339569492886682,0.12182056723791491,0.00011318343406601511,0.03560883808947198,0.03549565465540597,10237.133333333333
CAMPO GRANDE,low_inactive,low,False,7,0.005203275564235776,0.38470536349637413,0.37950208793213835,17.113856694730913,186.38362425877096,169.26976756404005,0.0014773801830369124,0.05288639411065611,0.0514090139276192,-0.0003538109488414598,2.6546944789423494,2.655048289891191,-0.01608239321265166,0.11343818057565931,0.12952057378831097,-0.0005765224458600393,0.036065706438920715,0.036642228884780755,10239.4
CAMPO GRANDE,low_inactive,low,False,8,0.003343413829264952,0.38158210879850235,0.3782386949692374,1.0272097463374905,180.16195755973476,179.13474781339727,-0.0004734435189688649,0.05134661030438725,0.05182005382335612,-0.013728055033261022,2.6695499990126232,2.6832780540458843,-0.0030942518838367877,0.11951515742738601,0.1226094093112228,-0.0008070124297726577,0.03649890185536633,0.037305914285138984,10235.166666666666
CAMPO GRANDE,low_inactive,low,False,9,0.0007724990577276936,0.3781883576999814,0.3774158586422537,19.49574126402888,191.93478878817285,172.43904752414397,0.0028972937570747523,0.05440911038790053,0.051511816630825775,0.01834194210543716,2.6859582968845035,2.6676163547790663,-0.01468554635891392,0.11197627173004093,0.12666181808895485,-0.0013899390597087238,0.03546042599229851,0.036850365052007235,10237.7
CURITIBA,low_inactive,low,False,0,0.013873567370087436,0.49428625775323903,0.4804126903831516,0.8684325996374014,159.66675124490328,158.79831864526588,-0.00302236720875787,0.06700058747069329,0.07002295467945116,0.0016214186452572221,2.5264679608259084,2.524846542180651,-0.002308018636882736,0.12953445149790768,0.13184247013479042,0.0014115136301011758,0.03358731480567492,0.03217580117557375,32308.666666666668
CURITIBA,low_inactive,low,False,1,-0.003912726621078222,0.48238186034838787,0.4862945869694661,1.1606397141285925,158.87437471721702,157.71373500308843,0.0008676749559124869,0.06784051506985254,0.06697284011394006,-0.002608823047658415,2.527826284484921,2.5304351075325795,-0.00014648852471724205,0.13357203987665056,0.1337185284013678,0.0007898076464517428,0.03317357984030974,0.032383772193858,32095.35
CURITIBA,low_inactive,low,False,2,0.02236666906025092,0.503303782309152,0.48093711324890104,2.6537118090965635,160.94369770380752,158.28998589471095,-0.0005088297180662615,0.06896540477977439,0.06947423449784065,-0.0008743247405287313,2.5255139413878833,2.526388266128412,-0.00020803615310691081,0.13301583434518333,0.13322387049829024,0.0018813198278263207,0.034647030888902954,0.03276571106107663,31940.366666666665
CURITIBA,low_inactive,low,False,3,0.005167914050072386,0.480712907816384,0.4755449937663116,-3.380740469584566,159.2580023184632,162.63874278804778,-0.0021323453692787264,0.06731821890729224,0.06945056427657097,-0.004601805378611434,2.529806614982858,2.5344084203614696,0.0012534106976958004,0.13302150256569276,0.13176809186799696,0.0010666026848038107,0.034118367882130206,0.033051765197326395,32029.45
CURITIBA,low_inactive,low,False,4,0.04438820498893026,0.5175026365152263,0.47311443152629606,-3.4612389058574706,153.36755298229934,156.82879188815681,-0.00017691866018447466,0.06770848242363434,0.06788540108381881,0.002945406499738734,2.52196314272813,2.5190177362283914,0.0024424417427121037,0.13686658262420243,0.13442414088149032,0.0012399246567516772,0.03508230027770099,0.033842375620949314,32077.433333333334
CURITIBA,low_inactive,low,False,5,0.013157322572374397,0.49360121598740986,0.48044389341503546,0.7514401689549857,163.88558063642571,163.13414046747073,0.0011835310744352096,0.07065694580551353,0.06947341473107832,0.007605706398470691,2.54379423358906,2.5361885271905895,0.0014788534153591382,0.130658554569895,0.12917970115453586,0.0005359188858126071,0.03341091869964832,0.032874999813835716,32126.883333333335
CURITIBA,low_inactive,low,False,6,-0.007171821757099017,0.48430173555101147,0.4914735573081105,6.280474601441057,160.14715806946165,153.8666834680206,0.00027889031753650095,0.0693733100532374,0.0690944197357009,0.0069591439775082975,2.540430450504614,2.5334713065271055,-0.005221695454674519,0.13245764296589366,0.13767933842056818,-0.0012584226017060482,0.032510716335166424,0.03376913893687247,32204.166666666668
CURITIBA,low_inactive,low,False,7,-0.01183802554674479,0.4754678538350337,0.4873058793817785,5.104319600645738,156.17117811152872,151.06685851088298,0.002213940132767628,0.06774707064338382,0.0655331305106162,-0.00450956809712677,2.5267905457708952,2.531300113868022,-0.0049114061564918265,0.13410971478759084,0.13902112094408267,0.0004589720781984913,0.03266245273520081,0.03220348065700232,32102.25
CURITIBA,low_inactive,low,False,8,0.0038770916694208513,0.4802076359012765,0.47633054423185567,6.139090330338149,162.22114061495267,156.08205028461452,0.0002893733188087805,0.06727167367151506,0.06698230035270628,0.006826592648542018,2.5417171485686003,2.5348905559200583,-0.0030316282399736327,0.13136627751509042,0.13439790575506405,0.0012708346913116522,0.03298377555520451,0.031712940863892855,32137.25
CURITIBA,low_inactive,low,False,9,-0.009556288621837883,0.4878726474614193,0.49742893608325717,-5.2659520019418835,157.54534084104984,162.81129284299172,-0.0008150025726019056,0.06815569541671491,0.06897069798931682,-0.005406378536977119,2.529526442374495,2.534932820911472,0.005910037422135611,0.13578538060536757,0.12987534318323196,-5.433086704088874e-05,0.033073410623860995,0.033127741490901884,31969.6
FLORIANOPOLIS,low_inactive,low,False,0,0.018518126410497493,0.44563026457239174,0.42711213816189425,-2.808113175764845,193.59605927953584,196.40417245530068,0.0059267002061434565,0.0712743020137073,0.06534760180756384,0.001390493685509142,2.601407670865348,2.600017177179839,-0.0002679327491098976,0.1100000157870938,0.1102679485362037,0.0027117221724887314,0.03363436290129259,0.03092264072880386,12466.266666666666
FLORIANOPOLIS,low_inactive,low,False,1,0.027434617499918768,0.48497720349787843,0.45754258599795966,-2.6688450868672646,198.64664831752106,201.31549340438832,-0.002799493437449521,0.0718855887101302,0.07468508214757973,0.01974203473108327,2.6273171516679894,2.607575116936906,0.0029039729714926965,0.11323966904603264,0.11033569607453994,0.0013366528105857312,0.03494551271370245,0.03360885990311672,12611.366666666667
FLORIANOPOLIS,low_inactive,low,False,2,0.005033881419306052,0.46269507574574464,0.4576611943264386,-7.226539503776593,195.89432447734907,203.12086398112567,0.005220901398762565,0.0787006633653843,0.07347976196662173,0.013544038894920174,2.620266904246924,2.606722865352004,0.004072443552868982,0.11129500521140277,0.10722256165853379,-0.00042484051574080695,0.033796372613880445,0.03422121312962125,12286.3
FLORIANOPOLIS,low_inactive,low,False,3,-0.02636679774907641,0.4370276665685207,0.4633944643175971,-0.7345253291621248,203.23457479902382,203.96910012818594,0.0041144059329358135,0.07060700058961937,0.06649259465668356,0.007047594428631232,2.631897751670216,2.6248501572415845,0.0009715512691370609,0.1085418817224718,0.10757033045333474,-0.0009813455546696694,0.030590390125008898,0.03157173567967857,12294.483333333334
FLORIANOPOLIS,low_inactive,low,False,4,-0.003018917707724833,0.4321586460742486,0.4351775637819734,-0.24054775001496864,204.7830696574496,205.02361740746457,-0.009605218436984891,0.07052261429458938,0.08012783273157427,0.000533022411077333,2.619073021497782,2.6185399990867047,0.00020261374972627144,0.10629037965462722,0.10608776590490095,0.0009235213425069222,0.03218401514038661,0.031260493797879686,13591.1
FLORIANOPOLIS,low_inactive,low,False,5,0.003572092319059139,0.45171803479182426,0.4481459424727651,-5.14732289761605,195.4728234360641,200.62014633368014,-0.00014904143816830973,0.06690836097288623,0.06705740241105454,0.0029292650947918553,2.609181294074457,2.6062520289796653,0.0063137533081048525,0.11293247096724891,0.10661871765914406,0.0015064402246337469,0.033767998936898164,0.03226155871226442,12993.916666666666
FLORIANOPOLIS,low_inactive,low,False,6,-0.007475111069053464,0.45571243734801875,0.4631875484170722,-3.494899422240593,196.43868034663578,199.93357976887637,0.004173283614186632,0.07332124073705806,0.06914795712287143,-0.014193594948628707,2.5928805179593044,2.607074112907933,0.00263824266463393,0.10883800480351044,0.10619976213887651,0.0007603837216805312,0.034110909081041224,0.03335052535936069,12685.35
FLORIANOPOLIS,low_inactive,low,False,7,0.027689169501808553,0.47748146594184643,0.4497922964400379,0.808041937844024,196.58074937846956,195.77270744062554,-0.0007311077416263523,0.07112918528990707,0.07186029303153342,-0.0033800283709708445,2.58475301526783,2.588133043638801,-0.0009974689765237937,0.11223482970127445,0.11323229867779824,0.0014015753057710148,0.034000774122628495,0.03259919881685748,13493.916666666666
FLORIANOPOLIS,low_inactive,low,False,8,-0.036002808819665943,0.4557392419039398,0.4917420507236057,4.234597065788847,199.3872902413852,195.15269317559634,0.005844729976897084,0.07969767755913779,0.0738529475822407,0.000516014334781989,2.6018688567153134,2.6013528423805314,-0.0016533073556494055,0.11212525901162149,0.11377856636727089,-0.001442371871209512,0.03317523079620922,0.03461760266741873,12951.916666666666
FLORIANOPOLIS,low_inactive,low,False,9,0.0010171829058219783,0.43688240489366753,0.43586522198784555,-0.49966263358226115,195.0384005864107,195.53806321999295,0.0071497599820411345,0.07788804534486046,0.07073828536281933,-0.015237773208432337,2.6171775265291055,2.632415299737538,-0.0009711773153725234,0.11224733600142146,0.11321851331679399,-0.0002888538233612459,0.03198761678189141,0.032276470605252655,12099.6
FORTALEZA,low_inactive,low,False,0,0.0012784351004150873,0.4728799418694297,0.47160150676901463,-1.5681620281723383,164.57926265436944,166.14742468254178,0.009940706972643279,0.08899385523151322,0.07905314825886994,-0.0031980352227325426,2.4814343165862454,2.484632351808978,0.0011086039642025924,0.11438059235436016,0.11327198839015756,0.07090664412882448,0.14237828610446276,0.07147164197563828,34333.51666666667
FORTALEZA,low_inactive,low,False,1,-0.0074546500860321885,0.46874251007936113,0.4761971601653933,4.400931036967876,174.25919408135738,169.8582630443895,-0.0022328094750346805,0.08333380238492964,0.08556661185996432,0.003478615086586867,2.477924530436763,2.4744459153501763,-0.004958064179495833,0.10635121991584322,0.11130928409533905,0.022771074355762047,0.10970264591705078,0.08693157156128874,34695.85
FORTALEZA,low_inactive,low,False,2,-0.01198905368345099,0.4669529458998018,0.4789419995832528,-0.40356261895976786,173.15531950507875,173.55888212403852,4.3862246394688054e-05,0.08940530683620634,0.08936144458981166,0.00613323586445258,2.4829843336653834,2.476851097800931,-9.438608389283898e-06,0.10991461895910697,0.10992405756749625,0.011690644580644186,0.12673189910216984,0.11504125452152565,34463.5
FORTALEZA,low_inactive,low,False,3,0.00014099916767645881,0.4841589061050145,0.48401790693733804,-2.1946041389414574,164.08023759183519,166.27484173077664,-0.003869421415927554,0.0880110061647428,0.09188042758067036,0.00867364920598801,2.4751795976273314,2.4665059484213434,0.004466265621942328,0.11621920027239212,0.11175293465044979,-0.013189795336950444,0.11646655597829897,0.1296563513152494,34141.316666666666
FORTALEZA,low_inactive,low,False,4,-0.0002497718203136601,0.47928391833547246,0.4795336901557861,-2.7630201276271293,175.00061267157096,177.7636327991981,0.0007129558981499862,0.10033411838062313,0.09962116248247314,0.01094343792709429,2.488504762966782,2.4775613250396877,0.0016246833773905095,0.11021215577327537,0.10858747239588486,0.015636753828078664,0.1742397023259416,0.15860294849786294,33820.566666666666
FORTALEZA,low_inactive,low,False,5,0.003678402212528631,0.48020463617840536,0.47652623396587673,1.3816770032265708,174.74956382560336,173.3678868223768,0.007833575411640314,0.09756264382296917,0.08972906841132886,0.00027390893440415454,2.4758288818007252,2.475554972866321,3.4187460900142463e-06,0.11004705816631702,0.110043639420227,0.05973237809561047,0.14481429728009695,0.08508191918448649,33781.21666666667
FORTALEZA,low_inactive,low,False,6,0.00945820449528334,0.48119977444925793,0.4717415699539746,3.009863396124871,164.73214184591203,161.72227844978715,0.003585112040132357,0.08720349933775813,0.08361838729762577,0.00016479683355630215,2.4716682640076084,2.471503467174052,-0.002916510069265993,0.11531645569067933,0.11823296575994532,0.03308917729009294,0.08769920258242993,0.05461002529233699,33805.63333333333
FORTALEZA,low_inactive,low,False,7,-0.0013719158374759233,0.48222122357068614,0.48359313940816206,-4.791578369053468,171.0835471938857,175.87512556293916,0.0011966882693384279,0.09847909107252306,0.09728240280318463,0.004005970110302126,2.4794577868186707,2.4754518167083686,0.000664104790725803,0.10894485734142416,0.10828075255069836,0.009271640106702006,0.16311140629303403,0.15383976618633202,33613.416666666664
FORTALEZA,low_inactive,low,False,8,-0.0013923806810279826,0.4752407224986934,0.4766331031797214,3.991280666579655,178.72970071037156,174.7384200437919,0.006793546027955288,0.09906593304956694,0.09227238702161165,-0.010125590725922784,2.4716939842715404,2.481819574997463,-0.003603806950629465,0.10623736934825882,0.10984117629888829,0.04099763087180372,0.1667694449578666,0.1257718140860629,33862.933333333334
FORTALEZA,low_inactive,low,False,9,0.010191065718320957,0.4837080390858518,0.47351697336753085,-5.984725265178469,172.9526647624513,178.93739002762976,0.007930103089691706,0.09568728817320013,0.08775718508350842,0.004233903146065199,2.480209974177552,2.4759760710314866,0.0071819428262312746,0.11204634849823317,0.10486440567200189,0.04199618642821876,0.1455472251731256,0.10355103874490684,33596.15
JOAO PESSOA,low_inactive,low,False,0,0.01134773065745004,0.41399626276679463,0.4026485321093446,9.735890187618338,154.87837274685612,145.14248255923778,0.00305326514336951,0.09410446148507831,0.0910511963417088,0.0018487023169657668,2.5321854869409295,2.5303367846239637,-0.010576710915483761,0.13222390635302256,0.14280061726850632,-0.002079876255947126,0.04532613300014397,0.0474060092560911,9881.366666666667
JOAO PESSOA,low_inactive,low,False,1,0.02326457963376083,0.4280034307853519,0.4047388511515911,-18.24412799544382,162.19134701634394,180.43547501178776,-0.0048887140608514235,0.0937925222771412,0.09868123633799263,0.011401255833330293,2.539855834382844,2.5284545785495136,0.01636077513787562,0.12351541427027296,0.10715463913239734,0.0055724116850539435,0.05077678338463738,0.04520437169958344,9680.733333333334
JOAO PESSOA,low_inactive,low,False,2,-0.007650732734644339,0.4082111722521471,0.41586190498679143,-4.9932477791628855,151.33761899040675,156.33086676956964,0.005664091339507418,0.09120602108662056,0.08554192974711314,-0.0015754102314553542,2.5338629839404585,2.535438394171914,0.0032947082778039816,0.13605931340892058,0.1327646051311166,0.002398993327595987,0.04809622080193783,0.045697227474341844,9627.383333333333
JOAO PESSOA,low_inactive,low,False,3,0.0022816689239659182,0.4065465217692542,0.4042648528452883,2.155328165363386,170.49891364707662,168.34358548171323,0.005835310389379622,0.09359720289429214,0.08776189250491252,0.019271281334494184,2.537726487525314,2.51845520619082,-0.0004609331855820742,0.11922751301617687,0.11968844620175895,0.002470363896980146,0.04527363894968242,0.042803275052702275,9937.766666666666
JOAO PESSOA,low_inactive,low,False,4,0.007101376434431983,0.4222895631857713,0.41518818675133934,5.030910156754288,149.09399290712548,144.0630827503712,0.004061659876122614,0.09152985765710712,0.08746819778098451,0.007492954132647167,2.5515897026748466,2.5440967485421995,-0.0035293917977811395,0.13943801311092757,0.1429674049087087,-0.0012537462771504762,0.04787692514165887,0.04913067141880935,9542.716666666667
JOAO PESSOA,low_inactive,low,False,5,0.010957942471087001,0.4278956415656766,0.4169376990945896,-15.295172909859872,160.31151052461198,175.60668343447185,0.0029191290116314106,0.09736340998338597,0.09444428097175456,0.00437142793772427,2.543941878224541,2.5395704502868166,0.009761387746399869,0.12828105287679695,0.11851966513039708,0.0008315037057580812,0.04839320587245406,0.04756170216669598,9572.233333333334
JOAO PESSOA,low_inactive,low,False,6,0.0013123642985228279,0.41207320941549114,0.4107608451169683,3.794595698641558,169.3410064101663,165.54641071152474,-0.0029114878227440855,0.08800498908832578,0.09091647691106987,0.010499073392757019,2.548027889489539,2.537528816096782,-0.004452386060687957,0.11961448251148696,0.12406686857217492,-0.002725473732891656,0.04463626840555182,0.04736174213844348,10123.8
JOAO PESSOA,low_inactive,low,False,7,0.0031858887117517942,0.41112912138652674,0.40794323267477495,-9.961582700812414,154.13463678821333,164.09621948902574,-0.0036906497772895702,0.08375357613346328,0.08744422591075285,0.0034994060518154235,2.527520322899591,2.5240209168477756,0.012066769948801029,0.13457001841054464,0.12250324846174361,0.0003693534994532316,0.046196256644725084,0.04582690314527185,9986.316666666668
JOAO PESSOA,low_inactive,low,False,8,-0.011545012941711619,0.4100217590033977,0.42156677194510933,-2.6411956659026146,161.84926848699195,164.49046415289456,-0.002350994793507463,0.08993038108987393,0.0922813758833814,0.0024108669281255324,2.5306001929098705,2.528189325981745,0.0023687833817951226,0.1264953348206948,0.12412655143889968,-0.00102898051753951,0.045999867637750304,0.047028848155289814,9735.216666666667
JOAO PESSOA,low_inactive,low,False,9,0.0001635024673549701,0.4161046407895329,0.41594113832217794,6.406096086252404,163.13422066657284,156.72812458032044,0.004210649658138874,0.09494948132746495,0.09073883166932607,-0.005799760564912493,2.5242748556233265,2.530074616188239,-0.0022235410318387494,0.12604560859528738,0.12826914962712613,-0.000783137719019035,0.04545834189398739,0.046241479613006425,9907.7
MACEIO,low_inactive,low,False,0,0.021621008715977885,0.3988096456695209,0.377188636953543,7.169886082452024,162.6561913171044,155.48630523465238,0.0027211559637458985,0.0646631244539367,0.0619419684901908,-0.007076842538062955,2.457263286324123,2.464340128862186,-0.00919669565605083,0.10954960296102377,0.1187462986170746,-0.00044843433770250934,0.027406166361753272,0.02785460069945578,11210.233333333334
MACEIO,low_inactive,low,False,1,0.00748583118484053,0.39084133502564605,0.3833555038408055,5.789448688467502,157.94058381522245,152.15113512675495,0.005312390215389429,0.05997521320519731,0.05466282298980788,0.009427749453732037,2.4811430471234583,2.4717152976697263,-0.002300860748532682,0.12101471969715528,0.12331558044568797,0.0005658251374106582,0.026987994053932585,0.026422168916521927,11226.033333333333
MACEIO,low_inactive,low,False,2,-0.00012389768252762945,0.39497773919415413,0.39510163687668176,11.203372182229913,158.43610631232542,147.2327341300955,0.0033631307762166107,0.06225083573581333,0.05888770495959672,-0.012855243891125134,2.458443819179823,2.471299063070948,-0.01354516400816079,0.11120341248035719,0.12474857648851798,-0.0008022091963961302,0.025946285236951146,0.026748494433347276,11244.533333333333
MACEIO,low_inactive,low,False,3,0.0003346168351718859,0.3829349172068159,0.382600300371644,-10.339585929796556,144.64938897235697,154.98897490215353,-0.0004689112518061478,0.06083185054943655,0.0613007618012427,-0.010668739096084678,2.4716171706254344,2.482285909721519,0.009247126236093528,0.1303581965578734,0.12111107032177987,5.587451534812271e-05,0.026799410251432794,0.02674353573608467,11219.766666666666
MACEIO,low_inactive,low,False,4,-0.0011055819811903178,0.3923676704290732,0.39347325241026354,6.6168824885585025,168.65424673005887,162.03736424150037,0.00701740916784914,0.07594647418139343,0.06892906501354429,-0.01668161789551581,2.459110928139223,2.475792546034739,-0.01167247338668044,0.10393639747404153,0.11560887086072197,0.0015401023514269863,0.028230833537497783,0.026690731186070796,10822.916666666666
MACEIO,low_inactive,low,False,5,-0.004219791172166809,0.39809986964093375,0.40231966081310055,0.1276796242234184,182.02292702870844,181.89524740448502,-0.006804934827276843,0.08003313641220304,0.08683807123947988,0.0019445791650505306,2.4661411918208755,2.464196612655825,0.002738448442245897,0.09874804340081565,0.09600959495856976,-0.007673363964130164,0.02807560722858198,0.03574897119271214,10736.316666666668
MACEIO,low_inactive,low,False,6,0.0019294453879125095,0.38968759518311097,0.38775814979519846,7.421562872137798,166.85062391083582,159.42906103869802,0.00017612793593742293,0.06737506555673398,0.06719893762079655,-0.0028780878809748778,2.4634508038006686,2.4663288916816435,-0.009751298082607843,0.10616757542293906,0.1159188735055469,-0.0013076361357108462,0.025784842278810692,0.02709247841452154,11232.866666666667
MACEIO,low_inactive,low,False,7,0.008375120977180184,0.4003825350517092,0.392007414074529,-3.3409317050461595,150.02939452413335,153.3703262291795,-0.001358787871361039,0.05755111927136576,0.0589099071427268,0.004489733047359223,2.482946578944389,2.4784568458970297,0.0010167273202335292,0.12292829997123142,0.12191157265099789,8.267336185536003e-05,0.025818282993124587,0.025735609631269227,10980.75
MACEIO,low_inactive,low,False,8,-0.005140589036074283,0.38304198294878067,0.38818257198485495,1.240362405699841,152.82093661997564,151.5805742142758,0.0037444126106540992,0.06240061802337678,0.05865620541272268,-0.00581934303971865,2.4702781605119517,2.4760975035516704,0.0006039324995418816,0.12341973828341946,0.12281580578387757,-0.001672947571545999,0.026567481740764134,0.028240429312310134,11072.116666666667
MACEIO,low_inactive,low,False,9,-0.006040088567560442,0.3798024013356875,0.38584248990324793,1.3336359991978668,160.41976458942406,159.0861285902262,-0.0011026822621243784,0.060273065654362114,0.06137574791648649,-0.0031809094703842966,2.4712036026804713,2.4743845121508556,-0.0026225035284581505,0.11406517526336596,0.11668767879182411,-0.00038568122028788746,0.026486582500927405,0.026872263721215293,11149.433333333332
NATAL,low_inactive,low,False,0,-0.004640884267432033,0.41577726052365604,0.4204181447910881,0.20449130359386913,151.17037821870136,150.9658869151075,-0.0002933738626328397,0.07174838569006904,0.07204175955270188,0.010431215999859855,2.5035733721341833,2.4931421561343234,0.0026185543909679754,0.13375154919673918,0.1311329948057712,-0.00115795576357762,0.03338646892047315,0.03454442468405077,12114.15
NATAL,low_inactive,low,False,1,0.005695136654696176,0.4158452479714719,0.4101501113167757,-5.022820799015676,158.23345755884978,163.25627835786545,0.001667665215753733,0.07375195995708834,0.07208429474133461,-0.014328984484737628,2.4961430907377204,2.510472075222458,0.0024023281010210062,0.12508907031456198,0.12268674221354098,0.0014657927583185404,0.033741036428073495,0.032275243669754955,12178.366666666667
NATAL,low_inactive,low,False,2,0.011767923601476216,0.42302240386451734,0.4112544802630411,-0.24244915918072252,159.8743297094631,160.11677886864382,0.0020912148776218165,0.07597070995320991,0.0738794950755881,0.0028840805600927055,2.5036327730364576,2.500748692476365,0.002002239352718843,0.1251082144690774,0.12310597511635857,0.00048638188906027086,0.03453487851529291,0.03404849662623264,12006.516666666666
NATAL,low_inactive,low,False,3,0.013293560149829464,0.42375488812842893,0.41046132797859947,-3.479693668699184,153.24398310192157,156.72367677062076,0.006427928466100213,0.07577152621715005,0.06934359775104984,0.011618364816352589,2.511089907562626,2.4994715427462735,0.007173680350369138,0.13345592651730137,0.12628224616693223,0.0045990030804490475,0.03612963161440725,0.0315306285339582,11800.9
NATAL,low_inactive,low,False,4,-0.005398772285607256,0.411729336587535,0.4171281088731423,-2.649816437544956,154.35479238401467,157.00460882155963,-0.0032350342742581556,0.06890890640189258,0.07214394067615074,0.011355588370401737,2.5031558633007926,2.491800274930391,0.0011726086030256488,0.12891478282367616,0.1277421742206505,-0.0036553715313408647,0.033966907431271905,0.03762227896261277,12172.2
NATAL,low_inactive,low,False,5,0.007112283910652661,0.4186257016936293,0.4115134177829766,-6.9461121558832986,158.6070461356348,165.5531582915181,0.0008593056316344855,0.07193636759380014,0.07107706196216565,-0.012929780574120198,2.5007245780053404,2.5136543585794606,0.004041466511573694,0.12395722010466288,0.11991575359308919,-0.0006889056172216107,0.03615843261503018,0.03684733823225179,12024.833333333334
NATAL,low_inactive,low,False,6,-0.0011117670026706827,0.4169687911236112,0.41808055812628186,-0.39536476925724173,154.27962928678082,154.67499405603806,-0.001969380345351532,0.06943718260392555,0.07140656294927708,0.005759649498493946,2.5009762480186586,2.4952165985201646,0.00017010335656952869,0.1286337797405938,0.12846367638402428,-0.00016547344168037909,0.03801875924253007,0.03818423268421045,11981.4
NATAL,low_inactive,low,False,7,0.0008561836996006655,0.41769839439889084,0.41684221069929017,-0.497828369421768,157.9629049029908,158.46073327241257,-0.004342304129019273,0.07392426212690006,0.07826656625591934,-0.010556765118423517,2.5217290950418514,2.532285860160275,-0.0026635299617011887,0.12772265643301464,0.13038618639471583,0.0012150807887397197,0.03335564385081584,0.03214056306207612,11942.15
NATAL,low_inactive,low,False,8,0.009490453981030766,0.4175500065077731,0.4080595525267423,-11.778261577790431,143.89389865671305,155.67216023450348,0.002356838239225556,0.07217189692170417,0.06981505868247861,-0.0009905908048226664,2.512762733207787,2.5137533240126095,0.013054989424338498,0.1425234651369468,0.1294684757126083,0.005442972498348547,0.03767197128795661,0.03222899878960806,11920.5
NATAL,low_inactive,low,False,9,0.006107956113112933,0.4165913979251361,0.4104834418120232,-1.7867720281928996,155.02310437344332,156.80987640163622,0.0023671024287002934,0.07146379369822499,0.0690966912695247,-0.006271803819180466,2.506285432091826,2.5125572359110064,-0.0009244084558253374,0.12842590426465422,0.12935031272047956,0.001233880590891967,0.03326114289228002,0.032027262301388054,11911.05
PALMAS,low_inactive,low,False,0,-0.011668349964846392,0.37163718973688326,0.38330553970172965,16.648045258519517,210.50808475881644,193.86003950029692,0.0012856885055366404,0.04552479678870584,0.0442391082831692,0.011810622247948821,2.5463894499928332,2.5345788277448844,-0.013969936156224327,0.09484110702927392,0.10881104318549825,0.0020106767952268317,0.05245602630587621,0.05044534951064938,3587.233333333333
PALMAS,low_inactive,low,False,1,-0.009238001047153388,0.3717139928762577,0.3809519939234111,2.199107895133807,171.82380608778035,169.62469819264655,0.0008907476927541708,0.039299357469880336,0.038408609777126165,0.00599344087804754,2.5095899421677115,2.503596501289664,0.0007523412708917987,0.12258043002742498,0.12182808875653318,-0.0012723351066283306,0.04802880326592023,0.04930113837254856,3585.9333333333334
PALMAS,low_inactive,low,False,2,-0.005645752701904205,0.36730388552937154,0.37294963823127575,-2.0037026459736182,192.0571847374767,194.0608873834503,0.0010646925458372355,0.045574859525544825,0.04451016697970759,0.014571483371304872,2.5467923854557615,2.5322209020844566,0.010043476879042543,0.10778033413395685,0.09773685725491431,0.0009249615136544612,0.05002737799253695,0.04910241647888249,3586.2
PALMAS,low_inactive,low,False,3,-0.002172019262884073,0.3722415312394938,0.37441355050237785,-18.705010772358776,190.84811422156653,209.5531249939253,-0.0025566207683625497,0.03982596831008585,0.0423825890784484,-0.03189664798767389,2.5113426455833667,2.5432392935710406,0.012217524865735574,0.10464043257118752,0.09242290770545195,-0.00020639167610756598,0.0505647940586627,0.05077118573477027,3586.8166666666666
PALMAS,low_inactive,low,False,4,0.0005600297461622605,0.36863159390886063,0.3680715641626984,5.943756896993193,217.50076403773707,211.55700714074388,-0.00010054850405897403,0.0452696822560613,0.04537023076012028,-0.0037077837693231253,2.52177368740824,2.5254814711775633,-0.0056079714592174035,0.08527444702036484,0.09088241847958224,0.0005133913896484474,0.04915808340446567,0.04864469201481722,3587.1
PALMAS,low_inactive,low,False,5,-0.004490426598317887,0.3692612206042476,0.3737516472025655,-1.6109758526159226,193.60711720216992,195.21809305478584,-0.0040898302485693,0.04029711025133445,0.04438694049990375,-0.01895113706755458,2.5114741921362995,2.530425329203854,-0.001621016542291992,0.10449181650496102,0.10611283304725301,-7.072508501522468e-05,0.04954948041479594,0.049620205499811165,3586.866666666667
PALMAS,low_inactive,low,False,6,-0.008185943879855995,0.37199190113995084,0.38017784501980684,-4.438421433356297,179.49354160987727,183.93196304323357,-0.006126883549655446,0.04300500070339289,0.04913188425304833,0.026237899998818648,2.538992917665326,2.512755017666507,0.0055346309369314756,0.11458460417421104,0.10904997323727957,-0.0009780332602945252,0.05019847253750178,0.051176505797796305,3586.116666666667
PALMAS,low_inactive,low,False,7,-0.002885020973594221,0.3725345712002413,0.3754195921738355,4.205065977509861,197.23330866200592,193.02824268449606,-0.0014449393587595213,0.04311209079757082,0.04455703015633034,-0.0016749823625956672,2.525567954157965,2.527242936520561,-0.002209502385257134,0.09882966131320185,0.10103916369845899,0.0014686214985697096,0.05036243358703905,0.04889381208846934,3586.883333333333
PALMAS,low_inactive,low,False,8,-0.0005515090044356796,0.37308447014523727,0.37363597914967295,14.405404737413363,218.09334243808996,203.6879377006766,-0.0009083172312197435,0.047543871599067394,0.04845218883028714,0.008730806172297711,2.536804615643282,2.5280738094709845,-0.007871270786073095,0.08546181854309737,0.09333308932917046,-0.00014379144086139328,0.04912335573093698,0.04926714717179837,3587.4666666666667
PALMAS,low_inactive,low,False,9,0.004787483018471317,0.3822679062717274,0.3774804232532561,-13.42294114684583,177.9231154028392,191.34605654968502,-0.004507392801380926,0.04227958542953674,0.04678697823091767,-0.019647004953287528,2.499552999437699,2.5192000043909863,0.005395627066159467,0.11054056720925674,0.10514494014309728,0.00033627818845222146,0.04887212232119283,0.04853584413274061,3587.95
PORTO ALEGRE,low_inactive,low,False,0,-0.006687159900390038,0.687057725482863,0.6937448853832531,-1.5724048669857495,182.16967827368913,183.74208314067488,-0.0018816563075469278,0.08185552220258638,0.0837371785101333,0.003027439765324491,3.565748255347103,3.5627208155817787,0.011662701135180004,0.1735046807484491,0.1618419796132691,0.0007483599525964987,0.033400689974073416,0.03265233002147692,33404.98333333333
PORTO ALEGRE,low_inactive,low,False,1,0.029127802299516614,0.6998471186903633,0.6707193163908467,-0.3653983893030386,185.98025751789567,186.3456559071987,0.001844241974309574,0.08679380960377286,0.08494956762946329,0.0026066977190497553,3.588968592661098,3.586361894942048,0.005903987121134935,0.16368518397040024,0.1577811968492653,0.0004899201309292445,0.03294076328645782,0.032450843155528576,33348.45
PORTO ALEGRE,low_inactive,low,False,2,0.007031173119156575,0.6819357477114887,0.6749045745923321,-4.026953011880437,186.07971790040762,190.10667091228805,-0.004091416513289078,0.0816518494930868,0.08574326600637588,-0.005580939071653468,3.5948894760779853,3.6004704151496387,-0.003947911739580867,0.14844930661713382,0.1523972183567147,-0.0007014821058426643,0.03245420363286951,0.03315568573871217,34231.35
PORTO ALEGRE,low_inactive,low,False,3,0.015937685176501404,0.7040293116341148,0.6880916264576133,-1.5264450739134645,184.3324230487494,185.85886812266287,0.0019679517510665934,0.08415166770844083,0.08218371595737424,0.00665145790720878,3.5774129644114168,3.570761506504208,0.0019712522868389204,0.1717083486934685,0.16973709640662957,0.0013892837233036442,0.03363212516556089,0.032242841442257246,33006.666666666664
PORTO ALEGRE,low_inactive,low,False,4,0.012201006373390388,0.6947376227910362,0.6825366164176458,-3.455480773210496,187.345354165588,190.8008349387985,0.0030258011597671386,0.08507777693264579,0.08205197577287865,0.007858861856163024,3.579143045310113,3.57128418345395,0.0007495132781234481,0.15702081607771434,0.1562713027995909,0.0013303657777571504,0.033677268952226,0.03234690317446885,34056.5
PORTO ALEGRE,low_inactive,low,False,5,-0.0071398590455804545,0.6786716955122334,0.6858115545578138,1.7356970491021002,188.6842502626443,186.9485532135422,0.0019219212506937644,0.08799756213698919,0.08607564088629542,0.006782585764063764,3.572236620105548,3.5654540343414842,-0.0028313611152025464,0.1593181990349591,0.16214956015016166,-0.0009671908940885807,0.032038388143140764,0.033005579037229345,33992.65
PORTO ALEGRE,low_inactive,low,False,6,0.0021533118564192044,0.6792255916176112,0.677072279761192,-3.6604802746073517,184.99271885792788,188.65319913253524,0.003904177078530871,0.08421961000356112,0.08031543292503025,-0.005047359249631622,3.5752971409282557,3.5803445001778873,-0.0010075442522224642,0.15672962749695285,0.15773717174917531,-0.00027350897714215755,0.032387731793744906,0.032661240770887064,34061.26666666667
PORTO ALEGRE,low_inactive,low,False,7,-0.004974206724153163,0.7100567090987115,0.7150309158228647,0.5316991125124275,187.09389521298084,186.5621961004684,0.0015462606323630446,0.08785552614224472,0.08630926550988167,0.002558812584157355,3.5859269471004063,3.583368134516249,0.0077909485733466954,0.167069692423687,0.1592787438503403,0.000159500552578358,0.0330275963548,0.03286809580222164,33148.21666666667
PORTO ALEGRE,low_inactive,low,False,8,-0.018534456266832255,0.6932934595724813,0.7118279158393136,1.733548786656172,188.10534575846614,186.37179697180997,0.00036045798225062264,0.08546805819788807,0.08510760021563744,-0.00617554063210024,3.5849339654427648,3.591109506074865,-0.006593390494766593,0.1533076296072165,0.1599010201019831,0.0007511038733724607,0.033623693174511644,0.032872589301139184,33642.9
PORTO ALEGRE,low_inactive,low,False,9,-0.028276514810282594,0.6727028319362419,0.7009793467465245,5.677956182230332,189.34251118638738,183.66455500415705,0.0013744826546925881,0.08266031491297678,0.08128583225828419,-0.011293941294156173,3.5907236262579847,3.602017567552141,-0.00045114984816746473,0.1538697560075738,0.15432090585574126,-0.0005066388016533724,0.032694626925717236,0.03320126572737061,34469.566666666666
PORTO VELHO,low_inactive,low,False,0,0.010015730531357958,0.4215770469817747,0.4115613164504167,-1.3392734136856745,154.69904600054048,156.03831941422615,0.009708807236265757,0.06943365771156203,0.05972485047529627,0.00018258933403947353,2.42054461440028,2.4203620250662405,0.005231301588713516,0.1260957844415777,0.12086448285286419,0.06953422713743894,0.13797501026396547,0.06844078312652653,5700.383333333333
PORTO VELHO,low_inactive,low,False,1,-0.011739448690118504,0.39223324062160714,0.40397268931172564,1.2911880865393357,162.6675977628391,161.37640967629977,0.009177747494970537,0.08144536567810334,0.0722676181831328,-0.0028286469522895707,2.4358491866436633,2.438677833595953,0.0007610887005531503,0.11924393828989818,0.11848284958934503,-0.06796637202509793,0.10956638524663871,0.17753275727173665,5319.716666666666
PORTO VELHO,low_inactive,low,False,2,-0.022866590314893243,0.40307345083797996,0.4259400411528732,1.113930662005174,154.45115580021596,153.33722513821078,-0.03230650674179884,0.07538862278274643,0.10769512952454527,0.01873163799576405,2.4334725067600265,2.4147408687642624,-0.0033302087131721753,0.12400840388917457,0.12733861260234675,-0.060131722278702615,0.17805724780910834,0.23818897008781095,5686.183333333333
PORTO VELHO,low_inactive,low,False,3,-0.003108590115847909,0.4228235171852509,0.4259321073010988,7.242225000267581,155.905321795427,148.66309679515942,0.0001491417047339988,0.061248847328622416,0.06109970562388842,0.009149710234541697,2.4110154532701995,2.401865743035658,-0.004046174034984779,0.11938120007488935,0.12342737410987413,-0.0025079266713630838,0.10982907382118041,0.1123370004925435,5704.4
PORTO VELHO,low_inactive,low,False,4,-0.007488366115267486,0.4239913043147053,0.43147967042997276,-4.703534410367297,159.2277907722656,163.9313251826329,-0.004068162462802616,0.07366716786339828,0.07773533032620089,0.02677329809758655,2.4289313363973792,2.4021580382997927,0.0030158882029367867,0.1163579999573673,0.11334211175443051,-0.06168804311054889,0.11740044893011393,0.17908849204066282,5701.766666666666
PORTO VELHO,low_inactive,low,False,5,0.0042924131678494515,0.42084204596240277,0.4165496327945533,-2.482806083534257,152.26544549362754,154.7482515771618,-0.006743606224130845,0.0592699343581447,0.06601354058227554,-0.009977166203470222,2.4318881819037736,2.441865348107244,-0.0002906795997512507,0.12472230066232508,0.12501298026207633,-0.06388827942296797,0.048031405998844146,0.11191968542181212,5706.583333333333
PORTO VELHO,low_inactive,low,False,6,0.007303653930447407,0.43313144148159777,0.42582778755115036,7.659563901303386,140.53823029077017,132.8786663894668,0.03152708524416958,0.0872111340153869,0.05568404877121732,-0.0008682262009398478,2.418492945527861,2.419361171728801,-0.00671342696881197,0.1364078055525101,0.14312123252132206,0.17033092049553733,0.29120666508211174,0.12087574458657441,5440.216666666666
PORTO VELHO,low_inactive,low,False,7,0.006331147810518911,0.41160680332129423,0.4052756555107753,-7.757505525919328,137.30960955168794,145.06711507760727,0.004329567783933216,0.05980806479981117,0.05547849701587795,-0.0025996219592081538,2.4111709536295054,2.4137705755887136,0.006656039735196934,0.13918673077342475,0.13253069103822782,0.024409105585338417,0.12987282502344175,0.10546371943810333,5667.466666666666
PORTO VELHO,low_inactive,low,False,8,-0.0007128268834457607,0.42730586820118577,0.42801869508463153,2.9681320822193697,161.2352415634102,158.26710948119083,0.005059432088194454,0.07711885495716335,0.0720594228689689,0.012594636976642093,2.438836150442083,2.426241513465441,-0.00013650233676580636,0.11885620764885209,0.1189927099856179,0.03443112795790143,0.21677341821491322,0.1823422902570118,5696.366666666667
PORTO VELHO,low_inactive,low,False,9,0.03533453670553949,0.4204149855854974,0.3850804488799579,1.1161890026266121,164.58068230380496,163.46449330117835,0.01721492386390802,0.08051280264663833,0.06329787878273031,0.00160655214820693,2.4157126441916827,2.414106092043476,-0.0028811611924879216,0.11501590967211765,0.11789707086460557,0.1748741904538363,0.22322245562995793,0.04834826517612165,5677.433333333333
RIO BRANCO,low_inactive,low,False,0,-0.0014623677100719101,0.39475882977974597,0.3962211974898179,3.0166700534942947,163.0510402281032,160.0343701746089,0.0005007577565511387,0.04875691914626671,0.04825616138971557,-0.014890736514105996,2.382352982892997,2.397243719407103,0.0009115588548845172,0.10330997752925519,0.10239841867437068,0.001546074088175281,0.03592746566760536,0.03438139157943008,3929.3
RIO BRANCO,low_inactive,low,False,1,0.006804531981826678,0.3912465606718739,0.38444202869004723,1.4729644156332142,192.58573817910056,191.11277376346735,0.0030272086662131506,0.057508996572387554,0.0544817879061744,-0.004896564213393795,2.4274779244826217,2.4323744886960155,-0.005459909046497499,0.0787643005674779,0.08422420961397539,-0.004976064057951528,0.03155034100834573,0.03652640506629726,3929.233333333333
RIO BRANCO,low_inactive,low,False,2,-0.0014093730663132797,0.39328345343884413,0.3946928265051574,0.9308596937467541,156.72502834616054,155.7941686524138,-0.00022937445517054456,0.04954347866647179,0.049772853121642334,0.04418900366925316,2.43279018245713,2.388601178787877,0.0010867848222540916,0.11182162052239047,0.11073483570013638,-0.0013342700796032808,0.03540463601893198,0.03673890609853526,3929.233333333333
RIO BRANCO,low_inactive,low,False,3,0.003904666089369846,0.38621266187653774,0.3823079957871679,-2.9999337968355064,184.20929426627788,187.2092280631134,0.003535666175719411,0.056040258535149316,0.052504592359429905,-0.0016546265614194589,2.428252974933496,2.4299076014949152,0.0013468446325596573,0.08626048902897014,0.08491364439641048,-0.00028848371264000167,0.02711660131544214,0.02740508502808214,3929.25
RIO BRANCO,low_inactive,low,False,4,-0.006922641715621514,0.38789205139887506,0.3948146931144966,-0.35925028895567834,158.0010267676895,158.36027705664517,-0.0005130292800944111,0.04765069295336381,0.048163722233458224,0.002695132621724383,2.3966386511378723,2.393943518516148,0.002387385818638954,0.10465023750977004,0.10226285169113108,0.0054938139136020275,0.038861473645160335,0.03336765973155831,3929.25
RIO BRANCO,low_inactive,low,False,5,0.0008997432909951253,0.3831904022847016,0.38229065899370646,-3.9508476061804174,165.34465090218407,169.2954985083645,-0.0012108893592912007,0.047443449305366966,0.04865433866465817,0.0007321789037830762,2.420220621047968,2.419488442144185,0.005366055224281532,0.10783468645578297,0.10246863123150143,0.005724662731495311,0.0331013380224495,0.02737667529095419,3929.2
RIO BRANCO,low_inactive,low,False,6,0.005586388312500301,0.39429293181767766,0.38870654350517736,-0.6970063252765613,178.45416394591265,179.15117027118922,0.0010123537440812139,0.05049407385115644,0.049481720107075224,0.021475739832754748,2.4438918750320107,2.422416135199256,0.00024524319862750943,0.08858579373290161,0.0883405505342741,0.002501985530603351,0.035719319632717225,0.033217334102113874,3929.0833333333335
RIO BRANCO,low_inactive,low,False,7,0.0038913264867262987,0.39166423878881584,0.38777291230208955,-2.5485877158133974,177.1042315310066,179.65281924682,0.0032052868430307996,0.050934485447635645,0.047729198604604846,-0.012516116626322571,2.4072108606343936,2.419726977260716,0.00042276797779841613,0.08950383626896738,0.08908106829116896,-0.000765872002810114,0.03243670087302813,0.03320257287583824,3929.233333333333
RIO BRANCO,low_inactive,low,False,8,-0.0012446334222955269,0.39262286420630416,0.3938674976285997,-13.34719712881693,159.31616954403242,172.66336667284935,-0.00014475651423887653,0.04941945817714129,0.049564214691380164,-0.020260645669322397,2.413015516080777,2.4332761617500993,0.010711377581232029,0.10829110476624175,0.09757972718500972,-0.0008390477671580757,0.034801740998403954,0.03564078876556203,3929.15
RIO BRANCO,low_inactive,low,False,9,-0.013349216699466093,0.38158894668656546,0.39493816338603155,0.7190943786123114,164.7480584794237,164.02896410081138,-0.003672269874408829,0.046488898028835345,0.05016116790324417,-0.011606103021097436,2.4131960046458008,2.424802107666898,0.007348273189534599,0.10904871976047809,0.10170044657094349,-0.002966099782692435,0.02925189949037921,0.032217999273071646,3929.266666666667
SALVADOR,low_inactive,low,False,0,0.007689086333428463,0.48118928455380006,0.4735001982203716,2.8654052670945305,133.8473086528016,130.98190338570706,0.0008943087323915327,0.06993401855185262,0.06903970981946109,0.00028648044809465034,2.363322377529184,2.3630358970810894,-0.001987669846170298,0.14057980500205852,0.14256747484822882,0.0021693976496501427,0.028657137026270756,0.026487739376620613,32256.816666666666
SALVADOR,low_inactive,low,False,1,0.003822003471301849,0.4799686218716452,0.47614661840034334,0.03619850848261308,132.07855641753363,132.04235790905102,0.002104252722877023,0.06971124022334964,0.06760698750047262,0.00369889736604323,2.3620793484217653,2.358380451055722,0.001700338768606563,0.14118094420974836,0.1394806054411418,0.004147759725302253,0.030852581246523323,0.02670482152122107,32159.4
SALVADOR,low_inactive,low,False,2,0.005086151169177544,0.4837621047176269,0.47867595354844933,-3.5873364567026726,131.66061470324064,135.2479511599433,-0.0007659233515466546,0.07018985154641125,0.0709557748979579,-0.003339110816707791,2.3664876047480132,2.369826715564721,0.003075247730977615,0.14217510336149788,0.13909985563052027,-0.005176449501604598,0.029860237141043307,0.035036686642647905,31863.6
SALVADOR,low_inactive,low,False,3,0.01402495207370863,0.4860972596114434,0.47207230753773477,3.2076646008659395,146.48164130855835,143.2739767076924,0.0002147605321555779,0.06667477915373286,0.06646001862157729,0.006793991162134638,2.369687326721127,2.3628933355589923,-0.0019092116075846433,0.1281472899421905,0.13005650154977513,0.010090373816054689,0.03629538915049461,0.02620501533443992,33004.416666666664
SALVADOR,low_inactive,low,False,4,0.010863026463632852,0.483569866791542,0.47270684032790916,1.777988996134411,137.12391213229702,135.3459231361626,0.00729259578297882,0.07412569928552364,0.06683310350254482,-0.001236994241333278,2.3654120219358137,2.366649016177147,-0.0011057143323029706,0.13698110026209895,0.13808681459440192,-0.0017416575359544585,0.03058258148769589,0.03232423902365035,32093.216666666667
SALVADOR,low_inactive,low,False,5,-0.01122865761074765,0.47559878675436973,0.4868274443651174,-2.688901156811397,136.01322721581386,138.70212837262525,0.0024914287016482017,0.07340779178818833,0.07091636308654013,0.0024637953759016895,2.3645665035277683,2.3621027081518666,0.004654580504371064,0.13848645318183792,0.13383187267746685,0.0034882715883376852,0.03539638980636329,0.031908118218025604,31797.516666666666
SALVADOR,low_inactive,low,False,6,-0.0005465495995467529,0.48429777799557744,0.4848443275951242,4.54492446716111,137.4584198130947,132.9134953459336,0.0023868518786300114,0.07042816463796986,0.06804131275933985,0.002832823893933689,2.365183128430614,2.3623503045366805,-0.0015789665899512695,0.13824990042908517,0.13982886701903643,-0.015816283109190372,0.026558610694795155,0.04237489380398553,31909.966666666667
SALVADOR,low_inactive,low,False,7,0.012408637704727665,0.48437474027703575,0.4719661025723081,3.8779214638023802,137.72418777733856,133.84626631353618,0.00013846641281037297,0.06989536790199893,0.06975690148918856,8.001580894312355e-05,2.3619656133987657,2.3618855975898225,-0.003646948795403948,0.13460518774737004,0.138252136542774,-0.003470689062631399,0.03759827426444425,0.04106896332707565,31875.616666666665
SALVADOR,low_inactive,low,False,8,0.006966024195819043,0.47750640603245187,0.4705403818366328,0.9214621831711156,136.66340500192732,135.7419428187562,-0.003528397712853945,0.0708882727131083,0.07441667042596224,0.0077080852168966985,2.37563555161155,2.3679274663946535,-0.00027473231994884495,0.13860604681595087,0.13888077913589972,-0.006698485886648026,0.026248036449261287,0.03294652233590931,31725.866666666665
SALVADOR,low_inactive,low,False,9,0.002577108774789172,0.480240200675247,0.4776630919004578,8.71204172085703,141.90232735503662,133.1902856341796,-0.0023609930366551846,0.06557464641884124,0.06793563945549642,0.005548134000465943,2.360566477821147,2.355018343820681,-0.007507686618972359,0.1303441893786372,0.13785187599760956,0.0005626367010805808,0.035847430703832624,0.03528479400275204,32700.05
SAO LUIS,low_inactive,low,False,0,0.003870424707155762,0.37941658165567455,0.3755461569485188,-5.174013665343892,152.39809110191382,157.5721047672577,0.00195848909796327,0.05933286899353996,0.05737437989557669,0.0011239289102693562,2.3257804000580147,2.3246564711477453,0.0037564218805131305,0.1210788864242608,0.11732246454374767,0.00035702451393941625,0.031081808967857342,0.030724784453917926,14658.166666666666
SAO LUIS,low_inactive,low,False,1,-0.0066106311672119444,0.3671205902617991,0.37373122142901105,-2.816707801722032,152.1408573680157,154.95756516973773,0.003618398249016927,0.05881392202099049,0.055195523771973565,-0.011417524739630647,2.322537488058526,2.3339550127981568,-0.0016532024583936489,0.11988210837812444,0.12153531083651808,0.00045066754570580875,0.031239685224299592,0.030789017678593784,14691.75
SAO LUIS,low_inactive,low,False,2,0.0010189589195509496,0.3762301786387883,0.3752112197192374,9.487706358225694,156.99610435752052,147.50839799929483,0.0014582247566145151,0.05803279358213996,0.056574568825525445,0.010605602025293148,2.3341938276755174,2.3235882256502243,-0.0068277882975964765,0.1179555926389672,0.12478338093656367,-0.00035212379070877556,0.030575000773313193,0.03092712456402197,14790.733333333334
SAO LUIS,low_inactive,low,False,3,0.0031198055974749894,0.3689305522385681,0.3658107466410931,2.2548586336135372,144.46008975485125,142.20523112123772,0.001973840989483215,0.05530581085462017,0.053331969865136955,0.0079303626849474,2.3422729868565866,2.334342624171639,-0.0002631340382218128,0.13169134910929536,0.13195448314751718,9.171239164490128e-05,0.030217585009589886,0.030125872617944985,14654.183333333332
SAO LUIS,low_inactive,low,False,4,-0.0006579184724863074,0.3738230077066932,0.3744809261791795,2.005965947902638,159.1035292491669,157.09756330126427,0.00013556565266513443,0.05515464771308292,0.055019082060417786,-0.009049202609912932,2.3209712617056875,2.3300204643156004,-0.0022251278814955366,0.11619047229387558,0.11841560017537112,-5.56065265859447e-05,0.0298053712411824,0.029860977767768346,14872.166666666666
SAO LUIS,low_inactive,low,False,5,0.0013283815195395121,0.372596686653761,0.3712683051342215,-0.4523027295498139,158.55834076629588,159.0106434958457,0.002009603665826261,0.0587777989203164,0.05676819525449014,0.003192682345175335,2.32856413579552,2.3253714534503445,0.0006876690191931628,0.1175469251377553,0.11685925611856214,-0.0004630387581366878,0.03083157534119717,0.03129461409933386,14645.75
SAO LUIS,low_inactive,low,False,6,0.003961450037408609,0.37433739355128437,0.37037594351387576,2.305335692130001,150.3539041599325,148.0485684678025,0.0019916188034797486,0.05782077421726739,0.05582915541378764,-0.0028088264184069622,2.333760657445573,2.33656948386398,-0.0031500719371702762,0.12499211300394926,0.12814218494111954,-0.0008691459797183949,0.03007146367867576,0.030940609658394156,14699.816666666668
SAO LUIS,low_inactive,low,False,7,0.002627273219432902,0.37456801886915314,0.37194074564972024,4.622512272711816,153.73085593177126,149.10834365905944,0.0053302522767177535,0.058190674946771305,0.05286042267005355,-0.010090521625108373,2.3323413288938024,2.342431850518911,-0.0037801684185506113,0.12335137329208265,0.12713154171063326,-0.00033166588092408203,0.03087928089829052,0.031210946779214602,14557.25
SAO LUIS,low_inactive,low,False,8,-0.003240810881496081,0.3745988686617545,0.3778396795432506,-2.1088126588628597,155.03812175013988,157.14693440900274,-0.0007395854536574112,0.060661722295299585,0.061401307748956996,-0.0020427406145251403,2.335139986875127,2.337182727489652,0.000435489212346471,0.11983031433420753,0.11939482512186106,-0.0003777778889867099,0.030914596138618914,0.031292374027605624,14655.683333333332
SAO LUIS,low_inactive,low,False,9,-0.006435606343162759,0.37670105398755255,0.3831366603307153,-1.085406841989851,145.974693095487,147.06009993747685,0.00023512288891402305,0.056568535435217206,0.05633341254630318,-0.010258045553887651,2.3204078635792964,2.330665909133184,-0.0009623544529454298,0.12752677026573297,0.1284891247186784,0.0003669488410615214,0.03022470721029528,0.02985775836923376,14739.966666666667
TERESINA,low_inactive,low,False,0,0.0014163552867837437,0.36730982957485314,0.3658934742880694,6.658501299359216,172.33653310608076,165.67803180672155,0.004799740076281131,0.058769413434147176,0.053969673357866045,0.0046236635156686745,2.407275747347275,2.4026520838316063,-0.001644951241652759,0.11049445765290966,0.11213940889456242,0.0009342306284486138,0.035681007173382656,0.03474677654493404,10629.05
TERESINA,low_inactive,low,False,1,-0.002340130602657031,0.38873001496135784,0.39107014556401487,6.770127562037629,172.08489669670962,165.314769134672,0.0008754927415024275,0.04702372625518227,0.046148233513679845,-0.009175079262551566,2.3921371732728764,2.401312252535428,-0.003985196814741271,0.10855781009866029,0.11254300691340156,-0.00043903310391217587,0.03305793360914703,0.033496966713059205,11378.1
TERESINA,low_inactive,low,False,2,-0.0012802832891621319,0.37478547399934203,0.37606575728850417,-4.899868988120346,160.02759232200648,164.92746131012683,-0.004985973974462196,0.05888598943030503,0.06387196340476722,-0.003669290740116793,2.3937243072535668,2.3973935979936836,-0.001830898215807758,0.11479333574594554,0.1166242339617533,0.001014830899819831,0.035770904166289766,0.034756073266469935,10662.7
TERESINA,low_inactive,low,False,3,-0.002701197837667868,0.38439716527893736,0.3870983631166052,5.124496044242079,160.26992354944056,155.14542750519848,0.0025280146369906636,0.046132413948451904,0.04360439931146124,0.0020363374142209345,2.4079733892454986,2.4059370518312777,-0.0044507587201639,0.11983989983805651,0.12429065855822041,-0.000772286112658685,0.03366104268876493,0.034433328801423614,11354.566666666668
TERESINA,low_inactive,low,False,4,0.0034892479668325316,0.387798944625311,0.3843096966584785,9.87392831417651,164.9768925589214,155.1029642447449,0.0012624979956147933,0.04495810143996558,0.043695603444350785,-0.0035384669544318292,2.4161476165402003,2.419686083494632,-0.008347019938364161,0.11599738468282395,0.1243444046211881,-0.0008971726588125686,0.03251925772250256,0.03341643038131513,11349.333333333334
TERESINA,low_inactive,low,False,5,0.0033702207469702983,0.3746621597633455,0.3712919390163752,-5.968529774884047,162.76178662272665,168.7303163976107,-0.000382201895204666,0.06126276533565798,0.06164496723086264,-0.011421167621444184,2.396515039660968,2.407936207282412,0.0013199231155195806,0.11540797872248897,0.11408805560696939,0.000730521770344883,0.03577508295866959,0.035044561188324705,10755.316666666668
TERESINA,low_inactive,low,False,6,-0.002634989853084857,0.37147782325218287,0.3741128131052677,4.505202359503954,155.16906281724076,150.6638604577368,0.0019346190867443394,0.051052217295226195,0.049117598208481855,0.0008083956285451777,2.388543913563951,2.387735517935406,-0.003159523509880177,0.12195512044505964,0.12511464395493982,-0.00024505279351195314,0.033308422470597364,0.03355347526410932,11216.833333333334
TERESINA,low_inactive,low,False,7,0.002285602479392468,0.3762609547096896,0.37397535223029715,7.468405941941626,169.2123331479587,161.74392720601708,-0.0034489596901641495,0.05245931898757305,0.0559082786777372,0.003530648308612605,2.407232504592562,2.4037018562839494,-0.002998668631864973,0.11112363573925436,0.11412230437111934,0.0008401014217030572,0.03530933635429879,0.03446923493259573,10979.166666666666
TERESINA,low_inactive,low,False,8,-0.008580462980733117,0.3694620687105153,0.3780425316912484,7.954675331408737,157.01395023500666,149.05927490359792,0.009103435079924484,0.05946500189385452,0.05036156681393004,0.008817690445588777,2.3944281814206705,2.3856104909750817,-0.008366557083772555,0.11995743463726778,0.12832399172104034,0.002519881696796282,0.036148855822253835,0.03362897412545755,10641.216666666667
TERESINA,low_inactive,low,False,9,0.007830303090250235,0.3774353698031783,0.3696050667129281,2.1358257614535887,165.55760701083761,163.42178124938403,-0.0012801215651969955,0.06877369398503315,0.07005381555023014,-0.005894160003958593,2.401645588827621,2.4075397488315797,-0.005906760107410161,0.11250136098442211,0.11840812109183227,0.0009980890605784803,0.036946986147673666,0.035948897087095186,10400.233333333334
VITORIA,low_inactive,low,False,0,-0.006909248884921615,0.4187808437023685,0.4256900925872901,0.5092638392061986,164.5510645854112,164.041800746205,0.0015789703632885926,0.07967220083309394,0.07809323046980535,-0.0083736018179974,2.4993218742293077,2.507695476047305,-0.0018950105910661291,0.12256213744271142,0.12445714803377755,0.002144201747538009,0.032401181806251164,0.030256980058713155,17428.716666666667
VITORIA,low_inactive,low,False,1,-0.01164150788598367,0.41823842400388955,0.4298799318898732,2.07897222492997,164.47665784915336,162.39768562422339,5.295368602450945e-05,0.07281267597223946,0.07275972228621495,-0.001855346361950172,2.5068225804371647,2.508677926799115,0.00027835571217779687,0.12622819848311376,0.12594984277093596,0.0016533508052571158,0.03393282030789662,0.032279469502639505,17267.083333333332
VITORIA,low_inactive,low,False,2,-0.00504919419984734,0.4229411199056238,0.4279903141054711,-1.472472657992057,166.23312746800366,167.70560012599572,-0.005190738669966222,0.07978588141408977,0.08497662008405599,0.008948760523722399,2.518022244653667,2.5090734841299445,-0.002068848928314035,0.12204156832723839,0.12411041725555243,0.0021192597727334103,0.03651702021469894,0.03439776044196553,16834.616666666665
VITORIA,low_inactive,low,False,3,0.005732685546021576,0.418986359855471,0.4132536743094494,-3.002103993618988,168.85444428565864,171.85654827927763,-0.00158441141858226,0.07212248375238145,0.07370689517096371,-0.00023976405328518524,2.5152634648533305,2.5155032289066157,0.0012488600675445855,0.11866536166962423,0.11741650160207964,-0.016164915328533216,0.03138670404659209,0.04755161937512531,17221.816666666666
VITORIA,low_inactive,low,False,4,0.004599434824951454,0.41865171264907186,0.4140522778241204,3.6328734902588167,178.990521372745,175.3576478824862,-0.0005631884271824483,0.07923217475495206,0.07979536318213451,-0.0007054737921308174,2.502378540724594,2.503084014516725,-6.768898728345962e-06,0.11346904286484209,0.11347581176357044,0.00048348036118474325,0.03229500839433936,0.03181152803315462,17530.4
VITORIA,low_inactive,low,False,5,3.616862582017655e-05,0.4229059318399516,0.42286976321413144,-1.5191715045667422,166.39205609921717,167.9112276037839,0.00545556687578827,0.08017857764874171,0.07472301077295344,0.0037943606914772054,2.5170272044093593,2.513232843717882,0.0039072644799413025,0.12365871329510912,0.11975144881516782,0.019044361780326396,0.052935653645634,0.0338912918653076,16854.916666666668
VITORIA,low_inactive,low,False,6,-0.008389044251815803,0.4182597324598492,0.426648776711665,-6.463184837719609,163.22278919277042,169.68597403049003,-0.002944535184680394,0.07790740190171148,0.08085193708639188,-0.0003694177665845011,2.502307432636356,2.5026768504029406,0.004658713928011121,0.125816200617333,0.12115748668932189,0.0007593667375284177,0.04254205685856291,0.04178269012103449,17320.4
VITORIA,low_inactive,low,False,7,0.008091119366014365,0.4297604994283153,0.4216693800623009,-1.5031326769070574,164.79813530921749,166.30126798612454,0.002210650937641584,0.08408756602143745,0.08187691508379587,-0.003907921623335309,2.5028509422705834,2.5067588638939187,0.0006520946214106788,0.12505690010493561,0.12440480548352494,-0.0009943207789985947,0.03213304681228505,0.033127367591283645,16939.916666666668
VITORIA,low_inactive,low,False,8,-0.0026649096601201183,0.4191320465812915,0.4217969562414116,8.353471627343481,179.25578935711766,170.90231772977418,-0.003936827309622443,0.0741371226108059,0.07807394992042835,0.001537451520632338,2.515318342718986,2.5137808911983535,-0.0039966396570626644,0.11244351726099049,0.11644015691805315,0.0012850229217831327,0.03803860903949608,0.03675358611771295,17342.8
VITORIA,low_inactive,low,False,9,0.002418729855214685,0.41700395173867294,0.41458522188345825,1.6569245815302054,175.05329734104606,173.39637275951586,0.004495665871708049,0.0784702065413263,0.07397454066961826,-0.006537717639202523,2.506123052560933,2.5126607702001356,-0.0016020259978384577,0.11473731702024234,0.1163393430180808,-7.909021883063805e-05,0.03806158941703565,0.03814067963586629,17318.4
ARACAJU,low_active,low,True,0,0.021001764319467098,0.4630689692463283,0.4420672049268612,1.979065948601999,175.62444345611445,173.64537750751245,1.1053204198613331e-05,0.08543182285979141,0.0854207696555928,-0.0011760625564782856,2.5118569276276204,2.5130329901840986,0.0006569637084632846,0.11488964701265458,0.1142326833041913,-0.022053675413442844,0.04520391515504488,0.06725759056848772,9340.166666666666
ARACAJU,low_active,low,True,1,0.01693366764332349,0.44763736829944184,0.43070370065611835,-12.018875698549948,155.29149296393854,167.3103686624885,0.003940550798434667,0.0830670378831797,0.07912648708474504,0.008207655617599396,2.5071753607207885,2.498967705103189,0.011802500248093414,0.13254400896462346,0.12074150871653004,0.0019316000726320622,0.03227526524230381,0.03034366516967175,9221.616666666667
ARACAJU,low_active,low,True,2,-0.01239985375627306,0.448794190225356,0.46119404398162905,0.16368902374713912,159.34349262870637,159.17980360495923,-0.005694973856276958,0.07947583074161772,0.08517080459789468,0.00560862751488278,2.521736194975057,2.5161275674601744,-0.0025883570078419904,0.12598522505078796,0.12857358205862995,-0.029439011032462787,0.03090947754571816,0.060348488578180946,9469.033333333333
ARACAJU,low_active,low,True,3,0.0411752800667704,0.4647389179236122,0.4235636378568418,-1.4575407103199325,163.67775634366203,165.13529705398196,0.01644656911781288,0.08568242630313923,0.06923585718532635,0.0010200431835540869,2.5026574226013034,2.5016373794177493,0.0013590606754786821,0.11972826615062844,0.11836920547514976,0.008184278032612392,0.038414390662558535,0.030230112629946144,9097.516666666666
ARACAJU,low_active,low,True,4,0.011592838516677029,0.4291045569907093,0.4175117184740323,2.398936139148134,175.1861687219831,172.78723258283497,-0.003552936865484302,0.07319214837033262,0.07674508523581693,0.00471735336682233,2.5168874316870053,2.512170078320183,9.767455149364834e-05,0.10902918827706137,0.10893151372556772,0.000888396408729359,0.02940341901074306,0.0285150226020137,9300.533333333333
ARACAJU,low_active,low,True,5,0.0012239114596249712,0.44338781836089075,0.4421639069012658,-4.087492967299369,176.9648605756918,181.05235354299117,-0.0026229495930942814,0.07996788676276904,0.08259083635586333,-0.009896359011133171,2.511541723562187,2.52143808257332,0.004213633094950001,0.10770739116527782,0.10349375807032782,-0.00213820751706522,0.034464479589540055,0.036602687106605275,9487.716666666667
ARACAJU,low_active,low,True,6,-0.007671694304365928,0.4421508611268238,0.4498225554311897,-4.306037715367381,171.12189852812045,175.42793624348784,-0.003091916087972116,0.08009706117280736,0.08318897726077948,0.02494185896194212,2.522695241608333,2.497753382646391,0.002912428987758578,0.11523077203933108,0.1123183430515725,-0.011014381015974697,0.03027012268249222,0.041284503698466916,9551.266666666666
ARACAJU,low_active,low,True,7,0.016759356699034222,0.4583645840328947,0.4416052273338605,-3.6801245960089943,168.28404749538674,171.96417209139574,0.0012387160971170513,0.08369152368046916,0.0824528075833521,-0.001864222485320699,2.513813287434314,2.5156775099196347,0.006349879809384132,0.11965175591002013,0.113301876100636,-0.0015967232680137167,0.0383574454398562,0.039954168707869914,9240.266666666666
ARACAJU,low_active,low,True,8,-0.0053796847206679654,0.43452633234697924,0.4399060170676472,-1.0750341465381155,175.66713570434888,176.742169850887,-0.0018352300899365098,0.07616376513068003,0.07799899522061654,0.006252537010382753,2.5166526833261136,2.510400146315731,0.0064705023388769295,0.11448042804780982,0.10800992570893289,-0.0007069541956242452,0.031186356049120793,0.03189331024474504,9533.4
ARACAJU,low_active,low,True,9,-0.0041628995237002475,0.44238844748571277,0.446551347009413,-0.7482852020016253,175.34227788589808,176.0905630878997,-6.454874009567679e-05,0.08275774631528526,0.08282229505538094,0.007534639212860128,2.5103156422734743,2.502781003060614,0.0010447206843590406,0.10884125021951482,0.10779652953515578,-0.007609272572971511,0.030428573179903974,0.038037845752875485,9585.1
BELO HORIZONTE,low_active,low,True,0,0.003258750367956198,0.6102911599845561,0.6070324096165999,-1.849822224119606,158.07759874502096,159.92742096914057,-0.0015322435905997522,0.07160891996758921,0.07314116355818896,0.0061040036160213695,2.5447343748592384,2.538630371243217,-0.0007593565517194645,0.13164448295636536,0.13240383950808482,0.0020896179835549235,0.0296107514905301,0.027521133506975177,49146.51666666667
BELO HORIZONTE,low_active,low,True,1,-0.010220008214959275,0.6159012499246364,0.6261212581395956,1.4779613957074105,153.17468186595173,151.69672047024432,-0.002341245151068136,0.07238956847479446,0.07473081362586259,-0.0037346832896973936,2.534052291999311,2.5377869752890083,-0.003945462860428406,0.1345570415127168,0.1385025043731452,-0.0003642362245855728,0.028536091190993047,0.02890032741557862,48327.35
BELO HORIZONTE,low_active,low,True,2,-0.011633349794157866,0.6015443056719872,0.6131776554661451,2.952523123668186,154.4744557186505,151.5219325949823,0.0016620709767009995,0.0735839883282338,0.0719219173515328,0.003091775642464434,2.5425655748530187,2.5394737992105543,-0.0006949578409651547,0.13554614786193006,0.13624110570289522,1.7760445487624565e-05,0.0281151967528159,0.028097436307328274,48986.71666666667
BELO HORIZONTE,low_active,low,True,3,-0.002974374542098257,0.6102338046065623,0.6132081791486605,-0.3022026440986565,150.9690610848773,151.27126372897595,-0.004256318359668082,0.06935060983474003,0.07360692819440812,-0.0012417125327499612,2.539864581420288,2.541106293953038,-0.0015806713358562374,0.13777232758077512,0.13935299891663136,0.00042945363486049035,0.02900126768275435,0.02857181404789386,48710.78333333333
BELO HORIZONTE,low_active,low,True,4,0.020793457805126203,0.6202110160314518,0.5994175582263256,-1.5288149222506036,153.4728144966438,155.0016294188944,0.0015398275591402971,0.07069242199584942,0.06915259443670912,-0.006557505375508033,2.535674695012804,2.542232200388312,0.002587545915892553,0.137562884920034,0.13497533900414144,-0.00018262529564801872,0.028923391687861608,0.029106016983509626,48303.03333333333
BELO HORIZONTE,low_active,low,True,5,-0.007075222770911216,0.6226159698399962,0.6296911926109074,-1.4868010721656049,155.326779029586,156.8135801017516,-0.0009549830890087097,0.06817537044123408,0.06913035353024279,0.00220625179500189,2.545805649649423,2.543599397854421,0.00047790413585666047,0.1333476659939328,0.13286976185807614,0.0005017324740755683,0.029415196876234714,0.028913464402159146,49612.88333333333
BELO HORIZONTE,low_active,low,True,6,0.017324899803127347,0.6188639139242987,0.6015390141211714,-5.222241997858077,152.1061504617044,157.32839245956248,0.0007437206736952279,0.07111202719968089,0.07036830652598566,0.0032251286088893494,2.541677487197322,2.5384523585884327,0.00508133631155086,0.13822463857135356,0.1331433022598027,0.0003716152170245776,0.02804794519464848,0.0276763299776239,48802.61666666667
BELO HORIZONTE,low_active,low,True,7,-0.010181677104201925,0.6099873524964885,0.6201690296006904,1.6725587821679255,152.94127848597444,151.2687197038065,0.001885262010329694,0.0708799976431342,0.0689947356328045,-0.0009820562807743016,2.536246122432048,2.537228178712822,-0.0015108611908029312,0.1358911703863866,0.13740203157718953,-9.926404477121273e-05,0.0278316960030559,0.02793096004782711,49060.98333333333
BELO HORIZONTE,low_active,low,True,8,-0.010577489286806463,0.6057252888742025,0.616302778161009,-3.160208346709368,154.88363611822064,158.04384446493,-0.003573865976470067,0.07208344785049325,0.07565731382696332,0.004604648329584737,2.542454999117108,2.537850350787523,0.0017691925976784928,0.13500726448335645,0.13323807188567796,-0.0004186163255875952,0.027977993131319892,0.028396609456907487,48701.666666666664
BELO HORIZONTE,low_active,low,True,9,-0.00812904558940919,0.6114825434368932,0.6196115890263024,3.951600854687541,157.12671220185453,153.175111347167,-0.0031466946315863026,0.06945878318727584,0.07260547781886215,0.004106359110397584,2.5400724162193153,2.5359660571089178,-0.004584508951892913,0.13179684939238862,0.13638135834428153,0.0006063213262141771,0.028571280764545536,0.02796495943833136,48859.316666666666
BOA VISTA,low_active,low,True,0,0.0021946900602796138,0.3961460193812862,0.39395132932100657,-8.093272104708007,191.5708187155613,199.6640908202693,0.0044977258299364956,0.06620916939650785,0.06171144356657136,-0.004746561938944183,2.5560961184622646,2.5608426804012088,0.007815905229122039,0.10050687961251918,0.09269097438339714,0.019993508124123982,0.3876122873480991,0.3676187792239751,6479.633333333333
BOA VISTA,low_active,low,True,1,-0.019371453847195796,0.38824576902803704,0.40761722287523283,12.45080700842476,190.87242070461681,178.42161369619205,-0.009451759283426661,0.060284349192673156,0.06973610847609982,0.02465405439457813,2.5452129598638407,2.5205589054692625,-0.009402445292044079,0.10008968427252064,0.10949212956456472,-0.0012905693070102142,0.3560459309914566,0.3573365002984668,6483.433333333333
BOA VISTA,low_active,low,True,2,-0.011530274695326581,0.38483461668988006,0.39636489138520664,0.4653228804303353,180.68991128292308,180.22458840249274,-0.003674322604034816,0.056945345743950965,0.06061966834798578,0.026158600923807285,2.526534219685227,2.50037561876142,-0.0031837080997451778,0.10584792497979191,0.10903163307953709,-0.028805886414846937,0.30569262583754314,0.3344985122523901,6480.433333333333
BOA VISTA,low_active,low,True,3,-0.010637093002646869,0.3901371510579423,0.40077424406058915,-5.102441571777234,185.5602279917772,190.66266956355443,-0.00030862090947050835,0.06292339055008647,0.06323201145955698,-0.010531842240093958,2.5527102322043764,2.5632420744444704,-0.0004929374670841619,0.10521370820638166,0.10570664567346583,0.0052558751002229065,0.3492964552668696,0.3440405801666467,6479.616666666667
BOA VISTA,low_active,low,True,4,-0.014313304306932506,0.3875145816356784,0.40182788594261093,7.0787527658408465,202.44543130657937,195.36667854073852,-0.0026778475609456343,0.06329287503504595,0.06597072259599158,0.05325065442764565,2.5786475713764605,2.525396916948815,0.004473762694252953,0.09378033523463158,0.08930657254037863,-0.005755691236935534,0.38336285750446597,0.3891185487414015,6479.35
BOA VISTA,low_active,low,True,5,-0.006794357802625217,0.3934813840347086,0.40027574183733383,2.8593225466766796,175.7264354433156,172.86711289663893,0.010646658079345124,0.06564666329818615,0.055000005218841026,-0.02701956081193657,2.530747693537008,2.5577672543489447,-0.0034457399522457854,0.11409065587255375,0.11753639582479954,0.04348762072624773,0.3648641451651295,0.32137652443888176,6479.35
BOA VISTA,low_active,low,True,6,0.014378080660028547,0.3949337951798158,0.38055571451978726,-5.926557146746802,178.32242531313418,184.24898245988098,0.010807125627589377,0.06517052054863934,0.05436339492104996,-0.03315339490223801,2.500698674301176,2.533852069203414,0.0032105528060994704,0.10780215175287723,0.10459159894677776,0.09335938824699136,0.3675126097238445,0.2741532214768531,6479.55
BOA VISTA,low_active,low,True,7,0.0061043741199109935,0.39811712484343914,0.39201275072352815,-5.938418831665615,179.52946596023247,185.4678847918981,-0.00029447930183433557,0.0643732818092428,0.06466776111107714,-0.002834781223472582,2.5320314710170266,2.534866252240499,0.00896685458538804,0.11006877673891882,0.10110192215353078,0.0022530624489203177,0.35480654245214965,0.35255348000322934,6482.0
BOA VISTA,low_active,low,True,8,-0.015863431358562552,0.3798542437460688,0.39571767510463135,4.249977456906805,182.5728684225988,178.32289096569198,-0.007483267505424579,0.05205473399065403,0.05953800149607861,0.034340590454360775,2.5792311902464564,2.5448905997920956,0.0013631662658599442,0.11309419218160631,0.11173102591574637,-0.02129853207306104,0.3127807826849306,0.33407931475799163,6474.683333333333
BOA VISTA,low_active,low,True,9,-0.011957368518939193,0.3831025317315058,0.395059900250445,-1.4379524900868148,189.21910652203053,190.65705901211734,0.0027008903708738013,0.054401184073260174,0.05170029370238637,0.024802143243445318,2.574602580888866,2.5498004376454206,0.002189655288640846,0.10093440865850489,0.09874475336986405,0.02336352364328942,0.31522719640794006,0.29186367276465064,6475.683333333333
BRASILIA,low_active,low,True,0,0.006282095677588917,0.45450128684076163,0.4482191911631727,-1.5062386244485424,200.24094580012886,201.7471844245774,-0.007434412100146448,0.09079962444179986,0.0982340365419463,0.007120285279083927,2.6980825125828845,2.6909622273038005,0.0022741945809022918,0.09646017923999244,0.09418598465909014,-0.0012399478695771446,0.03378836413364506,0.035028312003222206,41130.95
BRASILIA,low_active,low,True,1,-0.0008423673171597534,0.4522228482701472,0.45306521558730695,0.49802569049123235,197.08948943132552,196.59146374083429,0.0013095193874137073,0.09869001254756109,0.09738049316014738,0.012572669332181263,2.69323954796215,2.6806668786299688,-0.00014796855346277393,0.09924043136752221,0.09938839992098498,-0.00024173731131303666,0.03482319642892854,0.035064933740241576,39447.51666666667
BRASILIA,low_active,low,True,2,0.013719199007969418,0.4599061813945074,0.446186982386538,-2.2214582044993563,197.8569535108463,200.07841171534565,0.009391905680608922,0.1026188867329867,0.09322698105237778,0.0013316549104809283,2.692134730911509,2.690803076001028,0.0028516165564805296,0.09909242438445362,0.09624080782797309,6.839124689232701e-06,0.03433082187923467,0.034323982754545436,39650.25
BRASILIA,low_active,low,True,3,-0.0011723490371328693,0.4538077718139068,0.45498012085103967,3.5587312895313516,197.0178020739945,193.45907078446314,-0.004467283144838782,0.09812144155952232,0.1025887247043611,0.015699991925425483,2.695834225826928,2.6801342339015024,-0.0008559931271897997,0.09923427600864351,0.10009026913583331,-0.0003727258840905065,0.03437646613604549,0.034749192020135995,40515.85
BRASILIA,low_active,low,True,4,-0.008543958307359656,0.4496850667106418,0.45822902501800145,5.067898572015764,199.3875466846479,194.31964811263214,-0.0012553110741247014,0.09720680281938461,0.09846211389350931,0.014165897914002912,2.6965828483845735,2.6824169504705706,-0.004490141552050686,0.09670439802319411,0.1011945395752448,7.454601329797556e-05,0.03434205517241227,0.03426750915911429,40314.28333333333
BRASILIA,low_active,low,True,5,-0.011370607922485676,0.4424961536933285,0.4538667616158142,-0.06868476529447776,199.02965160334207,199.09833636863655,-0.00320851273890424,0.09619041517757075,0.09939892791647499,-0.00047844684892472955,2.685328324026284,2.685806770875209,0.0005186859377129815,0.09643453138579845,0.09591584544808547,-0.00023987864638080197,0.034464148003759965,0.03470402665014077,40096.083333333336
BRASILIA,low_active,low,True,6,0.003013980457525378,0.45275548628955087,0.4497415058320255,-2.730977405143051,194.5254989252857,197.25647633042874,-0.003077121104113706,0.09629016487745577,0.09936728598156948,-0.010406498436215106,2.6764102988795577,2.686816797315773,-0.0012123648508240575,0.09944032638275543,0.10065269123357949,-0.0002927342046243897,0.03476328510477501,0.0350560193093994,40440.416666666664
BRASILIA,low_active,low,True,7,0.0019331707990294378,0.45475778203613204,0.4528246112371026,-0.47328955290103636,192.9495201830118,193.42280973591284,0.000473985962245016,0.09815493306784505,0.09768094710560003,0.013230715245008629,2.696885799498725,2.6836550842537163,0.002791033325155942,0.10321174607415991,0.10042071274900397,1.8712919139365902e-05,0.034979077772346455,0.03496036485320709,39802.11666666667
BRASILIA,low_active,low,True,8,0.005801645435577041,0.45599593387276005,0.450194288437183,10.840610684854909,203.20999535255217,192.36938466769726,-0.0010555839047775711,0.09794516812418386,0.09900075202896143,0.005848727934174125,2.6899483115171376,2.6840995835829635,-0.006296957195936176,0.09454419331036702,0.1008411505063032,0.00027515564705828804,0.034467781779255025,0.034192626132196736,40835.433333333334
BRASILIA,low_active,low,True,9,-0.0015948461696985161,0.45132288241157703,0.45291772858127555,-2.1872554146262644,194.33552742779136,196.52278284241763,0.0005517429266830715,0.10136604796839575,0.10081430504171268,-0.018532004809360902,2.6769383576312085,2.6954703624405694,0.0034020627319123753,0.10159648413068686,0.09819442139877449,-0.0016215400947897501,0.033874069928096065,0.035495610022885815,40315.03333333333
CAMPO GRANDE,low_active,low,True,0,0.003936749826081887,0.3780845228747024,0.3741477730486205,6.198048422459323,174.0113491296337,167.81330070717436,0.00026911831330592856,0.05022596535147943,0.049956847038173505,0.02011219687797805,2.6737960875082414,2.6536838906302633,-0.0028251893817011625,0.12413677036026859,0.12696195974196975,0.0003138105415943504,0.03701814684512545,0.0367043363035311,10238.766666666666
CAMPO GRANDE,low_active,low,True,1,-0.003282897670903062,0.3728221385899244,0.3761050362608275,6.400566786480198,182.39293424083885,175.99236745435866,0.0010090366136789597,0.052958747775218536,0.051949711161539576,-0.005121728321279662,2.6644014923266073,2.669523220647887,-0.003972646427092427,0.11718432925389413,0.12115697568098656,0.0012412238447562507,0.037629689557357376,0.036388465712601126,10238.8
CAMPO GRANDE,low_active,low,True,2,0.006105876951135625,0.37930711308464904,0.3732012361335134,-2.7353619319746088,182.76618528729506,185.50154721926967,-0.0065447648829262545,0.0479882937097846,0.054533058592710855,0.005577885496786283,2.6759088550494305,2.6703309695526443,-0.0011260883304860803,0.11634163764160549,0.11746772597209157,0.001654929531796294,0.03808818628086459,0.0364332567490683,10238.9
CAMPO GRANDE,low_active,low,True,3,-0.0035223064095977197,0.3767389849935325,0.3802612914031302,-5.949582113903432,179.2645640322023,185.21414614610572,-0.004654648148511402,0.051195756226827996,0.0558504043753394,0.004089156081539258,2.6770354366853453,2.672946280603806,0.007249432345093093,0.12038978423040203,0.11314035188530894,0.00025866984366265666,0.03649108759174254,0.036232417748079886,10240.316666666668
CAMPO GRANDE,low_active,low,True,4,-0.003354811316800932,0.37306409658738376,0.3764189079041847,-5.558832919711222,180.1721321269291,185.73096504664034,-0.00017294224383687662,0.05378116657294376,0.05395410881678064,-0.0018289820590338124,2.6814815042781763,2.68331048633721,0.007103644266420156,0.12445803077427339,0.11735438650785324,-0.00011450541322426816,0.03723474904218382,0.03734925445540809,10237.933333333332
CAMPO GRANDE,low_active,low,True,5,0.002457050359789603,0.3765354749907636,0.374078424630974,-4.308415144896173,171.62489594011836,175.93331108501454,-0.0028051228049310803,0.04880874205778795,0.05161386486271903,-0.0017194653601730892,2.671078841558454,2.672798306918627,0.004328146969174038,0.12414694410790968,0.11981879713873564,0.0017987176324845283,0.03683191313174243,0.0350331954992579,10239.983333333334
CAMPO GRANDE,low_active,low,True,6,-0.00011189663288396767,0.37744123952757047,0.37755313616045444,-3.6467208572634036,171.1994439981207,174.8461648553841,-0.0037367077234504373,0.04860190499015807,0.052338612713608505,0.0019812692924450204,2.66267358203721,2.660692312744765,0.0027235246646182404,0.12454409190253315,0.12182056723791491,0.0010223007827654396,0.03651795543817141,0.03549565465540597,10237.916666666666
CAMPO GRANDE,low_active,low,True,7,-0.012060288561430932,0.3674417993707074,0.37950208793213835,14.357628437415116,183.62739600145517,169.26976756404005,2.231602279373357e-05,0.051431329950412934,0.0514090139276192,0.02788498010529672,2.6829332699964876,2.655048289891191,-0.01646939670487342,0.11305117708343755,0.12952057378831097,0.0008940503145161149,0.03753627919929687,0.036642228884780755,10237.283333333333
CAMPO GRANDE,low_active,low,True,8,-0.0005553776240934116,0.377683317345144,0.3782386949692374,1.6039462929172146,180.73869410631448,179.13474781339727,0.00012407237328926346,0.05194412619664538,0.05182005382335612,-0.019028613934714667,2.6642494401111696,2.6832780540458843,-0.0056315043394628145,0.11697790497175999,0.1226094093112228,-0.0015997809240671026,0.03570613336107188,0.037305914285138984,10238.133333333333
CAMPO GRANDE,low_active,low,True,9,-0.004118725031810377,0.3732971336104433,0.3774158586422537,31.15409632794004,203.593143852084,172.43904752414397,0.007004452899051716,0.05851626952987749,0.051511816630825775,0.017588766986151416,2.6852051217652178,2.6676163547790663,-0.02540858141999329,0.10125323666896156,0.12666181808895485,-0.000665653623145683,0.03618471142886155,0.036850365052007235,10238.3
CURITIBA,low_active,low,True,0,0.015374700062441238,0.49578739044559283,0.4804126903831516,0.6513948109852095,159.4497134562511,158.79831864526588,-0.0022977862988914632,0.0677251683805597,0.07002295467945116,0.007871241096901738,2.532717783277553,2.524846542180651,9.598712551989186e-05,0.1319384572603103,0.13184247013479042,0.0014727115723461304,0.03364851274791988,0.03217580117557375,32201.883333333335
CURITIBA,low_active,low,True,1,-0.0037385879045565007,0.4825559990649096,0.4862945869694661,-7.209834085941935,150.5039009171465,157.71373500308843,0.00233948863067214,0.0693123287446122,0.06697284011394006,0.008174062729271458,2.538609170261851,2.5304351075325795,0.007389984041440006,0.1411085124428078,0.1337185284013678,-0.0008999387251406032,0.031483833468717394,0.032383772193858,31914.233333333334
CURITIBA,low_active,low,True,2,0.008340643839694517,0.48927775708859556,0.48093711324890104,-2.383692498936483,155.90629339577447,158.28998589471095,-0.00017319336902270333,0.06930104112881795,0.06947423449784065,0.01044969288444797,2.53683795901286,2.526388266128412,0.00236079389318003,0.13558466439147027,0.13322387049829024,0.0009914060947283365,0.03375711715580497,0.03276571106107663,32149.45
CURITIBA,low_active,low,True,3,0.021635461760551755,0.49718045552686335,0.4755449937663116,-4.675673002683823,157.96306978536396,162.63874278804778,-0.001594342152592576,0.06785622212397839,0.06945056427657097,0.0005164585852575065,2.534924878946727,2.5344084203614696,0.00274332064209884,0.1345114125100958,0.13176809186799696,0.00017837279739402884,0.033230137994720424,0.033051765197326395,32015.85
CURITIBA,low_active,low,True,4,0.02410616452644304,0.4972205960527391,0.47311443152629606,-1.2098699077044728,155.61892198045234,156.82879188815681,-0.0008113482110977815,0.06707405287272103,0.06788540108381881,0.018833434106960034,2.5378511703353515,2.5190177362283914,0.0013751323843148033,0.13579927326580513,0.13442414088149032,-0.001291956271254023,0.03255041934969529,0.033842375620949314,32109.05
CURITIBA,low_active,low,True,5,-0.006252741337876178,0.4741911520771593,0.48044389341503546,2.287390785119129,165.42153125258986,163.13414046747073,-0.0019188231424086266,0.0675545915886697,0.06947341473107832,0.004143648486676366,2.540332175677266,2.5361885271905895,-0.0030488923856804295,0.12613080876885543,0.12917970115453586,-0.00018145575234384398,0.03269354406149187,0.032874999813835716,32329.2
CURITIBA,low_active,low,True,6,-0.008058977838479364,0.4834145794696311,0.4914735573081105,8.6801159147399,162.5467993827605,153.8666834680206,0.0006409969193490739,0.06973541665504997,0.0690944197357009,-0.003549088727584415,2.529922217799521,2.5334713065271055,-0.008009981947805028,0.12966935647276315,0.13767933842056818,-0.0011442491463039967,0.032624889790568476,0.03376913893687247,32142.55
CURITIBA,low_active,low,True,7,-0.016734649378288002,0.4705712300034905,0.4873058793817785,1.4632200977963237,152.5300786086793,151.06685851088298,0.000428236488715969,0.06596136699933217,0.0655331305106162,0.005714420295541256,2.5370145341635633,2.531300113868022,-0.003127108719128746,0.13589401222495393,0.13902112094408267,-0.0006176599967166116,0.03158582066028571,0.03220348065700232,32154.6
CURITIBA,low_active,low,True,8,0.0246303246670459,0.5009608688989016,0.47633054423185567,1.0695411976124376,157.15159148222696,156.08205028461452,-0.0013551524054579711,0.0656271479472483,0.06698230035270628,-0.010302908944646916,2.5245876469754114,2.5348905559200583,-0.0008661952310633769,0.13353171052400067,0.13439790575506405,0.0010526580192161406,0.032765598883108996,0.031712940863892855,32404.966666666667
CURITIBA,low_active,low,True,9,-0.005053526797367203,0.49237540928588996,0.49742893608325717,-3.000479425150104,159.81081341784162,162.81129284299172,-0.003864037651061261,0.06510666033825556,0.06897069798931682,0.0013287604207770087,2.536261581332249,2.534932820911472,0.0029834981625702084,0.13285884134580217,0.12987534318323196,0.0009336622192173266,0.03406140371011921,0.033127741490901884,32236.55
FLORIANOPOLIS,low_active,low,True,0,0.004393768325117953,0.4315059064870122,0.42711213816189425,5.106655461560138,201.51082791686082,196.40417245530068,-0.0014714513249038802,0.06387615048265996,0.06534760180756384,0.038887038861294965,2.638904216041134,2.600017177179839,-0.0042723241875234075,0.10599562434868029,0.1102679485362037,-0.002114382860462276,0.028808257868341583,0.03092264072880386,12573.933333333332
FLORIANOPOLIS,low_active,low,True,1,0.0015679962007180692,0.45911058219867773,0.45754258599795966,-9.21511375175399,192.10037965263433,201.31549340438832,-0.004092687468853523,0.0705923946787262,0.07468508214757973,0.00046544302932227666,2.6080405599662284,2.607575116936906,0.0009715191918475835,0.11130721526638752,0.11033569607453994,-0.0008366567932802521,0.032772203109836466,0.03360885990311672,12293.95
FLORIANOPOLIS,low_active,low,True,2,-0.0046956553316326866,0.4529655389948059,0.4576611943264386,4.817078681102146,207.9379426622278,203.12086398112567,-0.00020965483648442695,0.0732701071301373,0.07347976196662173,0.0021081831286191566,2.608831048480623,2.606722865352004,-0.004672182017803325,0.10255037964073047,0.10722256165853379,-0.0026229708974496585,0.03159824223217159,0.03422121312962125,12987.483333333334
FLORIANOPOLIS,low_active,low,True,3,-0.025543999439286924,0.4378504648783102,0.4633944643175971,-2.321816349564955,201.647283778621,203.96910012818594,0.007454844442622191,0.07394743909930575,0.06649259465668356,-0.019227037363537036,2.6056231198780475,2.6248501572415845,-0.0005478246141452647,0.10702250583918947,0.10757033045333474,0.004510917467190352,0.03608265314686892,0.03157173567967857,12532.816666666668
FLORIANOPOLIS,low_active,low,True,4,0.03987869431340163,0.47505625809537505,0.4351775637819734,1.4781358693616085,206.50175327682618,205.02361740746457,-0.003597378466038137,0.07653045426553613,0.08012783273157427,-0.019347008508008745,2.599192990578696,2.6185399990867047,-0.006251176925569604,0.09983658897933134,0.10608776590490095,0.0016271254021682433,0.03288761920004793,0.031260493797879686,12561.533333333333
FLORIANOPOLIS,low_active,low,True,5,0.016358721128785503,0.4645046636015506,0.4481459424727651,-2.888826570751945,197.7313197629282,200.62014633368014,0.0018294873888512475,0.06888688979990579,0.06705740241105454,0.02135412366970657,2.627606152649372,2.6062520289796653,0.002771726765554816,0.10939044442469888,0.10661871765914406,-0.0005480489350345036,0.03171350977722991,0.03226155871226442,11965.033333333333
FLORIANOPOLIS,low_active,low,True,6,-0.03336353099343298,0.42982401742363924,0.4631875484170722,-8.051734820052587,191.88184494882378,199.93357976887637,-0.006352898760134243,0.06279505836273719,0.06914795712287143,0.006241250142228871,2.613315363050162,2.607074112907933,0.006846892625410314,0.11304665476428682,0.10619976213887651,-0.002789679645865642,0.03056084571349505,0.03335052535936069,13302.383333333333
FLORIANOPOLIS,low_active,low,True,7,0.018367274954826096,0.46815957139486397,0.4497922964400379,3.737886991457458,199.510594432083,195.77270744062554,0.005282331986474362,0.07714262501800778,0.07186029303153342,0.0068313942148061635,2.594964437853607,2.588133043638801,-0.003124968606210199,0.11010733007158804,0.11323229867779824,0.0040227250904463566,0.03662192390730384,0.03259919881685748,12836.633333333333
FLORIANOPOLIS,low_active,low,True,8,-0.05475834388878126,0.43698370683482446,0.4917420507236057,-11.659598166759594,183.49309500883675,195.15269317559634,-0.009127243316329511,0.06472570426591119,0.0738529475822407,-0.007444113062957669,2.5939087293175738,2.6013528423805314,0.002648827397478043,0.11642739376474893,0.11377856636727089,-0.0006320331421174399,0.03398556952530129,0.03461760266741873,13018.166666666666
FLORIANOPOLIS,low_active,low,True,9,0.011002588845035466,0.446867810832881,0.43586522198784555,-2.4542623429547916,193.08380087703816,195.53806321999295,-0.0015407512666116702,0.06919753409620766,0.07073828536281933,-0.015599812229327714,2.61681548750821,2.632415299737538,-0.0015484277758037596,0.11167008554099023,0.11321851331679399,-0.0002677430621398566,0.0320087275431128,0.032276470605252655,12134.65
FORTALEZA,low_active,low,True,0,0.003614697092839181,0.4752162038618538,0.47160150676901463,1.441294179624009,167.5887188621658,166.14742468254178,0.0069544889425849216,0.08600763720145486,0.07905314825886994,-0.0010777586178054577,2.4835545931911724,2.484632351808978,-8.507989150108308e-05,0.11318690849865648,0.11327198839015756,0.020309225805441658,0.09178086778107994,0.07147164197563828,34659.28333333333
FORTALEZA,low_active,low,True,1,-0.00030835246888855083,0.47588880769650477,0.4761971601653933,13.693798499647812,183.55206154403731,169.8582630443895,0.011764260716083164,0.09733087257604749,0.08556661185996432,0.02077971111437593,2.4952256264645523,2.4744459153501763,-0.007147509769113727,0.10416177432622532,0.11130928409533905,0.0810382986995369,0.16796987026082563,0.08693157156128874,34427.88333333333
FORTALEZA,low_active,low,True,2,-0.005253963242407622,0.47368803634084516,0.4789419995832528,4.722248498214583,178.2811306222531,173.55888212403852,-0.0018356693260971058,0.08752577526371455,0.08936144458981166,0.0036355667522092183,2.48048666455314,2.476851097800931,-0.0057541271872345034,0.10416993038026175,0.10992405756749625,-0.02297050375278463,0.09207075076874102,0.11504125452152565,34415.26666666667
FORTALEZA,low_active,low,True,3,-0.01916803880889162,0.4648498681284464,0.48401790693733804,8.666610038849171,174.94145176962581,166.27484173077664,-0.012364521849678359,0.079515905730992,0.09188042758067036,0.024785588199660147,2.4912915366210036,2.4665059484213434,-0.005373015957327143,0.10637991869312265,0.11175293465044979,-0.01904785885964197,0.11060849245560744,0.1296563513152494,35018.51666666667
FORTALEZA,low_active,low,True,4,-0.0042790167401814405,0.4752546734156047,0.4795336901557861,-0.6860222928789028,177.0776105063192,177.7636327991981,-0.004979315436332857,0.09464184704614029,0.09962116248247314,0.003175628853362422,2.48073695389305,2.4775613250396877,-0.0018592787755299794,0.10672819362035488,0.10858747239588486,-0.030932636424482268,0.12767031207338067,0.15860294849786294,33959.26666666667
FORTALEZA,low_active,low,True,5,-0.001110680745775805,0.47541555322010093,0.47652623396587673,-5.2525860655213705,168.11530075685542,173.3678868223768,-0.004681776576091354,0.0850472918352375,0.08972906841132886,0.005591855004742907,2.481146827871064,2.475554972866321,0.0009283602139390779,0.11097199963416608,0.110043639420227,-0.0005598271414337525,0.08452209204305274,0.08508191918448649,34554.01666666667
FORTALEZA,low_active,low,True,6,0.002593045144959505,0.4743346150989341,0.4717415699539746,4.320244938480329,166.04252338826748,161.72227844978715,0.00600308394224916,0.08962147123987493,0.08361838729762577,0.012993093456750593,2.4844965606308027,2.471503467174052,-0.0034621695085341603,0.11477079625141116,0.11823296575994532,0.045403654200903386,0.10001367949324037,0.05461002529233699,34255.583333333336
FORTALEZA,low_active,low,True,7,-0.005454482074312095,0.47813865733384997,0.48359313940816206,9.761975125557939,185.6371006884971,175.87512556293916,-0.006179056119626047,0.09110334668355859,0.09728240280318463,0.018357109932969795,2.4938089266413384,2.4754518167083686,-0.00824390933141507,0.10003684321928329,0.10828075255069836,-0.02068500036099058,0.13315476582534144,0.15383976618633202,34076.03333333333
FORTALEZA,low_active,low,True,8,-0.011262348891565577,0.46537075428815583,0.4766331031797214,9.013394552166545,183.75181459595845,174.7384200437919,-0.006859766403661788,0.08541262061794987,0.09227238702161165,0.012888378790782085,2.4947079537882453,2.481819574997463,-0.009043523261396527,0.10079765303749176,0.10984117629888829,-0.03966321542394072,0.08610859866212217,0.1257718140860629,34367.2
FORTALEZA,low_active,low,True,9,0.0037878989770318006,0.47730487234456265,0.47351697336753085,-2.953828114165134,175.98356191346463,178.93739002762976,-0.0009742563773740553,0.08678292870613437,0.08775718508350842,0.011983008341406087,2.4879590793728927,2.4759760710314866,-0.0003114989746887259,0.10455290669731317,0.10486440567200189,0.012774673483744142,0.11632571222865098,0.10355103874490684,34752.75
JOAO PESSOA,low_active,low,True,0,0.01027952098390178,0.41292805309324637,0.4026485321093446,23.328295117594536,168.4707776768323,145.14248255923778,0.0007142464991266306,0.09176544284083543,0.0910511963417088,0.0076827538178996235,2.5380195384418633,2.5303367846239637,-0.02123983384936548,0.12156078341914084,0.14280061726850632,-0.001649448760603689,0.04575656049548741,0.0474060092560911,9974.066666666668
JOAO PESSOA,low_active,low,True,1,0.0023685249453563872,0.40710737609694747,0.4047388511515911,-25.967589254100147,154.4678857576876,180.43547501178776,-0.009712207707994538,0.08896902862999809,0.09868123633799263,0.00611064652754445,2.534565225077058,2.5284545785495136,0.026525286151185934,0.13367992528358327,0.10715463913239734,0.0033800460009772645,0.048584417700560704,0.04520437169958344,9764.2
JOAO PESSOA,low_active,low,True,2,0.0028820599195731322,0.41874396490636456,0.41586190498679143,-3.4773726517680927,152.85349411780155,156.33086676956964,0.0011936326668937625,0.0867355624140069,0.08554192974711314,-0.0027776765870881626,2.5326607175848257,2.535438394171914,0.0012056162321697483,0.13397022136328635,0.1327646051311166,0.0016791553617179489,0.04737638283605979,0.045697227474341844,9763.633333333333
JOAO PESSOA,low_active,low,True,3,0.020056635733066708,0.424321488578355,0.4042648528452883,-5.865773978859693,162.47781150285354,168.34358548171323,0.0004814406190179199,0.08824333312393044,0.08776189250491252,0.01734826021874447,2.5358034664095643,2.51845520619082,0.00643111080791145,0.1261195570096704,0.11968844620175895,0.0037751017890769664,0.04657837684177924,0.042803275052702275,9991.4
JOAO PESSOA,low_active,low,True,4,-0.005053541123278993,0.41013464562806035,0.41518818675133934,-1.7343070426839233,142.32877570768727,144.0630827503712,-0.0031888598302703963,0.08427933795071411,0.08746819778098451,-0.01359139271742027,2.530505355824779,2.5440967485421995,-0.0003587696816813313,0.14260863522702738,0.1429674049087087,7.16916464516687e-05,0.04920236306526102,0.04913067141880935,9728.45
JOAO PESSOA,low_active,low,True,5,-0.013085236124293964,0.40385246297029564,0.4169376990945896,-8.5298086652694,167.07687476920245,175.60668343447185,-0.005304400951099075,0.08913988002065548,0.09444428097175456,-0.004106740446812029,2.5354637098400046,2.5395704502868166,0.002340016073559631,0.12085968120395671,0.11851966513039708,-0.0026830346302420746,0.044878667536453906,0.04756170216669598,10172.1
JOAO PESSOA,low_active,low,True,6,0.004389472548939011,0.4151503176659073,0.4107608451169683,-1.1581147120029698,164.38829599952177,165.54641071152474,0.0033416913594143116,0.09425816827048418,0.09091647691106987,0.004140364779914307,2.5416691808766965,2.537528816096782,0.002346641285758899,0.12641350985793381,0.12406686857217492,0.00022300172986932515,0.0475847438683128,0.04736174213844348,9795.033333333333
JOAO PESSOA,low_active,low,True,7,0.002719751774240775,0.4106629844490157,0.40794323267477495,4.673037990206154,168.7692574792319,164.09621948902574,0.0013710560310276065,0.08881528194178046,0.08744422591075285,0.02255280696070372,2.5465737238084794,2.5240209168477756,-0.0013296212635177385,0.12117362719822587,0.12250324846174361,0.0001818045875659549,0.04600870773283781,0.04582690314527185,10126.683333333332
JOAO PESSOA,low_active,low,True,8,-0.02279367290232054,0.3987730990427888,0.42156677194510933,-7.434635713151579,157.05582843974298,164.49046415289456,-0.002206187780386837,0.09007518810299456,0.0922813758833814,-0.006961893008236686,2.5212274329735083,2.528189325981745,0.007118019054349625,0.1312445704932493,0.12412655143889968,-0.0011960118278711018,0.04583283632741871,0.047028848155289814,9891.0
JOAO PESSOA,low_active,low,True,9,-0.004286011926684041,0.4116551263954939,0.41594113832217794,6.286317640034412,163.01444222035485,156.72812458032044,0.002172723220280809,0.09291155488960688,0.09073883166932607,0.032971125385912625,2.5630457415741517,2.530074616188239,-0.0007156045227182384,0.1275535451044079,0.12826914962712613,0.0004944240236218686,0.046735903636628294,0.046241479613006425,9720.033333333333
MACEIO,low_active,low,True,0,0.0034853101139771803,0.38067394706752017,0.377188636953543,-2.315412222725371,153.170893011927,155.48630523465238,-0.005611106026004377,0.05633086246418642,0.0619419684901908,0.039241330513403394,2.503581459375589,2.464340128862186,0.007996238989527851,0.12674253760660245,0.1187462986170746,-0.0016232241072280558,0.026231376592227726,0.02785460069945578,11216.8
MACEIO,low_active,low,True,1,0.008766961505726256,0.3921224653465318,0.3833555038408055,9.421833731296857,161.5729688580518,152.15113512675495,0.010334441950383376,0.06499726494019126,0.05466282298980788,0.00652210752549065,2.478237405195217,2.4717152976697263,-0.008048202438812033,0.11526737800687593,0.12331558044568797,-0.0006918193893671425,0.025730349527154785,0.026422168916521927,11157.65
MACEIO,low_active,low,True,2,-0.005609102172498326,0.38949253470418344,0.39510163687668176,14.590050350170884,161.8227844802664,147.2327341300955,0.0021984078367065993,0.06108611279630332,0.05888770495959672,0.015979178699864427,2.4872782417708126,2.471299063070948,-0.014641172262962271,0.1101074042255557,0.12474857648851798,-0.0007958077168369639,0.025952686716510312,0.026748494433347276,11242.05
MACEIO,low_active,low,True,3,0.011449044523129226,0.3940493448947732,0.382600300371644,15.597113160513373,170.5860880626669,154.98897490215353,0.011276754677147956,0.07257751647839066,0.0613007618012427,0.0017822109361427252,2.484068120657662,2.482285909721519,-0.011359400183435911,0.10975167013834396,0.12111107032177987,-0.00010303068501946872,0.026640505051065203,0.02674353573608467,11044.633333333333
MACEIO,low_active,low,True,4,0.00914502550630919,0.40261827791657273,0.39347325241026354,21.41825249569149,183.45561673719186,162.03736424150037,0.016139317567215164,0.08506838258075945,0.06892906501354429,0.008101205753005214,2.483893751787744,2.475792546034739,-0.01677870314285554,0.09883016771786643,0.11560887086072197,0.0044172087477206586,0.031107939933791455,0.026690731186070796,10740.0
MACEIO,low_active,low,True,5,-0.007351448793228077,0.3949682120198725,0.40231966081310055,-10.420917842313429,171.4743295621716,181.89524740448502,-0.01732962179817317,0.06950844944130671,0.08683807123947988,0.02631121467208608,2.490507827327911,2.464196612655825,0.013263585521512272,0.10927318048008203,0.09600959495856976,-0.00953965759370307,0.026209313599009073,0.03574897119271214,11112.566666666668
MACEIO,low_active,low,True,6,0.006131998906799052,0.3938901487019975,0.38775814979519846,-0.4763875121111596,158.95267352658686,159.42906103869802,-0.004806489935196702,0.06239244768559985,0.06719893762079655,0.023360611416177512,2.489689503097821,2.4663288916816435,0.0024168422254245425,0.11833571573097144,0.1159188735055469,0.00012638715181582938,0.027218865566337368,0.02709247841452154,11304.383333333333
MACEIO,low_active,low,True,7,0.0009144800092172889,0.3929218940837463,0.392007414074529,4.409472399001373,157.77979862818088,153.3703262291795,0.005041293166714353,0.06395120030944115,0.0589099071427268,-0.013306105357447695,2.465150740539582,2.4784568458970297,-0.003536107546319417,0.11837546510467847,0.12191157265099789,0.0007294355325819131,0.02646504516385114,0.025735609631269227,11041.95
MACEIO,low_active,low,True,8,-0.0011075972263977496,0.3870749747584572,0.38818257198485495,-3.7353020650674296,147.84527214920837,151.5805742142758,0.00016042078011031802,0.058816626192832996,0.05865620541272268,0.0013970651614405583,2.477494568713111,2.4760975035516704,0.0002830381107825075,0.12309884389466008,0.12281580578387757,-0.00182249665137375,0.026417932660936384,0.028240429312310134,11168.1
MACEIO,low_active,low,True,9,0.00926895540625905,0.395111445309507,0.38584248990324793,6.01276321023812,165.09889180046432,159.0861285902262,0.005119060415416404,0.0664948083319029,0.06137574791648649,0.00963388256404274,2.4840183947148984,2.4743845121508556,-0.0016952646100524132,0.1149924141817717,0.11668767879182411,-0.0003965033585684209,0.026475760362646872,0.026872263721215293,11271.966666666667
NATAL,low_active,low,True,0,-0.002136555189601985,0.4182815896014861,0.4204181447910881,6.598016535786371,157.56390345089386,150.9658869151075,0.002258045746752327,0.07429980529945421,0.07204175955270188,0.023646993203443323,2.5167891493377668,2.4931421561343234,-0.003613616591095964,0.12751937821467524,0.1311329948057712,-0.0006950360639155773,0.033849388620135194,0.03454442468405077,12001.616666666667
NATAL,low_active,low,True,1,0.0008954135309111599,0.41104552484768686,0.4101501113167757,3.755221587459488,167.01149994532494,163.25627835786545,0.0021529378198868604,0.07423723256122147,0.07208429474133461,0.003634434194773828,2.514106509417232,2.510472075222458,-0.003327465980859673,0.1193592762326813,0.12268674221354098,-0.0005315092567420646,0.03174373441301289,0.032275243669754955,12141.816666666668
NATAL,low_active,low,True,2,0.005392481472467792,0.4166469617355089,0.4112544802630411,-5.621180397194621,154.4955984714492,160.11677886864382,0.0005636362311734339,0.07444313130676153,0.0738794950755881,0.008017950464643153,2.508766642941008,2.500748692476365,0.007545167724109819,0.1306511428404684,0.12310597511635857,-0.0026134002091051795,0.03143509641712746,0.03404849662623264,12033.7
NATAL,low_active,low,True,3,-0.003014478986943736,0.40744684899165573,0.41046132797859947,-1.407217428067355,155.3164593425534,156.72367677062076,0.0029851547183939314,0.07232875246944377,0.06934359775104984,0.004902932110816494,2.50437447485709,2.4994715427462735,0.0034461840311905967,0.12972843019812283,0.12628224616693223,-0.0005193197000388228,0.03101130883391938,0.0315306285339582,12124.983333333334
NATAL,low_active,low,True,4,-0.005670602277015935,0.41145750659612634,0.4171281088731423,3.5667688959619,160.57137771752153,157.00460882155963,-0.0018750794648314528,0.07026886121131928,0.07214394067615074,0.022516100013392215,2.514316374943783,2.491800274930391,-0.0034916865175771833,0.12425048770307333,0.1277421742206505,-0.004439763646463167,0.0331825153161496,0.03762227896261277,12061.433333333332
NATAL,low_active,low,True,5,0.009648034016558671,0.4211614517995353,0.4115134177829766,5.180409137047974,170.73356742856606,165.5531582915181,0.00731437453292183,0.07839143649508748,0.07107706196216565,0.005935928495984122,2.5195902870754447,2.5136543585794606,-0.004798061664695583,0.1151176919283936,0.11991575359308919,0.0006546465711436342,0.03750198480339542,0.03684733823225179,12044.066666666668
NATAL,low_active,low,True,6,-0.0024738188871033517,0.4156067392391785,0.41808055812628186,10.632217420749441,165.3072114767875,154.67499405603806,0.002281520961204375,0.07368808391048146,0.07140656294927708,0.021487137885696672,2.5167037364058613,2.4952165985201646,-0.007751521321024149,0.12071215506300013,0.12846367638402428,-0.005713677940027098,0.03247055474418335,0.03818423268421045,12089.383333333333
NATAL,low_active,low,True,7,-0.008031561652557528,0.40881064904673264,0.41684221069929017,-7.6253454141151735,150.8353878582974,158.46073327241257,-0.011528490395505922,0.06673807586041341,0.07826656625591934,-0.02409739462205529,2.5081884655382196,2.532285860160275,0.003960842011789062,0.1343470284065049,0.13038618639471583,0.001167520082512856,0.033308083144588975,0.03214056306207612,12158.8
NATAL,low_active,low,True,8,0.00039772656807085527,0.40845727909481316,0.4080595525267423,-1.279809996462319,154.39235023804116,155.67216023450348,0.0018871584645009098,0.07170221714697952,0.06981505868247861,0.0145123151048554,2.528265639117465,2.5137533240126095,0.003504247346550665,0.13297272305915897,0.1294684757126083,0.0014447336470798794,0.03367373243668794,0.03222899878960806,12081.433333333332
NATAL,low_active,low,True,9,0.0066761067086720804,0.41715954852069526,0.4104834418120232,1.292445670190915,158.10232207182713,156.80987640163622,0.006659669557303738,0.07575636082682843,0.0690966912695247,0.006531095871629589,2.519088331782636,2.5125572359110064,-0.001044769883309038,0.12830554283717052,0.12935031272047956,0.0014282284736574988,0.03345549077504555,0.032027262301388054,11967.783333333333
PALMAS,low_active,low,True,0,-0.011668349964846392,0.37163718973688326,0.38330553970172965,16.648045258519517,210.50808475881644,193.86003950029692,0.0012856885055366404,0.04552479678870584,0.0442391082831692,0.011810622247948821,2.5463894499928332,2.5345788277448844,-0.013969936156224327,0.09484110702927392,0.10881104318549825,0.0020106767952268317,0.05245602630587621,0.05044534951064938,3587.233333333333
PALMAS,low_active,low,True,1,-0.009238001047153388,0.3717139928762577,0.3809519939234111,2.199107895133807,171.82380608778035,169.62469819264655,0.0008907476927541708,0.039299357469880336,0.038408609777126165,0.00599344087804754,2.5095899421677115,2.503596501289664,0.0007523412708917987,0.12258043002742498,0.12182808875653318,-0.0012723351066283306,0.04802880326592023,0.04930113837254856,3585.9333333333334
PALMAS,low_active,low,True,2,-0.005645752701904205,0.36730388552937154,0.37294963823127575,-2.0037026459736182,192.0571847374767,194.0608873834503,0.0010646925458372355,0.045574859525544825,0.04451016697970759,0.014571483371304872,2.5467923854557615,2.5322209020844566,0.010043476879042543,0.10778033413395685,0.09773685725491431,0.0009249615136544612,0.05002737799253695,0.04910241647888249,3586.2
PALMAS,low_active,low,True,3,-0.002172019262884073,0.3722415312394938,0.37441355050237785,-18.705010772358776,190.84811422156653,209.5531249939253,-0.0025566207683625497,0.03982596831008585,0.0423825890784484,-0.03189664798767389,2.5113426455833667,2.5432392935710406,0.012217524865735574,0.10464043257118752,0.09242290770545195,-0.00020639167610756598,0.0505647940586627,0.05077118573477027,3586.8166666666666
PALMAS,low_active,low,True,4,0.0005600297461622605,0.36863159390886063,0.3680715641626984,5.943756896993193,217.50076403773707,211.55700714074388,-0.00010054850405897403,0.0452696822560613,0.04537023076012028,-0.0037077837693231253,2.52177368740824,2.5254814711775633,-0.0056079714592174035,0.08527444702036484,0.09088241847958224,0.0005133913896484474,0.04915808340446567,0.04864469201481722,3587.1
PALMAS,low_active,low,True,5,-0.004490426598317887,0.3692612206042476,0.3737516472025655,-1.6109758526159226,193.60711720216992,195.21809305478584,-0.0040898302485693,0.04029711025133445,0.04438694049990375,-0.01895113706755458,2.5114741921362995,2.530425329203854,-0.001621016542291992,0.10449181650496102,0.10611283304725301,-7.072508501522468e-05,0.04954948041479594,0.049620205499811165,3586.866666666667
PALMAS,low_active,low,True,6,-0.008185943879855995,0.37199190113995084,0.38017784501980684,-4.438421433356297,179.49354160987727,183.93196304323357,-0.006126883549655446,0.04300500070339289,0.04913188425304833,0.026237899998818648,2.538992917665326,2.512755017666507,0.0055346309369314756,0.11458460417421104,0.10904997323727957,-0.0009780332602945252,0.05019847253750178,0.051176505797796305,3586.116666666667
PALMAS,low_active,low,True,7,-0.002885020973594221,0.3725345712002413,0.3754195921738355,4.205065977509861,197.23330866200592,193.02824268449606,-0.0014449393587595213,0.04311209079757082,0.04455703015633034,-0.0016749823625956672,2.525567954157965,2.527242936520561,-0.002209502385257134,0.09882966131320185,0.10103916369845899,0.0014686214985697096,0.05036243358703905,0.04889381208846934,3586.883333333333
PALMAS,low_active,low,True,8,-0.0005515090044356796,0.37308447014523727,0.37363597914967295,14.405404737413363,218.09334243808996,203.6879377006766,-0.0009083172312197435,0.047543871599067394,0.04845218883028714,0.008730806172297711,2.536804615643282,2.5280738094709845,-0.007871270786073095,0.08546181854309737,0.09333308932917046,-0.00014379144086139328,0.04912335573093698,0.04926714717179837,3587.4666666666667
PALMAS,low_active,low,True,9,0.004787483018471317,0.3822679062717274,0.3774804232532561,-13.42294114684583,177.9231154028392,191.34605654968502,-0.004507392801380926,0.04227958542953674,0.04678697823091767,-0.019647004953287528,2.499552999437699,2.5192000043909863,0.005395627066159467,0.11054056720925674,0.10514494014309728,0.00033627818845222146,0.04887212232119283,0.04853584413274061,3587.95
PORTO ALEGRE,low_active,low,True,0,0.022685935115901446,0.7164308204991545,0.6937448853832531,5.603227204814289,189.34531034548917,183.74208314067488,-0.0006178698122629028,0.0831193086978704,0.0837371785101333,0.04753524073923199,3.6102560563210107,3.5627208155817787,-0.0021470403883199762,0.15969493922494912,0.1618419796132691,0.0012854163555016326,0.03393774637697855,0.03265233002147692,34068.85
PORTO ALEGRE,low_active,low,True,1,0.02214275971633206,0.6928620761071788,0.6707193163908467,1.4151165287563003,187.760772435955,186.3456559071987,0.002608585190787757,0.08755815282025105,0.08494956762946329,0.02657256406025743,3.6129344590023056,3.586361894942048,0.005744126752226769,0.16352532360149208,0.1577811968492653,0.00036018126982437226,0.03281102442535295,0.032450843155528576,33840.88333333333
PORTO ALEGRE,low_active,low,True,2,-0.01097100249743066,0.6639335720949014,0.6749045745923321,2.486565568830258,192.5932364811183,190.10667091228805,0.0029777364213067897,0.08872100242768267,0.08574326600637588,0.012158049957845307,3.612628465107484,3.6004704151496387,-0.0024281796318283144,0.14996903872488637,0.1523972183567147,-0.0015083076737044607,0.03164737806500771,0.03315568573871217,34031.21666666667
PORTO ALEGRE,low_active,low,True,3,-0.017489688120080893,0.6706019383375325,0.6880916264576133,0.8068635754556794,186.66573169811855,185.85886812266287,0.003087292152768692,0.08527100811014293,0.08218371595737424,0.0368251620188591,3.607586668523067,3.570761506504208,-0.005764855699124327,0.16397224070750524,0.16973709640662957,0.00013473672815531718,0.03237757817041256,0.032242841442257246,33597.9
PORTO ALEGRE,low_active,low,True,4,-0.009364073948661011,0.6731725424689848,0.6825366164176458,-3.2604790236556482,187.54035591514284,190.8008349387985,0.0019312830206318632,0.08398325879351051,0.08205197577287865,0.0319637648802189,3.603247948334169,3.57128418345395,0.010324478863032699,0.1665957816626236,0.1562713027995909,0.0007208296556258514,0.033067732830094704,0.03234690317446885,33664.9
PORTO ALEGRE,low_active,low,True,5,0.03469349026423241,0.7205050448220462,0.6858115545578138,3.3666025068010867,190.31515572034328,186.9485532135422,-0.000951414910349474,0.08512422597594595,0.08607564088629542,0.039477048913945545,3.6049310832554298,3.5654540343414842,-0.004539502362722436,0.15761005778743922,0.16214956015016166,0.0008751002936056088,0.033880679330834954,0.033005579037229345,33765.51666666667
PORTO ALEGRE,low_active,low,True,6,0.027807282064247762,0.7048795618254398,0.677072279761192,-3.9535021541362028,184.69969697839903,188.65319913253524,0.0052426588889155495,0.0855580918139458,0.08031543292503025,0.021874716311093056,3.6022192164889804,3.5803445001778873,0.003683743812253587,0.1614209155614289,0.15773717174917531,0.0006637314915802009,0.033324972262467265,0.032661240770887064,33474.166666666664
PORTO ALEGRE,low_active,low,True,7,-0.025495705801999224,0.6895352100208655,0.7150309158228647,0.7679759164888651,187.33017201695728,186.5621961004684,0.0007345594666598315,0.0870438249765415,0.08630926550988167,0.037812982856695765,3.6211811173729447,3.583368134516249,-0.0035990217791476986,0.1556797220711926,0.1592787438503403,5.07099879554912e-05,0.032918805790177134,0.03286809580222164,33847.7
PORTO ALEGRE,low_active,low,True,8,-0.017720889480420388,0.6941070263588932,0.7118279158393136,0.5473531296819658,186.91915010149194,186.37179697180997,-0.001819488132928454,0.08328811208270899,0.08510760021563744,0.027390349978039907,3.618499856052905,3.591109506074865,-0.0049028483602578665,0.15499817174172523,0.1599010201019831,0.0006885750399341362,0.03356116434107332,0.032872589301139184,33721.2
PORTO ALEGRE,low_active,low,True,9,-0.004964480104806768,0.6960148666417177,0.7009793467465245,3.1168901187608924,186.78144512291794,183.66455500415705,0.0012631182726819123,0.0825489505309661,0.08128583225828419,0.0159433598567853,3.617960927408926,3.602017567552141,0.007505402545197298,0.16182630840093856,0.15432090585574126,-0.0002580778555213298,0.03294318787184928,0.03320126572737061,33764.1
PORTO VELHO,low_active,low,True,0,0.010077589892122651,0.42163890634253937,0.4115613164504167,-4.263878208521021,151.77444120570513,156.03831941422615,0.004169278635660065,0.06389412911095634,0.05972485047529627,0.022823830806725898,2.4431858558729664,2.4203620250662405,0.004658537537748114,0.1255230203906123,0.12086448285286419,0.042930504229684266,0.1113712873562108,0.06844078312652653,5699.333333333333
PORTO VELHO,low_active,low,True,1,0.003053377171843563,0.4070260664835692,0.40397268931172564,7.94349938135889,169.31990905765866,161.37640967629977,0.02402230990304724,0.09628992808618005,0.0722676181831328,0.005079108802943377,2.4437569423988963,2.438677833595953,-0.00042302764469207,0.11805982194465296,0.11848284958934503,0.0287470682689569,0.20627982554069355,0.17753275727173665,5519.866666666667
PORTO VELHO,low_active,low,True,2,-0.01949460019076138,0.4064454409621118,0.4259400411528732,4.1362102963528855,157.47343543456367,153.33722513821078,-0.035780112413015694,0.07191501711152957,0.10769512952454527,0.013829546254074288,2.4285704150183367,2.4147408687642624,-0.0041491702684919585,0.12318944233385479,0.12733861260234675,-0.07846401146665316,0.1597249586211578,0.23818897008781095,5670.966666666666
PORTO VELHO,low_active,low,True,3,-0.013277565696642013,0.4126545416044568,0.4259321073010988,1.3661040326021805,150.0292008277616,148.66309679515942,0.0019855739556154106,0.06308527957950383,0.06109970562388842,0.026884183209666013,2.428749926245324,2.401865743035658,0.0012519341821204122,0.12467930829199454,0.12342737410987413,-0.023216135569705254,0.08912086492283824,0.1123370004925435,5689.5
PORTO VELHO,low_active,low,True,4,-0.017455700310471556,0.4140239701195012,0.43147967042997276,-1.9668341800382052,161.96449100259468,163.9313251826329,-0.012740331132555155,0.06499499919364574,0.07773533032620089,0.03474516313738363,2.4369032014371763,2.4021580382997927,0.006436535941927293,0.1197786476963578,0.11334211175443051,-0.04865384574102399,0.13043464629963883,0.17908849204066282,5694.516666666666
PORTO VELHO,low_active,low,True,5,0.0043064824535340995,0.4208561152480874,0.4165496327945533,-2.2113967155479486,152.53685486161385,154.7482515771618,-0.0046992712269129724,0.06131426935536257,0.06601354058227554,-0.006149161835041994,2.435716186272202,2.441865348107244,0.0015736060716483868,0.12658658633372472,0.12501298026207633,-0.018933854429504127,0.09298583099230799,0.11191968542181212,5711.216666666666
PORTO VELHO,low_active,low,True,6,-0.000803336354374462,0.4250244511967759,0.42582778755115036,13.999987761014381,146.87865415048117,132.8786663894668,0.018649059791115315,0.07433310856233263,0.05568404877121732,0.02206801917135648,2.4414291909001573,2.419361171728801,-0.009010500009562578,0.13411073251175948,0.14312123252132206,0.048932238418216395,0.1698079830047908,0.12087574458657441,5482.233333333334
PORTO VELHO,low_active,low,True,7,0.012186055381227245,0.41746171089200257,0.4052756555107753,-0.5759481778337658,144.4911668997735,145.06711507760727,0.013536424516051832,0.06901492153192978,0.05547849701587795,0.02119646092445482,2.4349670365131684,2.4137705755887136,0.0002452376240103804,0.1327759286622382,0.13253069103822782,0.07835415185821264,0.18381787129631597,0.10546371943810333,5691.35
PORTO VELHO,low_active,low,True,8,-0.0021833947903242557,0.4258353002943073,0.42801869508463153,-1.9524021722596103,156.31470730893122,158.26710948119083,-0.009221685223589848,0.06283773764537905,0.0720594228689689,-0.017543238265849137,2.408698275199592,2.426241513465441,0.0014103966057045364,0.12040310659132243,0.1189927099856179,-0.06890240447691333,0.11343988578009846,0.1823422902570118,5707.983333333334
PORTO VELHO,low_active,low,True,9,0.0018957012405996232,0.3869761501205575,0.3850804488799579,-12.299317066577203,151.16517623460115,163.46449330117835,-0.0058623800065494835,0.05743549877618083,0.06329787878273031,0.02837733710085466,2.4424834291443305,2.414106092043476,0.008693300287489741,0.12659037115209532,0.11789707086460557,0.0011766365343699944,0.04952490171049165,0.04834826517612165,5647.133333333333
RIO BRANCO,low_active,low,True,0,-0.002839412556422505,0.3933817849333954,0.3962211974898179,1.823634786664826,161.85800496127374,160.0343701746089,0.0037577176384303163,0.05201387902814589,0.04825616138971557,0.018413128276047352,2.41565684768315,2.397243719407103,0.002860687425728814,0.10525910610009949,0.10239841867437068,0.0001027064551470322,0.03448409803457711,0.03438139157943008,3929.2166666666667
RIO BRANCO,low_active,low,True,1,0.00713542757147928,0.3915774562615265,0.38444202869004723,-1.9826953055727472,189.1300784578946,191.11277376346735,-0.0010707836300965015,0.0534110042760779,0.0544817879061744,0.0344703849963337,2.466844873692349,2.4323744886960155,-0.0008991081886866314,0.08332510142528876,0.08422420961397539,-0.006532546341552068,0.02999385872474519,0.03652640506629726,3929.2
RIO BRANCO,low_active,low,True,2,-2.5375162943652718e-05,0.39466745134221376,0.3946928265051574,10.606008804393753,166.40017745680754,155.7941686524138,-0.0007959064192739201,0.048976946702368414,0.049772853121642334,0.05030962300931607,2.438910801797193,2.388601178787877,-0.006081520607294583,0.1046533150928418,0.11073483570013638,-0.0024845552152468336,0.034254350883288424,0.03673890609853526,3929.2
RIO BRANCO,low_active,low,True,3,0.012553082600796739,0.39486107838796464,0.3823079957871679,-14.821909765080818,172.38731829803257,187.2092280631134,0.0007575108491178137,0.05326210320854772,0.052504592359429905,0.004883291723584371,2.4347908932184996,2.4299076014949152,0.009579048845386157,0.09449269324179664,0.08491364439641048,0.007897432588576846,0.035302517616658986,0.02740508502808214,3929.0333333333333
RIO BRANCO,low_active,low,True,4,-0.012894601065630229,0.38192009204886634,0.3948146931144966,-4.0364321452630065,154.32384491138217,158.36027705664517,-0.000163284547109524,0.0480004376863487,0.048163722233458224,0.04093393787674504,2.434877456392893,2.393943518516148,0.009133795538841222,0.1113966472299723,0.10226285169113108,0.0015112558827335143,0.03487891561429182,0.03336765973155831,3929.25
RIO BRANCO,low_active,low,True,5,0.011883309737576564,0.394173968731283,0.38229065899370646,-13.615821813615355,155.67967669474913,169.2954985083645,-0.003316112092683225,0.04533822657197494,0.04865433866465817,-0.007635767061418441,2.4118526750827667,2.419488442144185,0.010897245758328816,0.11336587698983025,0.10246863123150143,0.0030211954894565733,0.030397870780410764,0.02737667529095419,3929.266666666667
RIO BRANCO,low_active,low,True,6,0.0086683902549759,0.39737493376015326,0.38870654350517736,-7.4454025569901034,171.7057677141991,179.15117027118922,0.0026137627158323226,0.052095482822907546,0.049481720107075224,0.004457264989819798,2.4268734001890757,2.422416135199256,0.007498010733228366,0.09583856126750247,0.0883405505342741,-0.002222544905450246,0.030994789196663628,0.033217334102113874,3929.266666666667
RIO BRANCO,low_active,low,True,7,0.009240144742344136,0.3970130570444337,0.38777291230208955,-1.3891970522397514,178.26362219458025,179.65281924682,0.0023025183396037235,0.05003171694420857,0.047729198604604846,0.03379586766063358,2.4535228449213498,2.419726977260716,0.0047430231527699485,0.09382409144393891,0.08908106829116896,0.0002018981597663866,0.03340447103560463,0.03320257287583824,3929.2833333333333
RIO BRANCO,low_active,low,True,8,0.0030392919851860434,0.3969067896137857,0.3938674976285997,4.1659072089798315,176.82927388182918,172.66336667284935,0.006386420350189617,0.05595063504156978,0.049564214691380164,-0.010090157990669368,2.42318600375943,2.4332761617500993,-0.008703959744912476,0.08887576744009724,0.09757972718500972,-0.0074462942091085525,0.028194494556453478,0.03564078876556203,3929.233333333333
RIO BRANCO,low_active,low,True,9,-0.004055689781595484,0.39088247360443606,0.39493816338603155,18.989120118938814,183.0180842197502,164.02896410081138,0.005352245358389018,0.05551341326163319,0.05016116790324417,0.017202200778269283,2.4420043084451675,2.424802107666898,-0.008671191236683654,0.09302925533425983,0.10170044657094349,0.0013677042739701287,0.033585703547041774,0.032217999273071646,3929.2166666666667
SALVADOR,low_active,low,True,0,0.017766214539458536,0.49126641275983013,0.4735001982203716,1.9873363662735244,132.96923975198058,130.98190338570706,0.000584180478161514,0.0696238902976226,0.06903970981946109,0.007073549693347836,2.3701094467744372,2.3630358970810894,-0.003014142076587234,0.13955333277164159,0.14256747484822882,0.034905011222346335,0.06139275059896695,0.026487739376620613,31927.316666666666
SALVADOR,low_active,low,True,1,0.0010851487640027857,0.4772317671643461,0.47614661840034334,4.256689842779366,136.2990477518304,132.04235790905102,0.002107391794864591,0.0697143792953372,0.06760698750047262,0.017457374402403136,2.375837825458125,2.358380451055722,-0.00010461601949993127,0.13937598942164187,0.1394806054411418,0.003573332926051883,0.030278154447272953,0.02670482152122107,32497.066666666666
SALVADOR,low_active,low,True,2,0.01102587455229026,0.4897018281007396,0.47867595354844933,2.832721254458903,138.08067241440222,135.2479511599433,-0.0023422000487804268,0.06861357484917747,0.0709557748979579,0.0034251808510123993,2.3732518964157334,2.369826715564721,-0.003927409134413223,0.13517244649610705,0.13909985563052027,-0.001694618094704177,0.03334206854794373,0.035036686642647905,31986.816666666666
SALVADOR,low_active,low,True,3,0.01564448250624878,0.48771679004398355,0.47207230753773477,-7.224981050523525,136.0489956571689,143.2739767076924,0.004896140281241565,0.07135615890281885,0.06646001862157729,0.005999235281131554,2.368892570840124,2.3628933355589923,0.00879317779078731,0.13884967934056244,0.13005650154977513,0.011059406495816076,0.037264421830255995,0.02620501533443992,32039.95
SALVADOR,low_active,low,True,4,-0.0037531481913452014,0.46895369213656396,0.47270684032790916,1.3744269048021351,136.72035004096475,135.3459231361626,-0.001401974460515945,0.06543112904202887,0.06683310350254482,0.010429794359951394,2.3770788105370984,2.366649016177147,-0.0021215638738343867,0.13596525072056753,0.13808681459440192,-0.006454879019153554,0.025869360004496796,0.03232423902365035,33029.78333333333
SALVADOR,low_active,low,True,5,0.0026871568549108327,0.4895146012200282,0.4868274443651174,3.991689963063152,142.6938183356884,138.70212837262525,-0.00028027531677247974,0.07063608776976765,0.07091636308654013,0.012749068088770077,2.3748517762406367,2.3621027081518666,-0.0020748622952344586,0.1317570103822324,0.13383187267746685,-0.0015977814596446066,0.030310336758380997,0.031908118218025604,32041.1
SALVADOR,low_active,low,True,6,0.002196327280322763,0.48704065487544695,0.4848443275951242,0.5214848609923024,133.4349802069259,132.9134953459336,0.0004547453656982836,0.06849605812503813,0.06804131275933985,0.014753489749819604,2.3771037942865,2.3623503045366805,-0.0006141537795487373,0.1392147132394877,0.13982886701903643,-0.004117983736500561,0.03825691006748497,0.04237489380398553,32467.266666666666
SALVADOR,low_active,low,True,7,0.01109911971903993,0.483065222291348,0.4719661025723081,9.590637695100241,143.43690400863642,133.84626631353618,-0.0007630759974925627,0.068993825491696,0.06975690148918856,0.0028816535059044135,2.364767251095727,2.3618855975898225,-0.008016103317863676,0.1302360332249103,0.138252136542774,-0.008044298856436483,0.03302466447063917,0.04106896332707565,32696.983333333334
SALVADOR,low_active,low,True,8,0.0006000189937384603,0.4711404008303713,0.4705403818366328,-3.8318727775033494,131.91007004125285,135.7419428187562,-0.0011260762314510842,0.07329059419451116,0.07441667042596224,0.0061591458824055145,2.374086612277059,2.3679274663946535,0.004281045350115004,0.14316182448601472,0.13888077913589972,0.0014067884834806782,0.03435331081938999,0.03294652233590931,31760.566666666666
SALVADOR,low_active,low,True,9,-0.007284926737007924,0.4703781651634499,0.4776630919004578,0.9291311935448903,134.11941682772448,133.1902856341796,0.0006033285609989558,0.06853896801649538,0.06793563945549642,0.011082074011859788,2.366100417832541,2.355018343820681,-0.0003826589885045639,0.137469217009105,0.13785187599760956,-0.009446650163826481,0.025838143838925562,0.03528479400275204,32184.333333333332
SAO LUIS,low_active,low,True,0,-0.003822188483360134,0.37172396846515865,0.3755461569485188,-3.9792970514818933,153.59280771577582,157.5721047672577,0.0016141572672703497,0.05898853716284704,0.05737437989557669,0.028379945462238876,2.353036416609984,2.3246564711477453,0.006514508654032164,0.12383697319777984,0.11732246454374767,0.0002356239293137552,0.03096040838323168,0.030724784453917926,14784.033333333333
SAO LUIS,low_active,low,True,1,-0.0030704194856270295,0.370660801943384,0.37373122142901105,-0.18089933273253678,154.7766658370052,154.95756516973773,0.0052587524473778555,0.06045427621935142,0.055195523771973565,0.02364857140659149,2.3576035842047482,2.3339550127981568,0.0038935791485442683,0.12542888998506235,0.12153531083651808,-0.0007479423687241568,0.030041075309869627,0.030789017678593784,14589.65
SAO LUIS,low_active,low,True,2,-0.00029911024220558025,0.3749121094770318,0.3752112197192374,3.1609383091487473,150.66933630844358,147.50839799929483,0.0005939934637698221,0.05716856228929527,0.056574568825525445,0.03190868402072278,2.355496909670947,2.3235882256502243,-0.0010230631037536075,0.12376031783281007,0.12478338093656367,0.0006760265012746569,0.031603151065296625,0.03092712456402197,14836.633333333333
SAO LUIS,low_active,low,True,3,0.001715662917908256,0.36752640955900134,0.3658107466410931,6.037416537631287,148.242647658869,142.20523112123772,0.0018064900772608514,0.055138459942397806,0.053331969865136955,0.008437358048661192,2.3427799822203004,2.334342624171639,-0.006160800192727661,0.12579368295478952,0.13195448314751718,-0.0005091224528702663,0.02961675016507472,0.030125872617944985,14726.8
SAO LUIS,low_active,low,True,4,-0.0017580622250163436,0.37272286395416315,0.3744809261791795,-9.86123751207424,147.23632578919003,157.09756330126427,2.948682881587228e-05,0.05504856888923366,0.055019082060417786,0.026320067490441357,2.3563405318060417,2.3300204643156004,0.010828452414448242,0.12924405258981936,0.11841560017537112,0.0012128016141632891,0.031073779381931635,0.029860977767768346,14729.35
SAO LUIS,low_active,low,True,5,0.002671223941595857,0.37393952907581735,0.3712683051342215,0.33826597682363513,159.34890947266933,159.0106434958457,0.0015733473242425175,0.058341542578732655,0.05676819525449014,0.017269962751153223,2.3426414162014977,2.3253714534503445,0.0015941184594070595,0.1184533745779692,0.11685925611856214,-0.00021324338371113416,0.031081370715622725,0.03129461409933386,14524.983333333334
SAO LUIS,low_active,low,True,6,0.0058911605207720985,0.37626710403464786,0.37037594351387576,15.395271909678314,163.44384037748083,148.0485684678025,0.004639112606908823,0.060468268020696464,0.05582915541378764,0.019707111604482463,2.3562765954684624,2.33656948386398,-0.014239248143704974,0.11390293679741456,0.12814218494111954,0.0009692804202529708,0.03190989007864713,0.030940609658394156,14784.7
SAO LUIS,low_active,low,True,7,-0.0008336136159236562,0.3711071320337966,0.37194074564972024,-0.2274608643600402,148.8808827946994,149.10834365905944,0.007247583323901345,0.0601080059939549,0.05286042267005355,-0.004854957375457047,2.3375768931434537,2.342431850518911,-0.0001606863107068146,0.12697085539992645,0.12713154171063326,0.00020976901789373711,0.03142071579710834,0.031210946779214602,14634.166666666666
SAO LUIS,low_active,low,True,8,-0.007606836092982405,0.3702328434502682,0.3778396795432506,-5.962260431416723,151.18467397758602,157.14693440900274,-0.006512464466288365,0.05488884328266863,0.061401307748956996,0.016386429352105658,2.3535691568417576,2.337182727489652,0.0025999402023841184,0.12199476532424518,0.11939482512186106,-0.0012116130818754026,0.03008076094573022,0.031292374027605624,14829.916666666666
SAO LUIS,low_active,low,True,9,-0.008692638565950928,0.3744440217647644,0.3831366603307153,0.9660309457941878,148.02613088327104,147.06009993747685,-0.00010946492973232247,0.05622394761657086,0.05633341254630318,0.012932059853662636,2.3435979689868467,2.330665909133184,-0.0019553863982524344,0.12653373832042597,0.1284891247186784,0.0008383370929327325,0.030696095462166492,0.02985775836923376,14659.516666666666
TERESINA,low_active,low,True,0,0.009071315660732437,0.37496478994880184,0.3658934742880694,-2.733369299186677,162.94466250753487,165.67803180672155,0.0022670334848078344,0.05623670684267388,0.053969673357866045,0.014722147307394184,2.4173742311390005,2.4026520838316063,0.005779139130927299,0.11791854802548972,0.11213940889456242,-0.0007977544842988904,0.03394902206063515,0.03474677654493404,10873.75
TERESINA,low_active,low,True,1,-0.020248670580129247,0.3708214749838856,0.39107014556401487,6.340656807348353,171.65542594202034,165.314769134672,0.011286522421747776,0.05743475593542762,0.046148233513679845,0.011602620983704348,2.4129148735191324,2.401312252535428,-0.002855137549510181,0.10968786936389138,0.11254300691340156,0.002049357307627925,0.03554632402068713,0.033496966713059205,10800.5
TERESINA,low_active,low,True,2,0.017803844799382462,0.3938696020878866,0.37606575728850417,-10.364720068727479,154.56274124139935,164.92746131012683,-0.019533733901586983,0.04433822950318024,0.06387196340476722,0.021154739332407413,2.418548337326091,2.3973935979936836,0.009105284956921603,0.1257295189186749,0.1166242339617533,-0.0010504235873717571,0.03370564967909818,0.034756073266469935,11355.883333333333
TERESINA,low_active,low,True,3,-0.006869208140590499,0.3802291549760147,0.3870983631166052,2.78334802726215,157.92877553246063,155.14542750519848,0.007140660156412466,0.05074505946787371,0.04360439931146124,0.002679457555679221,2.408616509386957,2.4059370518312777,-0.00426516167170897,0.12002549688651144,0.12429065855822041,-0.0005032471140482761,0.03393008168737534,0.034433328801423614,11162.266666666666
TERESINA,low_active,low,True,4,-0.0006803292201084665,0.38362936743837,0.3843096966584785,4.912311537905367,160.01527578265026,155.1029642447449,0.006640874743794933,0.05033647818814572,0.043695603444350785,0.004807259469769232,2.4244933429644013,2.419686083494632,-0.001250609657953275,0.12309379496323483,0.1243444046211881,-0.001760171237653603,0.031656259143661526,0.03341643038131513,11358.683333333332
TERESINA,low_active,low,True,5,0.014848042670447537,0.38613998168682273,0.3712919390163752,-8.920262612753135,159.81005378485756,168.7303163976107,-0.011046154559452813,0.05059881267140983,0.06164496723086264,0.010303909749020956,2.418240117031433,2.407936207282412,0.009111566815547548,0.12319962242251693,0.11408805560696939,-0.0018220402867522856,0.03322252090157242,0.035044561188324705,11369.283333333333
TERESINA,low_active,low,True,6,-0.007141084844100309,0.3669717282611674,0.3741128131052677,12.777633404940048,163.44149386267685,150.6638604577368,0.007575270376093186,0.05669286858457504,0.049117598208481855,0.018439896334859984,2.406175414270266,2.387735517935406,-0.008458557360115054,0.11665608659482476,0.12511464395493982,0.0009064636038064386,0.034459938867915756,0.03355347526410932,10933.083333333334
TERESINA,low_active,low,True,7,0.01671327961062713,0.3906886318409243,0.37397535223029715,-10.324365195162073,151.419562010855,161.74392720601708,-0.012003882839015559,0.04390439583872164,0.0559082786777372,0.022583714840027636,2.426285571123977,2.4037018562839494,0.01493512307521322,0.12905742744633256,0.11412230437111934,-0.002077517177753549,0.03239171775484218,0.03446923493259573,11354.633333333333
TERESINA,low_active,low,True,8,0.002956547143359689,0.3809990788346081,0.3780425316912484,10.05862709602036,159.11790199961828,149.05927490359792,-0.003566855413438458,0.04679471140049158,0.05036156681393004,0.043682740040601686,2.4292932310156834,2.3856104909750817,-0.0047359144300899575,0.12358807729095038,0.12832399172104034,-0.001550794792911453,0.0320781793325461,0.03362897412545755,11303.433333333332
TERESINA,low_active,low,True,9,0.011155840913337212,0.3807609076262653,0.3696050667129281,-0.01936609670840994,163.40241515267562,163.42178124938403,0.006130895232761641,0.07618471078299179,0.07005381555023014,-0.005235762336604388,2.4023039864949753,2.4075397488315797,0.00021593592160164266,0.11862405701343391,0.11840812109183227,0.0006942295587952577,0.03664312664589044,0.035948897087095186,10272.133333333333
VITORIA,low_active,low,True,0,0.00046674681798114515,0.42615683940527127,0.4256900925872901,9.381307808026435,173.42310855423145,164.041800746205,0.002775413606044788,0.08086864407585014,0.07809323046980535,0.008258441832259766,2.515953917879565,2.507695476047305,-0.0033914993633697293,0.12106564867040782,0.12445714803377755,0.0016106119458238477,0.031867592004537,0.030256980058713155,17648.533333333333
VITORIA,low_active,low,True,1,-0.006878628698804123,0.4230013031910691,0.4298799318898732,1.3179824304532417,163.71566805467663,162.39768562422339,0.0020655358705548854,0.07482525815676984,0.07275972228621495,0.006086426632733399,2.5147643534318482,2.508677926799115,-0.0007635532271505208,0.12518628954378544,0.12594984277093596,0.006981599015949101,0.039261068518588606,0.032279469502639505,17335.933333333334
VITORIA,low_active,low,True,2,-0.013718041397655034,0.4142722727078161,0.4279903141054711,11.48967479812481,179.19527492412053,167.70560012599572,-0.002712351021886439,0.08226426906216955,0.08497662008405599,0.008284182841606924,2.5173576669715514,2.5090734841299445,-0.01261658207272999,0.11149383518282244,0.12411041725555243,-0.0039962711743493605,0.030401489267616173,0.03439776044196553,17504.333333333332
VITORIA,low_active,low,True,3,0.002513571441467577,0.415767245750917,0.4132536743094494,0.24875772698720766,172.10530600626484,171.85654827927763,0.0015737294553449244,0.07528062462630863,0.07370689517096371,0.003098553799453896,2.5186017827060696,2.5155032289066157,0.0010587911557781576,0.1184752927578578,0.11741650160207964,-0.014489351952005333,0.033062267423119976,0.04755161937512531,17139.916666666668
VITORIA,low_active,low,True,4,0.007788965845744011,0.4218412436698644,0.4140522778241204,-2.254051216257352,173.10359666622884,175.3576478824862,-0.0025438716008571866,0.07725149158127732,0.07979536318213451,0.005194999314964477,2.5082790138316895,2.503084014516725,0.005309495754341947,0.11878530751791239,0.11347581176357044,0.0036782471397497005,0.03548977517290432,0.03181152803315462,17638.433333333334
VITORIA,low_active,low,True,5,-0.0048033054657147245,0.4180664577484167,0.42286976321413144,7.258347702512879,175.1695753062968,167.9112276037839,0.0023436480807412924,0.07706665885369474,0.07472301077295344,0.011792076401533791,2.525024920119416,2.513232843717882,-0.004306883648514739,0.11544456516665308,0.11975144881516782,0.00042759106400681174,0.03431888292931441,0.0338912918653076,16999.216666666667
VITORIA,low_active,low,True,6,-0.0045993708584362025,0.4220494058532288,0.426648776711665,3.7102461674470533,173.39622019793708,169.68597403049003,-6.513212619976838e-05,0.08078680496019211,0.08085193708639188,0.012493940482677157,2.515170790885618,2.5026768504029406,-0.002666106344686864,0.11849138034463502,0.12115748668932189,-0.01057943759980659,0.031203252521227902,0.04178269012103449,17173.9
VITORIA,low_active,low,True,7,-0.0027501129516709355,0.41891926711063,0.4216693800623009,9.342823854487335,175.64409184061188,166.30126798612454,-0.008446907107593798,0.07343000797620207,0.08187691508379587,0.03246623290875572,2.5392250968026744,2.5067588638939187,-0.009873528651378638,0.1145312768321463,0.12440480548352494,0.0007516055445693226,0.03387897313585297,0.033127367591283645,17067.466666666667
VITORIA,low_active,low,True,8,-0.005642853495296585,0.41615410274611503,0.4217969562414116,5.60207721904618,176.50439494882036,170.90231772977418,0.0019150491201627429,0.07998899904059109,0.07807394992042835,-0.004321190739017933,2.5094597004593355,2.5137808911983535,-0.0009966000086054638,0.11544355690944769,0.11644015691805315,-0.0016731905462363875,0.03508039557147656,0.03675358611771295,17489.5
VITORIA,low_active,low,True,9,0.0013324726025596978,0.41591769448601795,0.41458522188345825,0.9735031444747619,174.36987590399062,173.39637275951586,0.0014625257065873365,0.07543706637620559,0.07397454066961826,0.003582315810680914,2.5162430860108165,2.5126607702001356,0.0014678793785360827,0.11780722239661688,0.1163393430180808,-0.0036454563275131746,0.03449522330835311,0.03814067963586629,17529.333333333332
ARACAJU,medium_active,medium,True,0,-0.005621617978626425,0.43644558694823476,0.4420672049268612,2.3201768923785835,175.96555439989103,173.64537750751245,-0.005148659306805581,0.08027211034878722,0.0854207696555928,0.004358120935770149,2.517391111119869,2.5130329901840986,-0.001335313391562759,0.11289736991262854,0.1142326833041913,-0.03407484615906406,0.03318274440942366,0.06725759056848772,9363.333333333334
ARACAJU,medium_active,medium,True,1,-0.001723259425733148,0.4289804412303852,0.43070370065611835,-2.2041197567626796,165.1062489057258,167.3103686624885,-0.002899439581351332,0.07622704750339371,0.07912648708474504,0.014070349773915858,2.513038054877105,2.498967705103189,-0.0011909966799865945,0.11955051203654345,0.12074150871653004,0.001659196263810555,0.032002861433482306,0.03034366516967175,9419.716666666667
ARACAJU,medium_active,medium,True,2,-0.01701066229251147,0.4441833816891176,0.46119404398162905,6.662341631696819,165.84214523665605,159.17980360495923,-0.004551335808283541,0.08061946878961114,0.08517080459789468,-0.002741085307687907,2.5133864821524865,2.5161275674601744,-0.0077632316938825024,0.12081035036474745,0.12857358205862995,-0.03113338846826504,0.029215100109915907,0.060348488578180946,9426.616666666667
ARACAJU,medium_active,medium,True,3,0.025002029154876204,0.448565667011718,0.4235636378568418,0.8649818994399823,166.00027895342194,165.13529705398196,0.011958835924269981,0.08119469310959633,0.06923585718532635,0.017867396397438284,2.5195047758151876,2.5016373794177493,-0.0006888456509169943,0.11768035982423276,0.11836920547514976,0.005237131879657662,0.035467244509603806,0.030230112629946144,9251.833333333334
ARACAJU,medium_active,medium,True,4,0.01152997733897032,0.4290416958130026,0.4175117184740323,2.726556804194587,175.51378938702956,172.78723258283497,-0.004189198821194201,0.07255588641462273,0.07674508523581693,0.0007597126372238527,2.512929790957407,2.512170078320183,-0.00026185239656641157,0.10866966132900131,0.10893151372556772,0.002634098402000594,0.031149121004014294,0.0285150226020137,9493.133333333333
ARACAJU,medium_active,medium,True,5,-0.005356983302624796,0.436806923598641,0.4421639069012658,-9.356462616958623,171.69589092603255,181.05235354299117,-0.005509349235997593,0.07708148711986573,0.08259083635586333,-0.007268808170927343,2.5141692744023927,2.52143808257332,0.009309216650574229,0.11280297472090205,0.10349375807032782,-0.003965839628793655,0.03263684747781162,0.036602687106605275,9374.816666666668
ARACAJU,medium_active,medium,True,6,0.0017922529586913982,0.4516148083898811,0.4498225554311897,4.131582488090459,179.5595187315783,175.42793624348784,-0.0057834065215791736,0.0774055707392003,0.08318897726077948,0.019379926696216465,2.5171333093426074,2.497753382646391,-0.004743077712784885,0.10757526533878761,0.1123183430515725,-0.008755754499512942,0.032528749198953974,0.041284503698466916,9570.983333333334
ARACAJU,medium_active,medium,True,7,-0.01933659287181988,0.4222686344620406,0.4416052273338605,-2.56716780241743,169.3970042889783,171.96417209139574,-0.007521594544443774,0.07493121303890833,0.0824528075833521,-0.0003982088071898815,2.515279301112445,2.5156775099196347,0.001982972247270301,0.1152848483479063,0.113301876100636,-0.010287799913178942,0.02966636879469097,0.039954168707869914,9470.166666666666
ARACAJU,medium_active,medium,True,8,-0.006016696745914651,0.43388932032173255,0.4399060170676472,-11.885622863831486,164.8565469870555,176.742169850887,-0.0003517790025293066,0.07764721621808723,0.07799899522061654,0.0042792185300801755,2.514679364845811,2.510400146315731,0.014421888605400016,0.1224318143143329,0.10800992570893289,0.0002764210015245433,0.03216973124626958,0.03189331024474504,9433.116666666667
ARACAJU,medium_active,medium,True,9,-0.024739975692455674,0.42181137131695734,0.446551347009413,6.382684230025291,182.473247317925,176.0905630878997,-0.0016760647468578582,0.08114623030852308,0.08282229505538094,0.020544184703102264,2.5233251877637164,2.502781003060614,-0.001930558124784043,0.10586597141037174,0.10779652953515578,-0.00817916609216256,0.029858679660712924,0.038037845752875485,9386.066666666668
BELO HORIZONTE,medium_active,medium,True,0,0.013753665583010388,0.6207860751996103,0.6070324096165999,3.879720716167242,163.8071416853078,159.92742096914057,-0.0016653555236749024,0.07147580803451406,0.07314116355818896,0.006180996887774182,2.544811368130991,2.538630371243217,-0.004891830577430173,0.12751200893065465,0.13240383950808482,0.0011187409579268975,0.028639874464902074,0.027521133506975177,48648.75
BELO HORIZONTE,medium_active,medium,True,1,-0.02378149561001308,0.6023397625295825,0.6261212581395956,2.895755870682109,154.59247634092642,151.69672047024432,-0.002799817948153982,0.07193099567770861,0.07473081362586259,-0.0047796259513877,2.5330073493376206,2.5377869752890083,-0.0030627927473482475,0.13543971162579696,0.1385025043731452,-0.000976077771221634,0.027924249644356986,0.02890032741557862,49217.4
BELO HORIZONTE,medium_active,medium,True,2,-0.014030580604088794,0.5991470748620563,0.6131776554661451,3.1447594695129055,154.6666920644952,151.5219325949823,0.0015456562666263246,0.07346757361815913,0.0719219173515328,0.0025084719997767735,2.541982271210331,2.5394737992105543,-0.0007754744393198287,0.1354656312635754,0.13624110570289522,-0.0007210138220959776,0.027376422485232296,0.028097436307328274,49247.48333333333
BELO HORIZONTE,medium_active,medium,True,3,0.003736149819609569,0.6169443289682701,0.6132081791486605,1.6641546564997043,152.93541838547566,151.27126372897595,-0.0019162445284503088,0.07169068366595781,0.07360692819440812,-0.004688147353443917,2.536418146599594,2.541106293953038,-0.0036466155451201354,0.13570638337151122,0.13935299891663136,-0.00027196509786903134,0.02829984895002483,0.02857181404789386,48785.433333333334
BELO HORIZONTE,medium_active,medium,True,4,0.0363961542922584,0.635813712518584,0.5994175582263256,-1.6143995773723816,153.38722984152201,155.0016294188944,0.0033321693326452823,0.07248476376935441,0.06915259443670912,-0.0031237884339820887,2.53910841195433,2.542232200388312,0.00279916168308067,0.1377745006872221,0.13497533900414144,-0.000220266758841927,0.0288857502246677,0.029106016983509626,48453.53333333333
BELO HORIZONTE,medium_active,medium,True,5,-0.009872469283420338,0.6198187233274871,0.6296911926109074,-1.2741286953568363,155.53945140639476,156.8135801017516,0.0012902623860986534,0.07042061591634144,0.06913035353024279,0.0031284900606292076,2.54672788791505,2.543599397854421,0.0002012083743200832,0.13307097023239622,0.13286976185807614,-2.7971004433396257e-05,0.02888549339772575,0.028913464402159146,48537.55
BELO HORIZONTE,medium_active,medium,True,6,0.011234548369505215,0.6127735624906766,0.6015390141211714,-4.228043769575805,153.10034868998667,157.32839245956248,0.001963266896517088,0.07233157342250275,0.07036830652598566,0.002717094238608553,2.541169452827041,2.5384523585884327,0.0038116489985810798,0.13695495125838378,0.1331433022598027,0.0003650691505251748,0.028041399128149076,0.0276763299776239,48670.03333333333
BELO HORIZONTE,medium_active,medium,True,7,-0.005257479904000606,0.6149115496966898,0.6201690296006904,1.2317460394721138,152.50046574327862,151.2687197038065,-0.0005633709370036905,0.06843136469580081,0.0689947356328045,0.0021652428777847454,2.539393421590607,2.537228178712822,-0.0002977125735851849,0.13710431900360434,0.13740203157718953,-0.0001767408880318025,0.02775421915979531,0.02793096004782711,48781.333333333336
BELO HORIZONTE,medium_active,medium,True,8,-0.01675194610593478,0.5995508320550742,0.616302778161009,-1.2913948406433065,156.7524496242867,158.04384446493,-0.0038241624514050443,0.07183315137555828,0.07565731382696332,0.004571632573527218,2.5424219833610504,2.537850350787523,0.0007408414880108183,0.13397891337368878,0.13323807188567796,-0.0002651242917169165,0.02813148516519057,0.028396609456907487,49522.066666666666
BELO HORIZONTE,medium_active,medium,True,9,0.0035700932596446355,0.6231816822859471,0.6196115890263024,7.592120169747233,160.76723151691422,153.175111347167,-0.0028569055253637315,0.06974857229349841,0.07260547781886215,0.006081318231706767,2.5420473753406245,2.5359660571089178,-0.007114038522591848,0.12926731982168968,0.13638135834428153,0.0007260751972705849,0.028691034635601943,0.02796495943833136,49228.433333333334
BOA VISTA,medium_active,medium,True,0,-0.003171091676502702,0.39078023764450387,0.39395132932100657,-9.823126290787513,189.8409645294818,199.6640908202693,0.0008405507210803367,0.0625519942876517,0.06171144356657136,-0.006872861296096211,2.5539698191051126,2.5608426804012088,0.010136469637092,0.10282744402048914,0.09269097438339714,0.004171019371020657,0.3717897985949958,0.3676187792239751,6480.066666666667
BOA VISTA,medium_active,medium,True,1,-0.006731699391524182,0.40088552348370865,0.40761722287523283,12.870040885898703,191.29165458209076,178.42161369619205,-0.01092147528060728,0.05881463319549254,0.06973610847609982,0.05610942221660986,2.5766683276858724,2.5205589054692625,-0.007701791686342704,0.10179033787822202,0.10949212956456472,-0.022846134489031222,0.3344903658094356,0.3573365002984668,6476.466666666666
BOA VISTA,medium_active,medium,True,2,-0.009953850908344664,0.386411040476862,0.39636489138520664,-7.470561194344327,172.75402720814841,180.22458840249274,-0.0044269118153079726,0.05619275653267781,0.06061966834798578,0.036901641401364316,2.537277260162784,2.50037561876142,0.007006975301273782,0.11603860838081087,0.10903163307953709,-0.05596482786995327,0.2785336843824368,0.3344985122523901,6481.9
BOA VISTA,medium_active,medium,True,3,-0.006956933776097629,0.3938173102844915,0.40077424406058915,-2.9126808290356223,187.7499887345188,190.66266956355443,0.0005201456072877197,0.0637521570668447,0.06323201145955698,-0.011229113017780179,2.55201296142669,2.5632420744444704,-0.005310578838541621,0.1003960668349242,0.10570664567346583,-0.0003326604581741499,0.34370791970847253,0.3440405801666467,6478.8
BOA VISTA,medium_active,medium,True,4,-0.0033066760691468633,0.39852120987346407,0.40182788594261093,9.641371321635233,205.00804986237375,195.36667854073852,0.010166153531750904,0.07613687612774249,0.06597072259599158,0.03668877248680058,2.5620856894356154,2.525396916948815,-0.0028284090928328287,0.0864781634475458,0.08930657254037863,0.005032105775548135,0.39415065451694964,0.3891185487414015,6482.4
BOA VISTA,medium_active,medium,True,5,-0.011703572555318509,0.3885721692820153,0.40027574183733383,10.134332044562825,183.00144494120175,172.86711289663893,0.0065065313873337235,0.06150653660617475,0.055000005218841026,-0.019887425088177757,2.537879829260767,2.5577672543489447,-0.0079905544848419,0.10954584133995764,0.11753639582479954,-0.003957695963920427,0.31741882847496133,0.32137652443888176,6477.883333333333
BOA VISTA,medium_active,medium,True,6,0.018937127182388658,0.3994928417021759,0.38055571451978726,-14.252930402593506,169.99605205728747,184.24898245988098,0.015620069168277705,0.06998346408932767,0.05436339492104996,-0.01820030107520365,2.5156517681282105,2.533852069203414,0.011335708546025766,0.11592730749280353,0.10459159894677776,0.13540980518623863,0.40956302666309174,0.2741532214768531,6472.016666666666
BOA VISTA,medium_active,medium,True,7,0.010110684364298461,0.4021234350878266,0.39201275072352815,-13.85920329677711,171.60868149512098,185.4678847918981,-0.00648801374889587,0.05817974736218127,0.06466776111107714,-0.03064267078165095,2.5042235814588483,2.534866252240499,0.01368083170267391,0.11478275385620469,0.10110192215353078,0.006020319957790399,0.35857379996101973,0.35255348000322934,6482.983333333334
BOA VISTA,medium_active,medium,True,8,-0.014564990194983307,0.38115268490964804,0.39571767510463135,7.082894317279511,185.4057852829715,178.32289096569198,-0.0056311213241559965,0.05390688017192261,0.05953800149607861,0.02324404915537004,2.5681346489474657,2.5448905997920956,-0.004125411787774327,0.10760561412797204,0.11173102591574637,-0.043032036747298386,0.29104727801069324,0.33407931475799163,6481.516666666666
BOA VISTA,medium_active,medium,True,9,0.008275955358330034,0.40333585560877505,0.395059900250445,-5.029807228592432,185.6272517835249,190.65705901211734,0.007940175558705777,0.05964046926109215,0.05170029370238637,-0.00811344947875492,2.5416869881666657,2.5498004376454206,0.005755196520731365,0.10449994989059541,0.09874475336986405,0.08081907532143062,0.37268274808608126,0.29186367276465064,6479.333333333333
BRASILIA,medium_active,medium,True,0,0.010769947023799076,0.4589891381869718,0.4482191911631727,-9.252097990261376,192.49508643431602,201.7471844245774,-0.005778666455471426,0.09245537008647488,0.0982340365419463,0.010488376499780294,2.701450603803581,2.6909622273038005,0.008612855435394473,0.10279884009448462,0.09418598465909014,-0.0009425235293353679,0.03408578847388684,0.035028312003222206,41316.683333333334
BRASILIA,medium_active,medium,True,1,-0.000332889775064793,0.45273232581224215,0.45306521558730695,-1.6717415814426886,194.9197221593916,196.59146374083429,0.002662737073265642,0.10004323023341302,0.09738049316014738,-0.0024328206896413462,2.6782340579403274,2.6806668786299688,0.0008304410042699328,0.10021884092525492,0.09938839992098498,-0.00033886908752480543,0.03472606465271677,0.035064933740241576,39026.333333333336
BRASILIA,medium_active,medium,True,2,0.0005478578062367845,0.44673484019277476,0.446186982386538,1.2308932709536862,201.30930498629934,200.07841171534565,-0.000863622218197288,0.0923633588341805,0.09322698105237778,0.014053922345427683,2.7048569983464557,2.690803076001028,-0.000641385832900021,0.09559942199507307,0.09624080782797309,-0.0001889002950141716,0.034135082459531264,0.034323982754545436,40118.333333333336
BRASILIA,medium_active,medium,True,3,-0.008787188009362346,0.4461929328416773,0.45498012085103967,4.428524681423113,197.88759546588625,193.45907078446314,-0.002361578403726805,0.1002271463006343,0.1025887247043611,0.009649050579356278,2.6897832844808587,2.6801342339015024,-0.0007560326996216837,0.09933423643621163,0.10009026913583331,-0.00013932753502600426,0.03460986448510999,0.034749192020135995,39596.35
BRASILIA,medium_active,medium,True,4,-0.016461056966467602,0.44176796805153384,0.45822902501800145,3.3487562851655355,197.66840439779767,194.31964811263214,0.001779151423189601,0.10024126531669891,0.09846211389350931,0.006851654675914087,2.6892686051464847,2.6824169504705706,-0.00334120637009111,0.09785333320515369,0.1011945395752448,0.0005015549794943758,0.03476906413860867,0.03426750915911429,39823.666666666664
BRASILIA,medium_active,medium,True,5,-0.00838137235276848,0.4454853892630457,0.4538667616158142,-2.866868099434896,196.23146826920166,199.09833636863655,0.0016014647757676276,0.10100039269224262,0.09939892791647499,-0.0005967193290437045,2.685210051546165,2.685806770875209,0.004070387589241525,0.099986233037327,0.09591584544808547,0.0011825991011049433,0.03588662575124571,0.03470402665014077,39141.083333333336
BRASILIA,medium_active,medium,True,6,0.0017378525439220027,0.4514793583759475,0.4497415058320255,0.8220205588729073,198.07849688930165,197.25647633042874,-0.002472602185643963,0.09689468379592552,0.09936728598156948,-0.005097862014769028,2.681718935301004,2.686816797315773,-0.0012372133433620758,0.09941547789021742,0.10065269123357949,3.908338449992027e-05,0.03509510269389932,0.0350560193093994,39459.38333333333
BRASILIA,medium_active,medium,True,7,0.0019591954737918638,0.45478380671089447,0.4528246112371026,4.059243689507099,197.48205342541993,193.42280973591284,0.007570104340471853,0.10525105144607189,0.09768094710560003,0.012129852170302602,2.695784936424019,2.6836550842537163,-0.001541634234426159,0.0988790785145778,0.10042071274900397,0.0007680478609264907,0.03572841271413358,0.03496036485320709,39574.86666666667
BRASILIA,medium_active,medium,True,8,0.0013359303909329934,0.451530218828116,0.450194288437183,6.074724489781033,198.4441091574783,192.36938466769726,-0.003120702784489615,0.09588004924447181,0.09900075202896143,0.009033343411642747,2.6931329269946063,2.6840995835829635,-0.0029991071882577436,0.09784204331804545,0.1008411505063032,0.00034663679235182043,0.03453926292454856,0.034192626132196736,39699.416666666664
BRASILIA,medium_active,medium,True,9,-0.007452101859899918,0.44546562672137563,0.45291772858127555,-4.410406042128841,192.11237680028879,196.52278284241763,-0.010077672341165272,0.09073663270054741,0.10081430504171268,-0.002935735990433397,2.692534626450136,2.6954703624405694,0.004781694963552477,0.10297611636232697,0.09819442139877449,-0.0017248408261655787,0.033770769196720236,0.035495610022885815,40651.333333333336
CAMPO GRANDE,medium_active,medium,True,0,0.00620109000237834,0.38034886305099885,0.3741477730486205,5.70197637581137,173.51527708298573,167.81330070717436,0.003632746295135582,0.05358959333330909,0.049956847038173505,0.018007730384423493,2.671691621014687,2.6536838906302633,-0.0004994715748637968,0.12646248816710595,0.12696195974196975,0.00012037356770418228,0.03682470987123528,0.0367043363035311,10237.183333333332
CAMPO GRANDE,medium_active,medium,True,1,-0.003929869403373865,0.3721751668574536,0.3761050362608275,13.395734108480042,189.3881015628387,175.99236745435866,0.0005862402675619188,0.052535951429101495,0.051949711161539576,-6.373991735486584e-05,2.669459480730532,2.669523220647887,-0.010071280943524608,0.11108569473746195,0.12115697568098656,0.0009441841597283215,0.03733264987232945,0.036388465712601126,10238.666666666666
CAMPO GRANDE,medium_active,medium,True,2,0.011102970778123056,0.38430420691163647,0.3732012361335134,-11.95228898259623,173.54925823667344,185.50154721926967,-0.004398096007497965,0.05013496258521289,0.054533058592710855,0.002067233353298281,2.6723982029059425,2.6703309695526443,0.0065921708717790045,0.12405989684387057,0.11746772597209157,-0.00025171485073307437,0.03618154189833522,0.0364332567490683,10238.516666666666
CAMPO GRANDE,medium_active,medium,True,3,-0.001134406549276934,0.37912688485385326,0.3802612914031302,-13.415412034139536,171.79873411196618,185.21414614610572,-0.0029837405975049955,0.0528666637778344,0.0558504043753394,-0.009081622023641156,2.663864658580165,2.672946280603806,0.010774524893202617,0.12391487677851155,0.11314035188530894,-0.00042403974691764684,0.03580837800116224,0.036232417748079886,10239.416666666666
CAMPO GRANDE,medium_active,medium,True,4,-0.002998966169828865,0.37341994173435583,0.3764189079041847,-7.989741728766546,177.7412233178738,185.73096504664034,0.0018401890346616684,0.055794297851442305,0.05395410881678064,-0.01624076854105283,2.6670697177961573,2.68331048633721,0.0072557166074537355,0.12461010311530697,0.11735438650785324,-0.0008002566839524147,0.03654899777145568,0.03734925445540809,10237.983333333334
CAMPO GRANDE,medium_active,medium,True,5,0.005491448422328349,0.37956987305330236,0.374078424630974,-6.753737593435858,169.17957349157868,175.93331108501454,0.00023749564040460164,0.05185136050312363,0.05161386486271903,0.011178198725010802,2.683976505643638,2.672798306918627,0.010040812337900856,0.1298596094766365,0.11981879713873564,0.0019445812159217951,0.0369777767151797,0.0350331954992579,10238.366666666667
CAMPO GRANDE,medium_active,medium,True,6,-0.01245009514206108,0.36510304101839336,0.37755313616045444,-2.2932849883610515,172.55287986702305,174.8461648553841,-0.00349665425805,0.048841958455558505,0.052338612713608505,0.013330237313881721,2.6740225500586465,2.660692312744765,0.005093569435174236,0.12691413667308915,0.12182056723791491,0.00019780908703256883,0.035693463742438536,0.03549565465540597,10239.266666666666
CAMPO GRANDE,medium_active,medium,True,7,-0.010812867405879945,0.3686892205262584,0.37950208793213835,23.181689165596055,192.4514567296361,169.26976756404005,0.0007375229017242968,0.0521465368293435,0.0514090139276192,0.02339712175641262,2.6784454116476035,2.655048289891191,-0.019263295862573956,0.11025727792573702,0.12952057378831097,0.0008890983178604442,0.0375313272026412,0.036642228884780755,10236.65
CAMPO GRANDE,medium_active,medium,True,8,0.0041897968997891555,0.38242849186902655,0.3782386949692374,-9.771476083343117,169.36327173005415,179.13474781339727,0.0015785515359485122,0.05339860535930463,0.05182005382335612,-0.0181386455289414,2.665139408516943,2.6832780540458843,0.005527225821764098,0.1281366351329869,0.1226094093112228,-0.000868166475714964,0.03643774780942402,0.037305914285138984,10238.2
CAMPO GRANDE,medium_active,medium,True,9,-0.0060654884725803715,0.3713503701696733,0.3774158586422537,22.811203496084886,195.25025102022886,172.43904752414397,0.0031987692969641657,0.05471058592778994,0.051511816630825775,0.022767853867682764,2.690384208646749,2.6676163547790663,-0.017983100001846178,0.10867871808710867,0.12666181808895485,-0.0010370713031529755,0.03581329374885426,0.036850365052007235,10238.233333333334
CURITIBA,medium_active,medium,True,0,0.019562882132848958,0.49997557251600055,0.4804126903831516,0.6397552030454676,159.43807384831135,158.79831864526588,-0.0008048436485067062,0.06921811103094445,0.07002295467945116,0.009100084267175124,2.5339466264478263,2.524846542180651,0.0009288860539558852,0.1327713561887463,0.13184247013479042,0.002029396524718459,0.034205197700292206,0.03217580117557375,31869.65
CURITIBA,medium_active,medium,True,1,-0.004323440403695533,0.48197114656577056,0.4862945869694661,-2.677724753209219,155.0360102498792,157.71373500308843,-0.0002403000108930492,0.06673254010304701,0.06697284011394006,0.008399113362759891,2.5388342208953394,2.5304351075325795,0.0029530439703722156,0.13667157237174002,0.1337185284013678,0.0012754858653541215,0.03365925805921212,0.032383772193858,32020.033333333333
CURITIBA,medium_active,medium,True,2,0.021725175283118847,0.5026622885320199,0.48093711324890104,-1.487447051366047,156.8025388433449,158.28998589471095,-0.0002843215729246007,0.06918991292491605,0.06947423449784065,0.010332567256367664,2.5367208333847797,2.526388266128412,0.000947470946351725,0.13417134144464196,0.13322387049829024,7.08824109294584e-05,0.03283659347200609,0.03276571106107663,32173.2
CURITIBA,medium_active,medium,True,3,0.019158212421801823,0.4947032061881134,0.4755449937663116,-2.593746119340892,160.0449966687069,162.63874278804778,-0.0001513466211870984,0.06929921765538387,0.06945056427657097,-0.002481625253740738,2.531926795107729,2.5344084203614696,-0.0015162970408580112,0.13025179482713894,0.13176809186799696,0.0006682982399565801,0.033720063437282975,0.033051765197326395,32313.933333333334
CURITIBA,medium_active,medium,True,4,0.011663756908960654,0.4847781884352567,0.47311443152629606,-3.9729600172144615,152.85583187094235,156.82879188815681,0.001178534486867125,0.06906393557068594,0.06788540108381881,0.01915271662110385,2.5381704528494953,2.5190177362283914,0.0034061702658346182,0.13783031114732494,0.13442414088149032,-0.0017571348595511113,0.0320852407613982,0.033842375620949314,31926.233333333334
CURITIBA,medium_active,medium,True,5,-0.007721934854054147,0.4727219585609813,0.48044389341503546,-2.113917978613898,161.02022248885683,163.13414046747073,-0.001679076981020905,0.06779433775005742,0.06947341473107832,0.00724441166924672,2.5434329388598362,2.5361885271905895,0.0035936703741542286,0.1327733715286901,0.12917970115453586,-0.0006414676280732945,0.03223353218576242,0.032874999813835716,32346.633333333335
CURITIBA,medium_active,medium,True,6,-0.009697022296141666,0.4817765350119688,0.4914735573081105,6.787055171866143,160.65373863988674,153.8666834680206,0.0012165101955194657,0.07031092993122036,0.0690944197357009,-0.0028380434219332784,2.5306332631051722,2.5334713065271055,-0.007166600913965954,0.13051273750660222,0.13767933842056818,-0.0012485983355244243,0.03252054060134805,0.03376913893687247,32121.283333333333
CURITIBA,medium_active,medium,True,7,-0.01682059026711058,0.4704852891146679,0.4873058793817785,5.35957083029345,156.42642934117643,151.06685851088298,0.0010022632284206467,0.06653539373903684,0.0655331305106162,0.0016373083272953615,2.5329374221953174,2.531300113868022,-0.005320070890827255,0.13370105005325542,0.13902112094408267,-0.0014666206732969062,0.030736859983705414,0.03220348065700232,32448.333333333332
CURITIBA,medium_active,medium,True,8,0.02490286094737254,0.5012334051792282,0.47633054423185567,-4.673480935203827,151.4085693494107,156.08205028461452,-0.0012925024660929568,0.06568979788661332,0.06698230035270628,-0.002700683112473179,2.532189872807585,2.5348905559200583,0.003391947453633609,0.13778985320869766,0.13439790575506405,0.001518127032975207,0.03323106789686806,0.031712940863892855,32268.716666666667
CURITIBA,medium_active,medium,True,9,-0.013497571092608462,0.4839313649906487,0.49742893608325717,-2.966530872196529,159.8447619707952,162.81129284299172,-0.002549045482920939,0.06642165250639588,0.06897069798931682,-0.003350546362101081,2.531582274549371,2.534932820911472,0.001675511939676938,0.1315508551229089,0.12987534318323196,0.0004924799683741071,0.03362022145927599,0.033127741490901884,31969.866666666665
FLORIANOPOLIS,medium_active,medium,True,0,0.019596403002891616,0.44670854116478587,0.42711213816189425,-0.8117732897191843,195.5923991655815,196.40417245530068,-0.0009438003456752608,0.06440380146188858,0.06534760180756384,0.029078472077033624,2.6290956492568727,2.600017177179839,-0.00043608015294986646,0.10983186838325383,0.1102679485362037,0.0004945478254984315,0.03141718855430229,0.03092264072880386,12093.883333333333
FLORIANOPOLIS,medium_active,medium,True,1,-0.016595748889873918,0.44094683710808574,0.45754258599795966,-7.275691485265895,194.03980191912243,201.31549340438832,-0.006498564554185293,0.06818651759339443,0.07468508214757973,0.0012143221099538692,2.60878943904686,2.607575116936906,0.000667797470784548,0.11100349354532449,0.11033569607453994,-0.0009844212802080851,0.03262443862290863,0.03360885990311672,13341.75
FLORIANOPOLIS,medium_active,medium,True,2,-0.019325244610841563,0.43833594971559703,0.4576611943264386,5.142112982876512,208.26297696400218,203.12086398112567,-0.002983289917287288,0.07049647204933444,0.07347976196662173,0.027489795075565482,2.6342126604275693,2.606722865352004,-0.0012559907344784904,0.1059665709240553,0.10722256165853379,-0.003531283881825255,0.030689929247795997,0.03422121312962125,12829.3
FLORIANOPOLIS,medium_active,medium,True,3,-0.003957830919862959,0.45943663339773416,0.4633944643175971,-3.14851800248627,200.82058212569967,203.96910012818594,0.005046456833659493,0.07153905149034305,0.06649259465668356,-0.017517738026576968,2.6073324192150076,2.6248501572415845,-0.001171754259014099,0.10639857619432064,0.10757033045333474,0.0024510699476773742,0.03402280562735594,0.03157173567967857,12970.533333333333
FLORIANOPOLIS,medium_active,medium,True,4,0.02162132567990266,0.4567988894618761,0.4351775637819734,4.98295830777937,210.00657571524394,205.02361740746457,-0.006199421281335563,0.0739284114502387,0.08012783273157427,0.007294021906896209,2.625834020993601,2.6185399990867047,-0.006211913623479698,0.09987585228142125,0.10608776590490095,0.001974986233478186,0.03323548003135787,0.031260493797879686,12507.4
FLORIANOPOLIS,medium_active,medium,True,5,0.0023636759438857013,0.4505096184166508,0.4481459424727651,-5.74733151635121,194.87281481732893,200.62014633368014,-0.0022268836653559637,0.06483051874569858,0.06705740241105454,0.006698558433682056,2.6129505874133474,2.6062520289796653,0.002251289553850691,0.10887000721299475,0.10661871765914406,-0.00070874846485839,0.03155281024740603,0.03226155871226442,12523.05
FLORIANOPOLIS,medium_active,medium,True,6,-0.007384511923104908,0.4558030364939673,0.4631875484170722,3.9227190796706566,203.85629884854703,199.93357976887637,-0.008695893401463123,0.06045206372140831,0.06914795712287143,-0.0026233733379350532,2.604450739569998,2.607074112907933,-0.0007738810563738957,0.10542588108250261,0.10619976213887651,-0.002329549104841868,0.031020976254518825,0.03335052535936069,13625.383333333333
FLORIANOPOLIS,medium_active,medium,True,7,0.005547851523300951,0.4553401479633388,0.4497922964400379,1.089067635080056,196.8617750757056,195.77270744062554,0.00025856092765895455,0.07211885395919237,0.07186029303153342,0.013266746955375108,2.601399790594176,2.588133043638801,-0.0024305506425580797,0.11080174803524016,0.11323229867779824,0.001155872554178733,0.03375507137103621,0.03259919881685748,13315.2
FLORIANOPOLIS,medium_active,medium,True,8,-0.04111500987585154,0.4506270408477542,0.4917420507236057,-6.595989112122993,188.55670406347335,195.15269317559634,-0.004699827436599052,0.06915312014564165,0.0738529475822407,-0.003737366174493051,2.5976154762060384,2.6013528423805314,0.0015408318625605988,0.11531939822983149,0.11377856636727089,-0.0011014386244209903,0.03351616404299774,0.03461760266741873,12537.433333333332
FLORIANOPOLIS,medium_active,medium,True,9,0.0019739034145761503,0.4378391254024217,0.43586522198784555,0.46305023169173865,196.0011134516847,195.53806321999295,0.00019450491851435991,0.07093279028133369,0.07073828536281933,-0.015740138226038702,2.616675161511499,2.632415299737538,-0.0034327332336551303,0.10978578008313886,0.11321851331679399,-0.0010561277656225936,0.03122034283963006,0.032276470605252655,12161.783333333333
FORTALEZA,medium_active,medium,True,0,0.000334235706287489,0.4719357424753021,0.47160150676901463,1.6408170182037054,167.7882417007455,166.14742468254178,0.0104632355927166,0.08951638385158654,0.07905314825886994,-0.0018871040642243209,2.4827452477447536,2.484632351808978,-9.456862676181232e-05,0.11317741976339575,0.11327198839015756,0.023907274095732747,0.09537891607137103,0.07147164197563828,34057.26666666667
FORTALEZA,medium_active,medium,True,1,-0.004698614522887445,0.4714985456425059,0.4761971601653933,10.380762124702358,180.23902516909186,169.8582630443895,0.016828903988894722,0.10239551584885905,0.08556661185996432,0.01325306109161195,2.4876989764417883,2.4744459153501763,-0.007088185592338897,0.10422109850300015,0.11130928409533905,0.08719691091740799,0.17412848247869672,0.08693157156128874,34120.78333333333
FORTALEZA,medium_active,medium,True,2,-0.010980614988334747,0.46796138459491804,0.4789419995832528,6.942847760058697,180.50172988409722,173.55888212403852,-0.0015311781998152973,0.08783026638999636,0.08936144458981166,0.01620030127208283,2.4930513990730137,2.476851097800931,-0.004652424672493091,0.10527163289500316,0.10992405756749625,-0.015349408121087538,0.09969184640043811,0.11504125452152565,34819.816666666666
FORTALEZA,medium_active,medium,True,3,-0.00326722228988674,0.4807506846474513,0.48401790693733804,12.660448722214113,178.93529045299076,166.27484173077664,0.0028939227132769585,0.09477435029394732,0.09188042758067036,0.020593267318834485,2.487099215740178,2.4665059484213434,-0.006586756793977716,0.10516617785647207,0.11175293465044979,0.015713404077832588,0.145369755393082,0.1296563513152494,34442.916666666664
FORTALEZA,medium_active,medium,True,4,-0.0029316867276851233,0.476602003428101,0.4795336901557861,-0.4698342955596502,177.29379850363844,177.7636327991981,-0.00449709546556408,0.09512406701690906,0.09962116248247314,0.00680209853050906,2.484363423570197,2.4775613250396877,-0.0013075714349709971,0.10727990096091386,0.10858747239588486,-0.02183525602779654,0.1367676924700664,0.15860294849786294,33849.61666666667
FORTALEZA,medium_active,medium,True,5,0.0030197295010199188,0.47954596346689665,0.47652623396587673,3.9107924323943166,177.2786792547711,173.3678868223768,0.006041430902188866,0.09577049931351772,0.08972906841132886,0.004245125612072798,2.479800098478394,2.475554972866321,-0.0014089725468394293,0.10863466687338758,0.110043639420227,0.07849168802703305,0.16357360721151953,0.08508191918448649,34285.916666666664
FORTALEZA,medium_active,medium,True,6,0.008095922022128499,0.4798374919761031,0.4717415699539746,5.04543901955239,166.76771746933954,161.72227844978715,0.006360981793917392,0.08997936909154317,0.08361838729762577,0.012842180101007017,2.484345647275059,2.471503467174052,-0.004195110154193313,0.11403785560575201,0.11823296575994532,0.06727688954477731,0.12188691483711431,0.05461002529233699,34028.5
FORTALEZA,medium_active,medium,True,7,-0.013896098713773786,0.4696970406943883,0.48359313940816206,1.8318934501241415,177.7070190130633,175.87512556293916,-0.011032870085246588,0.08624953271793805,0.09728240280318463,0.008657656446506845,2.4841094731548754,2.4754518167083686,-0.0010991947536551083,0.10718155779704325,0.10828075255069836,-0.05271724932083645,0.10112251686549557,0.15383976618633202,34151.11666666667
FORTALEZA,medium_active,medium,True,8,-0.008155662287299636,0.46847744089242177,0.4766331031797214,5.438667851941801,180.1770878957337,174.7384200437919,-0.009534260233317285,0.08273812678829437,0.09227238702161165,0.016480257770593365,2.4982998327680566,2.481819574997463,-0.005519081561959238,0.10432209473692905,0.10984117629888829,-0.04342283958893835,0.08234897449712454,0.1257718140860629,34477.166666666664
FORTALEZA,medium_active,medium,True,9,-0.009470353254937003,0.46404662011259384,0.47351697336753085,-6.30671624951205,172.6306737781177,178.93739002762976,-0.007912002361322848,0.07984518272218558,0.08775718508350842,0.012867923811983761,2.4888439948434704,2.4759760710314866,0.004970851620703404,0.1098352572927053,0.10486440567200189,-0.03614884567178521,0.06740219307312163,0.10355103874490684,34855.833333333336
JOAO PESSOA,medium_active,medium,True,0,0.019889737795038,0.4225382699043826,0.4026485321093446,19.274541233634096,164.41702379287187,145.14248255923778,-0.0010492416906669744,0.09000195465104183,0.0910511963417088,0.00858863670550658,2.5389254213294703,2.5303367846239637,-0.019367338117145583,0.12343327915136074,0.14280061726850632,0.001812088251203131,0.04921809750729423,0.0474060092560911,9978.15
JOAO PESSOA,medium_active,medium,True,1,0.011336830165868117,0.4160756813174592,0.4047388511515911,-24.019863149798027,156.41561186198973,180.43547501178776,-0.0042387342032036285,0.094442502134789,0.09868123633799263,0.022370770897717218,2.550825349447231,2.5284545785495136,0.026043457070926063,0.1331980962033234,0.10715463913239734,0.0025477303610226126,0.04775210206060605,0.04520437169958344,9705.35
JOAO PESSOA,medium_active,medium,True,2,0.013710544089762522,0.42957244907655395,0.41586190498679143,0.26598085009433703,156.59684761966398,156.33086676956964,0.0022572606265776896,0.08779919037369083,0.08554192974711314,0.008880316323431448,2.5443187104953453,2.535438394171914,-0.001949391505301129,0.13081521362581547,0.1327646051311166,0.0005373348535860495,0.04623456232792789,0.045697227474341844,9785.533333333333
JOAO PESSOA,medium_active,medium,True,3,0.01243547427504843,0.4167003271203367,0.4042648528452883,3.5815303177660667,171.9251157994793,168.34358548171323,0.005537580558993546,0.09329947306390607,0.08776189250491252,0.011277302697683123,2.529732508888503,2.51845520619082,-0.003944034057378393,0.11574441214438055,0.11968844620175895,0.0024810616975404973,0.04528433675024277,0.042803275052702275,10025.2
JOAO PESSOA,medium_active,medium,True,4,-0.0019220263162280093,0.41326616043511133,0.41518818675133934,0.27569483907214476,144.33877758944334,144.0630827503712,-0.0013929818709751962,0.08607521591000931,0.08746819778098451,-0.015084112750654022,2.5290126357915454,2.5440967485421995,0.0007507261390178599,0.14371813104772657,0.1429674049087087,-0.0026752016838619067,0.04645546973494744,0.04913067141880935,9602.0
JOAO PESSOA,medium_active,medium,True,5,-0.00866570005297862,0.408271999041611,0.4169376990945896,-25.504365275938227,150.10231815853362,175.60668343447185,-0.007221208763686399,0.08722307220806816,0.09444428097175456,0.009336316536676659,2.5489067668234933,2.5395704502868166,0.018915643726291453,0.13743530885668853,0.11851966513039708,-0.002082868447805787,0.045478833718890194,0.04756170216669598,9947.433333333332
JOAO PESSOA,medium_active,medium,True,6,-0.0014301575614332207,0.4093306875555351,0.4107608451169683,7.235315059237479,172.78172577076222,165.54641071152474,0.0029078830729877547,0.09382435998405762,0.09091647691106987,-0.01050135484065784,2.5270274612561243,2.537528816096782,-0.0057560151819132654,0.11831085339026165,0.12406686857217492,-0.0020383927501525997,0.04532334938829088,0.04736174213844348,9987.583333333334
JOAO PESSOA,medium_active,medium,True,7,-0.009834628144709923,0.398108604530065,0.40794323267477495,10.331756351998365,174.4279758410241,164.09621948902574,0.002549832565902674,0.08999405847665552,0.08744422591075285,0.0163455032516433,2.540366420099419,2.5240209168477756,-0.006706201155194283,0.11579704730654933,0.12250324846174361,-0.0014522420145702056,0.04437466113070165,0.04582690314527185,10039.2
JOAO PESSOA,medium_active,medium,True,8,-0.028074913170183957,0.3934918587749254,0.42156677194510933,-2.3492444940953305,162.14121965879923,164.49046415289456,-0.0006730807212426693,0.09160829516213873,0.0922813758833814,0.00861168340622065,2.5368010093879656,2.528189325981745,-0.0026495849694101736,0.12147696646948951,0.12412655143889968,-0.0003680307984754508,0.04666081735681436,0.047028848155289814,9811.516666666666
JOAO PESSOA,medium_active,medium,True,9,0.00810068445079043,0.42404182277296837,0.41594113832217794,6.8066262991686415,163.53475087948908,156.72812458032044,0.0059900375912601556,0.09672886926058623,0.09073883166932607,0.021776901102048107,2.551851517290287,2.530074616188239,-0.001521480292206584,0.12674766933491954,0.12826914962712613,-0.0006516120063968026,0.04558986760660962,0.046241479613006425,9828.283333333333
MACEIO,medium_active,medium,True,0,0.00250914327628482,0.3796977802298278,0.377188636953543,-3.023564922560695,152.46274031209168,155.48630523465238,-0.0002263581854408045,0.06171561030474999,0.0619419684901908,0.031264032546942655,2.4956041614091284,2.464340128862186,0.0059576441476975606,0.12470394276477216,0.1187462986170746,-0.0024447611866172843,0.025409839512838497,0.02785460069945578,11121.25
MACEIO,medium_active,medium,True,1,0.005284120375841028,0.38863962421664655,0.3833555038408055,-1.9345366315993715,150.21659849515558,152.15113512675495,0.009721900404154375,0.06438472339396226,0.05466282298980788,-0.004230249411428133,2.467485048258298,2.4717152976697263,-0.0021410870750572797,0.12117449337063069,0.12331558044568797,-0.0003280347361733181,0.02609413418034861,0.026422168916521927,11079.4
MACEIO,medium_active,medium,True,2,-0.007215465720944558,0.3878861711557372,0.39510163687668176,20.869424468227606,168.10215859832311,147.2327341300955,0.006786953111081878,0.0656746580706786,0.05888770495959672,0.02975655412954259,2.5010556172004907,2.471299063070948,-0.01951507479553738,0.1052335016929806,0.12474857648851798,0.00016175163882557742,0.026910246072172853,0.026748494433347276,11015.833333333334
MACEIO,medium_active,medium,True,3,-0.005699718630436168,0.37690058174120783,0.382600300371644,-4.485969113748183,150.50300578840535,154.98897490215353,-0.001967019868076819,0.05933374193316588,0.0613007618012427,0.0022410164866100146,2.484526926208129,2.482285909721519,0.0035097831461337325,0.1246208534679136,0.12111107032177987,-0.0009438344415914138,0.025799701294493257,0.02674353573608467,11293.65
MACEIO,medium_active,medium,True,4,0.0006576755335752082,0.39413092794383875,0.39347325241026354,9.210106693310564,171.24747093481093,162.03736424150037,0.00915108036068546,0.07808014537422975,0.06892906501354429,0.005526475303655243,2.481319021338394,2.475792546034739,-0.006823517488658462,0.1087853533720635,0.11560887086072197,0.00016546983779060567,0.026856201023861402,0.026690731186070796,10800.683333333332
MACEIO,medium_active,medium,True,5,-0.04089310518852768,0.3614265556245729,0.40231966081310055,-16.856666939857178,165.03858046462784,181.89524740448502,-0.026231159799049497,0.060606911440430386,0.08683807123947988,0.03177025348274931,2.4959668661385743,2.464196612655825,0.014325297538433687,0.11033489249700344,0.09600959495856976,-0.008929804718734235,0.026819166473977907,0.03574897119271214,11189.1
MACEIO,medium_active,medium,True,6,0.012428554497335542,0.400186704292534,0.38775814979519846,2.9261202300249636,162.355181268723,159.42906103869802,-0.005537554251376135,0.06166138336942042,0.06719893762079655,0.012689165941977887,2.4790180576236214,2.4663288916816435,-0.0011141321667861581,0.11480474133876074,0.1159188735055469,-6.55706479944472e-05,0.02702690776652709,0.02709247841452154,11276.416666666666
MACEIO,medium_active,medium,True,7,-0.0012278950599046157,0.3907795190146244,0.392007414074529,-2.784414400068556,150.58591182911096,153.3703262291795,0.004909066132462156,0.06381897327518896,0.0589099071427268,8.728580221806226e-05,2.478544131699248,2.4784568458970297,0.0014959398392186407,0.12340751249021653,0.12191157265099789,-0.00040191657694949035,0.025333693054319737,0.025735609631269227,11215.233333333334
MACEIO,medium_active,medium,True,8,0.010283103152561757,0.3984656751374167,0.38818257198485495,-4.053615868827251,147.52695834544855,151.5805742142758,-0.0013764339883517093,0.05727977142437097,0.05865620541272268,-0.001679924774855568,2.474417578776815,2.4760975035516704,-0.0004382194968445968,0.12237758628703298,0.12281580578387757,-0.0023061719796856166,0.025934257332624517,0.028240429312310134,11267.683333333332
MACEIO,medium_active,medium,True,9,0.0022296835782795177,0.38807217348152745,0.38584248990324793,3.2276750829587684,162.31380367318496,159.0861285902262,0.0036462998056052826,0.06502204772209177,0.06137574791648649,0.002589600076378318,2.476974112227234,2.4743845121508556,-0.0054414229620713545,0.11124625582975275,0.11668767879182411,-0.0011399170171095055,0.025732346704105787,0.026872263721215293,11266.383333333333
NATAL,medium_active,medium,True,0,-0.006914171117041568,0.4135039736740465,0.4204181447910881,4.025582643332683,154.99146955844017,150.9658869151075,0.0009221179484692338,0.07296387750117111,0.07204175955270188,0.012925125851443564,2.506067281985767,2.4931421561343234,-0.0016043630688861443,0.12952863173688506,0.1311329948057712,0.001375001569769281,0.03591942625382005,0.03454442468405077,12086.883333333333
NATAL,medium_active,medium,True,1,0.0024925757262949655,0.41264268704307067,0.4101501113167757,-2.8866888990505686,160.3695894588149,163.25627835786545,0.002154806739538939,0.07423910148087355,0.07208429474133461,-0.004731594796695937,2.505740480425762,2.510472075222458,0.0009893197549867006,0.12367606196852768,0.12268674221354098,0.013704609638353397,0.04597985330810835,0.032275243669754955,11866.283333333333
NATAL,medium_active,medium,True,2,0.014658777576641357,0.4259132578396825,0.4112544802630411,0.026919530146585657,160.1436983987904,160.11677886864382,0.001850374326545265,0.07572986940213336,0.0738794950755881,0.019749560201218763,2.5204982526775837,2.500748692476365,0.0034463255289424177,0.12655230064530099,0.12310597511635857,0.009386987105826375,0.043435483732059015,0.03404849662623264,11976.783333333333
NATAL,medium_active,medium,True,3,-0.0059080798067694396,0.40455324817183,0.41046132797859947,0.7362612549995617,157.45993802562032,156.72367677062076,-0.0008487950666559024,0.06849480268439394,0.06934359775104984,0.009726930628620067,2.5091984733748935,2.4994715427462735,0.003646217796825002,0.12992846396375723,0.12628224616693223,-5.4938751109699646e-05,0.0314756897828485,0.0315306285339582,12140.2
NATAL,medium_active,medium,True,4,0.012324119387368215,0.4294522282605105,0.4171281088731423,2.0544551571299223,159.05906397868955,157.00460882155963,0.003459737631462692,0.07560367830761343,0.07214394067615074,0.020119983579581557,2.5119202585099725,2.491800274930391,0.0003724586760393278,0.12811463289668984,0.1277421742206505,0.001730030113600782,0.03935230907621355,0.03762227896261277,11870.683333333332
NATAL,medium_active,medium,True,5,-0.0021035898674956477,0.409409827915481,0.4115134177829766,8.024656539929083,173.57781483144717,165.5531582915181,0.006902798860940557,0.0779798608231062,0.07107706196216565,0.008050973322473176,2.521705331901934,2.5136543585794606,-0.004138744813869277,0.11577700877921991,0.11991575359308919,-0.004537105361542199,0.03231023287070959,0.03684733823225179,12148.95
NATAL,medium_active,medium,True,6,0.008593068063884324,0.4266736261901662,0.41808055812628186,1.070848276528352,155.7458423325664,154.67499405603806,0.003888476854813902,0.07529503980409098,0.07140656294927708,0.02602202514837826,2.521238623668543,2.4952165985201646,0.0016524741718324798,0.13011615055585676,0.12846367638402428,0.0100994855477222,0.04828371823193265,0.03818423268421045,11914.9
NATAL,medium_active,medium,True,7,-0.01108161104532851,0.40576059965396166,0.41684221069929017,-8.134758928643123,150.32597434376945,158.46073327241257,-0.010015952609733397,0.06825061364618594,0.07826656625591934,-0.016245946796463073,2.516039913363812,2.532285860160275,0.004141536055316225,0.13452772245003206,0.13038618639471583,-0.0006888955956227474,0.03145166746645337,0.03214056306207612,12188.016666666666
NATAL,medium_active,medium,True,8,-0.004798377297921208,0.4032611752288211,0.4080595525267423,-2.124727299403048,153.54743293510043,155.67216023450348,0.0018526512545089663,0.07166770993698758,0.06981505868247861,0.0035271218851384845,2.517280445897748,2.5137533240126095,0.003003242866081751,0.13247171857869006,0.1294684757126083,2.8207517115151626e-05,0.03225720630672321,0.03222899878960806,12078.466666666667
NATAL,medium_active,medium,True,9,-0.0017282332982931914,0.40875520851373,0.4104834418120232,-4.761716638618111,152.0481597630181,156.80987640163622,0.0007766358026345399,0.06987332707215924,0.0690966912695247,0.013676733140595143,2.5262339690516016,2.5125572359110064,0.004748355085018974,0.13409866780549853,0.12935031272047956,-0.00017138693155777096,0.03185587536983028,0.032027262301388054,11924.15
PALMAS,medium_active,medium,True,0,0.0,0.38330553970172965,0.38330553970172965,0.0,193.86003950029692,193.86003950029692,0.0,0.0442391082831692,0.0442391082831692,0.0,2.5345788277448844,2.5345788277448844,0.0,0.10881104318549825,0.10881104318549825,0.0,0.05044534951064938,0.05044534951064938,3588.4166666666665
PALMAS,medium_active,medium,True,1,0.0,0.3809519939234111,0.3809519939234111,0.0,169.62469819264655,169.62469819264655,0.0,0.038408609777126165,0.038408609777126165,0.0,2.503596501289664,2.503596501289664,0.0,0.12182808875653318,0.12182808875653318,0.0,0.04930113837254856,0.04930113837254856,3587.1
PALMAS,medium_active,medium,True,2,0.0,0.37294963823127575,0.37294963823127575,0.0,194.0608873834503,194.0608873834503,0.0,0.04451016697970759,0.04451016697970759,0.0,2.5322209020844566,2.5322209020844566,0.0,0.09773685725491431,0.09773685725491431,0.0,0.04910241647888249,0.04910241647888249,3587.4
PALMAS,medium_active,medium,True,3,0.0,0.37441355050237785,0.37441355050237785,0.0,209.5531249939253,209.5531249939253,0.0,0.0423825890784484,0.0423825890784484,0.0,2.5432392935710406,2.5432392935710406,0.0,0.09242290770545195,0.09242290770545195,0.0,0.05077118573477027,0.05077118573477027,3586.733333333333
PALMAS,medium_active,medium,True,4,0.0,0.3680715641626984,0.3680715641626984,0.0,211.55700714074388,211.55700714074388,0.0,0.04537023076012028,0.04537023076012028,0.0,2.5254814711775633,2.5254814711775633,0.0,0.09088241847958224,0.09088241847958224,0.0,0.04864469201481722,0.04864469201481722,3585.616666666667
PALMAS,medium_active,medium,True,5,0.0,0.3737516472025655,0.3737516472025655,0.0,195.21809305478584,195.21809305478584,0.0,0.04438694049990375,0.04438694049990375,0.0,2.530425329203854,2.530425329203854,0.0,0.10611283304725301,0.10611283304725301,0.0,0.049620205499811165,0.049620205499811165,3586.1
PALMAS,medium_active,medium,True,6,0.0,0.38017784501980684,0.38017784501980684,0.0,183.93196304323357,183.93196304323357,0.0,0.04913188425304833,0.04913188425304833,0.0,2.512755017666507,2.512755017666507,0.0,0.10904997323727957,0.10904997323727957,0.0,0.051176505797796305,0.051176505797796305,3584.4
PALMAS,medium_active,medium,True,7,0.0,0.3754195921738355,0.3754195921738355,0.0,193.02824268449606,193.02824268449606,0.0,0.04455703015633034,0.04455703015633034,0.0,2.527242936520561,2.527242936520561,0.0,0.10103916369845899,0.10103916369845899,0.0,0.04889381208846934,0.04889381208846934,3587.0333333333333
PALMAS,medium_active,medium,True,8,0.0,0.37363597914967295,0.37363597914967295,0.0,203.6879377006766,203.6879377006766,0.0,0.04845218883028714,0.04845218883028714,0.0,2.5280738094709845,2.5280738094709845,0.0,0.09333308932917046,0.09333308932917046,0.0,0.04926714717179837,0.04926714717179837,3587.0
PALMAS,medium_active,medium,True,9,0.0,0.3774804232532561,0.3774804232532561,0.0,191.34605654968502,191.34605654968502,0.0,0.04678697823091767,0.04678697823091767,0.0,2.5192000043909863,2.5192000043909863,0.0,0.10514494014309728,0.10514494014309728,0.0,0.04853584413274061,0.04853584413274061,3588.233333333333
PORTO ALEGRE,medium_active,medium,True,0,-0.029752826953497125,0.663992058429756,0.6937448853832531,9.178549286768089,192.92063242744297,183.74208314067488,0.002479889641860203,0.08621706815199351,0.0837371785101333,0.04576047551751605,3.6084812910992947,3.5627208155817787,-0.008689813771966981,0.15315216584130212,0.1618419796132691,0.0005745665570990113,0.03322689657857593,0.03265233002147692,34468.183333333334
PORTO ALEGRE,medium_active,medium,True,1,0.03791043099042579,0.7086297473812725,0.6707193163908467,6.505317576580694,192.8509734837794,186.3456559071987,0.003158318158744469,0.08810788578820776,0.08494956762946329,0.03009418361242444,3.6164560785544726,3.586361894942048,-0.0006591893743929655,0.15712200747487234,0.1577811968492653,-0.00026560558750460955,0.03218523756802397,0.032450843155528576,33967.26666666667
PORTO ALEGRE,medium_active,medium,True,2,0.023824251009001096,0.6987288256013332,0.6749045745923321,-0.24587573631754367,189.8607951759705,190.10667091228805,-0.0025324692945680183,0.08321079671180787,0.08574326600637588,0.02299267700886931,3.623463092158508,3.6004704151496387,0.0010597409233094324,0.15345695928002412,0.1523972183567147,0.0008120935305198085,0.03396777926923198,0.03315568573871217,33604.86666666667
PORTO ALEGRE,medium_active,medium,True,3,-0.007159723275711016,0.6809319031819023,0.6880916264576133,4.259129420339548,190.11799754300242,185.85886812266287,0.00352531192734655,0.08570902788472079,0.08218371595737424,0.03705003024387166,3.6078115367480796,3.570761506504208,-0.0035866972354454685,0.1661503991711841,0.16973709640662957,0.0011775487883921784,0.033420390230649424,0.032242841442257246,33628.03333333333
PORTO ALEGRE,medium_active,medium,True,4,0.0017010360822815596,0.6842376524999274,0.6825366164176458,-1.6602903346185371,189.14054460417995,190.8008349387985,0.00626064311478694,0.08831261888766559,0.08205197577287865,0.04044458506001991,3.61172876851397,3.57128418345395,0.004955041639281704,0.1612263444388726,0.1562713027995909,-0.0002441751467795114,0.03210272802768934,0.03234690317446885,33584.03333333333
PORTO ALEGRE,medium_active,medium,True,5,0.03528902836288672,0.7211005829207006,0.6858115545578138,2.926507543360316,189.8750607569025,186.9485532135422,0.0027480041031844177,0.08882364498947984,0.08607564088629542,0.032892671499371584,3.598346705840856,3.5654540343414842,-0.0020741482600090955,0.16007541189015256,0.16214956015016166,0.0001514572397349062,0.03315703627696425,0.033005579037229345,33847.05
PORTO ALEGRE,medium_active,medium,True,6,0.012695624457306987,0.689767904218499,0.677072279761192,-3.2572753344462626,185.39592379808897,188.65319913253524,0.0060148539974650556,0.08633028692249531,0.08031543292503025,0.033310247208705235,3.6136547473865925,3.5803445001778873,0.003119803198623622,0.16085697494779894,0.15773717174917531,0.00023136521209935618,0.03289260598298642,0.032661240770887064,33476.333333333336
PORTO ALEGRE,medium_active,medium,True,7,-0.01908377279302953,0.6959471430298352,0.7150309158228647,2.0564094096991425,188.61860551016755,186.5621961004684,-0.0016628067748958308,0.08464645873498584,0.08630926550988167,0.04190063904804697,3.625268773564296,3.583368134516249,0.012903036171909826,0.17218178002225012,0.1592787438503403,0.001111385025139057,0.0339794808273607,0.03286809580222164,33086.166666666664
PORTO ALEGRE,medium_active,medium,True,8,0.0012800449092768007,0.7131079607485904,0.7118279158393136,2.398258145998142,188.7700551178081,186.37179697180997,-0.0035375394502551727,0.08157006076538227,0.08510760021563744,0.02547617754652265,3.6165856836213877,3.591109506074865,-0.0031394248692813154,0.15676159523270178,0.1599010201019831,0.00012120089022685243,0.032993790191366036,0.032872589301139184,34267.01666666667
PORTO ALEGRE,medium_active,medium,True,9,-0.01414894761676011,0.6868303991297644,0.7009793467465245,7.064194012518357,190.7287490166754,183.66455500415705,0.0004035435099506435,0.08168937576823483,0.08128583225828419,0.02820544216484544,3.6302230097169863,3.602017567552141,0.008674556315874299,0.16299546217161556,0.15432090585574126,-0.00037060748201323684,0.03283065824535737,0.03320126572737061,34022.71666666667
PORTO VELHO,medium_active,medium,True,0,-0.006107785108355912,0.4054535313420608,0.4115613164504167,4.298858179420478,160.33717759364663,156.03831941422615,-0.002719098821722603,0.05700575165357367,0.05972485047529627,0.016725987362537165,2.4370880124287777,2.4203620250662405,-0.0031328509598567006,0.11773163189300749,0.12086448285286419,-0.01276852725966851,0.05567225586685802,0.06844078312652653,5706.25
PORTO VELHO,medium_active,medium,True,1,-0.004950175719854177,0.39902251359187146,0.40397268931172564,-9.907027734871804,151.46938194142797,161.37640967629977,-0.006806711189713516,0.06546090699341929,0.0722676181831328,-0.011102675518745109,2.427575158077208,2.438677833595953,0.011496583622131365,0.1299794332114764,0.11848284958934503,-0.04905590152362169,0.12847685574811496,0.17753275727173665,5657.7
PORTO VELHO,medium_active,medium,True,2,-0.024569004909970826,0.4013710362429024,0.4259400411528732,3.2250693270385966,156.56229446524938,153.33722513821078,-0.039061647197256924,0.06863348232728834,0.10769512952454527,0.03016297165249915,2.4449038404167616,2.4147408687642624,-0.0031573333820142657,0.12418127922033248,0.12733861260234675,-0.15073122186188473,0.08745774822592622,0.23818897008781095,5675.833333333333
PORTO VELHO,medium_active,medium,True,3,0.003338348695780702,0.4292704559968795,0.4259321073010988,13.876093800606924,162.53919059576634,148.66309679515942,0.038739143303784515,0.09983884892767293,0.06109970562388842,0.026377122021703503,2.4282428650573613,2.401865743035658,-0.008396604348344341,0.11503076976152979,0.12342737410987413,0.1334285836352367,0.2457655841277802,0.1123370004925435,5329.983333333334
PORTO VELHO,medium_active,medium,True,4,-0.015968401519954545,0.4155112689100182,0.43147967042997276,-4.650121714859466,159.28120346777342,163.9313251826329,-0.0015778670913598053,0.07615746323484109,0.07773533032620089,0.0316119447323735,2.433769983032166,2.4021580382997927,0.004095693066325318,0.11743780482075583,0.11334211175443051,0.033577342070633814,0.21266583411129664,0.17908849204066282,5680.85
PORTO VELHO,medium_active,medium,True,5,0.011346443946652518,0.42789607674120583,0.4165496327945533,6.985804417516476,161.73405599467827,154.7482515771618,-0.001199154902853647,0.0648143856794219,0.06601354058227554,-0.007142307515147106,2.4347230405920968,2.441865348107244,-0.007763212552906837,0.11724976770916949,0.12501298026207633,0.0031833730568685548,0.11510305847868067,0.11191968542181212,5708.05
PORTO VELHO,medium_active,medium,True,6,-0.010257212766902446,0.4155705747842479,0.42582778755115036,11.423057020355373,144.30172340982216,132.8786663894668,0.007245513493286497,0.06292956226450382,0.05568404877121732,0.005475719086777797,2.4248368908155786,2.419361171728801,-0.008749486280558438,0.13437174624076362,0.14312123252132206,-0.03232886550358198,0.08854687908299243,0.12087574458657441,5694.85
PORTO VELHO,medium_active,medium,True,7,0.011393246446138816,0.41666890195691414,0.4052756555107753,3.349983416431968,148.41709849403924,145.06711507760727,0.01279633543768656,0.06827483245356451,0.05547849701587795,0.024289311161147076,2.4380598867498606,2.4137705755887136,-0.0040320639893626775,0.12849862704886514,0.13253069103822782,0.06052916081457675,0.16599288025268008,0.10546371943810333,5693.6
PORTO VELHO,medium_active,medium,True,8,-0.0011501259565883104,0.4268685691280432,0.42801869508463153,-4.598979733662503,153.66812974752833,158.26710948119083,-0.013614187008565086,0.05844523586040381,0.0720594228689689,-0.014361082260571312,2.4118804312048696,2.426241513465441,0.0023865929908349487,0.12137930297645284,0.1189927099856179,-0.08936506793274791,0.09297722232426388,0.1823422902570118,5709.1
PORTO VELHO,medium_active,medium,True,9,0.012613179505453043,0.39769362838541095,0.3850804488799579,-10.328381371519527,153.13611192965882,163.46449330117835,0.0089057581174143,0.07220363690014461,0.06329787878273031,0.00284053085415481,2.4169466228976306,2.414106092043476,0.005752039058783964,0.12364910992338954,0.11789707086460557,0.13426907760136209,0.18261734277748373,0.04834826517612165,5692.233333333334
RIO BRANCO,medium_active,medium,True,0,-0.004437084854564621,0.39178411263525326,0.3962211974898179,2.3491146827759053,162.38348485738481,160.0343701746089,0.0007986045409707557,0.04905476593068633,0.04825616138971557,0.03450900881233254,2.4317527282194353,2.397243719407103,0.004296899529377743,0.10669531820374842,0.10239841867437068,-0.0007277740782100223,0.033653617501220055,0.03438139157943008,3929.1666666666665
RIO BRANCO,medium_active,medium,True,1,0.018149551587197776,0.402591580277245,0.38444202869004723,1.1046355551929423,192.2174093186603,191.11277376346735,-0.0022377574570429035,0.0522440304491315,0.0544817879061744,0.027063406662660494,2.459437895358676,2.4323744886960155,-0.0011613774684788303,0.08306283214549656,0.08422420961397539,-0.007342972072778401,0.029183432993518856,0.03652640506629726,3929.233333333333
RIO BRANCO,medium_active,medium,True,2,-0.019081333165121228,0.3756114933400362,0.3946928265051574,5.830225717483842,161.62439436989763,155.7941686524138,-0.0029086851362783994,0.046864167985363935,0.049772853121642334,0.07602807210764562,2.4646292508955225,2.388601178787877,0.0022712689338820202,0.1130061046340184,0.11073483570013638,-0.0040108422353788975,0.03272806386315636,0.03673890609853526,3929.266666666667
RIO BRANCO,medium_active,medium,True,3,0.008364834881892269,0.39067283066906017,0.3823079957871679,-15.822416929450611,171.38681113366277,187.2092280631134,-0.0023361482675472306,0.050168444091882675,0.052504592359429905,-0.00037488006887542724,2.42953272142604,2.4299076014949152,0.013065833661373163,0.09797947805778365,0.08491364439641048,0.007895470029862569,0.03530055505794471,0.02740508502808214,3929.2833333333333
RIO BRANCO,medium_active,medium,True,4,-0.0014485227352697416,0.39336617037922683,0.3948146931144966,-7.454340787668002,150.90593626897717,158.36027705664517,0.0027749944995092493,0.05093871673296747,0.048163722233458224,0.02780639341909774,2.4217499119352457,2.393943518516148,0.012101022409937615,0.1143638741010687,0.10226285169113108,0.008914721585102932,0.04228238131666124,0.03336765973155831,3929.2833333333333
RIO BRANCO,medium_active,medium,True,5,0.006953217120427402,0.38924387611413386,0.38229065899370646,-19.860011876352615,149.43548663201187,169.2954985083645,-0.004432651390180439,0.04422168727447773,0.04865433866465817,-0.008179211765726002,2.411309230378459,2.419488442144185,0.01278080066582743,0.11524943189732886,0.10246863123150143,0.007390997653164925,0.034767672944119116,0.02737667529095419,3929.15
RIO BRANCO,medium_active,medium,True,6,0.003817270213108903,0.39252381371828626,0.38870654350517736,0.5420598553450304,179.69323012653425,179.15117027118922,0.0037296485703738128,0.053211368677449036,0.049481720107075224,0.009188248488511963,2.431604383687768,2.422416135199256,-0.003089481239761771,0.08525106929451233,0.0883405505342741,0.002455694397572712,0.035673028499686586,0.033217334102113874,3929.133333333333
RIO BRANCO,medium_active,medium,True,7,0.004714176109021084,0.39248708841111063,0.38777291230208955,-0.9108488556955194,178.74197039112448,179.65281924682,0.0024575063958451396,0.050186705000449985,0.047729198604604846,0.012909214254824608,2.432636191515541,2.419726977260716,0.0021300986283706164,0.09121116691953958,0.08908106829116896,-0.0026522665387733943,0.030550306337064848,0.03320257287583824,3929.15
RIO BRANCO,medium_active,medium,True,8,-0.004643044790361206,0.3892244528382385,0.3938674976285997,-7.236717991201033,165.42664868164832,172.66336667284935,0.004201752191541071,0.053765966882921234,0.049564214691380164,-0.015531164895617344,2.417744996854482,2.4332761617500993,0.0038548545433126497,0.10143458172832237,0.09757972718500972,-0.007209273488294934,0.028431515277267096,0.03564078876556203,3929.2166666666667
RIO BRANCO,medium_active,medium,True,9,-0.0031576443497121076,0.39178051903631944,0.39493816338603155,15.129399273207468,179.15836337401885,164.02896410081138,0.0005557678355137263,0.0507169357387579,0.05016116790324417,0.027855223737676127,2.4526573314045743,2.424802107666898,-0.008009020692830479,0.09369142587811301,0.10170044657094349,0.002702446969538405,0.03492044624261005,0.032217999273071646,3929.1833333333334
SALVADOR,medium_active,medium,True,0,-0.003308023679723049,0.47019217454064854,0.4735001982203716,5.0781853921610605,136.06008877786812,130.98190338570706,-0.001636509799685812,0.06740320001977528,0.06903970981946109,0.008936332798464619,2.371972229879554,2.3630358970810894,-0.004119085652578014,0.1384483891956508,0.14256747484822882,0.007007638591271521,0.033495377967892134,0.026487739376620613,32651.766666666666
SALVADOR,medium_active,medium,True,1,0.004618495578365189,0.4807651139787085,0.47614661840034334,-0.3368276644196442,131.70553024463138,132.04235790905102,0.00432413686783617,0.07193112436830879,0.06760698750047262,0.01284695861994356,2.3712274096756656,2.358380451055722,0.0030448081617302225,0.14252541360287202,0.1394806054411418,0.0011511039681338722,0.027855925489354942,0.02670482152122107,32063.883333333335
SALVADOR,medium_active,medium,True,2,0.009609637387723247,0.4882855909361726,0.47867595354844933,0.7253242680666858,135.97327542801,135.2479511599433,-0.0015307112086339336,0.06942506368932397,0.0709557748979579,0.004408298198182337,2.3742350137629034,2.369826715564721,-0.002374065847768919,0.13672578978275135,0.13909985563052027,0.0020283608937600936,0.037065047536408,0.035036686642647905,32140.066666666666
SALVADOR,medium_active,medium,True,3,0.007884765415193451,0.4799570729529282,0.47207230753773477,-4.316702264836124,138.9572744428563,143.2739767076924,0.004131235941216338,0.07059125456279362,0.06646001862157729,0.0058117104855424095,2.3687050460445347,2.3628933355589923,0.006175294707894435,0.13623179625766957,0.13005650154977513,0.005135802536425399,0.03134081787086532,0.02620501533443992,32283.316666666666
SALVADOR,medium_active,medium,True,4,0.015017458991542443,0.4877242993194516,0.47270684032790916,-1.9000245666478008,133.4458985695148,135.3459231361626,0.0032228697260365674,0.07005597322858138,0.06683310350254482,0.004960118603678065,2.371609134780825,2.366649016177147,0.0004231491768410256,0.13850996377124294,0.13808681459440192,0.0060826857323708,0.03840692475602115,0.03232423902365035,31753.133333333335
SALVADOR,medium_active,medium,True,5,-0.00721743239532896,0.4796100119697884,0.4868274443651174,3.996899887338941,142.6990282599642,138.70212837262525,-0.00401549219510558,0.06690087089143455,0.07091636308654013,0.011027405710028582,2.373130113861895,2.3621027081518666,-0.003701559014684719,0.13013031366278213,0.13383187267746685,-2.2305238927197713e-05,0.031885812979098406,0.031908118218025604,32756.75
SALVADOR,medium_active,medium,True,6,-0.0015856987880817353,0.48325862880704246,0.4848443275951242,2.0071954723100305,134.92069081824363,132.9134953459336,0.0010691635364688118,0.06911047629580866,0.06804131275933985,0.01744791983493732,2.379798224371618,2.3623503045366805,0.00032764675647412034,0.14015651377551056,0.13982886701903643,-0.004598899004807928,0.0377759947991776,0.04237489380398553,32266.383333333335
SALVADOR,medium_active,medium,True,7,0.011223980409428791,0.4831900829817369,0.4719661025723081,11.094841849516058,144.94110816305223,133.84626631353618,-0.0030928012601859484,0.06666410022900261,0.06975690148918856,0.0017800286783828945,2.3636656262682054,2.3618855975898225,-0.010384870818160141,0.12786726572461385,0.138252136542774,-0.003687926092976433,0.03738103723409922,0.04106896332707565,32410.183333333334
SALVADOR,medium_active,medium,True,8,0.01922521265725141,0.48976559449388424,0.4705403818366328,-4.568208935687807,131.1737338830684,135.7419428187562,-0.0009057150366634376,0.0735109553892988,0.07441667042596224,0.0017814148150052667,2.3697088812096587,2.3679274663946535,0.0030066698710192463,0.14188744900691896,0.13888077913589972,0.0007239819820416687,0.03367050431795098,0.03294652233590931,31617.45
SALVADOR,medium_active,medium,True,9,0.004003570996983452,0.48166666289744126,0.4776630919004578,-1.7342874638266323,131.45599817035296,133.1902856341796,0.002607404053984519,0.07054304350948094,0.06793563945549642,0.011033928755380895,2.366052272576062,2.355018343820681,0.002051960080416415,0.13990383607802598,0.13785187599760956,-0.0008460807617955979,0.034438713240956445,0.03528479400275204,32049.633333333335
SAO LUIS,medium_active,medium,True,0,-0.007575232934060427,0.36797092401445836,0.3755461569485188,-0.2542373974492875,157.31786736980843,157.5721047672577,-0.0011816723231286574,0.056192707572448035,0.05737437989557669,0.034727282119605185,2.3593837532673505,2.3246564711477453,0.0010763938910755139,0.11839885843482319,0.11732246454374767,-0.00038408073587752056,0.030340703718040405,0.030724784453917926,14799.15
SAO LUIS,medium_active,medium,True,1,-0.004845707934716281,0.36888551349429477,0.37373122142901105,-3.4732686008285043,151.48429656890923,154.95756516973773,0.002219755221935772,0.05741527899390934,0.055195523771973565,0.02044655794681205,2.354401570744969,2.3339550127981568,0.005565555224998464,0.12710086606151655,0.12153531083651808,-0.0007475294118318328,0.03004148826676195,0.030789017678593784,14729.266666666666
SAO LUIS,medium_active,medium,True,2,0.0008349243554247043,0.3760461440746621,0.3752112197192374,11.012481380149154,158.52087937944398,147.50839799929483,0.0037400859513929963,0.06031465477691844,0.056574568825525445,0.023663098753656353,2.3472513244038806,2.3235882256502243,-0.00699017386273168,0.117793207073832,0.12478338093656367,0.000857086516531741,0.03178421108055371,0.03092712456402197,14592.05
SAO LUIS,medium_active,medium,True,3,0.011512409810567892,0.377323156451661,0.3658107466410931,9.01192923857002,151.21716035980774,142.20523112123772,0.0033412069660760865,0.05667317683121304,0.053331969865136955,0.017489821762577407,2.3518324459342166,2.334342624171639,-0.008554456770780497,0.12340002637673668,0.13195448314751718,-3.775428937520878e-05,0.030088118328569776,0.030125872617944985,14736.55
SAO LUIS,medium_active,medium,True,4,-0.007193935403760565,0.36728699077541893,0.3744809261791795,-3.538297146729434,153.55926615453484,157.09756330126427,0.004882737075296739,0.059901819135714525,0.055019082060417786,0.026301131003949152,2.3563215953195495,2.3300204643156004,0.006463443918893821,0.12487904409426494,0.11841560017537112,0.00011001079681923973,0.029970988564587586,0.029860977767768346,14688.55
SAO LUIS,medium_active,medium,True,5,-0.0007867957189125474,0.37048150941530894,0.3712683051342215,-3.9408975890236775,155.06974590682202,159.0106434958457,-0.0028419946994893835,0.053926200555000754,0.05676819525449014,0.0155656658560277,2.340937119306372,2.3253714534503445,0.005520504033596441,0.12237976015215858,0.11685925611856214,-0.0009324960869638473,0.03036211801237001,0.03129461409933386,14668.983333333334
SAO LUIS,medium_active,medium,True,6,0.005494186446936555,0.3758701299608123,0.37037594351387576,16.50762712916716,164.55619559696967,148.0485684678025,0.002539484777635659,0.0583686401914233,0.05582915541378764,0.021763595501122168,2.358333079365102,2.33656948386398,-0.014729679666904333,0.1134125052742152,0.12814218494111954,0.0007773594412203398,0.031717969099614496,0.030940609658394156,14800.05
SAO LUIS,medium_active,medium,True,7,0.004065388898536859,0.3760061345482571,0.37194074564972024,-5.249498363762484,143.85884529529696,149.10834365905944,0.006832398946292062,0.059692821616345614,0.05286042267005355,-0.0002893448025389489,2.342142505716372,2.342431850518911,0.006217301700074895,0.13334884341070816,0.12713154171063326,-0.0003831990006620649,0.030827747778552538,0.031210946779214602,14531.6
SAO LUIS,medium_active,medium,True,8,-0.00946104097726247,0.3683786385659881,0.3778396795432506,-4.493340203698409,152.65359420530433,157.14693440900274,-0.006128912023977459,0.05527239572497954,0.061401307748956996,0.019131734023250413,2.3563144615129024,2.337182727489652,0.0035393861381774333,0.12293421126003849,0.11939482512186106,-0.0019497531703431686,0.029342620857262455,0.031292374027605624,14812.05
SAO LUIS,medium_active,medium,True,9,-0.01643305269191775,0.36670360763879756,0.3831366603307153,5.17543150268196,152.2355314401588,147.06009993747685,0.0004718413043415179,0.0568052538506447,0.05633341254630318,0.00809145928498678,2.338757368418171,2.330665909133184,-0.002825933301265321,0.12566319141741308,0.1284891247186784,0.0014044731785477008,0.03126223154778146,0.02985775836923376,14565.433333333332
TERESINA,medium_active,medium,True,0,0.02705658645530279,0.3929500607433722,0.3658934742880694,-8.05516807431107,157.62286373241048,165.67803180672155,-0.00867062702099311,0.045299046336872935,0.053969673357866045,0.012083429059960515,2.414735512891567,2.4026520838316063,0.01181152297332555,0.12395093186788797,0.11213940889456242,-0.0011913648846403127,0.03355541166029373,0.03474677654493404,11327.316666666668
TERESINA,medium_active,medium,True,1,-0.021429375992654598,0.3696407695713603,0.39107014556401487,11.238697584665431,176.55346671933742,165.314769134672,0.010680858922224298,0.056829092435904144,0.046148233513679845,0.014029574063755934,2.415341826599184,2.401312252535428,-0.009356567803397789,0.10318643911000377,0.11254300691340156,0.0027737062580429767,0.03627067297110218,0.033496966713059205,10665.633333333333
TERESINA,medium_active,medium,True,2,0.009115736862907398,0.38518149415141156,0.37606575728850417,-8.311600715539697,156.61586059458713,164.92746131012683,-0.018770586743853325,0.0451013766609139,0.06387196340476722,0.031701216619131056,2.4290948146128146,2.3973935979936836,0.006839360898000774,0.12346359485975407,0.1166242339617533,-0.001807221606326334,0.0329488516601436,0.034756073266469935,11350.266666666666
TERESINA,medium_active,medium,True,3,-0.00426364200119117,0.38283472111541406,0.3870983631166052,1.6036885298094887,156.74911603500797,155.14542750519848,0.001598118359364853,0.045202517670826094,0.04360439931146124,0.0014518853925804542,2.407388937223858,2.4059370518312777,-0.001875659465731358,0.12241499909248905,0.12429065855822041,-0.0017731045062940043,0.03266022429512961,0.034433328801423614,11348.3
TERESINA,medium_active,medium,True,4,0.0015193815857194592,0.38582907824419793,0.3843096966584785,-3.8697888993115725,151.23317534543332,155.1029642447449,0.0030451587179101194,0.046740762162260904,0.043695603444350785,0.0037689726970908666,2.423455056191723,2.419686083494632,0.0016170286647219506,0.12596143328591006,0.1243444046211881,-4.381168052808998e-05,0.03337261870078704,0.03341643038131513,11287.533333333333
TERESINA,medium_active,medium,True,5,0.008587493220576059,0.37987943223695125,0.3712919390163752,-4.587444824523175,164.14287157308752,168.7303163976107,-0.006631077119131384,0.05501389011173126,0.06164496723086264,0.014542090454105594,2.4224782977365176,2.407936207282412,0.0037825254514230466,0.11787058105839243,0.11408805560696939,-0.0005638212116542696,0.034480739976670435,0.035044561188324705,11136.55
TERESINA,medium_active,medium,True,6,0.0002681420491065234,0.37438095515437425,0.3741128131052677,11.264482502771045,161.92834296050785,150.6638604577368,0.009583248848435706,0.05870084705691756,0.049117598208481855,0.04097191796543376,2.4287074359008396,2.387735517935406,-0.005526771229754049,0.11958787272518577,0.12511464395493982,0.0021403031277224052,0.03569377839183172,0.03355347526410932,10787.066666666668
TERESINA,medium_active,medium,True,7,0.002592651380138311,0.37656800361043546,0.37397535223029715,2.2723161922162944,164.01624339823337,161.74392720601708,-0.0014576202810157937,0.054450658396721405,0.0559082786777372,0.013674638410195339,2.4173764946941447,2.4037018562839494,0.0010018700776302791,0.11512417444874962,0.11412230437111934,-0.00044773047777506986,0.03402150445482066,0.03446923493259573,11014.666666666666
TERESINA,medium_active,medium,True,8,-0.0024161848840350553,0.37562634680721335,0.3780425316912484,5.897814290682447,154.95708919428037,149.05927490359792,-0.0044756042194011025,0.045885962594528935,0.05036156681393004,0.04780300852462682,2.4334134994997085,2.3856104909750817,-0.0005707444060747136,0.12775324731496562,0.12832399172104034,-0.0010459319419344332,0.03258304218352312,0.03362897412545755,11305.516666666666
TERESINA,medium_active,medium,True,9,0.01213377070130095,0.38173883741422904,0.3696050667129281,-1.0596379024959504,162.36214334688808,163.42178124938403,0.0049991546329044845,0.07505297018313463,0.07005381555023014,-0.0018585772071118,2.405681171624468,2.4075397488315797,0.0016859554559887635,0.12009407654782103,0.11840812109183227,0.0007479313039559649,0.03669682839105115,0.035948897087095186,10157.216666666667
VITORIA,medium_active,medium,True,0,0.002685452549551326,0.42837554513684145,0.4256900925872901,-0.6640816655277035,163.3777190806773,164.041800746205,0.0055510276515643164,0.08364425812136966,0.07809323046980535,0.013900300803820986,2.521595776851126,2.507695476047305,0.004582610121201147,0.1290397581549787,0.12445714803377755,0.001948072016744344,0.0322050520754575,0.030256980058713155,17228.783333333333
VITORIA,medium_active,medium,True,1,-0.013747676048357693,0.41613225584151553,0.4298799318898732,3.9294076313559856,166.32709325557937,162.39768562422339,0.003036125189137942,0.0757958474753529,0.07275972228621495,0.008087927926988314,2.516765854726103,2.508677926799115,-0.0019613939978769396,0.12398844877305902,0.12594984277093596,0.006961414080558129,0.03924088358319763,0.032279469502639505,17362.45
VITORIA,medium_active,medium,True,2,-0.01605666611627865,0.41193364798919246,0.4279903141054711,5.57698435887059,173.2825844848663,167.70560012599572,-0.003201129406253736,0.08177549067780225,0.08497662008405599,0.006240869999600829,2.5153143541295453,2.5090734841299445,-0.009098704544405936,0.11501171271114649,0.12411041725555243,0.0040290291573175305,0.038426789599283064,0.03439776044196553,16988.216666666667
VITORIA,medium_active,medium,True,3,0.004637010760868754,0.4178906850703182,0.4132536743094494,-3.6101619027070058,168.24638637657063,171.85654827927763,0.0062214273038948276,0.07992832247485854,0.07370689517096371,-0.011854929389670588,2.503648299516945,2.5155032289066157,0.0018132521989436406,0.11922975380102328,0.11741650160207964,-0.003526324786100689,0.04402529458902462,0.04755161937512531,17198.2
VITORIA,medium_active,medium,True,4,0.004325810767933258,0.41837808859205367,0.4140522778241204,-6.18473551964766,169.17291236283853,175.3576478824862,-0.000758077337407348,0.07903728584472716,0.07979536318213451,0.003472580913626011,2.506556595430351,2.503084014516725,0.007291512841897066,0.1207673246054675,0.11347581176357044,0.0038540447022050034,0.03566557273535962,0.03181152803315462,17585.166666666668
VITORIA,medium_active,medium,True,5,-0.0042337360366286325,0.4186360271775028,0.42286976321413144,4.422583239307755,172.33381084309167,167.9112276037839,0.0029819505323336187,0.07770496130528706,0.07472301077295344,0.009380765947265779,2.522613609665148,2.513232843717882,-0.001480235676358757,0.11827121313880906,0.11975144881516782,-0.00025930443705578926,0.03363198742825181,0.0338912918653076,16938.65
VITORIA,medium_active,medium,True,6,-0.012577067136208875,0.41407170957545614,0.426648776711665,1.0311323503267715,170.7171063808168,169.68597403049003,-0.0022773661842061532,0.07857457090218573,0.08085193708639188,0.00385139114532862,2.5065282415482693,2.5026768504029406,-0.0051927052621744685,0.11596478142714742,0.12115748668932189,-0.007481142278474337,0.034301547842560155,0.04178269012103449,17576.266666666666
VITORIA,medium_active,medium,True,7,0.00036279066915873015,0.42203217073145965,0.4216693800623009,2.8328071219421815,169.13407510806672,166.30126798612454,-0.007499287539441596,0.07437762754435427,0.08187691508379587,0.01996830304186492,2.5267271669357836,2.5067588638939187,-0.004952254159060657,0.11945255132446428,0.12440480548352494,0.00034783239788903353,0.03347519998917268,0.033127367591283645,16689.8
VITORIA,medium_active,medium,True,8,-0.005901694700427285,0.41589526154098433,0.4217969562414116,6.5474926715967,177.44981040137088,170.90231772977418,0.001014856887269086,0.07908880680769743,0.07807394992042835,0.007675485839728324,2.521456377038082,2.5137808911983535,-0.0008455834724813843,0.11559457344557177,0.11644015691805315,0.004791996396485913,0.04154558251419886,0.03675358611771295,17169.183333333334
VITORIA,medium_active,medium,True,9,0.006234442014441621,0.4208196638978999,0.41458522188345825,-1.481639203151076,171.91473355636478,173.39637275951586,0.005346581359249092,0.07932112202886735,0.07397454066961826,0.004981039138336474,2.517641809338472,2.5126607702001356,0.005243602724074148,0.12158294574215495,0.1163393430180808,0.016565415567031616,0.0547060952028979,0.03814067963586629,17182.216666666667
RIO DE JANEIRO,high_inactive,high,False,0,-0.003937958244785045,0.5634324113138319,0.567370369558617,0.8945368616898008,155.04880685978958,154.15426999809978,0.0013068007931222037,0.0848344732091247,0.0835276724160025,0.001131360402245818,2.494854007650636,2.49372264724839,-0.0005049828384726118,0.12735295611417508,0.1278579389526477,0.000310978741865562,0.02504656181080144,0.024735583068935876,110129.63333333333
RIO DE JANEIRO,high_inactive,high,False,1,0.0012985071538826887,0.5726008242633077,0.571302317109425,-2.1807500194006764,160.30629122677882,162.4870412461795,8.112554262987293e-06,0.08233359884024583,0.08232548628598284,0.00023148707708964267,2.498274006026442,2.4980425189493523,0.0009628735608540745,0.12063242227254913,0.11966954871169505,7.330178837891901e-05,0.024558466048537776,0.024485164260158856,111434.31666666667
RIO DE JANEIRO,high_inactive,high,False,2,-0.011322656427116606,0.5740039720299068,0.5853266284570234,0.43565130725045265,158.06497159574045,157.62932028849,-0.0038926774936473146,0.0783984004980215,0.08229107799166882,-0.003480452666135392,2.4947914329425394,2.4982718856086747,-0.001553208879545534,0.1229930239336609,0.12454623281320644,-0.0012440485532109226,0.02380668481115895,0.025050733364369873,112501.43333333333
RIO DE JANEIRO,high_inactive,high,False,3,-0.007523432815275677,0.5732697876762696,0.5807932204915452,-0.30103651740446935,162.15059755981773,162.4516340772222,0.00055217109125974,0.08493307517984437,0.08438090408858463,0.003179014670794622,2.4997279569643758,2.496548942293581,-0.0010183317476368664,0.12099367858374607,0.12201201033138294,-0.0002806355156503189,0.02476521409589654,0.02504584961154686,111231.45
RIO DE JANEIRO,high_inactive,high,False,4,0.00010849517105215867,0.5766898377731503,0.5765813426020981,-0.5282571854055789,152.08707494492134,152.61533213032692,0.0014993905187941775,0.08263729817442593,0.08113790765563175,0.0015016545889929844,2.493024205626639,2.491522551037646,0.0015560011474077262,0.13001855705374304,0.12846255590633532,0.0002266379877602226,0.025404299064216155,0.025177661076455932,109659.71666666666
RIO DE JANEIRO,high_active,high,True,0,0.007617303868480141,0.5749876734270971,0.567370369558617,2.6223590272746264,156.7766290253744,154.15426999809978,0.0037527888261745662,0.08728046124217706,0.0835276724160025,0.01036895858048581,2.504091605828876,2.49372264724839,-0.00021699829349022814,0.12764094065915746,0.1278579389526477,0.0006376078057592285,0.025373190874695105,0.024735583068935876,109785.26666666666
RIO DE JANEIRO,high_active,high,True,1,0.0057288007229922,0.5770311178324172,0.571302317109425,-4.690533133550076,157.79650811262943,162.4870412461795,0.0012878651467984753,0.08361335143278131,0.08232548628598284,0.005585181250175708,2.503627700199528,2.4980425189493523,0.006573415940547861,0.1262429646522429,0.11966954871169505,0.0006553609153056861,0.025140525175464543,0.024485164260158856,110043.13333333333
RIO DE JANEIRO,high_active,high,True,2,-0.009915415561278285,0.5754112128957451,0.5853266284570234,-0.9224715336406462,156.70684875484935,157.62932028849,-0.0022872539064235226,0.0800038240852453,0.08229107799166882,0.0034165523353508753,2.5016884379440256,2.4982718856086747,-0.000234937785122874,0.12431129502808357,0.12454623281320644,-0.0007384528470531296,0.024312280517316744,0.025050733364369873,111901.26666666666
RIO DE JANEIRO,high_active,high,True,3,-0.0028905025918037897,0.5779027178997415,0.5807932204915452,-6.109345079441624,156.34228899778057,162.4516340772222,-0.0010599798792129966,0.08332092420937164,0.08438090408858463,-0.0011953207633652596,2.495353621530216,2.496548942293581,0.0051451032119328305,0.12715711354331577,0.12201201033138294,-0.00015361138606753005,0.02489223822547933,0.02504584961154686,110420.7
RIO DE JANEIRO,high_active,high,True,4,0.0053248552858646825,0.5819061978879628,0.5765813426020981,3.7041044906383433,156.31943662096526,152.61533213032692,0.0012727065856708575,0.08241061424130261,0.08113790765563175,0.007052267728373529,2.4985748187660195,2.491522551037646,-0.0015415471376331036,0.12692100876870221,0.12846255590633532,-0.00011331464853686288,0.02506434642791907,0.025177661076455932,110212.86666666667
RIO DE JANEIRO,low_inactive,low,False,0,0.005759439592137872,0.5731298091507548,0.567370369558617,1.9654923634620047,156.11976236156178,154.15426999809978,0.000658016670595063,0.08418568908659756,0.0835276724160025,0.0014594299723733606,2.4951820772207634,2.49372264724839,-0.0024581674292210864,0.1253997715234266,0.1278579389526477,0.0004466689126865035,0.02518225198162238,0.024735583068935876,110247.3
RIO DE JANEIRO,low_inactive,low,False,1,-0.0007779478113382199,0.5705243692980868,0.571302317109425,-2.6455500567061563,159.84149118947335,162.4870412461795,-0.0019919248657134375,0.0803335614202694,0.08232548628598284,-0.00016258692339832237,2.497879932025954,2.4980425189493523,0.0031223994713203557,0.1227919481830154,0.11966954871169505,0.00011162170133192928,0.024596785961490786,0.024485164260158856,111534.41666666667
RIO DE JANEIRO,low_inactive,low,False,2,-0.011724148871940954,0.5736024795850825,0.5853266284570234,-4.204850769799947,153.42446951869005,157.62932028849,-0.0015428581113439005,0.08074821988032492,0.08229107799166882,-0.0034239194604115397,2.494847966148263,2.4982718856086747,0.003059229403759231,0.12760546221696567,0.12454623281320644,-0.0002924558749696493,0.024758277489400224,0.025050733364369873,111077.31666666667
RIO DE JANEIRO,low_inactive,low,False,3,-0.002938918291237713,0.5778543022003075,0.5807932204915452,-2.813503419098936,159.63813065812326,162.4516340772222,-1.0415073288611021e-05,0.08437048901529602,0.08438090408858463,5.993085918643004e-05,2.4966088731527676,2.496548942293581,-0.0005837084153582084,0.12142830191602473,0.12201201033138294,-0.00016440607519568537,0.024881443536351175,0.02504584961154686,110498.88333333333
RIO DE JANEIRO,low_inactive,low,False,4,0.0017796545868787872,0.5783609971889769,0.5765813426020981,2.7730444913128736,155.3883766216398,152.61533213032692,0.0018385403321779376,0.08297644798780969,0.08113790765563175,0.0028602545060567586,2.4943828055437027,2.491522551037646,-0.001929298416456171,0.12653325748987915,0.12846255590633532,-0.0001505321218151362,0.025027128954640796,0.025177661076455932,110798.76666666666
RIO DE JANEIRO,low_active,low,True,0,0.011230032367545828,0.5786004019261628,0.567370369558617,0.41955559433444023,154.57382559243422,154.15426999809978,0.003672537064658865,0.08720020948066136,0.0835276724160025,0.009935663871137645,2.5036583111195276,2.49372264724839,0.0016052572253145714,0.12946319617796226,0.1278579389526477,0.0007637505314874553,0.02549933360042333,0.024735583068935876,109540.63333333333
RIO DE JANEIRO,low_active,low,True,1,-0.0012016024878886977,0.5701007146215363,0.571302317109425,-3.488778636466293,158.9982626097132,162.4870412461795,-6.310834047842939e-05,0.08226237794550441,0.08232548628598284,0.0025308603748204206,2.5005733793241727,2.4980425189493523,0.004893537109464927,0.12456308582115998,0.11966954871169505,0.00041164667459387197,0.02489681093475273,0.024485164260158856,111171.38333333333
RIO DE JANEIRO,low_active,low,True,2,-0.0005174281519432222,0.5848092003050802,0.5853266284570234,0.010816227201360107,157.64013651569135,157.62932028849,0.0011839242356613128,0.08347500222733013,0.08229107799166882,0.004974205257780806,2.5032460908664556,2.4982718856086747,0.0007438400834015174,0.12529007289660796,0.12454623281320644,6.037765463352482e-05,0.025111111019003398,0.025050733364369873,110517.5
RIO DE JANEIRO,low_active,low,True,3,0.003121779449096862,0.5839149999406421,0.5807932204915452,-7.770297042984822,154.68133703423737,162.4516340772222,-0.0009979271877101903,0.08338297690087444,0.08438090408858463,9.36227004673107e-05,2.4966425649940485,2.496548942293581,0.005100252399237601,0.12711226273062054,0.12201201033138294,6.65054958930017e-05,0.025112355107439862,0.02504584961154686,110246.28333333334
RIO DE JANEIRO,low_active,low,True,4,0.0009720262074732755,0.5775533688095714,0.5765813426020981,1.4915371592705924,154.1068692895975,152.61533213032692,0.0019437705577949882,0.08308167821342674,0.08113790765563175,0.008855168355333731,2.5003777193929797,2.491522551037646,-0.0007989184214089173,0.1276636374849264,0.12846255590633532,-3.144806631169561e-05,0.025146213010144237,0.025177661076455932,109471.16666666667
RIO DE JANEIRO,medium_active,medium,True,0,-0.007942296533983373,0.5594280730246336,0.567370369558617,0.8814613085297935,155.03573130662957,154.15426999809978,0.0031156910690610523,0.08664336348506355,0.0835276724160025,0.00928379061914164,2.5030064378675316,2.49372264724839,-0.00044177717763363433,0.12741616177501405,0.1278579389526477,0.00042868080671098,0.025164263875646856,0.024735583068935876,109946.56666666667
RIO DE JANEIRO,medium_active,medium,True,1,0.004110953552083241,0.5754132706615083,0.571302317109425,-4.441941831609483,158.04509941457002,162.4870412461795,0.0021472399559180483,0.08447272624190089,0.08232548628598284,0.004400778969214869,2.502443297918567,2.4980425189493523,0.005589766154363934,0.12525931486605899,0.11966954871169505,0.0005271405094096834,0.02501230476956854,0.024485164260158856,110729.43333333333
RIO DE JANEIRO,medium_active,medium,True,2,-0.006151325179631129,0.5791753032773923,0.5853266284570234,1.091354913865473,158.72067520235547,157.62932028849,-0.00047706209826714474,0.08181401589340168,0.08229107799166882,0.006201070617873672,2.5044729562265484,2.4982718856086747,0.0009946225642471912,0.12554085537745363,0.12454623281320644,-0.00034216156913920853,0.024708571795230665,0.025050733364369873,110694.5
RIO DE JANEIRO,medium_active,medium,True,3,-0.006175122776991726,0.5746180977145535,0.5807932204915452,-9.138736472508128,153.31289760471407,162.4516340772222,-0.0024346283932468876,0.08194627569533774,0.08438090408858463,-0.0015010710666598648,2.4950478712269213,2.496548942293581,0.005330839115404065,0.127342849446787,0.12201201033138294,-5.374724948584847e-05,0.024992102362061012,0.02504584961154686,110629.43333333333
RIO DE JANEIRO,medium_active,medium,True,4,0.007059981502012813,0.583641324104111,0.5765813426020981,3.4552388287442852,156.0705709590712,152.61533213032692,0.0017948090835561564,0.08293271673918791,0.08113790765563175,0.008623085272789321,2.5001456363104353,2.491522551037646,-0.0012360177912293102,0.127226538115106,0.12846255590633532,0.00013170767538963832,0.02530936875184557,0.025177661076455932,109513.03333333334
RIO DE JANEIRO,high_inactive,high,False,5,-0.008200575301041235,0.5685790685984243,0.5767796438994656,2.1576922562185814,156.5618539494214,154.4041616932028,0.0013752853701916035,0.08087789772131404,0.07950261235112244,0.001158265640362366,2.4951116490503287,2.4939533834099663,-0.0006423501331804249,0.1260400694754849,0.12668241960866533,-0.0004345316257472545,0.024359739091062173,0.024794270716809428,111812.85
RIO DE JANEIRO,high_inactive,high,False,6,0.013211181459698462,0.5823629371625313,0.5691517557028328,-1.5887486389718788,155.6687335276539,157.25748216662578,0.0008669781012892869,0.08495466894574942,0.08408769084446013,-0.002168610942608229,2.497677592949935,2.499846203892543,0.001400531929361154,0.1269537075239139,0.12555317559455276,1.1489726573842701e-05,0.0252614738487464,0.025249984122172556,110181.66666666667
RIO DE JANEIRO,high_inactive,high,False,7,0.0022836496688062313,0.5771489458659169,0.5748652961971107,1.131899237407083,161.0789857753262,159.94708653791912,0.0018243522223315434,0.08553276529512603,0.08370841307279449,0.002779743472581142,2.4990721642875466,2.4962924208149655,0.00028710093290873484,0.1234699198444116,0.12318281891150286,-0.00016608835058946891,0.025012283032498712,0.02517837138308818,110635.75
RIO DE JANEIRO,high_inactive,high,False,8,0.008799503243264506,0.5740662664328633,0.5652667631895988,-3.412598213914663,157.13395869230757,160.54655690622224,0.0012331118076614744,0.0825985403093994,0.08136542850173792,-0.005605981202285282,2.4901551365437413,2.4957611177460266,-0.0007057934915767478,0.12212488933976143,0.12283068283133818,0.0001342004202549811,0.02504643269315544,0.02491223227290046,110888.93333333333
RIO DE JANEIRO,high_inactive,high,False,9,-0.018040250638095445,0.5582953416607108,0.5763355922988063,-1.7182493727025303,154.46231100972685,156.18056038242938,-0.0019331082887281414,0.08262443726508714,0.08455754555381528,-0.005548869331693407,2.494201127520524,2.499749996852217,-0.001011979523935419,0.12610849419141826,0.12712047371535368,-0.00023758997169171306,0.02505593072917799,0.025293520700869702,110183.31666666667
RIO DE JANEIRO,high_active,high,True,5,-0.0009372837147934021,0.5758423601846722,0.5767796438994656,-1.1540348941203717,153.25012679908244,154.4041616932028,0.0018556051877334917,0.08135821753885593,0.07950261235112244,0.0026127103289868003,2.496566093738953,2.4939533834099663,0.0017516233025615113,0.12843404291122684,0.12668241960866533,6.82569579578303e-05,0.02486252767476726,0.024794270716809428,110846.5
RIO DE JANEIRO,high_active,high,True,6,0.0043983441208689245,0.5735500998237018,0.5691517557028328,3.1214763622575106,160.3789585288833,157.25748216662578,-0.002431639662365981,0.08165605118209415,0.08408769084446013,0.0030329301474383286,2.5028791340399814,2.499846203892543,-0.00447834691146233,0.12107482868309043,0.12555317559455276,-0.0004140404311900915,0.024835943690982465,0.025249984122172556,111398.61666666667
RIO DE JANEIRO,high_active,high,True,7,-0.004102244765461283,0.5707630514316494,0.5748652961971107,-0.8986382944157185,159.0484482435034,159.94708653791912,0.0013282278302902267,0.08503664090308471,0.08370841307279449,0.0034625339219824802,2.499754954736948,2.4962924208149655,0.0009322343459180482,0.12411505325742091,0.12318281891150286,-0.00015639041119400177,0.02502198097189418,0.02517837138308818,110319.4
RIO DE JANEIRO,high_active,high,True,8,0.009676673011906,0.5749434362015048,0.5652667631895988,-2.399670620448262,158.14688628577397,160.54655690622224,0.0015079325314877323,0.08287336103322565,0.08136542850173792,0.006240950132046397,2.502002067878073,2.4957611177460266,0.0017278016860326623,0.12455848451737084,0.12283068283133818,-0.00022201438803663015,0.02469021788486383,0.02491223227290046,111306.16666666667
RIO DE JANEIRO,high_active,high,True,9,-0.003006828907228365,0.5733287633915779,0.5763355922988063,-0.006642447835019993,156.17391793459436,156.18056038242938,-0.002950695274034257,0.08160685027978103,0.08455754555381528,-0.0026351419197387926,2.4971148549324784,2.499749996852217,-0.0019514020227503481,0.12516907169260333,0.12712047371535368,-0.0005505332099906661,0.024742987490879036,0.025293520700869702,111279.51666666666
RIO DE JANEIRO,low_inactive,low,False,5,-0.010715274594011559,0.566064369305454,0.5767796438994656,-2.4563534790861468,151.94780821411666,154.4041616932028,-0.0011487912352545482,0.07835382111586789,0.07950261235112244,-0.0006038450882344115,2.493349538321732,2.4939533834099663,0.0020793386812120174,0.12876175828987735,0.12668241960866533,9.292752034942287e-06,0.02480356346884437,0.024794270716809428,111280.01666666666
RIO DE JANEIRO,low_inactive,low,False,6,0.004843271624682788,0.5739950273275156,0.5691517557028328,1.693049582840132,158.9505317494659,157.25748216662578,-0.0007524937742801885,0.08333519707017994,0.08408769084446013,-0.002794671638482349,2.4970515322540607,2.499846203892543,-0.001280368953517616,0.12427280664103514,0.12555317559455276,-0.0006529187774885481,0.02459706534468401,0.025249984122172556,111569.9
RIO DE JANEIRO,low_inactive,low,False,7,0.0010045438992406508,0.5758698400963513,0.5748652961971107,-2.7892511271124647,157.15783541080665,159.94708653791912,0.0002637943615944327,0.08397220743438892,0.08370841307279449,-0.0011959821848037677,2.4950964386301617,2.4962924208149655,0.0021971291979729496,0.1253799481094758,0.12318281891150286,-0.00010861633401380855,0.025069755049074372,0.02517837138308818,110170.86666666667
RIO DE JANEIRO,low_inactive,low,False,8,0.00992006987628713,0.5751868330658859,0.5652667631895988,-1.0875058796294468,159.4590510265928,160.54655690622224,0.001994058073341909,0.08335948657507983,0.08136542850173792,-0.0020333434697343833,2.493727774276292,2.4957611177460266,0.0008473865215121446,0.12367806935285032,0.12283068283133818,0.0003828225491404394,0.025295054822040898,0.02491223227290046,110298.53333333334
RIO DE JANEIRO,low_inactive,low,False,9,0.006789597899655386,0.5831251901984617,0.5763355922988063,-1.9255970333535686,154.2549633490758,156.18056038242938,0.0010315770599668705,0.08558912261378215,0.08455754555381528,-0.007952199692398132,2.491797797159819,2.499749996852217,0.0010018578159935732,0.12812233153134725,0.12712047371535368,-0.00014057411778807885,0.025152946583081624,0.025293520700869702,109450.46666666666
RIO DE JANEIRO,low_active,low,True,5,-0.00681876806703241,0.5699608758324332,0.5767796438994656,1.6608592720537843,156.0650209652566,154.4041616932028,0.0006765779872372618,0.0801791903383597,0.07950261235112244,0.005694789666740974,2.4996481730767073,2.4939533834099663,-0.001539840480711152,0.12514257912795418,0.12668241960866533,-0.00026319428895667935,0.02453107642785275,0.024794270716809428,112156.31666666667
RIO DE JANEIRO,low_active,low,True,6,0.008805769368409488,0.5779575250712423,0.5691517557028328,6.0152302440152425,163.27271241064102,157.25748216662578,-0.0017350612024461531,0.08235262964201398,0.08408769084446013,0.0036727387277961654,2.5035189426203392,2.499846203892543,-0.005763704678970694,0.11978947091558206,0.12555317559455276,-0.0011277908853764111,0.024122193236796145,0.025249984122172556,112180.73333333334
RIO DE JANEIRO,low_active,low,True,7,-0.006467993171916819,0.5683973030251939,0.5748652961971107,-2.1806876296432165,157.7663989082759,159.94708653791912,0.00010260343356344181,0.08381101650635793,0.08370841307279449,0.005735652076070519,2.502028072891036,2.4962924208149655,0.0014849761360411912,0.12466779504754405,0.12318281891150286,-0.0002956449026766325,0.024882726480411548,0.02517837138308818,110789.9
RIO DE JANEIRO,low_active,low,True,8,0.015011455262507023,0.5802782184521058,0.5652667631895988,-6.568460449655106,153.97809645656713,160.54655690622224,0.0037646479063992294,0.08513007640813715,0.08136542850173792,0.003538872770135537,2.499299990516162,2.4957611177460266,0.004413320175656224,0.1272440030069944,0.12283068283133818,0.000240408944993796,0.025152641217894255,0.02491223227290046,110201.95
RIO DE JANEIRO,low_active,low,True,9,-0.029976835434985416,0.5463587568638208,0.5763355922988063,3.2802483062133376,159.46080868864271,156.18056038242938,-0.002630387324223951,0.08192715822959133,0.08455754555381528,-0.0013420916825239715,2.4984079051696932,2.499749996852217,-0.004785171361815679,0.122335302353538,0.12712047371535368,-0.0006903919441823003,0.024603128756687402,0.025293520700869702,111668.08333333333
RIO DE JANEIRO,medium_active,medium,True,5,0.0016297341567750312,0.5784093780562406,0.5767796438994656,2.341423928024085,156.7455856212269,154.4041616932028,0.002956846495799359,0.0824594588469218,0.07950261235112244,0.006298933701333276,2.5002523171112996,2.4939533834099663,5.1905651046013634e-05,0.12673432525971134,0.12668241960866533,0.00013729088513664278,0.02493156160194607,0.024794270716809428,110692.9
RIO DE JANEIRO,medium_active,medium,True,6,0.008381491859167478,0.5775332475620003,0.5691517557028328,5.528919255130489,162.78640142175627,157.25748216662578,-0.002348123043710737,0.0817395678007494,0.08408769084446013,0.0019932193874478976,2.501839423279991,2.499846203892543,-0.006372752467975404,0.11918042312657735,0.12555317559455276,-0.0006700546341806453,0.02457992948799191,0.025249984122172556,112343.2
RIO DE JANEIRO,medium_active,medium,True,7,0.0021280800271797906,0.5769933762242905,0.5748652961971107,-1.6702507840981298,158.276835753821,159.94708653791912,0.0011571396773482207,0.08486555275014271,0.08370841307279449,0.004313522101106582,2.500605942916072,2.4962924208149655,0.0019444891508284962,0.12512730806233135,0.12318281891150286,2.6276199700869113e-05,0.02520464758278905,0.02517837138308818,110262.75
RIO DE JANEIRO,medium_active,medium,True,8,0.00861771286494939,0.5738844760545482,0.5652667631895988,-1.0190065954035674,159.52755031081867,160.54655690622224,0.002860635894433222,0.08422606439617114,0.08136542850173792,0.007819369185521285,2.503580486931548,2.4957611177460266,0.002396898975110376,0.12522758180644855,0.12283068283133818,2.028173172105227e-05,0.02493251400462151,0.02491223227290046,111023.71666666666
RIO DE JANEIRO,medium_active,medium,True,9,0.002625759082616752,0.578961351381423,0.5763355922988063,0.6299758650292517,156.81053624745863,156.18056038242938,-0.002880326045528764,0.08167721950828652,0.08455754555381528,-0.0020078688075173545,2.4977421280447,2.499749996852217,-0.0020045734606344567,0.12511590025471922,0.12712047371535368,-0.00032325928244024416,0.02497026141842946,0.025293520700869702,110376.18333333333
SAO PAULO,high_inactive,high,False,0,0.0006635529032789078,0.7220241563483198,0.7213606034450409,0.6617881444550164,156.46409919273185,155.80231104827683,0.0015447394800397612,0.08699758655533632,0.08545284707529656,-0.00034213616401235214,2.549582724613876,2.5499248607778884,-0.0005033197255568389,0.13450694735998459,0.13501026708554142,-1.0401462628199798e-05,0.03026453556791188,0.03027493703054008,190869.08333333334
SAO PAULO,high_inactive,high,False,1,-0.00631004953901293,0.6932419942134046,0.6995520437524175,1.1054204727907688,158.75712605117513,157.65170557838437,-0.00018297641826156563,0.08946993578424714,0.0896529122025087,0.0010864691500556134,2.5482939295212503,2.5472074603711947,-0.0007125653640632779,0.1334542157680127,0.13416678113207597,-0.0001246990701280308,0.03029321430073595,0.03041791337086398,190547.85
SAO PAULO,high_inactive,high,False,2,-0.010495696912645958,0.7062114066230005,0.7167071035356465,0.6390140484342908,157.92716535191147,157.28815130347718,0.0020071247006039072,0.0879367859296246,0.0859296612290207,-0.0009779626251043005,2.550445643019861,2.5514236056449655,0.0003949936788603392,0.13422448782336474,0.1338294941445044,0.0004528205304632736,0.03044652000878505,0.029993699478321777,190822.26666666666
SAO PAULO,high_active,high,True,0,-0.0025879165933542225,0.7187726868516867,0.7213606034450409,2.311694964071137,158.11400601234797,155.80231104827683,0.003859819833823483,0.08931266690912004,0.08545284707529656,0.007371655883343209,2.5572965166612316,2.5499248607778884,-0.0005202823403379631,0.13448998474520346,0.13501026708554142,0.0001738635182584984,0.030448800548798578,0.03027493703054008,191083.46666666667
SAO PAULO,high_active,high,True,1,0.0271451532831799,0.7266971970355974,0.6995520437524175,-5.983865529852238,151.66784004853213,157.65170557838437,-0.002578587594288681,0.08707432460822002,0.0896529122025087,0.006163982000010559,2.5533714423712053,2.5472074603711947,0.004299465235996391,0.13846624636807237,0.13416678113207597,7.301237644714159e-05,0.03049092574731112,0.03041791337086398,189883.68333333332
SAO PAULO,high_active,high,True,2,0.015405475610682617,0.7321125791463291,0.7167071035356465,-0.13220970017789568,157.15594160329928,157.28815130347718,0.0028331775203204457,0.08876283874934114,0.0859296612290207,0.0047290514346536305,2.556152657079619,2.5514236056449655,0.0007466480743892889,0.1345761422188937,0.1338294941445044,0.0005169284747244193,0.030510627953046196,0.029993699478321777,190714.65
SAO PAULO,low_inactive,low,False,0,0.0011446106307130277,0.722505214075754,0.7213606034450409,0.3777408573442642,156.1800519056211,155.80231104827683,0.0014634479010962737,0.08691629497639283,0.08545284707529656,-0.0014146914260342314,2.548510169351854,2.5499248607778884,-9.351666347059973e-05,0.13491675042207082,0.13501026708554142,0.00020239617693474168,0.03047733320747482,0.03027493703054008,190829.2
SAO PAULO,low_inactive,low,False,1,0.015653167151382652,0.7152052109038002,0.6995520437524175,-0.12390527589096223,157.5278003024934,157.65170557838437,-0.0017276197535998766,0.08792529244890883,0.0896529122025087,0.002947199354281338,2.550154659725476,2.5472074603711947,0.0015252595212093822,0.13569204065328536,0.13416678113207597,0.0002130380023545493,0.03063095137321853,0.03041791337086398,190631.15
SAO PAULO,low_inactive,low,False,2,0.013146580868785507,0.729853684404432,0.7167071035356465,0.8440987995952582,158.13225010307244,157.28815130347718,0.002696728316605862,0.08862638954562656,0.0859296612290207,-0.003381865735192502,2.548041739909773,2.5514236056449655,-0.00035397955864344133,0.13347551458586096,0.1338294941445044,0.0002714145881270412,0.030265114066448818,0.029993699478321777,191372.48333333334
SAO PAULO,low_active,low,True,0,-0.014342471639848031,0.7070181318051929,0.7213606034450409,-0.3339505434297223,155.4683605048471,155.80231104827683,-0.0015894325261659736,0.08386341454913059,0.08545284707529656,0.006645430117087958,2.5565702908949763,2.5499248607778884,0.0014841031935330096,0.13649437027907443,0.13501026708554142,4.103818175960408e-05,0.030315975212299683,0.03027493703054008,189502.53333333333
SAO PAULO,low_active,low,True,1,0.017965913906304865,0.7175179576587224,0.6995520437524175,-1.6164426914564558,156.0352628869279,157.65170557838437,-0.001236137810543561,0.08841677439196514,0.0896529122025087,0.008038230928450574,2.5552456912996453,2.5472074603711947,0.001992186290411646,0.13615896742248762,0.13416678113207597,-8.93863678467742e-05,0.030328527003017205,0.03041791337086398,190707.9
SAO PAULO,low_active,low,True,2,0.015125482536455626,0.7318325860721021,0.7167071035356465,1.1934455624860902,158.48159686596327,157.28815130347718,0.003885789350587296,0.08981545057960799,0.0859296612290207,0.002510400474806218,2.5539340061197717,2.5514236056449655,-8.233401003607255e-05,0.13374716013446833,0.1338294941445044,0.0006591966402796148,0.03065289611860139,0.029993699478321777,189794.9
SAO PAULO,medium_active,medium,True,0,-0.0017154778126186043,0.7196451256324223,0.7213606034450409,3.1593376581211317,158.96164870639797,155.80231104827683,0.0031231528063769,0.08857599988167346,0.08545284707529656,0.003256500151169295,2.5531813609290577,2.5499248607778884,-0.0014538886489718628,0.13355637843656956,0.13501026708554142,-9.672198485016423e-05,0.030178215045689915,0.03027493703054008,191731.18333333332
SAO PAULO,medium_active,medium,True,1,0.026235781253752255,0.7257878250061698,0.6995520437524175,-3.109086340981804,154.54261923740256,157.65170557838437,-0.0015829854911959818,0.08806992671131272,0.0896529122025087,0.008489522602125987,2.5556969829733207,2.5472074603711947,0.0033479091139608508,0.13751469024603682,0.13416678113207597,8.643025643045171e-05,0.03050434362729443,0.03041791337086398,189654.15
SAO PAULO,medium_active,medium,True,2,0.014356225023780866,0.7310633285594274,0.7167071035356465,1.782131345029626,159.0702826485068,157.28815130347718,0.0025346893932066406,0.08846435062222734,0.0859296612290207,0.004261808537283418,2.555685414182249,2.5514236056449655,-0.0010010149199929097,0.1328284792245115,0.1338294941445044,0.0004539290688958496,0.030447628547217626,0.029993699478321777,190944.55
SAO PAULO,high_inactive,high,False,3,-0.018334685936133965,0.7004480401216084,0.7187827260577424,0.37693326948758,161.0062079429396,160.62927467345202,-0.0008065678539055238,0.087368762269011,0.08817533012291652,-1.9785126589511037e-05,2.543635328501407,2.5436551136279966,-8.276118639211072e-05,0.1313180230669154,0.1314007842533075,-0.00015659912487927738,0.030139776211253626,0.030296375336132903,192663.15
SAO PAULO,high_inactive,high,False,4,-0.006088619868719336,0.7137479155441283,0.7198365354128476,0.7948560729886083,157.62077993309705,156.82592386010845,-0.0009707335851172061,0.08725121817502686,0.08822195176014407,0.0008418680240320775,2.5452335963409847,2.5443917283169526,-0.0002173326049155766,0.13446672944553933,0.1346840620504549,-0.0003622520803762061,0.02998569987845428,0.030347951958830485,191486.21666666667
SAO PAULO,high_inactive,high,False,5,0.0019824308896183584,0.7344458671753102,0.7324634362856919,-2.719322727163757,151.42725967049708,154.14658239766084,-0.00043920825636882543,0.08767393851427499,0.08811314677064382,-0.0014559945370962168,2.5430654688708088,2.544521463407905,0.001726659789081153,0.14005262451298492,0.13832596472390377,0.000296359820916043,0.030789311679425137,0.030492951858509094,188748.18333333332
SAO PAULO,high_active,high,True,3,-0.012983738774075992,0.7057989872836664,0.7187827260577424,-1.4833645412008707,159.14591013225115,160.62927467345202,-0.0009829287878252713,0.08719240133509125,0.08817533012291652,0.006776193865491109,2.5504313074934877,2.5436551136279966,0.002236224050291419,0.13363700830359893,0.1314007842533075,-0.00030720566796653415,0.02998916966816637,0.030296375336132903,191394.83333333334
SAO PAULO,high_active,high,True,4,0.00034039171223054776,0.7201769271250782,0.7198365354128476,1.8887520614788116,158.71467592158726,156.82592386010845,-0.0004069079935473535,0.08781504376659671,0.08822195176014407,0.008320268751517812,2.5527119970684704,2.5443917283169526,-0.00030646662784955536,0.13437759542260536,0.1346840620504549,-0.0002134342992300628,0.030134517659600422,0.030347951958830485,191092.15
SAO PAULO,high_active,high,True,5,-0.017841978167472905,0.714621458118219,0.7324634362856919,2.6908626971892886,156.83744509485012,154.14658239766084,0.00032314105053250775,0.08843628782117632,0.08811314677064382,0.010057745312481714,2.5545792087203867,2.544521463407905,-0.0027546236664033052,0.13557134105750046,0.13832596472390377,-0.0003427796701374053,0.03015017218837169,0.030492951858509094,189722.18333333332
SAO PAULO,low_inactive,low,False,3,0.005140976822479715,0.7239237028802221,0.7187827260577424,-1.145037127007214,159.4842375464448,160.62927467345202,-0.00020021985936267972,0.08797511026355384,0.08817533012291652,0.0026742530783643303,2.546329366706361,2.5436551136279966,0.0016715138679525565,0.13307229812126006,0.1314007842533075,-7.879305656495819e-05,0.030217582279567945,0.030296375336132903,191077.11666666667
SAO PAULO,low_inactive,low,False,4,0.004502200555974278,0.7243387359688219,0.7198365354128476,2.5521102864115903,159.37803414652004,156.82592386010845,-0.0004704504074477672,0.0877515013526963,0.08822195176014407,-0.0011412456674362303,2.5432504826495164,2.5443917283169526,-0.0003239762030718407,0.13436008584738307,0.1346840620504549,-0.00027429451736977334,0.030073657441460712,0.030347951958830485,191701.85
SAO PAULO,low_inactive,low,False,5,0.0012201979025778797,0.7336836341882698,0.7324634362856919,0.9587150543817415,155.10529745204258,154.14658239766084,-0.001589548564202889,0.08652359820644093,0.08811314677064382,-0.0005627168274737748,2.543958746580431,2.544521463407905,-0.0015038105830710302,0.13682215414083274,0.13832596472390377,0.0002004592969286692,0.030693411155437764,0.030492951858509094,190469.85
SAO PAULO,low_active,low,True,3,-0.013289783329010763,0.7054929427287316,0.7187827260577424,-1.069302792198016,159.559971881254,160.62927467345202,0.0019484274523539485,0.09012375757527047,0.08817533012291652,0.00876322986553646,2.552418343493533,2.5436551136279966,0.0022150999441025443,0.13361588419741005,0.1314007842533075,-0.00011821405385831207,0.03017816128227459,0.030296375336132903,190562.88333333333
SAO PAULO,low_active,low,True,4,-0.007269424428468785,0.7125671109843789,0.7198365354128476,4.690685335075813,161.51660919518426,156.82592386010845,-0.00023379272568092857,0.08798815903446314,0.08822195176014407,0.007614988855205507,2.552006717172158,2.5443917283169526,-0.002547864009977585,0.13213619804047733,0.1346840620504549,-0.00035073274395339485,0.02999721921487709,0.030347951958830485,192260.38333333333
SAO PAULO,low_active,low,True,5,-0.022009386585471802,0.7104540497002201,0.7324634362856919,2.550908827419903,156.69749122508074,154.14658239766084,-4.2285536128894297e-05,0.08807086123451492,0.08811314677064382,0.007790321428823077,2.552311784836728,2.544521463407905,-0.003123248780604798,0.13520271594329897,0.13832596472390377,-0.0003915152447721247,0.03010143661373697,0.030492951858509094,191098.13333333333
SAO PAULO,medium_active,medium,True,3,-0.00323985638853741,0.715542869669205,0.7187827260577424,-1.5352212547728925,159.09405341867912,160.62927467345202,0.0007040082256436903,0.08887933834856021,0.08817533012291652,0.006307484887832615,2.549962598515829,2.5436551136279966,0.0024372304874948347,0.13383801474080234,0.1314007842533075,-1.4226986787570922e-05,0.030282148349345332,0.030296375336132903,190536.9
SAO PAULO,medium_active,medium,True,4,-0.004912597861013612,0.714923937551834,0.7198365354128476,-0.0038039974479033845,156.82211986266054,156.82592386010845,-0.0011683807061985962,0.08705357105394547,0.08822195176014407,0.009672746910918129,2.5540644752278707,2.5443917283169526,0.0009677551134563145,0.13565181716391123,0.1346840620504549,0.00015052118235857684,0.030498473141189062,0.030347951958830485,190803.91666666666
SAO PAULO,medium_active,medium,True,5,-0.024448156509098484,0.7080152797765934,0.7324634362856919,1.666149258326584,155.81273165598742,154.14658239766084,-0.0013353350889365179,0.0867778116817073,0.08811314677064382,0.006381618123514343,2.5509030815314193,2.544521463407905,-0.0025772051912617278,0.13574875953264204,0.13832596472390377,-9.741009222282923e-05,0.030395541766286265,0.030492951858509094,190275.81666666668
