processing_acps,mun_id,policy_config,interest_housing,policy_melhorias,seed,delta_regional_gini,regional_gini,regional_gini_base,delta_regional_house_values,regional_house_values,regional_house_values_base,delta_median_affordability,median_affordability,median_affordability_base,pop_base
BELEM,1501402,high_inactive,high,False,0,0.006248333333333356,0.37946833333333335,0.37322,8.164216666666647,150.78063333333333,142.61641666666668,0.001588550000000008,0.0639664,0.06237785,13688.883333333333
BELEM,1501402,high_inactive,high,False,1,-0.004725000000000035,0.36767833333333333,0.37240333333333336,0.8505999999999858,148.16108333333332,147.31048333333334,-0.0007290833333333316,0.059007449999999996,0.05973653333333333,13691.633333333333
BELEM,1501402,high_inactive,high,False,2,0.002870000000000039,0.376775,0.373905,-0.599000000000018,151.47406666666666,152.07306666666668,0.002256466666666665,0.06332435,0.061067883333333337,13665.6
BELEM,1501402,high_inactive,high,False,3,-0.012471666666666603,0.36614833333333335,0.37861999999999996,6.867850000000004,159.99485,153.127,-0.001780533333333334,0.06071831666666667,0.06249885,13682.633333333333
BELEM,1501402,high_inactive,high,False,4,0.005598333333333316,0.37592333333333333,0.370325,2.067949999999996,148.5466,146.47865000000002,0.0007046333333333363,0.061081633333333336,0.060377,13661.466666666667
BELEM,1501402,high_inactive,high,False,5,-0.003213333333333346,0.3737566666666667,0.37697,2.6702333333333286,145.08585,142.41561666666666,-0.0003656166666666655,0.0595373,0.05990291666666667,13678.483333333334
BELEM,1501402,high_inactive,high,False,6,-0.009136666666666682,0.36899166666666666,0.37812833333333334,4.3443499999999915,147.38018333333332,143.03583333333333,-0.0007024166666666637,0.05889266666666667,0.05959508333333333,13643.066666666668
BELEM,1501402,high_inactive,high,False,7,-0.007553333333333301,0.37151833333333334,0.37907166666666664,-0.4837833333333208,148.19666666666666,148.68044999999998,-0.00045263333333333405,0.0612821,0.06173473333333333,13680.916666666666
BELEM,1501402,high_inactive,high,False,8,-0.005088333333333361,0.37546166666666664,0.38055,-5.62478333333334,148.04841666666667,153.6732,-0.002678449999999999,0.0610807,0.06375915,13680.65
BELEM,1501402,high_inactive,high,False,9,0.008668333333333333,0.375635,0.36696666666666666,3.6212666666666564,150.45536666666666,146.8341,0.005896283333333328,0.06649141666666666,0.060595133333333336,13692.3
CUIABA,5103403,high_inactive,high,False,0,-0.006623333333333314,0.369105,0.37572833333333333,6.832933333333358,192.58051666666668,185.74758333333332,-0.0011045833333333394,0.07162148333333333,0.07272606666666667,6669.866666666667
CUIABA,5103403,high_inactive,high,False,1,0.007163333333333355,0.3847116666666667,0.3775483333333333,2.3564666666666767,182.72651666666667,180.37005,0.011123833333333319,0.07402141666666666,0.06289758333333334,7013.766666666666
CUIABA,5103403,high_inactive,high,False,2,-0.002686666666666615,0.3742516666666667,0.3769383333333333,-2.418133333333344,182.32708333333332,184.74521666666666,-0.0037772166666666662,0.06429,0.06806721666666667,6874.55
CUIABA,5103403,high_inactive,high,False,3,-0.0025616666666666843,0.37215666666666664,0.3747183333333333,-5.414650000000023,180.5144,185.92905000000002,-0.005661866666666668,0.06643725,0.07209911666666667,6854.116666666667
CUIABA,5103403,high_inactive,high,False,4,-0.0027816666666666823,0.3745283333333333,0.37731,11.324966666666654,185.48684999999998,174.16188333333332,-0.0013526166666666603,0.057530450000000004,0.058883066666666664,7245.5
CUIABA,5103403,high_inactive,high,False,5,0.0020999999999999353,0.3766116666666666,0.3745116666666667,-1.5732833333333076,184.52075000000002,186.09403333333333,0.005474116666666674,0.06490296666666667,0.05942885,7385.0
CUIABA,5103403,high_inactive,high,False,6,-0.00023000000000000798,0.3741966666666666,0.37442666666666663,-15.000033333333334,179.54964999999999,194.54968333333332,-0.008665583333333338,0.06292031666666667,0.07158590000000001,6638.15
CUIABA,5103403,high_inactive,high,False,7,-0.004598333333333315,0.37036833333333335,0.37496666666666667,-0.7183833333333496,179.15025,179.86863333333335,-8.920000000001149e-05,0.06593956666666666,0.06602876666666667,6887.583333333333
CUIABA,5103403,high_inactive,high,False,8,0.00015666666666674933,0.37323500000000004,0.3730783333333333,6.580583333333351,187.189,180.60841666666664,0.00013384999999999786,0.0590079,0.058874050000000004,7352.616666666667
CUIABA,5103403,high_inactive,high,False,9,1.5000000000042757e-05,0.37520333333333333,0.3751883333333333,5.901150000000001,186.91868333333332,181.01753333333332,-0.0006378500000000092,0.06760396666666667,0.06824181666666668,7004.166666666667
GOIANIA,5208707,high_inactive,high,False,0,-0.0014199999999999768,0.450575,0.451995,-4.767366666666703,168.99131666666665,173.75868333333335,-0.0020089500000000093,0.08203936666666665,0.08404831666666666,15886.8
GOIANIA,5208707,high_inactive,high,False,1,-0.003604999999999914,0.4376666666666667,0.4412716666666666,2.773216666666684,181.98975000000002,179.21653333333333,-0.0018059333333333427,0.07681831666666666,0.07862425,15885.083333333334
GOIANIA,5208707,high_inactive,high,False,2,0.0026900000000000257,0.43739833333333333,0.4347083333333333,-2.794633333333337,167.07758333333334,169.87221666666667,0.0004723000000000088,0.07888066666666667,0.07840836666666666,15869.066666666668
GOIANIA,5208707,high_inactive,high,False,3,0.003318333333333312,0.4507083333333333,0.44739,-3.3104999999999905,173.34796666666668,176.65846666666667,0.0026516500000000054,0.08121126666666667,0.07855961666666667,15898.683333333332
GOIANIA,5208707,high_inactive,high,False,4,-0.006900000000000017,0.44279166666666664,0.44969166666666666,-12.725133333333332,175.14381666666668,187.86895,-0.005230799999999994,0.08062646666666667,0.08585726666666667,15847.983333333334
GOIANIA,5208707,high_inactive,high,False,5,0.0011866666666666692,0.45310833333333334,0.45192166666666667,-7.090933333333339,177.76538333333335,184.8563166666667,-0.001868333333333333,0.08029211666666666,0.08216045,15886.583333333334
GOIANIA,5208707,high_inactive,high,False,6,0.010841666666666638,0.44703333333333334,0.4361916666666667,-0.6453000000000202,172.68791666666667,173.3332166666667,-0.0003347499999999948,0.07777885000000001,0.0781136,15863.016666666666
GOIANIA,5208707,high_inactive,high,False,7,-0.0007066666666666888,0.45940666666666663,0.4601133333333333,-5.148166666666668,173.75701666666666,178.90518333333333,-0.00045951666666667335,0.07965068333333333,0.0801102,15877.933333333332
GOIANIA,5208707,high_inactive,high,False,8,0.005328333333333324,0.4567833333333333,0.451455,-2.497550000000018,178.00143333333332,180.49898333333334,0.002339250000000001,0.08509018333333333,0.08275093333333333,15896.966666666667
GOIANIA,5208707,high_inactive,high,False,9,0.004538333333333311,0.452995,0.44845666666666667,2.225999999999999,182.15903333333333,179.93303333333333,-0.002861866666666671,0.07991126666666666,0.08277313333333333,15898.366666666667
MACAPA,1600303,high_inactive,high,False,0,-0.003564999999999985,0.3909766666666667,0.3945416666666667,-1.4104666666666787,159.43035,160.84081666666668,-0.016472383333333326,0.060094850000000005,0.07656723333333333,4931.983333333334
MACAPA,1600303,high_inactive,high,False,1,-0.005766666666666642,0.3913816666666667,0.3971483333333333,1.944250000000011,160.03736666666666,158.09311666666665,0.0047800999999999955,0.06536193333333333,0.060581833333333335,5086.616666666667
MACAPA,1600303,high_inactive,high,False,2,0.002788333333333337,0.3941966666666667,0.39140833333333336,-4.016016666666701,153.54874999999998,157.56476666666669,-0.012884300000000001,0.057158233333333336,0.07004253333333334,5031.483333333334
MACAPA,1600303,high_inactive,high,False,3,-0.012776666666666714,0.3891033333333333,0.40188,2.5566666666667004,157.48010000000002,154.92343333333332,0.013723749999999993,0.07816333333333333,0.06443958333333334,5071.35
MACAPA,1600303,high_inactive,high,False,4,0.007863333333333278,0.3978683333333333,0.39000500000000005,-6.432183333333313,150.78696666666667,157.21914999999998,0.013151800000000019,0.08665196666666668,0.07350016666666666,5054.6
MACAPA,1600303,high_inactive,high,False,5,0.00047666666666662527,0.40041666666666664,0.39994,-1.3643666666666832,155.12033333333332,156.4847,-0.0015631333333333344,0.05566715,0.05723028333333333,5084.266666666666
MACAPA,1600303,high_inactive,high,False,6,-0.002281666666666682,0.39870833333333333,0.40099,-1.4250500000000272,151.9759,153.40095000000002,0.0033616999999999952,0.068012,0.06465030000000001,5062.466666666666
MACAPA,1600303,high_inactive,high,False,7,-0.021453333333333324,0.3931133333333333,0.41456666666666664,2.6231333333333,152.44563333333332,149.82250000000002,0.011404666666666674,0.06703353333333334,0.055628866666666665,5056.8
MACAPA,1600303,high_inactive,high,False,8,0.0010066666666666557,0.39242166666666667,0.391415,1.9189833333333297,157.65501666666665,155.73603333333332,0.0022807999999999995,0.060984783333333334,0.058703983333333334,5044.266666666666
MACAPA,1600303,high_inactive,high,False,9,-0.007788333333333286,0.41419500000000004,0.4219833333333333,3.0372833333333062,160.56945,157.53216666666668,0.003622100000000003,0.06603295,0.062410850000000004,5084.3
MANAUS,1302603,high_inactive,high,False,0,0.003043333333333287,0.385935,0.3828916666666667,1.6037499999999625,190.8700333333333,189.26628333333335,0.002954016666666663,0.06454206666666666,0.06158805,25281.95
MANAUS,1302603,high_inactive,high,False,1,0.00018000000000001348,0.38670166666666667,0.38652166666666665,-1.7963000000000022,181.00681666666665,182.80311666666665,-0.00010828333333331996,0.07104930000000001,0.07115758333333333,25281.283333333333
MANAUS,1302603,high_inactive,high,False,2,0.0008900000000000019,0.3882066666666667,0.3873166666666667,2.9949000000000012,194.49025,191.49535,0.014009050000000002,0.07517498333333333,0.06116593333333333,25281.483333333334
MANAUS,1302603,high_inactive,high,False,3,0.001495000000000024,0.39375166666666667,0.39225666666666664,7.190949999999958,174.75959999999998,167.56865000000002,0.004916816666666664,0.06500188333333333,0.060085066666666666,25281.533333333333
MANAUS,1302603,high_inactive,high,False,4,-0.0047416666666666996,0.381335,0.3860766666666667,-1.179883333333322,179.01901666666666,180.19889999999998,-0.002990516666666665,0.06159481666666666,0.06458533333333333,25283.183333333334
MANAUS,1302603,high_inactive,high,False,5,0.0019033333333333124,0.38788,0.3859766666666667,1.8326499999999726,185.13206666666665,183.29941666666667,-0.002831283333333323,0.06785208333333334,0.07068336666666666,25281.15
MANAUS,1302603,high_inactive,high,False,6,-0.0009366666666666967,0.38503333333333334,0.38597000000000004,-0.8458333333333314,187.40571666666668,188.25155,-0.010139166666666671,0.0713284,0.08146756666666667,25280.75
MANAUS,1302603,high_inactive,high,False,7,0.0007466666666666733,0.38946833333333336,0.3887216666666667,2.152966666666657,184.40063333333333,182.24766666666667,-0.004955033333333345,0.07483998333333333,0.07979501666666668,25282.983333333334
MANAUS,1302603,high_inactive,high,False,8,-0.0043583333333334084,0.384605,0.3889633333333334,-5.053433333333345,184.32626666666664,189.37969999999999,0.0028787666666666573,0.07048404999999999,0.06760528333333334,25278.716666666667
MANAUS,1302603,high_inactive,high,False,9,-0.0018483333333332852,0.37916,0.3810083333333333,-0.5504833333333465,195.02703333333332,195.57751666666667,-0.0034195166666666707,0.06193885,0.06535836666666667,25281.783333333333
RECIFE,2611606,high_inactive,high,False,0,-0.006106666666666594,0.5116516666666667,0.5177583333333333,-6.766483333333326,140.09461666666667,146.8611,-0.004781299999999988,0.07069813333333334,0.07547943333333333,14328.0
RECIFE,2611606,high_inactive,high,False,1,-0.010896666666666666,0.49296833333333334,0.503865,-3.255999999999972,143.89946666666668,147.15546666666665,-9.890000000001287e-05,0.07963408333333333,0.07973298333333334,13829.85
RECIFE,2611606,high_inactive,high,False,2,-0.011488333333333323,0.5031483333333333,0.5146366666666666,4.826216666666653,153.70036666666667,148.87415000000001,-0.004643183333333328,0.08026863333333334,0.08491181666666667,13812.433333333332
RECIFE,2611606,high_inactive,high,False,3,-0.003976666666666628,0.5139616666666667,0.5179383333333333,2.450266666666664,149.43248333333335,146.9822166666667,0.00278005000000002,0.07781463333333334,0.07503458333333332,14783.766666666666
RECIFE,2611606,high_inactive,high,False,4,-0.00909833333333332,0.5058366666666667,0.514935,-3.673866666666669,150.51155,154.18541666666667,0.001096983333333329,0.077813,0.07671601666666666,14381.366666666667
RECIFE,2611606,high_inactive,high,False,5,-0.006073333333333375,0.503235,0.5093083333333334,6.710600000000028,150.69418333333334,143.9835833333333,0.0006149833333333327,0.07818024999999999,0.07756526666666666,14123.75
RECIFE,2611606,high_inactive,high,False,6,0.0017583333333333062,0.5114083333333334,0.50965,-2.781349999999975,143.17028333333334,145.95163333333332,0.0018032500000000062,0.07779733333333333,0.07599408333333332,14203.933333333332
RECIFE,2611606,high_inactive,high,False,7,0.01093000000000005,0.5087816666666667,0.49785166666666664,2.6410166666666726,147.02715,144.38613333333333,0.003979133333333315,0.08075486666666666,0.07677573333333335,14313.566666666668
RECIFE,2611606,high_inactive,high,False,8,-0.007725000000000037,0.4974633333333333,0.5051883333333334,-3.0246999999999957,149.74163333333334,152.76633333333334,0.0005205833333333243,0.07786169999999999,0.07734111666666667,14316.333333333334
RECIFE,2611606,high_inactive,high,False,9,-0.007358333333333411,0.49657999999999997,0.5039383333333334,-2.549433333333326,148.1833,150.73273333333333,-0.004827733333333348,0.07811823333333333,0.08294596666666668,13911.183333333332
BELEM,1501402,high_active,high,True,0,-0.00983666666666666,0.36338333333333334,0.37322,17.973899999999986,160.59031666666667,142.61641666666668,0.004211833333333331,0.06658968333333333,0.06237785,13688.883333333333
BELEM,1501402,high_active,high,True,1,0.0038383333333333325,0.3762416666666667,0.37240333333333336,4.833733333333328,152.14421666666667,147.31048333333334,0.0025692333333333373,0.062305766666666665,0.05973653333333333,13691.633333333333
BELEM,1501402,high_active,high,True,2,0.0006050000000000222,0.37451,0.373905,11.14588333333333,163.21895,152.07306666666668,0.006321800000000002,0.06738968333333334,0.061067883333333337,13665.6
BELEM,1501402,high_active,high,True,3,-0.0024533333333333074,0.37616666666666665,0.37861999999999996,9.390699999999981,162.5177,153.127,-0.00047869999999999857,0.06202015,0.06249885,13682.633333333333
BELEM,1501402,high_active,high,True,4,0.004013333333333313,0.37433833333333333,0.370325,9.757216666666665,156.23586666666668,146.47865000000002,0.005934533333333339,0.06631153333333334,0.060377,13661.466666666667
BELEM,1501402,high_active,high,True,5,-0.006926666666666692,0.37004333333333334,0.37697,3.2367166666666662,145.65233333333333,142.41561666666666,0.002735566666666675,0.06263848333333334,0.05990291666666667,13678.483333333334
BELEM,1501402,high_active,high,True,6,-0.005351666666666699,0.37277666666666665,0.37812833333333334,7.5417333333333545,150.57756666666668,143.03583333333333,0.00329985,0.06289493333333333,0.05959508333333333,13643.066666666668
BELEM,1501402,high_active,high,True,7,-0.003993333333333293,0.37507833333333335,0.37907166666666664,13.030233333333342,161.71068333333332,148.68044999999998,0.0028885666666666615,0.0646233,0.06173473333333333,13680.916666666666
BELEM,1501402,high_active,high,True,8,-0.009143333333333281,0.3714066666666667,0.38055,-2.085000000000008,151.5882,153.6732,0.0017349333333333272,0.06549408333333333,0.06375915,13680.65
BELEM,1501402,high_active,high,True,9,0.0065449999999999675,0.37351166666666663,0.36696666666666666,15.906883333333326,162.74098333333333,146.8341,0.004639383333333323,0.06523451666666666,0.060595133333333336,13692.3
CUIABA,5103403,high_active,high,True,0,-0.0015066666666667117,0.3742216666666666,0.37572833333333333,1.944733333333346,187.69231666666667,185.74758333333332,-0.00944795000000001,0.06327811666666666,0.07272606666666667,6669.866666666667
CUIABA,5103403,high_active,high,True,1,-0.007546666666666646,0.3700016666666667,0.3775483333333333,11.854166666666657,192.22421666666665,180.37005,0.0114234,0.07432098333333334,0.06289758333333334,7013.766666666666
CUIABA,5103403,high_active,high,True,2,0.00301499999999999,0.3799533333333333,0.3769383333333333,5.123333333333335,189.86855,184.74521666666666,-0.005186483333333325,0.06288073333333334,0.06806721666666667,6874.55
CUIABA,5103403,high_active,high,True,3,-0.002141666666666653,0.37257666666666667,0.3747183333333333,11.029516666666638,196.95856666666666,185.92905000000002,-0.013204300000000009,0.05889481666666666,0.07209911666666667,6854.116666666667
CUIABA,5103403,high_active,high,True,4,-0.0003866666666666463,0.37692333333333333,0.37731,5.711850000000027,179.87373333333335,174.16188333333332,0.0019772666666666647,0.06086033333333333,0.058883066666666664,7245.5
CUIABA,5103403,high_active,high,True,5,0.00911833333333334,0.38363,0.3745116666666667,-1.7036833333333163,184.39035,186.09403333333333,0.02097480000000001,0.08040365000000001,0.05942885,7385.0
CUIABA,5103403,high_active,high,True,6,0.0072650000000000214,0.38169166666666665,0.37442666666666663,-13.081266666666664,181.46841666666666,194.54968333333332,-0.01624446666666668,0.05534143333333333,0.07158590000000001,6638.15
CUIABA,5103403,high_active,high,True,7,-0.005861666666666654,0.369105,0.37496666666666667,0.40253333333333785,180.2711666666667,179.86863333333335,-0.008011150000000002,0.05801761666666667,0.06602876666666667,6887.583333333333
CUIABA,5103403,high_active,high,True,8,0.004801666666666704,0.37788,0.3730783333333333,-0.9274833333332992,179.68093333333334,180.60841666666664,-0.004990700000000001,0.05388335,0.058874050000000004,7352.616666666667
CUIABA,5103403,high_active,high,True,9,-0.00018499999999999073,0.3750033333333333,0.3751883333333333,0.4773833333333357,181.49491666666665,181.01753333333332,-0.016439100000000012,0.051802716666666665,0.06824181666666668,7004.166666666667
GOIANIA,5208707,high_active,high,True,0,-0.013654999999999973,0.43834,0.451995,1.8492499999999836,175.60793333333334,173.75868333333335,7.053333333334466e-05,0.08411885000000001,0.08404831666666666,15886.8
GOIANIA,5208707,high_active,high,True,1,0.0016283333333333427,0.44289999999999996,0.4412716666666666,9.392133333333334,188.60866666666666,179.21653333333333,0.006172349999999993,0.0847966,0.07862425,15885.083333333334
GOIANIA,5208707,high_active,high,True,2,0.019806666666666695,0.454515,0.4347083333333333,10.274033333333307,180.14624999999998,169.87221666666667,0.0026265166666666756,0.08103488333333334,0.07840836666666666,15869.066666666668
GOIANIA,5208707,high_active,high,True,3,-0.0008033333333333226,0.4465866666666667,0.44739,-2.2221166666666647,174.43635,176.65846666666667,-0.0024234666666666654,0.07613615,0.07855961666666667,15898.683333333332
GOIANIA,5208707,high_active,high,True,4,0.0034916666666666707,0.4531833333333333,0.44969166666666666,-16.149916666666684,171.71903333333333,187.86895,-0.006242816666666665,0.07961445,0.08585726666666667,15847.983333333334
GOIANIA,5208707,high_active,high,True,5,-0.009828333333333328,0.44209333333333334,0.45192166666666667,-6.407950000000028,178.44836666666666,184.8563166666667,0.0010053666666666738,0.08316581666666667,0.08216045,15886.583333333334
GOIANIA,5208707,high_active,high,True,6,0.005721666666666625,0.4419133333333333,0.4361916666666667,6.317499999999967,179.65071666666665,173.3332166666667,-0.0008983833333333358,0.07721521666666667,0.0781136,15863.016666666666
GOIANIA,5208707,high_active,high,True,7,-0.01258333333333328,0.44753000000000004,0.4601133333333333,-8.728849999999994,170.17633333333333,178.90518333333333,0.001282133333333324,0.08139233333333333,0.0801102,15877.933333333332
GOIANIA,5208707,high_active,high,True,8,-0.004641666666666655,0.44681333333333334,0.451455,-15.777950000000004,164.72103333333334,180.49898333333334,-0.0011524333333333414,0.08159849999999999,0.08275093333333333,15896.966666666667
GOIANIA,5208707,high_active,high,True,9,-0.008648333333333313,0.43980833333333336,0.44845666666666667,-4.406916666666689,175.52611666666664,179.93303333333333,0.0029266833333333325,0.08569981666666666,0.08277313333333333,15898.366666666667
MACAPA,1600303,high_active,high,True,0,0.007953333333333312,0.402495,0.3945416666666667,1.8068833333333032,162.6477,160.84081666666668,-0.004008533333333328,0.0725587,0.07656723333333333,4931.983333333334
MACAPA,1600303,high_active,high,True,1,0.013878333333333326,0.41102666666666665,0.3971483333333333,0.7138333333333549,158.80695,158.09311666666665,0.007493349999999996,0.06807518333333333,0.060581833333333335,5086.616666666667
MACAPA,1600303,high_active,high,True,2,0.004964999999999942,0.3963733333333333,0.39140833333333336,9.394283333333306,166.95905,157.56476666666669,0.007814950000000001,0.07785748333333334,0.07004253333333334,5031.483333333334
MACAPA,1600303,high_active,high,True,3,-0.024798333333333367,0.37708166666666665,0.40188,0.6583333333333599,155.58176666666668,154.92343333333332,0.007117849999999995,0.07155743333333334,0.06443958333333334,5071.35
MACAPA,1600303,high_active,high,True,4,0.027401666666666602,0.41740666666666665,0.39000500000000005,-2.28064999999998,154.9385,157.21914999999998,-0.005608149999999978,0.06789201666666668,0.07350016666666666,5054.6
MACAPA,1600303,high_active,high,True,5,0.00026166666666666005,0.4002016666666667,0.39994,-2.514949999999999,153.96975,156.4847,0.00790243333333334,0.06513271666666667,0.05723028333333333,5084.266666666666
MACAPA,1600303,high_active,high,True,6,-0.011461666666666648,0.38952833333333337,0.40099,-0.31720000000004234,153.08374999999998,153.40095000000002,-0.0010835666666666743,0.06356673333333333,0.06465030000000001,5062.466666666666
MACAPA,1600303,high_active,high,True,7,-0.00835166666666659,0.40621500000000005,0.41456666666666664,7.496749999999992,157.31925,149.82250000000002,0.013868766666666657,0.06949763333333332,0.055628866666666665,5056.8
MACAPA,1600303,high_active,high,True,8,-0.0014466666666667072,0.3899683333333333,0.391415,-3.098666666666645,152.63736666666668,155.73603333333332,0.00491193333333334,0.06361591666666667,0.058703983333333334,5044.266666666666
MACAPA,1600303,high_active,high,True,9,-0.023619999999999974,0.39836333333333335,0.4219833333333333,10.337699999999955,167.86986666666664,157.53216666666668,0.006724250000000001,0.0691351,0.062410850000000004,5084.3
MANAUS,1302603,high_active,high,True,0,0.0022699999999999942,0.3851616666666667,0.3828916666666667,-0.3702833333333331,188.89600000000002,189.26628333333335,0.0020501333333333358,0.06363818333333333,0.06158805,25281.95
MANAUS,1302603,high_active,high,True,1,0.0015100000000000113,0.38803166666666666,0.38652166666666665,-1.5448166666666623,181.2583,182.80311666666665,-0.004591366666666666,0.06656621666666666,0.07115758333333333,25281.283333333333
MANAUS,1302603,high_active,high,True,2,-0.0018150000000000666,0.38550166666666663,0.3873166666666667,-6.798866666666669,184.69648333333333,191.49535,0.004262750000000003,0.06542868333333333,0.06116593333333333,25281.483333333334
MANAUS,1302603,high_active,high,True,3,-0.004413333333333269,0.3878433333333334,0.39225666666666664,20.333099999999973,187.90175,167.56865000000002,0.00748416666666666,0.06756923333333333,0.060085066666666666,25281.533333333333
MANAUS,1302603,high_active,high,True,4,0.0020000000000000018,0.3880766666666667,0.3860766666666667,6.2391500000000235,186.43805,180.19889999999998,0.0012431333333333405,0.06582846666666667,0.06458533333333333,25283.183333333334
MANAUS,1302603,high_active,high,True,5,0.003909999999999969,0.38988666666666666,0.3859766666666667,-11.832549999999998,171.46686666666668,183.29941666666667,0.0011536166666666764,0.07183698333333334,0.07068336666666666,25281.15
MANAUS,1302603,high_active,high,True,6,0.00216666666666665,0.3881366666666667,0.38597000000000004,-1.271266666666662,186.98028333333335,188.25155,-0.006788616666666664,0.07467895000000001,0.08146756666666667,25280.75
MANAUS,1302603,high_active,high,True,7,-0.00520833333333337,0.3835133333333333,0.3887216666666667,4.130616666666668,186.37828333333334,182.24766666666667,-0.0069434666666666756,0.07285155,0.07979501666666668,25282.983333333334
MANAUS,1302603,high_active,high,True,8,-0.0037950000000000483,0.38516833333333333,0.3889633333333334,1.15891666666667,190.53861666666666,189.37969999999999,0.00015309999999998936,0.06775838333333332,0.06760528333333334,25278.716666666667
MANAUS,1302603,high_active,high,True,9,0.010671666666666746,0.39168000000000003,0.3810083333333333,-7.334049999999991,188.24346666666668,195.57751666666667,0.0001176666666666687,0.06547603333333334,0.06535836666666667,25281.783333333333
RECIFE,2611606,high_active,high,True,0,-0.007253333333333334,0.510505,0.5177583333333333,-2.185266666666678,144.67583333333332,146.8611,0.0039881833333333255,0.07946761666666666,0.07547943333333333,14328.0
RECIFE,2611606,high_active,high,True,1,0.006161666666666732,0.5100266666666667,0.503865,1.770700000000005,148.92616666666666,147.15546666666665,-0.0008632500000000098,0.07886973333333333,0.07973298333333334,13829.85
RECIFE,2611606,high_active,high,True,2,0.0014049999999999896,0.5160416666666666,0.5146366666666666,8.705266666666631,157.57941666666665,148.87415000000001,-0.004021483333333339,0.08089033333333333,0.08491181666666667,13812.433333333332
RECIFE,2611606,high_active,high,True,3,-0.003401666666666636,0.5145366666666666,0.5179383333333333,0.2175666666666416,147.19978333333333,146.9822166666667,0.0015514666666666815,0.07658605,0.07503458333333332,14783.766666666666
RECIFE,2611606,high_active,high,True,4,-0.010800000000000032,0.504135,0.514935,-2.0270166666666682,152.1584,154.18541666666667,0.0015684666666666708,0.07828448333333334,0.07671601666666666,14381.366666666667
RECIFE,2611606,high_active,high,True,5,0.0038566666666666194,0.513165,0.5093083333333334,4.853650000000016,148.83723333333333,143.9835833333333,0.004572833333333345,0.0821381,0.07756526666666666,14123.75
RECIFE,2611606,high_active,high,True,6,0.005714999999999915,0.515365,0.50965,-4.377516666666651,141.57411666666667,145.95163333333332,0.004856833333333338,0.08085091666666666,0.07599408333333332,14203.933333333332
RECIFE,2611606,high_active,high,True,7,0.009050000000000058,0.5069016666666667,0.49785166666666664,-4.007799999999975,140.37833333333336,144.38613333333333,-0.00040511666666667723,0.07637061666666667,0.07677573333333335,14313.566666666668
RECIFE,2611606,high_active,high,True,8,0.014711666666666678,0.5199,0.5051883333333334,3.245999999999981,156.01233333333332,152.76633333333334,0.0018382333333333278,0.07917935,0.07734111666666667,14316.333333333334
RECIFE,2611606,high_active,high,True,9,0.014348333333333296,0.5182866666666667,0.5039383333333334,-6.979199999999992,143.75353333333334,150.73273333333333,-0.007263050000000007,0.07568291666666667,0.08294596666666668,13911.183333333332
BELEM,1501402,low_inactive,low,False,0,-0.0009350000000000191,0.372285,0.37322,8.712733333333318,151.32915,142.61641666666668,0.00047903333333333686,0.06285688333333334,0.06237785,13688.883333333333
BELEM,1501402,low_inactive,low,False,1,-0.0018633333333333835,0.37054,0.37240333333333336,-4.429249999999996,142.88123333333334,147.31048333333334,0.0004299333333333405,0.06016646666666667,0.05973653333333333,13691.633333333333
BELEM,1501402,low_inactive,low,False,2,0.0069466666666666566,0.38085166666666664,0.373905,3.1029499999999928,155.17601666666667,152.07306666666668,0.0007507333333333296,0.061818616666666666,0.061067883333333337,13665.6
BELEM,1501402,low_inactive,low,False,3,-0.0024033333333332574,0.3762166666666667,0.37861999999999996,-3.242050000000006,149.88495,153.127,-0.0014287499999999995,0.0610701,0.06249885,13682.633333333333
BELEM,1501402,low_inactive,low,False,4,0.007198333333333307,0.3775233333333333,0.370325,5.248950000000008,151.72760000000002,146.47865000000002,0.0006508833333333311,0.06102788333333333,0.060377,13661.466666666667
BELEM,1501402,low_inactive,low,False,5,-0.006521666666666703,0.3704483333333333,0.37697,-0.4452666666666687,141.97035,142.41561666666666,-2.17833333333306e-05,0.059881133333333336,0.05990291666666667,13678.483333333334
BELEM,1501402,low_inactive,low,False,6,-0.001573333333333371,0.376555,0.37812833333333334,2.5678000000000054,145.60363333333333,143.03583333333333,0.0026026833333333346,0.06219776666666667,0.05959508333333333,13643.066666666668
BELEM,1501402,low_inactive,low,False,7,-0.006296666666666673,0.37277499999999997,0.37907166666666664,0.09445000000002324,148.7749,148.68044999999998,0.0009927500000000006,0.06272748333333333,0.06173473333333333,13680.916666666666
BELEM,1501402,low_inactive,low,False,8,0.0003383333333333294,0.38088833333333333,0.38055,-1.3654166666666754,152.30778333333333,153.6732,-0.0018748666666666691,0.06188428333333333,0.06375915,13680.65
BELEM,1501402,low_inactive,low,False,9,0.006810000000000038,0.3737766666666667,0.36696666666666666,-1.8726500000000215,144.96144999999999,146.8341,0.0015690166666666658,0.06216415,0.060595133333333336,13692.3
CUIABA,5103403,low_inactive,low,False,0,-0.011929999999999996,0.36379833333333333,0.37572833333333333,-0.2423166666666532,185.50526666666667,185.74758333333332,-0.0008758333333333396,0.07185023333333333,0.07272606666666667,6669.866666666667
CUIABA,5103403,low_inactive,low,False,1,-0.008208333333333317,0.36934,0.3775483333333333,5.420633333333342,185.79068333333333,180.37005,0.010441883333333332,0.07333946666666667,0.06289758333333334,7013.766666666666
CUIABA,5103403,low_inactive,low,False,2,-0.0024350000000000205,0.3745033333333333,0.3769383333333333,-10.901099999999985,173.84411666666668,184.74521666666666,-0.00735701666666666,0.060710200000000006,0.06806721666666667,6874.55
CUIABA,5103403,low_inactive,low,False,3,-0.015298333333333303,0.35942,0.3747183333333333,-2.263033333333368,183.66601666666665,185.92905000000002,-0.00427431666666668,0.06782479999999999,0.07209911666666667,6854.116666666667
CUIABA,5103403,low_inactive,low,False,4,0.0021516666666667184,0.3794616666666667,0.37731,10.431533333333334,184.59341666666666,174.16188333333332,0.007193216666666669,0.06607628333333333,0.058883066666666664,7245.5
CUIABA,5103403,low_inactive,low,False,5,-0.0035433333333333983,0.3709683333333333,0.3745116666666667,-1.9470166666666557,184.14701666666667,186.09403333333333,0.005791250000000005,0.0652201,0.05942885,7385.0
CUIABA,5103403,low_inactive,low,False,6,-0.006623333333333259,0.36780333333333337,0.37442666666666663,-4.946883333333318,189.6028,194.54968333333332,-0.003564800000000007,0.0680211,0.07158590000000001,6638.15
CUIABA,5103403,low_inactive,low,False,7,-0.007780000000000009,0.36718666666666666,0.37496666666666667,1.2486833333333323,181.11731666666668,179.86863333333335,0.0024539333333333246,0.0684827,0.06602876666666667,6887.583333333333
CUIABA,5103403,low_inactive,low,False,8,0.0034216666666667117,0.3765,0.3730783333333333,0.46503333333333785,181.07344999999998,180.60841666666664,-0.0032206666666666703,0.055653383333333334,0.058874050000000004,7352.616666666667
CUIABA,5103403,low_inactive,low,False,9,0.0037683333333333735,0.37895666666666666,0.3751883333333333,15.393533333333352,196.41106666666667,181.01753333333332,0.006206949999999989,0.07444876666666667,0.06824181666666668,7004.166666666667
GOIANIA,5208707,low_inactive,low,False,0,-0.006849999999999967,0.445145,0.451995,1.838816666666645,175.5975,173.75868333333335,-0.0013835499999999973,0.08266476666666667,0.08404831666666666,15886.8
GOIANIA,5208707,low_inactive,low,False,1,-0.004969999999999919,0.4363016666666667,0.4412716666666666,-0.6961499999999887,178.52038333333334,179.21653333333333,-0.0028682666666666606,0.07575598333333335,0.07862425,15885.083333333334
GOIANIA,5208707,low_inactive,low,False,2,0.028518333333333368,0.4632266666666667,0.4347083333333333,-5.940716666666674,163.9315,169.87221666666667,0.0011996666666666683,0.07960803333333333,0.07840836666666666,15869.066666666668
GOIANIA,5208707,low_inactive,low,False,3,-0.001585000000000003,0.445805,0.44739,3.403516666666661,180.06198333333333,176.65846666666667,0.002539333333333324,0.08109894999999999,0.07855961666666667,15898.683333333332
GOIANIA,5208707,low_inactive,low,False,4,-0.007379999999999998,0.44231166666666666,0.44969166666666666,-8.948716666666684,178.92023333333333,187.86895,-0.00509833333333333,0.08075893333333334,0.08585726666666667,15847.983333333334
GOIANIA,5208707,low_inactive,low,False,5,-0.009698333333333309,0.44222333333333336,0.45192166666666667,-11.23550000000003,173.62081666666666,184.8563166666667,-0.00261666666666667,0.07954378333333333,0.08216045,15886.583333333334
GOIANIA,5208707,low_inactive,low,False,6,0.0017366666666666641,0.43792833333333336,0.4361916666666667,-2.7141333333333364,170.61908333333335,173.3332166666667,0.0003277166666666581,0.07844131666666666,0.0781136,15863.016666666666
GOIANIA,5208707,low_inactive,low,False,7,0.004793333333333372,0.4649066666666667,0.4601133333333333,-3.510816666666642,175.39436666666668,178.90518333333333,-0.0007300166666666663,0.07938018333333334,0.0801102,15877.933333333332
GOIANIA,5208707,low_inactive,low,False,8,0.0033916666666666817,0.4548466666666667,0.451455,-2.0746500000000196,178.42433333333332,180.49898333333334,0.0012939166666666585,0.08404484999999999,0.08275093333333333,15896.966666666667
GOIANIA,5208707,low_inactive,low,False,9,0.00026166666666671556,0.4487183333333334,0.44845666666666667,-3.603833333333313,176.32920000000001,179.93303333333333,-0.0017815833333333364,0.08099155,0.08277313333333333,15898.366666666667
MACAPA,1600303,low_inactive,low,False,0,-0.004448333333333332,0.39009333333333335,0.3945416666666667,-0.3072666666666919,160.53355,160.84081666666668,-0.004842049999999987,0.07172518333333334,0.07656723333333333,4931.983333333334
MACAPA,1600303,low_inactive,low,False,1,0.0005866666666666798,0.397735,0.3971483333333333,2.3416500000000156,160.43476666666666,158.09311666666665,0.004522083333333329,0.06510391666666666,0.060581833333333335,5086.616666666667
MACAPA,1600303,low_inactive,low,False,2,0.011494999999999977,0.40290333333333334,0.39140833333333336,-2.678733333333355,154.88603333333333,157.56476666666669,-0.010132466666666673,0.059910066666666664,0.07004253333333334,5031.483333333334
MACAPA,1600303,low_inactive,low,False,3,-0.0019516666666666849,0.39992833333333333,0.40188,3.723716666666661,158.64714999999998,154.92343333333332,0.0033386499999999986,0.06777823333333334,0.06443958333333334,5071.35
MACAPA,1600303,low_inactive,low,False,4,0.003016666666666612,0.39302166666666666,0.39000500000000005,-4.53479999999999,152.68435,157.21914999999998,-0.0031869666666666657,0.07031319999999999,0.07350016666666666,5054.6
MACAPA,1600303,low_inactive,low,False,5,0.0016349999999999976,0.401575,0.39994,-0.20858333333336532,156.27611666666664,156.4847,0.005971316666666664,0.0632016,0.05723028333333333,5084.266666666666
MACAPA,1600303,low_inactive,low,False,6,0.007508333333333339,0.40849833333333335,0.40099,1.1965833333333364,154.59753333333336,153.40095000000002,-0.0004634000000000027,0.0641869,0.06465030000000001,5062.466666666666
MACAPA,1600303,low_inactive,low,False,7,-0.01982999999999996,0.3947366666666667,0.41456666666666664,0.7446499999999787,150.56715,149.82250000000002,-0.0012933499999999987,0.05433551666666667,0.055628866666666665,5056.8
MACAPA,1600303,low_inactive,low,False,8,-0.00043166666666666353,0.39098333333333335,0.391415,-5.5417833333333135,150.19425,155.73603333333332,0.001871966666666669,0.06057595,0.058703983333333334,5044.266666666666
MACAPA,1600303,low_inactive,low,False,9,-0.010773333333333357,0.41120999999999996,0.4219833333333333,1.3748833333333152,158.90705,157.53216666666668,0.001949849999999989,0.06436069999999999,0.062410850000000004,5084.3
MANAUS,1302603,low_inactive,low,False,0,-0.002475000000000005,0.3804166666666667,0.3828916666666667,0.6947499999999991,189.96103333333335,189.26628333333335,-0.0016521333333333332,0.059935916666666665,0.06158805,25281.95
MANAUS,1302603,low_inactive,low,False,1,0.0017100000000000448,0.3882316666666667,0.38652166666666665,-2.059100000000001,180.74401666666665,182.80311666666665,0.0034122833333333352,0.07456986666666666,0.07115758333333333,25281.283333333333
MANAUS,1302603,low_inactive,low,False,2,-0.0006000000000000449,0.38671666666666665,0.3873166666666667,3.5106999999999857,195.00605,191.49535,0.006852066666666663,0.068018,0.06116593333333333,25281.483333333334
MANAUS,1302603,low_inactive,low,False,3,-0.003836666666666655,0.38842,0.39225666666666664,7.589616666666643,175.15826666666666,167.56865000000002,0.0015121833333333404,0.061597250000000006,0.060085066666666666,25281.533333333333
MANAUS,1302603,low_inactive,low,False,4,-0.0026450000000000085,0.38343166666666667,0.3860766666666667,-3.363216666666659,176.83568333333332,180.19889999999998,0.007081150000000008,0.07166648333333334,0.06458533333333333,25283.183333333334
MANAUS,1302603,low_inactive,low,False,5,-0.004090000000000038,0.38188666666666665,0.3859766666666667,0.9124499999999784,184.21186666666665,183.29941666666667,-0.012007149999999994,0.05867621666666667,0.07068336666666666,25281.15
MANAUS,1302603,low_inactive,low,False,6,0.004538333333333255,0.3905083333333333,0.38597000000000004,-4.522183333333345,183.72936666666666,188.25155,-0.008340166666666676,0.0731274,0.08146756666666667,25280.75
MANAUS,1302603,low_inactive,low,False,7,0.0009299999999999864,0.3896516666666667,0.3887216666666667,-4.026183333333336,178.22148333333334,182.24766666666667,-0.021197500000000008,0.05859751666666667,0.07979501666666668,25282.983333333334
MANAUS,1302603,low_inactive,low,False,8,-0.0012383333333333968,0.387725,0.3889633333333334,-5.488816666666651,183.89088333333333,189.37969999999999,-0.0016049000000000063,0.06600038333333333,0.06760528333333334,25278.716666666667
MANAUS,1302603,low_inactive,low,False,9,-0.001043333333333285,0.379965,0.3810083333333333,-3.080783333333329,192.49673333333334,195.57751666666667,0.0015400500000000011,0.06689841666666667,0.06535836666666667,25281.783333333333
RECIFE,2611606,low_inactive,low,False,0,0.0048799999999999955,0.5226383333333333,0.5177583333333333,0.36993333333333567,147.23103333333333,146.8611,-0.002992066666666654,0.07248736666666668,0.07547943333333333,14328.0
RECIFE,2611606,low_inactive,low,False,1,5.166666666667208e-05,0.5039166666666667,0.503865,-1.093849999999975,146.06161666666668,147.15546666666665,0.001504666666666668,0.08123765000000001,0.07973298333333334,13829.85
RECIFE,2611606,low_inactive,low,False,2,-0.002474999999999894,0.5121616666666667,0.5146366666666666,-1.5660666666666714,147.30808333333334,148.87415000000001,-0.002907699999999999,0.08200411666666667,0.08491181666666667,13812.433333333332
RECIFE,2611606,low_inactive,low,False,3,-0.006528333333333247,0.51141,0.5179383333333333,-3.5941666666666947,143.38805,146.9822166666667,0.0024166166666666766,0.0774512,0.07503458333333332,14783.766666666666
RECIFE,2611606,low_inactive,low,False,4,0.006739999999999968,0.521675,0.514935,-1.1319499999999891,153.05346666666668,154.18541666666667,0.0003491500000000064,0.07706516666666667,0.07671601666666666,14381.366666666667
RECIFE,2611606,low_inactive,low,False,5,-0.004890000000000061,0.5044183333333333,0.5093083333333334,3.364450000000005,147.34803333333332,143.9835833333333,-0.0018759333333333295,0.07568933333333333,0.07756526666666666,14123.75
RECIFE,2611606,low_inactive,low,False,6,0.005933333333333235,0.5155833333333333,0.50965,-2.952399999999983,142.99923333333334,145.95163333333332,-0.00180746666666666,0.07418661666666666,0.07599408333333332,14203.933333333332
RECIFE,2611606,low_inactive,low,False,7,0.008381666666666676,0.5062333333333333,0.49785166666666664,4.0452833333333444,148.43141666666668,144.38613333333333,0.0008209666666666587,0.0775967,0.07677573333333335,14313.566666666668
RECIFE,2611606,low_inactive,low,False,8,0.010194999999999954,0.5153833333333333,0.5051883333333334,-9.23053333333334,143.5358,152.76633333333334,6.980000000000874e-05,0.07741091666666668,0.07734111666666667,14316.333333333334
RECIFE,2611606,low_inactive,low,False,9,0.002606666666666646,0.506545,0.5039383333333334,-1.64491666666666,149.08781666666667,150.73273333333333,-0.002698733333333342,0.08024723333333333,0.08294596666666668,13911.183333333332
BELEM,1501402,low_active,low,True,0,0.0032050000000000134,0.376425,0.37322,12.733350000000002,155.34976666666668,142.61641666666668,0.0027964833333333355,0.06517433333333333,0.06237785,13688.883333333333
BELEM,1501402,low_active,low,True,1,0.0034500000000000086,0.3758533333333334,0.37240333333333336,2.077699999999993,149.38818333333333,147.31048333333334,0.002483383333333339,0.062219916666666666,0.05973653333333333,13691.633333333333
BELEM,1501402,low_active,low,True,2,0.0034250000000000114,0.37733,0.373905,2.5329666666666526,154.60603333333333,152.07306666666668,0.005587466666666666,0.06665535,0.061067883333333337,13665.6
BELEM,1501402,low_active,low,True,3,-0.004769999999999941,0.37385,0.37861999999999996,8.391833333333324,161.51883333333333,153.127,0.003636199999999999,0.06613505,0.06249885,13682.633333333333
BELEM,1501402,low_active,low,True,4,0.003741666666666643,0.37406666666666666,0.370325,8.935133333333312,155.41378333333333,146.47865000000002,0.003991033333333338,0.06436803333333334,0.060377,13661.466666666667
BELEM,1501402,low_active,low,True,5,-0.005866666666666687,0.37110333333333334,0.37697,8.42453333333333,150.84015,142.41561666666666,0.0027755666666666595,0.06267848333333333,0.05990291666666667,13678.483333333334
BELEM,1501402,low_active,low,True,6,-0.007174999999999987,0.37095333333333336,0.37812833333333334,13.022016666666673,156.05785,143.03583333333333,0.0027461833333333324,0.062341266666666666,0.05959508333333333,13643.066666666668
BELEM,1501402,low_active,low,True,7,-0.004296666666666671,0.37477499999999997,0.37907166666666664,11.376666666666694,160.05711666666667,148.68044999999998,0.00278751666666667,0.06452225,0.06173473333333333,13680.916666666666
BELEM,1501402,low_active,low,True,8,-0.011961666666666648,0.36858833333333335,0.38055,2.8923833333333278,156.56558333333334,153.6732,-0.00014026666666666632,0.06361888333333333,0.06375915,13680.65
BELEM,1501402,low_active,low,True,9,0.0053716666666666635,0.3723383333333333,0.36696666666666666,8.701699999999988,155.5358,146.8341,0.005324233333333338,0.06591936666666667,0.060595133333333336,13692.3
CUIABA,5103403,low_active,low,True,0,0.005606666666666649,0.381335,0.37572833333333333,10.554333333333346,196.30191666666667,185.74758333333332,-0.0026794833333333434,0.07004658333333333,0.07272606666666667,6669.866666666667
CUIABA,5103403,low_active,low,True,1,0.005338333333333334,0.38288666666666665,0.3775483333333333,5.487383333333327,185.85743333333332,180.37005,0.005574599999999985,0.06847218333333333,0.06289758333333334,7013.766666666666
CUIABA,5103403,low_active,low,True,2,0.00039000000000005697,0.3773283333333334,0.3769383333333333,11.420966666666658,196.16618333333332,184.74521666666666,0.0016557500000000114,0.06972296666666668,0.06806721666666667,6874.55
CUIABA,5103403,low_active,low,True,3,0.0056433333333333335,0.38036166666666665,0.3747183333333333,7.267933333333303,193.19698333333332,185.92905000000002,-0.0052411833333333435,0.06685793333333333,0.07209911666666667,6854.116666666667
CUIABA,5103403,low_active,low,True,4,-0.0034616666666666407,0.37384833333333334,0.37731,0.8734666666666726,175.03535,174.16188333333332,-0.006534916666666661,0.05234815,0.058883066666666664,7245.5
CUIABA,5103403,low_active,low,True,5,-0.0021200000000000663,0.3723916666666666,0.3745116666666667,7.942983333333331,194.03701666666666,186.09403333333333,0.018730150000000008,0.078159,0.05942885,7385.0
CUIABA,5103403,low_active,low,True,6,0.004870000000000041,0.37929666666666667,0.37442666666666663,0.15686666666667293,194.70655,194.54968333333332,-0.016238133333333342,0.055347766666666666,0.07158590000000001,6638.15
CUIABA,5103403,low_active,low,True,7,0.0018666666666666276,0.3768333333333333,0.37496666666666667,0.6012166666666587,180.46985,179.86863333333335,-0.004674633333333338,0.06135413333333333,0.06602876666666667,6887.583333333333
CUIABA,5103403,low_active,low,True,8,-0.005721666666666625,0.36735666666666666,0.3730783333333333,7.9462333333333675,188.55465,180.60841666666664,0.005433799999999996,0.06430785,0.058874050000000004,7352.616666666667
CUIABA,5103403,low_active,low,True,9,0.0021250000000000435,0.37731333333333333,0.3751883333333333,10.071983333333321,191.08951666666664,181.01753333333332,-0.000988333333333341,0.06725348333333334,0.06824181666666668,7004.166666666667
GOIANIA,5208707,low_active,low,True,0,-0.00409166666666666,0.4479033333333333,0.451995,-2.8233000000000175,170.93538333333333,173.75868333333335,-0.0024787000000000003,0.08156961666666666,0.08404831666666666,15886.8
GOIANIA,5208707,low_active,low,True,1,0.011755000000000015,0.45302666666666663,0.4412716666666666,3.962566666666646,183.17909999999998,179.21653333333333,0.008598666666666657,0.08722291666666666,0.07862425,15885.083333333334
GOIANIA,5208707,low_active,low,True,2,0.0010083333333333888,0.4357166666666667,0.4347083333333333,11.632966666666647,181.50518333333332,169.87221666666667,0.0004481000000000068,0.07885646666666667,0.07840836666666666,15869.066666666668
GOIANIA,5208707,low_active,low,True,3,-0.017295000000000005,0.430095,0.44739,-4.984016666666662,171.67445,176.65846666666667,-0.00282901666666667,0.0757306,0.07855961666666667,15898.683333333332
GOIANIA,5208707,low_active,low,True,4,-0.0036033333333333473,0.4460883333333333,0.44969166666666666,-14.779983333333348,173.08896666666666,187.86895,-0.006814399999999998,0.07904286666666667,0.08585726666666667,15847.983333333334
GOIANIA,5208707,low_active,low,True,5,-0.0022016666666666573,0.44972,0.45192166666666667,-7.05651666666671,177.79979999999998,184.8563166666667,-0.0006927333333333341,0.08146771666666666,0.08216045,15886.583333333334
GOIANIA,5208707,low_active,low,True,6,0.005773333333333297,0.441965,0.4361916666666667,-2.3186333333333664,171.01458333333332,173.3332166666667,-0.003150733333333336,0.07496286666666667,0.0781136,15863.016666666666
GOIANIA,5208707,low_active,low,True,7,-0.02472333333333332,0.43539,0.4601133333333333,4.329216666666667,183.2344,178.90518333333333,0.0018896333333333348,0.08199983333333334,0.0801102,15877.933333333332
GOIANIA,5208707,low_active,low,True,8,-0.007691666666666708,0.4437633333333333,0.451455,-11.604100000000017,168.89488333333333,180.49898333333334,-0.0025587500000000124,0.08019218333333332,0.08275093333333333,15896.966666666667
GOIANIA,5208707,low_active,low,True,9,0.0005166666666666653,0.44897333333333334,0.44845666666666667,-4.519966666666676,175.41306666666665,179.93303333333333,0.002129983333333335,0.08490311666666667,0.08277313333333333,15898.366666666667
MACAPA,1600303,low_active,low,True,0,-0.00242833333333331,0.39211333333333337,0.3945416666666667,5.476549999999975,166.31736666666666,160.84081666666668,-0.0070825000000000055,0.06948473333333333,0.07656723333333333,4931.983333333334
MACAPA,1600303,low_active,low,True,1,0.004173333333333362,0.4013216666666667,0.3971483333333333,2.0740000000000123,160.16711666666666,158.09311666666665,0.0031039833333333378,0.06368581666666667,0.060581833333333335,5086.616666666667
MACAPA,1600303,low_active,low,True,2,0.0147133333333333,0.40612166666666666,0.39140833333333336,0.4381166666666729,158.00288333333336,157.56476666666669,0.0016831333333333226,0.07172566666666666,0.07004253333333334,5031.483333333334
MACAPA,1600303,low_active,low,True,3,-0.014606666666666712,0.3872733333333333,0.40188,-0.7612166666666553,154.16221666666667,154.92343333333332,0.0006476499999999996,0.06508723333333334,0.06443958333333334,5071.35
MACAPA,1600303,low_active,low,True,4,0.010704999999999965,0.40071,0.39000500000000005,-3.796316666666627,153.42283333333336,157.21914999999998,-0.0070260999999999935,0.06647406666666666,0.07350016666666666,5054.6
MACAPA,1600303,low_active,low,True,5,0.005018333333333291,0.4049583333333333,0.39994,2.3306833333333543,158.81538333333336,156.4847,0.015540033333333335,0.07277031666666667,0.05723028333333333,5084.266666666666
MACAPA,1600303,low_active,low,True,6,-0.01710666666666666,0.38388333333333335,0.40099,1.6944333333333077,155.09538333333333,153.40095000000002,0.0018975833333333275,0.06654788333333334,0.06465030000000001,5062.466666666666
MACAPA,1600303,low_active,low,True,7,-0.026016666666666632,0.38855,0.41456666666666664,8.781183333333303,158.60368333333332,149.82250000000002,0.023565800000000012,0.07919466666666668,0.055628866666666665,5056.8
MACAPA,1600303,low_active,low,True,8,-0.0041999999999999815,0.38721500000000003,0.391415,1.3148666666666884,157.0509,155.73603333333332,0.009648649999999995,0.06835263333333333,0.058703983333333334,5044.266666666666
MACAPA,1600303,low_active,low,True,9,-0.0068050000000000055,0.4151783333333333,0.4219833333333333,7.852299999999985,165.38446666666667,157.53216666666668,0.002921433333333334,0.06533228333333334,0.062410850000000004,5084.3
MANAUS,1302603,low_active,low,True,0,0.005826666666666647,0.38871833333333333,0.3828916666666667,-7.080733333333342,182.18555,189.26628333333335,0.002184600000000002,0.06377265,0.06158805,25281.95
MANAUS,1302603,low_active,low,True,1,0.0015766666666666707,0.3880983333333333,0.38652166666666665,5.283283333333344,188.0864,182.80311666666665,0.0026216166666666596,0.07377919999999999,0.07115758333333333,25281.283333333333
MANAUS,1302603,low_active,low,True,2,-0.0004966666666667008,0.38682,0.3873166666666667,-0.3900999999999897,191.10525,191.49535,0.007623533333333328,0.06878946666666666,0.06116593333333333,25281.483333333334
MANAUS,1302603,low_active,low,True,3,-0.0024733333333333274,0.3897833333333333,0.39225666666666664,13.745533333333327,181.31418333333335,167.56865000000002,0.01011829999999999,0.07020336666666666,0.060085066666666666,25281.533333333333
MANAUS,1302603,low_active,low,True,4,0.0022783333333333267,0.388355,0.3860766666666667,4.63478333333336,184.83368333333334,180.19889999999998,-0.004409199999999995,0.06017613333333333,0.06458533333333333,25283.183333333334
MANAUS,1302603,low_active,low,True,5,0.00039166666666662353,0.3863683333333333,0.3859766666666667,-4.541650000000004,178.75776666666667,183.29941666666667,-0.0060576666666666695,0.0646257,0.07068336666666666,25281.15
MANAUS,1302603,low_active,low,True,6,0.0037083333333333135,0.38967833333333335,0.38597000000000004,-2.34790000000001,185.90365,188.25155,-0.013077433333333333,0.06839013333333334,0.08146756666666667,25280.75
MANAUS,1302603,low_active,low,True,7,-0.003828333333333378,0.3848933333333333,0.3887216666666667,1.2523333333333255,183.5,182.24766666666667,-0.013986383333333338,0.06580863333333334,0.07979501666666668,25282.983333333334
MANAUS,1302603,low_active,low,True,8,-0.0004050000000000442,0.38855833333333334,0.3889633333333334,1.2678833333333444,190.64758333333333,189.37969999999999,0.0051956166666666664,0.0728009,0.06760528333333334,25278.716666666667
MANAUS,1302603,low_active,low,True,9,0.006548333333333378,0.38755666666666666,0.3810083333333333,-3.6118000000000166,191.96571666666665,195.57751666666667,0.0063603666666666725,0.07171873333333334,0.06535836666666667,25281.783333333333
RECIFE,2611606,low_active,low,True,0,-0.012196666666666633,0.5055616666666667,0.5177583333333333,3.094533333333345,149.95563333333334,146.8611,0.004995616666666661,0.08047504999999999,0.07547943333333333,14328.0
RECIFE,2611606,low_active,low,True,1,0.011766666666666592,0.5156316666666666,0.503865,-0.5430000000000064,146.61246666666665,147.15546666666665,-0.000478933333333334,0.07925405,0.07973298333333334,13829.85
RECIFE,2611606,low_active,low,True,2,0.00852166666666665,0.5231583333333333,0.5146366666666666,-0.8071000000000197,148.06705,148.87415000000001,-0.006413799999999997,0.07849801666666667,0.08491181666666667,13812.433333333332
RECIFE,2611606,low_active,low,True,3,-0.016614999999999935,0.5013233333333333,0.5179383333333333,1.6117833333333067,148.594,146.9822166666667,0.0021944666666666723,0.07722905,0.07503458333333332,14783.766666666666
RECIFE,2611606,low_active,low,True,4,-0.015265000000000029,0.49967,0.514935,-5.108183333333329,149.07723333333334,154.18541666666667,0.0004631666666666673,0.07717918333333333,0.07671601666666666,14381.366666666667
RECIFE,2611606,low_active,low,True,5,0.02461666666666662,0.533925,0.5093083333333334,1.2159333333333393,145.19951666666665,143.9835833333333,0.0067856166666666745,0.08435088333333333,0.07756526666666666,14123.75
RECIFE,2611606,low_active,low,True,6,-0.011870000000000047,0.49778,0.50965,1.1443833333333657,147.09601666666669,145.95163333333332,0.0006301500000000099,0.07662423333333333,0.07599408333333332,14203.933333333332
RECIFE,2611606,low_active,low,True,7,0.030679999999999985,0.5285316666666666,0.49785166666666664,-0.04415000000000191,144.34198333333333,144.38613333333333,0.001892533333333321,0.07866826666666667,0.07677573333333335,14313.566666666668
RECIFE,2611606,low_active,low,True,8,0.0007049999999999557,0.5058933333333333,0.5051883333333334,3.3303333333333285,156.09666666666666,152.76633333333334,0.0009102500000000013,0.07825136666666667,0.07734111666666667,14316.333333333334
RECIFE,2611606,low_active,low,True,9,0.026231666666666653,0.53017,0.5039383333333334,-2.9462666666666735,147.78646666666666,150.73273333333333,-0.004650500000000016,0.07829546666666666,0.08294596666666668,13911.183333333332
BELEM,1501402,medium_active,medium,True,0,0.004055000000000031,0.377275,0.37322,6.062950000000001,148.67936666666668,142.61641666666668,-0.0010352833333333311,0.06134256666666667,0.06237785,13688.883333333333
BELEM,1501402,medium_active,medium,True,1,0.0025366666666666315,0.37494,0.37240333333333336,3.5192666666666526,150.82975,147.31048333333334,0.00348628333333334,0.06322281666666667,0.05973653333333333,13691.633333333333
BELEM,1501402,medium_active,medium,True,2,0.001585000000000003,0.37549,0.373905,4.00569999999999,156.07876666666667,152.07306666666668,0.004533849999999992,0.06560173333333333,0.061067883333333337,13665.6
BELEM,1501402,medium_active,medium,True,3,-0.004183333333333261,0.3744366666666667,0.37861999999999996,8.068466666666637,161.19546666666665,153.127,0.0011054500000000009,0.0636043,0.06249885,13682.633333333333
BELEM,1501402,medium_active,medium,True,4,0.0008149999999999546,0.37113999999999997,0.370325,5.954766666666671,152.4334166666667,146.47865000000002,0.003106949999999997,0.06348395,0.060377,13661.466666666667
BELEM,1501402,medium_active,medium,True,5,-0.00668666666666673,0.3702833333333333,0.37697,5.414266666666663,147.82988333333333,142.41561666666666,-0.0013801833333333333,0.058522733333333334,0.05990291666666667,13678.483333333334
BELEM,1501402,medium_active,medium,True,6,-0.00416500000000003,0.3739633333333333,0.37812833333333334,10.483949999999993,153.51978333333332,143.03583333333333,0.003681516666666669,0.0632766,0.05959508333333333,13643.066666666668
BELEM,1501402,medium_active,medium,True,7,-0.008859999999999923,0.3702116666666667,0.37907166666666664,12.574800000000039,161.25525000000002,148.68044999999998,-0.0012519000000000002,0.06048283333333333,0.06173473333333333,13680.916666666666
BELEM,1501402,medium_active,medium,True,8,-0.01197999999999999,0.36857,0.38055,-1.3068500000000256,152.36634999999998,153.6732,-0.0005535666666666716,0.06320558333333333,0.06375915,13680.65
BELEM,1501402,medium_active,medium,True,9,0.00820000000000004,0.3751666666666667,0.36696666666666666,8.852616666666648,155.68671666666665,146.8341,0.002926983333333334,0.06352211666666667,0.060595133333333336,13692.3
CUIABA,5103403,medium_active,medium,True,0,0.004981666666666662,0.38071,0.37572833333333333,-3.997583333333324,181.75,185.74758333333332,-0.021746566666666675,0.0509795,0.07272606666666667,6669.866666666667
CUIABA,5103403,medium_active,medium,True,1,0.0035233333333333228,0.38107166666666664,0.3775483333333333,1.3687000000000182,181.73875,180.37005,0.007834416666666663,0.070732,0.06289758333333334,7013.766666666666
CUIABA,5103403,medium_active,medium,True,2,-0.0012949999999999906,0.37564333333333333,0.3769383333333333,8.336299999999994,193.08151666666666,184.74521666666666,-0.0035619999999999957,0.06450521666666667,0.06806721666666667,6874.55
CUIABA,5103403,medium_active,medium,True,3,0.0003783333333333694,0.3750966666666667,0.3747183333333333,4.049766666666642,189.97881666666666,185.92905000000002,-0.002883883333333337,0.06921523333333333,0.07209911666666667,6854.116666666667
CUIABA,5103403,medium_active,medium,True,4,0.003258333333333363,0.38056833333333334,0.37731,2.579916666666662,176.74179999999998,174.16188333333332,0.009963616666666675,0.06884668333333334,0.058883066666666664,7245.5
CUIABA,5103403,medium_active,medium,True,5,0.0020850000000000035,0.3765966666666667,0.3745116666666667,1.407999999999987,187.50203333333332,186.09403333333333,0.015541816666666673,0.07497066666666667,0.05942885,7385.0
CUIABA,5103403,medium_active,medium,True,6,0.004086666666666683,0.3785133333333333,0.37442666666666663,-20.18104999999997,174.36863333333335,194.54968333333332,-0.02108861666666667,0.05049728333333334,0.07158590000000001,6638.15
CUIABA,5103403,medium_active,medium,True,7,0.0003233333333332866,0.37528999999999996,0.37496666666666667,0.993666666666627,180.86229999999998,179.86863333333335,-0.0016218333333333362,0.06440693333333333,0.06602876666666667,6887.583333333333
CUIABA,5103403,medium_active,medium,True,8,0.005418333333333414,0.3784966666666667,0.3730783333333333,-4.316666666666663,176.29174999999998,180.60841666666664,-0.0024532166666666674,0.05642083333333334,0.058874050000000004,7352.616666666667
CUIABA,5103403,medium_active,medium,True,9,0.0035483333333333755,0.37873666666666667,0.3751883333333333,-0.5929833333333079,180.42455,181.01753333333332,0.002654699999999982,0.07089651666666666,0.06824181666666668,7004.166666666667
GOIANIA,5208707,medium_active,medium,True,0,-0.004383333333333295,0.4476116666666667,0.451995,-0.9609000000000094,172.79778333333334,173.75868333333335,-0.004638900000000001,0.07940941666666666,0.08404831666666666,15886.8
GOIANIA,5208707,medium_active,medium,True,1,0.0036150000000000904,0.4448866666666667,0.4412716666666666,3.661383333333333,182.87791666666666,179.21653333333333,0.007889749999999987,0.086514,0.07862425,15885.083333333334
GOIANIA,5208707,medium_active,medium,True,2,0.02401500000000001,0.4587233333333333,0.4347083333333333,12.901566666666668,182.77378333333334,169.87221666666667,0.004882833333333336,0.0832912,0.07840836666666666,15869.066666666668
GOIANIA,5208707,medium_active,medium,True,3,0.0011066666666666447,0.44849666666666665,0.44739,2.9847833333333256,179.64325,176.65846666666667,-0.00044408333333333105,0.07811553333333333,0.07855961666666667,15898.683333333332
GOIANIA,5208707,medium_active,medium,True,4,-0.0020583333333333287,0.4476333333333333,0.44969166666666666,-11.999050000000011,175.8699,187.86895,-0.005039583333333333,0.08081768333333333,0.08585726666666667,15847.983333333334
GOIANIA,5208707,medium_active,medium,True,5,-0.0018400000000000083,0.45008166666666666,0.45192166666666667,-5.946416666666693,178.9099,184.8563166666667,-0.003415500000000002,0.07874495,0.08216045,15886.583333333334
GOIANIA,5208707,medium_active,medium,True,6,0.012303333333333333,0.44849500000000003,0.4361916666666667,6.903683333333305,180.2369,173.3332166666667,-0.0019918500000000033,0.07612175,0.0781136,15863.016666666666
GOIANIA,5208707,medium_active,medium,True,7,-0.029434999999999933,0.4306783333333334,0.4601133333333333,-3.3978833333333114,175.50730000000001,178.90518333333333,0.00042481666666666085,0.08053501666666667,0.0801102,15877.933333333332
GOIANIA,5208707,medium_active,medium,True,8,-0.0054033333333333156,0.4460516666666667,0.451455,-8.622083333333336,171.8769,180.49898333333334,-0.003337899999999991,0.07941303333333334,0.08275093333333333,15896.966666666667
GOIANIA,5208707,medium_active,medium,True,9,0.015318333333333323,0.463775,0.44845666666666667,-5.613216666666659,174.31981666666667,179.93303333333333,0.002983966666666657,0.08575709999999999,0.08277313333333333,15898.366666666667
MACAPA,1600303,medium_active,medium,True,0,0.00875999999999999,0.40330166666666667,0.3945416666666667,1.2981166666666297,162.1389333333333,160.84081666666668,-0.006145849999999994,0.07042138333333334,0.07656723333333333,4931.983333333334
MACAPA,1600303,medium_active,medium,True,1,0.019158333333333333,0.41630666666666666,0.3971483333333333,-5.327616666666643,152.7655,158.09311666666665,0.001596566666666667,0.0621784,0.060581833333333335,5086.616666666667
MACAPA,1600303,medium_active,medium,True,2,0.0116883333333333,0.40309666666666666,0.39140833333333336,9.814066666666633,167.37883333333332,157.56476666666669,-0.0008877500000000066,0.06915478333333333,0.07004253333333334,5031.483333333334
MACAPA,1600303,medium_active,medium,True,3,-0.00950833333333334,0.3923716666666667,0.40188,-3.156816666666657,151.76661666666666,154.92343333333332,-0.004942816666666676,0.059496766666666666,0.06443958333333334,5071.35
MACAPA,1600303,medium_active,medium,True,4,0.02586666666666665,0.4158716666666667,0.39000500000000005,-0.1859666666666442,157.03318333333334,157.21914999999998,-0.00860649999999999,0.06489366666666667,0.07350016666666666,5054.6
MACAPA,1600303,medium_active,medium,True,5,0.013173333333333315,0.41311333333333333,0.39994,3.920433333333335,160.40513333333334,156.4847,0.003978566666666669,0.06120885,0.05723028333333333,5084.266666666666
MACAPA,1600303,medium_active,medium,True,6,-0.0013316666666666754,0.39965833333333334,0.40099,2.2653666666666368,155.66631666666666,153.40095000000002,0.004366083333333326,0.06901638333333333,0.06465030000000001,5062.466666666666
MACAPA,1600303,medium_active,medium,True,7,-0.008809999999999929,0.4057566666666667,0.41456666666666664,2.5578999999999894,152.3804,149.82250000000002,0.011571583333333343,0.06720045000000001,0.055628866666666665,5056.8
MACAPA,1600303,medium_active,medium,True,8,0.005543333333333289,0.3969583333333333,0.391415,-0.21818333333331452,155.51785,155.73603333333332,0.006526699999999996,0.06523068333333333,0.058703983333333334,5044.266666666666
MACAPA,1600303,medium_active,medium,True,9,-0.015158333333333274,0.40682500000000005,0.4219833333333333,2.594399999999979,160.12656666666666,157.53216666666668,-0.0020723666666666654,0.06033848333333334,0.062410850000000004,5084.3
MANAUS,1302603,medium_active,medium,True,0,0.0031783333333333386,0.38607,0.3828916666666667,-5.208850000000012,184.05743333333334,189.26628333333335,0.010718183333333332,0.07230623333333333,0.06158805,25281.95
MANAUS,1302603,medium_active,medium,True,1,0.0034666666666666734,0.3899883333333333,0.38652166666666665,4.629016666666672,187.43213333333333,182.80311666666665,-0.0006328333333333325,0.07052475,0.07115758333333333,25281.283333333333
MANAUS,1302603,medium_active,medium,True,2,0.003951666666666631,0.39126833333333333,0.3873166666666667,-6.501733333333334,184.99361666666667,191.49535,-0.0009289833333333344,0.06023695,0.06116593333333333,25281.483333333334
MANAUS,1302603,medium_active,medium,True,3,-0.003801666666666592,0.38845500000000005,0.39225666666666664,17.705383333333288,185.2740333333333,167.56865000000002,0.005684616666666677,0.06576968333333334,0.060085066666666666,25281.533333333333
MANAUS,1302603,medium_active,medium,True,4,-0.001081666666666703,0.384995,0.3860766666666667,4.541016666666707,184.7399166666667,180.19889999999998,0.00856285000000001,0.07314818333333334,0.06458533333333333,25283.183333333334
MANAUS,1302603,medium_active,medium,True,5,0.005554999999999977,0.39153166666666667,0.3859766666666667,0.38744999999997276,183.68686666666665,183.29941666666667,0.012409500000000004,0.08309286666666667,0.07068336666666666,25281.15
MANAUS,1302603,medium_active,medium,True,6,0.004678333333333284,0.3906483333333333,0.38597000000000004,-0.9374166666666781,187.31413333333333,188.25155,-0.006375916666666662,0.07509165000000001,0.08146756666666667,25280.75
MANAUS,1302603,medium_active,medium,True,7,-0.0014583333333333393,0.38726333333333335,0.3887216666666667,5.10923333333335,187.35690000000002,182.24766666666667,-0.013980700000000013,0.06581431666666666,0.07979501666666668,25282.983333333334
MANAUS,1302603,medium_active,medium,True,8,-0.004441666666666677,0.3845216666666667,0.3889633333333334,-2.953966666666645,186.42573333333334,189.37969999999999,0.006116833333333321,0.07372211666666666,0.06760528333333334,25278.716666666667
MANAUS,1302603,medium_active,medium,True,9,0.004368333333333363,0.38537666666666665,0.3810083333333333,-2.0319000000000074,193.54561666666666,195.57751666666667,-0.002361083333333333,0.06299728333333333,0.06535836666666667,25281.783333333333
RECIFE,2611606,medium_active,medium,True,0,-0.010526666666666684,0.5072316666666666,0.5177583333333333,-1.2320833333333212,145.62901666666667,146.8611,0.003268466666666664,0.0787479,0.07547943333333333,14328.0
RECIFE,2611606,medium_active,medium,True,1,0.00996666666666668,0.5138316666666667,0.503865,1.3018833333333646,148.45735000000002,147.15546666666665,0.0006917500000000049,0.08042473333333335,0.07973298333333334,13829.85
RECIFE,2611606,medium_active,medium,True,2,-0.006039999999999934,0.5085966666666667,0.5146366666666666,4.5461500000000115,153.42030000000003,148.87415000000001,-0.007683599999999999,0.07722821666666667,0.08491181666666667,13812.433333333332
RECIFE,2611606,medium_active,medium,True,3,-0.008128333333333293,0.50981,0.5179383333333333,2.2804333333333204,149.26265,146.9822166666667,0.00010818333333334484,0.07514276666666667,0.07503458333333332,14783.766666666666
RECIFE,2611606,medium_active,medium,True,4,-0.018406666666666738,0.4965283333333333,0.514935,-2.320766666666657,151.86465,154.18541666666667,0.0030835333333333326,0.07979955,0.07671601666666666,14381.366666666667
RECIFE,2611606,medium_active,medium,True,5,-0.0016266666666666652,0.5076816666666667,0.5093083333333334,6.7946166666667125,150.77820000000003,143.9835833333333,0.003941633333333333,0.0815069,0.07756526666666666,14123.75
RECIFE,2611606,medium_active,medium,True,6,-0.01985333333333339,0.48979666666666666,0.50965,6.065600000000018,152.01723333333334,145.95163333333332,0.004190033333333343,0.08018411666666667,0.07599408333333332,14203.933333333332
RECIFE,2611606,medium_active,medium,True,7,0.01688833333333334,0.51474,0.49785166666666664,5.8496000000000095,150.23573333333334,144.38613333333333,0.0032803333333333295,0.08005606666666668,0.07677573333333335,14313.566666666668
RECIFE,2611606,medium_active,medium,True,8,0.010533333333333283,0.5157216666666666,0.5051883333333334,-1.985066666666654,150.78126666666668,152.76633333333334,0.0046019666666666514,0.08194308333333332,0.07734111666666667,14316.333333333334
RECIFE,2611606,medium_active,medium,True,9,0.012248333333333306,0.5161866666666667,0.5039383333333334,-8.091399999999993,142.64133333333334,150.73273333333333,-0.0067963500000000066,0.07614961666666667,0.08294596666666668,13911.183333333332
ARACAJU,2800308,high_inactive,high,False,0,0.004266666666666696,0.44454166666666667,0.44027499999999997,-2.0527499999999748,181.80735,183.8601,-0.0027215000000000017,0.09509931666666667,0.09782081666666667,5750.633333333333
ARACAJU,2800308,high_inactive,high,False,1,0.027998333333333292,0.4514066666666666,0.42340833333333333,-6.9384000000000015,169.88378333333333,176.82218333333333,0.004757566666666657,0.09273301666666667,0.08797545000000001,5971.966666666666
ARACAJU,2800308,high_inactive,high,False,2,-0.010753333333333392,0.4481533333333333,0.4589066666666667,5.815233333333339,170.93145,165.11621666666667,-0.008503383333333323,0.08689605,0.09539943333333332,5618.25
ARACAJU,2800308,high_inactive,high,False,3,-0.0010950000000000126,0.41849166666666665,0.41958666666666666,10.767150000000015,186.27026666666669,175.50311666666667,0.00621706666666666,0.08342938333333333,0.07721231666666667,5957.35
ARACAJU,2800308,high_inactive,high,False,4,-0.020228333333333293,0.40179833333333337,0.42202666666666666,8.191233333333344,190.44658333333334,182.25535,-0.009339083333333331,0.07707446666666667,0.08641355,5902.033333333334
ARACAJU,2800308,high_inactive,high,False,5,0.0065333333333333354,0.44766333333333336,0.44113,1.4262666666666348,194.85796666666664,193.4317,0.010946049999999999,0.10460266666666666,0.09365661666666666,5730.183333333333
ARACAJU,2800308,high_inactive,high,False,6,-0.016431666666666678,0.43141166666666664,0.4478433333333333,-11.545749999999998,173.10043333333334,184.64618333333334,0.003597800000000012,0.09413635000000001,0.09053855,5783.333333333333
ARACAJU,2800308,high_inactive,high,False,7,-0.0069566666666666666,0.43246666666666667,0.43942333333333333,6.80628333333334,187.21321666666665,180.4069333333333,-0.005943100000000007,0.08668613333333333,0.09262923333333334,5788.55
ARACAJU,2800308,high_inactive,high,False,8,0.003019999999999967,0.4367216666666666,0.43370166666666665,-10.402600000000007,176.57491666666667,186.97751666666667,0.006285933333333341,0.09640413333333334,0.0901182,5946.316666666667
ARACAJU,2800308,high_inactive,high,False,9,-0.005028333333333357,0.43796166666666664,0.44299,-12.725616666666639,177.08235000000002,189.80796666666666,-0.001411599999999999,0.09156156666666666,0.09297316666666666,5660.233333333334
BELO HORIZONTE,3106200,high_inactive,high,False,0,-0.014495000000000036,0.5927933333333333,0.6072883333333333,-0.24938333333332707,167.16651666666667,167.4159,0.0012421666666666553,0.08197168333333332,0.08072951666666667,23253.633333333335
BELO HORIZONTE,3106200,high_inactive,high,False,1,-0.02591500000000002,0.6041216666666667,0.6300366666666667,3.459333333333319,161.7833,158.32396666666668,-0.002294766666666656,0.08227815000000001,0.08457291666666666,22797.9
BELO HORIZONTE,3106200,high_inactive,high,False,2,0.01529999999999998,0.6289633333333333,0.6136633333333333,-1.0653833333333296,157.83518333333333,158.90056666666666,0.0020396833333333197,0.08231816666666666,0.08027848333333334,23101.616666666665
BELO HORIZONTE,3106200,high_inactive,high,False,3,0.004111666666666736,0.61528,0.6111683333333333,2.8236499999999864,160.87163333333334,158.04798333333335,-0.002399749999999992,0.08022995000000001,0.0826297,22802.7
BELO HORIZONTE,3106200,high_inactive,high,False,4,0.02330500000000002,0.6053433333333333,0.5820383333333333,0.12376666666668257,163.28298333333333,163.15921666666665,0.003633299999999992,0.0801269,0.07649360000000001,23404.016666666666
BELO HORIZONTE,3106200,high_inactive,high,False,5,-0.02646666666666675,0.6031316666666666,0.6295983333333334,-3.490099999999984,160.93843333333334,164.42853333333332,-0.0030641666666666595,0.07552606666666667,0.07859023333333333,23168.116666666665
BELO HORIZONTE,3106200,high_inactive,high,False,6,-0.005250000000000088,0.58995,0.5952000000000001,0.4957333333333622,166.1115166666667,165.61578333333333,0.00045643333333332536,0.07927895,0.07882251666666668,23284.2
BELO HORIZONTE,3106200,high_inactive,high,False,7,-0.005830000000000002,0.615085,0.620915,2.994683333333313,160.12016666666665,157.12548333333334,0.0031430666666666662,0.07948233333333334,0.07633926666666667,23194.383333333335
BELO HORIZONTE,3106200,high_inactive,high,False,8,0.011726666666666774,0.628595,0.6168683333333332,-2.7072333333333063,161.25005000000002,163.95728333333332,-0.0038035500000000028,0.07941645,0.08322,23046.016666666666
BELO HORIZONTE,3106200,high_inactive,high,False,9,-0.007464999999999944,0.6056233333333334,0.6130883333333333,0.977466666666686,162.02903333333333,161.05156666666664,0.00022635000000001404,0.08119198333333334,0.08096563333333333,23358.45
BOA VISTA,1400100,high_inactive,high,False,0,-0.0075083333333332836,0.3864516666666667,0.39396,-0.20065000000002442,188.19476666666665,188.39541666666668,0.0013596166666666604,0.06307108333333333,0.06171146666666667,6482.866666666667
BOA VISTA,1400100,high_inactive,high,False,1,-0.006271666666666675,0.40134333333333333,0.407615,-4.133566666666695,165.94878333333332,170.08235000000002,-0.0072614666666666675,0.06247451666666667,0.06973598333333333,6482.0
BOA VISTA,1400100,high_inactive,high,False,2,-0.009068333333333345,0.387295,0.39636333333333335,-8.778199999999998,163.06925,171.84745,-0.008070783333333338,0.052548866666666666,0.060619650000000004,6480.616666666667
BOA VISTA,1400100,high_inactive,high,False,3,0.0014816666666667144,0.40225500000000003,0.4007733333333333,-12.576249999999987,167.8795,180.45575,-0.003555883333333336,0.05967613333333333,0.06323201666666667,6479.883333333333
BOA VISTA,1400100,high_inactive,high,False,4,-0.008936666666666648,0.39288333333333336,0.40182,2.016083333333313,189.89306666666667,187.87698333333336,-0.004263383333333329,0.061707283333333335,0.06597066666666666,6481.066666666667
BOA VISTA,1400100,high_inactive,high,False,5,0.007863333333333278,0.40813666666666665,0.40027333333333337,-5.918066666666647,153.33980000000003,159.25786666666667,0.002290933333333335,0.057290933333333335,0.055,6482.216666666666
BOA VISTA,1400100,high_inactive,high,False,6,0.015868333333333262,0.39642499999999997,0.3805566666666667,-1.1961000000000013,171.64565,172.84175,0.010047483333333329,0.0644109,0.054363416666666664,6478.983333333334
BOA VISTA,1400100,high_inactive,high,False,7,-0.0010666666666667157,0.39094666666666666,0.3920133333333334,2.674516666666676,177.99898333333334,175.32446666666667,-0.004605799999999993,0.06006191666666667,0.06466771666666667,6473.7
BOA VISTA,1400100,high_inactive,high,False,8,-0.0015033333333333565,0.3942133333333333,0.39571666666666666,-4.9150166666666735,161.71936666666667,166.63438333333335,-0.0019178666666666636,0.057620083333333336,0.05953795,6480.033333333334
BOA VISTA,1400100,high_inactive,high,False,9,0.0007949999999999346,0.3958583333333333,0.3950633333333334,-2.262016666666682,177.3233,179.58531666666667,0.007525366666666672,0.059225683333333334,0.05170031666666666,6482.233333333334
BRASILIA,5300108,high_inactive,high,False,0,0.009145000000000014,0.45465833333333333,0.4455133333333333,-4.897916666666646,207.68195,212.57986666666665,0.0032255833333333234,0.10973419999999999,0.10650861666666667,28487.966666666667
BRASILIA,5300108,high_inactive,high,False,1,-0.0012983333333332903,0.44895333333333337,0.45025166666666666,-6.285433333333344,201.66163333333333,207.94706666666667,-0.001967049999999998,0.10287353333333332,0.10484058333333332,28144.516666666666
BRASILIA,5300108,high_inactive,high,False,2,0.006419999999999981,0.44897,0.44255,1.311050000000023,210.69025000000002,209.3792,0.004270900000000008,0.10566371666666667,0.10139281666666666,29236.55
BRASILIA,5300108,high_inactive,high,False,3,-0.0037133333333333463,0.45387500000000003,0.4575883333333334,-2.055883333333327,202.85745,204.91333333333333,0.00018583333333332952,0.11144231666666667,0.11125648333333334,28805.266666666666
BRASILIA,5300108,high_inactive,high,False,4,-0.002114999999999978,0.450565,0.45267999999999997,-0.44861666666668043,203.29891666666666,203.74753333333334,0.001129183333333325,0.10721146666666666,0.10608228333333333,28997.333333333332
BRASILIA,5300108,high_inactive,high,False,5,-0.004358333333333353,0.44606666666666667,0.450425,-4.9521333333333075,207.24795,212.2000833333333,-0.004723150000000009,0.1026033,0.10732645,28817.133333333335
BRASILIA,5300108,high_inactive,high,False,6,-0.005986666666666696,0.4416016666666666,0.4475883333333333,-7.151316666666673,200.48836666666665,207.63968333333332,-0.004571316666666658,0.10240238333333333,0.10697369999999999,28814.166666666668
BRASILIA,5300108,high_inactive,high,False,7,0.00875999999999999,0.45652333333333334,0.44776333333333335,8.647316666666654,212.4433,203.79598333333334,0.0015562999999999827,0.10736024999999999,0.10580395000000001,28137.583333333332
BRASILIA,5300108,high_inactive,high,False,8,0.0007500000000000284,0.4479066666666667,0.44715666666666665,1.3603333333333296,203.47401666666667,202.11368333333334,0.005015799999999987,0.11104478333333333,0.10602898333333334,28782.9
BRASILIA,5300108,high_inactive,high,False,9,-0.008588333333333309,0.44386166666666665,0.45244999999999996,-2.8192333333333295,205.46323333333333,208.28246666666666,0.00019056666666666944,0.10960048333333333,0.10940991666666666,28673.933333333334
CAMPO GRANDE,5002704,high_inactive,high,False,0,-0.00026333333333339315,0.37388499999999997,0.37414833333333336,-1.6488166666666757,160.85458333333332,162.5034,-0.0003190500000000013,0.04963773333333333,0.04995678333333333,10239.183333333332
CAMPO GRANDE,5002704,high_inactive,high,False,1,0.002815000000000012,0.3789183333333333,0.3761033333333333,-0.9029833333333386,169.36155,170.26453333333333,-0.001035749999999995,0.05091396666666667,0.051949716666666666,10238.3
CAMPO GRANDE,5002704,high_inactive,high,False,2,0.0006116666666666215,0.37382166666666666,0.37321000000000004,0.28549999999998477,181.80068333333332,181.51518333333334,-0.0010678166666666725,0.0534653,0.05453311666666667,10238.683333333332
CAMPO GRANDE,5002704,high_inactive,high,False,3,-0.003695000000000004,0.37656666666666666,0.38026166666666666,9.732766666666691,190.89108333333334,181.15831666666665,0.00042863333333333087,0.05627903333333333,0.0558504,10237.55
CAMPO GRANDE,5002704,high_inactive,high,False,4,0.0015499999999999958,0.37797166666666665,0.37642166666666665,-1.45001666666667,179.02765,180.47766666666666,-0.0005952666666666634,0.053358833333333335,0.0539541,10239.916666666666
CAMPO GRANDE,5002704,high_inactive,high,False,5,0.003506666666666658,0.37758833333333336,0.3740816666666667,2.3465333333333263,173.52095,171.17441666666667,0.0008270666666666676,0.052440966666666665,0.0516139,10238.266666666666
CAMPO GRANDE,5002704,high_inactive,high,False,6,-0.0024349999999999095,0.3751166666666667,0.3775516666666666,6.242549999999994,176.45406666666668,170.21151666666668,0.0012177666666666614,0.0535564,0.052338633333333336,10237.283333333333
CAMPO GRANDE,5002704,high_inactive,high,False,7,-8.999999999997899e-05,0.3794133333333333,0.3795033333333333,8.961216666666644,175.91663333333332,166.95541666666668,0.0012705500000000022,0.052679583333333335,0.05140903333333333,10238.866666666667
CAMPO GRANDE,5002704,high_inactive,high,False,8,0.0015983333333333127,0.37983666666666666,0.37823833333333334,2.036750000000012,175.29055,173.25379999999998,0.0014417333333333407,0.05326176666666667,0.05182003333333333,10238.516666666666
CAMPO GRANDE,5002704,high_inactive,high,False,9,0.0013550000000000506,0.37877500000000003,0.37742,8.220566666666684,176.06963333333334,167.84906666666666,-0.0008910499999999974,0.05062076666666667,0.05151181666666667,10237.9
CURITIBA,4106902,high_inactive,high,False,0,0.004686666666666617,0.489235,0.48454833333333336,0.10255000000000791,163.93273333333335,163.83018333333334,-0.003459249999999997,0.07644751666666667,0.07990676666666667,18375.316666666666
CURITIBA,4106902,high_inactive,high,False,1,0.0034683333333332955,0.490375,0.4869066666666667,-2.0780833333333533,161.2805833333333,163.35866666666666,0.0013992333333333329,0.07712168333333333,0.07572245,18379.8
CURITIBA,4106902,high_inactive,high,False,2,0.0015583333333332727,0.47975999999999996,0.4782016666666667,1.3576999999999941,162.88414999999998,161.52644999999998,0.0014065833333333222,0.07883561666666666,0.07742903333333334,18338.816666666666
CURITIBA,4106902,high_inactive,high,False,3,6.666666666599319e-06,0.47579999999999995,0.47579333333333335,-6.277833333333348,160.2668,166.54463333333334,6.231666666667302e-05,0.07791616666666666,0.07785384999999999,18313.466666666667
CURITIBA,4106902,high_inactive,high,False,4,-0.0010450000000000181,0.47967666666666664,0.48072166666666666,-0.9034000000000049,160.82741666666666,161.73081666666667,-0.002248899999999998,0.072955,0.0752039,18291.05
CURITIBA,4106902,high_inactive,high,False,5,-0.008271666666666677,0.4744683333333333,0.48274,3.4310666666666805,168.66015000000002,165.22908333333334,0.0009618833333333437,0.07852038333333335,0.0775585,18350.416666666668
CURITIBA,4106902,high_inactive,high,False,6,0.018881666666666685,0.5124783333333334,0.4935966666666667,5.085566666666665,162.0575,156.97193333333334,-0.0012419666666666634,0.07625095,0.07749291666666666,18432.65
CURITIBA,4106902,high_inactive,high,False,7,-0.005055000000000032,0.4788833333333333,0.48393833333333336,4.567133333333345,160.2518,155.68466666666666,0.0006380000000000136,0.07434713333333334,0.07370913333333333,18415.25
CURITIBA,4106902,high_inactive,high,False,8,-0.011088333333333311,0.46992,0.4810083333333333,5.910149999999987,166.90633333333332,160.99618333333333,0.0005654833333333248,0.07660068333333332,0.0760352,18283.85
CURITIBA,4106902,high_inactive,high,False,9,0.010838333333333283,0.4941133333333333,0.483275,-3.1536333333333175,163.96106666666668,167.1147,-0.0003061000000000036,0.0775566,0.0778627,18301.2
FLORIANOPOLIS,4205407,high_inactive,high,False,0,0.02479500000000001,0.44370166666666666,0.41890666666666665,-2.1176666666666506,191.5926,193.71026666666666,0.005059250000000001,0.07713535,0.0720761,6550.05
FLORIANOPOLIS,4205407,high_inactive,high,False,1,-0.02021333333333336,0.4373333333333333,0.45754666666666666,-2.266050000000007,199.43115,201.6972,-0.0034629166666666628,0.07777405,0.08123696666666666,6458.166666666667
FLORIANOPOLIS,4205407,high_inactive,high,False,2,-0.013976666666666637,0.4412516666666667,0.45522833333333335,-3.7837333333333447,196.6503,200.43403333333333,0.009137166666666668,0.0886749,0.07953773333333333,6340.883333333333
FLORIANOPOLIS,4205407,high_inactive,high,False,3,-0.016696666666666637,0.42549833333333337,0.442195,-6.53576666666666,193.73773333333332,200.27349999999998,0.00495308333333333,0.0773283,0.07237521666666667,6337.716666666666
FLORIANOPOLIS,4205407,high_inactive,high,False,4,0.012191666666666656,0.43903166666666665,0.42684,-5.085016666666689,200.57665,205.6616666666667,-0.0030228666666666515,0.08222708333333334,0.08524994999999999,6295.75
FLORIANOPOLIS,4205407,high_inactive,high,False,5,0.006181666666666641,0.44210666666666665,0.435925,-7.3159666666666965,190.8529333333333,198.1689,0.008869533333333346,0.08149831666666667,0.07262878333333332,6522.233333333334
FLORIANOPOLIS,4205407,high_inactive,high,False,6,-0.004045000000000021,0.424745,0.42879,-3.747150000000005,197.36274999999998,201.10989999999998,0.0032944500000000043,0.07821693333333334,0.07492248333333333,6794.716666666666
FLORIANOPOLIS,4205407,high_inactive,high,False,7,0.0056916666666666504,0.43981,0.43411833333333333,-2.9408499999999833,192.3212,195.26205,0.0016693499999999861,0.07808196666666666,0.07641261666666667,6720.933333333333
FLORIANOPOLIS,4205407,high_inactive,high,False,8,0.01161000000000001,0.4588066666666667,0.4471966666666667,-1.156583333333316,193.37206666666668,194.52865,-0.0006950000000000012,0.07836385,0.07905885,6241.816666666667
FLORIANOPOLIS,4205407,high_inactive,high,False,9,-0.0033833333333333493,0.43073,0.43411333333333335,6.212966666666659,198.66536666666667,192.4524,0.0012935666666666762,0.07916911666666666,0.07787554999999999,6009.4
FORTALEZA,2304400,high_inactive,high,False,0,0.0041300000000000225,0.47151000000000004,0.46738,1.6225166666666553,169.22913333333332,167.60661666666667,0.014648533333333338,0.09884286666666667,0.08419433333333333,23887.166666666668
FORTALEZA,2304400,high_inactive,high,False,1,-0.006456666666666666,0.47160833333333335,0.478065,-1.4812333333333072,170.53278333333336,172.01401666666666,-0.0014192166666666672,0.08956236666666667,0.09098158333333334,23945.866666666665
FORTALEZA,2304400,high_inactive,high,False,2,-0.0004666666666666708,0.47562166666666666,0.47608833333333334,4.221900000000005,180.24773333333331,176.0258333333333,-0.0014586000000000043,0.09326608333333333,0.09472468333333334,23792.283333333333
FORTALEZA,2304400,high_inactive,high,False,3,0.004255000000000009,0.48560333333333333,0.4813483333333333,11.469116666666679,178.71791666666667,167.2488,-0.0006303333333333438,0.09624975,0.09688008333333334,23436.7
FORTALEZA,2304400,high_inactive,high,False,4,-0.004736666666666722,0.47051,0.4752466666666667,-8.648816666666647,170.71426666666667,179.36308333333332,-0.010680449999999994,0.0946792,0.10535965,23556.15
FORTALEZA,2304400,high_inactive,high,False,5,0.0025299999999999767,0.4780183333333333,0.47548833333333335,-0.9889166666666824,173.61621666666667,174.60513333333336,0.009765066666666669,0.10432213333333333,0.09455706666666666,23206.65
FORTALEZA,2304400,high_inactive,high,False,6,0.004803333333333326,0.4733483333333333,0.468545,5.705733333333313,168.4494,162.74366666666668,0.00714501666666667,0.09565185000000001,0.08850683333333334,23654.2
FORTALEZA,2304400,high_inactive,high,False,7,-0.0016799999999999593,0.47878000000000004,0.48046,5.317266666666654,182.98738333333333,177.67011666666667,-0.0019985833333333314,0.10187875,0.10387733333333334,23405.15
FORTALEZA,2304400,high_inactive,high,False,8,0.008463333333333323,0.48480333333333336,0.47634000000000004,0.08241666666665992,176.42963333333333,176.34721666666667,0.00711796666666667,0.10580701666666667,0.09868905,23465.183333333334
FORTALEZA,2304400,high_inactive,high,False,9,0.0038916666666666266,0.47308833333333333,0.4691966666666667,0.28204999999999814,179.83136666666667,179.54931666666667,0.005007216666666675,0.09709910000000001,0.09209188333333333,23842.95
JOAO PESSOA,2507507,high_inactive,high,False,0,0.012220000000000009,0.41791,0.40569,2.9082666666666626,147.08765,144.17938333333333,-0.0044573833333333285,0.09379255,0.09824993333333333,6259.766666666666
JOAO PESSOA,2507507,high_inactive,high,False,1,0.0174516666666667,0.42556166666666667,0.40811,-22.935450000000003,159.01331666666667,181.94876666666667,-0.010290533333333324,0.09864761666666667,0.10893815,6684.583333333333
JOAO PESSOA,2507507,high_inactive,high,False,2,0.005811666666666659,0.42227333333333333,0.4164616666666667,-6.3031666666666695,146.48873333333333,152.7919,0.005204666666666663,0.09636021666666666,0.09115555,6447.55
JOAO PESSOA,2507507,high_inactive,high,False,3,0.008745000000000003,0.41390333333333335,0.40515833333333334,-10.160766666666632,160.0124,170.17316666666665,0.0024384000000000072,0.09786998333333334,0.09543158333333333,6741.616666666667
JOAO PESSOA,2507507,high_inactive,high,False,4,0.0011116666666666775,0.4135316666666667,0.41242,12.0942,155.64010000000002,143.54590000000002,0.005988850000000004,0.10030616666666667,0.09431731666666666,6250.733333333334
JOAO PESSOA,2507507,high_inactive,high,False,5,-0.0013866666666667027,0.412705,0.4140916666666667,-11.893750000000011,162.62801666666667,174.52176666666668,-0.004033216666666659,0.09811613333333334,0.10214935,6552.966666666666
JOAO PESSOA,2507507,high_inactive,high,False,6,0.0008066666666666777,0.410435,0.4096283333333333,-10.521516666666656,160.04391666666666,170.56543333333332,-0.0030894499999999936,0.0975689,0.10065835,6436.8
JOAO PESSOA,2507507,high_inactive,high,False,7,-0.006793333333333318,0.40192500000000003,0.40871833333333335,-0.7113833333333162,164.67188333333334,165.38326666666666,9.234999999999105e-05,0.09559501666666666,0.09550266666666667,6671.533333333334
JOAO PESSOA,2507507,high_inactive,high,False,8,-0.008969999999999978,0.4124966666666667,0.42146666666666666,-4.023983333333348,158.89866666666666,162.92265,-0.0002621999999999902,0.10075258333333334,0.10101478333333333,6332.883333333333
JOAO PESSOA,2507507,high_inactive,high,False,9,-0.01453833333333332,0.39977,0.41430833333333333,8.69401666666667,167.81558333333334,159.12156666666667,-0.006234049999999991,0.09416293333333334,0.10039698333333333,6276.883333333333
MACEIO,2704302,high_inactive,high,False,0,0.013286666666666669,0.39007833333333336,0.3767916666666667,8.582099999999997,163.79971666666668,155.2176166666667,0.00705678333333333,0.07117966666666667,0.06412288333333334,9762.916666666666
MACEIO,2704302,high_inactive,high,False,1,-0.0026399999999999757,0.38151833333333335,0.3841583333333333,12.928666666666658,164.66885,151.74018333333333,0.006160833333333338,0.06271825,0.056557416666666666,10035.466666666667
MACEIO,2704302,high_inactive,high,False,2,0.0011983333333333013,0.39708499999999997,0.39588666666666666,12.714916666666682,158.82676666666666,146.11184999999998,0.0030584166666666676,0.0637035,0.06064508333333333,10001.65
MACEIO,2704302,high_inactive,high,False,3,0.00045833333333333837,0.38294333333333336,0.382485,-4.307866666666683,151.50448333333333,155.81235,-0.001117899999999998,0.06234295,0.06346085,9930.683333333332
MACEIO,2704302,high_inactive,high,False,4,0.0010716666666666375,0.39169666666666664,0.390625,0.2704166666666481,160.69799999999998,160.42758333333333,-0.002486833333333327,0.06823191666666667,0.07071875,9773.266666666666
MACEIO,2704302,high_inactive,high,False,5,-0.000993333333333346,0.40051,0.4015033333333333,-3.402799999999985,179.47608333333335,182.87888333333333,-0.002064849999999993,0.08689668333333334,0.08896153333333333,9330.666666666666
MACEIO,2704302,high_inactive,high,False,6,-0.003979999999999928,0.38475000000000004,0.38872999999999996,-0.769283333333334,157.33938333333333,158.10866666666666,-0.0006551166666666774,0.0688824,0.06953751666666667,9942.25
MACEIO,2704302,high_inactive,high,False,7,-0.007550000000000001,0.3846466666666667,0.3921966666666667,-0.4928999999999917,152.5205,153.0134,0.001576633333333334,0.0618775,0.06030086666666667,10036.85
MACEIO,2704302,high_inactive,high,False,8,0.020409999999999984,0.40686666666666665,0.38645666666666667,-1.5571666666666886,149.81338333333332,151.37055,-0.0032734333333333254,0.05668856666666667,0.059961999999999994,9771.533333333333
MACEIO,2704302,high_inactive,high,False,9,0.007288333333333341,0.3925466666666667,0.38525833333333337,0.6826833333333582,157.73633333333333,157.05364999999998,-0.002609550000000002,0.060922533333333334,0.06353208333333334,10009.716666666667
NATAL,2408102,high_inactive,high,False,0,0.003908333333333347,0.423275,0.41936666666666667,-0.25739999999998986,143.80506666666668,144.06246666666667,-0.0010280666666666743,0.07384275,0.07487081666666667,7723.433333333333
NATAL,2408102,high_inactive,high,False,1,-0.002108333333333323,0.41025833333333334,0.41236666666666666,-1.2669666666666615,157.21278333333333,158.47975,0.0022847333333333303,0.07605316666666666,0.07376843333333333,7708.683333333333
NATAL,2408102,high_inactive,high,False,2,0.007705000000000073,0.41828000000000004,0.41057499999999997,-2.320916666666676,153.37721666666667,155.69813333333335,0.0023532333333333294,0.0787778,0.07642456666666667,7721.466666666666
NATAL,2408102,high_inactive,high,False,3,0.01064166666666666,0.41893166666666665,0.40829,-1.55925000000002,149.49429999999998,151.05355,0.0042631333333333354,0.07742388333333333,0.07316075,7720.616666666667
NATAL,2408102,high_inactive,high,False,4,-0.00542999999999999,0.41402333333333335,0.41945333333333334,-7.85439999999997,144.03605000000002,151.89045,-0.001244816666666676,0.07432514999999999,0.07556996666666667,7718.0
NATAL,2408102,high_inactive,high,False,5,0.006025000000000003,0.41822666666666664,0.41220166666666663,-0.9378833333333603,157.89981666666665,158.8377,0.005952316666666679,0.07941526666666668,0.07346295,7720.7
NATAL,2408102,high_inactive,high,False,6,0.005258333333333309,0.42338,0.41812166666666667,-1.634683333333328,149.52758333333335,151.16226666666668,-0.0005747333333333271,0.07464215,0.07521688333333333,7713.45
NATAL,2408102,high_inactive,high,False,7,-0.007788333333333286,0.4116516666666667,0.41944,0.7920500000000175,154.49481666666668,153.70276666666666,-0.006251299999999987,0.07525186666666667,0.08150316666666665,7737.7
NATAL,2408102,high_inactive,high,False,8,0.01992166666666667,0.42395333333333335,0.4040316666666667,-0.7633999999999901,151.15158333333332,151.9149833333333,0.006481966666666658,0.07933404999999999,0.07285208333333333,7732.083333333333
NATAL,2408102,high_inactive,high,False,9,-0.003099999999999936,0.40659333333333336,0.4096933333333333,0.44788333333332275,151.54795000000001,151.1000666666667,-0.0001656666666666473,0.07289965000000001,0.07306531666666666,7720.8
PALMAS,1721000,high_inactive,high,False,0,-0.007040000000000046,0.37626166666666666,0.3833016666666667,-1.559849999999983,176.78815,178.34799999999998,0.0006504999999999983,0.04488963333333333,0.04423913333333333,3588.4166666666665
PALMAS,1721000,high_inactive,high,False,1,-0.0010983333333333678,0.37985166666666664,0.38095,4.903749999999974,162.36335,157.45960000000002,-0.0009685333333333337,0.03744008333333333,0.038408616666666666,3587.1
PALMAS,1721000,high_inactive,high,False,2,-0.005635000000000001,0.367315,0.37295,-3.089150000000018,178.2036,181.29275,4.75666666666652e-05,0.0445578,0.044510233333333336,3587.4
PALMAS,1721000,high_inactive,high,False,3,0.0018716666666666604,0.37628833333333334,0.3744166666666667,-11.123250000000013,181.35953333333333,192.48278333333334,-0.001169950000000003,0.04121258333333333,0.04238253333333333,3586.733333333333
PALMAS,1721000,high_inactive,high,False,4,0.004453333333333309,0.3725233333333333,0.36807,-1.7364166666666563,192.5122,194.24861666666666,-0.0005641333333333345,0.044806066666666665,0.0453702,3585.616666666667
PALMAS,1721000,high_inactive,high,False,5,0.0061249999999999916,0.37988,0.373755,1.8879500000000178,179.99121666666667,178.10326666666666,0.000875066666666667,0.04526203333333333,0.044386966666666666,3586.1
PALMAS,1721000,high_inactive,high,False,6,-0.013261666666666672,0.36691666666666667,0.38017833333333334,1.2121500000000367,171.03310000000002,169.82094999999998,-0.004094583333333332,0.045037266666666666,0.04913185,3584.4
PALMAS,1721000,high_inactive,high,False,7,-0.00910500000000003,0.3663166666666667,0.3754216666666667,-9.226833333333303,168.69858333333335,177.92541666666665,-0.004246516666666672,0.04031043333333333,0.044556950000000005,3587.0333333333333
PALMAS,1721000,high_inactive,high,False,8,0.004016666666666613,0.3776533333333333,0.3736366666666667,8.136100000000027,196.21863333333334,188.08253333333332,-0.004935650000000007,0.04351658333333333,0.04845223333333334,3587.0
PALMAS,1721000,high_inactive,high,False,9,0.011361666666666659,0.3888466666666667,0.377485,-2.8171333333333166,176.17951666666667,178.99665,-0.0025513833333333374,0.04423556666666666,0.04678695,3588.233333333333
PORTO ALEGRE,4314902,high_inactive,high,False,0,-0.007456666666666667,0.6578383333333334,0.6652950000000001,-0.9087666666666792,175.21076666666667,176.11953333333335,-0.0014994333333333276,0.08260540000000001,0.08410483333333334,11998.35
PORTO ALEGRE,4314902,high_inactive,high,False,1,0.010531666666666717,0.6630416666666666,0.6525099999999999,0.6323500000000024,179.71416666666667,179.08181666666667,0.005387550000000005,0.08949393333333333,0.08410638333333333,12013.65
PORTO ALEGRE,4314902,high_inactive,high,False,2,-0.0007466666666666733,0.6539766666666667,0.6547233333333333,-4.095433333333318,176.36476666666667,180.4602,-0.0016538166666666826,0.08181173333333333,0.08346555000000001,11995.45
PORTO ALEGRE,4314902,high_inactive,high,False,3,0.0007199999999999429,0.6602316666666667,0.6595116666666667,-0.06578333333331443,177.64336666666668,177.70915,0.0010454500000000033,0.08222606666666667,0.08118061666666666,11753.6
PORTO ALEGRE,4314902,high_inactive,high,False,4,0.014030000000000098,0.6685733333333334,0.6545433333333333,-2.6142666666666514,181.38605,184.00031666666666,0.0026918833333333253,0.08393629999999999,0.08124441666666667,12462.383333333333
PORTO ALEGRE,4314902,high_inactive,high,False,5,-0.007921666666666605,0.6603883333333334,0.66831,2.5304500000000303,183.42863333333335,180.89818333333332,0.000718766666666662,0.08655843333333334,0.08583966666666668,12108.65
PORTO ALEGRE,4314902,high_inactive,high,False,6,-0.010931666666666673,0.6468133333333334,0.657745,-4.882949999999994,175.5455,180.42845,0.0067822666666666614,0.08604431666666666,0.07926205,12025.5
PORTO ALEGRE,4314902,high_inactive,high,False,7,0.013581666666666603,0.68782,0.6742383333333334,-0.19259999999999877,179.50745,179.70005,-0.0011193833333333347,0.08226378333333333,0.08338316666666666,11707.833333333334
PORTO ALEGRE,4314902,high_inactive,high,False,8,0.01741500000000007,0.6915183333333333,0.6741033333333333,0.06876666666667575,176.3060166666667,176.23725000000002,-9.77333333333219e-05,0.08627681666666667,0.08637455,11840.366666666667
PORTO ALEGRE,4314902,high_inactive,high,False,9,-0.012963333333333438,0.6382366666666666,0.6512,5.678766666666689,179.95505,174.2762833333333,-0.0029524166666666796,0.07877038333333333,0.08172280000000001,12171.65
PORTO VELHO,1100205,high_inactive,high,False,0,-0.018953333333333378,0.39286499999999996,0.41181833333333334,-12.284083333333342,133.92011666666667,146.20420000000001,-0.007433216666666666,0.05329201666666667,0.06072523333333334,5461.433333333333
PORTO VELHO,1100205,high_inactive,high,False,1,0.009211666666666618,0.41496666666666665,0.40575500000000003,-3.6234833333333256,147.43913333333333,151.06261666666666,-0.001574999999999993,0.07192945,0.07350445,5442.133333333333
PORTO VELHO,1100205,high_inactive,high,False,2,0.007906666666666673,0.43374,0.42583333333333334,-5.1699666666666815,139.95286666666667,145.12283333333335,-0.03855108333333332,0.06961425,0.10816533333333332,5046.916666666667
PORTO VELHO,1100205,high_inactive,high,False,3,-0.025191666666666612,0.40011500000000005,0.42530666666666667,2.2184999999999775,139.09578333333332,136.87728333333334,0.006602000000000004,0.06854046666666667,0.06193846666666667,5446.316666666667
PORTO VELHO,1100205,high_inactive,high,False,4,-0.017458333333333353,0.41312166666666666,0.43058,-3.587616666666662,151.86413333333334,155.45175,-0.006622183333333323,0.07261411666666667,0.0792363,5461.583333333333
PORTO VELHO,1100205,high_inactive,high,False,5,0.007318333333333316,0.424155,0.4168366666666667,0.42108333333331416,144.75338333333332,144.3323,-0.004479283333333334,0.06294765,0.06742693333333333,5428.183333333333
PORTO VELHO,1100205,high_inactive,high,False,6,-0.015451666666666641,0.4087866666666667,0.42423833333333333,7.759400000000014,130.97106666666667,123.21166666666666,0.0065163166666666605,0.06254198333333333,0.05602566666666667,5395.566666666667
PORTO VELHO,1100205,high_inactive,high,False,7,0.0044399999999999995,0.41068166666666667,0.40624166666666667,-5.74918333333332,129.89375,135.64293333333333,0.0023660666666666594,0.05899368333333333,0.05662761666666667,5362.683333333333
PORTO VELHO,1100205,high_inactive,high,False,8,-0.002065000000000039,0.42462833333333333,0.42669333333333337,-2.2187500000000284,145.74471666666665,147.96346666666668,-0.0005202499999999999,0.07234,0.07286025,5461.55
PORTO VELHO,1100205,high_inactive,high,False,9,0.012573333333333325,0.3976883333333333,0.385115,-16.206166666666633,142.54603333333336,158.7522,0.004818716666666681,0.06908596666666668,0.06426725,5432.033333333334
RIO BRANCO,1200401,high_inactive,high,False,0,0.004808333333333359,0.4010283333333333,0.39621999999999996,-0.5253999999999905,149.60251666666667,150.12791666666666,0.0023487833333333333,0.050604883333333336,0.0482561,3929.133333333333
RIO BRANCO,1200401,high_inactive,high,False,1,-0.00881666666666664,0.37562500000000004,0.3844416666666667,-8.37130000000002,170.61055,178.98185,-0.004014233333333332,0.05046755,0.05448178333333333,3929.233333333333
RIO BRANCO,1200401,high_inactive,high,False,2,0.003320000000000045,0.3980116666666667,0.39469166666666666,-3.949499999999972,142.54806666666667,146.49756666666664,0.00022076666666666356,0.04999363333333333,0.049772866666666665,3929.25
RIO BRANCO,1200401,high_inactive,high,False,3,0.005418333333333358,0.38772,0.38230166666666665,-1.5345166666666614,174.43643333333333,175.97095,0.0047277833333333324,0.057232399999999996,0.05250461666666666,3929.25
RIO BRANCO,1200401,high_inactive,high,False,4,-0.004218333333333324,0.3906016666666667,0.39482,6.8259166666666715,153.04678333333334,146.22086666666667,0.0008410166666666663,0.049004766666666665,0.04816375,3929.1833333333334
RIO BRANCO,1200401,high_inactive,high,False,5,0.009878333333333322,0.39216833333333334,0.38229,-3.7865500000000054,150.39748333333333,154.18403333333333,-0.0010842166666666653,0.04757006666666667,0.04865428333333333,3929.2166666666667
RIO BRANCO,1200401,high_inactive,high,False,6,0.0018850000000000255,0.39059166666666667,0.38870666666666664,-2.56071666666665,163.27541666666667,165.83613333333332,-0.00021705000000000335,0.04926458333333333,0.04948163333333333,3929.233333333333
RIO BRANCO,1200401,high_inactive,high,False,7,0.004903333333333315,0.39267833333333335,0.38777500000000004,-1.8338666666666938,163.72125,165.5551166666667,0.0007086999999999996,0.04843801666666667,0.04772931666666667,3929.233333333333
RIO BRANCO,1200401,high_inactive,high,False,8,-0.0010833333333333806,0.39279166666666665,0.39387500000000003,0.26599999999999113,158.49968333333334,158.23368333333335,-0.0013171333333333382,0.04824713333333333,0.04956426666666667,3929.266666666667
RIO BRANCO,1200401,high_inactive,high,False,9,0.000761666666666716,0.3956983333333334,0.39493666666666666,-0.02948333333333153,149.69475,149.72423333333333,0.0015741166666666667,0.05173521666666667,0.0501611,3929.3166666666666
SALVADOR,2927408,high_inactive,high,False,0,0.011834999999999984,0.4803183333333333,0.4684833333333333,-1.1336000000000013,125.89185,127.02545,0.0007541499999999951,0.07068621666666666,0.06993206666666667,23624.933333333334
SALVADOR,2927408,high_inactive,high,False,1,0.0028866666666666485,0.4762533333333333,0.47336666666666666,-0.7361999999999824,127.15108333333335,127.88728333333333,0.0009541333333333291,0.07054818333333333,0.06959405,23320.833333333332
SALVADOR,2927408,high_inactive,high,False,2,-1.1666666666687586e-05,0.4771033333333333,0.477115,-1.6742166666666662,130.42588333333333,132.1001,0.001261666666666661,0.07412158333333332,0.07285991666666666,23121.666666666668
SALVADOR,2927408,high_inactive,high,False,3,0.008314999999999961,0.47906166666666666,0.4707466666666667,-3.449383333333344,135.46265,138.91203333333334,0.004905466666666677,0.07206936666666668,0.0671639,24315.116666666665
SALVADOR,2927408,high_inactive,high,False,4,0.008466666666666622,0.47746,0.4689933333333334,3.7447166666666476,134.92326666666665,131.17855,0.001966400000000007,0.06955851666666667,0.06759211666666666,23469.566666666666
SALVADOR,2927408,high_inactive,high,False,5,0.009643333333333337,0.490575,0.48093166666666665,-3.4950833333333264,131.43816666666666,134.93325,0.005890716666666657,0.07900639999999999,0.07311568333333333,23465.533333333333
SALVADOR,2927408,high_inactive,high,False,6,0.008755000000000013,0.48730666666666667,0.47855166666666665,-2.56604999999999,127.5523,130.11835,0.0021025833333333382,0.07097233333333333,0.06886975,23281.416666666668
SALVADOR,2927408,high_inactive,high,False,7,0.014641666666666664,0.4861316666666667,0.47149,4.322066666666643,133.8319,129.50983333333335,-0.0003586666666666599,0.07050926666666667,0.07086793333333333,23458.233333333334
SALVADOR,2927408,high_inactive,high,False,8,0.006849999999999912,0.47353166666666663,0.4666816666666667,-0.898083333333318,132.07673333333335,132.97481666666667,-0.0010524000000000089,0.07515904999999999,0.07621145,22872.283333333333
SALVADOR,2927408,high_inactive,high,False,9,0.015076666666666627,0.48435666666666666,0.46928000000000003,5.425783333333328,134.65198333333333,129.2262,-0.0006316499999999975,0.06806281666666666,0.06869446666666666,23785.183333333334
SAO LUIS,2111300,high_inactive,high,False,0,0.004018333333333346,0.37947000000000003,0.3754516666666667,-4.562083333333334,147.26621666666668,151.8283,-1.5133333333333665e-05,0.059724233333333335,0.05973936666666667,11112.816666666668
SAO LUIS,2111300,high_inactive,high,False,1,0.0054016666666666935,0.37583333333333335,0.37043166666666666,0.36795000000000755,150.58711666666667,150.21916666666667,0.0002550166666666631,0.05805108333333333,0.057796066666666666,11121.283333333333
SAO LUIS,2111300,high_inactive,high,False,2,-0.0011299999999999644,0.36996666666666667,0.37109666666666663,6.779200000000031,150.00685000000001,143.22764999999998,0.0018367666666666699,0.0610137,0.05917693333333333,11117.4
SAO LUIS,2111300,high_inactive,high,False,3,0.005296666666666727,0.3714866666666667,0.36618999999999996,1.4317000000000064,138.89283333333333,137.46113333333332,0.0026485666666666713,0.05838915,0.05574058333333333,11104.433333333332
SAO LUIS,2111300,high_inactive,high,False,4,-0.00682166666666667,0.3675,0.37432166666666666,-1.3499833333333413,148.42571666666666,149.7757,0.0019484666666666622,0.05826628333333333,0.056317816666666666,11111.983333333334
SAO LUIS,2111300,high_inactive,high,False,5,0.008174999999999988,0.38221,0.374035,-0.30981666666664864,151.36270000000002,151.67251666666667,0.0016754833333333385,0.0610457,0.05937021666666666,11131.066666666668
SAO LUIS,2111300,high_inactive,high,False,6,0.0035233333333333783,0.37039000000000005,0.3668666666666667,6.631299999999982,150.89148333333333,144.26018333333334,0.004153716666666661,0.0627972,0.058643483333333336,11122.0
SAO LUIS,2111300,high_inactive,high,False,7,0.012408333333333299,0.384355,0.3719466666666667,-0.7735833333333346,143.97436666666667,144.74795,0.0034662333333333392,0.05870343333333334,0.0552372,11108.766666666666
SAO LUIS,2111300,high_inactive,high,False,8,-0.007011666666666638,0.37101666666666666,0.3780283333333333,0.6234666666666442,154.10796666666664,153.4845,-1.3633333333318287e-05,0.06439215000000001,0.06440578333333333,11134.3
SAO LUIS,2111300,high_inactive,high,False,9,-0.0063433333333333675,0.37487333333333334,0.3812166666666667,0.5964333333333514,145.38621666666668,144.78978333333333,0.0022840500000000097,0.061288966666666674,0.059004916666666664,11118.966666666667
TERESINA,2211001,high_inactive,high,False,0,-0.002939999999999998,0.36194166666666666,0.36488166666666666,1.161733333333359,161.24456666666669,160.08283333333333,0.001961416666666674,0.05687801666666667,0.054916599999999996,8910.183333333332
TERESINA,2211001,high_inactive,high,False,1,-0.0023333333333332984,0.3899016666666667,0.392235,0.6964499999999703,163.89741666666666,163.2009666666667,0.0021812500000000026,0.04963326666666667,0.047452016666666666,9410.516666666666
TERESINA,2211001,high_inactive,high,False,2,0.0016166666666665996,0.37749499999999997,0.37587833333333337,-1.5594499999999982,158.8826,160.44205,-0.018461333333333343,0.047072116666666663,0.06553345000000001,8744.5
TERESINA,2211001,high_inactive,high,False,3,-0.005338333333333389,0.38220499999999996,0.38754333333333335,2.703083333333325,155.54086666666666,152.83778333333333,0.002200499999999994,0.046966799999999996,0.0447663,9407.633333333333
TERESINA,2211001,high_inactive,high,False,4,0.0037716666666666177,0.38956166666666664,0.38579,7.618416666666661,160.05486666666667,152.43645,0.0018866833333333263,0.04634048333333333,0.0444538,9412.3
TERESINA,2211001,high_inactive,high,False,5,0.002599999999999991,0.37172666666666665,0.36912666666666666,-4.364683333333318,161.65543333333335,166.02011666666667,-0.0010675500000000004,0.0639942,0.06506175,8621.483333333334
TERESINA,2211001,high_inactive,high,False,6,0.00024166666666669556,0.3754716666666667,0.37523,8.769016666666658,156.78793333333334,148.01891666666668,0.013080466666666672,0.06460838333333334,0.051527916666666666,8936.533333333333
TERESINA,2211001,high_inactive,high,False,7,-0.0011633333333333495,0.3745733333333333,0.37573666666666666,-1.6392333333333227,154.33191666666667,155.97115,-0.006827399999999997,0.05277288333333333,0.05960028333333333,8759.633333333333
TERESINA,2211001,high_inactive,high,False,8,-0.0030516666666667303,0.3750883333333333,0.37814000000000003,3.2642666666666855,151.68980000000002,148.42553333333333,0.005344383333333341,0.05779943333333334,0.052455049999999996,9134.266666666666
TERESINA,2211001,high_inactive,high,False,9,0.002016666666666611,0.3712483333333333,0.3692316666666667,-5.454066666666677,157.44541666666666,162.89948333333334,-0.005438783333333336,0.06858476666666666,0.07402355,8445.55
VITORIA,3205002,high_inactive,high,False,0,-0.001291666666666691,0.41986833333333334,0.42116000000000003,-2.236366666666669,141.1974,143.43376666666666,-0.004579349999999996,0.07222706666666667,0.07680641666666667,4597.533333333334
VITORIA,3205002,high_inactive,high,False,1,-0.013498333333333334,0.41615,0.42964833333333335,1.870283333333333,140.6669,138.79661666666667,-0.0007248833333333288,0.0673543,0.06807918333333333,4871.483333333334
VITORIA,3205002,high_inactive,high,False,2,0.00839166666666663,0.426625,0.41823333333333335,0.6403166666666777,147.28883333333334,146.64851666666667,0.005112183333333339,0.08074618333333333,0.07563399999999999,4476.75
VITORIA,3205002,high_inactive,high,False,3,0.007819999999999994,0.4204333333333333,0.41261333333333333,-5.4515333333333444,145.6692833333333,151.12081666666666,0.002982483333333341,0.07092876666666667,0.06794628333333333,4659.083333333333
VITORIA,3205002,high_inactive,high,False,4,0.0003466666666666618,0.40902,0.40867333333333333,-5.946616666666671,153.29013333333333,159.23675,-0.0020411499999999916,0.07403355,0.0760747,4903.016666666666
VITORIA,3205002,high_inactive,high,False,5,-0.0031133333333333013,0.41792833333333335,0.42104166666666665,10.889316666666673,158.09375,147.20443333333333,0.005541916666666674,0.07548326666666667,0.06994135,4629.3
VITORIA,3205002,high_inactive,high,False,6,-0.007346666666666668,0.41440333333333335,0.42175,5.961783333333329,157.56411666666665,151.60233333333332,-0.00020566666666665956,0.07257673333333334,0.0727824,4806.7
VITORIA,3205002,high_inactive,high,False,7,0.001621666666666688,0.41709,0.41546833333333333,-1.8278999999999712,148.7082,150.53609999999998,-0.0012457833333333473,0.07337681666666666,0.07462260000000001,4645.083333333333
VITORIA,3205002,high_inactive,high,False,8,-0.010114999999999985,0.41156,0.42167499999999997,9.738333333333372,161.76748333333336,152.02915,-0.005222099999999993,0.06800698333333334,0.07322908333333333,4494.1
VITORIA,3205002,high_inactive,high,False,9,0.000581666666666647,0.4108233333333333,0.41024166666666667,-1.7533666666666932,151.87643333333332,153.62980000000002,0.0032364666666666875,0.07077106666666667,0.06753459999999999,4632.533333333334
ARACAJU,2800308,high_active,high,True,0,-0.005479999999999929,0.43479500000000004,0.44027499999999997,-0.30658333333332166,183.55351666666667,183.8601,-0.006464066666666671,0.09135675,0.09782081666666667,5750.633333333333
ARACAJU,2800308,high_active,high,True,1,0.026413333333333344,0.4498216666666667,0.42340833333333333,0.129950000000008,176.95213333333334,176.82218333333333,0.0029133833333333248,0.09088883333333334,0.08797545000000001,5971.966666666666
ARACAJU,2800308,high_active,high,True,2,0.0010950000000000126,0.4600016666666667,0.4589066666666667,-5.968033333333352,159.14818333333332,165.11621666666667,-0.00500529999999999,0.09039413333333333,0.09539943333333332,5618.25
ARACAJU,2800308,high_active,high,True,3,0.057586666666666675,0.47717333333333334,0.41958666666666666,-4.652033333333321,170.85108333333335,175.50311666666667,0.026875383333333336,0.1040877,0.07721231666666667,5957.35
ARACAJU,2800308,high_active,high,True,4,-0.0006149999999999767,0.4214116666666667,0.42202666666666666,12.813883333333337,195.06923333333333,182.25535,-0.0015754333333333342,0.08483811666666667,0.08641355,5902.033333333334
ARACAJU,2800308,high_active,high,True,5,-0.0036833333333333718,0.43744666666666665,0.44113,-1.4685666666666748,191.96313333333333,193.4317,-0.0026497500000000063,0.09100686666666666,0.09365661666666666,5730.183333333333
ARACAJU,2800308,high_active,high,True,6,0.019990000000000008,0.4678333333333333,0.4478433333333333,-2.3318333333333214,182.31435000000002,184.64618333333334,0.0029291500000000054,0.0934677,0.09053855,5783.333333333333
ARACAJU,2800308,high_active,high,True,7,-0.01599333333333336,0.42343,0.43942333333333333,-9.02389999999997,171.38303333333334,180.4069333333333,-0.004069183333333351,0.08856004999999999,0.09262923333333334,5788.55
ARACAJU,2800308,high_active,high,True,8,-0.00627166666666662,0.42743000000000003,0.43370166666666665,6.344233333333335,193.32175,186.97751666666667,-0.0012867333333333175,0.08883146666666668,0.0901182,5946.316666666667
ARACAJU,2800308,high_active,high,True,9,0.0002366666666666628,0.44322666666666666,0.44299,-12.692949999999996,177.11501666666666,189.80796666666666,-0.0011838500000000002,0.09178931666666666,0.09297316666666666,5660.233333333334
BELO HORIZONTE,3106200,high_active,high,True,0,-0.004033333333333222,0.6032550000000001,0.6072883333333333,-5.286466666666655,162.12943333333334,167.4159,0.000854783333333331,0.0815843,0.08072951666666667,23253.633333333335
BELO HORIZONTE,3106200,high_active,high,True,1,-0.03444499999999995,0.5955916666666667,0.6300366666666667,5.2724833333333265,163.59645,158.32396666666668,-0.006596333333333343,0.07797658333333332,0.08457291666666666,22797.9
BELO HORIZONTE,3106200,high_active,high,True,2,0.011845000000000105,0.6255083333333334,0.6136633333333333,6.787400000000019,165.68796666666668,158.90056666666666,0.0018528499999999892,0.08213133333333333,0.08027848333333334,23101.616666666665
BELO HORIZONTE,3106200,high_active,high,True,3,-0.010261666666666613,0.6009066666666667,0.6111683333333333,3.5317166666666253,161.57969999999997,158.04798333333335,-0.002849133333333337,0.07978056666666666,0.0826297,22802.7
BELO HORIZONTE,3106200,high_active,high,True,4,0.02435833333333337,0.6063966666666667,0.5820383333333333,-5.587083333333339,157.5721333333333,163.15921666666665,0.0021542333333333247,0.07864783333333333,0.07649360000000001,23404.016666666666
BELO HORIZONTE,3106200,high_active,high,True,5,-0.03348333333333342,0.596115,0.6295983333333334,7.626516666666674,172.05505,164.42853333333332,-0.0005260666666666719,0.07806416666666666,0.07859023333333333,23168.116666666665
BELO HORIZONTE,3106200,high_active,high,True,6,0.007804999999999951,0.603005,0.5952000000000001,-4.538883333333331,161.0769,165.61578333333333,0.0025856166666666652,0.08140813333333334,0.07882251666666668,23284.2
BELO HORIZONTE,3106200,high_active,high,True,7,-0.023538333333333328,0.5973766666666667,0.620915,1.0840499999999906,158.20953333333333,157.12548333333334,0.0036651166666666624,0.08000438333333333,0.07633926666666667,23194.383333333335
BELO HORIZONTE,3106200,high_active,high,True,8,-0.004088333333333138,0.6127800000000001,0.6168683333333332,-2.5071166666666613,161.45016666666666,163.95728333333332,-0.005291783333333341,0.07792821666666666,0.08322,23046.016666666666
BELO HORIZONTE,3106200,high_active,high,True,9,-0.012045000000000083,0.6010433333333333,0.6130883333333333,5.424100000000038,166.47566666666668,161.05156666666664,-0.0015145666666666752,0.07945106666666665,0.08096563333333333,23358.45
BOA VISTA,1400100,high_active,high,True,0,0.015661666666666685,0.40962166666666666,0.39396,-13.928016666666679,174.4674,188.39541666666668,0.008071949999999994,0.06978341666666667,0.06171146666666667,6482.866666666667
BOA VISTA,1400100,high_active,high,True,1,-0.010938333333333328,0.3966766666666667,0.407615,1.9618166666666355,172.04416666666665,170.08235000000002,-0.011103233333333337,0.05863275,0.06973598333333333,6482.0
BOA VISTA,1400100,high_active,high,True,2,-0.0022883333333333367,0.394075,0.39636333333333335,-11.472883333333328,160.37456666666668,171.84745,-0.0018770000000000037,0.05874265,0.060619650000000004,6480.616666666667
BOA VISTA,1400100,high_active,high,True,3,-0.016033333333333344,0.38473999999999997,0.4007733333333333,5.5151333333333525,185.97088333333335,180.45575,-0.011043116666666672,0.052188899999999996,0.06323201666666667,6479.883333333333
BOA VISTA,1400100,high_active,high,True,4,-0.018111666666666637,0.3837083333333334,0.40182,13.245966666666646,201.12295,187.87698333333336,-0.008119416666666664,0.05785125,0.06597066666666666,6481.066666666667
BOA VISTA,1400100,high_active,high,True,5,-0.01050666666666672,0.38976666666666665,0.40027333333333337,5.732016666666652,164.98988333333332,159.25786666666667,0.008361016666666672,0.06336101666666667,0.055,6482.216666666666
BOA VISTA,1400100,high_active,high,True,6,0.02795999999999993,0.40851666666666664,0.3805566666666667,-18.53466666666668,154.3070833333333,172.84175,0.016501050000000003,0.07086446666666667,0.054363416666666664,6478.983333333334
BOA VISTA,1400100,high_active,high,True,7,0.008746666666666625,0.40076,0.3920133333333334,-5.029233333333337,170.29523333333333,175.32446666666667,0.0037074166666666714,0.06837513333333334,0.06466771666666667,6473.7
BOA VISTA,1400100,high_active,high,True,8,-0.0038766666666666394,0.39184,0.39571666666666666,-4.108233333333345,162.52615,166.63438333333335,-0.0030332500000000012,0.0565047,0.05953795,6480.033333333334
BOA VISTA,1400100,high_active,high,True,9,-0.0035433333333333983,0.39152,0.3950633333333334,-4.184433333333345,175.40088333333333,179.58531666666667,0.003976750000000008,0.05567706666666667,0.05170031666666666,6482.233333333334
BRASILIA,5300108,high_active,high,True,0,0.010146666666666693,0.45566,0.4455133333333333,-5.577416666666636,207.00245,212.57986666666665,0.0025701166666666775,0.10907873333333334,0.10650861666666667,28487.966666666667
BRASILIA,5300108,high_active,high,True,1,0.0013333333333332975,0.45158499999999996,0.45025166666666666,4.85026666666667,212.79733333333334,207.94706666666667,0.0006990833333333363,0.10553966666666666,0.10484058333333332,28144.516666666666
BRASILIA,5300108,high_active,high,True,2,0.010961666666666647,0.45351166666666665,0.44255,3.6311833333333254,213.01038333333332,209.3792,0.0036465500000000123,0.10503936666666668,0.10139281666666666,29236.55
BRASILIA,5300108,high_active,high,True,3,-0.006160000000000054,0.4514283333333333,0.4575883333333334,1.8684166666666897,206.78175000000002,204.91333333333333,-0.0011227000000000043,0.11013378333333333,0.11125648333333334,28805.266666666666
BRASILIA,5300108,high_active,high,True,4,-0.012248333333333306,0.44043166666666667,0.45267999999999997,1.1919999999999789,204.93953333333332,203.74753333333334,-0.0004885833333333339,0.1055937,0.10608228333333333,28997.333333333332
BRASILIA,5300108,high_active,high,True,5,-0.005093333333333394,0.4453316666666666,0.450425,-9.021449999999959,203.17863333333335,212.2000833333333,0.0029746333333333236,0.11030108333333333,0.10732645,28817.133333333335
BRASILIA,5300108,high_active,high,True,6,0.007411666666666705,0.455,0.4475883333333333,-9.31205,198.32763333333332,207.63968333333332,0.0031161999999999995,0.11008989999999999,0.10697369999999999,28814.166666666668
BRASILIA,5300108,high_active,high,True,7,0.005353333333333321,0.45311666666666667,0.44776333333333335,0.9788833333333287,204.77486666666667,203.79598333333334,-0.00032848333333333757,0.10547546666666667,0.10580395000000001,28137.583333333332
BRASILIA,5300108,high_active,high,True,8,0.002766666666666695,0.44992333333333334,0.44715666666666665,7.333783333333315,209.44746666666666,202.11368333333334,-0.002000250000000009,0.10402873333333333,0.10602898333333334,28782.9
BRASILIA,5300108,high_active,high,True,9,-0.006268333333333265,0.4461816666666667,0.45244999999999996,-3.038883333333331,205.24358333333333,208.28246666666666,-0.006320583333333324,0.10308933333333334,0.10940991666666666,28673.933333333334
CAMPO GRANDE,5002704,high_active,high,True,0,0.0021633333333333504,0.3763116666666667,0.37414833333333336,0.5161333333333289,163.01953333333333,162.5034,0.0009336166666666715,0.0508904,0.04995678333333333,10239.183333333332
CAMPO GRANDE,5002704,high_active,high,True,1,-0.0010033333333333005,0.3751,0.3761033333333333,9.674733333333336,179.93926666666667,170.26453333333333,0.0013230999999999937,0.05327281666666666,0.051949716666666666,10238.3
CAMPO GRANDE,5002704,high_active,high,True,2,0.010473333333333279,0.3836833333333333,0.37321000000000004,-8.301866666666683,173.21331666666666,181.51518333333334,-0.00236691666666667,0.0521662,0.05453311666666667,10238.683333333332
CAMPO GRANDE,5002704,high_active,high,True,3,-0.0031849999999999934,0.37707666666666667,0.38026166666666666,-8.748933333333326,172.40938333333332,181.15831666666665,-0.0010838500000000043,0.05476655,0.0558504,10237.55
CAMPO GRANDE,5002704,high_active,high,True,4,-0.004056666666666653,0.372365,0.37642166666666665,-1.817716666666655,178.65995,180.47766666666666,-0.0004973499999999936,0.053456750000000004,0.0539541,10239.916666666666
CAMPO GRANDE,5002704,high_active,high,True,5,0.003901666666666581,0.3779833333333333,0.3740816666666667,-7.629616666666664,163.5448,171.17441666666667,-0.0019844833333333353,0.04962941666666666,0.0516139,10238.266666666666
CAMPO GRANDE,5002704,high_active,high,True,6,-0.00034999999999990594,0.3772016666666667,0.3775516666666666,0.6241833333333204,170.8357,170.21151666666668,-0.0003885166666666648,0.05195011666666667,0.052338633333333336,10237.283333333333
CAMPO GRANDE,5002704,high_active,high,True,7,-0.005926666666666636,0.37357666666666667,0.3795033333333333,16.04516666666666,183.00058333333334,166.95541666666668,0.002858766666666665,0.0542678,0.05140903333333333,10238.866666666667
CAMPO GRANDE,5002704,high_active,high,True,8,0.0009033333333333116,0.37914166666666665,0.37823833333333334,-3.25924999999998,169.99455,173.25379999999998,0.0010958333333333445,0.05291586666666667,0.05182003333333333,10238.516666666666
CAMPO GRANDE,5002704,high_active,high,True,9,-0.004178333333333284,0.3732416666666667,0.37742,24.171016666666674,192.02008333333333,167.84906666666666,0.0027087666666666677,0.054220583333333336,0.05151181666666667,10237.9
CURITIBA,4106902,high_active,high,True,0,-0.007310000000000039,0.4772383333333333,0.48454833333333336,-1.2861000000000047,162.54408333333333,163.83018333333334,-0.003251450000000003,0.07665531666666667,0.07990676666666667,18375.316666666666
CURITIBA,4106902,high_active,high,True,1,-0.0061133333333333595,0.48079333333333335,0.4869066666666667,-7.538033333333345,155.82063333333332,163.35866666666666,0.0010538166666666654,0.07677626666666666,0.07572245,18379.8
CURITIBA,4106902,high_active,high,True,2,-0.006208333333333316,0.4719933333333334,0.4782016666666667,0.24191666666669676,161.76836666666668,161.52644999999998,-0.0003933833333333442,0.07703565,0.07742903333333334,18338.816666666666
CURITIBA,4106902,high_active,high,True,3,0.009753333333333336,0.4855466666666667,0.47579333333333335,-4.858516666666674,161.68611666666666,166.54463333333334,-6.409999999998361e-05,0.07778975,0.07785384999999999,18313.466666666667
CURITIBA,4106902,high_active,high,True,4,0.009570000000000023,0.4902916666666667,0.48072166666666666,-3.84878333333333,157.88203333333334,161.73081666666667,-5.350000000001187e-06,0.07519855,0.0752039,18291.05
CURITIBA,4106902,high_active,high,True,5,0.008195000000000008,0.490935,0.48274,-0.13964999999998895,165.08943333333335,165.22908333333334,-0.0002539500000000028,0.07730455,0.0775585,18350.416666666668
CURITIBA,4106902,high_active,high,True,6,-0.011680000000000024,0.48191666666666666,0.4935966666666667,8.394900000000007,165.36683333333335,156.97193333333334,-0.00327994999999999,0.07421296666666667,0.07749291666666666,18432.65
CURITIBA,4106902,high_active,high,True,7,-0.014131666666666653,0.4698066666666667,0.48393833333333336,6.600616666666667,162.28528333333333,155.68466666666666,0.000709933333333343,0.07441906666666667,0.07370913333333333,18415.25
CURITIBA,4106902,high_active,high,True,8,-0.005091666666666661,0.47591666666666665,0.4810083333333333,-2.952399999999983,158.04378333333335,160.99618333333333,0.0001742500000000008,0.07620945,0.0760352,18283.85
CURITIBA,4106902,high_active,high,True,9,-0.012001666666666688,0.4712733333333333,0.483275,0.6572666666666578,167.77196666666666,167.1147,-0.0008579666666666819,0.07700473333333333,0.0778627,18301.2
FLORIANOPOLIS,4205407,high_active,high,True,0,0.010676666666666668,0.4295833333333333,0.41890666666666665,3.174016666666688,196.88428333333334,193.71026666666666,0.0009148666666666527,0.07299096666666666,0.0720761,6550.05
FLORIANOPOLIS,4205407,high_active,high,True,1,-0.03582166666666664,0.421725,0.45754666666666666,-16.25630000000001,185.4409,201.6972,-0.007822966666666653,0.07341400000000001,0.08123696666666666,6458.166666666667
FLORIANOPOLIS,4205407,high_active,high,True,2,-0.01787833333333333,0.43735,0.45522833333333335,10.555133333333345,210.98916666666668,200.43403333333333,0.0005590333333333475,0.08009676666666668,0.07953773333333333,6340.883333333333
FLORIANOPOLIS,4205407,high_active,high,True,3,0.010703333333333342,0.45289833333333335,0.442195,-9.847066666666649,190.42643333333334,200.27349999999998,0.008091649999999992,0.08046686666666666,0.07237521666666667,6337.716666666666
FLORIANOPOLIS,4205407,high_active,high,True,4,0.005928333333333369,0.43276833333333337,0.42684,5.298666666666662,210.96033333333335,205.6616666666667,-0.0016752833333333328,0.08357466666666666,0.08524994999999999,6295.75
FLORIANOPOLIS,4205407,high_active,high,True,5,-0.00983333333333336,0.42609166666666665,0.435925,2.3833999999999946,200.5523,198.1689,0.0023378166666666728,0.0749666,0.07262878333333332,6522.233333333334
FLORIANOPOLIS,4205407,high_active,high,True,6,-0.012896666666666667,0.41589333333333334,0.42879,-8.375483333333307,192.73441666666668,201.10989999999998,-0.002309516666666664,0.07261296666666667,0.07492248333333333,6794.716666666666
FLORIANOPOLIS,4205407,high_active,high,True,7,-0.007133333333333325,0.426985,0.43411833333333333,-4.491099999999989,190.77095,195.26205,0.0032027333333333324,0.07961535,0.07641261666666667,6720.933333333333
FLORIANOPOLIS,4205407,high_active,high,True,8,-0.021383333333333365,0.4258133333333333,0.4471966666666667,-12.973583333333323,181.55506666666668,194.52865,-0.0035612166666666722,0.07549763333333333,0.07905885,6241.816666666667
FLORIANOPOLIS,4205407,high_active,high,True,9,-0.009331666666666683,0.42478166666666667,0.43411333333333335,2.867949999999979,195.32035,192.4524,-0.0014510666666666533,0.07642448333333333,0.07787554999999999,6009.4
FORTALEZA,2304400,high_active,high,True,0,0.009246666666666625,0.47662666666666664,0.46738,2.9183500000000038,170.52496666666667,167.60661666666667,0.0038042333333333372,0.08799856666666667,0.08419433333333333,23887.166666666668
FORTALEZA,2304400,high_active,high,True,1,-0.009255000000000013,0.46881,0.478065,16.77608333333336,188.79010000000002,172.01401666666666,0.009406150000000002,0.10038773333333334,0.09098158333333334,23945.866666666665
FORTALEZA,2304400,high_active,high,True,2,-0.003766666666666696,0.47232166666666664,0.47608833333333334,-0.6576833333333241,175.36814999999999,176.0258333333333,0.0038226166666666533,0.09854729999999999,0.09472468333333334,23792.283333333333
FORTALEZA,2304400,high_active,high,True,3,-0.008448333333333335,0.4729,0.4813483333333333,8.812100000000015,176.0609,167.2488,0.0072761999999999966,0.10415628333333334,0.09688008333333334,23436.7
FORTALEZA,2304400,high_active,high,True,4,-0.005660000000000054,0.46958666666666665,0.4752466666666667,3.5514333333333354,182.91451666666666,179.36308333333332,-0.009988033333333327,0.09537161666666667,0.10535965,23556.15
FORTALEZA,2304400,high_active,high,True,5,-0.0030116666666666347,0.4724766666666667,0.47548833333333335,0.30443333333332134,174.90956666666668,174.60513333333336,0.0005813833333333518,0.09513845000000001,0.09455706666666666,23206.65
FORTALEZA,2304400,high_active,high,True,6,0.010343333333333316,0.4788883333333333,0.468545,8.64743333333331,171.3911,162.74366666666668,0.010510783333333329,0.09901761666666667,0.08850683333333334,23654.2
FORTALEZA,2304400,high_active,high,True,7,-0.009340000000000015,0.47112,0.48046,4.764099999999985,182.43421666666666,177.67011666666667,-0.01647588333333333,0.08740145,0.10387733333333334,23405.15
FORTALEZA,2304400,high_active,high,True,8,-0.00580833333333336,0.4705316666666667,0.47634000000000004,3.5619333333333145,179.90914999999998,176.34721666666667,-0.005286650000000004,0.0934024,0.09868905,23465.183333333334
FORTALEZA,2304400,high_active,high,True,9,0.010166666666666657,0.47936333333333336,0.4691966666666667,1.9403833333333296,181.4897,179.54931666666667,0.0061484666666666715,0.09824035,0.09209188333333333,23842.95
JOAO PESSOA,2507507,high_active,high,True,0,0.001615000000000033,0.40730500000000003,0.40569,15.089083333333349,159.26846666666668,144.17938333333333,-0.0007320999999999994,0.09751783333333333,0.09824993333333333,6259.766666666666
JOAO PESSOA,2507507,high_active,high,True,1,0.038675000000000015,0.446785,0.40811,-35.24238333333335,146.70638333333332,181.94876666666667,-0.0062644833333333205,0.10267366666666668,0.10893815,6684.583333333333
JOAO PESSOA,2507507,high_active,high,True,2,0.017021666666666657,0.43348333333333333,0.4164616666666667,-6.235833333333346,146.55606666666665,152.7919,0.0036617333333333335,0.09481728333333334,0.09115555,6447.55
JOAO PESSOA,2507507,high_active,high,True,3,-0.005879999999999996,0.39927833333333335,0.40515833333333334,11.723483333333348,181.89665,170.17316666666665,0.0004588166666666671,0.0958904,0.09543158333333333,6741.616666666667
JOAO PESSOA,2507507,high_active,high,True,4,0.0011450000000000071,0.413565,0.41242,-2.207233333333363,141.33866666666665,143.54590000000002,8.450000000000124e-05,0.09440181666666667,0.09431731666666666,6250.733333333334
JOAO PESSOA,2507507,high_active,high,True,5,-0.004503333333333359,0.40958833333333333,0.4140916666666667,-24.148950000000013,150.37281666666667,174.52176666666668,-0.005002933333333334,0.09714641666666667,0.10214935,6552.966666666666
JOAO PESSOA,2507507,high_active,high,True,6,0.02059500000000003,0.43022333333333335,0.4096283333333333,-3.987799999999993,166.57763333333332,170.56543333333332,-0.0008036999999999905,0.09985465,0.10065835,6436.8
JOAO PESSOA,2507507,high_active,high,True,7,0.0016016666666666124,0.41031999999999996,0.40871833333333335,-8.41016666666664,156.97310000000002,165.38326666666666,-0.00474165,0.09076101666666667,0.09550266666666667,6671.533333333334
JOAO PESSOA,2507507,high_active,high,True,8,-0.016125,0.40534166666666666,0.42146666666666666,5.249333333333311,168.17198333333332,162.92265,8.600000000011376e-06,0.10102338333333334,0.10101478333333333,6332.883333333333
JOAO PESSOA,2507507,high_active,high,True,9,-0.0081633333333333,0.40614500000000003,0.41430833333333333,13.265533333333337,172.3871,159.12156666666667,-0.0008276833333333289,0.0995693,0.10039698333333333,6276.883333333333
MACEIO,2704302,high_active,high,True,0,0.005801666666666649,0.38259333333333334,0.3767916666666667,-3.878766666666678,151.33885,155.2176166666667,-0.0073289666666666725,0.056793916666666666,0.06412288333333334,9762.916666666666
MACEIO,2704302,high_active,high,True,1,-0.009103333333333352,0.37505499999999997,0.3841583333333333,4.331983333333341,156.07216666666667,151.74018333333333,0.013097866666666666,0.06965528333333333,0.056557416666666666,10035.466666666667
MACEIO,2704302,high_active,high,True,2,0.0012566666666666837,0.39714333333333335,0.39588666666666666,15.705466666666695,161.81731666666667,146.11184999999998,0.006878450000000001,0.06752353333333333,0.06064508333333333,10001.65
MACEIO,2704302,high_active,high,True,3,-0.0011700000000000044,0.381315,0.382485,8.763049999999993,164.5754,155.81235,0.0032983333333333337,0.06675918333333333,0.06346085,9930.683333333332
MACEIO,2704302,high_active,high,True,4,0.006985000000000019,0.39761,0.390625,12.886099999999999,173.31368333333333,160.42758333333333,0.010432816666666664,0.08115156666666666,0.07071875,9773.266666666666
MACEIO,2704302,high_active,high,True,5,-0.01170166666666661,0.3898016666666667,0.4015033333333333,-17.21461666666667,165.66426666666666,182.87888333333333,-0.01719993333333332,0.07176160000000001,0.08896153333333333,9330.666666666666
MACEIO,2704302,high_active,high,True,6,0.012180000000000024,0.40091,0.38872999999999996,8.676850000000002,166.78551666666667,158.10866666666666,-0.0010652500000000037,0.06847226666666667,0.06953751666666667,9942.25
MACEIO,2704302,high_active,high,True,7,-0.00014166666666670658,0.392055,0.3921966666666667,5.668616666666679,158.68201666666667,153.0134,0.0038447166666666713,0.06414558333333334,0.06030086666666667,10036.85
MACEIO,2704302,high_active,high,True,8,-0.0008199999999999874,0.3856366666666667,0.38645666666666667,-7.623300000000029,143.74724999999998,151.37055,-0.004980933333333326,0.05498106666666667,0.059961999999999994,9771.533333333333
MACEIO,2704302,high_active,high,True,9,0.006698333333333251,0.3919566666666666,0.38525833333333337,-7.660866666666635,149.39278333333334,157.05364999999998,0.009619783333333326,0.07315186666666666,0.06353208333333334,10009.716666666667
NATAL,2408102,high_active,high,True,0,-0.008220000000000005,0.41114666666666666,0.41936666666666667,8.785133333333334,152.8476,144.06246666666667,0.0007931333333333346,0.07566395000000001,0.07487081666666667,7723.433333333333
NATAL,2408102,high_active,high,True,1,0.011035000000000017,0.4234016666666667,0.41236666666666666,-3.6241833333333204,154.85556666666668,158.47975,0.0072635500000000075,0.08103198333333334,0.07376843333333333,7708.683333333333
NATAL,2408102,high_active,high,True,2,0.013396666666666723,0.4239716666666667,0.41057499999999997,-9.882749999999987,145.81538333333336,155.69813333333335,0.0018967833333333323,0.07832135,0.07642456666666667,7721.466666666666
NATAL,2408102,high_active,high,True,3,0.00737500000000002,0.415665,0.40829,0.8645833333333144,151.91813333333332,151.05355,0.004179683333333337,0.07734043333333333,0.07316075,7720.616666666667
NATAL,2408102,high_active,high,True,4,-0.003158333333333374,0.41629499999999997,0.41945333333333334,-2.7490499999999827,149.1414,151.89045,0.00280045000000001,0.07837041666666668,0.07556996666666667,7718.0
NATAL,2408102,high_active,high,True,5,0.00580833333333336,0.41801,0.41220166666666663,-5.161300000000011,153.6764,158.8377,0.007628450000000009,0.08109140000000001,0.07346295,7720.7
NATAL,2408102,high_active,high,True,6,-0.0010183333333333433,0.4171033333333333,0.41812166666666667,9.579450000000008,160.7417166666667,151.16226666666668,0.003921333333333346,0.07913821666666668,0.07521688333333333,7713.45
NATAL,2408102,high_active,high,True,7,0.004218333333333324,0.4236583333333333,0.41944,-4.878099999999989,148.82466666666667,153.70276666666666,-0.008286649999999979,0.07321651666666668,0.08150316666666665,7737.7
NATAL,2408102,high_active,high,True,8,0.0005316666666666525,0.40456333333333333,0.4040316666666667,-1.0094499999999584,150.90553333333335,151.9149833333333,0.004447616666666668,0.0772997,0.07285208333333333,7732.083333333333
NATAL,2408102,high_active,high,True,9,0.013639999999999985,0.4233333333333333,0.4096933333333333,-1.0625666666666973,150.0375,151.1000666666667,0.005007033333333341,0.07807235,0.07306531666666666,7720.8
PALMAS,1721000,high_active,high,True,0,-0.007040000000000046,0.37626166666666666,0.3833016666666667,-1.559849999999983,176.78815,178.34799999999998,0.0006504999999999983,0.04488963333333333,0.04423913333333333,3588.4166666666665
PALMAS,1721000,high_active,high,True,1,-0.0010983333333333678,0.37985166666666664,0.38095,4.903749999999974,162.36335,157.45960000000002,-0.0009685333333333337,0.03744008333333333,0.038408616666666666,3587.1
PALMAS,1721000,high_active,high,True,2,-0.005635000000000001,0.367315,0.37295,-3.089150000000018,178.2036,181.29275,4.75666666666652e-05,0.0445578,0.044510233333333336,3587.4
PALMAS,1721000,high_active,high,True,3,0.0018716666666666604,0.37628833333333334,0.3744166666666667,-11.123250000000013,181.35953333333333,192.48278333333334,-0.001169950000000003,0.04121258333333333,0.04238253333333333,3586.733333333333
PALMAS,1721000,high_active,high,True,4,0.004453333333333309,0.3725233333333333,0.36807,-1.7364166666666563,192.5122,194.24861666666666,-0.0005641333333333345,0.044806066666666665,0.0453702,3585.616666666667
PALMAS,1721000,high_active,high,True,5,0.0061249999999999916,0.37988,0.373755,1.8879500000000178,179.99121666666667,178.10326666666666,0.000875066666666667,0.04526203333333333,0.044386966666666666,3586.1
PALMAS,1721000,high_active,high,True,6,-0.013261666666666672,0.36691666666666667,0.38017833333333334,1.2121500000000367,171.03310000000002,169.82094999999998,-0.004094583333333332,0.045037266666666666,0.04913185,3584.4
PALMAS,1721000,high_active,high,True,7,-0.00910500000000003,0.3663166666666667,0.3754216666666667,-9.226833333333303,168.69858333333335,177.92541666666665,-0.004246516666666672,0.04031043333333333,0.044556950000000005,3587.0333333333333
PALMAS,1721000,high_active,high,True,8,0.004016666666666613,0.3776533333333333,0.3736366666666667,8.136100000000027,196.21863333333334,188.08253333333332,-0.004935650000000007,0.04351658333333333,0.04845223333333334,3587.0
PALMAS,1721000,high_active,high,True,9,0.011361666666666659,0.3888466666666667,0.377485,-2.8171333333333166,176.17951666666667,178.99665,-0.0025513833333333374,0.04423556666666666,0.04678695,3588.233333333333
PORTO ALEGRE,4314902,high_active,high,True,0,0.02308499999999991,0.68838,0.6652950000000001,7.805416666666645,183.92495,176.11953333333335,0.0012941833333333375,0.08539901666666667,0.08410483333333334,11998.35
PORTO ALEGRE,4314902,high_active,high,True,1,-0.0014866666666666362,0.6510233333333333,0.6525099999999999,4.899966666666643,183.9817833333333,179.08181666666667,-0.002043133333333322,0.08206325,0.08410638333333333,12013.65
PORTO ALEGRE,4314902,high_active,high,True,2,-0.011584999999999956,0.6431383333333334,0.6547233333333333,2.1991166666666686,182.65931666666665,180.4602,0.005437816666666664,0.08890336666666668,0.08346555000000001,11995.45
PORTO ALEGRE,4314902,high_active,high,True,3,0.004730000000000012,0.6642416666666667,0.6595116666666667,3.644533333333328,181.35368333333332,177.70915,0.008188233333333336,0.08936885,0.08118061666666666,11753.6
PORTO ALEGRE,4314902,high_active,high,True,4,0.010540000000000105,0.6650833333333334,0.6545433333333333,-4.5186999999999955,179.48161666666667,184.00031666666666,0.009644233333333321,0.09088864999999999,0.08124441666666667,12462.383333333333
PORTO ALEGRE,4314902,high_active,high,True,5,0.027935000000000043,0.696245,0.66831,2.6257000000000232,183.52388333333334,180.89818333333332,0.005916933333333332,0.09175660000000001,0.08583966666666668,12108.65
PORTO ALEGRE,4314902,high_active,high,True,6,-0.00019999999999997797,0.657545,0.657745,1.3097833333333426,181.73823333333334,180.42845,0.008462400000000009,0.08772445000000001,0.07926205,12025.5
PORTO ALEGRE,4314902,high_active,high,True,7,0.007843333333333313,0.6820816666666667,0.6742383333333334,-5.153733333333321,174.54631666666668,179.70005,0.0027151666666666713,0.08609833333333333,0.08338316666666666,11707.833333333334
PORTO ALEGRE,4314902,high_active,high,True,8,-0.004674999999999874,0.6694283333333334,0.6741033333333333,5.2965166666666335,181.53376666666665,176.23725000000002,-0.0035507500000000053,0.08282379999999999,0.08637455,11840.366666666667
PORTO ALEGRE,4314902,high_active,high,True,9,0.014610000000000012,0.66581,0.6512,9.188883333333365,183.46516666666668,174.2762833333333,0.004835216666666656,0.08655801666666667,0.08172280000000001,12171.65
PORTO VELHO,1100205,high_active,high,True,0,0.02396999999999999,0.43578833333333333,0.41181833333333334,3.7752333333333183,149.97943333333333,146.20420000000001,0.020563899999999996,0.08128913333333333,0.06072523333333334,5461.433333333333
PORTO VELHO,1100205,high_active,high,True,1,-0.003506666666666658,0.4022483333333334,0.40575500000000003,1.9758999999999958,153.03851666666665,151.06261666666666,-0.006896283333333336,0.06660816666666666,0.07350445,5442.133333333333
PORTO VELHO,1100205,high_active,high,True,2,-0.013344999999999996,0.41248833333333335,0.42583333333333334,-3.298200000000037,141.8246333333333,145.12283333333335,-0.037729999999999986,0.07043533333333334,0.10816533333333332,5046.916666666667
PORTO VELHO,1100205,high_active,high,True,3,-0.010693333333333332,0.41461333333333333,0.42530666666666667,8.405916666666656,145.2832,136.87728333333334,0.004108383333333333,0.06604685,0.06193846666666667,5446.316666666667
PORTO VELHO,1100205,high_active,high,True,4,0.0006183333333333318,0.43119833333333335,0.43058,-13.501883333333325,141.94986666666668,155.45175,0.0015441000000000066,0.0807804,0.0792363,5461.583333333333
PORTO VELHO,1100205,high_active,high,True,5,-0.00870333333333334,0.40813333333333335,0.4168366666666667,-6.233583333333314,138.0987166666667,144.3323,-0.00988329999999999,0.05754363333333334,0.06742693333333333,5428.183333333333
PORTO VELHO,1100205,high_active,high,True,6,0.019028333333333314,0.44326666666666664,0.42423833333333333,9.973850000000013,133.18551666666667,123.21166666666666,0.017919966666666662,0.07394563333333333,0.05602566666666667,5395.566666666667
PORTO VELHO,1100205,high_active,high,True,7,0.007195000000000007,0.4134366666666667,0.40624166666666667,0.9452333333333627,136.5881666666667,135.64293333333333,0.01446589999999999,0.07109351666666666,0.05662761666666667,5362.683333333333
PORTO VELHO,1100205,high_active,high,True,8,0.004126666666666612,0.43082,0.42669333333333337,-1.7290166666666948,146.23444999999998,147.96346666666668,-0.006595950000000003,0.0662643,0.07286025,5461.55
PORTO VELHO,1100205,high_active,high,True,9,0.021408333333333363,0.40652333333333335,0.385115,-9.931433333333331,148.82076666666666,158.7522,0.004278583333333336,0.06854583333333333,0.06426725,5432.033333333334
RIO BRANCO,1200401,high_active,high,True,0,-0.014188333333333303,0.38203166666666666,0.39621999999999996,3.595616666666672,153.72353333333334,150.12791666666666,0.0058270333333333355,0.05408313333333334,0.0482561,3929.133333333333
RIO BRANCO,1200401,high_active,high,True,1,-0.0004150000000000542,0.3840266666666666,0.3844416666666667,0.3287833333333481,179.31063333333336,178.98185,-0.0028947499999999945,0.05158703333333334,0.05448178333333333,3929.233333333333
RIO BRANCO,1200401,high_active,high,True,2,-0.006190000000000029,0.38850166666666663,0.39469166666666666,-2.8284999999999627,143.66906666666668,146.49756666666664,-0.0022570499999999966,0.04751581666666667,0.049772866666666665,3929.25
RIO BRANCO,1200401,high_active,high,True,3,0.016436666666666655,0.3987383333333333,0.38230166666666665,-11.105333333333334,164.86561666666665,175.97095,-0.002929566666666668,0.049575049999999996,0.05250461666666666,3929.25
RIO BRANCO,1200401,high_active,high,True,4,-0.01117166666666669,0.3836483333333333,0.39482,0.8251333333333264,147.046,146.22086666666667,0.00018751666666667194,0.04835126666666667,0.04816375,3929.1833333333334
RIO BRANCO,1200401,high_active,high,True,5,0.014861666666666662,0.3971516666666667,0.38229,-17.043366666666657,137.14066666666668,154.18403333333333,-0.003303566666666667,0.045350716666666666,0.04865428333333333,3929.2166666666667
RIO BRANCO,1200401,high_active,high,True,6,0.008620000000000017,0.39732666666666666,0.38870666666666664,0.8725333333333651,166.7086666666667,165.83613333333332,0.004802083333333332,0.05428371666666666,0.04948163333333333,3929.233333333333
RIO BRANCO,1200401,high_active,high,True,7,0.0122983333333333,0.40007333333333334,0.38777500000000004,-0.8288833333333514,164.72623333333334,165.5551166666667,0.0028071500000000013,0.05053646666666667,0.04772931666666667,3929.233333333333
RIO BRANCO,1200401,high_active,high,True,8,-0.006330000000000002,0.38754500000000003,0.39387500000000003,6.225066666666635,164.45874999999998,158.23368333333335,0.005352900000000001,0.05491716666666667,0.04956426666666667,3929.266666666667
RIO BRANCO,1200401,high_active,high,True,9,-0.0005383333333333074,0.39439833333333335,0.39493666666666666,20.241683333333327,169.96591666666666,149.72423333333333,0.0022117499999999984,0.05237285,0.0501611,3929.3166666666666
SALVADOR,2927408,high_active,high,True,0,0.0020749999999999935,0.4705583333333333,0.4684833333333333,1.7227499999999907,128.7482,127.02545,-0.0004638999999999893,0.06946816666666668,0.06993206666666667,23624.933333333334
SALVADOR,2927408,high_active,high,True,1,0.010703333333333342,0.48407,0.47336666666666666,2.6395499999999856,130.52683333333331,127.88728333333333,0.004437983333333326,0.07403203333333333,0.06959405,23320.833333333332
SALVADOR,2927408,high_active,high,True,2,0.003149999999999986,0.480265,0.477115,0.8011999999999944,132.9013,132.1001,-0.005751033333333336,0.06710888333333333,0.07285991666666666,23121.666666666668
SALVADOR,2927408,high_active,high,True,3,-0.026968333333333372,0.44377833333333333,0.4707466666666667,-4.971666666666692,133.94036666666665,138.91203333333334,0.0003367499999999968,0.06750065,0.0671639,24315.116666666665
SALVADOR,2927408,high_active,high,True,4,0.003414999999999946,0.4724083333333333,0.4689933333333334,1.6581666666666592,132.83671666666666,131.17855,0.002127533333333334,0.06971965,0.06759211666666666,23469.566666666666
SALVADOR,2927408,high_active,high,True,5,0.00689500000000004,0.4878266666666667,0.48093166666666665,8.950816666666668,143.88406666666666,134.93325,0.0030050499999999952,0.07612073333333333,0.07311568333333333,23465.533333333333
SALVADOR,2927408,high_active,high,True,6,0.0027449999999999974,0.48129666666666665,0.47855166666666665,4.246733333333339,134.36508333333333,130.11835,0.002506666666666671,0.07137641666666666,0.06886975,23281.416666666668
SALVADOR,2927408,high_active,high,True,7,0.01982999999999996,0.49132,0.47149,9.411616666666646,138.92145,129.50983333333335,-0.0012613499999999944,0.06960658333333333,0.07086793333333333,23458.233333333334
SALVADOR,2927408,high_active,high,True,8,0.01014499999999996,0.4768266666666667,0.4666816666666667,-5.0887500000000045,127.88606666666666,132.97481666666667,-0.0015350999999999976,0.07467635,0.07621145,22872.283333333333
SALVADOR,2927408,high_active,high,True,9,-0.004351666666666698,0.46492833333333333,0.46928000000000003,0.6871166666666682,129.91331666666667,129.2262,0.0006504666666666686,0.06934493333333333,0.06869446666666666,23785.183333333334
SAO LUIS,2111300,high_active,high,True,0,-0.0008750000000000147,0.37457666666666667,0.3754516666666667,4.137916666666655,155.96621666666667,151.8283,-4.00166666666632e-05,0.059699350000000005,0.05973936666666667,11112.816666666668
SAO LUIS,2111300,high_active,high,True,1,0.002993333333333348,0.373425,0.37043166666666666,2.505966666666666,152.72513333333333,150.21916666666667,0.004577816666666672,0.06237388333333334,0.057796066666666666,11121.283333333333
SAO LUIS,2111300,high_active,high,True,2,-0.0031183333333332786,0.36797833333333335,0.37109666666666663,7.064533333333372,150.29218333333336,143.22764999999998,0.0007319166666666724,0.05990885,0.05917693333333333,11117.4
SAO LUIS,2111300,high_active,high,True,3,0.00386000000000003,0.37005,0.36618999999999996,10.047433333333345,147.50856666666667,137.46113333333332,0.004511316666666675,0.060251900000000004,0.05574058333333333,11104.433333333332
SAO LUIS,2111300,high_active,high,True,4,0.006398333333333339,0.38072,0.37432166666666666,2.8027666666666846,152.57846666666669,149.7757,0.005448350000000005,0.06176616666666667,0.056317816666666666,11111.983333333334
SAO LUIS,2111300,high_active,high,True,5,-0.004331666666666678,0.36970333333333333,0.374035,-2.6667500000000075,149.00576666666666,151.67251666666667,-0.0004403666666666639,0.05892985,0.05937021666666666,11131.066666666668
SAO LUIS,2111300,high_active,high,True,6,0.0028549999999999964,0.36972166666666667,0.3668666666666667,16.454349999999977,160.71453333333332,144.26018333333334,0.0044444666666666535,0.06308794999999999,0.058643483333333336,11122.0
SAO LUIS,2111300,high_active,high,True,7,-0.0018083333333333562,0.37013833333333335,0.3719466666666667,0.683116666666649,145.43106666666665,144.74795,0.005765350000000002,0.06100255,0.0552372,11108.766666666666
SAO LUIS,2111300,high_active,high,True,8,-0.0057233333333333025,0.372305,0.3780283333333333,-1.9186500000000137,151.56584999999998,153.4845,-0.003686783333333332,0.060718999999999995,0.06440578333333333,11134.3
SAO LUIS,2111300,high_active,high,True,9,-0.014371666666666727,0.366845,0.3812166666666667,0.5868499999999983,145.37663333333333,144.78978333333333,0.0010714333333333367,0.06007635,0.059004916666666664,11118.966666666667
TERESINA,2211001,high_active,high,True,0,0.030469999999999997,0.39535166666666666,0.36488166666666666,-2.4323499999999854,157.65048333333334,160.08283333333333,-0.0071738500000000024,0.047742749999999994,0.054916599999999996,8910.183333333332
TERESINA,2211001,high_active,high,True,1,-0.013224999999999987,0.37901,0.392235,1.8547333333333142,165.0557,163.2009666666667,0.0016420000000000046,0.04909401666666667,0.047452016666666666,9410.516666666666
TERESINA,2211001,high_active,high,True,2,0.012513333333333265,0.38839166666666664,0.37587833333333337,-0.021866666666682022,160.4201833333333,160.44205,-0.016994100000000012,0.048539349999999995,0.06553345000000001,8744.5
TERESINA,2211001,high_active,high,True,3,-0.0020200000000000218,0.38552333333333333,0.38754333333333335,9.283133333333325,162.12091666666666,152.83778333333333,0.0037946500000000036,0.048560950000000005,0.0447663,9407.633333333333
TERESINA,2211001,high_active,high,True,4,0.004813333333333281,0.3906033333333333,0.38579,0.47999999999998977,152.91645,152.43645,0.003836099999999995,0.0482899,0.0444538,9412.3
TERESINA,2211001,high_active,high,True,5,0.009906666666666675,0.37903333333333333,0.36912666666666666,-10.19601666666668,155.8241,166.02011666666667,-0.01266416666666667,0.05239758333333333,0.06506175,8621.483333333334
TERESINA,2211001,high_active,high,True,6,-0.0037866666666666604,0.37144333333333335,0.37523,10.102699999999999,158.12161666666668,148.01891666666668,0.01620721666666667,0.06773513333333334,0.051527916666666666,8936.533333333333
TERESINA,2211001,high_active,high,True,7,0.008946666666666658,0.3846833333333333,0.37573666666666666,-8.899383333333333,147.07176666666666,155.97115,-0.014824116666666665,0.044776166666666666,0.05960028333333333,8759.633333333333
TERESINA,2211001,high_active,high,True,8,0.00270333333333328,0.3808433333333333,0.37814000000000003,7.179633333333328,155.60516666666666,148.42553333333333,-0.004703199999999991,0.047751850000000005,0.052455049999999996,9134.266666666666
TERESINA,2211001,high_active,high,True,9,0.008701666666666608,0.3779333333333333,0.3692316666666667,6.693233333333325,169.59271666666666,162.89948333333334,0.0029394833333333398,0.07696303333333333,0.07402355,8445.55
VITORIA,3205002,high_active,high,True,0,-0.0013100000000000334,0.41985,0.42116000000000003,0.35256666666668934,143.78633333333335,143.43376666666666,-0.0027107999999999993,0.07409561666666667,0.07680641666666667,4597.533333333334
VITORIA,3205002,high_active,high,True,1,-0.005876666666666641,0.4237716666666667,0.42964833333333335,9.439549999999997,148.23616666666666,138.79661666666667,0.0006887833333333315,0.06876796666666667,0.06807918333333333,4871.483333333334
VITORIA,3205002,high_active,high,True,2,-0.006081666666666707,0.41215166666666664,0.41823333333333335,9.92513333333332,156.57365,146.64851666666667,-0.0018367333333333263,0.07379726666666667,0.07563399999999999,4476.75
VITORIA,3205002,high_active,high,True,3,-0.0012733333333333485,0.41134,0.41261333333333333,-1.700633333333343,149.4201833333333,151.12081666666666,-0.00019831666666665637,0.06774796666666667,0.06794628333333333,4659.083333333333
VITORIA,3205002,high_active,high,True,4,0.007363333333333333,0.41603666666666667,0.40867333333333333,-11.227949999999993,148.0088,159.23675,-0.000763083333333317,0.07531161666666668,0.0760747,4903.016666666666
VITORIA,3205002,high_active,high,True,5,0.006795000000000051,0.4278366666666667,0.42104166666666665,2.295266666666663,149.4997,147.20443333333333,0.009401833333333331,0.07934318333333333,0.06994135,4629.3
VITORIA,3205002,high_active,high,True,6,-0.004093333333333338,0.4176566666666667,0.42175,8.746716666666657,160.34904999999998,151.60233333333332,0.003303500000000001,0.0760859,0.0727824,4806.7
VITORIA,3205002,high_active,high,True,7,-0.0068266666666666476,0.4086416666666667,0.41546833333333333,4.891100000000023,155.4272,150.53609999999998,-0.005099850000000017,0.06952275,0.07462260000000001,4645.083333333333
VITORIA,3205002,high_active,high,True,8,-0.0029499999999999527,0.418725,0.42167499999999997,1.0387500000000216,153.0679,152.02915,-0.0005922500000000025,0.07263683333333333,0.07322908333333333,4494.1
VITORIA,3205002,high_active,high,True,9,0.008396666666666663,0.41863833333333333,0.41024166666666667,2.925600000000003,156.55540000000002,153.62980000000002,0.002526400000000012,0.070061,0.06753459999999999,4632.533333333334
ARACAJU,2800308,low_inactive,low,False,0,-0.016208333333333325,0.42406666666666665,0.44027499999999997,11.210983333333331,195.07108333333332,183.8601,-0.009423216666666678,0.08839759999999999,0.09782081666666667,5750.633333333333
ARACAJU,2800308,low_inactive,low,False,1,0.016284999999999994,0.4396933333333333,0.42340833333333333,-5.464416666666665,171.35776666666666,176.82218333333333,0.004217449999999984,0.0921929,0.08797545000000001,5971.966666666666
ARACAJU,2800308,low_inactive,low,False,2,-0.015598333333333325,0.44330833333333336,0.4589066666666667,-2.252033333333344,162.86418333333333,165.11621666666667,-0.01275631666666667,0.08264311666666666,0.09539943333333332,5618.25
ARACAJU,2800308,low_inactive,low,False,3,0.02050833333333335,0.440095,0.41958666666666666,5.056450000000012,180.55956666666668,175.50311666666667,0.010703283333333341,0.08791560000000001,0.07721231666666667,5957.35
ARACAJU,2800308,low_inactive,low,False,4,0.02179500000000001,0.44382166666666667,0.42202666666666666,8.10056666666668,190.35591666666667,182.25535,0.006598799999999988,0.09301235,0.08641355,5902.033333333334
ARACAJU,2800308,low_inactive,low,False,5,-0.012913333333333332,0.4282166666666667,0.44113,-6.900983333333329,186.53071666666668,193.4317,-0.006120483333333329,0.08753613333333334,0.09365661666666666,5730.183333333333
ARACAJU,2800308,low_inactive,low,False,6,0.007896666666666663,0.45574,0.4478433333333333,-1.3715333333333604,183.27464999999998,184.64618333333334,0.006965983333333342,0.09750453333333334,0.09053855,5783.333333333333
ARACAJU,2800308,low_inactive,low,False,7,-0.005258333333333309,0.434165,0.43942333333333333,-4.853466666666634,175.55346666666668,180.4069333333333,-0.0017354499999999995,0.09089378333333334,0.09262923333333334,5788.55
ARACAJU,2800308,low_inactive,low,False,8,0.0016300000000000203,0.4353316666666667,0.43370166666666665,-9.399100000000004,177.57841666666667,186.97751666666667,0.003927633333333347,0.09404583333333334,0.0901182,5946.316666666667
ARACAJU,2800308,low_inactive,low,False,9,0.016394999999999993,0.459385,0.44299,-6.957033333333328,182.85093333333333,189.80796666666666,0.0046350666666666596,0.09760823333333332,0.09297316666666666,5660.233333333334
BELO HORIZONTE,3106200,low_inactive,low,False,0,0.003421666666666656,0.61071,0.6072883333333333,-5.112166666666667,162.30373333333333,167.4159,0.0018451500000000037,0.08257466666666667,0.08072951666666667,23253.633333333335
BELO HORIZONTE,3106200,low_inactive,low,False,1,-0.03322000000000003,0.5968166666666667,0.6300366666666667,5.031766666666641,163.35573333333332,158.32396666666668,0.001068050000000001,0.08564096666666667,0.08457291666666666,22797.9
BELO HORIZONTE,3106200,low_inactive,low,False,2,0.008573333333333322,0.6222366666666667,0.6136633333333333,-0.44959999999997535,158.4509666666667,158.90056666666666,0.0019307666666666529,0.08220925,0.08027848333333334,23101.616666666665
BELO HORIZONTE,3106200,low_inactive,low,False,3,-0.0043999999999999595,0.6067683333333334,0.6111683333333333,1.3374499999999898,159.38543333333334,158.04798333333335,-0.0022207499999999936,0.08040895,0.0826297,22802.7
BELO HORIZONTE,3106200,low_inactive,low,False,4,0.01660000000000006,0.5986383333333334,0.5820383333333333,-2.7196666666666545,160.43955,163.15921666666665,0.002917549999999991,0.07941115,0.07649360000000001,23404.016666666666
BELO HORIZONTE,3106200,low_inactive,low,False,5,-0.018836666666666724,0.6107616666666666,0.6295983333333334,-3.250099999999975,161.17843333333334,164.42853333333332,-0.002712199999999998,0.07587803333333333,0.07859023333333333,23168.116666666665
BELO HORIZONTE,3106200,low_inactive,low,False,6,0.03364833333333328,0.6288483333333333,0.5952000000000001,-0.34566666666665924,165.27011666666667,165.61578333333333,0.0013069166666666576,0.08012943333333333,0.07882251666666668,23284.2
BELO HORIZONTE,3106200,low_inactive,low,False,7,-0.020135000000000014,0.60078,0.620915,3.9250833333333333,161.05056666666667,157.12548333333334,-0.000620950000000009,0.07571831666666666,0.07633926666666667,23194.383333333335
BELO HORIZONTE,3106200,low_inactive,low,False,8,0.013846666666666785,0.630715,0.6168683333333332,-3.5745666666666693,160.38271666666665,163.95728333333332,-0.002822733333333341,0.08039726666666666,0.08322,23046.016666666666
BELO HORIZONTE,3106200,low_inactive,low,False,9,0.0023249999999999105,0.6154133333333333,0.6130883333333333,2.9510166666667033,164.00258333333335,161.05156666666664,0.0005883333333333435,0.08155396666666667,0.08096563333333333,23358.45
BOA VISTA,1400100,low_inactive,low,False,0,-0.009068333333333345,0.38489166666666663,0.39396,1.029849999999982,189.42526666666666,188.39541666666668,0.0004050999999999916,0.062116566666666664,0.06171146666666667,6482.866666666667
BOA VISTA,1400100,low_inactive,low,False,1,-0.0008150000000000102,0.4068,0.407615,2.517716666666672,172.6000666666667,170.08235000000002,-0.0033345833333333352,0.0664014,0.06973598333333333,6482.0
BOA VISTA,1400100,low_inactive,low,False,2,-0.010931666666666673,0.3854316666666667,0.39636333333333335,-13.398599999999988,158.44885000000002,171.84745,0.00016931666666666206,0.060788966666666666,0.060619650000000004,6480.616666666667
BOA VISTA,1400100,low_inactive,low,False,3,-0.004666666666666652,0.39610666666666666,0.4007733333333333,-0.7346000000000004,179.72115,180.45575,-0.0075206666666666686,0.05571135,0.06323201666666667,6479.883333333333
BOA VISTA,1400100,low_inactive,low,False,4,-0.006446666666666656,0.39537333333333335,0.40182,6.419116666666639,194.2961,187.87698333333336,-0.0007686166666666661,0.06520205,0.06597066666666666,6481.066666666667
BOA VISTA,1400100,low_inactive,low,False,5,0.009504999999999986,0.40977833333333336,0.40027333333333337,0.7596499999999935,160.01751666666667,159.25786666666667,0.005453333333333338,0.06045333333333334,0.055,6482.216666666666
BOA VISTA,1400100,low_inactive,low,False,6,0.008503333333333252,0.38905999999999996,0.3805566666666667,-0.5569166666666661,172.28483333333332,172.84175,0.0023979000000000014,0.056761316666666665,0.054363416666666664,6478.983333333334
BOA VISTA,1400100,low_inactive,low,False,7,0.0006033333333332891,0.39261666666666667,0.3920133333333334,-7.632766666666669,167.6917,175.32446666666667,0.0024151166666666612,0.06708283333333333,0.06466771666666667,6473.7
BOA VISTA,1400100,low_inactive,low,False,8,0.0018366666666667086,0.39755333333333337,0.39571666666666666,12.52998333333332,179.16436666666667,166.63438333333335,-0.0010759166666666695,0.05846203333333333,0.05953795,6480.033333333334
BOA VISTA,1400100,low_inactive,low,False,9,0.005883333333333296,0.4009466666666667,0.3950633333333334,-4.246949999999998,175.33836666666667,179.58531666666667,0.014226850000000013,0.06592716666666668,0.05170031666666666,6482.233333333334
BRASILIA,5300108,low_inactive,low,False,0,0.00015333333333333865,0.44566666666666666,0.4455133333333333,-1.250016666666653,211.32985,212.57986666666665,-0.00030351666666667,0.1062051,0.10650861666666667,28487.966666666667
BRASILIA,5300108,low_inactive,low,False,1,0.005621666666666636,0.4558733333333333,0.45025166666666666,0.6743999999999915,208.62146666666666,207.94706666666667,-0.004568899999999987,0.10027168333333333,0.10484058333333332,28144.516666666666
BRASILIA,5300108,low_inactive,low,False,2,0.010843333333333371,0.45339333333333337,0.44255,0.9822333333333404,210.36143333333334,209.3792,0.009942316666666659,0.11133513333333332,0.10139281666666666,29236.55
BRASILIA,5300108,low_inactive,low,False,3,-0.009633333333333327,0.44795500000000005,0.4575883333333334,-0.3465500000000077,204.56678333333332,204.91333333333333,-0.005505616666666671,0.10575086666666667,0.11125648333333334,28805.266666666666
BRASILIA,5300108,low_inactive,low,False,4,-0.0055033333333333045,0.44717666666666667,0.45267999999999997,-0.589100000000002,203.15843333333333,203.74753333333334,-0.005189399999999997,0.10089288333333334,0.10608228333333333,28997.333333333332
BRASILIA,5300108,low_inactive,low,False,5,-0.0025133333333333674,0.44791166666666665,0.450425,-3.192333333333295,209.00775000000002,212.2000833333333,-0.006277300000000013,0.10104914999999999,0.10732645,28817.133333333335
BRASILIA,5300108,low_inactive,low,False,6,-0.0003250000000000197,0.4472633333333333,0.4475883333333333,-2.4374166666666497,205.20226666666667,207.63968333333332,-0.008454099999999992,0.0985196,0.10697369999999999,28814.166666666668
BRASILIA,5300108,low_inactive,low,False,7,0.007273333333333298,0.45503666666666664,0.44776333333333335,-0.648583333333363,203.14739999999998,203.79598333333334,0.0008100999999999942,0.10661405,0.10580395000000001,28137.583333333332
BRASILIA,5300108,low_inactive,low,False,8,-0.002224999999999977,0.44493166666666667,0.44715666666666665,3.2162500000000023,205.32993333333334,202.11368333333334,-0.003150000000000014,0.10287898333333333,0.10602898333333334,28782.9
BRASILIA,5300108,low_inactive,low,False,9,-0.0028349999999999764,0.449615,0.45244999999999996,-2.68059999999997,205.6018666666667,208.28246666666666,-0.004551333333333324,0.10485858333333334,0.10940991666666666,28673.933333333334
CAMPO GRANDE,5002704,low_inactive,low,False,0,0.002620000000000011,0.37676833333333337,0.37414833333333336,-5.541250000000019,156.96214999999998,162.5034,-0.002372816666666666,0.047583966666666665,0.04995678333333333,10239.183333333332
CAMPO GRANDE,5002704,low_inactive,low,False,1,0.0025383333333333646,0.37864166666666665,0.3761033333333333,0.1653833333333239,170.42991666666666,170.26453333333333,-0.0007533499999999929,0.05119636666666667,0.051949716666666666,10238.3
CAMPO GRANDE,5002704,low_inactive,low,False,2,-0.00023166666666674107,0.3729783333333333,0.37321000000000004,2.186166666666651,183.70135,181.51518333333334,-0.000227816666666672,0.0543053,0.05453311666666667,10238.683333333332
CAMPO GRANDE,5002704,low_inactive,low,False,3,0.0004066666666666663,0.38066833333333333,0.38026166666666666,-6.105299999999971,175.05301666666668,181.15831666666665,0.0017321000000000003,0.0575825,0.0558504,10237.55
CAMPO GRANDE,5002704,low_inactive,low,False,4,-0.005531666666666657,0.37089,0.37642166666666665,-11.019833333333338,169.45783333333333,180.47766666666666,-0.0008503666666666646,0.05310373333333333,0.0539541,10239.916666666666
CAMPO GRANDE,5002704,low_inactive,low,False,5,0.011039999999999939,0.38512166666666664,0.3740816666666667,-3.356166666666695,167.81824999999998,171.17441666666667,-0.0007447833333333251,0.05086911666666667,0.0516139,10238.266666666666
CAMPO GRANDE,5002704,low_inactive,low,False,6,-0.0010466666666666402,0.376505,0.3775516666666666,-0.10558333333335668,170.10593333333333,170.21151666666668,0.001668883333333336,0.05400751666666667,0.052338633333333336,10237.283333333333
CAMPO GRANDE,5002704,low_inactive,low,False,7,0.005205000000000015,0.3847083333333333,0.3795033333333333,12.360949999999974,179.31636666666665,166.95541666666668,0.0014773499999999953,0.05288638333333333,0.05140903333333333,10238.866666666667
CAMPO GRANDE,5002704,low_inactive,low,False,8,0.0033483333333332865,0.38158666666666663,0.37823833333333334,1.0271166666666716,174.28091666666666,173.25379999999998,-0.0004734333333333285,0.0513466,0.05182003333333333,10238.516666666666
CAMPO GRANDE,5002704,low_inactive,low,False,9,0.0007683333333333153,0.3781883333333333,0.37742,15.81456666666665,183.6636333333333,167.84906666666666,0.0028972833333333337,0.0544091,0.05151181666666667,10237.9
CURITIBA,4106902,low_inactive,low,False,0,0.004796666666666671,0.48934500000000003,0.48454833333333336,-0.8515999999999906,162.97858333333335,163.83018333333334,-0.0039374999999999966,0.07596926666666667,0.07990676666666667,18375.316666666666
CURITIBA,4106902,low_inactive,low,False,1,-0.004503333333333415,0.4824033333333333,0.4869066666666667,0.21455000000000268,163.57321666666667,163.35866666666666,-0.0002494666666666562,0.07547298333333334,0.07572245,18379.8
CURITIBA,4106902,low_inactive,low,False,2,0.02341333333333334,0.501615,0.4782016666666667,0.8650833333333594,162.39153333333334,161.52644999999998,-0.0003086666666666793,0.07712036666666666,0.07742903333333334,18338.816666666666
CURITIBA,4106902,low_inactive,low,False,3,0.005368333333333364,0.4811616666666667,0.47579333333333335,-2.71096666666665,163.8336666666667,166.54463333333334,-0.0013178499999999954,0.07653599999999999,0.07785384999999999,18313.466666666667
CURITIBA,4106902,low_inactive,low,False,4,0.01955833333333329,0.50028,0.48072166666666666,-4.470499999999987,157.26031666666668,161.73081666666667,0.002358550000000001,0.07756245,0.0752039,18291.05
CURITIBA,4106902,low_inactive,low,False,5,0.0023266666666666436,0.48506666666666665,0.48274,2.546250000000015,167.77533333333335,165.22908333333334,0.0025650499999999993,0.08012355,0.0775585,18350.416666666668
CURITIBA,4106902,low_inactive,low,False,6,-0.011866666666666692,0.48173,0.4935966666666667,7.013016666666658,163.98495,156.97193333333334,0.0009898500000000143,0.07848276666666668,0.07749291666666666,18432.65
CURITIBA,4106902,low_inactive,low,False,7,-0.007151666666666723,0.47678666666666664,0.48393833333333336,5.233283333333333,160.91795,155.68466666666666,0.0022081166666666763,0.07591725,0.07370913333333333,18415.25
CURITIBA,4106902,low_inactive,low,False,8,0.0010350000000000081,0.4820433333333333,0.4810083333333333,3.429383333333334,164.42556666666667,160.99618333333333,0.0003419833333333372,0.07637718333333333,0.0760352,18283.85
CURITIBA,4106902,low_inactive,low,False,9,-0.008558333333333334,0.4747166666666667,0.483275,-4.292249999999996,162.82245,167.1147,-0.00028926666666667655,0.07757343333333333,0.0778627,18301.2
FLORIANOPOLIS,4205407,low_inactive,low,False,0,0.018500000000000016,0.43740666666666667,0.41890666666666665,-3.6955833333333317,190.01468333333332,193.71026666666666,0.007078616666666662,0.07915471666666667,0.0720761,6550.05
FLORIANOPOLIS,4205407,low_inactive,low,False,1,-0.0020783333333333487,0.4554683333333333,0.45754666666666666,-8.349616666666691,193.34758333333332,201.6972,-0.002223166666666665,0.0790138,0.08123696666666666,6458.166666666667
FLORIANOPOLIS,4205407,low_inactive,low,False,2,-0.017676666666666674,0.43755166666666667,0.45522833333333335,-6.214966666666669,194.21906666666666,200.43403333333333,0.005614666666666657,0.08515239999999999,0.07953773333333333,6340.883333333333
FLORIANOPOLIS,4205407,low_inactive,low,False,3,-0.0049116666666666475,0.43728333333333336,0.442195,-4.817766666666671,195.4557333333333,200.27349999999998,0.0032819999999999933,0.07565721666666667,0.07237521666666667,6337.716666666666
FLORIANOPOLIS,4205407,low_inactive,low,False,4,-0.009796666666666676,0.4170433333333333,0.42684,-2.7349000000000387,202.92676666666665,205.6616666666667,-0.009455499999999992,0.07579445,0.08524994999999999,6295.75
FLORIANOPOLIS,4205407,low_inactive,low,False,5,0.007846666666666668,0.4437716666666667,0.435925,-9.982766666666691,188.18613333333332,198.1689,-0.00189881666666665,0.07072996666666667,0.07262878333333332,6522.233333333334
FLORIANOPOLIS,4205407,low_inactive,low,False,6,0.016088333333333316,0.4448783333333333,0.42879,-4.007449999999977,197.10245,201.10989999999998,0.006135316666666668,0.0810578,0.07492248333333333,6794.716666666666
FLORIANOPOLIS,4205407,low_inactive,low,False,7,0.029900000000000038,0.46401833333333337,0.43411833333333333,-1.4329333333333238,193.82911666666666,195.26205,0.00025458333333332195,0.07666719999999999,0.07641261666666667,6720.933333333333
FLORIANOPOLIS,4205407,low_inactive,low,False,8,-0.005015000000000047,0.44218166666666664,0.4471966666666667,9.0548,203.58345,194.52865,0.008381449999999999,0.0874403,0.07905885,6241.816666666667
FLORIANOPOLIS,4205407,low_inactive,low,False,9,0.0020333333333333314,0.4361466666666667,0.43411333333333335,1.2442333333333409,193.69663333333335,192.4524,0.008924633333333348,0.08680018333333334,0.07787554999999999,6009.4
FORTALEZA,2304400,low_inactive,low,False,0,0.003914999999999946,0.47129499999999996,0.46738,-1.677016666666674,165.9296,167.60661666666667,0.011181833333333335,0.09537616666666666,0.08419433333333333,23887.166666666668
FORTALEZA,2304400,low_inactive,low,False,1,-0.015270000000000006,0.462795,0.478065,2.415383333333324,174.4294,172.01401666666666,-0.004226266666666673,0.08675531666666667,0.09098158333333334,23945.866666666665
FORTALEZA,2304400,low_inactive,low,False,2,-0.014503333333333313,0.461585,0.47608833333333334,-1.5708666666666318,174.45496666666668,176.0258333333333,-0.0021059999999999968,0.09261868333333334,0.09472468333333334,23792.283333333333
FORTALEZA,2304400,low_inactive,low,False,3,-0.0013549999999999396,0.4799933333333334,0.4813483333333333,-1.1258666666666386,166.12293333333335,167.2488,-0.005666333333333329,0.09121375000000001,0.09688008333333334,23436.7
FORTALEZA,2304400,low_inactive,low,False,4,0.005374999999999963,0.48062166666666667,0.4752466666666667,-4.747749999999996,174.61533333333333,179.36308333333332,0.001000266666666666,0.10635991666666667,0.10535965,23556.15
FORTALEZA,2304400,low_inactive,low,False,5,0.005756666666666688,0.48124500000000003,0.47548833333333335,0.7068333333333214,175.31196666666668,174.60513333333336,0.009132266666666666,0.10368933333333333,0.09455706666666666,23206.65
FORTALEZA,2304400,low_inactive,low,False,6,0.014755000000000018,0.4833,0.468545,3.373283333333319,166.11695,162.74366666666668,0.0031714333333333206,0.09167826666666666,0.08850683333333334,23654.2
FORTALEZA,2304400,low_inactive,low,False,7,0.0018416666666666304,0.48230166666666663,0.48046,-5.442483333333342,172.22763333333333,177.67011666666667,-0.00017788333333333683,0.10369945,0.10387733333333334,23405.15
FORTALEZA,2304400,low_inactive,low,False,8,-0.0009566666666667167,0.4753833333333333,0.47634000000000004,3.410083333333347,179.75730000000001,176.34721666666667,0.005387016666666661,0.10407606666666666,0.09868905,23465.183333333334
FORTALEZA,2304400,low_inactive,low,False,9,0.0128016666666666,0.4819983333333333,0.4691966666666667,-6.784033333333355,172.76528333333331,179.54931666666667,0.007821833333333333,0.09991371666666667,0.09209188333333333,23842.95
JOAO PESSOA,2507507,low_inactive,low,False,0,0.009881666666666677,0.4155716666666667,0.40569,10.285366666666675,154.46475,144.17938333333333,0.002628383333333331,0.10087831666666666,0.09824993333333333,6259.766666666666
JOAO PESSOA,2507507,low_inactive,low,False,1,0.021036666666666703,0.4291466666666667,0.40811,-19.02643333333333,162.92233333333334,181.94876666666667,-0.00563056666666667,0.10330758333333333,0.10893815,6684.583333333333
JOAO PESSOA,2507507,low_inactive,low,False,2,-0.007013333333333316,0.40944833333333336,0.4164616666666667,-2.796683333333334,149.99521666666666,152.7919,0.008368266666666666,0.09952381666666667,0.09115555,6447.55
JOAO PESSOA,2507507,low_inactive,low,False,3,0.00681166666666666,0.41197,0.40515833333333334,0.9113333333333458,171.0845,170.17316666666665,0.008624866666666675,0.10405645000000001,0.09543158333333333,6741.616666666667
JOAO PESSOA,2507507,low_inactive,low,False,4,0.010814999999999964,0.423235,0.41242,3.7454999999999927,147.2914,143.54590000000002,0.0025619333333333355,0.09687925,0.09431731666666666,6250.733333333334
JOAO PESSOA,2507507,low_inactive,low,False,5,0.010981666666666667,0.42507333333333336,0.4140916666666667,-16.292850000000016,158.22891666666666,174.52176666666668,0.0018640666666666639,0.10401341666666666,0.10214935,6552.966666666666
JOAO PESSOA,2507507,low_inactive,low,False,6,0.00358833333333336,0.4132166666666667,0.4096283333333333,2.646883333333335,173.21231666666665,170.56543333333332,-0.005199249999999989,0.0954591,0.10065835,6436.8
JOAO PESSOA,2507507,low_inactive,low,False,7,0.0001383333333333514,0.4088566666666667,0.40871833333333335,-9.537733333333335,155.84553333333332,165.38326666666666,-0.003064116666666672,0.09243855,0.09550266666666667,6671.533333333334
JOAO PESSOA,2507507,low_inactive,low,False,8,-0.01047999999999999,0.41098666666666667,0.42146666666666666,-1.7194666666666478,161.20318333333336,162.92265,-0.00290961666666667,0.09810516666666666,0.10101478333333333,6332.883333333333
JOAO PESSOA,2507507,low_inactive,low,False,9,0.0006500000000000394,0.4149583333333334,0.41430833333333333,3.760083333333313,162.88164999999998,159.12156666666667,0.0018437833333333348,0.10224076666666666,0.10039698333333333,6276.883333333333
MACEIO,2704302,low_inactive,low,False,0,0.022804999999999964,0.39959666666666666,0.3767916666666667,6.571149999999989,161.78876666666667,155.2176166666667,0.002323716666666656,0.0664466,0.06412288333333334,9762.916666666666
MACEIO,2704302,low_inactive,low,False,1,0.007013333333333371,0.3911716666666667,0.3841583333333333,4.066783333333319,155.80696666666665,151.74018333333333,0.004832066666666669,0.061389483333333335,0.056557416666666666,10035.466666666667
MACEIO,2704302,low_inactive,low,False,2,-0.001223333333333354,0.3946633333333333,0.39588666666666666,10.47341666666668,156.58526666666666,146.11184999999998,0.0037944000000000103,0.06443948333333334,0.06064508333333333,10001.65
MACEIO,2704302,low_inactive,low,False,3,0.0015899999999999803,0.384075,0.382485,-10.874666666666656,144.93768333333335,155.81235,-0.0009152000000000049,0.06254565,0.06346085,9930.683333333332
MACEIO,2704302,low_inactive,low,False,4,0.0009866666666666912,0.3916116666666667,0.390625,7.3339,167.76148333333333,160.42758333333333,0.007808216666666659,0.07852696666666666,0.07071875,9773.266666666666
MACEIO,2704302,low_inactive,low,False,5,-0.0052416666666666445,0.3962616666666667,0.4015033333333333,0.5445166666666807,183.42340000000002,182.87888333333333,-0.005702283333333322,0.08325925,0.08896153333333333,9330.666666666666
MACEIO,2704302,low_inactive,low,False,6,0.0009583333333333388,0.3896883333333333,0.38872999999999996,8.963383333333354,167.07205000000002,158.10866666666666,0.0007285166666666648,0.07026603333333334,0.06953751666666667,9942.25
MACEIO,2704302,low_inactive,low,False,7,0.009844999999999937,0.40204166666666663,0.3921966666666667,-4.48814999999999,148.52525,153.0134,-0.0003748833333333326,0.059925983333333335,0.06030086666666667,10036.85
MACEIO,2704302,low_inactive,low,False,8,-0.004548333333333321,0.38190833333333335,0.38645666666666667,1.857200000000006,153.22775000000001,151.37055,0.002649966666666663,0.06261196666666666,0.059961999999999994,9771.533333333333
MACEIO,2704302,low_inactive,low,False,9,-0.004748333333333354,0.38051,0.38525833333333337,3.7453833333333364,160.7990333333333,157.05364999999998,-0.0005331999999999976,0.06299888333333334,0.06353208333333334,10009.716666666667
NATAL,2408102,low_inactive,low,False,0,-0.0003633333333333266,0.41900333333333334,0.41936666666666667,2.0759333333333245,146.1384,144.06246666666667,0.0011806999999999929,0.07605151666666667,0.07487081666666667,7723.433333333333
NATAL,2408102,low_inactive,low,False,1,0.006698333333333306,0.41906499999999997,0.41236666666666666,-6.977266666666679,151.50248333333332,158.47975,0.0044451833333333385,0.07821361666666667,0.07376843333333333,7708.683333333333
NATAL,2408102,low_inactive,low,False,2,0.010546666666666704,0.42112166666666667,0.41057499999999997,-1.9011000000000138,153.79703333333333,155.69813333333335,0.0032271166666666684,0.07965168333333333,0.07642456666666667,7721.466666666666
NATAL,2408102,low_inactive,low,False,3,0.014429999999999998,0.42272,0.40829,-1.5743999999999971,149.47915,151.05355,0.005680216666666668,0.07884096666666666,0.07316075,7720.616666666667
NATAL,2408102,low_inactive,low,False,4,-0.007873333333333343,0.41158,0.41945333333333334,-1.0735999999999706,150.81685000000002,151.89045,-0.0022885333333333285,0.07328143333333334,0.07556996666666667,7718.0
NATAL,2408102,low_inactive,low,False,5,0.0065150000000000485,0.4187166666666667,0.41220166666666663,-4.878399999999999,153.9593,158.8377,0.002314983333333326,0.07577793333333332,0.07346295,7720.7
NATAL,2408102,low_inactive,low,False,6,0.0004149999999999987,0.41853666666666667,0.41812166666666667,-2.9821666666666715,148.1801,151.16226666666668,-0.0019688999999999957,0.07324798333333334,0.07521688333333333,7713.45
NATAL,2408102,low_inactive,low,False,7,0.001793333333333369,0.42123333333333335,0.41944,0.643100000000004,154.34586666666667,153.70276666666666,-0.003633299999999992,0.07786986666666666,0.08150316666666665,7737.7
NATAL,2408102,low_inactive,low,False,8,0.013516666666666677,0.41754833333333335,0.4040316666666667,-13.588233333333307,138.32675,151.9149833333333,0.00167843333333334,0.07453051666666667,0.07285208333333333,7732.083333333333
NATAL,2408102,low_inactive,low,False,9,0.004815000000000014,0.4145083333333333,0.4096933333333333,0.2869999999999777,151.38706666666667,151.1000666666667,0.002034650000000013,0.07509996666666667,0.07306531666666666,7720.8
PALMAS,1721000,low_inactive,low,False,0,-0.011658333333333382,0.3716433333333333,0.3833016666666667,14.811266666666683,193.15926666666667,178.34799999999998,0.0012856333333333345,0.04552476666666667,0.04423913333333333,3588.4166666666665
PALMAS,1721000,low_inactive,low,False,1,-0.009234999999999993,0.371715,0.38095,0.5164666666666449,157.97606666666667,157.45960000000002,0.0008907666666666675,0.03929938333333333,0.038408616666666666,3587.1
PALMAS,1721000,low_inactive,low,False,2,-0.005645000000000011,0.367305,0.37295,-3.491500000000002,177.80125,181.29275,0.0010646500000000003,0.04557488333333334,0.044510233333333336,3587.4
PALMAS,1721000,low_inactive,low,False,3,-0.0021716666666666273,0.37224500000000005,0.3744166666666667,-16.073600000000027,176.40918333333332,192.48278333333334,-0.0025565833333333343,0.03982595,0.04238253333333333,3586.733333333333
PALMAS,1721000,low_inactive,low,False,4,0.0005633333333333046,0.3686333333333333,0.36807,7.290683333333334,201.5393,194.24861666666666,-0.00010051666666666126,0.04526968333333334,0.0453702,3585.616666666667
PALMAS,1721000,low_inactive,low,False,5,-0.004491666666666672,0.36926333333333333,0.373755,-0.37258333333332416,177.73068333333333,178.10326666666666,-0.004089783333333333,0.04029718333333333,0.044386966666666666,3586.1
PALMAS,1721000,low_inactive,low,False,6,-0.008184999999999998,0.37199333333333334,0.38017833333333334,-4.637533333333323,165.18341666666666,169.82094999999998,-0.006126850000000003,0.043004999999999995,0.04913185,3584.4
PALMAS,1721000,low_inactive,low,False,7,-0.0028916666666666813,0.37253000000000003,0.3754216666666667,1.7784500000000207,179.70386666666667,177.92541666666665,-0.0014448166666666748,0.04311213333333333,0.044556950000000005,3587.0333333333333
PALMAS,1721000,low_inactive,low,False,8,-0.0005533333333333501,0.3730833333333333,0.3736366666666667,15.567050000000023,203.64958333333334,188.08253333333332,-0.000908366666666674,0.04754386666666666,0.04845223333333334,3587.0
PALMAS,1721000,low_inactive,low,False,9,0.0047816666666666285,0.38226666666666664,0.377485,-12.098150000000004,166.89849999999998,178.99665,-0.0045074166666666665,0.042279533333333334,0.04678695,3588.233333333333
PORTO ALEGRE,4314902,low_inactive,low,False,0,-0.02189333333333332,0.6434016666666668,0.6652950000000001,-1.3987666666666883,174.72076666666666,176.11953333333335,-0.0021744333333333365,0.0819304,0.08410483333333334,11998.35
PORTO ALEGRE,4314902,low_inactive,low,False,1,0.03753000000000006,0.69004,0.6525099999999999,-1.7432166666666546,177.3386,179.08181666666667,0.002116433333333348,0.08622281666666667,0.08410638333333333,12013.65
PORTO ALEGRE,4314902,low_inactive,low,False,2,-0.006141666666666601,0.6485816666666667,0.6547233333333333,-3.3751000000000033,177.08509999999998,180.4602,-0.002813516666666682,0.08065203333333333,0.08346555000000001,11995.45
PORTO ALEGRE,4314902,low_inactive,low,False,3,0.0147233333333332,0.6742349999999999,0.6595116666666667,-2.1876666666666438,175.52148333333335,177.70915,0.00223071666666666,0.08341133333333332,0.08118061666666666,11753.6
PORTO ALEGRE,4314902,low_inactive,low,False,4,0.015363333333333395,0.6699066666666667,0.6545433333333333,-5.056533333333334,178.94378333333333,184.00031666666666,0.003339716666666659,0.08458413333333333,0.08124441666666667,12462.383333333333
PORTO ALEGRE,4314902,low_inactive,low,False,5,-0.019869999999999943,0.64844,0.66831,-0.8515833333333092,180.0466,180.89818333333332,0.0002975333333333219,0.0861372,0.08583966666666668,12108.65
PORTO ALEGRE,4314902,low_inactive,low,False,6,-0.0095683333333334,0.6481766666666666,0.657745,-3.339816666666678,177.08863333333332,180.42845,0.00668228333333333,0.08594433333333333,0.07926205,12025.5
PORTO ALEGRE,4314902,low_inactive,low,False,7,-0.015043333333333408,0.659195,0.6742383333333334,-1.0351499999999874,178.66490000000002,179.70005,0.004748050000000004,0.08813121666666666,0.08338316666666666,11707.833333333334
PORTO ALEGRE,4314902,low_inactive,low,False,8,0.0002849999999999797,0.6743883333333333,0.6741033333333333,1.2126666666666495,177.44991666666667,176.23725000000002,-0.0021153999999999895,0.08425915,0.08637455,11840.366666666667
PORTO ALEGRE,4314902,low_inactive,low,False,9,-0.015635000000000066,0.6355649999999999,0.6512,6.4312166666667,180.7075,174.2762833333333,0.0008111499999999827,0.08253395,0.08172280000000001,12171.65
PORTO VELHO,1100205,low_inactive,low,False,0,0.010461666666666647,0.42228,0.41181833333333334,-1.7542333333333602,144.44996666666665,146.20420000000001,0.009387383333333318,0.07011261666666666,0.06072523333333334,5461.433333333333
PORTO VELHO,1100205,low_inactive,low,False,1,-0.015160000000000007,0.390595,0.40575500000000003,3.790966666666691,154.85358333333335,151.06261666666666,0.00910341666666667,0.08260786666666667,0.07350445,5442.133333333333
PORTO VELHO,1100205,low_inactive,low,False,2,-0.022431666666666683,0.40340166666666666,0.42583333333333334,-1.6789166666666802,143.44391666666667,145.12283333333335,-0.03184001666666665,0.07632531666666667,0.10816533333333332,5046.916666666667
PORTO VELHO,1100205,low_inactive,low,False,3,-0.00247166666666665,0.422835,0.42530666666666667,7.4848666666666475,144.36214999999999,136.87728333333334,5.3266666666662577e-05,0.06199173333333333,0.06193846666666667,5446.316666666667
PORTO VELHO,1100205,low_inactive,low,False,4,-0.008068333333333344,0.4225116666666667,0.43058,-4.285566666666682,151.16618333333332,155.45175,-0.005118433333333325,0.07411786666666667,0.0792363,5461.583333333333
PORTO VELHO,1100205,low_inactive,low,False,5,0.0029916666666666147,0.4198283333333333,0.4168366666666667,-2.9271666666666647,141.40513333333334,144.3323,-0.006737416666666662,0.060689516666666665,0.06742693333333333,5428.183333333333
PORTO VELHO,1100205,low_inactive,low,False,6,0.008916666666666684,0.433155,0.42423833333333333,5.218900000000005,128.43056666666666,123.21166666666666,0.03220603333333333,0.0882317,0.05602566666666667,5395.566666666667
PORTO VELHO,1100205,low_inactive,low,False,7,0.005651666666666666,0.41189333333333333,0.40624166666666667,-8.043666666666667,127.59926666666667,135.64293333333333,0.003300199999999996,0.05992781666666667,0.05662761666666667,5362.683333333333
PORTO VELHO,1100205,low_inactive,low,False,8,-0.0004850000000000132,0.42620833333333336,0.42669333333333337,0.9121499999999969,148.87561666666667,147.96346666666668,0.004634133333333332,0.07749438333333333,0.07286025,5461.55
PORTO VELHO,1100205,low_inactive,low,False,9,0.03648000000000001,0.421595,0.385115,-1.2307666666666535,157.52143333333333,158.7522,0.018336333333333343,0.08260358333333334,0.06426725,5432.033333333334
RIO BRANCO,1200401,low_inactive,low,False,0,-0.0014666666666666717,0.3947533333333333,0.39621999999999996,2.4358000000000004,152.56371666666666,150.12791666666666,0.000500866666666662,0.048756966666666665,0.0482561,3929.133333333333
RIO BRANCO,1200401,low_inactive,low,False,1,0.006799999999999973,0.39124166666666665,0.3844416666666667,1.0701999999999714,180.05204999999998,178.98185,0.0030272166666666725,0.057509000000000005,0.05448178333333333,3929.233333333333
RIO BRANCO,1200401,low_inactive,low,False,2,-0.0014099999999999668,0.3932816666666667,0.39469166666666666,-0.6667499999999791,145.83081666666666,146.49756666666664,-0.00022938333333333283,0.04954348333333333,0.049772866666666665,3929.25
RIO BRANCO,1200401,low_inactive,low,False,3,0.003904999999999992,0.38620666666666664,0.38230166666666665,-3.8588166666666552,172.11213333333333,175.97095,0.003535583333333335,0.0560402,0.05250461666666666,3929.25
RIO BRANCO,1200401,low_inactive,low,False,4,-0.006924999999999959,0.38789500000000005,0.39482,0.13751666666667006,146.35838333333334,146.22086666666667,-0.0005130666666666658,0.04765068333333333,0.04816375,3929.1833333333334
RIO BRANCO,1200401,low_inactive,low,False,5,0.0008983333333332788,0.3831883333333333,0.38229,-2.891133333333329,151.2929,154.18403333333333,-0.0012108499999999994,0.04744343333333333,0.04865428333333333,3929.2166666666667
RIO BRANCO,1200401,low_inactive,low,False,6,0.005583333333333329,0.39429,0.38870666666666664,2.0006500000000074,167.83678333333333,165.83613333333332,0.0010124166666666684,0.05049405,0.04948163333333333,3929.233333333333
RIO BRANCO,1200401,low_inactive,low,False,7,0.0038916666666666266,0.39166666666666666,0.38777500000000004,-0.8092833333333544,164.74583333333334,165.5551166666667,0.003205133333333332,0.05093445,0.04772931666666667,3929.233333333333
RIO BRANCO,1200401,low_inactive,low,False,8,-0.0012483333333333513,0.3926266666666667,0.39387500000000003,-10.23511666666667,147.99856666666668,158.23368333333335,-0.00014480000000000742,0.04941946666666666,0.04956426666666667,3929.266666666667
RIO BRANCO,1200401,low_inactive,low,False,9,-0.013346666666666673,0.38159,0.39493666666666666,0.7703499999999792,150.4945833333333,149.72423333333333,-0.003672250000000002,0.04648885,0.0501611,3929.3166666666666
SALVADOR,2927408,low_inactive,low,False,0,0.008473333333333333,0.47695666666666664,0.4684833333333333,3.474349999999987,130.4998,127.02545,0.0013604166666666556,0.07129248333333332,0.06993206666666667,23624.933333333334
SALVADOR,2927408,low_inactive,low,False,1,0.004561666666666686,0.47792833333333334,0.47336666666666666,0.5683999999999969,128.45568333333333,127.88728333333333,0.001893449999999991,0.0714875,0.06959405,23320.833333333332
SALVADOR,2927408,low_inactive,low,False,2,0.0034033333333333138,0.4805183333333333,0.477115,-3.216333333333324,128.88376666666667,132.1001,-0.0013003999999999932,0.07155951666666667,0.07285991666666666,23121.666666666668
SALVADOR,2927408,low_inactive,low,False,3,0.012880000000000003,0.4836266666666667,0.4707466666666667,1.8155999999999892,140.72763333333333,138.91203333333334,0.00021629999999998872,0.06738019999999999,0.0671639,24315.116666666665
SALVADOR,2927408,low_inactive,low,False,4,0.008088333333333309,0.4770816666666667,0.4689933333333334,2.379349999999988,133.5579,131.17855,0.0080258,0.07561791666666666,0.06759211666666666,23469.566666666666
SALVADOR,2927408,low_inactive,low,False,5,-0.007041666666666668,0.47389,0.48093166666666665,-3.183066666666633,131.75018333333335,134.93325,0.0019115833333333276,0.07502726666666666,0.07311568333333333,23465.533333333333
SALVADOR,2927408,low_inactive,low,False,6,0.004861666666666653,0.4834133333333333,0.47855166666666665,4.243600000000015,134.36195,130.11835,0.0033279333333333383,0.07219768333333333,0.06886975,23281.416666666668
SALVADOR,2927408,low_inactive,low,False,7,0.009439999999999948,0.48092999999999997,0.47149,3.6216833333333227,133.13151666666667,129.50983333333335,-5.4499999999998994e-05,0.07081343333333333,0.07086793333333333,23458.233333333334
SALVADOR,2927408,low_inactive,low,False,8,0.01193999999999995,0.47862166666666667,0.4666816666666667,-0.1675333333333242,132.80728333333334,132.97481666666667,-0.0032034333333333387,0.07300801666666666,0.07621145,22872.283333333333
SALVADOR,2927408,low_inactive,low,False,9,0.008698333333333308,0.47797833333333334,0.46928000000000003,8.824466666666666,138.05066666666667,129.2262,-0.0026295499999999944,0.06606491666666667,0.06869446666666666,23785.183333333334
SAO LUIS,2111300,low_inactive,low,False,0,0.0034250000000000114,0.3788766666666667,0.3754516666666667,-3.727850000000018,148.10045,151.8283,0.0024814833333333328,0.06222085,0.05973936666666667,11112.816666666668
SAO LUIS,2111300,low_inactive,low,False,1,-0.0024833333333333374,0.3679483333333333,0.37043166666666666,-2.4094166666666865,147.80974999999998,150.21916666666667,0.0045313499999999965,0.06232741666666666,0.057796066666666666,11121.283333333333
SAO LUIS,2111300,low_inactive,low,False,2,0.006436666666666702,0.37753333333333333,0.37109666666666663,8.828750000000014,152.0564,143.22764999999998,0.0015240000000000115,0.06070093333333334,0.05917693333333333,11117.4
SAO LUIS,2111300,low_inactive,low,False,3,0.0015433333333333965,0.36773333333333336,0.36618999999999996,6.185533333333325,143.64666666666665,137.46113333333332,0.002482633333333338,0.05822321666666667,0.05574058333333333,11104.433333333332
SAO LUIS,2111300,low_inactive,low,False,4,0.0036349999999999993,0.37795666666666666,0.37432166666666666,4.5852833333333365,154.36098333333334,149.7757,0.0011232166666666626,0.05744103333333333,0.056317816666666666,11111.983333333334
SAO LUIS,2111300,low_inactive,low,False,5,-0.0007633333333333381,0.37327166666666667,0.374035,3.0041333333333284,154.67665,151.67251666666667,0.0018298166666666713,0.061200033333333334,0.05937021666666666,11131.066666666668
SAO LUIS,2111300,low_inactive,low,False,6,0.006426666666666692,0.37329333333333337,0.3668666666666667,5.037616666666651,149.2978,144.26018333333334,0.0013875500000000013,0.06003103333333334,0.058643483333333336,11122.0
SAO LUIS,2111300,low_inactive,low,False,7,0.005913333333333326,0.37786000000000003,0.3719466666666667,6.155716666666649,150.90366666666665,144.74795,0.006821216666666664,0.062058416666666665,0.0552372,11108.766666666666
SAO LUIS,2111300,low_inactive,low,False,8,-0.007964999999999944,0.37006333333333336,0.3780283333333333,-0.8524666666666576,152.63203333333334,153.4845,-0.001287316666666663,0.06311846666666666,0.06440578333333333,11134.3
SAO LUIS,2111300,low_inactive,low,False,9,-0.008295000000000052,0.37292166666666665,0.3812166666666667,-1.3795833333333576,143.41019999999997,144.78978333333333,0.0007899166666666679,0.05979483333333333,0.059004916666666664,11118.966666666667
TERESINA,2211001,low_inactive,low,False,0,0.004151666666666665,0.3690333333333333,0.36488166666666666,5.606249999999989,165.68908333333331,160.08283333333333,0.0056264999999999996,0.060543099999999996,0.054916599999999996,8910.183333333332
TERESINA,2211001,low_inactive,low,False,1,-0.0008816666666666695,0.39135333333333333,0.392235,7.108883333333324,170.30985,163.2009666666667,0.0015681999999999988,0.049020216666666665,0.047452016666666666,9410.516666666666
TERESINA,2211001,low_inactive,low,False,2,-0.00031333333333338764,0.375565,0.37587833333333337,-3.876733333333334,156.56531666666666,160.44205,-0.00381635000000001,0.0617171,0.06553345000000001,8744.5
TERESINA,2211001,low_inactive,low,False,3,-0.004394999999999982,0.38314833333333337,0.38754333333333335,6.455766666666648,159.29354999999998,152.83778333333333,0.0035224333333333246,0.04828873333333333,0.0447663,9407.633333333333
TERESINA,2211001,low_inactive,low,False,4,0.0015516666666666734,0.3873416666666667,0.38579,9.720983333333322,162.15743333333333,152.43645,0.0020431333333333357,0.04649693333333334,0.0444538,9412.3
TERESINA,2211001,low_inactive,low,False,5,0.004256666666666631,0.3733833333333333,0.36912666666666666,-8.562266666666687,157.45784999999998,166.02011666666667,-0.0020227666666666755,0.06303898333333333,0.06506175,8621.483333333334
TERESINA,2211001,low_inactive,low,False,6,-0.0073966666666666625,0.36783333333333335,0.37523,5.3016833333333295,153.3206,148.01891666666668,0.0017338833333333387,0.053261800000000005,0.051527916666666666,8936.533333333333
TERESINA,2211001,low_inactive,low,False,7,-0.0005466666666666953,0.37518999999999997,0.37573666666666666,7.455400000000026,163.42655000000002,155.97115,-0.005848966666666663,0.05375131666666667,0.05960028333333333,8759.633333333333
TERESINA,2211001,low_inactive,low,False,8,-0.009701666666666664,0.36843833333333337,0.37814000000000003,7.4505833333333555,155.8761166666667,148.42553333333333,0.010131933333333336,0.06258698333333333,0.052455049999999996,9134.266666666666
TERESINA,2211001,low_inactive,low,False,9,0.008373333333333344,0.377605,0.3692316666666667,-1.6337666666666735,161.26571666666666,162.89948333333334,-0.0019785833333333253,0.07204496666666667,0.07402355,8445.55
VITORIA,3205002,low_inactive,low,False,0,-0.004881666666666673,0.41627833333333336,0.42116000000000003,1.534383333333352,144.96815,143.43376666666666,-0.0019571666666666765,0.07484924999999999,0.07680641666666667,4597.533333333334
VITORIA,3205002,low_inactive,low,False,1,-0.0062833333333333075,0.42336500000000005,0.42964833333333335,5.504000000000019,144.30061666666668,138.79661666666667,-0.001372200000000004,0.06670698333333333,0.06807918333333333,4871.483333333334
VITORIA,3205002,low_inactive,low,False,2,0.0017566666666666841,0.41999000000000003,0.41823333333333335,0.8894833333333452,147.538,146.64851666666667,-0.0030517999999999934,0.0725822,0.07563399999999999,4476.75
VITORIA,3205002,low_inactive,low,False,3,0.007301666666666651,0.419915,0.41261333333333333,-2.62233333333333,148.49848333333333,151.12081666666666,0.00023046666666666493,0.06817675,0.06794628333333333,4659.083333333333
VITORIA,3205002,low_inactive,low,False,4,0.00029166666666669006,0.408965,0.40867333333333333,1.94971666666666,161.18646666666666,159.23675,-0.003233783333333337,0.07284091666666666,0.0760747,4903.016666666666
VITORIA,3205002,low_inactive,low,False,5,0.0017433333333333745,0.422785,0.42104166666666665,-0.2507833333333451,146.95364999999998,147.20443333333333,0.004681250000000012,0.07462260000000001,0.06994135,4629.3
VITORIA,3205002,low_inactive,low,False,6,-0.0041683333333333294,0.4175816666666667,0.42175,-5.718316666666652,145.88401666666667,151.60233333333332,0.0009615666666666633,0.07374396666666666,0.0727824,4806.7
VITORIA,3205002,low_inactive,low,False,7,0.004173333333333307,0.41964166666666664,0.41546833333333333,-5.694449999999989,144.84165,150.53609999999998,0.004266833333333331,0.07888943333333334,0.07462260000000001,4645.083333333333
VITORIA,3205002,low_inactive,low,False,8,-0.002211666666666612,0.41946333333333335,0.42167499999999997,8.30028333333334,160.32943333333333,152.02915,-0.004987233333333341,0.06824184999999999,0.07322908333333333,4494.1
VITORIA,3205002,low_inactive,low,False,9,0.006653333333333344,0.416895,0.41024166666666667,5.158199999999994,158.788,153.62980000000002,0.005241100000000012,0.0727757,0.06753459999999999,4632.533333333334
ARACAJU,2800308,low_active,low,True,0,0.021098333333333386,0.46137333333333336,0.44027499999999997,-0.6179499999999791,183.24215,183.8601,-0.001307249999999996,0.09651356666666668,0.09782081666666667,5750.633333333333
ARACAJU,2800308,low_active,low,True,1,0.006438333333333324,0.42984666666666665,0.42340833333333333,-11.990949999999998,164.83123333333333,176.82218333333333,0.002844383333333325,0.09081983333333334,0.08797545000000001,5971.966666666666
ARACAJU,2800308,low_active,low,True,2,-0.014338333333333342,0.44456833333333334,0.4589066666666667,7.038916666666665,172.15513333333334,165.11621666666667,-0.006543833333333318,0.0888556,0.09539943333333332,5618.25
ARACAJU,2800308,low_active,low,True,3,0.04433999999999999,0.46392666666666665,0.41958666666666666,-0.800500000000028,174.70261666666664,175.50311666666667,0.020432083333333337,0.0976444,0.07721231666666667,5957.35
ARACAJU,2800308,low_active,low,True,4,0.00551666666666667,0.42754333333333333,0.42202666666666666,4.939416666666659,187.19476666666665,182.25535,-0.0037023166666666774,0.08271123333333333,0.08641355,5902.033333333334
ARACAJU,2800308,low_active,low,True,5,-0.002893333333333359,0.43823666666666666,0.44113,-5.260716666666667,188.17098333333334,193.4317,-0.003768300000000002,0.08988831666666666,0.09365661666666666,5730.183333333333
ARACAJU,2800308,low_active,low,True,6,-0.010169999999999957,0.43767333333333336,0.4478433333333333,-3.8891000000000133,180.75708333333333,184.64618333333334,-0.0003610999999999892,0.09017745,0.09053855,5783.333333333333
ARACAJU,2800308,low_active,low,True,7,0.007856666666666678,0.44728,0.43942333333333333,-2.6023999999999603,177.80453333333335,180.4069333333333,0.0008924999999999905,0.09352173333333333,0.09262923333333334,5788.55
ARACAJU,2800308,low_active,low,True,8,-0.0013199999999999323,0.4323816666666667,0.43370166666666665,-0.30178333333333285,186.67573333333334,186.97751666666667,-0.0024969666666666696,0.08762123333333333,0.0901182,5946.316666666667
ARACAJU,2800308,low_active,low,True,9,-0.010673333333333312,0.4323166666666667,0.44299,0.05151666666665733,189.85948333333332,189.80796666666666,0.001139183333333349,0.09411235000000001,0.09297316666666666,5660.233333333334
BELO HORIZONTE,3106200,low_active,low,True,0,-0.004528333333333356,0.60276,0.6072883333333333,-2.833349999999996,164.58255,167.4159,-0.0024101833333333295,0.07831933333333334,0.08072951666666667,23253.633333333335
BELO HORIZONTE,3106200,low_active,low,True,1,-0.006756666666666744,0.62328,0.6300366666666667,1.0641999999999996,159.38816666666668,158.32396666666668,-0.0038851166666666603,0.0806878,0.08457291666666666,22797.9
BELO HORIZONTE,3106200,low_active,low,True,2,-0.006471666666666653,0.6071916666666667,0.6136633333333333,2.632933333333341,161.5335,158.90056666666666,0.0021280499999999786,0.08240653333333332,0.08027848333333334,23101.616666666665
BELO HORIZONTE,3106200,low_active,low,True,3,-0.0007266666666666532,0.6104416666666667,0.6111683333333333,-0.601600000000019,157.44638333333333,158.04798333333335,-0.004796700000000001,0.077833,0.0826297,22802.7
BELO HORIZONTE,3106200,low_active,low,True,4,0.027488333333333448,0.6095266666666668,0.5820383333333333,-3.752433333333329,159.40678333333332,163.15921666666665,0.002466916666666666,0.07896051666666667,0.07649360000000001,23404.016666666666
BELO HORIZONTE,3106200,low_active,low,True,5,-0.004638333333333411,0.62496,0.6295983333333334,-0.34788333333332844,164.08065,164.42853333333332,-0.002562183333333329,0.07602805,0.07859023333333333,23168.116666666665
BELO HORIZONTE,3106200,low_active,low,True,6,0.019503333333333206,0.6147033333333333,0.5952000000000001,-6.836716666666661,158.77906666666667,165.61578333333333,0.0008501999999999954,0.07967271666666667,0.07882251666666668,23284.2
BELO HORIZONTE,3106200,low_active,low,True,7,-0.01590333333333338,0.6050116666666666,0.620915,2.78598333333332,159.91146666666666,157.12548333333334,0.0030983833333333294,0.07943765,0.07633926666666667,23194.383333333335
BELO HORIZONTE,3106200,low_active,low,True,8,-0.01024999999999987,0.6066183333333334,0.6168683333333332,-2.3265333333333444,161.63074999999998,163.95728333333332,-0.0028673833333333343,0.08035261666666667,0.08322,23046.016666666666
BELO HORIZONTE,3106200,low_active,low,True,9,0.0012016666666666564,0.61429,0.6130883333333333,4.160383333333357,165.21195,161.05156666666664,-0.002909533333333325,0.0780561,0.08096563333333333,23358.45
BOA VISTA,1400100,low_active,low,True,0,0.00218666666666667,0.39614666666666665,0.39396,-6.95928333333336,181.43613333333332,188.39541666666668,0.004497683333333322,0.06620915,0.06171146666666667,6482.866666666667
BOA VISTA,1400100,low_active,low,True,1,-0.0193666666666667,0.3882483333333333,0.407615,9.962483333333324,180.04483333333334,170.08235000000002,-0.00945161666666667,0.060284366666666665,0.06973598333333333,6482.0
BOA VISTA,1400100,low_active,low,True,2,-0.011525000000000007,0.38483833333333334,0.39636333333333335,0.7931666666666501,172.64061666666666,171.84745,-0.003674333333333335,0.05694531666666667,0.060619650000000004,6480.616666666667
BOA VISTA,1400100,low_active,low,True,3,-0.01063499999999995,0.39013833333333336,0.4007733333333333,-3.740566666666666,176.71518333333333,180.45575,-0.0003086666666666654,0.06292335,0.06323201666666667,6479.883333333333
BOA VISTA,1400100,low_active,low,True,4,-0.01430666666666669,0.3875133333333333,0.40182,4.192899999999952,192.0698833333333,187.87698333333336,-0.0026777666666666644,0.0632929,0.06597066666666666,6481.066666666667
BOA VISTA,1400100,low_active,low,True,5,-0.006790000000000074,0.3934833333333333,0.40027333333333337,6.511416666666662,165.76928333333333,159.25786666666667,0.010646633333333343,0.06564663333333334,0.055,6482.216666666666
BOA VISTA,1400100,low_active,low,True,6,0.014371666666666616,0.3949283333333333,0.3805566666666667,-1.7366666666666504,171.10508333333334,172.84175,0.010807166666666673,0.06517058333333334,0.054363416666666664,6478.983333333334
BOA VISTA,1400100,low_active,low,True,7,0.006109999999999949,0.39812333333333333,0.3920133333333334,-3.715266666666679,171.6092,175.32446666666667,-0.0002944166666666581,0.06437330000000001,0.06466771666666667,6473.7
BOA VISTA,1400100,low_active,low,True,8,-0.015861666666666663,0.379855,0.39571666666666666,1.5492833333333351,168.18366666666668,166.63438333333335,-0.007483199999999995,0.052054750000000004,0.05953795,6480.033333333334
BOA VISTA,1400100,low_active,low,True,9,-0.011955000000000049,0.38310833333333333,0.3950633333333334,-1.3211333333333357,178.26418333333334,179.58531666666667,0.0027008499999999977,0.05440116666666666,0.05170031666666666,6482.233333333334
BRASILIA,5300108,low_active,low,True,0,0.007163333333333355,0.45267666666666667,0.4455133333333333,-1.5636499999999671,211.01621666666668,212.57986666666665,-0.00866681666666666,0.0978418,0.10650861666666667,28487.966666666667
BRASILIA,5300108,low_active,low,True,1,-0.0033983333333333365,0.4468533333333333,0.45025166666666666,-0.10018333333334795,207.84688333333332,207.94706666666667,0.002404750000000025,0.10724533333333335,0.10484058333333332,28144.516666666666
BRASILIA,5300108,low_active,low,True,2,0.012450000000000017,0.455,0.44255,-0.4543166666666707,208.92488333333333,209.3792,0.008804250000000013,0.11019706666666668,0.10139281666666666,29236.55
BRASILIA,5300108,low_active,low,True,3,-0.005796666666666672,0.4517916666666667,0.4575883333333334,3.057150000000007,207.97048333333333,204.91333333333333,-0.004476250000000001,0.10678023333333334,0.11125648333333334,28805.266666666666
BRASILIA,5300108,low_active,low,True,4,-0.00598999999999994,0.44669000000000003,0.45267999999999997,5.86048333333332,209.60801666666666,203.74753333333334,-0.002381850000000005,0.10370043333333333,0.10608228333333333,28997.333333333332
BRASILIA,5300108,low_active,low,True,5,-0.012075000000000058,0.43834999999999996,0.450425,-1.9870833333332882,210.21300000000002,212.2000833333333,-0.0019632499999999997,0.1053632,0.10732645,28817.133333333335
BRASILIA,5300108,low_active,low,True,6,0.0014299999999999868,0.4490183333333333,0.4475883333333333,-2.034783333333337,205.6049,207.63968333333332,-0.0025255666666666593,0.10444813333333333,0.10697369999999999,28814.166666666668
BRASILIA,5300108,low_active,low,True,7,0.0056633333333333535,0.4534266666666667,0.44776333333333335,-0.8665333333333365,202.92945,203.79598333333334,-3.861666666667152e-05,0.10576533333333334,0.10580395000000001,28137.583333333332
BRASILIA,5300108,low_active,low,True,8,0.008188333333333353,0.455345,0.44715666666666665,12.350683333333308,214.46436666666665,202.11368333333334,0.0005312833333333267,0.10656026666666667,0.10602898333333334,28782.9
BRASILIA,5300108,low_active,low,True,9,-0.0012583333333333058,0.45119166666666666,0.45244999999999996,-2.247383333333346,206.03508333333332,208.28246666666666,0.0005488666666666753,0.10995878333333334,0.10940991666666666,28673.933333333334
CAMPO GRANDE,5002704,low_active,low,True,0,0.003931666666666611,0.37807999999999997,0.37414833333333336,6.338366666666644,168.84176666666664,162.5034,0.00026916666666666755,0.05022595,0.04995678333333333,10239.183333333332
CAMPO GRANDE,5002704,low_active,low,True,1,-0.0032799999999999496,0.37282333333333334,0.3761033333333333,8.413783333333356,178.6783166666667,170.26453333333333,0.0010090166666666678,0.052958733333333334,0.051949716666666666,10238.3
CAMPO GRANDE,5002704,low_active,low,True,2,0.006093333333333284,0.3793033333333333,0.37321000000000004,-6.835666666666668,174.67951666666667,181.51518333333334,-0.006544816666666675,0.0479883,0.05453311666666667,10238.683333333332
CAMPO GRANDE,5002704,low_active,low,True,3,-0.003526666666666678,0.376735,0.38026166666666666,-8.579166666666652,172.57915,181.15831666666665,-0.004654683333333333,0.05119571666666667,0.0558504,10237.55
CAMPO GRANDE,5002704,low_active,low,True,4,-0.003359999999999974,0.3730616666666667,0.37642166666666665,-2.123266666666666,178.3544,180.47766666666666,-0.00017288333333333183,0.053781216666666666,0.0539541,10239.916666666666
CAMPO GRANDE,5002704,low_active,low,True,5,0.0024566666666666626,0.37653833333333336,0.3740816666666667,-4.449150000000003,166.72526666666667,171.17441666666667,-0.002805183333333329,0.04880871666666667,0.0516139,10238.266666666666
CAMPO GRANDE,5002704,low_active,low,True,6,-0.00011499999999992072,0.3774366666666667,0.3775516666666666,-3.985250000000036,166.22626666666665,170.21151666666668,-0.003736733333333339,0.048601899999999996,0.052338633333333336,10237.283333333333
CAMPO GRANDE,5002704,low_active,low,True,7,-0.01205999999999996,0.36744333333333334,0.3795033333333333,13.62751666666665,180.58293333333333,166.95541666666668,2.2349999999997372e-05,0.05143138333333333,0.05140903333333333,10238.866666666667
CAMPO GRANDE,5002704,low_active,low,True,8,-0.0005583333333333274,0.37768,0.37823833333333334,1.9581333333333646,175.21193333333335,173.25379999999998,0.00012410000000000893,0.05194413333333334,0.05182003333333333,10238.516666666666
CAMPO GRANDE,5002704,low_active,low,True,9,-0.00412499999999999,0.373295,0.37742,32.13478333333336,199.98385000000002,167.84906666666666,0.007004483333333332,0.0585163,0.05151181666666667,10237.9
CURITIBA,4106902,low_active,low,True,0,0.0033183333333332565,0.4878666666666666,0.48454833333333336,0.4303333333333228,164.26051666666666,163.83018333333334,-0.0035188833333333336,0.07638788333333334,0.07990676666666667,18375.316666666666
CURITIBA,4106902,low_active,low,True,1,-0.002418333333333411,0.4844883333333333,0.4869066666666667,-8.839050000000015,154.51961666666665,163.35866666666666,0.0024494000000000044,0.07817185,0.07572245,18379.8
CURITIBA,4106902,low_active,low,True,2,0.014621666666666644,0.49282333333333334,0.4782016666666667,-0.973416666666651,160.55303333333333,161.52644999999998,-0.001113533333333347,0.0763155,0.07742903333333334,18338.816666666666
CURITIBA,4106902,low_active,low,True,3,0.02093499999999998,0.4967283333333333,0.47579333333333335,-4.859550000000013,161.68508333333332,166.54463333333334,-0.0014142666666666498,0.07643958333333334,0.07785384999999999,18313.466666666667
CURITIBA,4106902,low_active,low,True,4,0.006611666666666627,0.4873333333333333,0.48072166666666666,-2.290983333333344,159.43983333333333,161.73081666666667,0.00012683333333332603,0.07533073333333333,0.0752039,18291.05
CURITIBA,4106902,low_active,low,True,5,-0.009673333333333312,0.4730666666666667,0.48274,3.8765499999999804,169.10563333333332,165.22908333333334,-0.002351350000000002,0.07520715,0.0775585,18350.416666666668
CURITIBA,4106902,low_active,low,True,6,-0.016186666666666683,0.47741,0.4935966666666667,9.987099999999998,166.95903333333334,156.97193333333334,0.0020488833333333484,0.07954180000000001,0.07749291666666666,18432.65
CURITIBA,4106902,low_active,low,True,7,-0.020513333333333383,0.463425,0.48393833333333336,1.9219333333333566,157.60660000000001,155.68466666666666,-0.00042048333333331855,0.07328865000000001,0.07370913333333333,18415.25
CURITIBA,4106902,low_active,low,True,8,0.021078333333333366,0.5020866666666667,0.4810083333333333,0.2816166666666504,161.27779999999998,160.99618333333333,-0.0026063333333333355,0.07342886666666666,0.0760352,18283.85
CURITIBA,4106902,low_active,low,True,9,0.013393333333333313,0.4966683333333333,0.483275,-2.5072666666666805,164.60743333333332,167.1147,-0.004602316666666675,0.07326038333333333,0.0778627,18301.2
FLORIANOPOLIS,4205407,low_active,low,True,0,-0.0029683333333333506,0.4159383333333333,0.41890666666666665,0.1554833333333363,193.86575,193.71026666666666,-0.0036879333333333375,0.06838816666666667,0.0720761,6550.05
FLORIANOPOLIS,4205407,low_active,low,True,1,-0.01561499999999999,0.44193166666666667,0.45754666666666666,-11.957883333333342,189.73931666666667,201.6972,-0.002090699999999987,0.07914626666666667,0.08123696666666666,6458.166666666667
FLORIANOPOLIS,4205407,low_active,low,True,2,-0.013391666666666635,0.4418366666666667,0.45522833333333335,2.6752833333333115,203.10931666666664,200.43403333333333,-0.0006753166666666616,0.07886241666666667,0.07953773333333333,6340.883333333333
FLORIANOPOLIS,4205407,low_active,low,True,3,-0.016066666666666674,0.42612833333333333,0.442195,1.2579166666666879,201.53141666666667,200.27349999999998,0.010142666666666661,0.08251788333333333,0.07237521666666667,6337.716666666666
FLORIANOPOLIS,4205407,low_active,low,True,4,0.022270000000000012,0.44911,0.42684,3.509933333333322,209.1716,205.6616666666667,-0.0023625166666666614,0.08288743333333333,0.08524994999999999,6295.75
FLORIANOPOLIS,4205407,low_active,low,True,5,0.0022633333333333394,0.43818833333333335,0.435925,-0.7367833333333351,197.43211666666667,198.1689,0.002612300000000012,0.07524108333333333,0.07262878333333332,6522.233333333334
FLORIANOPOLIS,4205407,low_active,low,True,6,-0.007651666666666668,0.42113833333333334,0.42879,-14.979933333333292,186.1299666666667,201.10989999999998,-0.005302366666666669,0.06962011666666666,0.07492248333333333,6794.716666666666
FLORIANOPOLIS,4205407,low_active,low,True,7,0.010183333333333378,0.4443016666666667,0.43411833333333333,-0.18638333333331047,195.07566666666668,195.26205,0.00628013333333334,0.08269275000000001,0.07641261666666667,6720.933333333333
FLORIANOPOLIS,4205407,low_active,low,True,8,-0.016148333333333376,0.4310483333333333,0.4471966666666667,-16.609416666666647,177.91923333333335,194.52865,-0.007544816666666676,0.07151403333333332,0.07905885,6241.816666666667
FLORIANOPOLIS,4205407,low_active,low,True,9,-0.005848333333333344,0.428265,0.43411333333333335,-3.7038833333333514,188.74851666666666,192.4524,-0.000531716666666654,0.07734383333333333,0.07787554999999999,6009.4
FORTALEZA,2304400,low_active,low,True,0,0.009016666666666673,0.4763966666666667,0.46738,1.5333333333333599,169.13995000000003,167.60661666666667,0.0068779666666666656,0.0910723,0.08419433333333333,23887.166666666668
FORTALEZA,2304400,low_active,low,True,1,-0.003086666666666682,0.47497833333333334,0.478065,14.141716666666696,186.15573333333336,172.01401666666666,0.011287033333333321,0.10226861666666666,0.09098158333333334,23945.866666666665
FORTALEZA,2304400,low_active,low,True,2,-0.003303333333333325,0.472785,0.47608833333333334,2.232250000000022,178.25808333333333,176.0258333333333,-0.0022338499999999956,0.09249083333333334,0.09472468333333334,23792.283333333333
FORTALEZA,2304400,low_active,low,True,3,-0.01709333333333335,0.464255,0.4813483333333333,7.637483333333336,174.88628333333332,167.2488,-0.013667866666666667,0.08321221666666667,0.09688008333333334,23436.7
FORTALEZA,2304400,low_active,low,True,4,-0.003078333333333405,0.4721683333333333,0.4752466666666667,0.7045833333333462,180.06766666666667,179.36308333333332,-0.006385416666666657,0.09897423333333334,0.10535965,23556.15
FORTALEZA,2304400,low_active,low,True,5,-0.0029616666666666402,0.4725266666666667,0.47548833333333335,-4.291266666666672,170.31386666666668,174.60513333333336,-0.003101149999999997,0.09145591666666666,0.09455706666666666,23206.65
FORTALEZA,2304400,low_active,low,True,6,0.0035600000000000076,0.472105,0.468545,6.031149999999968,168.77481666666665,162.74366666666668,0.005291316666666657,0.09379815,0.08850683333333334,23654.2
FORTALEZA,2304400,low_active,low,True,7,-0.005954999999999988,0.474505,0.48046,8.806966666666654,186.47708333333333,177.67011666666667,-0.0075766333333333324,0.0963007,0.10387733333333334,23405.15
FORTALEZA,2304400,low_active,low,True,8,-0.011528333333333363,0.4648116666666667,0.47634000000000004,9.53465,185.88186666666667,176.34721666666667,-0.009153599999999998,0.08953545,0.09868905,23465.183333333334
FORTALEZA,2304400,low_active,low,True,9,0.005563333333333309,0.47476,0.4691966666666667,-2.8534500000000094,176.69586666666666,179.54931666666667,-0.0008445833333333291,0.0912473,0.09209188333333333,23842.95
JOAO PESSOA,2507507,low_active,low,True,0,0.008158333333333323,0.4138483333333333,0.40569,25.294683333333325,169.47406666666666,144.17938333333333,0.0014329166666666726,0.09968285,0.09824993333333333,6259.766666666666
JOAO PESSOA,2507507,low_active,low,True,1,-0.0005549999999999722,0.407555,0.40811,-25.873316666666682,156.07545,181.94876666666667,-0.012128799999999995,0.09680935,0.10893815,6684.583333333333
JOAO PESSOA,2507507,low_active,low,True,2,0.005106666666666648,0.4215683333333333,0.4164616666666667,-0.16988333333333117,152.62201666666667,152.7919,0.0030498999999999943,0.09420545,0.09115555,6447.55
JOAO PESSOA,2507507,low_active,low,True,3,0.01762999999999998,0.4227883333333333,0.40515833333333334,-8.435366666666653,161.7378,170.17316666666665,0.001180233333333336,0.09661181666666667,0.09543158333333333,6741.616666666667
JOAO PESSOA,2507507,low_active,low,True,4,0.0008350000000000302,0.41325500000000004,0.41242,-0.740633333333335,142.80526666666668,143.54590000000002,-0.002285666666666658,0.09203165,0.09431731666666666,6250.733333333334
JOAO PESSOA,2507507,low_active,low,True,5,-0.009031666666666716,0.40506,0.4140916666666667,-9.885783333333364,164.63598333333331,174.52176666666668,-0.005745049999999988,0.09640430000000001,0.10214935,6552.966666666666
JOAO PESSOA,2507507,low_active,low,True,6,0.004784999999999984,0.4144133333333333,0.4096283333333333,-7.324783333333301,163.24065000000002,170.56543333333332,0.0018130833333333402,0.10247143333333333,0.10065835,6436.8
JOAO PESSOA,2507507,low_active,low,True,7,0.00329666666666667,0.412015,0.40871833333333335,1.8464166666666983,167.22968333333336,165.38326666666666,0.0007656166666666631,0.09626828333333333,0.09550266666666667,6671.533333333334
JOAO PESSOA,2507507,low_active,low,True,8,-0.023279999999999967,0.3981866666666667,0.42146666666666666,-3.1424333333333436,159.78021666666666,162.92265,-0.0024462999999999985,0.09856848333333333,0.10101478333333333,6332.883333333333
JOAO PESSOA,2507507,low_active,low,True,9,-0.0010166666666666657,0.41329166666666667,0.41430833333333333,1.8894333333333293,161.011,159.12156666666667,0.0008482833333333523,0.10124526666666668,0.10039698333333333,6276.883333333333
MACEIO,2704302,low_active,low,True,0,0.002816666666666634,0.3796083333333333,0.3767916666666667,-2.749983333333347,152.46763333333334,155.2176166666667,-0.006592566666666674,0.057530316666666664,0.06412288333333334,9762.916666666666
MACEIO,2704302,low_active,low,True,1,0.006911666666666705,0.39107000000000003,0.3841583333333333,10.729983333333308,162.47016666666664,151.74018333333333,0.009932899999999995,0.06649031666666666,0.056557416666666666,10035.466666666667
MACEIO,2704302,low_active,low,True,2,-0.00521166666666667,0.390675,0.39588666666666666,14.070816666666673,160.18266666666665,146.11184999999998,0.00287713333333333,0.06352221666666666,0.06064508333333333,10001.65
MACEIO,2704302,low_active,low,True,3,0.008878333333333321,0.39136333333333334,0.382485,12.425516666666681,168.2378666666667,155.81235,0.011175783333333328,0.07463663333333333,0.06346085,9930.683333333332
MACEIO,2704302,low_active,low,True,4,0.010388333333333333,0.40101333333333333,0.390625,23.255150000000015,183.68273333333335,160.42758333333333,0.015125283333333336,0.08584403333333333,0.07071875,9773.266666666666
MACEIO,2704302,low_active,low,True,5,-0.006461666666666643,0.3950416666666667,0.4015033333333333,-11.128566666666671,171.75031666666666,182.87888333333333,-0.01775623333333333,0.0712053,0.08896153333333333,9330.666666666666
MACEIO,2704302,low_active,low,True,6,0.0063850000000000295,0.395115,0.38872999999999996,2.691500000000019,160.80016666666668,158.10866666666666,-0.005069650000000009,0.06446786666666666,0.06953751666666667,9942.25
MACEIO,2704302,low_active,low,True,7,-0.0005433333333333401,0.39165333333333335,0.3921966666666667,5.116116666666699,158.1295166666667,153.0134,0.005318683333333331,0.06561955,0.06030086666666667,10036.85
MACEIO,2704302,low_active,low,True,8,0.0012350000000000416,0.3876916666666667,0.38645666666666667,-5.982116666666656,145.38843333333335,151.37055,0.0010495000000000088,0.0610115,0.059961999999999994,9771.533333333333
MACEIO,2704302,low_active,low,True,9,0.007144999999999957,0.3924033333333333,0.38525833333333337,6.12035000000003,163.174,157.05364999999998,0.004573850000000004,0.06810593333333334,0.06353208333333334,10009.716666666667
NATAL,2408102,low_active,low,True,0,3.833333333336242e-05,0.41940500000000003,0.41936666666666667,7.469200000000001,151.53166666666667,144.06246666666667,0.0020024833333333186,0.07687329999999999,0.07487081666666667,7723.433333333333
NATAL,2408102,low_active,low,True,1,-0.0011533333333333395,0.4112133333333333,0.41236666666666666,2.3344833333333384,160.81423333333333,158.47975,0.003694000000000003,0.07746243333333333,0.07376843333333333,7708.683333333333
NATAL,2408102,low_active,low,True,2,0.005945000000000034,0.41652,0.41057499999999997,-3.9457666666666853,151.75236666666666,155.69813333333335,0.0015296500000000074,0.07795421666666667,0.07642456666666667,7721.466666666666
NATAL,2408102,low_active,low,True,3,-0.001621666666666688,0.4066683333333333,0.40829,-1.8494333333333373,149.20411666666666,151.05355,0.0036580999999999975,0.07681885,0.07316075,7720.616666666667
NATAL,2408102,low_active,low,True,4,-0.009790000000000021,0.4096633333333333,0.41945333333333334,3.2162666666666837,155.10671666666667,151.89045,-0.0023490333333333335,0.07322093333333334,0.07556996666666667,7718.0
NATAL,2408102,low_active,low,True,5,0.008046666666666702,0.42024833333333333,0.41220166666666663,8.321066666666638,167.15876666666665,158.8377,0.008266366666666664,0.08172931666666666,0.07346295,7720.7
NATAL,2408102,low_active,low,True,6,-0.004268333333333374,0.4138533333333333,0.41812166666666667,10.588149999999985,161.75041666666667,151.16226666666668,0.0015662000000000037,0.07678308333333334,0.07521688333333333,7713.45
NATAL,2408102,low_active,low,True,7,-0.007731666666666637,0.41170833333333334,0.41944,-6.024633333333327,147.67813333333334,153.70276666666666,-0.011473349999999993,0.07002981666666666,0.08150316666666665,7737.7
NATAL,2408102,low_active,low,True,8,0.004025000000000001,0.4080566666666667,0.4040316666666667,-1.3224666666666565,150.59251666666665,151.9149833333333,0.0024371166666666694,0.0752892,0.07285208333333333,7732.083333333333
NATAL,2408102,low_active,low,True,9,0.00885333333333338,0.4185466666666667,0.4096933333333333,3.57411666666664,154.67418333333333,151.1000666666667,0.00665848333333334,0.0797238,0.07306531666666666,7720.8
PALMAS,1721000,low_active,low,True,0,-0.011658333333333382,0.3716433333333333,0.3833016666666667,14.811266666666683,193.15926666666667,178.34799999999998,0.0012856333333333345,0.04552476666666667,0.04423913333333333,3588.4166666666665
PALMAS,1721000,low_active,low,True,1,-0.009234999999999993,0.371715,0.38095,0.5164666666666449,157.97606666666667,157.45960000000002,0.0008907666666666675,0.03929938333333333,0.038408616666666666,3587.1
PALMAS,1721000,low_active,low,True,2,-0.005645000000000011,0.367305,0.37295,-3.491500000000002,177.80125,181.29275,0.0010646500000000003,0.04557488333333334,0.044510233333333336,3587.4
PALMAS,1721000,low_active,low,True,3,-0.0021716666666666273,0.37224500000000005,0.3744166666666667,-16.073600000000027,176.40918333333332,192.48278333333334,-0.0025565833333333343,0.03982595,0.04238253333333333,3586.733333333333
PALMAS,1721000,low_active,low,True,4,0.0005633333333333046,0.3686333333333333,0.36807,7.290683333333334,201.5393,194.24861666666666,-0.00010051666666666126,0.04526968333333334,0.0453702,3585.616666666667
PALMAS,1721000,low_active,low,True,5,-0.004491666666666672,0.36926333333333333,0.373755,-0.37258333333332416,177.73068333333333,178.10326666666666,-0.004089783333333333,0.04029718333333333,0.044386966666666666,3586.1
PALMAS,1721000,low_active,low,True,6,-0.008184999999999998,0.37199333333333334,0.38017833333333334,-4.637533333333323,165.18341666666666,169.82094999999998,-0.006126850000000003,0.043004999999999995,0.04913185,3584.4
PALMAS,1721000,low_active,low,True,7,-0.0028916666666666813,0.37253000000000003,0.3754216666666667,1.7784500000000207,179.70386666666667,177.92541666666665,-0.0014448166666666748,0.04311213333333333,0.044556950000000005,3587.0333333333333
PALMAS,1721000,low_active,low,True,8,-0.0005533333333333501,0.3730833333333333,0.3736366666666667,15.567050000000023,203.64958333333334,188.08253333333332,-0.000908366666666674,0.04754386666666666,0.04845223333333334,3587.0
PALMAS,1721000,low_active,low,True,9,0.0047816666666666285,0.38226666666666664,0.377485,-12.098150000000004,166.89849999999998,178.99665,-0.0045074166666666665,0.042279533333333334,0.04678695,3588.233333333333
PORTO ALEGRE,4314902,low_active,low,True,0,0.024798333333333256,0.6900933333333333,0.6652950000000001,8.895583333333292,185.01511666666664,176.11953333333335,0.00018158333333331833,0.08428641666666666,0.08410483333333334,11998.35
PORTO ALEGRE,4314902,low_active,low,True,1,0.020948333333333347,0.6734583333333333,0.6525099999999999,2.0444999999999993,181.12631666666667,179.08181666666667,0.0042981500000000145,0.08840453333333334,0.08410638333333333,12013.65
PORTO ALEGRE,4314902,low_active,low,True,2,-0.016448333333333287,0.638275,0.6547233333333333,5.034716666666668,185.49491666666665,180.4602,0.0032641499999999934,0.0867297,0.08346555000000001,11995.45
PORTO ALEGRE,4314902,low_active,low,True,3,0.0035283333333333555,0.6630400000000001,0.6595116666666667,2.3031833333333225,180.01233333333332,177.70915,0.003818916666666672,0.08499953333333334,0.08118061666666666,11753.6
PORTO ALEGRE,4314902,low_active,low,True,4,-0.005244999999999833,0.6492983333333334,0.6545433333333333,-2.6003166666666573,181.4,184.00031666666666,0.0036622166666666622,0.08490663333333333,0.08124441666666667,12462.383333333333
PORTO ALEGRE,4314902,low_active,low,True,5,0.02685666666666675,0.6951666666666667,0.66831,3.240433333333357,184.13861666666668,180.89818333333332,0.00046843333333333737,0.08630810000000001,0.08583966666666668,12108.65
PORTO ALEGRE,4314902,low_active,low,True,6,0.005034999999999901,0.6627799999999999,0.657745,-0.8224833333333379,179.60596666666666,180.42845,0.007869966666666672,0.08713201666666667,0.07926205,12025.5
PORTO ALEGRE,4314902,low_active,low,True,7,-0.019841666666666646,0.6543966666666667,0.6742383333333334,-1.2017999999999915,178.49825,179.70005,0.0029776500000000122,0.08636081666666667,0.08338316666666666,11707.833333333334
PORTO ALEGRE,4314902,low_active,low,True,8,-0.003163333333333296,0.67094,0.6741033333333333,3.786900000000003,180.02415000000002,176.23725000000002,-0.0027097833333333404,0.08366476666666665,0.08637455,11840.366666666667
PORTO ALEGRE,4314902,low_active,low,True,9,-0.0027416666666666423,0.6484583333333334,0.6512,5.148533333333347,179.42481666666666,174.2762833333333,0.00019576666666665243,0.08191856666666666,0.08172280000000001,12171.65
PORTO VELHO,1100205,low_active,low,True,0,0.009379999999999944,0.4211983333333333,0.41181833333333334,-2.2857500000000073,143.91845,146.20420000000001,0.003858650000000005,0.06458388333333334,0.06072523333333334,5461.433333333333
PORTO VELHO,1100205,low_active,low,True,1,0.002318333333333311,0.40807333333333334,0.40575500000000003,9.452416666666664,160.51503333333332,151.06261666666666,0.024318049999999994,0.09782249999999999,0.07350445,5442.133333333333
PORTO VELHO,1100205,low_active,low,True,2,-0.019930000000000003,0.40590333333333334,0.42583333333333334,2.36484999999999,147.48768333333334,145.12283333333335,-0.03611761666666666,0.07204771666666666,0.10816533333333332,5046.916666666667
PORTO VELHO,1100205,low_active,low,True,3,-0.012041666666666673,0.413265,0.42530666666666667,3.0413666666666757,139.91865,136.87728333333334,0.0024071999999999913,0.06434566666666666,0.06193846666666667,5446.316666666667
PORTO VELHO,1100205,low_active,low,True,4,-0.01503500000000002,0.415545,0.43058,-4.73571666666669,150.7160333333333,155.45175,-0.013185000000000002,0.0660513,0.0792363,5461.583333333333
PORTO VELHO,1100205,low_active,low,True,5,0.004858333333333298,0.421695,0.4168366666666667,-0.5605166666666719,143.77178333333333,144.3323,-0.005094949999999994,0.062331983333333334,0.06742693333333333,5428.183333333333
PORTO VELHO,1100205,low_active,low,True,6,0.0015916666666667134,0.42583000000000004,0.42423833333333333,15.150616666666693,138.36228333333335,123.21166666666666,0.019269833333333333,0.0752955,0.05602566666666667,5395.566666666667
PORTO VELHO,1100205,low_active,low,True,7,0.01202333333333333,0.418265,0.40624166666666667,0.9821833333333245,136.62511666666666,135.64293333333333,0.012502216666666649,0.06912983333333332,0.05662761666666667,5362.683333333333
PORTO VELHO,1100205,low_active,low,True,8,-0.0014283333333334203,0.42526499999999995,0.42669333333333337,-2.4955666666666616,145.46790000000001,147.96346666666668,-0.008341666666666664,0.06451858333333334,0.07286025,5461.55
PORTO VELHO,1100205,low_active,low,True,9,-0.0008916666666666795,0.3842233333333333,0.385115,-14.573350000000005,144.17884999999998,158.7522,-0.0058282166666666635,0.058439033333333334,0.06426725,5432.033333333334
RIO BRANCO,1200401,low_active,low,True,0,-0.002843333333333309,0.39337666666666665,0.39621999999999996,3.113183333333353,153.24110000000002,150.12791666666666,0.0037578166666666635,0.05201391666666667,0.0482561,3929.133333333333
RIO BRANCO,1200401,low_active,low,True,1,0.007133333333333269,0.39157499999999995,0.3844416666666667,-2.003750000000025,176.97809999999998,178.98185,-0.001070783333333332,0.053411,0.05448178333333333,3929.233333333333
RIO BRANCO,1200401,low_active,low,True,2,-2.333333333331966e-05,0.39466833333333334,0.39469166666666666,4.764316666666673,151.26188333333332,146.49756666666664,-0.000795916666666667,0.04897695,0.049772866666666665,3929.25
RIO BRANCO,1200401,low_active,low,True,3,0.012555000000000038,0.3948566666666667,0.38230166666666665,-13.381849999999986,162.5891,175.97095,0.000757433333333335,0.05326205,0.05250461666666666,3929.25
RIO BRANCO,1200401,low_active,low,True,4,-0.012898333333333345,0.38192166666666666,0.39482,-1.4939999999999998,144.72686666666667,146.22086666666667,-0.00016333333333333477,0.04800041666666666,0.04816375,3929.1833333333334
RIO BRANCO,1200401,low_active,low,True,5,0.011884999999999979,0.394175,0.38229,-8.287066666666675,145.89696666666666,154.18403333333333,-0.003316033333333329,0.045338250000000004,0.04865428333333333,3929.2166666666667
RIO BRANCO,1200401,low_active,low,True,6,0.008670000000000011,0.39737666666666666,0.38870666666666664,-5.56671666666665,160.26941666666667,165.83613333333332,0.0026138833333333375,0.05209551666666667,0.04948163333333333,3929.233333333333
RIO BRANCO,1200401,low_active,low,True,7,0.009234999999999938,0.39701,0.38777500000000004,-0.3569000000000244,165.19821666666667,165.5551166666667,0.0023023833333333313,0.0500317,0.04772931666666667,3929.233333333333
RIO BRANCO,1200401,low_active,low,True,8,0.0030316666666665992,0.39690666666666663,0.39387500000000003,5.443433333333331,163.67711666666668,158.23368333333335,0.006386366666666671,0.05595063333333334,0.04956426666666667,3929.266666666667
RIO BRANCO,1200401,low_active,low,True,9,-0.004056666666666653,0.39088,0.39493666666666666,20.817733333333337,170.54196666666667,149.72423333333333,0.005352333333333334,0.055513433333333334,0.0501611,3929.3166666666666
SALVADOR,2927408,low_active,low,True,0,0.022056666666666724,0.49054000000000003,0.4684833333333333,2.0965499999999793,129.12199999999999,127.02545,0.001332633333333333,0.0712647,0.06993206666666667,23624.933333333334
SALVADOR,2927408,low_active,low,True,1,-0.0007550000000000057,0.47261166666666665,0.47336666666666666,4.0253999999999905,131.91268333333332,127.88728333333333,0.00064761666666667,0.07024166666666667,0.06959405,23320.833333333332
SALVADOR,2927408,low_active,low,True,2,0.014113333333333311,0.4912283333333333,0.477115,1.5150333333333208,133.61513333333332,132.1001,-0.0034033499999999994,0.06945656666666666,0.07285991666666666,23121.666666666668
SALVADOR,2927408,low_active,low,True,3,0.012449999999999961,0.48319666666666666,0.4707466666666667,-5.857850000000013,133.05418333333333,138.91203333333334,0.005326433333333339,0.07249033333333334,0.0671639,24315.116666666665
SALVADOR,2927408,low_active,low,True,4,0.002201666666666602,0.471195,0.4689933333333334,3.2451666666666483,134.42371666666665,131.17855,-0.0009374333333333346,0.06665468333333333,0.06759211666666666,23469.566666666666
SALVADOR,2927408,low_active,low,True,5,0.0077883333333333415,0.48872,0.48093166666666665,2.522416666666686,137.45566666666667,134.93325,-0.0001707499999999973,0.07294493333333334,0.07311568333333333,23465.533333333333
SALVADOR,2927408,low_active,low,True,6,0.003331666666666677,0.48188333333333333,0.47855166666666665,-0.863933333333307,129.25441666666669,130.11835,0.0005676000000000153,0.06943735000000001,0.06886975,23281.416666666668
SALVADOR,2927408,low_active,low,True,7,0.008688333333333298,0.4801783333333333,0.47149,8.122216666666674,137.63205000000002,129.50983333333335,-0.0016395333333333179,0.06922840000000001,0.07086793333333333,23458.233333333334
SALVADOR,2927408,low_active,low,True,8,0.0074766666666666315,0.47415833333333335,0.4666816666666667,-3.6984666666666612,129.27635,132.97481666666667,-0.000856783333333333,0.07535466666666667,0.07621145,22872.283333333333
SALVADOR,2927408,low_active,low,True,9,0.004691666666666594,0.4739716666666666,0.46928000000000003,1.2565666666666573,130.48276666666666,129.2262,0.0009873666666666697,0.06968183333333333,0.06869446666666666,23785.183333333334
SAO LUIS,2111300,low_active,low,True,0,-0.004166666666666652,0.37128500000000003,0.3754516666666667,-0.2977000000000203,151.5306,151.8283,0.0002247499999999958,0.059964116666666664,0.05973936666666667,11112.816666666668
SAO LUIS,2111300,low_active,low,True,1,-0.00034166666666662904,0.37009000000000003,0.37043166666666666,-1.1487000000000194,149.07046666666665,150.21916666666667,0.005173100000000007,0.06296916666666667,0.057796066666666666,11121.283333333333
SAO LUIS,2111300,low_active,low,True,2,0.0027333333333333654,0.37383,0.37109666666666663,3.1421166666666807,146.36976666666666,143.22764999999998,-7.18166666666617e-05,0.059105116666666666,0.05917693333333333,11117.4
SAO LUIS,2111300,low_active,low,True,3,0.00047166666666670354,0.36666166666666666,0.36618999999999996,5.989800000000031,143.45093333333335,137.46113333333332,0.0027323333333333366,0.058472916666666666,0.05574058333333333,11104.433333333332
SAO LUIS,2111300,low_active,low,True,4,-0.0005033333333333001,0.37381833333333336,0.37432166666666666,-7.176850000000002,142.59885,149.7757,0.001968949999999997,0.05828676666666666,0.056317816666666666,11111.983333333334
SAO LUIS,2111300,low_active,low,True,5,0.0008933333333333016,0.3749283333333333,0.374035,1.3546833333333268,153.0272,151.67251666666667,0.0011978333333333355,0.06056805,0.05937021666666666,11131.066666666668
SAO LUIS,2111300,low_active,low,True,6,0.008514999999999995,0.37538166666666667,0.3668666666666667,16.496466666666635,160.75664999999998,144.26018333333334,0.005010816666666661,0.0636543,0.058643483333333336,11122.0
SAO LUIS,2111300,low_active,low,True,7,-0.0023666666666666836,0.36958,0.3719466666666667,1.0615166666666482,145.80946666666665,144.74795,0.0077861666666666635,0.06302336666666666,0.0552372,11108.766666666666
SAO LUIS,2111300,low_active,low,True,8,-0.007919999999999983,0.3701083333333333,0.3780283333333333,-5.333999999999975,148.15050000000002,153.4845,-0.007065983333333324,0.0573398,0.06440578333333333,11134.3
SAO LUIS,2111300,low_active,low,True,9,-0.008155000000000023,0.3730616666666667,0.3812166666666667,1.9765833333333376,146.76636666666667,144.78978333333333,-0.00044081666666666297,0.0585641,0.059004916666666664,11118.966666666667
TERESINA,2211001,low_active,low,True,0,0.007653333333333345,0.372535,0.36488166666666666,-1.0726833333333161,159.01015,160.08283333333333,0.0029026500000000066,0.05781925,0.054916599999999996,8910.183333333332
TERESINA,2211001,low_active,low,True,1,-0.021963333333333335,0.37027166666666667,0.392235,6.342716666666632,169.54368333333332,163.2009666666667,0.011863533333333336,0.05931555,0.047452016666666666,9410.516666666666
TERESINA,2211001,low_active,low,True,2,0.017493333333333305,0.3933716666666667,0.37587833333333337,-7.856549999999999,152.5855,160.44205,-0.019290300000000003,0.046243150000000004,0.06553345000000001,8744.5
TERESINA,2211001,low_active,low,True,3,-0.003170000000000006,0.38437333333333334,0.38754333333333335,-0.08764999999999645,152.75013333333334,152.83778333333333,0.008472816666666667,0.05323911666666667,0.0447663,9407.633333333333
TERESINA,2211001,low_active,low,True,4,-0.003471666666666706,0.3823183333333333,0.38579,4.668999999999983,157.10545,152.43645,0.007977116666666666,0.05243091666666667,0.0444538,9412.3
TERESINA,2211001,low_active,low,True,5,0.013533333333333286,0.38265999999999994,0.36912666666666666,-5.260683333333333,160.75943333333333,166.02011666666667,-0.013363800000000002,0.05169795,0.06506175,8621.483333333334
TERESINA,2211001,low_active,low,True,6,-0.00852833333333336,0.36670166666666665,0.37523,14.157350000000008,162.1762666666667,148.01891666666668,0.006722866666666667,0.058250783333333334,0.051527916666666666,8936.533333333333
TERESINA,2211001,low_active,low,True,7,0.014719999999999955,0.3904566666666666,0.37573666666666666,-6.259933333333322,149.71121666666667,155.97115,-0.014629266666666661,0.04497101666666667,0.05960028333333333,8759.633333333333
TERESINA,2211001,low_active,low,True,8,0.0009183333333332988,0.37905833333333333,0.37814000000000003,8.515199999999993,156.94073333333333,148.42553333333333,-0.004532149999999999,0.0479229,0.052455049999999996,9134.266666666666
TERESINA,2211001,low_active,low,True,9,0.009766666666666646,0.3789983333333333,0.3692316666666667,-0.5959500000000162,162.30353333333332,162.89948333333334,0.004565799999999995,0.07858934999999999,0.07402355,8445.55
VITORIA,3205002,low_active,low,True,0,-0.004401666666666693,0.41675833333333334,0.42116000000000003,8.663233333333352,152.097,143.43376666666666,-0.0033425499999999997,0.07346386666666667,0.07680641666666667,4597.533333333334
VITORIA,3205002,low_active,low,True,1,-0.010901666666666698,0.41874666666666666,0.42964833333333335,5.972916666666663,144.76953333333333,138.79661666666667,0.0001368666666666657,0.06821605,0.06807918333333333,4871.483333333334
VITORIA,3205002,low_active,low,True,2,-0.005886666666666651,0.4123466666666667,0.41823333333333335,17.21053333333333,163.85905,146.64851666666667,0.0016625000000000112,0.0772965,0.07563399999999999,4476.75
VITORIA,3205002,low_active,low,True,3,0.011404999999999998,0.42401833333333333,0.41261333333333333,2.1989833333333593,153.31980000000001,151.12081666666666,0.004553100000000004,0.07249938333333333,0.06794628333333333,4659.083333333333
VITORIA,3205002,low_active,low,True,4,0.014441666666666686,0.423115,0.40867333333333333,-6.14054999999999,153.0962,159.23675,-0.0051831499999999975,0.07089155,0.0760747,4903.016666666666
VITORIA,3205002,low_active,low,True,5,-0.010716666666666652,0.410325,0.42104166666666665,10.677216666666652,157.88164999999998,147.20443333333333,0.0033415833333333422,0.07328293333333334,0.06994135,4629.3
VITORIA,3205002,low_active,low,True,6,0.0009883333333333133,0.4227383333333333,0.42175,4.225833333333355,155.82816666666668,151.60233333333332,0.004500216666666668,0.07728261666666666,0.0727824,4806.7
VITORIA,3205002,low_active,low,True,7,0.007121666666666637,0.42258999999999997,0.41546833333333333,4.587100000000021,155.1232,150.53609999999998,-0.008332550000000008,0.06629005,0.07462260000000001,4645.083333333333
VITORIA,3205002,low_active,low,True,8,-0.014253333333333285,0.4074216666666667,0.42167499999999997,7.991483333333349,160.02063333333334,152.02915,0.0014217666666666712,0.07465085,0.07322908333333333,4494.1
VITORIA,3205002,low_active,low,True,9,0.004958333333333287,0.41519999999999996,0.41024166666666667,1.6325999999999965,155.2624,153.62980000000002,0.0044606333333333525,0.07199523333333334,0.06753459999999999,4632.533333333334
ARACAJU,2800308,medium_active,medium,True,0,-0.0023699999999999832,0.437905,0.44027499999999997,2.7742166666666606,186.63431666666665,183.8601,-0.0085842,0.08923661666666667,0.09782081666666667,5750.633333333333
ARACAJU,2800308,medium_active,medium,True,1,0.00602666666666668,0.429435,0.42340833333333333,-3.7247500000000002,173.09743333333333,176.82218333333333,-0.0011455166666666794,0.08682993333333333,0.08797545000000001,5971.966666666666
ARACAJU,2800308,medium_active,medium,True,2,-0.025156666666666716,0.43374999999999997,0.4589066666666667,13.909333333333308,179.02554999999998,165.11621666666667,-0.0029082333333333293,0.0924912,0.09539943333333332,5618.25
ARACAJU,2800308,medium_active,medium,True,3,0.02762500000000001,0.4472116666666667,0.41958666666666666,-0.8364166666666506,174.66670000000002,175.50311666666667,0.014902583333333344,0.09211490000000001,0.07721231666666667,5957.35
ARACAJU,2800308,medium_active,medium,True,4,0.005474999999999952,0.4275016666666666,0.42202666666666666,5.1150333333333435,187.37038333333334,182.25535,-0.003266716666666669,0.08314683333333334,0.08641355,5902.033333333334
ARACAJU,2800308,medium_active,medium,True,5,-0.006028333333333358,0.43510166666666666,0.44113,-13.080400000000026,180.35129999999998,193.4317,-0.0053390833333333415,0.08831753333333332,0.09365661666666666,5730.183333333333
ARACAJU,2800308,medium_active,medium,True,6,-0.0017199999999999993,0.4461233333333333,0.4478433333333333,7.072249999999997,191.71843333333334,184.64618333333334,-0.0025224499999999955,0.0880161,0.09053855,5783.333333333333
ARACAJU,2800308,medium_active,medium,True,7,-0.019633333333333336,0.41979,0.43942333333333333,-0.5720499999999618,179.83488333333335,180.4069333333333,-0.008664466666666662,0.08396476666666668,0.09262923333333334,5788.55
ARACAJU,2800308,medium_active,medium,True,8,-0.005388333333333328,0.4283133333333333,0.43370166666666665,-9.685750000000013,177.29176666666666,186.97751666666667,-0.0012376833333333365,0.08888051666666666,0.0901182,5946.316666666667
ARACAJU,2800308,medium_active,medium,True,9,-0.020753333333333346,0.42223666666666665,0.44299,2.619799999999998,192.42776666666666,189.80796666666666,-0.0010364166666666647,0.09193675,0.09297316666666666,5660.233333333334
BELO HORIZONTE,3106200,medium_active,medium,True,0,0.016508333333333347,0.6237966666666667,0.6072883333333333,3.4609000000000094,170.8768,167.4159,-0.001336900000000002,0.07939261666666667,0.08072951666666667,23253.633333333335
BELO HORIZONTE,3106200,medium_active,medium,True,1,-0.028743333333333454,0.6012933333333332,0.6300366666666667,4.689416666666659,163.01338333333334,158.32396666666668,-0.004463300000000003,0.08010961666666666,0.08457291666666666,22797.9
BELO HORIZONTE,3106200,medium_active,medium,True,2,-0.014268333333333327,0.599395,0.6136633333333333,3.8911666666666918,162.79173333333335,158.90056666666666,0.0013557166666666592,0.0816342,0.08027848333333334,23101.616666666665
BELO HORIZONTE,3106200,medium_active,medium,True,3,0.01293500000000003,0.6241033333333333,0.6111683333333333,1.9057499999999834,159.95373333333333,158.04798333333335,-0.0015304000000000012,0.0810993,0.0826297,22802.7
BELO HORIZONTE,3106200,medium_active,medium,True,4,0.04974999999999996,0.6317883333333333,0.5820383333333333,-2.891166666666635,160.26805000000002,163.15921666666665,0.0030797999999999798,0.07957339999999999,0.07649360000000001,23404.016666666666
BELO HORIZONTE,3106200,medium_active,medium,True,5,-0.007111666666666627,0.6224866666666667,0.6295983333333334,-0.2948499999999683,164.13368333333335,164.42853333333332,0.0011488666666666786,0.07973910000000001,0.07859023333333333,23168.116666666665
BELO HORIZONTE,3106200,medium_active,medium,True,6,0.018233333333333213,0.6134333333333333,0.5952000000000001,-5.127600000000001,160.48818333333332,165.61578333333333,0.003266916666666661,0.08208943333333334,0.07882251666666668,23284.2
BELO HORIZONTE,3106200,medium_active,medium,True,7,-0.008658333333333323,0.6122566666666667,0.620915,3.091866666666647,160.21734999999998,157.12548333333334,-0.00044025000000000314,0.07589901666666667,0.07633926666666667,23194.383333333335
BELO HORIZONTE,3106200,medium_active,medium,True,8,-0.021034999999999915,0.5958333333333333,0.6168683333333332,0.32831666666669435,164.28560000000002,163.95728333333332,-0.004537066666666659,0.07868293333333334,0.08322,23046.016666666666
BELO HORIZONTE,3106200,medium_active,medium,True,9,0.004988333333333372,0.6180766666666667,0.6130883333333333,8.41603333333336,169.4676,161.05156666666664,-0.0022182999999999925,0.07874733333333334,0.08096563333333333,23358.45
BOA VISTA,1400100,medium_active,medium,True,0,-0.0031849999999999934,0.390775,0.39396,-8.208650000000006,180.18676666666667,188.39541666666668,0.0008404833333333223,0.06255195,0.06171146666666667,6482.866666666667
BOA VISTA,1400100,medium_active,medium,True,1,-0.006730000000000014,0.400885,0.407615,9.134866666666625,179.21721666666664,170.08235000000002,-0.01092141666666667,0.058814566666666665,0.06973598333333333,6482.0
BOA VISTA,1400100,medium_active,medium,True,2,-0.009951666666666692,0.38641166666666665,0.39636333333333335,-11.699816666666663,160.14763333333335,171.84745,-0.0044269000000000044,0.05619275,0.060619650000000004,6480.616666666667
BOA VISTA,1400100,medium_active,medium,True,3,-0.006956666666666611,0.3938166666666667,0.4007733333333333,-1.44135,179.0144,180.45575,0.0005201166666666673,0.06375213333333334,0.06323201666666667,6479.883333333333
BOA VISTA,1400100,medium_active,medium,True,4,-0.0032933333333333703,0.39852666666666664,0.40182,7.7780833333333135,195.65506666666667,187.87698333333336,0.010166233333333344,0.07613690000000001,0.06597066666666666,6481.066666666667
BOA VISTA,1400100,medium_active,medium,True,5,-0.011701666666666721,0.38857166666666665,0.40027333333333337,16.591216666666668,175.84908333333334,159.25786666666667,0.0065065833333333364,0.06150658333333334,0.055,6482.216666666666
BOA VISTA,1400100,medium_active,medium,True,6,0.0189366666666666,0.3994933333333333,0.3805566666666667,-10.869299999999981,161.97245,172.84175,0.015619999999999995,0.06998341666666666,0.054363416666666664,6478.983333333334
BOA VISTA,1400100,medium_active,medium,True,7,0.010109999999999952,0.40212333333333333,0.3920133333333334,-13.233616666666677,162.09085,175.32446666666667,-0.006487866666666668,0.05817985,0.06466771666666667,6473.7
BOA VISTA,1400100,medium_active,medium,True,8,-0.014566666666666672,0.38115,0.39571666666666666,7.650766666666669,174.28515000000002,166.63438333333335,-0.005631033333333334,0.053906916666666665,0.05953795,6480.033333333334
BOA VISTA,1400100,medium_active,medium,True,9,0.008271666666666622,0.403335,0.3950633333333334,-4.591733333333337,174.99358333333333,179.58531666666667,0.00794008333333334,0.0596404,0.05170031666666666,6482.233333333334
BRASILIA,5300108,medium_active,medium,True,0,0.00936999999999999,0.4548833333333333,0.4455133333333333,-9.56581666666662,203.01405000000003,212.57986666666665,-0.007108116666666664,0.0994005,0.10650861666666667,28487.966666666667
BRASILIA,5300108,medium_active,medium,True,1,0.0035199999999999676,0.45377166666666663,0.45025166666666666,-2.499916666666678,205.44715,207.94706666666667,0.0027956666666666824,0.10763625,0.10484058333333332,28144.516666666666
BRASILIA,5300108,medium_active,medium,True,2,0.0012383333333332858,0.4437883333333333,0.44255,3.269516666666675,212.64871666666667,209.3792,-0.0018188499999999969,0.09957396666666667,0.10139281666666666,29236.55
BRASILIA,5300108,medium_active,medium,True,3,-0.015960000000000085,0.4416283333333333,0.4575883333333334,4.9947333333333575,209.90806666666668,204.91333333333333,-0.002451333333333333,0.10880515,0.11125648333333334,28805.266666666666
BRASILIA,5300108,medium_active,medium,True,4,-0.012889999999999957,0.43979,0.45267999999999997,5.007300000000015,208.75483333333335,203.74753333333334,0.002518566666666666,0.10860085,0.10608228333333333,28997.333333333332
BRASILIA,5300108,medium_active,medium,True,5,-0.00713999999999998,0.44328500000000004,0.450425,-4.5330333333333215,207.66705,212.2000833333333,0.0011123333333333263,0.10843878333333333,0.10732645,28817.133333333335
BRASILIA,5300108,medium_active,medium,True,6,0.00016333333333334865,0.44775166666666666,0.4475883333333333,2.308300000000031,209.94798333333335,207.63968333333332,-0.0017180666666666566,0.10525563333333333,0.10697369999999999,28814.166666666668
BRASILIA,5300108,medium_active,medium,True,7,0.0033716666666666617,0.451135,0.44776333333333335,4.507933333333341,208.30391666666668,203.79598333333334,0.008448349999999993,0.1142523,0.10580395000000001,28137.583333333332
BRASILIA,5300108,medium_active,medium,True,8,0.0029950000000000254,0.45015166666666667,0.44715666666666665,8.85345000000001,210.96713333333335,202.11368333333334,-0.0014283000000000073,0.10460068333333333,0.10602898333333334,28782.9
BRASILIA,5300108,medium_active,medium,True,9,-0.0066849999999999965,0.44576499999999997,0.45244999999999996,-4.005949999999984,204.27651666666668,208.28246666666666,-0.007934833333333335,0.10147508333333333,0.10940991666666666,28673.933333333334
CAMPO GRANDE,5002704,medium_active,medium,True,0,0.0062033333333333385,0.3803516666666667,0.37414833333333336,6.899383333333333,169.40278333333333,162.5034,0.0036327999999999985,0.05358958333333333,0.04995678333333333,10239.183333333332
CAMPO GRANDE,5002704,medium_active,medium,True,1,-0.003926666666666634,0.37217666666666666,0.3761033333333333,12.889899999999983,183.15443333333332,170.26453333333333,0.0005862333333333317,0.05253595,0.051949716666666666,10238.3
CAMPO GRANDE,5002704,medium_active,medium,True,2,0.011096666666666588,0.38430666666666663,0.37321000000000004,-14.003000000000014,167.51218333333333,181.51518333333334,-0.004398116666666674,0.050135,0.05453311666666667,10238.683333333332
CAMPO GRANDE,5002704,medium_active,medium,True,3,-0.001131666666666642,0.37913,0.38026166666666666,-15.506499999999988,165.65181666666666,181.15831666666665,-0.002983699999999999,0.0528667,0.0558504,10237.55
CAMPO GRANDE,5002704,medium_active,medium,True,4,-0.0030066666666666575,0.373415,0.37642166666666665,-5.389849999999996,175.08781666666667,180.47766666666666,0.001840216666666672,0.05579431666666667,0.0539541,10239.916666666666
CAMPO GRANDE,5002704,medium_active,medium,True,5,0.00548333333333334,0.37956500000000004,0.3740816666666667,-7.874033333333358,163.30038333333331,171.17441666666667,0.0002375000000000016,0.0518514,0.0516139,10238.266666666666
CAMPO GRANDE,5002704,medium_active,medium,True,6,-0.01244333333333325,0.36510833333333337,0.3775516666666666,-2.5354666666666787,167.67605,170.21151666666668,-0.0034966833333333336,0.04884195,0.052338633333333336,10237.283333333333
CAMPO GRANDE,5002704,medium_active,medium,True,7,-0.010814999999999964,0.36868833333333334,0.3795033333333333,19.94399999999999,186.89941666666667,166.95541666666668,0.0007375333333333317,0.052146566666666665,0.05140903333333333,10238.866666666667
CAMPO GRANDE,5002704,medium_active,medium,True,8,0.004188333333333294,0.38242666666666664,0.37823833333333334,-8.831833333333321,164.42196666666666,173.25379999999998,0.0015785166666666753,0.05339855,0.05182003333333333,10238.516666666666
CAMPO GRANDE,5002704,medium_active,medium,True,9,-0.006076666666666675,0.3713433333333333,0.37742,20.965599999999995,188.81466666666665,167.84906666666666,0.0031987499999999933,0.05471056666666666,0.05151181666666667,10237.9
CURITIBA,4106902,medium_active,medium,True,0,0.0029349999999999654,0.4874833333333333,0.48454833333333336,-1.436300000000017,162.39388333333332,163.83018333333334,-0.001718399999999995,0.07818836666666668,0.07990676666666667,18375.316666666666
CURITIBA,4106902,medium_active,medium,True,1,-0.008778333333333388,0.4781283333333333,0.4869066666666667,-4.809783333333314,158.54888333333335,163.35866666666666,-0.0006312166666666563,0.07509123333333334,0.07572245,18379.8
CURITIBA,4106902,medium_active,medium,True,2,0.01252666666666663,0.4907283333333333,0.4782016666666667,-1.952483333333305,159.57396666666668,161.52644999999998,0.0008643166666666563,0.07829335,0.07742903333333334,18338.816666666666
CURITIBA,4106902,medium_active,medium,True,3,0.015046666666666653,0.49084,0.47579333333333335,-3.6423666666666747,162.90226666666666,166.54463333333334,-0.0005913666666666623,0.07726248333333333,0.07785384999999999,18313.466666666667
CURITIBA,4106902,medium_active,medium,True,4,0.0004950000000000232,0.4812166666666667,0.48072166666666666,-5.199099999999987,156.53171666666668,161.73081666666667,0.0016557499999999975,0.07685965,0.0752039,18291.05
CURITIBA,4106902,medium_active,medium,True,5,-0.009033333333333338,0.47370666666666666,0.48274,-2.009033333333349,163.22005,165.22908333333334,-0.0008348333333333402,0.07672366666666666,0.0775585,18350.416666666668
CURITIBA,4106902,medium_active,medium,True,6,-0.009901666666666697,0.483695,0.4935966666666667,8.246766666666645,165.21869999999998,156.97193333333334,0.001907083333333337,0.0794,0.07749291666666666,18432.65
CURITIBA,4106902,medium_active,medium,True,7,-0.02243333333333336,0.461505,0.48393833333333336,5.91640000000001,161.60106666666667,155.68466666666666,0.001303866666666667,0.075013,0.07370913333333333,18415.25
CURITIBA,4106902,medium_active,medium,True,8,0.012730000000000019,0.49373833333333333,0.4810083333333333,-4.912816666666657,156.08336666666668,160.99618333333333,-0.0019562666666666645,0.07407893333333333,0.0760352,18283.85
CURITIBA,4106902,medium_active,medium,True,9,-0.005225000000000035,0.47805,0.483275,-1.4359000000000037,165.6788,167.1147,-0.0027597500000000053,0.07510295,0.0778627,18301.2
FLORIANOPOLIS,4205407,medium_active,medium,True,0,0.010045000000000026,0.4289516666666667,0.41890666666666665,-5.015233333333327,188.69503333333333,193.71026666666666,-0.0038777499999999993,0.06819835,0.0720761,6550.05
FLORIANOPOLIS,4205407,medium_active,medium,True,1,-0.03559333333333331,0.42195333333333335,0.45754666666666666,-7.858133333333313,193.8390666666667,201.6972,-0.006738849999999991,0.07449811666666667,0.08123696666666666,6458.166666666667
FLORIANOPOLIS,4205407,medium_active,medium,True,2,-0.028166666666666673,0.4270616666666667,0.45522833333333335,-0.7839999999999918,199.65003333333334,200.43403333333333,-0.004328866666666667,0.07520886666666667,0.07953773333333333,6340.883333333333
FLORIANOPOLIS,4205407,medium_active,medium,True,3,0.013185000000000002,0.45538,0.442195,0.7164999999999964,200.98999999999998,200.27349999999998,0.007044949999999994,0.07942016666666667,0.07237521666666667,6337.716666666666
FLORIANOPOLIS,4205407,medium_active,medium,True,4,0.028621666666666656,0.45546166666666665,0.42684,4.339366666666649,210.00103333333334,205.6616666666667,-0.004191883333333327,0.08105806666666666,0.08524994999999999,6295.75
FLORIANOPOLIS,4205407,medium_active,medium,True,5,0.0014250000000000096,0.43735,0.435925,-7.027783333333332,191.14111666666668,198.1689,-0.002540349999999983,0.07008843333333334,0.07262878333333332,6522.233333333334
FLORIANOPOLIS,4205407,medium_active,medium,True,6,0.013644999999999963,0.44243499999999997,0.42879,-1.9444666666666706,199.1654333333333,201.10989999999998,-0.007941016666666675,0.06698146666666666,0.07492248333333333,6794.716666666666
FLORIANOPOLIS,4205407,medium_active,medium,True,7,0.0027133333333333454,0.4368316666666667,0.43411833333333333,-0.28686666666663996,194.97518333333335,195.26205,-0.0007048000000000054,0.07570781666666666,0.07641261666666667,6720.933333333333
FLORIANOPOLIS,4205407,medium_active,medium,True,8,-0.012545000000000028,0.43465166666666666,0.4471966666666667,-8.852033333333338,185.67661666666666,194.52865,-0.0033617666666666685,0.07569708333333333,0.07905885,6241.816666666667
FLORIANOPOLIS,4205407,medium_active,medium,True,9,-0.005428333333333368,0.428685,0.43411333333333335,0.8897499999999923,193.34215,192.4524,0.0012386500000000078,0.0791142,0.07787554999999999,6009.4
FORTALEZA,2304400,medium_active,medium,True,0,0.007433333333333347,0.47481333333333336,0.46738,1.9633000000000038,169.56991666666667,167.60661666666667,0.010909166666666664,0.0951035,0.08419433333333333,23887.166666666668
FORTALEZA,2304400,medium_active,medium,True,1,-0.011511666666666642,0.4665533333333334,0.478065,11.64558333333332,183.65959999999998,172.01401666666666,0.0178349,0.10881648333333334,0.09098158333333334,23945.866666666665
FORTALEZA,2304400,medium_active,medium,True,2,-0.007860000000000034,0.4682283333333333,0.47608833333333334,6.167433333333349,182.19326666666666,176.0258333333333,-0.0010057333333333418,0.09371895,0.09472468333333334,23792.283333333333
FORTALEZA,2304400,medium_active,medium,True,3,0.003258333333333363,0.4846066666666667,0.4813483333333333,13.236483333333354,180.48528333333334,167.2488,0.00289198333333332,0.09977206666666666,0.09688008333333334,23436.7
FORTALEZA,2304400,medium_active,medium,True,4,-0.001943333333333408,0.4733033333333333,0.4752466666666667,-0.17971666666664987,179.18336666666667,179.36308333333332,-0.005566866666666656,0.09979278333333334,0.10535965,23556.15
FORTALEZA,2304400,medium_active,medium,True,5,0.001131666666666642,0.47662,0.47548833333333335,2.981916666666649,177.58705,174.60513333333336,0.007376049999999995,0.10193311666666666,0.09455706666666666,23206.65
FORTALEZA,2304400,medium_active,medium,True,6,0.006675000000000042,0.47522000000000003,0.468545,4.000750000000011,166.7444166666667,162.74366666666668,0.006346316666666657,0.09485315,0.08850683333333334,23654.2
FORTALEZA,2304400,medium_active,medium,True,7,-0.01509499999999997,0.46536500000000003,0.48046,-0.07310000000001082,177.59701666666666,177.67011666666667,-0.014343099999999998,0.08953423333333334,0.10387733333333334,23405.15
FORTALEZA,2304400,medium_active,medium,True,8,-0.009928333333333372,0.46641166666666667,0.47634000000000004,5.439716666666669,181.78693333333334,176.34721666666667,-0.011946233333333334,0.08674281666666667,0.09868905,23465.183333333334
FORTALEZA,2304400,medium_active,medium,True,9,-0.005980000000000041,0.46321666666666667,0.4691966666666667,-6.578483333333338,172.97083333333333,179.54931666666667,-0.007683366666666677,0.08440851666666666,0.09209188333333333,23842.95
JOAO PESSOA,2507507,medium_active,medium,True,0,0.015306666666666635,0.42099666666666663,0.40569,21.171016666666645,165.35039999999998,144.17938333333333,-0.001044749999999997,0.09720518333333333,0.09824993333333333,6259.766666666666
JOAO PESSOA,2507507,medium_active,medium,True,1,0.006383333333333352,0.4144933333333333,0.40811,-23.543649999999985,158.4051166666667,181.94876666666667,-0.007284866666666667,0.10165328333333333,0.10893815,6684.583333333333
JOAO PESSOA,2507507,medium_active,medium,True,2,0.010948333333333338,0.42741,0.4164616666666667,1.868583333333362,154.66048333333336,152.7919,0.004169900000000004,0.09532545,0.09115555,6447.55
JOAO PESSOA,2507507,medium_active,medium,True,3,0.009076666666666622,0.41423499999999996,0.40515833333333334,3.8093833333333578,173.98255,170.17316666666665,0.005600450000000007,0.10103203333333334,0.09543158333333333,6741.616666666667
JOAO PESSOA,2507507,medium_active,medium,True,4,-2.4999999999997247e-05,0.412395,0.41242,2.1107166666666615,145.65661666666668,143.54590000000002,-0.0007434833333333363,0.09357383333333333,0.09431731666666666,6250.733333333334
JOAO PESSOA,2507507,medium_active,medium,True,5,-0.008016666666666672,0.406075,0.4140916666666667,-23.980500000000006,150.54126666666667,174.52176666666668,-0.008179566666666666,0.09396978333333333,0.10214935,6552.966666666666
JOAO PESSOA,2507507,medium_active,medium,True,6,0.003433333333333344,0.41306166666666666,0.4096283333333333,0.8645833333333428,171.43001666666666,170.56543333333332,0.0019374833333333508,0.10259583333333334,0.10065835,6436.8
JOAO PESSOA,2507507,medium_active,medium,True,7,-0.013629999999999975,0.3950883333333334,0.40871833333333335,8.747600000000034,174.1308666666667,165.38326666666666,0.0016835000000000044,0.09718616666666667,0.09550266666666667,6671.533333333334
JOAO PESSOA,2507507,medium_active,medium,True,8,-0.023358333333333314,0.39810833333333334,0.42146666666666666,-0.37649999999999295,162.54615,162.92265,0.0006497166666666748,0.1016645,0.10101478333333333,6332.883333333333
JOAO PESSOA,2507507,medium_active,medium,True,9,0.011326666666666652,0.425635,0.41430833333333333,5.13839999999999,164.25996666666666,159.12156666666667,0.00523676666666667,0.10563375,0.10039698333333333,6276.883333333333
MACEIO,2704302,medium_active,medium,True,0,0.003846666666666665,0.38063833333333336,0.3767916666666667,-2.1906166666666707,153.02700000000002,155.2176166666667,-0.0012214833333333286,0.06290140000000001,0.06412288333333334,9762.916666666666
MACEIO,2704302,medium_active,medium,True,1,0.0030050000000000354,0.38716333333333336,0.3841583333333333,-2.9469500000000153,148.79323333333332,151.74018333333333,0.009382066666666675,0.06593948333333334,0.056557416666666666,10035.466666666667
MACEIO,2704302,medium_active,medium,True,2,-0.009048333333333325,0.38683833333333334,0.39588666666666666,18.81798333333336,164.92983333333333,146.11184999999998,0.007541349999999995,0.06818643333333332,0.06064508333333333,10001.65
MACEIO,2704302,medium_active,medium,True,3,-0.006176666666666719,0.3763083333333333,0.382485,-6.288266666666686,149.52408333333332,155.81235,-0.002880783333333331,0.06058006666666667,0.06346085,9930.683333333332
MACEIO,2704302,medium_active,medium,True,4,0.0037000000000000366,0.39432500000000004,0.390625,8.877783333333326,169.30536666666666,160.42758333333333,0.009477650000000004,0.0801964,0.07071875,9773.266666666666
MACEIO,2704302,medium_active,medium,True,5,-0.03940166666666667,0.36210166666666666,0.4015033333333333,-21.440733333333327,161.43815,182.87888333333333,-0.02668043333333333,0.0622811,0.08896153333333333,9330.666666666666
MACEIO,2704302,medium_active,medium,True,6,0.011945000000000039,0.400675,0.38872999999999996,3.33901666666668,161.44768333333334,158.10866666666666,-0.005591983333333342,0.06394553333333333,0.06953751666666667,9942.25
MACEIO,2704302,medium_active,medium,True,7,-0.00244833333333333,0.38974833333333336,0.3921966666666667,-0.9505166666666582,152.06288333333333,153.0134,0.004803800000000004,0.06510466666666667,0.06030086666666667,10036.85
MACEIO,2704302,medium_active,medium,True,8,0.013076666666666681,0.39953333333333335,0.38645666666666667,-5.7707166666666865,145.59983333333332,151.37055,-0.0011193333333333264,0.05884266666666667,0.059961999999999994,9771.533333333333
MACEIO,2704302,medium_active,medium,True,9,0.0020816666666666483,0.38734,0.38525833333333337,4.685583333333341,161.73923333333332,157.05364999999998,0.0024839833333333283,0.06601606666666666,0.06353208333333334,10009.716666666667
NATAL,2408102,medium_active,medium,True,0,0.0021300000000000208,0.4214966666666667,0.41936666666666667,5.576650000000001,149.63911666666667,144.06246666666667,0.0005002666666666655,0.07537108333333334,0.07487081666666667,7723.433333333333
NATAL,2408102,medium_active,medium,True,1,-0.0015616666666666834,0.410805,0.41236666666666666,-2.3576333333333537,156.12211666666664,158.47975,0.005225800000000003,0.07899423333333333,0.07376843333333333,7708.683333333333
NATAL,2408102,medium_active,medium,True,2,0.0137033333333334,0.42427833333333337,0.41057499999999997,-2.1565166666666755,153.54161666666667,155.69813333333335,0.0032236500000000085,0.07964821666666667,0.07642456666666667,7721.466666666666
NATAL,2408102,medium_active,medium,True,3,-0.0012216666666666764,0.4070683333333333,0.40829,-0.8523166666666668,150.20123333333333,151.05355,-0.002926899999999996,0.07023385,0.07316075,7720.616666666667
NATAL,2408102,medium_active,medium,True,4,0.006388333333333329,0.4258416666666667,0.41945333333333334,0.6358000000000175,152.52625,151.89045,0.002828649999999988,0.07839861666666666,0.07556996666666667,7718.0
NATAL,2408102,medium_active,medium,True,5,-0.003261666666666607,0.40894,0.41220166666666663,9.887866666666639,168.72556666666665,158.8377,0.007491449999999997,0.0809544,0.07346295,7720.7
NATAL,2408102,medium_active,medium,True,6,0.008398333333333341,0.42652,0.41812166666666667,-0.5205666666666673,150.64170000000001,151.16226666666668,0.0025520833333333437,0.07776896666666668,0.07521688333333333,7713.45
NATAL,2408102,medium_active,medium,True,7,-0.018289999999999973,0.40115,0.41944,-7.795666666666676,145.90709999999999,153.70276666666666,-0.009663233333333326,0.07183993333333333,0.08150316666666665,7737.7
NATAL,2408102,medium_active,medium,True,8,-0.004371666666666663,0.39966,0.4040316666666667,0.22781666666668343,152.1428,151.9149833333333,0.0038366666666666688,0.07668875,0.07285208333333333,7732.083333333333
NATAL,2408102,medium_active,medium,True,9,-0.002221666666666622,0.4074716666666667,0.4096933333333333,-4.266033333333354,146.83403333333334,151.1000666666667,0.0006887166666666722,0.07375403333333333,0.07306531666666666,7720.8
PALMAS,1721000,medium_active,medium,True,0,0.0,0.3833016666666667,0.3833016666666667,0.0,178.34799999999998,178.34799999999998,0.0,0.04423913333333333,0.04423913333333333,3588.4166666666665
PALMAS,1721000,medium_active,medium,True,1,0.0,0.38095,0.38095,0.0,157.45960000000002,157.45960000000002,0.0,0.038408616666666666,0.038408616666666666,3587.1
PALMAS,1721000,medium_active,medium,True,2,0.0,0.37295,0.37295,0.0,181.29275,181.29275,0.0,0.044510233333333336,0.044510233333333336,3587.4
PALMAS,1721000,medium_active,medium,True,3,0.0,0.3744166666666667,0.3744166666666667,0.0,192.48278333333334,192.48278333333334,0.0,0.04238253333333333,0.04238253333333333,3586.733333333333
PALMAS,1721000,medium_active,medium,True,4,0.0,0.36807,0.36807,0.0,194.24861666666666,194.24861666666666,0.0,0.0453702,0.0453702,3585.616666666667
PALMAS,1721000,medium_active,medium,True,5,0.0,0.373755,0.373755,0.0,178.10326666666666,178.10326666666666,0.0,0.044386966666666666,0.044386966666666666,3586.1
PALMAS,1721000,medium_active,medium,True,6,0.0,0.38017833333333334,0.38017833333333334,0.0,169.82094999999998,169.82094999999998,0.0,0.04913185,0.04913185,3584.4
PALMAS,1721000,medium_active,medium,True,7,0.0,0.3754216666666667,0.3754216666666667,0.0,177.92541666666665,177.92541666666665,0.0,0.044556950000000005,0.044556950000000005,3587.0333333333333
PALMAS,1721000,medium_active,medium,True,8,0.0,0.3736366666666667,0.3736366666666667,0.0,188.08253333333332,188.08253333333332,0.0,0.04845223333333334,0.04845223333333334,3587.0
PALMAS,1721000,medium_active,medium,True,9,0.0,0.377485,0.377485,0.0,178.99665,178.99665,0.0,0.04678695,0.04678695,3588.233333333333
PORTO ALEGRE,4314902,medium_active,medium,True,0,-0.01790500000000006,0.64739,0.6652950000000001,8.44348333333329,184.56301666666664,176.11953333333335,0.0014814666666666532,0.08558629999999999,0.08410483333333334,11998.35
PORTO ALEGRE,4314902,medium_active,medium,True,1,0.014686666666666737,0.6671966666666667,0.6525099999999999,8.282766666666674,187.36458333333334,179.08181666666667,0.006154533333333337,0.09026091666666666,0.08410638333333333,12013.65
PORTO ALEGRE,4314902,medium_active,medium,True,2,-0.0005083333333333329,0.654215,0.6547233333333333,1.7589333333333457,182.21913333333333,180.4602,0.0008486833333333221,0.08431423333333334,0.08346555000000001,11995.45
PORTO ALEGRE,4314902,medium_active,medium,True,3,-0.006688333333333296,0.6528233333333334,0.6595116666666667,8.077500000000015,185.78665,177.70915,0.0063471833333333255,0.08752779999999999,0.08118061666666666,11753.6
PORTO ALEGRE,4314902,medium_active,medium,True,4,-0.010054999999999925,0.6444883333333333,0.6545433333333333,-1.8525833333333424,182.14773333333332,184.00031666666666,0.009323750000000006,0.09056816666666667,0.08124441666666667,12462.383333333333
PORTO ALEGRE,4314902,medium_active,medium,True,5,0.020220000000000016,0.68853,0.66831,3.951666666666682,184.84985,180.89818333333332,0.003980949999999983,0.08982061666666666,0.08583966666666668,12108.65
PORTO ALEGRE,4314902,medium_active,medium,True,6,-0.0037599999999999856,0.653985,0.657745,-2.73393333333334,177.69451666666666,180.42845,0.008019616666666673,0.08728166666666667,0.07926205,12025.5
PORTO ALEGRE,4314902,medium_active,medium,True,7,-0.007303333333333328,0.6669350000000001,0.6742383333333334,0.9306333333333328,180.63068333333334,179.70005,0.0017814833333333474,0.08516465000000001,0.08338316666666666,11707.833333333334
PORTO ALEGRE,4314902,medium_active,medium,True,8,0.012375000000000025,0.6864783333333333,0.6741033333333333,6.382450000000006,182.61970000000002,176.23725000000002,-0.004233649999999992,0.0821409,0.08637455,11840.366666666667
PORTO ALEGRE,4314902,medium_active,medium,True,9,0.007870000000000044,0.65907,0.6512,9.427800000000047,183.70408333333336,174.2762833333333,7.348333333333235e-05,0.08179628333333334,0.08172280000000001,12171.65
PORTO VELHO,1100205,medium_active,medium,True,0,-0.0065433333333333454,0.405275,0.41181833333333334,4.120083333333326,150.32428333333334,146.20420000000001,-0.002217683333333338,0.05850755,0.06072523333333334,5461.433333333333
PORTO VELHO,1100205,medium_active,medium,True,1,-0.007580000000000031,0.398175,0.40575500000000003,-8.5019833333333,142.56063333333336,151.06261666666666,-0.006933283333333332,0.06657116666666667,0.07350445,5442.133333333333
PORTO VELHO,1100205,medium_active,medium,True,2,-0.023675,0.40215833333333334,0.42583333333333334,2.2364333333333377,147.35926666666668,145.12283333333335,-0.03936761666666666,0.06879771666666666,0.10816533333333332,5046.916666666667
PORTO VELHO,1100205,medium_active,medium,True,3,0.003901666666666692,0.42920833333333336,0.42530666666666667,15.213133333333303,152.09041666666664,136.87728333333334,0.03984946666666666,0.10178793333333333,0.06193846666666667,5446.316666666667
PORTO VELHO,1100205,medium_active,medium,True,4,-0.014991666666666681,0.41558833333333334,0.43058,-6.427966666666663,149.02378333333334,155.45175,-0.0017889499999999975,0.07744735,0.0792363,5461.583333333333
PORTO VELHO,1100205,medium_active,medium,True,5,0.012039999999999995,0.4288766666666667,0.4168366666666667,8.670433333333335,153.00273333333334,144.3323,-0.0014386666666666575,0.06598826666666667,0.06742693333333333,5428.183333333333
PORTO VELHO,1100205,medium_active,medium,True,6,-0.008244999999999947,0.4159933333333334,0.42423833333333333,15.400766666666655,138.6124333333333,123.21166666666666,0.007834533333333324,0.06386019999999999,0.05602566666666667,5395.566666666667
PORTO VELHO,1100205,medium_active,medium,True,7,0.009450000000000014,0.4156916666666667,0.40624166666666667,4.0067333333333295,139.64966666666666,135.64293333333333,0.011959750000000005,0.06858736666666668,0.05662761666666667,5362.683333333333
PORTO VELHO,1100205,medium_active,medium,True,8,-0.0004183333333333539,0.426275,0.42669333333333337,-5.442416666666674,142.52105,147.96346666666668,-0.014789300000000005,0.058070949999999996,0.07286025,5461.55
PORTO VELHO,1100205,medium_active,medium,True,9,0.012734999999999996,0.39785,0.385115,-15.940416666666636,142.81178333333335,158.7522,0.00987603333333334,0.07414328333333334,0.06426725,5432.033333333334
RIO BRANCO,1200401,medium_active,medium,True,0,-0.004438333333333322,0.39178166666666664,0.39621999999999996,3.161916666666656,153.28983333333332,150.12791666666666,0.0007986833333333346,0.04905478333333334,0.0482561,3929.133333333333
RIO BRANCO,1200401,medium_active,medium,True,1,0.0181533333333333,0.402595,0.3844416666666667,1.2802499999999952,180.2621,178.98185,-0.002237833333333328,0.052243950000000004,0.05448178333333333,3929.233333333333
RIO BRANCO,1200401,medium_active,medium,True,2,-0.019078333333333364,0.3756133333333333,0.39469166666666666,-0.10884999999996126,146.38871666666668,146.49756666666664,-0.0029086499999999987,0.046864216666666667,0.049772866666666665,3929.25
RIO BRANCO,1200401,medium_active,medium,True,3,0.008371666666666666,0.3906733333333333,0.38230166666666665,-18.009050000000002,157.96189999999999,175.97095,-0.0023361833333333318,0.05016843333333333,0.05250461666666666,3929.25
RIO BRANCO,1200401,medium_active,medium,True,4,-0.0014500000000000068,0.39337,0.39482,-4.607349999999997,141.61351666666667,146.22086666666667,0.002774983333333335,0.05093873333333333,0.04816375,3929.1833333333334
RIO BRANCO,1200401,medium_active,medium,True,5,0.006953333333333311,0.38924333333333333,0.38229,-15.013833333333338,139.1702,154.18403333333333,-0.004432616666666667,0.044221666666666666,0.04865428333333333,3929.2166666666667
RIO BRANCO,1200401,medium_active,medium,True,6,0.00380999999999998,0.3925166666666666,0.38870666666666664,5.032450000000011,170.86858333333333,165.83613333333332,0.003729833333333335,0.053211466666666665,0.04948163333333333,3929.233333333333
RIO BRANCO,1200401,medium_active,medium,True,7,0.004713333333333292,0.39248833333333333,0.38777500000000004,-0.1527333333333445,165.40238333333335,165.5551166666667,0.002457333333333332,0.05018665,0.04772931666666667,3929.233333333333
RIO BRANCO,1200401,medium_active,medium,True,8,-0.004650000000000043,0.389225,0.39387500000000003,-6.046233333333362,152.18744999999998,158.23368333333335,0.0042017166666666675,0.053765983333333336,0.04956426666666667,3929.266666666667
RIO BRANCO,1200401,medium_active,medium,True,9,-0.003159999999999996,0.39177666666666666,0.39493666666666666,14.107433333333319,163.83166666666665,149.72423333333333,0.0005557999999999952,0.050716899999999995,0.0501611,3929.3166666666666
SALVADOR,2927408,medium_active,medium,True,0,-0.0020816666666666483,0.46640166666666666,0.4684833333333333,4.817216666666667,131.84266666666667,127.02545,-0.0006613166666666614,0.06927075,0.06993206666666667,23624.933333333334
SALVADOR,2927408,medium_active,medium,True,1,0.0033949999999999814,0.47676166666666664,0.47336666666666666,0.938050000000004,128.82533333333333,127.88728333333333,0.004012433333333329,0.07360648333333333,0.06959405,23320.833333333332
SALVADOR,2927408,medium_active,medium,True,2,0.005801666666666705,0.4829166666666667,0.477115,-0.46263333333334344,131.63746666666665,132.1001,-0.0026890333333333266,0.07017088333333334,0.07285991666666666,23121.666666666668
SALVADOR,2927408,medium_active,medium,True,3,0.008269999999999944,0.47901666666666665,0.4707466666666667,-2.8067000000000064,136.10533333333333,138.91203333333334,0.0049209333333333355,0.07208483333333333,0.0671639,24315.116666666665
SALVADOR,2927408,medium_active,medium,True,4,0.014691666666666658,0.48368500000000003,0.4689933333333334,-2.015100000000018,129.16344999999998,131.17855,0.003633666666666674,0.07122578333333333,0.06759211666666666,23469.566666666666
SALVADOR,2927408,medium_active,medium,True,5,0.0006900000000000239,0.48162166666666667,0.48093166666666665,2.214866666666694,137.14811666666668,134.93325,-0.004057183333333339,0.0690585,0.07311568333333333,23465.533333333333
SALVADOR,2927408,medium_active,medium,True,6,0.0018366666666666531,0.4803883333333333,0.47855166666666665,-0.4941166666666561,129.62423333333334,130.11835,0.0008310166666666702,0.06970076666666666,0.06886975,23281.416666666668
SALVADOR,2927408,medium_active,medium,True,7,0.010181666666666644,0.48167166666666666,0.47149,10.342733333333314,139.85256666666666,129.50983333333335,-0.0033419999999999978,0.06752593333333333,0.07086793333333333,23458.233333333334
SALVADOR,2927408,medium_active,medium,True,8,0.021728333333333294,0.48841,0.4666816666666667,-4.990300000000005,127.98451666666666,132.97481666666667,-0.0005078999999999917,0.07570355000000001,0.07621145,22872.283333333333
SALVADOR,2927408,medium_active,medium,True,9,0.011338333333333284,0.4806183333333333,0.46928000000000003,-1.3170999999999964,127.90910000000001,129.2262,0.0034157999999999966,0.07211026666666666,0.06869446666666666,23785.183333333334
SAO LUIS,2111300,medium_active,medium,True,0,-0.005670000000000008,0.3697816666666667,0.3754516666666667,1.9168333333333294,153.74513333333334,151.8283,-0.0021722666666666723,0.057567099999999996,0.05973936666666667,11112.816666666668
SAO LUIS,2111300,medium_active,medium,True,1,-0.0018083333333333007,0.36862333333333336,0.37043166666666666,-4.76036666666667,145.4588,150.21916666666667,0.0025445499999999996,0.060340616666666666,0.057796066666666666,11121.283333333333
SAO LUIS,2111300,medium_active,medium,True,2,0.0035733333333333728,0.37467,0.37109666666666663,10.821150000000017,154.0488,143.22764999999998,0.003783316666666668,0.06296025,0.05917693333333333,11117.4
SAO LUIS,2111300,medium_active,medium,True,3,0.00818000000000002,0.37437,0.36618999999999996,11.388499999999993,148.84963333333332,137.46113333333332,0.004401533333333339,0.06014211666666667,0.05574058333333333,11104.433333333332
SAO LUIS,2111300,medium_active,medium,True,4,-0.006726666666666659,0.367595,0.37432166666666666,2.288083333333333,152.06378333333333,149.7757,0.006377700000000007,0.06269551666666667,0.056317816666666666,11111.983333333334
SAO LUIS,2111300,medium_active,medium,True,5,-0.001988333333333314,0.3720466666666667,0.374035,-3.08420000000001,148.58831666666666,151.67251666666667,-0.004144733333333331,0.05522548333333333,0.05937021666666666,11131.066666666668
SAO LUIS,2111300,medium_active,medium,True,6,0.010611666666666686,0.37747833333333336,0.3668666666666667,16.428499999999985,160.68868333333333,144.26018333333334,0.0023233999999999963,0.06096688333333333,0.058643483333333336,11122.0
SAO LUIS,2111300,medium_active,medium,True,7,0.0020283333333332987,0.373975,0.3719466666666667,-1.8651000000000124,142.88285,144.74795,0.006806300000000001,0.0620435,0.0552372,11108.766666666666
SAO LUIS,2111300,medium_active,medium,True,8,-0.005893333333333306,0.372135,0.3780283333333333,-5.62469999999999,147.8598,153.4845,-0.005435133333333328,0.05897065,0.06440578333333333,11134.3
SAO LUIS,2111300,medium_active,medium,True,9,-0.016410000000000036,0.36480666666666667,0.3812166666666667,5.483383333333336,150.27316666666667,144.78978333333333,6.685000000000718e-05,0.05907176666666667,0.059004916666666664,11118.966666666667
TERESINA,2211001,medium_active,medium,True,0,0.02966000000000002,0.3945416666666667,0.36488166666666666,-2.8383333333333383,157.2445,160.08283333333333,-0.008088383333333324,0.04682821666666667,0.054916599999999996,8910.183333333332
TERESINA,2211001,medium_active,medium,True,1,-0.021570000000000034,0.37066499999999997,0.392235,7.777699999999982,170.97866666666667,163.2009666666667,0.011700566666666662,0.05915258333333333,0.047452016666666666,9410.516666666666
TERESINA,2211001,medium_active,medium,True,2,0.007220000000000004,0.3830983333333334,0.37587833333333337,-4.912366666666657,155.52968333333334,160.44205,-0.018653800000000005,0.04687965,0.06553345000000001,8744.5
TERESINA,2211001,medium_active,medium,True,3,-0.0044199999999999795,0.38312333333333337,0.38754333333333335,2.5742666666666594,155.41205,152.83778333333333,0.0021701500000000026,0.046936450000000005,0.0447663,9407.633333333333
TERESINA,2211001,medium_active,medium,True,4,-0.0008833333333333471,0.3849066666666667,0.38579,-1.6807666666666705,150.75568333333334,152.43645,0.0042812333333333286,0.04873503333333333,0.0444538,9412.3
TERESINA,2211001,medium_active,medium,True,5,0.010668333333333335,0.379795,0.36912666666666666,-3.044133333333349,162.97598333333332,166.02011666666667,-0.007352950000000004,0.0577088,0.06506175,8621.483333333334
TERESINA,2211001,medium_active,medium,True,6,-0.0015466666666666962,0.3736833333333333,0.37523,10.463549999999998,158.48246666666668,148.01891666666668,0.009502400000000001,0.06103031666666667,0.051527916666666666,8936.533333333333
TERESINA,2211001,medium_active,medium,True,7,-0.0014799999999999813,0.3742566666666667,0.37573666666666666,1.214666666666659,157.18581666666665,155.97115,-0.0036782999999999955,0.055921983333333335,0.05960028333333333,8759.633333333333
TERESINA,2211001,medium_active,medium,True,8,-0.00190499999999999,0.37623500000000004,0.37814000000000003,6.266083333333313,154.69161666666665,148.42553333333333,-0.0041578666666666625,0.048297183333333334,0.052455049999999996,9134.266666666666
TERESINA,2211001,medium_active,medium,True,9,0.011109999999999953,0.38034166666666663,0.3692316666666667,-1.7312166666666826,161.16826666666665,162.89948333333334,0.0037120333333333366,0.07773558333333333,0.07402355,8445.55
VITORIA,3205002,medium_active,medium,True,0,0.0012900000000000134,0.42245000000000005,0.42116000000000003,2.94104999999999,146.37481666666665,143.43376666666666,0.0028661833333333414,0.07967260000000001,0.07680641666666667,4597.533333333334
VITORIA,3205002,medium_active,medium,True,1,-0.01792833333333338,0.41172,0.42964833333333335,3.934650000000005,142.73126666666667,138.79661666666667,0.0023776833333333386,0.07045686666666667,0.06807918333333333,4871.483333333334
VITORIA,3205002,medium_active,medium,True,2,-0.005575000000000052,0.4126583333333333,0.41823333333333335,9.946050000000014,156.59456666666668,146.64851666666667,0.001647233333333331,0.07728123333333332,0.07563399999999999,4476.75
VITORIA,3205002,medium_active,medium,True,3,0.002024999999999999,0.41463833333333333,0.41261333333333333,1.0489166666666563,152.1697333333333,151.12081666666666,0.00699873333333334,0.07494501666666667,0.06794628333333333,4659.083333333333
VITORIA,3205002,medium_active,medium,True,4,0.0089683333333333,0.41764166666666663,0.40867333333333333,-6.030616666666674,153.20613333333333,159.23675,-0.0018157166666666613,0.07425898333333333,0.0760747,4903.016666666666
VITORIA,3205002,medium_active,medium,True,5,-0.001574999999999993,0.41946666666666665,0.42104166666666665,2.7524333333333573,149.95686666666668,147.20443333333333,0.002848400000000001,0.07278975,0.06994135,4629.3
VITORIA,3205002,medium_active,medium,True,6,-0.01021500000000003,0.411535,0.42175,2.7000500000000045,154.30238333333332,151.60233333333332,0.001081516666666671,0.07386391666666667,0.0727824,4806.7
VITORIA,3205002,medium_active,medium,True,7,0.003108333333333324,0.41857666666666665,0.41546833333333333,2.0441000000000145,152.5802,150.53609999999998,-0.004646133333333344,0.06997646666666667,0.07462260000000001,4645.083333333333
VITORIA,3205002,medium_active,medium,True,8,-0.012226666666666608,0.40944833333333336,0.42167499999999997,5.411383333333362,157.44053333333335,152.02915,-0.001165849999999996,0.07206323333333334,0.07322908333333333,4494.1
VITORIA,3205002,medium_active,medium,True,9,0.013913333333333333,0.424155,0.41024166666666667,-1.2323333333333437,152.39746666666667,153.62980000000002,0.006218450000000014,0.07375305,0.06753459999999999,4632.533333333334
RIO DE JANEIRO,3304557,high_inactive,high,False,0,-0.002783333333333249,0.563215,0.5659983333333333,1.1399666666666803,157.15583333333333,156.01586666666665,0.001918900000000015,0.09249526666666667,0.09057636666666666,62568.73333333333
RIO DE JANEIRO,3304557,high_inactive,high,False,1,0.0032116666666667237,0.5729283333333334,0.5697166666666666,-1.6908333333333303,162.86148333333333,164.55231666666666,0.00011260000000000436,0.08978918333333333,0.08967658333333332,62726.583333333336
RIO DE JANEIRO,3304557,high_inactive,high,False,2,-0.012161666666666737,0.5748316666666666,0.5869933333333334,0.7071666666666943,160.061,159.3538333333333,-0.0036221666666666485,0.08538335000000001,0.08900551666666666,61931.78333333333
RIO DE JANEIRO,3304557,high_inactive,high,False,3,-0.009794999999999887,0.571215,0.5810099999999999,-0.15363333333331752,163.6097,163.76333333333332,0.0006032333333333417,0.09196491666666667,0.09136168333333333,61716.566666666666
RIO DE JANEIRO,3304557,high_inactive,high,False,4,0.007409999999999917,0.5830183333333333,0.5756083333333334,-0.19764999999998167,153.5688,153.76645,0.0005000166666666722,0.08911713333333333,0.08861711666666666,61901.21666666667
RIO DE JANEIRO,3304557,high_active,high,True,0,0.014780000000000015,0.5807783333333333,0.5659983333333333,3.155233333333342,159.1711,156.01586666666665,0.0037825500000000095,0.09435891666666667,0.09057636666666666,62568.73333333333
RIO DE JANEIRO,3304557,high_active,high,True,1,0.006650000000000045,0.5763666666666667,0.5697166666666666,-4.1898333333333255,160.36248333333333,164.55231666666666,0.0009949000000000069,0.09067148333333333,0.08967658333333332,62726.583333333336
RIO DE JANEIRO,3304557,high_active,high,True,2,-0.012979999999999992,0.5740133333333334,0.5869933333333334,-1.1439833333332956,158.20985000000002,159.3538333333333,-0.0016840833333333222,0.08732143333333334,0.08900551666666666,61931.78333333333
RIO DE JANEIRO,3304557,high_active,high,True,3,-0.00016333333333329314,0.5808466666666666,0.5810099999999999,-6.146683333333328,157.61665,163.76333333333332,-0.0008483833333333274,0.0905133,0.09136168333333333,61716.566666666666
RIO DE JANEIRO,3304557,high_active,high,True,4,0.009214999999999862,0.5848233333333333,0.5756083333333334,4.422283333333354,158.18873333333335,153.76645,0.001297316666666673,0.08991443333333334,0.08861711666666666,61901.21666666667
RIO DE JANEIRO,3304557,low_inactive,low,False,0,0.01142500000000013,0.5774233333333334,0.5659983333333333,1.4831833333333293,157.49904999999998,156.01586666666665,0.00019575000000000842,0.09077211666666667,0.09057636666666666,62568.73333333333
RIO DE JANEIRO,3304557,low_inactive,low,False,1,0.0010133333333333105,0.57073,0.5697166666666666,-3.0507833333332997,161.50153333333336,164.55231666666666,-0.0020244833333333268,0.0876521,0.08967658333333332,62726.583333333336
RIO DE JANEIRO,3304557,low_inactive,low,False,2,-0.012495000000000034,0.5744983333333333,0.5869933333333334,-4.545349999999985,154.80848333333333,159.3538333333333,-0.0019632499999999997,0.08704226666666666,0.08900551666666666,61931.78333333333
RIO DE JANEIRO,3304557,low_inactive,low,False,3,-0.0011899999999999133,0.57982,0.5810099999999999,-2.8776499999999885,160.88568333333333,163.76333333333332,0.0001998666666666732,0.09156155,0.09136168333333333,61716.566666666666
RIO DE JANEIRO,3304557,low_inactive,low,False,4,0.0026449999999998974,0.5782533333333333,0.5756083333333334,3.225683333333336,156.99213333333333,153.76645,0.001874500000000015,0.09049161666666668,0.08861711666666666,61901.21666666667
RIO DE JANEIRO,3304557,low_active,low,True,0,0.015021666666666711,0.58102,0.5659983333333333,-0.09501666666665187,155.92085,156.01586666666665,0.003369533333333341,0.0939459,0.09057636666666666,62568.73333333333
RIO DE JANEIRO,3304557,low_active,low,True,1,-0.0007400000000000739,0.5689766666666666,0.5697166666666666,-2.3067833333333283,162.24553333333333,164.55231666666666,-0.0004841833333333323,0.08919239999999999,0.08967658333333332,62726.583333333336
RIO DE JANEIRO,3304557,low_active,low,True,2,-0.00497666666666674,0.5820166666666666,0.5869933333333334,0.5821500000000128,159.93598333333333,159.3538333333333,0.0013090166666666764,0.09031453333333334,0.08900551666666666,61931.78333333333
RIO DE JANEIRO,3304557,low_active,low,True,3,-0.00032166666666666455,0.5806883333333333,0.5810099999999999,-7.306799999999981,156.45653333333334,163.76333333333332,-0.0014444999999999875,0.08991718333333334,0.09136168333333333,61716.566666666666
RIO DE JANEIRO,3304557,low_active,low,True,4,0.007815000000000016,0.5834233333333334,0.5756083333333334,2.2978166666666766,156.06426666666667,153.76645,0.0012581333333333417,0.08987525,0.08861711666666666,61901.21666666667
RIO DE JANEIRO,3304557,medium_active,medium,True,0,0.014875000000000083,0.5808733333333334,0.5659983333333333,0.7253166666666857,156.74118333333334,156.01586666666665,0.003962416666666677,0.09453878333333333,0.09057636666666666,62568.73333333333
RIO DE JANEIRO,3304557,medium_active,medium,True,1,0.0033366666666667655,0.5730533333333334,0.5697166666666666,-4.116183333333339,160.43613333333332,164.55231666666666,0.0022559833333333362,0.09193256666666666,0.08967658333333332,62726.583333333336
RIO DE JANEIRO,3304557,medium_active,medium,True,2,-0.008428333333333371,0.578565,0.5869933333333334,0.6321000000000367,159.98593333333335,159.3538333333333,-0.00030173333333333163,0.08870378333333333,0.08900551666666666,61931.78333333333
RIO DE JANEIRO,3304557,medium_active,medium,True,3,-0.006406666666666561,0.5746033333333334,0.5810099999999999,-8.691016666666656,155.07231666666667,163.76333333333332,-0.003072850000000002,0.08828883333333333,0.09136168333333333,61716.566666666666
RIO DE JANEIRO,3304557,medium_active,medium,True,4,0.00699666666666654,0.5826049999999999,0.5756083333333334,4.186200000000014,157.95265,153.76645,0.0012975166666666788,0.08991463333333334,0.08861711666666666,61901.21666666667
RIO DE JANEIRO,3304557,high_inactive,high,False,5,-0.004351666666666643,0.5683233333333334,0.572675,1.9143333333333032,158.66854999999998,156.75421666666668,0.0013879666666666707,0.08774881666666667,0.08636085,62897.38333333333
RIO DE JANEIRO,3304557,high_inactive,high,False,6,0.012661666666666682,0.58228,0.5696183333333333,-1.732766666666663,157.43895,159.17171666666667,0.0010571999999999943,0.09201105,0.09095385,61481.51666666667
RIO DE JANEIRO,3304557,high_inactive,high,False,7,-0.0010966666666667457,0.5732866666666666,0.5743833333333334,0.6678833333333216,162.36701666666667,161.69913333333335,0.0013026166666666728,0.09279136666666667,0.09148875,62006.28333333333
RIO DE JANEIRO,3304557,high_inactive,high,False,8,0.007636666666666625,0.5736966666666666,0.56606,-5.073066666666676,158.57113333333334,163.6442,0.0017335666666666721,0.09025470000000001,0.08852113333333334,62661.4
RIO DE JANEIRO,3304557,high_inactive,high,False,9,-0.017066666666666563,0.5610283333333334,0.5780949999999999,-1.2054166666666788,156.81198333333333,158.0174,-0.0016134666666666603,0.08956316666666667,0.09117663333333333,61668.78333333333
RIO DE JANEIRO,3304557,high_active,high,True,5,0.0034316666666666107,0.5761066666666667,0.572675,-0.49548333333336814,156.2587333333333,156.75421666666668,0.0025543999999999845,0.08891524999999999,0.08636085,62897.38333333333
RIO DE JANEIRO,3304557,high_active,high,True,6,0.0020416666666666083,0.57166,0.5696183333333333,4.176416666666682,163.34813333333335,159.17171666666667,-0.0019938333333333336,0.08896001666666667,0.09095385,61481.51666666667
RIO DE JANEIRO,3304557,high_active,high,True,7,-0.0007733333333332926,0.5736100000000001,0.5743833333333334,-0.8547166666666612,160.8444166666667,161.69913333333335,0.000721033333333343,0.09220978333333334,0.09148875,62006.28333333333
RIO DE JANEIRO,3304557,high_active,high,True,8,0.010546666666666704,0.5766066666666667,0.56606,-2.228733333333338,161.41546666666667,163.6442,0.001617499999999994,0.09013863333333333,0.08852113333333334,62661.4
RIO DE JANEIRO,3304557,high_active,high,True,9,-0.0014399999999998858,0.576655,0.5780949999999999,-0.7232333333333543,157.29416666666665,158.0174,-0.003329799999999994,0.08784683333333333,0.09117663333333333,61668.78333333333
RIO DE JANEIRO,3304557,low_inactive,low,False,5,0.001886666666666592,0.5745616666666666,0.572675,-2.0076500000000124,154.74656666666667,156.75421666666668,-0.0009432666666666784,0.08541758333333332,0.08636085,62897.38333333333
RIO DE JANEIRO,3304557,low_inactive,low,False,6,0.007665000000000033,0.5772833333333334,0.5696183333333333,2.5286833333333334,161.7004,159.17171666666667,-0.0008844666666666806,0.09006938333333332,0.09095385,61481.51666666667
RIO DE JANEIRO,3304557,low_inactive,low,False,7,0.00025166666666665005,0.574635,0.5743833333333334,-2.163766666666703,159.53536666666665,161.69913333333335,-0.0006597833333333303,0.09082896666666666,0.09148875,62006.28333333333
RIO DE JANEIRO,3304557,low_inactive,low,False,8,0.007394999999999929,0.5734549999999999,0.56606,-2.5338500000000295,161.11034999999998,163.6442,0.0016864333333333342,0.09020756666666667,0.08852113333333334,62661.4
RIO DE JANEIRO,3304557,low_inactive,low,False,9,0.0008933333333334126,0.5789883333333333,0.5780949999999999,-1.9672166666666726,156.05018333333334,158.0174,0.001935933333333334,0.09311256666666666,0.09117663333333333,61668.78333333333
RIO DE JANEIRO,3304557,low_active,low,True,5,-0.004366666666666741,0.5683083333333333,0.572675,1.1387,157.89291666666668,156.75421666666668,0.0008544666666666645,0.08721531666666667,0.08636085,62897.38333333333
RIO DE JANEIRO,3304557,low_active,low,True,6,0.005216666666666647,0.574835,0.5696183333333333,6.141733333333349,165.31345000000002,159.17171666666667,-0.0012768999999999975,0.08967695,0.09095385,61481.51666666667
RIO DE JANEIRO,3304557,low_active,low,True,7,-0.006441666666666679,0.5679416666666667,0.5743833333333334,-2.0380333333333738,159.66109999999998,161.69913333333335,-0.0010388166666666643,0.09044993333333333,0.09148875,62006.28333333333
RIO DE JANEIRO,3304557,low_active,low,True,8,0.012346666666666617,0.5784066666666666,0.56606,-7.1293500000000165,156.51485,163.6442,0.004484200000000008,0.09300533333333334,0.08852113333333334,62661.4
RIO DE JANEIRO,3304557,low_active,low,True,9,-0.005264999999999964,0.57283,0.5780949999999999,2.0482833333333303,160.06568333333334,158.0174,-0.0035841166666666646,0.08759251666666666,0.09117663333333333,61668.78333333333
RIO DE JANEIRO,3304557,medium_active,medium,True,5,0.0035966666666666924,0.5762716666666667,0.572675,2.5313999999999908,159.28561666666667,156.75421666666668,0.0029492500000000005,0.0893101,0.08636085,62897.38333333333
RIO DE JANEIRO,3304557,medium_active,medium,True,6,0.008426666666666582,0.5780449999999999,0.5696183333333333,5.802583333333331,164.9743,159.17171666666667,-0.001983950000000012,0.08896989999999999,0.09095385,61481.51666666667
RIO DE JANEIRO,3304557,medium_active,medium,True,7,0.00404166666666661,0.578425,0.5743833333333334,-1.8722000000000207,159.82693333333333,161.69913333333335,1.1783333333348356e-05,0.09150053333333334,0.09148875,62006.28333333333
RIO DE JANEIRO,3304557,medium_active,medium,True,8,0.007384999999999975,0.573445,0.56606,-1.5617166666666833,162.08248333333333,163.6442,0.003661883333333324,0.09218301666666666,0.08852113333333334,62661.4
RIO DE JANEIRO,3304557,medium_active,medium,True,9,0.0024683333333334057,0.5805633333333333,0.5780949999999999,0.028099999999994907,158.0455,158.0174,-0.0030331333333333266,0.0881435,0.09117663333333333,61668.78333333333
SAO PAULO,3550308,high_inactive,high,False,0,-0.002654999999999963,0.7090066666666667,0.7116616666666666,0.3503333333333103,148.14724999999999,147.79691666666668,0.002655516666666663,0.09117715,0.08852163333333334,104630.6
SAO PAULO,3550308,high_inactive,high,False,1,-0.02035666666666669,0.68292,0.7032766666666667,0.9856499999999926,151.17104999999998,150.1854,-0.000610949999999999,0.09275986666666666,0.09337081666666666,104248.46666666666
SAO PAULO,3550308,high_inactive,high,False,2,-0.01084166666666675,0.6930366666666666,0.7038783333333334,1.0777500000000373,149.675,148.59724999999997,0.002141299999999985,0.09159534999999999,0.08945405000000001,104635.95
SAO PAULO,3550308,high_active,high,True,0,-0.003529999999999922,0.7081316666666667,0.7116616666666666,2.577066666666667,150.37398333333334,147.79691666666668,0.004226499999999994,0.09274813333333333,0.08852163333333334,104630.6
SAO PAULO,3550308,high_active,high,True,1,0.01476999999999995,0.7180466666666666,0.7032766666666667,-5.4734499999999855,144.71195,150.1854,-0.0021215666666666716,0.09124924999999999,0.09337081666666666,104248.46666666666
SAO PAULO,3550308,high_active,high,True,2,0.017398333333333293,0.7212766666666667,0.7038783333333334,0.520650000000046,149.11790000000002,148.59724999999997,0.003008433333333324,0.09246248333333333,0.08945405000000001,104635.95
SAO PAULO,3550308,low_inactive,low,False,0,-0.004331666666666623,0.70733,0.7116616666666666,0.38466666666667493,148.18158333333335,147.79691666666668,0.0020620833333333394,0.09058371666666667,0.08852163333333334,104630.6
SAO PAULO,3550308,low_inactive,low,False,1,-0.0013283333333332648,0.7019483333333334,0.7032766666666667,-0.3667166666666617,149.81868333333333,150.1854,-0.0017100833333333343,0.09166073333333333,0.09337081666666666,104248.46666666666
SAO PAULO,3550308,low_inactive,low,False,2,0.017059999999999964,0.7209383333333333,0.7038783333333334,1.12263333333334,149.7198833333333,148.59724999999997,0.0027340833333333314,0.09218813333333334,0.08945405000000001,104635.95
SAO PAULO,3550308,low_active,low,True,0,-0.006291666666666584,0.70537,0.7116616666666666,0.13571666666666715,147.93263333333334,147.79691666666668,-0.000983716666666662,0.08753791666666667,0.08852163333333334,104630.6
SAO PAULO,3550308,low_active,low,True,1,0.00408166666666665,0.7073583333333333,0.7032766666666667,-1.6529166666666413,148.53248333333335,150.1854,-0.0017179499999999959,0.09165286666666667,0.09337081666666666,104248.46666666666
SAO PAULO,3550308,low_active,low,True,2,0.014104999999999923,0.7179833333333333,0.7038783333333334,2.2234000000000265,150.82065,148.59724999999997,0.004457699999999995,0.09391175,0.08945405000000001,104635.95
SAO PAULO,3550308,medium_active,medium,True,0,-0.001735000000000042,0.7099266666666666,0.7116616666666666,3.773366666666675,151.57028333333335,147.79691666666668,0.003975766666666672,0.09249740000000001,0.08852163333333334,104630.6
SAO PAULO,3550308,medium_active,medium,True,1,0.012411666666666599,0.7156883333333333,0.7032766666666667,-3.306683333333325,146.87871666666666,150.1854,-0.0013772666666666683,0.09199355,0.09337081666666666,104248.46666666666
SAO PAULO,3550308,medium_active,medium,True,2,0.014004999999999934,0.7178833333333333,0.7038783333333334,1.903550000000024,150.5008,148.59724999999997,0.0027259833333333344,0.09218003333333334,0.08945405000000001,104635.95
SAO PAULO,3550308,high_inactive,high,False,3,-0.021418333333333317,0.6864633333333334,0.7078816666666667,-0.7064666666666426,153.84321666666668,154.54968333333332,-0.0002478666666666518,0.09133075,0.09157861666666665,105045.45
SAO PAULO,3550308,high_inactive,high,False,4,-0.006739999999999968,0.6963983333333333,0.7031383333333333,-0.029083333333346673,150.1567,150.18578333333335,-4.44833333333311e-05,0.09179543333333333,0.09183991666666666,104836.8
SAO PAULO,3550308,high_inactive,high,False,5,0.004661666666666675,0.7241183333333333,0.7194566666666666,-2.3346833333333166,144.71093333333334,147.04561666666666,0.00010875000000000468,0.09136535,0.0912566,103140.2
SAO PAULO,3550308,high_active,high,True,3,-0.00964166666666677,0.69824,0.7078816666666667,-2.855116666666646,151.69456666666667,154.54968333333332,-0.0008147166666666594,0.0907639,0.09157861666666665,105045.45
SAO PAULO,3550308,high_active,high,True,4,0.004716666666666702,0.707855,0.7031383333333333,0.305833333333311,150.49161666666666,150.18578333333335,-0.00034076666666665867,0.09149915,0.09183991666666666,104836.8
SAO PAULO,3550308,high_active,high,True,5,-0.015871666666666617,0.703585,0.7194566666666666,2.250283333333357,149.29590000000002,147.04561666666666,0.0013119999999999937,0.09256859999999999,0.0912566,103140.2
SAO PAULO,3550308,low_inactive,low,False,3,0.0008399999999999519,0.7087216666666667,0.7078816666666667,-1.6738999999999749,152.87578333333335,154.54968333333332,0.00014338333333335784,0.09172200000000001,0.09157861666666665,105045.45
SAO PAULO,3550308,low_inactive,low,False,4,0.004306666666666681,0.707445,0.7031383333333333,1.9721833333333052,152.15796666666665,150.18578333333335,0.00021650000000000835,0.09205641666666667,0.09183991666666666,104836.8
SAO PAULO,3550308,low_inactive,low,False,5,0.0054833333333333956,0.72494,0.7194566666666666,0.733300000000014,147.77891666666667,147.04561666666666,-0.0011170666666666662,0.09013953333333333,0.0912566,103140.2
SAO PAULO,3550308,low_active,low,True,3,-0.014935000000000143,0.6929466666666666,0.7078816666666667,-2.181133333333321,152.36855,154.54968333333332,0.0024737000000000092,0.09405231666666666,0.09157861666666665,105045.45
SAO PAULO,3550308,low_active,low,True,4,-0.0029133333333333233,0.700225,0.7031383333333333,3.322516666666644,153.5083,150.18578333333335,2.6633333333345166e-05,0.09186655,0.09183991666666666,104836.8
SAO PAULO,3550308,low_active,low,True,5,-0.02224333333333328,0.6972133333333334,0.7194566666666666,2.0735500000000116,149.11916666666667,147.04561666666666,0.0010634333333333496,0.09232003333333334,0.0912566,103140.2
SAO PAULO,3550308,medium_active,medium,True,3,-0.001211666666666722,0.70667,0.7078816666666667,-2.108066666666673,152.44161666666665,154.54968333333332,0.000234816666666679,0.09181343333333333,0.09157861666666665,105045.45
SAO PAULO,3550308,medium_active,medium,True,4,0.0010883333333333578,0.7042266666666667,0.7031383333333333,-0.920783333333361,149.265,150.18578333333335,-0.0013896499999999923,0.09045026666666667,0.09183991666666666,104836.8
SAO PAULO,3550308,medium_active,medium,True,5,-0.01887833333333333,0.7005783333333333,0.7194566666666666,1.589083333333349,148.6347,147.04561666666666,-0.0007531333333333223,0.09050346666666667,0.0912566,103140.2
