processing_acps,month,year,delta_gini
ARACAJU,2010-01-01,2010,0.0
ARACAJU,2010-02-01,2010,0.0
ARACAJU,2010-03-01,2010,0.0
ARACAJU,2010-04-01,2010,-7.241633077984644e-05
ARACAJU,2010-05-01,2010,-0.00017350395049524513
ARACAJU,2010-06-01,2010,-0.0001597470826727776
ARACAJU,2010-07-01,2010,-3.018362183474732e-05
ARACAJU,2010-08-01,2010,-0.00013906669656187141
ARACAJU,2010-09-01,2010,-0.00016679920296320373
ARACAJU,2010-10-01,2010,-0.0002935131307554806
ARACAJU,2010-11-01,2010,-0.0006464493876725664
ARACAJU,2010-12-01,2010,-0.0008925011782163428
ARACAJU,2011-01-01,2011,-0.0010300318027991174
ARACAJU,2011-02-01,2011,-0.0011360220453992043
ARACAJU,2011-03-01,2011,-0.0012684616301708962
ARACAJU,2011-04-01,2011,-0.0012615935470472195
ARACAJU,2011-05-01,2011,-0.0012117401373498715
ARACAJU,2011-06-01,2011,-0.0011348623577416505
ARACAJU,2011-07-01,2011,-0.0010473733827599285
ARACAJU,2011-08-01,2011,-0.0010826130422799474
ARACAJU,2011-09-01,2011,-0.000988232662580243
ARACAJU,2011-10-01,2011,-0.0009485448986627865
ARACAJU,2011-11-01,2011,-0.001167727492777101
ARACAJU,2011-12-01,2011,-0.0011691204735971095
ARACAJU,2012-01-01,2012,-0.0011513807613565475
ARACAJU,2012-02-01,2012,-0.0011400372258300062
ARACAJU,2012-03-01,2012,-0.001253438170061406
ARACAJU,2012-04-01,2012,-0.0013152579121070795
ARACAJU,2012-05-01,2012,-0.0012841874589240786
ARACAJU,2012-06-01,2012,-0.0013410688218183232
ARACAJU,2012-07-01,2012,-0.00133037285652716
ARACAJU,2012-08-01,2012,-0.001167722162020728
ARACAJU,2012-09-01,2012,-0.0012658844661777712
ARACAJU,2012-10-01,2012,-0.0013668682847849545
ARACAJU,2012-11-01,2012,-0.0013245087103900565
ARACAJU,2012-12-01,2012,-0.0014072351572755938
ARACAJU,2013-01-01,2013,-0.0012245450109560974
ARACAJU,2013-02-01,2013,-0.0011233595494692039
ARACAJU,2013-03-01,2013,-0.001140415368010015
ARACAJU,2013-04-01,2013,-0.0010121626472999368
ARACAJU,2013-05-01,2013,-0.0010245123755373386
ARACAJU,2013-06-01,2013,-0.0011018213387164644
ARACAJU,2013-07-01,2013,-0.0011494840279609253
ARACAJU,2013-08-01,2013,-0.0011012705204706897
ARACAJU,2013-09-01,2013,-0.0011550580525215492
ARACAJU,2013-10-01,2013,-0.0011637700197089907
ARACAJU,2013-11-01,2013,-0.0011943664018894107
ARACAJU,2013-12-01,2013,-0.001221511992559511
ARACAJU,2014-01-01,2014,-0.0011839112969130139
ARACAJU,2014-02-01,2014,-0.0011507814884582656
ARACAJU,2014-03-01,2014,-0.0012806069065376979
ARACAJU,2014-04-01,2014,-0.0011891250896543671
ARACAJU,2014-05-01,2014,-0.0011603956980304874
ARACAJU,2014-06-01,2014,-0.0010123944135584117
ARACAJU,2014-07-01,2014,-0.0009582207157111156
ARACAJU,2014-08-01,2014,-0.0008448029253835676
ARACAJU,2014-09-01,2014,-0.0009233707992428519
ARACAJU,2014-10-01,2014,-0.0009756883795648664
ARACAJU,2014-11-01,2014,-0.001036794823311117
ARACAJU,2014-12-01,2014,-0.0009577349935197677
ARACAJU,2015-01-01,2015,-0.0009324629569531606
ARACAJU,2015-02-01,2015,-0.0009120384626855227
ARACAJU,2015-03-01,2015,-0.0008719671063430923
ARACAJU,2015-04-01,2015,-0.0008742018218645408
ARACAJU,2015-05-01,2015,-0.0008138750242758841
ARACAJU,2015-06-01,2015,-0.0008454964774982066
ARACAJU,2015-07-01,2015,-0.0006245860834548023
ARACAJU,2015-08-01,2015,-0.00038845791099767046
ARACAJU,2015-09-01,2015,-0.00023654509917727995
ARACAJU,2015-10-01,2015,-0.0002966541307526216
ARACAJU,2015-11-01,2015,-0.00045285950025221065
ARACAJU,2015-12-01,2015,-0.0006657006025389234
ARACAJU,2016-01-01,2016,-0.0007366592828230567
ARACAJU,2016-02-01,2016,-0.0005611565592843182
ARACAJU,2016-03-01,2016,-0.00025230731521089125
ARACAJU,2016-04-01,2016,2.9738777061696363e-05
ARACAJU,2016-05-01,2016,0.0001119295454754532
ARACAJU,2016-06-01,2016,0.00022099678089525286
ARACAJU,2016-07-01,2016,0.00011557158905217357
ARACAJU,2016-08-01,2016,-0.0003397732810520604
ARACAJU,2016-09-01,2016,-0.00026632087047761876
ARACAJU,2016-10-01,2016,0.00013900393275387057
ARACAJU,2016-11-01,2016,0.00014968207725753467
ARACAJU,2016-12-01,2016,0.0003594316589827451
ARACAJU,2017-01-01,2017,0.0005405422973654273
ARACAJU,2017-02-01,2017,0.00018004248009979463
ARACAJU,2017-03-01,2017,-0.00040212970014880003
ARACAJU,2017-04-01,2017,-0.00047953195574993
ARACAJU,2017-05-01,2017,-0.0007398525117803479
ARACAJU,2017-06-01,2017,-0.0007967293160130273
ARACAJU,2017-07-01,2017,-0.0008770999374750587
ARACAJU,2017-08-01,2017,-0.0014944868388418852
ARACAJU,2017-09-01,2017,-0.0016895341544217513
ARACAJU,2017-10-01,2017,-0.0017324071163847031
ARACAJU,2017-11-01,2017,-0.0019041664713734764
ARACAJU,2017-12-01,2017,-0.0023787735648452945
ARACAJU,2018-01-01,2018,-0.0024415117090559224
ARACAJU,2018-02-01,2018,-0.0021766352987615547
ARACAJU,2018-03-01,2018,-0.0020647219008719433
ARACAJU,2018-04-01,2018,-0.002277037337885146
ARACAJU,2018-05-01,2018,-0.002453913553358308
ARACAJU,2018-06-01,2018,-0.002276958860077973
ARACAJU,2018-07-01,2018,-0.0018643857946564258
ARACAJU,2018-08-01,2018,-0.0018294438093246824
ARACAJU,2018-09-01,2018,-0.0018681787864509747
ARACAJU,2018-10-01,2018,-0.0018029769873460022
ARACAJU,2018-11-01,2018,-0.0017648691188111754
ARACAJU,2018-12-01,2018,-0.001768511083726948
ARACAJU,2019-01-01,2019,-0.0016157211495663449
ARACAJU,2019-02-01,2019,-0.0015343716506629789
ARACAJU,2019-03-01,2019,-0.0013237087662344338
ARACAJU,2019-04-01,2019,-0.0009558773686003597
ARACAJU,2019-05-01,2019,-0.0005875159411811736
ARACAJU,2019-06-01,2019,-0.0006812911334703964
ARACAJU,2019-07-01,2019,-0.0008804057279817179
ARACAJU,2019-08-01,2019,-0.0007267330717872699
ARACAJU,2019-09-01,2019,-0.0008061898976540993
ARACAJU,2019-10-01,2019,-0.0009703591514792964
ARACAJU,2019-11-01,2019,-0.0010147205091559763
ARACAJU,2019-12-01,2019,-0.0009169333569857618
ARACAJU,2020-01-01,2020,-0.0010627481282407202
ARACAJU,2020-02-01,2020,-0.001106461494245662
ARACAJU,2020-03-01,2020,-0.0007266979441211319
ARACAJU,2020-04-01,2020,-0.00026099218534150537
ARACAJU,2020-05-01,2020,-0.0003855746159707862
ARACAJU,2020-06-01,2020,-0.0006088105290465529
ARACAJU,2020-07-01,2020,-0.00045824648213664944
ARACAJU,2020-08-01,2020,-3.0213185538746636e-05
ARACAJU,2020-09-01,2020,-0.00037372067280079025
ARACAJU,2020-10-01,2020,-0.0004419826074379518
ARACAJU,2020-11-01,2020,0.00041187380669267305
ARACAJU,2020-12-01,2020,0.00033022318259872676
ARACAJU,2021-01-01,2021,-0.0002130503145764462
ARACAJU,2021-02-01,2021,-0.00032197293583849596
ARACAJU,2021-03-01,2021,-8.763250969842317e-05
ARACAJU,2021-04-01,2021,0.00024702707788310186
ARACAJU,2021-05-01,2021,0.00026617772681723604
ARACAJU,2021-06-01,2021,0.00018940939508792608
ARACAJU,2021-07-01,2021,-4.034176290315994e-05
ARACAJU,2021-08-01,2021,-0.00024450686351126685
ARACAJU,2021-09-01,2021,5.9985456093709643e-05
ARACAJU,2021-10-01,2021,-0.00012011394085879923
ARACAJU,2021-11-01,2021,-0.00036826334327255016
ARACAJU,2021-12-01,2021,-0.0005807143037618456
ARACAJU,2022-01-01,2022,-0.0010182369013710323
ARACAJU,2022-02-01,2022,-0.0013384653568390913
ARACAJU,2022-03-01,2022,-0.0006613125462020353
ARACAJU,2022-04-01,2022,-0.0006929325996909241
ARACAJU,2022-05-01,2022,-0.0006892723568296688
ARACAJU,2022-06-01,2022,-0.0006887347187658011
ARACAJU,2022-07-01,2022,-0.0003177911049036719
ARACAJU,2022-08-01,2022,-0.00046455801563218604
ARACAJU,2022-09-01,2022,-2.478439912483643e-05
ARACAJU,2022-10-01,2022,-0.0001153524243088111
ARACAJU,2022-11-01,2022,-0.0004197622329029449
ARACAJU,2022-12-01,2022,-0.00024842339106806
ARACAJU,2023-01-01,2023,-0.00032002594260085006
ARACAJU,2023-02-01,2023,-0.00024627769481173065
ARACAJU,2023-03-01,2023,-5.639317133218969e-05
ARACAJU,2023-04-01,2023,-0.00014289663211595305
ARACAJU,2023-05-01,2023,0.00013819130767272925
ARACAJU,2023-06-01,2023,-0.00028131848427092156
ARACAJU,2023-07-01,2023,-0.00014133154980904282
ARACAJU,2023-08-01,2023,-0.00010506210675378935
ARACAJU,2023-09-01,2023,0.0003591847942681037
ARACAJU,2023-10-01,2023,0.0008614031358291185
ARACAJU,2023-11-01,2023,0.0008922022998306812
ARACAJU,2023-12-01,2023,0.0009194549256358375
ARACAJU,2024-01-01,2024,0.0010238207372077657
ARACAJU,2024-02-01,2024,0.0010532641208929083
ARACAJU,2024-03-01,2024,0.001164417958293692
ARACAJU,2024-04-01,2024,0.001137776758211465
ARACAJU,2024-05-01,2024,0.0010985355988606415
ARACAJU,2024-06-01,2024,0.0014502626415427967
ARACAJU,2024-07-01,2024,0.0016267144567910653
ARACAJU,2024-08-01,2024,0.0014508038347767493
ARACAJU,2024-09-01,2024,0.0014521157589952804
ARACAJU,2024-10-01,2024,0.0012959395089305015
ARACAJU,2024-11-01,2024,0.000602448478283395
ARACAJU,2024-12-01,2024,0.0007117024572476727
ARACAJU,2025-01-01,2025,0.0008378148396547159
ARACAJU,2025-02-01,2025,0.00097622997285008
ARACAJU,2025-03-01,2025,0.0010596722084743305
ARACAJU,2025-04-01,2025,0.0010692130620311414
ARACAJU,2025-05-01,2025,0.0008047633235998186
ARACAJU,2025-06-01,2025,0.0008792933118657476
ARACAJU,2025-07-01,2025,0.0007709064135429721
ARACAJU,2025-08-01,2025,-4.038390724611318e-05
ARACAJU,2025-09-01,2025,-0.001128467320293839
ARACAJU,2025-10-01,2025,-0.0009345345019037421
ARACAJU,2025-11-01,2025,-0.001063400746176193
ARACAJU,2025-12-01,2025,-0.000981858441004141
ARACAJU,2026-01-01,2026,-0.00101959377032944
ARACAJU,2026-02-01,2026,-0.0009796877919717817
ARACAJU,2026-03-01,2026,-0.001212751802829154
ARACAJU,2026-04-01,2026,-0.0010720238499212164
ARACAJU,2026-05-01,2026,-0.0010337281832955836
ARACAJU,2026-06-01,2026,-0.001135555338831029
ARACAJU,2026-07-01,2026,-0.0009750882996417776
ARACAJU,2026-08-01,2026,-0.0007710699869534632
ARACAJU,2026-09-01,2026,-0.0007173867279126578
ARACAJU,2026-10-01,2026,-0.0006736964494279929
ARACAJU,2026-11-01,2026,-0.0002858040441134102
ARACAJU,2026-12-01,2026,-0.0007779426602595285
ARACAJU,2027-01-01,2027,-0.0009898535580712465
ARACAJU,2027-02-01,2027,-0.0008015844432505758
ARACAJU,2027-03-01,2027,-0.0007101470622710726
ARACAJU,2027-04-01,2027,-0.0003322090229994379
ARACAJU,2027-05-01,2027,-0.0002600911096321401
ARACAJU,2027-06-01,2027,-0.0003340621437855096
ARACAJU,2027-07-01,2027,-8.522481321922793e-05
ARACAJU,2027-08-01,2027,-0.0002914013719992847
ARACAJU,2027-09-01,2027,-0.0002258843575423919
ARACAJU,2027-10-01,2027,-9.98434831525552e-05
ARACAJU,2027-11-01,2027,0.0004252225674396326
ARACAJU,2027-12-01,2027,0.0003868475768142432
ARACAJU,2028-01-01,2028,0.000376241510210833
ARACAJU,2028-02-01,2028,0.0005217077044173001
ARACAJU,2028-03-01,2028,0.0012105683238300058
ARACAJU,2028-04-01,2028,0.0015381923952373277
ARACAJU,2028-05-01,2028,0.0014755736061447167
ARACAJU,2028-06-01,2028,0.0015035807856566385
ARACAJU,2028-07-01,2028,0.00145723076346838
ARACAJU,2028-08-01,2028,0.0012172224874853843
ARACAJU,2028-09-01,2028,0.001361217432155155
ARACAJU,2028-10-01,2028,0.0009615500933675903
ARACAJU,2028-11-01,2028,0.0010166705004442677
ARACAJU,2028-12-01,2028,0.0009112100963117254
ARACAJU,2029-01-01,2029,0.0007908685327313348
ARACAJU,2029-02-01,2029,0.0008210655655727472
ARACAJU,2029-03-01,2029,0.0008008233385343932
ARACAJU,2029-04-01,2029,0.0008607920797310709
ARACAJU,2029-05-01,2029,0.001064929953647451
ARACAJU,2029-06-01,2029,0.0010838922809340845
ARACAJU,2029-07-01,2029,0.0015107631575954894
ARACAJU,2029-08-01,2029,0.0018003650859973064
ARACAJU,2029-09-01,2029,0.00143435001642512
ARACAJU,2029-10-01,2029,0.0012260933107299777
ARACAJU,2029-11-01,2029,0.001568931080494702
ARACAJU,2029-12-01,2029,0.0016702626116525876
ARACAJU,2030-01-01,2030,0.0017339590329854303
ARACAJU,2030-02-01,2030,0.0020050473295668346
ARACAJU,2030-03-01,2030,0.002319559045053313
ARACAJU,2030-04-01,2030,0.0022324309569869694
ARACAJU,2030-05-01,2030,0.0024925056941653067
ARACAJU,2030-06-01,2030,0.0031469641535358593
ARACAJU,2030-07-01,2030,0.002551104359442541
ARACAJU,2030-08-01,2030,0.0030888958654680145
ARACAJU,2030-09-01,2030,0.003673726533243139
ARACAJU,2030-10-01,2030,0.0034398050663857704
ARACAJU,2030-11-01,2030,0.0035220739874374084
ARACAJU,2030-12-01,2030,0.003622450472125763
ARACAJU,2031-01-01,2031,0.0035785739431678453
ARACAJU,2031-02-01,2031,0.004242808781094159
ARACAJU,2031-03-01,2031,0.004621418891352885
ARACAJU,2031-04-01,2031,0.004320538483217089
ARACAJU,2031-05-01,2031,0.0042303437791997
ARACAJU,2031-06-01,2031,0.004582481703922811
ARACAJU,2031-07-01,2031,0.0045933433430051665
ARACAJU,2031-08-01,2031,0.004773932787546743
ARACAJU,2031-09-01,2031,0.005300941108057716
ARACAJU,2031-10-01,2031,0.005427823413488201
ARACAJU,2031-11-01,2031,0.005246216007936605
ARACAJU,2031-12-01,2031,0.005282797163088101
ARACAJU,2032-01-01,2032,0.0054022111882187675
ARACAJU,2032-02-01,2032,0.005472639619999771
ARACAJU,2032-03-01,2032,0.005112247083261919
ARACAJU,2032-04-01,2032,0.004888298168465325
ARACAJU,2032-05-01,2032,0.005157451965484461
ARACAJU,2032-06-01,2032,0.0048027257622153515
ARACAJU,2032-07-01,2032,0.004391665888798798
ARACAJU,2032-08-01,2032,0.0045402059222534805
ARACAJU,2032-09-01,2032,0.0044408944584817004
ARACAJU,2032-10-01,2032,0.004338323376406449
ARACAJU,2032-11-01,2032,0.00409412579740961
ARACAJU,2032-12-01,2032,0.003663274906371988
ARACAJU,2033-01-01,2033,0.003397661048051146
ARACAJU,2033-02-01,2033,0.0028467787371903117
ARACAJU,2033-03-01,2033,0.0029065197778180164
ARACAJU,2033-04-01,2033,0.002589682129768087
ARACAJU,2033-05-01,2033,0.002276068937397643
ARACAJU,2033-06-01,2033,0.0020128181649576205
ARACAJU,2033-07-01,2033,0.0022740310087583314
ARACAJU,2033-08-01,2033,0.0022252460336308266
ARACAJU,2033-09-01,2033,0.002173094851866729
ARACAJU,2033-10-01,2033,0.0023837820416768474
ARACAJU,2033-11-01,2033,0.002762172407615111
ARACAJU,2033-12-01,2033,0.0031614877691225475
ARACAJU,2034-01-01,2034,0.003604992028977758
ARACAJU,2034-02-01,2034,0.0033799711542041944
ARACAJU,2034-03-01,2034,0.003692254367046696
ARACAJU,2034-04-01,2034,0.004003330123341309
ARACAJU,2034-05-01,2034,0.003978197333109016
ARACAJU,2034-06-01,2034,0.004399379416189848
ARACAJU,2034-07-01,2034,0.004668019502186468
ARACAJU,2034-08-01,2034,0.0044900418497114515
ARACAJU,2034-09-01,2034,0.004404999459215167
ARACAJU,2034-10-01,2034,0.00450535909234551
ARACAJU,2034-11-01,2034,0.004768264436669386
ARACAJU,2034-12-01,2034,0.004899163216262326
ARACAJU,2035-01-01,2035,0.004767875534042473
ARACAJU,2035-02-01,2035,0.004329314021010143
ARACAJU,2035-03-01,2035,0.00430308352875039
ARACAJU,2035-04-01,2035,0.004659062574135355
ARACAJU,2035-05-01,2035,0.00475240122811516
ARACAJU,2035-06-01,2035,0.004676975882590928
ARACAJU,2035-07-01,2035,0.004631179482813113
ARACAJU,2035-08-01,2035,0.0044874265121693105
ARACAJU,2035-09-01,2035,0.00476283912645558
ARACAJU,2035-10-01,2035,0.004650980404633719
ARACAJU,2035-11-01,2035,0.0042815487612834265
ARACAJU,2035-12-01,2035,0.0037660389002279015
ARACAJU,2036-01-01,2036,0.0038571371619107652
ARACAJU,2036-02-01,2036,0.0037450187963625147
ARACAJU,2036-03-01,2036,0.003999520195520133
ARACAJU,2036-04-01,2036,0.004251401238587464
ARACAJU,2036-05-01,2036,0.004160661244121303
ARACAJU,2036-06-01,2036,0.003853465701549378
ARACAJU,2036-07-01,2036,0.003790979091218606
ARACAJU,2036-08-01,2036,0.003728501978453125
ARACAJU,2036-09-01,2036,0.00320316714735974
ARACAJU,2036-10-01,2036,0.0030463471511011963
ARACAJU,2036-11-01,2036,0.0025292207869985718
ARACAJU,2036-12-01,2036,0.002272672395570504
ARACAJU,2037-01-01,2037,0.0014419582475839643
ARACAJU,2037-02-01,2037,0.0012520303561862067
ARACAJU,2037-03-01,2037,0.0011116863684065982
ARACAJU,2037-04-01,2037,0.0014321664179267812
ARACAJU,2037-05-01,2037,0.001595746846865692
ARACAJU,2037-06-01,2037,0.0017904331131653472
ARACAJU,2037-07-01,2037,0.0009725300218178324
ARACAJU,2037-08-01,2037,0.0009165563856173287
ARACAJU,2037-09-01,2037,0.0006566251902407317
ARACAJU,2037-10-01,2037,-6.602866585931456e-05
ARACAJU,2037-11-01,2037,0.0004800408463209005
ARACAJU,2037-12-01,2037,0.0005472479745755421
ARACAJU,2038-01-01,2038,0.0011236927010821519
ARACAJU,2038-02-01,2038,0.0016022635833531985
ARACAJU,2038-03-01,2038,0.0013926527091655872
ARACAJU,2038-04-01,2038,0.001461345824953736
ARACAJU,2038-05-01,2038,0.0022602442323672233
ARACAJU,2038-06-01,2038,0.002113308718984681
ARACAJU,2038-07-01,2038,0.0017807315115856404
ARACAJU,2038-08-01,2038,0.0013654280711630762
ARACAJU,2038-09-01,2038,0.00048691026576856087
ARACAJU,2038-10-01,2038,0.0006835610639895628
ARACAJU,2038-11-01,2038,0.0003081306013542717
ARACAJU,2038-12-01,2038,-5.4573221832716625e-05
ARACAJU,2039-01-01,2039,0.000980222096018225
ARACAJU,2039-02-01,2039,0.0016280025175469115
ARACAJU,2039-03-01,2039,0.0015656274592650255
ARACAJU,2039-04-01,2039,0.002099823525762405
ARACAJU,2039-05-01,2039,0.0022765396966990025
ARACAJU,2039-06-01,2039,0.0024338817462162834
ARACAJU,2039-07-01,2039,0.0019367035928480646
ARACAJU,2039-08-01,2039,0.0018578557926981498
ARACAJU,2039-09-01,2039,0.0016679399964897867
ARACAJU,2039-10-01,2039,0.0012024819469816895
ARACAJU,2039-11-01,2039,0.0015254960336027878
ARACAJU,2039-12-01,2039,0.0014513283931032117
BELEM,2010-01-01,2010,0.0
BELEM,2010-02-01,2010,0.0
BELEM,2010-03-01,2010,0.0
BELEM,2010-04-01,2010,-0.00010632856078595987
BELEM,2010-05-01,2010,-0.00025298062525154984
BELEM,2010-06-01,2010,-0.000288650432416685
BELEM,2010-07-01,2010,-0.0004312967195002959
BELEM,2010-08-01,2010,-0.0002578597703135055
BELEM,2010-09-01,2010,-0.0003422053818471815
BELEM,2010-10-01,2010,-0.0004449206179270926
BELEM,2010-11-01,2010,-0.0006299850721527323
BELEM,2010-12-01,2010,-0.0008166565916532976
BELEM,2011-01-01,2011,-0.000977241860546686
BELEM,2011-02-01,2011,-0.0012299277686761822
BELEM,2011-03-01,2011,-0.0013121780721235853
BELEM,2011-04-01,2011,-0.001315875361513693
BELEM,2011-05-01,2011,-0.0013828778635584138
BELEM,2011-06-01,2011,-0.0012478663117239663
BELEM,2011-07-01,2011,-0.0012728838596190372
BELEM,2011-08-01,2011,-0.0011989535821124008
BELEM,2011-09-01,2011,-0.001152621292061131
BELEM,2011-10-01,2011,-0.001340469204715996
BELEM,2011-11-01,2011,-0.001369139294019358
BELEM,2011-12-01,2011,-0.0014031091959477427
BELEM,2012-01-01,2012,-0.001341260326842908
BELEM,2012-02-01,2012,-0.0015641198611873164
BELEM,2012-03-01,2012,-0.0014980814898679984
BELEM,2012-04-01,2012,-0.0013637696223922657
BELEM,2012-05-01,2012,-0.0012645405634726114
BELEM,2012-06-01,2012,-0.0011110083596743037
BELEM,2012-07-01,2012,-0.0009370792084977476
BELEM,2012-08-01,2012,-0.0009465773869367877
BELEM,2012-09-01,2012,-0.0008601130552026615
BELEM,2012-10-01,2012,-0.00068843397403343
BELEM,2012-11-01,2012,-0.0004168965153773363
BELEM,2012-12-01,2012,-0.00030215779008772593
BELEM,2013-01-01,2013,-0.0002354233431442776
BELEM,2013-02-01,2013,5.3742393831490706e-06
BELEM,2013-03-01,2013,0.0006926535217804552
BELEM,2013-04-01,2013,0.0006717974051779474
BELEM,2013-05-01,2013,0.0006729805033613423
BELEM,2013-06-01,2013,0.0007463095837296896
BELEM,2013-07-01,2013,0.0007257366541875132
BELEM,2013-08-01,2013,0.0007159917055494081
BELEM,2013-09-01,2013,0.000794101523482017
BELEM,2013-10-01,2013,0.0007856490787959114
BELEM,2013-11-01,2013,0.0006964472942101407
BELEM,2013-12-01,2013,0.000698762212977324
BELEM,2014-01-01,2014,0.0010016484172811714
BELEM,2014-02-01,2014,0.0015651607162960757
BELEM,2014-03-01,2014,0.0018746328142081215
BELEM,2014-04-01,2014,0.0018597502883061423
BELEM,2014-05-01,2014,0.0017280837374863845
BELEM,2014-06-01,2014,0.0022199140933273197
BELEM,2014-07-01,2014,0.002520831929672094
BELEM,2014-08-01,2014,0.0026725307555831358
BELEM,2014-09-01,2014,0.0027787232974482625
BELEM,2014-10-01,2014,0.0028532617461146446
BELEM,2014-11-01,2014,0.0029052515196586735
BELEM,2014-12-01,2014,0.0031481042696794104
BELEM,2015-01-01,2015,0.0031058725795758257
BELEM,2015-02-01,2015,0.0030295399854593295
BELEM,2015-03-01,2015,0.0030257434922809777
BELEM,2015-04-01,2015,0.003080289583532447
BELEM,2015-05-01,2015,0.0029348548890545767
BELEM,2015-06-01,2015,0.002759677821708467
BELEM,2015-07-01,2015,0.0025614076221215144
BELEM,2015-08-01,2015,0.0024942017026632203
BELEM,2015-09-01,2015,0.002725850699125063
BELEM,2015-10-01,2015,0.0018089811941078239
BELEM,2015-11-01,2015,0.002086836612167786
BELEM,2015-12-01,2015,0.0022140803584969095
BELEM,2016-01-01,2016,0.0018535503464639836
BELEM,2016-02-01,2016,0.0019644874182583516
BELEM,2016-03-01,2016,0.00221902141004382
BELEM,2016-04-01,2016,0.0023774484992149015
BELEM,2016-05-01,2016,0.0027037572170539414
BELEM,2016-06-01,2016,0.0030678160071290327
BELEM,2016-07-01,2016,0.0030125165185307247
BELEM,2016-08-01,2016,0.0031457802584844963
BELEM,2016-09-01,2016,0.002619216948203037
BELEM,2016-10-01,2016,0.002856462326918344
BELEM,2016-11-01,2016,0.0030793374288998654
BELEM,2016-12-01,2016,0.0033361540637439546
BELEM,2017-01-01,2017,0.003140445649439505
BELEM,2017-02-01,2017,0.0030953180477552777
BELEM,2017-03-01,2017,0.0031493509376482407
BELEM,2017-04-01,2017,0.0034174013388878466
BELEM,2017-05-01,2017,0.0035323804264575332
BELEM,2017-06-01,2017,0.0036619867905234504
BELEM,2017-07-01,2017,0.00351298595219561
BELEM,2017-08-01,2017,0.0036025538717574146
BELEM,2017-09-01,2017,0.003677108684676047
BELEM,2017-10-01,2017,0.0037175220431232537
BELEM,2017-11-01,2017,0.003872433371110238
BELEM,2017-12-01,2017,0.0042720665612956945
BELEM,2018-01-01,2018,0.004550161352205495
BELEM,2018-02-01,2018,0.005080850864999744
BELEM,2018-03-01,2018,0.005285681063859217
BELEM,2018-04-01,2018,0.005283344568365611
BELEM,2018-05-01,2018,0.00548536890180319
BELEM,2018-06-01,2018,0.00601307279525181
BELEM,2018-07-01,2018,0.006015771282374105
BELEM,2018-08-01,2018,0.006196925943179611
BELEM,2018-09-01,2018,0.0067017609581294935
BELEM,2018-10-01,2018,0.007282814730560511
BELEM,2018-11-01,2018,0.007530954452392022
BELEM,2018-12-01,2018,0.007394326949933139
BELEM,2019-01-01,2019,0.006983984910190945
BELEM,2019-02-01,2019,0.006911427121791227
BELEM,2019-03-01,2019,0.0066016443092927314
BELEM,2019-04-01,2019,0.0064851188504505865
BELEM,2019-05-01,2019,0.006388941102065583
BELEM,2019-06-01,2019,0.005652488709406048
BELEM,2019-07-01,2019,0.004734089355552702
BELEM,2019-08-01,2019,0.003990302071708088
BELEM,2019-09-01,2019,0.003926380881886501
BELEM,2019-10-01,2019,0.0040218368686447395
BELEM,2019-11-01,2019,0.004014610230421628
BELEM,2019-12-01,2019,0.003930952166321735
BELEM,2020-01-01,2020,0.0038900071506475986
BELEM,2020-02-01,2020,0.003842655611102992
BELEM,2020-03-01,2020,0.003427351712804365
BELEM,2020-04-01,2020,0.0034759917433197173
BELEM,2020-05-01,2020,0.003654020463823171
BELEM,2020-06-01,2020,0.0037475465656281104
BELEM,2020-07-01,2020,0.003610338163928696
BELEM,2020-08-01,2020,0.003410762563791605
BELEM,2020-09-01,2020,0.0032907701437571556
BELEM,2020-10-01,2020,0.0031850519340000825
BELEM,2020-11-01,2020,0.002963736061935647
BELEM,2020-12-01,2020,0.0028977328484202504
BELEM,2021-01-01,2021,0.002807540737791632
BELEM,2021-02-01,2021,0.002773328732858331
BELEM,2021-03-01,2021,0.002843523136377154
BELEM,2021-04-01,2021,0.0028973252862047726
BELEM,2021-05-01,2021,0.002831005437780089
BELEM,2021-06-01,2021,0.0027465603713428123
BELEM,2021-07-01,2021,0.0027205783299101517
BELEM,2021-08-01,2021,0.0026345689851175625
BELEM,2021-09-01,2021,0.002455594252320079
BELEM,2021-10-01,2021,0.0021441876454530427
BELEM,2021-11-01,2021,0.0021821908063313533
BELEM,2021-12-01,2021,0.002179272351283821
BELEM,2022-01-01,2022,0.0022523814870162384
BELEM,2022-02-01,2022,0.002199660835652143
BELEM,2022-03-01,2022,0.002178493064712418
BELEM,2022-04-01,2022,0.0020261517577516317
BELEM,2022-05-01,2022,0.0019949326915862675
BELEM,2022-06-01,2022,0.00199645629103942
BELEM,2022-07-01,2022,0.002292172006161447
BELEM,2022-08-01,2022,0.0023384413413039774
BELEM,2022-09-01,2022,0.0021671590639456974
BELEM,2022-10-01,2022,0.0019599865149759177
BELEM,2022-11-01,2022,0.0017941663511281435
BELEM,2022-12-01,2022,0.001429704948629089
BELEM,2023-01-01,2023,0.0013372921066614662
BELEM,2023-02-01,2023,0.001418862366496464
BELEM,2023-03-01,2023,0.0026854119488148977
BELEM,2023-04-01,2023,0.0027379687462778758
BELEM,2023-05-01,2023,0.0031484406507771433
BELEM,2023-06-01,2023,0.003702308493008658
BELEM,2023-07-01,2023,0.004067870554321752
BELEM,2023-08-01,2023,0.004638311380508673
BELEM,2023-09-01,2023,0.005116284373169271
BELEM,2023-10-01,2023,0.005509262391303493
BELEM,2023-11-01,2023,0.005958715916527492
BELEM,2023-12-01,2023,0.00658924884313136
BELEM,2024-01-01,2024,0.00663499249413267
BELEM,2024-02-01,2024,0.006697109568109334
BELEM,2024-03-01,2024,0.007373755286660997
BELEM,2024-04-01,2024,0.007660922938586319
BELEM,2024-05-01,2024,0.007559631009188527
BELEM,2024-06-01,2024,0.0076547191406622864
BELEM,2024-07-01,2024,0.0072234700803853495
BELEM,2024-08-01,2024,0.007059506984445276
BELEM,2024-09-01,2024,0.006958933134049511
BELEM,2024-10-01,2024,0.006988377432960241
BELEM,2024-11-01,2024,0.006943339929620347
BELEM,2024-12-01,2024,0.007167648108556915
BELEM,2025-01-01,2025,0.007345101465267303
BELEM,2025-02-01,2025,0.007386733301916535
BELEM,2025-03-01,2025,0.00784051701575081
BELEM,2025-04-01,2025,0.007910929762911544
BELEM,2025-05-01,2025,0.00780797526236322
BELEM,2025-06-01,2025,0.007555944220422426
BELEM,2025-07-01,2025,0.0071068437207163744
BELEM,2025-08-01,2025,0.006544028147770522
BELEM,2025-09-01,2025,0.006133377260404952
BELEM,2025-10-01,2025,0.005820303516947936
BELEM,2025-11-01,2025,0.005389167382763831
BELEM,2025-12-01,2025,0.005253901215516174
BELEM,2026-01-01,2026,0.004912099785627143
BELEM,2026-02-01,2026,0.004840126983104569
BELEM,2026-03-01,2026,0.004521862869712343
BELEM,2026-04-01,2026,0.004549683018117161
BELEM,2026-05-01,2026,0.00383432499339836
BELEM,2026-06-01,2026,0.004242702222266995
BELEM,2026-07-01,2026,0.00426237445341849
BELEM,2026-08-01,2026,0.0038815509064330077
BELEM,2026-09-01,2026,0.003765050620773197
BELEM,2026-10-01,2026,0.0038031218458460412
BELEM,2026-11-01,2026,0.003952879842453956
BELEM,2026-12-01,2026,0.0035947944585135463
BELEM,2027-01-01,2027,0.0032993931528289733
BELEM,2027-02-01,2027,0.0030581189649841888
BELEM,2027-03-01,2027,0.0028665235365396636
BELEM,2027-04-01,2027,0.002814060223365351
BELEM,2027-05-01,2027,0.0024856472031943755
BELEM,2027-06-01,2027,0.0022463784149362575
BELEM,2027-07-01,2027,0.0023010102186103065
BELEM,2027-08-01,2027,0.0022889246170386423
BELEM,2027-09-01,2027,0.0022092012254675453
BELEM,2027-10-01,2027,0.0020972634869805616
BELEM,2027-11-01,2027,0.0019584521370352172
BELEM,2027-12-01,2027,0.0017328403569284124
BELEM,2028-01-01,2028,0.001607098615656495
BELEM,2028-02-01,2028,0.0016167751647137175
BELEM,2028-03-01,2028,0.001597193002783317
BELEM,2028-04-01,2028,0.00160272764816616
BELEM,2028-05-01,2028,0.0015707763114493811
BELEM,2028-06-01,2028,0.0017061008736839335
BELEM,2028-07-01,2028,0.0016322955300655695
BELEM,2028-08-01,2028,0.0017693893481022915
BELEM,2028-09-01,2028,0.0018800536464869799
BELEM,2028-10-01,2028,0.0018183454124131525
BELEM,2028-11-01,2028,0.0017951536301675452
BELEM,2028-12-01,2028,0.0017862782684844591
BELEM,2029-01-01,2029,0.0017585553591074642
BELEM,2029-02-01,2029,0.001810301605345752
BELEM,2029-03-01,2029,0.0015753367236670168
BELEM,2029-04-01,2029,0.0017397210384242346
BELEM,2029-05-01,2029,0.0017207579244025817
BELEM,2029-06-01,2029,0.0015620216434288647
BELEM,2029-07-01,2029,0.0012516936190185447
BELEM,2029-08-01,2029,0.0014304262445252447
BELEM,2029-09-01,2029,0.0015178058897991242
BELEM,2029-10-01,2029,0.0014980719133321308
BELEM,2029-11-01,2029,0.0013483967516431928
BELEM,2029-12-01,2029,0.0007372934985178492
BELEM,2030-01-01,2030,0.0005833670833917648
BELEM,2030-02-01,2030,0.000598418473596104
BELEM,2030-03-01,2030,0.00045815790734065833
BELEM,2030-04-01,2030,0.00037840878236102384
BELEM,2030-05-01,2030,3.632815262639255e-05
BELEM,2030-06-01,2030,8.877361172707321e-05
BELEM,2030-07-01,2030,5.9823259946675255e-05
BELEM,2030-08-01,2030,6.063657006143197e-05
BELEM,2030-09-01,2030,3.739889255384599e-05
BELEM,2030-10-01,2030,-3.172198468129994e-05
BELEM,2030-11-01,2030,8.530784153587212e-05
BELEM,2030-12-01,2030,1.4618108162266496e-05
BELEM,2031-01-01,2031,-4.063232449170839e-05
BELEM,2031-02-01,2031,-7.7151375468556e-05
BELEM,2031-03-01,2031,-0.00019025254344176012
BELEM,2031-04-01,2031,-0.0001789995252102028
BELEM,2031-05-01,2031,-0.0005516453679952271
BELEM,2031-06-01,2031,-0.0006128808588934387
BELEM,2031-07-01,2031,-0.0005702099150217476
BELEM,2031-08-01,2031,-0.0006095901240069923
BELEM,2031-09-01,2031,-0.0005263609756352972
BELEM,2031-10-01,2031,-0.0008061457975745023
BELEM,2031-11-01,2031,-0.0011727059538216966
BELEM,2031-12-01,2031,-0.0011586250176351298
BELEM,2032-01-01,2032,-0.0012010806543022124
BELEM,2032-02-01,2032,-0.0011127922749464615
BELEM,2032-03-01,2032,-0.0011418798493479266
BELEM,2032-04-01,2032,-0.0013057198645126478
BELEM,2032-05-01,2032,-0.001069455713517865
BELEM,2032-06-01,2032,-0.0011361543938531848
BELEM,2032-07-01,2032,-0.0012115610794709852
BELEM,2032-08-01,2032,-0.0014446821205662485
BELEM,2032-09-01,2032,-0.0014226286467351713
BELEM,2032-10-01,2032,-0.0014020459570036792
BELEM,2032-11-01,2032,-0.0016960159789446705
BELEM,2032-12-01,2032,-0.001767044866441899
BELEM,2033-01-01,2033,-0.0016960096972095907
BELEM,2033-02-01,2033,-0.0017430095614337437
BELEM,2033-03-01,2033,-0.0018192609409083682
BELEM,2033-04-01,2033,-0.0017227545132890766
BELEM,2033-05-01,2033,-0.0015840329770353612
BELEM,2033-06-01,2033,-0.0015990940238022578
BELEM,2033-07-01,2033,-0.0017268391645044268
BELEM,2033-08-01,2033,-0.001735953748364444
BELEM,2033-09-01,2033,-0.0017808406731899206
BELEM,2033-10-01,2033,-0.0018652121607318761
BELEM,2033-11-01,2033,-0.002014197772570222
BELEM,2033-12-01,2033,-0.0021442258784422352
BELEM,2034-01-01,2034,-0.002166426649682206
BELEM,2034-02-01,2034,-0.0021233440200328435
BELEM,2034-03-01,2034,-0.002128472825282004
BELEM,2034-04-01,2034,-0.002069499472956442
BELEM,2034-05-01,2034,-0.0021556991984111574
BELEM,2034-06-01,2034,-0.002318035001431501
BELEM,2034-07-01,2034,-0.002326882739581392
BELEM,2034-08-01,2034,-0.0023342904841181246
BELEM,2034-09-01,2034,-0.0024118459445966033
BELEM,2034-10-01,2034,-0.0022888997919496023
BELEM,2034-11-01,2034,-0.002204738474403716
BELEM,2034-12-01,2034,-0.0020038543492252804
BELEM,2035-01-01,2035,-0.0019299605085087346
BELEM,2035-02-01,2035,-0.0018415228175227294
BELEM,2035-03-01,2035,-0.0017768136352664555
BELEM,2035-04-01,2035,-0.0019883473795810026
BELEM,2035-05-01,2035,-0.002188220862940774
BELEM,2035-06-01,2035,-0.0021322174963902805
BELEM,2035-07-01,2035,-0.002001715269644858
BELEM,2035-08-01,2035,-0.002029713476164815
BELEM,2035-09-01,2035,-0.0018935317797624518
BELEM,2035-10-01,2035,-0.001845565187336774
BELEM,2035-11-01,2035,-0.0017763490021856143
BELEM,2035-12-01,2035,-0.0016426397134839477
BELEM,2036-01-01,2036,-0.0010489312098468117
BELEM,2036-02-01,2036,-0.0010370937285432713
BELEM,2036-03-01,2036,-0.0008760446533560263
BELEM,2036-04-01,2036,-0.0007105210576731557
BELEM,2036-05-01,2036,-0.0005151466780225989
BELEM,2036-06-01,2036,-0.0004098604023896035
BELEM,2036-07-01,2036,-0.0004154064254141254
BELEM,2036-08-01,2036,-0.0004290982257714571
BELEM,2036-09-01,2036,-0.0004961705401222361
BELEM,2036-10-01,2036,-0.00048145909077671134
BELEM,2036-11-01,2036,-0.0006043222820821626
BELEM,2036-12-01,2036,-0.0006720653989383829
BELEM,2037-01-01,2037,-0.000844489068612737
BELEM,2037-02-01,2037,-0.0009300992654134054
BELEM,2037-03-01,2037,-0.0009615929051355254
BELEM,2037-04-01,2037,-0.0010450394982396095
BELEM,2037-05-01,2037,-0.00118701711049067
BELEM,2037-06-01,2037,-0.0010303007987019807
BELEM,2037-07-01,2037,-0.0008375636967833022
BELEM,2037-08-01,2037,-0.0009515041374045063
BELEM,2037-09-01,2037,-0.0011091612174558417
BELEM,2037-10-01,2037,-0.0012665395665493173
BELEM,2037-11-01,2037,-0.0013177336329132905
BELEM,2037-12-01,2037,-0.0012687417779391808
BELEM,2038-01-01,2038,-0.0010452586669558205
BELEM,2038-02-01,2038,-0.0010583547811814254
BELEM,2038-03-01,2038,-0.0010119631394756201
BELEM,2038-04-01,2038,-0.0011124876588485433
BELEM,2038-05-01,2038,-0.0011902649322154458
BELEM,2038-06-01,2038,-0.0011191282597537088
BELEM,2038-07-01,2038,-0.0011082084725481678
BELEM,2038-08-01,2038,-0.0012747117750163339
BELEM,2038-09-01,2038,-0.0011162074492409623
BELEM,2038-10-01,2038,-0.0010770486631110565
BELEM,2038-11-01,2038,-0.0010663975891204425
BELEM,2038-12-01,2038,-0.00082478333412763
BELEM,2039-01-01,2039,-0.0008822123038573482
BELEM,2039-02-01,2039,-0.0007696958001322185
BELEM,2039-03-01,2039,-0.0007492123513129201
BELEM,2039-04-01,2039,-0.0006707676538768148
BELEM,2039-05-01,2039,-0.0005855800529243915
BELEM,2039-06-01,2039,-0.00044134951826218074
BELEM,2039-07-01,2039,-0.0004763579160104836
BELEM,2039-08-01,2039,-0.0004126251954088422
BELEM,2039-09-01,2039,-0.00022777915060283926
BELEM,2039-10-01,2039,-0.00018150883649263981
BELEM,2039-11-01,2039,-0.00020582150352575933
BELEM,2039-12-01,2039,-0.00017191302190006086
BELO HORIZONTE,2010-01-01,2010,0.0
BELO HORIZONTE,2010-02-01,2010,0.0
BELO HORIZONTE,2010-03-01,2010,0.0
BELO HORIZONTE,2010-04-01,2010,-2.0668629706572794e-05
BELO HORIZONTE,2010-05-01,2010,-0.0003635843598074662
BELO HORIZONTE,2010-06-01,2010,-0.0004182158488191157
BELO HORIZONTE,2010-07-01,2010,-0.00024384690310170766
BELO HORIZONTE,2010-08-01,2010,-0.00021051442079092486
BELO HORIZONTE,2010-09-01,2010,-8.671920192506178e-05
BELO HORIZONTE,2010-10-01,2010,-0.0004366591409351217
BELO HORIZONTE,2010-11-01,2010,-0.00026243142779611595
BELO HORIZONTE,2010-12-01,2010,-0.00014431479536770043
BELO HORIZONTE,2011-01-01,2011,-4.013923686174925e-05
BELO HORIZONTE,2011-02-01,2011,-0.00015530884124692612
BELO HORIZONTE,2011-03-01,2011,-0.00040292708081441253
BELO HORIZONTE,2011-04-01,2011,-0.0006272139893228824
BELO HORIZONTE,2011-05-01,2011,-0.0005362339997466603
BELO HORIZONTE,2011-06-01,2011,-0.0008037952003852544
BELO HORIZONTE,2011-07-01,2011,-0.0007213299685452245
BELO HORIZONTE,2011-08-01,2011,-0.0007580189871181108
BELO HORIZONTE,2011-09-01,2011,-0.0006405483512757393
BELO HORIZONTE,2011-10-01,2011,-0.0006254041556446588
BELO HORIZONTE,2011-11-01,2011,-0.0006585855806759
BELO HORIZONTE,2011-12-01,2011,-0.0006140952791828158
BELO HORIZONTE,2012-01-01,2012,-0.0006821595315980766
BELO HORIZONTE,2012-02-01,2012,-0.0005878245130897486
BELO HORIZONTE,2012-03-01,2012,-0.0005742342657769073
BELO HORIZONTE,2012-04-01,2012,-0.0005735447334657617
BELO HORIZONTE,2012-05-01,2012,-0.0006341452613808574
BELO HORIZONTE,2012-06-01,2012,-0.0006079920920525828
BELO HORIZONTE,2012-07-01,2012,-0.0005818437777202401
BELO HORIZONTE,2012-08-01,2012,-0.0006183298382863756
BELO HORIZONTE,2012-09-01,2012,-0.0005835953243736436
BELO HORIZONTE,2012-10-01,2012,-0.0004963507196794203
BELO HORIZONTE,2012-11-01,2012,-0.0005216684748886258
BELO HORIZONTE,2012-12-01,2012,-0.0005260561448931566
BELO HORIZONTE,2013-01-01,2013,-0.0005421437537733553
BELO HORIZONTE,2013-02-01,2013,-0.00047227274292075295
BELO HORIZONTE,2013-03-01,2013,-0.0004432854063854197
BELO HORIZONTE,2013-04-01,2013,-0.00040638359111754506
BELO HORIZONTE,2013-05-01,2013,-0.0004274072540296425
BELO HORIZONTE,2013-06-01,2013,-0.000371907379921812
BELO HORIZONTE,2013-07-01,2013,-0.00044628817052737134
BELO HORIZONTE,2013-08-01,2013,-0.00045079416274814376
BELO HORIZONTE,2013-09-01,2013,-0.000417544383954519
BELO HORIZONTE,2013-10-01,2013,-0.0004613970933583478
BELO HORIZONTE,2013-11-01,2013,-0.000439374875889309
BELO HORIZONTE,2013-12-01,2013,-0.0004008034138956773
BELO HORIZONTE,2014-01-01,2014,-0.0003477689064796319
BELO HORIZONTE,2014-02-01,2014,-0.00022917034851250407
BELO HORIZONTE,2014-03-01,2014,-0.00020366523721653372
BELO HORIZONTE,2014-04-01,2014,-0.00011196030924864875
BELO HORIZONTE,2014-05-01,2014,0.0001218008912622992
BELO HORIZONTE,2014-06-01,2014,0.0002541721412480047
BELO HORIZONTE,2014-07-01,2014,8.462726239453988e-05
BELO HORIZONTE,2014-08-01,2014,-0.00022488774810192847
BELO HORIZONTE,2014-09-01,2014,-0.00015690474266181199
BELO HORIZONTE,2014-10-01,2014,8.98329855092328e-05
BELO HORIZONTE,2014-11-01,2014,-2.7111390517373655e-05
BELO HORIZONTE,2014-12-01,2014,-0.0002114524393603967
BELO HORIZONTE,2015-01-01,2015,-0.00017001023828444817
BELO HORIZONTE,2015-02-01,2015,-0.00046866723273797926
BELO HORIZONTE,2015-03-01,2015,-0.0004894224893137667
BELO HORIZONTE,2015-04-01,2015,-0.0006039096035840375
BELO HORIZONTE,2015-05-01,2015,-0.001159723547486128
BELO HORIZONTE,2015-06-01,2015,-0.0014904886521416294
BELO HORIZONTE,2015-07-01,2015,-0.00189409618754103
BELO HORIZONTE,2015-08-01,2015,-0.0021375646962851
BELO HORIZONTE,2015-09-01,2015,-0.002060331139827951
BELO HORIZONTE,2015-10-01,2015,-0.001830873766260277
BELO HORIZONTE,2015-11-01,2015,-0.0018476527702485646
BELO HORIZONTE,2015-12-01,2015,-0.0017437608027088035
BELO HORIZONTE,2016-01-01,2016,-0.0016394623384912643
BELO HORIZONTE,2016-02-01,2016,-0.0016181014498394609
BELO HORIZONTE,2016-03-01,2016,-0.0016172564008047397
BELO HORIZONTE,2016-04-01,2016,-0.001515153412313942
BELO HORIZONTE,2016-05-01,2016,-0.0011792205346402428
BELO HORIZONTE,2016-06-01,2016,-0.0011574843822626823
BELO HORIZONTE,2016-07-01,2016,-0.0006041333792277559
BELO HORIZONTE,2016-08-01,2016,-0.0006492366911213277
BELO HORIZONTE,2016-09-01,2016,-0.0006597493527015008
BELO HORIZONTE,2016-10-01,2016,-0.0007854666089015938
BELO HORIZONTE,2016-11-01,2016,-0.0008275741873298148
BELO HORIZONTE,2016-12-01,2016,-0.001086939125560308
BELO HORIZONTE,2017-01-01,2017,-0.0012874078809293232
BELO HORIZONTE,2017-02-01,2017,-0.001685245489458116
BELO HORIZONTE,2017-03-01,2017,-0.0023721838569917796
BELO HORIZONTE,2017-04-01,2017,-0.00275762171563935
BELO HORIZONTE,2017-05-01,2017,-0.0026693069302684237
BELO HORIZONTE,2017-06-01,2017,-0.002324750612462876
BELO HORIZONTE,2017-07-01,2017,-0.00222031348039629
BELO HORIZONTE,2017-08-01,2017,-0.002726112456898869
BELO HORIZONTE,2017-09-01,2017,-0.0031988428425203607
BELO HORIZONTE,2017-10-01,2017,-0.003642904236890829
BELO HORIZONTE,2017-11-01,2017,-0.004046897507728431
BELO HORIZONTE,2017-12-01,2017,-0.004159925825878473
BELO HORIZONTE,2018-01-01,2018,-0.004195939448361854
BELO HORIZONTE,2018-02-01,2018,-0.004125518023611635
BELO HORIZONTE,2018-03-01,2018,-0.003942823822468149
BELO HORIZONTE,2018-04-01,2018,-0.0038825767697607773
BELO HORIZONTE,2018-05-01,2018,-0.0038789820827073262
BELO HORIZONTE,2018-06-01,2018,-0.004022640931894001
BELO HORIZONTE,2018-07-01,2018,-0.004116740087656588
BELO HORIZONTE,2018-08-01,2018,-0.004119467953006018
BELO HORIZONTE,2018-09-01,2018,-0.004194397596970222
BELO HORIZONTE,2018-10-01,2018,-0.004152536510421155
BELO HORIZONTE,2018-11-01,2018,-0.004070780442093
BELO HORIZONTE,2018-12-01,2018,-0.003886738524042579
BELO HORIZONTE,2019-01-01,2019,-0.004162510530651486
BELO HORIZONTE,2019-02-01,2019,-0.003762499835878732
BELO HORIZONTE,2019-03-01,2019,-0.0029097261677686194
BELO HORIZONTE,2019-04-01,2019,-0.0028507566917276195
BELO HORIZONTE,2019-05-01,2019,-0.0027989315367548118
BELO HORIZONTE,2019-06-01,2019,-0.0026518096760959607
BELO HORIZONTE,2019-07-01,2019,-0.0013539009633263223
BELO HORIZONTE,2019-08-01,2019,-0.0012738210584845545
BELO HORIZONTE,2019-09-01,2019,-0.0012954474293799402
BELO HORIZONTE,2019-10-01,2019,-0.001251649887978471
BELO HORIZONTE,2019-11-01,2019,-0.0012898806693490172
BELO HORIZONTE,2019-12-01,2019,-0.0012841953595020305
BELO HORIZONTE,2020-01-01,2020,-0.0011992792732543067
BELO HORIZONTE,2020-02-01,2020,-0.0009492228274683512
BELO HORIZONTE,2020-03-01,2020,-0.0002515355558183496
BELO HORIZONTE,2020-04-01,2020,0.0007061578868908891
BELO HORIZONTE,2020-05-01,2020,0.00169452478278866
BELO HORIZONTE,2020-06-01,2020,0.0019416936065923007
BELO HORIZONTE,2020-07-01,2020,0.002031772941957414
BELO HORIZONTE,2020-08-01,2020,0.0017606125660219053
BELO HORIZONTE,2020-09-01,2020,0.0016847588098620459
BELO HORIZONTE,2020-10-01,2020,0.0010167429825942854
BELO HORIZONTE,2020-11-01,2020,0.0011183896557650376
BELO HORIZONTE,2020-12-01,2020,0.001036887791264357
BELO HORIZONTE,2021-01-01,2021,0.0005706811081905272
BELO HORIZONTE,2021-02-01,2021,-0.0006213554925358555
BELO HORIZONTE,2021-03-01,2021,-0.0005837973064318646
BELO HORIZONTE,2021-04-01,2021,-0.000760933089099316
BELO HORIZONTE,2021-05-01,2021,-0.0008621075412239321
BELO HORIZONTE,2021-06-01,2021,-0.0010442963778782488
BELO HORIZONTE,2021-07-01,2021,-0.0012270664339706083
BELO HORIZONTE,2021-08-01,2021,-0.0014915857618532557
BELO HORIZONTE,2021-09-01,2021,-0.0017444024375372414
BELO HORIZONTE,2021-10-01,2021,-0.001808160339066146
BELO HORIZONTE,2021-11-01,2021,-0.0017924499719849884
BELO HORIZONTE,2021-12-01,2021,-0.0013047070478336075
BELO HORIZONTE,2022-01-01,2022,-0.0008413228163616371
BELO HORIZONTE,2022-02-01,2022,-0.0008063943808562856
BELO HORIZONTE,2022-03-01,2022,-0.0011470767167127206
BELO HORIZONTE,2022-04-01,2022,-0.0013312049964818073
BELO HORIZONTE,2022-05-01,2022,-0.001198059498649826
BELO HORIZONTE,2022-06-01,2022,-0.0007133375862887825
BELO HORIZONTE,2022-07-01,2022,0.00042983077423334516
BELO HORIZONTE,2022-08-01,2022,0.000747753859223963
BELO HORIZONTE,2022-09-01,2022,0.001558138292184047
BELO HORIZONTE,2022-10-01,2022,0.0014224717171656366
BELO HORIZONTE,2022-11-01,2022,0.0008029682817270367
BELO HORIZONTE,2022-12-01,2022,0.0010975226664442783
BELO HORIZONTE,2023-01-01,2023,0.001702657716499536
BELO HORIZONTE,2023-02-01,2023,0.000544444450068422
BELO HORIZONTE,2023-03-01,2023,0.0011477079854039863
BELO HORIZONTE,2023-04-01,2023,0.0009783612049479862
BELO HORIZONTE,2023-05-01,2023,0.0018066791625044655
BELO HORIZONTE,2023-06-01,2023,0.0030650862630862753
BELO HORIZONTE,2023-07-01,2023,0.004022914730911803
BELO HORIZONTE,2023-08-01,2023,0.005241187306375581
BELO HORIZONTE,2023-09-01,2023,0.006090830205054651
BELO HORIZONTE,2023-10-01,2023,0.006699754561794196
BELO HORIZONTE,2023-11-01,2023,0.006800559398506105
BELO HORIZONTE,2023-12-01,2023,0.007262600433546471
BELO HORIZONTE,2024-01-01,2024,0.007505411964627297
BELO HORIZONTE,2024-02-01,2024,0.007777129355481491
BELO HORIZONTE,2024-03-01,2024,0.007722579435095982
BELO HORIZONTE,2024-04-01,2024,0.00819341605481774
BELO HORIZONTE,2024-05-01,2024,0.008331000060113447
BELO HORIZONTE,2024-06-01,2024,0.008744774576197005
BELO HORIZONTE,2024-07-01,2024,0.008493040089854733
BELO HORIZONTE,2024-08-01,2024,0.008493331487340916
BELO HORIZONTE,2024-09-01,2024,0.003765943712373927
BELO HORIZONTE,2024-10-01,2024,0.0033526647737025473
BELO HORIZONTE,2024-11-01,2024,0.0023781246022776827
BELO HORIZONTE,2024-12-01,2024,0.0022540206042467293
BELO HORIZONTE,2025-01-01,2025,0.002279981314452566
BELO HORIZONTE,2025-02-01,2025,0.002317674325543979
BELO HORIZONTE,2025-03-01,2025,0.002109770952914336
BELO HORIZONTE,2025-04-01,2025,0.0019049107400271592
BELO HORIZONTE,2025-05-01,2025,0.0015614296692602237
BELO HORIZONTE,2025-06-01,2025,0.001071831268976724
BELO HORIZONTE,2025-07-01,2025,0.0013309048560445724
BELO HORIZONTE,2025-08-01,2025,0.0008143390466039779
BELO HORIZONTE,2025-09-01,2025,0.0012083704334072377
BELO HORIZONTE,2025-10-01,2025,0.0016694652719892922
BELO HORIZONTE,2025-11-01,2025,0.0015931468901625623
BELO HORIZONTE,2025-12-01,2025,0.0011323897592296194
BELO HORIZONTE,2026-01-01,2026,0.0009269171882175797
BELO HORIZONTE,2026-02-01,2026,0.0006408055664574564
BELO HORIZONTE,2026-03-01,2026,0.0005460373197089763
BELO HORIZONTE,2026-04-01,2026,0.0004566527914030161
BELO HORIZONTE,2026-05-01,2026,0.00108109732256896
BELO HORIZONTE,2026-06-01,2026,0.0011525476143847558
BELO HORIZONTE,2026-07-01,2026,0.0016509273101850597
BELO HORIZONTE,2026-08-01,2026,0.003066026060689484
BELO HORIZONTE,2026-09-01,2026,0.002943443758864861
BELO HORIZONTE,2026-10-01,2026,0.002815663282040837
BELO HORIZONTE,2026-11-01,2026,0.0033433584473902323
BELO HORIZONTE,2026-12-01,2026,0.0033528016295049524
BELO HORIZONTE,2027-01-01,2027,0.000915692295084578
BELO HORIZONTE,2027-02-01,2027,0.0006514356821738753
BELO HORIZONTE,2027-03-01,2027,-3.3897438066410322e-06
BELO HORIZONTE,2027-04-01,2027,0.00011292196945466127
BELO HORIZONTE,2027-05-01,2027,0.0002869214886213023
BELO HORIZONTE,2027-06-01,2027,0.0004908161008419931
BELO HORIZONTE,2027-07-01,2027,0.00013377199381601646
BELO HORIZONTE,2027-08-01,2027,0.0003833925176711206
BELO HORIZONTE,2027-09-01,2027,0.000836757708341952
BELO HORIZONTE,2027-10-01,2027,0.0015036721482583515
BELO HORIZONTE,2027-11-01,2027,0.0024590437619274406
BELO HORIZONTE,2027-12-01,2027,0.0025795615357146694
BELO HORIZONTE,2028-01-01,2028,0.0026025374831639813
BELO HORIZONTE,2028-02-01,2028,0.003046283863164676
BELO HORIZONTE,2028-03-01,2028,0.0034860599555761383
BELO HORIZONTE,2028-04-01,2028,0.0033890418991247727
BELO HORIZONTE,2028-05-01,2028,0.0029926070950631865
BELO HORIZONTE,2028-06-01,2028,0.0028275413503770085
BELO HORIZONTE,2028-07-01,2028,0.0026806221526153875
BELO HORIZONTE,2028-08-01,2028,0.0017585659456370716
BELO HORIZONTE,2028-09-01,2028,0.0011193077446857447
BELO HORIZONTE,2028-10-01,2028,0.0018261212741981403
BELO HORIZONTE,2028-11-01,2028,0.0021271938168694036
BELO HORIZONTE,2028-12-01,2028,0.002208362940069959
BELO HORIZONTE,2029-01-01,2029,0.0024433806587882277
BELO HORIZONTE,2029-02-01,2029,0.002763240106169167
BELO HORIZONTE,2029-03-01,2029,0.0033810950539118157
BELO HORIZONTE,2029-04-01,2029,0.0036258704454063184
BELO HORIZONTE,2029-05-01,2029,0.00310062540451417
BELO HORIZONTE,2029-06-01,2029,0.0030612140601315964
BELO HORIZONTE,2029-07-01,2029,0.0038787818943229048
BELO HORIZONTE,2029-08-01,2029,0.004678606850869311
BELO HORIZONTE,2029-09-01,2029,0.00519475390917363
BELO HORIZONTE,2029-10-01,2029,0.005859008809686162
BELO HORIZONTE,2029-11-01,2029,0.005863442776529608
BELO HORIZONTE,2029-12-01,2029,0.005892884885384791
BELO HORIZONTE,2030-01-01,2030,0.005361998518063762
BELO HORIZONTE,2030-02-01,2030,0.00546390144721906
BELO HORIZONTE,2030-03-01,2030,0.005386125133677275
BELO HORIZONTE,2030-04-01,2030,0.005529285088977918
BELO HORIZONTE,2030-05-01,2030,0.005672471530084531
BELO HORIZONTE,2030-06-01,2030,0.005830817591017412
BELO HORIZONTE,2030-07-01,2030,0.0054207848482888885
BELO HORIZONTE,2030-08-01,2030,0.0054499840642188244
BELO HORIZONTE,2030-09-01,2030,0.005228506644470732
BELO HORIZONTE,2030-10-01,2030,0.004485372951621269
BELO HORIZONTE,2030-11-01,2030,0.004384458263575606
BELO HORIZONTE,2030-12-01,2030,0.004364641017588975
BELO HORIZONTE,2031-01-01,2031,0.003734752142962523
BELO HORIZONTE,2031-02-01,2031,0.0039586429871341176
BELO HORIZONTE,2031-03-01,2031,0.0037536776407456475
BELO HORIZONTE,2031-04-01,2031,0.0034833695249231987
BELO HORIZONTE,2031-05-01,2031,0.0037619395717016267
BELO HORIZONTE,2031-06-01,2031,0.003934235456878603
BELO HORIZONTE,2031-07-01,2031,0.0036469342194772668
BELO HORIZONTE,2031-08-01,2031,0.003509981870607908
BELO HORIZONTE,2031-09-01,2031,0.0034624990228016707
BELO HORIZONTE,2031-10-01,2031,0.003128076297691793
BELO HORIZONTE,2031-11-01,2031,0.003081885772955546
BELO HORIZONTE,2031-12-01,2031,0.002473855633440021
BELO HORIZONTE,2032-01-01,2032,0.0018349849865611412
BELO HORIZONTE,2032-02-01,2032,0.0017998279554524998
BELO HORIZONTE,2032-03-01,2032,0.001804712349290505
BELO HORIZONTE,2032-04-01,2032,0.0011683029129384613
BELO HORIZONTE,2032-05-01,2032,0.0006698314423299734
BELO HORIZONTE,2032-06-01,2032,0.0004409939467904267
BELO HORIZONTE,2032-07-01,2032,0.00047647894254747357
BELO HORIZONTE,2032-08-01,2032,0.00037405886937641464
BELO HORIZONTE,2032-09-01,2032,-6.905184085660654e-05
BELO HORIZONTE,2032-10-01,2032,-0.0009672881836582082
BELO HORIZONTE,2032-11-01,2032,-0.001122144230418165
BELO HORIZONTE,2032-12-01,2032,-0.0016852149071516376
BELO HORIZONTE,2033-01-01,2033,-0.0016371744252856857
BELO HORIZONTE,2033-02-01,2033,-0.0016930339644316628
BELO HORIZONTE,2033-03-01,2033,-0.001815449141829384
BELO HORIZONTE,2033-04-01,2033,-0.0017717602037604018
BELO HORIZONTE,2033-05-01,2033,-0.0018451494400951419
BELO HORIZONTE,2033-06-01,2033,-0.0017789141273090348
BELO HORIZONTE,2033-07-01,2033,-0.0015623661210293193
BELO HORIZONTE,2033-08-01,2033,-0.0014110246901829937
BELO HORIZONTE,2033-09-01,2033,-0.0024083093589766613
BELO HORIZONTE,2033-10-01,2033,-0.0027127645060631435
BELO HORIZONTE,2033-11-01,2033,-0.0029758995650931096
BELO HORIZONTE,2033-12-01,2033,-0.0035600108015606934
BELO HORIZONTE,2034-01-01,2034,-0.0036459506804986507
BELO HORIZONTE,2034-02-01,2034,-0.003767525125153699
BELO HORIZONTE,2034-03-01,2034,-0.003889410889912397
BELO HORIZONTE,2034-04-01,2034,-0.0035068672356828156
BELO HORIZONTE,2034-05-01,2034,-0.003788532210016804
BELO HORIZONTE,2034-06-01,2034,-0.0039046649456953688
BELO HORIZONTE,2034-07-01,2034,-0.0036810985047946556
BELO HORIZONTE,2034-08-01,2034,-0.00422948154863024
BELO HORIZONTE,2034-09-01,2034,-0.004532406051838149
BELO HORIZONTE,2034-10-01,2034,-0.004528198723557535
BELO HORIZONTE,2034-11-01,2034,-0.004435917564460563
BELO HORIZONTE,2034-12-01,2034,-0.004404645081195659
BELO HORIZONTE,2035-01-01,2035,-0.004602858983929521
BELO HORIZONTE,2035-02-01,2035,-0.004778203422208287
BELO HORIZONTE,2035-03-01,2035,-0.004902614810664152
BELO HORIZONTE,2035-04-01,2035,-0.004565671771549719
BELO HORIZONTE,2035-05-01,2035,-0.0045408786209646165
BELO HORIZONTE,2035-06-01,2035,-0.004149978036193262
BELO HORIZONTE,2035-07-01,2035,-0.004408544987772929
BELO HORIZONTE,2035-08-01,2035,-0.004273212916741287
BELO HORIZONTE,2035-09-01,2035,-0.0037638059510645516
BELO HORIZONTE,2035-10-01,2035,-0.003349993728521492
BELO HORIZONTE,2035-11-01,2035,-0.0035925697868008522
BELO HORIZONTE,2035-12-01,2035,-0.0029760285207495207
BELO HORIZONTE,2036-01-01,2036,-0.002666631018370551
BELO HORIZONTE,2036-02-01,2036,-0.0027664396704149175
BELO HORIZONTE,2036-03-01,2036,-0.0020760851493035236
BELO HORIZONTE,2036-04-01,2036,-0.0022867399582786672
BELO HORIZONTE,2036-05-01,2036,-0.002161378420787965
BELO HORIZONTE,2036-06-01,2036,-0.0026046875799466073
BELO HORIZONTE,2036-07-01,2036,-0.0026037048736807745
BELO HORIZONTE,2036-08-01,2036,-0.002584464811097127
BELO HORIZONTE,2036-09-01,2036,-0.0026617734981161157
BELO HORIZONTE,2036-10-01,2036,-0.002490982684060654
BELO HORIZONTE,2036-11-01,2036,-0.002462491010557275
BELO HORIZONTE,2036-12-01,2036,-0.0028482750377999476
BELO HORIZONTE,2037-01-01,2037,-0.0031080689774145775
BELO HORIZONTE,2037-02-01,2037,-0.003357406749392813
BELO HORIZONTE,2037-03-01,2037,-0.003767331589087328
BELO HORIZONTE,2037-04-01,2037,-0.0044374348778609815
BELO HORIZONTE,2037-05-01,2037,-0.004907291335096637
BELO HORIZONTE,2037-06-01,2037,-0.005372559085441098
BELO HORIZONTE,2037-07-01,2037,-0.0057293113173375355
BELO HORIZONTE,2037-08-01,2037,-0.005901251501848535
BELO HORIZONTE,2037-09-01,2037,-0.005524527987602306
BELO HORIZONTE,2037-10-01,2037,-0.00623356639970764
BELO HORIZONTE,2037-11-01,2037,-0.006122121451251321
BELO HORIZONTE,2037-12-01,2037,-0.006397539196043025
BELO HORIZONTE,2038-01-01,2038,-0.006371870145029128
BELO HORIZONTE,2038-02-01,2038,-0.00655968806947359
BELO HORIZONTE,2038-03-01,2038,-0.006689395935937501
BELO HORIZONTE,2038-04-01,2038,-0.006571390991880211
BELO HORIZONTE,2038-05-01,2038,-0.006668101749236508
BELO HORIZONTE,2038-06-01,2038,-0.0062528551889613525
BELO HORIZONTE,2038-07-01,2038,-0.006049915723429184
BELO HORIZONTE,2038-08-01,2038,-0.0057417162823844015
BELO HORIZONTE,2038-09-01,2038,-0.00618150533124624
BELO HORIZONTE,2038-10-01,2038,-0.00608190135296994
BELO HORIZONTE,2038-11-01,2038,-0.0063660030456034345
BELO HORIZONTE,2038-12-01,2038,-0.006432696673001314
BELO HORIZONTE,2039-01-01,2039,-0.006150036247935135
BELO HORIZONTE,2039-02-01,2039,-0.005460864640922187
BELO HORIZONTE,2039-03-01,2039,-0.00475731250025005
BELO HORIZONTE,2039-04-01,2039,-0.0039361990764667865
BELO HORIZONTE,2039-05-01,2039,-0.003527951341493485
BELO HORIZONTE,2039-06-01,2039,-0.003182143333762639
BELO HORIZONTE,2039-07-01,2039,-0.002823079224026288
BELO HORIZONTE,2039-08-01,2039,-0.0024701377158640203
BELO HORIZONTE,2039-09-01,2039,-0.0019245111434025052
BELO HORIZONTE,2039-10-01,2039,-0.001466054504685277
BELO HORIZONTE,2039-11-01,2039,-0.000931093880186269
BELO HORIZONTE,2039-12-01,2039,-0.0006108221477933418
BOA VISTA,2010-01-01,2010,0.0
BOA VISTA,2010-02-01,2010,0.0
BOA VISTA,2010-03-01,2010,0.0
BOA VISTA,2010-04-01,2010,-0.00013445300720217878
BOA VISTA,2010-05-01,2010,-0.00035064538837564665
BOA VISTA,2010-06-01,2010,-5.398198916332531e-05
BOA VISTA,2010-07-01,2010,6.944177908186245e-05
BOA VISTA,2010-08-01,2010,-0.00027771870057028634
BOA VISTA,2010-09-01,2010,0.00016526064557866537
BOA VISTA,2010-10-01,2010,0.00039265089523983667
BOA VISTA,2010-11-01,2010,0.0003592122785428875
BOA VISTA,2010-12-01,2010,0.00017561959210737776
BOA VISTA,2011-01-01,2011,5.882288773016664e-05
BOA VISTA,2011-02-01,2011,-0.0004179471112879041
BOA VISTA,2011-03-01,2011,-0.0007355590642891318
BOA VISTA,2011-04-01,2011,-0.0007339721193879733
BOA VISTA,2011-05-01,2011,-0.0005146940236567276
BOA VISTA,2011-06-01,2011,-0.0005071358221172673
BOA VISTA,2011-07-01,2011,-0.0003542303276894454
BOA VISTA,2011-08-01,2011,-0.00022890907423060768
BOA VISTA,2011-09-01,2011,-0.00038417016140044447
BOA VISTA,2011-10-01,2011,-0.0005858507259575752
BOA VISTA,2011-11-01,2011,-0.0005169015596217775
BOA VISTA,2011-12-01,2011,-0.0005588523362677567
BOA VISTA,2012-01-01,2012,-0.000406704353965075
BOA VISTA,2012-02-01,2012,-0.0004205493610435729
BOA VISTA,2012-03-01,2012,-0.00029052844706203065
BOA VISTA,2012-04-01,2012,-0.000536985816509995
BOA VISTA,2012-05-01,2012,-0.0005934165113583745
BOA VISTA,2012-06-01,2012,-0.0006452104761529554
BOA VISTA,2012-07-01,2012,-0.0008379996030399695
BOA VISTA,2012-08-01,2012,-0.0007708268563388898
BOA VISTA,2012-09-01,2012,-0.0008000039219997602
BOA VISTA,2012-10-01,2012,-0.0007863301326248406
BOA VISTA,2012-11-01,2012,-0.0008960602401578099
BOA VISTA,2012-12-01,2012,-0.0010861445745938836
BOA VISTA,2013-01-01,2013,-0.001045210997447289
BOA VISTA,2013-02-01,2013,-0.001189469383594618
BOA VISTA,2013-03-01,2013,-0.0011459241643754037
BOA VISTA,2013-04-01,2013,-0.0010852259208603
BOA VISTA,2013-05-01,2013,-0.0012578957799000146
BOA VISTA,2013-06-01,2013,-0.001114717849355672
BOA VISTA,2013-07-01,2013,-0.0009081051064316148
BOA VISTA,2013-08-01,2013,-0.0007707640570022056
BOA VISTA,2013-09-01,2013,-0.0008495241192516856
BOA VISTA,2013-10-01,2013,-0.001019020619493477
BOA VISTA,2013-11-01,2013,-0.0010074918260773902
BOA VISTA,2013-12-01,2013,-0.0009494750448666522
BOA VISTA,2014-01-01,2014,-0.0011213266962534464
BOA VISTA,2014-02-01,2014,-0.0011108154222068112
BOA VISTA,2014-03-01,2014,-0.0009660933047191345
BOA VISTA,2014-04-01,2014,-0.0007692833192789361
BOA VISTA,2014-05-01,2014,-0.0006922762209974919
BOA VISTA,2014-06-01,2014,-0.0006296682953005095
BOA VISTA,2014-07-01,2014,-0.00046310718334192756
BOA VISTA,2014-08-01,2014,-0.0005575570538648378
BOA VISTA,2014-09-01,2014,-0.0005479420830414638
BOA VISTA,2014-10-01,2014,-0.0002728712444758108
BOA VISTA,2014-11-01,2014,-0.0002559364839028999
BOA VISTA,2014-12-01,2014,-0.0003694062848024071
BOA VISTA,2015-01-01,2015,-0.00030098594110219425
BOA VISTA,2015-02-01,2015,-0.00027477822389327387
BOA VISTA,2015-03-01,2015,4.580862068397362e-06
BOA VISTA,2015-04-01,2015,0.00033035560209245587
BOA VISTA,2015-05-01,2015,0.0005148562036437875
BOA VISTA,2015-06-01,2015,0.00019878750023092362
BOA VISTA,2015-07-01,2015,0.00028596837659559005
BOA VISTA,2015-08-01,2015,0.00027671907897994675
BOA VISTA,2015-09-01,2015,0.0003120247134277432
BOA VISTA,2015-10-01,2015,0.0003415946402591719
BOA VISTA,2015-11-01,2015,0.0002469141164215505
BOA VISTA,2015-12-01,2015,0.00030145424520468755
BOA VISTA,2016-01-01,2016,0.00043300715565324557
BOA VISTA,2016-02-01,2016,0.0004795861034842064
BOA VISTA,2016-03-01,2016,0.0003182421465898777
BOA VISTA,2016-04-01,2016,0.00028924052064201454
BOA VISTA,2016-05-01,2016,0.00013657999150247678
BOA VISTA,2016-06-01,2016,-8.9298137677426e-05
BOA VISTA,2016-07-01,2016,-0.00036918376284761465
BOA VISTA,2016-08-01,2016,-0.0007345529442099918
BOA VISTA,2016-09-01,2016,-0.0012036411540908099
BOA VISTA,2016-10-01,2016,-0.001381490927513679
BOA VISTA,2016-11-01,2016,-0.0014995011204617182
BOA VISTA,2016-12-01,2016,-0.0015819474947456847
BOA VISTA,2017-01-01,2017,-0.0016715337215642367
BOA VISTA,2017-02-01,2017,-0.001975453726214089
BOA VISTA,2017-03-01,2017,-0.0022178925552022
BOA VISTA,2017-04-01,2017,-0.002173913887811734
BOA VISTA,2017-05-01,2017,-0.0024185861397045226
BOA VISTA,2017-06-01,2017,-0.002411245351885932
BOA VISTA,2017-07-01,2017,-0.0021307149117000047
BOA VISTA,2017-08-01,2017,-0.002294008626404428
BOA VISTA,2017-09-01,2017,-0.0023626659933108063
BOA VISTA,2017-10-01,2017,-0.0024008376060402625
BOA VISTA,2017-11-01,2017,-0.0024064846791192473
BOA VISTA,2017-12-01,2017,-0.002455608653976582
BOA VISTA,2018-01-01,2018,-0.0027817004092694432
BOA VISTA,2018-02-01,2018,-0.00282375927416457
BOA VISTA,2018-03-01,2018,-0.0028339981139667712
BOA VISTA,2018-04-01,2018,-0.0028785235415099476
BOA VISTA,2018-05-01,2018,-0.0028887412281033975
BOA VISTA,2018-06-01,2018,-0.002773492739918938
BOA VISTA,2018-07-01,2018,-0.002646585611944785
BOA VISTA,2018-08-01,2018,-0.002605164950186076
BOA VISTA,2018-09-01,2018,-0.0024815983874254934
BOA VISTA,2018-10-01,2018,-0.002454847105954132
BOA VISTA,2018-11-01,2018,-0.002627400441727774
BOA VISTA,2018-12-01,2018,-0.0026200713653682594
BOA VISTA,2019-01-01,2019,-0.002601101190405781
BOA VISTA,2019-02-01,2019,-0.0023086230265360074
BOA VISTA,2019-03-01,2019,-0.002379282928335594
BOA VISTA,2019-04-01,2019,-0.00240603942872446
BOA VISTA,2019-05-01,2019,-0.0023568943395839968
BOA VISTA,2019-06-01,2019,-0.0023108313225262333
BOA VISTA,2019-07-01,2019,-0.002248013250327198
BOA VISTA,2019-08-01,2019,-0.002250432465887223
BOA VISTA,2019-09-01,2019,-0.0024890291948487476
BOA VISTA,2019-10-01,2019,-0.0023547119024984187
BOA VISTA,2019-11-01,2019,-0.002243654070299258
BOA VISTA,2019-12-01,2019,-0.0023378107676144144
BOA VISTA,2020-01-01,2020,-0.0024265824089127032
BOA VISTA,2020-02-01,2020,-0.002622836350879373
BOA VISTA,2020-03-01,2020,-0.002502826656859337
BOA VISTA,2020-04-01,2020,-0.0024637785128200527
BOA VISTA,2020-05-01,2020,-0.0026564963259471885
BOA VISTA,2020-06-01,2020,-0.0027746056356744773
BOA VISTA,2020-07-01,2020,-0.0025708625965642808
BOA VISTA,2020-08-01,2020,-0.002612169448274573
BOA VISTA,2020-09-01,2020,-0.002907922633182508
BOA VISTA,2020-10-01,2020,-0.0028494798219667484
BOA VISTA,2020-11-01,2020,-0.002600492516338424
BOA VISTA,2020-12-01,2020,-0.0022889568518431667
BOA VISTA,2021-01-01,2021,-0.001953781950705762
BOA VISTA,2021-02-01,2021,-0.0020291036884187963
BOA VISTA,2021-03-01,2021,-0.0016259741099279312
BOA VISTA,2021-04-01,2021,-0.0013744300138981392
BOA VISTA,2021-05-01,2021,-0.0012821972358912337
BOA VISTA,2021-06-01,2021,-0.0012239235358688272
BOA VISTA,2021-07-01,2021,-0.0006432999154085306
BOA VISTA,2021-08-01,2021,-0.0007376804065754139
BOA VISTA,2021-09-01,2021,-0.00017051109616870842
BOA VISTA,2021-10-01,2021,2.3241150745146878e-05
BOA VISTA,2021-11-01,2021,-0.00028271167334007694
BOA VISTA,2021-12-01,2021,-0.00014363185490073538
BOA VISTA,2022-01-01,2022,-0.0002864246763017964
BOA VISTA,2022-02-01,2022,-0.000695668271122869
BOA VISTA,2022-03-01,2022,-0.0004202208542192332
BOA VISTA,2022-04-01,2022,7.08581893817728e-06
BOA VISTA,2022-05-01,2022,-0.0001331292001618767
BOA VISTA,2022-06-01,2022,-0.0002870507913592535
BOA VISTA,2022-07-01,2022,-0.0009697187647907457
BOA VISTA,2022-08-01,2022,-0.0014963576418941594
BOA VISTA,2022-09-01,2022,-0.0016827107438548983
BOA VISTA,2022-10-01,2022,-0.001662590670973656
BOA VISTA,2022-11-01,2022,-0.001925901370554305
BOA VISTA,2022-12-01,2022,-0.0019455206699763117
BOA VISTA,2023-01-01,2023,-0.001936471629614196
BOA VISTA,2023-02-01,2023,-0.0020728879524142007
BOA VISTA,2023-03-01,2023,-0.002071575787833996
BOA VISTA,2023-04-01,2023,-0.0017970168377713846
BOA VISTA,2023-05-01,2023,-0.0018943477615059779
BOA VISTA,2023-06-01,2023,-0.002000006488723005
BOA VISTA,2023-07-01,2023,-0.002096802536673544
BOA VISTA,2023-08-01,2023,-0.0021418039736084606
BOA VISTA,2023-09-01,2023,-0.0023664932650885708
BOA VISTA,2023-10-01,2023,-0.0025252435452989665
BOA VISTA,2023-11-01,2023,-0.0023850247422410055
BOA VISTA,2023-12-01,2023,-0.0026423237741779004
BOA VISTA,2024-01-01,2024,-0.002701874519358809
BOA VISTA,2024-02-01,2024,-0.002643166744371558
BOA VISTA,2024-03-01,2024,-0.0025481531387820467
BOA VISTA,2024-04-01,2024,-0.0024020092937065505
BOA VISTA,2024-05-01,2024,-0.001993175022960052
BOA VISTA,2024-06-01,2024,-0.00175497321286615
BOA VISTA,2024-07-01,2024,-0.0016833960853271468
BOA VISTA,2024-08-01,2024,-0.0014146383868377098
BOA VISTA,2024-09-01,2024,-0.0011538121486010888
BOA VISTA,2024-10-01,2024,-0.0009403733492440691
BOA VISTA,2024-11-01,2024,-0.000777158830061484
BOA VISTA,2024-12-01,2024,-0.0008579432951974065
BOA VISTA,2025-01-01,2025,-0.0009398198802417124
BOA VISTA,2025-02-01,2025,-0.0012311066712829121
BOA VISTA,2025-03-01,2025,-0.0014069985305919929
BOA VISTA,2025-04-01,2025,-0.0014087492690383551
BOA VISTA,2025-05-01,2025,-0.0013347602007164395
BOA VISTA,2025-06-01,2025,-0.0015864050995939793
BOA VISTA,2025-07-01,2025,-0.0015761868362044384
BOA VISTA,2025-08-01,2025,-0.0015078792797017238
BOA VISTA,2025-09-01,2025,-0.0016942879644676466
BOA VISTA,2025-10-01,2025,-0.0015291275495180933
BOA VISTA,2025-11-01,2025,-0.0015854386181918744
BOA VISTA,2025-12-01,2025,-0.0014536589967635504
BOA VISTA,2026-01-01,2026,-0.0013166038586072827
BOA VISTA,2026-02-01,2026,-0.0013316279528735808
BOA VISTA,2026-03-01,2026,-0.0013360765357768379
BOA VISTA,2026-04-01,2026,-0.0015325681458735673
BOA VISTA,2026-05-01,2026,-0.0016828396896172316
BOA VISTA,2026-06-01,2026,-0.0018145241977102987
BOA VISTA,2026-07-01,2026,-0.0019698092994024975
BOA VISTA,2026-08-01,2026,-0.00211480729649579
BOA VISTA,2026-09-01,2026,-0.002006228415363259
BOA VISTA,2026-10-01,2026,-0.0019393379572193736
BOA VISTA,2026-11-01,2026,-0.0019344685300738606
BOA VISTA,2026-12-01,2026,-0.0016233357341510957
BOA VISTA,2027-01-01,2027,-0.0014447017977181353
BOA VISTA,2027-02-01,2027,-0.001489091659559626
BOA VISTA,2027-03-01,2027,-0.0016748878693944836
BOA VISTA,2027-04-01,2027,-0.0017916289162909626
BOA VISTA,2027-05-01,2027,-0.0014033619110240003
BOA VISTA,2027-06-01,2027,-0.001086362325515502
BOA VISTA,2027-07-01,2027,-0.0010541642426748822
BOA VISTA,2027-08-01,2027,-0.00098390517591455
BOA VISTA,2027-09-01,2027,-0.00018457572802188404
BOA VISTA,2027-10-01,2027,-0.00025232214749817294
BOA VISTA,2027-11-01,2027,-0.00014349492930704978
BOA VISTA,2027-12-01,2027,0.000182874333224341
BOA VISTA,2028-01-01,2028,-0.00035094490101381326
BOA VISTA,2028-02-01,2028,-0.0003419233016798262
BOA VISTA,2028-03-01,2028,-0.000517759038679818
BOA VISTA,2028-04-01,2028,-4.957025776762935e-05
BOA VISTA,2028-05-01,2028,-0.000260410645378667
BOA VISTA,2028-06-01,2028,-0.0001540593188569772
BOA VISTA,2028-07-01,2028,4.2149161991482666e-05
BOA VISTA,2028-08-01,2028,6.603735061564752e-05
BOA VISTA,2028-09-01,2028,-1.2885938998621338e-05
BOA VISTA,2028-10-01,2028,-0.00026144236684147004
BOA VISTA,2028-11-01,2028,-0.00020483631224807897
BOA VISTA,2028-12-01,2028,-0.0005869844973976701
BOA VISTA,2029-01-01,2029,-0.0007228089108131963
BOA VISTA,2029-02-01,2029,-0.000811182699424714
BOA VISTA,2029-03-01,2029,-0.0006863724712367413
BOA VISTA,2029-04-01,2029,-0.0001715510403617382
BOA VISTA,2029-05-01,2029,9.353907098959669e-05
BOA VISTA,2029-06-01,2029,-1.1924527364158832e-05
BOA VISTA,2029-07-01,2029,-0.0003872463944752802
BOA VISTA,2029-08-01,2029,-0.0006474328498345782
BOA VISTA,2029-09-01,2029,-0.0010045955784530913
BOA VISTA,2029-10-01,2029,-0.0010106995473794789
BOA VISTA,2029-11-01,2029,-0.0009780865867836652
BOA VISTA,2029-12-01,2029,-0.0013863518231491457
BOA VISTA,2030-01-01,2030,-0.001472799921393826
BOA VISTA,2030-02-01,2030,-0.0017751357276353042
BOA VISTA,2030-03-01,2030,-0.0016703524472251475
BOA VISTA,2030-04-01,2030,-0.0016184083584718878
BOA VISTA,2030-05-01,2030,-0.0017771290713965127
BOA VISTA,2030-06-01,2030,-0.0017276725585465614
BOA VISTA,2030-07-01,2030,-0.0017037993347382308
BOA VISTA,2030-08-01,2030,-0.001566181626683465
BOA VISTA,2030-09-01,2030,-0.0016266417207013272
BOA VISTA,2030-10-01,2030,-0.0017052764280087696
BOA VISTA,2030-11-01,2030,-0.00182007425178775
BOA VISTA,2030-12-01,2030,-0.0016573301394799556
BOA VISTA,2031-01-01,2031,-0.0014512703837264384
BOA VISTA,2031-02-01,2031,-0.0016224267126727333
BOA VISTA,2031-03-01,2031,-0.0018820041143149957
BOA VISTA,2031-04-01,2031,-0.002209565535190875
BOA VISTA,2031-05-01,2031,-0.0022818967623782016
BOA VISTA,2031-06-01,2031,-0.0026141071687929983
BOA VISTA,2031-07-01,2031,-0.0024683167454364863
BOA VISTA,2031-08-01,2031,-0.0026919018648498393
BOA VISTA,2031-09-01,2031,-0.002876518384213109
BOA VISTA,2031-10-01,2031,-0.002872635588975059
BOA VISTA,2031-11-01,2031,-0.002612030149095669
BOA VISTA,2031-12-01,2031,-0.0019162895811257242
BOA VISTA,2032-01-01,2032,-0.0019446175614743733
BOA VISTA,2032-02-01,2032,-0.0017999812641355162
BOA VISTA,2032-03-01,2032,-0.001737713370919849
BOA VISTA,2032-04-01,2032,-0.0017062871052687433
BOA VISTA,2032-05-01,2032,-0.0013550283607392211
BOA VISTA,2032-06-01,2032,-0.0010751701348404351
BOA VISTA,2032-07-01,2032,-0.0013813259362375474
BOA VISTA,2032-08-01,2032,-0.0013513625295340326
BOA VISTA,2032-09-01,2032,-0.0011819078354512668
BOA VISTA,2032-10-01,2032,-0.0011155806088902986
BOA VISTA,2032-11-01,2032,-0.0010566450943079286
BOA VISTA,2032-12-01,2032,-0.0010272035114380863
BOA VISTA,2033-01-01,2033,-0.0012002826821530931
BOA VISTA,2033-02-01,2033,-0.00120437279508974
BOA VISTA,2033-03-01,2033,-0.001300708889654366
BOA VISTA,2033-04-01,2033,-0.0012647350210997189
BOA VISTA,2033-05-01,2033,-0.0013495779593246716
BOA VISTA,2033-06-01,2033,-0.0013447355899587987
BOA VISTA,2033-07-01,2033,-0.0013377894244247302
BOA VISTA,2033-08-01,2033,-0.0014166004112120235
BOA VISTA,2033-09-01,2033,-0.0015812420348183809
BOA VISTA,2033-10-01,2033,-0.0018152677183936683
BOA VISTA,2033-11-01,2033,-0.002147736440824418
BOA VISTA,2033-12-01,2033,-0.0024400888234423403
BOA VISTA,2034-01-01,2034,-0.0029292255595202567
BOA VISTA,2034-02-01,2034,-0.003272716429991257
BOA VISTA,2034-03-01,2034,-0.003509752073192324
BOA VISTA,2034-04-01,2034,-0.0033245570872670314
BOA VISTA,2034-05-01,2034,-0.00337369196888201
BOA VISTA,2034-06-01,2034,-0.003579695844740688
BOA VISTA,2034-07-01,2034,-0.003695361366205986
BOA VISTA,2034-08-01,2034,-0.003890003004551581
BOA VISTA,2034-09-01,2034,-0.0039179872600749645
BOA VISTA,2034-10-01,2034,-0.0038621817908657263
BOA VISTA,2034-11-01,2034,-0.0040798309479486905
BOA VISTA,2034-12-01,2034,-0.004250648369218242
BOA VISTA,2035-01-01,2035,-0.00432569826865609
BOA VISTA,2035-02-01,2035,-0.004321889214839688
BOA VISTA,2035-03-01,2035,-0.003935086115164852
BOA VISTA,2035-04-01,2035,-0.0035899473263917405
BOA VISTA,2035-05-01,2035,-0.0034938950642507214
BOA VISTA,2035-06-01,2035,-0.003167216320087284
BOA VISTA,2035-07-01,2035,-0.0031126387861982064
BOA VISTA,2035-08-01,2035,-0.0031456403373121776
BOA VISTA,2035-09-01,2035,-0.002762601056425086
BOA VISTA,2035-10-01,2035,-0.002597592414656862
BOA VISTA,2035-11-01,2035,-0.0024804892742427177
BOA VISTA,2035-12-01,2035,-0.0023680259808785496
BOA VISTA,2036-01-01,2036,-0.002292124177324857
BOA VISTA,2036-02-01,2036,-0.0021020336794327164
BOA VISTA,2036-03-01,2036,-0.0019431314710787184
BOA VISTA,2036-04-01,2036,-0.0022528506278088924
BOA VISTA,2036-05-01,2036,-0.0022101990836998677
BOA VISTA,2036-06-01,2036,-0.0021378847230152896
BOA VISTA,2036-07-01,2036,-0.0024466047073052033
BOA VISTA,2036-08-01,2036,-0.002515629397682464
BOA VISTA,2036-09-01,2036,-0.0025399768409993984
BOA VISTA,2036-10-01,2036,-0.002447028358805706
BOA VISTA,2036-11-01,2036,-0.002122975610447959
BOA VISTA,2036-12-01,2036,-0.0021900315794044878
BOA VISTA,2037-01-01,2037,-0.002439342567240065
BOA VISTA,2037-02-01,2037,-0.0024981552843032317
BOA VISTA,2037-03-01,2037,-0.002592689270480025
BOA VISTA,2037-04-01,2037,-0.002739185895695392
BOA VISTA,2037-05-01,2037,-0.0025059025572543004
BOA VISTA,2037-06-01,2037,-0.002377805362939511
BOA VISTA,2037-07-01,2037,-0.002663725577748638
BOA VISTA,2037-08-01,2037,-0.002473440851861841
BOA VISTA,2037-09-01,2037,-0.002596058031381412
BOA VISTA,2037-10-01,2037,-0.002704140548140086
BOA VISTA,2037-11-01,2037,-0.002632485555074601
BOA VISTA,2037-12-01,2037,-0.0024269048723278897
BOA VISTA,2038-01-01,2038,-0.0021027830535976953
BOA VISTA,2038-02-01,2038,-0.0020129151002793756
BOA VISTA,2038-03-01,2038,-0.0019867584186375664
BOA VISTA,2038-04-01,2038,-0.0017079763353350695
BOA VISTA,2038-05-01,2038,-0.0016166359247011019
BOA VISTA,2038-06-01,2038,-0.0014915517009329183
BOA VISTA,2038-07-01,2038,-0.0015584534437948815
BOA VISTA,2038-08-01,2038,-0.0014730345659729393
BOA VISTA,2038-09-01,2038,-0.0014029194845896042
BOA VISTA,2038-10-01,2038,-0.0013000301060735275
BOA VISTA,2038-11-01,2038,-0.001404988688655342
BOA VISTA,2038-12-01,2038,-0.0014269973793367753
BOA VISTA,2039-01-01,2039,-0.001263384565909098
BOA VISTA,2039-02-01,2039,-0.0013199888716387543
BOA VISTA,2039-03-01,2039,-0.0012186183143626994
BOA VISTA,2039-04-01,2039,-0.0012555257644817186
BOA VISTA,2039-05-01,2039,-0.0014333698991256926
BOA VISTA,2039-06-01,2039,-0.0015700112446509163
BOA VISTA,2039-07-01,2039,-0.0015820953603606358
BOA VISTA,2039-08-01,2039,-0.00192123494372189
BOA VISTA,2039-09-01,2039,-0.001907091915573751
BOA VISTA,2039-10-01,2039,-0.0020845102193349074
BOA VISTA,2039-11-01,2039,-0.002112528718814174
BOA VISTA,2039-12-01,2039,-0.002205324092433777
BRASILIA,2010-01-01,2010,0.0
BRASILIA,2010-02-01,2010,0.0
BRASILIA,2010-03-01,2010,0.0
BRASILIA,2010-04-01,2010,-2.764866320353776e-05
BRASILIA,2010-05-01,2010,-9.613946715667288e-05
BRASILIA,2010-06-01,2010,-0.00013327731369817353
BRASILIA,2010-07-01,2010,-7.333737993922784e-05
BRASILIA,2010-08-01,2010,-9.535568147012286e-05
BRASILIA,2010-09-01,2010,-0.0002215313907102101
BRASILIA,2010-10-01,2010,-0.0002464909826071604
BRASILIA,2010-11-01,2010,-0.000264574936550126
BRASILIA,2010-12-01,2010,-0.00030422031025075235
BRASILIA,2011-01-01,2011,-0.0002721479699801355
BRASILIA,2011-02-01,2011,-0.00014800452090151016
BRASILIA,2011-03-01,2011,-0.0002862805472804919
BRASILIA,2011-04-01,2011,-6.652452371003537e-05
BRASILIA,2011-05-01,2011,0.00012896294945371478
BRASILIA,2011-06-01,2011,0.00018170193518351473
BRASILIA,2011-07-01,2011,0.0002134155470880661
BRASILIA,2011-08-01,2011,0.00011518306374993293
BRASILIA,2011-09-01,2011,2.986475849002912e-05
BRASILIA,2011-10-01,2011,9.140487612981917e-06
BRASILIA,2011-11-01,2011,1.1766553222902765e-06
BRASILIA,2011-12-01,2011,-2.3123963292778215e-05
BRASILIA,2012-01-01,2012,-2.9946842675011575e-05
BRASILIA,2012-02-01,2012,-6.652570116665424e-05
BRASILIA,2012-03-01,2012,1.3819415962271764e-05
BRASILIA,2012-04-01,2012,3.08761109529454e-05
BRASILIA,2012-05-01,2012,2.2543943277604227e-05
BRASILIA,2012-06-01,2012,-6.193981952009042e-05
BRASILIA,2012-07-01,2012,-4.815212423336823e-05
BRASILIA,2012-08-01,2012,-1.1884111867188629e-05
BRASILIA,2012-09-01,2012,5.820099325735462e-05
BRASILIA,2012-10-01,2012,9.723897082647648e-05
BRASILIA,2012-11-01,2012,0.00013099854203384775
BRASILIA,2012-12-01,2012,0.0001489251860212515
BRASILIA,2013-01-01,2013,0.00018049099179245353
BRASILIA,2013-02-01,2013,0.00015596293552292196
BRASILIA,2013-03-01,2013,9.740763125731133e-05
BRASILIA,2013-04-01,2013,0.0001627688805968064
BRASILIA,2013-05-01,2013,0.0001652778509065178
BRASILIA,2013-06-01,2013,0.00012037105599874032
BRASILIA,2013-07-01,2013,3.871878457134214e-05
BRASILIA,2013-08-01,2013,-5.086154089265493e-05
BRASILIA,2013-09-01,2013,-2.1625367032429565e-06
BRASILIA,2013-10-01,2013,-6.276059105220666e-05
BRASILIA,2013-11-01,2013,-6.184461627911642e-07
BRASILIA,2013-12-01,2013,3.9300374781280344e-05
BRASILIA,2014-01-01,2014,7.931232605769778e-05
BRASILIA,2014-02-01,2014,0.0001375741887797144
BRASILIA,2014-03-01,2014,0.00017895217792030738
BRASILIA,2014-04-01,2014,0.00019004440155019565
BRASILIA,2014-05-01,2014,0.00023071247086605572
BRASILIA,2014-06-01,2014,0.000278947016187745
BRASILIA,2014-07-01,2014,0.00043052057691045473
BRASILIA,2014-08-01,2014,0.0005267529974596541
BRASILIA,2014-09-01,2014,0.0005791521580915126
BRASILIA,2014-10-01,2014,0.0006597154971797014
BRASILIA,2014-11-01,2014,0.0007246364868367194
BRASILIA,2014-12-01,2014,0.0007134716066461333
BRASILIA,2015-01-01,2015,0.0007640419036847246
BRASILIA,2015-02-01,2015,0.0005218924664421843
BRASILIA,2015-03-01,2015,7.98947683334339e-05
BRASILIA,2015-04-01,2015,5.763968684428189e-05
BRASILIA,2015-05-01,2015,2.5358700570726756e-05
BRASILIA,2015-06-01,2015,1.3174864007585718e-05
BRASILIA,2015-07-01,2015,4.688297142938391e-05
BRASILIA,2015-08-01,2015,-4.743072504528212e-05
BRASILIA,2015-09-01,2015,-0.00011736272090613453
BRASILIA,2015-10-01,2015,-0.00012051475229977848
BRASILIA,2015-11-01,2015,-0.00017383933411689644
BRASILIA,2015-12-01,2015,-9.282771604765205e-05
BRASILIA,2016-01-01,2016,1.89469851028623e-05
BRASILIA,2016-02-01,2016,6.603390948186183e-05
BRASILIA,2016-03-01,2016,0.00027467037811771067
BRASILIA,2016-04-01,2016,0.00038261612458823313
BRASILIA,2016-05-01,2016,0.0004499300937533057
BRASILIA,2016-06-01,2016,0.00048301750514056054
BRASILIA,2016-07-01,2016,0.00044762673795991416
BRASILIA,2016-08-01,2016,0.0004922915570186571
BRASILIA,2016-09-01,2016,0.00054685950251539
BRASILIA,2016-10-01,2016,0.0006118014295236874
BRASILIA,2016-11-01,2016,0.0007697054750322274
BRASILIA,2016-12-01,2016,0.0009699932139637868
BRASILIA,2017-01-01,2017,0.0010678901759576588
BRASILIA,2017-02-01,2017,0.0010752151857674696
BRASILIA,2017-03-01,2017,0.0012084612714011057
BRASILIA,2017-04-01,2017,0.001333869904873638
BRASILIA,2017-05-01,2017,0.001492795788678719
BRASILIA,2017-06-01,2017,0.0015667694783040754
BRASILIA,2017-07-01,2017,0.001445694841217121
BRASILIA,2017-08-01,2017,0.0013579861634749645
BRASILIA,2017-09-01,2017,0.001336457479061509
BRASILIA,2017-10-01,2017,0.001204045936447683
BRASILIA,2017-11-01,2017,0.0011943337506328388
BRASILIA,2017-12-01,2017,0.0011736260928045417
BRASILIA,2018-01-01,2018,0.0012235890314398158
BRASILIA,2018-02-01,2018,0.0014867350838727077
BRASILIA,2018-03-01,2018,0.001432267261378627
BRASILIA,2018-04-01,2018,0.001428181666306364
BRASILIA,2018-05-01,2018,0.0013998817185782054
BRASILIA,2018-06-01,2018,0.0012786119430715315
BRASILIA,2018-07-01,2018,0.0007700384161072138
BRASILIA,2018-08-01,2018,0.00030379646121366454
BRASILIA,2018-09-01,2018,0.00019090538535024737
BRASILIA,2018-10-01,2018,-0.00019594148063847183
BRASILIA,2018-11-01,2018,-0.0005736742255651517
BRASILIA,2018-12-01,2018,-0.00046915109568349656
BRASILIA,2019-01-01,2019,-0.0005161083006241018
BRASILIA,2019-02-01,2019,-0.0006376580171826385
BRASILIA,2019-03-01,2019,-0.0006267953306524043
BRASILIA,2019-04-01,2019,-0.0005767047265135084
BRASILIA,2019-05-01,2019,-0.0005350172807889775
BRASILIA,2019-06-01,2019,-0.0005165333465712074
BRASILIA,2019-07-01,2019,-0.0004489707564633816
BRASILIA,2019-08-01,2019,-0.00041237372719466256
BRASILIA,2019-09-01,2019,-0.00036342041257991895
BRASILIA,2019-10-01,2019,-0.00032417164372033127
BRASILIA,2019-11-01,2019,-0.0002442475942128253
BRASILIA,2019-12-01,2019,-0.00020542818645012063
BRASILIA,2020-01-01,2020,-0.00030624887529941526
BRASILIA,2020-02-01,2020,-0.00026103028538306596
BRASILIA,2020-03-01,2020,-0.00022947410497364817
BRASILIA,2020-04-01,2020,-8.149548958525931e-05
BRASILIA,2020-05-01,2020,-9.830309363950462e-05
BRASILIA,2020-06-01,2020,-0.00015357045213615472
BRASILIA,2020-07-01,2020,-0.00019286402658253433
BRASILIA,2020-08-01,2020,-0.00022866374969324532
BRASILIA,2020-09-01,2020,-0.0002015459496565819
BRASILIA,2020-10-01,2020,-1.3944995735076793e-05
BRASILIA,2020-11-01,2020,0.00013075785928884698
BRASILIA,2020-12-01,2020,0.00024866153226483335
BRASILIA,2021-01-01,2021,0.00022683729818903653
BRASILIA,2021-02-01,2021,0.0002137327293293967
BRASILIA,2021-03-01,2021,0.00011521412639922457
BRASILIA,2021-04-01,2021,-0.00010831235671259099
BRASILIA,2021-05-01,2021,-5.2291318788425526e-05
BRASILIA,2021-06-01,2021,4.7595067462697925e-05
BRASILIA,2021-07-01,2021,2.203738657203691e-05
BRASILIA,2021-08-01,2021,0.00011463935198402386
BRASILIA,2021-09-01,2021,0.00016669657941872806
BRASILIA,2021-10-01,2021,0.00014736772012243326
BRASILIA,2021-11-01,2021,0.0003672302287702922
BRASILIA,2021-12-01,2021,0.00036534221341013695
BRASILIA,2022-01-01,2022,0.0004579377892631353
BRASILIA,2022-02-01,2022,0.0003408556339129043
BRASILIA,2022-03-01,2022,0.0002846500243373906
BRASILIA,2022-04-01,2022,0.0002609674821822916
BRASILIA,2022-05-01,2022,0.000263887534729822
BRASILIA,2022-06-01,2022,0.00013373055042293803
BRASILIA,2022-07-01,2022,0.00028714937453131693
BRASILIA,2022-08-01,2022,0.0002730670665409918
BRASILIA,2022-09-01,2022,0.00014768976464460848
BRASILIA,2022-10-01,2022,-0.0002847329100674656
BRASILIA,2022-11-01,2022,-0.00020165386756052617
BRASILIA,2022-12-01,2022,-6.489244994372978e-05
BRASILIA,2023-01-01,2023,-0.0001455435544614969
BRASILIA,2023-02-01,2023,-0.0006821215056291097
BRASILIA,2023-03-01,2023,-0.0006518688068011591
BRASILIA,2023-04-01,2023,-0.0005715635055390045
BRASILIA,2023-05-01,2023,4.986114173880285e-05
BRASILIA,2023-06-01,2023,0.000676102062394004
BRASILIA,2023-07-01,2023,0.0011154416430365277
BRASILIA,2023-08-01,2023,0.0016600706267115484
BRASILIA,2023-09-01,2023,0.001842833018555443
BRASILIA,2023-10-01,2023,0.0020417323428750756
BRASILIA,2023-11-01,2023,0.0022962700863695252
BRASILIA,2023-12-01,2023,0.0022720362980581553
BRASILIA,2024-01-01,2024,0.0020487008724768318
BRASILIA,2024-02-01,2024,0.0020551127594997088
BRASILIA,2024-03-01,2024,0.002159215599109364
BRASILIA,2024-04-01,2024,0.00228301736465624
BRASILIA,2024-05-01,2024,0.000528240974999512
BRASILIA,2024-06-01,2024,0.00041933957423005654
BRASILIA,2024-07-01,2024,0.0004017883647830522
BRASILIA,2024-08-01,2024,0.0003922179742675702
BRASILIA,2024-09-01,2024,0.0005105112449397097
BRASILIA,2024-10-01,2024,0.0007285573834836523
BRASILIA,2024-11-01,2024,0.0006174312621067279
BRASILIA,2024-12-01,2024,0.0006868214936084216
BRASILIA,2025-01-01,2025,0.0005827815435432837
BRASILIA,2025-02-01,2025,0.0009113672028712805
BRASILIA,2025-03-01,2025,0.0008528874500540007
BRASILIA,2025-04-01,2025,0.0009799330594064514
BRASILIA,2025-05-01,2025,0.001116069355142697
BRASILIA,2025-06-01,2025,0.0010926290946218597
BRASILIA,2025-07-01,2025,0.0008759728352877305
BRASILIA,2025-08-01,2025,0.0005067084391799669
BRASILIA,2025-09-01,2025,0.0004568346321008743
BRASILIA,2025-10-01,2025,0.0007612866096671078
BRASILIA,2025-11-01,2025,0.0010219706938979735
BRASILIA,2025-12-01,2025,0.0004213613405770622
BRASILIA,2026-01-01,2026,0.0002757800788578124
BRASILIA,2026-02-01,2026,0.00030100710688303557
BRASILIA,2026-03-01,2026,0.00021349141374644277
BRASILIA,2026-04-01,2026,7.612362758686819e-05
BRASILIA,2026-05-01,2026,-0.0008504144526431456
BRASILIA,2026-06-01,2026,-0.0016353958685075287
BRASILIA,2026-07-01,2026,-0.0018042042682239045
BRASILIA,2026-08-01,2026,-0.0014943292546760866
BRASILIA,2026-09-01,2026,-0.0013565845236769092
BRASILIA,2026-10-01,2026,-0.0015037981599183192
BRASILIA,2026-11-01,2026,-0.0015243831275269448
BRASILIA,2026-12-01,2026,-0.0016696160721950948
BRASILIA,2027-01-01,2027,-0.0017042677624516023
BRASILIA,2027-02-01,2027,-0.001903412081343363
BRASILIA,2027-03-01,2027,-0.0019673885070524977
BRASILIA,2027-04-01,2027,-0.0020547058034992983
BRASILIA,2027-05-01,2027,-0.0018859119068810426
BRASILIA,2027-06-01,2027,-0.0020797088579079482
BRASILIA,2027-07-01,2027,-0.0020294378619303997
BRASILIA,2027-08-01,2027,-0.0019066097679528594
BRASILIA,2027-09-01,2027,-0.0019019440530661535
BRASILIA,2027-10-01,2027,-0.0018351604354445062
BRASILIA,2027-11-01,2027,-0.0018149747316788878
BRASILIA,2027-12-01,2027,-0.0017301529259505211
BRASILIA,2028-01-01,2028,-0.0017258667364725743
BRASILIA,2028-02-01,2028,-0.0017572294774918762
BRASILIA,2028-03-01,2028,-0.0015768269974194083
BRASILIA,2028-04-01,2028,-0.0014662618349883649
BRASILIA,2028-05-01,2028,-0.0015871380605536668
BRASILIA,2028-06-01,2028,-0.00165533908162664
BRASILIA,2028-07-01,2028,-0.0016433001740456632
BRASILIA,2028-08-01,2028,-0.00162141215507148
BRASILIA,2028-09-01,2028,-0.001564337878560097
BRASILIA,2028-10-01,2028,-0.001592115923891394
BRASILIA,2028-11-01,2028,-0.0014463016510550897
BRASILIA,2028-12-01,2028,-0.0013731052143564659
BRASILIA,2029-01-01,2029,-0.001221456923953138
BRASILIA,2029-02-01,2029,-0.0010263063184746434
BRASILIA,2029-03-01,2029,-0.000980255493377501
BRASILIA,2029-04-01,2029,-0.0009778409971195757
BRASILIA,2029-05-01,2029,-0.0007848517524362997
BRASILIA,2029-06-01,2029,-0.0007938794514031755
BRASILIA,2029-07-01,2029,-0.0007133305396568612
BRASILIA,2029-08-01,2029,-0.0006349981217746214
BRASILIA,2029-09-01,2029,-0.0007277837421152078
BRASILIA,2029-10-01,2029,-0.000650581593923486
BRASILIA,2029-11-01,2029,-0.0005402461817673976
BRASILIA,2029-12-01,2029,-0.0003796521611327586
BRASILIA,2030-01-01,2030,-0.00048650421916914823
BRASILIA,2030-02-01,2030,-0.00045503016307863907
BRASILIA,2030-03-01,2030,-0.0003470210398336615
BRASILIA,2030-04-01,2030,-0.0003684602350022226
BRASILIA,2030-05-01,2030,-0.0002518431878224248
BRASILIA,2030-06-01,2030,-0.00018342637445323718
BRASILIA,2030-07-01,2030,-0.00044400673376545187
BRASILIA,2030-08-01,2030,-0.0007889034897691671
BRASILIA,2030-09-01,2030,-0.0007389755263753927
BRASILIA,2030-10-01,2030,-0.000622977881385951
BRASILIA,2030-11-01,2030,-0.00045263399489218315
BRASILIA,2030-12-01,2030,-0.00039221056410806087
BRASILIA,2031-01-01,2031,-0.0003214891284588206
BRASILIA,2031-02-01,2031,-0.0004817022092035139
BRASILIA,2031-03-01,2031,-0.0005844034568176904
BRASILIA,2031-04-01,2031,-0.0005699907189013675
BRASILIA,2031-05-01,2031,-0.000671232223174707
BRASILIA,2031-06-01,2031,-0.0006562940933841122
BRASILIA,2031-07-01,2031,-0.0005250151370223421
BRASILIA,2031-08-01,2031,-0.0005692673520205282
BRASILIA,2031-09-01,2031,-0.000612766751524284
BRASILIA,2031-10-01,2031,-0.0006690829265488829
BRASILIA,2031-11-01,2031,-0.0006283204842311463
BRASILIA,2031-12-01,2031,-0.0005255619794728172
BRASILIA,2032-01-01,2032,-0.0004261554694312308
BRASILIA,2032-02-01,2032,-0.00043853086662173804
BRASILIA,2032-03-01,2032,-0.0001723651847728147
BRASILIA,2032-04-01,2032,-0.00029160247281547093
BRASILIA,2032-05-01,2032,-0.0002749211292666853
BRASILIA,2032-06-01,2032,-0.00039003140754264145
BRASILIA,2032-07-01,2032,-0.0004169723359396282
BRASILIA,2032-08-01,2032,-0.0004799964918059374
BRASILIA,2032-09-01,2032,-0.0005526179831917677
BRASILIA,2032-10-01,2032,-0.0004843296628255089
BRASILIA,2032-11-01,2032,-0.0005683840139724028
BRASILIA,2032-12-01,2032,-0.0007193176770432818
BRASILIA,2033-01-01,2033,-0.0007162785709566422
BRASILIA,2033-02-01,2033,-0.0010715468274640383
BRASILIA,2033-03-01,2033,-0.0011719876397609185
BRASILIA,2033-04-01,2033,-0.0011039762103889617
BRASILIA,2033-05-01,2033,-0.0009940649175340865
BRASILIA,2033-06-01,2033,-0.0009640243866705911
BRASILIA,2033-07-01,2033,-0.0008917170134472197
BRASILIA,2033-08-01,2033,-0.0006321712993294771
BRASILIA,2033-09-01,2033,-0.00046427946643776033
BRASILIA,2033-10-01,2033,-0.0005188809160176944
BRASILIA,2033-11-01,2033,-0.0004820484464871888
BRASILIA,2033-12-01,2033,-0.0003398277303180208
BRASILIA,2034-01-01,2034,-0.00016039459003134083
BRASILIA,2034-02-01,2034,-8.213870153280677e-05
BRASILIA,2034-03-01,2034,1.5624268051743774e-05
BRASILIA,2034-04-01,2034,0.00021813616141492465
BRASILIA,2034-05-01,2034,0.00028128657427686223
BRASILIA,2034-06-01,2034,0.00023256326867629462
BRASILIA,2034-07-01,2034,0.00037901162652132056
BRASILIA,2034-08-01,2034,0.0003660530344947244
BRASILIA,2034-09-01,2034,0.00040938014266970855
BRASILIA,2034-10-01,2034,0.0004040573161013661
BRASILIA,2034-11-01,2034,0.0005224089708555036
BRASILIA,2034-12-01,2034,0.000608103148128073
BRASILIA,2035-01-01,2035,0.000206818143998454
BRASILIA,2035-02-01,2035,8.529308115618028e-05
BRASILIA,2035-03-01,2035,-6.061611602141248e-05
BRASILIA,2035-04-01,2035,0.00011531387184436915
BRASILIA,2035-05-01,2035,9.813427157956078e-05
BRASILIA,2035-06-01,2035,-2.2780358050408233e-05
BRASILIA,2035-07-01,2035,-0.00013406168031331655
BRASILIA,2035-08-01,2035,-0.00025855021915011323
BRASILIA,2035-09-01,2035,-0.00023335283520268925
BRASILIA,2035-10-01,2035,-0.00018210597930024997
BRASILIA,2035-11-01,2035,-0.00022033120263754703
BRASILIA,2035-12-01,2035,-0.00011485401783645877
BRASILIA,2036-01-01,2036,1.9656819145205117e-05
BRASILIA,2036-02-01,2036,-0.00013199152989682106
BRASILIA,2036-03-01,2036,-0.00025195726993641586
BRASILIA,2036-04-01,2036,-9.625229690594427e-05
BRASILIA,2036-05-01,2036,-3.624940565674306e-05
BRASILIA,2036-06-01,2036,-0.00019976558852519477
BRASILIA,2036-07-01,2036,-0.00010314462545340075
BRASILIA,2036-08-01,2036,-0.0001383298543166378
BRASILIA,2036-09-01,2036,-0.0001313784850282096
BRASILIA,2036-10-01,2036,6.783911665454445e-06
BRASILIA,2036-11-01,2036,-0.00014441715112696097
BRASILIA,2036-12-01,2036,-0.00024117372721158437
BRASILIA,2037-01-01,2037,-0.0005047990887240983
BRASILIA,2037-02-01,2037,-0.00034613373589680306
BRASILIA,2037-03-01,2037,-0.0003924442200284428
BRASILIA,2037-04-01,2037,-0.0005072603717630398
BRASILIA,2037-05-01,2037,-0.0004285259003458941
BRASILIA,2037-06-01,2037,-0.0003458918625310281
BRASILIA,2037-07-01,2037,-8.557396565653575e-05
BRASILIA,2037-08-01,2037,0.00011719429181793473
BRASILIA,2037-09-01,2037,-7.913207270842216e-05
BRASILIA,2037-10-01,2037,-3.3895995969370765e-05
BRASILIA,2037-11-01,2037,-6.576391806385917e-05
BRASILIA,2037-12-01,2037,0.00011737917830888067
BRASILIA,2038-01-01,2038,0.0002763013560191818
BRASILIA,2038-02-01,2038,0.00012451791063553097
BRASILIA,2038-03-01,2038,2.1968846444667677e-05
BRASILIA,2038-04-01,2038,0.00011146242935443974
BRASILIA,2038-05-01,2038,0.0002748495045457122
BRASILIA,2038-06-01,2038,0.00033708965082293704
BRASILIA,2038-07-01,2038,0.0004422152820324732
BRASILIA,2038-08-01,2038,0.00032745476633673775
BRASILIA,2038-09-01,2038,0.0003922214133099855
BRASILIA,2038-10-01,2038,0.0001264437589936207
BRASILIA,2038-11-01,2038,4.3690910385260074e-05
BRASILIA,2038-12-01,2038,2.7419963389141434e-05
BRASILIA,2039-01-01,2039,-1.1873866488020245e-05
BRASILIA,2039-02-01,2039,-7.782644410651684e-05
BRASILIA,2039-03-01,2039,-0.00012724439837288214
BRASILIA,2039-04-01,2039,-1.7369380268015267e-05
BRASILIA,2039-05-01,2039,-2.9497480991056425e-05
BRASILIA,2039-06-01,2039,-0.00035685823708266675
BRASILIA,2039-07-01,2039,-0.0005385956533712766
BRASILIA,2039-08-01,2039,-0.000376178075594833
BRASILIA,2039-09-01,2039,-7.19076137437713e-06
BRASILIA,2039-10-01,2039,0.00010744853351952854
BRASILIA,2039-11-01,2039,0.0002478507545220643
BRASILIA,2039-12-01,2039,0.0009453189005395779
CAMPO GRANDE,2010-01-01,2010,0.0
CAMPO GRANDE,2010-02-01,2010,0.0
CAMPO GRANDE,2010-03-01,2010,0.0
CAMPO GRANDE,2010-04-01,2010,-3.893179024684334e-05
CAMPO GRANDE,2010-05-01,2010,-2.7233807661765086e-05
CAMPO GRANDE,2010-06-01,2010,-0.00014995594638790523
CAMPO GRANDE,2010-07-01,2010,-7.19143707428338e-05
CAMPO GRANDE,2010-08-01,2010,0.00015208043954741623
CAMPO GRANDE,2010-09-01,2010,0.00033417483301760977
CAMPO GRANDE,2010-10-01,2010,8.338847909326153e-05
CAMPO GRANDE,2010-11-01,2010,-1.2996172407365725e-05
CAMPO GRANDE,2010-12-01,2010,9.117113134258337e-05
CAMPO GRANDE,2011-01-01,2011,8.537412330978599e-05
CAMPO GRANDE,2011-02-01,2011,0.00033409001124578674
CAMPO GRANDE,2011-03-01,2011,0.0004042879596170634
CAMPO GRANDE,2011-04-01,2011,0.0004288925479656991
CAMPO GRANDE,2011-05-01,2011,0.0004548554725884879
CAMPO GRANDE,2011-06-01,2011,0.0004223115903442798
CAMPO GRANDE,2011-07-01,2011,0.000400587459337135
CAMPO GRANDE,2011-08-01,2011,0.0004610638213648588
CAMPO GRANDE,2011-09-01,2011,0.0004914825943279955
CAMPO GRANDE,2011-10-01,2011,0.0004694287763469862
CAMPO GRANDE,2011-11-01,2011,0.0004242986649601332
CAMPO GRANDE,2011-12-01,2011,0.00043978866505611005
CAMPO GRANDE,2012-01-01,2012,0.0004096067185353969
CAMPO GRANDE,2012-02-01,2012,0.0003575571072940376
CAMPO GRANDE,2012-03-01,2012,0.0003446666918530461
CAMPO GRANDE,2012-04-01,2012,0.00028890340281334856
CAMPO GRANDE,2012-05-01,2012,0.0002894289716933718
CAMPO GRANDE,2012-06-01,2012,0.0001517971395859796
CAMPO GRANDE,2012-07-01,2012,0.00011586665477849922
CAMPO GRANDE,2012-08-01,2012,0.0001233518672443046
CAMPO GRANDE,2012-09-01,2012,0.00019045800727721663
CAMPO GRANDE,2012-10-01,2012,0.00028640714836744574
CAMPO GRANDE,2012-11-01,2012,0.00028228272819831867
CAMPO GRANDE,2012-12-01,2012,0.0003659863712089306
CAMPO GRANDE,2013-01-01,2013,0.0004036604197701132
CAMPO GRANDE,2013-02-01,2013,0.0003157272471874162
CAMPO GRANDE,2013-03-01,2013,0.0003976801757300119
CAMPO GRANDE,2013-04-01,2013,0.0004905569719192316
CAMPO GRANDE,2013-05-01,2013,0.0005035146102871113
CAMPO GRANDE,2013-06-01,2013,0.0005099726497273738
CAMPO GRANDE,2013-07-01,2013,0.0005562377573292865
CAMPO GRANDE,2013-08-01,2013,0.0006059782597696839
CAMPO GRANDE,2013-09-01,2013,0.0005963306228498888
CAMPO GRANDE,2013-10-01,2013,0.0006275444639079297
CAMPO GRANDE,2013-11-01,2013,0.0006081132688358237
CAMPO GRANDE,2013-12-01,2013,0.000730740001155632
CAMPO GRANDE,2014-01-01,2014,0.0007069277800506413
CAMPO GRANDE,2014-02-01,2014,0.0007252825784295558
CAMPO GRANDE,2014-03-01,2014,0.000656773949091376
CAMPO GRANDE,2014-04-01,2014,0.0006127190569859165
CAMPO GRANDE,2014-05-01,2014,0.0007266933140952481
CAMPO GRANDE,2014-06-01,2014,0.0007778789544208242
CAMPO GRANDE,2014-07-01,2014,0.0008025723687742015
CAMPO GRANDE,2014-08-01,2014,0.0008336476781271951
CAMPO GRANDE,2014-09-01,2014,0.0009160240648176409
CAMPO GRANDE,2014-10-01,2014,0.0009464171088745554
CAMPO GRANDE,2014-11-01,2014,0.001025629646098064
CAMPO GRANDE,2014-12-01,2014,0.0010664029528851182
CAMPO GRANDE,2015-01-01,2015,0.0010390780822064495
CAMPO GRANDE,2015-02-01,2015,0.0009931521652590237
CAMPO GRANDE,2015-03-01,2015,0.0008096679431789344
CAMPO GRANDE,2015-04-01,2015,0.0007714216239687133
CAMPO GRANDE,2015-05-01,2015,0.0007466218675465019
CAMPO GRANDE,2015-06-01,2015,0.000683666397155609
CAMPO GRANDE,2015-07-01,2015,0.000609619844374244
CAMPO GRANDE,2015-08-01,2015,0.0007113846032292793
CAMPO GRANDE,2015-09-01,2015,0.0005900994192256803
CAMPO GRANDE,2015-10-01,2015,0.0005788006094144737
CAMPO GRANDE,2015-11-01,2015,0.0005324139417111495
CAMPO GRANDE,2015-12-01,2015,0.0005086163002885835
CAMPO GRANDE,2016-01-01,2016,0.0005386654734988805
CAMPO GRANDE,2016-02-01,2016,0.000499011189850298
CAMPO GRANDE,2016-03-01,2016,0.0006705402993510257
CAMPO GRANDE,2016-04-01,2016,0.0007465697966140128
CAMPO GRANDE,2016-05-01,2016,0.0007619953792537637
CAMPO GRANDE,2016-06-01,2016,0.0007788876172237958
CAMPO GRANDE,2016-07-01,2016,0.0006906251442764954
CAMPO GRANDE,2016-08-01,2016,0.0006779221979393213
CAMPO GRANDE,2016-09-01,2016,0.0007268230754745564
CAMPO GRANDE,2016-10-01,2016,0.0008015053524404692
CAMPO GRANDE,2016-11-01,2016,0.0007918160172990351
CAMPO GRANDE,2016-12-01,2016,0.0007724837612418101
CAMPO GRANDE,2017-01-01,2017,0.0006999741534159199
CAMPO GRANDE,2017-02-01,2017,0.0006308649404838463
CAMPO GRANDE,2017-03-01,2017,0.0007463020024864031
CAMPO GRANDE,2017-04-01,2017,0.0006407612446982302
CAMPO GRANDE,2017-05-01,2017,0.0005467332199660092
CAMPO GRANDE,2017-06-01,2017,0.0006348266476046117
CAMPO GRANDE,2017-07-01,2017,0.0006668561196259082
CAMPO GRANDE,2017-08-01,2017,0.0006139563886893595
CAMPO GRANDE,2017-09-01,2017,0.0007152992528867819
CAMPO GRANDE,2017-10-01,2017,0.0007387308591991893
CAMPO GRANDE,2017-11-01,2017,0.0008001460190781007
CAMPO GRANDE,2017-12-01,2017,0.0008156449443003988
CAMPO GRANDE,2018-01-01,2018,0.0008232539911871517
CAMPO GRANDE,2018-02-01,2018,0.0007854444510667935
CAMPO GRANDE,2018-03-01,2018,0.0006853113179411074
CAMPO GRANDE,2018-04-01,2018,0.0006169395759458085
CAMPO GRANDE,2018-05-01,2018,0.0007156994809388684
CAMPO GRANDE,2018-06-01,2018,0.0006923662149866261
CAMPO GRANDE,2018-07-01,2018,0.0006827959185765808
CAMPO GRANDE,2018-08-01,2018,0.000582065475812058
CAMPO GRANDE,2018-09-01,2018,0.0005642753304774417
CAMPO GRANDE,2018-10-01,2018,0.0005354679746306179
CAMPO GRANDE,2018-11-01,2018,0.0004301968109638221
CAMPO GRANDE,2018-12-01,2018,0.00042993781905764086
CAMPO GRANDE,2019-01-01,2019,0.00038802311253249844
CAMPO GRANDE,2019-02-01,2019,0.00038968312445889717
CAMPO GRANDE,2019-03-01,2019,0.00032168258634852177
CAMPO GRANDE,2019-04-01,2019,0.00027346640340626617
CAMPO GRANDE,2019-05-01,2019,0.0002734985387337852
CAMPO GRANDE,2019-06-01,2019,0.0004246028621805398
CAMPO GRANDE,2019-07-01,2019,0.0004947639780822455
CAMPO GRANDE,2019-08-01,2019,0.000515785132049864
CAMPO GRANDE,2019-09-01,2019,0.0006618720831850034
CAMPO GRANDE,2019-10-01,2019,0.0007515905297235282
CAMPO GRANDE,2019-11-01,2019,0.0006860070604777934
CAMPO GRANDE,2019-12-01,2019,0.0006833554517674379
CAMPO GRANDE,2020-01-01,2020,0.0007146726176450957
CAMPO GRANDE,2020-02-01,2020,0.000837972911769681
CAMPO GRANDE,2020-03-01,2020,0.0008973022897843585
CAMPO GRANDE,2020-04-01,2020,0.0009249858417600465
CAMPO GRANDE,2020-05-01,2020,0.0008835458161969578
CAMPO GRANDE,2020-06-01,2020,0.0009689862140408945
CAMPO GRANDE,2020-07-01,2020,0.00110211724654255
CAMPO GRANDE,2020-08-01,2020,0.0012549023926056268
CAMPO GRANDE,2020-09-01,2020,0.0011652323737360115
CAMPO GRANDE,2020-10-01,2020,0.0012193005099489108
CAMPO GRANDE,2020-11-01,2020,0.0011763189270692976
CAMPO GRANDE,2020-12-01,2020,0.0010796132449333651
CAMPO GRANDE,2021-01-01,2021,0.0009120021521650312
CAMPO GRANDE,2021-02-01,2021,0.000975813315297267
CAMPO GRANDE,2021-03-01,2021,0.0007504868830121248
CAMPO GRANDE,2021-04-01,2021,0.0007551650711135283
CAMPO GRANDE,2021-05-01,2021,0.0008238774724996533
CAMPO GRANDE,2021-06-01,2021,0.0008664278955156646
CAMPO GRANDE,2021-07-01,2021,0.0009030183306763007
CAMPO GRANDE,2021-08-01,2021,0.0008657044215933918
CAMPO GRANDE,2021-09-01,2021,0.0008784475103537204
CAMPO GRANDE,2021-10-01,2021,0.000870166629785305
CAMPO GRANDE,2021-11-01,2021,0.0008699375116135866
CAMPO GRANDE,2021-12-01,2021,0.0008273142124855759
CAMPO GRANDE,2022-01-01,2022,0.0008699233599402201
CAMPO GRANDE,2022-02-01,2022,0.0008064893101135651
CAMPO GRANDE,2022-03-01,2022,0.0004815187633693463
CAMPO GRANDE,2022-04-01,2022,0.00044316669877271454
CAMPO GRANDE,2022-05-01,2022,0.0005598913051761323
CAMPO GRANDE,2022-06-01,2022,0.000650583539041295
CAMPO GRANDE,2022-07-01,2022,0.0007844062683434927
CAMPO GRANDE,2022-08-01,2022,0.0010130803020291658
CAMPO GRANDE,2022-09-01,2022,0.0008176566327796609
CAMPO GRANDE,2022-10-01,2022,0.0007385197158505441
CAMPO GRANDE,2022-11-01,2022,0.000726200394852019
CAMPO GRANDE,2022-12-01,2022,0.0006371580259772491
CAMPO GRANDE,2023-01-01,2023,0.00046456818732291017
CAMPO GRANDE,2023-02-01,2023,0.00044930020070905183
CAMPO GRANDE,2023-03-01,2023,0.0003634062474089761
CAMPO GRANDE,2023-04-01,2023,0.0003911373778542715
CAMPO GRANDE,2023-05-01,2023,0.0004021272659326869
CAMPO GRANDE,2023-06-01,2023,0.00035268758502380427
CAMPO GRANDE,2023-07-01,2023,0.00029013365154971884
CAMPO GRANDE,2023-08-01,2023,0.0004480880445184443
CAMPO GRANDE,2023-09-01,2023,0.0004515335897661099
CAMPO GRANDE,2023-10-01,2023,0.0005234668366822759
CAMPO GRANDE,2023-11-01,2023,0.00033089830470225625
CAMPO GRANDE,2023-12-01,2023,0.00022264280948675164
CAMPO GRANDE,2024-01-01,2024,0.00027453517563721274
CAMPO GRANDE,2024-02-01,2024,0.00012120816129328805
CAMPO GRANDE,2024-03-01,2024,0.0001423755937089799
CAMPO GRANDE,2024-04-01,2024,4.926887005056058e-05
CAMPO GRANDE,2024-05-01,2024,7.4455850428643e-05
CAMPO GRANDE,2024-06-01,2024,2.6199392977415136e-05
CAMPO GRANDE,2024-07-01,2024,4.940486607343031e-05
CAMPO GRANDE,2024-08-01,2024,-0.00010735307769706437
CAMPO GRANDE,2024-09-01,2024,-0.00020798316385900906
CAMPO GRANDE,2024-10-01,2024,-0.00023880288859939758
CAMPO GRANDE,2024-11-01,2024,-0.0003529768227875485
CAMPO GRANDE,2024-12-01,2024,-0.0004518131803659653
CAMPO GRANDE,2025-01-01,2025,-0.00042367694760857554
CAMPO GRANDE,2025-02-01,2025,-0.0004345059446399091
CAMPO GRANDE,2025-03-01,2025,-0.0005017468197061803
CAMPO GRANDE,2025-04-01,2025,-0.00035796095007699645
CAMPO GRANDE,2025-05-01,2025,-0.00039562388362510245
CAMPO GRANDE,2025-06-01,2025,-0.00036197650208721124
CAMPO GRANDE,2025-07-01,2025,-0.0004853334422959932
CAMPO GRANDE,2025-08-01,2025,-0.0006241618178392883
CAMPO GRANDE,2025-09-01,2025,-0.0008145956592457049
CAMPO GRANDE,2025-10-01,2025,-0.0007399300293461264
CAMPO GRANDE,2025-11-01,2025,-0.0008037503260803169
CAMPO GRANDE,2025-12-01,2025,-0.0007616803021260898
CAMPO GRANDE,2026-01-01,2026,-0.0007656286588952699
CAMPO GRANDE,2026-02-01,2026,-0.0007440375007544109
CAMPO GRANDE,2026-03-01,2026,-0.0006987732977764494
CAMPO GRANDE,2026-04-01,2026,-0.000759455701279087
CAMPO GRANDE,2026-05-01,2026,-0.0007616731820093902
CAMPO GRANDE,2026-06-01,2026,-0.0006577053871428318
CAMPO GRANDE,2026-07-01,2026,-0.000762100288150811
CAMPO GRANDE,2026-08-01,2026,-0.0006556333889218358
CAMPO GRANDE,2026-09-01,2026,-0.0005508200326595236
CAMPO GRANDE,2026-10-01,2026,-0.0006006863640616411
CAMPO GRANDE,2026-11-01,2026,-0.0006794086983482195
CAMPO GRANDE,2026-12-01,2026,-0.0006310614333927112
CAMPO GRANDE,2027-01-01,2027,-0.0007923493232880041
CAMPO GRANDE,2027-02-01,2027,-0.0007514140808960145
CAMPO GRANDE,2027-03-01,2027,-0.0007762339237397164
CAMPO GRANDE,2027-04-01,2027,-0.0010225060871218072
CAMPO GRANDE,2027-05-01,2027,-0.0008369554966230596
CAMPO GRANDE,2027-06-01,2027,-0.0010693909721501737
CAMPO GRANDE,2027-07-01,2027,-0.0010397621847217742
CAMPO GRANDE,2027-08-01,2027,-0.0011561392937740832
CAMPO GRANDE,2027-09-01,2027,-0.0012664835196126156
CAMPO GRANDE,2027-10-01,2027,-0.0011075648882188493
CAMPO GRANDE,2027-11-01,2027,-0.000971549999508775
CAMPO GRANDE,2027-12-01,2027,-0.0009769463955385648
CAMPO GRANDE,2028-01-01,2028,-0.0009164954600405328
CAMPO GRANDE,2028-02-01,2028,-0.0010422697129893021
CAMPO GRANDE,2028-03-01,2028,-0.0010052128640649428
CAMPO GRANDE,2028-04-01,2028,-0.0008838013464749372
CAMPO GRANDE,2028-05-01,2028,-0.0009088231551909154
CAMPO GRANDE,2028-06-01,2028,-0.0009686042590250577
CAMPO GRANDE,2028-07-01,2028,-0.0010439123494395564
CAMPO GRANDE,2028-08-01,2028,-0.00110301216576426
CAMPO GRANDE,2028-09-01,2028,-0.0012114636501356578
CAMPO GRANDE,2028-10-01,2028,-0.0012145529917704523
CAMPO GRANDE,2028-11-01,2028,-0.0010747727239354887
CAMPO GRANDE,2028-12-01,2028,-0.0010640010228197404
CAMPO GRANDE,2029-01-01,2029,-0.0011634873680028733
CAMPO GRANDE,2029-02-01,2029,-0.0010840584655498586
CAMPO GRANDE,2029-03-01,2029,-0.001225454795735783
CAMPO GRANDE,2029-04-01,2029,-0.0012129697337093892
CAMPO GRANDE,2029-05-01,2029,-0.0015680907892786488
CAMPO GRANDE,2029-06-01,2029,-0.0016734149339063741
CAMPO GRANDE,2029-07-01,2029,-0.0015177388215919974
CAMPO GRANDE,2029-08-01,2029,-0.0015493751018714518
CAMPO GRANDE,2029-09-01,2029,-0.0014699246442105719
CAMPO GRANDE,2029-10-01,2029,-0.0016026754606396187
CAMPO GRANDE,2029-11-01,2029,-0.0015205922879989087
CAMPO GRANDE,2029-12-01,2029,-0.0016652250821359504
CAMPO GRANDE,2030-01-01,2030,-0.0018807144804952425
CAMPO GRANDE,2030-02-01,2030,-0.0016742432794532292
CAMPO GRANDE,2030-03-01,2030,-0.0016103714213777974
CAMPO GRANDE,2030-04-01,2030,-0.0018263358565867194
CAMPO GRANDE,2030-05-01,2030,-0.001824455328237824
CAMPO GRANDE,2030-06-01,2030,-0.0016786861540687293
CAMPO GRANDE,2030-07-01,2030,-0.0016966376347202128
CAMPO GRANDE,2030-08-01,2030,-0.0016079053607932026
CAMPO GRANDE,2030-09-01,2030,-0.0014684359678692304
CAMPO GRANDE,2030-10-01,2030,-0.0015624446180300833
CAMPO GRANDE,2030-11-01,2030,-0.001762004637265584
CAMPO GRANDE,2030-12-01,2030,-0.001811582292914078
CAMPO GRANDE,2031-01-01,2031,-0.0017619718590121836
CAMPO GRANDE,2031-02-01,2031,-0.0017038797089140678
CAMPO GRANDE,2031-03-01,2031,-0.0015879464213588545
CAMPO GRANDE,2031-04-01,2031,-0.0014764717808406313
CAMPO GRANDE,2031-05-01,2031,-0.001181790846248718
CAMPO GRANDE,2031-06-01,2031,-0.0009479532302001758
CAMPO GRANDE,2031-07-01,2031,-0.00108529024774349
CAMPO GRANDE,2031-08-01,2031,-0.0011173808209923365
CAMPO GRANDE,2031-09-01,2031,-0.0011772925001414148
CAMPO GRANDE,2031-10-01,2031,-0.001104566501864046
CAMPO GRANDE,2031-11-01,2031,-0.0012777717240591191
CAMPO GRANDE,2031-12-01,2031,-0.001016076122428019
CAMPO GRANDE,2032-01-01,2032,-0.0008525163912957667
CAMPO GRANDE,2032-02-01,2032,-0.0009919588361332443
CAMPO GRANDE,2032-03-01,2032,-0.0010515743801237654
CAMPO GRANDE,2032-04-01,2032,-0.000824887362620631
CAMPO GRANDE,2032-05-01,2032,-0.0006883835673757755
CAMPO GRANDE,2032-06-01,2032,-0.0009153849878781661
CAMPO GRANDE,2032-07-01,2032,-0.0010074025001692388
CAMPO GRANDE,2032-08-01,2032,-0.000844629495192677
CAMPO GRANDE,2032-09-01,2032,-0.0008102155486476237
CAMPO GRANDE,2032-10-01,2032,-0.0006094932747180803
CAMPO GRANDE,2032-11-01,2032,-0.00045705628491368613
CAMPO GRANDE,2032-12-01,2032,-0.00042836303622620256
CAMPO GRANDE,2033-01-01,2033,-0.00028511974187092837
CAMPO GRANDE,2033-02-01,2033,-0.0002241377815803547
CAMPO GRANDE,2033-03-01,2033,-0.0001682154099835642
CAMPO GRANDE,2033-04-01,2033,-6.148823755598442e-05
CAMPO GRANDE,2033-05-01,2033,-0.00019172157205078034
CAMPO GRANDE,2033-06-01,2033,-0.00013364125677871265
CAMPO GRANDE,2033-07-01,2033,-0.00014340211304828655
CAMPO GRANDE,2033-08-01,2033,-0.0002223492971741703
CAMPO GRANDE,2033-09-01,2033,1.4515905000788144e-05
CAMPO GRANDE,2033-10-01,2033,-0.00021114052635111568
CAMPO GRANDE,2033-11-01,2033,-0.00017683211376819496
CAMPO GRANDE,2033-12-01,2033,-0.00023735361031727132
CAMPO GRANDE,2034-01-01,2034,-0.00024553868173859516
CAMPO GRANDE,2034-02-01,2034,-0.00025593204921296574
CAMPO GRANDE,2034-03-01,2034,-2.487923590186125e-05
CAMPO GRANDE,2034-04-01,2034,4.579393574040247e-05
CAMPO GRANDE,2034-05-01,2034,0.00021366779783391966
CAMPO GRANDE,2034-06-01,2034,0.0004286274266550938
CAMPO GRANDE,2034-07-01,2034,0.0005134818215257253
CAMPO GRANDE,2034-08-01,2034,0.00043985406159879117
CAMPO GRANDE,2034-09-01,2034,0.00039828787289010405
CAMPO GRANDE,2034-10-01,2034,0.0005446806304282259
CAMPO GRANDE,2034-11-01,2034,0.0006753138985083618
CAMPO GRANDE,2034-12-01,2034,0.0007901567640544705
CAMPO GRANDE,2035-01-01,2035,0.000755469841034685
CAMPO GRANDE,2035-02-01,2035,0.000900328892747666
CAMPO GRANDE,2035-03-01,2035,0.0009070167017178154
CAMPO GRANDE,2035-04-01,2035,0.000986020631881953
CAMPO GRANDE,2035-05-01,2035,0.0009797290758107168
CAMPO GRANDE,2035-06-01,2035,0.0010327099625422342
CAMPO GRANDE,2035-07-01,2035,0.0010965764398114608
CAMPO GRANDE,2035-08-01,2035,0.0010964480516272312
CAMPO GRANDE,2035-09-01,2035,0.001049025193365838
CAMPO GRANDE,2035-10-01,2035,0.00135515772888795
CAMPO GRANDE,2035-11-01,2035,0.001247204961857853
CAMPO GRANDE,2035-12-01,2035,0.0012128987675243186
CAMPO GRANDE,2036-01-01,2036,0.0012769164459504778
CAMPO GRANDE,2036-02-01,2036,0.0012304245049174066
CAMPO GRANDE,2036-03-01,2036,0.0011002105058059075
CAMPO GRANDE,2036-04-01,2036,0.0008226380467185157
CAMPO GRANDE,2036-05-01,2036,0.0006966451519024541
CAMPO GRANDE,2036-06-01,2036,0.0005036694507215477
CAMPO GRANDE,2036-07-01,2036,0.0006121013126279551
CAMPO GRANDE,2036-08-01,2036,0.0005584939257906374
CAMPO GRANDE,2036-09-01,2036,0.0007946135877173432
CAMPO GRANDE,2036-10-01,2036,0.0007830114835682534
CAMPO GRANDE,2036-11-01,2036,0.0008227787679196352
CAMPO GRANDE,2036-12-01,2036,0.0006844389148320529
CAMPO GRANDE,2037-01-01,2037,0.0005301526069026064
CAMPO GRANDE,2037-02-01,2037,0.0004443330278453039
CAMPO GRANDE,2037-03-01,2037,0.0004243227739015465
CAMPO GRANDE,2037-04-01,2037,0.000514502618663506
CAMPO GRANDE,2037-05-01,2037,0.0003015929795850525
CAMPO GRANDE,2037-06-01,2037,0.00010132823511795342
CAMPO GRANDE,2037-07-01,2037,-1.3648629766052079e-05
CAMPO GRANDE,2037-08-01,2037,-7.982760077140605e-05
CAMPO GRANDE,2037-09-01,2037,-0.00015885388400400547
CAMPO GRANDE,2037-10-01,2037,-0.0002983932703151859
CAMPO GRANDE,2037-11-01,2037,-0.0004793099242221921
CAMPO GRANDE,2037-12-01,2037,-0.0006241760594331136
CAMPO GRANDE,2038-01-01,2038,-0.0006569168982584894
CAMPO GRANDE,2038-02-01,2038,-0.0007523327007910785
CAMPO GRANDE,2038-03-01,2038,-0.0009404612400924706
CAMPO GRANDE,2038-04-01,2038,-0.0008443402492530228
CAMPO GRANDE,2038-05-01,2038,-0.0008691197499104764
CAMPO GRANDE,2038-06-01,2038,-0.0009019294237763698
CAMPO GRANDE,2038-07-01,2038,-0.0009696990837791563
CAMPO GRANDE,2038-08-01,2038,-0.0009555433785577638
CAMPO GRANDE,2038-09-01,2038,-0.0011147049567830425
CAMPO GRANDE,2038-10-01,2038,-0.001265673381414968
CAMPO GRANDE,2038-11-01,2038,-0.0012256138528406646
CAMPO GRANDE,2038-12-01,2038,-0.0011776644708258476
CAMPO GRANDE,2039-01-01,2039,-0.001158780826049145
CAMPO GRANDE,2039-02-01,2039,-0.0011879435497320068
CAMPO GRANDE,2039-03-01,2039,-0.0013129933831399544
CAMPO GRANDE,2039-04-01,2039,-0.0012874629340075404
CAMPO GRANDE,2039-05-01,2039,-0.0011125331647179248
CAMPO GRANDE,2039-06-01,2039,-0.0010817100968865646
CAMPO GRANDE,2039-07-01,2039,-0.0010777751494940768
CAMPO GRANDE,2039-08-01,2039,-0.0011427645765997485
CAMPO GRANDE,2039-09-01,2039,-0.0011453823537836427
CAMPO GRANDE,2039-10-01,2039,-0.0011610642303957175
CAMPO GRANDE,2039-11-01,2039,-0.0011614655504449656
CAMPO GRANDE,2039-12-01,2039,-0.0011335856918591426
CUIABA,2010-01-01,2010,0.0
CUIABA,2010-02-01,2010,0.0
CUIABA,2010-03-01,2010,0.0
CUIABA,2010-04-01,2010,-0.000123952712372426
CUIABA,2010-05-01,2010,-0.00028871199486027785
CUIABA,2010-06-01,2010,-0.0005431947544272786
CUIABA,2010-07-01,2010,-0.0008040248551187045
CUIABA,2010-08-01,2010,-0.0006763467209180717
CUIABA,2010-09-01,2010,-0.0005438814266969705
CUIABA,2010-10-01,2010,-0.0006520095480707489
CUIABA,2010-11-01,2010,-0.0007318928026669724
CUIABA,2010-12-01,2010,-0.0008929712863684491
CUIABA,2011-01-01,2011,-0.0008787611682360874
CUIABA,2011-02-01,2011,-0.0008409472847451461
CUIABA,2011-03-01,2011,-0.0008364749604998545
CUIABA,2011-04-01,2011,-0.0007262984522434856
CUIABA,2011-05-01,2011,-0.000784602696221437
CUIABA,2011-06-01,2011,-0.0007278394172818902
CUIABA,2011-07-01,2011,-0.0009050761559542097
CUIABA,2011-08-01,2011,-0.0010084765367271175
CUIABA,2011-09-01,2011,-0.001088770618275845
CUIABA,2011-10-01,2011,-0.0011328415613398601
CUIABA,2011-11-01,2011,-0.0011524722506958385
CUIABA,2011-12-01,2011,-0.0010068663871017202
CUIABA,2012-01-01,2012,-0.0010160934263048137
CUIABA,2012-02-01,2012,-0.0008978559896965554
CUIABA,2012-03-01,2012,-0.0009710250685057876
CUIABA,2012-04-01,2012,-0.0010283511001695977
CUIABA,2012-05-01,2012,-0.0009906183826143555
CUIABA,2012-06-01,2012,-0.0008793540466896554
CUIABA,2012-07-01,2012,-0.0008488052341804808
CUIABA,2012-08-01,2012,-0.0008907966677687795
CUIABA,2012-09-01,2012,-0.0008283868275363981
CUIABA,2012-10-01,2012,-0.000766865703454891
CUIABA,2012-11-01,2012,-0.0008227271149065906
CUIABA,2012-12-01,2012,-0.00082402551788193
CUIABA,2013-01-01,2013,-0.0007612572241097715
CUIABA,2013-02-01,2013,-0.0006899663901121977
CUIABA,2013-03-01,2013,-0.0006678664277831958
CUIABA,2013-04-01,2013,-0.000542141275378869
CUIABA,2013-05-01,2013,-0.0003841739391889398
CUIABA,2013-06-01,2013,-0.0001314174114876432
CUIABA,2013-07-01,2013,-1.495679242438097e-06
CUIABA,2013-08-01,2013,8.995905012852634e-05
CUIABA,2013-09-01,2013,0.00011965965280115287
CUIABA,2013-10-01,2013,0.0001480002826090332
CUIABA,2013-11-01,2013,0.0002133166333358838
CUIABA,2013-12-01,2013,0.00034217495275934873
CUIABA,2014-01-01,2014,0.0004834101896825937
CUIABA,2014-02-01,2014,0.000610011098115506
CUIABA,2014-03-01,2014,0.0006152029546431803
CUIABA,2014-04-01,2014,0.0004995275706496749
CUIABA,2014-05-01,2014,0.0003344718666600688
CUIABA,2014-06-01,2014,0.00036380919493294694
CUIABA,2014-07-01,2014,0.00036357935099003537
CUIABA,2014-08-01,2014,0.00043266539938145997
CUIABA,2014-09-01,2014,0.0004037283003669168
CUIABA,2014-10-01,2014,0.00027014215469993495
CUIABA,2014-11-01,2014,0.0003646913401344631
CUIABA,2014-12-01,2014,0.0002779693417351159
CUIABA,2015-01-01,2015,0.000296933716573583
CUIABA,2015-02-01,2015,0.00030643312878612326
CUIABA,2015-03-01,2015,0.00032170290541119084
CUIABA,2015-04-01,2015,0.00023489689773806277
CUIABA,2015-05-01,2015,0.00020743926504795618
CUIABA,2015-06-01,2015,0.00012800891336590793
CUIABA,2015-07-01,2015,0.00010863699462426935
CUIABA,2015-08-01,2015,-0.00010498306057298068
CUIABA,2015-09-01,2015,5.567779448585775e-05
CUIABA,2015-10-01,2015,-5.707197436077838e-07
CUIABA,2015-11-01,2015,-8.1874210838081e-05
CUIABA,2015-12-01,2015,-9.76060785891919e-05
CUIABA,2016-01-01,2016,-0.0003445545148513651
CUIABA,2016-02-01,2016,-0.00032257750775854246
CUIABA,2016-03-01,2016,-0.0003567370003200598
CUIABA,2016-04-01,2016,-0.00040428014172381733
CUIABA,2016-05-01,2016,-0.0005594441551363383
CUIABA,2016-06-01,2016,-0.0005534262886636243
CUIABA,2016-07-01,2016,-0.000718223258080537
CUIABA,2016-08-01,2016,-0.000773257740652189
CUIABA,2016-09-01,2016,-0.0006839502748302728
CUIABA,2016-10-01,2016,-0.00047989106114304514
CUIABA,2016-11-01,2016,-0.0002829377862465232
CUIABA,2016-12-01,2016,-0.00026284046165314103
CUIABA,2017-01-01,2017,-0.00010506524613350443
CUIABA,2017-02-01,2017,-0.00014739076115599659
CUIABA,2017-03-01,2017,9.884883755552077e-06
CUIABA,2017-04-01,2017,0.00011397570290364256
CUIABA,2017-05-01,2017,0.000189586402757278
CUIABA,2017-06-01,2017,0.0005757973976155472
CUIABA,2017-07-01,2017,0.0007399716101400755
CUIABA,2017-08-01,2017,0.0009198642725727147
CUIABA,2017-09-01,2017,0.0009561926047513191
CUIABA,2017-10-01,2017,0.0012053532161811176
CUIABA,2017-11-01,2017,0.0014084033320064416
CUIABA,2017-12-01,2017,0.001329179526584119
CUIABA,2018-01-01,2018,0.0013218138624343434
CUIABA,2018-02-01,2018,0.0013234330482703406
CUIABA,2018-03-01,2018,0.001164622316256172
CUIABA,2018-04-01,2018,0.00123554894161653
CUIABA,2018-05-01,2018,0.0011210369113444241
CUIABA,2018-06-01,2018,0.0012111140958305233
CUIABA,2018-07-01,2018,0.0011734066194996184
CUIABA,2018-08-01,2018,0.0012058956002499754
CUIABA,2018-09-01,2018,0.001134748687275421
CUIABA,2018-10-01,2018,0.0010024709794336794
CUIABA,2018-11-01,2018,0.0011409606099575065
CUIABA,2018-12-01,2018,0.0011152152344844157
CUIABA,2019-01-01,2019,0.0010434290752297714
CUIABA,2019-02-01,2019,0.0009406739216485594
CUIABA,2019-03-01,2019,0.001058179031523806
CUIABA,2019-04-01,2019,0.0011628723579480537
CUIABA,2019-05-01,2019,0.001284390780129171
CUIABA,2019-06-01,2019,0.001328871880469299
CUIABA,2019-07-01,2019,0.0013151717725133217
CUIABA,2019-08-01,2019,0.001460192349290298
CUIABA,2019-09-01,2019,0.001640554929770771
CUIABA,2019-10-01,2019,0.0016351272074916067
CUIABA,2019-11-01,2019,0.0016651392402413933
CUIABA,2019-12-01,2019,0.0016103400633385111
CUIABA,2020-01-01,2020,0.0016873879729943154
CUIABA,2020-02-01,2020,0.0018687925906302728
CUIABA,2020-03-01,2020,0.0019151563506872148
CUIABA,2020-04-01,2020,0.0020654976427770446
CUIABA,2020-05-01,2020,0.00209975434506113
CUIABA,2020-06-01,2020,0.002181300886849179
CUIABA,2020-07-01,2020,0.0022100292454609936
CUIABA,2020-08-01,2020,0.0020973821188166484
CUIABA,2020-09-01,2020,0.0020714422509541075
CUIABA,2020-10-01,2020,0.0020718690410316343
CUIABA,2020-11-01,2020,0.002002390645183859
CUIABA,2020-12-01,2020,0.00192620813446302
CUIABA,2021-01-01,2021,0.0019940785856746167
CUIABA,2021-02-01,2021,0.00200562738298944
CUIABA,2021-03-01,2021,0.0020310281380508076
CUIABA,2021-04-01,2021,0.0019008292524540726
CUIABA,2021-05-01,2021,0.0019216177558833204
CUIABA,2021-06-01,2021,0.0019137095177498154
CUIABA,2021-07-01,2021,0.002060013092041497
CUIABA,2021-08-01,2021,0.002017736082192735
CUIABA,2021-09-01,2021,0.0017245669121655728
CUIABA,2021-10-01,2021,0.0016722533482785907
CUIABA,2021-11-01,2021,0.0018371829624052383
CUIABA,2021-12-01,2021,0.0019403700675170044
CUIABA,2022-01-01,2022,0.0019938493608723596
CUIABA,2022-02-01,2022,0.0022172430502332995
CUIABA,2022-03-01,2022,0.001901569999836923
CUIABA,2022-04-01,2022,0.0017136463383499645
CUIABA,2022-05-01,2022,0.0017914379785347245
CUIABA,2022-06-01,2022,0.001835772789764375
CUIABA,2022-07-01,2022,0.002070975603955464
CUIABA,2022-08-01,2022,0.002302328963159793
CUIABA,2022-09-01,2022,0.0024551779634821146
CUIABA,2022-10-01,2022,0.002198603223351099
CUIABA,2022-11-01,2022,0.002086001035459946
CUIABA,2022-12-01,2022,0.0019788185477362195
CUIABA,2023-01-01,2023,0.0019397513902984131
CUIABA,2023-02-01,2023,0.0016889059810798535
CUIABA,2023-03-01,2023,0.0017676029124841953
CUIABA,2023-04-01,2023,0.0017464676373625688
CUIABA,2023-05-01,2023,0.0017764449567372086
CUIABA,2023-06-01,2023,0.0017312045658013232
CUIABA,2023-07-01,2023,0.0016599758828870802
CUIABA,2023-08-01,2023,0.001793338346758212
CUIABA,2023-09-01,2023,0.0019921705437466273
CUIABA,2023-10-01,2023,0.0021748750006581694
CUIABA,2023-11-01,2023,0.0021316777681197373
CUIABA,2023-12-01,2023,0.0020522249458623664
CUIABA,2024-01-01,2024,0.001955258386240495
CUIABA,2024-02-01,2024,0.0017214663233263761
CUIABA,2024-03-01,2024,0.00197284430711659
CUIABA,2024-04-01,2024,0.002472665407048846
CUIABA,2024-05-01,2024,0.002661005536752209
CUIABA,2024-06-01,2024,0.0030964077171201933
CUIABA,2024-07-01,2024,0.002861471209813413
CUIABA,2024-08-01,2024,0.00196627992806339
CUIABA,2024-09-01,2024,0.0019143900287857951
CUIABA,2024-10-01,2024,0.002121600575152629
CUIABA,2024-11-01,2024,0.0019989742637838183
CUIABA,2024-12-01,2024,0.001921846719546587
CUIABA,2025-01-01,2025,0.0018677179122708809
CUIABA,2025-02-01,2025,0.0018585990493493198
CUIABA,2025-03-01,2025,0.0019125017159905423
CUIABA,2025-04-01,2025,0.0017861936380017774
CUIABA,2025-05-01,2025,0.0015478813684988756
CUIABA,2025-06-01,2025,0.0015280697925149534
CUIABA,2025-07-01,2025,0.0015046148326342424
CUIABA,2025-08-01,2025,0.0015272651340907807
CUIABA,2025-09-01,2025,0.0015396618535972696
CUIABA,2025-10-01,2025,0.0013761547982986655
CUIABA,2025-11-01,2025,0.001303605685442255
CUIABA,2025-12-01,2025,0.0015187935804622044
CUIABA,2026-01-01,2026,0.0013921085505352792
CUIABA,2026-02-01,2026,0.0013161170714485848
CUIABA,2026-03-01,2026,0.0014275982536683164
CUIABA,2026-04-01,2026,0.0015490386917146304
CUIABA,2026-05-01,2026,0.0015141537008853422
CUIABA,2026-06-01,2026,0.0014649649839371059
CUIABA,2026-07-01,2026,0.0015441949189757764
CUIABA,2026-08-01,2026,0.001315098457206001
CUIABA,2026-09-01,2026,0.0010538719142460318
CUIABA,2026-10-01,2026,0.0010282814916725313
CUIABA,2026-11-01,2026,0.0009787653224023164
CUIABA,2026-12-01,2026,0.0007342412560320344
CUIABA,2027-01-01,2027,0.0005744232829398443
CUIABA,2027-02-01,2027,0.00024681471925640073
CUIABA,2027-03-01,2027,5.5761591775777e-05
CUIABA,2027-04-01,2027,0.0004950098964501249
CUIABA,2027-05-01,2027,-9.193126615725244e-07
CUIABA,2027-06-01,2027,-0.000309246135611565
CUIABA,2027-07-01,2027,-0.00019777172117283249
CUIABA,2027-08-01,2027,-0.00019849987427953075
CUIABA,2027-09-01,2027,7.576268881901438e-05
CUIABA,2027-10-01,2027,-0.00017465306324349395
CUIABA,2027-11-01,2027,-0.00011396575481071314
CUIABA,2027-12-01,2027,-1.417133636670842e-05
CUIABA,2028-01-01,2028,1.8995885191745997e-05
CUIABA,2028-02-01,2028,2.7982429097817007e-06
CUIABA,2028-03-01,2028,0.0001707679766061909
CUIABA,2028-04-01,2028,0.0001669738147920874
CUIABA,2028-05-01,2028,0.0005666627255039114
CUIABA,2028-06-01,2028,0.000583241594943773
CUIABA,2028-07-01,2028,0.0003701063248977132
CUIABA,2028-08-01,2028,0.0003702453629141034
CUIABA,2028-09-01,2028,0.00037500734112452696
CUIABA,2028-10-01,2028,0.000546265657869871
CUIABA,2028-11-01,2028,0.0008147464455169706
CUIABA,2028-12-01,2028,0.0006734164695412304
CUIABA,2029-01-01,2029,0.0006315354477335422
CUIABA,2029-02-01,2029,0.0006524301858470594
CUIABA,2029-03-01,2029,0.0007976889120524333
CUIABA,2029-04-01,2029,0.0006181532097847409
CUIABA,2029-05-01,2029,0.000894211247490807
CUIABA,2029-06-01,2029,0.0009329691760492842
CUIABA,2029-07-01,2029,0.0007520062424379304
CUIABA,2029-08-01,2029,0.0011747632535982766
CUIABA,2029-09-01,2029,0.001104519389183596
CUIABA,2029-10-01,2029,0.0011837770884829358
CUIABA,2029-11-01,2029,0.001108541935311923
CUIABA,2029-12-01,2029,0.0009281027335997605
CUIABA,2030-01-01,2030,0.0006326365695056824
CUIABA,2030-02-01,2030,0.00044541184274447755
CUIABA,2030-03-01,2030,0.0004307571412485578
CUIABA,2030-04-01,2030,0.0004334670926051909
CUIABA,2030-05-01,2030,0.00034814774217225896
CUIABA,2030-06-01,2030,0.00021261024308433796
CUIABA,2030-07-01,2030,0.0004987044725684919
CUIABA,2030-08-01,2030,0.0004334101694022374
CUIABA,2030-09-01,2030,0.0005697722340202249
CUIABA,2030-10-01,2030,0.00036974581696555764
CUIABA,2030-11-01,2030,9.203057041061724e-05
CUIABA,2030-12-01,2030,0.00022204629497423966
CUIABA,2031-01-01,2031,8.173456165559534e-05
CUIABA,2031-02-01,2031,0.00014261611666248952
CUIABA,2031-03-01,2031,0.00021012007860851222
CUIABA,2031-04-01,2031,4.995713400329116e-05
CUIABA,2031-05-01,2031,-0.00029417798056862956
CUIABA,2031-06-01,2031,-0.0003772608113251208
CUIABA,2031-07-01,2031,-0.0006198569086155792
CUIABA,2031-08-01,2031,-0.0006195419777955436
CUIABA,2031-09-01,2031,-0.0008522798671447141
CUIABA,2031-10-01,2031,-0.0010854325234243179
CUIABA,2031-11-01,2031,-0.0011699695229795803
CUIABA,2031-12-01,2031,-0.0014254571885475497
CUIABA,2032-01-01,2032,-0.0013552327567433453
CUIABA,2032-02-01,2032,-0.0010361783198440545
CUIABA,2032-03-01,2032,-0.0009569808862766805
CUIABA,2032-04-01,2032,-0.0010671094338354592
CUIABA,2032-05-01,2032,-0.0013089897449488118
CUIABA,2032-06-01,2032,-0.001198669791255267
CUIABA,2032-07-01,2032,-0.001275887045203039
CUIABA,2032-08-01,2032,-0.0012718351415046947
CUIABA,2032-09-01,2032,-0.0010568368551157337
CUIABA,2032-10-01,2032,-0.0010639738307992885
CUIABA,2032-11-01,2032,-0.0015475931128395026
CUIABA,2032-12-01,2032,-0.001699276947793702
CUIABA,2033-01-01,2033,-0.0014055617186476798
CUIABA,2033-02-01,2033,-0.0014986693233714253
CUIABA,2033-03-01,2033,-0.0013352004020712816
CUIABA,2033-04-01,2033,-0.0017508090752008177
CUIABA,2033-05-01,2033,-0.0015571560873577472
CUIABA,2033-06-01,2033,-0.0016128671279829988
CUIABA,2033-07-01,2033,-0.0016727607540197164
CUIABA,2033-08-01,2033,-0.0016998606077234368
CUIABA,2033-09-01,2033,-0.0014824606183610233
CUIABA,2033-10-01,2033,-0.00165129810080891
CUIABA,2033-11-01,2033,-0.00187626428073709
CUIABA,2033-12-01,2033,-0.002068839650793608
CUIABA,2034-01-01,2034,-0.0022590397443224153
CUIABA,2034-02-01,2034,-0.002461700012095133
CUIABA,2034-03-01,2034,-0.002556028229964783
CUIABA,2034-04-01,2034,-0.0026464381289030723
CUIABA,2034-05-01,2034,-0.0028264336659962795
CUIABA,2034-06-01,2034,-0.002434933706015203
CUIABA,2034-07-01,2034,-0.002347877692081407
CUIABA,2034-08-01,2034,-0.0023765657976380816
CUIABA,2034-09-01,2034,-0.0025378414214398304
CUIABA,2034-10-01,2034,-0.0024914774788774284
CUIABA,2034-11-01,2034,-0.002671020326696335
CUIABA,2034-12-01,2034,-0.0026219978039558668
CUIABA,2035-01-01,2035,-0.002510839369937018
CUIABA,2035-02-01,2035,-0.0022356851254301314
CUIABA,2035-03-01,2035,-0.0022518535356515546
CUIABA,2035-04-01,2035,-0.0021628356397857306
CUIABA,2035-05-01,2035,-0.0019530369225510213
CUIABA,2035-06-01,2035,-0.001775129024349138
CUIABA,2035-07-01,2035,-0.0017678482043913845
CUIABA,2035-08-01,2035,-0.0017452906394914269
CUIABA,2035-09-01,2035,-0.0017145320348986703
CUIABA,2035-10-01,2035,-0.0017387933993340233
CUIABA,2035-11-01,2035,-0.0016218976469992298
CUIABA,2035-12-01,2035,-0.001675046055571403
CUIABA,2036-01-01,2036,-0.0014365074808623613
CUIABA,2036-02-01,2036,-0.0013986376210819728
CUIABA,2036-03-01,2036,-0.001440769929856599
CUIABA,2036-04-01,2036,-0.0016697320907602298
CUIABA,2036-05-01,2036,-0.0016784769519192933
CUIABA,2036-06-01,2036,-0.0016213067318138251
CUIABA,2036-07-01,2036,-0.0015568510694643788
CUIABA,2036-08-01,2036,-0.001531522252394192
CUIABA,2036-09-01,2036,-0.001386540781442437
CUIABA,2036-10-01,2036,-0.0015719338845182852
CUIABA,2036-11-01,2036,-0.001321631724394775
CUIABA,2036-12-01,2036,-0.0011365592057909124
CUIABA,2037-01-01,2037,-0.0009095577991354586
CUIABA,2037-02-01,2037,-0.0007929974167133658
CUIABA,2037-03-01,2037,-0.0007856149202107199
CUIABA,2037-04-01,2037,-0.0008081476462528881
CUIABA,2037-05-01,2037,-0.0010040117751254562
CUIABA,2037-06-01,2037,-0.0010488053894724414
CUIABA,2037-07-01,2037,-0.0008340949297524813
CUIABA,2037-08-01,2037,-0.0007408588450903364
CUIABA,2037-09-01,2037,-0.000621429751122089
CUIABA,2037-10-01,2037,-0.00031218234869188953
CUIABA,2037-11-01,2037,-0.0003904808513631353
CUIABA,2037-12-01,2037,-0.00030710257543093756
CUIABA,2038-01-01,2038,-4.032141155846158e-05
CUIABA,2038-02-01,2038,0.0001745724016549799
CUIABA,2038-03-01,2038,0.00016413798610183549
CUIABA,2038-04-01,2038,0.0003860437935335737
CUIABA,2038-05-01,2038,0.0007599423416440177
CUIABA,2038-06-01,2038,0.0007887503728118805
CUIABA,2038-07-01,2038,0.0006054345157085783
CUIABA,2038-08-01,2038,0.0006697846808571917
CUIABA,2038-09-01,2038,0.0004175275567474457
CUIABA,2038-10-01,2038,0.0005489728032582208
CUIABA,2038-11-01,2038,0.0002428094266198433
CUIABA,2038-12-01,2038,0.00012142116814431447
CUIABA,2039-01-01,2039,9.527403325317319e-05
CUIABA,2039-02-01,2039,0.0002151440059038401
CUIABA,2039-03-01,2039,3.2307511432511095e-05
CUIABA,2039-04-01,2039,-0.00024553416804140913
CUIABA,2039-05-01,2039,-0.0005036013660363548
CUIABA,2039-06-01,2039,-0.00012753633905544182
CUIABA,2039-07-01,2039,-0.0004810804410889058
CUIABA,2039-08-01,2039,-0.0007112591143105718
CUIABA,2039-09-01,2039,-0.0008989994298925619
CUIABA,2039-10-01,2039,-0.0008141846383093587
CUIABA,2039-11-01,2039,-0.0006708994658570355
CUIABA,2039-12-01,2039,-0.0008061134039518369
CURITIBA,2010-01-01,2010,0.0
CURITIBA,2010-02-01,2010,0.0
CURITIBA,2010-03-01,2010,0.0
CURITIBA,2010-04-01,2010,-9.81077369311556e-05
CURITIBA,2010-05-01,2010,-0.00035256558949857354
CURITIBA,2010-06-01,2010,-0.0005258673594296781
CURITIBA,2010-07-01,2010,-0.0005852660332445292
CURITIBA,2010-08-01,2010,-0.0006593951080625615
CURITIBA,2010-09-01,2010,-0.0008333178842047506
CURITIBA,2010-10-01,2010,-0.0008151313124987647
CURITIBA,2010-11-01,2010,-0.0005931575575867953
CURITIBA,2010-12-01,2010,-0.0005366876567113942
CURITIBA,2011-01-01,2011,-0.00035380781860826384
CURITIBA,2011-02-01,2011,-0.00015447157275350954
CURITIBA,2011-03-01,2011,-0.0002813257087937815
CURITIBA,2011-04-01,2011,-0.00034861380422113175
CURITIBA,2011-05-01,2011,-0.00042080961630302285
CURITIBA,2011-06-01,2011,-0.00029921534584794406
CURITIBA,2011-07-01,2011,-0.00036979460052443124
CURITIBA,2011-08-01,2011,-0.0003227531145806262
CURITIBA,2011-09-01,2011,-0.00039232616126250506
CURITIBA,2011-10-01,2011,-0.00044867266961417076
CURITIBA,2011-11-01,2011,-0.00046221746278109823
CURITIBA,2011-12-01,2011,-0.00036435074623396345
CURITIBA,2012-01-01,2012,-0.0003148883969799998
CURITIBA,2012-02-01,2012,-0.00033158693428689934
CURITIBA,2012-03-01,2012,-0.00037465394225463577
CURITIBA,2012-04-01,2012,-0.0003619001422402157
CURITIBA,2012-05-01,2012,-0.00031545844650073375
CURITIBA,2012-06-01,2012,-0.00024758573173175644
CURITIBA,2012-07-01,2012,-0.0003384862716971815
CURITIBA,2012-08-01,2012,-0.00033207869623075206
CURITIBA,2012-09-01,2012,-0.0003382512150048877
CURITIBA,2012-10-01,2012,-0.00043707240801008296
CURITIBA,2012-11-01,2012,-0.00047542856154837997
CURITIBA,2012-12-01,2012,-0.000569490456169185
CURITIBA,2013-01-01,2013,-0.0007136823555384208
CURITIBA,2013-02-01,2013,-0.0006993009769484204
CURITIBA,2013-03-01,2013,-0.0006312144260108943
CURITIBA,2013-04-01,2013,-0.0006370976846099441
CURITIBA,2013-05-01,2013,-0.0004508957463154084
CURITIBA,2013-06-01,2013,-0.0005013126646526467
CURITIBA,2013-07-01,2013,-0.00046644283322045175
CURITIBA,2013-08-01,2013,-0.0004375195289233902
CURITIBA,2013-09-01,2013,-0.000468191958352272
CURITIBA,2013-10-01,2013,-0.000492754524024096
CURITIBA,2013-11-01,2013,-0.0004427401022057087
CURITIBA,2013-12-01,2013,-0.00037766693004420926
CURITIBA,2014-01-01,2014,-0.0003243460198879966
CURITIBA,2014-02-01,2014,-0.0003449767947433524
CURITIBA,2014-03-01,2014,-0.00024893530838805857
CURITIBA,2014-04-01,2014,-0.0001118140185460137
CURITIBA,2014-05-01,2014,3.618072009514806e-05
CURITIBA,2014-06-01,2014,0.0004666580931520248
CURITIBA,2014-07-01,2014,0.0006880958072489085
CURITIBA,2014-08-01,2014,0.0006324115197093661
CURITIBA,2014-09-01,2014,0.0005548833159643419
CURITIBA,2014-10-01,2014,0.0004977733756009383
CURITIBA,2014-11-01,2014,0.0005064980109391115
CURITIBA,2014-12-01,2014,0.0005973064985239884
CURITIBA,2015-01-01,2015,0.0005554385580763999
CURITIBA,2015-02-01,2015,0.0003313422284646572
CURITIBA,2015-03-01,2015,8.186966440376864e-05
CURITIBA,2015-04-01,2015,2.7339836723702105e-05
CURITIBA,2015-05-01,2015,-1.0402452548295971e-05
CURITIBA,2015-06-01,2015,-0.00016315063430966115
CURITIBA,2015-07-01,2015,-0.00018040973659771086
CURITIBA,2015-08-01,2015,-0.0002772845657947409
CURITIBA,2015-09-01,2015,-0.00044763936265143964
CURITIBA,2015-10-01,2015,-0.000560664765138864
CURITIBA,2015-11-01,2015,-0.000705563523079935
CURITIBA,2015-12-01,2015,-0.0005791861232827356
CURITIBA,2016-01-01,2016,-0.0005178124133204898
CURITIBA,2016-02-01,2016,-0.0008074566949339612
CURITIBA,2016-03-01,2016,-0.0006691327215132792
CURITIBA,2016-04-01,2016,-0.0006502643872824055
CURITIBA,2016-05-01,2016,-0.0007175303511838804
CURITIBA,2016-06-01,2016,-0.0007154145072691431
CURITIBA,2016-07-01,2016,-0.0008136249857682154
CURITIBA,2016-08-01,2016,-0.0008560567403534913
CURITIBA,2016-09-01,2016,-0.0007916596598302527
CURITIBA,2016-10-01,2016,-0.000783849767285365
CURITIBA,2016-11-01,2016,-0.0008573755996756937
CURITIBA,2016-12-01,2016,-0.0009684362368177457
CURITIBA,2017-01-01,2017,-0.0007192168785171893
CURITIBA,2017-02-01,2017,-0.0011214021880900816
CURITIBA,2017-03-01,2017,-0.001383091030428043
CURITIBA,2017-04-01,2017,-0.001438028850083004
CURITIBA,2017-05-01,2017,-0.0015978081168071922
CURITIBA,2017-06-01,2017,-0.001932772473586164
CURITIBA,2017-07-01,2017,-0.0020354713236527223
CURITIBA,2017-08-01,2017,-0.002136023511041938
CURITIBA,2017-09-01,2017,-0.0018947766239368346
CURITIBA,2017-10-01,2017,-0.0015044559117570145
CURITIBA,2017-11-01,2017,-0.0013526733656920665
CURITIBA,2017-12-01,2017,-0.001204713831315455
CURITIBA,2018-01-01,2018,-0.0012973713017412037
CURITIBA,2018-02-01,2018,-0.0008118148260036373
CURITIBA,2018-03-01,2018,-0.00041760794572337056
CURITIBA,2018-04-01,2018,-0.00025953111119274676
CURITIBA,2018-05-01,2018,-0.0001810000823631064
CURITIBA,2018-06-01,2018,-9.627913933323407e-05
CURITIBA,2018-07-01,2018,-0.00018877636293064272
CURITIBA,2018-08-01,2018,-0.0006029540777611353
CURITIBA,2018-09-01,2018,-0.0010591902868541969
CURITIBA,2018-10-01,2018,-0.0010486884043678546
CURITIBA,2018-11-01,2018,-0.0010633430421005553
CURITIBA,2018-12-01,2018,-0.0010881303916607653
CURITIBA,2019-01-01,2019,-0.001206925117671469
CURITIBA,2019-02-01,2019,-0.001332305150032146
CURITIBA,2019-03-01,2019,-0.0014393401330201972
CURITIBA,2019-04-01,2019,-0.0015652364190583746
CURITIBA,2019-05-01,2019,-0.0016244586965706409
CURITIBA,2019-06-01,2019,-0.0016338934613371748
CURITIBA,2019-07-01,2019,-0.001629450575146434
CURITIBA,2019-08-01,2019,-0.0015690517878994992
CURITIBA,2019-09-01,2019,-0.001400642355514885
CURITIBA,2019-10-01,2019,-0.001857669569586674
CURITIBA,2019-11-01,2019,-0.0017716296912501505
CURITIBA,2019-12-01,2019,-0.0017854543456704564
CURITIBA,2020-01-01,2020,-0.0017289838887957188
CURITIBA,2020-02-01,2020,-0.001814777854862165
CURITIBA,2020-03-01,2020,-0.0018455021233371506
CURITIBA,2020-04-01,2020,-0.0017543954476573077
CURITIBA,2020-05-01,2020,-0.0017654212354930908
CURITIBA,2020-06-01,2020,-0.0017264485889431237
CURITIBA,2020-07-01,2020,-0.0019047789602664844
CURITIBA,2020-08-01,2020,-0.0018686116282402498
CURITIBA,2020-09-01,2020,-0.0017203686332502499
CURITIBA,2020-10-01,2020,-0.0017346749413961538
CURITIBA,2020-11-01,2020,-0.0013395054873086621
CURITIBA,2020-12-01,2020,-0.0012636044177638571
CURITIBA,2021-01-01,2021,-0.0011080083007615304
CURITIBA,2021-02-01,2021,-0.0016817566454869792
CURITIBA,2021-03-01,2021,-0.002207485812579808
CURITIBA,2021-04-01,2021,-0.0019597674154213994
CURITIBA,2021-05-01,2021,-0.001910360346898834
CURITIBA,2021-06-01,2021,-0.0017356051723162002
CURITIBA,2021-07-01,2021,-0.0016815884318129948
CURITIBA,2021-08-01,2021,-0.0019640888529083855
CURITIBA,2021-09-01,2021,-0.0016802922638085882
CURITIBA,2021-10-01,2021,-0.0015940405205276064
CURITIBA,2021-11-01,2021,-0.0014052055805290086
CURITIBA,2021-12-01,2021,-0.0013449214837394662
CURITIBA,2022-01-01,2022,-0.0015552733763922334
CURITIBA,2022-02-01,2022,-0.001379593477142017
CURITIBA,2022-03-01,2022,-0.0012308873939703168
CURITIBA,2022-04-01,2022,-0.0012066458670591939
CURITIBA,2022-05-01,2022,-0.0011313786837226047
CURITIBA,2022-06-01,2022,-0.0011556179156273238
CURITIBA,2022-07-01,2022,-0.0008804760025475377
CURITIBA,2022-08-01,2022,-0.0009434405977443928
CURITIBA,2022-09-01,2022,-0.0009049625173807229
CURITIBA,2022-10-01,2022,-0.0008770004503139528
CURITIBA,2022-11-01,2022,-0.0012105686050591148
CURITIBA,2022-12-01,2022,-0.0009731227288755406
CURITIBA,2023-01-01,2023,-0.0010185658311955348
CURITIBA,2023-02-01,2023,-0.000771493294874246
CURITIBA,2023-03-01,2023,-0.0009477773105969911
CURITIBA,2023-04-01,2023,-0.0007709835612618666
CURITIBA,2023-05-01,2023,-0.00012595358895960086
CURITIBA,2023-06-01,2023,-0.00011653311361976448
CURITIBA,2023-07-01,2023,-0.00020426508915909026
CURITIBA,2023-08-01,2023,-0.0006324256079099832
CURITIBA,2023-09-01,2023,-0.0009779604500093253
CURITIBA,2023-10-01,2023,-0.0015169972281621957
CURITIBA,2023-11-01,2023,-0.0015700925569554314
CURITIBA,2023-12-01,2023,-0.0016572002232511985
CURITIBA,2024-01-01,2024,-0.0016068342058662265
CURITIBA,2024-02-01,2024,-0.0022371171276417924
CURITIBA,2024-03-01,2024,-0.003049694604894937
CURITIBA,2024-04-01,2024,-0.0033470291515754346
CURITIBA,2024-05-01,2024,-0.003629953885882179
CURITIBA,2024-06-01,2024,-0.0037227102677802014
CURITIBA,2024-07-01,2024,-0.003707586931646637
CURITIBA,2024-08-01,2024,-0.003976519133213039
CURITIBA,2024-09-01,2024,-0.0046286192881447264
CURITIBA,2024-10-01,2024,-0.005043770861938714
CURITIBA,2024-11-01,2024,-0.005052889801797484
CURITIBA,2024-12-01,2024,-0.005085004504265812
CURITIBA,2025-01-01,2025,-0.005261603278515136
CURITIBA,2025-02-01,2025,-0.0053040990264227195
CURITIBA,2025-03-01,2025,-0.005217899217123161
CURITIBA,2025-04-01,2025,-0.004757857137760445
CURITIBA,2025-05-01,2025,-0.004126481349912198
CURITIBA,2025-06-01,2025,-0.003588121889490895
CURITIBA,2025-07-01,2025,-0.002534230024962324
CURITIBA,2025-08-01,2025,-0.002261306863305719
CURITIBA,2025-09-01,2025,-0.0015069860073631226
CURITIBA,2025-10-01,2025,-0.0014952139055921254
CURITIBA,2025-11-01,2025,-0.001634828934305732
CURITIBA,2025-12-01,2025,-0.00198549869191862
CURITIBA,2026-01-01,2026,-0.0018779579487057897
CURITIBA,2026-02-01,2026,-0.0019042379647566277
CURITIBA,2026-03-01,2026,-0.0019312510594627142
CURITIBA,2026-04-01,2026,-0.0017915344747145645
CURITIBA,2026-05-01,2026,-0.0017529144673732345
CURITIBA,2026-06-01,2026,-0.0017372597162421378
CURITIBA,2026-07-01,2026,-0.001443000857741271
CURITIBA,2026-08-01,2026,-0.001995172151356925
CURITIBA,2026-09-01,2026,-0.002155698647004477
CURITIBA,2026-10-01,2026,-0.002496029506630941
CURITIBA,2026-11-01,2026,-0.0025329189966714007
CURITIBA,2026-12-01,2026,-0.0025707468853659586
CURITIBA,2027-01-01,2027,-0.0027765009000512595
CURITIBA,2027-02-01,2027,-0.003813137250521158
CURITIBA,2027-03-01,2027,-0.004123048967268665
CURITIBA,2027-04-01,2027,-0.003985791142595587
CURITIBA,2027-05-01,2027,-0.003937249101338684
CURITIBA,2027-06-01,2027,-0.0039024333081217623
CURITIBA,2027-07-01,2027,-0.004080310456497611
CURITIBA,2027-08-01,2027,-0.003817421286544179
CURITIBA,2027-09-01,2027,-0.0036245427770950946
CURITIBA,2027-10-01,2027,-0.0034979340441311678
CURITIBA,2027-11-01,2027,-0.0031715241013439443
CURITIBA,2027-12-01,2027,-0.002901386976696484
CURITIBA,2028-01-01,2028,-0.0027302336201245237
CURITIBA,2028-02-01,2028,-0.002948534829620173
CURITIBA,2028-03-01,2028,-0.0030554931136346853
CURITIBA,2028-04-01,2028,-0.003384428289205815
CURITIBA,2028-05-01,2028,-0.0034474542192586433
CURITIBA,2028-06-01,2028,-0.003217672121363696
CURITIBA,2028-07-01,2028,-0.0030214510655378712
CURITIBA,2028-08-01,2028,-0.002650819066874516
CURITIBA,2028-09-01,2028,-0.002626736322125528
CURITIBA,2028-10-01,2028,-0.0024689843042589752
CURITIBA,2028-11-01,2028,-0.002104378469247383
CURITIBA,2028-12-01,2028,-0.0020478685567822297
CURITIBA,2029-01-01,2029,-0.0019065439881130887
CURITIBA,2029-02-01,2029,-0.0018937137881728172
CURITIBA,2029-03-01,2029,-0.0013935756499513885
CURITIBA,2029-04-01,2029,-0.0012769636092333748
CURITIBA,2029-05-01,2029,-0.0013624140490007498
CURITIBA,2029-06-01,2029,-0.0016575034850376902
CURITIBA,2029-07-01,2029,-0.0015516588309022262
CURITIBA,2029-08-01,2029,-0.001684080286039711
CURITIBA,2029-09-01,2029,-0.0017031674758893878
CURITIBA,2029-10-01,2029,-0.0016334431167538954
CURITIBA,2029-11-01,2029,-0.0015410290204210442
CURITIBA,2029-12-01,2029,-0.0016525610382097367
CURITIBA,2030-01-01,2030,-0.0017890857113473946
CURITIBA,2030-02-01,2030,-0.0010620952429502084
CURITIBA,2030-03-01,2030,-0.0007219453082301619
CURITIBA,2030-04-01,2030,-0.00029383346227804805
CURITIBA,2030-05-01,2030,0.0001994662376905787
CURITIBA,2030-06-01,2030,0.0005691311580136582
CURITIBA,2030-07-01,2030,0.0006655867083481925
CURITIBA,2030-08-01,2030,0.0001185303814160299
CURITIBA,2030-09-01,2030,-2.396382376342543e-05
CURITIBA,2030-10-01,2030,-0.0009342547361815989
CURITIBA,2030-11-01,2030,-0.000607140939335713
CURITIBA,2030-12-01,2030,-0.0004870045794176758
CURITIBA,2031-01-01,2031,-0.00037111119043590433
CURITIBA,2031-02-01,2031,8.487517445022741e-06
CURITIBA,2031-03-01,2031,-1.1746374753011101e-05
CURITIBA,2031-04-01,2031,0.00043126086794028853
CURITIBA,2031-05-01,2031,0.0006017387831645183
CURITIBA,2031-06-01,2031,-0.0001765253237501252
CURITIBA,2031-07-01,2031,0.00012530029960271526
CURITIBA,2031-08-01,2031,0.0003884149585011265
CURITIBA,2031-09-01,2031,0.00028049588264500436
CURITIBA,2031-10-01,2031,0.0006834246583076187
CURITIBA,2031-11-01,2031,0.00038696685646006924
CURITIBA,2031-12-01,2031,0.000517324376582804
CURITIBA,2032-01-01,2032,0.0007651791322717272
CURITIBA,2032-02-01,2032,0.00024411330470290428
CURITIBA,2032-03-01,2032,0.0005758322972933528
CURITIBA,2032-04-01,2032,0.0005546822347035818
CURITIBA,2032-05-01,2032,0.00024646542190931653
CURITIBA,2032-06-01,2032,0.00022576018076398086
CURITIBA,2032-07-01,2032,0.0007088514240936317
CURITIBA,2032-08-01,2032,0.000671039279988036
CURITIBA,2032-09-01,2032,0.0005803046029952952
CURITIBA,2032-10-01,2032,0.00041830712559362326
CURITIBA,2032-11-01,2032,8.961983569720778e-05
CURITIBA,2032-12-01,2032,0.00033708036105395634
CURITIBA,2033-01-01,2033,4.7842591031577175e-05
CURITIBA,2033-02-01,2033,-0.0006437508406274506
CURITIBA,2033-03-01,2033,-0.0018398454944206567
CURITIBA,2033-04-01,2033,-0.0021960767171123863
CURITIBA,2033-05-01,2033,-0.002371025891613009
CURITIBA,2033-06-01,2033,-0.0021796796133845917
CURITIBA,2033-07-01,2033,-0.002365681847827592
CURITIBA,2033-08-01,2033,-0.002382951103930604
CURITIBA,2033-09-01,2033,-0.0026338586557596035
CURITIBA,2033-10-01,2033,-0.0034934889525020272
CURITIBA,2033-11-01,2033,-0.003451072082411444
CURITIBA,2033-12-01,2033,-0.004122582894777615
CURITIBA,2034-01-01,2034,-0.003361658685904705
CURITIBA,2034-02-01,2034,-0.0027809638616864917
CURITIBA,2034-03-01,2034,-0.002137623670964208
CURITIBA,2034-04-01,2034,-0.0016435212211435013
CURITIBA,2034-05-01,2034,-0.0010834859142261532
CURITIBA,2034-06-01,2034,-0.0004361975351144298
CURITIBA,2034-07-01,2034,-0.00040295350403303563
CURITIBA,2034-08-01,2034,0.00015204119941028327
CURITIBA,2034-09-01,2034,0.0005832205242557542
CURITIBA,2034-10-01,2034,0.0006090189248784939
CURITIBA,2034-11-01,2034,0.0009862249362406483
CURITIBA,2034-12-01,2034,0.0009546421965317031
CURITIBA,2035-01-01,2035,0.0006192863346019295
CURITIBA,2035-02-01,2035,0.0005507169413139967
CURITIBA,2035-03-01,2035,0.0006705849657553054
CURITIBA,2035-04-01,2035,0.0016404467229058305
CURITIBA,2035-05-01,2035,0.002352115598728043
CURITIBA,2035-06-01,2035,0.002561656319751161
CURITIBA,2035-07-01,2035,0.002430056873493984
CURITIBA,2035-08-01,2035,0.0033221597041264415
CURITIBA,2035-09-01,2035,0.004060282939565025
CURITIBA,2035-10-01,2035,0.004800365283045043
CURITIBA,2035-11-01,2035,0.004666232593475567
CURITIBA,2035-12-01,2035,0.00460461273255893
CURITIBA,2036-01-01,2036,0.0047758493831166786
CURITIBA,2036-02-01,2036,0.004600278398068628
CURITIBA,2036-03-01,2036,0.0046093203913637505
CURITIBA,2036-04-01,2036,0.004587665314544551
CURITIBA,2036-05-01,2036,0.004758751519544647
CURITIBA,2036-06-01,2036,0.004351947850042734
CURITIBA,2036-07-01,2036,0.0041842103722492556
CURITIBA,2036-08-01,2036,0.003954638987475678
CURITIBA,2036-09-01,2036,0.0036563565266383245
CURITIBA,2036-10-01,2036,0.0036345462254659144
CURITIBA,2036-11-01,2036,0.0035437180981112604
CURITIBA,2036-12-01,2036,0.003329342130609525
CURITIBA,2037-01-01,2037,0.0031447901604593053
CURITIBA,2037-02-01,2037,0.0034251039836286734
CURITIBA,2037-03-01,2037,0.004380069385879187
CURITIBA,2037-04-01,2037,0.004743872622435561
CURITIBA,2037-05-01,2037,0.004795182081536924
CURITIBA,2037-06-01,2037,0.004322176044754565
CURITIBA,2037-07-01,2037,0.005148911354801578
CURITIBA,2037-08-01,2037,0.005141334454259782
CURITIBA,2037-09-01,2037,0.005147899216635593
CURITIBA,2037-10-01,2037,0.00508546453040641
CURITIBA,2037-11-01,2037,0.005179348834593196
CURITIBA,2037-12-01,2037,0.004008222130606262
CURITIBA,2038-01-01,2038,0.004030391322980751
CURITIBA,2038-02-01,2038,0.0044591942375485465
CURITIBA,2038-03-01,2038,0.004968183151663704
CURITIBA,2038-04-01,2038,0.005104704291895318
CURITIBA,2038-05-01,2038,0.005722722549829415
CURITIBA,2038-06-01,2038,0.00623382419115869
CURITIBA,2038-07-01,2038,0.005772772662615114
CURITIBA,2038-08-01,2038,0.006385206392573416
CURITIBA,2038-09-01,2038,0.006488153510842153
CURITIBA,2038-10-01,2038,0.006845199323211524
CURITIBA,2038-11-01,2038,0.006120104632477219
CURITIBA,2038-12-01,2038,0.006375712242851308
CURITIBA,2039-01-01,2039,0.00619265625123636
CURITIBA,2039-02-01,2039,0.006997708172578625
CURITIBA,2039-03-01,2039,0.0061048041330173395
CURITIBA,2039-04-01,2039,0.005424607658521748
CURITIBA,2039-05-01,2039,0.005935256539441869
CURITIBA,2039-06-01,2039,0.006551396497189704
CURITIBA,2039-07-01,2039,0.0066791992503603
CURITIBA,2039-08-01,2039,0.006992943315240691
CURITIBA,2039-09-01,2039,0.0073051807163039065
CURITIBA,2039-10-01,2039,0.007548939492608066
CURITIBA,2039-11-01,2039,0.008090392692696286
CURITIBA,2039-12-01,2039,0.00807888045354054
FLORIANOPOLIS,2010-01-01,2010,0.0
FLORIANOPOLIS,2010-02-01,2010,0.0
FLORIANOPOLIS,2010-03-01,2010,0.0
FLORIANOPOLIS,2010-04-01,2010,-4.8162622591374496e-05
FLORIANOPOLIS,2010-05-01,2010,-0.0001752531650641864
FLORIANOPOLIS,2010-06-01,2010,0.00011041310683752581
FLORIANOPOLIS,2010-07-01,2010,0.0003148418895366334
FLORIANOPOLIS,2010-08-01,2010,0.0002457227523311567
FLORIANOPOLIS,2010-09-01,2010,9.798606990883529e-05
FLORIANOPOLIS,2010-10-01,2010,0.000197208623537124
FLORIANOPOLIS,2010-11-01,2010,7.107309441934606e-05
FLORIANOPOLIS,2010-12-01,2010,-3.65746781728149e-05
FLORIANOPOLIS,2011-01-01,2011,5.68519880376206e-06
FLORIANOPOLIS,2011-02-01,2011,-5.415923814849122e-05
FLORIANOPOLIS,2011-03-01,2011,-0.00013461775345248396
FLORIANOPOLIS,2011-04-01,2011,3.158220971728687e-05
FLORIANOPOLIS,2011-05-01,2011,-4.684145122273775e-05
FLORIANOPOLIS,2011-06-01,2011,-0.0001256359938983953
FLORIANOPOLIS,2011-07-01,2011,-0.0001055693836688154
FLORIANOPOLIS,2011-08-01,2011,-9.454218825028282e-05
FLORIANOPOLIS,2011-09-01,2011,-0.00015012448556291135
FLORIANOPOLIS,2011-10-01,2011,-0.00014905010853401236
FLORIANOPOLIS,2011-11-01,2011,-0.00026687072866354524
FLORIANOPOLIS,2011-12-01,2011,-0.0002033566851179791
FLORIANOPOLIS,2012-01-01,2012,-0.00036409900763885726
FLORIANOPOLIS,2012-02-01,2012,-0.00042779870687183365
FLORIANOPOLIS,2012-03-01,2012,-0.0004272319364584454
FLORIANOPOLIS,2012-04-01,2012,-0.0006988595676295006
FLORIANOPOLIS,2012-05-01,2012,-0.000786890258920686
FLORIANOPOLIS,2012-06-01,2012,-0.0008301138847122291
FLORIANOPOLIS,2012-07-01,2012,-0.0006131563745973101
FLORIANOPOLIS,2012-08-01,2012,-0.0006492831046527891
FLORIANOPOLIS,2012-09-01,2012,-0.0006260890498070893
FLORIANOPOLIS,2012-10-01,2012,-0.0006292772555281834
FLORIANOPOLIS,2012-11-01,2012,-0.0007106594630659768
FLORIANOPOLIS,2012-12-01,2012,-0.0005625812621426963
FLORIANOPOLIS,2013-01-01,2013,-0.00026657590199843375
FLORIANOPOLIS,2013-02-01,2013,-0.00026335462958162136
FLORIANOPOLIS,2013-03-01,2013,-0.0004342227037759394
FLORIANOPOLIS,2013-04-01,2013,-0.0005036151785308507
FLORIANOPOLIS,2013-05-01,2013,-0.0006901341835005814
FLORIANOPOLIS,2013-06-01,2013,-0.0009416352304154751
FLORIANOPOLIS,2013-07-01,2013,-0.0009719642801574491
FLORIANOPOLIS,2013-08-01,2013,-0.0009184240407787126
FLORIANOPOLIS,2013-09-01,2013,-0.0008874456523711616
FLORIANOPOLIS,2013-10-01,2013,-0.0008576735367291821
FLORIANOPOLIS,2013-11-01,2013,-0.0006638596815437859
FLORIANOPOLIS,2013-12-01,2013,-0.0006712464028038867
FLORIANOPOLIS,2014-01-01,2014,-0.0006648805931527668
FLORIANOPOLIS,2014-02-01,2014,-0.000728365394348588
FLORIANOPOLIS,2014-03-01,2014,-0.0006787543687761277
FLORIANOPOLIS,2014-04-01,2014,-0.00047347666184474943
FLORIANOPOLIS,2014-05-01,2014,-0.0005384902767688305
FLORIANOPOLIS,2014-06-01,2014,-0.0007342967425014368
FLORIANOPOLIS,2014-07-01,2014,-0.0006839349647096982
FLORIANOPOLIS,2014-08-01,2014,-0.0007085066456131084
FLORIANOPOLIS,2014-09-01,2014,-0.0006169861369127039
FLORIANOPOLIS,2014-10-01,2014,-0.0005146974919921066
FLORIANOPOLIS,2014-11-01,2014,-0.00045829895884156533
FLORIANOPOLIS,2014-12-01,2014,-0.00040846655927486266
FLORIANOPOLIS,2015-01-01,2015,-0.00028882948608157657
FLORIANOPOLIS,2015-02-01,2015,-9.521063107088445e-05
FLORIANOPOLIS,2015-03-01,2015,-0.00024720932987714163
FLORIANOPOLIS,2015-04-01,2015,-0.0001317982412046115
FLORIANOPOLIS,2015-05-01,2015,-0.00017356891236951168
FLORIANOPOLIS,2015-06-01,2015,-0.00021527880588858572
FLORIANOPOLIS,2015-07-01,2015,-0.0003173639538394846
FLORIANOPOLIS,2015-08-01,2015,-0.0003665730195023675
FLORIANOPOLIS,2015-09-01,2015,-0.000580199845531456
FLORIANOPOLIS,2015-10-01,2015,-0.0007726573013108251
FLORIANOPOLIS,2015-11-01,2015,-0.0008748498417578232
FLORIANOPOLIS,2015-12-01,2015,-0.0009397278108605622
FLORIANOPOLIS,2016-01-01,2016,-0.0010472403854763523
FLORIANOPOLIS,2016-02-01,2016,-0.0009534048528473383
FLORIANOPOLIS,2016-03-01,2016,-0.0008431312312184458
FLORIANOPOLIS,2016-04-01,2016,-0.0011455417288938141
FLORIANOPOLIS,2016-05-01,2016,-0.0011929969448508015
FLORIANOPOLIS,2016-06-01,2016,-0.0013493385412957847
FLORIANOPOLIS,2016-07-01,2016,-0.0014654638370394423
FLORIANOPOLIS,2016-08-01,2016,-0.0014776522593547149
FLORIANOPOLIS,2016-09-01,2016,-0.0014988434052455445
FLORIANOPOLIS,2016-10-01,2016,-0.0014854571935519333
FLORIANOPOLIS,2016-11-01,2016,-0.0014342327926974774
FLORIANOPOLIS,2016-12-01,2016,-0.001399998579137991
FLORIANOPOLIS,2017-01-01,2017,-0.0013360456586055758
FLORIANOPOLIS,2017-02-01,2017,-0.0013684672594457181
FLORIANOPOLIS,2017-03-01,2017,-0.0011113269304416163
FLORIANOPOLIS,2017-04-01,2017,-0.0011823598968632044
FLORIANOPOLIS,2017-05-01,2017,-0.001247181255140266
FLORIANOPOLIS,2017-06-01,2017,-0.0013771810854003464
FLORIANOPOLIS,2017-07-01,2017,-0.0013734900418153283
FLORIANOPOLIS,2017-08-01,2017,-0.0012442269338462343
FLORIANOPOLIS,2017-09-01,2017,-0.0012785027530261262
FLORIANOPOLIS,2017-10-01,2017,-0.0013281830545007944
FLORIANOPOLIS,2017-11-01,2017,-0.0013495489653148674
FLORIANOPOLIS,2017-12-01,2017,-0.001206290266443918
FLORIANOPOLIS,2018-01-01,2018,-0.0012505095230710207
FLORIANOPOLIS,2018-02-01,2018,-0.0010935868065375443
FLORIANOPOLIS,2018-03-01,2018,-0.001161921101795489
FLORIANOPOLIS,2018-04-01,2018,-0.0010369977351380045
FLORIANOPOLIS,2018-05-01,2018,-0.0007746549733166874
FLORIANOPOLIS,2018-06-01,2018,-0.0005876534717818249
FLORIANOPOLIS,2018-07-01,2018,-0.0004625899793654009
FLORIANOPOLIS,2018-08-01,2018,-0.0005108768996407576
FLORIANOPOLIS,2018-09-01,2018,-0.0003595844170990381
FLORIANOPOLIS,2018-10-01,2018,-0.00036575344231105423
FLORIANOPOLIS,2018-11-01,2018,-0.0003465434486294428
FLORIANOPOLIS,2018-12-01,2018,-0.00017850266676667782
FLORIANOPOLIS,2019-01-01,2019,-0.00026933158530257907
FLORIANOPOLIS,2019-02-01,2019,-0.00013495865442867183
FLORIANOPOLIS,2019-03-01,2019,-9.542357010344782e-05
FLORIANOPOLIS,2019-04-01,2019,-0.00019824217602391946
FLORIANOPOLIS,2019-05-01,2019,-0.00024945266783541473
FLORIANOPOLIS,2019-06-01,2019,-3.701154627768655e-05
FLORIANOPOLIS,2019-07-01,2019,-3.0209026981680153e-05
FLORIANOPOLIS,2019-08-01,2019,-3.5417897463803085e-05
FLORIANOPOLIS,2019-09-01,2019,-0.00033697489733366725
FLORIANOPOLIS,2019-10-01,2019,-0.0004022966959035279
FLORIANOPOLIS,2019-11-01,2019,-0.00032573688868954174
FLORIANOPOLIS,2019-12-01,2019,-0.0004908167157298282
FLORIANOPOLIS,2020-01-01,2020,-0.0006062395740861725
FLORIANOPOLIS,2020-02-01,2020,-0.0007741684328516496
FLORIANOPOLIS,2020-03-01,2020,-0.0007920327747612288
FLORIANOPOLIS,2020-04-01,2020,-0.0007505845886118301
FLORIANOPOLIS,2020-05-01,2020,-0.001237861666103942
FLORIANOPOLIS,2020-06-01,2020,-0.0013697781216357396
FLORIANOPOLIS,2020-07-01,2020,-0.0016166374562771191
FLORIANOPOLIS,2020-08-01,2020,-0.001454699925627565
FLORIANOPOLIS,2020-09-01,2020,-0.0012953350602753634
FLORIANOPOLIS,2020-10-01,2020,-0.001289686823456746
FLORIANOPOLIS,2020-11-01,2020,-0.0013880074623895667
FLORIANOPOLIS,2020-12-01,2020,-0.0015043707198661837
FLORIANOPOLIS,2021-01-01,2021,-0.0013776528047806957
FLORIANOPOLIS,2021-02-01,2021,-0.0015957412675028527
FLORIANOPOLIS,2021-03-01,2021,-0.001536845016615379
FLORIANOPOLIS,2021-04-01,2021,-0.0019177970301578996
FLORIANOPOLIS,2021-05-01,2021,-0.0022128527118329888
FLORIANOPOLIS,2021-06-01,2021,-0.002217609977931396
FLORIANOPOLIS,2021-07-01,2021,-0.002210720118541947
FLORIANOPOLIS,2021-08-01,2021,-0.0020964245145062344
FLORIANOPOLIS,2021-09-01,2021,-0.0017281090580515356
FLORIANOPOLIS,2021-10-01,2021,-0.0018587218170560327
FLORIANOPOLIS,2021-11-01,2021,-0.0020106206525516337
FLORIANOPOLIS,2021-12-01,2021,-0.0019394406233440885
FLORIANOPOLIS,2022-01-01,2022,-0.00202489803128029
FLORIANOPOLIS,2022-02-01,2022,-0.002545648486105255
FLORIANOPOLIS,2022-03-01,2022,-0.0024128268015421095
FLORIANOPOLIS,2022-04-01,2022,-0.002064930295394897
FLORIANOPOLIS,2022-05-01,2022,-0.002037013953503958
FLORIANOPOLIS,2022-06-01,2022,-0.002261472520330904
FLORIANOPOLIS,2022-07-01,2022,-0.002795712655270234
FLORIANOPOLIS,2022-08-01,2022,-0.002976322687362385
FLORIANOPOLIS,2022-09-01,2022,-0.0027840483765490054
FLORIANOPOLIS,2022-10-01,2022,-0.0025179874367830955
FLORIANOPOLIS,2022-11-01,2022,-0.0022614839490219607
FLORIANOPOLIS,2022-12-01,2022,-0.002140083837829384
FLORIANOPOLIS,2023-01-01,2023,-0.0020829213012619773
FLORIANOPOLIS,2023-02-01,2023,-0.001850542147212265
FLORIANOPOLIS,2023-03-01,2023,-0.0016222540595771872
FLORIANOPOLIS,2023-04-01,2023,-0.0013003339643819234
FLORIANOPOLIS,2023-05-01,2023,-0.0015913423441792584
FLORIANOPOLIS,2023-06-01,2023,-0.0018647327765909717
FLORIANOPOLIS,2023-07-01,2023,-0.0018703234275787317
FLORIANOPOLIS,2023-08-01,2023,-0.0016808281615310905
FLORIANOPOLIS,2023-09-01,2023,-0.0017510610611438005
FLORIANOPOLIS,2023-10-01,2023,-0.001607029244369701
FLORIANOPOLIS,2023-11-01,2023,-0.0007933846096677022
FLORIANOPOLIS,2023-12-01,2023,-0.00017668211552875456
FLORIANOPOLIS,2024-01-01,2024,0.0008507553057858664
FLORIANOPOLIS,2024-02-01,2024,0.0014656256502571885
FLORIANOPOLIS,2024-03-01,2024,0.0015183716498325239
FLORIANOPOLIS,2024-04-01,2024,0.0015586072071174972
FLORIANOPOLIS,2024-05-01,2024,0.0018532937900040281
FLORIANOPOLIS,2024-06-01,2024,0.0018269226425315333
FLORIANOPOLIS,2024-07-01,2024,0.0022396912465909857
FLORIANOPOLIS,2024-08-01,2024,0.002493508977428498
FLORIANOPOLIS,2024-09-01,2024,0.00238673154782048
FLORIANOPOLIS,2024-10-01,2024,0.0020806299927598514
FLORIANOPOLIS,2024-11-01,2024,0.002092012061245592
FLORIANOPOLIS,2024-12-01,2024,0.002442750992844955
FLORIANOPOLIS,2025-01-01,2025,0.0025395010484847913
FLORIANOPOLIS,2025-02-01,2025,0.0028960326715680006
FLORIANOPOLIS,2025-03-01,2025,0.002474318327565309
FLORIANOPOLIS,2025-04-01,2025,0.002488427117738873
FLORIANOPOLIS,2025-05-01,2025,0.002678930152074406
FLORIANOPOLIS,2025-06-01,2025,0.0027344326526880713
FLORIANOPOLIS,2025-07-01,2025,0.0024464965315546972
FLORIANOPOLIS,2025-08-01,2025,0.002360378125306487
FLORIANOPOLIS,2025-09-01,2025,0.0023055007524833437
FLORIANOPOLIS,2025-10-01,2025,0.0024911197242118398
FLORIANOPOLIS,2025-11-01,2025,0.002526699072938763
FLORIANOPOLIS,2025-12-01,2025,0.002339229832640933
FLORIANOPOLIS,2026-01-01,2026,0.0022615464149975686
FLORIANOPOLIS,2026-02-01,2026,0.0022349547360792656
FLORIANOPOLIS,2026-03-01,2026,0.0020025715981111325
FLORIANOPOLIS,2026-04-01,2026,0.0015595901642354915
FLORIANOPOLIS,2026-05-01,2026,0.0013865465552406675
FLORIANOPOLIS,2026-06-01,2026,0.0016590924140931329
FLORIANOPOLIS,2026-07-01,2026,0.0013459435141749175
FLORIANOPOLIS,2026-08-01,2026,0.0014446197976161234
FLORIANOPOLIS,2026-09-01,2026,0.0015969112760592053
FLORIANOPOLIS,2026-10-01,2026,0.0014087676304362395
FLORIANOPOLIS,2026-11-01,2026,0.0011688835271305032
FLORIANOPOLIS,2026-12-01,2026,0.0005527967383081722
FLORIANOPOLIS,2027-01-01,2027,0.00041260971957719496
FLORIANOPOLIS,2027-02-01,2027,-0.0002255767128443209
FLORIANOPOLIS,2027-03-01,2027,-0.0006122579513622806
FLORIANOPOLIS,2027-04-01,2027,-0.0005560110458893464
FLORIANOPOLIS,2027-05-01,2027,-0.0009383397030703333
FLORIANOPOLIS,2027-06-01,2027,-0.0010799512966386893
FLORIANOPOLIS,2027-07-01,2027,-0.0004969998214643434
FLORIANOPOLIS,2027-08-01,2027,-0.00016921383170528047
FLORIANOPOLIS,2027-09-01,2027,0.0006981957753956658
FLORIANOPOLIS,2027-10-01,2027,0.0006200476429945933
FLORIANOPOLIS,2027-11-01,2027,0.0006876494653076126
FLORIANOPOLIS,2027-12-01,2027,0.0009066159347329195
FLORIANOPOLIS,2028-01-01,2028,0.0012244428997255584
FLORIANOPOLIS,2028-02-01,2028,0.0010612530489954664
FLORIANOPOLIS,2028-03-01,2028,0.0010427891834059932
FLORIANOPOLIS,2028-04-01,2028,0.0006892622431762041
FLORIANOPOLIS,2028-05-01,2028,0.0006193039960287916
FLORIANOPOLIS,2028-06-01,2028,0.0006915370828676736
FLORIANOPOLIS,2028-07-01,2028,0.0006427804035908702
FLORIANOPOLIS,2028-08-01,2028,0.0008288873464176083
FLORIANOPOLIS,2028-09-01,2028,0.0017134139066780519
FLORIANOPOLIS,2028-10-01,2028,0.002213565987315377
FLORIANOPOLIS,2028-11-01,2028,0.002263030623668448
FLORIANOPOLIS,2028-12-01,2028,0.0019987015551517773
FLORIANOPOLIS,2029-01-01,2029,0.002612792857783849
FLORIANOPOLIS,2029-02-01,2029,0.0027542124553567994
FLORIANOPOLIS,2029-03-01,2029,0.0033985188614980765
FLORIANOPOLIS,2029-04-01,2029,0.003681753322573813
FLORIANOPOLIS,2029-05-01,2029,0.00354093525912501
FLORIANOPOLIS,2029-06-01,2029,0.0029948745968400815
FLORIANOPOLIS,2029-07-01,2029,0.002912082706352627
FLORIANOPOLIS,2029-08-01,2029,0.003277896853371243
FLORIANOPOLIS,2029-09-01,2029,0.003177852846086365
FLORIANOPOLIS,2029-10-01,2029,0.003081682059546785
FLORIANOPOLIS,2029-11-01,2029,0.003076861596992917
FLORIANOPOLIS,2029-12-01,2029,0.0031483429591821687
FLORIANOPOLIS,2030-01-01,2030,0.0025825965251359494
FLORIANOPOLIS,2030-02-01,2030,0.002487680209229842
FLORIANOPOLIS,2030-03-01,2030,0.0024111656282540463
FLORIANOPOLIS,2030-04-01,2030,0.0023966255551455184
FLORIANOPOLIS,2030-05-01,2030,0.0022679648166921127
FLORIANOPOLIS,2030-06-01,2030,0.002501070404250545
FLORIANOPOLIS,2030-07-01,2030,0.001903359297021494
FLORIANOPOLIS,2030-08-01,2030,0.0007347756804524163
FLORIANOPOLIS,2030-09-01,2030,0.0007117863728518581
FLORIANOPOLIS,2030-10-01,2030,0.0005338997969383085
FLORIANOPOLIS,2030-11-01,2030,0.00016089209243508985
FLORIANOPOLIS,2030-12-01,2030,-0.002205786686032789
FLORIANOPOLIS,2031-01-01,2031,-0.002904827374234481
FLORIANOPOLIS,2031-02-01,2031,-0.002219675222152322
FLORIANOPOLIS,2031-03-01,2031,-0.0012028284737148286
FLORIANOPOLIS,2031-04-01,2031,-0.002231713421315169
FLORIANOPOLIS,2031-05-01,2031,-0.0024686232117373174
FLORIANOPOLIS,2031-06-01,2031,-0.002446558977168731
FLORIANOPOLIS,2031-07-01,2031,-0.001821943603268622
FLORIANOPOLIS,2031-08-01,2031,-0.0022715029728212687
FLORIANOPOLIS,2031-09-01,2031,-0.0020127478037896187
FLORIANOPOLIS,2031-10-01,2031,-0.003147922103842915
FLORIANOPOLIS,2031-11-01,2031,-0.002822156347565485
FLORIANOPOLIS,2031-12-01,2031,-0.0030768245019383213
FLORIANOPOLIS,2032-01-01,2032,-0.001814801003752603
FLORIANOPOLIS,2032-02-01,2032,-0.00022185266504804347
FLORIANOPOLIS,2032-03-01,2032,-0.0004001980778517589
FLORIANOPOLIS,2032-04-01,2032,-0.0008131482452299809
FLORIANOPOLIS,2032-05-01,2032,-0.0010763719785620218
FLORIANOPOLIS,2032-06-01,2032,-0.00012975253424398647
FLORIANOPOLIS,2032-07-01,2032,0.0003604761103025744
FLORIANOPOLIS,2032-08-01,2032,-0.000751774440159424
FLORIANOPOLIS,2032-09-01,2032,-0.0005464952817249124
FLORIANOPOLIS,2032-10-01,2032,0.00040291345623582166
FLORIANOPOLIS,2032-11-01,2032,0.0009884352354569913
FLORIANOPOLIS,2032-12-01,2032,0.0009129385197453444
FLORIANOPOLIS,2033-01-01,2033,0.0009145788774078667
FLORIANOPOLIS,2033-02-01,2033,0.0017545261255825528
FLORIANOPOLIS,2033-03-01,2033,0.0025969645027515507
FLORIANOPOLIS,2033-04-01,2033,0.002156154159849639
FLORIANOPOLIS,2033-05-01,2033,0.0024614225193138593
FLORIANOPOLIS,2033-06-01,2033,0.0028613929996365627
FLORIANOPOLIS,2033-07-01,2033,0.00384035713418699
FLORIANOPOLIS,2033-08-01,2033,0.004568975270254932
FLORIANOPOLIS,2033-09-01,2033,0.0034497704484802495
FLORIANOPOLIS,2033-10-01,2033,0.002663266911098385
FLORIANOPOLIS,2033-11-01,2033,0.003886460715244715
FLORIANOPOLIS,2033-12-01,2033,0.004483925251875186
FLORIANOPOLIS,2034-01-01,2034,0.0017476213446838606
FLORIANOPOLIS,2034-02-01,2034,0.0006497412163090533
FLORIANOPOLIS,2034-03-01,2034,0.00160131744587653
FLORIANOPOLIS,2034-04-01,2034,0.0027878768959535703
FLORIANOPOLIS,2034-05-01,2034,0.004019570871078288
FLORIANOPOLIS,2034-06-01,2034,0.004100799804414679
FLORIANOPOLIS,2034-07-01,2034,0.003985875676882161
FLORIANOPOLIS,2034-08-01,2034,0.004492214624485267
FLORIANOPOLIS,2034-09-01,2034,0.0040195785185737735
FLORIANOPOLIS,2034-10-01,2034,0.0037344426916511063
FLORIANOPOLIS,2034-11-01,2034,0.0036724399742811475
FLORIANOPOLIS,2034-12-01,2034,0.0028978868276625493
FLORIANOPOLIS,2035-01-01,2035,0.0017925945807670152
FLORIANOPOLIS,2035-02-01,2035,0.0003452217068095553
FLORIANOPOLIS,2035-03-01,2035,-2.2215125484658095e-05
FLORIANOPOLIS,2035-04-01,2035,-0.0005770312007395029
FLORIANOPOLIS,2035-05-01,2035,-0.0005803488272324497
FLORIANOPOLIS,2035-06-01,2035,-0.0002076075282313239
FLORIANOPOLIS,2035-07-01,2035,-0.001034997080422554
FLORIANOPOLIS,2035-08-01,2035,-0.0010416225755749441
FLORIANOPOLIS,2035-09-01,2035,-0.0013365742574044548
FLORIANOPOLIS,2035-10-01,2035,-0.0017359630794699476
FLORIANOPOLIS,2035-11-01,2035,-0.0016667567383696047
FLORIANOPOLIS,2035-12-01,2035,-0.0022216486589623986
FLORIANOPOLIS,2036-01-01,2036,-0.0018203546055951703
FLORIANOPOLIS,2036-02-01,2036,-0.001536421781677193
FLORIANOPOLIS,2036-03-01,2036,-0.0018405168579035036
FLORIANOPOLIS,2036-04-01,2036,-0.0014281446612273664
FLORIANOPOLIS,2036-05-01,2036,-0.0014011293985777085
FLORIANOPOLIS,2036-06-01,2036,-0.0007439949375889865
FLORIANOPOLIS,2036-07-01,2036,-0.0025361379301263942
FLORIANOPOLIS,2036-08-01,2036,-0.002986956412708741
FLORIANOPOLIS,2036-09-01,2036,-0.004492788629410085
FLORIANOPOLIS,2036-10-01,2036,-0.0056472735308507535
FLORIANOPOLIS,2036-11-01,2036,-0.004998683691036881
FLORIANOPOLIS,2036-12-01,2036,-0.0036000178208632884
FLORIANOPOLIS,2037-01-01,2037,-0.0033473104554345213
FLORIANOPOLIS,2037-02-01,2037,-0.003394318239653278
FLORIANOPOLIS,2037-03-01,2037,-0.002653394477467339
FLORIANOPOLIS,2037-04-01,2037,-0.003138938337843241
FLORIANOPOLIS,2037-05-01,2037,-0.003501567597437435
FLORIANOPOLIS,2037-06-01,2037,-0.0018556880267372776
FLORIANOPOLIS,2037-07-01,2037,-0.00127429774700072
FLORIANOPOLIS,2037-08-01,2037,-0.0012833774586978786
FLORIANOPOLIS,2037-09-01,2037,-0.0011059139330053447
FLORIANOPOLIS,2037-10-01,2037,-0.0021331076622324485
FLORIANOPOLIS,2037-11-01,2037,-0.003543569681261125
FLORIANOPOLIS,2037-12-01,2037,-0.0036654223405120944
FLORIANOPOLIS,2038-01-01,2038,-0.0020886499929734857
FLORIANOPOLIS,2038-02-01,2038,-0.0010692704967166934
FLORIANOPOLIS,2038-03-01,2038,-0.0003130874810276274
FLORIANOPOLIS,2038-04-01,2038,-0.002507071572684356
FLORIANOPOLIS,2038-05-01,2038,-0.004809424730811835
FLORIANOPOLIS,2038-06-01,2038,-0.005673642014749629
FLORIANOPOLIS,2038-07-01,2038,-0.0053140225516963525
FLORIANOPOLIS,2038-08-01,2038,-0.005225126838834773
FLORIANOPOLIS,2038-09-01,2038,-0.004178590752055046
FLORIANOPOLIS,2038-10-01,2038,-0.0030641363383486996
FLORIANOPOLIS,2038-11-01,2038,-0.003283041704941825
FLORIANOPOLIS,2038-12-01,2038,-0.003828753716393829
FLORIANOPOLIS,2039-01-01,2039,-0.0030525662058267676
FLORIANOPOLIS,2039-02-01,2039,-0.0021002973353532995
FLORIANOPOLIS,2039-03-01,2039,-0.0025824205201597926
FLORIANOPOLIS,2039-04-01,2039,-0.003969457405022207
FLORIANOPOLIS,2039-05-01,2039,-0.0030716832767878465
FLORIANOPOLIS,2039-06-01,2039,-0.0015155663908893368
FLORIANOPOLIS,2039-07-01,2039,-0.0017983144594477618
FLORIANOPOLIS,2039-08-01,2039,-0.0032464913619061975
FLORIANOPOLIS,2039-09-01,2039,-0.005015313950183596
FLORIANOPOLIS,2039-10-01,2039,-0.004311065275803728
FLORIANOPOLIS,2039-11-01,2039,-0.0033244459295237705
FLORIANOPOLIS,2039-12-01,2039,-0.003651482939098529
FORTALEZA,2010-01-01,2010,0.0
FORTALEZA,2010-02-01,2010,0.0
FORTALEZA,2010-03-01,2010,0.0
FORTALEZA,2010-04-01,2010,-8.589854870052261e-05
FORTALEZA,2010-05-01,2010,-0.00017009346963340778
FORTALEZA,2010-06-01,2010,-0.0002718684231651458
FORTALEZA,2010-07-01,2010,-0.000370285078157756
FORTALEZA,2010-08-01,2010,-0.0008006439810227795
FORTALEZA,2010-09-01,2010,-0.0008586723653422379
FORTALEZA,2010-10-01,2010,-0.0008898876847580551
FORTALEZA,2010-11-01,2010,-0.0009708655453436444
FORTALEZA,2010-12-01,2010,-0.001118115548832166
FORTALEZA,2011-01-01,2011,-0.0011353519001598101
FORTALEZA,2011-02-01,2011,-0.001356970094212484
FORTALEZA,2011-03-01,2011,-0.0013456367124065904
FORTALEZA,2011-04-01,2011,-0.0013596450454599596
FORTALEZA,2011-05-01,2011,-0.0014000527909233751
FORTALEZA,2011-06-01,2011,-0.001416511142256025
FORTALEZA,2011-07-01,2011,-0.0015215818856247998
FORTALEZA,2011-08-01,2011,-0.0014756862183684894
FORTALEZA,2011-09-01,2011,-0.0015035686479151834
FORTALEZA,2011-10-01,2011,-0.0014886899368065055
FORTALEZA,2011-11-01,2011,-0.0016336386107617651
FORTALEZA,2011-12-01,2011,-0.0015512448128052836
FORTALEZA,2012-01-01,2012,-0.0015710971523917384
FORTALEZA,2012-02-01,2012,-0.0015718029191949345
FORTALEZA,2012-03-01,2012,-0.0014958869930564124
FORTALEZA,2012-04-01,2012,-0.0013667192051462073
FORTALEZA,2012-05-01,2012,-0.0012895032440349186
FORTALEZA,2012-06-01,2012,-0.001316576459753157
FORTALEZA,2012-07-01,2012,-0.00126588161745137
FORTALEZA,2012-08-01,2012,-0.0012343776926716755
FORTALEZA,2012-09-01,2012,-0.0010852540334922124
FORTALEZA,2012-10-01,2012,-0.0010069240906604316
FORTALEZA,2012-11-01,2012,-0.000919547573290399
FORTALEZA,2012-12-01,2012,-0.0008406446396593703
FORTALEZA,2013-01-01,2013,-0.0007962098853319499
FORTALEZA,2013-02-01,2013,-0.0006063585753117228
FORTALEZA,2013-03-01,2013,-0.0004973935408569741
FORTALEZA,2013-04-01,2013,-0.0003708725142722513
FORTALEZA,2013-05-01,2013,-0.00012276827094445886
FORTALEZA,2013-06-01,2013,1.3731937020381447e-05
FORTALEZA,2013-07-01,2013,3.879031114874642e-05
FORTALEZA,2013-08-01,2013,6.7765027808541766e-06
FORTALEZA,2013-09-01,2013,-6.058243976102773e-05
FORTALEZA,2013-10-01,2013,-1.8716168536109244e-05
FORTALEZA,2013-11-01,2013,2.30801799976621e-05
FORTALEZA,2013-12-01,2013,3.3388032721137774e-06
FORTALEZA,2014-01-01,2014,4.7127903721998485e-05
FORTALEZA,2014-02-01,2014,-0.0002002614576930706
FORTALEZA,2014-03-01,2014,-9.83113011219161e-05
FORTALEZA,2014-04-01,2014,-0.000422463308285983
FORTALEZA,2014-05-01,2014,-0.0008205616642331858
FORTALEZA,2014-06-01,2014,-0.0011173291362553007
FORTALEZA,2014-07-01,2014,-0.0014400747860747144
FORTALEZA,2014-08-01,2014,-0.0016933759772107882
FORTALEZA,2014-09-01,2014,-0.0017858672858915537
FORTALEZA,2014-10-01,2014,-0.0017153396380578689
FORTALEZA,2014-11-01,2014,-0.0016306278147746945
FORTALEZA,2014-12-01,2014,-0.0012382098810348285
FORTALEZA,2015-01-01,2015,-0.001192779297175569
FORTALEZA,2015-02-01,2015,-0.0007700076468558437
FORTALEZA,2015-03-01,2015,-0.0007541976380497095
FORTALEZA,2015-04-01,2015,-0.0007086574694106195
FORTALEZA,2015-05-01,2015,-0.0007554788334936491
FORTALEZA,2015-06-01,2015,-0.0007581519155719651
FORTALEZA,2015-07-01,2015,-0.0012277660064883079
FORTALEZA,2015-08-01,2015,-0.0012695131726081644
FORTALEZA,2015-09-01,2015,-0.0012893572514903085
FORTALEZA,2015-10-01,2015,-0.0012476893528878185
FORTALEZA,2015-11-01,2015,-0.001109616334799095
FORTALEZA,2015-12-01,2015,-0.0009732716212927839
FORTALEZA,2016-01-01,2016,-0.0008582139113706955
FORTALEZA,2016-02-01,2016,-0.000625150137615741
FORTALEZA,2016-03-01,2016,-0.0007407878446641291
FORTALEZA,2016-04-01,2016,-0.0006764069833511688
FORTALEZA,2016-05-01,2016,-0.0007381569906564434
FORTALEZA,2016-06-01,2016,-0.0005877226408635272
FORTALEZA,2016-07-01,2016,-0.00047200523185684905
FORTALEZA,2016-08-01,2016,-0.0004193467221649161
FORTALEZA,2016-09-01,2016,-0.00034557019160156964
FORTALEZA,2016-10-01,2016,-0.0002966695257903196
FORTALEZA,2016-11-01,2016,-0.0003099176252173075
FORTALEZA,2016-12-01,2016,-0.0004998945876760152
FORTALEZA,2017-01-01,2017,-0.000639875991958837
FORTALEZA,2017-02-01,2017,-0.0006588332842352974
FORTALEZA,2017-03-01,2017,-0.0009118943807667135
FORTALEZA,2017-04-01,2017,-0.0010974818776784822
FORTALEZA,2017-05-01,2017,-0.0012471465470264632
FORTALEZA,2017-06-01,2017,-0.001362101401056055
FORTALEZA,2017-07-01,2017,-0.0015065866039280496
FORTALEZA,2017-08-01,2017,-0.0014690119304621363
FORTALEZA,2017-09-01,2017,-0.001254225729989582
FORTALEZA,2017-10-01,2017,-0.001165111915012742
FORTALEZA,2017-11-01,2017,-0.0009989973934765562
FORTALEZA,2017-12-01,2017,-0.0008487556345110025
FORTALEZA,2018-01-01,2018,-0.0008693320320853137
FORTALEZA,2018-02-01,2018,-0.0009552510999654884
FORTALEZA,2018-03-01,2018,-0.0010524358610815143
FORTALEZA,2018-04-01,2018,-0.0010741533783530665
FORTALEZA,2018-05-01,2018,-0.0012509379275960019
FORTALEZA,2018-06-01,2018,-0.0015346988483350788
FORTALEZA,2018-07-01,2018,-0.0016120589121127404
FORTALEZA,2018-08-01,2018,-0.0015423188935753695
FORTALEZA,2018-09-01,2018,-0.0015510793588626836
FORTALEZA,2018-10-01,2018,-0.0016924175011744124
FORTALEZA,2018-11-01,2018,-0.001024244953775081
FORTALEZA,2018-12-01,2018,-0.000651264026516255
FORTALEZA,2019-01-01,2019,-0.00024582220117398077
FORTALEZA,2019-02-01,2019,0.00014357142566301162
FORTALEZA,2019-03-01,2019,-2.2977853732960574e-05
FORTALEZA,2019-04-01,2019,-2.720917810002166e-05
FORTALEZA,2019-05-01,2019,-1.962927197477926e-05
FORTALEZA,2019-06-01,2019,-0.00020125875329854881
FORTALEZA,2019-07-01,2019,-0.0002029404246935329
FORTALEZA,2019-08-01,2019,-0.0002150900080286733
FORTALEZA,2019-09-01,2019,-0.00022235250308824783
FORTALEZA,2019-10-01,2019,-0.0002345788538414606
FORTALEZA,2019-11-01,2019,-0.00034674743562290944
FORTALEZA,2019-12-01,2019,-0.0002546325859808196
FORTALEZA,2020-01-01,2020,-0.0002407416977607857
FORTALEZA,2020-02-01,2020,-0.0003523399232652491
FORTALEZA,2020-03-01,2020,-0.0006049921041637541
FORTALEZA,2020-04-01,2020,-0.0010877753675934598
FORTALEZA,2020-05-01,2020,-0.001090931032300141
FORTALEZA,2020-06-01,2020,-0.0010358111612110265
FORTALEZA,2020-07-01,2020,-0.0007493842714008769
FORTALEZA,2020-08-01,2020,-0.0008395845027712301
FORTALEZA,2020-09-01,2020,-0.0006653205543129925
FORTALEZA,2020-10-01,2020,-0.0005192512472311073
FORTALEZA,2020-11-01,2020,-0.0006496239892102151
FORTALEZA,2020-12-01,2020,-0.0005817796377948381
FORTALEZA,2021-01-01,2021,-0.0005709047915218901
FORTALEZA,2021-02-01,2021,-0.0010379721004463748
FORTALEZA,2021-03-01,2021,-0.001206530993716426
FORTALEZA,2021-04-01,2021,-0.0009552776879833835
FORTALEZA,2021-05-01,2021,-0.0009808935929542474
FORTALEZA,2021-06-01,2021,-0.0011034056073802923
FORTALEZA,2021-07-01,2021,-0.0009017656611507352
FORTALEZA,2021-08-01,2021,-0.0008778786870758181
FORTALEZA,2021-09-01,2021,-0.001107403218305516
FORTALEZA,2021-10-01,2021,-0.0011848638307065062
FORTALEZA,2021-11-01,2021,-0.001173459488554539
FORTALEZA,2021-12-01,2021,-0.0012064589315899687
FORTALEZA,2022-01-01,2022,-0.0012887547279324186
FORTALEZA,2022-02-01,2022,-0.001490924821788292
FORTALEZA,2022-03-01,2022,-0.0021838542470482645
FORTALEZA,2022-04-01,2022,-0.0024344818947336444
FORTALEZA,2022-05-01,2022,-0.0024626366158940795
FORTALEZA,2022-06-01,2022,-0.00222419879985534
FORTALEZA,2022-07-01,2022,-0.0007951737943627602
FORTALEZA,2022-08-01,2022,0.0002978763187789768
FORTALEZA,2022-09-01,2022,7.945148752995457e-05
FORTALEZA,2022-10-01,2022,0.00020034503232640332
FORTALEZA,2022-11-01,2022,0.00043367855211206674
FORTALEZA,2022-12-01,2022,-0.001635167339068333
FORTALEZA,2023-01-01,2023,-0.0012320197783754216
FORTALEZA,2023-02-01,2023,-0.0012880527659547992
FORTALEZA,2023-03-01,2023,-0.0016236725290817878
FORTALEZA,2023-04-01,2023,-0.001471024202409711
FORTALEZA,2023-05-01,2023,-0.0010531969088981375
FORTALEZA,2023-06-01,2023,-0.0013792716606006493
FORTALEZA,2023-07-01,2023,-0.0014093634852001458
FORTALEZA,2023-08-01,2023,-0.001400317758568226
FORTALEZA,2023-09-01,2023,-0.0013369084689564558
FORTALEZA,2023-10-01,2023,-0.001225926656993368
FORTALEZA,2023-11-01,2023,-0.001499869112921226
FORTALEZA,2023-12-01,2023,-0.0014620023035636497
FORTALEZA,2024-01-01,2024,-0.002134598728690574
FORTALEZA,2024-02-01,2024,-0.003423043354164196
FORTALEZA,2024-03-01,2024,-0.003360374216659081
FORTALEZA,2024-04-01,2024,-0.003758523293691398
FORTALEZA,2024-05-01,2024,-0.0038290296773166445
FORTALEZA,2024-06-01,2024,-0.004480846940885384
FORTALEZA,2024-07-01,2024,-0.004073057514091295
FORTALEZA,2024-08-01,2024,-0.003913483105552705
FORTALEZA,2024-09-01,2024,-0.00380008926068544
FORTALEZA,2024-10-01,2024,-0.0033558302786578743
FORTALEZA,2024-11-01,2024,-0.0030652356687563
FORTALEZA,2024-12-01,2024,-0.0028456598121296395
FORTALEZA,2025-01-01,2025,-0.002786525999929048
FORTALEZA,2025-02-01,2025,-0.002702342484523703
FORTALEZA,2025-03-01,2025,-0.0022968193337005384
FORTALEZA,2025-04-01,2025,-0.0023941368849612257
FORTALEZA,2025-05-01,2025,-0.0022483940974609663
FORTALEZA,2025-06-01,2025,-0.0020580755182414557
FORTALEZA,2025-07-01,2025,-0.0018075472274883498
FORTALEZA,2025-08-01,2025,-0.0015868423410858301
FORTALEZA,2025-09-01,2025,-0.0015865701029546232
FORTALEZA,2025-10-01,2025,-0.002013355944844405
FORTALEZA,2025-11-01,2025,-0.002076140259557613
FORTALEZA,2025-12-01,2025,-0.0019426768472840528
FORTALEZA,2026-01-01,2026,-0.0017174610155079083
FORTALEZA,2026-02-01,2026,-0.001531164882179097
FORTALEZA,2026-03-01,2026,-0.001785665312307526
FORTALEZA,2026-04-01,2026,-0.0020829959125275035
FORTALEZA,2026-05-01,2026,-0.0019734188348683093
FORTALEZA,2026-06-01,2026,-0.0028704160901119368
FORTALEZA,2026-07-01,2026,-0.0037569947849511766
FORTALEZA,2026-08-01,2026,-0.0036209113123728855
FORTALEZA,2026-09-01,2026,-0.0032794064391694997
FORTALEZA,2026-10-01,2026,-0.0033607882597056914
FORTALEZA,2026-11-01,2026,-0.00349833854297931
FORTALEZA,2026-12-01,2026,-0.003969511135304768
FORTALEZA,2027-01-01,2027,-0.0042715846246785235
FORTALEZA,2027-02-01,2027,-0.004403729842985142
FORTALEZA,2027-03-01,2027,-0.00412175750871524
FORTALEZA,2027-04-01,2027,-0.004370087864944282
FORTALEZA,2027-05-01,2027,-0.004664554945528642
FORTALEZA,2027-06-01,2027,-0.004597924769910382
FORTALEZA,2027-07-01,2027,-0.00474374833323477
FORTALEZA,2027-08-01,2027,-0.0046746641153357325
FORTALEZA,2027-09-01,2027,-0.004410647952819523
FORTALEZA,2027-10-01,2027,-0.004305341500954638
FORTALEZA,2027-11-01,2027,-0.004324744362935406
FORTALEZA,2027-12-01,2027,-0.00421648226013498
FORTALEZA,2028-01-01,2028,-0.004259795821119363
FORTALEZA,2028-02-01,2028,-0.004416224560422452
FORTALEZA,2028-03-01,2028,-0.004360760573240324
FORTALEZA,2028-04-01,2028,-0.00434156633607227
FORTALEZA,2028-05-01,2028,-0.00432005885039078
FORTALEZA,2028-06-01,2028,-0.004283114279017313
FORTALEZA,2028-07-01,2028,-0.004569832942295624
FORTALEZA,2028-08-01,2028,-0.0043607316306443185
FORTALEZA,2028-09-01,2028,-0.004309572423772904
FORTALEZA,2028-10-01,2028,-0.004277848148608797
FORTALEZA,2028-11-01,2028,-0.004267219739299677
FORTALEZA,2028-12-01,2028,-0.004490472963990666
FORTALEZA,2029-01-01,2029,-0.004429450232381964
FORTALEZA,2029-02-01,2029,-0.00424783568404356
FORTALEZA,2029-03-01,2029,-0.00401257737901364
FORTALEZA,2029-04-01,2029,-0.0040199802646669535
FORTALEZA,2029-05-01,2029,-0.0038796959604174477
FORTALEZA,2029-06-01,2029,-0.0036304236995067995
FORTALEZA,2029-07-01,2029,-0.0033096946991871957
FORTALEZA,2029-08-01,2029,-0.002832553213245248
FORTALEZA,2029-09-01,2029,-0.0028866982644707518
FORTALEZA,2029-10-01,2029,-0.002879656498383325
FORTALEZA,2029-11-01,2029,-0.002776801744576275
FORTALEZA,2029-12-01,2029,-0.002512010159446855
FORTALEZA,2030-01-01,2030,-0.002272824549489545
FORTALEZA,2030-02-01,2030,-0.002258644813952203
FORTALEZA,2030-03-01,2030,-0.002308680720366546
FORTALEZA,2030-04-01,2030,-0.002456196809934318
FORTALEZA,2030-05-01,2030,-0.0022335274347455103
FORTALEZA,2030-06-01,2030,-0.00202086895665497
FORTALEZA,2030-07-01,2030,-0.002012097763410292
FORTALEZA,2030-08-01,2030,-0.002043511590771133
FORTALEZA,2030-09-01,2030,-0.0017376098625364134
FORTALEZA,2030-10-01,2030,-0.0016774570684581459
FORTALEZA,2030-11-01,2030,-0.0017576487988394851
FORTALEZA,2030-12-01,2030,-0.0017103653379433503
FORTALEZA,2031-01-01,2031,-0.0015614883875291307
FORTALEZA,2031-02-01,2031,-0.0017039743495416305
FORTALEZA,2031-03-01,2031,-0.0011441299702746898
FORTALEZA,2031-04-01,2031,-0.0009079711692320124
FORTALEZA,2031-05-01,2031,-0.0010068720666762609
FORTALEZA,2031-06-01,2031,-0.0009239029592377124
FORTALEZA,2031-07-01,2031,-0.0006943657658318825
FORTALEZA,2031-08-01,2031,-0.0007677248830882744
FORTALEZA,2031-09-01,2031,-0.0008783578567440698
FORTALEZA,2031-10-01,2031,-0.0015397313039997318
FORTALEZA,2031-11-01,2031,-0.001392379070613462
FORTALEZA,2031-12-01,2031,-0.001534897339051906
FORTALEZA,2032-01-01,2032,-0.0016639823722901703
FORTALEZA,2032-02-01,2032,-0.0020051860667059827
FORTALEZA,2032-03-01,2032,-0.0019525093436604845
FORTALEZA,2032-04-01,2032,-0.0020272978191443925
FORTALEZA,2032-05-01,2032,-0.0021891090369121537
FORTALEZA,2032-06-01,2032,-0.0023225278391664685
FORTALEZA,2032-07-01,2032,-0.0027012566189239997
FORTALEZA,2032-08-01,2032,-0.002221172884020721
FORTALEZA,2032-09-01,2032,-0.0025249968237366373
FORTALEZA,2032-10-01,2032,-0.0026659106001461442
FORTALEZA,2032-11-01,2032,-0.0027248929465768
FORTALEZA,2032-12-01,2032,-0.0027166412596983168
FORTALEZA,2033-01-01,2033,-0.002780500698012842
FORTALEZA,2033-02-01,2033,-0.0027999075232311974
FORTALEZA,2033-03-01,2033,-0.0027159735253033134
FORTALEZA,2033-04-01,2033,-0.002724402211674494
FORTALEZA,2033-05-01,2033,-0.0033110965716039633
FORTALEZA,2033-06-01,2033,-0.0034888698004080444
FORTALEZA,2033-07-01,2033,-0.00344434938992367
FORTALEZA,2033-08-01,2033,-0.003279093566084638
FORTALEZA,2033-09-01,2033,-0.0030978797593857956
FORTALEZA,2033-10-01,2033,-0.0029552879973308755
FORTALEZA,2033-11-01,2033,-0.0031547294140263082
FORTALEZA,2033-12-01,2033,-0.0028911062519892594
FORTALEZA,2034-01-01,2034,-0.002632176274885022
FORTALEZA,2034-02-01,2034,-0.0025766135553778914
FORTALEZA,2034-03-01,2034,-0.002428501252193759
FORTALEZA,2034-04-01,2034,-0.0023781309987507705
FORTALEZA,2034-05-01,2034,-0.0022267054348809566
FORTALEZA,2034-06-01,2034,-0.002217080491207155
FORTALEZA,2034-07-01,2034,-0.0021979576036536518
FORTALEZA,2034-08-01,2034,-0.0021171884799362794
FORTALEZA,2034-09-01,2034,-0.002047069490558796
FORTALEZA,2034-10-01,2034,-0.0019008585920499955
FORTALEZA,2034-11-01,2034,-0.0019675780351527195
FORTALEZA,2034-12-01,2034,-0.0016317681375244896
FORTALEZA,2035-01-01,2035,-0.0012350851724234246
FORTALEZA,2035-02-01,2035,-0.0014969955999219009
FORTALEZA,2035-03-01,2035,-0.0013059599599161509
FORTALEZA,2035-04-01,2035,-0.001079683976648429
FORTALEZA,2035-05-01,2035,-0.0007617184460804638
FORTALEZA,2035-06-01,2035,-0.0006029610929930973
FORTALEZA,2035-07-01,2035,-0.0007499644262949723
FORTALEZA,2035-08-01,2035,-0.0005231497486606961
FORTALEZA,2035-09-01,2035,-0.0012497198352353388
FORTALEZA,2035-10-01,2035,-0.0011150652260103157
FORTALEZA,2035-11-01,2035,-0.001145537498474667
FORTALEZA,2035-12-01,2035,-0.0013102595747075873
FORTALEZA,2036-01-01,2036,-0.00133123828630895
FORTALEZA,2036-02-01,2036,-0.0013680162559878439
FORTALEZA,2036-03-01,2036,-0.0010773738932694022
FORTALEZA,2036-04-01,2036,-0.0011265864381068092
FORTALEZA,2036-05-01,2036,-0.0011675898665603123
FORTALEZA,2036-06-01,2036,-0.0012169800713923385
FORTALEZA,2036-07-01,2036,-0.0010558310102587965
FORTALEZA,2036-08-01,2036,-0.0009759308171278435
FORTALEZA,2036-09-01,2036,-0.0011788886237632146
FORTALEZA,2036-10-01,2036,-0.001486701501118387
FORTALEZA,2036-11-01,2036,-0.001748751235390219
FORTALEZA,2036-12-01,2036,-0.0026823642798112436
FORTALEZA,2037-01-01,2037,-0.0029488519909272913
FORTALEZA,2037-02-01,2037,-0.002818341563196581
FORTALEZA,2037-03-01,2037,-0.00276207329481736
FORTALEZA,2037-04-01,2037,-0.002623337703776386
FORTALEZA,2037-05-01,2037,-0.002590563297588092
FORTALEZA,2037-06-01,2037,-0.0025463038527919735
FORTALEZA,2037-07-01,2037,-0.0026628831651509645
FORTALEZA,2037-08-01,2037,-0.0026679841999857623
FORTALEZA,2037-09-01,2037,-0.0027976974802360177
FORTALEZA,2037-10-01,2037,-0.002863644772584878
FORTALEZA,2037-11-01,2037,-0.0029108954868633007
FORTALEZA,2037-12-01,2037,-0.0030301051761607734
FORTALEZA,2038-01-01,2038,-0.0032819201240534266
FORTALEZA,2038-02-01,2038,-0.0032005585605712483
FORTALEZA,2038-03-01,2038,-0.002912136004527538
FORTALEZA,2038-04-01,2038,-0.0029531647494122114
FORTALEZA,2038-05-01,2038,-0.0028306847114448175
FORTALEZA,2038-06-01,2038,-0.002963647628834929
FORTALEZA,2038-07-01,2038,-0.002876865340213981
FORTALEZA,2038-08-01,2038,-0.0027135366215679823
FORTALEZA,2038-09-01,2038,-0.0024602899191933526
FORTALEZA,2038-10-01,2038,-0.0021681512189266274
FORTALEZA,2038-11-01,2038,-0.0020367271359748597
FORTALEZA,2038-12-01,2038,-0.0019612575755804575
FORTALEZA,2039-01-01,2039,-0.0021568307841450317
FORTALEZA,2039-02-01,2039,-0.0017338202707392692
FORTALEZA,2039-03-01,2039,-0.0013789186768980888
FORTALEZA,2039-04-01,2039,-0.0011908142100157638
FORTALEZA,2039-05-01,2039,-0.0007466590485032365
FORTALEZA,2039-06-01,2039,-0.0007183541615911416
FORTALEZA,2039-07-01,2039,-0.0006245208152291937
FORTALEZA,2039-08-01,2039,-0.0006936839932749717
FORTALEZA,2039-09-01,2039,-0.000468058248657528
FORTALEZA,2039-10-01,2039,-0.00042490154732976906
FORTALEZA,2039-11-01,2039,-0.00030028029848157777
FORTALEZA,2039-12-01,2039,-3.4966164673370104e-05
GOIANIA,2010-01-01,2010,0.0
GOIANIA,2010-02-01,2010,0.0
GOIANIA,2010-03-01,2010,0.0
GOIANIA,2010-04-01,2010,-4.269995782321456e-05
GOIANIA,2010-05-01,2010,-7.048814561534166e-05
GOIANIA,2010-06-01,2010,-1.508497308725154e-05
GOIANIA,2010-07-01,2010,-3.6611463911060404e-05
GOIANIA,2010-08-01,2010,-7.929593104470056e-05
GOIANIA,2010-09-01,2010,-0.00012056814272585536
GOIANIA,2010-10-01,2010,-4.79628486902528e-05
GOIANIA,2010-11-01,2010,2.2786176436432327e-05
GOIANIA,2010-12-01,2010,6.351468692029293e-05
GOIANIA,2011-01-01,2011,-1.7243356679772503e-05
GOIANIA,2011-02-01,2011,-4.263958557508052e-05
GOIANIA,2011-03-01,2011,8.285876164008332e-05
GOIANIA,2011-04-01,2011,0.00023004668437956344
GOIANIA,2011-05-01,2011,0.0001360617640312145
GOIANIA,2011-06-01,2011,0.00013503421001551553
GOIANIA,2011-07-01,2011,-1.2269196747115574e-05
GOIANIA,2011-08-01,2011,-0.00011245450408131519
GOIANIA,2011-09-01,2011,-0.0002437115708894877
GOIANIA,2011-10-01,2011,-0.0002877152483736434
GOIANIA,2011-11-01,2011,-0.00033402072887128264
GOIANIA,2011-12-01,2011,-0.00019131882511837174
GOIANIA,2012-01-01,2012,-0.0002889075124503393
GOIANIA,2012-02-01,2012,-0.0003129554283500613
GOIANIA,2012-03-01,2012,-0.0004458809219545534
GOIANIA,2012-04-01,2012,-0.0005048503882404465
GOIANIA,2012-05-01,2012,-0.00048403483312203343
GOIANIA,2012-06-01,2012,-0.0005046040890122771
GOIANIA,2012-07-01,2012,-0.00045617216605828623
GOIANIA,2012-08-01,2012,-0.000521269417115876
GOIANIA,2012-09-01,2012,-0.0005136785945533328
GOIANIA,2012-10-01,2012,-0.0005136904901263694
GOIANIA,2012-11-01,2012,-0.0005163512164944872
GOIANIA,2012-12-01,2012,-0.0005433411001247789
GOIANIA,2013-01-01,2013,-0.0004897922380447761
GOIANIA,2013-02-01,2013,-0.000497643046485492
GOIANIA,2013-03-01,2013,-0.00048812334409146005
GOIANIA,2013-04-01,2013,-0.0005914880266738343
GOIANIA,2013-05-01,2013,-0.0007041675406247327
GOIANIA,2013-06-01,2013,-0.0007259480078704617
GOIANIA,2013-07-01,2013,-0.0006870299191717211
GOIANIA,2013-08-01,2013,-0.0006402559791875096
GOIANIA,2013-09-01,2013,-0.0005617402405686334
GOIANIA,2013-10-01,2013,-0.0005475068017585727
GOIANIA,2013-11-01,2013,-0.0006361357849343496
GOIANIA,2013-12-01,2013,-0.0006448049024090096
GOIANIA,2014-01-01,2014,-0.000703203057381302
GOIANIA,2014-02-01,2014,-0.0006809381930283076
GOIANIA,2014-03-01,2014,-0.0007426233352402522
GOIANIA,2014-04-01,2014,-0.0007912568903988526
GOIANIA,2014-05-01,2014,-0.0007534649306983076
GOIANIA,2014-06-01,2014,-0.0007734552657236915
GOIANIA,2014-07-01,2014,-0.0007483132026269146
GOIANIA,2014-08-01,2014,-0.0007953817393533536
GOIANIA,2014-09-01,2014,-0.000756357769630921
GOIANIA,2014-10-01,2014,-0.0006142317931039165
GOIANIA,2014-11-01,2014,-0.0006453807052823246
GOIANIA,2014-12-01,2014,-0.0006242096255954565
GOIANIA,2015-01-01,2015,-0.000675899737551745
GOIANIA,2015-02-01,2015,-0.0006746974473372358
GOIANIA,2015-03-01,2015,-0.0007449327189337896
GOIANIA,2015-04-01,2015,-0.0006512401827428394
GOIANIA,2015-05-01,2015,-0.0006380566634782258
GOIANIA,2015-06-01,2015,-0.000527806183116123
GOIANIA,2015-07-01,2015,-0.0004673602395903431
GOIANIA,2015-08-01,2015,-0.00034926990399562817
GOIANIA,2015-09-01,2015,-0.0003946850922643952
GOIANIA,2015-10-01,2015,-0.000499478237444847
GOIANIA,2015-11-01,2015,-0.0004510918223640925
GOIANIA,2015-12-01,2015,-0.0005235122319560071
GOIANIA,2016-01-01,2016,-0.0004971848713317817
GOIANIA,2016-02-01,2016,-0.000554326272539808
GOIANIA,2016-03-01,2016,-0.00035071978579923166
GOIANIA,2016-04-01,2016,1.1002946237662625e-05
GOIANIA,2016-05-01,2016,4.830368223292858e-05
GOIANIA,2016-06-01,2016,3.5071053960664675e-05
GOIANIA,2016-07-01,2016,2.0369900752386095e-05
GOIANIA,2016-08-01,2016,-4.1507078765355973e-05
GOIANIA,2016-09-01,2016,1.71066281231258e-05
GOIANIA,2016-10-01,2016,0.00010706956693653957
GOIANIA,2016-11-01,2016,0.00012382986647133776
GOIANIA,2016-12-01,2016,0.0002423125388264358
GOIANIA,2017-01-01,2017,0.0003114842418798136
GOIANIA,2017-02-01,2017,0.0002950071198966231
GOIANIA,2017-03-01,2017,0.0003679785671096569
GOIANIA,2017-04-01,2017,0.0003789539503294781
GOIANIA,2017-05-01,2017,0.000256465533518796
GOIANIA,2017-06-01,2017,0.00030442341422628696
GOIANIA,2017-07-01,2017,0.0003680530802462545
GOIANIA,2017-08-01,2017,0.00030629641813394447
GOIANIA,2017-09-01,2017,0.0006847401210733461
GOIANIA,2017-10-01,2017,0.0006787793248873353
GOIANIA,2017-11-01,2017,0.0006897768347036615
GOIANIA,2017-12-01,2017,0.000866995258126001
GOIANIA,2018-01-01,2018,0.0008735023883606963
GOIANIA,2018-02-01,2018,0.0010746432145852759
GOIANIA,2018-03-01,2018,0.0010894967438693148
GOIANIA,2018-04-01,2018,0.0010994981931605773
GOIANIA,2018-05-01,2018,0.001001235463118363
GOIANIA,2018-06-01,2018,0.0006302377604087317
GOIANIA,2018-07-01,2018,0.00018960763443249596
GOIANIA,2018-08-01,2018,0.0009727074583770167
GOIANIA,2018-09-01,2018,0.0013044734139932134
GOIANIA,2018-10-01,2018,0.0012474338964082621
GOIANIA,2018-11-01,2018,0.0008277729839302595
GOIANIA,2018-12-01,2018,0.0007957751572019689
GOIANIA,2019-01-01,2019,0.0008073325971197398
GOIANIA,2019-02-01,2019,0.0008258712074731655
GOIANIA,2019-03-01,2019,0.0007436941264863172
GOIANIA,2019-04-01,2019,0.0007431289675158181
GOIANIA,2019-05-01,2019,0.0007545518958516528
GOIANIA,2019-06-01,2019,0.0007488613512830733
GOIANIA,2019-07-01,2019,0.000756714673672182
GOIANIA,2019-08-01,2019,0.0007284620721101343
GOIANIA,2019-09-01,2019,0.0006384358266831958
GOIANIA,2019-10-01,2019,0.0007656552158644636
GOIANIA,2019-11-01,2019,0.0008751056790045175
GOIANIA,2019-12-01,2019,0.0010996308434097757
GOIANIA,2020-01-01,2020,0.000999340735028945
GOIANIA,2020-02-01,2020,0.0009194441048835988
GOIANIA,2020-03-01,2020,0.0009568214977838341
GOIANIA,2020-04-01,2020,0.0010883451380899645
GOIANIA,2020-05-01,2020,0.0011816647518158607
GOIANIA,2020-06-01,2020,0.0012080790909204796
GOIANIA,2020-07-01,2020,0.0013600832514014504
GOIANIA,2020-08-01,2020,0.001403384052384058
GOIANIA,2020-09-01,2020,0.001988525852569023
GOIANIA,2020-10-01,2020,0.00250976975149242
GOIANIA,2020-11-01,2020,0.0023426449454663377
GOIANIA,2020-12-01,2020,0.00222145638412429
GOIANIA,2021-01-01,2021,0.0021754101786371893
GOIANIA,2021-02-01,2021,0.0022102831787405995
GOIANIA,2021-03-01,2021,0.0021870457225175123
GOIANIA,2021-04-01,2021,0.00202362836983946
GOIANIA,2021-05-01,2021,0.0018803137098739387
GOIANIA,2021-06-01,2021,0.0018381575500468295
GOIANIA,2021-07-01,2021,0.0017931054150025494
GOIANIA,2021-08-01,2021,0.0017289267271280795
GOIANIA,2021-09-01,2021,0.0016963253792034783
GOIANIA,2021-10-01,2021,0.001799662142126065
GOIANIA,2021-11-01,2021,0.001658476930000168
GOIANIA,2021-12-01,2021,0.0018534665314142063
GOIANIA,2022-01-01,2022,0.0017432352459823407
GOIANIA,2022-02-01,2022,0.0016769020326481599
GOIANIA,2022-03-01,2022,0.0017063336663191609
GOIANIA,2022-04-01,2022,0.001534465402311993
GOIANIA,2022-05-01,2022,0.001593929563413078
GOIANIA,2022-06-01,2022,0.0014883030246287
GOIANIA,2022-07-01,2022,0.0014329389030234218
GOIANIA,2022-08-01,2022,0.0012667239103526474
GOIANIA,2022-09-01,2022,0.0011407671127106377
GOIANIA,2022-10-01,2022,0.000869022277973499
GOIANIA,2022-11-01,2022,0.0009327217496309125
GOIANIA,2022-12-01,2022,0.0009587925389103969
GOIANIA,2023-01-01,2023,0.0009899830521397912
GOIANIA,2023-02-01,2023,0.0006718386749928318
GOIANIA,2023-03-01,2023,0.0005730045079258328
GOIANIA,2023-04-01,2023,0.0007658774745558128
GOIANIA,2023-05-01,2023,0.0007526531985195906
GOIANIA,2023-06-01,2023,0.0006908151344803892
GOIANIA,2023-07-01,2023,-0.00046507710683996726
GOIANIA,2023-08-01,2023,-0.0017228160510944911
GOIANIA,2023-09-01,2023,-0.0023712771674785048
GOIANIA,2023-10-01,2023,-0.0024631543540515346
GOIANIA,2023-11-01,2023,-0.002024826121115689
GOIANIA,2023-12-01,2023,-0.0017919096736573447
GOIANIA,2024-01-01,2024,-0.001984976157888847
GOIANIA,2024-02-01,2024,-0.0018286867631091331
GOIANIA,2024-03-01,2024,-0.001607922064714673
GOIANIA,2024-04-01,2024,-0.001172537059413974
GOIANIA,2024-05-01,2024,-0.0010394240280402823
GOIANIA,2024-06-01,2024,-0.0008254953748430028
GOIANIA,2024-07-01,2024,-0.001697254084518426
GOIANIA,2024-08-01,2024,-0.001726479478255989
GOIANIA,2024-09-01,2024,-0.0014619853289060069
GOIANIA,2024-10-01,2024,-0.0014075448535478662
GOIANIA,2024-11-01,2024,-0.0013794951412484024
GOIANIA,2024-12-01,2024,-0.0012963057215939178
GOIANIA,2025-01-01,2025,-0.0013023096377020914
GOIANIA,2025-02-01,2025,-0.0012908042790128404
GOIANIA,2025-03-01,2025,-0.001251747186114286
GOIANIA,2025-04-01,2025,-0.0013528659119452857
GOIANIA,2025-05-01,2025,-0.0013420029646623477
GOIANIA,2025-06-01,2025,-0.0014012668257966931
GOIANIA,2025-07-01,2025,-0.0012565980773601138
GOIANIA,2025-08-01,2025,-0.0008114284209584166
GOIANIA,2025-09-01,2025,-0.00015457132029144115
GOIANIA,2025-10-01,2025,0.00019484635884608914
GOIANIA,2025-11-01,2025,0.0005571914300593339
GOIANIA,2025-12-01,2025,0.0007128635904562741
GOIANIA,2026-01-01,2026,0.0008282362141923072
GOIANIA,2026-02-01,2026,0.0006216792750291467
GOIANIA,2026-03-01,2026,0.0010348068763777385
GOIANIA,2026-04-01,2026,0.0010298428910701762
GOIANIA,2026-05-01,2026,0.0011524770698493913
GOIANIA,2026-06-01,2026,0.0011934243113673748
GOIANIA,2026-07-01,2026,0.0012594098344875016
GOIANIA,2026-08-01,2026,0.0013755641182544931
GOIANIA,2026-09-01,2026,0.0012039864206779382
GOIANIA,2026-10-01,2026,0.002580548538004237
GOIANIA,2026-11-01,2026,0.0024263845938956963
GOIANIA,2026-12-01,2026,0.0023098012128098576
GOIANIA,2027-01-01,2027,0.002160183928250221
GOIANIA,2027-02-01,2027,0.0025742699491615962
GOIANIA,2027-03-01,2027,0.0024708019848986573
GOIANIA,2027-04-01,2027,0.002080030277552307
GOIANIA,2027-05-01,2027,0.0017059626827337837
GOIANIA,2027-06-01,2027,0.0015931238743578401
GOIANIA,2027-07-01,2027,0.0017168950554758144
GOIANIA,2027-08-01,2027,0.0016221140189490012
GOIANIA,2027-09-01,2027,0.0015650979035758106
GOIANIA,2027-10-01,2027,0.001709831906754905
GOIANIA,2027-11-01,2027,0.0018640205292138857
GOIANIA,2027-12-01,2027,0.0018549091143587515
GOIANIA,2028-01-01,2028,0.001856132292559508
GOIANIA,2028-02-01,2028,0.00174582696198612
GOIANIA,2028-03-01,2028,0.001753498453007366
GOIANIA,2028-04-01,2028,0.001723485200713396
GOIANIA,2028-05-01,2028,0.001888696240029204
GOIANIA,2028-06-01,2028,0.0016842711979396007
GOIANIA,2028-07-01,2028,0.0015460616511321257
GOIANIA,2028-08-01,2028,0.0013673827558325635
GOIANIA,2028-09-01,2028,0.0013925546034340953
GOIANIA,2028-10-01,2028,0.0013559437665770912
GOIANIA,2028-11-01,2028,0.001429762226588861
GOIANIA,2028-12-01,2028,0.0016441713521040157
GOIANIA,2029-01-01,2029,0.0015967338308154255
GOIANIA,2029-02-01,2029,0.0015783996441419334
GOIANIA,2029-03-01,2029,0.001743459733170728
GOIANIA,2029-04-01,2029,0.0015622728038236
GOIANIA,2029-05-01,2029,0.0016087434499447938
GOIANIA,2029-06-01,2029,0.001997854614754525
GOIANIA,2029-07-01,2029,0.0019699405052402896
GOIANIA,2029-08-01,2029,0.0017822870311011774
GOIANIA,2029-09-01,2029,0.0017056215654025618
GOIANIA,2029-10-01,2029,0.0012992471169186726
GOIANIA,2029-11-01,2029,0.0012671431839818804
GOIANIA,2029-12-01,2029,0.0011545748685477563
GOIANIA,2030-01-01,2030,0.000926887904092164
GOIANIA,2030-02-01,2030,0.0007639346863093099
GOIANIA,2030-03-01,2030,0.0008729062195858983
GOIANIA,2030-04-01,2030,0.0007334228553898437
GOIANIA,2030-05-01,2030,0.0008692514320724665
GOIANIA,2030-06-01,2030,0.0006557186781202851
GOIANIA,2030-07-01,2030,0.0003335652247812204
GOIANIA,2030-08-01,2030,9.366192396951245e-06
GOIANIA,2030-09-01,2030,5.034739754998352e-05
GOIANIA,2030-10-01,2030,-6.036913916325104e-05
GOIANIA,2030-11-01,2030,-0.00024254767081795746
GOIANIA,2030-12-01,2030,-0.00018696781599691014
GOIANIA,2031-01-01,2031,-0.0005893678700198491
GOIANIA,2031-02-01,2031,-0.0007623333442410018
GOIANIA,2031-03-01,2031,-0.0006550697813084438
GOIANIA,2031-04-01,2031,-0.0007648251483106949
GOIANIA,2031-05-01,2031,-0.0007511705802796809
GOIANIA,2031-06-01,2031,-0.0005005986968558829
GOIANIA,2031-07-01,2031,-0.0011552684384606281
GOIANIA,2031-08-01,2031,-0.0010731859215753314
GOIANIA,2031-09-01,2031,-0.0010193109970107529
GOIANIA,2031-10-01,2031,-0.0011163906066261353
GOIANIA,2031-11-01,2031,-0.001126435433225279
GOIANIA,2031-12-01,2031,-0.001079865421349303
GOIANIA,2032-01-01,2032,-0.0012450189818469714
GOIANIA,2032-02-01,2032,-0.0013178517974172365
GOIANIA,2032-03-01,2032,-0.0013895557870620256
GOIANIA,2032-04-01,2032,-0.0017796449973680262
GOIANIA,2032-05-01,2032,-0.002161119285421056
GOIANIA,2032-06-01,2032,-0.002237795792958309
GOIANIA,2032-07-01,2032,-0.0022729267279240663
GOIANIA,2032-08-01,2032,-0.0022703343743914993
GOIANIA,2032-09-01,2032,-0.002504266458580482
GOIANIA,2032-10-01,2032,-0.0026179452106638037
GOIANIA,2032-11-01,2032,-0.0026128252355943284
GOIANIA,2032-12-01,2032,-0.0026457527576917517
GOIANIA,2033-01-01,2033,-0.0028929110730021323
GOIANIA,2033-02-01,2033,-0.00306244173333717
GOIANIA,2033-03-01,2033,-0.003072671567470734
GOIANIA,2033-04-01,2033,-0.002900995697158675
GOIANIA,2033-05-01,2033,-0.0029452425142239913
GOIANIA,2033-06-01,2033,-0.003106415165740474
GOIANIA,2033-07-01,2033,-0.0031079680951980626
GOIANIA,2033-08-01,2033,-0.003183661832935909
GOIANIA,2033-09-01,2033,-0.0028935843132281234
GOIANIA,2033-10-01,2033,-0.002713388550585517
GOIANIA,2033-11-01,2033,-0.0024549167684623095
GOIANIA,2033-12-01,2033,-0.0023318492494813115
GOIANIA,2034-01-01,2034,-0.002506563538740807
GOIANIA,2034-02-01,2034,-0.0026739442017234094
GOIANIA,2034-03-01,2034,-0.0028207304060377182
GOIANIA,2034-04-01,2034,-0.0028410014288265716
GOIANIA,2034-05-01,2034,-0.002941999964981233
GOIANIA,2034-06-01,2034,-0.002761651539634732
GOIANIA,2034-07-01,2034,-0.0030359597412612203
GOIANIA,2034-08-01,2034,-0.0031147353732112457
GOIANIA,2034-09-01,2034,-0.0029890478747515038
GOIANIA,2034-10-01,2034,-0.0024348534115176167
GOIANIA,2034-11-01,2034,-0.002257229821776502
GOIANIA,2034-12-01,2034,-0.0021011117521146684
GOIANIA,2035-01-01,2035,-0.0018861789869854938
GOIANIA,2035-02-01,2035,-0.001970206446861962
GOIANIA,2035-03-01,2035,-0.0020680531416457483
GOIANIA,2035-04-01,2035,-0.0021140764040654824
GOIANIA,2035-05-01,2035,-0.0019314909327174824
GOIANIA,2035-06-01,2035,-0.001914262371885218
GOIANIA,2035-07-01,2035,-0.0018123232125373267
GOIANIA,2035-08-01,2035,-0.0019044703355551795
GOIANIA,2035-09-01,2035,-0.0017277485535594661
GOIANIA,2035-10-01,2035,-0.001762385991155825
GOIANIA,2035-11-01,2035,-0.0018930495925430601
GOIANIA,2035-12-01,2035,-0.001694550442741185
GOIANIA,2036-01-01,2036,-0.001461086090004201
GOIANIA,2036-02-01,2036,-0.001428689333443951
GOIANIA,2036-03-01,2036,-0.0014313751601000412
GOIANIA,2036-04-01,2036,-0.0014143526533110218
GOIANIA,2036-05-01,2036,-0.0013139216673616737
GOIANIA,2036-06-01,2036,-0.0012428760713137565
GOIANIA,2036-07-01,2036,-0.0012804450992437244
GOIANIA,2036-08-01,2036,-0.0012434217640813938
GOIANIA,2036-09-01,2036,-0.0009446340774291273
GOIANIA,2036-10-01,2036,-0.0008147852338737039
GOIANIA,2036-11-01,2036,-0.0007383840131165531
GOIANIA,2036-12-01,2036,-0.0008089036033714914
GOIANIA,2037-01-01,2037,-0.0007783626569826341
GOIANIA,2037-02-01,2037,-0.000694101946758603
GOIANIA,2037-03-01,2037,-0.000622723291402385
GOIANIA,2037-04-01,2037,-0.0005097964794659171
GOIANIA,2037-05-01,2037,-0.00048670171612134384
GOIANIA,2037-06-01,2037,-0.00016593758773537638
GOIANIA,2037-07-01,2037,-0.0003748316668996932
GOIANIA,2037-08-01,2037,-0.0004899584590797079
GOIANIA,2037-09-01,2037,-0.0008536757432260078
GOIANIA,2037-10-01,2037,-0.0009486154971287974
GOIANIA,2037-11-01,2037,-0.0009470252044827477
GOIANIA,2037-12-01,2037,-0.0008176704226029585
GOIANIA,2038-01-01,2038,-0.00079549422636367
GOIANIA,2038-02-01,2038,-0.0006386036350203195
GOIANIA,2038-03-01,2038,-0.000549640259763875
GOIANIA,2038-04-01,2038,-0.0005250150940133592
GOIANIA,2038-05-01,2038,-0.0005367510133393505
GOIANIA,2038-06-01,2038,-0.00033180808293315265
GOIANIA,2038-07-01,2038,0.0001443835819978656
GOIANIA,2038-08-01,2038,0.00020285907606732435
GOIANIA,2038-09-01,2038,0.0006391837637535836
GOIANIA,2038-10-01,2038,0.001023602581361377
GOIANIA,2038-11-01,2038,0.001410651084627972
GOIANIA,2038-12-01,2038,0.0013594733833338468
GOIANIA,2039-01-01,2039,0.0014564832205552335
GOIANIA,2039-02-01,2039,0.0016691313707539635
GOIANIA,2039-03-01,2039,0.0019700489422808877
GOIANIA,2039-04-01,2039,0.002254088937694073
GOIANIA,2039-05-01,2039,0.002450477867861589
GOIANIA,2039-06-01,2039,0.002656901443243288
GOIANIA,2039-07-01,2039,0.002714839645602637
GOIANIA,2039-08-01,2039,0.0028544378985412354
GOIANIA,2039-09-01,2039,0.002757206633279885
GOIANIA,2039-10-01,2039,0.002611967663966295
GOIANIA,2039-11-01,2039,0.002762555645046627
GOIANIA,2039-12-01,2039,0.003015336872392682
JOAO PESSOA,2010-01-01,2010,0.0
JOAO PESSOA,2010-02-01,2010,0.0
JOAO PESSOA,2010-03-01,2010,0.0
JOAO PESSOA,2010-04-01,2010,-7.80594635962617e-05
JOAO PESSOA,2010-05-01,2010,-4.555705751115746e-05
JOAO PESSOA,2010-06-01,2010,-0.00022358233709205978
JOAO PESSOA,2010-07-01,2010,-0.000270552191391189
JOAO PESSOA,2010-08-01,2010,-0.0005662428232061068
JOAO PESSOA,2010-09-01,2010,-0.0007727750826302893
JOAO PESSOA,2010-10-01,2010,-0.0009076583447587816
JOAO PESSOA,2010-11-01,2010,-0.0009934018214248109
JOAO PESSOA,2010-12-01,2010,-0.0011083150498678717
JOAO PESSOA,2011-01-01,2011,-0.0011687323409599825
JOAO PESSOA,2011-02-01,2011,-0.0013852950451644773
JOAO PESSOA,2011-03-01,2011,-0.0014290415222088604
JOAO PESSOA,2011-04-01,2011,-0.0014170738784402591
JOAO PESSOA,2011-05-01,2011,-0.0012502420303002638
JOAO PESSOA,2011-06-01,2011,-0.0012730638825435014
JOAO PESSOA,2011-07-01,2011,-0.0010239075071108994
JOAO PESSOA,2011-08-01,2011,-0.0008573182460428674
JOAO PESSOA,2011-09-01,2011,-0.0007729091423658252
JOAO PESSOA,2011-10-01,2011,-0.0008123988681569505
JOAO PESSOA,2011-11-01,2011,-0.0009402485251563708
JOAO PESSOA,2011-12-01,2011,-0.0008537147746061258
JOAO PESSOA,2012-01-01,2012,-0.0007528848626210727
JOAO PESSOA,2012-02-01,2012,-0.000685856885910362
JOAO PESSOA,2012-03-01,2012,-0.0006948554609290413
JOAO PESSOA,2012-04-01,2012,-0.0007643276080313854
JOAO PESSOA,2012-05-01,2012,-0.0008158957003009825
JOAO PESSOA,2012-06-01,2012,-0.0008197037103484595
JOAO PESSOA,2012-07-01,2012,-0.0007070369899633178
JOAO PESSOA,2012-08-01,2012,-0.0007370846247414298
JOAO PESSOA,2012-09-01,2012,-0.0007527392110564401
JOAO PESSOA,2012-10-01,2012,-0.000617665310604707
JOAO PESSOA,2012-11-01,2012,-0.0004768501013623383
JOAO PESSOA,2012-12-01,2012,-0.0004602265618920931
JOAO PESSOA,2013-01-01,2013,-0.00014421866644775627
JOAO PESSOA,2013-02-01,2013,-8.993393745069244e-06
JOAO PESSOA,2013-03-01,2013,1.724726437790425e-05
JOAO PESSOA,2013-04-01,2013,-0.00018176061587427795
JOAO PESSOA,2013-05-01,2013,-0.0001887114183439609
JOAO PESSOA,2013-06-01,2013,4.242071464976016e-05
JOAO PESSOA,2013-07-01,2013,0.00035127312380374144
JOAO PESSOA,2013-08-01,2013,0.00047331789746182904
JOAO PESSOA,2013-09-01,2013,0.0006187337027393324
JOAO PESSOA,2013-10-01,2013,0.0006524211879471275
JOAO PESSOA,2013-11-01,2013,0.0007400966491850536
JOAO PESSOA,2013-12-01,2013,0.0006351001640071719
JOAO PESSOA,2014-01-01,2014,0.0005945571761172719
JOAO PESSOA,2014-02-01,2014,0.0005105878264746266
JOAO PESSOA,2014-03-01,2014,0.0008268178212804555
JOAO PESSOA,2014-04-01,2014,0.0007843776563055349
JOAO PESSOA,2014-05-01,2014,0.0008544790280051817
JOAO PESSOA,2014-06-01,2014,0.0008759275051036508
JOAO PESSOA,2014-07-01,2014,0.0008558426901295957
JOAO PESSOA,2014-08-01,2014,0.000920252419020291
JOAO PESSOA,2014-09-01,2014,0.0008094038757285648
JOAO PESSOA,2014-10-01,2014,0.0009797639958908234
JOAO PESSOA,2014-11-01,2014,0.0010324066261928034
JOAO PESSOA,2014-12-01,2014,0.0011275684116223029
JOAO PESSOA,2015-01-01,2015,0.0011679120228607676
JOAO PESSOA,2015-02-01,2015,0.0015066657399739425
JOAO PESSOA,2015-03-01,2015,0.0014942700614461112
JOAO PESSOA,2015-04-01,2015,0.001243638030027311
JOAO PESSOA,2015-05-01,2015,0.0015247929568768493
JOAO PESSOA,2015-06-01,2015,0.0015580141578548168
JOAO PESSOA,2015-07-01,2015,0.002058290951952927
JOAO PESSOA,2015-08-01,2015,0.0023393735652225346
JOAO PESSOA,2015-09-01,2015,0.00217512915143511
JOAO PESSOA,2015-10-01,2015,0.0015083606691432116
JOAO PESSOA,2015-11-01,2015,0.002029124128838268
JOAO PESSOA,2015-12-01,2015,0.0023068341875143806
JOAO PESSOA,2016-01-01,2016,0.0023822377220702727
JOAO PESSOA,2016-02-01,2016,0.002211269932750898
JOAO PESSOA,2016-03-01,2016,0.002023314689890117
JOAO PESSOA,2016-04-01,2016,0.0020293569861140593
JOAO PESSOA,2016-05-01,2016,0.0020931308031792305
JOAO PESSOA,2016-06-01,2016,0.002409469289765069
JOAO PESSOA,2016-07-01,2016,0.002347289262085669
JOAO PESSOA,2016-08-01,2016,0.00209693948279725
JOAO PESSOA,2016-09-01,2016,0.0019859735949965605
JOAO PESSOA,2016-10-01,2016,0.002741532297296758
JOAO PESSOA,2016-11-01,2016,0.002466186990009558
JOAO PESSOA,2016-12-01,2016,0.002457989478020075
JOAO PESSOA,2017-01-01,2017,0.0024695240384288953
JOAO PESSOA,2017-02-01,2017,0.0024007011330949113
JOAO PESSOA,2017-03-01,2017,0.002360653122629209
JOAO PESSOA,2017-04-01,2017,0.00254724286427499
JOAO PESSOA,2017-05-01,2017,0.0025340668524021313
JOAO PESSOA,2017-06-01,2017,0.002494221318430547
JOAO PESSOA,2017-07-01,2017,0.002468020724615195
JOAO PESSOA,2017-08-01,2017,0.002790606259887265
JOAO PESSOA,2017-09-01,2017,0.002910664578627256
JOAO PESSOA,2017-10-01,2017,0.00280297621468058
JOAO PESSOA,2017-11-01,2017,0.0027703457503850505
JOAO PESSOA,2017-12-01,2017,0.0029496246342035825
JOAO PESSOA,2018-01-01,2018,0.0022591482270234763
JOAO PESSOA,2018-02-01,2018,0.002034948646012014
JOAO PESSOA,2018-03-01,2018,0.0022875614470634987
JOAO PESSOA,2018-04-01,2018,0.0023619487253001103
JOAO PESSOA,2018-05-01,2018,0.002128350267736927
JOAO PESSOA,2018-06-01,2018,0.002237075422937882
JOAO PESSOA,2018-07-01,2018,0.002203000264212136
JOAO PESSOA,2018-08-01,2018,0.0023891536015128987
JOAO PESSOA,2018-09-01,2018,0.0019623251800177867
JOAO PESSOA,2018-10-01,2018,0.0009225156812343426
JOAO PESSOA,2018-11-01,2018,0.000977109914590968
JOAO PESSOA,2018-12-01,2018,0.0012327473750828755
JOAO PESSOA,2019-01-01,2019,0.001027503009293461
JOAO PESSOA,2019-02-01,2019,0.000882975811358373
JOAO PESSOA,2019-03-01,2019,0.000719593195079351
JOAO PESSOA,2019-04-01,2019,0.0009433885891611616
JOAO PESSOA,2019-05-01,2019,0.0010785828173998058
JOAO PESSOA,2019-06-01,2019,0.0011087118303463716
JOAO PESSOA,2019-07-01,2019,0.000740646917355876
JOAO PESSOA,2019-08-01,2019,0.0008298645507863433
JOAO PESSOA,2019-09-01,2019,0.0010131552766147844
JOAO PESSOA,2019-10-01,2019,0.000638257756724967
JOAO PESSOA,2019-11-01,2019,0.00014006993493933417
JOAO PESSOA,2019-12-01,2019,0.00034710054190019045
JOAO PESSOA,2020-01-01,2020,0.00037517522690387215
JOAO PESSOA,2020-02-01,2020,0.0004056914851538218
JOAO PESSOA,2020-03-01,2020,0.0002816330079669993
JOAO PESSOA,2020-04-01,2020,-0.0003802694660859907
JOAO PESSOA,2020-05-01,2020,-0.0008041557126861254
JOAO PESSOA,2020-06-01,2020,-0.0006462869132990678
JOAO PESSOA,2020-07-01,2020,-0.0004007163713857098
JOAO PESSOA,2020-08-01,2020,-0.00046051851641111253
JOAO PESSOA,2020-09-01,2020,-0.0008475121552242215
JOAO PESSOA,2020-10-01,2020,-0.0008487329083764161
JOAO PESSOA,2020-11-01,2020,-0.0010456526355020913
JOAO PESSOA,2020-12-01,2020,-0.0005188146852662334
JOAO PESSOA,2021-01-01,2021,-0.0006048582871943575
JOAO PESSOA,2021-02-01,2021,-0.0009728667032846616
JOAO PESSOA,2021-03-01,2021,-0.0013581551444724405
JOAO PESSOA,2021-04-01,2021,-0.0014573306614298698
JOAO PESSOA,2021-05-01,2021,-0.001121140733213698
JOAO PESSOA,2021-06-01,2021,-0.0008232772100274332
JOAO PESSOA,2021-07-01,2021,-0.00045888162420802735
JOAO PESSOA,2021-08-01,2021,-1.317044677860868e-05
JOAO PESSOA,2021-09-01,2021,5.776261146220096e-05
JOAO PESSOA,2021-10-01,2021,-0.00042973802913447547
JOAO PESSOA,2021-11-01,2021,-0.0006415387445770637
JOAO PESSOA,2021-12-01,2021,-0.00023148832217281145
JOAO PESSOA,2022-01-01,2022,-0.0002254101540600062
JOAO PESSOA,2022-02-01,2022,-0.0008278955694269486
JOAO PESSOA,2022-03-01,2022,-0.0003350714353861906
JOAO PESSOA,2022-04-01,2022,-0.00028228920288514317
JOAO PESSOA,2022-05-01,2022,-9.239396949730638e-05
JOAO PESSOA,2022-06-01,2022,-0.00023291186303879164
JOAO PESSOA,2022-07-01,2022,-0.000917139261915344
JOAO PESSOA,2022-08-01,2022,-0.0009034351422676046
JOAO PESSOA,2022-09-01,2022,-0.000655910612223709
JOAO PESSOA,2022-10-01,2022,-0.0008340529983646039
JOAO PESSOA,2022-11-01,2022,-0.0009753314662060697
JOAO PESSOA,2022-12-01,2022,-0.0012906749019045605
JOAO PESSOA,2023-01-01,2023,-0.0009576721452714165
JOAO PESSOA,2023-02-01,2023,-0.00025842129096681265
JOAO PESSOA,2023-03-01,2023,-0.00040479501530225616
JOAO PESSOA,2023-04-01,2023,-0.0005109890808809447
JOAO PESSOA,2023-05-01,2023,-0.0029028683831956938
JOAO PESSOA,2023-06-01,2023,-0.0033748476332118773
JOAO PESSOA,2023-07-01,2023,-0.00301377977240189
JOAO PESSOA,2023-08-01,2023,-0.0034635492235210764
JOAO PESSOA,2023-09-01,2023,-0.003918144247027287
JOAO PESSOA,2023-10-01,2023,-0.0037407355818670053
JOAO PESSOA,2023-11-01,2023,-0.003700716535971409
JOAO PESSOA,2023-12-01,2023,-0.0033862570931946665
JOAO PESSOA,2024-01-01,2024,-0.0027294435019759424
JOAO PESSOA,2024-02-01,2024,-0.00242002410368496
JOAO PESSOA,2024-03-01,2024,-0.0028227984641408977
JOAO PESSOA,2024-04-01,2024,-0.0027678826861015395
JOAO PESSOA,2024-05-01,2024,-0.002582245809031596
JOAO PESSOA,2024-06-01,2024,-0.0026292299750501325
JOAO PESSOA,2024-07-01,2024,-0.0021140681884300994
JOAO PESSOA,2024-08-01,2024,-0.0019268806473242406
JOAO PESSOA,2024-09-01,2024,-0.001629479705521002
JOAO PESSOA,2024-10-01,2024,-0.0018025934636498985
JOAO PESSOA,2024-11-01,2024,-0.001536620965983575
JOAO PESSOA,2024-12-01,2024,-0.001847032839678262
JOAO PESSOA,2025-01-01,2025,-0.0016646291906411003
JOAO PESSOA,2025-02-01,2025,-0.0015285196780807598
JOAO PESSOA,2025-03-01,2025,-0.0006444404895316357
JOAO PESSOA,2025-04-01,2025,-0.0008515553676459576
JOAO PESSOA,2025-05-01,2025,-0.0006008485307869537
JOAO PESSOA,2025-06-01,2025,-0.0004183639498393177
JOAO PESSOA,2025-07-01,2025,4.61605176348967e-05
JOAO PESSOA,2025-08-01,2025,-0.00015541881793849078
JOAO PESSOA,2025-09-01,2025,-0.0004532528309841344
JOAO PESSOA,2025-10-01,2025,-0.0009177500126608563
JOAO PESSOA,2025-11-01,2025,-0.0013706664594197826
JOAO PESSOA,2025-12-01,2025,-0.0010252124680933006
JOAO PESSOA,2026-01-01,2026,-0.0008379298774822419
JOAO PESSOA,2026-02-01,2026,-0.0008109484664781253
JOAO PESSOA,2026-03-01,2026,-0.0006023351607309157
JOAO PESSOA,2026-04-01,2026,0.0004652344767829775
JOAO PESSOA,2026-05-01,2026,0.0006740366401886877
JOAO PESSOA,2026-06-01,2026,0.0013531683290864693
JOAO PESSOA,2026-07-01,2026,0.0018255577148216617
JOAO PESSOA,2026-08-01,2026,0.0017154793515705613
JOAO PESSOA,2026-09-01,2026,0.002574730635736554
JOAO PESSOA,2026-10-01,2026,0.0020748262941281802
JOAO PESSOA,2026-11-01,2026,0.0018021376444825898
JOAO PESSOA,2026-12-01,2026,0.0012016243761117074
JOAO PESSOA,2027-01-01,2027,0.0007521077606735316
JOAO PESSOA,2027-02-01,2027,0.0010313057385858459
JOAO PESSOA,2027-03-01,2027,0.0012565708883022519
JOAO PESSOA,2027-04-01,2027,0.0008288382484998402
JOAO PESSOA,2027-05-01,2027,0.0003941692052901213
JOAO PESSOA,2027-06-01,2027,0.00038913172294892774
JOAO PESSOA,2027-07-01,2027,0.0008001199368943324
JOAO PESSOA,2027-08-01,2027,0.0006414614838576371
JOAO PESSOA,2027-09-01,2027,0.00034233000958625915
JOAO PESSOA,2027-10-01,2027,0.00035041338957707556
JOAO PESSOA,2027-11-01,2027,0.0003893133973400487
JOAO PESSOA,2027-12-01,2027,0.0008643808842036626
JOAO PESSOA,2028-01-01,2028,0.0011226263578493411
JOAO PESSOA,2028-02-01,2028,0.0013380629400094079
JOAO PESSOA,2028-03-01,2028,0.0016883954645216116
JOAO PESSOA,2028-04-01,2028,0.0018382886811263112
JOAO PESSOA,2028-05-01,2028,0.0018445006049989398
JOAO PESSOA,2028-06-01,2028,0.001777211759240247
JOAO PESSOA,2028-07-01,2028,0.001895438174294588
JOAO PESSOA,2028-08-01,2028,0.001417660362701495
JOAO PESSOA,2028-09-01,2028,0.002092418769016339
JOAO PESSOA,2028-10-01,2028,0.0024526239847092813
JOAO PESSOA,2028-11-01,2028,0.00201964770441599
JOAO PESSOA,2028-12-01,2028,0.002299539268464478
JOAO PESSOA,2029-01-01,2029,0.0016722337437559854
JOAO PESSOA,2029-02-01,2029,0.0017854395705567605
JOAO PESSOA,2029-03-01,2029,0.002102438034711964
JOAO PESSOA,2029-04-01,2029,0.0017501824449575908
JOAO PESSOA,2029-05-01,2029,0.0017060699126413082
JOAO PESSOA,2029-06-01,2029,0.0015646285147497563
JOAO PESSOA,2029-07-01,2029,0.0020852674748023745
JOAO PESSOA,2029-08-01,2029,0.0020943126940831747
JOAO PESSOA,2029-09-01,2029,0.0019290002267131356
JOAO PESSOA,2029-10-01,2029,0.0011405368472144795
JOAO PESSOA,2029-11-01,2029,0.0019793367196773094
JOAO PESSOA,2029-12-01,2029,0.0023924751308389103
JOAO PESSOA,2030-01-01,2030,0.001918724617239539
JOAO PESSOA,2030-02-01,2030,0.0015194737732983788
JOAO PESSOA,2030-03-01,2030,0.001582145359825946
JOAO PESSOA,2030-04-01,2030,0.002309347085721778
JOAO PESSOA,2030-05-01,2030,0.002630933429713558
JOAO PESSOA,2030-06-01,2030,0.0033192523565045064
JOAO PESSOA,2030-07-01,2030,0.0036315054842572638
JOAO PESSOA,2030-08-01,2030,0.0030933879006177743
JOAO PESSOA,2030-09-01,2030,0.003168017833450462
JOAO PESSOA,2030-10-01,2030,0.0035182969032807633
JOAO PESSOA,2030-11-01,2030,0.0045699826443537095
JOAO PESSOA,2030-12-01,2030,0.004428343544146395
JOAO PESSOA,2031-01-01,2031,0.004377071398367574
JOAO PESSOA,2031-02-01,2031,0.004544281767525106
JOAO PESSOA,2031-03-01,2031,0.004691364195553402
JOAO PESSOA,2031-04-01,2031,0.004378191359155156
JOAO PESSOA,2031-05-01,2031,0.004398025998812313
JOAO PESSOA,2031-06-01,2031,0.0041281541554526345
JOAO PESSOA,2031-07-01,2031,0.004561767108354461
JOAO PESSOA,2031-08-01,2031,0.004527647650723534
JOAO PESSOA,2031-09-01,2031,0.004217217673192878
JOAO PESSOA,2031-10-01,2031,0.004064398879807691
JOAO PESSOA,2031-11-01,2031,0.003682715964658232
JOAO PESSOA,2031-12-01,2031,0.003696392843147792
JOAO PESSOA,2032-01-01,2032,0.00400162819055318
JOAO PESSOA,2032-02-01,2032,0.0039033548450038034
JOAO PESSOA,2032-03-01,2032,0.00345160101981271
JOAO PESSOA,2032-04-01,2032,0.0024289616834561466
JOAO PESSOA,2032-05-01,2032,0.0029436961445590405
JOAO PESSOA,2032-06-01,2032,0.003282519558821194
JOAO PESSOA,2032-07-01,2032,0.0036509522580238075
JOAO PESSOA,2032-08-01,2032,0.0036434035336723692
JOAO PESSOA,2032-09-01,2032,0.003908863077015172
JOAO PESSOA,2032-10-01,2032,0.004296484296239681
JOAO PESSOA,2032-11-01,2032,0.004741037680474118
JOAO PESSOA,2032-12-01,2032,0.004529652234270939
JOAO PESSOA,2033-01-01,2033,0.0050771634046336426
JOAO PESSOA,2033-02-01,2033,0.005695944814089999
JOAO PESSOA,2033-03-01,2033,0.005422399157895391
JOAO PESSOA,2033-04-01,2033,0.005394082054728621
JOAO PESSOA,2033-05-01,2033,0.005692333040358108
JOAO PESSOA,2033-06-01,2033,0.005261933606737716
JOAO PESSOA,2033-07-01,2033,0.004845030759447949
JOAO PESSOA,2033-08-01,2033,0.0047568485469059885
JOAO PESSOA,2033-09-01,2033,0.004940395476534075
JOAO PESSOA,2033-10-01,2033,0.004793289701837522
JOAO PESSOA,2033-11-01,2033,0.00466270836818642
JOAO PESSOA,2033-12-01,2033,0.004389737611793981
JOAO PESSOA,2034-01-01,2034,0.0043870177002769874
JOAO PESSOA,2034-02-01,2034,0.004233685221429309
JOAO PESSOA,2034-03-01,2034,0.004232312992572976
JOAO PESSOA,2034-04-01,2034,0.004043742341352475
JOAO PESSOA,2034-05-01,2034,0.004099481610873063
JOAO PESSOA,2034-06-01,2034,0.004141475110013764
JOAO PESSOA,2034-07-01,2034,0.004150994340021279
JOAO PESSOA,2034-08-01,2034,0.003820621977948553
JOAO PESSOA,2034-09-01,2034,0.00391081627131204
JOAO PESSOA,2034-10-01,2034,0.003909033730094587
JOAO PESSOA,2034-11-01,2034,0.004024357628051728
JOAO PESSOA,2034-12-01,2034,0.003879776021287076
JOAO PESSOA,2035-01-01,2035,0.0037058088830129263
JOAO PESSOA,2035-02-01,2035,0.00360393504268552
JOAO PESSOA,2035-03-01,2035,0.0034404226522832437
JOAO PESSOA,2035-04-01,2035,0.0033690776170051196
JOAO PESSOA,2035-05-01,2035,0.0032027023466878325
JOAO PESSOA,2035-06-01,2035,0.0031223012398016612
JOAO PESSOA,2035-07-01,2035,0.0032257043041656673
JOAO PESSOA,2035-08-01,2035,0.0029831190939999842
JOAO PESSOA,2035-09-01,2035,0.002945009410199335
JOAO PESSOA,2035-10-01,2035,0.0025197842241337877
JOAO PESSOA,2035-11-01,2035,0.0021008186376671066
JOAO PESSOA,2035-12-01,2035,0.0023319069921610624
JOAO PESSOA,2036-01-01,2036,0.0024941915966524898
JOAO PESSOA,2036-02-01,2036,0.002481881251859003
JOAO PESSOA,2036-03-01,2036,0.0023475356874957908
JOAO PESSOA,2036-04-01,2036,0.0022238856602743383
JOAO PESSOA,2036-05-01,2036,0.0020148866919931486
JOAO PESSOA,2036-06-01,2036,0.002364273504818529
JOAO PESSOA,2036-07-01,2036,0.002271065870806358
JOAO PESSOA,2036-08-01,2036,0.002513874360906366
JOAO PESSOA,2036-09-01,2036,0.002691747354608125
JOAO PESSOA,2036-10-01,2036,0.0030678987677692448
JOAO PESSOA,2036-11-01,2036,0.0033398898245200082
JOAO PESSOA,2036-12-01,2036,0.002842547650735543
JOAO PESSOA,2037-01-01,2037,0.0029363120950826904
JOAO PESSOA,2037-02-01,2037,0.0033020725495869784
JOAO PESSOA,2037-03-01,2037,0.0029802516046305706
JOAO PESSOA,2037-04-01,2037,0.002988351158565985
JOAO PESSOA,2037-05-01,2037,0.0024768581481589345
JOAO PESSOA,2037-06-01,2037,0.0026084052395211887
JOAO PESSOA,2037-07-01,2037,0.002259837604400826
JOAO PESSOA,2037-08-01,2037,0.0022531685408399937
JOAO PESSOA,2037-09-01,2037,0.002236141512714095
JOAO PESSOA,2037-10-01,2037,0.002257982008609688
JOAO PESSOA,2037-11-01,2037,0.0023202133336628983
JOAO PESSOA,2037-12-01,2037,0.0027847150303748048
JOAO PESSOA,2038-01-01,2038,0.0026102767319806197
JOAO PESSOA,2038-02-01,2038,0.0022196330802176944
JOAO PESSOA,2038-03-01,2038,0.0022634952276835664
JOAO PESSOA,2038-04-01,2038,0.0019195057375016268
JOAO PESSOA,2038-05-01,2038,0.001907588118800968
JOAO PESSOA,2038-06-01,2038,0.0018386503563980717
JOAO PESSOA,2038-07-01,2038,0.0017466101250485666
JOAO PESSOA,2038-08-01,2038,0.0014909706713256265
JOAO PESSOA,2038-09-01,2038,0.0014596013947482357
JOAO PESSOA,2038-10-01,2038,0.0016879417538712882
JOAO PESSOA,2038-11-01,2038,0.0016563900461380743
JOAO PESSOA,2038-12-01,2038,0.0018169448070801297
JOAO PESSOA,2039-01-01,2039,0.0015298919110410892
JOAO PESSOA,2039-02-01,2039,0.0012805533110050993
JOAO PESSOA,2039-03-01,2039,0.001331344122329705
JOAO PESSOA,2039-04-01,2039,0.0013206742160495654
JOAO PESSOA,2039-05-01,2039,0.0013370408399303911
JOAO PESSOA,2039-06-01,2039,0.0011886058116067255
JOAO PESSOA,2039-07-01,2039,0.0008022567200206987
JOAO PESSOA,2039-08-01,2039,0.0008245831542083515
JOAO PESSOA,2039-09-01,2039,0.0007048321992879025
JOAO PESSOA,2039-10-01,2039,0.0005757539555135715
JOAO PESSOA,2039-11-01,2039,0.000774009437572235
JOAO PESSOA,2039-12-01,2039,0.0014034678930776533
MACAPA,2010-01-01,2010,0.0
MACAPA,2010-02-01,2010,0.0
MACAPA,2010-03-01,2010,0.0
MACAPA,2010-04-01,2010,-0.00010767559671005733
MACAPA,2010-05-01,2010,-0.0001206912252032355
MACAPA,2010-06-01,2010,-0.00029293603989737017
MACAPA,2010-07-01,2010,-0.0003439795783776689
MACAPA,2010-08-01,2010,-0.0003962363641861033
MACAPA,2010-09-01,2010,-0.00055624928226777
MACAPA,2010-10-01,2010,-0.0010683142959560165
MACAPA,2010-11-01,2010,-0.0015713581078913574
MACAPA,2010-12-01,2010,-0.0019212845518473598
MACAPA,2011-01-01,2011,-0.0023440961211636303
MACAPA,2011-02-01,2011,-0.0023263617888815103
MACAPA,2011-03-01,2011,-0.002449147956542155
MACAPA,2011-04-01,2011,-0.0024553973066449297
MACAPA,2011-05-01,2011,-0.002259601464788862
MACAPA,2011-06-01,2011,-0.002181601769354383
MACAPA,2011-07-01,2011,-0.001808162299590631
MACAPA,2011-08-01,2011,-0.0015953963809089066
MACAPA,2011-09-01,2011,-0.0013471578100720015
MACAPA,2011-10-01,2011,-0.0012032628638407915
MACAPA,2011-11-01,2011,-0.001152870144809146
MACAPA,2011-12-01,2011,-0.001034319089322191
MACAPA,2012-01-01,2012,-0.0009004687482098716
MACAPA,2012-02-01,2012,-0.0007955246449194742
MACAPA,2012-03-01,2012,-0.000577411934242057
MACAPA,2012-04-01,2012,-0.00041092254742705614
MACAPA,2012-05-01,2012,-3.726207791415304e-05
MACAPA,2012-06-01,2012,0.00028164061987550617
MACAPA,2012-07-01,2012,0.0004006835169756784
MACAPA,2012-08-01,2012,0.0005354953190847522
MACAPA,2012-09-01,2012,0.00069476889720818
MACAPA,2012-10-01,2012,0.0007752731104075239
MACAPA,2012-11-01,2012,0.0007626427288772331
MACAPA,2012-12-01,2012,0.0006677111248971579
MACAPA,2013-01-01,2013,0.0008112869812265
MACAPA,2013-02-01,2013,0.0011260481358024033
MACAPA,2013-03-01,2013,0.0013097438940940498
MACAPA,2013-04-01,2013,0.0014145833679588837
MACAPA,2013-05-01,2013,0.0015161576017521617
MACAPA,2013-06-01,2013,0.0017204339089343834
MACAPA,2013-07-01,2013,0.0015033860462810133
MACAPA,2013-08-01,2013,0.0010947445391642973
MACAPA,2013-09-01,2013,0.0009789120969133658
MACAPA,2013-10-01,2013,0.0007709721271448012
MACAPA,2013-11-01,2013,0.0009967184790015105
MACAPA,2013-12-01,2013,0.0010485112592088397
MACAPA,2014-01-01,2014,0.0012160478311253364
MACAPA,2014-02-01,2014,0.0012842083667328396
MACAPA,2014-03-01,2014,0.0013077699016196798
MACAPA,2014-04-01,2014,0.0014531386607409425
MACAPA,2014-05-01,2014,0.0014788471786025537
MACAPA,2014-06-01,2014,0.0015793109299624298
MACAPA,2014-07-01,2014,0.0017622823139913967
MACAPA,2014-08-01,2014,0.0020193055969269045
MACAPA,2014-09-01,2014,0.0019388222979695624
MACAPA,2014-10-01,2014,0.0020030002101237977
MACAPA,2014-11-01,2014,0.0020652895229919034
MACAPA,2014-12-01,2014,0.0021368250937807164
MACAPA,2015-01-01,2015,0.0023163511013486724
MACAPA,2015-02-01,2015,0.002327317058170415
MACAPA,2015-03-01,2015,0.00232697896829379
MACAPA,2015-04-01,2015,0.0024443209590037486
MACAPA,2015-05-01,2015,0.0024593452572024997
MACAPA,2015-06-01,2015,0.0023392549364706127
MACAPA,2015-07-01,2015,0.0025491123216143884
MACAPA,2015-08-01,2015,0.002626121368950933
MACAPA,2015-09-01,2015,0.0028343869856062077
MACAPA,2015-10-01,2015,0.0031090597895185035
MACAPA,2015-11-01,2015,0.003285933143627513
MACAPA,2015-12-01,2015,0.0033546190893681406
MACAPA,2016-01-01,2016,0.003233327226706991
MACAPA,2016-02-01,2016,0.003248024079418754
MACAPA,2016-03-01,2016,0.003343085352461387
MACAPA,2016-04-01,2016,0.0035089484386529378
MACAPA,2016-05-01,2016,0.003681934111094519
MACAPA,2016-06-01,2016,0.0038486537452355886
MACAPA,2016-07-01,2016,0.003915767331366749
MACAPA,2016-08-01,2016,0.003920032803127193
MACAPA,2016-09-01,2016,0.004010131133124847
MACAPA,2016-10-01,2016,0.004044161019787178
MACAPA,2016-11-01,2016,0.004124354024253248
MACAPA,2016-12-01,2016,0.004234728437917102
MACAPA,2017-01-01,2017,0.004194633530579158
MACAPA,2017-02-01,2017,0.004200657032550103
MACAPA,2017-03-01,2017,0.004314218985236329
MACAPA,2017-04-01,2017,0.004272754808014311
MACAPA,2017-05-01,2017,0.004344374105106241
MACAPA,2017-06-01,2017,0.004477543397090964
MACAPA,2017-07-01,2017,0.004458193211012908
MACAPA,2017-08-01,2017,0.004299132302386979
MACAPA,2017-09-01,2017,0.004074604130777525
MACAPA,2017-10-01,2017,0.0039968719804064036
MACAPA,2017-11-01,2017,0.003934548363803715
MACAPA,2017-12-01,2017,0.0040007404818193934
MACAPA,2018-01-01,2018,0.004216703235477972
MACAPA,2018-02-01,2018,0.004301851958946437
MACAPA,2018-03-01,2018,0.004353331371360858
MACAPA,2018-04-01,2018,0.004437884489523127
MACAPA,2018-05-01,2018,0.004481004504599246
MACAPA,2018-06-01,2018,0.004472359239042727
MACAPA,2018-07-01,2018,0.004615853513469785
MACAPA,2018-08-01,2018,0.004764131137724468
MACAPA,2018-09-01,2018,0.004712287325372978
MACAPA,2018-10-01,2018,0.004786089929248278
MACAPA,2018-11-01,2018,0.004775549724118909
MACAPA,2018-12-01,2018,0.004833865855280744
MACAPA,2019-01-01,2019,0.004776093140750219
MACAPA,2019-02-01,2019,0.004617305726130213
MACAPA,2019-03-01,2019,0.004473100448221821
MACAPA,2019-04-01,2019,0.004364886226694295
MACAPA,2019-05-01,2019,0.004240981816992883
MACAPA,2019-06-01,2019,0.004254350732478787
MACAPA,2019-07-01,2019,0.004157875258166366
MACAPA,2019-08-01,2019,0.0040783872572299805
MACAPA,2019-09-01,2019,0.0040162325785302625
MACAPA,2019-10-01,2019,0.003985992428215425
MACAPA,2019-11-01,2019,0.0039087423981583515
MACAPA,2019-12-01,2019,0.003988252354955903
MACAPA,2020-01-01,2020,0.004151295708152287
MACAPA,2020-02-01,2020,0.004063238844286229
MACAPA,2020-03-01,2020,0.004079945242075951
MACAPA,2020-04-01,2020,0.003989870658087316
MACAPA,2020-05-01,2020,0.003910283130933144
MACAPA,2020-06-01,2020,0.0038494471476790493
MACAPA,2020-07-01,2020,0.003858002574123981
MACAPA,2020-08-01,2020,0.003696328075941706
MACAPA,2020-09-01,2020,0.003607138056163476
MACAPA,2020-10-01,2020,0.003557385162535178
MACAPA,2020-11-01,2020,0.0035276011696151167
MACAPA,2020-12-01,2020,0.003474525593987988
MACAPA,2021-01-01,2021,0.0032896586968687025
MACAPA,2021-02-01,2021,0.003102327679070002
MACAPA,2021-03-01,2021,0.0030894698142004727
MACAPA,2021-04-01,2021,0.0030603772157132003
MACAPA,2021-05-01,2021,0.003259508574830947
MACAPA,2021-06-01,2021,0.003297536330854901
MACAPA,2021-07-01,2021,0.0032669057813792656
MACAPA,2021-08-01,2021,0.0030562631944839745
MACAPA,2021-09-01,2021,0.0029206901675511788
MACAPA,2021-10-01,2021,0.0027014811099636683
MACAPA,2021-11-01,2021,0.0025526715801121548
MACAPA,2021-12-01,2021,0.0025933433840725152
MACAPA,2022-01-01,2022,0.0025071869895724208
MACAPA,2022-02-01,2022,0.0023365422804652656
MACAPA,2022-03-01,2022,0.00215224021534136
MACAPA,2022-04-01,2022,0.0020046886680436726
MACAPA,2022-05-01,2022,0.0020842035657124836
MACAPA,2022-06-01,2022,0.00206616855275516
MACAPA,2022-07-01,2022,0.0022729764420763056
MACAPA,2022-08-01,2022,0.0024612088754646056
MACAPA,2022-09-01,2022,0.0024650460744397797
MACAPA,2022-10-01,2022,0.0025528998604726705
MACAPA,2022-11-01,2022,0.0026253801243898756
MACAPA,2022-12-01,2022,0.002254316662002671
MACAPA,2023-01-01,2023,0.0020417134905144794
MACAPA,2023-02-01,2023,0.002018183231538928
MACAPA,2023-03-01,2023,0.0018155073017713152
MACAPA,2023-04-01,2023,0.0017495606856744073
MACAPA,2023-05-01,2023,0.0016484141411925869
MACAPA,2023-06-01,2023,0.0014662486932614793
MACAPA,2023-07-01,2023,0.001620002120263122
MACAPA,2023-08-01,2023,0.0016771619283567662
MACAPA,2023-09-01,2023,0.0014148772305184443
MACAPA,2023-10-01,2023,0.0012532003129025083
MACAPA,2023-11-01,2023,0.001260103116422212
MACAPA,2023-12-01,2023,0.001199809306884826
MACAPA,2024-01-01,2024,0.0012049701152085357
MACAPA,2024-02-01,2024,0.001162543607842007
MACAPA,2024-03-01,2024,0.001261084932617641
MACAPA,2024-04-01,2024,0.001300529230031997
MACAPA,2024-05-01,2024,0.0012856930947573674
MACAPA,2024-06-01,2024,0.0011123111159188038
MACAPA,2024-07-01,2024,0.0010617095365645602
MACAPA,2024-08-01,2024,0.000951961404972933
MACAPA,2024-09-01,2024,0.0009222378826541189
MACAPA,2024-10-01,2024,0.0007922294787476924
MACAPA,2024-11-01,2024,0.0008254882248674789
MACAPA,2024-12-01,2024,0.0008484871266757088
MACAPA,2025-01-01,2025,0.0009014343777172406
MACAPA,2025-02-01,2025,0.0009510983703418685
MACAPA,2025-03-01,2025,0.0008710781899405528
MACAPA,2025-04-01,2025,0.0009417413135920238
MACAPA,2025-05-01,2025,0.0009069148322011478
MACAPA,2025-06-01,2025,0.0009455688772246785
MACAPA,2025-07-01,2025,0.0009644502841652258
MACAPA,2025-08-01,2025,0.0009285092604765421
MACAPA,2025-09-01,2025,0.0010987092702195854
MACAPA,2025-10-01,2025,0.0012841545848408065
MACAPA,2025-11-01,2025,0.0013709992241195635
MACAPA,2025-12-01,2025,0.0011829156525822282
MACAPA,2026-01-01,2026,0.0010412683479162589
MACAPA,2026-02-01,2026,0.0009454422309996358
MACAPA,2026-03-01,2026,0.0012704574680774295
MACAPA,2026-04-01,2026,0.0013979628227657182
MACAPA,2026-05-01,2026,0.001312496452826002
MACAPA,2026-06-01,2026,0.001066577432974357
MACAPA,2026-07-01,2026,0.0009244067433015979
MACAPA,2026-08-01,2026,0.0008885061975084874
MACAPA,2026-09-01,2026,0.0008559162928239772
MACAPA,2026-10-01,2026,0.0010070063565769793
MACAPA,2026-11-01,2026,0.0007174767526960501
MACAPA,2026-12-01,2026,0.000811775987721054
MACAPA,2027-01-01,2027,0.0008675713220503067
MACAPA,2027-02-01,2027,0.000837382747341131
MACAPA,2027-03-01,2027,0.0009226283588537965
MACAPA,2027-04-01,2027,0.0009845813913996492
MACAPA,2027-05-01,2027,0.0006041372356129227
MACAPA,2027-06-01,2027,0.0005085514067532248
MACAPA,2027-07-01,2027,0.0005609902949492862
MACAPA,2027-08-01,2027,0.00024108704020387673
MACAPA,2027-09-01,2027,-0.00020689405573892205
MACAPA,2027-10-01,2027,-0.00016549201571063098
MACAPA,2027-11-01,2027,-0.000394845905733211
MACAPA,2027-12-01,2027,-0.00047784720499020715
MACAPA,2028-01-01,2028,-5.4725893044608175e-05
MACAPA,2028-02-01,2028,4.492825164172376e-05
MACAPA,2028-03-01,2028,8.963877292468392e-05
MACAPA,2028-04-01,2028,-0.0002041654637728185
MACAPA,2028-05-01,2028,-0.00027077645514667623
MACAPA,2028-06-01,2028,-0.00015612657681949639
MACAPA,2028-07-01,2028,-9.369439952477409e-05
MACAPA,2028-08-01,2028,-0.000321000800371386
MACAPA,2028-09-01,2028,-0.0004125575891501443
MACAPA,2028-10-01,2028,2.428943071185019e-05
MACAPA,2028-11-01,2028,4.8207050594711866e-05
MACAPA,2028-12-01,2028,0.0002194380847769428
MACAPA,2029-01-01,2029,1.6054552220026165e-05
MACAPA,2029-02-01,2029,-1.1157128742406152e-05
MACAPA,2029-03-01,2029,2.016176059874253e-05
MACAPA,2029-04-01,2029,3.6391198225734774e-05
MACAPA,2029-05-01,2029,0.0003418292101571718
MACAPA,2029-06-01,2029,0.00040924242095052187
MACAPA,2029-07-01,2029,0.0005211530092869987
MACAPA,2029-08-01,2029,0.0007605545972323647
MACAPA,2029-09-01,2029,0.0007444375546892445
MACAPA,2029-10-01,2029,0.0004736686700773074
MACAPA,2029-11-01,2029,0.000644554360109747
MACAPA,2029-12-01,2029,0.0005329808919690437
MACAPA,2030-01-01,2030,0.00041429979460516186
MACAPA,2030-02-01,2030,0.0004421178720424157
MACAPA,2030-03-01,2030,0.0005052705737353913
MACAPA,2030-04-01,2030,0.0007827472136813151
MACAPA,2030-05-01,2030,0.0004983674419403694
MACAPA,2030-06-01,2030,0.0006036333113087644
MACAPA,2030-07-01,2030,0.0005479317614321167
MACAPA,2030-08-01,2030,0.0005822145210310481
MACAPA,2030-09-01,2030,0.0008007870039798292
MACAPA,2030-10-01,2030,0.0008746690316168259
MACAPA,2030-11-01,2030,0.0008293825488235451
MACAPA,2030-12-01,2030,0.0010085908407415078
MACAPA,2031-01-01,2031,0.0011113485394943035
MACAPA,2031-02-01,2031,0.0012093203614487401
MACAPA,2031-03-01,2031,0.0008412054619786102
MACAPA,2031-04-01,2031,0.0008232295143755442
MACAPA,2031-05-01,2031,0.0005753397062602539
MACAPA,2031-06-01,2031,0.0004737303896215184
MACAPA,2031-07-01,2031,0.0006627728272813327
MACAPA,2031-08-01,2031,0.0007248397329433254
MACAPA,2031-09-01,2031,0.0008695495345001136
MACAPA,2031-10-01,2031,0.0008028746546592391
MACAPA,2031-11-01,2031,0.0009045936556178725
MACAPA,2031-12-01,2031,0.0008884912164801107
MACAPA,2032-01-01,2032,0.001099255826637594
MACAPA,2032-02-01,2032,0.001040280435365769
MACAPA,2032-03-01,2032,0.0007774584910318638
MACAPA,2032-04-01,2032,0.000719706397590546
MACAPA,2032-05-01,2032,0.00026864672037794413
MACAPA,2032-06-01,2032,1.6515459347798966e-06
MACAPA,2032-07-01,2032,-0.0001651603221604392
MACAPA,2032-08-01,2032,-0.00046179655758762483
MACAPA,2032-09-01,2032,-0.00011684761846351699
MACAPA,2032-10-01,2032,-0.00022839105506020085
MACAPA,2032-11-01,2032,0.00011505754540169555
MACAPA,2032-12-01,2032,-6.762888781200905e-05
MACAPA,2033-01-01,2033,0.00028879216000149313
MACAPA,2033-02-01,2033,0.0003561330176521138
MACAPA,2033-03-01,2033,0.00043318739670750064
MACAPA,2033-04-01,2033,0.0003337654675840962
MACAPA,2033-05-01,2033,0.00034467720927987446
MACAPA,2033-06-01,2033,0.00031950355238118176
MACAPA,2033-07-01,2033,0.00034030988296132494
MACAPA,2033-08-01,2033,0.0001995476508591254
MACAPA,2033-09-01,2033,4.074311143556608e-05
MACAPA,2033-10-01,2033,-8.041539404715525e-05
MACAPA,2033-11-01,2033,-0.0002890284535854859
MACAPA,2033-12-01,2033,-0.0005402453113492678
MACAPA,2034-01-01,2034,-0.0006470542927236544
MACAPA,2034-02-01,2034,-0.0004897369262794981
MACAPA,2034-03-01,2034,-0.0004023833743694272
MACAPA,2034-04-01,2034,-0.00041486688190512267
MACAPA,2034-05-01,2034,-0.00038703368820944273
MACAPA,2034-06-01,2034,-0.0005041257098423757
MACAPA,2034-07-01,2034,-0.0006286899212285613
MACAPA,2034-08-01,2034,-0.0006939421496660692
MACAPA,2034-09-01,2034,-0.0008943046036851887
MACAPA,2034-10-01,2034,-0.0010477061865872728
MACAPA,2034-11-01,2034,-0.0013233242576459235
MACAPA,2034-12-01,2034,-0.0015528966750575236
MACAPA,2035-01-01,2035,-0.001823426762904411
MACAPA,2035-02-01,2035,-0.0020381843183972493
MACAPA,2035-03-01,2035,-0.002006811115289232
MACAPA,2035-04-01,2035,-0.0020912641116849926
MACAPA,2035-05-01,2035,-0.001969076046062109
MACAPA,2035-06-01,2035,-0.0020376746398549695
MACAPA,2035-07-01,2035,-0.00226872613228831
MACAPA,2035-08-01,2035,-0.0022356038740239726
MACAPA,2035-09-01,2035,-0.0019804850173662804
MACAPA,2035-10-01,2035,-0.0019283445427178592
MACAPA,2035-11-01,2035,-0.0019398194064667086
MACAPA,2035-12-01,2035,-0.001961435929712013
MACAPA,2036-01-01,2036,-0.002373646319595405
MACAPA,2036-02-01,2036,-0.002126260568702426
MACAPA,2036-03-01,2036,-0.0017785492811586013
MACAPA,2036-04-01,2036,-0.001770902162442215
MACAPA,2036-05-01,2036,-0.0017500275419907241
MACAPA,2036-06-01,2036,-0.0016459194758684347
MACAPA,2036-07-01,2036,-0.0015365131591300464
MACAPA,2036-08-01,2036,-0.0014604105626583896
MACAPA,2036-09-01,2036,-0.0013446821673683274
MACAPA,2036-10-01,2036,-0.0013365837480638243
MACAPA,2036-11-01,2036,-0.0013801955261815869
MACAPA,2036-12-01,2036,-0.001088865280751381
MACAPA,2037-01-01,2037,-0.0009254159897394543
MACAPA,2037-02-01,2037,-0.0008007216286421781
MACAPA,2037-03-01,2037,-0.0007127297146248246
MACAPA,2037-04-01,2037,-0.0005340589597488143
MACAPA,2037-05-01,2037,-0.0005487601986331725
MACAPA,2037-06-01,2037,-0.0005227493242434189
MACAPA,2037-07-01,2037,-0.0005230408343630611
MACAPA,2037-08-01,2037,-0.00043309844894301897
MACAPA,2037-09-01,2037,-0.0002929315152601886
MACAPA,2037-10-01,2037,-9.203946697782462e-05
MACAPA,2037-11-01,2037,-0.00015343982830630986
MACAPA,2037-12-01,2037,-0.0001732782590516546
MACAPA,2038-01-01,2038,-0.0004391151061672971
MACAPA,2038-02-01,2038,-0.0005340264375984283
MACAPA,2038-03-01,2038,-0.000540424014877694
MACAPA,2038-04-01,2038,-0.0005991966330874532
MACAPA,2038-05-01,2038,-0.0006861692169338651
MACAPA,2038-06-01,2038,-0.0009206296913770429
MACAPA,2038-07-01,2038,-0.0010888796929132537
MACAPA,2038-08-01,2038,-0.0010322088693898912
MACAPA,2038-09-01,2038,-0.0010518143003217751
MACAPA,2038-10-01,2038,-0.0010832770602621966
MACAPA,2038-11-01,2038,-0.0012851028131348264
MACAPA,2038-12-01,2038,-0.001295694280721239
MACAPA,2039-01-01,2039,-0.0012775336610959098
MACAPA,2039-02-01,2039,-0.0014048297730967607
MACAPA,2039-03-01,2039,-0.0013047675848207728
MACAPA,2039-04-01,2039,-0.0015317645506621302
MACAPA,2039-05-01,2039,-0.001673333661042763
MACAPA,2039-06-01,2039,-0.0017506413534963206
MACAPA,2039-07-01,2039,-0.0018794397878186086
MACAPA,2039-08-01,2039,-0.002045658494881499
MACAPA,2039-09-01,2039,-0.001948758336569425
MACAPA,2039-10-01,2039,-0.001865334612579903
MACAPA,2039-11-01,2039,-0.0018447764624161523
MACAPA,2039-12-01,2039,-0.0019217601437627784
MACEIO,2010-01-01,2010,0.0
MACEIO,2010-02-01,2010,0.0
MACEIO,2010-03-01,2010,0.0
MACEIO,2010-04-01,2010,-0.00010263728519571691
MACEIO,2010-05-01,2010,-0.00017078530831049488
MACEIO,2010-06-01,2010,-0.00021570383536496983
MACEIO,2010-07-01,2010,-0.0003732608711265062
MACEIO,2010-08-01,2010,-0.0004737613794099904
MACEIO,2010-09-01,2010,-0.0006183120933129748
MACEIO,2010-10-01,2010,-0.00045538485678725207
MACEIO,2010-11-01,2010,-0.00047834704702464536
MACEIO,2010-12-01,2010,-0.0004947533227360468
MACEIO,2011-01-01,2011,-0.000884586754423844
MACEIO,2011-02-01,2011,-0.001010403806065824
MACEIO,2011-03-01,2011,-0.0010216570471131914
MACEIO,2011-04-01,2011,-0.0012740870638840419
MACEIO,2011-05-01,2011,-0.0014327521402155451
MACEIO,2011-06-01,2011,-0.0013290355193365088
MACEIO,2011-07-01,2011,-0.0011925952348482128
MACEIO,2011-08-01,2011,-0.0012274391928662432
MACEIO,2011-09-01,2011,-0.0011252039103807232
MACEIO,2011-10-01,2011,-0.0011569636967344687
MACEIO,2011-11-01,2011,-0.001157568475468924
MACEIO,2011-12-01,2011,-0.0011203096657154232
MACEIO,2012-01-01,2012,-0.0011471821934532012
MACEIO,2012-02-01,2012,-0.0011854218849483421
MACEIO,2012-03-01,2012,-0.0012730639657429555
MACEIO,2012-04-01,2012,-0.0012670952271221813
MACEIO,2012-05-01,2012,-0.0011742146778065555
MACEIO,2012-06-01,2012,-0.0013079945990440768
MACEIO,2012-07-01,2012,-0.0012759832063943466
MACEIO,2012-08-01,2012,-0.001192023579534397
MACEIO,2012-09-01,2012,-0.0010815378523075525
MACEIO,2012-10-01,2012,-0.0011856747494378727
MACEIO,2012-11-01,2012,-0.0012543779663742572
MACEIO,2012-12-01,2012,-0.0011957695962373394
MACEIO,2013-01-01,2013,-0.001131204322981283
MACEIO,2013-02-01,2013,-0.0012127154342904533
MACEIO,2013-03-01,2013,-0.0011168986247751323
MACEIO,2013-04-01,2013,-0.0012243192043894758
MACEIO,2013-05-01,2013,-0.0011513523287626482
MACEIO,2013-06-01,2013,-0.001236703127864759
MACEIO,2013-07-01,2013,-0.0013529427539934024
MACEIO,2013-08-01,2013,-0.001337699819384811
MACEIO,2013-09-01,2013,-0.0014014358543804528
MACEIO,2013-10-01,2013,-0.0014359760259169297
MACEIO,2013-11-01,2013,-0.0015296552652666118
MACEIO,2013-12-01,2013,-0.0014394521495530233
MACEIO,2014-01-01,2014,-0.0013452866616284764
MACEIO,2014-02-01,2014,-0.0013659258100611603
MACEIO,2014-03-01,2014,-0.0014668735053320447
MACEIO,2014-04-01,2014,-0.0013830228788733133
MACEIO,2014-05-01,2014,-0.001113780898978125
MACEIO,2014-06-01,2014,-0.0011851304069899692
MACEIO,2014-07-01,2014,-0.0010511953534016994
MACEIO,2014-08-01,2014,-0.0010522750969918437
MACEIO,2014-09-01,2014,-0.0011088592629295369
MACEIO,2014-10-01,2014,-0.001197495079992913
MACEIO,2014-11-01,2014,-0.0013268329868544504
MACEIO,2014-12-01,2014,-0.0014274261257380448
MACEIO,2015-01-01,2015,-0.001361000938187744
MACEIO,2015-02-01,2015,-0.0013521005616108027
MACEIO,2015-03-01,2015,-0.0012995916573669962
MACEIO,2015-04-01,2015,-0.0012638507160140611
MACEIO,2015-05-01,2015,-0.0011532725799305765
MACEIO,2015-06-01,2015,-0.0011171544345166984
MACEIO,2015-07-01,2015,-0.001272083225292414
MACEIO,2015-08-01,2015,-0.0018954602405586885
MACEIO,2015-09-01,2015,-0.0019004123413536122
MACEIO,2015-10-01,2015,-0.001895362606164046
MACEIO,2015-11-01,2015,-0.0019886299810273358
MACEIO,2015-12-01,2015,-0.0019532001641767716
MACEIO,2016-01-01,2016,-0.001959678112480032
MACEIO,2016-02-01,2016,-0.001966392161040581
MACEIO,2016-03-01,2016,-0.002119865424015843
MACEIO,2016-04-01,2016,-0.002192157600486223
MACEIO,2016-05-01,2016,-0.0022706784620479693
MACEIO,2016-06-01,2016,-0.002267668563842691
MACEIO,2016-07-01,2016,-0.0022226412219490434
MACEIO,2016-08-01,2016,-0.002119761027435746
MACEIO,2016-09-01,2016,-0.0021579855384576117
MACEIO,2016-10-01,2016,-0.0020336482529465017
MACEIO,2016-11-01,2016,-0.002062802960373311
MACEIO,2016-12-01,2016,-0.0020817149577731318
MACEIO,2017-01-01,2017,-0.0021078154147324236
MACEIO,2017-02-01,2017,-0.0021694291525044904
MACEIO,2017-03-01,2017,-0.0021796245086851017
MACEIO,2017-04-01,2017,-0.002191640361801197
MACEIO,2017-05-01,2017,-0.0022747150987908016
MACEIO,2017-06-01,2017,-0.002257842528844579
MACEIO,2017-07-01,2017,-0.0022053888762638175
MACEIO,2017-08-01,2017,-0.0023433134906175167
MACEIO,2017-09-01,2017,-0.0022608543675741322
MACEIO,2017-10-01,2017,-0.0023669667238762158
MACEIO,2017-11-01,2017,-0.00234495084350158
MACEIO,2017-12-01,2017,-0.0022730764717200625
MACEIO,2018-01-01,2018,-0.0023604453744400376
MACEIO,2018-02-01,2018,-0.002453505096830534
MACEIO,2018-03-01,2018,-0.002453327386608842
MACEIO,2018-04-01,2018,-0.002347073296437021
MACEIO,2018-05-01,2018,-0.0022959286910248524
MACEIO,2018-06-01,2018,-0.0021976309860120146
MACEIO,2018-07-01,2018,-0.0021802366004906428
MACEIO,2018-08-01,2018,-0.0021760439417212586
MACEIO,2018-09-01,2018,-0.0020972600934814644
MACEIO,2018-10-01,2018,-0.00207412805783176
MACEIO,2018-11-01,2018,-0.002215396021475112
MACEIO,2018-12-01,2018,-0.002315111044859669
MACEIO,2019-01-01,2019,-0.0022569084561555697
MACEIO,2019-02-01,2019,-0.0023415946741468375
MACEIO,2019-03-01,2019,-0.0022839764365976656
MACEIO,2019-04-01,2019,-0.0022673121187813203
MACEIO,2019-05-01,2019,-0.0021322928797480956
MACEIO,2019-06-01,2019,-0.0017825007586008957
MACEIO,2019-07-01,2019,-0.001684211772517853
MACEIO,2019-08-01,2019,-0.0013922229777097728
MACEIO,2019-09-01,2019,-0.0012355587384333577
MACEIO,2019-10-01,2019,-0.0012153049028644823
MACEIO,2019-11-01,2019,-0.0010611942956877552
MACEIO,2019-12-01,2019,-0.001124495062952775
MACEIO,2020-01-01,2020,-0.0011479558760055953
MACEIO,2020-02-01,2020,-0.0011436005766040469
MACEIO,2020-03-01,2020,-0.0010262436403298658
MACEIO,2020-04-01,2020,-0.0010748141174553904
MACEIO,2020-05-01,2020,-0.0006941189561400407
MACEIO,2020-06-01,2020,-0.0006118960365193649
MACEIO,2020-07-01,2020,-0.0005023549557386875
MACEIO,2020-08-01,2020,-0.0003346498355737204
MACEIO,2020-09-01,2020,-0.0002565111357224892
MACEIO,2020-10-01,2020,-0.00027702671681179345
MACEIO,2020-11-01,2020,-3.1979514116260435e-05
MACEIO,2020-12-01,2020,-2.721871603229453e-05
MACEIO,2021-01-01,2021,7.779780310592344e-05
MACEIO,2021-02-01,2021,7.509956966073816e-05
MACEIO,2021-03-01,2021,8.041922419667947e-05
MACEIO,2021-04-01,2021,-4.0144936052031175e-05
MACEIO,2021-05-01,2021,-0.00011161150619130145
MACEIO,2021-06-01,2021,-7.69486331818614e-05
MACEIO,2021-07-01,2021,-4.1823049767050204e-05
MACEIO,2021-08-01,2021,0.0001078866506809284
MACEIO,2021-09-01,2021,4.540146263684597e-05
MACEIO,2021-10-01,2021,-0.00010564382079322532
MACEIO,2021-11-01,2021,-0.0001764186918707311
MACEIO,2021-12-01,2021,-0.0001764117234817497
MACEIO,2022-01-01,2022,-0.0003696862257073552
MACEIO,2022-02-01,2022,-0.0006785533031386093
MACEIO,2022-03-01,2022,-0.000821562318566258
MACEIO,2022-04-01,2022,-0.0009457562850350209
MACEIO,2022-05-01,2022,-0.0013492917169704278
MACEIO,2022-06-01,2022,-0.001245425103753406
MACEIO,2022-07-01,2022,-0.0014635479608640623
MACEIO,2022-08-01,2022,-0.001705078741770044
MACEIO,2022-09-01,2022,-0.0017065234233048033
MACEIO,2022-10-01,2022,-0.0015932214284320634
MACEIO,2022-11-01,2022,-0.0015679712015578395
MACEIO,2022-12-01,2022,-0.0009725955681057785
MACEIO,2023-01-01,2023,-0.000984107849367909
MACEIO,2023-02-01,2023,-0.0009317814102314547
MACEIO,2023-03-01,2023,-0.0007500357976441674
MACEIO,2023-04-01,2023,-0.0005182333927649263
MACEIO,2023-05-01,2023,-0.0004124655815072842
MACEIO,2023-06-01,2023,-0.00020382790196571965
MACEIO,2023-07-01,2023,-0.00042320496153195
MACEIO,2023-08-01,2023,-0.00045887431640401655
MACEIO,2023-09-01,2023,0.0003348004319311859
MACEIO,2023-10-01,2023,0.00025210791900642793
MACEIO,2023-11-01,2023,0.00034309743721685603
MACEIO,2023-12-01,2023,0.00032043503967343456
MACEIO,2024-01-01,2024,0.00023622856775351475
MACEIO,2024-02-01,2024,0.0004179102130702128
MACEIO,2024-03-01,2024,0.0001908551912027323
MACEIO,2024-04-01,2024,0.0004873997077206549
MACEIO,2024-05-01,2024,0.0005102286401164124
MACEIO,2024-06-01,2024,-9.600550834384824e-05
MACEIO,2024-07-01,2024,-0.0006791878295233955
MACEIO,2024-08-01,2024,-0.0005767527198028665
MACEIO,2024-09-01,2024,-0.0007862605754482122
MACEIO,2024-10-01,2024,-0.0008501735401716327
MACEIO,2024-11-01,2024,-0.0007890098807960811
MACEIO,2024-12-01,2024,-0.001057281384562473
MACEIO,2025-01-01,2025,-0.0011515447706621584
MACEIO,2025-02-01,2025,-0.000992584198834955
MACEIO,2025-03-01,2025,-0.0008680888145093746
MACEIO,2025-04-01,2025,-0.0009720363394095688
MACEIO,2025-05-01,2025,-0.0010236472625458604
MACEIO,2025-06-01,2025,-0.0010772718883511401
MACEIO,2025-07-01,2025,-0.0010602529549203132
MACEIO,2025-08-01,2025,-0.0012148301337763946
MACEIO,2025-09-01,2025,-0.0011202057554887735
MACEIO,2025-10-01,2025,-0.0007240700318133597
MACEIO,2025-11-01,2025,-0.00045166727799122785
MACEIO,2025-12-01,2025,-0.000410243692311012
MACEIO,2026-01-01,2026,-0.0003994538425710581
MACEIO,2026-02-01,2026,-0.0005905078381920403
MACEIO,2026-03-01,2026,-0.0007933941684453205
MACEIO,2026-04-01,2026,-0.001364296509583227
MACEIO,2026-05-01,2026,-0.0020133662167680245
MACEIO,2026-06-01,2026,-0.0020073535914512243
MACEIO,2026-07-01,2026,-0.0016497668285535205
MACEIO,2026-08-01,2026,-0.001526613145008171
MACEIO,2026-09-01,2026,-0.0014234224947543561
MACEIO,2026-10-01,2026,-0.001640139882495325
MACEIO,2026-11-01,2026,-0.0015880876951648603
MACEIO,2026-12-01,2026,-0.0015465994100039748
MACEIO,2027-01-01,2027,-0.0015034013126748313
MACEIO,2027-02-01,2027,-0.001520257582242398
MACEIO,2027-03-01,2027,-0.0012922899842494884
MACEIO,2027-04-01,2027,-0.0010894235781802163
MACEIO,2027-05-01,2027,-0.0009312106093454398
MACEIO,2027-06-01,2027,-0.00035834258314323963
MACEIO,2027-07-01,2027,-0.0003881523388917951
MACEIO,2027-08-01,2027,-0.0003202031551343132
MACEIO,2027-09-01,2027,-0.0003932836243598181
MACEIO,2027-10-01,2027,-0.00029743271898928004
MACEIO,2027-11-01,2027,-0.0003210935667884862
MACEIO,2027-12-01,2027,-0.00035871672915777195
MACEIO,2028-01-01,2028,-0.0003079306541324767
MACEIO,2028-02-01,2028,-0.0005765314115871889
MACEIO,2028-03-01,2028,-0.0005167431286079638
MACEIO,2028-04-01,2028,-0.00048269962502967
MACEIO,2028-05-01,2028,-2.1491263867315925e-05
MACEIO,2028-06-01,2028,-6.140369876119212e-05
MACEIO,2028-07-01,2028,-8.386612938882432e-05
MACEIO,2028-08-01,2028,2.1500785513174357e-05
MACEIO,2028-09-01,2028,0.0005720028767603458
MACEIO,2028-10-01,2028,0.0004794370914782409
MACEIO,2028-11-01,2028,0.000403878021822649
MACEIO,2028-12-01,2028,0.00047007983591404234
MACEIO,2029-01-01,2029,0.0003630816404021475
MACEIO,2029-02-01,2029,0.0005505540229323803
MACEIO,2029-03-01,2029,0.00046459842143059315
MACEIO,2029-04-01,2029,0.00048212927712119603
MACEIO,2029-05-01,2029,0.000662737967893684
MACEIO,2029-06-01,2029,0.0005905582795305297
MACEIO,2029-07-01,2029,0.0008390761523675472
MACEIO,2029-08-01,2029,0.0009795565826468333
MACEIO,2029-09-01,2029,0.000980462352268775
MACEIO,2029-10-01,2029,0.0010805607963477182
MACEIO,2029-11-01,2029,0.0008951823177560025
MACEIO,2029-12-01,2029,0.0008307863375251546
MACEIO,2030-01-01,2030,0.0007489009388747648
MACEIO,2030-02-01,2030,0.0014467555136924504
MACEIO,2030-03-01,2030,0.0019258353260355832
MACEIO,2030-04-01,2030,0.0017292485593701945
MACEIO,2030-05-01,2030,0.0017928652521655131
MACEIO,2030-06-01,2030,0.0019878797200156917
MACEIO,2030-07-01,2030,0.0019635037356627726
MACEIO,2030-08-01,2030,0.0020105097344403243
MACEIO,2030-09-01,2030,0.001911684688890828
MACEIO,2030-10-01,2030,0.0020623608904763156
MACEIO,2030-11-01,2030,0.002299109264242516
MACEIO,2030-12-01,2030,0.002573372706414352
MACEIO,2031-01-01,2031,0.0028416251052633935
MACEIO,2031-02-01,2031,0.0030627559158322116
MACEIO,2031-03-01,2031,0.0029721467707732453
MACEIO,2031-04-01,2031,0.0029576661536876935
MACEIO,2031-05-01,2031,0.0031541478393029387
MACEIO,2031-06-01,2031,0.0018140059514492935
MACEIO,2031-07-01,2031,0.0017509993702834292
MACEIO,2031-08-01,2031,0.001824774368795008
MACEIO,2031-09-01,2031,0.0018052805121714964
MACEIO,2031-10-01,2031,0.002059227922346024
MACEIO,2031-11-01,2031,0.0019317325489270375
MACEIO,2031-12-01,2031,0.0021255965029185944
MACEIO,2032-01-01,2032,0.0020384867097334204
MACEIO,2032-02-01,2032,0.002031266737527112
MACEIO,2032-03-01,2032,0.002056657994940274
MACEIO,2032-04-01,2032,0.002110445508907565
MACEIO,2032-05-01,2032,0.002124154864170026
MACEIO,2032-06-01,2032,0.0019184525113324347
MACEIO,2032-07-01,2032,0.0019564882567879496
MACEIO,2032-08-01,2032,0.001976079968410688
MACEIO,2032-09-01,2032,0.0018697014890482321
MACEIO,2032-10-01,2032,0.0019266015696264938
MACEIO,2032-11-01,2032,0.001710042319432853
MACEIO,2032-12-01,2032,0.0016287072190678776
MACEIO,2033-01-01,2033,0.001367698836421637
MACEIO,2033-02-01,2033,0.0012829045819036954
MACEIO,2033-03-01,2033,0.001401246441734918
MACEIO,2033-04-01,2033,0.0014561320289271718
MACEIO,2033-05-01,2033,0.0011122025264222034
MACEIO,2033-06-01,2033,0.0012002911351280032
MACEIO,2033-07-01,2033,0.0011872245491291555
MACEIO,2033-08-01,2033,0.001246980999783116
MACEIO,2033-09-01,2033,0.0013930599509940334
MACEIO,2033-10-01,2033,0.0012595956990696876
MACEIO,2033-11-01,2033,0.0013030432194823494
MACEIO,2033-12-01,2033,0.0010551145545957285
MACEIO,2034-01-01,2034,0.0010358548335117413
MACEIO,2034-02-01,2034,0.0010584486958195704
MACEIO,2034-03-01,2034,0.0010641073404860325
MACEIO,2034-04-01,2034,0.0011571891867493101
MACEIO,2034-05-01,2034,0.0013390672679471482
MACEIO,2034-06-01,2034,0.0015250213847405392
MACEIO,2034-07-01,2034,0.0015441247668827717
MACEIO,2034-08-01,2034,0.0016536742776864012
MACEIO,2034-09-01,2034,0.001425363519349897
MACEIO,2034-10-01,2034,0.0012725784955477293
MACEIO,2034-11-01,2034,0.0011426214113159784
MACEIO,2034-12-01,2034,0.0010773234770392749
MACEIO,2035-01-01,2035,0.0011175785281001983
MACEIO,2035-02-01,2035,0.0011998961027787436
MACEIO,2035-03-01,2035,0.001300838629156208
MACEIO,2035-04-01,2035,0.0011628033628557476
MACEIO,2035-05-01,2035,0.0011203926381683803
MACEIO,2035-06-01,2035,0.0012159422513715313
MACEIO,2035-07-01,2035,0.0011349123200379673
MACEIO,2035-08-01,2035,0.0009589401394453989
MACEIO,2035-09-01,2035,0.001216692553558607
MACEIO,2035-10-01,2035,0.001290717244475329
MACEIO,2035-11-01,2035,0.0014426476566953717
MACEIO,2035-12-01,2035,0.0016671131421743869
MACEIO,2036-01-01,2036,0.001585404430552463
MACEIO,2036-02-01,2036,0.0014863243346262178
MACEIO,2036-03-01,2036,0.0016547117767594976
MACEIO,2036-04-01,2036,0.0017278242357505968
MACEIO,2036-05-01,2036,0.0018946887083171092
MACEIO,2036-06-01,2036,0.002004697899316986
MACEIO,2036-07-01,2036,0.0017279413863974203
MACEIO,2036-08-01,2036,0.0015520656101655783
MACEIO,2036-09-01,2036,0.0016803561283140944
MACEIO,2036-10-01,2036,0.0020051828157547514
MACEIO,2036-11-01,2036,0.002334561655267213
MACEIO,2036-12-01,2036,0.002429016548634809
MACEIO,2037-01-01,2037,0.0023320074184135764
MACEIO,2037-02-01,2037,0.0023768975911852806
MACEIO,2037-03-01,2037,0.0025077248648531724
MACEIO,2037-04-01,2037,0.00258907191552348
MACEIO,2037-05-01,2037,0.0024579605757854926
MACEIO,2037-06-01,2037,0.0024842979487043892
MACEIO,2037-07-01,2037,0.00238507594768384
MACEIO,2037-08-01,2037,0.002378693027756511
MACEIO,2037-09-01,2037,0.0024086440522575257
MACEIO,2037-10-01,2037,0.0023439828487775817
MACEIO,2037-11-01,2037,0.0024229927949872077
MACEIO,2037-12-01,2037,0.0023787525174704593
MACEIO,2038-01-01,2038,0.002196277884411774
MACEIO,2038-02-01,2038,0.002029675115682994
MACEIO,2038-03-01,2038,0.0016431607455570107
MACEIO,2038-04-01,2038,0.001504621015375135
MACEIO,2038-05-01,2038,0.0014607377435512715
MACEIO,2038-06-01,2038,0.0014271850572871259
MACEIO,2038-07-01,2038,0.0013168072189821821
MACEIO,2038-08-01,2038,0.0010703307896275727
MACEIO,2038-09-01,2038,0.0010049973327417982
MACEIO,2038-10-01,2038,0.0009642506778066184
MACEIO,2038-11-01,2038,0.0008013076957271326
MACEIO,2038-12-01,2038,0.0005768889427862045
MACEIO,2039-01-01,2039,0.0003517282264783894
MACEIO,2039-02-01,2039,5.243517928328001e-05
MACEIO,2039-03-01,2039,-0.00016266467751341218
MACEIO,2039-04-01,2039,-0.0001657543482183077
MACEIO,2039-05-01,2039,-0.00026204078142421316
MACEIO,2039-06-01,2039,-0.00013699505313401693
MACEIO,2039-07-01,2039,-0.00040673266045718523
MACEIO,2039-08-01,2039,-0.0005353317778598976
MACEIO,2039-09-01,2039,-0.0002648996145710547
MACEIO,2039-10-01,2039,-0.00031533552336926674
MACEIO,2039-11-01,2039,-0.00012721113217352474
MACEIO,2039-12-01,2039,1.3111849244281659e-05
MANAUS,2010-01-01,2010,0.0
MANAUS,2010-02-01,2010,0.0
MANAUS,2010-03-01,2010,0.0
MANAUS,2010-04-01,2010,-0.00010855495323998321
MANAUS,2010-05-01,2010,-6.616456844062758e-05
MANAUS,2010-06-01,2010,-0.0003633736922023223
MANAUS,2010-07-01,2010,-0.00028307506472439515
MANAUS,2010-08-01,2010,-0.0004026345002791931
MANAUS,2010-09-01,2010,-0.000519943465108198
MANAUS,2010-10-01,2010,-0.0007171450414348268
MANAUS,2010-11-01,2010,-0.000982940773950257
MANAUS,2010-12-01,2010,-0.001160314638689931
MANAUS,2011-01-01,2011,-0.0013252478070342267
MANAUS,2011-02-01,2011,-0.0014179752590761075
MANAUS,2011-03-01,2011,-0.0015420570268538892
MANAUS,2011-04-01,2011,-0.0015901769139320188
MANAUS,2011-05-01,2011,-0.0016512633292671596
MANAUS,2011-06-01,2011,-0.0018071849071864864
MANAUS,2011-07-01,2011,-0.001657231870180763
MANAUS,2011-08-01,2011,-0.0016024088529858305
MANAUS,2011-09-01,2011,-0.001580510912309525
MANAUS,2011-10-01,2011,-0.0014375420408908968
MANAUS,2011-11-01,2011,-0.0012825995422097336
MANAUS,2011-12-01,2011,-0.0013322382664063548
MANAUS,2012-01-01,2012,-0.0014010911611885535
MANAUS,2012-02-01,2012,-0.0013299708163313285
MANAUS,2012-03-01,2012,-0.001054682918743316
MANAUS,2012-04-01,2012,-0.0010807482408750834
MANAUS,2012-05-01,2012,-0.0009256322836033393
MANAUS,2012-06-01,2012,-0.000788643319561878
MANAUS,2012-07-01,2012,-0.0007280452380415393
MANAUS,2012-08-01,2012,-0.0006307798311194668
MANAUS,2012-09-01,2012,-0.0005130845341136125
MANAUS,2012-10-01,2012,-0.0003091159573456681
MANAUS,2012-11-01,2012,-0.00020625537868354082
MANAUS,2012-12-01,2012,-5.557286346051904e-05
MANAUS,2013-01-01,2013,-1.2831123954804013e-05
MANAUS,2013-02-01,2013,3.876647467911165e-05
MANAUS,2013-03-01,2013,5.5577897239902364e-05
MANAUS,2013-04-01,2013,1.1427789676061728e-05
MANAUS,2013-05-01,2013,6.119775324264776e-05
MANAUS,2013-06-01,2013,7.963693453153841e-05
MANAUS,2013-07-01,2013,0.00017149581567575402
MANAUS,2013-08-01,2013,0.00029408839005495624
MANAUS,2013-09-01,2013,0.000300806246506371
MANAUS,2013-10-01,2013,0.0003587226051010894
MANAUS,2013-11-01,2013,0.00038766469276089956
MANAUS,2013-12-01,2013,0.00029440854413048336
MANAUS,2014-01-01,2014,0.0002586997555188975
MANAUS,2014-02-01,2014,0.0002500542109047843
MANAUS,2014-03-01,2014,0.0001560215309011681
MANAUS,2014-04-01,2014,0.00013749290024294924
MANAUS,2014-05-01,2014,0.00011271482226178353
MANAUS,2014-06-01,2014,8.021275404169193e-05
MANAUS,2014-07-01,2014,0.00012681991111929803
MANAUS,2014-08-01,2014,0.00010832187249982472
MANAUS,2014-09-01,2014,0.0001877792705895598
MANAUS,2014-10-01,2014,0.00033891811692176476
MANAUS,2014-11-01,2014,0.00041448827499868443
MANAUS,2014-12-01,2014,0.00039924908779050974
MANAUS,2015-01-01,2015,0.00039847929393854064
MANAUS,2015-02-01,2015,0.00040460618957664064
MANAUS,2015-03-01,2015,0.00045450378356043483
MANAUS,2015-04-01,2015,0.00037930819493131373
MANAUS,2015-05-01,2015,0.0004074284859160604
MANAUS,2015-06-01,2015,0.00042335976269113453
MANAUS,2015-07-01,2015,0.0005029670489256355
MANAUS,2015-08-01,2015,0.00043885686679832393
MANAUS,2015-09-01,2015,0.0004026801107316047
MANAUS,2015-10-01,2015,0.000452426898564795
MANAUS,2015-11-01,2015,0.00043757645707787063
MANAUS,2015-12-01,2015,0.0004625969605855029
MANAUS,2016-01-01,2016,0.00044182940899512913
MANAUS,2016-02-01,2016,0.0004671458723809796
MANAUS,2016-03-01,2016,0.00048364111252456875
MANAUS,2016-04-01,2016,0.00043797457195992483
MANAUS,2016-05-01,2016,0.00046445229140605
MANAUS,2016-06-01,2016,0.0007711610328713359
MANAUS,2016-07-01,2016,0.0010297208932608392
MANAUS,2016-08-01,2016,0.0010208548897767033
MANAUS,2016-09-01,2016,0.000969791289856795
MANAUS,2016-10-01,2016,0.0008581462187077371
MANAUS,2016-11-01,2016,0.0008027075985884946
MANAUS,2016-12-01,2016,0.0008281683275859919
MANAUS,2017-01-01,2017,0.0008927366145302773
MANAUS,2017-02-01,2017,0.0009080612012517764
MANAUS,2017-03-01,2017,0.0009077115743737341
MANAUS,2017-04-01,2017,0.0008412331809819374
MANAUS,2017-05-01,2017,0.0007491007688043749
MANAUS,2017-06-01,2017,0.0005025136988173784
MANAUS,2017-07-01,2017,0.00040241215828847764
MANAUS,2017-08-01,2017,0.0003802746911829813
MANAUS,2017-09-01,2017,0.00045142456752244263
MANAUS,2017-10-01,2017,0.0005907800914624151
MANAUS,2017-11-01,2017,0.0007189373864907966
MANAUS,2017-12-01,2017,0.0007516193751970946
MANAUS,2018-01-01,2018,0.000875120723284829
MANAUS,2018-02-01,2018,0.0009073461156013496
MANAUS,2018-03-01,2018,0.0010099461929357944
MANAUS,2018-04-01,2018,0.0011360319864272817
MANAUS,2018-05-01,2018,0.001169843209686009
MANAUS,2018-06-01,2018,0.0011595992066738149
MANAUS,2018-07-01,2018,0.0012066209320430565
MANAUS,2018-08-01,2018,0.0011967846808897098
MANAUS,2018-09-01,2018,0.0012321623231658296
MANAUS,2018-10-01,2018,0.001199456896810517
MANAUS,2018-11-01,2018,0.0011673115816913692
MANAUS,2018-12-01,2018,0.0010882340184673045
MANAUS,2019-01-01,2019,0.0010493139903246184
MANAUS,2019-02-01,2019,0.001031309786911836
MANAUS,2019-03-01,2019,0.0009744751325111445
MANAUS,2019-04-01,2019,0.0009376395993066711
MANAUS,2019-05-01,2019,0.0008068751058088519
MANAUS,2019-06-01,2019,0.0007882870811586651
MANAUS,2019-07-01,2019,0.0007370300097412141
MANAUS,2019-08-01,2019,0.000675480064956856
MANAUS,2019-09-01,2019,0.0006713621383658241
MANAUS,2019-10-01,2019,0.0005987250970502733
MANAUS,2019-11-01,2019,0.0005416620692860985
MANAUS,2019-12-01,2019,0.0004714665484400293
MANAUS,2020-01-01,2020,0.0004240530099227946
MANAUS,2020-02-01,2020,0.00025957243204792425
MANAUS,2020-03-01,2020,0.0001977164606928039
MANAUS,2020-04-01,2020,0.00011279123129138479
MANAUS,2020-05-01,2020,3.7969316945539734e-05
MANAUS,2020-06-01,2020,-1.6378225092879006e-05
MANAUS,2020-07-01,2020,-0.00011823897125509908
MANAUS,2020-08-01,2020,-0.00012989980923712064
MANAUS,2020-09-01,2020,-0.000260815521924751
MANAUS,2020-10-01,2020,-0.0003275941940834681
MANAUS,2020-11-01,2020,-0.000369613437361328
MANAUS,2020-12-01,2020,-0.00042017843161316627
MANAUS,2021-01-01,2021,-0.0004139782531997771
MANAUS,2021-02-01,2021,-0.0005274300979371616
MANAUS,2021-03-01,2021,-0.0006302221075159298
MANAUS,2021-04-01,2021,-0.0006093752380151019
MANAUS,2021-05-01,2021,-0.0006702122027229962
MANAUS,2021-06-01,2021,-0.0007971853423130404
MANAUS,2021-07-01,2021,-0.0007691101467495376
MANAUS,2021-08-01,2021,-0.0010377989094301266
MANAUS,2021-09-01,2021,-0.0011734196921116945
MANAUS,2021-10-01,2021,-0.001432443678955929
MANAUS,2021-11-01,2021,-0.001496374747369722
MANAUS,2021-12-01,2021,-0.0016092333900808086
MANAUS,2022-01-01,2022,-0.0015198723994202668
MANAUS,2022-02-01,2022,-0.0014202177112035564
MANAUS,2022-03-01,2022,-0.0013936353355099263
MANAUS,2022-04-01,2022,-0.001261112328531786
MANAUS,2022-05-01,2022,-0.0012464268949099145
MANAUS,2022-06-01,2022,-0.0011027441053676546
MANAUS,2022-07-01,2022,-0.0010413941093461033
MANAUS,2022-08-01,2022,-0.0008949108004078899
MANAUS,2022-09-01,2022,-0.0007780747549624878
MANAUS,2022-10-01,2022,-0.000403281088720705
MANAUS,2022-11-01,2022,0.0004735003981055985
MANAUS,2022-12-01,2022,6.026163249050476e-05
MANAUS,2023-01-01,2023,0.00018363661725983804
MANAUS,2023-02-01,2023,0.0002955619054706382
MANAUS,2023-03-01,2023,0.00026109587830161485
MANAUS,2023-04-01,2023,0.0003594682741744326
MANAUS,2023-05-01,2023,0.00041337915073149766
MANAUS,2023-06-01,2023,0.0005936030013933636
MANAUS,2023-07-01,2023,0.0006075008565989847
MANAUS,2023-08-01,2023,0.0006265635931532121
MANAUS,2023-09-01,2023,0.0004916919320996127
MANAUS,2023-10-01,2023,0.0006605357916353227
MANAUS,2023-11-01,2023,0.0006442198145547751
MANAUS,2023-12-01,2023,0.0006376334844564946
MANAUS,2024-01-01,2024,0.0006145219028807047
MANAUS,2024-02-01,2024,0.0006186700396036027
MANAUS,2024-03-01,2024,0.0005900022204423927
MANAUS,2024-04-01,2024,0.000543106233894718
MANAUS,2024-05-01,2024,0.0005229319158690593
MANAUS,2024-06-01,2024,0.00039530857664414555
MANAUS,2024-07-01,2024,0.0003468374461935142
MANAUS,2024-08-01,2024,0.00022223258030186211
MANAUS,2024-09-01,2024,0.00020054741083925243
MANAUS,2024-10-01,2024,2.264273230908498e-05
MANAUS,2024-11-01,2024,-1.7210388358690487e-06
MANAUS,2024-12-01,2024,-1.281106810296806e-05
MANAUS,2025-01-01,2025,-2.4869333958715823e-05
MANAUS,2025-02-01,2025,-4.801991246403459e-05
MANAUS,2025-03-01,2025,-2.6793904861852624e-05
MANAUS,2025-04-01,2025,-3.357519741156389e-05
MANAUS,2025-05-01,2025,-6.265623017509548e-06
MANAUS,2025-06-01,2025,-9.402773615854731e-05
MANAUS,2025-07-01,2025,-0.0001908366435709308
MANAUS,2025-08-01,2025,-0.0002582114168890537
MANAUS,2025-09-01,2025,-0.00026826449336652346
MANAUS,2025-10-01,2025,-0.00020654746416036594
MANAUS,2025-11-01,2025,-0.00015725826107927389
MANAUS,2025-12-01,2025,-9.729772517419466e-05
MANAUS,2026-01-01,2026,-7.11477062720245e-05
MANAUS,2026-02-01,2026,-0.00010912698675789146
MANAUS,2026-03-01,2026,-2.8037535943113978e-05
MANAUS,2026-04-01,2026,5.592491483722317e-05
MANAUS,2026-05-01,2026,0.00016326555391403595
MANAUS,2026-06-01,2026,0.00019115170912936463
MANAUS,2026-07-01,2026,0.0002423976244689574
MANAUS,2026-08-01,2026,0.00028022391447142357
MANAUS,2026-09-01,2026,7.623561956211833e-05
MANAUS,2026-10-01,2026,0.00017052490370845442
MANAUS,2026-11-01,2026,0.0003366264886743231
MANAUS,2026-12-01,2026,0.0007028922612792477
MANAUS,2027-01-01,2027,0.0005788237524377782
MANAUS,2027-02-01,2027,0.0008261421673263059
MANAUS,2027-03-01,2027,0.0008927563143837958
MANAUS,2027-04-01,2027,0.0008387432396976891
MANAUS,2027-05-01,2027,0.0007635379195275305
MANAUS,2027-06-01,2027,0.0006803596060188688
MANAUS,2027-07-01,2027,0.0007495848836398855
MANAUS,2027-08-01,2027,0.000617726952938995
MANAUS,2027-09-01,2027,0.0005516781678529337
MANAUS,2027-10-01,2027,0.000710207977265499
MANAUS,2027-11-01,2027,0.0005882800801197041
MANAUS,2027-12-01,2027,0.00043785052123814893
MANAUS,2028-01-01,2028,5.758878747695317e-05
MANAUS,2028-02-01,2028,1.470133836958598e-05
MANAUS,2028-03-01,2028,0.00011541159534432355
MANAUS,2028-04-01,2028,0.0002551427207423107
MANAUS,2028-05-01,2028,0.00029135251812113295
MANAUS,2028-06-01,2028,0.0003979772120423386
MANAUS,2028-07-01,2028,0.00048032397777127866
MANAUS,2028-08-01,2028,0.00032820891996539035
MANAUS,2028-09-01,2028,0.00022879417450425544
MANAUS,2028-10-01,2028,7.891227576977577e-05
MANAUS,2028-11-01,2028,4.9610712944245796e-05
MANAUS,2028-12-01,2028,5.119984470465355e-05
MANAUS,2029-01-01,2029,7.114443830928185e-05
MANAUS,2029-02-01,2029,6.858948763060812e-05
MANAUS,2029-03-01,2029,-3.064008909769211e-05
MANAUS,2029-04-01,2029,0.00010231988118641455
MANAUS,2029-05-01,2029,1.6671293647960718e-05
MANAUS,2029-06-01,2029,-0.00011588539602717108
MANAUS,2029-07-01,2029,6.300103006195102e-05
MANAUS,2029-08-01,2029,-6.44278094943307e-05
MANAUS,2029-09-01,2029,-0.00010577813594617957
MANAUS,2029-10-01,2029,-8.847466132264281e-05
MANAUS,2029-11-01,2029,2.7881948662343836e-05
MANAUS,2029-12-01,2029,0.00015150933149925326
MANAUS,2030-01-01,2030,9.122699317267169e-05
MANAUS,2030-02-01,2030,0.00022359366906624768
MANAUS,2030-03-01,2030,0.00024358010278860087
MANAUS,2030-04-01,2030,0.00010494571098957351
MANAUS,2030-05-01,2030,7.312547103851652e-05
MANAUS,2030-06-01,2030,7.401022992966854e-05
MANAUS,2030-07-01,2030,5.9354981934895964e-05
MANAUS,2030-08-01,2030,0.0001736497827073835
MANAUS,2030-09-01,2030,0.00021016929439050537
MANAUS,2030-10-01,2030,0.00010317181090416239
MANAUS,2030-11-01,2030,0.00019826252544833168
MANAUS,2030-12-01,2030,0.0001794139645962034
MANAUS,2031-01-01,2031,0.00012039628134602576
MANAUS,2031-02-01,2031,0.00010501839345582353
MANAUS,2031-03-01,2031,8.31820123797089e-05
MANAUS,2031-04-01,2031,3.784029640907072e-05
MANAUS,2031-05-01,2031,4.3989065287299847e-05
MANAUS,2031-06-01,2031,7.3611138084550556e-06
MANAUS,2031-07-01,2031,5.369493548947446e-05
MANAUS,2031-08-01,2031,0.00014809687162054775
MANAUS,2031-09-01,2031,0.00022235672620788072
MANAUS,2031-10-01,2031,0.0002361830859871894
MANAUS,2031-11-01,2031,0.00021078883595201491
MANAUS,2031-12-01,2031,0.0002738059468448284
MANAUS,2032-01-01,2032,0.0002889558570944839
MANAUS,2032-02-01,2032,0.0002804505471143637
MANAUS,2032-03-01,2032,0.00043102815041271003
MANAUS,2032-04-01,2032,0.0005280021109871313
MANAUS,2032-05-01,2032,0.0004735520311995534
MANAUS,2032-06-01,2032,0.0006777938385662719
MANAUS,2032-07-01,2032,0.0006824085390552237
MANAUS,2032-08-01,2032,0.0007105128072949307
MANAUS,2032-09-01,2032,0.0006685415077496271
MANAUS,2032-10-01,2032,0.0007247308435409072
MANAUS,2032-11-01,2032,0.0009096856068548454
MANAUS,2032-12-01,2032,0.0008561976416063344
MANAUS,2033-01-01,2033,0.0009508819556316683
MANAUS,2033-02-01,2033,0.0010055542299312892
MANAUS,2033-03-01,2033,0.0011012156424068241
MANAUS,2033-04-01,2033,0.001048043977315225
MANAUS,2033-05-01,2033,0.0011201440332319567
MANAUS,2033-06-01,2033,0.0012217180282236028
MANAUS,2033-07-01,2033,0.0011961219059476436
MANAUS,2033-08-01,2033,0.001228588182191037
MANAUS,2033-09-01,2033,0.001151935737774995
MANAUS,2033-10-01,2033,0.0010618780614373479
MANAUS,2033-11-01,2033,0.0010307551948906556
MANAUS,2033-12-01,2033,0.0009993055158973097
MANAUS,2034-01-01,2034,0.0009961669742511213
MANAUS,2034-02-01,2034,0.0009965711174792658
MANAUS,2034-03-01,2034,0.0009513216825807302
MANAUS,2034-04-01,2034,0.0008729523431841734
MANAUS,2034-05-01,2034,0.0007480055073030101
MANAUS,2034-06-01,2034,0.0008146470706552567
MANAUS,2034-07-01,2034,0.0007319905864948273
MANAUS,2034-08-01,2034,0.0006822600899896025
MANAUS,2034-09-01,2034,0.0006484246183705711
MANAUS,2034-10-01,2034,0.0006372509480983879
MANAUS,2034-11-01,2034,0.0006745821273490149
MANAUS,2034-12-01,2034,0.0008896207684250446
MANAUS,2035-01-01,2035,0.0008183596534773075
MANAUS,2035-02-01,2035,0.0007329949618415565
MANAUS,2035-03-01,2035,0.0006411806347816595
MANAUS,2035-04-01,2035,0.0006763355331929289
MANAUS,2035-05-01,2035,0.0006030487718833977
MANAUS,2035-06-01,2035,0.0006021856366312572
MANAUS,2035-07-01,2035,0.0005790193043369063
MANAUS,2035-08-01,2035,0.0005570586708920966
MANAUS,2035-09-01,2035,0.0006336585275767071
MANAUS,2035-10-01,2035,0.0006329436819227207
MANAUS,2035-11-01,2035,0.0006201141260626808
MANAUS,2035-12-01,2035,0.0005818030377193484
MANAUS,2036-01-01,2036,0.0005308776281830296
MANAUS,2036-02-01,2036,0.0004737258719585091
MANAUS,2036-03-01,2036,0.0006083878908302754
MANAUS,2036-04-01,2036,0.0006298529798144226
MANAUS,2036-05-01,2036,0.0006619732824697855
MANAUS,2036-06-01,2036,0.0006446438384438724
MANAUS,2036-07-01,2036,0.0006321503576273435
MANAUS,2036-08-01,2036,0.0006093884255440052
MANAUS,2036-09-01,2036,0.0005692565948288286
MANAUS,2036-10-01,2036,0.0006910035979806195
MANAUS,2036-11-01,2036,0.0007313108166376814
MANAUS,2036-12-01,2036,0.0007604661496207199
MANAUS,2037-01-01,2037,0.0008388022156333941
MANAUS,2037-02-01,2037,0.0008836017206295632
MANAUS,2037-03-01,2037,0.0009093219987829537
MANAUS,2037-04-01,2037,0.0007680684106376901
MANAUS,2037-05-01,2037,0.0008002461009385642
MANAUS,2037-06-01,2037,0.0008834109317457839
MANAUS,2037-07-01,2037,0.0009130012829243784
MANAUS,2037-08-01,2037,0.0008759657065816085
MANAUS,2037-09-01,2037,0.0008322974167691488
MANAUS,2037-10-01,2037,0.0008088014385635534
MANAUS,2037-11-01,2037,0.0007016196119914319
MANAUS,2037-12-01,2037,0.0007299709224533368
MANAUS,2038-01-01,2038,0.0007079872989679236
MANAUS,2038-02-01,2038,0.0005626519002353158
MANAUS,2038-03-01,2038,0.0005282259508379184
MANAUS,2038-04-01,2038,0.0005173765618823988
MANAUS,2038-05-01,2038,0.0007037996956412895
MANAUS,2038-06-01,2038,0.0007933753830348278
MANAUS,2038-07-01,2038,0.000683808342872253
MANAUS,2038-08-01,2038,0.0006008921376808718
MANAUS,2038-09-01,2038,0.0005751340595266108
MANAUS,2038-10-01,2038,0.00036697593434460886
MANAUS,2038-11-01,2038,0.00017091485153597263
MANAUS,2038-12-01,2038,8.381461816459046e-05
MANAUS,2039-01-01,2039,4.2733107026700076e-05
MANAUS,2039-02-01,2039,-6.856347877692071e-05
MANAUS,2039-03-01,2039,-0.0002060778567674404
MANAUS,2039-04-01,2039,-0.00025694696015798104
MANAUS,2039-05-01,2039,-0.0002772323269364063
MANAUS,2039-06-01,2039,-0.0003978250877513223
MANAUS,2039-07-01,2039,-0.000477115085708254
MANAUS,2039-08-01,2039,-0.0005243628420510549
MANAUS,2039-09-01,2039,-0.00049348415340431
MANAUS,2039-10-01,2039,-0.000638142493583812
MANAUS,2039-11-01,2039,-0.0006412341075061323
MANAUS,2039-12-01,2039,-0.0006176568027007445
NATAL,2010-01-01,2010,0.0
NATAL,2010-02-01,2010,0.0
NATAL,2010-03-01,2010,0.0
NATAL,2010-04-01,2010,-6.939884713395238e-05
NATAL,2010-05-01,2010,-0.00018561537875659507
NATAL,2010-06-01,2010,-5.106556841331655e-05
NATAL,2010-07-01,2010,0.0001022321426323125
NATAL,2010-08-01,2010,-4.7859316638677596e-05
NATAL,2010-09-01,2010,-0.00012587554111125442
NATAL,2010-10-01,2010,-0.00015419104735418633
NATAL,2010-11-01,2010,-0.00012156277590013475
NATAL,2010-12-01,2010,-0.00025333667472168033
NATAL,2011-01-01,2011,-0.00047583188949228307
NATAL,2011-02-01,2011,-0.0004397188905949645
NATAL,2011-03-01,2011,-0.00034878446658650477
NATAL,2011-04-01,2011,-0.0005042819236442408
NATAL,2011-05-01,2011,-0.0004436794822558787
NATAL,2011-06-01,2011,-0.0002730135284172064
NATAL,2011-07-01,2011,-0.0002681606770531397
NATAL,2011-08-01,2011,-0.00024620136841437267
NATAL,2011-09-01,2011,-0.00022050211914262374
NATAL,2011-10-01,2011,-6.390048797542902e-05
NATAL,2011-11-01,2011,-0.00029117082767320834
NATAL,2011-12-01,2011,-0.0002575942568928258
NATAL,2012-01-01,2012,-0.0003369070769873683
NATAL,2012-02-01,2012,-0.000327394973305879
NATAL,2012-03-01,2012,-0.00013718688646188415
NATAL,2012-04-01,2012,-8.368438781987008e-05
NATAL,2012-05-01,2012,-0.00018245742674719012
NATAL,2012-06-01,2012,-0.00016703700840768997
NATAL,2012-07-01,2012,-0.00029617391244425974
NATAL,2012-08-01,2012,-0.0002340217022534552
NATAL,2012-09-01,2012,-0.00021820385048971436
NATAL,2012-10-01,2012,-0.00019850655206686717
NATAL,2012-11-01,2012,-7.15457533013597e-05
NATAL,2012-12-01,2012,-7.681308528972863e-05
NATAL,2013-01-01,2013,-1.381322116836392e-05
NATAL,2013-02-01,2013,-3.3572090853386524e-05
NATAL,2013-03-01,2013,-1.069977352998075e-05
NATAL,2013-04-01,2013,0.00018312530230485847
NATAL,2013-05-01,2013,0.0003270135917371797
NATAL,2013-06-01,2013,0.0004204884689391741
NATAL,2013-07-01,2013,0.0005949002112011037
NATAL,2013-08-01,2013,0.0006659641366263191
NATAL,2013-09-01,2013,0.0007226798474313578
NATAL,2013-10-01,2013,0.0007667208387650171
NATAL,2013-11-01,2013,0.0008003756258413663
NATAL,2013-12-01,2013,0.0009133862176991347
NATAL,2014-01-01,2014,0.0009409876644431536
NATAL,2014-02-01,2014,0.0009692812053276234
NATAL,2014-03-01,2014,0.0010255366051980964
NATAL,2014-04-01,2014,0.0010756304811485639
NATAL,2014-05-01,2014,0.0012775210282747274
NATAL,2014-06-01,2014,0.0013788696407289235
NATAL,2014-07-01,2014,0.0014522428908251162
NATAL,2014-08-01,2014,0.0014517600708144106
NATAL,2014-09-01,2014,0.0014820995665144132
NATAL,2014-10-01,2014,0.0014236600474552552
NATAL,2014-11-01,2014,0.0014443580584684256
NATAL,2014-12-01,2014,0.0014422346015888032
NATAL,2015-01-01,2015,0.001440320691339222
NATAL,2015-02-01,2015,0.0014530151272535963
NATAL,2015-03-01,2015,0.0014943377359277266
NATAL,2015-04-01,2015,0.0013416363428989532
NATAL,2015-05-01,2015,0.0012042796220955987
NATAL,2015-06-01,2015,0.0012662540800632194
NATAL,2015-07-01,2015,0.0012945825357228268
NATAL,2015-08-01,2015,0.0012332158339415766
NATAL,2015-09-01,2015,0.0012399774057525836
NATAL,2015-10-01,2015,0.001155919268547989
NATAL,2015-11-01,2015,0.001128529902651957
NATAL,2015-12-01,2015,0.0009631844710963889
NATAL,2016-01-01,2016,0.0009080691121796325
NATAL,2016-02-01,2016,0.0009173243222304839
NATAL,2016-03-01,2016,0.0009010130000658512
NATAL,2016-04-01,2016,0.0009553856610282708
NATAL,2016-05-01,2016,0.0009113505012504564
NATAL,2016-06-01,2016,0.0008180728164605877
NATAL,2016-07-01,2016,0.0008068687123101581
NATAL,2016-08-01,2016,0.0006940201930386281
NATAL,2016-09-01,2016,0.0003118344058204303
NATAL,2016-10-01,2016,0.00025776828615843073
NATAL,2016-11-01,2016,0.0002583127001034724
NATAL,2016-12-01,2016,0.0005245336625688713
NATAL,2017-01-01,2017,0.0006528086201583073
NATAL,2017-02-01,2017,0.0008953922541471649
NATAL,2017-03-01,2017,0.0010650637585806345
NATAL,2017-04-01,2017,0.001327702552336737
NATAL,2017-05-01,2017,0.0014213838086022735
NATAL,2017-06-01,2017,0.0016280653270232715
NATAL,2017-07-01,2017,0.001580097646548153
NATAL,2017-08-01,2017,0.0015667733368818493
NATAL,2017-09-01,2017,0.0013356905079738557
NATAL,2017-10-01,2017,0.0010967234110555047
NATAL,2017-11-01,2017,0.0008397198402098072
NATAL,2017-12-01,2017,0.0003444694329302966
NATAL,2018-01-01,2018,-0.001515335312852537
NATAL,2018-02-01,2018,-0.0019081599169325524
NATAL,2018-03-01,2018,-0.00193810855138129
NATAL,2018-04-01,2018,-0.0021074920174179324
NATAL,2018-05-01,2018,-0.0023643712603046486
NATAL,2018-06-01,2018,-0.0024412634169553695
NATAL,2018-07-01,2018,-0.0025296314593008695
NATAL,2018-08-01,2018,-0.0026410709045460268
NATAL,2018-09-01,2018,-0.002719486498062299
NATAL,2018-10-01,2018,-0.002797710527135626
NATAL,2018-11-01,2018,-0.002839516447027677
NATAL,2018-12-01,2018,-0.003397433404787564
NATAL,2019-01-01,2019,-0.003372577827040261
NATAL,2019-02-01,2019,-0.003335096835986655
NATAL,2019-03-01,2019,-0.0033540223501598997
NATAL,2019-04-01,2019,-0.0031189540106446225
NATAL,2019-05-01,2019,-0.00314386147286555
NATAL,2019-06-01,2019,-0.003085054160386146
NATAL,2019-07-01,2019,-0.003063334402639012
NATAL,2019-08-01,2019,-0.003054333088393707
NATAL,2019-09-01,2019,-0.002863066560458266
NATAL,2019-10-01,2019,-0.0026051762687658996
NATAL,2019-11-01,2019,-0.002631770256412216
NATAL,2019-12-01,2019,-0.002551407224197708
NATAL,2020-01-01,2020,-0.002543274192229554
NATAL,2020-02-01,2020,-0.002470609790059628
NATAL,2020-03-01,2020,-0.0025556854930745376
NATAL,2020-04-01,2020,-0.002703490426258097
NATAL,2020-05-01,2020,-0.0025935626727715388
NATAL,2020-06-01,2020,-0.00247616728241275
NATAL,2020-07-01,2020,-0.002296873133908318
NATAL,2020-08-01,2020,-0.002290812887760507
NATAL,2020-09-01,2020,-0.0020761831750411063
NATAL,2020-10-01,2020,-0.0019508308106587658
NATAL,2020-11-01,2020,-0.001992561283806147
NATAL,2020-12-01,2020,-0.0021341485093407243
NATAL,2021-01-01,2021,-0.0020027125720271633
NATAL,2021-02-01,2021,-0.0017252732455265774
NATAL,2021-03-01,2021,-0.002390189052114954
NATAL,2021-04-01,2021,-0.0027073966386643557
NATAL,2021-05-01,2021,-0.0028080558515542853
NATAL,2021-06-01,2021,-0.0024693199954165723
NATAL,2021-07-01,2021,-0.0025246740766621065
NATAL,2021-08-01,2021,-0.002593242344265635
NATAL,2021-09-01,2021,-0.0027517276313655447
NATAL,2021-10-01,2021,-0.002545990702992894
NATAL,2021-11-01,2021,-0.0019967040096324985
NATAL,2021-12-01,2021,-0.002185261611338831
NATAL,2022-01-01,2022,-0.002830038355158845
NATAL,2022-02-01,2022,-0.003170470910813904
NATAL,2022-03-01,2022,-0.003523388324730382
NATAL,2022-04-01,2022,-0.003304151441238229
NATAL,2022-05-01,2022,-0.0033016977130466783
NATAL,2022-06-01,2022,-0.003167840427544675
NATAL,2022-07-01,2022,-0.003516604047352294
NATAL,2022-08-01,2022,-0.003912228725365473
NATAL,2022-09-01,2022,-0.003948302439421102
NATAL,2022-10-01,2022,-0.004044349998288482
NATAL,2022-11-01,2022,-0.004207635386709378
NATAL,2022-12-01,2022,-0.003815723760118013
NATAL,2023-01-01,2023,-0.0035410912730640463
NATAL,2023-02-01,2023,-0.0035903829496264097
NATAL,2023-03-01,2023,-0.003861259383260607
NATAL,2023-04-01,2023,-0.004374304529439339
NATAL,2023-05-01,2023,-0.00436003072561155
NATAL,2023-06-01,2023,-0.004148698915633401
NATAL,2023-07-01,2023,-0.003976265211312001
NATAL,2023-08-01,2023,-0.00397044085647028
NATAL,2023-09-01,2023,-0.0038836979474895605
NATAL,2023-10-01,2023,-0.005237936345833416
NATAL,2023-11-01,2023,-0.005110843852968037
NATAL,2023-12-01,2023,-0.004830312638564977
NATAL,2024-01-01,2024,-0.004484268473324372
NATAL,2024-02-01,2024,-0.004217267564629951
NATAL,2024-03-01,2024,-0.003969525506759869
NATAL,2024-04-01,2024,-0.004288885732261276
NATAL,2024-05-01,2024,-0.004373834967013757
NATAL,2024-06-01,2024,-0.0045207612654006
NATAL,2024-07-01,2024,-0.004211379708639794
NATAL,2024-08-01,2024,-0.003808807714922783
NATAL,2024-09-01,2024,-0.0032948492531469785
NATAL,2024-10-01,2024,-0.002311527282813032
NATAL,2024-11-01,2024,-0.0021315475207730763
NATAL,2024-12-01,2024,-0.002230873905184757
NATAL,2025-01-01,2025,-0.0024585708629526314
NATAL,2025-02-01,2025,-0.002110656430596737
NATAL,2025-03-01,2025,-0.0019473326473951602
NATAL,2025-04-01,2025,-0.001978039956007266
NATAL,2025-05-01,2025,-0.0021901334459041243
NATAL,2025-06-01,2025,-0.0025558231135660893
NATAL,2025-07-01,2025,-0.0027439460500699397
NATAL,2025-08-01,2025,-0.0019737643037427864
NATAL,2025-09-01,2025,-0.0020033790744730284
NATAL,2025-10-01,2025,-0.0036505839345177715
NATAL,2025-11-01,2025,-0.004233992792284046
NATAL,2025-12-01,2025,-0.004017808841137187
NATAL,2026-01-01,2026,-0.0029109407200915015
NATAL,2026-02-01,2026,-0.0024656297367415202
NATAL,2026-03-01,2026,-0.002339450674252986
NATAL,2026-04-01,2026,-0.0021873574015059895
NATAL,2026-05-01,2026,-0.0020626766269347297
NATAL,2026-06-01,2026,-0.002029326980967728
NATAL,2026-07-01,2026,-0.0020675668072523377
NATAL,2026-08-01,2026,-0.0017652442172278937
NATAL,2026-09-01,2026,-0.0027417352356590443
NATAL,2026-10-01,2026,-0.0027675518784982945
NATAL,2026-11-01,2026,-0.002741902156044995
NATAL,2026-12-01,2026,-0.0022352675675994995
NATAL,2027-01-01,2027,-0.0022040854836444957
NATAL,2027-02-01,2027,-0.0020288002536575666
NATAL,2027-03-01,2027,-0.0021678946553861534
NATAL,2027-04-01,2027,-0.0026969236447774115
NATAL,2027-05-01,2027,-0.0024949154527738517
NATAL,2027-06-01,2027,-0.0026416898232465456
NATAL,2027-07-01,2027,-0.0026918611207264963
NATAL,2027-08-01,2027,-0.00279148749591693
NATAL,2027-09-01,2027,-0.0026687839398585613
NATAL,2027-10-01,2027,-0.002764026616983445
NATAL,2027-11-01,2027,-0.002653867683309904
NATAL,2027-12-01,2027,-0.0028626099637284953
NATAL,2028-01-01,2028,-0.0028635301671599157
NATAL,2028-02-01,2028,-0.003099880153639647
NATAL,2028-03-01,2028,-0.0028057255882956034
NATAL,2028-04-01,2028,-0.00301376042683234
NATAL,2028-05-01,2028,-0.0026310914137940866
NATAL,2028-06-01,2028,-0.0028634623758636533
NATAL,2028-07-01,2028,-0.002881197633631184
NATAL,2028-08-01,2028,-0.003343621877757025
NATAL,2028-09-01,2028,-0.003287496125472922
NATAL,2028-10-01,2028,-0.0030628513714119634
NATAL,2028-11-01,2028,-0.0031016319069653653
NATAL,2028-12-01,2028,-0.0031481949734664372
NATAL,2029-01-01,2029,-0.003067644232720258
NATAL,2029-02-01,2029,-0.0028167296295389652
NATAL,2029-03-01,2029,-0.002758349537633301
NATAL,2029-04-01,2029,-0.0026517581307515326
NATAL,2029-05-01,2029,-0.002258893041318254
NATAL,2029-06-01,2029,-0.0021117659926079622
NATAL,2029-07-01,2029,-0.002223846805622719
NATAL,2029-08-01,2029,-0.0019988033116124025
NATAL,2029-09-01,2029,-0.0020278699821006385
NATAL,2029-10-01,2029,-0.0019012747295066223
NATAL,2029-11-01,2029,-0.0019974864324856646
NATAL,2029-12-01,2029,-0.002262010403184945
NATAL,2030-01-01,2030,-0.002504322868096447
NATAL,2030-02-01,2030,-0.0022254821194472884
NATAL,2030-03-01,2030,-0.0022934486359945773
NATAL,2030-04-01,2030,-0.0018397516832133465
NATAL,2030-05-01,2030,-0.0018945634902234087
NATAL,2030-06-01,2030,-0.0016997260986019113
NATAL,2030-07-01,2030,-0.001838086720931571
NATAL,2030-08-01,2030,-0.0016409604751055607
NATAL,2030-09-01,2030,-0.0013659101415370379
NATAL,2030-10-01,2030,-0.0013181087751055443
NATAL,2030-11-01,2030,-0.0012898716810844325
NATAL,2030-12-01,2030,-0.0011620561965545839
NATAL,2031-01-01,2031,-0.0012234951189258713
NATAL,2031-02-01,2031,-0.0011349099625265558
NATAL,2031-03-01,2031,-0.0009853362161367763
NATAL,2031-04-01,2031,-0.0011343978234888885
NATAL,2031-05-01,2031,-0.0009834406897421433
NATAL,2031-06-01,2031,-0.0006968342458628007
NATAL,2031-07-01,2031,-0.0006458068313945697
NATAL,2031-08-01,2031,-0.0007486954538366686
NATAL,2031-09-01,2031,-0.000846779614492783
NATAL,2031-10-01,2031,-0.0009374634090495249
NATAL,2031-11-01,2031,-0.0006070021834432837
NATAL,2031-12-01,2031,-0.000534895975200147
NATAL,2032-01-01,2032,-0.00047469421424113254
NATAL,2032-02-01,2032,-0.00031963203059656167
NATAL,2032-03-01,2032,-5.240553769231382e-05
NATAL,2032-04-01,2032,-0.00015257678064629963
NATAL,2032-05-01,2032,2.1747112609151743e-05
NATAL,2032-06-01,2032,1.72125175072968e-05
NATAL,2032-07-01,2032,8.719919473986093e-05
NATAL,2032-08-01,2032,0.0002973067566532739
NATAL,2032-09-01,2032,0.0006168419117082325
NATAL,2032-10-01,2032,0.0005306458613168941
NATAL,2032-11-01,2032,0.0006402777537567383
NATAL,2032-12-01,2032,0.0007308049877035927
NATAL,2033-01-01,2033,0.000918065199532545
NATAL,2033-02-01,2033,0.0010186480633719841
NATAL,2033-03-01,2033,0.0007875094812276195
NATAL,2033-04-01,2033,0.0009994212601969266
NATAL,2033-05-01,2033,0.0008401727452429953
NATAL,2033-06-01,2033,0.0008945392552292286
NATAL,2033-07-01,2033,0.0009885177434971848
NATAL,2033-08-01,2033,0.000845114866030533
NATAL,2033-09-01,2033,0.0009197039849157429
NATAL,2033-10-01,2033,0.0009849573019793745
NATAL,2033-11-01,2033,0.0010928471710716103
NATAL,2033-12-01,2033,0.0011672062839494612
NATAL,2034-01-01,2034,0.0012030503579237306
NATAL,2034-02-01,2034,0.0009377892706928548
NATAL,2034-03-01,2034,0.0007323170352720532
NATAL,2034-04-01,2034,0.000323745184277896
NATAL,2034-05-01,2034,0.0004959739566148369
NATAL,2034-06-01,2034,0.00043425244459538215
NATAL,2034-07-01,2034,0.00044609154262188923
NATAL,2034-08-01,2034,2.7152264715601947e-05
NATAL,2034-09-01,2034,-2.6933963515555215e-05
NATAL,2034-10-01,2034,-4.795238743598107e-05
NATAL,2034-11-01,2034,0.00024889147864601833
NATAL,2034-12-01,2034,0.0006433525828968079
NATAL,2035-01-01,2035,0.0006345309219532813
NATAL,2035-02-01,2035,0.0006655845942804139
NATAL,2035-03-01,2035,0.0009489411937616477
NATAL,2035-04-01,2035,0.0012027211791659064
NATAL,2035-05-01,2035,0.0014344160111218153
NATAL,2035-06-01,2035,0.0019611246588823483
NATAL,2035-07-01,2035,0.001998845541292574
NATAL,2035-08-01,2035,0.0022040524741468647
NATAL,2035-09-01,2035,0.0024323258735459807
NATAL,2035-10-01,2035,0.0024669516095312148
NATAL,2035-11-01,2035,0.0023119225089025365
NATAL,2035-12-01,2035,0.002140555798662983
NATAL,2036-01-01,2036,0.0022627316920762752
NATAL,2036-02-01,2036,0.0024624720210905593
NATAL,2036-03-01,2036,0.0024268941583532257
NATAL,2036-04-01,2036,0.0027719049786797643
NATAL,2036-05-01,2036,0.0028353468681431393
NATAL,2036-06-01,2036,0.002990761731694689
NATAL,2036-07-01,2036,0.003042325238613266
NATAL,2036-08-01,2036,0.003188472282497228
NATAL,2036-09-01,2036,0.003265876266177523
NATAL,2036-10-01,2036,0.003141873503463053
NATAL,2036-11-01,2036,0.003322612700779638
NATAL,2036-12-01,2036,0.003595670294782238
NATAL,2037-01-01,2037,0.0038271430286859
NATAL,2037-02-01,2037,0.003675405349940072
NATAL,2037-03-01,2037,0.003605777241316941
NATAL,2037-04-01,2037,0.003700273752779325
NATAL,2037-05-01,2037,0.003602025686433187
NATAL,2037-06-01,2037,0.0031602604853910223
NATAL,2037-07-01,2037,0.003199908609152894
NATAL,2037-08-01,2037,0.0032255974776089855
NATAL,2037-09-01,2037,0.003437225062087391
NATAL,2037-10-01,2037,0.003480416582771122
NATAL,2037-11-01,2037,0.0033970652544553404
NATAL,2037-12-01,2037,0.003237208415852758
NATAL,2038-01-01,2038,0.002948125724735129
NATAL,2038-02-01,2038,0.0027909117034242994
NATAL,2038-03-01,2038,0.0026397717967587744
NATAL,2038-04-01,2038,0.002642015963428147
NATAL,2038-05-01,2038,0.002881695743955389
NATAL,2038-06-01,2038,0.0029311353189357637
NATAL,2038-07-01,2038,0.0030057437408099485
NATAL,2038-08-01,2038,0.0029503872546914624
NATAL,2038-09-01,2038,0.0031778214131523274
NATAL,2038-10-01,2038,0.0027810454472088787
NATAL,2038-11-01,2038,0.0027213698779946947
NATAL,2038-12-01,2038,0.002604838752380786
NATAL,2039-01-01,2039,0.002988322816147376
NATAL,2039-02-01,2039,0.0028894213486424436
NATAL,2039-03-01,2039,0.002893842283023482
NATAL,2039-04-01,2039,0.0029457968143137636
NATAL,2039-05-01,2039,0.0026273996316871894
NATAL,2039-06-01,2039,0.0025170879437687445
NATAL,2039-07-01,2039,0.002663753888962641
NATAL,2039-08-01,2039,0.002543274561080482
NATAL,2039-09-01,2039,0.0026616551273100563
NATAL,2039-10-01,2039,0.0024855212032461847
NATAL,2039-11-01,2039,0.002620497382911965
NATAL,2039-12-01,2039,0.002415630408803584
PALMAS,2010-01-01,2010,0.0
PALMAS,2010-02-01,2010,0.0
PALMAS,2010-03-01,2010,0.0
PALMAS,2010-04-01,2010,0.0
PALMAS,2010-05-01,2010,0.0
PALMAS,2010-06-01,2010,0.0
PALMAS,2010-07-01,2010,0.0
PALMAS,2010-08-01,2010,0.0
PALMAS,2010-09-01,2010,0.0
PALMAS,2010-10-01,2010,0.0
PALMAS,2010-11-01,2010,0.0
PALMAS,2010-12-01,2010,0.0
PALMAS,2011-01-01,2011,0.0
PALMAS,2011-02-01,2011,0.0
PALMAS,2011-03-01,2011,0.0
PALMAS,2011-04-01,2011,0.0
PALMAS,2011-05-01,2011,0.0
PALMAS,2011-06-01,2011,0.0
PALMAS,2011-07-01,2011,0.0
PALMAS,2011-08-01,2011,0.0
PALMAS,2011-09-01,2011,0.0
PALMAS,2011-10-01,2011,0.0
PALMAS,2011-11-01,2011,0.0
PALMAS,2011-12-01,2011,0.0
PALMAS,2012-01-01,2012,0.0
PALMAS,2012-02-01,2012,0.0
PALMAS,2012-03-01,2012,0.0
PALMAS,2012-04-01,2012,0.0
PALMAS,2012-05-01,2012,0.0
PALMAS,2012-06-01,2012,0.0
PALMAS,2012-07-01,2012,0.0
PALMAS,2012-08-01,2012,0.0
PALMAS,2012-09-01,2012,0.0
PALMAS,2012-10-01,2012,0.0
PALMAS,2012-11-01,2012,0.0
PALMAS,2012-12-01,2012,0.0
PALMAS,2013-01-01,2013,0.0
PALMAS,2013-02-01,2013,0.0
PALMAS,2013-03-01,2013,0.0
PALMAS,2013-04-01,2013,0.0
PALMAS,2013-05-01,2013,0.0
PALMAS,2013-06-01,2013,0.0
PALMAS,2013-07-01,2013,0.0
PALMAS,2013-08-01,2013,0.0
PALMAS,2013-09-01,2013,0.0
PALMAS,2013-10-01,2013,0.0
PALMAS,2013-11-01,2013,0.0
PALMAS,2013-12-01,2013,0.0
PALMAS,2014-01-01,2014,0.0
PALMAS,2014-02-01,2014,0.0
PALMAS,2014-03-01,2014,0.0
PALMAS,2014-04-01,2014,0.0
PALMAS,2014-05-01,2014,0.0
PALMAS,2014-06-01,2014,0.0
PALMAS,2014-07-01,2014,0.0
PALMAS,2014-08-01,2014,0.0
PALMAS,2014-09-01,2014,0.0
PALMAS,2014-10-01,2014,0.0
PALMAS,2014-11-01,2014,0.0
PALMAS,2014-12-01,2014,0.0
PALMAS,2015-01-01,2015,0.0
PALMAS,2015-02-01,2015,0.0
PALMAS,2015-03-01,2015,0.0
PALMAS,2015-04-01,2015,0.0
PALMAS,2015-05-01,2015,0.0
PALMAS,2015-06-01,2015,0.0
PALMAS,2015-07-01,2015,0.0
PALMAS,2015-08-01,2015,0.0
PALMAS,2015-09-01,2015,0.0
PALMAS,2015-10-01,2015,0.0
PALMAS,2015-11-01,2015,0.0
PALMAS,2015-12-01,2015,0.0
PALMAS,2016-01-01,2016,0.0
PALMAS,2016-02-01,2016,0.0
PALMAS,2016-03-01,2016,0.0
PALMAS,2016-04-01,2016,0.0
PALMAS,2016-05-01,2016,0.0
PALMAS,2016-06-01,2016,0.0
PALMAS,2016-07-01,2016,0.0
PALMAS,2016-08-01,2016,0.0
PALMAS,2016-09-01,2016,0.0
PALMAS,2016-10-01,2016,0.0
PALMAS,2016-11-01,2016,0.0
PALMAS,2016-12-01,2016,0.0
PALMAS,2017-01-01,2017,0.0
PALMAS,2017-02-01,2017,0.0
PALMAS,2017-03-01,2017,0.0
PALMAS,2017-04-01,2017,0.0
PALMAS,2017-05-01,2017,0.0
PALMAS,2017-06-01,2017,0.0
PALMAS,2017-07-01,2017,0.0
PALMAS,2017-08-01,2017,0.0
PALMAS,2017-09-01,2017,0.0
PALMAS,2017-10-01,2017,0.0
PALMAS,2017-11-01,2017,0.0
PALMAS,2017-12-01,2017,0.0
PALMAS,2018-01-01,2018,0.0
PALMAS,2018-02-01,2018,0.0
PALMAS,2018-03-01,2018,0.0
PALMAS,2018-04-01,2018,0.0
PALMAS,2018-05-01,2018,0.0
PALMAS,2018-06-01,2018,0.0
PALMAS,2018-07-01,2018,0.0
PALMAS,2018-08-01,2018,0.0
PALMAS,2018-09-01,2018,0.0
PALMAS,2018-10-01,2018,0.0
PALMAS,2018-11-01,2018,0.0
PALMAS,2018-12-01,2018,0.0
PALMAS,2019-01-01,2019,0.0
PALMAS,2019-02-01,2019,0.0
PALMAS,2019-03-01,2019,0.0
PALMAS,2019-04-01,2019,0.0
PALMAS,2019-05-01,2019,0.0
PALMAS,2019-06-01,2019,0.0
PALMAS,2019-07-01,2019,0.0
PALMAS,2019-08-01,2019,0.0
PALMAS,2019-09-01,2019,0.0
PALMAS,2019-10-01,2019,0.0
PALMAS,2019-11-01,2019,0.0
PALMAS,2019-12-01,2019,0.0
PALMAS,2020-01-01,2020,0.0
PALMAS,2020-02-01,2020,-4.799807307165338e-10
PALMAS,2020-03-01,2020,1.209279478908698e-07
PALMAS,2020-04-01,2020,-2.7024289188326557e-06
PALMAS,2020-05-01,2020,-6.183179338878908e-06
PALMAS,2020-06-01,2020,-1.705375702470535e-05
PALMAS,2020-07-01,2020,1.4958040445407494e-05
PALMAS,2020-08-01,2020,5.568974664262427e-05
PALMAS,2020-09-01,2020,8.73261415413662e-06
PALMAS,2020-10-01,2020,-0.00018772847812324357
PALMAS,2020-11-01,2020,-0.0001240574034309705
PALMAS,2020-12-01,2020,-0.0003259700648389163
PALMAS,2021-01-01,2021,-0.0004014355814878101
PALMAS,2021-02-01,2021,-0.0006638866665724152
PALMAS,2021-03-01,2021,-0.0005130365943710857
PALMAS,2021-04-01,2021,-0.0007224026313165699
PALMAS,2021-05-01,2021,-0.0008378594686653451
PALMAS,2021-06-01,2021,-0.0008676161773756896
PALMAS,2021-07-01,2021,-0.0008388522869712434
PALMAS,2021-08-01,2021,-0.0008796657204068082
PALMAS,2021-09-01,2021,-0.0010797679987350395
PALMAS,2021-10-01,2021,-0.0013281273921630654
PALMAS,2021-11-01,2021,-0.0013358179886007516
PALMAS,2021-12-01,2021,-0.00164617530293389
PALMAS,2022-01-01,2022,-0.0015703786409649867
PALMAS,2022-02-01,2022,-0.0015566387951138937
PALMAS,2022-03-01,2022,-0.0014914147021691782
PALMAS,2022-04-01,2022,-0.001370114812229668
PALMAS,2022-05-01,2022,-0.0012311533284121512
PALMAS,2022-06-01,2022,-0.001128686411230797
PALMAS,2022-07-01,2022,-0.0011774882055859636
PALMAS,2022-08-01,2022,-0.0013903192708745959
PALMAS,2022-09-01,2022,-0.001194397941389187
PALMAS,2022-10-01,2022,-0.0010365007553312245
PALMAS,2022-11-01,2022,-0.0010935222445032132
PALMAS,2022-12-01,2022,-0.0011527156127509608
PALMAS,2023-01-01,2023,-0.0010471789090799
PALMAS,2023-02-01,2023,-0.0010406695710639213
PALMAS,2023-03-01,2023,-0.0010235435695351081
PALMAS,2023-04-01,2023,-0.0009889328408839116
PALMAS,2023-05-01,2023,-0.0010823048228356979
PALMAS,2023-06-01,2023,-0.0013200882870218588
PALMAS,2023-07-01,2023,-0.0014624284505933048
PALMAS,2023-08-01,2023,-0.0015266482072210463
PALMAS,2023-09-01,2023,-0.0014222731226767515
PALMAS,2023-10-01,2023,-0.0014006782333728074
PALMAS,2023-11-01,2023,-0.0014359726955982643
PALMAS,2023-12-01,2023,-0.001234654063884808
PALMAS,2024-01-01,2024,-0.0013453548021438633
PALMAS,2024-02-01,2024,-0.0014976105748156908
PALMAS,2024-03-01,2024,-0.001499748358687465
PALMAS,2024-04-01,2024,-0.001505280750330047
PALMAS,2024-05-01,2024,-0.0015040572221944725
PALMAS,2024-06-01,2024,-0.0012535893303191913
PALMAS,2024-07-01,2024,-0.0010382246351777914
PALMAS,2024-08-01,2024,-0.0009227642978853701
PALMAS,2024-09-01,2024,-0.0009322789898161643
PALMAS,2024-10-01,2024,-0.0010865513547019634
PALMAS,2024-11-01,2024,-0.0009546026497278914
PALMAS,2024-12-01,2024,-0.0010466747233275609
PALMAS,2025-01-01,2025,-0.0010689741041806022
PALMAS,2025-02-01,2025,-0.0011358775050551717
PALMAS,2025-03-01,2025,-0.0011335463753779607
PALMAS,2025-04-01,2025,-0.0010403844982322763
PALMAS,2025-05-01,2025,-0.0008387237425291926
PALMAS,2025-06-01,2025,-0.0007415774963505095
PALMAS,2025-07-01,2025,-0.0005249104371591029
PALMAS,2025-08-01,2025,-0.0005234130615547273
PALMAS,2025-09-01,2025,-0.00033638107844650376
PALMAS,2025-10-01,2025,-0.00017246296260517546
PALMAS,2025-11-01,2025,-1.87170141539017e-05
PALMAS,2025-12-01,2025,3.2744832795859045e-05
PALMAS,2026-01-01,2026,5.0807920716422486e-05
PALMAS,2026-02-01,2026,4.459936797283515e-05
PALMAS,2026-03-01,2026,-3.1702399793187565e-05
PALMAS,2026-04-01,2026,-8.931617426748417e-06
PALMAS,2026-05-01,2026,8.371781201151452e-05
PALMAS,2026-06-01,2026,5.9984596712192584e-05
PALMAS,2026-07-01,2026,0.00023624159868921747
PALMAS,2026-08-01,2026,0.0004102550896720669
PALMAS,2026-09-01,2026,0.00041007172954989236
PALMAS,2026-10-01,2026,0.00034949295132240987
PALMAS,2026-11-01,2026,0.00010511579423902128
PALMAS,2026-12-01,2026,0.0002057099647252758
PALMAS,2027-01-01,2027,0.0003906136291176798
PALMAS,2027-02-01,2027,0.0003449128793998435
PALMAS,2027-03-01,2027,0.000298025980797183
PALMAS,2027-04-01,2027,0.0003946209880715612
PALMAS,2027-05-01,2027,0.0005213061987269651
PALMAS,2027-06-01,2027,0.0007350332960746208
PALMAS,2027-07-01,2027,0.0007603588584618559
PALMAS,2027-08-01,2027,0.0005783485252524589
PALMAS,2027-09-01,2027,0.0003197192426155815
PALMAS,2027-10-01,2027,0.00031809495241002627
PALMAS,2027-11-01,2027,0.0002682292177633783
PALMAS,2027-12-01,2027,0.00015302027728780087
PALMAS,2028-01-01,2028,4.6777235521133774e-05
PALMAS,2028-02-01,2028,5.649767497984071e-05
PALMAS,2028-03-01,2028,9.893958220968724e-05
PALMAS,2028-04-01,2028,0.0002721411683528441
PALMAS,2028-05-01,2028,0.0003385141550998028
PALMAS,2028-06-01,2028,0.0002745163369977166
PALMAS,2028-07-01,2028,9.000541466886336e-05
PALMAS,2028-08-01,2028,-7.728643772220378e-05
PALMAS,2028-09-01,2028,-8.799088649863007e-05
PALMAS,2028-10-01,2028,-0.00017098151481034885
PALMAS,2028-11-01,2028,-0.0001113512931446281
PALMAS,2028-12-01,2028,-0.0001455139735769495
PALMAS,2029-01-01,2029,-0.00044084085921407555
PALMAS,2029-02-01,2029,-0.0004577450636078306
PALMAS,2029-03-01,2029,-0.0002342613039640118
PALMAS,2029-04-01,2029,-0.00018006674100516486
PALMAS,2029-05-01,2029,-0.00031268877650215244
PALMAS,2029-06-01,2029,-0.0005613300070416006
PALMAS,2029-07-01,2029,-0.00033675134753801127
PALMAS,2029-08-01,2029,-0.0004738888465369007
PALMAS,2029-09-01,2029,-0.0005264176680735777
PALMAS,2029-10-01,2029,-0.0004354492439410662
PALMAS,2029-11-01,2029,-0.0003941690334954351
PALMAS,2029-12-01,2029,-0.00039832419499804763
PALMAS,2030-01-01,2030,-0.00040772258575735745
PALMAS,2030-02-01,2030,-0.0004536865656647593
PALMAS,2030-03-01,2030,-0.0003990381781560726
PALMAS,2030-04-01,2030,-0.0004765177228966366
PALMAS,2030-05-01,2030,-0.0005545949802829009
PALMAS,2030-06-01,2030,-0.0005829374712854563
PALMAS,2030-07-01,2030,-0.0007149276610693156
PALMAS,2030-08-01,2030,-0.0007283425562204337
PALMAS,2030-09-01,2030,-0.0006130124687815619
PALMAS,2030-10-01,2030,-0.0008099841565586785
PALMAS,2030-11-01,2030,-0.0009074919158351968
PALMAS,2030-12-01,2030,-0.0008075360733078818
PALMAS,2031-01-01,2031,-0.0007648852027950714
PALMAS,2031-02-01,2031,-0.0008123565758060769
PALMAS,2031-03-01,2031,-0.0009738551002252894
PALMAS,2031-04-01,2031,-0.0010105946776576768
PALMAS,2031-05-01,2031,-0.0012381518441058304
PALMAS,2031-06-01,2031,-0.0015047647351478877
PALMAS,2031-07-01,2031,-0.0016234574824704185
PALMAS,2031-08-01,2031,-0.0018209644228582866
PALMAS,2031-09-01,2031,-0.0019641834278714865
PALMAS,2031-10-01,2031,-0.0020345206580689944
PALMAS,2031-11-01,2031,-0.0020297818822358105
PALMAS,2031-12-01,2031,-0.0023156286751773282
PALMAS,2032-01-01,2032,-0.002447808084986254
PALMAS,2032-02-01,2032,-0.002667143699246608
PALMAS,2032-03-01,2032,-0.002887789438804582
PALMAS,2032-04-01,2032,-0.002945542377387398
PALMAS,2032-05-01,2032,-0.003244620485420355
PALMAS,2032-06-01,2032,-0.003572165875393629
PALMAS,2032-07-01,2032,-0.003584156823664746
PALMAS,2032-08-01,2032,-0.0036194546646268555
PALMAS,2032-09-01,2032,-0.003842341674699847
PALMAS,2032-10-01,2032,-0.0037011706412229083
PALMAS,2032-11-01,2032,-0.0038012371942004997
PALMAS,2032-12-01,2032,-0.003995209593424045
PALMAS,2033-01-01,2033,-0.004138725974767083
PALMAS,2033-02-01,2033,-0.004094684434026519
PALMAS,2033-03-01,2033,-0.004226722258687139
PALMAS,2033-04-01,2033,-0.004242585948538282
PALMAS,2033-05-01,2033,-0.004439352794846713
PALMAS,2033-06-01,2033,-0.004678081421760594
PALMAS,2033-07-01,2033,-0.004940881807160731
PALMAS,2033-08-01,2033,-0.004795826525116633
PALMAS,2033-09-01,2033,-0.00482602293958974
PALMAS,2033-10-01,2033,-0.004690801398577704
PALMAS,2033-11-01,2033,-0.004545394520140206
PALMAS,2033-12-01,2033,-0.004554823455729266
PALMAS,2034-01-01,2034,-0.004561757911979294
PALMAS,2034-02-01,2034,-0.004344376615989196
PALMAS,2034-03-01,2034,-0.004110907623837607
PALMAS,2034-04-01,2034,-0.0040205801166109875
PALMAS,2034-05-01,2034,-0.003865962586719225
PALMAS,2034-06-01,2034,-0.003607319248175969
PALMAS,2034-07-01,2034,-0.003316234923292398
PALMAS,2034-08-01,2034,-0.002988887090634573
PALMAS,2034-09-01,2034,-0.0029791710278116446
PALMAS,2034-10-01,2034,-0.0028336728816309464
PALMAS,2034-11-01,2034,-0.0028643372147397228
PALMAS,2034-12-01,2034,-0.002641671092533893
PALMAS,2035-01-01,2035,-0.0025839407656722945
PALMAS,2035-02-01,2035,-0.002548723760989238
PALMAS,2035-03-01,2035,-0.002527661071311824
PALMAS,2035-04-01,2035,-0.0025309915959394512
PALMAS,2035-05-01,2035,-0.002386586835451261
PALMAS,2035-06-01,2035,-0.002206954535569181
PALMAS,2035-07-01,2035,-0.0021430871745937298
PALMAS,2035-08-01,2035,-0.002358870472589487
PALMAS,2035-09-01,2035,-0.0023053515976044505
PALMAS,2035-10-01,2035,-0.002310667279310148
PALMAS,2035-11-01,2035,-0.002197018585296342
PALMAS,2035-12-01,2035,-0.0021865796186953655
PALMAS,2036-01-01,2036,-0.002293560754469124
PALMAS,2036-02-01,2036,-0.0022589956053486546
PALMAS,2036-03-01,2036,-0.0022885464448129753
PALMAS,2036-04-01,2036,-0.0023923056720163262
PALMAS,2036-05-01,2036,-0.0023329393694915246
PALMAS,2036-06-01,2036,-0.0024870077778435485
PALMAS,2036-07-01,2036,-0.0024841482554941296
PALMAS,2036-08-01,2036,-0.002338637381078721
PALMAS,2036-09-01,2036,-0.0020437666757495455
PALMAS,2036-10-01,2036,-0.001871725857580533
PALMAS,2036-11-01,2036,-0.001664825799954519
PALMAS,2036-12-01,2036,-0.001742362727665998
PALMAS,2037-01-01,2037,-0.0015574445184039277
PALMAS,2037-02-01,2037,-0.0015935914098751348
PALMAS,2037-03-01,2037,-0.0015333545875751199
PALMAS,2037-04-01,2037,-0.001563611538147669
PALMAS,2037-05-01,2037,-0.0014951073185362285
PALMAS,2037-06-01,2037,-0.0015225259201178676
PALMAS,2037-07-01,2037,-0.0016973478145899134
PALMAS,2037-08-01,2037,-0.0017019325092786008
PALMAS,2037-09-01,2037,-0.0016608300399390007
PALMAS,2037-10-01,2037,-0.0017251414015466704
PALMAS,2037-11-01,2037,-0.0015523293661297722
PALMAS,2037-12-01,2037,-0.001592370957940703
PALMAS,2038-01-01,2038,-0.0015369107294648176
PALMAS,2038-02-01,2038,-0.0015326612252453487
PALMAS,2038-03-01,2038,-0.0014725676578405
PALMAS,2038-04-01,2038,-0.0013545276121352035
PALMAS,2038-05-01,2038,-0.001363621755822435
PALMAS,2038-06-01,2038,-0.0014434872528162823
PALMAS,2038-07-01,2038,-0.0014662423489952548
PALMAS,2038-08-01,2038,-0.0014185613573770173
PALMAS,2038-09-01,2038,-0.0016245042820575218
PALMAS,2038-10-01,2038,-0.0016422117136034187
PALMAS,2038-11-01,2038,-0.001734243980054433
PALMAS,2038-12-01,2038,-0.0019573909437447124
PALMAS,2039-01-01,2039,-0.0018873076136961186
PALMAS,2039-02-01,2039,-0.0018951534144828952
PALMAS,2039-03-01,2039,-0.0019737185479692123
PALMAS,2039-04-01,2039,-0.002022376615859165
PALMAS,2039-05-01,2039,-0.0017699592078953663
PALMAS,2039-06-01,2039,-0.0019316693485492609
PALMAS,2039-07-01,2039,-0.0019767021209896106
PALMAS,2039-08-01,2039,-0.0017051832980120919
PALMAS,2039-09-01,2039,-0.0018650367832002157
PALMAS,2039-10-01,2039,-0.0018873648500184004
PALMAS,2039-11-01,2039,-0.0017279318981991154
PALMAS,2039-12-01,2039,-0.001899502321874582
PORTO ALEGRE,2010-01-01,2010,0.0
PORTO ALEGRE,2010-02-01,2010,0.0
PORTO ALEGRE,2010-03-01,2010,0.0
PORTO ALEGRE,2010-04-01,2010,-5.983431685492979e-05
PORTO ALEGRE,2010-05-01,2010,0.00024931629473404324
PORTO ALEGRE,2010-06-01,2010,-0.00031459008466682483
PORTO ALEGRE,2010-07-01,2010,-0.0002647543955473486
PORTO ALEGRE,2010-08-01,2010,0.00018337632033300523
PORTO ALEGRE,2010-09-01,2010,0.000326384664212187
PORTO ALEGRE,2010-10-01,2010,0.0005688271624615293
PORTO ALEGRE,2010-11-01,2010,0.0007678136356132526
PORTO ALEGRE,2010-12-01,2010,0.0006098701607683399
PORTO ALEGRE,2011-01-01,2011,0.0003484372038648598
PORTO ALEGRE,2011-02-01,2011,0.0002001621983189139
PORTO ALEGRE,2011-03-01,2011,7.75511210808466e-05
PORTO ALEGRE,2011-04-01,2011,0.00038293806680797624
PORTO ALEGRE,2011-05-01,2011,0.0003278270620738144
PORTO ALEGRE,2011-06-01,2011,0.0003438760466838642
PORTO ALEGRE,2011-07-01,2011,0.00012692243566380211
PORTO ALEGRE,2011-08-01,2011,0.0001710267740312965
PORTO ALEGRE,2011-09-01,2011,0.0001276010792299287
PORTO ALEGRE,2011-10-01,2011,0.00023721926093345002
PORTO ALEGRE,2011-11-01,2011,7.195257867611105e-05
PORTO ALEGRE,2011-12-01,2011,0.00016196757809324946
PORTO ALEGRE,2012-01-01,2012,0.00010838743764908787
PORTO ALEGRE,2012-02-01,2012,0.00011905874628081347
PORTO ALEGRE,2012-03-01,2012,5.860230254995158e-05
PORTO ALEGRE,2012-04-01,2012,1.8426467607776108e-05
PORTO ALEGRE,2012-05-01,2012,-0.00015742051314857175
PORTO ALEGRE,2012-06-01,2012,-0.0001919888725024521
PORTO ALEGRE,2012-07-01,2012,0.00020895771608692604
PORTO ALEGRE,2012-08-01,2012,-0.00012541812426460796
PORTO ALEGRE,2012-09-01,2012,-0.00010033365831513263
PORTO ALEGRE,2012-10-01,2012,7.806288498891756e-05
PORTO ALEGRE,2012-11-01,2012,1.0778960881286936e-05
PORTO ALEGRE,2012-12-01,2012,-3.257040015022583e-05
PORTO ALEGRE,2013-01-01,2013,-6.690935992527014e-05
PORTO ALEGRE,2013-02-01,2013,-1.5267672300053327e-05
PORTO ALEGRE,2013-03-01,2013,3.822366579070424e-06
PORTO ALEGRE,2013-04-01,2013,-0.00015639064851784678
PORTO ALEGRE,2013-05-01,2013,-0.0002482686475236995
PORTO ALEGRE,2013-06-01,2013,-0.0003804868580018683
PORTO ALEGRE,2013-07-01,2013,-0.00042522668537520734
PORTO ALEGRE,2013-08-01,2013,0.0001389291591521402
PORTO ALEGRE,2013-09-01,2013,0.00011204918783752071
PORTO ALEGRE,2013-10-01,2013,8.005383858543769e-05
PORTO ALEGRE,2013-11-01,2013,0.00039943253281720883
PORTO ALEGRE,2013-12-01,2013,0.0004605143098817055
PORTO ALEGRE,2014-01-01,2014,0.0010912368124448735
PORTO ALEGRE,2014-02-01,2014,0.00073203741286329
PORTO ALEGRE,2014-03-01,2014,0.0012228130276137584
PORTO ALEGRE,2014-04-01,2014,0.0010040220933379585
PORTO ALEGRE,2014-05-01,2014,0.0010485773398631782
PORTO ALEGRE,2014-06-01,2014,0.0012513939169707976
PORTO ALEGRE,2014-07-01,2014,0.0012504017017281467
PORTO ALEGRE,2014-08-01,2014,0.001313523817268093
PORTO ALEGRE,2014-09-01,2014,0.0017703698804503298
PORTO ALEGRE,2014-10-01,2014,0.0016596499831188782
PORTO ALEGRE,2014-11-01,2014,0.0015720061148637155
PORTO ALEGRE,2014-12-01,2014,0.001238672363081681
PORTO ALEGRE,2015-01-01,2015,0.0007294063200614564
PORTO ALEGRE,2015-02-01,2015,0.0002546267674060476
PORTO ALEGRE,2015-03-01,2015,0.0006051910802000093
PORTO ALEGRE,2015-04-01,2015,0.0006071219931835681
PORTO ALEGRE,2015-05-01,2015,0.0007006908014149871
PORTO ALEGRE,2015-06-01,2015,0.000763619347290233
PORTO ALEGRE,2015-07-01,2015,0.0012648941309306128
PORTO ALEGRE,2015-08-01,2015,0.0018918361564075115
PORTO ALEGRE,2015-09-01,2015,0.0023720260160430186
PORTO ALEGRE,2015-10-01,2015,0.0023205628700770486
PORTO ALEGRE,2015-11-01,2015,0.0021964624380616782
PORTO ALEGRE,2015-12-01,2015,0.0021124354747330343
PORTO ALEGRE,2016-01-01,2016,0.001645755090847384
PORTO ALEGRE,2016-02-01,2016,0.001932811564931991
PORTO ALEGRE,2016-03-01,2016,0.001901210399681138
PORTO ALEGRE,2016-04-01,2016,0.0021254017926135094
PORTO ALEGRE,2016-05-01,2016,0.0018895814903256791
PORTO ALEGRE,2016-06-01,2016,0.0021292176821510766
PORTO ALEGRE,2016-07-01,2016,0.002264891591107251
PORTO ALEGRE,2016-08-01,2016,0.0024191794325115123
PORTO ALEGRE,2016-09-01,2016,0.0026511846936256613
PORTO ALEGRE,2016-10-01,2016,0.00251082481778339
PORTO ALEGRE,2016-11-01,2016,0.0027418069356657184
PORTO ALEGRE,2016-12-01,2016,0.002847143723496737
PORTO ALEGRE,2017-01-01,2017,0.0033253869330851426
PORTO ALEGRE,2017-02-01,2017,0.0034827142919021128
PORTO ALEGRE,2017-03-01,2017,0.003945121378697485
PORTO ALEGRE,2017-04-01,2017,0.0039257408657698105
PORTO ALEGRE,2017-05-01,2017,0.0037901130955061723
PORTO ALEGRE,2017-06-01,2017,0.003549739276504702
PORTO ALEGRE,2017-07-01,2017,0.0036691286712126304
PORTO ALEGRE,2017-08-01,2017,0.003368651043054802
PORTO ALEGRE,2017-09-01,2017,0.003350613455029645
PORTO ALEGRE,2017-10-01,2017,0.0034183961288233
PORTO ALEGRE,2017-11-01,2017,0.003357864008065573
PORTO ALEGRE,2017-12-01,2017,0.0033898693891405186
PORTO ALEGRE,2018-01-01,2018,0.003197833892304236
PORTO ALEGRE,2018-02-01,2018,0.003751658819102116
PORTO ALEGRE,2018-03-01,2018,0.003892876483548018
PORTO ALEGRE,2018-04-01,2018,0.0036591992760580884
PORTO ALEGRE,2018-05-01,2018,0.00376036838394991
PORTO ALEGRE,2018-06-01,2018,0.003237164588304505
PORTO ALEGRE,2018-07-01,2018,0.0027579805630129892
PORTO ALEGRE,2018-08-01,2018,0.002305553401276017
PORTO ALEGRE,2018-09-01,2018,0.0023076731535940586
PORTO ALEGRE,2018-10-01,2018,0.002160976354206785
PORTO ALEGRE,2018-11-01,2018,0.002198994735094416
PORTO ALEGRE,2018-12-01,2018,0.0018371213780741824
PORTO ALEGRE,2019-01-01,2019,0.0008196119496290466
PORTO ALEGRE,2019-02-01,2019,-0.00036637187756785925
PORTO ALEGRE,2019-03-01,2019,-0.000667905707520775
PORTO ALEGRE,2019-04-01,2019,-0.0010001675577924307
PORTO ALEGRE,2019-05-01,2019,-0.0010321345026650087
PORTO ALEGRE,2019-06-01,2019,-0.0004177672523283182
PORTO ALEGRE,2019-07-01,2019,-0.0011327853148405786
PORTO ALEGRE,2019-08-01,2019,-0.0016266177201777932
PORTO ALEGRE,2019-09-01,2019,-0.0017169333923858832
PORTO ALEGRE,2019-10-01,2019,-0.001436159945433
PORTO ALEGRE,2019-11-01,2019,-0.002063165759151967
PORTO ALEGRE,2019-12-01,2019,-0.0027755878291209537
PORTO ALEGRE,2020-01-01,2020,-0.0030035541195828574
PORTO ALEGRE,2020-02-01,2020,-0.0036796845421374225
PORTO ALEGRE,2020-03-01,2020,-0.0031662887506181594
PORTO ALEGRE,2020-04-01,2020,-0.003191460005857242
PORTO ALEGRE,2020-05-01,2020,-0.003132767054819784
PORTO ALEGRE,2020-06-01,2020,-0.0030771012616970005
PORTO ALEGRE,2020-07-01,2020,-0.0027887957395714815
PORTO ALEGRE,2020-08-01,2020,-0.001994838870025052
PORTO ALEGRE,2020-09-01,2020,-0.0013614030707009273
PORTO ALEGRE,2020-10-01,2020,-0.0012126146150556695
PORTO ALEGRE,2020-11-01,2020,-0.0023631057986789094
PORTO ALEGRE,2020-12-01,2020,-0.0019290945741129205
PORTO ALEGRE,2021-01-01,2021,-0.001539640595127092
PORTO ALEGRE,2021-02-01,2021,-0.000991018560371626
PORTO ALEGRE,2021-03-01,2021,3.19209853171476e-05
PORTO ALEGRE,2021-04-01,2021,0.0008173602137042224
PORTO ALEGRE,2021-05-01,2021,0.0011295759865324517
PORTO ALEGRE,2021-06-01,2021,0.0008205114007033721
PORTO ALEGRE,2021-07-01,2021,0.0017267960862513364
PORTO ALEGRE,2021-08-01,2021,0.0015427248118887681
PORTO ALEGRE,2021-09-01,2021,0.002306097070417014
PORTO ALEGRE,2021-10-01,2021,0.002555861135960025
PORTO ALEGRE,2021-11-01,2021,0.0026923620075397624
PORTO ALEGRE,2021-12-01,2021,0.0028171879294927905
PORTO ALEGRE,2022-01-01,2022,0.003461928232006126
PORTO ALEGRE,2022-02-01,2022,0.004493823929898551
PORTO ALEGRE,2022-03-01,2022,0.005455171917808983
PORTO ALEGRE,2022-04-01,2022,0.0053425282106638276
PORTO ALEGRE,2022-05-01,2022,0.005795838805561317
PORTO ALEGRE,2022-06-01,2022,0.005918556561506272
PORTO ALEGRE,2022-07-01,2022,0.006792304745366124
PORTO ALEGRE,2022-08-01,2022,0.007626700269171873
PORTO ALEGRE,2022-09-01,2022,0.007088666431103738
PORTO ALEGRE,2022-10-01,2022,0.005637968150165695
PORTO ALEGRE,2022-11-01,2022,0.00546164549696966
PORTO ALEGRE,2022-12-01,2022,0.005398867684917336
PORTO ALEGRE,2023-01-01,2023,0.005359538241000748
PORTO ALEGRE,2023-02-01,2023,0.005963864443627855
PORTO ALEGRE,2023-03-01,2023,0.005867062458778158
PORTO ALEGRE,2023-04-01,2023,0.005638971084538194
PORTO ALEGRE,2023-05-01,2023,0.005599977946204577
PORTO ALEGRE,2023-06-01,2023,0.00565818589061102
PORTO ALEGRE,2023-07-01,2023,0.0061247634899878325
PORTO ALEGRE,2023-08-01,2023,0.005123579975484039
PORTO ALEGRE,2023-09-01,2023,0.0031643819561224616
PORTO ALEGRE,2023-10-01,2023,0.0017407673091584662
PORTO ALEGRE,2023-11-01,2023,0.0009739617269930312
PORTO ALEGRE,2023-12-01,2023,0.0009367928860434893
PORTO ALEGRE,2024-01-01,2024,0.0021054977303980003
PORTO ALEGRE,2024-02-01,2024,0.0025491013693547315
PORTO ALEGRE,2024-03-01,2024,0.0028210865949067875
PORTO ALEGRE,2024-04-01,2024,0.0029994436838801054
PORTO ALEGRE,2024-05-01,2024,0.0028053555087866
PORTO ALEGRE,2024-06-01,2024,0.002951936444186414
PORTO ALEGRE,2024-07-01,2024,0.0029164003067997045
PORTO ALEGRE,2024-08-01,2024,0.002386408021785389
PORTO ALEGRE,2024-09-01,2024,0.0027602062568046716
PORTO ALEGRE,2024-10-01,2024,0.002300077609919393
PORTO ALEGRE,2024-11-01,2024,0.0017193260226104035
PORTO ALEGRE,2024-12-01,2024,0.001076402210857499
PORTO ALEGRE,2025-01-01,2025,7.597149072623655e-05
PORTO ALEGRE,2025-02-01,2025,-9.901274084107347e-05
PORTO ALEGRE,2025-03-01,2025,0.0014628123833718388
PORTO ALEGRE,2025-04-01,2025,0.0020110647628099553
PORTO ALEGRE,2025-05-01,2025,0.003187886100927266
PORTO ALEGRE,2025-06-01,2025,0.003928077117602347
PORTO ALEGRE,2025-07-01,2025,0.004179845022093589
PORTO ALEGRE,2025-08-01,2025,0.005421209063482199
PORTO ALEGRE,2025-09-01,2025,0.006401581959804401
PORTO ALEGRE,2025-10-01,2025,0.005733226944819121
PORTO ALEGRE,2025-11-01,2025,0.005022530676272324
PORTO ALEGRE,2025-12-01,2025,0.004327247428785741
PORTO ALEGRE,2026-01-01,2026,0.0032790487039215965
PORTO ALEGRE,2026-02-01,2026,0.003156720369876431
PORTO ALEGRE,2026-03-01,2026,0.001956093669779286
PORTO ALEGRE,2026-04-01,2026,0.0012298052692087014
PORTO ALEGRE,2026-05-01,2026,0.0012504891110295669
PORTO ALEGRE,2026-06-01,2026,0.0003663447363671746
PORTO ALEGRE,2026-07-01,2026,-0.0009182593746802791
PORTO ALEGRE,2026-08-01,2026,-0.0009506661171055741
PORTO ALEGRE,2026-09-01,2026,-0.0006499265297304113
PORTO ALEGRE,2026-10-01,2026,-0.0011160340679396352
PORTO ALEGRE,2026-11-01,2026,-0.0012534364164244027
PORTO ALEGRE,2026-12-01,2026,-0.0013108584389534906
PORTO ALEGRE,2027-01-01,2027,-0.0018427620549277912
PORTO ALEGRE,2027-02-01,2027,-0.0012086099801568585
PORTO ALEGRE,2027-03-01,2027,-0.0006329869278624334
PORTO ALEGRE,2027-04-01,2027,-0.0002515529982815856
PORTO ALEGRE,2027-05-01,2027,-0.0008116373215369532
PORTO ALEGRE,2027-06-01,2027,-0.0018956995668676945
PORTO ALEGRE,2027-07-01,2027,-0.001949008873323439
PORTO ALEGRE,2027-08-01,2027,-0.0020224842399889486
PORTO ALEGRE,2027-09-01,2027,-0.0011777512926951328
PORTO ALEGRE,2027-10-01,2027,-0.0008417335882202392
PORTO ALEGRE,2027-11-01,2027,6.660230199940775e-05
PORTO ALEGRE,2027-12-01,2027,0.001500709380656411
PORTO ALEGRE,2028-01-01,2028,0.0021038808634089045
PORTO ALEGRE,2028-02-01,2028,0.0030001046491483297
PORTO ALEGRE,2028-03-01,2028,0.0034100476015949278
PORTO ALEGRE,2028-04-01,2028,0.0031577744107259866
PORTO ALEGRE,2028-05-01,2028,0.003017356398531019
PORTO ALEGRE,2028-06-01,2028,0.0027394681417594003
PORTO ALEGRE,2028-07-01,2028,0.0035893030190233665
PORTO ALEGRE,2028-08-01,2028,0.004960818637737691
PORTO ALEGRE,2028-09-01,2028,0.0047621522913563275
PORTO ALEGRE,2028-10-01,2028,0.004899206006798409
PORTO ALEGRE,2028-11-01,2028,0.005707503084529111
PORTO ALEGRE,2028-12-01,2028,0.006637043774741676
PORTO ALEGRE,2029-01-01,2029,0.00739487196764683
PORTO ALEGRE,2029-02-01,2029,0.007016845167953223
PORTO ALEGRE,2029-03-01,2029,0.006444332062288323
PORTO ALEGRE,2029-04-01,2029,0.006209861502710623
PORTO ALEGRE,2029-05-01,2029,0.007366758414485395
PORTO ALEGRE,2029-06-01,2029,0.006815019646839904
PORTO ALEGRE,2029-07-01,2029,0.00581211775392161
PORTO ALEGRE,2029-08-01,2029,0.005427096106899249
PORTO ALEGRE,2029-09-01,2029,0.005689712700411631
PORTO ALEGRE,2029-10-01,2029,0.005564309406575989
PORTO ALEGRE,2029-11-01,2029,0.0032303828718759364
PORTO ALEGRE,2029-12-01,2029,0.003697433047972516
PORTO ALEGRE,2030-01-01,2030,0.005246582394751367
PORTO ALEGRE,2030-02-01,2030,0.006609270625941903
PORTO ALEGRE,2030-03-01,2030,0.00731611823032412
PORTO ALEGRE,2030-04-01,2030,0.0072407319036976526
PORTO ALEGRE,2030-05-01,2030,0.006686934197095686
PORTO ALEGRE,2030-06-01,2030,0.0063851382651175246
PORTO ALEGRE,2030-07-01,2030,0.006488986829111338
PORTO ALEGRE,2030-08-01,2030,0.007173989273627312
PORTO ALEGRE,2030-09-01,2030,0.007438634718758525
PORTO ALEGRE,2030-10-01,2030,0.007379287745374004
PORTO ALEGRE,2030-11-01,2030,0.007113413437879425
PORTO ALEGRE,2030-12-01,2030,0.006996184556651215
PORTO ALEGRE,2031-01-01,2031,0.006563720996357261
PORTO ALEGRE,2031-02-01,2031,0.005106701652166765
PORTO ALEGRE,2031-03-01,2031,0.005311396033100375
PORTO ALEGRE,2031-04-01,2031,0.004131947350886995
PORTO ALEGRE,2031-05-01,2031,0.003465193026347497
PORTO ALEGRE,2031-06-01,2031,0.004372315420091879
PORTO ALEGRE,2031-07-01,2031,0.005331633373654172
PORTO ALEGRE,2031-08-01,2031,0.005950337896737421
PORTO ALEGRE,2031-09-01,2031,0.006455711155717461
PORTO ALEGRE,2031-10-01,2031,0.006120677395992111
PORTO ALEGRE,2031-11-01,2031,0.0064784575939531245
PORTO ALEGRE,2031-12-01,2031,0.006674978283429638
PORTO ALEGRE,2032-01-01,2032,0.006415895963859813
PORTO ALEGRE,2032-02-01,2032,0.0054287451856426605
PORTO ALEGRE,2032-03-01,2032,0.004446815367553323
PORTO ALEGRE,2032-04-01,2032,0.002689242292090517
PORTO ALEGRE,2032-05-01,2032,0.0012393281168015702
PORTO ALEGRE,2032-06-01,2032,-0.0025440572391244687
PORTO ALEGRE,2032-07-01,2032,-0.0013415065254647196
PORTO ALEGRE,2032-08-01,2032,-0.00023087805340064936
PORTO ALEGRE,2032-09-01,2032,5.903252267120962e-05
PORTO ALEGRE,2032-10-01,2032,0.0014239560890288395
PORTO ALEGRE,2032-11-01,2032,-0.00016022851433270536
PORTO ALEGRE,2032-12-01,2032,-0.001867045456342984
PORTO ALEGRE,2033-01-01,2033,-0.0022711777855044125
PORTO ALEGRE,2033-02-01,2033,-0.0018615889911779914
PORTO ALEGRE,2033-03-01,2033,-0.0038574383703136638
PORTO ALEGRE,2033-04-01,2033,-0.004723020514509195
PORTO ALEGRE,2033-05-01,2033,-0.004376573579661225
PORTO ALEGRE,2033-06-01,2033,-0.003945848345632492
PORTO ALEGRE,2033-07-01,2033,-0.002977527683407808
PORTO ALEGRE,2033-08-01,2033,-0.0031772452952872764
PORTO ALEGRE,2033-09-01,2033,-0.0013559718560689849
PORTO ALEGRE,2033-10-01,2033,-0.00041474251414053365
PORTO ALEGRE,2033-11-01,2033,0.000939560990601409
PORTO ALEGRE,2033-12-01,2033,0.0015925028099186855
PORTO ALEGRE,2034-01-01,2034,0.0014969761866864472
PORTO ALEGRE,2034-02-01,2034,0.0013368371489885255
PORTO ALEGRE,2034-03-01,2034,0.0006837822538334715
PORTO ALEGRE,2034-04-01,2034,0.00011937403017855175
PORTO ALEGRE,2034-05-01,2034,0.0011061097635148686
PORTO ALEGRE,2034-06-01,2034,0.002034386398001633
PORTO ALEGRE,2034-07-01,2034,0.002041422231333483
PORTO ALEGRE,2034-08-01,2034,0.002249790252730517
PORTO ALEGRE,2034-09-01,2034,0.00218187887161186
PORTO ALEGRE,2034-10-01,2034,0.0018591708667954055
PORTO ALEGRE,2034-11-01,2034,0.003217549686409844
PORTO ALEGRE,2034-12-01,2034,0.0027352654318483884
PORTO ALEGRE,2035-01-01,2035,0.0025031092075913476
PORTO ALEGRE,2035-02-01,2035,0.001739898432931588
PORTO ALEGRE,2035-03-01,2035,0.0022951693342281574
PORTO ALEGRE,2035-04-01,2035,0.003029110055243307
PORTO ALEGRE,2035-05-01,2035,0.0031081270418997263
PORTO ALEGRE,2035-06-01,2035,0.0033310732454849344
PORTO ALEGRE,2035-07-01,2035,0.0029097523501867093
PORTO ALEGRE,2035-08-01,2035,0.0020289078492229584
PORTO ALEGRE,2035-09-01,2035,0.0014223622058353346
PORTO ALEGRE,2035-10-01,2035,0.0015676797983447367
PORTO ALEGRE,2035-11-01,2035,0.0014562015301452958
PORTO ALEGRE,2035-12-01,2035,0.0005217674280693308
PORTO ALEGRE,2036-01-01,2036,0.00044958271693896546
PORTO ALEGRE,2036-02-01,2036,0.0005243011249931695
PORTO ALEGRE,2036-03-01,2036,0.0004997611667144053
PORTO ALEGRE,2036-04-01,2036,0.0011129252866073336
PORTO ALEGRE,2036-05-01,2036,0.0014274923117308313
PORTO ALEGRE,2036-06-01,2036,0.0016973628985505118
PORTO ALEGRE,2036-07-01,2036,0.001903070331622374
PORTO ALEGRE,2036-08-01,2036,0.002463934458666659
PORTO ALEGRE,2036-09-01,2036,0.00222715885203854
PORTO ALEGRE,2036-10-01,2036,0.0018271126528004423
PORTO ALEGRE,2036-11-01,2036,0.002587095341837653
PORTO ALEGRE,2036-12-01,2036,0.003101903780110642
PORTO ALEGRE,2037-01-01,2037,0.0034438167549490626
PORTO ALEGRE,2037-02-01,2037,0.002765322024447867
PORTO ALEGRE,2037-03-01,2037,0.0029484896243984005
PORTO ALEGRE,2037-04-01,2037,0.0029247589597576427
PORTO ALEGRE,2037-05-01,2037,0.003617855026787553
PORTO ALEGRE,2037-06-01,2037,0.003985043964386477
PORTO ALEGRE,2037-07-01,2037,0.0037170406561467307
PORTO ALEGRE,2037-08-01,2037,0.004266665326579695
PORTO ALEGRE,2037-09-01,2037,0.004666896109850731
PORTO ALEGRE,2037-10-01,2037,0.004339777255087558
PORTO ALEGRE,2037-11-01,2037,0.004304988514370258
PORTO ALEGRE,2037-12-01,2037,0.0041414951256447475
PORTO ALEGRE,2038-01-01,2038,0.004051957054679518
PORTO ALEGRE,2038-02-01,2038,0.004024501009366315
PORTO ALEGRE,2038-03-01,2038,0.004049896216127271
PORTO ALEGRE,2038-04-01,2038,0.004093252206860583
PORTO ALEGRE,2038-05-01,2038,0.004605068767824554
PORTO ALEGRE,2038-06-01,2038,0.005449579172942685
PORTO ALEGRE,2038-07-01,2038,0.005581008495178179
PORTO ALEGRE,2038-08-01,2038,0.005592486456368988
PORTO ALEGRE,2038-09-01,2038,0.005394393173552687
PORTO ALEGRE,2038-10-01,2038,0.00506716830065572
PORTO ALEGRE,2038-11-01,2038,0.005129505031015924
PORTO ALEGRE,2038-12-01,2038,0.005219433945459384
PORTO ALEGRE,2039-01-01,2039,0.005621662150904565
PORTO ALEGRE,2039-02-01,2039,0.004748380515487927
PORTO ALEGRE,2039-03-01,2039,0.004341186970676801
PORTO ALEGRE,2039-04-01,2039,0.0040096663014479225
PORTO ALEGRE,2039-05-01,2039,0.004357778619781975
PORTO ALEGRE,2039-06-01,2039,0.004317166586816652
PORTO ALEGRE,2039-07-01,2039,0.004391829974725816
PORTO ALEGRE,2039-08-01,2039,0.0046680407862570725
PORTO ALEGRE,2039-09-01,2039,0.004767751098983886
PORTO ALEGRE,2039-10-01,2039,0.004599134858518974
PORTO ALEGRE,2039-11-01,2039,0.004771548850920269
PORTO ALEGRE,2039-12-01,2039,0.005105296295486967
PORTO VELHO,2010-01-01,2010,0.0
PORTO VELHO,2010-02-01,2010,0.0
PORTO VELHO,2010-03-01,2010,0.0
PORTO VELHO,2010-04-01,2010,-9.402339661834902e-05
PORTO VELHO,2010-05-01,2010,-0.0001194375734713038
PORTO VELHO,2010-06-01,2010,-0.0004749104139890814
PORTO VELHO,2010-07-01,2010,-0.0004779929579394826
PORTO VELHO,2010-08-01,2010,-0.0006415380148263694
PORTO VELHO,2010-09-01,2010,-0.0008406015127091826
PORTO VELHO,2010-10-01,2010,-0.0010794227253760947
PORTO VELHO,2010-11-01,2010,-0.0012658606510384273
PORTO VELHO,2010-12-01,2010,-0.0012179645756916191
PORTO VELHO,2011-01-01,2011,-0.0010058965133938746
PORTO VELHO,2011-02-01,2011,-0.0011572921694343685
PORTO VELHO,2011-03-01,2011,-0.0010609958459175085
PORTO VELHO,2011-04-01,2011,-0.001234856221995405
PORTO VELHO,2011-05-01,2011,-0.001550920259811973
PORTO VELHO,2011-06-01,2011,-0.001364019902457455
PORTO VELHO,2011-07-01,2011,-0.0011898385232207542
PORTO VELHO,2011-08-01,2011,-0.0012463279614054624
PORTO VELHO,2011-09-01,2011,-0.0012065315479619198
PORTO VELHO,2011-10-01,2011,-0.0014170896255998855
PORTO VELHO,2011-11-01,2011,-0.0014280793701811
PORTO VELHO,2011-12-01,2011,-0.0014249094173102905
PORTO VELHO,2012-01-01,2012,-0.0013378348178383237
PORTO VELHO,2012-02-01,2012,-0.0010662691867381257
PORTO VELHO,2012-03-01,2012,-0.0010302195149539206
PORTO VELHO,2012-04-01,2012,-0.0010847461660784751
PORTO VELHO,2012-05-01,2012,-0.0009677983936756718
PORTO VELHO,2012-06-01,2012,-0.0006525122278860318
PORTO VELHO,2012-07-01,2012,-0.00044288341735356786
PORTO VELHO,2012-08-01,2012,-0.0006070290892076258
PORTO VELHO,2012-09-01,2012,-0.0007708504264268679
PORTO VELHO,2012-10-01,2012,-0.0007112161733515177
PORTO VELHO,2012-11-01,2012,-0.000744573520692019
PORTO VELHO,2012-12-01,2012,-0.0007007768860835173
PORTO VELHO,2013-01-01,2013,-0.0006378799513825895
PORTO VELHO,2013-02-01,2013,-0.0006921109287424487
PORTO VELHO,2013-03-01,2013,-0.0006376344803495893
PORTO VELHO,2013-04-01,2013,-0.0008108531429018317
PORTO VELHO,2013-05-01,2013,-0.0010194575989805855
PORTO VELHO,2013-06-01,2013,-0.0011469413676993756
PORTO VELHO,2013-07-01,2013,-0.00157792594929276
PORTO VELHO,2013-08-01,2013,-0.001711092355693814
PORTO VELHO,2013-09-01,2013,-0.0016411147523221802
PORTO VELHO,2013-10-01,2013,-0.0015533636011038276
PORTO VELHO,2013-11-01,2013,-0.0014931434904485118
PORTO VELHO,2013-12-01,2013,-0.001525969836048232
PORTO VELHO,2014-01-01,2014,-0.0013496153786681274
PORTO VELHO,2014-02-01,2014,-0.001271083303482855
PORTO VELHO,2014-03-01,2014,-0.0012075580943090968
PORTO VELHO,2014-04-01,2014,-0.0011159734232715091
PORTO VELHO,2014-05-01,2014,-0.0009407502479037788
PORTO VELHO,2014-06-01,2014,-0.0009287332007424243
PORTO VELHO,2014-07-01,2014,-0.0009952703777103278
PORTO VELHO,2014-08-01,2014,-0.0007586071058420251
PORTO VELHO,2014-09-01,2014,-0.0008201393266590262
PORTO VELHO,2014-10-01,2014,-0.0007731232596346071
PORTO VELHO,2014-11-01,2014,-0.0005442779977192846
PORTO VELHO,2014-12-01,2014,-0.0006132706922584242
PORTO VELHO,2015-01-01,2015,-0.0007165932067822566
PORTO VELHO,2015-02-01,2015,-0.0007495224663619149
PORTO VELHO,2015-03-01,2015,-0.0007766410267309943
PORTO VELHO,2015-04-01,2015,-0.0006855520997607067
PORTO VELHO,2015-05-01,2015,-0.0006387230869214455
PORTO VELHO,2015-06-01,2015,-0.0008345622350187965
PORTO VELHO,2015-07-01,2015,-0.0012926094227685304
PORTO VELHO,2015-08-01,2015,-0.0018590390805441226
PORTO VELHO,2015-09-01,2015,-0.0024264183448234524
PORTO VELHO,2015-10-01,2015,-0.0026528019159767833
PORTO VELHO,2015-11-01,2015,-0.002611577883178362
PORTO VELHO,2015-12-01,2015,-0.002517762636111198
PORTO VELHO,2016-01-01,2016,-0.0023552752812850044
PORTO VELHO,2016-02-01,2016,-0.0023170471077411893
PORTO VELHO,2016-03-01,2016,-0.0025340231586592744
PORTO VELHO,2016-04-01,2016,-0.0024833117348543
PORTO VELHO,2016-05-01,2016,-0.002170779008268053
PORTO VELHO,2016-06-01,2016,-0.002267900429109504
PORTO VELHO,2016-07-01,2016,-0.002218051097666104
PORTO VELHO,2016-08-01,2016,-0.002244961861516478
PORTO VELHO,2016-09-01,2016,-0.0021698030891036824
PORTO VELHO,2016-10-01,2016,-0.002228402050455689
PORTO VELHO,2016-11-01,2016,-0.0022556311793109685
PORTO VELHO,2016-12-01,2016,-0.0022381386966564966
PORTO VELHO,2017-01-01,2017,-0.002305248232226983
PORTO VELHO,2017-02-01,2017,-0.0024127605263296937
PORTO VELHO,2017-03-01,2017,-0.002616057699251192
PORTO VELHO,2017-04-01,2017,-0.00262750055537028
PORTO VELHO,2017-05-01,2017,-0.0025632327243658194
PORTO VELHO,2017-06-01,2017,-0.0030434131413842715
PORTO VELHO,2017-07-01,2017,-0.0033142215534591635
PORTO VELHO,2017-08-01,2017,-0.0031407450391347834
PORTO VELHO,2017-09-01,2017,-0.003346158787093785
PORTO VELHO,2017-10-01,2017,-0.0034882959346794473
PORTO VELHO,2017-11-01,2017,-0.003619754397708653
PORTO VELHO,2017-12-01,2017,-0.003818788511047222
PORTO VELHO,2018-01-01,2018,-0.003977841256692922
PORTO VELHO,2018-02-01,2018,-0.003917526575975928
PORTO VELHO,2018-03-01,2018,-0.003990285557107687
PORTO VELHO,2018-04-01,2018,-0.003928213729398456
PORTO VELHO,2018-05-01,2018,-0.003960701882093999
PORTO VELHO,2018-06-01,2018,-0.003737454474782036
PORTO VELHO,2018-07-01,2018,-0.003710572828013471
PORTO VELHO,2018-08-01,2018,-0.003709839681206717
PORTO VELHO,2018-09-01,2018,-0.0033849766749681175
PORTO VELHO,2018-10-01,2018,-0.0034187495310665727
PORTO VELHO,2018-11-01,2018,-0.003467998555667361
PORTO VELHO,2018-12-01,2018,-0.0035039051827612565
PORTO VELHO,2019-01-01,2019,-0.0035453732869969758
PORTO VELHO,2019-02-01,2019,-0.0034085570805230127
PORTO VELHO,2019-03-01,2019,-0.0033159375628640064
PORTO VELHO,2019-04-01,2019,-0.003222209697409292
PORTO VELHO,2019-05-01,2019,-0.0032529438960023902
PORTO VELHO,2019-06-01,2019,-0.003214102872518616
PORTO VELHO,2019-07-01,2019,-0.003336560710708043
PORTO VELHO,2019-08-01,2019,-0.0033566861597235965
PORTO VELHO,2019-09-01,2019,-0.003439814195737115
PORTO VELHO,2019-10-01,2019,-0.00366572802659765
PORTO VELHO,2019-11-01,2019,-0.0036069160395212664
PORTO VELHO,2019-12-01,2019,-0.0037552454573726067
PORTO VELHO,2020-01-01,2020,-0.0037351333198503045
PORTO VELHO,2020-02-01,2020,-0.003907787654375117
PORTO VELHO,2020-03-01,2020,-0.0037826299799922935
PORTO VELHO,2020-04-01,2020,-0.0038729899331271856
PORTO VELHO,2020-05-01,2020,-0.003931885356377347
PORTO VELHO,2020-06-01,2020,-0.003998782719121964
PORTO VELHO,2020-07-01,2020,-0.004452186205002195
PORTO VELHO,2020-08-01,2020,-0.004067940603334258
PORTO VELHO,2020-09-01,2020,-0.0042698232506743865
PORTO VELHO,2020-10-01,2020,-0.004149151359379801
PORTO VELHO,2020-11-01,2020,-0.003929887743786518
PORTO VELHO,2020-12-01,2020,-0.00383573210336388
PORTO VELHO,2021-01-01,2021,-0.0037592118615635338
PORTO VELHO,2021-02-01,2021,-0.0036812271218078373
PORTO VELHO,2021-03-01,2021,-0.0034909755447152767
PORTO VELHO,2021-04-01,2021,-0.0034701858894413875
PORTO VELHO,2021-05-01,2021,-0.002876993215057402
PORTO VELHO,2021-06-01,2021,-0.0026880662900859186
PORTO VELHO,2021-07-01,2021,-0.0029630958946127084
PORTO VELHO,2021-08-01,2021,-0.002743072438240933
PORTO VELHO,2021-09-01,2021,-0.0026358649394115996
PORTO VELHO,2021-10-01,2021,-0.0023788106282169206
PORTO VELHO,2021-11-01,2021,-0.002809231175969158
PORTO VELHO,2021-12-01,2021,-0.0027287845945671773
PORTO VELHO,2022-01-01,2022,-0.0029342645353535356
PORTO VELHO,2022-02-01,2022,-0.0031361456445013693
PORTO VELHO,2022-03-01,2022,-0.0029500347140142824
PORTO VELHO,2022-04-01,2022,-0.0027509737366774923
PORTO VELHO,2022-05-01,2022,-0.0028322018991969256
PORTO VELHO,2022-06-01,2022,-0.003372822568534302
PORTO VELHO,2022-07-01,2022,-0.0047020590866635684
PORTO VELHO,2022-08-01,2022,-0.00544291167163715
PORTO VELHO,2022-09-01,2022,-0.00639434565004286
PORTO VELHO,2022-10-01,2022,-0.006618387056391587
PORTO VELHO,2022-11-01,2022,-0.0069862969514699605
PORTO VELHO,2022-12-01,2022,-0.007315010155942904
PORTO VELHO,2023-01-01,2023,-0.007723257164874006
PORTO VELHO,2023-02-01,2023,-0.007637832402186914
PORTO VELHO,2023-03-01,2023,-0.007576048512610249
PORTO VELHO,2023-04-01,2023,-0.007523411782745252
PORTO VELHO,2023-05-01,2023,-0.00784544247758861
PORTO VELHO,2023-06-01,2023,-0.008082161129329557
PORTO VELHO,2023-07-01,2023,-0.008420050729351767
PORTO VELHO,2023-08-01,2023,-0.00888518671564825
PORTO VELHO,2023-09-01,2023,-0.009311080944699653
PORTO VELHO,2023-10-01,2023,-0.009384658972708272
PORTO VELHO,2023-11-01,2023,-0.009501828618767555
PORTO VELHO,2023-12-01,2023,-0.009574172551828797
PORTO VELHO,2024-01-01,2024,-0.009428274272260381
PORTO VELHO,2024-02-01,2024,-0.009367060597017595
PORTO VELHO,2024-03-01,2024,-0.009358818147361982
PORTO VELHO,2024-04-01,2024,-0.009274454339440493
PORTO VELHO,2024-05-01,2024,-0.009169821440137003
PORTO VELHO,2024-06-01,2024,-0.009244713403612438
PORTO VELHO,2024-07-01,2024,-0.00915059607915183
PORTO VELHO,2024-08-01,2024,-0.009070557197019284
PORTO VELHO,2024-09-01,2024,-0.00883161026770188
PORTO VELHO,2024-10-01,2024,-0.008655079686140139
PORTO VELHO,2024-11-01,2024,-0.008543738088588868
PORTO VELHO,2024-12-01,2024,-0.008357720399702779
PORTO VELHO,2025-01-01,2025,-0.008477212818913194
PORTO VELHO,2025-02-01,2025,-0.008678531226470061
PORTO VELHO,2025-03-01,2025,-0.008766655695184242
PORTO VELHO,2025-04-01,2025,-0.008514141944596933
PORTO VELHO,2025-05-01,2025,-0.008763330743052192
PORTO VELHO,2025-06-01,2025,-0.00834228014294339
PORTO VELHO,2025-07-01,2025,-0.008247616066422755
PORTO VELHO,2025-08-01,2025,-0.00809975387404827
PORTO VELHO,2025-09-01,2025,-0.0077651136549901885
PORTO VELHO,2025-10-01,2025,-0.0076224162814229335
PORTO VELHO,2025-11-01,2025,-0.00746587364953084
PORTO VELHO,2025-12-01,2025,-0.007482016161755581
PORTO VELHO,2026-01-01,2026,-0.00746911712837356
PORTO VELHO,2026-02-01,2026,-0.007623168484126131
PORTO VELHO,2026-03-01,2026,-0.007371648649215999
PORTO VELHO,2026-04-01,2026,-0.007080109562969106
PORTO VELHO,2026-05-01,2026,-0.006962310952452972
PORTO VELHO,2026-06-01,2026,-0.006775468884934483
PORTO VELHO,2026-07-01,2026,-0.0066814611516728736
PORTO VELHO,2026-08-01,2026,-0.006513550640858608
PORTO VELHO,2026-09-01,2026,-0.006065962837977206
PORTO VELHO,2026-10-01,2026,-0.005244916199096086
PORTO VELHO,2026-11-01,2026,-0.004859689735952035
PORTO VELHO,2026-12-01,2026,-0.004471761217792345
PORTO VELHO,2027-01-01,2027,-0.003943790998056795
PORTO VELHO,2027-02-01,2027,-0.0040024039548901165
PORTO VELHO,2027-03-01,2027,-0.0039748731238214395
PORTO VELHO,2027-04-01,2027,-0.0038353958992497616
PORTO VELHO,2027-05-01,2027,-0.0034567117957473525
PORTO VELHO,2027-06-01,2027,-0.0027624448143229487
PORTO VELHO,2027-07-01,2027,-0.0031981939899116494
PORTO VELHO,2027-08-01,2027,-0.0030547704422549736
PORTO VELHO,2027-09-01,2027,-0.0030857357383746852
PORTO VELHO,2027-10-01,2027,-0.003391449844944887
PORTO VELHO,2027-11-01,2027,-0.003339168497781171
PORTO VELHO,2027-12-01,2027,-0.0030773871628119397
PORTO VELHO,2028-01-01,2028,-0.0032704652393957022
PORTO VELHO,2028-02-01,2028,-0.003602244759310633
PORTO VELHO,2028-03-01,2028,-0.0035676694279665176
PORTO VELHO,2028-04-01,2028,-0.0035895739796657465
PORTO VELHO,2028-05-01,2028,-0.0037422894043180575
PORTO VELHO,2028-06-01,2028,-0.003685673988187493
PORTO VELHO,2028-07-01,2028,-0.00375529930687301
PORTO VELHO,2028-08-01,2028,-0.0038375121986813842
PORTO VELHO,2028-09-01,2028,-0.003820021404177978
PORTO VELHO,2028-10-01,2028,-0.004275614266269644
PORTO VELHO,2028-11-01,2028,-0.004101450925568374
PORTO VELHO,2028-12-01,2028,-0.004350168775007903
PORTO VELHO,2029-01-01,2029,-0.004348885725347087
PORTO VELHO,2029-02-01,2029,-0.004208910870324653
PORTO VELHO,2029-03-01,2029,-0.003843615316407506
PORTO VELHO,2029-04-01,2029,-0.0037011557861782365
PORTO VELHO,2029-05-01,2029,-0.0038841909557503973
PORTO VELHO,2029-06-01,2029,-0.0037653544906242975
PORTO VELHO,2029-07-01,2029,-0.003746011893893384
PORTO VELHO,2029-08-01,2029,-0.003783175446482874
PORTO VELHO,2029-09-01,2029,-0.0037403920497313258
PORTO VELHO,2029-10-01,2029,-0.0036521413025448857
PORTO VELHO,2029-11-01,2029,-0.0037764513389067587
PORTO VELHO,2029-12-01,2029,-0.0035811548708110973
PORTO VELHO,2030-01-01,2030,-0.0034147053262244998
PORTO VELHO,2030-02-01,2030,-0.002906751694861387
PORTO VELHO,2030-03-01,2030,-0.002917105411222389
PORTO VELHO,2030-04-01,2030,-0.002922180243846423
PORTO VELHO,2030-05-01,2030,-0.003228216927148784
PORTO VELHO,2030-06-01,2030,-0.0034518795556744753
PORTO VELHO,2030-07-01,2030,-0.0035031599061996297
PORTO VELHO,2030-08-01,2030,-0.0033644240951415804
PORTO VELHO,2030-09-01,2030,-0.00338623633838403
PORTO VELHO,2030-10-01,2030,-0.003225219347518934
PORTO VELHO,2030-11-01,2030,-0.003291854809406336
PORTO VELHO,2030-12-01,2030,-0.003527794646086193
PORTO VELHO,2031-01-01,2031,-0.0032044372686941304
PORTO VELHO,2031-02-01,2031,-0.00366186203988165
PORTO VELHO,2031-03-01,2031,-0.0034758186632732335
PORTO VELHO,2031-04-01,2031,-0.003323361059159069
PORTO VELHO,2031-05-01,2031,-0.00307677319784076
PORTO VELHO,2031-06-01,2031,-0.0031845733115466136
PORTO VELHO,2031-07-01,2031,-0.0033263877361199823
PORTO VELHO,2031-08-01,2031,-0.003539737215382618
PORTO VELHO,2031-09-01,2031,-0.003322802555422345
PORTO VELHO,2031-10-01,2031,-0.0032885678831126373
PORTO VELHO,2031-11-01,2031,-0.0032974954553402513
PORTO VELHO,2031-12-01,2031,-0.0030920023448745117
PORTO VELHO,2032-01-01,2032,-0.003188595402717007
PORTO VELHO,2032-02-01,2032,-0.0031280480837784243
PORTO VELHO,2032-03-01,2032,-0.0032021895717294323
PORTO VELHO,2032-04-01,2032,-0.0027461258310316483
PORTO VELHO,2032-05-01,2032,-0.0027612457980780835
PORTO VELHO,2032-06-01,2032,-0.0026327792841116314
PORTO VELHO,2032-07-01,2032,-0.002467854170883218
PORTO VELHO,2032-08-01,2032,-0.0025838583906568247
PORTO VELHO,2032-09-01,2032,-0.0026029569310472133
PORTO VELHO,2032-10-01,2032,-0.0025803112999576673
PORTO VELHO,2032-11-01,2032,-0.0021330582853540236
PORTO VELHO,2032-12-01,2032,-0.0020287644822555586
PORTO VELHO,2033-01-01,2033,-0.0021471553832387523
PORTO VELHO,2033-02-01,2033,-0.002328133257704199
PORTO VELHO,2033-03-01,2033,-0.002673284343779302
PORTO VELHO,2033-04-01,2033,-0.00297725271038597
PORTO VELHO,2033-05-01,2033,-0.003139008583607913
PORTO VELHO,2033-06-01,2033,-0.0030812442380049186
PORTO VELHO,2033-07-01,2033,-0.0031109353229425364
PORTO VELHO,2033-08-01,2033,-0.0030355278242764593
PORTO VELHO,2033-09-01,2033,-0.003378759414778888
PORTO VELHO,2033-10-01,2033,-0.0035324633488506827
PORTO VELHO,2033-11-01,2033,-0.003341069812765449
PORTO VELHO,2033-12-01,2033,-0.003338023142388521
PORTO VELHO,2034-01-01,2034,-0.0034265257507912748
PORTO VELHO,2034-02-01,2034,-0.0034743881937974452
PORTO VELHO,2034-03-01,2034,-0.00356989018384402
PORTO VELHO,2034-04-01,2034,-0.0035307007163734596
PORTO VELHO,2034-05-01,2034,-0.0035705485619873887
PORTO VELHO,2034-06-01,2034,-0.0034712794085272926
PORTO VELHO,2034-07-01,2034,-0.003362476778780916
PORTO VELHO,2034-08-01,2034,-0.003400378029034616
PORTO VELHO,2034-09-01,2034,-0.0034612009083997476
PORTO VELHO,2034-10-01,2034,-0.003328006456867749
PORTO VELHO,2034-11-01,2034,-0.003334784152990037
PORTO VELHO,2034-12-01,2034,-0.0032890033614329495
PORTO VELHO,2035-01-01,2035,-0.003171885499674184
PORTO VELHO,2035-02-01,2035,-0.003063323313168619
PORTO VELHO,2035-03-01,2035,-0.0031235213921403547
PORTO VELHO,2035-04-01,2035,-0.0032390535545158737
PORTO VELHO,2035-05-01,2035,-0.003101405054974177
PORTO VELHO,2035-06-01,2035,-0.0028764071905678945
PORTO VELHO,2035-07-01,2035,-0.002805286992312034
PORTO VELHO,2035-08-01,2035,-0.002737579695522507
PORTO VELHO,2035-09-01,2035,-0.002725913060288515
PORTO VELHO,2035-10-01,2035,-0.002707461195838945
PORTO VELHO,2035-11-01,2035,-0.002627074215634243
PORTO VELHO,2035-12-01,2035,-0.0027074497594358404
PORTO VELHO,2036-01-01,2036,-0.0026296177626514293
PORTO VELHO,2036-02-01,2036,-0.0024835964432471714
PORTO VELHO,2036-03-01,2036,-0.00217688129268073
PORTO VELHO,2036-04-01,2036,-0.0024011043634349703
PORTO VELHO,2036-05-01,2036,-0.0022163679959119453
PORTO VELHO,2036-06-01,2036,-0.0020679197986022513
PORTO VELHO,2036-07-01,2036,-0.002129156433851048
PORTO VELHO,2036-08-01,2036,-0.001821763060352859
PORTO VELHO,2036-09-01,2036,-0.0016180383635296558
PORTO VELHO,2036-10-01,2036,-0.001201112621409215
PORTO VELHO,2036-11-01,2036,-0.0012409589059651594
PORTO VELHO,2036-12-01,2036,-0.001198509337098006
PORTO VELHO,2037-01-01,2037,-0.0009987958515262452
PORTO VELHO,2037-02-01,2037,-0.0007157421200606451
PORTO VELHO,2037-03-01,2037,-0.0005441535446596568
PORTO VELHO,2037-04-01,2037,-0.00042478063963071854
PORTO VELHO,2037-05-01,2037,-0.0003391286936097926
PORTO VELHO,2037-06-01,2037,-0.00030410019766239694
PORTO VELHO,2037-07-01,2037,-0.00028349242848321743
PORTO VELHO,2037-08-01,2037,-0.0005867690461250907
PORTO VELHO,2037-09-01,2037,-0.00044704024567584046
PORTO VELHO,2037-10-01,2037,-0.0006252673593328662
PORTO VELHO,2037-11-01,2037,-0.0005854439749675788
PORTO VELHO,2037-12-01,2037,-0.00037527184081181274
PORTO VELHO,2038-01-01,2038,-0.00015993066228531027
PORTO VELHO,2038-02-01,2038,1.0431997911936054e-05
PORTO VELHO,2038-03-01,2038,-3.987771701856602e-06
PORTO VELHO,2038-04-01,2038,8.964564556744103e-05
PORTO VELHO,2038-05-01,2038,0.00042376222097189275
PORTO VELHO,2038-06-01,2038,0.00031167203435895186
PORTO VELHO,2038-07-01,2038,0.00022930534366490506
PORTO VELHO,2038-08-01,2038,0.0003631311009862559
PORTO VELHO,2038-09-01,2038,0.0003228957846598279
PORTO VELHO,2038-10-01,2038,0.0002802536559505453
PORTO VELHO,2038-11-01,2038,0.0006449163359485199
PORTO VELHO,2038-12-01,2038,0.0005180083156384063
PORTO VELHO,2039-01-01,2039,0.0008144107321387107
PORTO VELHO,2039-02-01,2039,0.0008785161670365882
PORTO VELHO,2039-03-01,2039,0.0010552273344234919
PORTO VELHO,2039-04-01,2039,0.0014780229716395065
PORTO VELHO,2039-05-01,2039,0.0015491895515953357
PORTO VELHO,2039-06-01,2039,0.0017636862665468356
PORTO VELHO,2039-07-01,2039,0.001967566636202941
PORTO VELHO,2039-08-01,2039,0.00198527375953908
PORTO VELHO,2039-09-01,2039,0.0020870865303241827
PORTO VELHO,2039-10-01,2039,0.002320557246865975
PORTO VELHO,2039-11-01,2039,0.002421687025569077
PORTO VELHO,2039-12-01,2039,0.0027923138948702485
RECIFE,2010-01-01,2010,0.0
RECIFE,2010-02-01,2010,0.0
RECIFE,2010-03-01,2010,0.0
RECIFE,2010-04-01,2010,-7.993126876138402e-05
RECIFE,2010-05-01,2010,-0.0001632780463058714
RECIFE,2010-06-01,2010,-0.0003881507269365425
RECIFE,2010-07-01,2010,-0.00033434055224136004
RECIFE,2010-08-01,2010,-0.0004129980605753736
RECIFE,2010-09-01,2010,-0.0006254407387058592
RECIFE,2010-10-01,2010,-0.0007259569643598185
RECIFE,2010-11-01,2010,-0.0005389665634504948
RECIFE,2010-12-01,2010,-0.0007069565941750644
RECIFE,2011-01-01,2011,-0.0006143848317865964
RECIFE,2011-02-01,2011,-0.000945319479843989
RECIFE,2011-03-01,2011,-0.001139922048802201
RECIFE,2011-04-01,2011,-0.0010757329008530946
RECIFE,2011-05-01,2011,-0.000905302060289751
RECIFE,2011-06-01,2011,-0.0009477537721890284
RECIFE,2011-07-01,2011,-0.0010862587384479073
RECIFE,2011-08-01,2011,-0.0010925928907686267
RECIFE,2011-09-01,2011,-0.0010599216390869415
RECIFE,2011-10-01,2011,-0.0011056653700029595
RECIFE,2011-11-01,2011,-0.0009546825819757964
RECIFE,2011-12-01,2011,-0.0009191800551413753
RECIFE,2012-01-01,2012,-0.0008357951476548142
RECIFE,2012-02-01,2012,-0.0007965605261399821
RECIFE,2012-03-01,2012,-0.0008346170535351327
RECIFE,2012-04-01,2012,-0.0007579826136794532
RECIFE,2012-05-01,2012,-0.0006682129628563727
RECIFE,2012-06-01,2012,-0.0005749201130845405
RECIFE,2012-07-01,2012,-0.000621851160881115
RECIFE,2012-08-01,2012,-0.0007079708700387621
RECIFE,2012-09-01,2012,-0.0007064787752959045
RECIFE,2012-10-01,2012,-0.0007246000374595729
RECIFE,2012-11-01,2012,-0.0007660585351511851
RECIFE,2012-12-01,2012,-0.0008351340524013506
RECIFE,2013-01-01,2013,-0.0009156092991934717
RECIFE,2013-02-01,2013,-0.0009508056535616561
RECIFE,2013-03-01,2013,-0.0010139573917566946
RECIFE,2013-04-01,2013,-0.0010019008157856114
RECIFE,2013-05-01,2013,-0.0009949424784115746
RECIFE,2013-06-01,2013,-0.0010351029419644053
RECIFE,2013-07-01,2013,-0.0010591233378452337
RECIFE,2013-08-01,2013,-0.0010627022362404903
RECIFE,2013-09-01,2013,-0.0012095150010745593
RECIFE,2013-10-01,2013,-0.0011563929015855024
RECIFE,2013-11-01,2013,-0.0011551933621133904
RECIFE,2013-12-01,2013,-0.001196010970796869
RECIFE,2014-01-01,2014,-0.0012173807160569528
RECIFE,2014-02-01,2014,-0.0012548526664265302
RECIFE,2014-03-01,2014,-0.0012288526458526638
RECIFE,2014-04-01,2014,-0.001216331793812231
RECIFE,2014-05-01,2014,-0.0011450918580176261
RECIFE,2014-06-01,2014,-0.00023219064527626342
RECIFE,2014-07-01,2014,-0.00013401780730013636
RECIFE,2014-08-01,2014,-3.39410791824013e-05
RECIFE,2014-09-01,2014,4.9015520123254495e-05
RECIFE,2014-10-01,2014,0.00015365570274446737
RECIFE,2014-11-01,2014,0.00027742074649026447
RECIFE,2014-12-01,2014,0.00029298312262769464
RECIFE,2015-01-01,2015,0.0001765208948651087
RECIFE,2015-02-01,2015,0.00013717187306991452
RECIFE,2015-03-01,2015,0.00013746978030749313
RECIFE,2015-04-01,2015,0.0004898428966243207
RECIFE,2015-05-01,2015,0.0007615064535427329
RECIFE,2015-06-01,2015,0.000951850726050184
RECIFE,2015-07-01,2015,0.0005692364508960268
RECIFE,2015-08-01,2015,0.0006230835205444185
RECIFE,2015-09-01,2015,0.0006505850844509398
RECIFE,2015-10-01,2015,0.000757783933307139
RECIFE,2015-11-01,2015,0.0006583807688502841
RECIFE,2015-12-01,2015,-8.761018742969085e-05
RECIFE,2016-01-01,2016,-5.905768444195658e-05
RECIFE,2016-02-01,2016,-1.2320503175597963e-05
RECIFE,2016-03-01,2016,-0.00023269021634794384
RECIFE,2016-04-01,2016,-0.0002547264248512038
RECIFE,2016-05-01,2016,-0.00021019306330344767
RECIFE,2016-06-01,2016,-0.00018226076792443368
RECIFE,2016-07-01,2016,-0.0004359168375371225
RECIFE,2016-08-01,2016,-0.00045586709678262504
RECIFE,2016-09-01,2016,-0.0005222587172639514
RECIFE,2016-10-01,2016,-0.00046485760185511316
RECIFE,2016-11-01,2016,-0.0003710408429809797
RECIFE,2016-12-01,2016,-0.0007844479993935327
RECIFE,2017-01-01,2017,-0.0010066876894285481
RECIFE,2017-02-01,2017,-0.0012226693454765402
RECIFE,2017-03-01,2017,-0.0016431309951147677
RECIFE,2017-04-01,2017,-0.001827463965626367
RECIFE,2017-05-01,2017,-0.0021282423101953774
RECIFE,2017-06-01,2017,-0.0025225599725417513
RECIFE,2017-07-01,2017,-0.0026621516717766445
RECIFE,2017-08-01,2017,-0.0027425984463331967
RECIFE,2017-09-01,2017,-0.002835316261092029
RECIFE,2017-10-01,2017,-0.002743741234769388
RECIFE,2017-11-01,2017,-0.002848094528146167
RECIFE,2017-12-01,2017,-0.003226081052954056
RECIFE,2018-01-01,2018,-0.004016082839329876
RECIFE,2018-02-01,2018,-0.004036046840222879
RECIFE,2018-03-01,2018,-0.004116666137345717
RECIFE,2018-04-01,2018,-0.004048024537529043
RECIFE,2018-05-01,2018,-0.004048212515357772
RECIFE,2018-06-01,2018,-0.00383333394563829
RECIFE,2018-07-01,2018,-0.004122884619247214
RECIFE,2018-08-01,2018,-0.0036594908590265518
RECIFE,2018-09-01,2018,-0.0028143511407049695
RECIFE,2018-10-01,2018,-0.0022012293900674084
RECIFE,2018-11-01,2018,-0.0023578320810026497
RECIFE,2018-12-01,2018,-0.0028690498429170775
RECIFE,2019-01-01,2019,-0.002343682403861057
RECIFE,2019-02-01,2019,-0.001847170603345657
RECIFE,2019-03-01,2019,-0.0017825281389363345
RECIFE,2019-04-01,2019,-0.0021087444106119768
RECIFE,2019-05-01,2019,-0.002401343260312363
RECIFE,2019-06-01,2019,-0.0021570144679549795
RECIFE,2019-07-01,2019,-0.0026530856627320254
RECIFE,2019-08-01,2019,-0.0025667331971156383
RECIFE,2019-09-01,2019,-0.002856307324996653
RECIFE,2019-10-01,2019,-0.0030224991217301235
RECIFE,2019-11-01,2019,-0.0027784817551662964
RECIFE,2019-12-01,2019,-0.0026982007708481193
RECIFE,2020-01-01,2020,-0.0025786853132371912
RECIFE,2020-02-01,2020,-0.002479265933087188
RECIFE,2020-03-01,2020,-0.0018584663201658392
RECIFE,2020-04-01,2020,-0.002126488294920954
RECIFE,2020-05-01,2020,-0.0024355656890340627
RECIFE,2020-06-01,2020,-0.0025138401182272264
RECIFE,2020-07-01,2020,-0.0023248608146212734
RECIFE,2020-08-01,2020,-0.0016013302678547358
RECIFE,2020-09-01,2020,-0.002012921150846614
RECIFE,2020-10-01,2020,-0.0022816920723743904
RECIFE,2020-11-01,2020,-0.0013174017531433014
RECIFE,2020-12-01,2020,-0.0015828322321559652
RECIFE,2021-01-01,2021,-0.0019599123380455753
RECIFE,2021-02-01,2021,-0.0020948824194651893
RECIFE,2021-03-01,2021,-0.002342529739817433
RECIFE,2021-04-01,2021,-0.002244910435677223
RECIFE,2021-05-01,2021,-0.0014509571777118447
RECIFE,2021-06-01,2021,-0.00047311381775995474
RECIFE,2021-07-01,2021,-4.390988958508424e-05
RECIFE,2021-08-01,2021,0.00024793504833256594
RECIFE,2021-09-01,2021,0.00047055025850428425
RECIFE,2021-10-01,2021,0.0008455061535215158
RECIFE,2021-11-01,2021,0.0007334781325755257
RECIFE,2021-12-01,2021,0.0004975944818399802
RECIFE,2022-01-01,2022,0.00046959912819564796
RECIFE,2022-02-01,2022,0.00043154150620278164
RECIFE,2022-03-01,2022,0.0005189994779263974
RECIFE,2022-04-01,2022,0.0005594457050541091
RECIFE,2022-05-01,2022,0.00041768974906747136
RECIFE,2022-06-01,2022,0.00025043213366295557
RECIFE,2022-07-01,2022,-0.0002250016990710535
RECIFE,2022-08-01,2022,-0.0027004447901008387
RECIFE,2022-09-01,2022,-0.0047043981708801245
RECIFE,2022-10-01,2022,-0.005358063388354709
RECIFE,2022-11-01,2022,-0.006059597440752066
RECIFE,2022-12-01,2022,-0.0049883679609207185
RECIFE,2023-01-01,2023,-0.0041615510166095535
RECIFE,2023-02-01,2023,-0.0038910750252309236
RECIFE,2023-03-01,2023,-0.0037342539503916737
RECIFE,2023-04-01,2023,-0.004145880781768101
RECIFE,2023-05-01,2023,-0.004955866474444686
RECIFE,2023-06-01,2023,-0.005826629478568719
RECIFE,2023-07-01,2023,-0.006379800415668915
RECIFE,2023-08-01,2023,-0.006586706966864658
RECIFE,2023-09-01,2023,-0.00726840252382691
RECIFE,2023-10-01,2023,-0.007496791735267758
RECIFE,2023-11-01,2023,-0.006490488035172255
RECIFE,2023-12-01,2023,-0.006734228391778374
RECIFE,2024-01-01,2024,-0.0075685340527301736
RECIFE,2024-02-01,2024,-0.007749983229146892
RECIFE,2024-03-01,2024,-0.008515491801414855
RECIFE,2024-04-01,2024,-0.00887972797437103
RECIFE,2024-05-01,2024,-0.008851906816628041
RECIFE,2024-06-01,2024,-0.008992656275343807
RECIFE,2024-07-01,2024,-0.008311613281707743
RECIFE,2024-08-01,2024,-0.008075439145945742
RECIFE,2024-09-01,2024,-0.007582411810997583
RECIFE,2024-10-01,2024,-0.007855746405762669
RECIFE,2024-11-01,2024,-0.007764761977807425
RECIFE,2024-12-01,2024,-0.007499484443886754
RECIFE,2025-01-01,2025,-0.007907306342751308
RECIFE,2025-02-01,2025,-0.008423398370081416
RECIFE,2025-03-01,2025,-0.008376599435130458
RECIFE,2025-04-01,2025,-0.008668373308128936
RECIFE,2025-05-01,2025,-0.008810493534050909
RECIFE,2025-06-01,2025,-0.008173884836421712
RECIFE,2025-07-01,2025,-0.007616250155859129
RECIFE,2025-08-01,2025,-0.007151526605279421
RECIFE,2025-09-01,2025,-0.006912462204970531
RECIFE,2025-10-01,2025,-0.006338979280355322
RECIFE,2025-11-01,2025,-0.006000550478770175
RECIFE,2025-12-01,2025,-0.0058842722054368276
RECIFE,2026-01-01,2026,-0.004853460420827694
RECIFE,2026-02-01,2026,-0.004299512562753922
RECIFE,2026-03-01,2026,-0.0055414606417560205
RECIFE,2026-04-01,2026,-0.005338404249627352
RECIFE,2026-05-01,2026,-0.005140124653923256
RECIFE,2026-06-01,2026,-0.004063735312972915
RECIFE,2026-07-01,2026,-0.0032197033890945625
RECIFE,2026-08-01,2026,-0.0029601989763975945
RECIFE,2026-09-01,2026,-0.0026087700762750733
RECIFE,2026-10-01,2026,-0.002651429783020598
RECIFE,2026-11-01,2026,-0.002461228568407852
RECIFE,2026-12-01,2026,-0.0025066915366606392
RECIFE,2027-01-01,2027,-0.0030976188567621056
RECIFE,2027-02-01,2027,-0.003150205933495689
RECIFE,2027-03-01,2027,-0.0028111589027590943
RECIFE,2027-04-01,2027,-0.0019572131267419756
RECIFE,2027-05-01,2027,-0.0013492539434267691
RECIFE,2027-06-01,2027,-0.001842449938002666
RECIFE,2027-07-01,2027,-0.0022814286838023345
RECIFE,2027-08-01,2027,-0.002876535271635545
RECIFE,2027-09-01,2027,-0.0029969424561236933
RECIFE,2027-10-01,2027,-0.0030974101021191292
RECIFE,2027-11-01,2027,-0.0035876870872168496
RECIFE,2027-12-01,2027,-0.0037982218878111064
RECIFE,2028-01-01,2028,-0.0037182614885896293
RECIFE,2028-02-01,2028,-0.0037512581401289292
RECIFE,2028-03-01,2028,-0.0038113181799715157
RECIFE,2028-04-01,2028,-0.003821472088382197
RECIFE,2028-05-01,2028,-0.0036043201786575695
RECIFE,2028-06-01,2028,-0.003618632092549694
RECIFE,2028-07-01,2028,-0.002949759480175561
RECIFE,2028-08-01,2028,-0.0038383791892019283
RECIFE,2028-09-01,2028,-0.003983175908689494
RECIFE,2028-10-01,2028,-0.003882026021321775
RECIFE,2028-11-01,2028,-0.003709743635637138
RECIFE,2028-12-01,2028,-0.003854601201733887
RECIFE,2029-01-01,2029,-0.003842941189592791
RECIFE,2029-02-01,2029,-0.003932889882121917
RECIFE,2029-03-01,2029,-0.0038568717355565696
RECIFE,2029-04-01,2029,-0.0036880230734888508
RECIFE,2029-05-01,2029,-0.003480568169513537
RECIFE,2029-06-01,2029,-0.003430936743407109
RECIFE,2029-07-01,2029,-0.003342169308183847
RECIFE,2029-08-01,2029,-0.0032116994112347465
RECIFE,2029-09-01,2029,-0.0029196452235342217
RECIFE,2029-10-01,2029,-0.0024478953727194996
RECIFE,2029-11-01,2029,-0.002305087814427138
RECIFE,2029-12-01,2029,-0.0021418120352822423
RECIFE,2030-01-01,2030,-0.0016145734433792623
RECIFE,2030-02-01,2030,-0.0013388394717478058
RECIFE,2030-03-01,2030,-0.0011498277366554799
RECIFE,2030-04-01,2030,-0.001361932920510659
RECIFE,2030-05-01,2030,-0.0015165935435508793
RECIFE,2030-06-01,2030,-0.001520509571168731
RECIFE,2030-07-01,2030,-0.0017582989832434248
RECIFE,2030-08-01,2030,-0.0016928655499828926
RECIFE,2030-09-01,2030,-0.0017941799149627058
RECIFE,2030-10-01,2030,-0.001721737202211836
RECIFE,2030-11-01,2030,-0.00134103687927547
RECIFE,2030-12-01,2030,-0.0012491433957174491
RECIFE,2031-01-01,2031,-0.0015950339606307618
RECIFE,2031-02-01,2031,-0.0016515315693556053
RECIFE,2031-03-01,2031,-0.0015082292512431106
RECIFE,2031-04-01,2031,-0.0013753106259567105
RECIFE,2031-05-01,2031,-0.0013089956072502228
RECIFE,2031-06-01,2031,-0.0009572574284895119
RECIFE,2031-07-01,2031,-0.0008257473332445908
RECIFE,2031-08-01,2031,-0.0007740935394492354
RECIFE,2031-09-01,2031,-0.001177064387514929
RECIFE,2031-10-01,2031,-0.0014300648459499943
RECIFE,2031-11-01,2031,-0.0014404927262684974
RECIFE,2031-12-01,2031,-0.0012954409891103769
RECIFE,2032-01-01,2032,-0.0013707021093780458
RECIFE,2032-02-01,2032,-0.001637725096974928
RECIFE,2032-03-01,2032,-0.0016372872724037435
RECIFE,2032-04-01,2032,-0.00178831457712749
RECIFE,2032-05-01,2032,-0.0019236935809230282
RECIFE,2032-06-01,2032,-0.0019473022306091348
RECIFE,2032-07-01,2032,-0.0021193645332609643
RECIFE,2032-08-01,2032,-0.0023690833950356007
RECIFE,2032-09-01,2032,-0.002552414183778634
RECIFE,2032-10-01,2032,-0.0027143134540933045
RECIFE,2032-11-01,2032,-0.003022357770775187
RECIFE,2032-12-01,2032,-0.002732584107873225
RECIFE,2033-01-01,2033,-0.002592159177317501
RECIFE,2033-02-01,2033,-0.0024133027913466744
RECIFE,2033-03-01,2033,-0.002334905135211629
RECIFE,2033-04-01,2033,-0.0022759383766752473
RECIFE,2033-05-01,2033,-0.002049751849353889
RECIFE,2033-06-01,2033,-0.002060191253572473
RECIFE,2033-07-01,2033,-0.0019452316254651514
RECIFE,2033-08-01,2033,-0.0018434624466399253
RECIFE,2033-09-01,2033,-0.0017967040507182385
RECIFE,2033-10-01,2033,-0.0017445708527982196
RECIFE,2033-11-01,2033,-0.0017269869493467082
RECIFE,2033-12-01,2033,-0.0014289957384622364
RECIFE,2034-01-01,2034,-0.0012491914458092868
RECIFE,2034-02-01,2034,-0.0010205889032236315
RECIFE,2034-03-01,2034,-0.0010187118596294642
RECIFE,2034-04-01,2034,-0.0006950694744453889
RECIFE,2034-05-01,2034,-0.0008508516619396189
RECIFE,2034-06-01,2034,-0.0010673041659992955
RECIFE,2034-07-01,2034,-0.0011112654335210003
RECIFE,2034-08-01,2034,-0.001073472973616042
RECIFE,2034-09-01,2034,-0.0011578216412604426
RECIFE,2034-10-01,2034,-0.0012003093295350643
RECIFE,2034-11-01,2034,-0.0009216200712870037
RECIFE,2034-12-01,2034,-0.0008362337625385951
RECIFE,2035-01-01,2035,-0.0007865043643916259
RECIFE,2035-02-01,2035,-0.001465028306699443
RECIFE,2035-03-01,2035,-0.0011792987446980908
RECIFE,2035-04-01,2035,-0.0008210409974866018
RECIFE,2035-05-01,2035,-0.0004196468317606528
RECIFE,2035-06-01,2035,-0.00017486835117057066
RECIFE,2035-07-01,2035,-0.0002573818472524758
RECIFE,2035-08-01,2035,-0.0004198690217198531
RECIFE,2035-09-01,2035,-0.00017853067626383168
RECIFE,2035-10-01,2035,0.00010863439730853685
RECIFE,2035-11-01,2035,0.00037497038797449923
RECIFE,2035-12-01,2035,0.0003507416276860298
RECIFE,2036-01-01,2036,0.0002485176750228546
RECIFE,2036-02-01,2036,0.00025435299849218217
RECIFE,2036-03-01,2036,7.752362674158575e-05
RECIFE,2036-04-01,2036,2.535741432673433e-05
RECIFE,2036-05-01,2036,0.00022208196884614616
RECIFE,2036-06-01,2036,0.0002498351266909171
RECIFE,2036-07-01,2036,0.00030822003287130583
RECIFE,2036-08-01,2036,-0.00016779760945993317
RECIFE,2036-09-01,2036,-0.0002383287134673251
RECIFE,2036-10-01,2036,-9.20544116430333e-05
RECIFE,2036-11-01,2036,-0.0001686693844737397
RECIFE,2036-12-01,2036,0.0003283312595968535
RECIFE,2037-01-01,2037,0.00045670586079193167
RECIFE,2037-02-01,2037,0.00048643265806141425
RECIFE,2037-03-01,2037,0.00033659030856814874
RECIFE,2037-04-01,2037,0.00027055486156124964
RECIFE,2037-05-01,2037,0.00036794380477430224
RECIFE,2037-06-01,2037,-0.00025375396494367375
RECIFE,2037-07-01,2037,-0.00032769364344791273
RECIFE,2037-08-01,2037,-0.00013721354221569505
RECIFE,2037-09-01,2037,-0.0001492499156681737
RECIFE,2037-10-01,2037,-0.0003196408375491944
RECIFE,2037-11-01,2037,-0.0004180092438058314
RECIFE,2037-12-01,2037,-0.0006238071057291883
RECIFE,2038-01-01,2038,-0.0004241585306935802
RECIFE,2038-02-01,2038,3.9071991935433205e-05
RECIFE,2038-03-01,2038,0.0002793144105716172
RECIFE,2038-04-01,2038,-0.00010510595631236242
RECIFE,2038-05-01,2038,-0.00028279292068008835
RECIFE,2038-06-01,2038,-0.00013376129005269078
RECIFE,2038-07-01,2038,-0.00011662447254373487
RECIFE,2038-08-01,2038,-0.00011663990784992362
RECIFE,2038-09-01,2038,-2.7150552032465525e-05
RECIFE,2038-10-01,2038,-0.0004183261202729671
RECIFE,2038-11-01,2038,-0.0005420846885771636
RECIFE,2038-12-01,2038,-0.0004783682475126305
RECIFE,2039-01-01,2039,-0.0006374091527685255
RECIFE,2039-02-01,2039,-0.0008165316093604657
RECIFE,2039-03-01,2039,-0.0005062820775832511
RECIFE,2039-04-01,2039,-0.0007196814436920263
RECIFE,2039-05-01,2039,-0.0005507732751908423
RECIFE,2039-06-01,2039,-0.0009054012949829104
RECIFE,2039-07-01,2039,-0.0006454126958344852
RECIFE,2039-08-01,2039,-0.0003984078646843769
RECIFE,2039-09-01,2039,-0.00011799217809053242
RECIFE,2039-10-01,2039,-0.00015594325434611255
RECIFE,2039-11-01,2039,0.0005773219841292209
RECIFE,2039-12-01,2039,0.0004003952394225085
RIO BRANCO,2010-01-01,2010,0.0
RIO BRANCO,2010-02-01,2010,0.0
RIO BRANCO,2010-03-01,2010,0.0
RIO BRANCO,2010-04-01,2010,-0.00011567343275966757
RIO BRANCO,2010-05-01,2010,-0.00020527393046241072
RIO BRANCO,2010-06-01,2010,-0.00027236482582496005
RIO BRANCO,2010-07-01,2010,-0.0006910945534648083
RIO BRANCO,2010-08-01,2010,-0.0006043807525003353
RIO BRANCO,2010-09-01,2010,-0.00046014850558347977
RIO BRANCO,2010-10-01,2010,-0.0005447971936224882
RIO BRANCO,2010-11-01,2010,-0.0009748481875065329
RIO BRANCO,2010-12-01,2010,-0.0011731327571969496
RIO BRANCO,2011-01-01,2011,-0.001163397608894381
RIO BRANCO,2011-02-01,2011,-0.0010594611260799503
RIO BRANCO,2011-03-01,2011,-0.0009290196834904451
RIO BRANCO,2011-04-01,2011,-0.0008956518214002996
RIO BRANCO,2011-05-01,2011,-0.0007826236231263128
RIO BRANCO,2011-06-01,2011,-0.0007308916722622894
RIO BRANCO,2011-07-01,2011,-0.0005804814807088387
RIO BRANCO,2011-08-01,2011,-0.0004859252901890554
RIO BRANCO,2011-09-01,2011,-0.0005316740805212061
RIO BRANCO,2011-10-01,2011,-0.0006354585101575616
RIO BRANCO,2011-11-01,2011,-0.00010021353865206972
RIO BRANCO,2011-12-01,2011,0.00013061009096373754
RIO BRANCO,2012-01-01,2012,0.0001827082603080987
RIO BRANCO,2012-02-01,2012,0.0003675796819376842
RIO BRANCO,2012-03-01,2012,0.00041668232581695163
RIO BRANCO,2012-04-01,2012,0.0006826238957386966
RIO BRANCO,2012-05-01,2012,0.0008171929627609131
RIO BRANCO,2012-06-01,2012,0.0007313688517581662
RIO BRANCO,2012-07-01,2012,0.0007948368558966324
RIO BRANCO,2012-08-01,2012,0.0006336298715207811
RIO BRANCO,2012-09-01,2012,0.00044060204627748955
RIO BRANCO,2012-10-01,2012,0.0004369443907849957
RIO BRANCO,2012-11-01,2012,0.0004840450019199505
RIO BRANCO,2012-12-01,2012,0.0005838327183965331
RIO BRANCO,2013-01-01,2013,0.0005855322991275314
RIO BRANCO,2013-02-01,2013,0.00046205023942693437
RIO BRANCO,2013-03-01,2013,0.00038596801290653016
RIO BRANCO,2013-04-01,2013,0.0002854196037324586
RIO BRANCO,2013-05-01,2013,9.914491058603648e-05
RIO BRANCO,2013-06-01,2013,7.064990617229761e-05
RIO BRANCO,2013-07-01,2013,1.4062366018041673e-05
RIO BRANCO,2013-08-01,2013,-2.0586699669524757e-05
RIO BRANCO,2013-09-01,2013,0.0002508555231553045
RIO BRANCO,2013-10-01,2013,0.0002447963984177126
RIO BRANCO,2013-11-01,2013,0.00011093045647914911
RIO BRANCO,2013-12-01,2013,0.00022835635514271592
RIO BRANCO,2014-01-01,2014,0.00036285017098342974
RIO BRANCO,2014-02-01,2014,0.0005105109447591027
RIO BRANCO,2014-03-01,2014,0.00044418922140760373
RIO BRANCO,2014-04-01,2014,0.0005302610316671996
RIO BRANCO,2014-05-01,2014,0.00043167458712409343
RIO BRANCO,2014-06-01,2014,0.0004848814739229168
RIO BRANCO,2014-07-01,2014,0.0005854230614553602
RIO BRANCO,2014-08-01,2014,0.0009976709773102832
RIO BRANCO,2014-09-01,2014,0.0010007985528416553
RIO BRANCO,2014-10-01,2014,0.0010544885172895147
RIO BRANCO,2014-11-01,2014,0.0011554824459972912
RIO BRANCO,2014-12-01,2014,0.0009746162751037013
RIO BRANCO,2015-01-01,2015,0.0009122651344073518
RIO BRANCO,2015-02-01,2015,0.0010054597178077308
RIO BRANCO,2015-03-01,2015,0.0008965237038574047
RIO BRANCO,2015-04-01,2015,0.001013029315077777
RIO BRANCO,2015-05-01,2015,0.0010806924706449129
RIO BRANCO,2015-06-01,2015,0.0011858037027477997
RIO BRANCO,2015-07-01,2015,0.0015428503937487325
RIO BRANCO,2015-08-01,2015,0.0016502029183145762
RIO BRANCO,2015-09-01,2015,0.0016416980582502827
RIO BRANCO,2015-10-01,2015,0.00166151036150596
RIO BRANCO,2015-11-01,2015,0.001737894958175913
RIO BRANCO,2015-12-01,2015,0.00181193864492457
RIO BRANCO,2016-01-01,2016,0.0018950163810119581
RIO BRANCO,2016-02-01,2016,0.001937098635200004
RIO BRANCO,2016-03-01,2016,0.001747266292871321
RIO BRANCO,2016-04-01,2016,0.0017960776198628992
RIO BRANCO,2016-05-01,2016,0.0018196050573805278
RIO BRANCO,2016-06-01,2016,0.001720079963661736
RIO BRANCO,2016-07-01,2016,0.0018765924127422684
RIO BRANCO,2016-08-01,2016,0.0019145183076532157
RIO BRANCO,2016-09-01,2016,0.001891895812222909
RIO BRANCO,2016-10-01,2016,0.0018059165873115413
RIO BRANCO,2016-11-01,2016,0.0017717859405855941
RIO BRANCO,2016-12-01,2016,0.0019279567952826238
RIO BRANCO,2017-01-01,2017,0.0019377936777731065
RIO BRANCO,2017-02-01,2017,0.0020584553563862008
RIO BRANCO,2017-03-01,2017,0.0022013381832022027
RIO BRANCO,2017-04-01,2017,0.002270892825990173
RIO BRANCO,2017-05-01,2017,0.002306856355578285
RIO BRANCO,2017-06-01,2017,0.002254433505743021
RIO BRANCO,2017-07-01,2017,0.0020118136274051013
RIO BRANCO,2017-08-01,2017,0.0020634106529678464
RIO BRANCO,2017-09-01,2017,0.0020574656200873596
RIO BRANCO,2017-10-01,2017,0.0019114998188908784
RIO BRANCO,2017-11-01,2017,0.001702960055252869
RIO BRANCO,2017-12-01,2017,0.0016714198523309909
RIO BRANCO,2018-01-01,2018,0.0017313500123235471
RIO BRANCO,2018-02-01,2018,0.0017394225386162742
RIO BRANCO,2018-03-01,2018,0.0018052889735759158
RIO BRANCO,2018-04-01,2018,0.0019231468345747237
RIO BRANCO,2018-05-01,2018,0.001901812238526588
RIO BRANCO,2018-06-01,2018,0.0017637967981467717
RIO BRANCO,2018-07-01,2018,0.0016805559118184198
RIO BRANCO,2018-08-01,2018,0.0016798756452598396
RIO BRANCO,2018-09-01,2018,0.0017318290986314288
RIO BRANCO,2018-10-01,2018,0.0016624259456217904
RIO BRANCO,2018-11-01,2018,0.0017232360173915972
RIO BRANCO,2018-12-01,2018,0.001827239303957079
RIO BRANCO,2019-01-01,2019,0.0019103631720709057
RIO BRANCO,2019-02-01,2019,0.0018892396939238542
RIO BRANCO,2019-03-01,2019,0.0020107486861572323
RIO BRANCO,2019-04-01,2019,0.001915163042867406
RIO BRANCO,2019-05-01,2019,0.002009517508186652
RIO BRANCO,2019-06-01,2019,0.0021018713955360036
RIO BRANCO,2019-07-01,2019,0.0020311010187170843
RIO BRANCO,2019-08-01,2019,0.0021389658317553374
RIO BRANCO,2019-09-01,2019,0.0024841290781655524
RIO BRANCO,2019-10-01,2019,0.002502025929642194
RIO BRANCO,2019-11-01,2019,0.0026193500790079537
RIO BRANCO,2019-12-01,2019,0.0026992244948656364
RIO BRANCO,2020-01-01,2020,0.002569954900367698
RIO BRANCO,2020-02-01,2020,0.0024265787609941292
RIO BRANCO,2020-03-01,2020,0.002043649648151521
RIO BRANCO,2020-04-01,2020,0.0021696946131520654
RIO BRANCO,2020-05-01,2020,0.0020663708165740147
RIO BRANCO,2020-06-01,2020,0.0017954397897893591
RIO BRANCO,2020-07-01,2020,0.0017480623606302447
RIO BRANCO,2020-08-01,2020,0.0016526875247992534
RIO BRANCO,2020-09-01,2020,0.0014770353779522815
RIO BRANCO,2020-10-01,2020,0.0013257402665647533
RIO BRANCO,2020-11-01,2020,0.001326172403931738
RIO BRANCO,2020-12-01,2020,0.0012049728684311633
RIO BRANCO,2021-01-01,2021,0.0011430900206363436
RIO BRANCO,2021-02-01,2021,0.0009422814914303235
RIO BRANCO,2021-03-01,2021,0.0008912814989445351
RIO BRANCO,2021-04-01,2021,0.0008060489996261355
RIO BRANCO,2021-05-01,2021,0.0006806780054554252
RIO BRANCO,2021-06-01,2021,0.0005095677396219989
RIO BRANCO,2021-07-01,2021,0.00040037373387289744
RIO BRANCO,2021-08-01,2021,2.1854463740648144e-05
RIO BRANCO,2021-09-01,2021,-0.0002595008161766643
RIO BRANCO,2021-10-01,2021,-0.00014348975328428047
RIO BRANCO,2021-11-01,2021,-0.0002582846598621136
RIO BRANCO,2021-12-01,2021,-0.0001642831484949747
RIO BRANCO,2022-01-01,2022,5.2203666534900164e-05
RIO BRANCO,2022-02-01,2022,7.820399176360348e-06
RIO BRANCO,2022-03-01,2022,8.787863040185084e-05
RIO BRANCO,2022-04-01,2022,6.412542691024648e-05
RIO BRANCO,2022-05-01,2022,0.00026733274758149905
RIO BRANCO,2022-06-01,2022,0.00057657266198341
RIO BRANCO,2022-07-01,2022,0.0006587711586085232
RIO BRANCO,2022-08-01,2022,0.0008659802654930915
RIO BRANCO,2022-09-01,2022,0.001104225097942565
RIO BRANCO,2022-10-01,2022,0.001233982502530253
RIO BRANCO,2022-11-01,2022,0.001392071515251756
RIO BRANCO,2022-12-01,2022,0.0014240536896216994
RIO BRANCO,2023-01-01,2023,0.0016690592902164568
RIO BRANCO,2023-02-01,2023,0.0014854862622446297
RIO BRANCO,2023-03-01,2023,0.0014088558686698293
RIO BRANCO,2023-04-01,2023,0.001282373828692891
RIO BRANCO,2023-05-01,2023,0.0014517089008835738
RIO BRANCO,2023-06-01,2023,0.0013877052491006769
RIO BRANCO,2023-07-01,2023,0.001261281840711218
RIO BRANCO,2023-08-01,2023,0.001162512424997718
RIO BRANCO,2023-09-01,2023,0.0010256354138891755
RIO BRANCO,2023-10-01,2023,0.0009196810290917734
RIO BRANCO,2023-11-01,2023,0.0010116784567316295
RIO BRANCO,2023-12-01,2023,0.0009635153057345325
RIO BRANCO,2024-01-01,2024,0.0010163166596453765
RIO BRANCO,2024-02-01,2024,0.0011153327107126332
RIO BRANCO,2024-03-01,2024,0.000925519384825263
RIO BRANCO,2024-04-01,2024,0.0008894233288207154
RIO BRANCO,2024-05-01,2024,0.0007296118797098072
RIO BRANCO,2024-06-01,2024,0.000680767564512279
RIO BRANCO,2024-07-01,2024,0.0005969464521743384
RIO BRANCO,2024-08-01,2024,0.00038802523293258616
RIO BRANCO,2024-09-01,2024,0.0004431506835144616
RIO BRANCO,2024-10-01,2024,0.0004245222093525325
RIO BRANCO,2024-11-01,2024,0.0002541517710809471
RIO BRANCO,2024-12-01,2024,0.0003092720935869164
RIO BRANCO,2025-01-01,2025,0.00023882601050725816
RIO BRANCO,2025-02-01,2025,0.00023652740361528756
RIO BRANCO,2025-03-01,2025,0.00013928362546593686
RIO BRANCO,2025-04-01,2025,6.311228438772298e-05
RIO BRANCO,2025-05-01,2025,9.776758521664708e-05
RIO BRANCO,2025-06-01,2025,-5.063508840530306e-05
RIO BRANCO,2025-07-01,2025,-9.936206864698205e-05
RIO BRANCO,2025-08-01,2025,1.4705177625057297e-05
RIO BRANCO,2025-09-01,2025,-5.160150540404418e-05
RIO BRANCO,2025-10-01,2025,0.00011230672194128322
RIO BRANCO,2025-11-01,2025,6.539504511124061e-05
RIO BRANCO,2025-12-01,2025,6.0852197533265426e-05
RIO BRANCO,2026-01-01,2026,-0.0001326714066501755
RIO BRANCO,2026-02-01,2026,-0.0001663186079779011
RIO BRANCO,2026-03-01,2026,-0.00016169176762738434
RIO BRANCO,2026-04-01,2026,-0.00026119847550102546
RIO BRANCO,2026-05-01,2026,7.827267254823634e-05
RIO BRANCO,2026-06-01,2026,0.00037451198624987913
RIO BRANCO,2026-07-01,2026,0.00030255330157087033
RIO BRANCO,2026-08-01,2026,0.0005673899659928216
RIO BRANCO,2026-09-01,2026,0.0007998713990532713
RIO BRANCO,2026-10-01,2026,0.0008351301620683005
RIO BRANCO,2026-11-01,2026,0.0009132038876825022
RIO BRANCO,2026-12-01,2026,0.0007687067694536253
RIO BRANCO,2027-01-01,2027,0.0009267000368648226
RIO BRANCO,2027-02-01,2027,0.0006550078261837589
RIO BRANCO,2027-03-01,2027,0.0008373063739148756
RIO BRANCO,2027-04-01,2027,0.0010001568317684528
RIO BRANCO,2027-05-01,2027,0.0013950029961928678
RIO BRANCO,2027-06-01,2027,0.0016508868436800395
RIO BRANCO,2027-07-01,2027,0.0018212188957461228
RIO BRANCO,2027-08-01,2027,0.0016575252618712378
RIO BRANCO,2027-09-01,2027,0.0016728194841081267
RIO BRANCO,2027-10-01,2027,0.0017915113274860706
RIO BRANCO,2027-11-01,2027,0.0017430804174182113
RIO BRANCO,2027-12-01,2027,0.0012985912819299106
RIO BRANCO,2028-01-01,2028,0.0010824302815981835
RIO BRANCO,2028-02-01,2028,0.0012116471003197626
RIO BRANCO,2028-03-01,2028,0.0011455895562229668
RIO BRANCO,2028-04-01,2028,0.0008346525801736538
RIO BRANCO,2028-05-01,2028,0.0009499854370888949
RIO BRANCO,2028-06-01,2028,0.0008912357051180964
RIO BRANCO,2028-07-01,2028,0.0010652377889109642
RIO BRANCO,2028-08-01,2028,0.0010805777000734195
RIO BRANCO,2028-09-01,2028,0.0014648615443380608
RIO BRANCO,2028-10-01,2028,0.001047710712055645
RIO BRANCO,2028-11-01,2028,0.00120404628622776
RIO BRANCO,2028-12-01,2028,0.0012660942320010104
RIO BRANCO,2029-01-01,2029,0.001231164522281113
RIO BRANCO,2029-02-01,2029,0.0012532595520458733
RIO BRANCO,2029-03-01,2029,0.0010810957748415573
RIO BRANCO,2029-04-01,2029,0.0009314578629863357
RIO BRANCO,2029-05-01,2029,0.0009212042186409774
RIO BRANCO,2029-06-01,2029,0.000921771411142931
RIO BRANCO,2029-07-01,2029,0.001111054976831941
RIO BRANCO,2029-08-01,2029,0.0010611174629311737
RIO BRANCO,2029-09-01,2029,0.0010038172709794402
RIO BRANCO,2029-10-01,2029,0.0012173186792364531
RIO BRANCO,2029-11-01,2029,0.0011221418883721578
RIO BRANCO,2029-12-01,2029,0.0013015419645934657
RIO BRANCO,2030-01-01,2030,0.001227503520391704
RIO BRANCO,2030-02-01,2030,0.00130424681829603
RIO BRANCO,2030-03-01,2030,0.0013660172078778165
RIO BRANCO,2030-04-01,2030,0.0014403590725300208
RIO BRANCO,2030-05-01,2030,0.0013754003276388992
RIO BRANCO,2030-06-01,2030,0.0011642365343786864
RIO BRANCO,2030-07-01,2030,0.0012639993352576862
RIO BRANCO,2030-08-01,2030,0.0013426538832789158
RIO BRANCO,2030-09-01,2030,0.001327585655214487
RIO BRANCO,2030-10-01,2030,0.001714601209773844
RIO BRANCO,2030-11-01,2030,0.001709026255371403
RIO BRANCO,2030-12-01,2030,0.0012716052414083845
RIO BRANCO,2031-01-01,2031,0.0011875159373480714
RIO BRANCO,2031-02-01,2031,0.001336833056923289
RIO BRANCO,2031-03-01,2031,0.0014513393868179013
RIO BRANCO,2031-04-01,2031,0.0013553584938150443
RIO BRANCO,2031-05-01,2031,0.0013681032201518784
RIO BRANCO,2031-06-01,2031,0.0016566094420302324
RIO BRANCO,2031-07-01,2031,0.0020606008388211095
RIO BRANCO,2031-08-01,2031,0.0016581503089079953
RIO BRANCO,2031-09-01,2031,0.0019434093361970829
RIO BRANCO,2031-10-01,2031,0.0015353160338509675
RIO BRANCO,2031-11-01,2031,0.001813631173956044
RIO BRANCO,2031-12-01,2031,0.0017493805666689854
RIO BRANCO,2032-01-01,2032,0.0020123716575019077
RIO BRANCO,2032-02-01,2032,0.0021290163192329127
RIO BRANCO,2032-03-01,2032,0.001994897701672388
RIO BRANCO,2032-04-01,2032,0.002382314305206802
RIO BRANCO,2032-05-01,2032,0.002144195662767957
RIO BRANCO,2032-06-01,2032,0.0024039611575279295
RIO BRANCO,2032-07-01,2032,0.0023867146793765514
RIO BRANCO,2032-08-01,2032,0.0024142849732965497
RIO BRANCO,2032-09-01,2032,0.0023947000627830184
RIO BRANCO,2032-10-01,2032,0.002211617755911386
RIO BRANCO,2032-11-01,2032,0.0020285386762209003
RIO BRANCO,2032-12-01,2032,0.0019276877307202833
RIO BRANCO,2033-01-01,2033,0.0015413578899740531
RIO BRANCO,2033-02-01,2033,0.0018400478482671278
RIO BRANCO,2033-03-01,2033,0.001852790140246865
RIO BRANCO,2033-04-01,2033,0.0017341758730618306
RIO BRANCO,2033-05-01,2033,0.001881155134554695
RIO BRANCO,2033-06-01,2033,0.0019719767330961323
RIO BRANCO,2033-07-01,2033,0.001970482017895986
RIO BRANCO,2033-08-01,2033,0.0023435132420615732
RIO BRANCO,2033-09-01,2033,0.002086987682146897
RIO BRANCO,2033-10-01,2033,0.0020415629353215527
RIO BRANCO,2033-11-01,2033,0.001874280911539128
RIO BRANCO,2033-12-01,2033,0.0017340826901155837
RIO BRANCO,2034-01-01,2034,0.0017526599517224274
RIO BRANCO,2034-02-01,2034,0.0017364022436247163
RIO BRANCO,2034-03-01,2034,0.001472628355579253
RIO BRANCO,2034-04-01,2034,0.0012117801048308497
RIO BRANCO,2034-05-01,2034,0.000904267695763179
RIO BRANCO,2034-06-01,2034,0.0010395341341442278
RIO BRANCO,2034-07-01,2034,0.0009514923561578959
RIO BRANCO,2034-08-01,2034,0.0007508043563812616
RIO BRANCO,2034-09-01,2034,0.0008686814863435266
RIO BRANCO,2034-10-01,2034,0.0007714988643912602
RIO BRANCO,2034-11-01,2034,0.0005083680982274041
RIO BRANCO,2034-12-01,2034,0.0009003447477661009
RIO BRANCO,2035-01-01,2035,0.0014660065077371075
RIO BRANCO,2035-02-01,2035,0.0016464315078139257
RIO BRANCO,2035-03-01,2035,0.0020434514116185565
RIO BRANCO,2035-04-01,2035,0.0020549387250990503
RIO BRANCO,2035-05-01,2035,0.0017725228850857988
RIO BRANCO,2035-06-01,2035,0.0016871619892800073
RIO BRANCO,2035-07-01,2035,0.0017304571793931634
RIO BRANCO,2035-08-01,2035,0.0017398933824727858
RIO BRANCO,2035-09-01,2035,0.001691409202480303
RIO BRANCO,2035-10-01,2035,0.0012796730250604039
RIO BRANCO,2035-11-01,2035,0.0014168350391184892
RIO BRANCO,2035-12-01,2035,0.001529533159242894
RIO BRANCO,2036-01-01,2036,0.0016096037329403968
RIO BRANCO,2036-02-01,2036,0.0013422193941287075
RIO BRANCO,2036-03-01,2036,0.0013831047867017487
RIO BRANCO,2036-04-01,2036,0.0012928828711219053
RIO BRANCO,2036-05-01,2036,0.0013185089276512819
RIO BRANCO,2036-06-01,2036,0.0012769345111710562
RIO BRANCO,2036-07-01,2036,0.0012190435714382398
RIO BRANCO,2036-08-01,2036,0.0011998349134169739
RIO BRANCO,2036-09-01,2036,0.00128951071932889
RIO BRANCO,2036-10-01,2036,0.0014433555802075037
RIO BRANCO,2036-11-01,2036,0.0015680316204925882
RIO BRANCO,2036-12-01,2036,0.0017581675309171518
RIO BRANCO,2037-01-01,2037,0.0014698795007992904
RIO BRANCO,2037-02-01,2037,0.0012825829539045096
RIO BRANCO,2037-03-01,2037,0.001069775035967395
RIO BRANCO,2037-04-01,2037,0.0011025995024038227
RIO BRANCO,2037-05-01,2037,0.0008490670780920273
RIO BRANCO,2037-06-01,2037,0.0014200943371771558
RIO BRANCO,2037-07-01,2037,0.0009548291553333343
RIO BRANCO,2037-08-01,2037,0.00047278746907125635
RIO BRANCO,2037-09-01,2037,0.000309544561811621
RIO BRANCO,2037-10-01,2037,0.0005865844997201553
RIO BRANCO,2037-11-01,2037,0.0006434641334546253
RIO BRANCO,2037-12-01,2037,0.0005560984686885706
RIO BRANCO,2038-01-01,2038,0.0007687067135043424
RIO BRANCO,2038-02-01,2038,0.0008003232977666764
RIO BRANCO,2038-03-01,2038,0.0009428457621408715
RIO BRANCO,2038-04-01,2038,0.0009929249435674681
RIO BRANCO,2038-05-01,2038,0.0009866937188294101
RIO BRANCO,2038-06-01,2038,0.001196038075317566
RIO BRANCO,2038-07-01,2038,0.001266038580549629
RIO BRANCO,2038-08-01,2038,0.0015170014894337746
RIO BRANCO,2038-09-01,2038,0.0015628724281762196
RIO BRANCO,2038-10-01,2038,0.001232993131334129
RIO BRANCO,2038-11-01,2038,0.0013849746707201194
RIO BRANCO,2038-12-01,2038,0.0012701331540888306
RIO BRANCO,2039-01-01,2039,0.001124966449876187
RIO BRANCO,2039-02-01,2039,0.0011686399581139516
RIO BRANCO,2039-03-01,2039,0.0015861353071990802
RIO BRANCO,2039-04-01,2039,0.0018638397975918174
RIO BRANCO,2039-05-01,2039,0.001780393667055511
RIO BRANCO,2039-06-01,2039,0.00151141431104463
RIO BRANCO,2039-07-01,2039,0.0015693889198349852
RIO BRANCO,2039-08-01,2039,0.00173053137023365
RIO BRANCO,2039-09-01,2039,0.001975349456731269
RIO BRANCO,2039-10-01,2039,0.0020924378138909515
RIO BRANCO,2039-11-01,2039,0.0022521978729973424
RIO BRANCO,2039-12-01,2039,0.002560035263475875
RIO DE JANEIRO,2010-01-01,2010,0.0
RIO DE JANEIRO,2010-02-01,2010,0.0
RIO DE JANEIRO,2010-03-01,2010,0.0
RIO DE JANEIRO,2010-04-01,2010,-4.311420988626357e-06
RIO DE JANEIRO,2010-05-01,2010,2.308428821645392e-05
RIO DE JANEIRO,2010-06-01,2010,-5.131688400936696e-05
RIO DE JANEIRO,2010-07-01,2010,-0.00014358146755595215
RIO DE JANEIRO,2010-08-01,2010,-0.00011478359481136514
RIO DE JANEIRO,2010-09-01,2010,-6.224396381751762e-05
RIO DE JANEIRO,2010-10-01,2010,-0.00021272899833792546
RIO DE JANEIRO,2010-11-01,2010,-0.00047874321163329016
RIO DE JANEIRO,2010-12-01,2010,-0.0006110005262275742
RIO DE JANEIRO,2011-01-01,2011,-0.0007265470975062582
RIO DE JANEIRO,2011-02-01,2011,-0.0006883426437782447
RIO DE JANEIRO,2011-03-01,2011,-0.0007607575612222495
RIO DE JANEIRO,2011-04-01,2011,-0.0009387799036171674
RIO DE JANEIRO,2011-05-01,2011,-0.0009145139500966104
RIO DE JANEIRO,2011-06-01,2011,-0.0010425894469150198
RIO DE JANEIRO,2011-07-01,2011,-0.0008520287609266164
RIO DE JANEIRO,2011-08-01,2011,-0.0007543990124819488
RIO DE JANEIRO,2011-09-01,2011,-0.000891345693368979
RIO DE JANEIRO,2011-10-01,2011,-0.0009408925393608192
RIO DE JANEIRO,2011-11-01,2011,-0.0009767353548278156
RIO DE JANEIRO,2011-12-01,2011,-0.0008910562506843989
RIO DE JANEIRO,2012-01-01,2012,-0.0008696275295344335
RIO DE JANEIRO,2012-02-01,2012,-0.0008478633728700402
RIO DE JANEIRO,2012-03-01,2012,-0.0006082565529807293
RIO DE JANEIRO,2012-04-01,2012,-0.00046291751957472263
RIO DE JANEIRO,2012-05-01,2012,-0.0004736212937020201
RIO DE JANEIRO,2012-06-01,2012,-0.00048794807704544363
RIO DE JANEIRO,2012-07-01,2012,-0.0005024355571463312
RIO DE JANEIRO,2012-08-01,2012,-0.0004276644909117311
RIO DE JANEIRO,2012-09-01,2012,-0.00036213253762832243
RIO DE JANEIRO,2012-10-01,2012,-0.00028189210404281685
RIO DE JANEIRO,2012-11-01,2012,-0.0001721842589695499
RIO DE JANEIRO,2012-12-01,2012,-0.00011309831644646828
RIO DE JANEIRO,2013-01-01,2013,-2.8652027181830242e-05
RIO DE JANEIRO,2013-02-01,2013,-3.6963872784956386e-05
RIO DE JANEIRO,2013-03-01,2013,-1.5693800322851282e-05
RIO DE JANEIRO,2013-04-01,2013,-1.3045305581634859e-05
RIO DE JANEIRO,2013-05-01,2013,-2.3781981035342346e-06
RIO DE JANEIRO,2013-06-01,2013,-0.00010155412691977506
RIO DE JANEIRO,2013-07-01,2013,-0.00020462960569784473
RIO DE JANEIRO,2013-08-01,2013,-0.0002184101701192187
RIO DE JANEIRO,2013-09-01,2013,-0.00020528553561307116
RIO DE JANEIRO,2013-10-01,2013,-0.00015717425321308155
RIO DE JANEIRO,2013-11-01,2013,3.7370601993745864e-05
RIO DE JANEIRO,2013-12-01,2013,0.00013355192070437782
RIO DE JANEIRO,2014-01-01,2014,7.340645638650333e-05
RIO DE JANEIRO,2014-02-01,2014,1.538659755160654e-05
RIO DE JANEIRO,2014-03-01,2014,-2.3136415347808637e-05
RIO DE JANEIRO,2014-04-01,2014,4.411574695724729e-05
RIO DE JANEIRO,2014-05-01,2014,7.296260447466896e-06
RIO DE JANEIRO,2014-06-01,2014,8.568696337274417e-05
RIO DE JANEIRO,2014-07-01,2014,0.00017022271288159808
RIO DE JANEIRO,2014-08-01,2014,0.00019926810053644606
RIO DE JANEIRO,2014-09-01,2014,0.0001650533008458488
RIO DE JANEIRO,2014-10-01,2014,0.00027676122778893977
RIO DE JANEIRO,2014-11-01,2014,0.00038362043140369726
RIO DE JANEIRO,2014-12-01,2014,8.67938807638713e-05
RIO DE JANEIRO,2015-01-01,2015,3.172638801723249e-05
RIO DE JANEIRO,2015-02-01,2015,-0.00019988306997078208
RIO DE JANEIRO,2015-03-01,2015,-0.00024047477373096983
RIO DE JANEIRO,2015-04-01,2015,-0.0005409062784016216
RIO DE JANEIRO,2015-05-01,2015,-0.0008545740010031677
RIO DE JANEIRO,2015-06-01,2015,-0.0011362700364325462
RIO DE JANEIRO,2015-07-01,2015,-0.0007489128137959844
RIO DE JANEIRO,2015-08-01,2015,-0.00019893498430400113
RIO DE JANEIRO,2015-09-01,2015,-0.0015416365099602525
RIO DE JANEIRO,2015-10-01,2015,-0.001012279994064289
RIO DE JANEIRO,2015-11-01,2015,-0.00023309416458065725
RIO DE JANEIRO,2015-12-01,2015,-0.0008001800930732861
RIO DE JANEIRO,2016-01-01,2016,-0.0004467566933791833
RIO DE JANEIRO,2016-02-01,2016,-0.0009032736800819341
RIO DE JANEIRO,2016-03-01,2016,-0.0028707840502463712
RIO DE JANEIRO,2016-04-01,2016,-0.0034430525393651557
RIO DE JANEIRO,2016-05-01,2016,-0.0027622990016807868
RIO DE JANEIRO,2016-06-01,2016,-0.0037774122131725763
RIO DE JANEIRO,2016-07-01,2016,-0.003570848726892779
RIO DE JANEIRO,2016-08-01,2016,-0.003931540136384303
RIO DE JANEIRO,2016-09-01,2016,-0.006274856762553584
RIO DE JANEIRO,2016-10-01,2016,-0.0064432778581995686
RIO DE JANEIRO,2016-11-01,2016,-0.007443249884239277
RIO DE JANEIRO,2016-12-01,2016,-0.00822845207877932
RIO DE JANEIRO,2017-01-01,2017,-0.009110296880296978
RIO DE JANEIRO,2017-02-01,2017,-0.009426393619805202
RIO DE JANEIRO,2017-03-01,2017,-0.010182616154583313
RIO DE JANEIRO,2017-04-01,2017,-0.011559173239387755
RIO DE JANEIRO,2017-05-01,2017,-0.011694985471868416
RIO DE JANEIRO,2017-06-01,2017,-0.012071816696692883
RIO DE JANEIRO,2017-07-01,2017,-0.0119705751655448
RIO DE JANEIRO,2017-08-01,2017,-0.01171424734539638
RIO DE JANEIRO,2017-09-01,2017,-0.011582767647384449
RIO DE JANEIRO,2017-10-01,2017,-0.011513407542639324
RIO DE JANEIRO,2017-11-01,2017,-0.01165028375843237
RIO DE JANEIRO,2017-12-01,2017,-0.011580547700527117
RIO DE JANEIRO,2018-01-01,2018,-0.011752773869756842
RIO DE JANEIRO,2018-02-01,2018,-0.011629093390861742
RIO DE JANEIRO,2018-03-01,2018,-0.011162218225818938
RIO DE JANEIRO,2018-04-01,2018,-0.010753241231331083
RIO DE JANEIRO,2018-05-01,2018,-0.010051349922981082
RIO DE JANEIRO,2018-06-01,2018,-0.008824815710749207
RIO DE JANEIRO,2018-07-01,2018,-0.008022316430787152
RIO DE JANEIRO,2018-08-01,2018,-0.0071400641545557204
RIO DE JANEIRO,2018-09-01,2018,-0.005029462484721089
RIO DE JANEIRO,2018-10-01,2018,-0.004364536433969014
RIO DE JANEIRO,2018-11-01,2018,-0.0035580719434106334
RIO DE JANEIRO,2018-12-01,2018,-0.0032481707073244615
RIO DE JANEIRO,2019-01-01,2019,-0.0030778695312151084
RIO DE JANEIRO,2019-02-01,2019,-0.003083826374241596
RIO DE JANEIRO,2019-03-01,2019,-0.0033783843063905816
RIO DE JANEIRO,2019-04-01,2019,-0.0019298401752026039
RIO DE JANEIRO,2019-05-01,2019,-0.0018252909569734898
RIO DE JANEIRO,2019-06-01,2019,-0.0015962366842754093
RIO DE JANEIRO,2019-07-01,2019,-0.0016247778129262114
RIO DE JANEIRO,2019-08-01,2019,-0.0016938547081233534
RIO DE JANEIRO,2019-09-01,2019,-0.0016818028065168056
RIO DE JANEIRO,2019-10-01,2019,-0.002342853644459382
RIO DE JANEIRO,2019-11-01,2019,-0.0021652864566959387
RIO DE JANEIRO,2019-12-01,2019,-0.002125551122575762
RIO DE JANEIRO,2020-01-01,2020,-0.002125534064477981
RIO DE JANEIRO,2020-02-01,2020,-0.0021417448274268303
RIO DE JANEIRO,2020-03-01,2020,-0.0022737947102971713
RIO DE JANEIRO,2020-04-01,2020,-0.0026470879872353427
RIO DE JANEIRO,2020-05-01,2020,-0.002477388686740354
RIO DE JANEIRO,2020-06-01,2020,-0.0017369785589344188
RIO DE JANEIRO,2020-07-01,2020,-0.0011470783772507044
RIO DE JANEIRO,2020-08-01,2020,-0.001102343591641578
RIO DE JANEIRO,2020-09-01,2020,-0.0008452881278372626
RIO DE JANEIRO,2020-10-01,2020,-3.308667383857822e-05
RIO DE JANEIRO,2020-11-01,2020,0.00013605956780764593
RIO DE JANEIRO,2020-12-01,2020,-8.308789167919883e-05
RIO DE JANEIRO,2021-01-01,2021,-0.00039752060450301443
RIO DE JANEIRO,2021-02-01,2021,-0.0003910206011814532
RIO DE JANEIRO,2021-03-01,2021,-0.000185983223265489
RIO DE JANEIRO,2021-04-01,2021,-0.0001258968920015191
RIO DE JANEIRO,2021-05-01,2021,-0.0005854222042259227
RIO DE JANEIRO,2021-06-01,2021,-0.0007985518369338274
RIO DE JANEIRO,2021-07-01,2021,-0.0006490517210522784
RIO DE JANEIRO,2021-08-01,2021,-0.0007686927449377912
RIO DE JANEIRO,2021-09-01,2021,-0.0006616231163883879
RIO DE JANEIRO,2021-10-01,2021,-0.0006108665768645027
RIO DE JANEIRO,2021-11-01,2021,-0.0005576901490877773
RIO DE JANEIRO,2021-12-01,2021,-0.000632565490116479
RIO DE JANEIRO,2022-01-01,2022,-0.0005045753761423244
RIO DE JANEIRO,2022-02-01,2022,-0.0002952429794950018
RIO DE JANEIRO,2022-03-01,2022,-0.00029409139022865127
RIO DE JANEIRO,2022-04-01,2022,-0.00028937050099719144
RIO DE JANEIRO,2022-05-01,2022,-0.00016794712268080158
RIO DE JANEIRO,2022-06-01,2022,4.272795353691405e-05
RIO DE JANEIRO,2022-07-01,2022,0.0006198434029292454
RIO DE JANEIRO,2022-08-01,2022,0.0011215701619478068
RIO DE JANEIRO,2022-09-01,2022,0.000982653639701323
RIO DE JANEIRO,2022-10-01,2022,0.000563174849589031
RIO DE JANEIRO,2022-11-01,2022,0.00019536806677281416
RIO DE JANEIRO,2022-12-01,2022,-0.000540566435227624
RIO DE JANEIRO,2023-01-01,2023,0.00019151105527507207
RIO DE JANEIRO,2023-02-01,2023,0.000733852753592732
RIO DE JANEIRO,2023-03-01,2023,0.0009012078325011386
RIO DE JANEIRO,2023-04-01,2023,0.001005905942764338
RIO DE JANEIRO,2023-05-01,2023,0.0005597380412209196
RIO DE JANEIRO,2023-06-01,2023,0.0004555181684823473
RIO DE JANEIRO,2023-07-01,2023,-0.00012904921625916832
RIO DE JANEIRO,2023-08-01,2023,1.783880254745407e-06
RIO DE JANEIRO,2023-09-01,2023,-0.00026774461179637
RIO DE JANEIRO,2023-10-01,2023,-0.0018554865108955764
RIO DE JANEIRO,2023-11-01,2023,-0.0014377400989612065
RIO DE JANEIRO,2023-12-01,2023,-0.0020764320119316094
RIO DE JANEIRO,2024-01-01,2024,-0.002182579443422905
RIO DE JANEIRO,2024-02-01,2024,-0.0010122999889585439
RIO DE JANEIRO,2024-03-01,2024,-0.0011654956414957707
RIO DE JANEIRO,2024-04-01,2024,-0.0010960847023327636
RIO DE JANEIRO,2024-05-01,2024,-0.000951259473800673
RIO DE JANEIRO,2024-06-01,2024,-0.0008906196532802247
RIO DE JANEIRO,2024-07-01,2024,-0.00050736661349301
RIO DE JANEIRO,2024-08-01,2024,-0.00041002074317092354
RIO DE JANEIRO,2024-09-01,2024,0.00014090867949665743
RIO DE JANEIRO,2024-10-01,2024,0.000404505362188472
RIO DE JANEIRO,2024-11-01,2024,0.0003130726107326587
RIO DE JANEIRO,2024-12-01,2024,2.5388062268888455e-05
RIO DE JANEIRO,2025-01-01,2025,-0.0008787437717803981
RIO DE JANEIRO,2025-02-01,2025,-0.0011295582032028295
RIO DE JANEIRO,2025-03-01,2025,-0.0014127745378749645
RIO DE JANEIRO,2025-04-01,2025,-0.001963276503834328
RIO DE JANEIRO,2025-05-01,2025,-0.002269812419904158
RIO DE JANEIRO,2025-06-01,2025,-0.00233067414857292
RIO DE JANEIRO,2025-07-01,2025,-0.0020362955187483932
RIO DE JANEIRO,2025-08-01,2025,-0.0019334947229002752
RIO DE JANEIRO,2025-09-01,2025,-0.001655423252754281
RIO DE JANEIRO,2025-10-01,2025,-0.0009648306136966201
RIO DE JANEIRO,2025-11-01,2025,-0.000610098773998563
RIO DE JANEIRO,2025-12-01,2025,-0.0007347923106407528
RIO DE JANEIRO,2026-01-01,2026,-0.0006428774580765717
RIO DE JANEIRO,2026-02-01,2026,-0.004060762439866437
RIO DE JANEIRO,2026-03-01,2026,-0.003848378626835206
RIO DE JANEIRO,2026-04-01,2026,-0.0033621961118708078
RIO DE JANEIRO,2026-05-01,2026,-0.0028826511963522083
RIO DE JANEIRO,2026-06-01,2026,-0.0023881537957542976
RIO DE JANEIRO,2026-07-01,2026,-0.002980696655712245
RIO DE JANEIRO,2026-08-01,2026,-0.0033969861490250595
RIO DE JANEIRO,2026-09-01,2026,-0.0036428955274572026
RIO DE JANEIRO,2026-10-01,2026,-0.0032358500413138345
RIO DE JANEIRO,2026-11-01,2026,-0.0029199057903661952
RIO DE JANEIRO,2026-12-01,2026,-0.0026042667754410274
RIO DE JANEIRO,2027-01-01,2027,-0.002117853644176162
RIO DE JANEIRO,2027-02-01,2027,-0.0020452824075125786
RIO DE JANEIRO,2027-03-01,2027,-0.0016531230030350397
RIO DE JANEIRO,2027-04-01,2027,-0.000962898159874036
RIO DE JANEIRO,2027-05-01,2027,-0.0002937632884545094
RIO DE JANEIRO,2027-06-01,2027,0.00015938979745965697
RIO DE JANEIRO,2027-07-01,2027,0.00025669265431490617
RIO DE JANEIRO,2027-08-01,2027,0.0001223999019444255
RIO DE JANEIRO,2027-09-01,2027,0.00035083539667804086
RIO DE JANEIRO,2027-10-01,2027,0.0007557908360680354
RIO DE JANEIRO,2027-11-01,2027,0.0012267744129705882
RIO DE JANEIRO,2027-12-01,2027,0.0015735555828741566
RIO DE JANEIRO,2028-01-01,2028,0.0018437260065541506
RIO DE JANEIRO,2028-02-01,2028,0.002330226066798344
RIO DE JANEIRO,2028-03-01,2028,0.00284007625555581
RIO DE JANEIRO,2028-04-01,2028,0.0030525913454796504
RIO DE JANEIRO,2028-05-01,2028,0.0031366890148039617
RIO DE JANEIRO,2028-06-01,2028,0.003079382804464844
RIO DE JANEIRO,2028-07-01,2028,0.002979855371665138
RIO DE JANEIRO,2028-08-01,2028,0.0031509596176903278
RIO DE JANEIRO,2028-09-01,2028,0.003090747058117773
RIO DE JANEIRO,2028-10-01,2028,0.0030918339006657638
RIO DE JANEIRO,2028-11-01,2028,0.0032950552431344495
RIO DE JANEIRO,2028-12-01,2028,0.0035831231326749623
RIO DE JANEIRO,2029-01-01,2029,0.0033771121657815016
RIO DE JANEIRO,2029-02-01,2029,0.002749482245569995
RIO DE JANEIRO,2029-03-01,2029,0.0028533352971737667
RIO DE JANEIRO,2029-04-01,2029,0.0028547906233560016
RIO DE JANEIRO,2029-05-01,2029,0.002926449046774626
RIO DE JANEIRO,2029-06-01,2029,0.0028856139525132475
RIO DE JANEIRO,2029-07-01,2029,0.0031690332097694973
RIO DE JANEIRO,2029-08-01,2029,0.0032217657650215224
RIO DE JANEIRO,2029-09-01,2029,0.0033006065567376
RIO DE JANEIRO,2029-10-01,2029,0.003458938622829113
RIO DE JANEIRO,2029-11-01,2029,0.0035684975473360037
RIO DE JANEIRO,2029-12-01,2029,0.003529354653882296
RIO DE JANEIRO,2030-01-01,2030,0.0035183131423604597
RIO DE JANEIRO,2030-02-01,2030,0.0035251612917135368
RIO DE JANEIRO,2030-03-01,2030,0.003443052121785546
RIO DE JANEIRO,2030-04-01,2030,0.0035267035203377416
RIO DE JANEIRO,2030-05-01,2030,0.003643444983606119
RIO DE JANEIRO,2030-06-01,2030,0.003772305379306875
RIO DE JANEIRO,2030-07-01,2030,0.0038050988868565793
RIO DE JANEIRO,2030-08-01,2030,0.0039088980795851415
RIO DE JANEIRO,2030-09-01,2030,0.00405535682324327
RIO DE JANEIRO,2030-10-01,2030,0.004069418901457296
RIO DE JANEIRO,2030-11-01,2030,0.004126391651904466
RIO DE JANEIRO,2030-12-01,2030,0.004293790368066715
RIO DE JANEIRO,2031-01-01,2031,0.00431007365268057
RIO DE JANEIRO,2031-02-01,2031,0.004682911978859235
RIO DE JANEIRO,2031-03-01,2031,0.004723057878455863
RIO DE JANEIRO,2031-04-01,2031,0.004682898660604191
RIO DE JANEIRO,2031-05-01,2031,0.0037755967465356167
RIO DE JANEIRO,2031-06-01,2031,0.0017812422966717101
RIO DE JANEIRO,2031-07-01,2031,0.001829919157722011
RIO DE JANEIRO,2031-08-01,2031,0.001792584215759836
RIO DE JANEIRO,2031-09-01,2031,0.0019743203770495278
RIO DE JANEIRO,2031-10-01,2031,0.001998624067726262
RIO DE JANEIRO,2031-11-01,2031,0.0022233657674948313
RIO DE JANEIRO,2031-12-01,2031,0.0034197667375484575
RIO DE JANEIRO,2032-01-01,2032,0.0035243659495098377
RIO DE JANEIRO,2032-02-01,2032,0.003737669203397449
RIO DE JANEIRO,2032-03-01,2032,0.003737250162042829
RIO DE JANEIRO,2032-04-01,2032,0.0034925322217423437
RIO DE JANEIRO,2032-05-01,2032,0.0035086038002776054
RIO DE JANEIRO,2032-06-01,2032,0.003354466627441093
RIO DE JANEIRO,2032-07-01,2032,0.003574262539811217
RIO DE JANEIRO,2032-08-01,2032,0.003496499579651484
RIO DE JANEIRO,2032-09-01,2032,0.003274852446922607
RIO DE JANEIRO,2032-10-01,2032,0.003308792605589268
RIO DE JANEIRO,2032-11-01,2032,0.003360131387860714
RIO DE JANEIRO,2032-12-01,2032,0.0033387578939875918
RIO DE JANEIRO,2033-01-01,2033,0.003108460349198481
RIO DE JANEIRO,2033-02-01,2033,0.002876279668507169
RIO DE JANEIRO,2033-03-01,2033,0.002653045882946268
RIO DE JANEIRO,2033-04-01,2033,0.0028416603067256243
RIO DE JANEIRO,2033-05-01,2033,0.0027646198411239607
RIO DE JANEIRO,2033-06-01,2033,0.0018968518830362524
RIO DE JANEIRO,2033-07-01,2033,0.0017461226561272115
RIO DE JANEIRO,2033-08-01,2033,0.0013764446747866433
RIO DE JANEIRO,2033-09-01,2033,0.0012616426757087141
RIO DE JANEIRO,2033-10-01,2033,0.0008573526213097082
RIO DE JANEIRO,2033-11-01,2033,0.0005951963908630464
RIO DE JANEIRO,2033-12-01,2033,-0.0006292556319128373
RIO DE JANEIRO,2034-01-01,2034,-0.001142338629745856
RIO DE JANEIRO,2034-02-01,2034,-0.0011993789597664838
RIO DE JANEIRO,2034-03-01,2034,-0.0011191199822855723
RIO DE JANEIRO,2034-04-01,2034,-0.001138088612363015
RIO DE JANEIRO,2034-05-01,2034,-0.0011379870938698188
RIO DE JANEIRO,2034-06-01,2034,-0.0007511177793635481
RIO DE JANEIRO,2034-07-01,2034,-0.0005151380135468342
RIO DE JANEIRO,2034-08-01,2034,0.0003238352962774815
RIO DE JANEIRO,2034-09-01,2034,0.0009259164407932818
RIO DE JANEIRO,2034-10-01,2034,0.0017203110684613243
RIO DE JANEIRO,2034-11-01,2034,0.0022978172893155712
RIO DE JANEIRO,2034-12-01,2034,0.0027867865310519857
RIO DE JANEIRO,2035-01-01,2035,0.002830780650886382
RIO DE JANEIRO,2035-02-01,2035,0.0027932723889022015
RIO DE JANEIRO,2035-03-01,2035,0.0029735537151507874
RIO DE JANEIRO,2035-04-01,2035,0.002788396456775699
RIO DE JANEIRO,2035-05-01,2035,0.002663573701060269
RIO DE JANEIRO,2035-06-01,2035,0.0026450443918371526
RIO DE JANEIRO,2035-07-01,2035,0.003273187484138238
RIO DE JANEIRO,2035-08-01,2035,0.0030738154114521234
RIO DE JANEIRO,2035-09-01,2035,0.0030733678029640243
RIO DE JANEIRO,2035-10-01,2035,0.002903757956071953
RIO DE JANEIRO,2035-11-01,2035,0.0028189566927740374
RIO DE JANEIRO,2035-12-01,2035,0.002623485592558121
RIO DE JANEIRO,2036-01-01,2036,0.002688383002572001
RIO DE JANEIRO,2036-02-01,2036,0.0025239919483383134
RIO DE JANEIRO,2036-03-01,2036,0.0006626701094097843
RIO DE JANEIRO,2036-04-01,2036,-0.00023665731425965398
RIO DE JANEIRO,2036-05-01,2036,-0.0005025623738867302
RIO DE JANEIRO,2036-06-01,2036,-0.0008352272768987423
RIO DE JANEIRO,2036-07-01,2036,-0.0008485738704892065
RIO DE JANEIRO,2036-08-01,2036,-0.0011206346636520714
RIO DE JANEIRO,2036-09-01,2036,-0.0011659064688766896
RIO DE JANEIRO,2036-10-01,2036,-0.001106416139980324
RIO DE JANEIRO,2036-11-01,2036,-0.0012449307712367142
RIO DE JANEIRO,2036-12-01,2036,-0.0014861303960554961
RIO DE JANEIRO,2037-01-01,2037,-0.0016565587743439059
RIO DE JANEIRO,2037-02-01,2037,-0.00202245681878241
RIO DE JANEIRO,2037-03-01,2037,-0.0019522045225887918
RIO DE JANEIRO,2037-04-01,2037,-0.002152841781755599
RIO DE JANEIRO,2037-05-01,2037,-0.0020817916926660707
RIO DE JANEIRO,2037-06-01,2037,-0.002146921631987195
RIO DE JANEIRO,2037-07-01,2037,-0.0020937413949751616
RIO DE JANEIRO,2037-08-01,2037,-0.002102760925729483
RIO DE JANEIRO,2037-09-01,2037,-0.002174180110153785
RIO DE JANEIRO,2037-10-01,2037,-0.0016466861703469781
RIO DE JANEIRO,2037-11-01,2037,-0.0014803917677944489
RIO DE JANEIRO,2037-12-01,2037,-0.0006009248312265658
RIO DE JANEIRO,2038-01-01,2038,-0.00019628442052789464
RIO DE JANEIRO,2038-02-01,2038,-6.0321574087123245e-05
RIO DE JANEIRO,2038-03-01,2038,9.698653014530433e-05
RIO DE JANEIRO,2038-04-01,2038,1.6868425644567252e-05
RIO DE JANEIRO,2038-05-01,2038,-0.0001508365270715495
RIO DE JANEIRO,2038-06-01,2038,-0.00019180797782603287
RIO DE JANEIRO,2038-07-01,2038,-0.00017878468781436395
RIO DE JANEIRO,2038-08-01,2038,-0.00046226036753165944
RIO DE JANEIRO,2038-09-01,2038,-0.000563573164215303
RIO DE JANEIRO,2038-10-01,2038,-0.000731925121234509
RIO DE JANEIRO,2038-11-01,2038,-0.0007747520867401758
RIO DE JANEIRO,2038-12-01,2038,-0.0006100085042937042
RIO DE JANEIRO,2039-01-01,2039,-0.0007222980678032998
RIO DE JANEIRO,2039-02-01,2039,-0.0007680687984600975
RIO DE JANEIRO,2039-03-01,2039,-0.0007557690336664912
RIO DE JANEIRO,2039-04-01,2039,-0.0011977456095444627
RIO DE JANEIRO,2039-05-01,2039,-0.0015304492583540963
RIO DE JANEIRO,2039-06-01,2039,-0.001556976431815944
RIO DE JANEIRO,2039-07-01,2039,-0.0013657967450237994
RIO DE JANEIRO,2039-08-01,2039,-0.0011812238579372658
RIO DE JANEIRO,2039-09-01,2039,0.00025052828658322256
RIO DE JANEIRO,2039-10-01,2039,0.0009509866008161105
RIO DE JANEIRO,2039-11-01,2039,0.0014196719223162901
RIO DE JANEIRO,2039-12-01,2039,0.0017307307161177432
SALVADOR,2010-01-01,2010,0.0
SALVADOR,2010-02-01,2010,0.0
SALVADOR,2010-03-01,2010,0.0
SALVADOR,2010-04-01,2010,-7.648269584669465e-05
SALVADOR,2010-05-01,2010,-0.00021874480045222855
SALVADOR,2010-06-01,2010,-0.00027204439285505533
SALVADOR,2010-07-01,2010,-0.0003502454041504888
SALVADOR,2010-08-01,2010,-0.0004006809906572073
SALVADOR,2010-09-01,2010,-0.00037390480078294927
SALVADOR,2010-10-01,2010,-0.0004943201397036922
SALVADOR,2010-11-01,2010,-0.0004207728287184609
SALVADOR,2010-12-01,2010,-0.0006071823245749175
SALVADOR,2011-01-01,2011,-0.0006525298856232975
SALVADOR,2011-02-01,2011,-0.0008281597673933605
SALVADOR,2011-03-01,2011,-0.0008358652469772943
SALVADOR,2011-04-01,2011,-0.000923622942968011
SALVADOR,2011-05-01,2011,-0.0008946613597455632
SALVADOR,2011-06-01,2011,-0.000768997467218594
SALVADOR,2011-07-01,2011,-0.0007905235701002078
SALVADOR,2011-08-01,2011,-0.0008319066803895492
SALVADOR,2011-09-01,2011,-0.0007744231354448672
SALVADOR,2011-10-01,2011,-0.0006175523140213002
SALVADOR,2011-11-01,2011,-0.0005087973004908131
SALVADOR,2011-12-01,2011,-0.0007219728912949796
SALVADOR,2012-01-01,2012,-0.0007370913553629599
SALVADOR,2012-02-01,2012,-0.0008086838185679279
SALVADOR,2012-03-01,2012,-0.0006752484007454651
SALVADOR,2012-04-01,2012,-0.0006533594280098698
SALVADOR,2012-05-01,2012,-0.0006942301494216674
SALVADOR,2012-06-01,2012,-0.0008101864700842377
SALVADOR,2012-07-01,2012,-0.0008797759358220481
SALVADOR,2012-08-01,2012,-0.0009759838867868853
SALVADOR,2012-09-01,2012,-0.0009930462782727046
SALVADOR,2012-10-01,2012,-0.0009889499704407324
SALVADOR,2012-11-01,2012,-0.0009155179564350946
SALVADOR,2012-12-01,2012,-0.0009964637040136936
SALVADOR,2013-01-01,2013,-0.0007191204713498734
SALVADOR,2013-02-01,2013,-0.0006218102778841072
SALVADOR,2013-03-01,2013,-0.0006126160875565101
SALVADOR,2013-04-01,2013,-0.0005508902777541668
SALVADOR,2013-05-01,2013,-0.0005165174296543495
SALVADOR,2013-06-01,2013,-0.00038227731111363685
SALVADOR,2013-07-01,2013,-0.00025429819227805516
SALVADOR,2013-08-01,2013,-0.00025409952016935413
SALVADOR,2013-09-01,2013,-0.0003821234859120071
SALVADOR,2013-10-01,2013,-0.00040742026691684916
SALVADOR,2013-11-01,2013,-0.0003151785139721897
SALVADOR,2013-12-01,2013,-0.0003434612719666885
SALVADOR,2014-01-01,2014,-0.00016641911841705048
SALVADOR,2014-02-01,2014,-0.001023960304667273
SALVADOR,2014-03-01,2014,-0.0007889396594857579
SALVADOR,2014-04-01,2014,-0.000694967973879581
SALVADOR,2014-05-01,2014,-0.0006444576990371065
SALVADOR,2014-06-01,2014,-0.0010315514173553164
SALVADOR,2014-07-01,2014,-0.0014321703118120488
SALVADOR,2014-08-01,2014,-0.00130872715706995
SALVADOR,2014-09-01,2014,-0.0014290975178251676
SALVADOR,2014-10-01,2014,-0.0015516538260647616
SALVADOR,2014-11-01,2014,-0.001301622830935626
SALVADOR,2014-12-01,2014,-0.00120053550225517
SALVADOR,2015-01-01,2015,-0.001898743524682357
SALVADOR,2015-02-01,2015,-0.001896693154196225
SALVADOR,2015-03-01,2015,-0.0018776413207102105
SALVADOR,2015-04-01,2015,-0.0018758162661620126
SALVADOR,2015-05-01,2015,-0.0016866776432351161
SALVADOR,2015-06-01,2015,-0.0016058190681424334
SALVADOR,2015-07-01,2015,-0.0014626703585275901
SALVADOR,2015-08-01,2015,-0.0013463321193803524
SALVADOR,2015-09-01,2015,-0.0010994470179892435
SALVADOR,2015-10-01,2015,-0.0010992966143812488
SALVADOR,2015-11-01,2015,-0.0010745741860431301
SALVADOR,2015-12-01,2015,-0.0005374500647997127
SALVADOR,2016-01-01,2016,-0.0007506829564331341
SALVADOR,2016-02-01,2016,-0.0006602399804000791
SALVADOR,2016-03-01,2016,-0.0008864989670179557
SALVADOR,2016-04-01,2016,-0.0008744009388890861
SALVADOR,2016-05-01,2016,-0.0008508894287958901
SALVADOR,2016-06-01,2016,-0.0007089784233617325
SALVADOR,2016-07-01,2016,-0.000499904948415878
SALVADOR,2016-08-01,2016,-0.0005046729296396857
SALVADOR,2016-09-01,2016,-0.0007699266015093064
SALVADOR,2016-10-01,2016,-0.00015766897902367294
SALVADOR,2016-11-01,2016,-0.0002543477422240581
SALVADOR,2016-12-01,2016,-0.00027091859572564214
SALVADOR,2017-01-01,2017,0.00015783982442822974
SALVADOR,2017-02-01,2017,0.00023584681606197977
SALVADOR,2017-03-01,2017,0.0002659911032716267
SALVADOR,2017-04-01,2017,0.00016275125741308405
SALVADOR,2017-05-01,2017,-0.000228946703268883
SALVADOR,2017-06-01,2017,0.0003797828828607941
SALVADOR,2017-07-01,2017,0.0002958652493568936
SALVADOR,2017-08-01,2017,7.40050015218452e-05
SALVADOR,2017-09-01,2017,-0.000142674973515734
SALVADOR,2017-10-01,2017,0.00018265125394858916
SALVADOR,2017-11-01,2017,0.00032042488073962596
SALVADOR,2017-12-01,2017,-0.00010697522954721262
SALVADOR,2018-01-01,2018,-0.0004325251591162993
SALVADOR,2018-02-01,2018,-0.0005142764454584714
SALVADOR,2018-03-01,2018,-0.0006930361968263499
SALVADOR,2018-04-01,2018,-0.0009884006162953552
SALVADOR,2018-05-01,2018,-0.001428749220916633
SALVADOR,2018-06-01,2018,-0.0010779868978655737
SALVADOR,2018-07-01,2018,-0.0010574777666602008
SALVADOR,2018-08-01,2018,-0.0009811352971330223
SALVADOR,2018-09-01,2018,-0.0011296358090985793
SALVADOR,2018-10-01,2018,-0.0011234024309443047
SALVADOR,2018-11-01,2018,-0.0011708356232045924
SALVADOR,2018-12-01,2018,-0.0010356546432951951
SALVADOR,2019-01-01,2019,-0.0007263886781121054
SALVADOR,2019-02-01,2019,-3.747032132849548e-05
SALVADOR,2019-03-01,2019,0.0004481106174654548
SALVADOR,2019-04-01,2019,-0.00033832124275601894
SALVADOR,2019-05-01,2019,-0.0002074032175432816
SALVADOR,2019-06-01,2019,0.0004178966199271916
SALVADOR,2019-07-01,2019,0.00035020030283706483
SALVADOR,2019-08-01,2019,0.0003563885230959829
SALVADOR,2019-09-01,2019,0.00014762729605449442
SALVADOR,2019-10-01,2019,0.0002920810044259148
SALVADOR,2019-11-01,2019,0.00019156742988096775
SALVADOR,2019-12-01,2019,0.00019485461320514874
SALVADOR,2020-01-01,2020,0.00015611634551478847
SALVADOR,2020-02-01,2020,-7.689545722207703e-05
SALVADOR,2020-03-01,2020,-0.0004641498371798847
SALVADOR,2020-04-01,2020,-0.0007736536868126709
SALVADOR,2020-05-01,2020,-0.0012064955142146172
SALVADOR,2020-06-01,2020,-0.0015108991743109912
SALVADOR,2020-07-01,2020,-0.0014736002814870308
SALVADOR,2020-08-01,2020,-0.001468280219601552
SALVADOR,2020-09-01,2020,-0.0015352503284888019
SALVADOR,2020-10-01,2020,-0.0012084209415971848
SALVADOR,2020-11-01,2020,-0.0014342333800208195
SALVADOR,2020-12-01,2020,-0.0008534466472666791
SALVADOR,2021-01-01,2021,-0.0003036364387539281
SALVADOR,2021-02-01,2021,0.00032910868044772165
SALVADOR,2021-03-01,2021,0.001345861123184018
SALVADOR,2021-04-01,2021,0.0015185938197274772
SALVADOR,2021-05-01,2021,0.0011406143186370166
SALVADOR,2021-06-01,2021,0.0008222269722659914
SALVADOR,2021-07-01,2021,0.000983046826254147
SALVADOR,2021-08-01,2021,0.0007363094753265564
SALVADOR,2021-09-01,2021,-5.911938031233577e-05
SALVADOR,2021-10-01,2021,-0.0005029314191074119
SALVADOR,2021-11-01,2021,-0.0007697812108693836
SALVADOR,2021-12-01,2021,-0.0008790115996596726
SALVADOR,2022-01-01,2022,-0.0014850794325663018
SALVADOR,2022-02-01,2022,-0.0016205953503634163
SALVADOR,2022-03-01,2022,-0.001711344371765482
SALVADOR,2022-04-01,2022,-0.0018609549658909741
SALVADOR,2022-05-01,2022,-0.0018892435917176175
SALVADOR,2022-06-01,2022,-0.0019218446869004114
SALVADOR,2022-07-01,2022,-0.0016100538765899098
SALVADOR,2022-08-01,2022,-0.0013798797837804243
SALVADOR,2022-09-01,2022,0.0007011454362126412
SALVADOR,2022-10-01,2022,0.0017048268461204285
SALVADOR,2022-11-01,2022,0.0017641854508754795
SALVADOR,2022-12-01,2022,0.0018418688862052834
SALVADOR,2023-01-01,2023,0.0019712388693004855
SALVADOR,2023-02-01,2023,0.002705751606233092
SALVADOR,2023-03-01,2023,0.0028205870838925173
SALVADOR,2023-04-01,2023,0.002398875707846463
SALVADOR,2023-05-01,2023,0.0018496397365193973
SALVADOR,2023-06-01,2023,0.001586153573275514
SALVADOR,2023-07-01,2023,0.00011942146657323294
SALVADOR,2023-08-01,2023,-0.0005858377851171392
SALVADOR,2023-09-01,2023,-0.0010251495514949026
SALVADOR,2023-10-01,2023,-0.0026611846732137634
SALVADOR,2023-11-01,2023,-0.0031741530940520703
SALVADOR,2023-12-01,2023,-0.0033282536036160827
SALVADOR,2024-01-01,2024,-0.003988115973332678
SALVADOR,2024-02-01,2024,-0.004842988590444179
SALVADOR,2024-03-01,2024,-0.0053216337122910075
SALVADOR,2024-04-01,2024,-0.006107500188079926
SALVADOR,2024-05-01,2024,-0.0070233379789321005
SALVADOR,2024-06-01,2024,-0.007752597178560567
SALVADOR,2024-07-01,2024,-0.008864437428023564
SALVADOR,2024-08-01,2024,-0.008329569252544114
SALVADOR,2024-09-01,2024,-0.00732009773930083
SALVADOR,2024-10-01,2024,-0.004990356461296832
SALVADOR,2024-11-01,2024,-0.004009766145172231
SALVADOR,2024-12-01,2024,-0.003742728917600442
SALVADOR,2025-01-01,2025,-0.002486532081906162
SALVADOR,2025-02-01,2025,-0.002229501811771033
SALVADOR,2025-03-01,2025,-0.0017387217742223082
SALVADOR,2025-04-01,2025,-0.002261649679294213
SALVADOR,2025-05-01,2025,-0.0017749778940634898
SALVADOR,2025-06-01,2025,-0.0021723650110614147
SALVADOR,2025-07-01,2025,-0.0022690061910242655
SALVADOR,2025-08-01,2025,-0.002318587702117679
SALVADOR,2025-09-01,2025,-0.0022382556967467182
SALVADOR,2025-10-01,2025,-0.0037032665284095624
SALVADOR,2025-11-01,2025,-0.003507892194599083
SALVADOR,2025-12-01,2025,-0.0037999686098766816
SALVADOR,2026-01-01,2026,-0.0038813216764268486
SALVADOR,2026-02-01,2026,-0.004147527466934578
SALVADOR,2026-03-01,2026,-0.004368167094266696
SALVADOR,2026-04-01,2026,-0.004416091731327052
SALVADOR,2026-05-01,2026,-0.004605347189088252
SALVADOR,2026-06-01,2026,-0.003973416848794115
SALVADOR,2026-07-01,2026,-0.001792362763781591
SALVADOR,2026-08-01,2026,-0.0004014991284518832
SALVADOR,2026-09-01,2026,0.0004330396111275026
SALVADOR,2026-10-01,2026,0.0004420045712527676
SALVADOR,2026-11-01,2026,0.00026502299912545935
SALVADOR,2026-12-01,2026,5.275387684338662e-05
SALVADOR,2027-01-01,2027,-0.0009580992785577136
SALVADOR,2027-02-01,2027,-0.0010092649532563547
SALVADOR,2027-03-01,2027,-0.0011790380140631496
SALVADOR,2027-04-01,2027,-0.001032122279365877
SALVADOR,2027-05-01,2027,-0.0008687343335372122
SALVADOR,2027-06-01,2027,-0.0009140849521193983
SALVADOR,2027-07-01,2027,-0.0008669613089211237
SALVADOR,2027-08-01,2027,-0.00035357327755619394
SALVADOR,2027-09-01,2027,-4.228051324555615e-05
SALVADOR,2027-10-01,2027,-0.0002119153453911371
SALVADOR,2027-11-01,2027,-0.0002772075659756301
SALVADOR,2027-12-01,2027,-0.00020054738665038928
SALVADOR,2028-01-01,2028,-3.1920533458169585e-05
SALVADOR,2028-02-01,2028,0.0002865261374517736
SALVADOR,2028-03-01,2028,0.0007678016922993658
SALVADOR,2028-04-01,2028,0.0008384031791788093
SALVADOR,2028-05-01,2028,0.0012601551672011713
SALVADOR,2028-06-01,2028,0.0014647628384631918
SALVADOR,2028-07-01,2028,0.001373909344335138
SALVADOR,2028-08-01,2028,0.0014270963742916765
SALVADOR,2028-09-01,2028,0.0016630808610607574
SALVADOR,2028-10-01,2028,0.0019065292292317982
SALVADOR,2028-11-01,2028,0.0019307375492319879
SALVADOR,2028-12-01,2028,0.0021803802495191514
SALVADOR,2029-01-01,2029,0.0025450643625485616
SALVADOR,2029-02-01,2029,0.0020269595344851597
SALVADOR,2029-03-01,2029,0.0016963799341794595
SALVADOR,2029-04-01,2029,0.0013774023490664444
SALVADOR,2029-05-01,2029,0.001355441144908579
SALVADOR,2029-06-01,2029,0.001792419409855771
SALVADOR,2029-07-01,2029,0.002023441924057573
SALVADOR,2029-08-01,2029,0.0022537951885642717
SALVADOR,2029-09-01,2029,0.0023019326280084907
SALVADOR,2029-10-01,2029,0.0024430518419877255
SALVADOR,2029-11-01,2029,0.0024008190253292237
SALVADOR,2029-12-01,2029,0.002412133502272581
SALVADOR,2030-01-01,2030,0.0024462873430589906
SALVADOR,2030-02-01,2030,0.0023440486555999897
SALVADOR,2030-03-01,2030,0.002540129821623628
SALVADOR,2030-04-01,2030,0.0026609324287525738
SALVADOR,2030-05-01,2030,0.0031555791611709437
SALVADOR,2030-06-01,2030,0.0028231654658837347
SALVADOR,2030-07-01,2030,0.0028485555887065063
SALVADOR,2030-08-01,2030,0.0029462976796083696
SALVADOR,2030-09-01,2030,0.002824930924275535
SALVADOR,2030-10-01,2030,0.0029797017397193235
SALVADOR,2030-11-01,2030,0.002917496367505571
SALVADOR,2030-12-01,2030,0.00285175612572076
SALVADOR,2031-01-01,2031,0.002885434166061417
SALVADOR,2031-02-01,2031,0.00290683891467443
SALVADOR,2031-03-01,2031,0.002971464326812856
SALVADOR,2031-04-01,2031,0.002710126650442558
SALVADOR,2031-05-01,2031,0.0028770049590312987
SALVADOR,2031-06-01,2031,0.002994813032991124
SALVADOR,2031-07-01,2031,0.002846390725887662
SALVADOR,2031-08-01,2031,0.0028491741225385382
SALVADOR,2031-09-01,2031,0.0020411523140096066
SALVADOR,2031-10-01,2031,0.0021929532868958557
SALVADOR,2031-11-01,2031,0.002343179441482962
SALVADOR,2031-12-01,2031,0.00233726716284411
SALVADOR,2032-01-01,2032,0.0023960220061268068
SALVADOR,2032-02-01,2032,0.002370604675570319
SALVADOR,2032-03-01,2032,0.0025017472820445417
SALVADOR,2032-04-01,2032,0.002514234993786757
SALVADOR,2032-05-01,2032,0.0026958417495751763
SALVADOR,2032-06-01,2032,0.002920535849013114
SALVADOR,2032-07-01,2032,0.002968382572755406
SALVADOR,2032-08-01,2032,0.00300996687589712
SALVADOR,2032-09-01,2032,0.0030272396742249607
SALVADOR,2032-10-01,2032,0.003177770443822645
SALVADOR,2032-11-01,2032,0.0032033388198222114
SALVADOR,2032-12-01,2032,0.0034567923853456362
SALVADOR,2033-01-01,2033,0.003662000095816246
SALVADOR,2033-02-01,2033,0.0037596160559398004
SALVADOR,2033-03-01,2033,0.003715521821744148
SALVADOR,2033-04-01,2033,0.0038951473076346155
SALVADOR,2033-05-01,2033,0.0039291926751670115
SALVADOR,2033-06-01,2033,0.0040906591805100765
SALVADOR,2033-07-01,2033,0.004045022651643541
SALVADOR,2033-08-01,2033,0.0033369060559747055
SALVADOR,2033-09-01,2033,0.0034387733449883374
SALVADOR,2033-10-01,2033,0.003511826672963583
SALVADOR,2033-11-01,2033,0.0034439464046045767
SALVADOR,2033-12-01,2033,0.003348404675586124
SALVADOR,2034-01-01,2034,0.0033702319453631844
SALVADOR,2034-02-01,2034,0.0033217284753628306
SALVADOR,2034-03-01,2034,0.0033531476620495115
SALVADOR,2034-04-01,2034,0.003350050582766576
SALVADOR,2034-05-01,2034,0.00418712646373345
SALVADOR,2034-06-01,2034,0.0043127724318540285
SALVADOR,2034-07-01,2034,0.004548120102461321
SALVADOR,2034-08-01,2034,0.00457321976067971
SALVADOR,2034-09-01,2034,0.004804767479043506
SALVADOR,2034-10-01,2034,0.004764406091807524
SALVADOR,2034-11-01,2034,0.004904206948559076
SALVADOR,2034-12-01,2034,0.005083544774129212
SALVADOR,2035-01-01,2035,0.005343772244095621
SALVADOR,2035-02-01,2035,0.0051851223992589015
SALVADOR,2035-03-01,2035,0.005266020266287152
SALVADOR,2035-04-01,2035,0.005390384823718975
SALVADOR,2035-05-01,2035,0.005578114694832849
SALVADOR,2035-06-01,2035,0.005659918292428943
SALVADOR,2035-07-01,2035,0.005568388920794372
SALVADOR,2035-08-01,2035,0.00591230315406505
SALVADOR,2035-09-01,2035,0.006000629891731499
SALVADOR,2035-10-01,2035,0.006175286332078712
SALVADOR,2035-11-01,2035,0.006399964040751088
SALVADOR,2035-12-01,2035,0.006435412689511456
SALVADOR,2036-01-01,2036,0.006484860410975012
SALVADOR,2036-02-01,2036,0.0058965348479696625
SALVADOR,2036-03-01,2036,0.00581537408794561
SALVADOR,2036-04-01,2036,0.006252077185516838
SALVADOR,2036-05-01,2036,0.0061802151467374574
SALVADOR,2036-06-01,2036,0.006099820161589023
SALVADOR,2036-07-01,2036,0.005982236796557109
SALVADOR,2036-08-01,2036,0.0058432561029285466
SALVADOR,2036-09-01,2036,0.00573976149687094
SALVADOR,2036-10-01,2036,0.0060091748603854755
SALVADOR,2036-11-01,2036,0.005812805878222655
SALVADOR,2036-12-01,2036,0.005978863193525228
SALVADOR,2037-01-01,2037,0.005944697120452841
SALVADOR,2037-02-01,2037,0.005842201031746642
SALVADOR,2037-03-01,2037,0.005845754127072936
SALVADOR,2037-04-01,2037,0.0052878700998098315
SALVADOR,2037-05-01,2037,0.004766064944452682
SALVADOR,2037-06-01,2037,0.004466081759592662
SALVADOR,2037-07-01,2037,0.004378685527506126
SALVADOR,2037-08-01,2037,0.0045249722452992925
SALVADOR,2037-09-01,2037,0.0047232243974570124
SALVADOR,2037-10-01,2037,0.00493747427813096
SALVADOR,2037-11-01,2037,0.005080953650524015
SALVADOR,2037-12-01,2037,0.005103008479824058
SALVADOR,2038-01-01,2038,0.005120807903173541
SALVADOR,2038-02-01,2038,0.0049622785179311455
SALVADOR,2038-03-01,2038,0.004996222261544422
SALVADOR,2038-04-01,2038,0.004786753236841282
SALVADOR,2038-05-01,2038,0.004071001233579868
SALVADOR,2038-06-01,2038,0.0038704608580412904
SALVADOR,2038-07-01,2038,0.004180129588874964
SALVADOR,2038-08-01,2038,0.004109409065296561
SALVADOR,2038-09-01,2038,0.0037735123839337027
SALVADOR,2038-10-01,2038,0.0037472892851185403
SALVADOR,2038-11-01,2038,0.0036643743124509663
SALVADOR,2038-12-01,2038,0.003547717008361069
SALVADOR,2039-01-01,2039,0.0033344199480217964
SALVADOR,2039-02-01,2039,0.003213394172885714
SALVADOR,2039-03-01,2039,0.0034192148203196003
SALVADOR,2039-04-01,2039,0.0034581007389510466
SALVADOR,2039-05-01,2039,0.0033345924041629994
SALVADOR,2039-06-01,2039,0.0038994010246260545
SALVADOR,2039-07-01,2039,0.0038225656334420523
SALVADOR,2039-08-01,2039,0.003630039401589864
SALVADOR,2039-09-01,2039,0.003835640097072389
SALVADOR,2039-10-01,2039,0.0038647700781642104
SALVADOR,2039-11-01,2039,0.004094805676796936
SALVADOR,2039-12-01,2039,0.0045270754097831625
SAO LUIS,2010-01-01,2010,0.0
SAO LUIS,2010-02-01,2010,0.0
SAO LUIS,2010-03-01,2010,0.0
SAO LUIS,2010-04-01,2010,-8.935327547247573e-05
SAO LUIS,2010-05-01,2010,-0.00011967384068852782
SAO LUIS,2010-06-01,2010,-5.395712740337455e-05
SAO LUIS,2010-07-01,2010,-1.5615598491420802e-05
SAO LUIS,2010-08-01,2010,6.442996487447061e-05
SAO LUIS,2010-09-01,2010,-0.00012016295774637031
SAO LUIS,2010-10-01,2010,-0.0004023586293191905
SAO LUIS,2010-11-01,2010,-0.0006578146532322238
SAO LUIS,2010-12-01,2010,-0.0007136322675229356
SAO LUIS,2011-01-01,2011,-0.00082255849509557
SAO LUIS,2011-02-01,2011,-0.0005964722917272513
SAO LUIS,2011-03-01,2011,-0.0004479747455011185
SAO LUIS,2011-04-01,2011,-0.00034739612372502337
SAO LUIS,2011-05-01,2011,-0.00045184207538531804
SAO LUIS,2011-06-01,2011,-0.0006604033479380067
SAO LUIS,2011-07-01,2011,-0.0005209112719741293
SAO LUIS,2011-08-01,2011,-0.0005309036549311985
SAO LUIS,2011-09-01,2011,-0.00034608811196735757
SAO LUIS,2011-10-01,2011,-0.00016768811829845687
SAO LUIS,2011-11-01,2011,-0.00012359363839901106
SAO LUIS,2011-12-01,2011,-0.0001898790350783064
SAO LUIS,2012-01-01,2012,-0.0002023289775588688
SAO LUIS,2012-02-01,2012,-7.995775422791728e-05
SAO LUIS,2012-03-01,2012,2.9701305260730893e-05
SAO LUIS,2012-04-01,2012,9.177118065742951e-05
SAO LUIS,2012-05-01,2012,0.0001691077373636085
SAO LUIS,2012-06-01,2012,0.00022607140135076366
SAO LUIS,2012-07-01,2012,0.00020569026785084875
SAO LUIS,2012-08-01,2012,0.00019493973198614567
SAO LUIS,2012-09-01,2012,0.0001813545221484081
SAO LUIS,2012-10-01,2012,0.00037467750646999476
SAO LUIS,2012-11-01,2012,0.0003073048281626345
SAO LUIS,2012-12-01,2012,0.00035227160395673307
SAO LUIS,2013-01-01,2013,0.00047550307186843054
SAO LUIS,2013-02-01,2013,0.0005249712117698125
SAO LUIS,2013-03-01,2013,0.00038732476728002953
SAO LUIS,2013-04-01,2013,0.00035084345981995277
SAO LUIS,2013-05-01,2013,0.0002176122619993759
SAO LUIS,2013-06-01,2013,0.00019072021051408928
SAO LUIS,2013-07-01,2013,0.0001975658839207206
SAO LUIS,2013-08-01,2013,8.547145282866709e-08
SAO LUIS,2013-09-01,2013,-0.00012140393496636204
SAO LUIS,2013-10-01,2013,-0.0003247284348914703
SAO LUIS,2013-11-01,2013,-0.0005282371436869959
SAO LUIS,2013-12-01,2013,-0.0007700120662723398
SAO LUIS,2014-01-01,2014,-0.0009669380123232152
SAO LUIS,2014-02-01,2014,-0.0011876497768320894
SAO LUIS,2014-03-01,2014,-0.0012930251917273815
SAO LUIS,2014-04-01,2014,-0.0013278777401450935
SAO LUIS,2014-05-01,2014,-0.0014007352307577115
SAO LUIS,2014-06-01,2014,-0.0014885117979023643
SAO LUIS,2014-07-01,2014,-0.0014090455912904776
SAO LUIS,2014-08-01,2014,-0.00137505471649487
SAO LUIS,2014-09-01,2014,-0.0014656457426947577
SAO LUIS,2014-10-01,2014,-0.0015120323049756812
SAO LUIS,2014-11-01,2014,-0.0016217292796334804
SAO LUIS,2014-12-01,2014,-0.0017021981217845207
SAO LUIS,2015-01-01,2015,-0.001612067536477959
SAO LUIS,2015-02-01,2015,-0.0018353185646572444
SAO LUIS,2015-03-01,2015,-0.002340712517870437
SAO LUIS,2015-04-01,2015,-0.0023389552467539564
SAO LUIS,2015-05-01,2015,-0.0023336613689540786
SAO LUIS,2015-06-01,2015,-0.002377574532707597
SAO LUIS,2015-07-01,2015,-0.002321854084814966
SAO LUIS,2015-08-01,2015,-0.00245630158710335
SAO LUIS,2015-09-01,2015,-0.0025075829934377725
SAO LUIS,2015-10-01,2015,-0.0023690400825646094
SAO LUIS,2015-11-01,2015,-0.0022805852777546733
SAO LUIS,2015-12-01,2015,-0.0022378456157588723
SAO LUIS,2016-01-01,2016,-0.0026593180070445745
SAO LUIS,2016-02-01,2016,-0.0031912097582672506
SAO LUIS,2016-03-01,2016,-0.0031558848695051943
SAO LUIS,2016-04-01,2016,-0.003080831673908815
SAO LUIS,2016-05-01,2016,-0.0034644565321443666
SAO LUIS,2016-06-01,2016,-0.003786577307678811
SAO LUIS,2016-07-01,2016,-0.004148976424192546
SAO LUIS,2016-08-01,2016,-0.004103908486222762
SAO LUIS,2016-09-01,2016,-0.0042437880558379585
SAO LUIS,2016-10-01,2016,-0.004344225692027082
SAO LUIS,2016-11-01,2016,-0.004583472378675271
SAO LUIS,2016-12-01,2016,-0.004816834115162673
SAO LUIS,2017-01-01,2017,-0.004846560166142408
SAO LUIS,2017-02-01,2017,-0.004650909156533255
SAO LUIS,2017-03-01,2017,-0.004597355104813365
SAO LUIS,2017-04-01,2017,-0.0045086501426479875
SAO LUIS,2017-05-01,2017,-0.004392774728196585
SAO LUIS,2017-06-01,2017,-0.0047019693596134
SAO LUIS,2017-07-01,2017,-0.0047594588211096675
SAO LUIS,2017-08-01,2017,-0.004780675130713131
SAO LUIS,2017-09-01,2017,-0.005033884336906383
SAO LUIS,2017-10-01,2017,-0.005011157094199543
SAO LUIS,2017-11-01,2017,-0.005043545891619365
SAO LUIS,2017-12-01,2017,-0.0033876354999092294
SAO LUIS,2018-01-01,2018,-0.0033778497869104106
SAO LUIS,2018-02-01,2018,-0.0032063688424810877
SAO LUIS,2018-03-01,2018,-0.0031855857385498254
SAO LUIS,2018-04-01,2018,-0.003082323291536735
SAO LUIS,2018-05-01,2018,-0.0030984846636761144
SAO LUIS,2018-06-01,2018,-0.0028919966306189472
SAO LUIS,2018-07-01,2018,-0.002807548774691979
SAO LUIS,2018-08-01,2018,-0.0028472617051517124
SAO LUIS,2018-09-01,2018,-0.0027089298792565566
SAO LUIS,2018-10-01,2018,-0.002742922584482598
SAO LUIS,2018-11-01,2018,-0.0029033621326776983
SAO LUIS,2018-12-01,2018,-0.0028627597519171265
SAO LUIS,2019-01-01,2019,-0.0028880509546259634
SAO LUIS,2019-02-01,2019,-0.0030189369964354917
SAO LUIS,2019-03-01,2019,-0.0028123256888796487
SAO LUIS,2019-04-01,2019,-0.0025879709768906155
SAO LUIS,2019-05-01,2019,-0.0026078673244876926
SAO LUIS,2019-06-01,2019,-0.0025305175117926303
SAO LUIS,2019-07-01,2019,-0.0023744408387699136
SAO LUIS,2019-08-01,2019,-0.0023855693521580533
SAO LUIS,2019-09-01,2019,-0.002596548390131276
SAO LUIS,2019-10-01,2019,-0.0026570513138909537
SAO LUIS,2019-11-01,2019,-0.0024130153777702714
SAO LUIS,2019-12-01,2019,-0.0024547562640636587
SAO LUIS,2020-01-01,2020,-0.0024051120635916047
SAO LUIS,2020-02-01,2020,-0.0024083673354095736
SAO LUIS,2020-03-01,2020,-0.002334667656295415
SAO LUIS,2020-04-01,2020,-0.0020395110547636176
SAO LUIS,2020-05-01,2020,-0.0018785810740940513
SAO LUIS,2020-06-01,2020,-0.0017383482212466738
SAO LUIS,2020-07-01,2020,-0.0015911642680027883
SAO LUIS,2020-08-01,2020,-0.0013879962637471366
SAO LUIS,2020-09-01,2020,-0.0017376767495598123
SAO LUIS,2020-10-01,2020,-0.0015142577114084122
SAO LUIS,2020-11-01,2020,-0.0011325854469434104
SAO LUIS,2020-12-01,2020,-0.00109481457619374
SAO LUIS,2021-01-01,2021,-0.0009431003834728092
SAO LUIS,2021-02-01,2021,-0.0008359224236463913
SAO LUIS,2021-03-01,2021,-0.0006965091751562635
SAO LUIS,2021-04-01,2021,-0.0006797188202221161
SAO LUIS,2021-05-01,2021,-0.0005821690012690217
SAO LUIS,2021-06-01,2021,-0.0007154279727728818
SAO LUIS,2021-07-01,2021,-0.0005922327630706137
SAO LUIS,2021-08-01,2021,-0.0006205097376110125
SAO LUIS,2021-09-01,2021,-0.0005906919819106915
SAO LUIS,2021-10-01,2021,-0.0004721908891504212
SAO LUIS,2021-11-01,2021,-0.00043547329769968556
SAO LUIS,2021-12-01,2021,-0.00047951645867604477
SAO LUIS,2022-01-01,2022,-0.00025767465084771237
SAO LUIS,2022-02-01,2022,0.00015954549701499454
SAO LUIS,2022-03-01,2022,0.0006727730801423282
SAO LUIS,2022-04-01,2022,0.0007621031683066381
SAO LUIS,2022-05-01,2022,0.0008073238436345409
SAO LUIS,2022-06-01,2022,0.0009058267045307954
SAO LUIS,2022-07-01,2022,0.001537602704933524
SAO LUIS,2022-08-01,2022,0.001827817371921332
SAO LUIS,2022-09-01,2022,0.0021156529317939566
SAO LUIS,2022-10-01,2022,0.002282846256880776
SAO LUIS,2022-11-01,2022,0.0024565783743874404
SAO LUIS,2022-12-01,2022,0.0024853105326605495
SAO LUIS,2023-01-01,2023,0.002518716803118537
SAO LUIS,2023-02-01,2023,0.0025792450512775234
SAO LUIS,2023-03-01,2023,0.0023224942397314374
SAO LUIS,2023-04-01,2023,0.002390873137218458
SAO LUIS,2023-05-01,2023,0.0023470408882572957
SAO LUIS,2023-06-01,2023,0.0023743307818504065
SAO LUIS,2023-07-01,2023,0.002368979234796652
SAO LUIS,2023-08-01,2023,0.0023688760395159715
SAO LUIS,2023-09-01,2023,0.002505704149395349
SAO LUIS,2023-10-01,2023,0.0025444503350806756
SAO LUIS,2023-11-01,2023,0.002673118492549368
SAO LUIS,2023-12-01,2023,0.0027338103838580306
SAO LUIS,2024-01-01,2024,0.0021280231969062957
SAO LUIS,2024-02-01,2024,0.0018815243420731943
SAO LUIS,2024-03-01,2024,0.00196965693065693
SAO LUIS,2024-04-01,2024,0.0020551067946530787
SAO LUIS,2024-05-01,2024,0.002107914938578368
SAO LUIS,2024-06-01,2024,0.0024338533247845826
SAO LUIS,2024-07-01,2024,0.0026661291157505517
SAO LUIS,2024-08-01,2024,0.002677770893464917
SAO LUIS,2024-09-01,2024,0.0029036340318084907
SAO LUIS,2024-10-01,2024,0.00327615130106803
SAO LUIS,2024-11-01,2024,0.003338611091456205
SAO LUIS,2024-12-01,2024,0.0034914938740385404
SAO LUIS,2025-01-01,2025,0.003422702669740376
SAO LUIS,2025-02-01,2025,0.003457111765343159
SAO LUIS,2025-03-01,2025,0.003186749023624512
SAO LUIS,2025-04-01,2025,0.0028172177774620235
SAO LUIS,2025-05-01,2025,0.0028767739038037267
SAO LUIS,2025-06-01,2025,0.0027558442415431495
SAO LUIS,2025-07-01,2025,0.002675304581481924
SAO LUIS,2025-08-01,2025,0.0025025958775601776
SAO LUIS,2025-09-01,2025,0.0022602067601531018
SAO LUIS,2025-10-01,2025,0.0023646699358899183
SAO LUIS,2025-11-01,2025,0.002289794890786502
SAO LUIS,2025-12-01,2025,0.002101401381476342
SAO LUIS,2026-01-01,2026,0.0021181095576545696
SAO LUIS,2026-02-01,2026,0.002049834985222464
SAO LUIS,2026-03-01,2026,0.0016540521648107586
SAO LUIS,2026-04-01,2026,0.0015050932721393385
SAO LUIS,2026-05-01,2026,0.0012822468335155846
SAO LUIS,2026-06-01,2026,0.0008892581773384555
SAO LUIS,2026-07-01,2026,0.0006458732297653969
SAO LUIS,2026-08-01,2026,0.00040777755153144525
SAO LUIS,2026-09-01,2026,0.0006306606052448182
SAO LUIS,2026-10-01,2026,0.0008376454338685879
SAO LUIS,2026-11-01,2026,0.000705695461777377
SAO LUIS,2026-12-01,2026,0.0006903596698842384
SAO LUIS,2027-01-01,2027,0.0004253556236158107
SAO LUIS,2027-02-01,2027,0.0002586197666453882
SAO LUIS,2027-03-01,2027,-0.0001379586944947675
SAO LUIS,2027-04-01,2027,-0.0003973954281928449
SAO LUIS,2027-05-01,2027,-0.0006110628650386319
SAO LUIS,2027-06-01,2027,-0.0007891323356077806
SAO LUIS,2027-07-01,2027,-0.0008439664036136119
SAO LUIS,2027-08-01,2027,-0.0007403712516498429
SAO LUIS,2027-09-01,2027,-0.0008021865786030502
SAO LUIS,2027-10-01,2027,-0.00040975114511252576
SAO LUIS,2027-11-01,2027,-0.0002749288191467303
SAO LUIS,2027-12-01,2027,-0.00011594213652281193
SAO LUIS,2028-01-01,2028,-0.00036439678659113127
SAO LUIS,2028-02-01,2028,-0.0003333615429091008
SAO LUIS,2028-03-01,2028,-0.0005993854120374964
SAO LUIS,2028-04-01,2028,-0.0006902579148067834
SAO LUIS,2028-05-01,2028,-0.0007218598201869663
SAO LUIS,2028-06-01,2028,-0.0006875683509259422
SAO LUIS,2028-07-01,2028,-0.0007121216773163175
SAO LUIS,2028-08-01,2028,-0.000512956117774922
SAO LUIS,2028-09-01,2028,-0.0005291651160904431
SAO LUIS,2028-10-01,2028,-0.00037649205693252697
SAO LUIS,2028-11-01,2028,-0.0008307909233600464
SAO LUIS,2028-12-01,2028,-0.0008770826458678138
SAO LUIS,2029-01-01,2029,-0.0008192757784745019
SAO LUIS,2029-02-01,2029,-0.0006405509485781125
SAO LUIS,2029-03-01,2029,-0.0005629911800376785
SAO LUIS,2029-04-01,2029,-0.000547133887831106
SAO LUIS,2029-05-01,2029,-0.0005590754395496289
SAO LUIS,2029-06-01,2029,-0.0006635778060033936
SAO LUIS,2029-07-01,2029,-0.0008087778604631035
SAO LUIS,2029-08-01,2029,-0.0008318305252806357
SAO LUIS,2029-09-01,2029,-0.0009329065473289134
SAO LUIS,2029-10-01,2029,-0.0011643400984523223
SAO LUIS,2029-11-01,2029,-0.001178377918391006
SAO LUIS,2029-12-01,2029,-0.0010616711889244047
SAO LUIS,2030-01-01,2030,-0.0013835866838422684
SAO LUIS,2030-02-01,2030,-0.0016057898884076682
SAO LUIS,2030-03-01,2030,-0.0014015803392395643
SAO LUIS,2030-04-01,2030,-0.0013455070684656235
SAO LUIS,2030-05-01,2030,-0.0016247591055158416
SAO LUIS,2030-06-01,2030,-0.002770743021436853
SAO LUIS,2030-07-01,2030,-0.0027928446483828553
SAO LUIS,2030-08-01,2030,-0.0026949304614707157
SAO LUIS,2030-09-01,2030,-0.002718447179547697
SAO LUIS,2030-10-01,2030,-0.002590158413490945
SAO LUIS,2030-11-01,2030,-0.0025264218413838845
SAO LUIS,2030-12-01,2030,-0.0025450680226688826
SAO LUIS,2031-01-01,2031,-0.0023694771465773068
SAO LUIS,2031-02-01,2031,-0.002165687756975864
SAO LUIS,2031-03-01,2031,-0.0017609359112573898
SAO LUIS,2031-04-01,2031,-0.0015349023747396173
SAO LUIS,2031-05-01,2031,-0.0014793845990307918
SAO LUIS,2031-06-01,2031,-0.001305525715450636
SAO LUIS,2031-07-01,2031,-0.0012858455213213072
SAO LUIS,2031-08-01,2031,-0.001027751399887108
SAO LUIS,2031-09-01,2031,-0.0011948479502555864
SAO LUIS,2031-10-01,2031,-0.0009740848459657703
SAO LUIS,2031-11-01,2031,-0.0010106163155427928
SAO LUIS,2031-12-01,2031,-0.000883195371217117
SAO LUIS,2032-01-01,2032,-0.0007335140208573398
SAO LUIS,2032-02-01,2032,-0.0009050838767286906
SAO LUIS,2032-03-01,2032,-0.0007343673086260138
SAO LUIS,2032-04-01,2032,-0.0008592562382731916
SAO LUIS,2032-05-01,2032,-0.0005797750629839738
SAO LUIS,2032-06-01,2032,-0.0006859323861300115
SAO LUIS,2032-07-01,2032,-0.0006565130631124038
SAO LUIS,2032-08-01,2032,-0.000610509188626408
SAO LUIS,2032-09-01,2032,-0.0009824971436824803
SAO LUIS,2032-10-01,2032,-0.0007819150319718748
SAO LUIS,2032-11-01,2032,-0.0008463342511670146
SAO LUIS,2032-12-01,2032,-0.0009438785811559158
SAO LUIS,2033-01-01,2033,-0.0009222911360965668
SAO LUIS,2033-02-01,2033,-0.0008870657031463313
SAO LUIS,2033-03-01,2033,-0.0008549352036175762
SAO LUIS,2033-04-01,2033,-0.000925432718770588
SAO LUIS,2033-05-01,2033,-0.0009067389568617734
SAO LUIS,2033-06-01,2033,-0.0008327635677898215
SAO LUIS,2033-07-01,2033,-0.0008651471859434357
SAO LUIS,2033-08-01,2033,-0.0008260861599774361
SAO LUIS,2033-09-01,2033,-0.0007310727497162017
SAO LUIS,2033-10-01,2033,-0.0007698474034676761
SAO LUIS,2033-11-01,2033,-0.0006880762247952555
SAO LUIS,2033-12-01,2033,-0.0007303318392547997
SAO LUIS,2034-01-01,2034,-0.0007440664726191249
SAO LUIS,2034-02-01,2034,-0.0006009094951757998
SAO LUIS,2034-03-01,2034,-0.0005520105240318562
SAO LUIS,2034-04-01,2034,-0.0007194538950473095
SAO LUIS,2034-05-01,2034,-0.0008405723491350747
SAO LUIS,2034-06-01,2034,-0.0009730628674694652
SAO LUIS,2034-07-01,2034,-0.0010083565417444461
SAO LUIS,2034-08-01,2034,-0.001023367350781208
SAO LUIS,2034-09-01,2034,-0.0010104396166544505
SAO LUIS,2034-10-01,2034,-0.0008780307158572587
SAO LUIS,2034-11-01,2034,-0.0009433690635018521
SAO LUIS,2034-12-01,2034,-0.0009698978856093732
SAO LUIS,2035-01-01,2035,-0.0010326283864919505
SAO LUIS,2035-02-01,2035,-0.0009157083960044366
SAO LUIS,2035-03-01,2035,-0.0011861990585196624
SAO LUIS,2035-04-01,2035,-0.0012160578530989086
SAO LUIS,2035-05-01,2035,-0.00117077102514493
SAO LUIS,2035-06-01,2035,-0.0011680167595555125
SAO LUIS,2035-07-01,2035,-0.0012311905685170354
SAO LUIS,2035-08-01,2035,-0.0011793691542029893
SAO LUIS,2035-09-01,2035,-0.001252801946586911
SAO LUIS,2035-10-01,2035,-0.0013089757018489789
SAO LUIS,2035-11-01,2035,-0.0014740997797109412
SAO LUIS,2035-12-01,2035,-0.0014988116199331602
SAO LUIS,2036-01-01,2036,-0.0012865157039891372
SAO LUIS,2036-02-01,2036,-0.0012846885145568053
SAO LUIS,2036-03-01,2036,-0.0013318247685734509
SAO LUIS,2036-04-01,2036,-0.0011862851847710921
SAO LUIS,2036-05-01,2036,-0.001092260281849672
SAO LUIS,2036-06-01,2036,-0.0009599615929152971
SAO LUIS,2036-07-01,2036,-0.0008238454205032708
SAO LUIS,2036-08-01,2036,-0.0008718559363400891
SAO LUIS,2036-09-01,2036,-0.000790442014728
SAO LUIS,2036-10-01,2036,-0.0008842726391563705
SAO LUIS,2036-11-01,2036,-0.0006998215519917494
SAO LUIS,2036-12-01,2036,-0.0006518090601982962
SAO LUIS,2037-01-01,2037,-0.0008291147814764399
SAO LUIS,2037-02-01,2037,-0.0007983279326831693
SAO LUIS,2037-03-01,2037,-0.0006959339031623157
SAO LUIS,2037-04-01,2037,-0.0006453271201284738
SAO LUIS,2037-05-01,2037,-0.000584558509191927
SAO LUIS,2037-06-01,2037,-0.0007956794367744558
SAO LUIS,2037-07-01,2037,-0.00080192703336331
SAO LUIS,2037-08-01,2037,-0.0008945907144908749
SAO LUIS,2037-09-01,2037,-0.001129482349649522
SAO LUIS,2037-10-01,2037,-0.0011437608616000595
SAO LUIS,2037-11-01,2037,-0.0010903804827584163
SAO LUIS,2037-12-01,2037,-0.0010480844150732016
SAO LUIS,2038-01-01,2038,-0.0010143150923047695
SAO LUIS,2038-02-01,2038,-0.001070222347467329
SAO LUIS,2038-03-01,2038,-0.001304281218183233
SAO LUIS,2038-04-01,2038,-0.001230561210429404
SAO LUIS,2038-05-01,2038,-0.001070699004946908
SAO LUIS,2038-06-01,2038,-0.0012904195660714257
SAO LUIS,2038-07-01,2038,-0.0012140468215658883
SAO LUIS,2038-08-01,2038,-0.0010964921404955142
SAO LUIS,2038-09-01,2038,-0.0008082108950666411
SAO LUIS,2038-10-01,2038,-0.0007010021614229456
SAO LUIS,2038-11-01,2038,-0.000741231466121598
SAO LUIS,2038-12-01,2038,-0.0007202292787250974
SAO LUIS,2039-01-01,2039,-0.0005246568616519431
SAO LUIS,2039-02-01,2039,-0.0004801041065726563
SAO LUIS,2039-03-01,2039,-0.0005542553327642052
SAO LUIS,2039-04-01,2039,-0.0004113846782405428
SAO LUIS,2039-05-01,2039,-0.0005235491771326939
SAO LUIS,2039-06-01,2039,-0.00036246112804834586
SAO LUIS,2039-07-01,2039,-0.0003053285802247163
SAO LUIS,2039-08-01,2039,-0.00010486224971457347
SAO LUIS,2039-09-01,2039,2.3738843850664714e-05
SAO LUIS,2039-10-01,2039,0.00019691943379785193
SAO LUIS,2039-11-01,2039,0.00034624023456155675
SAO LUIS,2039-12-01,2039,0.000492613766576332
SAO PAULO,2010-01-01,2010,0.0
SAO PAULO,2010-02-01,2010,0.0
SAO PAULO,2010-03-01,2010,0.0
SAO PAULO,2010-04-01,2010,-0.00011710644797938708
SAO PAULO,2010-05-01,2010,-0.00025069265473351974
SAO PAULO,2010-06-01,2010,-0.000494065531562965
SAO PAULO,2010-07-01,2010,-0.00011741572064721261
SAO PAULO,2010-08-01,2010,-0.0003477802230556715
SAO PAULO,2010-09-01,2010,-0.0004219867305331526
SAO PAULO,2010-10-01,2010,-0.0004981944667287408
SAO PAULO,2010-11-01,2010,-0.0007358119075847825
SAO PAULO,2010-12-01,2010,-0.0010122590589396907
SAO PAULO,2011-01-01,2011,-0.0013166948950870227
SAO PAULO,2011-02-01,2011,-0.001513174328101874
SAO PAULO,2011-03-01,2011,-0.0014334037875706085
SAO PAULO,2011-04-01,2011,-0.0016359998343560556
SAO PAULO,2011-05-01,2011,-0.0015805916195886448
SAO PAULO,2011-06-01,2011,-0.001508112516715876
SAO PAULO,2011-07-01,2011,-0.0014362451756862794
SAO PAULO,2011-08-01,2011,-0.0013898855424569812
SAO PAULO,2011-09-01,2011,-0.0013341940622230819
SAO PAULO,2011-10-01,2011,-0.0012088749520042462
SAO PAULO,2011-11-01,2011,-0.0012405703391488387
SAO PAULO,2011-12-01,2011,-0.00124334057576872
SAO PAULO,2012-01-01,2012,-0.001142195690888559
SAO PAULO,2012-02-01,2012,-0.0010215495182361255
SAO PAULO,2012-03-01,2012,-0.0010488522024979297
SAO PAULO,2012-04-01,2012,-0.0009508028433056371
SAO PAULO,2012-05-01,2012,-0.0009202519508355212
SAO PAULO,2012-06-01,2012,-0.0007843649926302876
SAO PAULO,2012-07-01,2012,-0.0006294016403293023
SAO PAULO,2012-08-01,2012,-0.0005383710000847975
SAO PAULO,2012-09-01,2012,-0.0006965259038553718
SAO PAULO,2012-10-01,2012,-0.0008215513645503936
SAO PAULO,2012-11-01,2012,-0.0008270685378672981
SAO PAULO,2012-12-01,2012,-0.0007092910521995565
SAO PAULO,2013-01-01,2013,-0.000628068622526634
SAO PAULO,2013-02-01,2013,-0.0006536186153641432
SAO PAULO,2013-03-01,2013,-0.0005570011627144045
SAO PAULO,2013-04-01,2013,-0.0008449043131972533
SAO PAULO,2013-05-01,2013,-0.0010841952713264603
SAO PAULO,2013-06-01,2013,-0.001576289681511378
SAO PAULO,2013-07-01,2013,-0.001868794778143512
SAO PAULO,2013-08-01,2013,-0.0022797670303076776
SAO PAULO,2013-09-01,2013,-0.0019526839617480974
SAO PAULO,2013-10-01,2013,-0.0013588836428805428
SAO PAULO,2013-11-01,2013,0.00012207390942937102
SAO PAULO,2013-12-01,2013,0.0006589952280350641
SAO PAULO,2014-01-01,2014,0.002387989547008523
SAO PAULO,2014-02-01,2014,0.0029084182822620374
SAO PAULO,2014-03-01,2014,0.0024315197910127926
SAO PAULO,2014-04-01,2014,0.0030835775017732437
SAO PAULO,2014-05-01,2014,0.004141559609455048
SAO PAULO,2014-06-01,2014,0.005717364787267015
SAO PAULO,2014-07-01,2014,0.005925658256080502
SAO PAULO,2014-08-01,2014,0.006687024059564939
SAO PAULO,2014-09-01,2014,0.007150193370622576
SAO PAULO,2014-10-01,2014,0.007954132424224386
SAO PAULO,2014-11-01,2014,0.00917059301361665
SAO PAULO,2014-12-01,2014,0.009262627240938032
SAO PAULO,2015-01-01,2015,0.009396507532252662
SAO PAULO,2015-02-01,2015,0.00927937035023867
SAO PAULO,2015-03-01,2015,0.00889947156862842
SAO PAULO,2015-04-01,2015,0.009918595018686444
SAO PAULO,2015-05-01,2015,0.01057566362346674
SAO PAULO,2015-06-01,2015,0.010981616423237578
SAO PAULO,2015-07-01,2015,0.011320363762878205
SAO PAULO,2015-08-01,2015,0.012817750865397815
SAO PAULO,2015-09-01,2015,0.01218852202350958
SAO PAULO,2015-10-01,2015,0.0122473809696171
SAO PAULO,2015-11-01,2015,0.010862647797326087
SAO PAULO,2015-12-01,2015,0.010212771705462986
SAO PAULO,2016-01-01,2016,0.009521490274184762
SAO PAULO,2016-02-01,2016,0.009200144805195676
SAO PAULO,2016-03-01,2016,0.008601963018631253
SAO PAULO,2016-04-01,2016,0.008098605521095837
SAO PAULO,2016-05-01,2016,0.00683651462858968
SAO PAULO,2016-06-01,2016,0.005364414971147697
SAO PAULO,2016-07-01,2016,0.00571495030368051
SAO PAULO,2016-08-01,2016,0.0035907902880674856
SAO PAULO,2016-09-01,2016,0.003341261812254964
SAO PAULO,2016-10-01,2016,0.003295706070917154
SAO PAULO,2016-11-01,2016,0.002796027411983337
SAO PAULO,2016-12-01,2016,0.0025439368809739237
SAO PAULO,2017-01-01,2017,0.001858818316626165
SAO PAULO,2017-02-01,2017,0.0015343977611331605
SAO PAULO,2017-03-01,2017,0.0011862409153161556
SAO PAULO,2017-04-01,2017,0.0008702246662662172
SAO PAULO,2017-05-01,2017,0.0005375620808014458
SAO PAULO,2017-06-01,2017,0.0008372580474586111
SAO PAULO,2017-07-01,2017,0.001271822984159271
SAO PAULO,2017-08-01,2017,0.0017337649473647132
SAO PAULO,2017-09-01,2017,0.0026268825654882253
SAO PAULO,2017-10-01,2017,0.00275002531851285
SAO PAULO,2017-11-01,2017,0.002940778612267142
SAO PAULO,2017-12-01,2017,0.003290689029556504
SAO PAULO,2018-01-01,2018,0.0034299388461685233
SAO PAULO,2018-02-01,2018,0.004426357048921747
SAO PAULO,2018-03-01,2018,0.004544184117981492
SAO PAULO,2018-04-01,2018,0.0046440359176880275
SAO PAULO,2018-05-01,2018,0.006215113654998034
SAO PAULO,2018-06-01,2018,0.006181787549145124
SAO PAULO,2018-07-01,2018,0.00696526413597563
SAO PAULO,2018-08-01,2018,0.009260875101160405
SAO PAULO,2018-09-01,2018,0.009214612520431893
SAO PAULO,2018-10-01,2018,0.008380111501282428
SAO PAULO,2018-11-01,2018,0.008481400446850135
SAO PAULO,2018-12-01,2018,0.007918248133607331
SAO PAULO,2019-01-01,2019,0.00852319995678764
SAO PAULO,2019-02-01,2019,0.008167762392999716
SAO PAULO,2019-03-01,2019,0.007738781994954602
SAO PAULO,2019-04-01,2019,0.007103330590751794
SAO PAULO,2019-05-01,2019,0.00796017226841229
SAO PAULO,2019-06-01,2019,0.006826864960231849
SAO PAULO,2019-07-01,2019,0.005941174412761169
SAO PAULO,2019-08-01,2019,0.0052493714158237
SAO PAULO,2019-09-01,2019,0.005556376760853387
SAO PAULO,2019-10-01,2019,0.006739029107308697
SAO PAULO,2019-11-01,2019,0.005747874398144554
SAO PAULO,2019-12-01,2019,0.004707483378421978
SAO PAULO,2020-01-01,2020,0.0036873319326573397
SAO PAULO,2020-02-01,2020,0.003521840928841715
SAO PAULO,2020-03-01,2020,0.003622040468914478
SAO PAULO,2020-04-01,2020,0.004494357808494343
SAO PAULO,2020-05-01,2020,0.005477624094138174
SAO PAULO,2020-06-01,2020,0.0053707394935740395
SAO PAULO,2020-07-01,2020,0.004779753607512247
SAO PAULO,2020-08-01,2020,0.004365721383182258
SAO PAULO,2020-09-01,2020,0.004258391429765771
SAO PAULO,2020-10-01,2020,0.00416671436929591
SAO PAULO,2020-11-01,2020,0.0025598784921789853
SAO PAULO,2020-12-01,2020,0.0025308377507372542
SAO PAULO,2021-01-01,2021,0.002314394454455539
SAO PAULO,2021-02-01,2021,0.0015433124685371316
SAO PAULO,2021-03-01,2021,0.001342118399653286
SAO PAULO,2021-04-01,2021,0.0006820811153074017
SAO PAULO,2021-05-01,2021,-0.0005334332744117283
SAO PAULO,2021-06-01,2021,-0.0019905225165333497
SAO PAULO,2021-07-01,2021,-0.00286993610106982
SAO PAULO,2021-08-01,2021,-0.0030140263590880604
SAO PAULO,2021-09-01,2021,-0.0026238655628413837
SAO PAULO,2021-10-01,2021,-0.0024169832384041672
SAO PAULO,2021-11-01,2021,-0.0026439901620095557
SAO PAULO,2021-12-01,2021,-0.002890060264614484
SAO PAULO,2022-01-01,2022,-0.003273790485281584
SAO PAULO,2022-02-01,2022,-0.0034102589503283596
SAO PAULO,2022-03-01,2022,-0.003197728235049156
SAO PAULO,2022-04-01,2022,-0.0026479332783628296
SAO PAULO,2022-05-01,2022,-0.0030549923789500444
SAO PAULO,2022-06-01,2022,-0.003462778662777986
SAO PAULO,2022-07-01,2022,-0.0039829700712811856
SAO PAULO,2022-08-01,2022,-0.002411659870083525
SAO PAULO,2022-09-01,2022,-0.001055701861045912
SAO PAULO,2022-10-01,2022,-0.000509735427068414
SAO PAULO,2022-11-01,2022,0.0012505497733138933
SAO PAULO,2022-12-01,2022,0.001974128653175411
SAO PAULO,2023-01-01,2023,0.0036393571213991635
SAO PAULO,2023-02-01,2023,0.0031561143555612235
SAO PAULO,2023-03-01,2023,0.0034178285462326745
SAO PAULO,2023-04-01,2023,0.003733789521096938
SAO PAULO,2023-05-01,2023,0.005541478921174447
SAO PAULO,2023-06-01,2023,-0.004679830500091316
SAO PAULO,2023-07-01,2023,-0.0028035686292188335
SAO PAULO,2023-08-01,2023,-0.0037437003101793947
SAO PAULO,2023-09-01,2023,-0.0040541534224314835
SAO PAULO,2023-10-01,2023,-0.004119460992128569
SAO PAULO,2023-11-01,2023,-0.004213136503471793
SAO PAULO,2023-12-01,2023,-0.0038149996303862175
SAO PAULO,2024-01-01,2024,-0.001656193785914047
SAO PAULO,2024-02-01,2024,-0.0014515453305952238
SAO PAULO,2024-03-01,2024,-0.0011119990664654078
SAO PAULO,2024-04-01,2024,-0.0009891457581514996
SAO PAULO,2024-05-01,2024,-0.0001829552597352994
SAO PAULO,2024-06-01,2024,0.0005495134362352309
SAO PAULO,2024-07-01,2024,0.0024364969047082816
SAO PAULO,2024-08-01,2024,0.003966674020237878
SAO PAULO,2024-09-01,2024,0.005226104694355938
SAO PAULO,2024-10-01,2024,0.005702509456906383
SAO PAULO,2024-11-01,2024,0.005905621185671979
SAO PAULO,2024-12-01,2024,0.005892531385653602
SAO PAULO,2025-01-01,2025,0.004952484782056747
SAO PAULO,2025-02-01,2025,0.006901669036519801
SAO PAULO,2025-03-01,2025,0.006820951719995901
SAO PAULO,2025-04-01,2025,0.007850060277514663
SAO PAULO,2025-05-01,2025,0.007101648534841598
SAO PAULO,2025-06-01,2025,0.006092608502925497
SAO PAULO,2025-07-01,2025,0.00433572051926366
SAO PAULO,2025-08-01,2025,0.003582687897168916
SAO PAULO,2025-09-01,2025,0.0029372921901675473
SAO PAULO,2025-10-01,2025,0.002612276736216982
SAO PAULO,2025-11-01,2025,0.0020374425845082716
SAO PAULO,2025-12-01,2025,0.0016021885419568098
SAO PAULO,2026-01-01,2026,0.002821854298076972
SAO PAULO,2026-02-01,2026,0.0017845034245804674
SAO PAULO,2026-03-01,2026,-0.0007571366742707123
SAO PAULO,2026-04-01,2026,-0.0017329700194770796
SAO PAULO,2026-05-01,2026,-0.0030639462272000428
SAO PAULO,2026-06-01,2026,-0.0026848405094472357
SAO PAULO,2026-07-01,2026,-0.0035747284345778304
SAO PAULO,2026-08-01,2026,-0.004147177728279098
SAO PAULO,2026-09-01,2026,-0.005724374859766571
SAO PAULO,2026-10-01,2026,-0.005123659582704188
SAO PAULO,2026-11-01,2026,-0.005597920377920665
SAO PAULO,2026-12-01,2026,-0.005462386716339407
SAO PAULO,2027-01-01,2027,-0.005979430390903698
SAO PAULO,2027-02-01,2027,-0.006087867975928973
SAO PAULO,2027-03-01,2027,-0.006460683696036906
SAO PAULO,2027-04-01,2027,-0.007375572777352343
SAO PAULO,2027-05-01,2027,-0.009255577919821718
SAO PAULO,2027-06-01,2027,-0.0101926281491182
SAO PAULO,2027-07-01,2027,-0.010236454320033261
SAO PAULO,2027-08-01,2027,-0.00986903658326422
SAO PAULO,2027-09-01,2027,-0.00948346683756291
SAO PAULO,2027-10-01,2027,-0.008967219801425518
SAO PAULO,2027-11-01,2027,-0.008906551444406793
SAO PAULO,2027-12-01,2027,-0.00890114047852376
SAO PAULO,2028-01-01,2028,-0.009487354379066748
SAO PAULO,2028-02-01,2028,-0.00995306325420841
SAO PAULO,2028-03-01,2028,-0.010125668920340914
SAO PAULO,2028-04-01,2028,-0.010364951260451413
SAO PAULO,2028-05-01,2028,-0.010873071948069893
SAO PAULO,2028-06-01,2028,-0.011174283113630197
SAO PAULO,2028-07-01,2028,-0.011218527211562105
SAO PAULO,2028-08-01,2028,-0.012645567307620127
SAO PAULO,2028-09-01,2028,-0.013336986909075607
SAO PAULO,2028-10-01,2028,-0.013555031100219621
SAO PAULO,2028-11-01,2028,-0.013826692264752853
SAO PAULO,2028-12-01,2028,-0.014456422155639252
SAO PAULO,2029-01-01,2029,-0.014685007780108691
SAO PAULO,2029-02-01,2029,-0.014919675704333816
SAO PAULO,2029-03-01,2029,-0.014733663788990319
SAO PAULO,2029-04-01,2029,-0.014580959024156981
SAO PAULO,2029-05-01,2029,-0.015088083626633782
SAO PAULO,2029-06-01,2029,-0.016145025929829537
SAO PAULO,2029-07-01,2029,-0.016608422125206395
SAO PAULO,2029-08-01,2029,-0.016946992471844818
SAO PAULO,2029-09-01,2029,-0.01707199563543786
SAO PAULO,2029-10-01,2029,-0.01720200868326168
SAO PAULO,2029-11-01,2029,-0.017583241888627435
SAO PAULO,2029-12-01,2029,-0.017642201776111355
SAO PAULO,2030-01-01,2030,-0.016998869186806896
SAO PAULO,2030-02-01,2030,-0.01674268761944715
SAO PAULO,2030-03-01,2030,-0.016304555262085893
SAO PAULO,2030-04-01,2030,-0.015943540362265186
SAO PAULO,2030-05-01,2030,-0.015786911741373158
SAO PAULO,2030-06-01,2030,-0.015927154399356727
SAO PAULO,2030-07-01,2030,-0.015649327709253324
SAO PAULO,2030-08-01,2030,-0.015861331935738986
SAO PAULO,2030-09-01,2030,-0.016073982877028506
SAO PAULO,2030-10-01,2030,-0.015117514830694578
SAO PAULO,2030-11-01,2030,-0.01453937576733422
SAO PAULO,2030-12-01,2030,-0.013646051243540739
SAO PAULO,2031-01-01,2031,-0.012755143933575297
SAO PAULO,2031-02-01,2031,-0.011962462675883948
SAO PAULO,2031-03-01,2031,-0.011511824447779389
SAO PAULO,2031-04-01,2031,-0.011471335274548375
SAO PAULO,2031-05-01,2031,-0.011035965212198517
SAO PAULO,2031-06-01,2031,-0.011226534144573131
SAO PAULO,2031-07-01,2031,-0.01080946472222914
SAO PAULO,2031-08-01,2031,-0.010357687061156588
SAO PAULO,2031-09-01,2031,-0.009768188138776494
SAO PAULO,2031-10-01,2031,-0.010631145713786753
SAO PAULO,2031-11-01,2031,-0.010421619030331116
SAO PAULO,2031-12-01,2031,-0.010044512885224526
SAO PAULO,2032-01-01,2032,-0.010054600336841168
SAO PAULO,2032-02-01,2032,-0.010271351438141844
SAO PAULO,2032-03-01,2032,-0.010302171712450384
SAO PAULO,2032-04-01,2032,-0.010731684838566569
SAO PAULO,2032-05-01,2032,-0.010880443655417509
SAO PAULO,2032-06-01,2032,-0.011041695752502533
SAO PAULO,2032-07-01,2032,-0.010912926352276269
SAO PAULO,2032-08-01,2032,-0.010177982196430157
SAO PAULO,2032-09-01,2032,-0.009444719295334162
SAO PAULO,2032-10-01,2032,-0.009567177444669487
SAO PAULO,2032-11-01,2032,-0.009586626395851776
SAO PAULO,2032-12-01,2032,-0.009833979444520306
SAO PAULO,2033-01-01,2033,-0.01001099830563578
SAO PAULO,2033-02-01,2033,-0.010351353733531358
SAO PAULO,2033-03-01,2033,-0.010603087224815384
SAO PAULO,2033-04-01,2033,-0.010908061583357298
SAO PAULO,2033-05-01,2033,-0.010825427473655487
SAO PAULO,2033-06-01,2033,-0.010538870658929226
SAO PAULO,2033-07-01,2033,-0.010274816003285829
SAO PAULO,2033-08-01,2033,-0.009933750391954458
SAO PAULO,2033-09-01,2033,-0.0098783149363332
SAO PAULO,2033-10-01,2033,-0.009875924980849039
SAO PAULO,2033-11-01,2033,-0.009037731510281529
SAO PAULO,2033-12-01,2033,-0.008843968675558481
SAO PAULO,2034-01-01,2034,-0.00834775190600956
SAO PAULO,2034-02-01,2034,-0.007996506475372903
SAO PAULO,2034-03-01,2034,-0.007672374339245195
SAO PAULO,2034-04-01,2034,-0.007321855359392633
SAO PAULO,2034-05-01,2034,-0.0068533907851585415
SAO PAULO,2034-06-01,2034,-0.007039150127467157
SAO PAULO,2034-07-01,2034,-0.007169951346063334
SAO PAULO,2034-08-01,2034,-0.007054740571429963
SAO PAULO,2034-09-01,2034,-0.006836351756200713
SAO PAULO,2034-10-01,2034,-0.006404426019203853
SAO PAULO,2034-11-01,2034,-0.00567145569838533
SAO PAULO,2034-12-01,2034,-0.005589366531204176
SAO PAULO,2035-01-01,2035,-0.005739889193306524
SAO PAULO,2035-02-01,2035,-0.005415604087549171
SAO PAULO,2035-03-01,2035,-0.0052966453556524224
SAO PAULO,2035-04-01,2035,-0.0053403283218703725
SAO PAULO,2035-05-01,2035,-0.0052978996591587744
SAO PAULO,2035-06-01,2035,-0.005306113418227228
SAO PAULO,2035-07-01,2035,-0.005170277340224841
SAO PAULO,2035-08-01,2035,-0.005297311476310621
SAO PAULO,2035-09-01,2035,-0.00492754413771422
SAO PAULO,2035-10-01,2035,-0.004455657045060931
SAO PAULO,2035-11-01,2035,-0.004610061378347526
SAO PAULO,2035-12-01,2035,-0.0039020454179802748
SAO PAULO,2036-01-01,2036,-0.003972693651692298
SAO PAULO,2036-02-01,2036,-0.004288281286930429
SAO PAULO,2036-03-01,2036,-0.004017824295887599
SAO PAULO,2036-04-01,2036,-0.0037133059920613333
SAO PAULO,2036-05-01,2036,-0.002487541946518468
SAO PAULO,2036-06-01,2036,-0.0014229639654896765
SAO PAULO,2036-07-01,2036,-0.0002839501567665918
SAO PAULO,2036-08-01,2036,-0.0005589963554389898
SAO PAULO,2036-09-01,2036,-0.0007776481975765673
SAO PAULO,2036-10-01,2036,-0.0007836377200906723
SAO PAULO,2036-11-01,2036,-0.0008986091320368354
SAO PAULO,2036-12-01,2036,-0.0014486844370942165
SAO PAULO,2037-01-01,2037,-0.0019144736072318443
SAO PAULO,2037-02-01,2037,-0.001673885852054787
SAO PAULO,2037-03-01,2037,-0.001449675400894479
SAO PAULO,2037-04-01,2037,-0.0012730614673102695
SAO PAULO,2037-05-01,2037,-0.000666501475102214
SAO PAULO,2037-06-01,2037,-0.0006437367593184547
SAO PAULO,2037-07-01,2037,-0.000810465644642544
SAO PAULO,2037-08-01,2037,-0.0003239306677693306
SAO PAULO,2037-09-01,2037,-0.00011979906204125552
SAO PAULO,2037-10-01,2037,-0.00011187295920201956
SAO PAULO,2037-11-01,2037,-3.103967759779946e-05
SAO PAULO,2037-12-01,2037,-8.702687715339182e-05
SAO PAULO,2038-01-01,2038,-0.00018808940735925983
SAO PAULO,2038-02-01,2038,-0.00022989183958102382
SAO PAULO,2038-03-01,2038,0.00021550263777266507
SAO PAULO,2038-04-01,2038,0.0002133414370947236
SAO PAULO,2038-05-01,2038,0.00030136454951788333
SAO PAULO,2038-06-01,2038,0.0008907035491029003
SAO PAULO,2038-07-01,2038,0.0015402196556273543
SAO PAULO,2038-08-01,2038,0.002269486498618504
SAO PAULO,2038-09-01,2038,0.0027036843397636938
SAO PAULO,2038-10-01,2038,0.002904076440231995
SAO PAULO,2038-11-01,2038,0.0032407502667706014
SAO PAULO,2038-12-01,2038,0.005191393168143558
SAO PAULO,2039-01-01,2039,0.005307101530502115
SAO PAULO,2039-02-01,2039,0.004684536628626231
SAO PAULO,2039-03-01,2039,0.005767364595622612
SAO PAULO,2039-04-01,2039,0.005731247486495835
SAO PAULO,2039-05-01,2039,0.00574538269429679
SAO PAULO,2039-06-01,2039,0.00580188277294262
SAO PAULO,2039-07-01,2039,0.004961897363944841
SAO PAULO,2039-08-01,2039,0.005066831277332499
SAO PAULO,2039-09-01,2039,0.004825887976452973
SAO PAULO,2039-10-01,2039,0.004264886931664876
SAO PAULO,2039-11-01,2039,0.005941978682808073
SAO PAULO,2039-12-01,2039,0.005684045594340592
TERESINA,2010-01-01,2010,0.0
TERESINA,2010-02-01,2010,0.0
TERESINA,2010-03-01,2010,0.0
TERESINA,2010-04-01,2010,-0.00010353858651612757
TERESINA,2010-05-01,2010,-0.000258787547835031
TERESINA,2010-06-01,2010,-0.00045956392634048047
TERESINA,2010-07-01,2010,-0.0006518768491394555
TERESINA,2010-08-01,2010,-0.0007396500964114583
TERESINA,2010-09-01,2010,-0.0008832088873152111
TERESINA,2010-10-01,2010,-0.0009111285666131086
TERESINA,2010-11-01,2010,-0.0012369123281464301
TERESINA,2010-12-01,2010,-0.0014654454359793367
TERESINA,2011-01-01,2011,-0.0017124229606423347
TERESINA,2011-02-01,2011,-0.0018009793545671782
TERESINA,2011-03-01,2011,-0.0016929903195529194
TERESINA,2011-04-01,2011,-0.001657748066117518
TERESINA,2011-05-01,2011,-0.0014310669368457086
TERESINA,2011-06-01,2011,-0.0014325614338624726
TERESINA,2011-07-01,2011,-0.0014396760557595955
TERESINA,2011-08-01,2011,-0.0014995197706532425
TERESINA,2011-09-01,2011,-0.0017748898730170182
TERESINA,2011-10-01,2011,-0.0015894428788023763
TERESINA,2011-11-01,2011,-0.0016251914087449582
TERESINA,2011-12-01,2011,-0.001836308142672136
TERESINA,2012-01-01,2012,-0.0016821050068738974
TERESINA,2012-02-01,2012,-0.001459096109055833
TERESINA,2012-03-01,2012,-0.0014128251560285865
TERESINA,2012-04-01,2012,-0.0013678043919159123
TERESINA,2012-05-01,2012,-0.001259463961652888
TERESINA,2012-06-01,2012,-0.0010974952541259154
TERESINA,2012-07-01,2012,-0.0010618786624948862
TERESINA,2012-08-01,2012,-0.001069325351102255
TERESINA,2012-09-01,2012,-0.0010927220500430057
TERESINA,2012-10-01,2012,-0.0009126840777034828
TERESINA,2012-11-01,2012,-0.0009036634053621917
TERESINA,2012-12-01,2012,-0.0008205761622810049
TERESINA,2013-01-01,2013,-0.0006390036712387825
TERESINA,2013-02-01,2013,-0.0005521270946777712
TERESINA,2013-03-01,2013,-0.000641727340064503
TERESINA,2013-04-01,2013,-0.00048382661907348743
TERESINA,2013-05-01,2013,-0.0009213274845505826
TERESINA,2013-06-01,2013,-0.0007173339921482025
TERESINA,2013-07-01,2013,-0.0005851289953824512
TERESINA,2013-08-01,2013,-0.000580025858144092
TERESINA,2013-09-01,2013,-0.0005301356475423069
TERESINA,2013-10-01,2013,-0.0006184587237966499
TERESINA,2013-11-01,2013,-0.0005263318959470042
TERESINA,2013-12-01,2013,-0.00043411046678311973
TERESINA,2014-01-01,2014,-0.0003977345989033365
TERESINA,2014-02-01,2014,-0.0003675676429612051
TERESINA,2014-03-01,2014,-0.00030920529861404143
TERESINA,2014-04-01,2014,-0.0003328660351429324
TERESINA,2014-05-01,2014,-0.00025935439669851567
TERESINA,2014-06-01,2014,-0.0003805921055445194
TERESINA,2014-07-01,2014,-0.00038618063784013
TERESINA,2014-08-01,2014,-0.00034069078794214056
TERESINA,2014-09-01,2014,-0.0003076130592122883
TERESINA,2014-10-01,2014,-0.0004122945833696423
TERESINA,2014-11-01,2014,-0.00041717528452085874
TERESINA,2014-12-01,2014,-0.000591433974885206
TERESINA,2015-01-01,2015,-0.0005478848424961802
TERESINA,2015-02-01,2015,-0.00048010361619974407
TERESINA,2015-03-01,2015,-0.0004679822498484598
TERESINA,2015-04-01,2015,-0.0006938058378009515
TERESINA,2015-05-01,2015,-0.0007707220144481175
TERESINA,2015-06-01,2015,-0.0008487121927077512
TERESINA,2015-07-01,2015,-0.0009509656046015624
TERESINA,2015-08-01,2015,-0.001020060548192354
TERESINA,2015-09-01,2015,-0.0010146075997705516
TERESINA,2015-10-01,2015,-0.00031914126218043795
TERESINA,2015-11-01,2015,-0.00030335219117380796
TERESINA,2015-12-01,2015,-0.000303413407052634
TERESINA,2016-01-01,2016,-0.000407386022424967
TERESINA,2016-02-01,2016,-0.00030877708040240814
TERESINA,2016-03-01,2016,-0.00039740096220829526
TERESINA,2016-04-01,2016,-0.0004424471539388608
TERESINA,2016-05-01,2016,-0.0004483571190220281
TERESINA,2016-06-01,2016,-0.0005790872796393487
TERESINA,2016-07-01,2016,-0.0005548959438986101
TERESINA,2016-08-01,2016,-0.0006144826501746859
TERESINA,2016-09-01,2016,-0.00038487091247238703
TERESINA,2016-10-01,2016,-0.00041411069032863733
TERESINA,2016-11-01,2016,-0.0005180783425678259
TERESINA,2016-12-01,2016,-0.00046326235157894693
TERESINA,2017-01-01,2017,-0.0006023143088010696
TERESINA,2017-02-01,2017,-0.000585646678975571
TERESINA,2017-03-01,2017,-0.0004719523251938318
TERESINA,2017-04-01,2017,-0.0005001003471383203
TERESINA,2017-05-01,2017,-0.00035750238330647943
TERESINA,2017-06-01,2017,-0.00047533168033588757
TERESINA,2017-07-01,2017,-0.0004598649382487696
TERESINA,2017-08-01,2017,-0.0003285700257164392
TERESINA,2017-09-01,2017,-0.00034405027418909053
TERESINA,2017-10-01,2017,-0.0003636294563960729
TERESINA,2017-11-01,2017,-0.0007032916153591129
TERESINA,2017-12-01,2017,-0.0007068084505459172
TERESINA,2018-01-01,2018,-0.0009731528218981422
TERESINA,2018-02-01,2018,-0.0011381414544044078
TERESINA,2018-03-01,2018,-0.0011204927747823091
TERESINA,2018-04-01,2018,-0.001159642760542806
TERESINA,2018-05-01,2018,-0.001243411616067107
TERESINA,2018-06-01,2018,-0.0012584971725409944
TERESINA,2018-07-01,2018,-0.0015269084808455702
TERESINA,2018-08-01,2018,-0.0018132097454815132
TERESINA,2018-09-01,2018,-0.0018811620890549741
TERESINA,2018-10-01,2018,-0.002047975542725975
TERESINA,2018-11-01,2018,-0.00210407980411225
TERESINA,2018-12-01,2018,-0.002068051320634288
TERESINA,2019-01-01,2019,-0.0020893441192684605
TERESINA,2019-02-01,2019,-0.0019354369667551896
TERESINA,2019-03-01,2019,-0.0018227990248621973
TERESINA,2019-04-01,2019,-0.0017018446153604272
TERESINA,2019-05-01,2019,-0.001616173494961486
TERESINA,2019-06-01,2019,-0.0015364198936267592
TERESINA,2019-07-01,2019,-0.0015755763007018265
TERESINA,2019-08-01,2019,-0.0015021745144615229
TERESINA,2019-09-01,2019,-0.0016253932081974599
TERESINA,2019-10-01,2019,-0.0016312247648370692
TERESINA,2019-11-01,2019,-0.0015644879947787004
TERESINA,2019-12-01,2019,-0.0015870438922002993
TERESINA,2020-01-01,2020,-0.0015755925094434386
TERESINA,2020-02-01,2020,-0.0016343356330620585
TERESINA,2020-03-01,2020,-0.001682992305336649
TERESINA,2020-04-01,2020,-0.0016518073161469204
TERESINA,2020-05-01,2020,-0.0014583699475596268
TERESINA,2020-06-01,2020,-0.0010784674604768297
TERESINA,2020-07-01,2020,-0.0008456368553155102
TERESINA,2020-08-01,2020,-0.0005310558348481209
TERESINA,2020-09-01,2020,-0.0003363846671346393
TERESINA,2020-10-01,2020,-0.0002875574819182869
TERESINA,2020-11-01,2020,5.2934818508872935e-05
TERESINA,2020-12-01,2020,0.00019782411382623154
TERESINA,2021-01-01,2021,0.0002999022724784961
TERESINA,2021-02-01,2021,0.0004624241640271587
TERESINA,2021-03-01,2021,0.00044503798756149516
TERESINA,2021-04-01,2021,0.0004610715979441893
TERESINA,2021-05-01,2021,0.0007027825107472341
TERESINA,2021-06-01,2021,0.0007914459118012374
TERESINA,2021-07-01,2021,0.0009088577142825838
TERESINA,2021-08-01,2021,0.0010540549940989984
TERESINA,2021-09-01,2021,0.0011290606981043262
TERESINA,2021-10-01,2021,0.0011287856158051102
TERESINA,2021-11-01,2021,0.0009899155355911128
TERESINA,2021-12-01,2021,0.0009886491334784831
TERESINA,2022-01-01,2022,0.0009081344161539073
TERESINA,2022-02-01,2022,0.0010386212310171793
TERESINA,2022-03-01,2022,0.0011016852959641332
TERESINA,2022-04-01,2022,0.0009644014552458868
TERESINA,2022-05-01,2022,0.0007688958609254504
TERESINA,2022-06-01,2022,0.0007032519162988093
TERESINA,2022-07-01,2022,0.00014376811355263475
TERESINA,2022-08-01,2022,-0.0004842224540042372
TERESINA,2022-09-01,2022,-0.00030014014513319307
TERESINA,2022-10-01,2022,-0.0002433433810784402
TERESINA,2022-11-01,2022,-0.0003989243662854647
TERESINA,2022-12-01,2022,-0.00039944512051359846
TERESINA,2023-01-01,2023,-0.0008274535177027198
TERESINA,2023-02-01,2023,-0.0007874282177570202
TERESINA,2023-03-01,2023,-0.000926696295079199
TERESINA,2023-04-01,2023,-0.0011392420460513363
TERESINA,2023-05-01,2023,-0.0014259827108524835
TERESINA,2023-06-01,2023,-0.0013811640803722258
TERESINA,2023-07-01,2023,-0.00139266648581715
TERESINA,2023-08-01,2023,-0.0013800587683647258
TERESINA,2023-09-01,2023,-0.001131019377767667
TERESINA,2023-10-01,2023,-0.0011854029575274704
TERESINA,2023-11-01,2023,-0.0008231275456713749
TERESINA,2023-12-01,2023,-0.0007193998519016331
TERESINA,2024-01-01,2024,-0.0007539405368006424
TERESINA,2024-02-01,2024,-0.00137946843590959
TERESINA,2024-03-01,2024,-0.001796098228625922
TERESINA,2024-04-01,2024,-0.0020281030550179445
TERESINA,2024-05-01,2024,-0.0018528329473321591
TERESINA,2024-06-01,2024,-0.0017988417664255207
TERESINA,2024-07-01,2024,-0.0015632276191055638
TERESINA,2024-08-01,2024,-0.0013932736500862975
TERESINA,2024-09-01,2024,-0.0014261125903685045
TERESINA,2024-10-01,2024,-0.0014970976640403034
TERESINA,2024-11-01,2024,-0.00154991127609464
TERESINA,2024-12-01,2024,-0.0015144201847875406
TERESINA,2025-01-01,2025,-0.0016530532801746734
TERESINA,2025-02-01,2025,-0.001639175665304815
TERESINA,2025-03-01,2025,-0.0015039100343474565
TERESINA,2025-04-01,2025,-0.001547201335050521
TERESINA,2025-05-01,2025,-0.001495411159829001
TERESINA,2025-06-01,2025,-0.0012858672851095054
TERESINA,2025-07-01,2025,-0.0016478991874418114
TERESINA,2025-08-01,2025,-0.0015246676681508764
TERESINA,2025-09-01,2025,-0.0015100951261908346
TERESINA,2025-10-01,2025,-0.0014472252529836016
TERESINA,2025-11-01,2025,-0.001387145600510117
TERESINA,2025-12-01,2025,-0.0013944261678318804
TERESINA,2026-01-01,2026,-0.001253206543932569
TERESINA,2026-02-01,2026,-0.0013495261426555104
TERESINA,2026-03-01,2026,-0.0011734354883579724
TERESINA,2026-04-01,2026,-0.0010293972341053515
TERESINA,2026-05-01,2026,-0.0009724846738178261
TERESINA,2026-06-01,2026,-0.0008183626309073033
TERESINA,2026-07-01,2026,-0.0005954945719406579
TERESINA,2026-08-01,2026,-0.0004742881893023543
TERESINA,2026-09-01,2026,-0.00045994996057914907
TERESINA,2026-10-01,2026,-0.0001672370807719059
TERESINA,2026-11-01,2026,1.9728179816701498e-05
TERESINA,2026-12-01,2026,0.0002735061077127443
TERESINA,2027-01-01,2027,0.0006902881675457628
TERESINA,2027-02-01,2027,0.00068749890851723
TERESINA,2027-03-01,2027,0.000820864583040436
TERESINA,2027-04-01,2027,0.0009500053338560888
TERESINA,2027-05-01,2027,0.0011730865188353623
TERESINA,2027-06-01,2027,0.0017469431425376424
TERESINA,2027-07-01,2027,0.0018412176526983338
TERESINA,2027-08-01,2027,0.0018693751552593984
TERESINA,2027-09-01,2027,0.0020619223611522907
TERESINA,2027-10-01,2027,0.002091266488957654
TERESINA,2027-11-01,2027,0.002094091882347401
TERESINA,2027-12-01,2027,0.002285065815288976
TERESINA,2028-01-01,2028,0.0022397179988847614
TERESINA,2028-02-01,2028,0.0021782473632291697
TERESINA,2028-03-01,2028,0.0020916053695451365
TERESINA,2028-04-01,2028,0.00211764082394761
TERESINA,2028-05-01,2028,0.0018587679385656786
TERESINA,2028-06-01,2028,0.0018112213080142625
TERESINA,2028-07-01,2028,0.0015890622492986028
TERESINA,2028-08-01,2028,0.0015125667040064039
TERESINA,2028-09-01,2028,0.001554157813162421
TERESINA,2028-10-01,2028,0.0017071493734314934
TERESINA,2028-11-01,2028,0.0015341130631657607
TERESINA,2028-12-01,2028,0.0015924762077797138
TERESINA,2029-01-01,2029,0.0016046372812479226
TERESINA,2029-02-01,2029,0.0016113535168568805
TERESINA,2029-03-01,2029,0.0013803139423894362
TERESINA,2029-04-01,2029,0.0015293494708918543
TERESINA,2029-05-01,2029,0.001242493720702893
TERESINA,2029-06-01,2029,0.0010737841443576135
TERESINA,2029-07-01,2029,0.0010561520561319492
TERESINA,2029-08-01,2029,0.0010450652351506984
TERESINA,2029-09-01,2029,0.0009502402476376193
TERESINA,2029-10-01,2029,0.0011015433890777494
TERESINA,2029-11-01,2029,0.001077791055422086
TERESINA,2029-12-01,2029,0.0009843671096295991
TERESINA,2030-01-01,2030,0.0011799820492911374
TERESINA,2030-02-01,2030,0.001301600195325514
TERESINA,2030-03-01,2030,0.001289084998422293
TERESINA,2030-04-01,2030,0.0012907578091097627
TERESINA,2030-05-01,2030,0.0012647260304185781
TERESINA,2030-06-01,2030,0.001119040281799012
TERESINA,2030-07-01,2030,0.0012254168715810454
TERESINA,2030-08-01,2030,0.0010871359342553989
TERESINA,2030-09-01,2030,0.001115925872713257
TERESINA,2030-10-01,2030,0.0009524217596933315
TERESINA,2030-11-01,2030,0.0007294658061882575
TERESINA,2030-12-01,2030,0.0008544243240416272
TERESINA,2031-01-01,2031,0.0010289539085393928
TERESINA,2031-02-01,2031,0.0010333991120740794
TERESINA,2031-03-01,2031,0.0004964734755868194
TERESINA,2031-04-01,2031,0.000357697428804028
TERESINA,2031-05-01,2031,0.0004397929256808397
TERESINA,2031-06-01,2031,0.0003831037313878971
TERESINA,2031-07-01,2031,0.000556490868920032
TERESINA,2031-08-01,2031,0.0004275536235219735
TERESINA,2031-09-01,2031,0.0005344377102426124
TERESINA,2031-10-01,2031,0.0005908129463447775
TERESINA,2031-11-01,2031,0.0006731516903330192
TERESINA,2031-12-01,2031,0.0006066630518706839
TERESINA,2032-01-01,2032,0.0006667100237163903
TERESINA,2032-02-01,2032,0.000728862523065823
TERESINA,2032-03-01,2032,0.00104295313683741
TERESINA,2032-04-01,2032,0.0010484569928180297
TERESINA,2032-05-01,2032,0.0010048617787836867
TERESINA,2032-06-01,2032,0.0012945655467086026
TERESINA,2032-07-01,2032,0.0014300538239020166
TERESINA,2032-08-01,2032,0.001391083468847053
TERESINA,2032-09-01,2032,0.0012530559241247462
TERESINA,2032-10-01,2032,0.0012420272415900313
TERESINA,2032-11-01,2032,0.0012628657215254303
TERESINA,2032-12-01,2032,0.0013484588729490966
TERESINA,2033-01-01,2033,0.001374221369997486
TERESINA,2033-02-01,2033,0.0014855440242592943
TERESINA,2033-03-01,2033,0.0016264888151241086
TERESINA,2033-04-01,2033,0.0015204327623055548
TERESINA,2033-05-01,2033,0.0015890514510247511
TERESINA,2033-06-01,2033,0.0017373619190787948
TERESINA,2033-07-01,2033,0.0016375143724070085
TERESINA,2033-08-01,2033,0.0019362349025115067
TERESINA,2033-09-01,2033,0.001739168881592902
TERESINA,2033-10-01,2033,0.0018897206942626366
TERESINA,2033-11-01,2033,0.0018578303309359267
TERESINA,2033-12-01,2033,0.001838859379773805
TERESINA,2034-01-01,2034,0.0017514605842778896
TERESINA,2034-02-01,2034,0.0018311279079622244
TERESINA,2034-03-01,2034,0.0019106947731358848
TERESINA,2034-04-01,2034,0.00201554987529174
TERESINA,2034-05-01,2034,0.0017495844835781682
TERESINA,2034-06-01,2034,0.0016801171136224037
TERESINA,2034-07-01,2034,0.0017575992041558553
TERESINA,2034-08-01,2034,0.0017041189799617594
TERESINA,2034-09-01,2034,0.0017511184527051326
TERESINA,2034-10-01,2034,0.001692604045341668
TERESINA,2034-11-01,2034,0.0016507126294546459
TERESINA,2034-12-01,2034,0.00170671306008617
TERESINA,2035-01-01,2035,0.0016530763762522282
TERESINA,2035-02-01,2035,0.0015566966170718277
TERESINA,2035-03-01,2035,0.0015326617671927488
TERESINA,2035-04-01,2035,0.00157039416967246
TERESINA,2035-05-01,2035,0.0015919668584929436
TERESINA,2035-06-01,2035,0.0016930094899455371
TERESINA,2035-07-01,2035,0.0016438336125953613
TERESINA,2035-08-01,2035,0.0015701776839810444
TERESINA,2035-09-01,2035,0.0018257130916566112
TERESINA,2035-10-01,2035,0.0018427008886407047
TERESINA,2035-11-01,2035,0.0019512695097377941
TERESINA,2035-12-01,2035,0.0019492561324580004
TERESINA,2036-01-01,2036,0.002241422957200957
TERESINA,2036-02-01,2036,0.0022274297600125502
TERESINA,2036-03-01,2036,0.0023728133631530546
TERESINA,2036-04-01,2036,0.0024542612375694217
TERESINA,2036-05-01,2036,0.0027650862246984243
TERESINA,2036-06-01,2036,0.00288440687672613
TERESINA,2036-07-01,2036,0.002891392372968652
TERESINA,2036-08-01,2036,0.0028836171853499192
TERESINA,2036-09-01,2036,0.0028181629054076862
TERESINA,2036-10-01,2036,0.002814588126542763
TERESINA,2036-11-01,2036,0.002861322735369386
TERESINA,2036-12-01,2036,0.002984372810152515
TERESINA,2037-01-01,2037,0.0029364245802696253
TERESINA,2037-02-01,2037,0.0030523692159622586
TERESINA,2037-03-01,2037,0.0030598355284714176
TERESINA,2037-04-01,2037,0.0033093148006748964
TERESINA,2037-05-01,2037,0.00351362553783788
TERESINA,2037-06-01,2037,0.003754121536842351
TERESINA,2037-07-01,2037,0.0037962300234441527
TERESINA,2037-08-01,2037,0.0035648259960516203
TERESINA,2037-09-01,2037,0.00351654960311974
TERESINA,2037-10-01,2037,0.0035494685962443816
TERESINA,2037-11-01,2037,0.0034689908566676573
TERESINA,2037-12-01,2037,0.003561427072579071
TERESINA,2038-01-01,2038,0.003549755337711484
TERESINA,2038-02-01,2038,0.0036635508988786814
TERESINA,2038-03-01,2038,0.0037677179582340735
TERESINA,2038-04-01,2038,0.0037663730566983343
TERESINA,2038-05-01,2038,0.0036378895454522086
TERESINA,2038-06-01,2038,0.003655659404580789
TERESINA,2038-07-01,2038,0.0035211238294349766
TERESINA,2038-08-01,2038,0.0037933792526832523
TERESINA,2038-09-01,2038,0.0035627410605135867
TERESINA,2038-10-01,2038,0.0035160818496544886
TERESINA,2038-11-01,2038,0.0034295864687436495
TERESINA,2038-12-01,2038,0.0035052512870722675
TERESINA,2039-01-01,2039,0.0032381400545822637
TERESINA,2039-02-01,2039,0.003250480664320686
TERESINA,2039-03-01,2039,0.003371236080912048
TERESINA,2039-04-01,2039,0.0034182381156020146
TERESINA,2039-05-01,2039,0.0033164157220366176
TERESINA,2039-06-01,2039,0.0032792763743903874
TERESINA,2039-07-01,2039,0.003159159744374329
TERESINA,2039-08-01,2039,0.0031194761800406824
TERESINA,2039-09-01,2039,0.0031363588911688454
TERESINA,2039-10-01,2039,0.0032777220216726644
TERESINA,2039-11-01,2039,0.0032930586500917115
TERESINA,2039-12-01,2039,0.003537154304951254
VITORIA,2010-01-01,2010,0.0
VITORIA,2010-02-01,2010,0.0
VITORIA,2010-03-01,2010,0.0
VITORIA,2010-04-01,2010,-8.098498848547298e-05
VITORIA,2010-05-01,2010,-0.0003585419328302286
VITORIA,2010-06-01,2010,-0.0005774285090482745
VITORIA,2010-07-01,2010,-0.0003774101253288098
VITORIA,2010-08-01,2010,-0.00035005176759030256
VITORIA,2010-09-01,2010,-0.00024188861082120595
VITORIA,2010-10-01,2010,-0.00046285833905103434
VITORIA,2010-11-01,2010,-0.0006139774704607082
VITORIA,2010-12-01,2010,-0.0005198564247349724
VITORIA,2011-01-01,2011,-0.0008041342593614997
VITORIA,2011-02-01,2011,-0.0009772251596770554
VITORIA,2011-03-01,2011,-0.0010072921326547924
VITORIA,2011-04-01,2011,-0.0010177260006505417
VITORIA,2011-05-01,2011,-0.0009256711861850753
VITORIA,2011-06-01,2011,-0.0009618279088812753
VITORIA,2011-07-01,2011,-0.0009158237304009487
VITORIA,2011-08-01,2011,-0.0009544367774148277
VITORIA,2011-09-01,2011,-0.0009057020467109289
VITORIA,2011-10-01,2011,-0.0009410853274813935
VITORIA,2011-11-01,2011,-0.0008284310368909853
VITORIA,2011-12-01,2011,-0.0008625778617697
VITORIA,2012-01-01,2012,-0.0010388479834405684
VITORIA,2012-02-01,2012,-0.0009858451715769522
VITORIA,2012-03-01,2012,-0.0010560697635426098
VITORIA,2012-04-01,2012,-0.0010092067525448733
VITORIA,2012-05-01,2012,-0.0011163511336087161
VITORIA,2012-06-01,2012,-0.0010871518112343203
VITORIA,2012-07-01,2012,-0.0010747153788968522
VITORIA,2012-08-01,2012,-0.001052570063506457
VITORIA,2012-09-01,2012,-0.0009216948229320154
VITORIA,2012-10-01,2012,-0.0009292396053937102
VITORIA,2012-11-01,2012,-0.0008124416542284463
VITORIA,2012-12-01,2012,-0.0008223088570508008
VITORIA,2013-01-01,2013,-0.0007133717693115638
VITORIA,2013-02-01,2013,-0.0006749908960151263
VITORIA,2013-03-01,2013,-0.0007257500567216225
VITORIA,2013-04-01,2013,-0.0006559823963265687
VITORIA,2013-05-01,2013,-0.00041301299573884287
VITORIA,2013-06-01,2013,-0.0003709948004867025
VITORIA,2013-07-01,2013,-0.0002132789905069965
VITORIA,2013-08-01,2013,-0.00016825133915050029
VITORIA,2013-09-01,2013,-0.0002698076794034221
VITORIA,2013-10-01,2013,-0.0001599942893256323
VITORIA,2013-11-01,2013,-0.0001536116517033259
VITORIA,2013-12-01,2013,-0.0001179834407121727
VITORIA,2014-01-01,2014,-0.00011100185433072341
VITORIA,2014-02-01,2014,-6.957616967705471e-06
VITORIA,2014-03-01,2014,7.42751175943146e-05
VITORIA,2014-04-01,2014,5.670711865943034e-05
VITORIA,2014-05-01,2014,2.678554113797471e-05
VITORIA,2014-06-01,2014,6.666863905518294e-05
VITORIA,2014-07-01,2014,-0.0002174696984470159
VITORIA,2014-08-01,2014,-0.0005563250200588521
VITORIA,2014-09-01,2014,-0.00047428152978503557
VITORIA,2014-10-01,2014,-0.0005556112407084801
VITORIA,2014-11-01,2014,-0.0006079970025321823
VITORIA,2014-12-01,2014,-0.0005670571480693476
VITORIA,2015-01-01,2015,-0.0006160620706776232
VITORIA,2015-02-01,2015,-0.0005808853550558679
VITORIA,2015-03-01,2015,-0.0005518717092169356
VITORIA,2015-04-01,2015,-0.0006856895187116851
VITORIA,2015-05-01,2015,-0.000909450353189527
VITORIA,2015-06-01,2015,-0.0012144837576484224
VITORIA,2015-07-01,2015,-0.0011917610555230106
VITORIA,2015-08-01,2015,-0.0013649917612119544
VITORIA,2015-09-01,2015,-0.001380079222868037
VITORIA,2015-10-01,2015,-0.001269487102467971
VITORIA,2015-11-01,2015,-0.001170006230960745
VITORIA,2015-12-01,2015,-0.0010905875949063582
VITORIA,2016-01-01,2016,-0.0010527135814647382
VITORIA,2016-02-01,2016,-0.0009136284825998653
VITORIA,2016-03-01,2016,-0.0009013021894127337
VITORIA,2016-04-01,2016,-0.0008022529042794835
VITORIA,2016-05-01,2016,-0.0008459736579020272
VITORIA,2016-06-01,2016,-0.0007418571136755592
VITORIA,2016-07-01,2016,-0.0007425798951927764
VITORIA,2016-08-01,2016,-0.0006503598675664479
VITORIA,2016-09-01,2016,-0.0006128969374769666
VITORIA,2016-10-01,2016,-0.0005748745536116595
VITORIA,2016-11-01,2016,-4.0965144429455644e-05
VITORIA,2016-12-01,2016,0.0004319014329812054
VITORIA,2017-01-01,2017,0.0010243521970543545
VITORIA,2017-02-01,2017,0.0010328348242522834
VITORIA,2017-03-01,2017,0.001064215019853475
VITORIA,2017-04-01,2017,0.0008518859769046738
VITORIA,2017-05-01,2017,0.0010107568614059538
VITORIA,2017-06-01,2017,0.0010201557029978926
VITORIA,2017-07-01,2017,0.0009353801507900438
VITORIA,2017-08-01,2017,0.0008777450904405592
VITORIA,2017-09-01,2017,0.000699273409970127
VITORIA,2017-10-01,2017,0.0007756816589700843
VITORIA,2017-11-01,2017,0.0007378415124296278
VITORIA,2017-12-01,2017,0.0006718053796190316
VITORIA,2018-01-01,2018,0.0005104807192262961
VITORIA,2018-02-01,2018,0.0003895773337297304
VITORIA,2018-03-01,2018,0.0005149347555719264
VITORIA,2018-04-01,2018,0.0004196937955199087
VITORIA,2018-05-01,2018,0.0005568496867494121
VITORIA,2018-06-01,2018,0.0006425134199469129
VITORIA,2018-07-01,2018,0.0005577411982481428
VITORIA,2018-08-01,2018,0.0004400761885848992
VITORIA,2018-09-01,2018,0.00046415250181890187
VITORIA,2018-10-01,2018,0.00048514490631239917
VITORIA,2018-11-01,2018,0.00045052962631511817
VITORIA,2018-12-01,2018,0.00034713073080082314
VITORIA,2019-01-01,2019,0.00037381608802038337
VITORIA,2019-02-01,2019,0.0002955988291411016
VITORIA,2019-03-01,2019,0.00030793074204269355
VITORIA,2019-04-01,2019,-1.2493686046848307e-05
VITORIA,2019-05-01,2019,7.605217797573504e-05
VITORIA,2019-06-01,2019,-6.555898290708795e-06
VITORIA,2019-07-01,2019,-8.484288556698694e-05
VITORIA,2019-08-01,2019,9.350206904346626e-05
VITORIA,2019-09-01,2019,0.00022437801612261609
VITORIA,2019-10-01,2019,0.00030466074884864526
VITORIA,2019-11-01,2019,0.0002712666592150059
VITORIA,2019-12-01,2019,0.000412360043394866
VITORIA,2020-01-01,2020,0.000327815087590726
VITORIA,2020-02-01,2020,0.00020976419243736165
VITORIA,2020-03-01,2020,0.0002986122410590364
VITORIA,2020-04-01,2020,0.0005672134781885751
VITORIA,2020-05-01,2020,0.0008704391125935307
VITORIA,2020-06-01,2020,0.0006651657443023096
VITORIA,2020-07-01,2020,0.0006239170037691233
VITORIA,2020-08-01,2020,0.0008748320357104589
VITORIA,2020-09-01,2020,0.0010504034789614925
VITORIA,2020-10-01,2020,0.0010567516040566117
VITORIA,2020-11-01,2020,0.0005742837202736961
VITORIA,2020-12-01,2020,0.00038552043487472985
VITORIA,2021-01-01,2021,7.16134211114594e-05
VITORIA,2021-02-01,2021,4.754571138099406e-05
VITORIA,2021-03-01,2021,0.00038306093777931374
VITORIA,2021-04-01,2021,0.0003056763322756173
VITORIA,2021-05-01,2021,0.00043775120050728813
VITORIA,2021-06-01,2021,0.000695381550912958
VITORIA,2021-07-01,2021,0.0007035933553563345
VITORIA,2021-08-01,2021,0.000791303879210673
VITORIA,2021-09-01,2021,0.0009283620450210528
VITORIA,2021-10-01,2021,0.0010245753377095912
VITORIA,2021-11-01,2021,0.0011348813525025047
VITORIA,2021-12-01,2021,0.0012692026260352274
VITORIA,2022-01-01,2022,0.0011271225297193731
VITORIA,2022-02-01,2022,0.0010467276342780896
VITORIA,2022-03-01,2022,0.0015900242931437903
VITORIA,2022-04-01,2022,0.0019439982784410237
VITORIA,2022-05-01,2022,0.001874974015953047
VITORIA,2022-06-01,2022,0.0021316582898452062
VITORIA,2022-07-01,2022,0.0014662097770308657
VITORIA,2022-08-01,2022,0.0008943568141404746
VITORIA,2022-09-01,2022,7.863992754485794e-05
VITORIA,2022-10-01,2022,-0.00033994498341934353
VITORIA,2022-11-01,2022,-0.000539750338834718
VITORIA,2022-12-01,2022,-0.0009793757987992058
VITORIA,2023-01-01,2023,-0.001137272655174243
VITORIA,2023-02-01,2023,-0.0013765408920012722
VITORIA,2023-03-01,2023,-0.0016623445511299117
VITORIA,2023-04-01,2023,-0.0019131228551249268
VITORIA,2023-05-01,2023,-0.00211593821747907
VITORIA,2023-06-01,2023,-0.0025921493758406366
VITORIA,2023-07-01,2023,-0.0028767277427118854
VITORIA,2023-08-01,2023,-0.003006240758053459
VITORIA,2023-09-01,2023,-0.003083071985364342
VITORIA,2023-10-01,2023,-0.0032027927156540494
VITORIA,2023-11-01,2023,-0.0035884934261537884
VITORIA,2023-12-01,2023,-0.003563809833458209
VITORIA,2024-01-01,2024,-0.003591281139224487
VITORIA,2024-02-01,2024,-0.003475865830582958
VITORIA,2024-03-01,2024,-0.0036877857007101412
VITORIA,2024-04-01,2024,-0.0037177987735899833
VITORIA,2024-05-01,2024,-0.0036607344096573537
VITORIA,2024-06-01,2024,-0.0038449665745786932
VITORIA,2024-07-01,2024,-0.0033713112647129353
VITORIA,2024-08-01,2024,-0.003210281913557067
VITORIA,2024-09-01,2024,-0.0029091157343082387
VITORIA,2024-10-01,2024,-0.0030768286760194607
VITORIA,2024-11-01,2024,-0.0025417031223732376
VITORIA,2024-12-01,2024,-0.002049922824195026
VITORIA,2025-01-01,2025,-0.0014880825857499157
VITORIA,2025-02-01,2025,-0.0011700352082102527
VITORIA,2025-03-01,2025,-0.0017078259248942062
VITORIA,2025-04-01,2025,-0.001604550054581766
VITORIA,2025-05-01,2025,-0.0016111001883536847
VITORIA,2025-06-01,2025,-0.002293186221713942
VITORIA,2025-07-01,2025,-0.0023553711263422338
VITORIA,2025-08-01,2025,-0.0023086862615783453
VITORIA,2025-09-01,2025,-0.0024512745158318085
VITORIA,2025-10-01,2025,-0.00226859997352981
VITORIA,2025-11-01,2025,-0.0023248615538124682
VITORIA,2025-12-01,2025,-0.002654054420632903
VITORIA,2026-01-01,2026,-0.0025794606894252157
VITORIA,2026-02-01,2026,-0.0029358562353752737
VITORIA,2026-03-01,2026,-0.0031855744645180937
VITORIA,2026-04-01,2026,-0.0030044900532619225
VITORIA,2026-05-01,2026,-0.0031908756711546095
VITORIA,2026-06-01,2026,-0.003448523135834152
VITORIA,2026-07-01,2026,-0.003688833022412772
VITORIA,2026-08-01,2026,-0.003209052547525042
VITORIA,2026-09-01,2026,-0.0032639034595061066
VITORIA,2026-10-01,2026,-0.00310568551773342
VITORIA,2026-11-01,2026,-0.0033494102651338985
VITORIA,2026-12-01,2026,-0.0036198492642335266
VITORIA,2027-01-01,2027,-0.0031971621845618024
VITORIA,2027-02-01,2027,-0.0031058847396324128
VITORIA,2027-03-01,2027,-0.003234872444068704
VITORIA,2027-04-01,2027,-0.003248973096600076
VITORIA,2027-05-01,2027,-0.0030306198188861013
VITORIA,2027-06-01,2027,-0.002954120560741026
VITORIA,2027-07-01,2027,-0.0034815757000448556
VITORIA,2027-08-01,2027,-0.003197357308502057
VITORIA,2027-09-01,2027,-0.0030137244821362764
VITORIA,2027-10-01,2027,-0.0027303274128220923
VITORIA,2027-11-01,2027,-0.0026552851375646037
VITORIA,2027-12-01,2027,-0.002537956022627558
VITORIA,2028-01-01,2028,-0.002738388562913159
VITORIA,2028-02-01,2028,-0.0030875080522064025
VITORIA,2028-03-01,2028,-0.0032070770364797364
VITORIA,2028-04-01,2028,-0.0031806011537768054
VITORIA,2028-05-01,2028,-0.002746416955165061
VITORIA,2028-06-01,2028,-0.0028906295986430154
VITORIA,2028-07-01,2028,-0.00293044614033935
VITORIA,2028-08-01,2028,-0.002491028116746047
VITORIA,2028-09-01,2028,-0.0027796775841806144
VITORIA,2028-10-01,2028,-0.0025096094549633984
VITORIA,2028-11-01,2028,-0.0020168901799104575
VITORIA,2028-12-01,2028,-0.002159224235945736
VITORIA,2029-01-01,2029,-0.0019126560646145795
VITORIA,2029-02-01,2029,-0.0016989189665555017
VITORIA,2029-03-01,2029,-0.0011926792418095866
VITORIA,2029-04-01,2029,-0.0010401303232017633
VITORIA,2029-05-01,2029,-0.0008845933187830635
VITORIA,2029-06-01,2029,-0.0008018788658326636
VITORIA,2029-07-01,2029,-0.0009098992925123428
VITORIA,2029-08-01,2029,-0.0005230428917458596
VITORIA,2029-09-01,2029,-0.00041478205795940083
VITORIA,2029-10-01,2029,-0.0005272089818682413
VITORIA,2029-11-01,2029,-0.00028328160652636546
VITORIA,2029-12-01,2029,-0.0005007623239096847
VITORIA,2030-01-01,2030,-0.000745436696601679
VITORIA,2030-02-01,2030,-0.0005781843732201708
VITORIA,2030-03-01,2030,-0.0005549021851037028
VITORIA,2030-04-01,2030,-0.0009113477897493194
VITORIA,2030-05-01,2030,-0.0011602252591984153
VITORIA,2030-06-01,2030,-0.0012076367451009295
VITORIA,2030-07-01,2030,-0.0010117783513655355
VITORIA,2030-08-01,2030,-0.0014269298681056997
VITORIA,2030-09-01,2030,-0.0016776902273451856
VITORIA,2030-10-01,2030,-0.0018610668305424482
VITORIA,2030-11-01,2030,-0.001953537539706134
VITORIA,2030-12-01,2030,-0.0020153887663485926
VITORIA,2031-01-01,2031,-0.0018612378946123887
VITORIA,2031-02-01,2031,-0.0020068234179732515
VITORIA,2031-03-01,2031,-0.002831764874152093
VITORIA,2031-04-01,2031,-0.003133169522562824
VITORIA,2031-05-01,2031,-0.0026599595453928237
VITORIA,2031-06-01,2031,-0.00259080230910921
VITORIA,2031-07-01,2031,-0.002741527601350522
VITORIA,2031-08-01,2031,-0.0028796348610305024
VITORIA,2031-09-01,2031,-0.0028922596100680042
VITORIA,2031-10-01,2031,-0.003422175711570127
VITORIA,2031-11-01,2031,-0.0035320287665436966
VITORIA,2031-12-01,2031,-0.0035005144012920974
VITORIA,2032-01-01,2032,-0.003233931238443063
VITORIA,2032-02-01,2032,-0.002991296550499296
VITORIA,2032-03-01,2032,-0.0031048202837813343
VITORIA,2032-04-01,2032,-0.002979167467716902
VITORIA,2032-05-01,2032,-0.002975502291229053
VITORIA,2032-06-01,2032,-0.002802033286918544
VITORIA,2032-07-01,2032,-0.0028443708803420186
VITORIA,2032-08-01,2032,-0.0027765014873042814
VITORIA,2032-09-01,2032,-0.002215787350843853
VITORIA,2032-10-01,2032,-0.0018435544519894175
VITORIA,2032-11-01,2032,-0.0023635704625027064
VITORIA,2032-12-01,2032,-0.0030707228701233446
VITORIA,2033-01-01,2033,-0.0031155645513334562
VITORIA,2033-02-01,2033,-0.0026738089138473443
VITORIA,2033-03-01,2033,-0.0022314555340005025
VITORIA,2033-04-01,2033,-0.002065077417380218
VITORIA,2033-05-01,2033,-0.0024664407295741132
VITORIA,2033-06-01,2033,-0.0020450880208682963
VITORIA,2033-07-01,2033,-0.001889324637430274
VITORIA,2033-08-01,2033,-0.0015698466925055299
VITORIA,2033-09-01,2033,-0.0014497177424323694
VITORIA,2033-10-01,2033,-0.0014121934522971758
VITORIA,2033-11-01,2033,-0.0010528135425595087
VITORIA,2033-12-01,2033,-0.001342745958987589
VITORIA,2034-01-01,2034,-0.0016921831478012284
VITORIA,2034-02-01,2034,-0.002415571588120551
VITORIA,2034-03-01,2034,-0.002670257131657533
VITORIA,2034-04-01,2034,-0.003086175152084223
VITORIA,2034-05-01,2034,-0.0031307794336306203
VITORIA,2034-06-01,2034,-0.003118928501326602
VITORIA,2034-07-01,2034,-0.003010672205939832
VITORIA,2034-08-01,2034,-0.0027010657882803736
VITORIA,2034-09-01,2034,-0.002855786615986372
VITORIA,2034-10-01,2034,-0.0029715549127467076
VITORIA,2034-11-01,2034,-0.003099757456743305
VITORIA,2034-12-01,2034,-0.002811550789113273
VITORIA,2035-01-01,2035,-0.0028760143138070516
VITORIA,2035-02-01,2035,-0.003104945706250277
VITORIA,2035-03-01,2035,-0.003374366198371701
VITORIA,2035-04-01,2035,-0.00302077440160647
VITORIA,2035-05-01,2035,-0.002591882242349636
VITORIA,2035-06-01,2035,-0.002518751048694695
VITORIA,2035-07-01,2035,-0.003136252369148171
VITORIA,2035-08-01,2035,-0.003139362812232017
VITORIA,2035-09-01,2035,-0.002855281833596536
VITORIA,2035-10-01,2035,-0.002765148853422569
VITORIA,2035-11-01,2035,-0.0026868154430780868
VITORIA,2035-12-01,2035,-0.0025277609765728504
VITORIA,2036-01-01,2036,-0.0025782145832612302
VITORIA,2036-02-01,2036,-0.002574543263994393
VITORIA,2036-03-01,2036,-0.002534921638108573
VITORIA,2036-04-01,2036,-0.0022933063958244927
VITORIA,2036-05-01,2036,-0.0017395939276040272
VITORIA,2036-06-01,2036,-0.0016450881384747296
VITORIA,2036-07-01,2036,-0.0016670809649722961
VITORIA,2036-08-01,2036,-0.0017104083222792066
VITORIA,2036-09-01,2036,-0.0015634322317051063
VITORIA,2036-10-01,2036,-0.0016832388878729942
VITORIA,2036-11-01,2036,-0.0016089238010025232
VITORIA,2036-12-01,2036,-0.0019285176670461202
VITORIA,2037-01-01,2037,-0.0023466131896318796
VITORIA,2037-02-01,2037,-0.0022194860830923703
VITORIA,2037-03-01,2037,-0.0020555066426072087
VITORIA,2037-04-01,2037,-0.002030129006923065
VITORIA,2037-05-01,2037,-0.0023460056270094352
VITORIA,2037-06-01,2037,-0.002586857301684431
VITORIA,2037-07-01,2037,-0.002438950886688551
VITORIA,2037-08-01,2037,-0.0024250330959008828
VITORIA,2037-09-01,2037,-0.0022861500245036437
VITORIA,2037-10-01,2037,-0.0022489980844040756
VITORIA,2037-11-01,2037,-0.002354002695098003
VITORIA,2037-12-01,2037,-0.0022034253919526094
VITORIA,2038-01-01,2038,-0.0018865744370873394
VITORIA,2038-02-01,2038,-0.0017309025114239872
VITORIA,2038-03-01,2038,-0.0017170849578148394
VITORIA,2038-04-01,2038,-0.00208688949247072
VITORIA,2038-05-01,2038,-0.0018693721981702571
VITORIA,2038-06-01,2038,-0.001953608546587713
VITORIA,2038-07-01,2038,-0.002108604086927107
VITORIA,2038-08-01,2038,-0.002079357887442296
VITORIA,2038-09-01,2038,-0.0018431554769336046
VITORIA,2038-10-01,2038,-0.0018428329854623183
VITORIA,2038-11-01,2038,-0.0020678635486080345
VITORIA,2038-12-01,2038,-0.0016958495282306052
VITORIA,2039-01-01,2039,-0.0016052737469041988
VITORIA,2039-02-01,2039,-0.0015950432006487248
VITORIA,2039-03-01,2039,-0.0015312317655930318
VITORIA,2039-04-01,2039,-0.0014474577839122837
VITORIA,2039-05-01,2039,-0.0010566487501918631
VITORIA,2039-06-01,2039,-0.001118359495409802
VITORIA,2039-07-01,2039,-0.0010788963698539222
VITORIA,2039-08-01,2039,-0.0011186833165164778
VITORIA,2039-09-01,2039,-0.0010946900174698714
VITORIA,2039-10-01,2039,-0.0012468849793933457
VITORIA,2039-11-01,2039,-0.0017953197877565886
VITORIA,2039-12-01,2039,-0.0018030927033341137
